method,file,cell_type,n_nodes,accuracy,neurite_macro_f1
neurom_rf,allen__H16.03.006.01.03.04_537313600.swc,pyramidal,25936,0.9353,0.9189
neurom_rf,allen__H16.03.008.11.11.02_542137330.swc,pyramidal,8238,0.8631,0.8552
neurom_rf,allen__H16.06.004.01.04.03_508282493.swc,pyramidal,10880,0.9472,0.9270
neurom_rf,allen__H16.06.010.01.01.10.02_529898751.swc,pyramidal,22644,0.7170,0.5653
neurom_rf,allen__H17.03.002.11.04.04_569844159.swc,pyramidal,5107,0.8052,0.8541
neurom_rf,allen__H17.03.010.11.13.06_601958555.swc,pyramidal,10449,0.8576,0.8781
neurom_rf,allen__H17.06.005.12.15.04_571471295.swc,pyramidal,17244,0.9234,0.7599
neurom_rf,allen__H17.06.005.12.16.03_571527806.swc,pyramidal,8165,0.8686,0.7390
neurom_rf,allen__H17.06.005.13.05.06_571500474.swc,pyramidal,5576,0.8868,0.9089
neurom_rf,allen__H17.06.006.11.08.02_571624532.swc,pyramidal,26161,0.9584,0.9075
neurom_rf,hpf_ca1__201983_012_edited.swc,pyramidal,9410,0.9374,0.8946
neurom_rf,hpf_ca1__201990_029_edited.swc,pyramidal,74990,0.9868,0.9141
neurom_rf,hpf_ca1__202217_014_edited.swc,pyramidal,31115,0.9624,0.8499
neurom_rf,hpf_ca1__202217_020_edited.swc,pyramidal,33093,0.9727,0.8546
neurom_rf,hpf_ca1__202217_022_edited.swc,pyramidal,13624,0.8900,0.7216
neurom_rf,hpf_ca1__202217_023_edited.swc,pyramidal,16882,0.9462,0.8702
neurom_rf,hpf_ca1__202219_002_edited.swc,pyramidal,18678,0.9553,0.8880
neurom_rf,hpf_ca1__202219_010_edited.swc,pyramidal,31281,0.9748,0.8791
neurom_rf,hpf_ca1__202219_020_edited.swc,pyramidal,47591,0.9492,0.7805
neurom_rf,hpf_ca1__202219_028_edited.swc,pyramidal,81215,0.9366,0.6720
neurom_rf,hpf_ca1__202219_031_edited.swc,pyramidal,15259,0.9339,0.7811
neurom_rf,hpf_ca1__202220_077_edited.swc,pyramidal,29822,0.9111,0.6839
neurom_rf,hpf_ca1__202224_002_edited.swc,pyramidal,3065,0.5051,0.5061
neurom_rf,hpf_ca1__202224_005_edited.swc,pyramidal,15471,0.6180,0.5762
neurom_rf,hpf_ca1__202225_004_edited.swc,pyramidal,44311,0.9690,0.8708
neurom_rf,hpf_ca1__202226_005_edited.swc,pyramidal,30905,0.9809,0.8823
neurom_rf,hpf_ca1__202226_012_edited.swc,pyramidal,30380,0.9325,0.8435
neurom_rf,hpf_ca1__202230_009_edited.swc,pyramidal,20282,0.8797,0.6953
neurom_rf,hpf_ca1__202230_010_edited.swc,pyramidal,23971,0.9682,0.8915
neurom_rf,hpf_ca1__202232_020_edited.swc,pyramidal,22249,0.9872,0.9463
neurom_rf,hpf_ca1__202232_022_edited.swc,pyramidal,118347,0.9962,0.9432
neurom_rf,hpf_ca1__202232_069_edited.swc,pyramidal,14507,0.9358,0.8317
neurom_rf,hpf_ca1__202232_071_edited.swc,pyramidal,16712,0.9910,0.9716
neurom_rf,hpf_ca1__202233_010_edited.swc,pyramidal,89353,0.9863,0.9289
neurom_rf,hpf_ca1__202233_014_edited.swc,pyramidal,21401,0.9841,0.9543
neurom_rf,hpf_ca1__202234_014_edited.swc,pyramidal,13715,0.9565,0.8739
neurom_rf,hpf_ca1__202234_019_edited.swc,pyramidal,32901,0.9577,0.8199
neurom_rf,hpf_ca1__202234_026_edited.swc,pyramidal,105116,0.9919,0.8537
neurom_rf,hpf_ca1__202237_014_edited.swc,pyramidal,82589,0.9878,0.9069
neurom_rf,hpf_ca1__202237_022_edited.swc,pyramidal,37107,0.9897,0.9519
neurom_rf,hpf_ca1__202237_028_edited.swc,pyramidal,29490,0.9766,0.8486
neurom_rf,hpf_ca1__202237_030_edited.swc,pyramidal,37085,0.9799,0.8000
neurom_rf,hpf_ca1__202237_148_edited.swc,pyramidal,20025,0.9298,0.7547
neurom_rf,hpf_ca1__202237_155_edited.swc,pyramidal,48853,0.9878,0.8931
neurom_rf,hpf_ca1__202238_010_edited.swc,pyramidal,40434,0.9875,0.9066
neurom_rf,hpf_ca1__202238_011_edited.swc,pyramidal,31386,0.9898,0.9441
neurom_rf,hpf_ca1__202238_016_edited.swc,pyramidal,19790,0.9763,0.9033
neurom_rf,hpf_ca1__202238_020_edited.swc,pyramidal,57572,0.9898,0.8960
neurom_rf,hpf_ca1__202238_037_edited.swc,pyramidal,30131,0.9652,0.8483
neurom_rf,hpf_ca1__202239_001_edited.swc,pyramidal,102203,0.9211,0.6758
neurom_rf,hpf_ca1__202239_002_edited.swc,pyramidal,53262,0.9563,0.7158
neurom_rf,hpf_ca1__202239_003_edited.swc,pyramidal,66236,0.9315,0.5916
neurom_rf,hpf_ca1__202240_013_edited.swc,pyramidal,61254,0.9766,0.8775
neurom_rf,hpf_ca1__202240_017_edited.swc,pyramidal,41036,0.9427,0.6967
neurom_rf,hpf_ca1__202240_021_edited.swc,pyramidal,18234,0.9532,0.8680
neurom_rf,hpf_ca1__202240_038_edited.swc,pyramidal,33672,0.9800,0.9271
neurom_rf,hpf_ca1__202240_041_edited.swc,pyramidal,56404,0.9167,0.8062
neurom_rf,hpf_ca1__202241_005_edited.swc,pyramidal,22133,0.9639,0.8431
neurom_rf,hpf_ca1__202241_012_edited.swc,pyramidal,12322,0.9467,0.8781
neurom_rf,hpf_ca1__202242_002_edited.swc,pyramidal,29425,0.9034,0.7596
neurom_rf,hpf_ca1__202242_004_edited.swc,pyramidal,11334,0.9239,0.8385
neurom_rf,hpf_ca1__202242_006_edited.swc,pyramidal,25594,0.8520,0.6922
neurom_rf,hpf_ca1__202243_005_edited.swc,pyramidal,31496,0.9343,0.6958
neurom_rf,hpf_ca1__202243_010_edited.swc,pyramidal,20445,0.8501,0.6947
neurom_rf,hpf_ca1__202243_015_edited.swc,pyramidal,6058,0.7635,0.7521
neurom_rf,hpf_ca1__202244_004_edited.swc,pyramidal,18757,0.9100,0.7411
neurom_rf,hpf_ca1__202244_005_edited.swc,pyramidal,16774,0.9395,0.8624
neurom_rf,hpf_ca1__202244_019_edited.swc,pyramidal,2467,0.6498,0.5588
neurom_rf,hpf_ca1__202246_001_edited.swc,pyramidal,32941,0.7232,0.5397
neurom_rf,hpf_ca1__202246_024_edited.swc,pyramidal,61272,0.9137,0.7116
neurom_rf,hpf_ca1__202246_025_edited.swc,pyramidal,31673,0.9637,0.8539
neurom_rf,hpf_ca1__202248_016_edited.swc,pyramidal,14839,0.9836,0.9489
neurom_rf,hpf_ca1__202248_022_edited.swc,pyramidal,13308,0.9597,0.8949
neurom_rf,hpf_ca1__202248_024_edited.swc,pyramidal,24732,0.9582,0.8595
neurom_rf,hpf_ca1__202249_008_edited.swc,pyramidal,24715,0.9735,0.8631
neurom_rf,hpf_ca1__202250_004_edited.swc,pyramidal,30531,0.9789,0.8881
neurom_rf,hpf_ca1__202252_002_edited.swc,pyramidal,25003,0.7933,0.5011
neurom_rf,hpf_ca1__202252_010_edited.swc,pyramidal,11173,0.9355,0.8469
neurom_rf,hpf_ca1__202258_033_edited.swc,pyramidal,32563,0.9479,0.7434
neurom_rf,hpf_ca1__202259_054_edited.swc,pyramidal,26126,0.9812,0.8603
neurom_rf,hpf_ca1__202259_063_edited.swc,pyramidal,85190,0.9791,0.8012
neurom_rf,hpf_ca1__202259_070_edited.swc,pyramidal,55269,0.9843,0.8834
neurom_rf,hpf_ca1__202259_079_edited.swc,pyramidal,54665,0.9795,0.7492
neurom_rf,hpf_ca1__202259_108_edited.swc,pyramidal,37319,0.9784,0.8769
neurom_rf,hpf_ca1__202261_006_edited.swc,pyramidal,48601,0.9814,0.8719
neurom_rf,hpf_ca1__202261_023_edited.swc,pyramidal,38659,0.9772,0.8121
neurom_rf,hpf_ca1__202261_116_edited.swc,pyramidal,27094,0.8449,0.7049
neurom_rf,hpf_ca1__202264_036_edited.swc,pyramidal,45110,0.9859,0.9157
neurom_rf,hpf_ca1__202266_009_edited.swc,pyramidal,37480,0.9884,0.9371
neurom_rf,hpf_ca1__202271_141_edited.swc,pyramidal,64088,0.8758,0.6893
neurom_rf,hpf_ca1__202271_146_edited.swc,pyramidal,15617,0.9771,0.9283
neurom_rf,hpf_ca1__202271_179_edited.swc,pyramidal,22142,0.7928,0.7545
neurom_rf,hpf_ca1__202272_102_edited.swc,pyramidal,43119,0.9919,0.9581
neurom_rf,hpf_ca1__202273_055_edited.swc,pyramidal,41730,0.9570,0.7444
neurom_rf,hpf_ca1__202274_087_edited.swc,pyramidal,20785,0.9671,0.8758
neurom_rf,hpf_ca1__202274_093_edited.swc,pyramidal,35235,0.9936,0.9626
neurom_rf,hpf_ca1__202274_126_edited.swc,pyramidal,8387,0.7530,0.6577
neurom_rf,hpf_ca1__202392_001_edited.swc,pyramidal,34301,0.9919,0.9360
neurom_rf,hpf_ca1__202392_002_edited.swc,pyramidal,62170,0.9835,0.8629
neurom_rf,hpf_ca1__202393_002_edited.swc,pyramidal,59225,0.9881,0.9241
neurom_rf,hpf_ca1__202396_035_edited.swc,pyramidal,48891,0.9876,0.9017
neurom_rf,hpf_ca1__202396_051_edited.swc,pyramidal,44449,0.9822,0.9077
neurom_rf,hpf_ca1__202396_173_edited.swc,pyramidal,75572,0.9718,0.7896
neurom_rf,hpf_ca1__202396_184_edited.swc,pyramidal,45900,0.9887,0.9251
neurom_rf,hpf_ca1__202399_012_edited.swc,pyramidal,47774,0.9937,0.9630
neurom_rf,hpf_ca1__202400_008_edited.swc,pyramidal,18099,0.9786,0.9235
neurom_rf,hpf_ca1__202400_018_edited.swc,pyramidal,74049,0.9718,0.7742
neurom_rf,hpf_ca1__202400_033_edited.swc,pyramidal,66082,0.9798,0.8308
neurom_rf,hpf_ca1__202400_049_edited.swc,pyramidal,14459,0.9785,0.9422
neurom_rf,hpf_ca1__202400_117_edited.swc,pyramidal,21137,0.9603,0.8422
neurom_rf,hpf_ca1__202401_144_edited.swc,pyramidal,50041,0.9843,0.9141
neurom_rf,hpf_ca1__202401_205_edited.swc,pyramidal,68375,0.9604,0.7758
neurom_rf,hpf_ca1__202401_229_edited.swc,pyramidal,63673,0.9871,0.8981
neurom_rf,hpf_ca1__202402_015_edited.swc,pyramidal,40277,0.9759,0.8520
neurom_rf,hpf_ca1__202402_016_edited.swc,pyramidal,15991,0.9792,0.9459
neurom_rf,hpf_ca1__202402_025_edited.swc,pyramidal,52984,0.9908,0.9118
neurom_rf,hpf_ca1__202402_054_edited.swc,pyramidal,42176,0.9586,0.8050
neurom_rf,hpf_ca1__202403_125_edited.swc,pyramidal,85402,0.9885,0.9111
neurom_rf,hpf_ca1__202403_126_edited.swc,pyramidal,104418,0.9934,0.9538
neurom_rf,hpf_ca1__202403_129_edited.swc,pyramidal,119979,0.9733,0.7892
neurom_rf,hpf_ca1__202404_038_edited.swc,pyramidal,95209,0.9290,0.6043
neurom_rf,hpf_ca1__202404_041_edited.swc,pyramidal,53487,0.9640,0.8439
neurom_rf,hpf_ca1__202409_001_edited.swc,pyramidal,60887,0.9406,0.6198
neurom_rf,hpf_ca1__202409_003_edited.swc,pyramidal,23409,0.8921,0.8090
neurom_rf,hpf_ca1__202410_002_edited.swc,pyramidal,27576,0.7924,0.6963
neurom_rf,hpf_ca1__202410_008_edited.swc,pyramidal,18551,0.9109,0.7875
neurom_rf,hpf_ca1__202410_011_edited.swc,pyramidal,46236,0.9560,0.6960
neurom_rf,hpf_ca1__202410_017_edited.swc,pyramidal,26447,0.9259,0.8711
neurom_rf,hpf_ca1__202411_004_edited.swc,pyramidal,17173,0.8745,0.6478
neurom_rf,hpf_ca1__202411_007_edited.swc,pyramidal,18419,0.9128,0.6961
neurom_rf,hpf_ca1__202412_006_edited.swc,pyramidal,9590,0.9666,0.9277
neurom_rf,hpf_ca1__202412_007_edited.swc,pyramidal,78218,0.9916,0.8924
neurom_rf,hpf_ca1__202412_009_edited.swc,pyramidal,36311,0.9901,0.9241
neurom_rf,hpf_ca1__202412_013_edited.swc,pyramidal,38894,0.9886,0.9034
neurom_rf,hpf_ca1__202413_061_edited.swc,pyramidal,77986,0.9841,0.8074
neurom_rf,hpf_ca1__202414_008_edited.swc,pyramidal,81211,0.9726,0.7731
neurom_rf,hpf_ca1__202414_260_edited.swc,pyramidal,31302,0.9248,0.6944
neurom_rf,hpf_ca1__202414_448_edited.swc,pyramidal,98179,0.9891,0.8780
neurom_rf,hpf_ca1__202414_533_edited.swc,pyramidal,90455,0.9822,0.8684
neurom_rf,hpf_ca1__202414_540_edited.swc,pyramidal,62719,0.9711,0.8365
neurom_rf,hpf_ca1__202415_026_edited.swc,pyramidal,81121,0.9961,0.9417
neurom_rf,hpf_ca1__202415_035_edited.swc,pyramidal,39108,0.9883,0.9020
neurom_rf,hpf_ca1__202417_006_edited.swc,pyramidal,36956,0.9605,0.8489
neurom_rf,hpf_ca1__202417_047_edited.swc,pyramidal,12723,0.9491,0.8884
neurom_rf,hpf_ca1__202422_010_edited.swc,pyramidal,15440,0.9639,0.8995
neurom_rf,hpf_ca1__202423_003_edited.swc,pyramidal,62691,0.9840,0.8535
neurom_rf,hpf_ca1__202423_004_edited.swc,pyramidal,31408,0.9840,0.9370
neurom_rf,hpf_ca1__202423_009_edited.swc,pyramidal,48791,0.9922,0.9374
neurom_rf,hpf_ca1__202423_013_edited.swc,pyramidal,45777,0.9862,0.8737
neurom_rf,hpf_ca1__202423_018_edited.swc,pyramidal,12551,0.9786,0.9470
neurom_rf,hpf_ca1__202423_033_edited.swc,pyramidal,59489,0.9836,0.8395
neurom_rf,hpf_ca1__202426_023_edited.swc,pyramidal,21107,0.6847,0.6646
neurom_rf,hpf_ca1__202426_024_edited.swc,pyramidal,17150,0.8682,0.6686
neurom_rf,hpf_ca1__202426_025_edited.swc,pyramidal,29420,0.9322,0.7463
neurom_rf,hpf_ca1__202426_026_edited.swc,pyramidal,17563,0.9224,0.8057
neurom_rf,hpf_ca1__202426_044_edited.swc,pyramidal,62280,0.9681,0.7915
neurom_rf,hpf_ca1__202426_054_edited.swc,pyramidal,31714,0.8660,0.6434
neurom_rf,hpf_ca1__202426_055_edited.swc,pyramidal,104139,0.9878,0.8984
neurom_rf,hpf_ca1__202426_098_edited.swc,pyramidal,45169,0.9837,0.8807
neurom_rf,hpf_ca1__202426_132_edited.swc,pyramidal,64236,0.9873,0.9171
neurom_rf,hpf_ca1__202427_048_edited.swc,pyramidal,51550,0.9858,0.9296
neurom_rf,hpf_ca1__202427_096_edited.swc,pyramidal,3506,0.8916,0.8581
neurom_rf,hpf_ca1__202427_143_edited.swc,pyramidal,84679,0.9780,0.7426
neurom_rf,hpf_ca1__202428_004_edited.swc,pyramidal,41485,0.9561,0.7720
neurom_rf,hpf_ca1__202428_037_edited.swc,pyramidal,42644,0.9273,0.6500
neurom_rf,hpf_ca1__202461_009_edited.swc,pyramidal,55879,0.9594,0.5676
neurom_rf,hpf_ca1__202461_027_edited.swc,pyramidal,51205,0.9644,0.8206
neurom_rf,hpf_ca1__202497_009_edited.swc,pyramidal,66021,0.9897,0.9118
neurom_rf,hpf_ca1__202497_020_edited.swc,pyramidal,32754,0.9813,0.9295
neurom_rf,hpf_ca1__202497_022_edited.swc,pyramidal,43240,0.9871,0.9235
neurom_rf,hpf_ca1__202498_003_edited.swc,pyramidal,32575,0.9878,0.8936
neurom_rf,hpf_ca1__202498_021_edited.swc,pyramidal,51862,0.9387,0.6214
neurom_rf,hpf_ca1__202499_016_edited.swc,pyramidal,34267,0.9915,0.9424
neurom_rf,hpf_ca1__202499_017_edited.swc,pyramidal,22802,0.9757,0.9050
neurom_rf,hpf_ca1__202499_020_edited.swc,pyramidal,48925,0.9833,0.8716
neurom_rf,hpf_ca1__202500_003_edited.swc,pyramidal,58304,0.9896,0.9169
neurom_rf,hpf_ca1__202500_006_edited.swc,pyramidal,26976,0.9828,0.9201
neurom_rf,hpf_ca1__202500_007_edited.swc,pyramidal,37389,0.9934,0.9429
neurom_rf,hpf_ca1__202501_017_edited.swc,pyramidal,48046,0.9944,0.9447
neurom_rf,hpf_ca1__202501_019_edited.swc,pyramidal,48560,0.9882,0.9042
neurom_rf,hpf_ca1__202503_021_edited.swc,pyramidal,79598,0.9928,0.9437
neurom_rf,hpf_ca1__202503_024_edited.swc,pyramidal,95221,0.9817,0.8250
neurom_rf,hpf_ca1__202503_036_edited.swc,pyramidal,51159,0.9891,0.9210
neurom_rf,hpf_ca1__202506_008_edited.swc,pyramidal,45733,0.9893,0.8842
neurom_rf,hpf_ca1__202506_039_edited.swc,pyramidal,66475,0.9959,0.9389
neurom_rf,hpf_ca1__202508_003_edited.swc,pyramidal,46711,0.9683,0.7996
neurom_rf,hpf_ca1__202508_010_edited.swc,pyramidal,53598,0.9751,0.7831
neurom_rf,hpf_ca1__202544_027_edited.swc,pyramidal,99432,0.9893,0.8627
neurom_rf,hpf_ca1__202567_002_edited.swc,pyramidal,31583,0.8999,0.7374
neurom_rf,hpf_ca1__202567_006_edited.swc,pyramidal,15168,0.9183,0.7761
neurom_rf,hpf_ca1__202567_011_edited.swc,pyramidal,19332,0.6706,0.5336
neurom_rf,hpf_ca1__202664_003_edited.swc,pyramidal,16562,0.9458,0.8405
neurom_rf,hpf_ca1__202666_014_edited.swc,pyramidal,12210,0.9353,0.8728
neurom_rf,hpf_ca1__202668_014_edited.swc,pyramidal,16138,0.9568,0.8308
neurom_rf,hpf_ca1__202668_018_edited.swc,pyramidal,19906,0.7724,0.7714
neurom_rf,hpf_ca1__202668_019_edited.swc,pyramidal,29031,0.9782,0.8353
neurom_rf,hpf_ca1__202668_023_edited.swc,pyramidal,17879,0.7773,0.6306
neurom_rf,hpf_ca1__202669_007_edited.swc,pyramidal,36337,0.9530,0.6829
neurom_rf,hpf_ca1__202669_010_edited.swc,pyramidal,70004,0.9411,0.7486
neurom_rf,hpf_ca1__202669_011_edited.swc,pyramidal,47086,0.9440,0.7278
neurom_rf,hpf_ca1__202669_013_edited.swc,pyramidal,20572,0.9249,0.8762
neurom_rf,hpf_ca1__202669_017_edited.swc,pyramidal,28523,0.9707,0.8260
neurom_rf,hpf_ca1__202674_003_edited.swc,pyramidal,17479,0.7075,0.6691
neurom_rf,hpf_ca1__202674_009_edited.swc,pyramidal,26981,0.9646,0.8827
neurom_rf,hpf_ca1__202674_013_edited.swc,pyramidal,58379,0.9540,0.7664
neurom_rf,hpf_ca1__202674_035_edited.swc,pyramidal,45387,0.8521,0.8031
neurom_rf,hpf_ca1__202679_007_edited.swc,pyramidal,87405,0.9403,0.6807
neurom_rf,hpf_ca1__202679_024_edited.swc,pyramidal,22117,0.9576,0.8081
neurom_rf,hpf_ca1__202679_026_edited.swc,pyramidal,23480,0.9463,0.8528
neurom_rf,hpf_ca1__202680_005_edited.swc,pyramidal,43095,0.9781,0.8418
neurom_rf,hpf_ca1__202680_013_edited.swc,pyramidal,16285,0.9459,0.8570
neurom_rf,hpf_ca1__202680_015_edited.swc,pyramidal,16893,0.9205,0.8148
neurom_rf,hpf_ca1__202680_018_edited.swc,pyramidal,30856,0.9697,0.8922
neurom_rf,hpf_ca1__202680_025_edited.swc,pyramidal,43293,0.9250,0.8990
neurom_rf,hpf_ca1__202680_030_edited.swc,pyramidal,27997,0.9281,0.8062
neurom_rf,hpf_ca1__202680_031_edited.swc,pyramidal,20275,0.8800,0.7276
neurom_rf,hpf_ca1__202681_018_edited.swc,pyramidal,12527,0.9658,0.8970
neurom_rf,hpf_ca1__202682_004_edited.swc,pyramidal,56403,0.9113,0.6655
neurom_rf,hpf_ca1__202682_007_edited.swc,pyramidal,13300,0.9788,0.9381
neurom_rf,hpf_ca1__202682_014_edited.swc,pyramidal,18206,0.9732,0.9060
neurom_rf,hpf_ca1__202682_015_edited.swc,pyramidal,38863,0.9544,0.8719
neurom_rf,hpf_ca1__202682_018_edited.swc,pyramidal,18449,0.9677,0.8934
neurom_rf,hpf_ca1__202682_019_edited.swc,pyramidal,13959,0.9747,0.9251
neurom_rf,hpf_ca1__202803_002_edited.swc,pyramidal,58789,0.9788,0.8601
neurom_rf,hpf_ca1__202807_027_edited.swc,pyramidal,100541,0.9865,0.8710
neurom_rf,hpf_ca1__202807_028_edited.swc,pyramidal,38279,0.9364,0.6978
neurom_rf,hpf_ca1__202809_005_edited.swc,pyramidal,42184,0.9689,0.8476
neurom_rf,hpf_ca1__202829_024_edited.swc,pyramidal,13498,0.8997,0.7929
neurom_rf,hpf_ca1__202829_027_edited.swc,pyramidal,18712,0.9554,0.8770
neurom_rf,hpf_ca1__202829_049_edited.swc,pyramidal,46877,0.9610,0.8280
neurom_rf,hpf_ca1__202829_085_edited.swc,pyramidal,53935,0.9475,0.7382
neurom_rf,hpf_ca1__202829_091_edited.swc,pyramidal,20396,0.9638,0.9050
neurom_rf,hpf_ca1__202829_094_edited.swc,pyramidal,20062,0.9339,0.7301
neurom_rf,hpf_ca1__202829_110_edited.swc,pyramidal,14780,0.9402,0.8208
neurom_rf,hpf_ca1__202831_005_edited.swc,pyramidal,54898,0.9088,0.7086
neurom_rf,hpf_ca1__210009_021_edited.swc,pyramidal,19813,0.9417,0.8070
neurom_rf,hpf_ca1__210009_025_edited.swc,pyramidal,31946,0.9514,0.7773
neurom_rf,hpf_ca1__210013_013_edited.swc,pyramidal,53050,0.9708,0.5874
neurom_rf,hpf_ca1__210014_017_edited.swc,pyramidal,62516,0.9690,0.7094
neurom_rf,hpf_ca1__210014_024_edited.swc,pyramidal,56052,0.9766,0.6962
neurom_rf,hpf_ca1__210014_033_edited.swc,pyramidal,73147,0.9889,0.8835
neurom_rf,hpf_ca1__210014_035_edited.swc,pyramidal,22812,0.9563,0.8020
neurom_rf,hpf_ca1__210014_050_edited.swc,pyramidal,25357,0.9457,0.7809
neurom_rf,hpf_ca1__210014_061_edited.swc,pyramidal,45975,0.9395,0.7850
neurom_rf,hpf_ca1__210014_069_edited.swc,pyramidal,17111,0.9365,0.7263
neurom_rf,hpf_ca1__210014_070_edited.swc,pyramidal,12944,0.9010,0.7303
neurom_rf,hpf_ca1__210107_014_edited.swc,pyramidal,25819,0.9427,0.8243
neurom_rf,hpf_ca1__210107_018_edited.swc,pyramidal,19372,0.9598,0.8876
neurom_rf,hpf_ca1__210107_026_edited.swc,pyramidal,17838,0.9587,0.8457
neurom_rf,hpf_ca1__210107_029_edited.swc,pyramidal,12726,0.1286,0.3481
neurom_rf,hpf_ca1__210107_034_edited.swc,pyramidal,23453,0.9509,0.8347
neurom_rf,hpf_ca1__210107_053_edited.swc,pyramidal,15647,0.9415,0.8477
neurom_rf,hpf_ca1__210109_005_edited.swc,pyramidal,66088,0.9913,0.9216
neurom_rf,hpf_ca1__210109_012_edited.swc,pyramidal,24637,0.9644,0.8717
neurom_rf,hpf_ca1__210109_015_edited.swc,pyramidal,23982,0.9563,0.8618
neurom_rf,hpf_ca1__210109_025_edited.swc,pyramidal,16445,0.9276,0.7970
neurom_rf,hpf_ca1__210109_032_edited.swc,pyramidal,53443,0.9746,0.8309
neurom_rf,hpf_ca1__210110_003_edited.swc,pyramidal,26920,0.9660,0.8838
neurom_rf,hpf_ca1__210110_008_edited.swc,pyramidal,15109,0.9527,0.8501
neurom_rf,hpf_ca1__210110_013_edited.swc,pyramidal,19400,0.9538,0.8528
neurom_rf,hpf_ca1__210110_034_edited.swc,pyramidal,21694,0.9579,0.8368
neurom_rf,hpf_ca1__210110_047_edited.swc,pyramidal,12428,0.9263,0.8443
neurom_rf,hpf_ca1__210110_054_edited.swc,pyramidal,62732,0.9688,0.8524
neurom_rf,hpf_ca1__210110_057_edited.swc,pyramidal,26528,0.9491,0.8602
neurom_rf,hpf_ca1__210110_066_edited.swc,pyramidal,34730,0.8940,0.7996
neurom_rf,hpf_ca1__210111_011_edited.swc,pyramidal,30565,0.9579,0.7633
neurom_rf,hpf_ca1__210111_014_edited.swc,pyramidal,17850,0.9178,0.8068
neurom_rf,hpf_ca1__210111_016_edited.swc,pyramidal,25883,0.9608,0.8558
neurom_rf,hpf_ca1__210111_100_edited.swc,pyramidal,18638,0.9716,0.9246
neurom_rf,hpf_ca1__210111_161_edited.swc,pyramidal,23406,0.8413,0.7445
neurom_rf,hpf_ca1__210131_004_edited.swc,pyramidal,16567,0.9625,0.8984
neurom_rf,hpf_ca1__210131_005_edited.swc,pyramidal,16445,0.9524,0.9029
neurom_rf,hpf_ca1__210132_003_edited.swc,pyramidal,14079,0.9567,0.8871
neurom_rf,hpf_ca1__210248_017_edited.swc,pyramidal,31064,0.9338,0.8054
neurom_rf,hpf_ca1__210249_002_edited.swc,pyramidal,8538,0.9302,0.8678
neurom_rf,hpf_ca1__210249_005_edited.swc,pyramidal,29807,0.9490,0.7772
neurom_rf,hpf_ca1__210253_001_edited.swc,pyramidal,29412,0.9510,0.8255
neurom_rf,hpf_ca1__210253_028_edited.swc,pyramidal,46407,0.9652,0.8479
neurom_rf,hpf_ca1__210668_015_edited.swc,pyramidal,49748,0.9751,0.7984
neurom_rf,hpf_ca1__210669_016_edited.swc,pyramidal,19240,0.9232,0.7718
neurom_rf,hpf_ca1__210670_015_edited.swc,pyramidal,10400,0.9447,0.8615
neurom_rf,hpf_ca1__210670_019_edited.swc,pyramidal,32268,0.9408,0.7794
neurom_rf,hpf_ca1__210670_023_edited.swc,pyramidal,17822,0.9731,0.8887
neurom_rf,hpf_ca1__210670_030_edited.swc,pyramidal,64296,0.9703,0.7220
neurom_rf,hpf_ca1__210671_026_edited.swc,pyramidal,32120,0.9712,0.8648
neurom_rf,hpf_ca1__210671_033_edited.swc,pyramidal,30989,0.9781,0.8612
neurom_rf,hpf_ca1__210671_036_edited.swc,pyramidal,54496,0.9726,0.8169
neurom_rf,hpf_ca1__210671_037_edited.swc,pyramidal,16483,0.9495,0.8325
neurom_rf,hpf_ca1__210671_061_edited.swc,pyramidal,31839,0.9645,0.8497
neurom_rf,hpf_ca1__210671_062_edited.swc,pyramidal,65754,0.9830,0.8526
neurom_rf,hpf_ca1__210671_066_edited.swc,pyramidal,17967,0.9453,0.7720
neurom_rf,hpf_ca1__210698_006_edited.swc,pyramidal,5408,0.9318,0.9261
neurom_rf,hpf_ca1__210698_025_edited.swc,pyramidal,31047,0.8893,0.8460
neurom_rf,hpf_ca1__210700_004_edited.swc,pyramidal,10312,0.9497,0.8566
neurom_rf,hpf_ca1__210700_006_edited.swc,pyramidal,20808,0.9404,0.8247
neurom_rf,hpf_ca1__210701_011_edited.swc,pyramidal,46371,0.9260,0.7583
neurom_rf,hpf_ca1__210701_016_edited.swc,pyramidal,17884,0.9568,0.8409
neurom_rf,hpf_ca1__210701_018_edited.swc,pyramidal,12621,0.9561,0.8827
neurom_rf,hpf_ca1__210703_021_edited.swc,pyramidal,16838,0.9198,0.8708
neurom_rf,hpf_ca1__210703_025_edited.swc,pyramidal,22735,0.9482,0.7763
neurom_rf,hpf_ca1__210705_003_edited.swc,pyramidal,44365,0.9192,0.8093
neurom_rf,hpf_ca1__210705_006_edited.swc,pyramidal,7450,0.9530,0.9069
neurom_rf,hpf_ca1__210705_011_edited.swc,pyramidal,12317,0.8981,0.8056
neurom_rf,hpf_ca1__210711_018_edited.swc,pyramidal,22248,0.9687,0.9210
neurom_rf,hpf_ca1__210711_026_edited.swc,pyramidal,17814,0.9494,0.8331
neurom_rf,neuromorpho__02a_pyramidal2aFI.swc,pyramidal,1512,0.6706,0.6382
neurom_rf,neuromorpho__03b_pyramidal4aFI.swc,pyramidal,971,0.5314,0.3527
neurom_rf,neuromorpho__042315C_ECA.swc,pyramidal,9209,0.9119,0.8959
neurom_rf,neuromorpho__04b_pyramidal6aFI.swc,pyramidal,1038,0.7900,0.7819
neurom_rf,neuromorpho__05a_pyramidal10aACC.swc,pyramidal,716,0.4832,0.4751
neurom_rf,neuromorpho__060315A_ECA.swc,pyramidal,13811,0.9287,0.8777
neurom_rf,neuromorpho__061615B_ECA.swc,pyramidal,7911,0.8249,0.7789
neurom_rf,neuromorpho__062817B_VentralCA1.swc,pyramidal,8934,0.9031,0.8818
neurom_rf,neuromorpho__07b_pyramidal14aACC.swc,pyramidal,1116,0.9059,0.8080
neurom_rf,neuromorpho__081718A_DorsalCA1.swc,pyramidal,8636,0.8220,0.8171
neurom_rf,neuromorpho__092017A_ECA.swc,pyramidal,11121,0.8283,0.7381
neurom_rf,neuromorpho__092317A_ECA.swc,pyramidal,7204,0.9459,0.9458
neurom_rf,neuromorpho__1-ENU2-veichle-neuron3_2.swc,pyramidal,172,0.7035,0.6826
neurom_rf,neuromorpho__100A_3_r_Ngr2KO_2.swc,pyramidal,565,0.8619,0.6071
neurom_rf,neuromorpho__100A_3_r_Ngr2KO_4.swc,pyramidal,838,0.9057,0.8952
neurom_rf,neuromorpho__100C_2_r_Ngr2KO_1.swc,pyramidal,908,0.8921,0.8560
neurom_rf,neuromorpho__101A_1_r_Ngr2KO_3.swc,pyramidal,1000,0.8330,0.8118
neurom_rf,neuromorpho__101C_1_l_Ngr2KO_2.swc,pyramidal,1397,0.8547,0.8075
neurom_rf,neuromorpho__101C_1_r_Ngr2KO.swc,pyramidal,1315,0.7118,0.7096
neurom_rf,neuromorpho__10209c1.swc,pyramidal,1935,0.7432,0.6278
neurom_rf,neuromorpho__10223c4.swc,pyramidal,1944,0.6718,0.4788
neurom_rf,neuromorpho__1028ir2x-40x-NL.swc,pyramidal,3164,0.7585,0.6681
neurom_rf,neuromorpho__102A_4_r_Ngr2KO_1.swc,pyramidal,155,1.0000,1.0000
neurom_rf,neuromorpho__102B_1_l_Ngr2KO_2.swc,pyramidal,391,0.8593,0.8385
neurom_rf,neuromorpho__102B_1_l_Ngr2KO_4.swc,pyramidal,670,0.7851,0.7807
neurom_rf,neuromorpho__10315c1.swc,pyramidal,915,0.6940,0.5332
neurom_rf,neuromorpho__10331c1.swc,pyramidal,1597,0.8384,0.5893
neurom_rf,neuromorpho__103A_3_l_WT.swc,pyramidal,896,0.8940,0.8938
neurom_rf,neuromorpho__103D_2_r_WT_1.swc,pyramidal,426,0.9202,0.9110
neurom_rf,neuromorpho__104A_2_r_WT.swc,pyramidal,1029,0.8095,0.8507
neurom_rf,neuromorpho__10506c3.swc,pyramidal,3175,0.2888,0.3782
neurom_rf,neuromorpho__10507c1.swc,pyramidal,3315,0.4884,0.4299
neurom_rf,neuromorpho__105B_2_r_WT.swc,pyramidal,874,0.9291,0.9069
neurom_rf,neuromorpho__105E_4_l_WT_2.swc,pyramidal,625,0.6560,0.6507
neurom_rf,neuromorpho__1075-2-Sec6-LTL4.swc,pyramidal,1501,0.5636,0.3645
neurom_rf,neuromorpho__1086-2-Sec4-BSL1.swc,pyramidal,2926,0.8192,0.7736
neurom_rf,neuromorpho__1086-2-Sec6-BSL2.swc,pyramidal,849,0.7585,0.8625
neurom_rf,neuromorpho__1086-4-Sec2-LTL2.swc,pyramidal,2303,0.7699,0.7496
neurom_rf,neuromorpho__108A_1_r_WT_2.swc,pyramidal,639,0.3881,0.5065
neurom_rf,neuromorpho__108A_2_l_WT_1.swc,pyramidal,444,1.0000,1.0000
neurom_rf,neuromorpho__108A_2_l_WT_4.swc,pyramidal,325,0.3662,0.5339
neurom_rf,neuromorpho__108A_2_l_WT_6.swc,pyramidal,311,0.7363,0.6851
neurom_rf,neuromorpho__109A_1_r_Ngr2KO_2.swc,pyramidal,960,0.7948,0.7677
neurom_rf,neuromorpho__109C_1_r_Ngr2KO_1.swc,pyramidal,678,0.9115,0.9113
neurom_rf,neuromorpho__109F_1_l_Ngr2KO_2.swc,pyramidal,942,0.9246,0.9098
neurom_rf,neuromorpho__10month-Arctic-44-LR_1.swc,pyramidal,418,0.9258,0.9614
neurom_rf,neuromorpho__10month-Arctic-44-LR_2.swc,pyramidal,458,0.9301,0.9637
neurom_rf,neuromorpho__10month-Arctic-45-N_2.swc,pyramidal,257,0.8560,0.9221
neurom_rf,neuromorpho__10month-Arctic-72144-R_1.swc,pyramidal,338,0.8876,0.9403
neurom_rf,neuromorpho__10month-Arctic-C5aR1-KO-52280-R_1.swc,pyramidal,781,0.7375,0.8487
neurom_rf,neuromorpho__10month-Arctic-C5aR1-KO-52280-R_2.swc,pyramidal,547,0.8391,0.9124
neurom_rf,neuromorpho__10month-Arctic-C5aR1-KO-52280-R_3.swc,pyramidal,699,0.9599,0.9795
neurom_rf,neuromorpho__10month-Arctic-C5aR1-KO-52280-R_5.swc,pyramidal,486,0.8868,0.9399
neurom_rf,neuromorpho__10month-C5aR1-KO-52280-N_2.swc,pyramidal,406,0.7882,0.8812
neurom_rf,neuromorpho__10month-C5aR1-KO-52280-N_3.swc,pyramidal,605,0.8479,0.9176
neurom_rf,neuromorpho__10month-wt-44-LL_1.swc,pyramidal,280,0.8321,0.9080
neurom_rf,neuromorpho__10month-wt-45-L-2_1.swc,pyramidal,255,0.8431,0.9145
neurom_rf,neuromorpho__10month-wt-8_1.swc,pyramidal,334,0.6108,0.7575
neurom_rf,neuromorpho__10month-wt-8_2.swc,pyramidal,512,0.8457,0.9162
neurom_rf,neuromorpho__10month-wt-8_4.swc,pyramidal,505,0.9129,0.9544
neurom_rf,neuromorpho__10month-wt-H364-2-4_1.swc,pyramidal,477,0.5262,0.6887
neurom_rf,neuromorpho__10month-wt-H364-2-5_1.swc,pyramidal,211,0.4550,0.6230
neurom_rf,neuromorpho__10month-wt-H364-2_1.swc,pyramidal,736,0.5082,0.6733
neurom_rf,neuromorpho__10n03c4.swc,pyramidal,815,0.8613,0.8567
neurom_rf,neuromorpho__10n12c1.swc,pyramidal,1878,0.7934,0.5225
neurom_rf,neuromorpho__10o27c2.swc,pyramidal,1687,0.6420,0.4600
neurom_rf,neuromorpho__10o27c3.swc,pyramidal,1315,0.8966,0.6270
neurom_rf,neuromorpho__1103-1-Sec6-LTL2.swc,pyramidal,1747,0.7441,0.8532
neurom_rf,neuromorpho__1104-2-Sec2-LTL1.swc,pyramidal,1575,0.9359,0.9669
neurom_rf,neuromorpho__110E_1_L_Ngr2KO_1.swc,pyramidal,182,0.9890,0.9944
neurom_rf,neuromorpho__110E_1_L_Ngr2KO_2.swc,pyramidal,261,0.9387,0.9683
neurom_rf,neuromorpho__1115-07-23-R1.swc,pyramidal,151,1.0000,1.0000
neurom_rf,neuromorpho__1116-3-Sec2-LTL1.swc,pyramidal,817,0.8960,0.4725
neurom_rf,neuromorpho__1117-2-Sec6-LTL2.swc,pyramidal,1230,0.6862,0.4069
neurom_rf,neuromorpho__1117-2-Sec7-LTL3.swc,pyramidal,1464,0.7172,0.4176
neurom_rf,neuromorpho__111C_2_r_Ngr2KO.swc,pyramidal,651,0.8510,0.8459
neurom_rf,neuromorpho__11220c3.swc,pyramidal,879,0.3447,0.3598
neurom_rf,neuromorpho__11224c3.swc,pyramidal,1239,0.4221,0.6733
neurom_rf,neuromorpho__1128-2-Sec1-BSL2.swc,pyramidal,1880,0.5074,0.4254
neurom_rf,neuromorpho__112A_1_R_WT.swc,pyramidal,541,0.6728,0.6639
neurom_rf,neuromorpho__112F_2_R_WT.swc,pyramidal,350,0.9943,0.9941
neurom_rf,neuromorpho__11324c1.swc,pyramidal,1490,0.5369,0.5559
neurom_rf,neuromorpho__113C_2_L_WT_2.swc,pyramidal,471,0.8981,0.8975
neurom_rf,neuromorpho__115-04-23-R1.swc,pyramidal,125,1.0000,1.0000
neurom_rf,neuromorpho__115-04-25-L1.swc,pyramidal,236,1.0000,1.0000
neurom_rf,neuromorpho__11501-21-R1.swc,pyramidal,230,1.0000,1.0000
neurom_rf,neuromorpho__11501-23-R1.swc,pyramidal,206,1.0000,1.0000
neurom_rf,neuromorpho__11502-23-L1.swc,pyramidal,234,1.0000,1.0000
neurom_rf,neuromorpho__11503-23R1.swc,pyramidal,304,1.0000,1.0000
neurom_rf,neuromorpho__11505-24-L1.swc,pyramidal,180,1.0000,1.0000
neurom_rf,neuromorpho__11505-28-L1.swc,pyramidal,219,1.0000,1.0000
neurom_rf,neuromorpho__11506-19-L1.swc,pyramidal,273,1.0000,1.0000
neurom_rf,neuromorpho__11508-20-R1.swc,pyramidal,239,1.0000,1.0000
neurom_rf,neuromorpho__11509-22-L1.swc,pyramidal,146,1.0000,1.0000
neurom_rf,neuromorpho__11615c1.swc,pyramidal,2048,0.6411,0.6992
neurom_rf,neuromorpho__11615c3.swc,pyramidal,1101,0.5377,0.3382
neurom_rf,neuromorpho__11_51.swc,pyramidal,2873,1.0000,1.0000
neurom_rf,neuromorpho__11C3neuron3.swc,pyramidal,3716,0.9333,0.9655
neurom_rf,neuromorpho__11c_3.swc,pyramidal,427,1.0000,1.0000
neurom_rf,neuromorpho__121012V1-3Slice6Cell6.swc,pyramidal,542,0.8229,0.8223
neurom_rf,neuromorpho__12_46.swc,pyramidal,2409,1.0000,1.0000
neurom_rf,neuromorpho__12_47.swc,pyramidal,4416,1.0000,1.0000
neurom_rf,neuromorpho__12_den_ax.swc,pyramidal,81086,0.9974,0.9943
neurom_rf,neuromorpho__12B3neuron1Layers.swc,pyramidal,2808,0.8786,0.9353
neurom_rf,neuromorpho__12C2neuron1Layers.swc,pyramidal,1162,0.8933,0.9436
neurom_rf,neuromorpho__13_08_13_-2_Cell_-2.swc,pyramidal,31729,0.7984,0.8045
neurom_rf,neuromorpho__13_41.swc,pyramidal,1154,1.0000,1.0000
neurom_rf,neuromorpho__13B1neuron2.swc,pyramidal,2744,0.7937,0.8850
neurom_rf,neuromorpho__1451-1-Sec1-BSL2.swc,pyramidal,1227,0.9315,0.9645
neurom_rf,neuromorpho__1460-2-Sec5-LTL2.swc,pyramidal,3189,0.6896,0.8162
neurom_rf,neuromorpho__1463-2-Sec4-LTL2.swc,pyramidal,1190,0.8244,0.9036
neurom_rf,neuromorpho__14_37.swc,pyramidal,2421,1.0000,1.0000
neurom_rf,neuromorpho__15_33.swc,pyramidal,1026,1.0000,1.0000
neurom_rf,neuromorpho__16_34.swc,pyramidal,2988,1.0000,1.0000
neurom_rf,neuromorpho__180608_morpho4_d4_hippo_D4-Hippo-Fresh-4_crop-2.swc,pyramidal,893,1.0000,1.0000
neurom_rf,neuromorpho__180608_morpho4_d4_hippo_D4-Hippo-Fresh-4_crop-4.swc,pyramidal,1620,1.0000,1.0000
neurom_rf,neuromorpho__180608_morpho4_d4_hippo_D4-Hippo-Fresh-4_crop.swc,pyramidal,670,1.0000,1.0000
neurom_rf,neuromorpho__180702_morpho-6_hippo_tau488_trfp_map2647_Fresh-4_crop-2.swc,pyramidal,1980,1.0000,1.0000
neurom_rf,neuromorpho__180702_morpho-6_hippo_tau488_trfp_map2647_Fresh-6_crop-3.swc,pyramidal,1360,1.0000,1.0000
neurom_rf,neuromorpho__180702_morpho-6_hippo_tau488_trfp_map2647_Fresh-6_crop.swc,pyramidal,1895,1.0000,1.0000
neurom_rf,neuromorpho__180702_morpho-6_hippo_tau488_trfp_map2647_Fresh-9_crop-4.swc,pyramidal,2628,1.0000,1.0000
neurom_rf,neuromorpho__180702_morpho-6_hippo_tau488_trfp_map2647_Hippo-1-10_crop-2.swc,pyramidal,1180,1.0000,1.0000
neurom_rf,neuromorpho__180702_morpho-6_hippo_tau488_trfp_map2647_Hippo-1-10_crop-4.swc,pyramidal,5179,1.0000,1.0000
neurom_rf,neuromorpho__180702_morpho-6_hippo_tau488_trfp_map2648_Hippo-3-10_crop-1.swc,pyramidal,2371,1.0000,1.0000
neurom_rf,neuromorpho__180702_morpho-6_hippo_tau488_trfp_map2648_Hippo-3-10_crop-2.swc,pyramidal,2316,1.0000,1.0000
neurom_rf,neuromorpho__180702_morpho-6_hippo_tau488_trfp_map2648_Hippo-3-1_crop-2.swc,pyramidal,2100,1.0000,1.0000
neurom_rf,neuromorpho__180702_morpho-6_hippo_tau488_trfp_map2648_Hippo-3-4_crop-6.swc,pyramidal,2513,1.0000,1.0000
neurom_rf,neuromorpho__180702_morpho-6_hippo_tau488_trfp_map2648_Hippo-3-6_crop-5.swc,pyramidal,723,1.0000,1.0000
neurom_rf,neuromorpho__180702_morpho-6_hippo_tau488_trfp_map2648_Hippo-3-8_crop-1.swc,pyramidal,721,1.0000,1.0000
neurom_rf,neuromorpho__180702_morpho-6_hippo_tau488_trfp_map2648_Hippo-3-8_crop.swc,pyramidal,3073,1.0000,1.0000
neurom_rf,neuromorpho__180702_morpho-6_hippo_tau488_trfp_map2648_Hippo-3-9_crop-2.swc,pyramidal,2714,1.0000,1.0000
neurom_rf,neuromorpho__180702_morpho-6_hippo_tau488_trfp_map2648_Hippo-3-9_crop-4.swc,pyramidal,2044,1.0000,1.0000
neurom_rf,neuromorpho__180702_morpho-6_hippo_tau488_trfp_map2648_Hippo-4-3_crop-2.swc,pyramidal,707,1.0000,1.0000
neurom_rf,neuromorpho__180702_morpho-6_hippo_tau488_trfp_map2648_Hippo-4-6_crop-1.swc,pyramidal,1049,1.0000,1.0000
neurom_rf,neuromorpho__180702_morpho-6_hippo_tau488_trfp_map2648_Hippo-4-6_crop-2.swc,pyramidal,1085,1.0000,1.0000
neurom_rf,neuromorpho__180702_morpho-6_hippo_tau488_trfp_map2648_Hippo-4-7_crop-1.swc,pyramidal,1009,1.0000,1.0000
neurom_rf,neuromorpho__180702_morpho-6_hippo_tau488_trfp_map2648_Hippo-4-7_crop-4.swc,pyramidal,935,1.0000,1.0000
neurom_rf,neuromorpho__180702_morpho-6_hippo_tau488_trfp_map2648_Hippo-4-7_crop-5.swc,pyramidal,2423,1.0000,1.0000
neurom_rf,neuromorpho__18414_slide2_cell1.swc,pyramidal,998,0.8186,0.8133
neurom_rf,neuromorpho__19_26.swc,pyramidal,1956,1.0000,1.0000
neurom_rf,neuromorpho__19_den_ax.swc,pyramidal,119039,0.9760,0.6003
neurom_rf,neuromorpho__1_56.swc,pyramidal,9629,0.9970,0.9985
neurom_rf,neuromorpho__1A4.swc,pyramidal,2338,0.8991,0.9468
neurom_rf,neuromorpho__1a_4.swc,pyramidal,1700,0.9171,0.9567
neurom_rf,neuromorpho__2-ENU2-treated-neuron1_2.swc,pyramidal,478,0.8515,0.8367
neurom_rf,neuromorpho__2-ENU2-veichle-neuron1_2.swc,pyramidal,198,0.5101,0.4643
neurom_rf,neuromorpho__2-ENU2-veichle-neuron3.swc,pyramidal,209,0.9665,0.9829
neurom_rf,neuromorpho__2-wild-type-veichle-neuron3.swc,pyramidal,288,1.0000,1.0000
neurom_rf,neuromorpho__20171005C01.swc,pyramidal,3089,0.3817,0.2761
neurom_rf,neuromorpho__20180109B01.swc,pyramidal,3155,0.5921,0.5022
neurom_rf,neuromorpho__20180207A01.swc,pyramidal,1997,0.4362,0.3652
neurom_rf,neuromorpho__203B-4-L3.swc,pyramidal,1225,0.7804,0.6453
neurom_rf,neuromorpho__204B-3-L4.swc,pyramidal,1036,0.7384,0.6954
neurom_rf,neuromorpho__207B-1-L3.swc,pyramidal,1389,0.6983,0.4601
neurom_rf,neuromorpho__207B-2-L2.swc,pyramidal,1548,0.6744,0.5230
neurom_rf,neuromorpho__20_den_ax.swc,pyramidal,110088,0.9723,0.5595
neurom_rf,neuromorpho__21_22.swc,pyramidal,1668,1.0000,1.0000
neurom_rf,neuromorpho__22--OTC-300-pM-CRF-9-weeks-20x.swc,pyramidal,4728,0.8898,0.9417
neurom_rf,neuromorpho__22315_cell1.swc,pyramidal,900,0.9578,0.9537
neurom_rf,neuromorpho__22315_cell3.swc,pyramidal,1549,0.7347,0.4776
neurom_rf,neuromorpho__22315_cell4.swc,pyramidal,1024,0.8564,0.5779
neurom_rf,neuromorpho__22315_cell5.swc,pyramidal,1143,0.7367,0.4851
neurom_rf,neuromorpho__22411_cell12.swc,pyramidal,979,0.8458,0.5515
neurom_rf,neuromorpho__22411_cell5.swc,pyramidal,2270,0.8700,0.9045
neurom_rf,neuromorpho__22_19.swc,pyramidal,1513,0.9993,0.9997
neurom_rf,neuromorpho__22_21.swc,pyramidal,2421,1.0000,1.0000
neurom_rf,neuromorpho__236-1-10LS.swc,pyramidal,767,0.8253,0.6952
neurom_rf,neuromorpho__236-1-24LS.swc,pyramidal,505,0.6792,0.7388
neurom_rf,neuromorpho__236-1-9LS.swc,pyramidal,835,0.7880,0.7701
neurom_rf,neuromorpho__236-1a-10-AW.swc,pyramidal,374,0.8877,0.8653
neurom_rf,neuromorpho__236-1a-12-AW.swc,pyramidal,289,0.6540,0.7516
neurom_rf,neuromorpho__236-2-100LS.swc,pyramidal,407,0.7396,0.7795
neurom_rf,neuromorpho__236-2-13LS.swc,pyramidal,931,0.8443,0.8348
neurom_rf,neuromorpho__236-2-16LS.swc,pyramidal,645,0.9349,0.9414
neurom_rf,neuromorpho__236-2-21LS.swc,pyramidal,581,0.8330,0.8495
neurom_rf,neuromorpho__236-2-23LS.swc,pyramidal,537,0.5829,0.5700
neurom_rf,neuromorpho__236-2-42LS.swc,pyramidal,430,0.8349,0.7054
neurom_rf,neuromorpho__236-2-45LS.swc,pyramidal,544,0.5441,0.5996
neurom_rf,neuromorpho__236-2-47LS.swc,pyramidal,755,0.9550,0.9594
neurom_rf,neuromorpho__236-2-4LS.swc,pyramidal,357,0.7927,0.4420
neurom_rf,neuromorpho__236-2-51LS.swc,pyramidal,506,0.7530,0.8264
neurom_rf,neuromorpho__236-2-5LS.swc,pyramidal,354,0.9322,0.9819
neurom_rf,neuromorpho__236-2-61LS.swc,pyramidal,602,0.8505,0.8442
neurom_rf,neuromorpho__236-2-62LS.swc,pyramidal,378,0.8730,0.9320
neurom_rf,neuromorpho__236-2-63LS.swc,pyramidal,506,0.9941,0.9985
neurom_rf,neuromorpho__236-2-66LS.swc,pyramidal,461,0.8590,0.4620
neurom_rf,neuromorpho__236-2-68LS.swc,pyramidal,573,0.8796,0.9187
neurom_rf,neuromorpho__236-2-69LS.swc,pyramidal,570,0.5719,0.3302
neurom_rf,neuromorpho__236-2-71LS.swc,pyramidal,200,0.5700,0.5571
neurom_rf,neuromorpho__236-2-78LS.swc,pyramidal,371,0.9111,0.9533
neurom_rf,neuromorpho__236-2-82LS.swc,pyramidal,555,0.9982,0.9995
neurom_rf,neuromorpho__236-2-87LS.swc,pyramidal,414,0.7754,0.5001
neurom_rf,neuromorpho__236-2-92LS.swc,pyramidal,54,0.8519,0.5411
neurom_rf,neuromorpho__236-2-94LS.swc,pyramidal,108,0.9074,0.9510
neurom_rf,neuromorpho__236-2-96LS.swc,pyramidal,456,0.8706,0.9079
neurom_rf,neuromorpho__236-2-99LS.swc,pyramidal,241,0.6058,0.6193
neurom_rf,neuromorpho__236-2a-13-AW.swc,pyramidal,577,0.7747,0.4364
neurom_rf,neuromorpho__236-2a-25-AW.swc,pyramidal,452,0.8761,0.4669
neurom_rf,neuromorpho__236-2a-26-AW.swc,pyramidal,349,0.7479,0.7076
neurom_rf,neuromorpho__236-2a-3-AW.swc,pyramidal,337,0.6320,0.6262
neurom_rf,neuromorpho__236-2a-40-AW.swc,pyramidal,248,0.9556,0.9612
neurom_rf,neuromorpho__236-2a-41-AW.swc,pyramidal,428,0.8248,0.8717
neurom_rf,neuromorpho__236-2a-5-AW.swc,pyramidal,592,0.7889,0.8407
neurom_rf,neuromorpho__236-2a-52-AW.swc,pyramidal,402,0.7562,0.8328
neurom_rf,neuromorpho__236-2a-53-AW.swc,pyramidal,292,0.7671,0.8148
neurom_rf,neuromorpho__236-2a-57-AW.swc,pyramidal,497,0.5976,0.3837
neurom_rf,neuromorpho__236-2a-59-AW.swc,pyramidal,565,0.7982,0.7883
neurom_rf,neuromorpho__236-2a-6-AW.swc,pyramidal,532,0.9060,0.9314
neurom_rf,neuromorpho__236-2a-7-AW.swc,pyramidal,381,0.8819,0.8799
neurom_rf,neuromorpho__236-3-10LS.swc,pyramidal,495,0.7293,0.7123
neurom_rf,neuromorpho__236-3-31LS.swc,pyramidal,900,0.8589,0.5669
neurom_rf,neuromorpho__236-3-40LS.swc,pyramidal,544,0.8382,0.9118
neurom_rf,neuromorpho__236-3-41LS.swc,pyramidal,568,0.8486,0.9179
neurom_rf,neuromorpho__236-3-44LS.swc,pyramidal,434,0.8756,0.5428
neurom_rf,neuromorpho__236-3-47LS.swc,pyramidal,449,0.8129,0.4483
neurom_rf,neuromorpho__236-3-51LS.swc,pyramidal,300,0.9267,0.9249
neurom_rf,neuromorpho__236-3-56LS.swc,pyramidal,605,0.8826,0.8786
neurom_rf,neuromorpho__236-3-58LS.swc,pyramidal,577,0.8163,0.4408
neurom_rf,neuromorpho__236-3-59LS.swc,pyramidal,415,0.8120,0.8960
neurom_rf,neuromorpho__236-3-65LS.swc,pyramidal,633,0.7488,0.8215
neurom_rf,neuromorpho__236-3-67LS.swc,pyramidal,820,0.7146,0.7782
neurom_rf,neuromorpho__236-3-69LS.swc,pyramidal,478,0.8891,0.4706
neurom_rf,neuromorpho__236-3-7LS.swc,pyramidal,392,0.9031,0.6100
neurom_rf,neuromorpho__236-3-8LS.swc,pyramidal,731,0.8345,0.4548
neurom_rf,neuromorpho__241-1-22-AW.swc,pyramidal,464,0.3190,0.2026
neurom_rf,neuromorpho__241-1-2VN.swc,pyramidal,1077,0.5246,0.3734
neurom_rf,neuromorpho__241-1-40VN.swc,pyramidal,914,0.8020,0.5353
neurom_rf,neuromorpho__241-1-43VN.swc,pyramidal,360,0.5583,0.3759
neurom_rf,neuromorpho__241-1-44VN.swc,pyramidal,774,0.7287,0.6266
neurom_rf,neuromorpho__241-1-45VN.swc,pyramidal,490,0.8653,0.8630
neurom_rf,neuromorpho__241-1-4VN.swc,pyramidal,719,0.7135,0.6326
neurom_rf,neuromorpho__241-1-50VN.swc,pyramidal,391,0.8542,0.8289
neurom_rf,neuromorpho__241-1-6VN.swc,pyramidal,651,0.9278,0.4812
neurom_rf,neuromorpho__241-2-101-AW.swc,pyramidal,349,0.6390,0.6348
neurom_rf,neuromorpho__241-2-11VN.swc,pyramidal,520,0.7404,0.4851
neurom_rf,neuromorpho__241-2-15VN.swc,pyramidal,342,0.4094,0.3998
neurom_rf,neuromorpho__241-2-18VN.swc,pyramidal,918,0.6046,0.4946
neurom_rf,neuromorpho__241-2-22VN.swc,pyramidal,682,0.9472,0.9617
neurom_rf,neuromorpho__241-2-2VN.swc,pyramidal,392,0.7423,0.7609
neurom_rf,neuromorpho__241-2-33VN.swc,pyramidal,853,0.8265,0.7548
neurom_rf,neuromorpho__241-2-35VN.swc,pyramidal,411,0.5450,0.3523
neurom_rf,neuromorpho__241-2-3VN.swc,pyramidal,896,0.6975,0.6306
neurom_rf,neuromorpho__241-2-49-AW.swc,pyramidal,347,0.6657,0.4233
neurom_rf,neuromorpho__241-2-74LU.swc,pyramidal,304,0.9112,0.9764
neurom_rf,neuromorpho__241-2-77LU.swc,pyramidal,500,0.6700,0.4486
neurom_rf,neuromorpho__241-2-7VN.swc,pyramidal,438,0.6347,0.4953
neurom_rf,neuromorpho__241-2-85LU.swc,pyramidal,175,0.6171,0.4413
neurom_rf,neuromorpho__241-2-87LU.swc,pyramidal,551,0.5027,0.3105
neurom_rf,neuromorpho__241-2-88LU.swc,pyramidal,323,0.5449,0.2347
neurom_rf,neuromorpho__241-2-92LU.swc,pyramidal,385,0.9195,0.5990
neurom_rf,neuromorpho__241-2-93LU.swc,pyramidal,586,0.3618,0.2651
neurom_rf,neuromorpho__241-2-96LU.swc,pyramidal,462,0.3658,0.1901
neurom_rf,neuromorpho__241-3-15LU.swc,pyramidal,619,0.8562,0.8884
neurom_rf,neuromorpho__241-3-20LU.swc,pyramidal,416,0.5216,0.3490
neurom_rf,neuromorpho__241-3-24LU.swc,pyramidal,628,0.7627,0.4326
neurom_rf,neuromorpho__241-3-29LU.swc,pyramidal,494,0.6579,0.4291
neurom_rf,neuromorpho__241-3-32LU.swc,pyramidal,575,0.5635,0.3763
neurom_rf,neuromorpho__241-3-35LU.swc,pyramidal,524,0.9237,0.4801
neurom_rf,neuromorpho__241-3-41LU.swc,pyramidal,617,0.6580,0.4395
neurom_rf,neuromorpho__241-3-43LU.swc,pyramidal,701,0.6220,0.3793
neurom_rf,neuromorpho__241-3-51VN.swc,pyramidal,817,0.9070,0.9130
neurom_rf,neuromorpho__241-3-53VN.swc,pyramidal,593,0.8145,0.8528
neurom_rf,neuromorpho__241-3-70VN.swc,pyramidal,513,0.6647,0.7159
neurom_rf,neuromorpho__242-1-10VN.swc,pyramidal,421,0.7957,0.8262
neurom_rf,neuromorpho__242-1-13VN.swc,pyramidal,261,0.5632,0.3626
neurom_rf,neuromorpho__242-1-18VN.swc,pyramidal,345,0.7768,0.5250
neurom_rf,neuromorpho__242-1-4VN.swc,pyramidal,108,0.5185,0.5312
neurom_rf,neuromorpho__242-1-5VN.swc,pyramidal,554,0.8249,0.8511
neurom_rf,neuromorpho__242-1-6VN.swc,pyramidal,369,0.6612,0.8957
neurom_rf,neuromorpho__242-2-10VN.swc,pyramidal,475,0.8695,0.5819
neurom_rf,neuromorpho__242-2-15VN.swc,pyramidal,354,0.5282,0.6902
neurom_rf,neuromorpho__242-2-16VN.swc,pyramidal,242,0.5992,0.5953
neurom_rf,neuromorpho__242-2-37LU.swc,pyramidal,535,0.7439,0.4666
neurom_rf,neuromorpho__242-2-38LU.swc,pyramidal,564,0.7535,0.7476
neurom_rf,neuromorpho__242-3-14-AW.swc,pyramidal,272,0.8603,0.9018
neurom_rf,neuromorpho__242-3-18LU.swc,pyramidal,368,0.7364,0.7245
neurom_rf,neuromorpho__242-3-20LU.swc,pyramidal,192,1.0000,1.0000
neurom_rf,neuromorpho__242-3-3-AW.swc,pyramidal,322,0.6739,0.6716
neurom_rf,neuromorpho__243-2-14VN.swc,pyramidal,172,0.5988,0.5650
neurom_rf,neuromorpho__243-2-16VN.swc,pyramidal,375,0.6747,0.5277
neurom_rf,neuromorpho__243-2-17VN.swc,pyramidal,335,0.8388,0.7637
neurom_rf,neuromorpho__243-2-18VN.swc,pyramidal,452,0.7212,0.7716
neurom_rf,neuromorpho__243-2-20VN.swc,pyramidal,470,0.7553,0.8059
neurom_rf,neuromorpho__243-2-25VN.swc,pyramidal,169,0.8047,0.7869
neurom_rf,neuromorpho__243-2-26VN.swc,pyramidal,310,0.7226,0.7181
neurom_rf,neuromorpho__243-3-13VN.swc,pyramidal,510,0.8902,0.8388
neurom_rf,neuromorpho__243-3-16VN.swc,pyramidal,377,0.8700,0.5532
neurom_rf,neuromorpho__243-3-17VN.swc,pyramidal,597,0.7621,0.8251
neurom_rf,neuromorpho__243-3-19VN.swc,pyramidal,483,0.6812,0.3353
neurom_rf,neuromorpho__243-3-1VN.swc,pyramidal,408,0.8162,0.8668
neurom_rf,neuromorpho__243-3-24VN.swc,pyramidal,301,0.5449,0.2378
neurom_rf,neuromorpho__243-3-28VN.swc,pyramidal,609,0.9261,0.9450
neurom_rf,neuromorpho__243-3-33VN.swc,pyramidal,217,0.7143,0.3948
neurom_rf,neuromorpho__243-3-35VN.swc,pyramidal,364,0.8379,0.8796
neurom_rf,neuromorpho__243-3-4VN.swc,pyramidal,462,0.6970,0.6479
neurom_rf,neuromorpho__243-3-8VN.swc,pyramidal,582,0.9622,0.9903
neurom_rf,neuromorpho__24_17.swc,pyramidal,2923,0.9997,0.9998
neurom_rf,neuromorpho__25_15.swc,pyramidal,1393,1.0000,1.0000
neurom_rf,neuromorpho__25_16.swc,pyramidal,3979,1.0000,1.0000
neurom_rf,neuromorpho__25o_pyramidal18aFI.swc,pyramidal,752,0.6449,0.4123
neurom_rf,neuromorpho__29_den_ax.swc,pyramidal,98142,0.9556,0.5450
neurom_rf,neuromorpho__3-wild-type-veichle-neuron1_2.swc,pyramidal,852,0.7676,0.7708
neurom_rf,neuromorpho__3-wild-type-veichle-neuron2.swc,pyramidal,564,0.9628,0.9810
neurom_rf,neuromorpho__30_den_ax.swc,pyramidal,122122,0.9759,0.8889
neurom_rf,neuromorpho__31991_cell9.swc,pyramidal,1589,0.9257,0.9374
neurom_rf,neuromorpho__31995_slide1_cell3.swc,pyramidal,248,0.6492,0.7862
neurom_rf,neuromorpho__31995_slide2_cell9.swc,pyramidal,1366,0.7482,0.7656
neurom_rf,neuromorpho__31_10.swc,pyramidal,770,1.0000,1.0000
neurom_rf,neuromorpho__32315-V1-3Slice2Cell1.swc,pyramidal,904,0.7400,0.6273
neurom_rf,neuromorpho__32315-V1-3Slice8Cell1.swc,pyramidal,1886,0.4162,0.3901
neurom_rf,neuromorpho__32315-V1-4Slice6Cell2.swc,pyramidal,2028,0.7761,0.8162
neurom_rf,neuromorpho__32315V1-3Slice7Cell1.swc,pyramidal,1068,0.8361,0.8316
neurom_rf,neuromorpho__32315V1-3Slice8Cell2.swc,pyramidal,945,0.7429,0.7638
neurom_rf,neuromorpho__32315V1-4Slice5Cell1.swc,pyramidal,876,0.8721,0.8631
neurom_rf,neuromorpho__32368_slide1_cell8.swc,pyramidal,1678,0.8153,0.8740
neurom_rf,neuromorpho__33_11.swc,pyramidal,1627,0.9951,0.9975
neurom_rf,neuromorpho__33_den_ax.swc,pyramidal,134606,0.9872,0.9256
neurom_rf,neuromorpho__34_9.swc,pyramidal,2194,1.0000,1.0000
neurom_rf,neuromorpho__35_11.swc,pyramidal,1440,1.0000,1.0000
neurom_rf,neuromorpho__36_10.swc,pyramidal,2167,1.0000,1.0000
neurom_rf,neuromorpho__36_den_ax.swc,pyramidal,108426,0.9840,0.9495
neurom_rf,neuromorpho__37112_slide1_cell10.swc,pyramidal,1682,0.9316,0.9457
neurom_rf,neuromorpho__37112_slide1_cell4.swc,pyramidal,1880,0.8846,0.9178
neurom_rf,neuromorpho__37112_slide2_cell2.swc,pyramidal,1479,0.8891,0.9011
neurom_rf,neuromorpho__37112_slide2_cell7.swc,pyramidal,1698,0.8569,0.5834
neurom_rf,neuromorpho__37_9.swc,pyramidal,3549,1.0000,1.0000
neurom_rf,neuromorpho__389-01-01.swc,pyramidal,779,0.7510,0.9080
neurom_rf,neuromorpho__389-01-02.swc,pyramidal,672,0.5774,0.4164
neurom_rf,neuromorpho__38_8.swc,pyramidal,3141,0.9994,0.9997
neurom_rf,neuromorpho__38d.swc,pyramidal,1201,1.0000,1.0000
neurom_rf,neuromorpho__391-01.swc,pyramidal,570,0.4895,0.4858
neurom_rf,neuromorpho__391-05.swc,pyramidal,1025,0.1766,0.3250
neurom_rf,neuromorpho__391-06.swc,pyramidal,2320,0.5319,0.5684
neurom_rf,neuromorpho__3_53.swc,pyramidal,1606,0.9988,0.9994
neurom_rf,neuromorpho__3_54.swc,pyramidal,2117,1.0000,1.0000
neurom_rf,neuromorpho__3b.swc,pyramidal,766,0.7702,0.8700
neurom_rf,neuromorpho__3d_1.swc,pyramidal,3054,0.7430,0.8525
neurom_rf,neuromorpho__3PO1_1.swc,pyramidal,1008,0.3571,0.1752
neurom_rf,neuromorpho__3PO2_1.swc,pyramidal,845,0.2828,0.1466
neurom_rf,neuromorpho__3PO2_2.swc,pyramidal,417,0.1703,0.0960
neurom_rf,neuromorpho__3PO2_3.swc,pyramidal,1052,0.5209,0.3245
neurom_rf,neuromorpho__4-ENU2-treated-neuron2.swc,pyramidal,846,0.7884,0.8815
neurom_rf,neuromorpho__4-ENU2-treated-neuron3.swc,pyramidal,457,0.9847,0.9923
neurom_rf,neuromorpho__4314ARCHV1-2Slice8Cell2.swc,pyramidal,851,0.8472,0.8448
neurom_rf,neuromorpho__46-Neurone-1.swc,pyramidal,483,0.6501,0.3710
neurom_rf,neuromorpho__46-Neurone-2.swc,pyramidal,708,0.8729,0.6022
neurom_rf,neuromorpho__4_52.swc,pyramidal,1103,1.0000,1.0000
neurom_rf,neuromorpho__4a_2.swc,pyramidal,2265,0.9775,0.9886
neurom_rf,neuromorpho__4c.swc,pyramidal,2657,1.0000,1.0000
neurom_rf,neuromorpho__517s1c1.swc,pyramidal,3728,0.9262,0.8987
neurom_rf,neuromorpho__53-Neurone1.swc,pyramidal,783,0.5964,0.3412
neurom_rf,neuromorpho__554-1-R4.swc,pyramidal,593,0.8752,0.9333
neurom_rf,neuromorpho__554-2-L1.swc,pyramidal,986,0.7505,0.4287
neurom_rf,neuromorpho__554-2-L3.swc,pyramidal,1623,0.9100,0.8354
neurom_rf,neuromorpho__554-2-R3.swc,pyramidal,1731,0.6251,0.3711
neurom_rf,neuromorpho__557-2-L5.swc,pyramidal,1262,0.7647,0.8665
neurom_rf,neuromorpho__557-3-R2.swc,pyramidal,1221,1.0000,1.0000
neurom_rf,neuromorpho__560-3-R1.swc,pyramidal,1348,0.4177,0.3250
neurom_rf,neuromorpho__560-4-L1.swc,pyramidal,938,0.8209,0.4508
neurom_rf,neuromorpho__560-4-R2.swc,pyramidal,1209,0.8462,0.4583
neurom_rf,neuromorpho__5_42.swc,pyramidal,62,0.8548,0.4602
neurom_rf,neuromorpho__5b_1.swc,pyramidal,3946,1.0000,1.0000
neurom_rf,neuromorpho__72513V1-4Slice2Cell1.swc,pyramidal,1523,0.7223,0.7251
neurom_rf,neuromorpho__72513V1-4Slice3Cell2.swc,pyramidal,917,0.7874,0.8338
neurom_rf,neuromorpho__72513V1-5Slice2Cell1.swc,pyramidal,1419,0.8654,0.8636
neurom_rf,neuromorpho__72715-V1-2slice10.swc,pyramidal,580,0.9017,0.9111
neurom_rf,neuromorpho__72715-V1-2slice5.swc,pyramidal,767,0.9113,0.9110
neurom_rf,neuromorpho__72715-V1-2slice5cell3.swc,pyramidal,872,0.9106,0.9064
neurom_rf,neuromorpho__72715-V1-2slice9.swc,pyramidal,1017,0.9676,0.9667
neurom_rf,neuromorpho__72715-V1-5Slice4Cell1.swc,pyramidal,738,0.8889,0.8276
neurom_rf,neuromorpho__72715.swc,pyramidal,414,0.9034,0.8997
neurom_rf,neuromorpho__7_44.swc,pyramidal,2432,1.0000,1.0000
neurom_rf,neuromorpho__7month-Arctic-13_2.swc,pyramidal,511,1.0000,1.0000
neurom_rf,neuromorpho__7month-Arctic-13_3.swc,pyramidal,244,0.9139,0.9548
neurom_rf,neuromorpho__7month-Arctic-13_8.swc,pyramidal,737,0.7408,0.8509
neurom_rf,neuromorpho__7month-Arctic-17_4.swc,pyramidal,428,0.8995,0.9470
neurom_rf,neuromorpho__7month-Arctic-20_5.swc,pyramidal,285,0.8105,0.8949
neurom_rf,neuromorpho__7month-Arctic-9_1.swc,pyramidal,1230,0.8602,0.9248
neurom_rf,neuromorpho__7month-Arctic-C5aR1-KO-24_3.swc,pyramidal,518,0.5019,0.6675
neurom_rf,neuromorpho__7month-Arctic-C5aR1-KO-24_5.swc,pyramidal,582,0.5120,0.6765
neurom_rf,neuromorpho__7month-C5aR1-KO-18-3.swc,pyramidal,427,0.9040,0.9494
neurom_rf,neuromorpho__7month-C5aR1-KO-18-4.swc,pyramidal,544,0.7610,0.8640
neurom_rf,neuromorpho__7month-wt-16_1.swc,pyramidal,891,0.6756,0.8062
neurom_rf,neuromorpho__7month-wt-16_2.swc,pyramidal,702,0.7393,0.8499
neurom_rf,neuromorpho__8_den_ax.swc,pyramidal,114475,0.9728,0.6864
neurom_rf,neuromorpho__908s3c3.swc,pyramidal,3922,0.7078,0.4844
neurom_rf,neuromorpho__A1-N1-1_final.swc,pyramidal,1360,1.0000,1.0000
neurom_rf,neuromorpho__A1-N2-1_final.swc,pyramidal,1179,1.0000,1.0000
neurom_rf,neuromorpho__A1-N3-1_13jun-5-_final.swc,pyramidal,1382,1.0000,1.0000
neurom_rf,neuromorpho__A110111PYR.swc,pyramidal,5737,0.1989,0.1281
neurom_rf,neuromorpho__A1_slide1_neuron1.swc,pyramidal,537,0.7467,0.8218
neurom_rf,neuromorpho__A1_slide2_10.swc,pyramidal,1876,0.8385,0.5560
neurom_rf,neuromorpho__A1_slide2_11.swc,pyramidal,927,0.9299,0.6217
neurom_rf,neuromorpho__A1_slide2_14.swc,pyramidal,364,0.7418,0.7227
neurom_rf,neuromorpho__A1_slide2_16.swc,pyramidal,348,0.8017,0.7875
neurom_rf,neuromorpho__A1_slide2_19.swc,pyramidal,455,0.8967,0.9252
neurom_rf,neuromorpho__A1_slide2_4.swc,pyramidal,446,0.7623,0.5262
neurom_rf,neuromorpho__A1_slide2_neuron2.swc,pyramidal,561,0.8806,0.5986
neurom_rf,neuromorpho__A1_slide2_neuron3.swc,pyramidal,530,0.7887,0.8375
neurom_rf,neuromorpho__A1_slide3_5.swc,pyramidal,576,0.8681,0.6069
neurom_rf,neuromorpho__A1_slide3_neuron1.swc,pyramidal,626,0.7939,0.5338
neurom_rf,neuromorpho__A1_slide3_neuron4.swc,pyramidal,536,0.8414,0.5718
neurom_rf,neuromorpho__A1_slide4_neuron1.swc,pyramidal,1091,0.7938,0.5383
neurom_rf,neuromorpho__A2-N2-3_final.swc,pyramidal,1462,1.0000,1.0000
neurom_rf,neuromorpho__A2-N4-2_1.swc,pyramidal,1159,1.0000,1.0000
neurom_rf,neuromorpho__A2-N9-2_final.swc,pyramidal,1291,1.0000,1.0000
neurom_rf,neuromorpho__A2_slide1_4.swc,pyramidal,663,0.8703,0.8701
neurom_rf,neuromorpho__A2_slide1_neuron2.swc,pyramidal,636,0.8475,0.5689
neurom_rf,neuromorpho__A2_slide2_1.swc,pyramidal,556,0.8309,0.5477
neurom_rf,neuromorpho__A2_slide2_17.swc,pyramidal,610,0.7885,0.8466
neurom_rf,neuromorpho__A2_slide2_neuron4.swc,pyramidal,639,0.7527,0.8247
neurom_rf,neuromorpho__A2_slide3_12.swc,pyramidal,2249,0.8377,0.5590
neurom_rf,neuromorpho__A2_slide3_4.swc,pyramidal,290,0.6621,0.4699
neurom_rf,neuromorpho__A3-n11-2_final.swc,pyramidal,682,1.0000,1.0000
neurom_rf,neuromorpho__A3-n12-2_final.swc,pyramidal,884,1.0000,1.0000
neurom_rf,neuromorpho__A3-n8-2_1.swc,pyramidal,861,1.0000,1.0000
neurom_rf,neuromorpho__A3-N8-2_final.swc,pyramidal,1330,1.0000,1.0000
neurom_rf,neuromorpho__A3_slide2_1.swc,pyramidal,582,0.9210,0.9208
neurom_rf,neuromorpho__A3_slide2_11.swc,pyramidal,1191,0.8279,0.5398
neurom_rf,neuromorpho__A3_slide2_13.swc,pyramidal,1671,0.7032,0.4242
neurom_rf,neuromorpho__A3_slide2_16.swc,pyramidal,404,0.8639,0.9149
neurom_rf,neuromorpho__A3_slide2_4.swc,pyramidal,685,0.9299,0.6228
neurom_rf,neuromorpho__A3_slide2_8.swc,pyramidal,1934,0.8692,0.5834
neurom_rf,neuromorpho__A3_slide2_neuron3.swc,pyramidal,469,0.8081,0.5403
neurom_rf,neuromorpho__A3_slide3_24.swc,pyramidal,715,0.8965,0.6007
neurom_rf,neuromorpho__A3_slide3_4.swc,pyramidal,448,0.8482,0.5733
neurom_rf,neuromorpho__A3_slide3_7.swc,pyramidal,1515,0.9274,0.6277
neurom_rf,neuromorpho__A3_slide3_9.swc,pyramidal,991,0.7760,0.5155
neurom_rf,neuromorpho__A3_slide3_neuron1.swc,pyramidal,408,0.9191,0.6121
neurom_rf,neuromorpho__A3_slide3_Neuron4.swc,pyramidal,384,0.7474,0.5184
neurom_rf,neuromorpho__A3_slide3_neuron5.swc,pyramidal,1251,0.7674,0.8176
neurom_rf,neuromorpho__A3_slide3_neuron6.swc,pyramidal,579,0.6770,0.4566
neurom_rf,neuromorpho__A4-N1-3_final.swc,pyramidal,1010,1.0000,1.0000
neurom_rf,neuromorpho__A4-N11-4_final.swc,pyramidal,1122,1.0000,1.0000
neurom_rf,neuromorpho__A4-N14-1_final.swc,pyramidal,1113,1.0000,1.0000
neurom_rf,neuromorpho__A4-N5-2_final.swc,pyramidal,1607,1.0000,1.0000
neurom_rf,neuromorpho__A4_slide1_1.swc,pyramidal,288,0.8576,0.5752
neurom_rf,neuromorpho__A4_slide1_neuron1.swc,pyramidal,1481,0.9278,0.6249
neurom_rf,neuromorpho__A4_slide2_10.swc,pyramidal,941,0.8565,0.5678
neurom_rf,neuromorpho__A4_slide2_13.swc,pyramidal,418,0.7201,0.7296
neurom_rf,neuromorpho__A4_slide2_17.swc,pyramidal,484,0.7335,0.4951
neurom_rf,neuromorpho__A4_slide2_19.swc,pyramidal,752,0.8032,0.5374
neurom_rf,neuromorpho__A4_slide2_24.swc,pyramidal,530,0.8868,0.5995
neurom_rf,neuromorpho__A4_slide2_25.swc,pyramidal,666,0.9580,0.6410
neurom_rf,neuromorpho__A4_slide2_8.swc,pyramidal,416,0.5889,0.3299
neurom_rf,neuromorpho__A4_slide2_neuron2_II_III.swc,pyramidal,725,0.6690,0.4326
neurom_rf,neuromorpho__A4_slide2_neuron4.swc,pyramidal,563,0.8099,0.8532
neurom_rf,neuromorpho__A4_slide2_neuron5.swc,pyramidal,543,0.8840,0.6088
neurom_rf,neuromorpho__A4_slide3_16.swc,pyramidal,378,0.8598,0.8752
neurom_rf,neuromorpho__A4_slide3_20.swc,pyramidal,636,0.7091,0.5169
neurom_rf,neuromorpho__A4_slide3_21.swc,pyramidal,591,0.8156,0.5399
neurom_rf,neuromorpho__A4_slide3_9.swc,pyramidal,1599,0.8899,0.5922
neurom_rf,neuromorpho__A586_NeuronC_40x_Tile_Trace_MK.swc,pyramidal,785,0.5783,0.4849
neurom_rf,neuromorpho__A952_NeuronA_40X_Tile_Trace_RK.swc,pyramidal,714,0.5658,0.5132
neurom_rf,neuromorpho__A_RFP_0004_final.swc,pyramidal,711,1.0000,1.0000
neurom_rf,neuromorpho__A_RFP_0005_2final.swc,pyramidal,926,1.0000,1.0000
neurom_rf,neuromorpho__A_RFP_0006_2final.swc,pyramidal,571,1.0000,1.0000
neurom_rf,neuromorpho__A_RFP_0006_final2.swc,pyramidal,1284,1.0000,1.0000
neurom_rf,neuromorpho__A_RFP_0007_final2.swc,pyramidal,730,1.0000,1.0000
neurom_rf,neuromorpho__A_RFP_0008_2final.swc,pyramidal,844,1.0000,1.0000
neurom_rf,neuromorpho__A_RFP_0014_2final.swc,pyramidal,854,1.0000,1.0000
neurom_rf,neuromorpho__A_RFP_0016_final2.swc,pyramidal,1157,1.0000,1.0000
neurom_rf,neuromorpho__A_RFP_0018_final2.swc,pyramidal,1211,1.0000,1.0000
neurom_rf,neuromorpho__AA0314.swc,pyramidal,3854,1.0000,1.0000
neurom_rf,neuromorpho__AA0323.swc,pyramidal,1850,0.9838,0.9772
neurom_rf,neuromorpho__AA0327.swc,pyramidal,3807,0.9887,0.9763
neurom_rf,neuromorpho__AA0331.swc,pyramidal,4335,0.9998,0.9993
neurom_rf,neuromorpho__AA0335.swc,pyramidal,5699,0.9989,0.9957
neurom_rf,neuromorpho__AA0337.swc,pyramidal,4031,0.9998,0.9995
neurom_rf,neuromorpho__AA0342.swc,pyramidal,5842,1.0000,1.0000
neurom_rf,neuromorpho__AA0345.swc,pyramidal,3937,1.0000,1.0000
neurom_rf,neuromorpho__AA0347.swc,pyramidal,4986,1.0000,1.0000
neurom_rf,neuromorpho__AA0348.swc,pyramidal,4144,0.9971,0.9963
neurom_rf,neuromorpho__AA0349.swc,pyramidal,4555,0.9996,0.9992
neurom_rf,neuromorpho__AA0350.swc,pyramidal,4792,1.0000,1.0000
neurom_rf,neuromorpho__AA0351.swc,pyramidal,857,0.9988,0.9985
neurom_rf,neuromorpho__AA0352.swc,pyramidal,3348,1.0000,1.0000
neurom_rf,neuromorpho__AA0358.swc,pyramidal,5381,1.0000,1.0000
neurom_rf,neuromorpho__AA0359.swc,pyramidal,2511,0.9996,0.9988
neurom_rf,neuromorpho__AA0363.swc,pyramidal,2673,0.9951,0.9921
neurom_rf,neuromorpho__AA0366.swc,pyramidal,4502,0.9993,0.9991
neurom_rf,neuromorpho__AA0367.swc,pyramidal,4858,1.0000,1.0000
neurom_rf,neuromorpho__AA0372.swc,pyramidal,2802,1.0000,1.0000
neurom_rf,neuromorpho__AA0377.swc,pyramidal,7405,0.9991,0.9948
neurom_rf,neuromorpho__AA0384.swc,pyramidal,3137,0.9837,0.9301
neurom_rf,neuromorpho__AA0396.swc,pyramidal,33005,0.9980,0.9358
neurom_rf,neuromorpho__AA0400.swc,pyramidal,20014,0.9982,0.9831
neurom_rf,neuromorpho__AA0408.swc,pyramidal,17231,0.9995,0.9943
neurom_rf,neuromorpho__AA0409.swc,pyramidal,15876,0.9975,0.9805
neurom_rf,neuromorpho__AA0417.swc,pyramidal,14252,0.9950,0.9632
neurom_rf,neuromorpho__AA0426.swc,pyramidal,15313,0.9999,0.9992
neurom_rf,neuromorpho__AA0433.swc,pyramidal,2179,0.9674,0.8650
neurom_rf,neuromorpho__AA0442.swc,pyramidal,57368,0.9977,0.9491
neurom_rf,neuromorpho__AA0445.swc,pyramidal,16811,0.9969,0.9689
neurom_rf,neuromorpho__AA0453.swc,pyramidal,2339,0.9979,0.9963
neurom_rf,neuromorpho__AA0464.swc,pyramidal,2184,0.9391,0.8652
neurom_rf,neuromorpho__AA0473.swc,pyramidal,4345,1.0000,1.0000
neurom_rf,neuromorpho__AA0478.swc,pyramidal,522,0.9943,0.9925
neurom_rf,neuromorpho__AA0479.swc,pyramidal,734,0.9550,0.9452
neurom_rf,neuromorpho__AA0489.swc,pyramidal,1095,0.9078,0.9074
neurom_rf,neuromorpho__AA0494.swc,pyramidal,1173,0.9335,0.9047
neurom_rf,neuromorpho__AA0500.swc,pyramidal,531,0.9492,0.9490
neurom_rf,neuromorpho__AA0511.swc,pyramidal,1687,0.9988,0.9931
neurom_rf,neuromorpho__AA0519.swc,pyramidal,4648,1.0000,1.0000
neurom_rf,neuromorpho__AA0525.swc,pyramidal,1280,0.9195,0.9104
neurom_rf,neuromorpho__AA0530.swc,pyramidal,1366,0.9934,0.9883
neurom_rf,neuromorpho__AA0540.swc,pyramidal,1905,0.9927,0.9895
neurom_rf,neuromorpho__AA0543.swc,pyramidal,1496,0.9933,0.9865
neurom_rf,neuromorpho__AA0564.swc,pyramidal,984,0.8720,0.8717
neurom_rf,neuromorpho__AA0565.swc,pyramidal,1275,0.9733,0.9650
neurom_rf,neuromorpho__AA0574.swc,pyramidal,2185,0.9341,0.8945
neurom_rf,neuromorpho__AA0584.swc,pyramidal,2955,0.9702,0.9600
neurom_rf,neuromorpho__AA0601.swc,pyramidal,3272,1.0000,1.0000
neurom_rf,neuromorpho__AA0612.swc,pyramidal,23987,1.0000,0.9997
neurom_rf,neuromorpho__AA0622.swc,pyramidal,45803,0.9983,0.9704
neurom_rf,neuromorpho__AA0626.swc,pyramidal,11290,0.9973,0.9776
neurom_rf,neuromorpho__AA0658.swc,pyramidal,2642,0.9485,0.9186
neurom_rf,neuromorpho__AA0659.swc,pyramidal,3018,0.9695,0.9499
neurom_rf,neuromorpho__AA0661.swc,pyramidal,4130,0.9990,0.9967
neurom_rf,neuromorpho__AA0678.swc,pyramidal,3051,0.9626,0.9032
neurom_rf,neuromorpho__AA0685.swc,pyramidal,2787,0.9889,0.9790
neurom_rf,neuromorpho__AA0710.swc,pyramidal,911,0.9835,0.9705
neurom_rf,neuromorpho__AA0711.swc,pyramidal,2522,0.9461,0.9105
neurom_rf,neuromorpho__AA0713.swc,pyramidal,1402,0.9843,0.9722
neurom_rf,neuromorpho__AA0732.swc,pyramidal,3449,0.9954,0.9835
neurom_rf,neuromorpho__AA0735.swc,pyramidal,27249,0.9989,0.9727
neurom_rf,neuromorpho__AA0736.swc,pyramidal,2039,0.9627,0.9265
neurom_rf,neuromorpho__AA0751.swc,pyramidal,2854,0.9835,0.9361
neurom_rf,neuromorpho__AA0757.swc,pyramidal,1676,0.9988,0.9974
neurom_rf,neuromorpho__AA0767.swc,pyramidal,12578,0.9985,0.9922
neurom_rf,neuromorpho__AA0772.swc,pyramidal,10738,0.9915,0.9590
neurom_rf,neuromorpho__AA0776.swc,pyramidal,3143,0.9745,0.8896
neurom_rf,neuromorpho__AA0781.swc,pyramidal,2977,0.9852,0.9449
neurom_rf,neuromorpho__AA0791.swc,pyramidal,5495,0.9734,0.9451
neurom_rf,neuromorpho__AA0792.swc,pyramidal,3153,0.9851,0.9657
neurom_rf,neuromorpho__AA0794.swc,pyramidal,7576,0.9844,0.9306
neurom_rf,neuromorpho__AA0798.swc,pyramidal,11996,0.9955,0.9625
neurom_rf,neuromorpho__AA0806.swc,pyramidal,4367,0.9940,0.9733
neurom_rf,neuromorpho__AA0813.swc,pyramidal,991,0.9677,0.9459
neurom_rf,neuromorpho__AA0820.swc,pyramidal,1858,0.9386,0.9155
neurom_rf,neuromorpho__AA0823.swc,pyramidal,3906,0.9982,0.9953
neurom_rf,neuromorpho__AA0824.swc,pyramidal,2107,0.9953,0.9898
neurom_rf,neuromorpho__AA0843.swc,pyramidal,1155,0.9853,0.9775
neurom_rf,neuromorpho__AA0850.swc,pyramidal,2407,0.9809,0.9701
neurom_rf,neuromorpho__AA0852.swc,pyramidal,2073,0.9793,0.9496
neurom_rf,neuromorpho__AA0863.swc,pyramidal,1084,0.9935,0.9916
neurom_rf,neuromorpho__AA0865.swc,pyramidal,4937,0.9905,0.9729
neurom_rf,neuromorpho__AA0870.swc,pyramidal,3636,0.9626,0.8787
neurom_rf,neuromorpho__AA0873.swc,pyramidal,3447,0.9713,0.9358
neurom_rf,neuromorpho__AA0876.swc,pyramidal,5531,0.9982,0.9881
neurom_rf,neuromorpho__AA0884.swc,pyramidal,1116,0.9686,0.9444
neurom_rf,neuromorpho__AA0891.swc,pyramidal,1526,0.9705,0.9076
neurom_rf,neuromorpho__AA0899.swc,pyramidal,1272,0.9898,0.9838
neurom_rf,neuromorpho__AA0902.swc,pyramidal,361,0.9474,0.9446
neurom_rf,neuromorpho__AA0906.swc,pyramidal,2717,0.9912,0.9820
neurom_rf,neuromorpho__AA0913.swc,pyramidal,1101,0.6249,0.5991
neurom_rf,neuromorpho__AA0914.swc,pyramidal,1705,0.9760,0.9563
neurom_rf,neuromorpho__AA0919.swc,pyramidal,2851,0.9888,0.9785
neurom_rf,neuromorpho__AA0926.swc,pyramidal,5649,0.9563,0.9046
neurom_rf,neuromorpho__AA0945.swc,pyramidal,5457,0.9848,0.9529
neurom_rf,neuromorpho__AA0953.swc,pyramidal,2550,0.9808,0.9577
neurom_rf,neuromorpho__AA0994.swc,pyramidal,745,0.9463,0.9273
neurom_rf,neuromorpho__alpha-15.swc,pyramidal,70,1.0000,1.0000
neurom_rf,neuromorpho__alpha-17.swc,pyramidal,105,1.0000,1.0000
neurom_rf,neuromorpho__alpha-5.swc,pyramidal,62,1.0000,1.0000
neurom_rf,neuromorpho__APPKO-set1-010.swc,pyramidal,1015,1.0000,1.0000
neurom_rf,neuromorpho__APPKO-set2-004.swc,pyramidal,1097,1.0000,1.0000
neurom_rf,neuromorpho__APPKO-set3-001.swc,pyramidal,1469,1.0000,1.0000
neurom_rf,neuromorpho__APPKO-set3-002.swc,pyramidal,1168,1.0000,1.0000
neurom_rf,neuromorpho__august5s1-cell-1.swc,pyramidal,822,0.5170,0.3406
neurom_rf,neuromorpho__august8s1-cell-3.swc,pyramidal,898,0.9098,0.8876
neurom_rf,neuromorpho__B1_slide1_1.swc,pyramidal,286,0.9406,0.9555
neurom_rf,neuromorpho__B1_slide1_2.swc,pyramidal,389,0.9177,0.9200
neurom_rf,neuromorpho__B1_slide2_10.swc,pyramidal,377,0.9549,0.9483
neurom_rf,neuromorpho__B1_slide2_3.swc,pyramidal,810,0.8642,0.5776
neurom_rf,neuromorpho__B1_slide2_neuron1_II_III.swc,pyramidal,1099,0.6870,0.5173
neurom_rf,neuromorpho__B1_Slide3_1.swc,pyramidal,451,0.7073,0.7868
neurom_rf,neuromorpho__B1_slide3_5.swc,pyramidal,178,0.6404,0.6718
neurom_rf,neuromorpho__B1_slide3_6.swc,pyramidal,385,0.7481,0.4843
neurom_rf,neuromorpho__B1_slide3_9.swc,pyramidal,306,0.6895,0.4687
neurom_rf,neuromorpho__B1_slide3_neuron1.swc,pyramidal,465,0.8516,0.5892
neurom_rf,neuromorpho__B1_slide3_neuron1_II_III.swc,pyramidal,239,0.7113,0.2768
neurom_rf,neuromorpho__B1_slide4_4.swc,pyramidal,661,0.8911,0.6041
neurom_rf,neuromorpho__B1_slide4_neuron1_II_III.swc,pyramidal,909,0.9428,0.8975
neurom_rf,neuromorpho__B1_slide4_neuron4.swc,pyramidal,504,0.8135,0.8673
neurom_rf,neuromorpho__B1_slide4_neuron5.swc,pyramidal,1862,0.8733,0.5743
neurom_rf,neuromorpho__B2_slide1_7.swc,pyramidal,385,0.7558,0.5109
neurom_rf,neuromorpho__B2_slide1_neuron4_II_III.swc,pyramidal,394,0.6827,0.4546
neurom_rf,neuromorpho__B2_slide2_17.swc,pyramidal,333,0.8258,0.8641
neurom_rf,neuromorpho__B2_slide2_5.swc,pyramidal,705,0.9078,0.6177
neurom_rf,neuromorpho__B2_slide2_7.swc,pyramidal,400,0.8175,0.5517
neurom_rf,neuromorpho__B2_slide2_9a.swc,pyramidal,1802,0.9467,0.6356
neurom_rf,neuromorpho__B2_slide2_neuron2.swc,pyramidal,483,0.7350,0.5067
neurom_rf,neuromorpho__B2_slide2_neuron3.swc,pyramidal,478,0.8368,0.8802
neurom_rf,neuromorpho__B2_slide2_neuron5.swc,pyramidal,447,0.8255,0.8231
neurom_rf,neuromorpho__B2_slide3_16.swc,pyramidal,1646,0.8524,0.5507
neurom_rf,neuromorpho__B2_slide3_8.swc,pyramidal,742,0.7574,0.5140
neurom_rf,neuromorpho__B2_slide3_neuron3.swc,pyramidal,372,0.7688,0.6870
neurom_rf,neuromorpho__B3_slide1_4.swc,pyramidal,1101,0.7066,0.4501
neurom_rf,neuromorpho__B3_slide1_neuron2.swc,pyramidal,516,0.8895,0.5976
neurom_rf,neuromorpho__B3_slide1_neuron5.swc,pyramidal,1599,0.8105,0.5488
neurom_rf,neuromorpho__B3_slide2_10.swc,pyramidal,621,0.8341,0.5716
neurom_rf,neuromorpho__B3_slide2_11.swc,pyramidal,1461,0.8960,0.6023
neurom_rf,neuromorpho__B3_slide2_12.swc,pyramidal,1168,0.7654,0.5330
neurom_rf,neuromorpho__B3_slide2_15.swc,pyramidal,311,0.8939,0.9175
neurom_rf,neuromorpho__B3_slide2_4.swc,pyramidal,474,0.7679,0.8366
neurom_rf,neuromorpho__B3_slide2_5.swc,pyramidal,551,0.7731,0.5202
neurom_rf,neuromorpho__B3_slide2_neuron4_.swc,pyramidal,410,0.9707,0.9776
neurom_rf,neuromorpho__B3_slide3_neuron4.swc,pyramidal,422,0.7820,0.8223
neurom_rf,neuromorpho__B3_slide4_neuron1.swc,pyramidal,1721,0.7676,0.4855
neurom_rf,neuromorpho__B4_slide2_8.swc,pyramidal,1385,0.7495,0.5015
neurom_rf,neuromorpho__B4_slide2_neuron2_II_III.swc,pyramidal,1050,0.8457,0.5675
neurom_rf,neuromorpho__B4_slide3_11.swc,pyramidal,417,0.9113,0.6232
neurom_rf,neuromorpho__B4_slide3_12.swc,pyramidal,429,0.7366,0.4697
neurom_rf,neuromorpho__B4_slide3_13.swc,pyramidal,496,0.6935,0.7867
neurom_rf,neuromorpho__B4_slide3_20.swc,pyramidal,753,0.8247,0.5580
neurom_rf,neuromorpho__B4_slide3_5.swc,pyramidal,912,0.7621,0.8157
neurom_rf,neuromorpho__B4_slide3_neuron2.swc,pyramidal,348,0.8075,0.8642
neurom_rf,neuromorpho__B4_slide3_neuron2_II_III.swc,pyramidal,586,0.5802,0.5271
neurom_rf,neuromorpho__B4_slide3_neuron4.swc,pyramidal,407,0.8231,0.5496
neurom_rf,neuromorpho__B4_slide4_1.swc,pyramidal,333,0.6667,0.3841
neurom_rf,neuromorpho__B4_slide4_neuron3.swc,pyramidal,474,1.0000,1.0000
neurom_rf,neuromorpho__B4_slide4_neuron4_II_III.swc,pyramidal,654,0.6208,0.4245
neurom_rf,neuromorpho__B913_NeuronC_40x_Tile_Trace_MK.swc,pyramidal,1414,0.5764,0.5574
neurom_rf,neuromorpho__B924_NeuronA_40X_Tile_Trace_RK.swc,pyramidal,1330,0.5639,0.5569
neurom_rf,neuromorpho__B949_NeuronC_40x_Tile_Trace_RK.swc,pyramidal,796,0.8053,0.8048
neurom_rf,neuromorpho__B_GFP_0003_final.swc,pyramidal,757,1.0000,1.0000
neurom_rf,neuromorpho__B_GFP_0007_final.swc,pyramidal,776,1.0000,1.0000
neurom_rf,neuromorpho__B_GFP_0017_final.swc,pyramidal,742,1.0000,1.0000
neurom_rf,neuromorpho__B_RFP_0001_final.swc,pyramidal,1073,1.0000,1.0000
neurom_rf,neuromorpho__B_RFP_0001_final2.swc,pyramidal,952,1.0000,1.0000
neurom_rf,neuromorpho__B_RFP_0002_final.swc,pyramidal,924,1.0000,1.0000
neurom_rf,neuromorpho__B_RFP_0006_final.swc,pyramidal,790,1.0000,1.0000
neurom_rf,neuromorpho__B_RFP_0008_final.swc,pyramidal,1195,1.0000,1.0000
neurom_rf,neuromorpho__B_RFP_0011_final.swc,pyramidal,872,1.0000,1.0000
neurom_rf,neuromorpho__B_RFP_0015_final.swc,pyramidal,1034,1.0000,1.0000
neurom_rf,neuromorpho__beta-13.swc,pyramidal,241,1.0000,1.0000
neurom_rf,neuromorpho__beta-19.swc,pyramidal,140,1.0000,1.0000
neurom_rf,neuromorpho__beta-4.swc,pyramidal,142,1.0000,1.0000
neurom_rf,neuromorpho__beta-6.swc,pyramidal,127,1.0000,1.0000
neurom_rf,neuromorpho__beta.swc,pyramidal,93,1.0000,1.0000
neurom_rf,neuromorpho__C10-17.swc,pyramidal,364,0.6621,0.6226
neurom_rf,neuromorpho__C10-23.swc,pyramidal,310,0.8839,0.7742
neurom_rf,neuromorpho__C10-3.swc,pyramidal,448,0.8214,0.6305
neurom_rf,neuromorpho__C10-31.swc,pyramidal,480,0.6021,0.5586
neurom_rf,neuromorpho__C10-5.swc,pyramidal,608,0.6003,0.3780
neurom_rf,neuromorpho__C1005-2KO-whole-8.swc,pyramidal,153,0.7516,0.4286
neurom_rf,neuromorpho__C1042-whole-2.swc,pyramidal,61,0.2295,0.1781
neurom_rf,neuromorpho__C1046-ap1-3.swc,pyramidal,81,0.4938,0.6555
neurom_rf,neuromorpho__C1046-whole-4-ap-1.swc,pyramidal,56,0.1250,0.1967
neurom_rf,neuromorpho__C1054-whole-3.swc,pyramidal,50,0.3800,0.5373
neurom_rf,neuromorpho__C3_3.swc,pyramidal,663,0.6275,0.3492
neurom_rf,neuromorpho__C912-WT-basal-2.swc,pyramidal,72,0.9722,0.9857
neurom_rf,neuromorpho__C916-WT-ap1.swc,pyramidal,66,0.0152,0.0000
neurom_rf,neuromorpho__C916-WT-M8-123-3.swc,pyramidal,95,0.0105,0.0000
neurom_rf,neuromorpho__C916-WT-M8base-whole-5.swc,pyramidal,202,0.7921,0.4417
neurom_rf,neuromorpho__C_GFP_0014_final.swc,pyramidal,760,1.0000,1.0000
neurom_rf,neuromorpho__C_RFP_0004_final.swc,pyramidal,662,1.0000,1.0000
neurom_rf,neuromorpho__C_RFP_0010_final.swc,pyramidal,1498,1.0000,1.0000
neurom_rf,neuromorpho__CA1_slide2_neuron1.swc,pyramidal,842,0.7696,0.5276
neurom_rf,neuromorpho__CA1_slide2_neuron2.swc,pyramidal,1861,0.6255,0.4150
neurom_rf,neuromorpho__CA3_slide2_neuron3.swc,pyramidal,1584,0.7740,0.4827
neurom_rf,neuromorpho__CA3_slide2_neuron5.swc,pyramidal,1463,0.7143,0.4777
neurom_rf,neuromorpho__CA4_slide3_neuron3.swc,pyramidal,709,0.7165,0.4600
neurom_rf,neuromorpho__Cell-1-2_10.swc,pyramidal,377,0.8912,0.7896
neurom_rf,neuromorpho__Cell-1-2_8.swc,pyramidal,369,1.0000,1.0000
neurom_rf,neuromorpho__Cell-10-3.swc,pyramidal,148,1.0000,1.0000
neurom_rf,neuromorpho__Cell-10-4_1.swc,pyramidal,458,0.9760,0.9329
neurom_rf,neuromorpho__Cell-11-3_1.swc,pyramidal,364,1.0000,1.0000
neurom_rf,neuromorpho__Cell-12-2_2.swc,pyramidal,256,1.0000,1.0000
neurom_rf,neuromorpho__Cell-12_7.swc,pyramidal,355,0.9465,0.8921
neurom_rf,neuromorpho__Cell-12_8.swc,pyramidal,176,0.9830,0.9729
neurom_rf,neuromorpho__Cell-13-4_1.swc,pyramidal,186,1.0000,1.0000
neurom_rf,neuromorpho__Cell-14_5.swc,pyramidal,259,1.0000,1.0000
neurom_rf,neuromorpho__Cell-15-2.swc,pyramidal,434,1.0000,1.0000
neurom_rf,neuromorpho__Cell-15-3.swc,pyramidal,311,1.0000,1.0000
neurom_rf,neuromorpho__Cell-16_4.swc,pyramidal,145,1.0000,1.0000
neurom_rf,neuromorpho__Cell-16_5.swc,pyramidal,152,1.0000,1.0000
neurom_rf,neuromorpho__Cell-17-2.swc,pyramidal,173,1.0000,1.0000
neurom_rf,neuromorpho__Cell-17_3.swc,pyramidal,329,1.0000,1.0000
neurom_rf,neuromorpho__Cell-17_5.swc,pyramidal,114,1.0000,1.0000
neurom_rf,neuromorpho__Cell-18-3.swc,pyramidal,276,1.0000,1.0000
neurom_rf,neuromorpho__Cell-18-4.swc,pyramidal,258,1.0000,1.0000
neurom_rf,neuromorpho__Cell-18_03.swc,pyramidal,179,1.0000,1.0000
neurom_rf,neuromorpho__Cell-19_2.swc,pyramidal,300,1.0000,1.0000
neurom_rf,neuromorpho__Cell-1_13.swc,pyramidal,142,1.0000,1.0000
neurom_rf,neuromorpho__Cell-2-4_1.swc,pyramidal,300,1.0000,1.0000
neurom_rf,neuromorpho__Cell-3-2_10.swc,pyramidal,347,0.9798,0.9613
neurom_rf,neuromorpho__Cell-3-2_5.swc,pyramidal,154,1.0000,1.0000
neurom_rf,neuromorpho__Cell-3-2_6.swc,pyramidal,246,1.0000,1.0000
neurom_rf,neuromorpho__Cell-3-2_7.swc,pyramidal,153,1.0000,1.0000
neurom_rf,neuromorpho__Cell-3_10.swc,pyramidal,168,1.0000,1.0000
neurom_rf,neuromorpho__Cell-3_14.swc,pyramidal,198,0.9646,0.9475
neurom_rf,neuromorpho__Cell-4-2_6.swc,pyramidal,208,1.0000,1.0000
neurom_rf,neuromorpho__Cell-4-2_7.swc,pyramidal,216,1.0000,1.0000
neurom_rf,neuromorpho__Cell-4-2_8.swc,pyramidal,266,1.0000,1.0000
neurom_rf,neuromorpho__Cell-4-2_9.swc,pyramidal,317,0.9558,0.9280
neurom_rf,neuromorpho__Cell-4-3_2.swc,pyramidal,92,1.0000,1.0000
neurom_rf,neuromorpho__Cell-4-4_2.swc,pyramidal,148,1.0000,1.0000
neurom_rf,neuromorpho__Cell-4-5_1.swc,pyramidal,233,1.0000,1.0000
neurom_rf,neuromorpho__Cell-4_10.swc,pyramidal,125,1.0000,1.0000
neurom_rf,neuromorpho__Cell-4_13.swc,pyramidal,228,1.0000,1.0000
neurom_rf,neuromorpho__Cell-5-3_2.swc,pyramidal,207,1.0000,1.0000
neurom_rf,neuromorpho__Cell-5-4_1.swc,pyramidal,309,1.0000,1.0000
neurom_rf,neuromorpho__Cell-5_10.swc,pyramidal,244,1.0000,1.0000
neurom_rf,neuromorpho__Cell-5_9.swc,pyramidal,250,1.0000,1.0000
neurom_rf,neuromorpho__Cell-6-4_2.swc,pyramidal,323,0.9969,0.9931
neurom_rf,neuromorpho__Cell-6_10.swc,pyramidal,161,0.7950,0.7934
neurom_rf,neuromorpho__Cell-7-2_3.swc,pyramidal,254,1.0000,1.0000
neurom_rf,neuromorpho__Cell-7-2_4.swc,pyramidal,346,1.0000,1.0000
neurom_rf,neuromorpho__Cell-7_6.swc,pyramidal,112,1.0000,1.0000
neurom_rf,neuromorpho__Cell-7_7.swc,pyramidal,187,1.0000,1.0000
neurom_rf,neuromorpho__Cell-8-2_1.swc,pyramidal,176,1.0000,1.0000
neurom_rf,neuromorpho__Cell-8_03.swc,pyramidal,169,1.0000,1.0000
neurom_rf,neuromorpho__Cell-8_5.swc,pyramidal,269,1.0000,1.0000
neurom_rf,neuromorpho__Cell-9-2_5.swc,pyramidal,310,0.9806,0.9539
neurom_rf,neuromorpho__cM2p_11.swc,pyramidal,4698,0.8525,0.8524
neurom_rf,neuromorpho__cM2p_12.swc,pyramidal,3667,0.9504,0.9512
neurom_rf,neuromorpho__cortex-1148-1.swc,pyramidal,72,1.0000,1.0000
neurom_rf,neuromorpho__cortex-1148-6.swc,pyramidal,56,1.0000,1.0000
neurom_rf,neuromorpho__cortex-1155-3.swc,pyramidal,67,1.0000,1.0000
neurom_rf,neuromorpho__cortex-1159-7.swc,pyramidal,81,1.0000,1.0000
neurom_rf,neuromorpho__cortex-1159-8.swc,pyramidal,80,1.0000,1.0000
neurom_rf,neuromorpho__cortex-229-7.swc,pyramidal,54,1.0000,1.0000
neurom_rf,neuromorpho__cortex-420-4.swc,pyramidal,85,1.0000,1.0000
neurom_rf,neuromorpho__cortex-456-5.swc,pyramidal,111,1.0000,1.0000
neurom_rf,neuromorpho__cortex-516-1.swc,pyramidal,98,1.0000,1.0000
neurom_rf,neuromorpho__cortex-516-2.swc,pyramidal,44,1.0000,1.0000
neurom_rf,neuromorpho__cortex-519-1.swc,pyramidal,78,1.0000,1.0000
neurom_rf,neuromorpho__cortex-519-5.swc,pyramidal,30,1.0000,1.0000
neurom_rf,neuromorpho__cortex-519-9.swc,pyramidal,47,1.0000,1.0000
neurom_rf,neuromorpho__cortex-521-4.swc,pyramidal,53,1.0000,1.0000
neurom_rf,neuromorpho__cortex-521-5.swc,pyramidal,34,1.0000,1.0000
neurom_rf,neuromorpho__cortex-537-6.swc,pyramidal,52,1.0000,1.0000
neurom_rf,neuromorpho__cortex-539-1.swc,pyramidal,53,1.0000,1.0000
neurom_rf,neuromorpho__cortex-557-6.swc,pyramidal,54,1.0000,1.0000
neurom_rf,neuromorpho__cortex-570-4.swc,pyramidal,104,1.0000,1.0000
neurom_rf,neuromorpho__cortex-858-3.swc,pyramidal,47,1.0000,1.0000
neurom_rf,neuromorpho__cortex-858-4.swc,pyramidal,63,1.0000,1.0000
neurom_rf,neuromorpho__cortex-858-5.swc,pyramidal,45,1.0000,1.0000
neurom_rf,neuromorpho__cortex-858-6.swc,pyramidal,59,1.0000,1.0000
neurom_rf,neuromorpho__cortex102-2.swc,pyramidal,106,1.0000,1.0000
neurom_rf,neuromorpho__cortex102-3.swc,pyramidal,87,1.0000,1.0000
neurom_rf,neuromorpho__cortex102-5.swc,pyramidal,149,1.0000,1.0000
neurom_rf,neuromorpho__cortex104-4.swc,pyramidal,164,1.0000,1.0000
neurom_rf,neuromorpho__cortex117-7.swc,pyramidal,88,1.0000,1.0000
neurom_rf,neuromorpho__cortex134-3.swc,pyramidal,81,1.0000,1.0000
neurom_rf,neuromorpho__cortex156-3.swc,pyramidal,115,1.0000,1.0000
neurom_rf,neuromorpho__cortex156-6.swc,pyramidal,101,1.0000,1.0000
neurom_rf,neuromorpho__cortex157-7.swc,pyramidal,91,1.0000,1.0000
neurom_rf,neuromorpho__cortex158-1.swc,pyramidal,43,1.0000,1.0000
neurom_rf,neuromorpho__cortex158-6.swc,pyramidal,43,1.0000,1.0000
neurom_rf,neuromorpho__cortex163-3.swc,pyramidal,174,1.0000,1.0000
neurom_rf,neuromorpho__cortex168-2.swc,pyramidal,48,1.0000,1.0000
neurom_rf,neuromorpho__cortex168-6.swc,pyramidal,78,1.0000,1.0000
neurom_rf,neuromorpho__cortex169-1.swc,pyramidal,92,1.0000,1.0000
neurom_rf,neuromorpho__cortex170-5.swc,pyramidal,68,1.0000,1.0000
neurom_rf,neuromorpho__cortex170-6.swc,pyramidal,69,1.0000,1.0000
neurom_rf,neuromorpho__cortex172-1.swc,pyramidal,51,1.0000,1.0000
neurom_rf,neuromorpho__cortex223-5.swc,pyramidal,93,1.0000,1.0000
neurom_rf,neuromorpho__cortex285-2.swc,pyramidal,129,1.0000,1.0000
neurom_rf,neuromorpho__cortex285-4.swc,pyramidal,110,1.0000,1.0000
neurom_rf,neuromorpho__cortex286-1.swc,pyramidal,101,1.0000,1.0000
neurom_rf,neuromorpho__cortex286-3.swc,pyramidal,55,1.0000,1.0000
neurom_rf,neuromorpho__cortex286-4.swc,pyramidal,59,1.0000,1.0000
neurom_rf,neuromorpho__cortex286-5.swc,pyramidal,100,1.0000,1.0000
neurom_rf,neuromorpho__cortex303-1.swc,pyramidal,104,1.0000,1.0000
neurom_rf,neuromorpho__cortex303-4.swc,pyramidal,78,1.0000,1.0000
neurom_rf,neuromorpho__cortex305-3.swc,pyramidal,87,1.0000,1.0000
neurom_rf,neuromorpho__cortex305-7.swc,pyramidal,49,1.0000,1.0000
neurom_rf,neuromorpho__cortex367-3.swc,pyramidal,113,1.0000,1.0000
neurom_rf,neuromorpho__cortex367-5.swc,pyramidal,69,1.0000,1.0000
neurom_rf,neuromorpho__cortex368-4.swc,pyramidal,97,1.0000,1.0000
neurom_rf,neuromorpho__cortex368-5.swc,pyramidal,85,1.0000,1.0000
neurom_rf,neuromorpho__cortex370-1.swc,pyramidal,34,1.0000,1.0000
neurom_rf,neuromorpho__cortex370-5.swc,pyramidal,44,1.0000,1.0000
neurom_rf,neuromorpho__cortex370-6.swc,pyramidal,53,1.0000,1.0000
neurom_rf,neuromorpho__cortex412-2.swc,pyramidal,58,1.0000,1.0000
neurom_rf,neuromorpho__cortex412-6.swc,pyramidal,63,1.0000,1.0000
neurom_rf,neuromorpho__cortex417-1.swc,pyramidal,49,1.0000,1.0000
neurom_rf,neuromorpho__cortex417-2.swc,pyramidal,70,1.0000,1.0000
neurom_rf,neuromorpho__cortex99-6.swc,pyramidal,54,1.0000,1.0000
neurom_rf,neuromorpho__crop0_1_seg_split_9_1-1.swc,pyramidal,837,1.0000,1.0000
neurom_rf,neuromorpho__crop0_2_seg_split_16_1-1.swc,pyramidal,836,1.0000,1.0000
neurom_rf,neuromorpho__crop0_2_seg_split_4_1-2.swc,pyramidal,758,1.0000,1.0000
neurom_rf,neuromorpho__crop0_2_seg_split_5_1-15.swc,pyramidal,1611,1.0000,1.0000
neurom_rf,neuromorpho__crop0_2_seg_split_6_1-35.swc,pyramidal,545,1.0000,1.0000
neurom_rf,neuromorpho__CSp0302-1.swc,pyramidal,12269,0.8644,0.8885
neurom_rf,neuromorpho__ctg_bV1_6.swc,pyramidal,365,0.9315,0.9644
neurom_rf,neuromorpho__ctrl_bV1_3.swc,pyramidal,669,0.8475,0.8302
neurom_rf,neuromorpho__ctrl_bV1_6.swc,pyramidal,857,0.5589,0.5249
neurom_rf,neuromorpho__ctrl_bV1_7.swc,pyramidal,392,0.7143,0.6551
neurom_rf,neuromorpho__Ctrl_V1B-L23_cell4.swc,pyramidal,807,0.9591,0.9791
neurom_rf,neuromorpho__EDF1_D4-Fresh-Hippo-1-EDF_crop-1.swc,pyramidal,736,1.0000,1.0000
neurom_rf,neuromorpho__EDF1_D4-Fresh-Hippo-1-EDF_crop-3.swc,pyramidal,1170,1.0000,1.0000
neurom_rf,neuromorpho__EDF1_D4-Fresh-Hippo-1-EDF_crop-9.swc,pyramidal,1232,1.0000,1.0000
neurom_rf,neuromorpho__EDF2_D4-Fresh-Hippo-2-EDF_crop-6.swc,pyramidal,2313,1.0000,1.0000
neurom_rf,neuromorpho__Exp_V1B-L23_cell1.swc,pyramidal,617,0.9870,0.9935
neurom_rf,neuromorpho__Exp_V1B-L23_cell3.swc,pyramidal,568,0.7465,0.8545
neurom_rf,neuromorpho__Exp_V1B-L5_cell1.swc,pyramidal,1042,0.9213,0.9590
neurom_rf,neuromorpho__Exp_V1B-L5_cell8.swc,pyramidal,907,0.7773,0.8745
neurom_rf,neuromorpho__Fig5a_4cell.swc,pyramidal,1857,0.7211,0.7177
neurom_rf,neuromorpho__Fig5a_8cell.swc,pyramidal,1930,0.8653,0.8650
neurom_rf,neuromorpho__Fresh-2-2.swc,pyramidal,3304,1.0000,1.0000
neurom_rf,neuromorpho__Fresh-3-1.swc,pyramidal,5612,1.0000,1.0000
neurom_rf,neuromorpho__Fresh-8-2.swc,pyramidal,2614,1.0000,1.0000
neurom_rf,neuromorpho__Fresh-D4-Phall-Tau-Map2-16.swc,pyramidal,2045,1.0000,1.0000
neurom_rf,neuromorpho__Fresh-D4-Phall-Tau-Map2-5.swc,pyramidal,866,1.0000,1.0000
neurom_rf,neuromorpho__Fresh-D4-Phall-Tau-Map2-9.swc,pyramidal,2829,1.0000,1.0000
neurom_rf,neuromorpho__Fresh-D4-Phall-Tau-Map2001-10.swc,pyramidal,2538,1.0000,1.0000
neurom_rf,neuromorpho__Fresh-D4-Phall-Tau-Map2001-11.swc,pyramidal,2008,1.0000,1.0000
neurom_rf,neuromorpho__Fresh-D4-Phall-Tau-Map2001-6.swc,pyramidal,521,1.0000,1.0000
neurom_rf,neuromorpho__Fresh-D4-Phall-Tau-Map2001-7.swc,pyramidal,1200,1.0000,1.0000
neurom_rf,neuromorpho__Fresh-D4-Phall-Tau-Map2003-14.swc,pyramidal,1587,1.0000,1.0000
neurom_rf,neuromorpho__Fresh-D4-Phall-Tau-Map2003-22.swc,pyramidal,1048,1.0000,1.0000
neurom_rf,neuromorpho__Fresh-D4-Phall-Tau-Map2003-3.swc,pyramidal,1489,1.0000,1.0000
neurom_rf,neuromorpho__Fresh-D4-Phall-Tau-Map2003-6.swc,pyramidal,887,1.0000,1.0000
neurom_rf,neuromorpho__Fresh-D4-Phall-Tau-Map2003-7.swc,pyramidal,1044,1.0000,1.0000
neurom_rf,neuromorpho__Fresh-D4-Phall-Tau-Map2004-10.swc,pyramidal,2358,1.0000,1.0000
neurom_rf,neuromorpho__Fresh-D4-Phall-Tau-Map2004-12.swc,pyramidal,995,1.0000,1.0000
neurom_rf,neuromorpho__Fresh-D4-Phall-Tau-Map2004-3.swc,pyramidal,1470,1.0000,1.0000
neurom_rf,neuromorpho__Fresh-D4-Phall-Tau-Map2005-3.swc,pyramidal,1159,1.0000,1.0000
neurom_rf,neuromorpho__Fresh-D4-Phall-Tau-Map2009-6.swc,pyramidal,3148,1.0000,1.0000
neurom_rf,neuromorpho__Fresh-D4-Sholl-Exp-3001-4.swc,pyramidal,1552,1.0000,1.0000
neurom_rf,neuromorpho__Fresh-D4-Sholl-Exp-3003-2.swc,pyramidal,354,1.0000,1.0000
neurom_rf,neuromorpho__Fresh-D4-Sholl-Exp-3003-8.swc,pyramidal,1107,1.0000,1.0000
neurom_rf,neuromorpho__Fresh-D4-Sholl-Exp-3005-5.swc,pyramidal,1699,1.0000,1.0000
neurom_rf,neuromorpho__Fresh-D4-Sholl-Exp-3006-3.swc,pyramidal,1638,1.0000,1.0000
neurom_rf,neuromorpho__Fresh-D4-Sholl-Exp-3007-2.swc,pyramidal,596,1.0000,1.0000
neurom_rf,neuromorpho__Fresh-D4-Sholl-Exp-3007-3.swc,pyramidal,932,1.0000,1.0000
neurom_rf,neuromorpho__Fresh-D7-Sholl-Tau-RFP-MAP2001-1.swc,pyramidal,2359,1.0000,1.0000
neurom_rf,neuromorpho__Fresh-D7-Sholl-Tau-RFP-MAP2001-2.swc,pyramidal,1550,1.0000,1.0000
neurom_rf,neuromorpho__Fresh-D7-Sholl-Tau-RFP-MAP2002_crop-1.swc,pyramidal,1515,1.0000,1.0000
neurom_rf,neuromorpho__Fresh-D7-Sholl-Tau-RFP-MAP2003_crop-3.swc,pyramidal,1642,1.0000,1.0000
neurom_rf,neuromorpho__Fresh-D7-Sholl-Tau-RFP-MAP2005_crop-2.swc,pyramidal,4251,1.0000,1.0000
neurom_rf,neuromorpho__Fresh-D7-Sholl-Tau-RFP-MAP2006_crop-4.swc,pyramidal,1858,1.0000,1.0000
neurom_rf,neuromorpho__Fresh-D7-Sholl-Tau-RFP-MAP2006_crop.swc,pyramidal,5980,1.0000,1.0000
neurom_rf,neuromorpho__Fresh-D7-Sholl-Tau-RFP-MAP2007_crop-5.swc,pyramidal,3045,1.0000,1.0000
neurom_rf,neuromorpho__Fresh-D7-Sholl-Tau-RFP-MAP2014_crop-6.swc,pyramidal,2493,1.0000,1.0000
neurom_rf,neuromorpho__Fresh-D7-Sholl-Tau-RFP-MAP2015_crop-3.swc,pyramidal,3144,1.0000,1.0000
neurom_rf,neuromorpho__Fresh-D7-Sholl-Tau-RFP-MAP2015_crop-6.swc,pyramidal,1316,1.0000,1.0000
neurom_rf,neuromorpho__Fresh-D7-Sholl-Tau-RFP-MAP2015_crop.swc,pyramidal,2781,1.0000,1.0000
neurom_rf,neuromorpho__Fresh-Sholl-2-D7-Tau-LA-Map2001_crop-1.swc,pyramidal,1568,1.0000,1.0000
neurom_rf,neuromorpho__Fresh-Sholl-2-D7-Tau-LA-Map2006_crop.swc,pyramidal,3045,0.9993,0.9997
neurom_rf,neuromorpho__Fresh-Sholl-2-D7-Tau-LA-Map2008_crop.swc,pyramidal,4040,1.0000,1.0000
neurom_rf,neuromorpho__Fresh-Sholl-2-D7-Tau-LA-Map2012_crop.swc,pyramidal,1969,1.0000,1.0000
neurom_rf,neuromorpho__Fresh-Sholl-2-D7-Tau-LA-Map2015_crop.swc,pyramidal,2627,1.0000,1.0000
neurom_rf,neuromorpho__g0445-7_cellA.swc,pyramidal,837,0.4337,0.3170
neurom_rf,neuromorpho__g0697P1.swc,pyramidal,3760,0.8460,0.7103
neurom_rf,neuromorpho__g0759_b2.swc,pyramidal,1630,0.8460,0.4510
neurom_rf,neuromorpho__G7-19.swc,pyramidal,253,0.5731,0.3636
neurom_rf,neuromorpho__Green_19weeks_Neuron6.swc,pyramidal,116,1.0000,1.0000
neurom_rf,neuromorpho__Green_1week_Neuron2.swc,pyramidal,31,1.0000,1.0000
neurom_rf,neuromorpho__Green_2w_Neuron7_add'l.swc,pyramidal,22,1.0000,1.0000
neurom_rf,neuromorpho__Green_2weeks_Neuron11add'l.swc,pyramidal,30,1.0000,1.0000
neurom_rf,neuromorpho__Green_2weeks_Neuron9add'l.swc,pyramidal,34,1.0000,1.0000
neurom_rf,neuromorpho__Green_4weeks_Neuron1.swc,pyramidal,137,1.0000,1.0000
neurom_rf,neuromorpho__Green_4weeks_Neuron11_addl.swc,pyramidal,24,0.7917,0.8780
neurom_rf,neuromorpho__Green_4weeks_Neuron14.swc,pyramidal,36,1.0000,1.0000
neurom_rf,neuromorpho__Green_4weeks_Neuron9.swc,pyramidal,48,1.0000,1.0000
neurom_rf,neuromorpho__Green_6weeks_Neuron2_addl.swc,pyramidal,73,0.9589,0.9787
neurom_rf,neuromorpho__Green_6Weeks_Neuron4.swc,pyramidal,47,1.0000,1.0000
neurom_rf,neuromorpho__Green_7-5weeks_Neuron3.swc,pyramidal,48,1.0000,1.0000
neurom_rf,neuromorpho__Green_7-5weeks_Neuron7.swc,pyramidal,94,0.7766,0.8727
neurom_rf,neuromorpho__Green_8weeks_Neuron9.swc,pyramidal,25,1.0000,1.0000
neurom_rf,neuromorpho__group1_cell11.swc,pyramidal,2908,1.0000,1.0000
neurom_rf,neuromorpho__group1_cell17.swc,pyramidal,2458,1.0000,1.0000
neurom_rf,neuromorpho__group1_cell22.swc,pyramidal,1937,1.0000,1.0000
neurom_rf,neuromorpho__group2_cell10.swc,pyramidal,1362,1.0000,1.0000
neurom_rf,neuromorpho__group2_cell6.swc,pyramidal,3853,1.0000,1.0000
neurom_rf,neuromorpho__Gunnersen_A12b3slice1LHS.swc,pyramidal,996,0.7098,0.8301
neurom_rf,neuromorpho__Gunnersen_A14b4slice4RHS.swc,pyramidal,273,1.0000,1.0000
neurom_rf,neuromorpho__Gunnersen_A15b4slice4LHS.swc,pyramidal,159,0.8679,0.9288
neurom_rf,neuromorpho__Gunnersen_A3b1slice5RHS.swc,pyramidal,1715,0.8379,0.9117
neurom_rf,neuromorpho__Gunnersen_B15b4slice1RHS.swc,pyramidal,632,1.0000,1.0000
neurom_rf,neuromorpho__Gunnersen_B15b4slice2RHS.swc,pyramidal,579,0.9948,0.9974
neurom_rf,neuromorpho__Gunnersen_B17b5slice3RHS.swc,pyramidal,946,0.8436,0.9150
neurom_rf,neuromorpho__Gunnersen_B3b1slice2LHS.swc,pyramidal,961,1.0000,1.0000
neurom_rf,neuromorpho__het_1-2_21.swc,pyramidal,127,1.0000,1.0000
neurom_rf,neuromorpho__het_1-3.swc,pyramidal,221,0.9367,0.9671
neurom_rf,neuromorpho__het_10-2.swc,pyramidal,324,1.0000,1.0000
neurom_rf,neuromorpho__het_13_37.swc,pyramidal,153,1.0000,1.0000
neurom_rf,neuromorpho__het_16_30.swc,pyramidal,71,1.0000,1.0000
neurom_rf,neuromorpho__het_1_51.swc,pyramidal,303,0.6700,0.8016
neurom_rf,neuromorpho__het_3-1.swc,pyramidal,206,1.0000,1.0000
neurom_rf,neuromorpho__het_3-2.swc,pyramidal,230,1.0000,1.0000
neurom_rf,neuromorpho__het_4-6.swc,pyramidal,585,0.9761,0.9879
neurom_rf,neuromorpho__het_6_43.swc,pyramidal,45,1.0000,1.0000
neurom_rf,neuromorpho__het_8-2.swc,pyramidal,213,1.0000,1.0000
neurom_rf,neuromorpho__het_8_38.swc,pyramidal,361,0.5429,0.7027
neurom_rf,neuromorpho__het_9-2.swc,pyramidal,285,0.7965,0.8863
neurom_rf,neuromorpho__HIP_CA1_KO_13.swc,pyramidal,706,1.0000,1.0000
neurom_rf,neuromorpho__HIP_CA1_KO_14.swc,pyramidal,656,0.8735,0.9324
neurom_rf,neuromorpho__HIP_CA1_KO_17.swc,pyramidal,1047,0.6925,0.8181
neurom_rf,neuromorpho__HIP_CA1_KO_19.swc,pyramidal,624,0.4551,0.6247
neurom_rf,neuromorpho__HIP_CA1_KO_20.swc,pyramidal,538,0.6190,0.7641
neurom_rf,neuromorpho__HIP_CA1_KO_4.swc,pyramidal,445,0.9910,0.9955
neurom_rf,neuromorpho__HIP_CA1_KO_7.swc,pyramidal,322,1.0000,1.0000
neurom_rf,neuromorpho__HIP_CA1_KO_8.swc,pyramidal,315,1.0000,1.0000
neurom_rf,neuromorpho__HIP_CA1_WT_1.swc,pyramidal,440,0.7909,0.8830
neurom_rf,neuromorpho__HIP_CA1_WT_12.swc,pyramidal,331,0.8973,0.9457
neurom_rf,neuromorpho__HIP_CA1_WT_3.swc,pyramidal,299,0.9699,0.9847
neurom_rf,neuromorpho__HIP_CA1_WT_8.swc,pyramidal,358,0.6201,0.7647
neurom_rf,neuromorpho__hippo-104-2.swc,pyramidal,104,1.0000,1.0000
neurom_rf,neuromorpho__hippo-104-6.swc,pyramidal,70,1.0000,1.0000
neurom_rf,neuromorpho__hippo-1150-7new.swc,pyramidal,78,1.0000,1.0000
neurom_rf,neuromorpho__hippo-1159-3new.swc,pyramidal,105,1.0000,1.0000
neurom_rf,neuromorpho__hippo-116-5.swc,pyramidal,71,1.0000,1.0000
neurom_rf,neuromorpho__hippo-117-1.swc,pyramidal,131,1.0000,1.0000
neurom_rf,neuromorpho__hippo-130-1.swc,pyramidal,102,1.0000,1.0000
neurom_rf,neuromorpho__hippo-130-3.swc,pyramidal,105,1.0000,1.0000
neurom_rf,neuromorpho__hippo-130-4.swc,pyramidal,85,1.0000,1.0000
neurom_rf,neuromorpho__hippo-130-5.swc,pyramidal,90,1.0000,1.0000
neurom_rf,neuromorpho__hippo-134-5.swc,pyramidal,82,1.0000,1.0000
neurom_rf,neuromorpho__hippo-156-3.swc,pyramidal,93,1.0000,1.0000
neurom_rf,neuromorpho__hippo-156-6.swc,pyramidal,94,1.0000,1.0000
neurom_rf,neuromorpho__hippo-157-3.swc,pyramidal,55,1.0000,1.0000
neurom_rf,neuromorpho__hippo-157-4.swc,pyramidal,55,1.0000,1.0000
neurom_rf,neuromorpho__hippo-158-2.swc,pyramidal,103,1.0000,1.0000
neurom_rf,neuromorpho__hippo-163-1.swc,pyramidal,97,1.0000,1.0000
neurom_rf,neuromorpho__hippo-168-3.swc,pyramidal,79,1.0000,1.0000
neurom_rf,neuromorpho__hippo-168-6.swc,pyramidal,85,1.0000,1.0000
neurom_rf,neuromorpho__hippo-171-1.swc,pyramidal,58,1.0000,1.0000
neurom_rf,neuromorpho__hippo-171-6.swc,pyramidal,58,1.0000,1.0000
neurom_rf,neuromorpho__hippo-172-1.swc,pyramidal,134,1.0000,1.0000
neurom_rf,neuromorpho__hippo-172-3.swc,pyramidal,111,1.0000,1.0000
neurom_rf,neuromorpho__hippo-195-3.swc,pyramidal,57,1.0000,1.0000
neurom_rf,neuromorpho__hippo-195-4.swc,pyramidal,79,1.0000,1.0000
neurom_rf,neuromorpho__hippo-195-5.swc,pyramidal,162,1.0000,1.0000
neurom_rf,neuromorpho__hippo-218-1.swc,pyramidal,37,1.0000,1.0000
neurom_rf,neuromorpho__hippo-218-3.swc,pyramidal,122,1.0000,1.0000
neurom_rf,neuromorpho__hippo-225-1.swc,pyramidal,60,1.0000,1.0000
neurom_rf,neuromorpho__hippo-225-5.swc,pyramidal,116,1.0000,1.0000
neurom_rf,neuromorpho__hippo-229-1.swc,pyramidal,47,1.0000,1.0000
neurom_rf,neuromorpho__hippo-420-4.swc,pyramidal,87,1.0000,1.0000
neurom_rf,neuromorpho__hippo-516-6.swc,pyramidal,129,1.0000,1.0000
neurom_rf,neuromorpho__hippo-519-4.swc,pyramidal,80,1.0000,1.0000
neurom_rf,neuromorpho__hippo-519-6.swc,pyramidal,130,1.0000,1.0000
neurom_rf,neuromorpho__hippo-519-8.swc,pyramidal,97,1.0000,1.0000
neurom_rf,neuromorpho__hippo-521-4.swc,pyramidal,117,1.0000,1.0000
neurom_rf,neuromorpho__hippo-531-7.swc,pyramidal,74,1.0000,1.0000
neurom_rf,neuromorpho__hippo-531-8.swc,pyramidal,83,1.0000,1.0000
neurom_rf,neuromorpho__hippo-537-6.swc,pyramidal,91,1.0000,1.0000
neurom_rf,neuromorpho__hippo-557-7.swc,pyramidal,114,1.0000,1.0000
neurom_rf,neuromorpho__hippo-560-3.swc,pyramidal,84,1.0000,1.0000
neurom_rf,neuromorpho__hippo-560-5.swc,pyramidal,117,1.0000,1.0000
neurom_rf,neuromorpho__hippo-570-2.swc,pyramidal,127,1.0000,1.0000
neurom_rf,neuromorpho__hippo-570-3.swc,pyramidal,56,1.0000,1.0000
neurom_rf,neuromorpho__hippo-570-6.swc,pyramidal,79,1.0000,1.0000
neurom_rf,neuromorpho__hippo-570-7.swc,pyramidal,93,1.0000,1.0000
neurom_rf,neuromorpho__hippo-858-3.swc,pyramidal,63,1.0000,1.0000
neurom_rf,neuromorpho__hippo-858-8.swc,pyramidal,91,1.0000,1.0000
neurom_rf,neuromorpho__hippo218-4.swc,pyramidal,76,1.0000,1.0000
neurom_rf,neuromorpho__hippo223-5.swc,pyramidal,86,1.0000,1.0000
neurom_rf,neuromorpho__hippo284-1.swc,pyramidal,220,1.0000,1.0000
neurom_rf,neuromorpho__hippo285-3.swc,pyramidal,89,1.0000,1.0000
neurom_rf,neuromorpho__hippo303-2.swc,pyramidal,109,1.0000,1.0000
neurom_rf,neuromorpho__hippo303-3.swc,pyramidal,81,1.0000,1.0000
neurom_rf,neuromorpho__hippo303-4.swc,pyramidal,115,1.0000,1.0000
neurom_rf,neuromorpho__hippo305-7.swc,pyramidal,87,1.0000,1.0000
neurom_rf,neuromorpho__hippo361-4.swc,pyramidal,103,1.0000,1.0000
neurom_rf,neuromorpho__hippo367-5.swc,pyramidal,115,1.0000,1.0000
neurom_rf,neuromorpho__hippo367-7.swc,pyramidal,127,1.0000,1.0000
neurom_rf,neuromorpho__hippo368-3.swc,pyramidal,70,1.0000,1.0000
neurom_rf,neuromorpho__hippo401-1.swc,pyramidal,72,1.0000,1.0000
neurom_rf,neuromorpho__hippo401-3.swc,pyramidal,94,1.0000,1.0000
neurom_rf,neuromorpho__hippo401-7.swc,pyramidal,117,1.0000,1.0000
neurom_rf,neuromorpho__hippo412-2.swc,pyramidal,98,1.0000,1.0000
neurom_rf,neuromorpho__hippo412-4.swc,pyramidal,165,1.0000,1.0000
neurom_rf,neuromorpho__I03192A.swc,pyramidal,2959,0.8026,0.5603
neurom_rf,neuromorpho__I0319_5B.swc,pyramidal,1587,0.2779,0.2171
neurom_rf,neuromorpho__I03471.swc,pyramidal,2645,0.9478,0.6389
neurom_rf,neuromorpho__I03485.swc,pyramidal,2436,0.8539,0.5995
neurom_rf,neuromorpho__I03539.swc,pyramidal,2326,0.8723,0.7199
neurom_rf,neuromorpho__I5-16.swc,pyramidal,298,0.9396,0.8996
neurom_rf,neuromorpho__I5-23.swc,pyramidal,288,0.8993,0.8970
neurom_rf,neuromorpho__I5-28.swc,pyramidal,371,0.8814,0.8373
neurom_rf,neuromorpho__IF1_190301.swc,pyramidal,6044,0.8321,0.4996
neurom_rf,neuromorpho__IF3_040400.swc,pyramidal,4893,0.8488,0.7152
neurom_rf,neuromorpho__IF4_140201.swc,pyramidal,4693,0.9131,0.7860
neurom_rf,neuromorpho__iPRCp_02.swc,pyramidal,7076,0.7035,0.6920
neurom_rf,neuromorpho__iPRCp_05.swc,pyramidal,10230,0.6162,0.6092
neurom_rf,neuromorpho__iPRCp_08.swc,pyramidal,7508,0.8098,0.8094
neurom_rf,neuromorpho__iPRCp_11.swc,pyramidal,10001,0.7819,0.7817
neurom_rf,neuromorpho__iPRCp_13.swc,pyramidal,8119,0.8177,0.7998
neurom_rf,neuromorpho__jerry-14.swc,pyramidal,250,0.9920,0.9960
neurom_rf,neuromorpho__Jul26-IR2-2F.swc,pyramidal,889,0.8099,0.7674
neurom_rf,neuromorpho__Jul26-IR2-2H.swc,pyramidal,1889,0.9280,0.8766
neurom_rf,neuromorpho__Jul26-IR3-3E.swc,pyramidal,7172,0.8235,0.8236
neurom_rf,neuromorpho__Jul26IR4e-40x-low-MM.swc,pyramidal,3666,0.9430,0.9411
neurom_rf,neuromorpho__Jun1IR2h.swc,pyramidal,1972,0.9031,0.8996
neurom_rf,neuromorpho__KO1-4-1-3.swc,pyramidal,421,0.6722,0.3658
neurom_rf,neuromorpho__KO1-Neuron2.swc,pyramidal,48,0.2083,0.1607
neurom_rf,neuromorpho__KO1-Neuron6.swc,pyramidal,25,0.3200,0.2258
neurom_rf,neuromorpho__KO2-neuron10.swc,pyramidal,106,0.7170,0.4167
neurom_rf,neuromorpho__KO2-neuron5_a.swc,pyramidal,107,0.1495,0.1707
neurom_rf,neuromorpho__ko20x-05.swc,pyramidal,83,0.8675,0.8544
neurom_rf,neuromorpho__ko20x-13.swc,pyramidal,71,0.6056,0.4562
neurom_rf,neuromorpho__ko20x-15.swc,pyramidal,173,0.9538,0.9449
neurom_rf,neuromorpho__ko20x-16.swc,pyramidal,117,0.9573,0.9611
neurom_rf,neuromorpho__KO4-5-1-6.swc,pyramidal,258,0.4070,0.2122
neurom_rf,neuromorpho__KO5-Neuron6.swc,pyramidal,45,0.3333,0.2414
neurom_rf,neuromorpho__KOA-2-13-5.swc,pyramidal,469,0.5778,0.6804
neurom_rf,neuromorpho__KOA-3-2-9.swc,pyramidal,399,0.6842,0.4977
neurom_rf,neuromorpho__Layer-2-3-Ethanol-18.swc,pyramidal,207,0.8792,0.8785
neurom_rf,neuromorpho__Layer-2-3-Ethanol-21.swc,pyramidal,459,0.7887,0.7882
neurom_rf,neuromorpho__Layer-2-3-Ethanol-22.swc,pyramidal,460,0.8239,0.7913
neurom_rf,neuromorpho__Layer-2-3-Ethanol-23.swc,pyramidal,183,0.7432,0.7137
neurom_rf,neuromorpho__Layer-2-3-Ethanol-7.swc,pyramidal,345,0.6667,0.4816
neurom_rf,neuromorpho__Layer-2-3-Sucrose-3.swc,pyramidal,202,0.4901,0.3591
neurom_rf,neuromorpho__Layer-5-Ethanol-20.swc,pyramidal,332,0.9337,0.9240
neurom_rf,neuromorpho__Layer-5-Ethanol-23.swc,pyramidal,332,0.7861,0.7826
neurom_rf,neuromorpho__Layer-5-Ethanol-3.swc,pyramidal,804,0.8408,0.8308
neurom_rf,neuromorpho__Layer-5-Ethanol-7.swc,pyramidal,1134,0.8765,0.8757
neurom_rf,neuromorpho__Layer-5-Ethanol-8.swc,pyramidal,872,0.8268,0.8185
neurom_rf,neuromorpho__Layer-5-Sucrose-8.swc,pyramidal,782,0.9808,0.9824
neurom_rf,neuromorpho__Layer-6-Ethanol-15.swc,pyramidal,223,0.6099,0.5738
neurom_rf,neuromorpho__Layer-6-Ethanol-16.swc,pyramidal,353,0.8017,0.7006
neurom_rf,neuromorpho__Layer-6-Ethanol-19.swc,pyramidal,187,0.8182,0.8146
neurom_rf,neuromorpho__Layer-6-Ethanol-20.swc,pyramidal,223,0.8117,0.8430
neurom_rf,neuromorpho__Layer-6-Ethanol-22.swc,pyramidal,204,0.8088,0.8079
neurom_rf,neuromorpho__Layer-6-Ethanol-5.swc,pyramidal,351,0.8376,0.8133
neurom_rf,neuromorpho__Layer-6-Sucrose-14.swc,pyramidal,153,0.8954,0.8737
neurom_rf,neuromorpho__Layer-6-Sucrose-2.swc,pyramidal,433,0.9076,0.9064
neurom_rf,neuromorpho__Layer-6-Sucrose-3.swc,pyramidal,703,0.6558,0.5781
neurom_rf,neuromorpho__Layer-6-Sucrose-8.swc,pyramidal,472,0.9407,0.9365
neurom_rf,neuromorpho__Layer-6-Sucrose-9.swc,pyramidal,600,0.8983,0.8951
neurom_rf,neuromorpho__LES6-MUT-1117-Neuron-1.swc,pyramidal,813,0.7946,0.8351
neurom_rf,neuromorpho__LES6-mut-1203-neuron-2.swc,pyramidal,365,0.8164,0.8042
neurom_rf,neuromorpho__LES6-WT-1204-neuron-1.swc,pyramidal,794,0.8312,0.8351
neurom_rf,neuromorpho__M1_13.swc,pyramidal,1874,1.0000,1.0000
neurom_rf,neuromorpho__M1_16.swc,pyramidal,2466,1.0000,1.0000
neurom_rf,neuromorpho__M1_21.swc,pyramidal,2396,1.0000,1.0000
neurom_rf,neuromorpho__M1_23.swc,pyramidal,1520,1.0000,1.0000
neurom_rf,neuromorpho__M1_32.swc,pyramidal,726,1.0000,1.0000
neurom_rf,neuromorpho__M1_34.swc,pyramidal,2597,0.9746,0.9871
neurom_rf,neuromorpho__M1_35.swc,pyramidal,2548,1.0000,1.0000
neurom_rf,neuromorpho__M1_36.swc,pyramidal,2539,1.0000,1.0000
neurom_rf,neuromorpho__M1_42.swc,pyramidal,2190,0.9904,0.9952
neurom_rf,neuromorpho__M1_43.swc,pyramidal,1477,1.0000,1.0000
neurom_rf,neuromorpho__M1_5.swc,pyramidal,3097,1.0000,1.0000
neurom_rf,neuromorpho__M1KO_10.swc,pyramidal,715,1.0000,1.0000
neurom_rf,neuromorpho__M1KO_13.swc,pyramidal,892,1.0000,1.0000
neurom_rf,neuromorpho__M1KO_19.swc,pyramidal,527,1.0000,1.0000
neurom_rf,neuromorpho__M1KO_25.swc,pyramidal,2625,1.0000,1.0000
neurom_rf,neuromorpho__M1KO_28.swc,pyramidal,3285,1.0000,1.0000
neurom_rf,neuromorpho__M1KO_3.swc,pyramidal,1089,1.0000,1.0000
neurom_rf,neuromorpho__M1KO_33.swc,pyramidal,2271,1.0000,1.0000
neurom_rf,neuromorpho__M1KO_39.swc,pyramidal,601,1.0000,1.0000
neurom_rf,neuromorpho__M1KO_41.swc,pyramidal,624,1.0000,1.0000
neurom_rf,neuromorpho__M1KO_45.swc,pyramidal,423,1.0000,1.0000
neurom_rf,neuromorpho__M1KO_46.swc,pyramidal,428,1.0000,1.0000
neurom_rf,neuromorpho__m1s2s2b-l-sup.swc,pyramidal,320,0.5250,0.3436
neurom_rf,neuromorpho__m1s2s7t-d-mid.swc,pyramidal,280,0.4500,0.3094
neurom_rf,neuromorpho__M2_14.swc,pyramidal,743,1.0000,1.0000
neurom_rf,neuromorpho__M2_15.swc,pyramidal,873,1.0000,1.0000
neurom_rf,neuromorpho__M2_19.swc,pyramidal,1399,1.0000,1.0000
neurom_rf,neuromorpho__M2_20.swc,pyramidal,716,1.0000,1.0000
neurom_rf,neuromorpho__M2_21.swc,pyramidal,1072,1.0000,1.0000
neurom_rf,neuromorpho__M2_22.swc,pyramidal,882,1.0000,1.0000
neurom_rf,neuromorpho__M2_23.swc,pyramidal,1166,1.0000,1.0000
neurom_rf,neuromorpho__M2_27.swc,pyramidal,955,1.0000,1.0000
neurom_rf,neuromorpho__M2_3.swc,pyramidal,1077,1.0000,1.0000
neurom_rf,neuromorpho__M2_34.swc,pyramidal,889,1.0000,1.0000
neurom_rf,neuromorpho__M2_36.swc,pyramidal,542,1.0000,1.0000
neurom_rf,neuromorpho__M2_37.swc,pyramidal,1281,1.0000,1.0000
neurom_rf,neuromorpho__M2_38.swc,pyramidal,659,1.0000,1.0000
neurom_rf,neuromorpho__M2_40.swc,pyramidal,716,1.0000,1.0000
neurom_rf,neuromorpho__M2_45.swc,pyramidal,866,1.0000,1.0000
neurom_rf,neuromorpho__M2_46.swc,pyramidal,644,1.0000,1.0000
neurom_rf,neuromorpho__M2_47.swc,pyramidal,789,1.0000,1.0000
neurom_rf,neuromorpho__M2_55.swc,pyramidal,1343,1.0000,1.0000
neurom_rf,neuromorpho__M2_58.swc,pyramidal,992,1.0000,1.0000
neurom_rf,neuromorpho__M2_6.swc,pyramidal,1064,1.0000,1.0000
neurom_rf,neuromorpho__M2KO_1.swc,pyramidal,880,1.0000,1.0000
neurom_rf,neuromorpho__M2KO_11.swc,pyramidal,1095,1.0000,1.0000
neurom_rf,neuromorpho__M2KO_13.swc,pyramidal,736,1.0000,1.0000
neurom_rf,neuromorpho__M2KO_27.swc,pyramidal,636,1.0000,1.0000
neurom_rf,neuromorpho__M2KO_8.swc,pyramidal,932,1.0000,1.0000
neurom_rf,neuromorpho__Mouse-CA2-Mb-Pyramidal-Cell.swc,pyramidal,1486,0.7463,0.7447
neurom_rf,neuromorpho__Mouse-CA2-Mc-Pyramidal-Cell-1.swc,pyramidal,1363,0.8481,0.7941
neurom_rf,neuromorpho__Mouse_CA2_B_Cell.swc,pyramidal,6055,0.6365,0.5740
neurom_rf,neuromorpho__Mouse_CA2_Ma_Cell.swc,pyramidal,3718,0.8405,0.7535
neurom_rf,neuromorpho__Mouse_CA2_Ma_Cell_1.swc,pyramidal,3251,0.8966,0.7152
neurom_rf,neuromorpho__Mouse_CA2_Ma_Cell_2.swc,pyramidal,6385,0.9400,0.8052
neurom_rf,neuromorpho__Mouse_CA2_Ma_Cell_5.swc,pyramidal,5333,0.8344,0.7954
neurom_rf,neuromorpho__Mouse_CA2_Ma_Cell_6.swc,pyramidal,6587,0.7512,0.5115
neurom_rf,neuromorpho__Mouse_CA2_Ma_Cell_7.swc,pyramidal,8053,0.8151,0.7575
neurom_rf,neuromorpho__Mouse_CA2_Ma_Cell_8.swc,pyramidal,5769,0.7103,0.6145
neurom_rf,neuromorpho__Mouse_CA2_Ma_Cell_9_Mc_Cell_4-2.swc,pyramidal,3232,0.9199,0.7776
neurom_rf,neuromorpho__Mouse_CA2_Mb_Cell.swc,pyramidal,2961,0.8004,0.5183
neurom_rf,neuromorpho__Mouse_CA2_Mb_Cell_9.swc,pyramidal,5205,0.7464,0.7238
neurom_rf,neuromorpho__mPFC_w1_L5_01.swc,pyramidal,3065,0.8551,0.5706
neurom_rf,neuromorpho__mPFC_w1_L5_04.swc,pyramidal,1761,0.6951,0.5073
neurom_rf,neuromorpho__mPFC_w1_L5_05.swc,pyramidal,935,0.9123,0.8982
neurom_rf,neuromorpho__mPFC_w1_L5_08.swc,pyramidal,976,0.8914,0.8559
neurom_rf,neuromorpho__mPFC_w2_L3_02.swc,pyramidal,1639,0.9347,0.9298
neurom_rf,neuromorpho__mPFC_w2_L3_06.swc,pyramidal,1124,0.8577,0.8545
neurom_rf,neuromorpho__mPFC_w2_L5_01.swc,pyramidal,3202,0.7833,0.5235
neurom_rf,neuromorpho__mPFC_w2_L5_03.swc,pyramidal,2934,0.8330,0.8346
neurom_rf,neuromorpho__mPFC_w2_L5_08.swc,pyramidal,1829,0.8710,0.8677
neurom_rf,neuromorpho__mPFC_w4_L3_01.swc,pyramidal,1395,0.8129,0.5523
neurom_rf,neuromorpho__mPFC_w4_L3_05.swc,pyramidal,1500,0.8120,0.8103
neurom_rf,neuromorpho__mPFC_w4_L5_04.swc,pyramidal,3439,0.8741,0.5807
neurom_rf,neuromorpho__mPFC_w4_L5_09.swc,pyramidal,1938,0.7296,0.7266
neurom_rf,neuromorpho__ms92_slice6_cell4.swc,pyramidal,4112,1.0000,1.0000
neurom_rf,neuromorpho__N001.swc,pyramidal,2311,0.9139,0.8530
neurom_rf,neuromorpho__N011.swc,pyramidal,3142,0.9653,0.9249
neurom_rf,neuromorpho__N018.swc,pyramidal,2262,0.9138,0.8826
neurom_rf,neuromorpho__N019.swc,pyramidal,726,0.6419,0.4821
neurom_rf,neuromorpho__N020.swc,pyramidal,5460,0.9408,0.8890
neurom_rf,neuromorpho__N023.swc,pyramidal,7346,0.8285,0.7342
neurom_rf,neuromorpho__N027.swc,pyramidal,1579,0.7226,0.6088
neurom_rf,neuromorpho__N030.swc,pyramidal,477,0.6960,0.5030
neurom_rf,neuromorpho__N040.swc,pyramidal,2500,0.8520,0.7461
neurom_rf,neuromorpho__N042.swc,pyramidal,1663,0.8515,0.8523
neurom_rf,neuromorpho__N046.swc,pyramidal,2246,0.7600,0.7401
neurom_rf,neuromorpho__N049.swc,pyramidal,4506,0.8213,0.7587
neurom_rf,neuromorpho__N053.swc,pyramidal,5082,0.7934,0.7946
neurom_rf,neuromorpho__N056.swc,pyramidal,1775,0.8456,0.8863
neurom_rf,neuromorpho__N063.swc,pyramidal,3307,0.9298,0.8696
neurom_rf,neuromorpho__N069.swc,pyramidal,1410,0.9085,0.8839
neurom_rf,neuromorpho__N084.swc,pyramidal,3064,0.9478,0.8870
neurom_rf,neuromorpho__N089.swc,pyramidal,2570,0.8899,0.8548
neurom_rf,neuromorpho__N092.swc,pyramidal,1291,0.8335,0.8141
neurom_rf,neuromorpho__N097.swc,pyramidal,6769,0.8366,0.8061
neurom_rf,neuromorpho__N098.swc,pyramidal,5646,0.8463,0.6742
neurom_rf,neuromorpho__N101.swc,pyramidal,3540,0.9226,0.5824
neurom_rf,neuromorpho__N105.swc,pyramidal,2138,0.9804,0.9715
neurom_rf,neuromorpho__N107.swc,pyramidal,2735,0.9346,0.8888
neurom_rf,neuromorpho__n120.swc,pyramidal,2619,0.8442,0.8427
neurom_rf,neuromorpho__n128.swc,pyramidal,3906,0.8812,0.8697
neurom_rf,neuromorpho__n129.swc,pyramidal,2063,0.9292,0.9130
neurom_rf,neuromorpho__n175.swc,pyramidal,3257,0.7706,0.7783
neurom_rf,neuromorpho__n178.swc,pyramidal,4516,0.7989,0.7864
neurom_rf,neuromorpho__n179.swc,pyramidal,11861,0.7828,0.7594
neurom_rf,neuromorpho__n18fts.swc,pyramidal,1372,0.9978,0.9989
neurom_rf,neuromorpho__n20fts.swc,pyramidal,2455,1.0000,1.0000
neurom_rf,neuromorpho__n22fts.swc,pyramidal,1270,1.0000,1.0000
neurom_rf,neuromorpho__n23fts.swc,pyramidal,2814,0.9975,0.9988
neurom_rf,neuromorpho__n29fts.swc,pyramidal,1848,0.9816,0.9907
neurom_rf,neuromorpho__n2fts.swc,pyramidal,658,1.0000,1.0000
neurom_rf,neuromorpho__n3fts.swc,pyramidal,1290,0.9853,0.9926
neurom_rf,neuromorpho__n422.swc,pyramidal,5605,0.2284,0.2865
neurom_rf,neuromorpho__n423.swc,pyramidal,2143,0.8497,0.8614
neurom_rf,neuromorpho__Neuron-2-E-and-I-synapses.swc,pyramidal,37032,0.7830,0.7760
neurom_rf,neuromorpho__Neuron-3_2_2.swc,pyramidal,1575,0.9867,0.9933
neurom_rf,neuromorpho__neuron-4_1.swc,pyramidal,1961,1.0000,1.0000
neurom_rf,neuromorpho__Neuron-7-E-and-I-synapses.swc,pyramidal,35727,0.8455,0.8472
neurom_rf,neuromorpho__Nov-9-IR-1-4d-40x-low-res.swc,pyramidal,1881,0.7948,0.7218
neurom_rf,neuromorpho__Nov4IR1e.swc,pyramidal,2386,0.5780,0.3872
neurom_rf,neuromorpho__Oct28IR1b-40x-NL.swc,pyramidal,5169,0.6831,0.5143
neurom_rf,neuromorpho__Oct9-IR2-5s-40x-MM.swc,pyramidal,5090,0.8849,0.8733
neurom_rf,neuromorpho__Oct9-IR3-4fo.swc,pyramidal,1523,0.7019,0.7014
neurom_rf,neuromorpho__Oct9-IR3-4H.swc,pyramidal,2831,0.6789,0.6644
neurom_rf,neuromorpho__Oi27rpy1-1.swc,pyramidal,62146,0.9155,0.7286
neurom_rf,neuromorpho__oi53rpy1-1.swc,pyramidal,8185,0.9245,0.6984
neurom_rf,neuromorpho__oi57lpy6-1.swc,pyramidal,7613,0.8919,0.6124
neurom_rf,neuromorpho__oi57rpy1-1.swc,pyramidal,14238,0.9659,0.7745
neurom_rf,neuromorpho__omega-16.swc,pyramidal,210,1.0000,1.0000
neurom_rf,neuromorpho__omega-19.swc,pyramidal,317,1.0000,1.0000
neurom_rf,neuromorpho__PRL_10.swc,pyramidal,787,1.0000,1.0000
neurom_rf,neuromorpho__PRL_17.swc,pyramidal,301,1.0000,1.0000
neurom_rf,neuromorpho__PRL_2.swc,pyramidal,527,1.0000,1.0000
neurom_rf,neuromorpho__PRL_21.swc,pyramidal,500,1.0000,1.0000
neurom_rf,neuromorpho__PRL_22.swc,pyramidal,498,1.0000,1.0000
neurom_rf,neuromorpho__PRL_32.swc,pyramidal,362,1.0000,1.0000
neurom_rf,neuromorpho__PRL_37.swc,pyramidal,845,1.0000,1.0000
neurom_rf,neuromorpho__PRL_39.swc,pyramidal,477,1.0000,1.0000
neurom_rf,neuromorpho__PRL_4.swc,pyramidal,378,1.0000,1.0000
neurom_rf,neuromorpho__PRL_45.swc,pyramidal,760,1.0000,1.0000
neurom_rf,neuromorpho__PRL_49.swc,pyramidal,271,1.0000,1.0000
neurom_rf,neuromorpho__PRL_6.swc,pyramidal,652,1.0000,1.0000
neurom_rf,neuromorpho__PRL_8.swc,pyramidal,517,1.0000,1.0000
neurom_rf,neuromorpho__PRLKO_10.swc,pyramidal,686,1.0000,1.0000
neurom_rf,neuromorpho__PRLKO_12.swc,pyramidal,635,1.0000,1.0000
neurom_rf,neuromorpho__PRLKO_22.swc,pyramidal,905,1.0000,1.0000
neurom_rf,neuromorpho__PRLKO_29.swc,pyramidal,710,0.9465,0.9725
neurom_rf,neuromorpho__PRLKO_3.swc,pyramidal,297,1.0000,1.0000
neurom_rf,neuromorpho__PRLKO_8.swc,pyramidal,394,1.0000,1.0000
neurom_rf,neuromorpho__PVCre_cell4.swc,pyramidal,1231,0.7019,0.4833
neurom_rf,neuromorpho__Red_19weeks_Neuron5.swc,pyramidal,61,1.0000,1.0000
neurom_rf,neuromorpho__Red_19weeks_Neuron6.swc,pyramidal,49,1.0000,1.0000
neurom_rf,neuromorpho__Red_1week_Neuron3_addl.swc,pyramidal,29,1.0000,1.0000
neurom_rf,neuromorpho__Red_2weeks__Neuron3.swc,pyramidal,47,1.0000,1.0000
neurom_rf,neuromorpho__Red_2weeks_Neuron5.swc,pyramidal,63,1.0000,1.0000
neurom_rf,neuromorpho__Red_4weeks_Neuron12_addl.swc,pyramidal,79,0.8228,0.9014
neurom_rf,neuromorpho__Red_6weeks_Neuron1_addl.swc,pyramidal,32,1.0000,1.0000
neurom_rf,neuromorpho__Red_7-5w_Neuron6.swc,pyramidal,27,1.0000,1.0000
neurom_rf,neuromorpho__Red_7-5week_Neuron5.swc,pyramidal,68,1.0000,1.0000
neurom_rf,neuromorpho__Red_7-5weeks_Neuron2.swc,pyramidal,16,1.0000,1.0000
neurom_rf,neuromorpho__Red_8weeks_Neuron6.swc,pyramidal,28,0.8214,0.8980
neurom_rf,neuromorpho__S1_21.swc,pyramidal,291,1.0000,1.0000
neurom_rf,neuromorpho__S1_23.swc,pyramidal,720,1.0000,1.0000
neurom_rf,neuromorpho__S1_29.swc,pyramidal,749,1.0000,1.0000
neurom_rf,neuromorpho__S1_32.swc,pyramidal,419,1.0000,1.0000
neurom_rf,neuromorpho__S1_36.swc,pyramidal,449,1.0000,1.0000
neurom_rf,neuromorpho__S1_39.swc,pyramidal,363,1.0000,1.0000
neurom_rf,neuromorpho__S1_46.swc,pyramidal,602,1.0000,1.0000
neurom_rf,neuromorpho__S1_6.swc,pyramidal,589,1.0000,1.0000
neurom_rf,neuromorpho__S1KO_10.swc,pyramidal,1067,1.0000,1.0000
neurom_rf,neuromorpho__S1KO_11.swc,pyramidal,742,1.0000,1.0000
neurom_rf,neuromorpho__S1KO_15.swc,pyramidal,677,1.0000,1.0000
neurom_rf,neuromorpho__S1KO_22.swc,pyramidal,1181,1.0000,1.0000
neurom_rf,neuromorpho__S1KO_24.swc,pyramidal,545,1.0000,1.0000
neurom_rf,neuromorpho__S1KO_3.swc,pyramidal,516,1.0000,1.0000
neurom_rf,neuromorpho__S1KO_34.swc,pyramidal,960,1.0000,1.0000
neurom_rf,neuromorpho__S1KO_38.swc,pyramidal,817,1.0000,1.0000
neurom_rf,neuromorpho__S1KO_4.swc,pyramidal,699,1.0000,1.0000
neurom_rf,neuromorpho__S1KO_45.swc,pyramidal,978,1.0000,1.0000
neurom_rf,neuromorpho__S1KO_7.swc,pyramidal,1108,1.0000,1.0000
neurom_rf,neuromorpho__S2999_RS-x1-25.swc,pyramidal,5201,0.8975,0.8977
neurom_rf,neuromorpho__S2_10.swc,pyramidal,1932,1.0000,1.0000
neurom_rf,neuromorpho__S2_13.swc,pyramidal,1953,1.0000,1.0000
neurom_rf,neuromorpho__S2_15.swc,pyramidal,1760,1.0000,1.0000
neurom_rf,neuromorpho__S2_19.swc,pyramidal,2793,1.0000,1.0000
neurom_rf,neuromorpho__S2_7.swc,pyramidal,1655,1.0000,1.0000
neurom_rf,neuromorpho__S2KO_11.swc,pyramidal,461,1.0000,1.0000
neurom_rf,neuromorpho__S2KO_12.swc,pyramidal,1075,1.0000,1.0000
neurom_rf,neuromorpho__S2KO_15.swc,pyramidal,530,1.0000,1.0000
neurom_rf,neuromorpho__S2KO_32.swc,pyramidal,1700,1.0000,1.0000
neurom_rf,neuromorpho__S2KO_34.swc,pyramidal,1684,1.0000,1.0000
neurom_rf,neuromorpho__Saline02_Neuron1_CA1_PN_C_Slide3_R2_C4.swc,pyramidal,612,0.8186,0.9001
neurom_rf,neuromorpho__Saline02_Neuron2_CA1_PN_C_Slide3_R2_C1.swc,pyramidal,459,1.0000,1.0000
neurom_rf,neuromorpho__Saline03_Neuron1_CA1_PN_F_Slide3_R2_C4.swc,pyramidal,658,0.8678,0.9291
neurom_rf,neuromorpho__Saline03_Neuron3_CA1_PN_F_Slide4_R2_C1_40x.swc,pyramidal,621,0.8519,0.9199
neurom_rf,neuromorpho__SDGA1_slide2_neuron1.swc,pyramidal,1244,0.8280,0.5796
neurom_rf,neuromorpho__SDGA1_slide2_neuron4.swc,pyramidal,2516,0.8569,0.5749
neurom_rf,neuromorpho__SDGA2_slide2_neuron3.swc,pyramidal,1615,0.7783,0.5483
neurom_rf,neuromorpho__SDGA2_slide3_neuron1.swc,pyramidal,1627,0.8285,0.5524
neurom_rf,neuromorpho__SDGA4_slide2_neuron2.swc,pyramidal,1214,0.9020,0.5944
neurom_rf,neuromorpho__Sept12-IR3e-40x-low-AG-AT-MM.swc,pyramidal,4958,0.9478,0.9476
neurom_rf,neuromorpho__sigma-5.swc,pyramidal,114,1.0000,1.0000
neurom_rf,neuromorpho__sigma-6.swc,pyramidal,123,1.0000,1.0000
neurom_rf,neuromorpho__sigma.swc,pyramidal,143,1.0000,1.0000
neurom_rf,neuromorpho__SstCre_cell7.swc,pyramidal,1315,0.5171,0.4731
neurom_rf,neuromorpho__Stroke-Dec-7-IR-2-2c.swc,pyramidal,1034,0.8491,0.8476
neurom_rf,neuromorpho__Stroke-Feb23-IR-3h-40x-low-res_zcorrections.swc,pyramidal,5129,0.8934,0.8913
neurom_rf,neuromorpho__Strokefeb23IR1-3L40xlowres.swc,pyramidal,8480,0.8472,0.8388
neurom_rf,neuromorpho__SW150113-01RabiesPHALPFC_x772_y876_z296_14.swc,pyramidal,311,1.0000,1.0000
neurom_rf,neuromorpho__SW150113-01RabiesPHALPFC_x772_y876_z296_15.swc,pyramidal,676,0.8639,0.9269
neurom_rf,neuromorpho__SW150113-01RabiesPHALPFC_x772_y876_z296_4.swc,pyramidal,1044,0.7404,0.8507
neurom_rf,neuromorpho__SW150113-01RabiesPHALPFC_x772_y876_z296_7.swc,pyramidal,1274,0.9058,0.9505
neurom_rf,neuromorpho__SW150113-01RabiesPHALPFC_x772_y876_z296_8.swc,pyramidal,390,0.9487,0.9736
neurom_rf,neuromorpho__T22_NeuronB_Tile_Trace_MK.swc,pyramidal,2894,0.5708,0.3812
neurom_rf,neuromorpho__T61_NeuronA_40X_Trace_CH.swc,pyramidal,695,0.7209,0.6706
neurom_rf,neuromorpho__T66_NeuronA_Tile_Trace_MK.swc,pyramidal,2479,0.6406,0.4440
neurom_rf,neuromorpho__T72_60X_NeuronC_Tile_Trace_RK.swc,pyramidal,2937,0.5250,0.5120
neurom_rf,neuromorpho__T72_NeuronB_Trace_MK.swc,pyramidal,970,0.5907,0.4698
neurom_rf,neuromorpho__T80_NeuronC_40X_Tile_Trace_MB2.swc,pyramidal,686,0.4985,0.3635
neurom_rf,neuromorpho__T84_NeuronC_Tile_Trace_MB.swc,pyramidal,391,0.6292,0.6097
neurom_rf,neuromorpho__T91_40X_NeuronB_Tile_Trace_MK.swc,pyramidal,3785,0.7556,0.7555
neurom_rf,neuromorpho__TO34_LIII_mPFC_rat.swc,pyramidal,7323,0.6537,0.4529
neurom_rf,neuromorpho__tom-10.swc,pyramidal,152,1.0000,1.0000
neurom_rf,neuromorpho__tom-11.swc,pyramidal,120,1.0000,1.0000
neurom_rf,neuromorpho__tom-3.swc,pyramidal,160,1.0000,1.0000
neurom_rf,neuromorpho__tom-8.swc,pyramidal,210,1.0000,1.0000
neurom_rf,neuromorpho__traced-WT-Female-cortex-122-7.swc,pyramidal,69,1.0000,1.0000
neurom_rf,neuromorpho__traced-WT-Female-cortex-146-1c.swc,pyramidal,70,1.0000,1.0000
neurom_rf,neuromorpho__traced-WT-Female-cortex-181-3.swc,pyramidal,50,1.0000,1.0000
neurom_rf,neuromorpho__traced-WT-male-cortex-124-4c.swc,pyramidal,102,1.0000,1.0000
neurom_rf,neuromorpho__traced-WT-male-cortex-124-6.swc,pyramidal,92,1.0000,1.0000
neurom_rf,neuromorpho__traced-WT-male-cortex-147-10.swc,pyramidal,66,1.0000,1.0000
neurom_rf,neuromorpho__traced-WT-male-cortex-147-4.swc,pyramidal,46,1.0000,1.0000
neurom_rf,neuromorpho__traced-WT-male-cortex-147-8a.swc,pyramidal,79,1.0000,1.0000
neurom_rf,neuromorpho__traced-WT-male-cortex-147-8b.swc,pyramidal,45,1.0000,1.0000
neurom_rf,neuromorpho__traced-WT-male-cortex-153-7.swc,pyramidal,74,1.0000,1.0000
neurom_rf,neuromorpho__V1_10.swc,pyramidal,1006,1.0000,1.0000
neurom_rf,neuromorpho__V1_11.swc,pyramidal,1675,1.0000,1.0000
neurom_rf,neuromorpho__V1_14.swc,pyramidal,401,1.0000,1.0000
neurom_rf,neuromorpho__V1_23.swc,pyramidal,2240,1.0000,1.0000
neurom_rf,neuromorpho__V1_24.swc,pyramidal,1359,1.0000,1.0000
neurom_rf,neuromorpho__V1_5.swc,pyramidal,2322,1.0000,1.0000
neurom_rf,neuromorpho__V1KO_10.swc,pyramidal,655,1.0000,1.0000
neurom_rf,neuromorpho__V1KO_16.swc,pyramidal,1811,1.0000,1.0000
neurom_rf,neuromorpho__V1KO_18.swc,pyramidal,1009,1.0000,1.0000
neurom_rf,neuromorpho__V1KO_23.swc,pyramidal,1477,1.0000,1.0000
neurom_rf,neuromorpho__V1KO_25.swc,pyramidal,1070,1.0000,1.0000
neurom_rf,neuromorpho__V1KO_26.swc,pyramidal,1149,1.0000,1.0000
neurom_rf,neuromorpho__V2_14.swc,pyramidal,621,1.0000,1.0000
neurom_rf,neuromorpho__V2_18.swc,pyramidal,465,1.0000,1.0000
neurom_rf,neuromorpho__V2_2.swc,pyramidal,543,1.0000,1.0000
neurom_rf,neuromorpho__V2_20.swc,pyramidal,862,1.0000,1.0000
neurom_rf,neuromorpho__V2_21.swc,pyramidal,613,1.0000,1.0000
neurom_rf,neuromorpho__V2_27.swc,pyramidal,715,1.0000,1.0000
neurom_rf,neuromorpho__V2_30.swc,pyramidal,424,1.0000,1.0000
neurom_rf,neuromorpho__V2_31.swc,pyramidal,702,1.0000,1.0000
neurom_rf,neuromorpho__V2_32.swc,pyramidal,721,1.0000,1.0000
neurom_rf,neuromorpho__V2_49.swc,pyramidal,921,1.0000,1.0000
neurom_rf,neuromorpho__V2KO_1.swc,pyramidal,829,1.0000,1.0000
neurom_rf,neuromorpho__V2KO_11.swc,pyramidal,775,1.0000,1.0000
neurom_rf,neuromorpho__V2KO_12.swc,pyramidal,780,1.0000,1.0000
neurom_rf,neuromorpho__V2KO_27.swc,pyramidal,785,1.0000,1.0000
neurom_rf,neuromorpho__V2KO_33.swc,pyramidal,725,1.0000,1.0000
neurom_rf,neuromorpho__V2KO_8.swc,pyramidal,1027,1.0000,1.0000
neurom_rf,neuromorpho__Vert-01.swc,pyramidal,482,0.8237,0.6377
neurom_rf,neuromorpho__Vert-03.swc,pyramidal,405,0.6716,0.4782
neurom_rf,neuromorpho__WT-set1-009.swc,pyramidal,1314,1.0000,1.0000
neurom_rf,neuromorpho__WT-set2-003.swc,pyramidal,1615,1.0000,1.0000
neurom_rf,neuromorpho__WT-set3-004.swc,pyramidal,1200,1.0000,1.0000
neurom_rf,neuromorpho__WT-set3-006.swc,pyramidal,991,1.0000,1.0000
neurom_rf,neuromorpho__WT-set3-007.swc,pyramidal,1085,1.0000,1.0000
neurom_rf,neuromorpho__WT2-N11-2_final.swc,pyramidal,1045,1.0000,1.0000
neurom_rf,neuromorpho__WT2-N3-2_final.swc,pyramidal,1884,1.0000,1.0000
neurom_rf,neuromorpho__WT2-N4-1_final.swc,pyramidal,800,1.0000,1.0000
neurom_rf,neuromorpho__WT2-N5-1_final.swc,pyramidal,799,0.9524,0.9756
neurom_rf,neuromorpho__WT2-Neuron-10.swc,pyramidal,64,0.0156,0.0000
neurom_rf,neuromorpho__WT2-Neuron-3.swc,pyramidal,14,0.0714,0.0000
neurom_rf,neuromorpho__WT2-Neuron1_e.swc,pyramidal,14,1.0000,1.0000
neurom_rf,neuromorpho__wt20x-03.swc,pyramidal,201,0.9104,0.9004
neurom_rf,neuromorpho__wt20x-04.swc,pyramidal,148,0.9324,0.9306
neurom_rf,neuromorpho__wt20x-06.swc,pyramidal,329,0.9058,0.9008
neurom_rf,neuromorpho__wt20x-16.swc,pyramidal,253,0.8498,0.8492
neurom_rf,neuromorpho__wt20x-19.swc,pyramidal,124,1.0000,1.0000
neurom_rf,neuromorpho__WT3-n3-6_final.swc,pyramidal,1263,1.0000,1.0000
neurom_rf,neuromorpho__WT3-n7-5_final.swc,pyramidal,1062,1.0000,1.0000
neurom_rf,neuromorpho__WT3-n8-2_1.swc,pyramidal,988,1.0000,1.0000
neurom_rf,neuromorpho__WT3-neuron2.swc,pyramidal,136,0.4412,0.3041
neurom_rf,neuromorpho__WT3-neuron8.swc,pyramidal,164,0.1829,0.2661
neurom_rf,neuromorpho__WT343PFCL320XNeuron9.swc,pyramidal,1013,0.8766,0.9342
neurom_rf,neuromorpho__WT4-7-1---2_final.swc,pyramidal,992,1.0000,1.0000
neurom_rf,neuromorpho__WT4-n1-2_final.swc,pyramidal,1290,1.0000,1.0000
neurom_rf,neuromorpho__WT4-N1-4_final.swc,pyramidal,1178,1.0000,1.0000
neurom_rf,neuromorpho__WT4-n11-3_final.swc,pyramidal,846,1.0000,1.0000
neurom_rf,neuromorpho__WT4-n12-4_final.swc,pyramidal,848,1.0000,1.0000
neurom_rf,neuromorpho__WT4-N3-4_final.swc,pyramidal,1498,1.0000,1.0000
neurom_rf,neuromorpho__WT4-N4-3_final.swc,pyramidal,1432,1.0000,1.0000
neurom_rf,neuromorpho__WT_13.swc,pyramidal,2148,0.8669,0.8534
neurom_rf,neuromorpho__WT_1_3.swc,pyramidal,2940,0.1337,0.0951
neurom_rf,neuromorpho__WT_1_4.swc,pyramidal,2623,0.6839,0.4702
neurom_rf,neuromorpho__WT_1_5.swc,pyramidal,2710,0.8258,0.5571
neurom_rf,neuromorpho__WT_2.swc,pyramidal,2246,0.8771,0.8700
neurom_rf,neuromorpho__WT_2_2.swc,pyramidal,2805,0.7105,0.4769
neurom_rf,neuromorpho__WT_3_3.swc,pyramidal,2013,0.8097,0.8066
neurom_rf,neuromorpho__WT_8.swc,pyramidal,1568,0.8973,0.8795
neurom_rf,neuromorpho__X043_S2_Z2_C01.swc,pyramidal,709,0.8561,0.7941
neurom_rf,neuromorpho__X043_S2_Z4_C01_20x.swc,pyramidal,394,0.6802,0.6774
neurom_rf,neuromorpho__X043_S2_Z4_C03_20x.swc,pyramidal,685,0.7489,0.7428
neurom_rf,neuromorpho__X043_S2_Z5_C01.swc,pyramidal,521,0.7044,0.6071
neurom_rf,neuromorpho__X043_S3_Z4_C03.swc,pyramidal,746,0.7654,0.7452
neurom_rf,neuromorpho__X043_S4_Z1_C01.swc,pyramidal,526,0.6863,0.6914
neurom_rf,neuromorpho__X043_S4_Z2_C03.swc,pyramidal,674,0.8902,0.8762
neurom_rf,neuromorpho__X043_S4_Z5_C02.swc,pyramidal,460,0.5500,0.3544
neurom_rf,neuromorpho__X043_S5_Z1_C01.swc,pyramidal,484,0.8037,0.7494
neurom_rf,neuromorpho__X043_S5_Z1_C02_20x.swc,pyramidal,397,0.9647,0.9638
neurom_rf,neuromorpho__X043_S5_Z2_C01_20x.swc,pyramidal,651,0.8387,0.8340
neurom_rf,neuromorpho__X043_S7_Z2_C01.swc,pyramidal,813,0.8327,0.8263
neurom_rf,neuromorpho__X043_S7_Z4_C01.swc,pyramidal,631,0.8098,0.7651
neurom_rf,neuromorpho__X046_S1_Z2_C04.swc,pyramidal,562,0.6566,0.5523
neurom_rf,neuromorpho__X046_S1_Z2_C05.swc,pyramidal,660,0.4985,0.4501
neurom_rf,neuromorpho__X046_S4_Z1_C01_20X.swc,pyramidal,606,0.8036,0.8020
neurom_rf,neuromorpho__X046_S4_Z4_C01_20X.swc,pyramidal,442,0.8303,0.8267
neurom_rf,neuromorpho__X046_S4_Z4_C03_20X.swc,pyramidal,578,0.8149,0.8109
neurom_rf,neuromorpho__X046_S4_Z5_C01.swc,pyramidal,569,0.6274,0.5819
neurom_rf,neuromorpho__X046_S6_Z1_C01.swc,pyramidal,484,0.7934,0.7228
neurom_rf,neuromorpho__X046_S6_Z6_C01.swc,pyramidal,468,0.7329,0.5887
neurom_rf,neuromorpho__Yin20161228s5_AR.swc,pyramidal,9572,0.9227,0.8062
neurom_rf,allen__Chat-IRES-Cre-neo_Ai14-308245.04.02.01_577369606.swc,interneuron,8424,0.9969,0.9964
neurom_rf,allen__Chat-IRES-Cre-neo_Ai14-316042.05.02.01_586072464.swc,interneuron,6544,0.9991,0.9991
neurom_rf,allen__Chat-IRES-Cre-neo_Ai14-316042.06.01.01_586072783.swc,interneuron,9284,0.9963,0.9961
neurom_rf,allen__Gad2-IRES-Cre_Ai14-324791.03.02.02_593321019.swc,interneuron,9202,1.0000,1.0000
neurom_rf,allen__H15.06.016.01.03.02_488386626.swc,interneuron,19279,0.9823,0.9620
neurom_rf,allen__H16.06.009.01.01.18.03_528687520.swc,interneuron,12081,0.9979,0.9968
neurom_rf,allen__H17.06.003.11.03.03_614651270.swc,interneuron,30285,1.0000,1.0000
neurom_rf,allen__H17.06.003.11.05.04_567742660.swc,interneuron,33040,1.0000,1.0000
neurom_rf,allen__H17.06.005.12.10.04_571435969.swc,interneuron,2967,0.9916,0.9914
neurom_rf,allen__H17.06.005.12.12.03_571525618.swc,interneuron,8146,0.9995,0.9993
neurom_rf,allen__H17.06.005.12.15.01_571427524.swc,interneuron,29538,1.0000,1.0000
neurom_rf,allen__H17.06.006.11.08.07_571709783.swc,interneuron,3695,1.0000,1.0000
neurom_rf,allen__H17.06.012.14.08.05_611610514.swc,interneuron,26630,0.9997,0.9995
neurom_rf,allen__H17.06.013.12.03.02_643575207.swc,interneuron,17642,1.0000,1.0000
neurom_rf,allen__H17.06.013.12.03.03_643582610.swc,interneuron,13995,1.0000,1.0000
neurom_rf,allen__Htr3a-Cre_NO152_Ai14-286731.04.02.01_561553133.swc,interneuron,2808,1.0000,1.0000
neurom_rf,allen__Htr3a-Cre_NO152_Ai14-286736.05.01.01_561532710.swc,interneuron,8835,1.0000,1.0000
neurom_rf,allen__Ndnf-IRES2-dgCre_Ai14-262467.04.01.01_539014038.swc,interneuron,13849,0.9987,0.9977
neurom_rf,allen__Ndnf-IRES2-dgCre_Ai14-290382.04.01.01_562632795.swc,interneuron,13035,0.9948,0.9869
neurom_rf,allen__Ndnf-IRES2-dgCre_Ai14-292670.04.02.01_565120091.swc,interneuron,18807,1.0000,1.0000
neurom_rf,allen__Ndnf-IRES2-dgCre_Ai14-292673.04.02.01_564349611.swc,interneuron,15659,1.0000,1.0000
neurom_rf,allen__Ndnf-IRES2-dgCre_Ai14-292673.05.01.01_564346637.swc,interneuron,19022,1.0000,1.0000
neurom_rf,allen__Ndnf-IRES2-dgCre_Ai14-306261.05.02.01_574734127.swc,interneuron,15926,1.0000,1.0000
neurom_rf,allen__Ndnf-IRES2-dgCre_Ai14-311164.05.01.01_579626068.swc,interneuron,17629,1.0000,1.0000
neurom_rf,allen__Nos1-CreERT2_Sst-IRES-FlpO_Ai65-271577.05.02.01_547262585.swc,interneuron,12546,0.9984,0.9969
neurom_rf,allen__Oxtr-2A-Cre_Ai14-293837.04.02.01_565866518.swc,interneuron,15202,0.9989,0.9979
neurom_rf,allen__Vipr2-IRES2-Cre_Slc32a1-T2A-FlpO_Ai65-315067.05.01.01_585805211.swc,interneuron,11008,1.0000,1.0000
neurom_rf,allen__Vipr2-IRES2-Cre_Slc32a1-T2A-FlpO_Ai65-315069.05.02.01_585952606.swc,interneuron,10592,1.0000,1.0000
neurom_rf,neuromorpho__020315-3-ST.swc,interneuron,7033,0.9848,0.9262
neurom_rf,neuromorpho__020414-pos-div13-cs3.swc,interneuron,1490,0.9349,0.9663
neurom_rf,neuromorpho__020414-pos-div14-cs2.swc,interneuron,1693,1.0000,1.0000
neurom_rf,neuromorpho__020414-pos-div14-cs4.swc,interneuron,1393,0.7100,0.8303
neurom_rf,neuromorpho__020726-3-NPY.swc,interneuron,4743,0.9606,0.9161
neurom_rf,neuromorpho__03-22-01-2doubleBouquet.swc,interneuron,9637,0.9667,0.9383
neurom_rf,neuromorpho__03-27-01-3wideArbor.swc,interneuron,21099,0.9962,0.9879
neurom_rf,neuromorpho__030915-2_20x.swc,interneuron,4679,0.8087,0.5994
neurom_rf,neuromorpho__031115-1_20x.swc,interneuron,5224,0.7873,0.6209
neurom_rf,neuromorpho__032118Ac1_nNOS-1.swc,interneuron,11037,0.7507,0.6680
neurom_rf,neuromorpho__05-26-00-s2localArbor.swc,interneuron,14894,0.8472,0.8172
neurom_rf,neuromorpho__051217_cell4_L23.swc,interneuron,5927,0.9499,0.6326
neurom_rf,neuromorpho__051217_cell6_L1.swc,interneuron,3309,0.9734,0.6789
neurom_rf,neuromorpho__06-02-19A-02-cell-1.swc,interneuron,1243,0.9879,0.9939
neurom_rf,neuromorpho__06-11-15-B.swc,interneuron,16105,0.8969,0.8444
neurom_rf,neuromorpho__0604018001.swc,interneuron,665,0.5534,0.7119
neurom_rf,neuromorpho__06050180003.swc,interneuron,619,0.6995,0.8229
neurom_rf,neuromorpho__061217_cell4_L23.swc,interneuron,1794,0.8205,0.5763
neurom_rf,neuromorpho__061218Ac1_dendrites.swc,interneuron,4285,0.4203,0.5917
neurom_rf,neuromorpho__07-07-00-3mediumArbor.swc,interneuron,8928,0.8554,0.6010
neurom_rf,neuromorpho__07-16-2018-slice-1-cell-2-rotate.swc,interneuron,16981,0.9856,0.8069
neurom_rf,neuromorpho__071217_cell3_L1.swc,interneuron,3399,0.9765,0.7342
neurom_rf,neuromorpho__081017Bc1_OFF-OS-AC.swc,interneuron,3757,0.0897,0.1642
neurom_rf,neuromorpho__081103a.swc,interneuron,8029,0.7650,0.8668
neurom_rf,neuromorpho__09-06-01-4neurogliaform.swc,interneuron,11239,0.9859,0.9722
neurom_rf,neuromorpho__092303a.swc,interneuron,3983,0.9824,0.9911
neurom_rf,neuromorpho__10-04-01-4doubleBouquet.swc,interneuron,6020,0.8558,0.7744
neurom_rf,neuromorpho__10-07-15-A.swc,interneuron,11201,0.8636,0.7551
neurom_rf,neuromorpho__10N1-8162019-fcfc2a.swc,interneuron,2877,0.9805,0.9902
neurom_rf,neuromorpho__10N1-8162019-fcfc3a.swc,interneuron,1752,0.8670,0.9287
neurom_rf,neuromorpho__10N1-8162019-wt5a.swc,interneuron,1772,0.9898,0.9949
neurom_rf,neuromorpho__10N23DAT8-50717GFPwta_fcfc3a.swc,interneuron,3249,0.8907,0.9422
neurom_rf,neuromorpho__10N23DAT8-50717GFPwta_wt4a.swc,interneuron,4608,1.0000,1.0000
neurom_rf,neuromorpho__10N23DAT8-50717GFPwta_wt61.swc,interneuron,1687,1.0000,1.0000
neurom_rf,neuromorpho__10N23DAT8-50717GFPwta_wt62.swc,interneuron,4083,1.0000,1.0000
neurom_rf,neuromorpho__10N23DAT8-50717GFPwta_wt8a.swc,interneuron,2501,0.8944,0.9443
neurom_rf,neuromorpho__10N4-8162019-b_wt7a.swc,interneuron,2681,1.0000,1.0000
neurom_rf,neuromorpho__10N4-8162019-b_wt9a.swc,interneuron,1079,0.7868,0.8806
neurom_rf,neuromorpho__1232.swc,interneuron,767,0.9061,0.8985
neurom_rf,neuromorpho__1243.swc,interneuron,739,0.9256,0.9089
neurom_rf,neuromorpho__12N5-8162019-b-fcfc1.swc,interneuron,5116,0.6747,0.8057
neurom_rf,neuromorpho__12N5-8162019-b-fcfc21.swc,interneuron,5116,0.6747,0.8057
neurom_rf,neuromorpho__12N5-8162019-b-fcfc2a.swc,interneuron,2605,1.0000,1.0000
neurom_rf,neuromorpho__12N5-8162019-b-fcfc42.swc,interneuron,2605,1.0000,1.0000
neurom_rf,neuromorpho__12N5-8162019-b-wt10a.swc,interneuron,2988,0.9839,0.9919
neurom_rf,neuromorpho__12N5-8162019-b-wt1a.swc,interneuron,4908,0.7604,0.8639
neurom_rf,neuromorpho__12N5-8162019-b_tile3-fcfc4A.swc,interneuron,1238,1.0000,1.0000
neurom_rf,neuromorpho__12N5-8162019-b_tile3-fcfc5a.swc,interneuron,1411,1.0000,1.0000
neurom_rf,neuromorpho__12N7-8162019-b-TILE1-n7dat12_tile1_fcfc2a.swc,interneuron,2481,0.9710,0.9853
neurom_rf,neuromorpho__12N7-8162019-b-TILE1-wt3a1.swc,interneuron,4332,0.9125,0.9542
neurom_rf,neuromorpho__12N7-8162019-b-TILE1-wt4a.swc,interneuron,2389,0.9519,0.9753
neurom_rf,neuromorpho__12N7-8162019-b-TILE1-wt7a.swc,interneuron,1363,0.9795,0.9896
neurom_rf,neuromorpho__12N7-8162019-b-wt1a.swc,interneuron,3276,1.0000,1.0000
neurom_rf,neuromorpho__12N7-8162019-b_fcfc2a.swc,interneuron,4014,0.8896,0.9416
neurom_rf,neuromorpho__12N7-8162019-b_fcfc3a.swc,interneuron,2837,0.9707,0.9851
neurom_rf,neuromorpho__13-01-15-B.swc,interneuron,12679,0.7632,0.7623
neurom_rf,neuromorpho__139-05-cell-1-analysis.swc,interneuron,532,1.0000,1.0000
neurom_rf,neuromorpho__139-06-cell-1-analysis.swc,interneuron,587,0.9676,0.9835
neurom_rf,neuromorpho__14-1-15-A-A1.swc,interneuron,7904,0.5485,0.4662
neurom_rf,neuromorpho__14-1-15-A-A4.swc,interneuron,3584,0.8756,0.4668
neurom_rf,neuromorpho__14-1-15-A-B1.swc,interneuron,599,0.9232,0.4800
neurom_rf,neuromorpho__141012_Pair1SAC.swc,interneuron,4172,1.0000,1.0000
neurom_rf,neuromorpho__143-06-cell-1-analysis.swc,interneuron,1699,1.0000,1.0000
neurom_rf,neuromorpho__143-06-cell-2-analysis.swc,interneuron,998,1.0000,1.0000
neurom_rf,neuromorpho__143-07-cell-1-analysis.swc,interneuron,1827,0.9715,0.9856
neurom_rf,neuromorpho__14Feb2019-exp-5_53-rpt-188-1006.swc,interneuron,4922,1.0000,1.0000
neurom_rf,neuromorpho__14Feb2019-exp-5_53-rpt-scr-1002.swc,interneuron,4301,1.0000,1.0000
neurom_rf,neuromorpho__14Feb2019-exp-5_53-rpt-scr-1006.swc,interneuron,1867,0.9995,0.9997
neurom_rf,neuromorpho__150206_1.swc,interneuron,3970,0.4584,0.7330
neurom_rf,neuromorpho__150504_2.swc,interneuron,10757,0.0568,0.8640
neurom_rf,neuromorpho__150504_pair2sac.swc,interneuron,8928,0.9959,0.9979
neurom_rf,neuromorpho__16-06-15-C.swc,interneuron,11914,0.7139,0.5199
neurom_rf,neuromorpho__160727_SAC3_006.swc,interneuron,1121,0.6905,0.8167
neurom_rf,neuromorpho__160817_SAC4_006_avgupdated.swc,interneuron,4477,0.5023,0.6686
neurom_rf,neuromorpho__160826_FusedSAC3_avgupdated.swc,interneuron,3496,0.8707,0.9309
neurom_rf,neuromorpho__161012_08.swc,interneuron,19111,0.8096,0.7009
neurom_rf,neuromorpho__161014_SAC1_avgupdated.swc,interneuron,2900,0.8645,0.9273
neurom_rf,neuromorpho__161027_SAC5.swc,interneuron,3779,0.8447,0.9158
neurom_rf,neuromorpho__161220_2.swc,interneuron,27273,0.7399,0.7185
neurom_rf,neuromorpho__170313_2.swc,interneuron,29884,0.3724,0.5427
neurom_rf,neuromorpho__170321_1.swc,interneuron,4529,0.2515,0.4034
neurom_rf,neuromorpho__170426_02.swc,interneuron,11982,0.7659,0.6818
neurom_rf,neuromorpho__170602_sac2_updated170801.swc,interneuron,5056,0.8216,0.9020
neurom_rf,neuromorpho__17302_00032-semi_f.swc,interneuron,2851,0.9684,0.9141
neurom_rf,neuromorpho__17302_00045-semi_r.swc,interneuron,1756,0.9704,0.9327
neurom_rf,neuromorpho__17302_00046-semi_r.swc,interneuron,1791,0.9738,0.9413
neurom_rf,neuromorpho__17302_00047-semi_f.swc,interneuron,3714,0.9507,0.6227
neurom_rf,neuromorpho__17302_00050-semi_r.swc,interneuron,2756,0.9873,0.9689
neurom_rf,neuromorpho__17302_00055-semi_r.swc,interneuron,2171,0.9733,0.9366
neurom_rf,neuromorpho__17302_00063-semi_r.swc,interneuron,1774,0.9808,0.9435
neurom_rf,neuromorpho__17302_00099-semi_r.swc,interneuron,1472,0.9708,0.9549
neurom_rf,neuromorpho__17302_00101-semi_r.swc,interneuron,2237,0.9669,0.8998
neurom_rf,neuromorpho__17545_00029-semi_r.swc,interneuron,3755,0.9984,0.9949
neurom_rf,neuromorpho__17545_00059-semi_r.swc,interneuron,2701,0.9848,0.9537
neurom_rf,neuromorpho__17545_00064-semi_r.swc,interneuron,2664,0.9861,0.9645
neurom_rf,neuromorpho__17545_00066-semi_r.swc,interneuron,2292,0.9607,0.8900
neurom_rf,neuromorpho__17545_00068-semi_r.swc,interneuron,1891,0.9767,0.9371
neurom_rf,neuromorpho__17545_00073-semi_r.swc,interneuron,993,0.9990,0.9989
neurom_rf,neuromorpho__17545_00147-semi_r.swc,interneuron,2555,0.9683,0.9287
neurom_rf,neuromorpho__180803_s1c1_Lstellate.swc,interneuron,636,0.6006,0.7500
neurom_rf,neuromorpho__18454_00016-semi_r.swc,interneuron,2895,0.9893,0.9658
neurom_rf,neuromorpho__18455_00008-semi_r.swc,interneuron,2172,0.9586,0.8838
neurom_rf,neuromorpho__18455_00030-semi_r.swc,interneuron,2999,0.9957,0.9856
neurom_rf,neuromorpho__18455_00041-semi_r.swc,interneuron,721,0.8571,0.8379
neurom_rf,neuromorpho__18455_00106-semi_r.swc,interneuron,2426,0.9905,0.9723
neurom_rf,neuromorpho__18462_00043-semi_r.swc,interneuron,2502,0.9892,0.9659
neurom_rf,neuromorpho__18463_00051-semi_f.swc,interneuron,3883,0.9336,0.8640
neurom_rf,neuromorpho__18463_00075-semi_r.swc,interneuron,1724,0.9519,0.9050
neurom_rf,neuromorpho__18465_00213-semi_r.swc,interneuron,1868,0.9604,0.9347
neurom_rf,neuromorpho__1857-10-cell-1-analysis.swc,interneuron,534,1.0000,1.0000
neurom_rf,neuromorpho__18867_7584_x10560_y5816-auto_r.swc,interneuron,2425,0.8734,0.7667
neurom_rf,neuromorpho__18868_2601_x23273_y17306-auto_r.swc,interneuron,3628,0.9394,0.7792
neurom_rf,neuromorpho__18868_2924_x10668_y9719-auto_r.swc,interneuron,3385,0.8756,0.6650
neurom_rf,neuromorpho__18869_5123_x17555_y3609-semi_r.swc,interneuron,2336,0.9503,0.9058
neurom_rf,neuromorpho__18869_5692_x6534_y3440-semi_r.swc,interneuron,5265,0.9303,0.8133
neurom_rf,neuromorpho__18869_6732_x9649_y3919-semi_r.swc,interneuron,4503,0.9136,0.7751
neurom_rf,neuromorpho__19-02-19A-01-cell-1.swc,interneuron,1258,1.0000,1.0000
neurom_rf,neuromorpho__19-02-19A-03-cell-2.swc,interneuron,6497,0.9888,0.9943
neurom_rf,neuromorpho__19-02-19A-11-cell-2.swc,interneuron,2242,0.9148,0.9555
neurom_rf,neuromorpho__19-02-19A-14-cell-2.swc,interneuron,2129,0.7656,0.8672
neurom_rf,neuromorpho__19-02-19B-01-cell2.swc,interneuron,4895,0.9563,0.9776
neurom_rf,neuromorpho__19-02-19B-02-cell1.swc,interneuron,3524,0.9554,0.9772
neurom_rf,neuromorpho__196_1_C2.swc,interneuron,46419,0.7445,0.5810
neurom_rf,neuromorpho__20120320sc4.swc,interneuron,26082,0.7060,0.5064
neurom_rf,neuromorpho__2016-08-11-slice-3-cell-7-rotated.swc,interneuron,19344,1.0000,1.0000
neurom_rf,neuromorpho__2016-09-06-slice-C-cell-7-rotated.swc,interneuron,21108,1.0000,1.0000
neurom_rf,neuromorpho__2016-16-12-slice-e-cell-3-rotated.swc,interneuron,16851,0.9996,0.9990
neurom_rf,neuromorpho__2016-30-09-slice-4-cell-8-rotated.swc,interneuron,4380,0.3103,0.2922
neurom_rf,neuromorpho__2017-01-08-slice-4-cell-7-rotated.swc,interneuron,43838,0.9902,0.9849
neurom_rf,neuromorpho__2017-01-09-slice-2-cell-2-rotated.swc,interneuron,6461,0.9581,0.9572
neurom_rf,neuromorpho__2017-02-08-slice-3-cell-2-rotated.swc,interneuron,27194,0.9602,0.7896
neurom_rf,neuromorpho__2017-03-05-slice-3-cell-7-rotated.swc,interneuron,26232,0.9998,0.9996
neurom_rf,neuromorpho__2017-03-07-slice-1-cell-7-rotated.swc,interneuron,8903,0.9802,0.8800
neurom_rf,neuromorpho__2017-03-07-slice-2-cell-3-rotated.swc,interneuron,16504,1.0000,1.0000
neurom_rf,neuromorpho__2017-04-07-slice-2-cell-6-rotated.swc,interneuron,30629,1.0000,1.0000
neurom_rf,neuromorpho__2017-06-08-slice-3-cell-7-rotated.swc,interneuron,12953,0.7535,0.7445
neurom_rf,neuromorpho__2017-09-02-slice-3-cell-2-roteted.swc,interneuron,53409,0.9859,0.9520
neurom_rf,neuromorpho__2017-12-02-slice-3-cell-2-rotated.swc,interneuron,21351,0.9981,0.9940
neurom_rf,neuromorpho__2017-12-02-slice-3-cell-3-rotated.swc,interneuron,26518,0.9942,0.9878
neurom_rf,neuromorpho__2017-16-05-slice-1-cell-6-rotated.swc,interneuron,25907,0.9422,0.8143
neurom_rf,neuromorpho__2017-16-10-slice-3-cell-2-rotated.swc,interneuron,16910,1.0000,1.0000
neurom_rf,neuromorpho__2017-18-10-slice-1-cell-2-rotated.swc,interneuron,31085,0.9921,0.9836
neurom_rf,neuromorpho__2017-18-10-slice-1-cell-6-rotated.swc,interneuron,38823,0.9626,0.9068
neurom_rf,neuromorpho__2017-23-10-slice-2-cell-7-rotated.swc,interneuron,22847,0.9594,0.7402
neurom_rf,neuromorpho__2017-23-10-slice-3-cell-6-rotated.swc,interneuron,24300,0.9925,0.9141
neurom_rf,neuromorpho__2017-29-03-slice-2-cell-2-rotated.swc,interneuron,24223,0.9952,0.9840
neurom_rf,neuromorpho__20180404_sample_5.swc,interneuron,4886,0.9673,0.8700
neurom_rf,neuromorpho__20180515_sample_1.swc,interneuron,4479,0.9299,0.9079
neurom_rf,neuromorpho__20180607-60L5-2-1-428-03-249-80-46.swc,interneuron,411,1.0000,1.0000
neurom_rf,neuromorpho__20180607-L1R2-2-3-451-09-113-14-40.swc,interneuron,308,1.0000,1.0000
neurom_rf,neuromorpho__20180607-L1R2-3-1-276-15-298-35-46.swc,interneuron,633,1.0000,1.0000
neurom_rf,neuromorpho__20180607-L1R2-6-1-526-18-132-17-27.swc,interneuron,298,1.0000,1.0000
neurom_rf,neuromorpho__20180621_sample_7.swc,interneuron,4665,0.9305,0.9262
neurom_rf,neuromorpho__20180711_sample_1.swc,interneuron,5003,0.8363,0.8306
neurom_rf,neuromorpho__20180717_sample_3.swc,interneuron,5524,0.9786,0.9536
neurom_rf,neuromorpho__20180725_sample_9.swc,interneuron,3349,0.9979,0.9969
neurom_rf,neuromorpho__20180820_sample_1.swc,interneuron,4441,1.0000,1.0000
neurom_rf,neuromorpho__20180828_sample_5.swc,interneuron,10975,0.9507,0.6242
neurom_rf,neuromorpho__20180830_sample_1.swc,interneuron,6293,0.9990,0.9923
neurom_rf,neuromorpho__20180904_sample_3.swc,interneuron,9597,0.9979,0.9910
neurom_rf,neuromorpho__20180904_sample_5.swc,interneuron,10350,0.9335,0.7759
neurom_rf,neuromorpho__20180911_sample_6.swc,interneuron,3643,0.8636,0.8503
neurom_rf,neuromorpho__20180918_sample_1.swc,interneuron,2959,0.9780,0.8897
neurom_rf,neuromorpho__20180920_sample_2.swc,interneuron,4424,0.9885,0.8867
neurom_rf,neuromorpho__20181004_sample_8.swc,interneuron,2523,0.9560,0.8432
neurom_rf,neuromorpho__20181009_sample_7.swc,interneuron,2602,0.9954,0.9929
neurom_rf,neuromorpho__20181109_sample_7.swc,interneuron,9620,0.9990,0.9967
neurom_rf,neuromorpho__20181112_sample_6.swc,interneuron,1396,1.0000,1.0000
neurom_rf,neuromorpho__20181116_sample_5.swc,interneuron,6911,0.9672,0.5934
neurom_rf,neuromorpho__20181121_sample_6.swc,interneuron,5071,1.0000,1.0000
neurom_rf,neuromorpho__20190122_sample_5.swc,interneuron,4379,0.9989,0.9947
neurom_rf,neuromorpho__20190122_sample_9.swc,interneuron,10502,0.9992,0.9813
neurom_rf,neuromorpho__20190128_sample_12.swc,interneuron,4505,0.9909,0.9496
neurom_rf,neuromorpho__20190128_sample_2.swc,interneuron,3559,0.9727,0.9506
neurom_rf,neuromorpho__20190128_sample_7.swc,interneuron,10538,0.9948,0.8882
neurom_rf,neuromorpho__20190130_sample_10.swc,interneuron,7003,1.0000,1.0000
neurom_rf,neuromorpho__20190130_sample_3.swc,interneuron,13391,0.9558,0.7735
neurom_rf,neuromorpho__20190131_sample_5.swc,interneuron,3633,0.9851,0.9612
neurom_rf,neuromorpho__20190201_sample_3.swc,interneuron,3938,0.9853,0.9529
neurom_rf,neuromorpho__20190204_sample_7.swc,interneuron,6489,0.9994,0.9993
neurom_rf,neuromorpho__20190204_sample_9.swc,interneuron,3707,0.9876,0.9744
neurom_rf,neuromorpho__20190211_sample_6.swc,interneuron,4479,0.9000,0.8819
neurom_rf,neuromorpho__20190212_sample_4.swc,interneuron,9754,0.9996,0.9862
neurom_rf,neuromorpho__20190212_sample_7.swc,interneuron,1633,0.9314,0.8994
neurom_rf,neuromorpho__20190213_sample_7.swc,interneuron,9194,0.9716,0.9156
neurom_rf,neuromorpho__20190214_sample_1.swc,interneuron,4239,0.9332,0.7458
neurom_rf,neuromorpho__20190221_sample_4.swc,interneuron,2725,0.9982,0.9977
neurom_rf,neuromorpho__20190327_sample_7.swc,interneuron,628,0.9427,0.9346
neurom_rf,neuromorpho__20190408_sample_1.swc,interneuron,4548,1.0000,1.0000
neurom_rf,neuromorpho__20190408_sample_6.swc,interneuron,3688,1.0000,1.0000
neurom_rf,neuromorpho__20190430_sample_1.swc,interneuron,5735,0.6912,0.5954
neurom_rf,neuromorpho__20190430_sample_6.swc,interneuron,6923,0.8625,0.7976
neurom_rf,neuromorpho__20190508_sample_4.swc,interneuron,2466,0.9992,0.9989
neurom_rf,neuromorpho__20190509_sample_2.swc,interneuron,2756,0.7769,0.9908
neurom_rf,neuromorpho__20190513_sample_5.swc,interneuron,5009,0.9549,0.9104
neurom_rf,neuromorpho__20190515_sample_12.swc,interneuron,2007,0.3453,0.5130
neurom_rf,neuromorpho__20190606_sample_3.swc,interneuron,7652,0.9920,0.9632
neurom_rf,neuromorpho__20190610_sample_3.swc,interneuron,5376,0.9996,0.9994
neurom_rf,neuromorpho__20190613_sample_2.swc,interneuron,8970,0.9753,0.9334
neurom_rf,neuromorpho__20190617_sample_1.swc,interneuron,2091,0.8867,0.8864
neurom_rf,neuromorpho__20190617_sample_5.swc,interneuron,7559,0.9307,0.8615
neurom_rf,neuromorpho__20190619_sample_5.swc,interneuron,6806,0.9589,0.9002
neurom_rf,neuromorpho__20190625_sample_10.swc,interneuron,2859,0.5757,0.5669
neurom_rf,neuromorpho__20190625_sample_12.swc,interneuron,1451,0.9655,0.4912
neurom_rf,neuromorpho__20190628_sample_1.swc,interneuron,3877,0.8968,0.8739
neurom_rf,neuromorpho__20190703_sample_12.swc,interneuron,3204,0.9975,0.9940
neurom_rf,neuromorpho__20190703_sample_13.swc,interneuron,4097,0.9851,0.9802
neurom_rf,neuromorpho__20190708_sample_12.swc,interneuron,3588,0.9217,0.9094
neurom_rf,neuromorpho__20190709_sample_1.swc,interneuron,2124,0.9633,0.9569
neurom_rf,neuromorpho__20190710_sample_6.swc,interneuron,2762,0.9754,0.9672
neurom_rf,neuromorpho__20190712_sample_6.swc,interneuron,3264,0.9210,0.9103
neurom_rf,neuromorpho__20190718_sample_5.swc,interneuron,3856,1.0000,1.0000
neurom_rf,neuromorpho__20190718_sample_8.swc,interneuron,2796,0.9918,0.9914
neurom_rf,neuromorpho__20190729_sample_2.swc,interneuron,3448,0.9849,0.9739
neurom_rf,neuromorpho__20190730_sample_2.swc,interneuron,2402,0.8614,0.9255
neurom_rf,neuromorpho__20190730_sample_9.swc,interneuron,3615,0.9972,0.9831
neurom_rf,neuromorpho__20190924_sample_7.swc,interneuron,3323,0.9819,0.9737
neurom_rf,neuromorpho__20191001_sample_4.swc,interneuron,6182,0.9874,0.9766
neurom_rf,neuromorpho__20191028_sample_2.swc,interneuron,9971,0.9992,0.9969
neurom_rf,neuromorpho__20191105_sample_4.swc,interneuron,6049,0.9931,0.9888
neurom_rf,neuromorpho__20191114_sample_1.swc,interneuron,10095,0.9910,0.9803
neurom_rf,neuromorpho__20191114_sample_4.swc,interneuron,582,1.0000,1.0000
neurom_rf,neuromorpho__2020-03-11_13-01-38SST-MORF3Mb01-1V5-647SST488-30x02Str_b.swc,interneuron,280,1.0000,1.0000
neurom_rf,neuromorpho__20200524_E_63X_zstack_tile_2_stitched.swc,interneuron,6146,0.9736,0.9866
neurom_rf,neuromorpho__23-04-18B-08-cell-1.swc,interneuron,1118,0.9857,0.9928
neurom_rf,neuromorpho__23-04-18B-09-cell-2.swc,interneuron,2387,0.9874,0.9937
neurom_rf,neuromorpho__23-04-18C-01-cell-1.swc,interneuron,5795,0.9277,0.9625
neurom_rf,neuromorpho__240914RF1_3m.swc,interneuron,598,0.3779,0.5474
neurom_rf,neuromorpho__25-02-15-C2.swc,interneuron,3275,0.8275,0.8271
neurom_rf,neuromorpho__26-11-14-A-A4b.swc,interneuron,30568,0.8558,0.7923
neurom_rf,neuromorpho__26-2-15-C.swc,interneuron,16762,0.8222,0.6592
neurom_rf,neuromorpho__261015c2.swc,interneuron,1506,0.6959,0.6528
neurom_rf,neuromorpho__262_1a.swc,interneuron,1424,0.7999,0.7798
neurom_rf,neuromorpho__268_On_C.swc,interneuron,8677,0.9039,0.8627
neurom_rf,neuromorpho__282_On_C_commissural.swc,interneuron,8766,0.9385,0.7498
neurom_rf,neuromorpho__3-Som-3d-trace.swc,interneuron,1145,1.0000,1.0000
neurom_rf,neuromorpho__3057_20140409-x1-25.swc,interneuron,4326,0.9533,0.9529
neurom_rf,neuromorpho__3073_20140421-x1-25.swc,interneuron,9454,0.9965,0.9942
neurom_rf,neuromorpho__3080_20140430-x1-25.swc,interneuron,9128,0.9711,0.9644
neurom_rf,neuromorpho__340_1a.swc,interneuron,1158,0.9249,0.9219
neurom_rf,neuromorpho__340_1b.swc,interneuron,2693,0.9072,0.8484
neurom_rf,neuromorpho__350R.swc,interneuron,1687,0.8352,0.7121
neurom_rf,neuromorpho__43-07-cell-1-analysis.swc,interneuron,861,1.0000,1.0000
neurom_rf,neuromorpho__464R.swc,interneuron,730,1.0000,1.0000
neurom_rf,neuromorpho__4_J2a.swc,interneuron,3050,0.8495,0.7141
neurom_rf,neuromorpho__4_J2b.swc,interneuron,3072,0.8542,0.8008
neurom_rf,neuromorpho__500_1_C5.swc,interneuron,41319,0.5110,0.4315
neurom_rf,neuromorpho__535_2_C4.swc,interneuron,48000,0.6243,0.5653
neurom_rf,neuromorpho__536_3_C8.swc,interneuron,38069,0.3579,0.3055
neurom_rf,neuromorpho__536_4_C7.swc,interneuron,52983,0.4531,0.4133
neurom_rf,neuromorpho__536_7_C8.swc,interneuron,34640,0.9657,0.9362
neurom_rf,neuromorpho__5515-12-cell-2-analysis.swc,interneuron,474,1.0000,1.0000
neurom_rf,neuromorpho__5515-13-cell-1-analysis.swc,interneuron,1273,0.9199,0.9582
neurom_rf,neuromorpho__60L4_03_-165.swc,interneuron,376,1.0000,1.0000
neurom_rf,neuromorpho__60L4_03_-330.swc,interneuron,142,1.0000,1.0000
neurom_rf,neuromorpho__60L4_07_-180-right.swc,interneuron,433,0.1247,0.2186
neurom_rf,neuromorpho__60R5_01_-480.swc,interneuron,479,0.6326,0.7744
neurom_rf,neuromorpho__60R5_01_-525.swc,interneuron,390,1.0000,1.0000
neurom_rf,neuromorpho__60R5_06_-285.swc,interneuron,438,1.0000,1.0000
neurom_rf,neuromorpho__614_4_C4.swc,interneuron,14912,0.6176,0.6156
neurom_rf,neuromorpho__614_6_C4.swc,interneuron,38382,0.5535,0.5070
neurom_rf,neuromorpho__6_J2.swc,interneuron,6474,0.7881,0.7228
neurom_rf,neuromorpho__6N1-5072019_TileScan-3_Merged_fcfc1a.swc,interneuron,1117,0.9266,0.9619
neurom_rf,neuromorpho__6N1-5072019_TileScan-3_Merged_fcfc2a.swc,interneuron,460,1.0000,1.0000
neurom_rf,neuromorpho__6N1-5072019_TileScan-3_Merged_fcfc4a.swc,interneuron,734,1.0000,1.0000
neurom_rf,neuromorpho__6N1-5072019_TileScan-3_Merged_fcfc5a.swc,interneuron,702,0.8063,0.8926
neurom_rf,neuromorpho__6N1-5072019_TileScan-3_Merged_wt10a.swc,interneuron,358,1.0000,1.0000
neurom_rf,neuromorpho__6N1-5072019_TileScan-3_Merged_wt4a.swc,interneuron,803,0.8979,0.9461
neurom_rf,neuromorpho__6N1-5072019_TileScan-3_Merged_wt5a.swc,interneuron,544,0.9632,0.9812
neurom_rf,neuromorpho__6N5DAT6-50717GFPwtb_012-wt3a.swc,interneuron,1285,1.0000,1.0000
neurom_rf,neuromorpho__6N5DAT6-50717GFPwtb_013-FCON3mutTdt10a.swc,interneuron,52,1.0000,1.0000
neurom_rf,neuromorpho__6N5DAT6-50717GFPwtb_013-FCON3mutTdt11a.swc,interneuron,105,0.9143,0.9548
neurom_rf,neuromorpho__6N5DAT6-50717GFPwtb_013-FCON3mutTdt18a.swc,interneuron,94,0.8723,0.9310
neurom_rf,neuromorpho__6N5DAT6-50717GFPwtb_013-FCON3mutTdt1a.swc,interneuron,92,0.9565,0.9775
neurom_rf,neuromorpho__6N5DAT6-50717GFPwtb_013-FCON3mutTdt21a.swc,interneuron,39,1.0000,1.0000
neurom_rf,neuromorpho__6N5DAT6-50717GFPwtb_013-FCON3mutTdt24a.swc,interneuron,74,1.0000,1.0000
neurom_rf,neuromorpho__6N5DAT6-50717GFPwtb_013-FCON3mutTdt26a.swc,interneuron,107,1.0000,1.0000
neurom_rf,neuromorpho__6N5DAT6-50717GFPwtb_013-GFPwt14a.swc,interneuron,184,1.0000,1.0000
neurom_rf,neuromorpho__6N5DAT6-50717GFPwtb_013-GFPwt1a.swc,interneuron,256,0.9727,0.9861
neurom_rf,neuromorpho__6N5DAT6-50717GFPwtb_013-GFPwt6a.swc,interneuron,425,0.9788,0.9893
neurom_rf,neuromorpho__70R3_02_-390.swc,interneuron,128,0.8281,0.9052
neurom_rf,neuromorpho__70R3_03_-345.swc,interneuron,120,0.9250,0.9607
neurom_rf,neuromorpho__70R3_03_-660.swc,interneuron,158,1.0000,1.0000
neurom_rf,neuromorpho__70R3_04_-345.swc,interneuron,205,0.8634,0.9263
neurom_rf,neuromorpho__70R3_06_-150.swc,interneuron,185,0.8973,0.9456
neurom_rf,neuromorpho__70R3_07_-255.swc,interneuron,97,0.9278,0.9622
neurom_rf,neuromorpho__7_J2a.swc,interneuron,2360,0.7013,0.6444
neurom_rf,neuromorpho__822.swc,interneuron,960,0.7146,0.7143
neurom_rf,neuromorpho__8may2015c1.swc,interneuron,3626,0.6597,0.6527
neurom_rf,neuromorpho__8N22DAT8-50717GFPwta-fcfc-9a.swc,interneuron,1161,1.0000,1.0000
neurom_rf,neuromorpho__8N22DAT8-50717GFPwta-wt10a.swc,interneuron,206,0.6359,0.7761
neurom_rf,neuromorpho__8N22DAT8-50717GFPwta-wt15a.swc,interneuron,405,0.8370,0.9111
neurom_rf,neuromorpho__8N22DAT8-50717GFPwta-wt4a.swc,interneuron,174,0.8506,0.9187
neurom_rf,neuromorpho__8N22DAT8-50717GFPwta-wt5a.swc,interneuron,164,1.0000,1.0000
neurom_rf,neuromorpho__8N22DAT8-50717GFPwta-wt9a.swc,interneuron,237,0.5992,0.7480
neurom_rf,neuromorpho__8N3-8162019-b-fcfc7a.swc,interneuron,2532,0.6445,0.7838
neurom_rf,neuromorpho__8N3-8162019-b-fcfc9-10a.swc,interneuron,2353,0.9737,0.9866
neurom_rf,neuromorpho__8N3-8162019-b-wt2a.swc,interneuron,795,1.0000,1.0000
neurom_rf,neuromorpho__8N6-8162019-b-fcfc3a.swc,interneuron,2006,0.8529,0.9206
neurom_rf,neuromorpho__8N6-8162019-b-fcfc6a.swc,interneuron,2925,0.9812,0.9905
neurom_rf,neuromorpho__8N6-8162019-b-wT3a.swc,interneuron,1802,0.9384,0.9682
neurom_rf,neuromorpho__8N6-8162019-b-wt6a.swc,interneuron,2173,0.8468,0.9170
neurom_rf,neuromorpho__9-10-14-B.swc,interneuron,12562,0.8920,0.8032
neurom_rf,neuromorpho__a151124-2_VIP_IN.swc,interneuron,3213,0.9499,0.9261
neurom_rf,neuromorpho__A151218-02_VIP_IN.swc,interneuron,4353,0.3827,0.3821
neurom_rf,neuromorpho__a7_170216_2.swc,interneuron,15444,0.9261,0.7992
neurom_rf,neuromorpho__a7_170216_4.swc,interneuron,14087,0.9213,0.8447
neurom_rf,neuromorpho__AAS17.swc,interneuron,437,0.7941,0.8849
neurom_rf,neuromorpho__AAS3.swc,interneuron,6098,0.4292,0.6005
neurom_rf,neuromorpho__ADP10_2491_biocytin.swc,interneuron,1901,0.6965,0.8210
neurom_rf,neuromorpho__ADP1_4339_neurobiotin.swc,interneuron,9678,0.5696,0.7258
neurom_rf,neuromorpho__AIMR.swc,interneuron,14,0.0714,0.0000
neurom_rf,neuromorpho__aIN-000307-1-1-nrn-ns-120504-transl-invX-scaled-straightened.swc,interneuron,63,0.8254,0.9027
neurom_rf,neuromorpho__aIN-390-nrn-ns-120508-transl-invX-scaled-straightened.swc,interneuron,108,1.0000,1.0000
neurom_rf,neuromorpho__aIN-524-nrn-ns-100407-transl-invX-scaled-straightened.swc,interneuron,146,0.9795,0.9780
neurom_rf,neuromorpho__AIYL.swc,interneuron,14,1.0000,1.0000
neurom_rf,neuromorpho__AIZL.swc,interneuron,22,1.0000,1.0000
neurom_rf,neuromorpho__Anstoetz_PV-IN12.swc,interneuron,1500,0.8773,0.9346
neurom_rf,neuromorpho__Anstoetz_PV-IN13.swc,interneuron,6209,0.8467,0.8166
neurom_rf,neuromorpho__Anstoetz_PV-IN15.swc,interneuron,6927,0.9547,0.9480
neurom_rf,neuromorpho__Anstoetz_PV-IN16.swc,interneuron,2149,0.6771,0.8073
neurom_rf,neuromorpho__Anstoetz_PV-IN7.swc,interneuron,3881,0.7843,0.7716
neurom_rf,neuromorpho__Anstoetz_SLM_IN4.swc,interneuron,474,0.9641,0.8967
neurom_rf,neuromorpho__Anstoetz_SLM_IN5.swc,interneuron,1994,0.9188,0.9100
neurom_rf,neuromorpho__Anstoetz_SLM_IN9.swc,interneuron,396,0.8788,0.9353
neurom_rf,neuromorpho__Anstoetz_Toolbox-IN2.swc,interneuron,6314,0.4736,0.4314
neurom_rf,neuromorpho__Anstoetz_Toolbox-IN4.swc,interneuron,3373,0.6199,0.5061
neurom_rf,neuromorpho__Anstoetz_Toolbox-IN9.swc,interneuron,448,0.9375,0.9677
neurom_rf,neuromorpho__B1-F1-cell1.swc,interneuron,327,1.0000,1.0000
neurom_rf,neuromorpho__B1-F2-cell2.swc,interneuron,345,1.0000,1.0000
neurom_rf,neuromorpho__B15a.swc,interneuron,6786,0.6230,0.7677
neurom_rf,neuromorpho__BC150112A_27.swc,interneuron,98757,0.9989,0.9971
neurom_rf,neuromorpho__BC160201B_36.swc,interneuron,54582,0.9768,0.9555
neurom_rf,neuromorpho__BC160620B_39.swc,interneuron,88903,0.9610,0.8979
neurom_rf,neuromorpho__C-02-04-14-F-14-04-14-cs4-cell1.swc,interneuron,2977,0.7729,0.8719
neurom_rf,neuromorpho__C-14-01-15-DIV15-CS2.swc,interneuron,11171,0.2498,0.3997
neurom_rf,neuromorpho__C-15-10-14-DIV15-CS2-Cell1.swc,interneuron,3522,0.3728,0.5429
neurom_rf,neuromorpho__C14-01-15DIV13CS1.swc,interneuron,57603,0.9364,0.6713
neurom_rf,neuromorpho__c1411_Scone.swc,interneuron,892,1.0000,1.0000
neurom_rf,neuromorpho__c1412.swc,interneuron,1065,0.9981,0.9991
neurom_rf,neuromorpho__C15-10-14DIV15CS1Cell1.swc,interneuron,90544,0.9379,0.6769
neurom_rf,neuromorpho__c3271015.swc,interneuron,1516,0.8325,0.8312
neurom_rf,neuromorpho__c4612_Scone.swc,interneuron,834,1.0000,1.0000
neurom_rf,neuromorpho__c8039.swc,interneuron,2745,0.8426,0.9146
neurom_rf,neuromorpho__Canopy_151204_3.swc,interneuron,9497,0.8612,0.7044
neurom_rf,neuromorpho__Canopy_161007_2.swc,interneuron,13714,0.9273,0.8451
neurom_rf,neuromorpho__cell-10_8.swc,interneuron,2158,0.8703,0.9306
neurom_rf,neuromorpho__cell-12_9.swc,interneuron,1631,1.0000,1.0000
neurom_rf,neuromorpho__cell-13_8.swc,interneuron,2009,0.9139,0.9550
neurom_rf,neuromorpho__Cell-22.swc,interneuron,264,0.5909,0.3708
neurom_rf,neuromorpho__Cell-5-1.swc,interneuron,557,0.8151,0.4490
neurom_rf,neuromorpho__cell-7_11.swc,interneuron,1403,0.9772,0.9885
neurom_rf,neuromorpho__Cell1042Ecel1.swc,interneuron,883,0.9660,0.9827
neurom_rf,neuromorpho__Cell19.swc,interneuron,11287,0.7052,0.6824
neurom_rf,neuromorpho__Cell1biorxiv.swc,interneuron,1327,0.4650,0.4600
neurom_rf,neuromorpho__Cell22.swc,interneuron,10276,0.7631,0.7625
neurom_rf,neuromorpho__Cell29.swc,interneuron,10783,0.6095,0.5967
neurom_rf,neuromorpho__Cell2biorxiv.swc,interneuron,2082,0.5495,0.5319
neurom_rf,neuromorpho__Cell31.swc,interneuron,8304,0.8769,0.8768
neurom_rf,neuromorpho__Cell37.swc,interneuron,5378,0.7053,0.4677
neurom_rf,neuromorpho__Cell39.swc,interneuron,5674,0.7420,0.7411
neurom_rf,neuromorpho__cell3_wt_traces.swc,interneuron,6733,0.9804,0.9901
neurom_rf,neuromorpho__Cell3biorxiv.swc,interneuron,2190,0.7507,0.7504
neurom_rf,neuromorpho__Cell41.swc,interneuron,6260,0.6653,0.4564
neurom_rf,neuromorpho__Cell47.swc,interneuron,6445,0.8676,0.8499
neurom_rf,neuromorpho__Cell4_Hippocampus_singlecell.swc,interneuron,573,0.8726,0.8605
neurom_rf,neuromorpho__Cell50.swc,interneuron,7269,0.7082,0.6504
neurom_rf,neuromorpho__Cell51.swc,interneuron,3436,0.7139,0.7135
neurom_rf,neuromorpho__Cell58.swc,interneuron,10631,0.6715,0.6406
neurom_rf,neuromorpho__Cell59.swc,interneuron,6691,0.8241,0.8142
neurom_rf,neuromorpho__Cell5_Hippocampus_singlecell.swc,interneuron,446,0.7332,0.7276
neurom_rf,neuromorpho__cell5_wt_traces.swc,interneuron,6212,0.6528,0.7899
neurom_rf,neuromorpho__Cell60.swc,interneuron,7809,0.8353,0.8103
neurom_rf,neuromorpho__Cell6_Hippocampus_singlecell.swc,interneuron,345,0.7826,0.7648
neurom_rf,neuromorpho__cell6_wt_traces.swc,interneuron,4831,0.7669,0.8681
neurom_rf,neuromorpho__Cell73.swc,interneuron,5447,0.8192,0.7980
neurom_rf,neuromorpho__Cell9.swc,interneuron,8773,0.7362,0.7190
neurom_rf,neuromorpho__cell9_b2ko_swc_traces.swc,interneuron,6323,0.7394,0.8501
neurom_rf,neuromorpho__Chat-IRES-Cre-neo_Ai14-316043-04-02-01_626158141_m.swc,interneuron,5672,1.0000,1.0000
neurom_rf,neuromorpho__Chat-IRES-Cre-neo_Ai14-316043-05-01-01_610886034_m.swc,interneuron,7465,1.0000,1.0000
neurom_rf,neuromorpho__Chrna2-Cre_OE25_Ai14_BT_-281693-06-01-01_591276000_m.swc,interneuron,17650,1.0000,1.0000
neurom_rf,neuromorpho__Chrna2-Cre_OE25_Pvalb-T2A-Dre_Ai66-312583-02-02-01_651087073_m.swc,interneuron,18770,1.0000,1.0000
neurom_rf,neuromorpho__cIN-1356-nrn-ns-111206-transl-invX-scaled-straightened.swc,interneuron,56,1.0000,1.0000
neurom_rf,neuromorpho__cIN-1375-nrn-ns-101206-transl-invX-scaled-straightened.swc,interneuron,172,0.9360,0.9356
neurom_rf,neuromorpho__CONTROL-2-N3.swc,interneuron,891,1.0000,1.0000
neurom_rf,neuromorpho__CONTROL-3-N1_1.swc,interneuron,696,1.0000,1.0000
neurom_rf,neuromorpho__CONTROL-3-N2.swc,interneuron,819,1.0000,1.0000
neurom_rf,neuromorpho__CONTROL-3-N3.swc,interneuron,532,1.0000,1.0000
neurom_rf,neuromorpho__control-4-N5_1.swc,interneuron,669,1.0000,1.0000
neurom_rf,neuromorpho__CONTROL-4-N6.swc,interneuron,1319,1.0000,1.0000
neurom_rf,neuromorpho__CONTROL-6-N1.swc,interneuron,1522,1.0000,1.0000
neurom_rf,neuromorpho__CONTROL-6-N3.swc,interneuron,1797,1.0000,1.0000
neurom_rf,neuromorpho__CONTROL-6-N3_1.swc,interneuron,2653,1.0000,1.0000
neurom_rf,neuromorpho__dCH-cobalt.swc,interneuron,6167,0.9807,0.8889
neurom_rf,neuromorpho__Delayed17_2089_biocytin.swc,interneuron,4543,0.8413,0.9138
neurom_rf,neuromorpho__Delayed18_2477_biocytin.swc,interneuron,1251,1.0000,1.0000
neurom_rf,neuromorpho__Diego-02-27-13-BR.swc,interneuron,27082,0.9993,0.9987
neurom_rf,neuromorpho__dIN-000516-nrn-ns-100624-transl-invX-scaled-straightened.swc,interneuron,80,0.7750,0.7703
neurom_rf,neuromorpho__dIN-1436-nrn-ns-100901-transl-invX-scaled-straightened.swc,interneuron,98,0.1020,0.4500
neurom_rf,neuromorpho__dIN-446-nrn-ns-100408-transl-invX-scaled-straightened.swc,interneuron,64,0.6875,0.8113
neurom_rf,neuromorpho__dlc-1367-nrn-ns-110116-combined-transl-invX-scaled-straightened.swc,interneuron,128,0.9453,0.9290
neurom_rf,neuromorpho__dysk-10.swc,interneuron,2183,0.9363,0.9671
neurom_rf,neuromorpho__dysk-11.swc,interneuron,1811,0.9354,0.9666
neurom_rf,neuromorpho__dysk-13.swc,interneuron,2937,0.9796,0.9897
neurom_rf,neuromorpho__dysk-14.swc,interneuron,2210,0.9480,0.9733
neurom_rf,neuromorpho__dysk-19.swc,interneuron,1601,1.0000,1.0000
neurom_rf,neuromorpho__dysk-4.swc,interneuron,1870,0.9406,0.9694
neurom_rf,neuromorpho__dysk-9-GT1.swc,interneuron,1204,0.9369,0.9674
neurom_rf,neuromorpho__exp-5-59-188-1006.swc,interneuron,7084,0.9921,0.9960
neurom_rf,neuromorpho__exp-5-59-188-1014.swc,interneuron,4506,0.9891,0.9945
neurom_rf,neuromorpho__exp-5-59-188-1015.swc,interneuron,3857,1.0000,1.0000
neurom_rf,neuromorpho__exp-5-59-Scr-1004.swc,interneuron,2445,1.0000,1.0000
neurom_rf,neuromorpho__exp-5-59-Scr-1010.swc,interneuron,1777,1.0000,1.0000
neurom_rf,neuromorpho__exp-5-59-Scr-1013.swc,interneuron,3554,1.0000,1.0000
neurom_rf,neuromorpho__EXP-5_67-188-1003.swc,interneuron,1051,1.0000,1.0000
neurom_rf,neuromorpho__EXP-5_67-188-1004.swc,interneuron,4681,1.0000,1.0000
neurom_rf,neuromorpho__EXP-5_67-Scr-1004.swc,interneuron,2288,0.9786,0.9892
neurom_rf,neuromorpho__EXP-5_67-Scr-1010.swc,interneuron,2036,0.9307,0.9641
neurom_rf,neuromorpho__EXP-5_67-Scr-1011.swc,interneuron,1607,1.0000,1.0000
neurom_rf,neuromorpho__Fig1b_140312-1rm6_int.swc,interneuron,61212,0.9564,0.8587
neurom_rf,neuromorpho__Fig1f_140909-2mg_int.swc,interneuron,30815,0.9870,0.9708
neurom_rf,neuromorpho__Fig2a_cell2_1404163rm.swc,interneuron,10848,0.9999,0.9998
neurom_rf,neuromorpho__Fig2a_cell5_141009_2og.swc,interneuron,7949,1.0000,1.0000
neurom_rf,neuromorpho__Fig4A331co2_NL_50mu.swc,interneuron,2633,0.9107,0.8530
neurom_rf,neuromorpho__Fig4C443co4_top_NL_50mu.swc,interneuron,1146,0.7592,0.7582
neurom_rf,neuromorpho__Gad2-IRES-Cre_Ai14-324791-03-02-02_648138988_m.swc,interneuron,9203,1.0000,1.0000
neurom_rf,neuromorpho__GGB-01-10-2019-2-R532.swc,interneuron,78363,0.9999,0.9997
neurom_rf,neuromorpho__GGB-7-24-15-1R.swc,interneuron,24074,0.9578,0.8873
neurom_rf,neuromorpho__H17-06-003-11-03-03_694168884_m.swc,interneuron,30285,1.0000,1.0000
neurom_rf,neuromorpho__H17-06-006-11-10-03_639632757_m.swc,interneuron,8684,1.0000,1.0000
neurom_rf,neuromorpho__H17-06-013-12-03-01_681002938_m.swc,interneuron,4016,1.0000,1.0000
neurom_rf,neuromorpho__Hcell13-set-2.swc,interneuron,2107,1.0000,1.0000
neurom_rf,neuromorpho__Hcell16-set-2.swc,interneuron,3641,0.9956,0.9978
neurom_rf,neuromorpho__Hcell2.swc,interneuron,3119,0.9984,0.9992
neurom_rf,neuromorpho__Hcell7.swc,interneuron,1551,0.9826,0.9912
neurom_rf,neuromorpho__hdINE-208-1-2-nrn-ns-120110-transl-invX-scaled-straightened.swc,interneuron,53,0.3774,0.8085
neurom_rf,neuromorpho__het-10.swc,interneuron,308,0.9708,0.9690
neurom_rf,neuromorpho__het-7.swc,interneuron,660,0.9803,0.9801
neurom_rf,neuromorpho__HFF1_4125_neurobiotin.swc,interneuron,4500,0.3442,0.5120
neurom_rf,neuromorpho__homo-3.swc,interneuron,2338,0.9414,0.9413
neurom_rf,neuromorpho__homo-6.swc,interneuron,1661,0.9928,0.9926
neurom_rf,neuromorpho__homo-7.swc,interneuron,2137,0.8839,0.8763
neurom_rf,neuromorpho__homo-9.swc,interneuron,1178,0.9762,0.9757
neurom_rf,neuromorpho__Htr3a-Cre_NO152_Pvalb-T2A-Dre_Ai66-313949-04-02-01_671531778_m.swc,interneuron,15218,1.0000,1.0000
neurom_rf,neuromorpho__I_1_39.swc,interneuron,29675,0.7730,0.6697
neurom_rf,neuromorpho__I_1_53.swc,interneuron,25730,0.7780,0.6747
neurom_rf,neuromorpho__I_1_65.swc,interneuron,18241,0.7722,0.7562
neurom_rf,neuromorpho__I_1_7.swc,interneuron,15305,0.9186,0.8892
neurom_rf,neuromorpho__I_2_42.swc,interneuron,52104,0.8025,0.4559
neurom_rf,neuromorpho__I_2_8.swc,interneuron,22241,0.8327,0.6714
neurom_rf,neuromorpho__interneuronEX.swc,interneuron,7317,0.4241,0.3453
neurom_rf,neuromorpho__j161128s1c7-rotated.swc,interneuron,35399,0.6932,0.4581
neurom_rf,neuromorpho__j161128s2c6-rotated.swc,interneuron,11686,0.9218,0.6951
neurom_rf,neuromorpho__J31a.swc,interneuron,5997,0.5638,0.7210
neurom_rf,neuromorpho__jy190506_B_idC.swc,interneuron,12883,0.3679,0.2784
neurom_rf,neuromorpho__L1R4_05_-390.swc,interneuron,129,1.0000,1.0000
neurom_rf,neuromorpho__L1R4_06_-615.swc,interneuron,155,1.0000,1.0000
neurom_rf,neuromorpho__L1R4_07_-240.swc,interneuron,133,1.0000,1.0000
neurom_rf,neuromorpho__L2R5_01_-550.swc,interneuron,231,1.0000,1.0000
neurom_rf,neuromorpho__L2R5_01_-585.swc,interneuron,384,1.0000,1.0000
neurom_rf,neuromorpho__L2R5_06_-360.swc,interneuron,327,0.8838,0.9381
neurom_rf,neuromorpho__L2R5_06_-525.swc,interneuron,249,1.0000,1.0000
neurom_rf,neuromorpho__L2R5_07_-345.swc,interneuron,181,1.0000,1.0000
neurom_rf,neuromorpho__L3R4_01_-315.swc,interneuron,194,1.0000,1.0000
neurom_rf,neuromorpho__L3R4_01_-525.swc,interneuron,731,0.7155,0.8339
neurom_rf,neuromorpho__L3R4_02_-240.swc,interneuron,215,1.0000,1.0000
neurom_rf,neuromorpho__L3R4_03_-330.swc,interneuron,311,1.0000,1.0000
neurom_rf,neuromorpho__L3R4_05_-240.swc,interneuron,380,1.0000,1.0000
neurom_rf,neuromorpho__L3R4_05_-300.swc,interneuron,851,1.0000,1.0000
neurom_rf,neuromorpho__L3R4_06_-150.swc,interneuron,345,1.0000,1.0000
neurom_rf,neuromorpho__L3R4_06_-195.swc,interneuron,423,0.9858,0.9928
neurom_rf,neuromorpho__L3R4_06_-450.swc,interneuron,287,1.0000,1.0000
neurom_rf,neuromorpho__L5FS4.swc,interneuron,1660,0.9958,0.9979
neurom_rf,neuromorpho__M282Ecel1.swc,interneuron,1353,0.8219,0.9022
neurom_rf,neuromorpho__M67_F2_a.swc,interneuron,596,1.0000,1.0000
neurom_rf,neuromorpho__M720Ecel1.swc,interneuron,3105,0.7114,0.8313
neurom_rf,neuromorpho__M723Spp1.swc,interneuron,871,0.9196,0.9581
neurom_rf,neuromorpho__M727.swc,interneuron,1906,0.6737,0.8049
neurom_rf,neuromorpho__M82_F2_S1.swc,interneuron,415,1.0000,1.0000
neurom_rf,neuromorpho__M_F_10.swc,interneuron,18607,0.7793,0.5206
neurom_rf,neuromorpho__M_F_2.swc,interneuron,22325,0.8634,0.7554
neurom_rf,neuromorpho__n255.swc,interneuron,2074,0.7936,0.8610
neurom_rf,neuromorpho__n260.swc,interneuron,700,0.9600,0.9597
neurom_rf,neuromorpho__NAS3.swc,interneuron,1291,0.3137,0.4770
neurom_rf,neuromorpho__NAS5.swc,interneuron,1254,0.9219,0.9593
neurom_rf,neuromorpho__NAS7.swc,interneuron,1345,0.7509,0.8576
neurom_rf,neuromorpho__Ndnf-IRES2-dgCre_Ai14-306261-05-02-01_591276334_m.swc,interneuron,15925,0.9984,0.9972
neurom_rf,neuromorpho__NGFC_160209_1M.swc,interneuron,8767,0.9190,0.8537
neurom_rf,neuromorpho__NGFC_160324_1M.swc,interneuron,25296,0.8566,0.7122
neurom_rf,neuromorpho__NGFC_171116_4.swc,interneuron,17166,0.8768,0.7228
neurom_rf,neuromorpho__Nkx2-1-CreERT2_Ai14-_IVSCC_-294488-04-02-01_649553736_m.swc,interneuron,14791,1.0000,1.0000
neurom_rf,neuromorpho__Nos1-CreERT2_Ai14_BT_-251975-06-01-01_563819177_m.swc,interneuron,16660,0.9998,0.9991
neurom_rf,neuromorpho__Nos1-CreERT2_Ai14_BT_-260226-04-02-01_596793240_m.swc,interneuron,10703,1.0000,1.0000
neurom_rf,neuromorpho__Nos1-CreERT2_Ai14_BT_-286854-04-01-01_596793070_m.swc,interneuron,15550,0.9993,0.9987
neurom_rf,neuromorpho__Nos1-CreERT2_Sst-IRES-FlpO_Ai65-271577-05-02-01_601947916_m.swc,interneuron,12545,1.0000,1.0000
neurom_rf,neuromorpho__Oxtr-2A-Cre_Ai14-293841-05-02-01_614432108_m.swc,interneuron,16820,0.9988,0.9970
neurom_rf,neuromorpho__P110715-02-BC.swc,interneuron,999,0.7918,0.8837
neurom_rf,neuromorpho__p110715-04-BC.swc,interneuron,2202,0.8292,0.9066
neurom_rf,neuromorpho__P111106-02-BC.swc,interneuron,2443,0.9730,0.9863
neurom_rf,neuromorpho__P111123-01-AAC.swc,interneuron,2647,0.9362,0.9670
neurom_rf,neuromorpho__P111123-03-AAC.swc,interneuron,1120,0.6384,0.7791
neurom_rf,neuromorpho__P111123-04n1-AAC.swc,interneuron,1233,0.8727,0.9319
neurom_rf,neuromorpho__P111123-04n2-AAC.swc,interneuron,1300,0.9715,0.9856
neurom_rf,neuromorpho__p120116-03-AAC.swc,interneuron,589,0.0900,0.1625
neurom_rf,neuromorpho__p73_vGluT2-ctrl_IN08.swc,interneuron,830,0.9518,0.9753
neurom_rf,neuromorpho__p73_vGluT2-ctrl_IN12.swc,interneuron,765,0.9072,0.9513
neurom_rf,neuromorpho__p73_vGluT2-ctrl_IN18.swc,interneuron,511,0.9746,0.9871
neurom_rf,neuromorpho__p73_vGluT2-KO_IN03.swc,interneuron,281,0.2313,0.3721
neurom_rf,neuromorpho__p73_vGluT2-KO_IN05.swc,interneuron,520,0.2192,0.3576
neurom_rf,neuromorpho__p73_vGluT2-KO_IN08.swc,interneuron,817,0.8654,0.9277
neurom_rf,neuromorpho__P_F_3.swc,interneuron,38607,0.8505,0.7694
neurom_rf,neuromorpho__P_F_6.swc,interneuron,31739,0.8417,0.7414
neurom_rf,neuromorpho__pair01-09-11-C-final1.swc,interneuron,2330,0.9785,0.9545
neurom_rf,neuromorpho__PDE1c_vGluT2-ctrl_IN01.swc,interneuron,574,0.6202,0.7651
neurom_rf,neuromorpho__PDE1c_vGluT2-ctrl_IN03.swc,interneuron,551,0.9946,0.9973
neurom_rf,neuromorpho__PDE1c_vGluT2-ctrl_IN08.swc,interneuron,259,0.5753,0.7291
neurom_rf,neuromorpho__PDE1c_vGluT2-ctrl_IN18.swc,interneuron,614,0.5928,0.7439
neurom_rf,neuromorpho__PDE1c_vGluT2-ctrl_IN20.swc,interneuron,455,0.9429,0.9705
neurom_rf,neuromorpho__PDE1c_vGluT2-ctrl_IN26.swc,interneuron,446,0.9933,0.9966
neurom_rf,neuromorpho__PDE1c_vGluT2-ctrl_IN33.swc,interneuron,529,0.9887,0.9943
neurom_rf,neuromorpho__PDE1c_vGluT2-ctrl_IN34.swc,interneuron,507,1.0000,1.0000
neurom_rf,neuromorpho__PDE1c_vGluT2-ctrl_IN35.swc,interneuron,737,0.9959,0.9980
neurom_rf,neuromorpho__PDE1c_vGluT2-KO_IN01.swc,interneuron,338,0.8609,0.9250
neurom_rf,neuromorpho__PDE1c_vGluT2-KO_IN05.swc,interneuron,879,0.8794,0.9358
neurom_rf,neuromorpho__PDE1c_vGluT2-KO_IN06.swc,interneuron,604,0.6689,0.8012
neurom_rf,neuromorpho__PDE1c_vGluT2-KO_IN07.swc,interneuron,691,0.8307,0.9074
neurom_rf,neuromorpho__PDE1c_vGluT2-KO_IN14.swc,interneuron,261,1.0000,1.0000
neurom_rf,neuromorpho__PDE1c_vGluT2-KO_IN23.swc,interneuron,455,1.0000,1.0000
neurom_rf,neuromorpho__PDE1c_vGluT2-KO_IN33.swc,interneuron,968,0.5455,0.7055
neurom_rf,neuromorpho__PDE1c_vGluT2-KO_IN38.swc,interneuron,784,0.8878,0.9405
neurom_rf,neuromorpho__PDE1c_vGluT2-KO_IN42.swc,interneuron,691,0.9870,0.9934
neurom_rf,neuromorpho__PFC-20140312B_Analysis.swc,interneuron,15042,0.8438,0.7207
neurom_rf,neuromorpho__PFC07072016D_Analysis.swc,interneuron,22362,0.9517,0.9185
neurom_rf,neuromorpho__PFC13022019C_Analysis.swc,interneuron,11581,0.8994,0.7654
neurom_rf,neuromorpho__PFC160308A_Analysis.swc,interneuron,20183,0.8894,0.8831
neurom_rf,neuromorpho__PFC160621A_Analysis.swc,interneuron,72435,0.9384,0.8944
neurom_rf,neuromorpho__PSD24-F2b-S1.swc,interneuron,464,1.0000,1.0000
neurom_rf,neuromorpho__PSD29-F1-S1.swc,interneuron,655,1.0000,1.0000
neurom_rf,neuromorpho__Pvalb-IRES-Cre_Ai14-198335-04-01-01_653182186_m.swc,interneuron,10340,0.8781,0.8322
neurom_rf,neuromorpho__Pvalb-IRES-Cre_Ai14-296193-03-01-02_650175812_m.swc,interneuron,18692,1.0000,1.0000
neurom_rf,neuromorpho__Pvalb-IRES-Cre_Ai14-296193-04-01-01_596792650_m.swc,interneuron,32682,0.9960,0.9883
neurom_rf,neuromorpho__Pvalb-IRES-Cre_Ai14-305768-04-02-01_656999337_m.swc,interneuron,15273,1.0000,1.0000
neurom_rf,neuromorpho__retina1_petal1_n4.swc,interneuron,4954,0.9041,0.8863
neurom_rf,neuromorpho__retina1_petal3_n11.swc,interneuron,9242,0.8762,0.8396
neurom_rf,neuromorpho__retina1_petal3_n12.swc,interneuron,5797,0.9322,0.9169
neurom_rf,neuromorpho__retina1_petal3_n5.swc,interneuron,9398,0.9956,0.9931
neurom_rf,neuromorpho__retina1_petal3_n8.swc,interneuron,10023,0.9540,0.9407
neurom_rf,neuromorpho__retina2_n3.swc,interneuron,10098,0.9983,0.9981
neurom_rf,neuromorpho__retina2_n4.swc,interneuron,8420,0.9513,0.9431
neurom_rf,neuromorpho__retina3_n1.swc,interneuron,7499,0.9707,0.9618
neurom_rf,neuromorpho__retina3_n6.swc,interneuron,7764,0.9606,0.9366
neurom_rf,neuromorpho__retina4_petal1_n12.swc,interneuron,8692,0.9538,0.9345
neurom_rf,neuromorpho__retina4_petal1_n4.swc,interneuron,7363,0.9731,0.9667
neurom_rf,neuromorpho__retina4_petal1_n8.swc,interneuron,7246,0.9625,0.9582
neurom_rf,neuromorpho__retina4_petal2_n2.swc,interneuron,9905,0.9889,0.9864
neurom_rf,neuromorpho__retina4_petal3_n12.swc,interneuron,8161,0.9112,0.9079
neurom_rf,neuromorpho__retina4_petal3_n5.swc,interneuron,7824,0.9627,0.9611
neurom_rf,neuromorpho__retina4_petal3_n8.swc,interneuron,8774,0.9773,0.9764
neurom_rf,neuromorpho__retina4_petal4_n2.swc,interneuron,7809,0.9697,0.9676
neurom_rf,neuromorpho__retina4_petal4_n7.swc,interneuron,10288,0.9827,0.9787
neurom_rf,neuromorpho__retina5_petal1_n1.swc,interneuron,6811,0.9629,0.9628
neurom_rf,neuromorpho__retina5_petal1_n7.swc,interneuron,8453,0.8929,0.8703
neurom_rf,neuromorpho__retina5_petal2_n2.swc,interneuron,8403,0.9449,0.9415
neurom_rf,neuromorpho__retina5_petal3_n5.swc,interneuron,6920,0.9626,0.9598
neurom_rf,neuromorpho__retina5_petal3_n6.swc,interneuron,8290,0.9461,0.9443
neurom_rf,neuromorpho__retina5_petal3_n7.swc,interneuron,11725,0.9794,0.9759
neurom_rf,neuromorpho__retina5_petal3_n9.swc,interneuron,6120,0.9783,0.9756
neurom_rf,neuromorpho__retina5_petal4_n1.swc,interneuron,7959,0.9930,0.9927
neurom_rf,neuromorpho__retina5_petal4_n2.swc,interneuron,3100,0.7039,0.6759
neurom_rf,neuromorpho__retina5_petal4_n7.swc,interneuron,5407,0.9961,0.9907
neurom_rf,neuromorpho__retina6_petal1_n8.swc,interneuron,5813,0.9936,0.9936
neurom_rf,neuromorpho__retina6_petal2_n2.swc,interneuron,5041,0.9873,0.9862
neurom_rf,neuromorpho__retina7_petal2_n2.swc,interneuron,4896,1.0000,1.0000
neurom_rf,neuromorpho__retina7_petal3_n7.swc,interneuron,1943,0.6022,0.4771
neurom_rf,neuromorpho__retina7_petal3_n9.swc,interneuron,5003,0.9480,0.9462
neurom_rf,neuromorpho__retina7_petal4_n1.swc,interneuron,4173,0.6008,0.4634
neurom_rf,neuromorpho__retina7_petal4_n4.swc,interneuron,7071,0.8934,0.8754
neurom_rf,neuromorpho__retina7_petal4_n6.swc,interneuron,6749,0.9437,0.9328
neurom_rf,neuromorpho__retina7_petal4_n7.swc,interneuron,9533,0.9743,0.9627
neurom_rf,neuromorpho__RG2-F9-cell1.swc,interneuron,600,1.0000,1.0000
neurom_rf,neuromorpho__RG3-F1.swc,interneuron,1105,1.0000,1.0000
neurom_rf,neuromorpho__rotated_CR-0319a_ax2.swc,interneuron,30987,0.9848,0.9583
neurom_rf,neuromorpho__S2979-x1-25.swc,interneuron,12792,0.9975,0.9944
neurom_rf,neuromorpho__S3117_20140612-x1-25.swc,interneuron,8936,0.9993,0.9985
neurom_rf,neuromorpho__sc308.swc,interneuron,297,0.9192,0.9577
neurom_rf,neuromorpho__sec-12.swc,interneuron,358,0.9832,0.9752
neurom_rf,neuromorpho__sec-13.swc,interneuron,289,0.9585,0.9571
neurom_rf,neuromorpho__SM080618A2.swc,interneuron,14569,0.9782,0.9569
neurom_rf,neuromorpho__SST2A-GFP-SST-VGLUT2-cell-3.swc,interneuron,123,1.0000,1.0000
neurom_rf,neuromorpho__SST2A-GFP-SST-VGLUT2-cell-4.swc,interneuron,132,0.9848,0.9923
neurom_rf,neuromorpho__STRESS-1-N3_1.swc,interneuron,356,1.0000,1.0000
neurom_rf,neuromorpho__STRESS-1-N4.swc,interneuron,338,1.0000,1.0000
neurom_rf,neuromorpho__STRESS-1-N4_1.swc,interneuron,664,1.0000,1.0000
neurom_rf,neuromorpho__STRESS-1-N5_1.swc,interneuron,602,1.0000,1.0000
neurom_rf,neuromorpho__STRESS-2-N2.swc,interneuron,1069,1.0000,1.0000
neurom_rf,neuromorpho__STRESS-2-N4_1.swc,interneuron,1211,1.0000,1.0000
neurom_rf,neuromorpho__STRESS-2-N7_1.swc,interneuron,544,1.0000,1.0000
neurom_rf,neuromorpho__STRESS-3-N1.swc,interneuron,991,1.0000,1.0000
neurom_rf,neuromorpho__STRESS-3-N4.swc,interneuron,1371,1.0000,1.0000
neurom_rf,neuromorpho__STRESS-4-N1.swc,interneuron,702,1.0000,1.0000
neurom_rf,neuromorpho__STRESS-4-N3.swc,interneuron,455,1.0000,1.0000
neurom_rf,neuromorpho__STRESS-5-N2.swc,interneuron,788,1.0000,1.0000
neurom_rf,neuromorpho__STRESS-5-N5.swc,interneuron,687,1.0000,1.0000
neurom_rf,neuromorpho__STRESS-6-N2_1.swc,interneuron,1958,0.9969,0.9985
neurom_rf,neuromorpho__STRESS-7-N6.swc,interneuron,1818,0.9994,0.9997
neurom_rf,neuromorpho__T44a.swc,interneuron,4278,0.9511,0.9750
neurom_rf,neuromorpho__T75.swc,interneuron,2112,0.8314,0.9079
neurom_rf,neuromorpho__TDI21301009_cell5_L6_pia_WM.swc,interneuron,7179,0.9551,0.8783
neurom_rf,neuromorpho__TDI21301010_Cell6_pia.swc,interneuron,12183,0.8967,0.7737
neurom_rf,neuromorpho__TDI21301012_Cell11_pia.swc,interneuron,18817,0.9478,0.7935
neurom_rf,neuromorpho__TDI21301012_Cell1_pia.swc,interneuron,23328,0.9242,0.7334
neurom_rf,neuromorpho__TDI21301013_cell2_spines_pia.swc,interneuron,27195,0.9330,0.7834
neurom_rf,neuromorpho__TDI21301015_Cell1_pia.swc,interneuron,22332,0.9172,0.7297
neurom_rf,neuromorpho__TDI21301019_Cell3_spine_pia.swc,interneuron,14471,0.9232,0.8150
neurom_rf,neuromorpho__TDI21302012_cell3_pia.swc,interneuron,14049,0.9043,0.7909
neurom_rf,neuromorpho__Tile1-2_12N5-8162019-b-tile2fcfc2-2a.swc,interneuron,2872,0.8454,0.9162
neurom_rf,neuromorpho__TileScan-5_Merged_12N7-8162019_fcfc3a.swc,interneuron,751,0.8469,0.9170
neurom_rf,neuromorpho__TM-10-02-15-AR.swc,interneuron,45789,0.9754,0.9170
neurom_rf,neuromorpho__TM-12-19-13-DR.swc,interneuron,9279,0.7539,0.9861
neurom_rf,neuromorpho__TT-3-20-14-1R.swc,interneuron,30744,0.9997,0.9987
neurom_rf,neuromorpho__Vip-IRES-Cre_Ai14-287858-04-01-01_596793095_m.swc,interneuron,13697,0.9784,0.9716
neurom_rf,neuromorpho__Vip-IRES-Cre_Ai14-294013-04-02-01_591275914_m.swc,interneuron,8105,0.9833,0.9748
neurom_rf,neuromorpho__VIP_170223_1A.swc,interneuron,6997,0.8228,0.6518
neurom_rf,neuromorpho__Vipr2-IRES2-Cre_Ai14-316908-04-02-01_648577094_m.swc,interneuron,19130,0.9988,0.9967
neurom_rf,neuromorpho__Vipr2-IRES2-Cre_Pvalb-T2A-FlpO_Ai65-344474-05-01-01_645075400_m.swc,interneuron,14474,1.0000,1.0000
neurom_rf,neuromorpho__Vipr2-IRES2-Cre_Slc32a1-T2A-FlpO_Ai65-315067-04-02-01_610886090_m.swc,interneuron,8241,1.0000,1.0000
neurom_rf,neuromorpho__Vipr2-IRES2-Cre_Slc32a1-T2A-FlpO_Ai65-315067-05-02-01_610886173_m.swc,interneuron,10490,1.0000,1.0000
neurom_rf,neuromorpho__Vipr2-IRES2-Cre_Slc32a1-T2A-FlpO_Ai65-315072-05-01-01_638976782_m.swc,interneuron,14339,1.0000,1.0000
neurom_rf,neuromorpho__VS1-cobalt.swc,interneuron,1007,0.7547,0.5278
neurom_rf,neuromorpho__VS4-cobalt.swc,interneuron,989,0.9060,0.8071
neurom_rf,neuromorpho__Wang_Lefebvre_Cell26.swc,interneuron,6102,0.6037,0.4379
neurom_rf,neuromorpho__Wang_Lefebvre_Cell4.swc,interneuron,9405,0.5453,0.4963
neurom_rf,neuromorpho__YG-03-01-18-2-R-390-quant.swc,interneuron,9837,0.9985,0.9976
neurom_rf,neuromorpho__Zs201221-01_dors_20x_onlydendrites.swc,interneuron,1617,0.7897,0.8824
neurom_rf,neuromorpho__Zs201221-01_ventral_20x_onlydendrites.swc,interneuron,1717,0.7723,0.8714
neurom_rf,neuromorpho__Zs201221-02_ventral_20x_onlydendrites.swc,interneuron,2423,0.9026,0.9488
neurom_rf,neuromorpho__Zs201222-02_ventral_medial_20x_onlydendrites.swc,interneuron,1168,0.8793,0.9357
neurom_rf,neuromorpho__Zs210113-0302_ventral_onlydendrites.swc,interneuron,812,1.0000,1.0000
lmeasure_rf,allen__H16.03.006.01.03.04_537313600.swc,pyramidal,25936,1.0000,1.0000
lmeasure_rf,allen__H16.03.008.11.11.02_542137330.swc,pyramidal,8238,0.9080,0.8998
lmeasure_rf,allen__H16.06.004.01.04.03_508282493.swc,pyramidal,10880,1.0000,1.0000
lmeasure_rf,allen__H16.06.010.01.01.10.02_529898751.swc,pyramidal,22644,0.8907,0.7694
lmeasure_rf,allen__H17.03.002.11.04.04_569844159.swc,pyramidal,5107,0.9039,0.6215
lmeasure_rf,allen__H17.03.010.11.13.06_601958555.swc,pyramidal,10449,1.0000,1.0000
lmeasure_rf,allen__H17.06.005.12.15.04_571471295.swc,pyramidal,17244,0.9132,0.8964
lmeasure_rf,allen__H17.06.005.12.16.03_571527806.swc,pyramidal,8165,1.0000,1.0000
lmeasure_rf,allen__H17.06.005.13.05.06_571500474.swc,pyramidal,5576,0.8309,0.6064
lmeasure_rf,allen__H17.06.006.11.08.02_571624532.swc,pyramidal,26161,1.0000,1.0000
lmeasure_rf,hpf_ca1__201983_012_edited.swc,pyramidal,9410,0.9942,0.9886
lmeasure_rf,hpf_ca1__201990_029_edited.swc,pyramidal,74990,1.0000,1.0000
lmeasure_rf,hpf_ca1__202217_014_edited.swc,pyramidal,31115,1.0000,1.0000
lmeasure_rf,hpf_ca1__202217_020_edited.swc,pyramidal,33093,1.0000,1.0000
lmeasure_rf,hpf_ca1__202217_022_edited.swc,pyramidal,13624,1.0000,1.0000
lmeasure_rf,hpf_ca1__202217_023_edited.swc,pyramidal,16882,1.0000,1.0000
lmeasure_rf,hpf_ca1__202219_002_edited.swc,pyramidal,18678,1.0000,1.0000
lmeasure_rf,hpf_ca1__202219_010_edited.swc,pyramidal,31281,0.9961,0.9689
lmeasure_rf,hpf_ca1__202219_020_edited.swc,pyramidal,47591,0.9518,0.7879
lmeasure_rf,hpf_ca1__202219_028_edited.swc,pyramidal,81215,0.9384,0.6774
lmeasure_rf,hpf_ca1__202219_031_edited.swc,pyramidal,15259,1.0000,1.0000
lmeasure_rf,hpf_ca1__202220_077_edited.swc,pyramidal,29822,1.0000,1.0000
lmeasure_rf,hpf_ca1__202224_002_edited.swc,pyramidal,3065,0.7165,0.4174
lmeasure_rf,hpf_ca1__202224_005_edited.swc,pyramidal,15471,0.6047,0.5750
lmeasure_rf,hpf_ca1__202225_004_edited.swc,pyramidal,44311,1.0000,1.0000
lmeasure_rf,hpf_ca1__202226_005_edited.swc,pyramidal,30905,1.0000,1.0000
lmeasure_rf,hpf_ca1__202226_012_edited.swc,pyramidal,30380,1.0000,1.0000
lmeasure_rf,hpf_ca1__202230_009_edited.swc,pyramidal,20282,1.0000,1.0000
lmeasure_rf,hpf_ca1__202230_010_edited.swc,pyramidal,23971,1.0000,1.0000
lmeasure_rf,hpf_ca1__202232_020_edited.swc,pyramidal,22249,1.0000,1.0000
lmeasure_rf,hpf_ca1__202232_022_edited.swc,pyramidal,118347,1.0000,1.0000
lmeasure_rf,hpf_ca1__202232_069_edited.swc,pyramidal,14507,1.0000,1.0000
lmeasure_rf,hpf_ca1__202232_071_edited.swc,pyramidal,16712,0.9999,0.9997
lmeasure_rf,hpf_ca1__202233_010_edited.swc,pyramidal,89353,0.9811,0.7400
lmeasure_rf,hpf_ca1__202233_014_edited.swc,pyramidal,21401,1.0000,1.0000
lmeasure_rf,hpf_ca1__202234_014_edited.swc,pyramidal,13715,1.0000,1.0000
lmeasure_rf,hpf_ca1__202234_019_edited.swc,pyramidal,32901,1.0000,1.0000
lmeasure_rf,hpf_ca1__202234_026_edited.swc,pyramidal,105116,1.0000,1.0000
lmeasure_rf,hpf_ca1__202237_014_edited.swc,pyramidal,82589,1.0000,1.0000
lmeasure_rf,hpf_ca1__202237_022_edited.swc,pyramidal,37107,1.0000,1.0000
lmeasure_rf,hpf_ca1__202237_028_edited.swc,pyramidal,29490,1.0000,1.0000
lmeasure_rf,hpf_ca1__202237_030_edited.swc,pyramidal,37085,1.0000,1.0000
lmeasure_rf,hpf_ca1__202237_148_edited.swc,pyramidal,20025,1.0000,1.0000
lmeasure_rf,hpf_ca1__202237_155_edited.swc,pyramidal,48853,1.0000,1.0000
lmeasure_rf,hpf_ca1__202238_010_edited.swc,pyramidal,40434,1.0000,1.0000
lmeasure_rf,hpf_ca1__202238_011_edited.swc,pyramidal,31386,1.0000,1.0000
lmeasure_rf,hpf_ca1__202238_016_edited.swc,pyramidal,19790,1.0000,1.0000
lmeasure_rf,hpf_ca1__202238_020_edited.swc,pyramidal,57572,1.0000,1.0000
lmeasure_rf,hpf_ca1__202238_037_edited.swc,pyramidal,30131,1.0000,1.0000
lmeasure_rf,hpf_ca1__202239_001_edited.swc,pyramidal,102203,1.0000,1.0000
lmeasure_rf,hpf_ca1__202239_002_edited.swc,pyramidal,53262,1.0000,1.0000
lmeasure_rf,hpf_ca1__202239_003_edited.swc,pyramidal,66236,0.9722,0.8548
lmeasure_rf,hpf_ca1__202240_013_edited.swc,pyramidal,61254,1.0000,1.0000
lmeasure_rf,hpf_ca1__202240_017_edited.swc,pyramidal,41036,1.0000,1.0000
lmeasure_rf,hpf_ca1__202240_021_edited.swc,pyramidal,18234,1.0000,1.0000
lmeasure_rf,hpf_ca1__202240_038_edited.swc,pyramidal,33672,1.0000,1.0000
lmeasure_rf,hpf_ca1__202240_041_edited.swc,pyramidal,56404,1.0000,1.0000
lmeasure_rf,hpf_ca1__202241_005_edited.swc,pyramidal,22133,1.0000,1.0000
lmeasure_rf,hpf_ca1__202241_012_edited.swc,pyramidal,12322,1.0000,1.0000
lmeasure_rf,hpf_ca1__202242_002_edited.swc,pyramidal,29425,0.8533,0.6388
lmeasure_rf,hpf_ca1__202242_004_edited.swc,pyramidal,11334,1.0000,1.0000
lmeasure_rf,hpf_ca1__202242_006_edited.swc,pyramidal,25594,1.0000,1.0000
lmeasure_rf,hpf_ca1__202243_005_edited.swc,pyramidal,31496,1.0000,1.0000
lmeasure_rf,hpf_ca1__202243_010_edited.swc,pyramidal,20445,1.0000,1.0000
lmeasure_rf,hpf_ca1__202243_015_edited.swc,pyramidal,6058,1.0000,1.0000
lmeasure_rf,hpf_ca1__202244_004_edited.swc,pyramidal,18757,0.9140,0.6150
lmeasure_rf,hpf_ca1__202244_005_edited.swc,pyramidal,16774,1.0000,1.0000
lmeasure_rf,hpf_ca1__202244_019_edited.swc,pyramidal,2467,0.6494,0.5000
lmeasure_rf,hpf_ca1__202246_001_edited.swc,pyramidal,32941,0.7561,0.6557
lmeasure_rf,hpf_ca1__202246_024_edited.swc,pyramidal,61272,1.0000,1.0000
lmeasure_rf,hpf_ca1__202246_025_edited.swc,pyramidal,31673,1.0000,1.0000
lmeasure_rf,hpf_ca1__202248_016_edited.swc,pyramidal,14839,1.0000,1.0000
lmeasure_rf,hpf_ca1__202248_022_edited.swc,pyramidal,13308,0.9999,0.9998
lmeasure_rf,hpf_ca1__202248_024_edited.swc,pyramidal,24732,1.0000,1.0000
lmeasure_rf,hpf_ca1__202249_008_edited.swc,pyramidal,24715,1.0000,1.0000
lmeasure_rf,hpf_ca1__202250_004_edited.swc,pyramidal,30531,0.9547,0.5351
lmeasure_rf,hpf_ca1__202252_002_edited.swc,pyramidal,25003,0.8555,0.4523
lmeasure_rf,hpf_ca1__202252_010_edited.swc,pyramidal,11173,1.0000,1.0000
lmeasure_rf,hpf_ca1__202258_033_edited.swc,pyramidal,32563,1.0000,1.0000
lmeasure_rf,hpf_ca1__202259_054_edited.swc,pyramidal,26126,0.9664,0.5213
lmeasure_rf,hpf_ca1__202259_063_edited.swc,pyramidal,85190,1.0000,1.0000
lmeasure_rf,hpf_ca1__202259_070_edited.swc,pyramidal,55269,1.0000,1.0000
lmeasure_rf,hpf_ca1__202259_079_edited.swc,pyramidal,54665,1.0000,1.0000
lmeasure_rf,hpf_ca1__202259_108_edited.swc,pyramidal,37319,1.0000,1.0000
lmeasure_rf,hpf_ca1__202261_006_edited.swc,pyramidal,48601,1.0000,1.0000
lmeasure_rf,hpf_ca1__202261_023_edited.swc,pyramidal,38659,1.0000,1.0000
lmeasure_rf,hpf_ca1__202261_116_edited.swc,pyramidal,27094,1.0000,1.0000
lmeasure_rf,hpf_ca1__202264_036_edited.swc,pyramidal,45110,1.0000,1.0000
lmeasure_rf,hpf_ca1__202266_009_edited.swc,pyramidal,37480,1.0000,1.0000
lmeasure_rf,hpf_ca1__202271_141_edited.swc,pyramidal,64088,1.0000,1.0000
lmeasure_rf,hpf_ca1__202271_146_edited.swc,pyramidal,15617,1.0000,1.0000
lmeasure_rf,hpf_ca1__202271_179_edited.swc,pyramidal,22142,1.0000,1.0000
lmeasure_rf,hpf_ca1__202272_102_edited.swc,pyramidal,43119,1.0000,1.0000
lmeasure_rf,hpf_ca1__202273_055_edited.swc,pyramidal,41730,1.0000,1.0000
lmeasure_rf,hpf_ca1__202274_087_edited.swc,pyramidal,20785,1.0000,1.0000
lmeasure_rf,hpf_ca1__202274_093_edited.swc,pyramidal,35235,1.0000,1.0000
lmeasure_rf,hpf_ca1__202274_126_edited.swc,pyramidal,8387,0.7299,0.6780
lmeasure_rf,hpf_ca1__202392_001_edited.swc,pyramidal,34301,1.0000,1.0000
lmeasure_rf,hpf_ca1__202392_002_edited.swc,pyramidal,62170,1.0000,1.0000
lmeasure_rf,hpf_ca1__202393_002_edited.swc,pyramidal,59225,1.0000,1.0000
lmeasure_rf,hpf_ca1__202396_035_edited.swc,pyramidal,48891,1.0000,1.0000
lmeasure_rf,hpf_ca1__202396_051_edited.swc,pyramidal,44449,1.0000,1.0000
lmeasure_rf,hpf_ca1__202396_173_edited.swc,pyramidal,75572,0.9744,0.5842
lmeasure_rf,hpf_ca1__202396_184_edited.swc,pyramidal,45900,1.0000,1.0000
lmeasure_rf,hpf_ca1__202399_012_edited.swc,pyramidal,47774,1.0000,1.0000
lmeasure_rf,hpf_ca1__202400_008_edited.swc,pyramidal,18099,1.0000,1.0000
lmeasure_rf,hpf_ca1__202400_018_edited.swc,pyramidal,74049,1.0000,1.0000
lmeasure_rf,hpf_ca1__202400_033_edited.swc,pyramidal,66082,1.0000,1.0000
lmeasure_rf,hpf_ca1__202400_049_edited.swc,pyramidal,14459,1.0000,1.0000
lmeasure_rf,hpf_ca1__202400_117_edited.swc,pyramidal,21137,1.0000,1.0000
lmeasure_rf,hpf_ca1__202401_144_edited.swc,pyramidal,50041,1.0000,1.0000
lmeasure_rf,hpf_ca1__202401_205_edited.swc,pyramidal,68375,1.0000,1.0000
lmeasure_rf,hpf_ca1__202401_229_edited.swc,pyramidal,63673,1.0000,1.0000
lmeasure_rf,hpf_ca1__202402_015_edited.swc,pyramidal,40277,1.0000,1.0000
lmeasure_rf,hpf_ca1__202402_016_edited.swc,pyramidal,15991,1.0000,1.0000
lmeasure_rf,hpf_ca1__202402_025_edited.swc,pyramidal,52984,1.0000,1.0000
lmeasure_rf,hpf_ca1__202402_054_edited.swc,pyramidal,42176,1.0000,1.0000
lmeasure_rf,hpf_ca1__202403_125_edited.swc,pyramidal,85402,1.0000,1.0000
lmeasure_rf,hpf_ca1__202403_126_edited.swc,pyramidal,104418,1.0000,1.0000
lmeasure_rf,hpf_ca1__202403_129_edited.swc,pyramidal,119979,0.9840,0.7947
lmeasure_rf,hpf_ca1__202404_038_edited.swc,pyramidal,95209,0.9834,0.8955
lmeasure_rf,hpf_ca1__202404_041_edited.swc,pyramidal,53487,0.9928,0.9510
lmeasure_rf,hpf_ca1__202409_001_edited.swc,pyramidal,60887,0.9769,0.8605
lmeasure_rf,hpf_ca1__202409_003_edited.swc,pyramidal,23409,1.0000,1.0000
lmeasure_rf,hpf_ca1__202410_002_edited.swc,pyramidal,27576,1.0000,1.0000
lmeasure_rf,hpf_ca1__202410_008_edited.swc,pyramidal,18551,1.0000,1.0000
lmeasure_rf,hpf_ca1__202410_011_edited.swc,pyramidal,46236,1.0000,1.0000
lmeasure_rf,hpf_ca1__202410_017_edited.swc,pyramidal,26447,1.0000,1.0000
lmeasure_rf,hpf_ca1__202411_004_edited.swc,pyramidal,17173,1.0000,1.0000
lmeasure_rf,hpf_ca1__202411_007_edited.swc,pyramidal,18419,1.0000,1.0000
lmeasure_rf,hpf_ca1__202412_006_edited.swc,pyramidal,9590,1.0000,1.0000
lmeasure_rf,hpf_ca1__202412_007_edited.swc,pyramidal,78218,1.0000,1.0000
lmeasure_rf,hpf_ca1__202412_009_edited.swc,pyramidal,36311,1.0000,1.0000
lmeasure_rf,hpf_ca1__202412_013_edited.swc,pyramidal,38894,1.0000,1.0000
lmeasure_rf,hpf_ca1__202413_061_edited.swc,pyramidal,77986,0.9786,0.5680
lmeasure_rf,hpf_ca1__202414_008_edited.swc,pyramidal,81211,1.0000,1.0000
lmeasure_rf,hpf_ca1__202414_260_edited.swc,pyramidal,31302,1.0000,1.0000
lmeasure_rf,hpf_ca1__202414_448_edited.swc,pyramidal,98179,1.0000,1.0000
lmeasure_rf,hpf_ca1__202414_533_edited.swc,pyramidal,90455,1.0000,1.0000
lmeasure_rf,hpf_ca1__202414_540_edited.swc,pyramidal,62719,1.0000,1.0000
lmeasure_rf,hpf_ca1__202415_026_edited.swc,pyramidal,81121,1.0000,1.0000
lmeasure_rf,hpf_ca1__202415_035_edited.swc,pyramidal,39108,1.0000,1.0000
lmeasure_rf,hpf_ca1__202417_006_edited.swc,pyramidal,36956,1.0000,1.0000
lmeasure_rf,hpf_ca1__202417_047_edited.swc,pyramidal,12723,1.0000,1.0000
lmeasure_rf,hpf_ca1__202422_010_edited.swc,pyramidal,15440,1.0000,1.0000
lmeasure_rf,hpf_ca1__202423_003_edited.swc,pyramidal,62691,1.0000,1.0000
lmeasure_rf,hpf_ca1__202423_004_edited.swc,pyramidal,31408,1.0000,1.0000
lmeasure_rf,hpf_ca1__202423_009_edited.swc,pyramidal,48791,1.0000,1.0000
lmeasure_rf,hpf_ca1__202423_013_edited.swc,pyramidal,45777,1.0000,1.0000
lmeasure_rf,hpf_ca1__202423_018_edited.swc,pyramidal,12551,1.0000,1.0000
lmeasure_rf,hpf_ca1__202423_033_edited.swc,pyramidal,59489,1.0000,1.0000
lmeasure_rf,hpf_ca1__202426_023_edited.swc,pyramidal,21107,0.9085,0.7654
lmeasure_rf,hpf_ca1__202426_024_edited.swc,pyramidal,17150,1.0000,1.0000
lmeasure_rf,hpf_ca1__202426_025_edited.swc,pyramidal,29420,1.0000,1.0000
lmeasure_rf,hpf_ca1__202426_026_edited.swc,pyramidal,17563,1.0000,1.0000
lmeasure_rf,hpf_ca1__202426_044_edited.swc,pyramidal,62280,1.0000,1.0000
lmeasure_rf,hpf_ca1__202426_054_edited.swc,pyramidal,31714,1.0000,1.0000
lmeasure_rf,hpf_ca1__202426_055_edited.swc,pyramidal,104139,1.0000,1.0000
lmeasure_rf,hpf_ca1__202426_098_edited.swc,pyramidal,45169,1.0000,1.0000
lmeasure_rf,hpf_ca1__202426_132_edited.swc,pyramidal,64236,1.0000,1.0000
lmeasure_rf,hpf_ca1__202427_048_edited.swc,pyramidal,51550,1.0000,1.0000
lmeasure_rf,hpf_ca1__202427_096_edited.swc,pyramidal,3506,0.1917,0.1607
lmeasure_rf,hpf_ca1__202427_143_edited.swc,pyramidal,84679,1.0000,1.0000
lmeasure_rf,hpf_ca1__202428_004_edited.swc,pyramidal,41485,1.0000,1.0000
lmeasure_rf,hpf_ca1__202428_037_edited.swc,pyramidal,42644,1.0000,1.0000
lmeasure_rf,hpf_ca1__202461_009_edited.swc,pyramidal,55879,0.9808,0.5588
lmeasure_rf,hpf_ca1__202461_027_edited.swc,pyramidal,51205,1.0000,1.0000
lmeasure_rf,hpf_ca1__202497_009_edited.swc,pyramidal,66021,1.0000,1.0000
lmeasure_rf,hpf_ca1__202497_020_edited.swc,pyramidal,32754,1.0000,1.0000
lmeasure_rf,hpf_ca1__202497_022_edited.swc,pyramidal,43240,1.0000,1.0000
lmeasure_rf,hpf_ca1__202498_003_edited.swc,pyramidal,32575,0.9620,0.5121
lmeasure_rf,hpf_ca1__202498_021_edited.swc,pyramidal,51862,1.0000,1.0000
lmeasure_rf,hpf_ca1__202499_016_edited.swc,pyramidal,34267,1.0000,1.0000
lmeasure_rf,hpf_ca1__202499_017_edited.swc,pyramidal,22802,1.0000,1.0000
lmeasure_rf,hpf_ca1__202499_020_edited.swc,pyramidal,48925,1.0000,1.0000
lmeasure_rf,hpf_ca1__202500_003_edited.swc,pyramidal,58304,1.0000,1.0000
lmeasure_rf,hpf_ca1__202500_006_edited.swc,pyramidal,26976,1.0000,1.0000
lmeasure_rf,hpf_ca1__202500_007_edited.swc,pyramidal,37389,1.0000,1.0000
lmeasure_rf,hpf_ca1__202501_017_edited.swc,pyramidal,48046,1.0000,1.0000
lmeasure_rf,hpf_ca1__202501_019_edited.swc,pyramidal,48560,1.0000,1.0000
lmeasure_rf,hpf_ca1__202503_021_edited.swc,pyramidal,79598,1.0000,1.0000
lmeasure_rf,hpf_ca1__202503_024_edited.swc,pyramidal,95221,1.0000,1.0000
lmeasure_rf,hpf_ca1__202503_036_edited.swc,pyramidal,51159,1.0000,1.0000
lmeasure_rf,hpf_ca1__202506_008_edited.swc,pyramidal,45733,1.0000,1.0000
lmeasure_rf,hpf_ca1__202506_039_edited.swc,pyramidal,66475,0.9856,0.5940
lmeasure_rf,hpf_ca1__202508_003_edited.swc,pyramidal,46711,0.9673,0.7952
lmeasure_rf,hpf_ca1__202508_010_edited.swc,pyramidal,53598,1.0000,1.0000
lmeasure_rf,hpf_ca1__202544_027_edited.swc,pyramidal,99432,1.0000,1.0000
lmeasure_rf,hpf_ca1__202567_002_edited.swc,pyramidal,31583,1.0000,1.0000
lmeasure_rf,hpf_ca1__202567_006_edited.swc,pyramidal,15168,1.0000,1.0000
lmeasure_rf,hpf_ca1__202567_011_edited.swc,pyramidal,19332,0.7295,0.6077
lmeasure_rf,hpf_ca1__202664_003_edited.swc,pyramidal,16562,1.0000,1.0000
lmeasure_rf,hpf_ca1__202666_014_edited.swc,pyramidal,12210,1.0000,1.0000
lmeasure_rf,hpf_ca1__202668_014_edited.swc,pyramidal,16138,1.0000,1.0000
lmeasure_rf,hpf_ca1__202668_018_edited.swc,pyramidal,19906,1.0000,1.0000
lmeasure_rf,hpf_ca1__202668_019_edited.swc,pyramidal,29031,0.9713,0.5424
lmeasure_rf,hpf_ca1__202668_023_edited.swc,pyramidal,17879,1.0000,1.0000
lmeasure_rf,hpf_ca1__202669_007_edited.swc,pyramidal,36337,0.9657,0.5513
lmeasure_rf,hpf_ca1__202669_010_edited.swc,pyramidal,70004,1.0000,1.0000
lmeasure_rf,hpf_ca1__202669_011_edited.swc,pyramidal,47086,1.0000,1.0000
lmeasure_rf,hpf_ca1__202669_013_edited.swc,pyramidal,20572,1.0000,1.0000
lmeasure_rf,hpf_ca1__202669_017_edited.swc,pyramidal,28523,1.0000,1.0000
lmeasure_rf,hpf_ca1__202674_003_edited.swc,pyramidal,17479,1.0000,1.0000
lmeasure_rf,hpf_ca1__202674_009_edited.swc,pyramidal,26981,1.0000,1.0000
lmeasure_rf,hpf_ca1__202674_013_edited.swc,pyramidal,58379,1.0000,1.0000
lmeasure_rf,hpf_ca1__202674_035_edited.swc,pyramidal,45387,1.0000,1.0000
lmeasure_rf,hpf_ca1__202679_007_edited.swc,pyramidal,87405,1.0000,1.0000
lmeasure_rf,hpf_ca1__202679_024_edited.swc,pyramidal,22117,1.0000,1.0000
lmeasure_rf,hpf_ca1__202679_026_edited.swc,pyramidal,23480,1.0000,1.0000
lmeasure_rf,hpf_ca1__202680_005_edited.swc,pyramidal,43095,1.0000,1.0000
lmeasure_rf,hpf_ca1__202680_013_edited.swc,pyramidal,16285,1.0000,1.0000
lmeasure_rf,hpf_ca1__202680_015_edited.swc,pyramidal,16893,1.0000,1.0000
lmeasure_rf,hpf_ca1__202680_018_edited.swc,pyramidal,30856,1.0000,1.0000
lmeasure_rf,hpf_ca1__202680_025_edited.swc,pyramidal,43293,0.9189,0.9780
lmeasure_rf,hpf_ca1__202680_030_edited.swc,pyramidal,27997,1.0000,1.0000
lmeasure_rf,hpf_ca1__202680_031_edited.swc,pyramidal,20275,1.0000,1.0000
lmeasure_rf,hpf_ca1__202681_018_edited.swc,pyramidal,12527,1.0000,1.0000
lmeasure_rf,hpf_ca1__202682_004_edited.swc,pyramidal,56403,1.0000,1.0000
lmeasure_rf,hpf_ca1__202682_007_edited.swc,pyramidal,13300,1.0000,1.0000
lmeasure_rf,hpf_ca1__202682_014_edited.swc,pyramidal,18206,1.0000,1.0000
lmeasure_rf,hpf_ca1__202682_015_edited.swc,pyramidal,38863,0.9000,0.5000
lmeasure_rf,hpf_ca1__202682_018_edited.swc,pyramidal,18449,0.9660,0.8357
lmeasure_rf,hpf_ca1__202682_019_edited.swc,pyramidal,13959,1.0000,1.0000
lmeasure_rf,hpf_ca1__202803_002_edited.swc,pyramidal,58789,1.0000,1.0000
lmeasure_rf,hpf_ca1__202807_027_edited.swc,pyramidal,100541,1.0000,1.0000
lmeasure_rf,hpf_ca1__202807_028_edited.swc,pyramidal,38279,1.0000,1.0000
lmeasure_rf,hpf_ca1__202809_005_edited.swc,pyramidal,42184,1.0000,1.0000
lmeasure_rf,hpf_ca1__202829_024_edited.swc,pyramidal,13498,1.0000,1.0000
lmeasure_rf,hpf_ca1__202829_027_edited.swc,pyramidal,18712,1.0000,1.0000
lmeasure_rf,hpf_ca1__202829_049_edited.swc,pyramidal,46877,1.0000,1.0000
lmeasure_rf,hpf_ca1__202829_085_edited.swc,pyramidal,53935,1.0000,1.0000
lmeasure_rf,hpf_ca1__202829_091_edited.swc,pyramidal,20396,1.0000,1.0000
lmeasure_rf,hpf_ca1__202829_094_edited.swc,pyramidal,20062,1.0000,1.0000
lmeasure_rf,hpf_ca1__202829_110_edited.swc,pyramidal,14780,1.0000,1.0000
lmeasure_rf,hpf_ca1__202831_005_edited.swc,pyramidal,54898,1.0000,1.0000
lmeasure_rf,hpf_ca1__210009_021_edited.swc,pyramidal,19813,1.0000,1.0000
lmeasure_rf,hpf_ca1__210009_025_edited.swc,pyramidal,31946,1.0000,1.0000
lmeasure_rf,hpf_ca1__210013_013_edited.swc,pyramidal,53050,0.9977,0.8462
lmeasure_rf,hpf_ca1__210014_017_edited.swc,pyramidal,62516,1.0000,1.0000
lmeasure_rf,hpf_ca1__210014_024_edited.swc,pyramidal,56052,0.9780,0.5325
lmeasure_rf,hpf_ca1__210014_033_edited.swc,pyramidal,73147,1.0000,1.0000
lmeasure_rf,hpf_ca1__210014_035_edited.swc,pyramidal,22812,1.0000,1.0000
lmeasure_rf,hpf_ca1__210014_050_edited.swc,pyramidal,25357,1.0000,1.0000
lmeasure_rf,hpf_ca1__210014_061_edited.swc,pyramidal,45975,1.0000,1.0000
lmeasure_rf,hpf_ca1__210014_069_edited.swc,pyramidal,17111,1.0000,1.0000
lmeasure_rf,hpf_ca1__210014_070_edited.swc,pyramidal,12944,1.0000,1.0000
lmeasure_rf,hpf_ca1__210107_014_edited.swc,pyramidal,25819,1.0000,1.0000
lmeasure_rf,hpf_ca1__210107_018_edited.swc,pyramidal,19372,1.0000,1.0000
lmeasure_rf,hpf_ca1__210107_026_edited.swc,pyramidal,17838,1.0000,1.0000
lmeasure_rf,hpf_ca1__210107_029_edited.swc,pyramidal,12726,0.0650,0.3333
lmeasure_rf,hpf_ca1__210107_034_edited.swc,pyramidal,23453,0.9550,0.6004
lmeasure_rf,hpf_ca1__210107_053_edited.swc,pyramidal,15647,1.0000,1.0000
lmeasure_rf,hpf_ca1__210109_005_edited.swc,pyramidal,66088,0.9849,0.8315
lmeasure_rf,hpf_ca1__210109_012_edited.swc,pyramidal,24637,1.0000,1.0000
lmeasure_rf,hpf_ca1__210109_015_edited.swc,pyramidal,23982,0.9488,0.5921
lmeasure_rf,hpf_ca1__210109_025_edited.swc,pyramidal,16445,1.0000,1.0000
lmeasure_rf,hpf_ca1__210109_032_edited.swc,pyramidal,53443,1.0000,1.0000
lmeasure_rf,hpf_ca1__210110_003_edited.swc,pyramidal,26920,1.0000,1.0000
lmeasure_rf,hpf_ca1__210110_008_edited.swc,pyramidal,15109,1.0000,1.0000
lmeasure_rf,hpf_ca1__210110_013_edited.swc,pyramidal,19400,1.0000,1.0000
lmeasure_rf,hpf_ca1__210110_034_edited.swc,pyramidal,21694,1.0000,1.0000
lmeasure_rf,hpf_ca1__210110_047_edited.swc,pyramidal,12428,1.0000,1.0000
lmeasure_rf,hpf_ca1__210110_054_edited.swc,pyramidal,62732,1.0000,1.0000
lmeasure_rf,hpf_ca1__210110_057_edited.swc,pyramidal,26528,1.0000,1.0000
lmeasure_rf,hpf_ca1__210110_066_edited.swc,pyramidal,34730,1.0000,1.0000
lmeasure_rf,hpf_ca1__210111_011_edited.swc,pyramidal,30565,1.0000,1.0000
lmeasure_rf,hpf_ca1__210111_014_edited.swc,pyramidal,17850,1.0000,1.0000
lmeasure_rf,hpf_ca1__210111_016_edited.swc,pyramidal,25883,0.9608,0.6122
lmeasure_rf,hpf_ca1__210111_100_edited.swc,pyramidal,18638,1.0000,1.0000
lmeasure_rf,hpf_ca1__210111_161_edited.swc,pyramidal,23406,1.0000,1.0000
lmeasure_rf,hpf_ca1__210131_004_edited.swc,pyramidal,16567,1.0000,1.0000
lmeasure_rf,hpf_ca1__210131_005_edited.swc,pyramidal,16445,1.0000,1.0000
lmeasure_rf,hpf_ca1__210132_003_edited.swc,pyramidal,14079,1.0000,1.0000
lmeasure_rf,hpf_ca1__210248_017_edited.swc,pyramidal,31064,0.9514,0.8520
lmeasure_rf,hpf_ca1__210249_002_edited.swc,pyramidal,8538,1.0000,1.0000
lmeasure_rf,hpf_ca1__210249_005_edited.swc,pyramidal,29807,1.0000,1.0000
lmeasure_rf,hpf_ca1__210253_001_edited.swc,pyramidal,29412,1.0000,1.0000
lmeasure_rf,hpf_ca1__210253_028_edited.swc,pyramidal,46407,1.0000,1.0000
lmeasure_rf,hpf_ca1__210668_015_edited.swc,pyramidal,49748,1.0000,1.0000
lmeasure_rf,hpf_ca1__210669_016_edited.swc,pyramidal,19240,1.0000,1.0000
lmeasure_rf,hpf_ca1__210670_015_edited.swc,pyramidal,10400,1.0000,1.0000
lmeasure_rf,hpf_ca1__210670_019_edited.swc,pyramidal,32268,1.0000,1.0000
lmeasure_rf,hpf_ca1__210670_023_edited.swc,pyramidal,17822,1.0000,1.0000
lmeasure_rf,hpf_ca1__210670_030_edited.swc,pyramidal,64296,1.0000,1.0000
lmeasure_rf,hpf_ca1__210671_026_edited.swc,pyramidal,32120,1.0000,1.0000
lmeasure_rf,hpf_ca1__210671_033_edited.swc,pyramidal,30989,1.0000,1.0000
lmeasure_rf,hpf_ca1__210671_036_edited.swc,pyramidal,54496,1.0000,1.0000
lmeasure_rf,hpf_ca1__210671_037_edited.swc,pyramidal,16483,1.0000,1.0000
lmeasure_rf,hpf_ca1__210671_061_edited.swc,pyramidal,31839,1.0000,1.0000
lmeasure_rf,hpf_ca1__210671_062_edited.swc,pyramidal,65754,1.0000,1.0000
lmeasure_rf,hpf_ca1__210671_066_edited.swc,pyramidal,17967,1.0000,1.0000
lmeasure_rf,hpf_ca1__210698_006_edited.swc,pyramidal,5408,1.0000,1.0000
lmeasure_rf,hpf_ca1__210698_025_edited.swc,pyramidal,31047,1.0000,1.0000
lmeasure_rf,hpf_ca1__210700_004_edited.swc,pyramidal,10312,1.0000,1.0000
lmeasure_rf,hpf_ca1__210700_006_edited.swc,pyramidal,20808,1.0000,1.0000
lmeasure_rf,hpf_ca1__210701_011_edited.swc,pyramidal,46371,1.0000,1.0000
lmeasure_rf,hpf_ca1__210701_016_edited.swc,pyramidal,17884,1.0000,1.0000
lmeasure_rf,hpf_ca1__210701_018_edited.swc,pyramidal,12621,1.0000,1.0000
lmeasure_rf,hpf_ca1__210703_021_edited.swc,pyramidal,16838,1.0000,1.0000
lmeasure_rf,hpf_ca1__210703_025_edited.swc,pyramidal,22735,1.0000,1.0000
lmeasure_rf,hpf_ca1__210705_003_edited.swc,pyramidal,44365,1.0000,1.0000
lmeasure_rf,hpf_ca1__210705_006_edited.swc,pyramidal,7450,1.0000,1.0000
lmeasure_rf,hpf_ca1__210705_011_edited.swc,pyramidal,12317,1.0000,1.0000
lmeasure_rf,hpf_ca1__210711_018_edited.swc,pyramidal,22248,1.0000,1.0000
lmeasure_rf,hpf_ca1__210711_026_edited.swc,pyramidal,17814,1.0000,1.0000
lmeasure_rf,neuromorpho__02a_pyramidal2aFI.swc,pyramidal,1512,0.4848,0.3263
lmeasure_rf,neuromorpho__03b_pyramidal4aFI.swc,pyramidal,971,0.5283,0.3455
lmeasure_rf,neuromorpho__042315C_ECA.swc,pyramidal,9209,1.0000,1.0000
lmeasure_rf,neuromorpho__04b_pyramidal6aFI.swc,pyramidal,1038,0.5096,0.3374
lmeasure_rf,neuromorpho__05a_pyramidal10aACC.swc,pyramidal,716,0.8254,0.8208
lmeasure_rf,neuromorpho__060315A_ECA.swc,pyramidal,13811,1.0000,1.0000
lmeasure_rf,neuromorpho__061615B_ECA.swc,pyramidal,7911,1.0000,1.0000
lmeasure_rf,neuromorpho__062817B_VentralCA1.swc,pyramidal,8934,1.0000,1.0000
lmeasure_rf,neuromorpho__07b_pyramidal14aACC.swc,pyramidal,1116,0.8315,0.4540
lmeasure_rf,neuromorpho__081718A_DorsalCA1.swc,pyramidal,8636,1.0000,1.0000
lmeasure_rf,neuromorpho__092017A_ECA.swc,pyramidal,11121,1.0000,1.0000
lmeasure_rf,neuromorpho__092317A_ECA.swc,pyramidal,7204,1.0000,1.0000
lmeasure_rf,neuromorpho__1-ENU2-veichle-neuron3_2.swc,pyramidal,172,0.2326,0.1857
lmeasure_rf,neuromorpho__100A_3_r_Ngr2KO_2.swc,pyramidal,565,1.0000,1.0000
lmeasure_rf,neuromorpho__100A_3_r_Ngr2KO_4.swc,pyramidal,838,1.0000,1.0000
lmeasure_rf,neuromorpho__100C_2_r_Ngr2KO_1.swc,pyramidal,908,1.0000,1.0000
lmeasure_rf,neuromorpho__101A_1_r_Ngr2KO_3.swc,pyramidal,1000,1.0000,1.0000
lmeasure_rf,neuromorpho__101C_1_l_Ngr2KO_2.swc,pyramidal,1397,1.0000,1.0000
lmeasure_rf,neuromorpho__101C_1_r_Ngr2KO.swc,pyramidal,1315,1.0000,1.0000
lmeasure_rf,neuromorpho__10209c1.swc,pyramidal,1935,0.4599,0.2099
lmeasure_rf,neuromorpho__10223c4.swc,pyramidal,1944,0.5787,0.2443
lmeasure_rf,neuromorpho__1028ir2x-40x-NL.swc,pyramidal,3164,0.7070,0.4142
lmeasure_rf,neuromorpho__102A_4_r_Ngr2KO_1.swc,pyramidal,155,1.0000,1.0000
lmeasure_rf,neuromorpho__102B_1_l_Ngr2KO_2.swc,pyramidal,391,1.0000,1.0000
lmeasure_rf,neuromorpho__102B_1_l_Ngr2KO_4.swc,pyramidal,670,1.0000,1.0000
lmeasure_rf,neuromorpho__10315c1.swc,pyramidal,915,0.7279,0.5617
lmeasure_rf,neuromorpho__10331c1.swc,pyramidal,1597,0.3569,0.1752
lmeasure_rf,neuromorpho__103A_3_l_WT.swc,pyramidal,896,1.0000,1.0000
lmeasure_rf,neuromorpho__103D_2_r_WT_1.swc,pyramidal,426,1.0000,1.0000
lmeasure_rf,neuromorpho__104A_2_r_WT.swc,pyramidal,1029,1.0000,1.0000
lmeasure_rf,neuromorpho__10506c3.swc,pyramidal,3175,1.0000,1.0000
lmeasure_rf,neuromorpho__10507c1.swc,pyramidal,3315,0.3303,0.2500
lmeasure_rf,neuromorpho__105B_2_r_WT.swc,pyramidal,874,1.0000,1.0000
lmeasure_rf,neuromorpho__105E_4_l_WT_2.swc,pyramidal,625,1.0000,1.0000
lmeasure_rf,neuromorpho__1075-2-Sec6-LTL4.swc,pyramidal,1501,0.6416,0.3907
lmeasure_rf,neuromorpho__1086-2-Sec4-BSL1.swc,pyramidal,2926,1.0000,1.0000
lmeasure_rf,neuromorpho__1086-2-Sec6-BSL2.swc,pyramidal,849,1.0000,1.0000
lmeasure_rf,neuromorpho__1086-4-Sec2-LTL2.swc,pyramidal,2303,0.5497,0.3546
lmeasure_rf,neuromorpho__108A_1_r_WT_2.swc,pyramidal,639,1.0000,1.0000
lmeasure_rf,neuromorpho__108A_2_l_WT_1.swc,pyramidal,444,1.0000,1.0000
lmeasure_rf,neuromorpho__108A_2_l_WT_4.swc,pyramidal,325,1.0000,1.0000
lmeasure_rf,neuromorpho__108A_2_l_WT_6.swc,pyramidal,311,1.0000,1.0000
lmeasure_rf,neuromorpho__109A_1_r_Ngr2KO_2.swc,pyramidal,960,1.0000,1.0000
lmeasure_rf,neuromorpho__109C_1_r_Ngr2KO_1.swc,pyramidal,678,1.0000,1.0000
lmeasure_rf,neuromorpho__109F_1_l_Ngr2KO_2.swc,pyramidal,942,1.0000,1.0000
lmeasure_rf,neuromorpho__10month-Arctic-44-LR_1.swc,pyramidal,418,1.0000,1.0000
lmeasure_rf,neuromorpho__10month-Arctic-44-LR_2.swc,pyramidal,458,1.0000,1.0000
lmeasure_rf,neuromorpho__10month-Arctic-45-N_2.swc,pyramidal,257,1.0000,1.0000
lmeasure_rf,neuromorpho__10month-Arctic-72144-R_1.swc,pyramidal,338,1.0000,1.0000
lmeasure_rf,neuromorpho__10month-Arctic-C5aR1-KO-52280-R_1.swc,pyramidal,781,1.0000,1.0000
lmeasure_rf,neuromorpho__10month-Arctic-C5aR1-KO-52280-R_2.swc,pyramidal,547,0.0018,0.0000
lmeasure_rf,neuromorpho__10month-Arctic-C5aR1-KO-52280-R_3.swc,pyramidal,699,1.0000,1.0000
lmeasure_rf,neuromorpho__10month-Arctic-C5aR1-KO-52280-R_5.swc,pyramidal,486,1.0000,1.0000
lmeasure_rf,neuromorpho__10month-C5aR1-KO-52280-N_2.swc,pyramidal,406,1.0000,1.0000
lmeasure_rf,neuromorpho__10month-C5aR1-KO-52280-N_3.swc,pyramidal,605,1.0000,1.0000
lmeasure_rf,neuromorpho__10month-wt-44-LL_1.swc,pyramidal,280,1.0000,1.0000
lmeasure_rf,neuromorpho__10month-wt-45-L-2_1.swc,pyramidal,255,1.0000,1.0000
lmeasure_rf,neuromorpho__10month-wt-8_1.swc,pyramidal,334,1.0000,1.0000
lmeasure_rf,neuromorpho__10month-wt-8_2.swc,pyramidal,512,1.0000,1.0000
lmeasure_rf,neuromorpho__10month-wt-8_4.swc,pyramidal,505,1.0000,1.0000
lmeasure_rf,neuromorpho__10month-wt-H364-2-4_1.swc,pyramidal,477,1.0000,1.0000
lmeasure_rf,neuromorpho__10month-wt-H364-2-5_1.swc,pyramidal,211,0.0047,0.0000
lmeasure_rf,neuromorpho__10month-wt-H364-2_1.swc,pyramidal,736,1.0000,1.0000
lmeasure_rf,neuromorpho__10n03c4.swc,pyramidal,815,0.6282,0.3857
lmeasure_rf,neuromorpho__10n12c1.swc,pyramidal,1878,0.9941,0.6643
lmeasure_rf,neuromorpho__10o27c2.swc,pyramidal,1687,0.7742,0.5430
lmeasure_rf,neuromorpho__10o27c3.swc,pyramidal,1315,0.9840,0.6610
lmeasure_rf,neuromorpho__1103-1-Sec6-LTL2.swc,pyramidal,1747,0.4562,0.6263
lmeasure_rf,neuromorpho__1104-2-Sec2-LTL1.swc,pyramidal,1575,1.0000,1.0000
lmeasure_rf,neuromorpho__110E_1_L_Ngr2KO_1.swc,pyramidal,182,1.0000,1.0000
lmeasure_rf,neuromorpho__110E_1_L_Ngr2KO_2.swc,pyramidal,261,1.0000,1.0000
lmeasure_rf,neuromorpho__1115-07-23-R1.swc,pyramidal,151,1.0000,1.0000
lmeasure_rf,neuromorpho__1116-3-Sec2-LTL1.swc,pyramidal,817,0.8960,0.4725
lmeasure_rf,neuromorpho__1117-2-Sec6-LTL2.swc,pyramidal,1230,0.7577,0.4310
lmeasure_rf,neuromorpho__1117-2-Sec7-LTL3.swc,pyramidal,1464,0.7172,0.4176
lmeasure_rf,neuromorpho__111C_2_r_Ngr2KO.swc,pyramidal,651,1.0000,1.0000
lmeasure_rf,neuromorpho__11220c3.swc,pyramidal,879,0.1013,0.5000
lmeasure_rf,neuromorpho__11224c3.swc,pyramidal,1239,0.2316,0.1877
lmeasure_rf,neuromorpho__1128-2-Sec1-BSL2.swc,pyramidal,1880,0.5090,0.3372
lmeasure_rf,neuromorpho__112A_1_R_WT.swc,pyramidal,541,1.0000,1.0000
lmeasure_rf,neuromorpho__112F_2_R_WT.swc,pyramidal,350,1.0000,1.0000
lmeasure_rf,neuromorpho__11324c1.swc,pyramidal,1490,0.8383,0.5926
lmeasure_rf,neuromorpho__113C_2_L_WT_2.swc,pyramidal,471,0.4798,0.3237
lmeasure_rf,neuromorpho__115-04-23-R1.swc,pyramidal,125,1.0000,1.0000
lmeasure_rf,neuromorpho__115-04-25-L1.swc,pyramidal,236,1.0000,1.0000
lmeasure_rf,neuromorpho__11501-21-R1.swc,pyramidal,230,1.0000,1.0000
lmeasure_rf,neuromorpho__11501-23-R1.swc,pyramidal,206,1.0000,1.0000
lmeasure_rf,neuromorpho__11502-23-L1.swc,pyramidal,234,1.0000,1.0000
lmeasure_rf,neuromorpho__11503-23R1.swc,pyramidal,304,1.0000,1.0000
lmeasure_rf,neuromorpho__11505-24-L1.swc,pyramidal,180,1.0000,1.0000
lmeasure_rf,neuromorpho__11505-28-L1.swc,pyramidal,219,1.0000,1.0000
lmeasure_rf,neuromorpho__11506-19-L1.swc,pyramidal,273,1.0000,1.0000
lmeasure_rf,neuromorpho__11508-20-R1.swc,pyramidal,239,1.0000,1.0000
lmeasure_rf,neuromorpho__11509-22-L1.swc,pyramidal,146,1.0000,1.0000
lmeasure_rf,neuromorpho__11615c1.swc,pyramidal,2048,1.0000,1.0000
lmeasure_rf,neuromorpho__11615c3.swc,pyramidal,1101,0.9855,0.6624
lmeasure_rf,neuromorpho__11_51.swc,pyramidal,2873,1.0000,1.0000
lmeasure_rf,neuromorpho__11C3neuron3.swc,pyramidal,3716,1.0000,1.0000
lmeasure_rf,neuromorpho__11c_3.swc,pyramidal,427,1.0000,1.0000
lmeasure_rf,neuromorpho__121012V1-3Slice6Cell6.swc,pyramidal,542,1.0000,1.0000
lmeasure_rf,neuromorpho__12_46.swc,pyramidal,2409,1.0000,1.0000
lmeasure_rf,neuromorpho__12_47.swc,pyramidal,4416,1.0000,1.0000
lmeasure_rf,neuromorpho__12_den_ax.swc,pyramidal,81086,1.0000,1.0000
lmeasure_rf,neuromorpho__12B3neuron1Layers.swc,pyramidal,2808,1.0000,1.0000
lmeasure_rf,neuromorpho__12C2neuron1Layers.swc,pyramidal,1162,1.0000,1.0000
lmeasure_rf,neuromorpho__13_08_13_-2_Cell_-2.swc,pyramidal,31729,0.7060,0.5608
lmeasure_rf,neuromorpho__13_41.swc,pyramidal,1154,1.0000,1.0000
lmeasure_rf,neuromorpho__13B1neuron2.swc,pyramidal,2744,1.0000,1.0000
lmeasure_rf,neuromorpho__1451-1-Sec1-BSL2.swc,pyramidal,1227,1.0000,1.0000
lmeasure_rf,neuromorpho__1460-2-Sec5-LTL2.swc,pyramidal,3189,1.0000,1.0000
lmeasure_rf,neuromorpho__1463-2-Sec4-LTL2.swc,pyramidal,1190,1.0000,1.0000
lmeasure_rf,neuromorpho__14_37.swc,pyramidal,2421,1.0000,1.0000
lmeasure_rf,neuromorpho__15_33.swc,pyramidal,1026,1.0000,1.0000
lmeasure_rf,neuromorpho__16_34.swc,pyramidal,2988,1.0000,1.0000
lmeasure_rf,neuromorpho__180608_morpho4_d4_hippo_D4-Hippo-Fresh-4_crop-2.swc,pyramidal,893,1.0000,1.0000
lmeasure_rf,neuromorpho__180608_morpho4_d4_hippo_D4-Hippo-Fresh-4_crop-4.swc,pyramidal,1620,1.0000,1.0000
lmeasure_rf,neuromorpho__180608_morpho4_d4_hippo_D4-Hippo-Fresh-4_crop.swc,pyramidal,670,1.0000,1.0000
lmeasure_rf,neuromorpho__180702_morpho-6_hippo_tau488_trfp_map2647_Fresh-4_crop-2.swc,pyramidal,1980,1.0000,1.0000
lmeasure_rf,neuromorpho__180702_morpho-6_hippo_tau488_trfp_map2647_Fresh-6_crop-3.swc,pyramidal,1360,1.0000,1.0000
lmeasure_rf,neuromorpho__180702_morpho-6_hippo_tau488_trfp_map2647_Fresh-6_crop.swc,pyramidal,1895,1.0000,1.0000
lmeasure_rf,neuromorpho__180702_morpho-6_hippo_tau488_trfp_map2647_Fresh-9_crop-4.swc,pyramidal,2628,1.0000,1.0000
lmeasure_rf,neuromorpho__180702_morpho-6_hippo_tau488_trfp_map2647_Hippo-1-10_crop-2.swc,pyramidal,1180,1.0000,1.0000
lmeasure_rf,neuromorpho__180702_morpho-6_hippo_tau488_trfp_map2647_Hippo-1-10_crop-4.swc,pyramidal,5179,1.0000,1.0000
lmeasure_rf,neuromorpho__180702_morpho-6_hippo_tau488_trfp_map2648_Hippo-3-10_crop-1.swc,pyramidal,2371,1.0000,1.0000
lmeasure_rf,neuromorpho__180702_morpho-6_hippo_tau488_trfp_map2648_Hippo-3-10_crop-2.swc,pyramidal,2316,1.0000,1.0000
lmeasure_rf,neuromorpho__180702_morpho-6_hippo_tau488_trfp_map2648_Hippo-3-1_crop-2.swc,pyramidal,2100,1.0000,1.0000
lmeasure_rf,neuromorpho__180702_morpho-6_hippo_tau488_trfp_map2648_Hippo-3-4_crop-6.swc,pyramidal,2513,1.0000,1.0000
lmeasure_rf,neuromorpho__180702_morpho-6_hippo_tau488_trfp_map2648_Hippo-3-6_crop-5.swc,pyramidal,723,1.0000,1.0000
lmeasure_rf,neuromorpho__180702_morpho-6_hippo_tau488_trfp_map2648_Hippo-3-8_crop-1.swc,pyramidal,721,1.0000,1.0000
lmeasure_rf,neuromorpho__180702_morpho-6_hippo_tau488_trfp_map2648_Hippo-3-8_crop.swc,pyramidal,3073,1.0000,1.0000
lmeasure_rf,neuromorpho__180702_morpho-6_hippo_tau488_trfp_map2648_Hippo-3-9_crop-2.swc,pyramidal,2714,1.0000,1.0000
lmeasure_rf,neuromorpho__180702_morpho-6_hippo_tau488_trfp_map2648_Hippo-3-9_crop-4.swc,pyramidal,2044,1.0000,1.0000
lmeasure_rf,neuromorpho__180702_morpho-6_hippo_tau488_trfp_map2648_Hippo-4-3_crop-2.swc,pyramidal,707,1.0000,1.0000
lmeasure_rf,neuromorpho__180702_morpho-6_hippo_tau488_trfp_map2648_Hippo-4-6_crop-1.swc,pyramidal,1049,1.0000,1.0000
lmeasure_rf,neuromorpho__180702_morpho-6_hippo_tau488_trfp_map2648_Hippo-4-6_crop-2.swc,pyramidal,1085,1.0000,1.0000
lmeasure_rf,neuromorpho__180702_morpho-6_hippo_tau488_trfp_map2648_Hippo-4-7_crop-1.swc,pyramidal,1009,1.0000,1.0000
lmeasure_rf,neuromorpho__180702_morpho-6_hippo_tau488_trfp_map2648_Hippo-4-7_crop-4.swc,pyramidal,935,1.0000,1.0000
lmeasure_rf,neuromorpho__180702_morpho-6_hippo_tau488_trfp_map2648_Hippo-4-7_crop-5.swc,pyramidal,2423,1.0000,1.0000
lmeasure_rf,neuromorpho__18414_slide2_cell1.swc,pyramidal,998,1.0000,1.0000
lmeasure_rf,neuromorpho__19_26.swc,pyramidal,1956,1.0000,1.0000
lmeasure_rf,neuromorpho__19_den_ax.swc,pyramidal,119039,0.9750,0.8101
lmeasure_rf,neuromorpho__1_56.swc,pyramidal,9629,1.0000,1.0000
lmeasure_rf,neuromorpho__1A4.swc,pyramidal,2338,0.4217,0.5930
lmeasure_rf,neuromorpho__1a_4.swc,pyramidal,1700,1.0000,1.0000
lmeasure_rf,neuromorpho__2-ENU2-treated-neuron1_2.swc,pyramidal,478,0.6109,0.3789
lmeasure_rf,neuromorpho__2-ENU2-veichle-neuron1_2.swc,pyramidal,198,0.3990,0.2836
lmeasure_rf,neuromorpho__2-ENU2-veichle-neuron3.swc,pyramidal,209,1.0000,1.0000
lmeasure_rf,neuromorpho__2-wild-type-veichle-neuron3.swc,pyramidal,288,1.0000,1.0000
lmeasure_rf,neuromorpho__20171005C01.swc,pyramidal,3089,0.7478,0.4278
lmeasure_rf,neuromorpho__20180109B01.swc,pyramidal,3155,0.9899,0.6589
lmeasure_rf,neuromorpho__20180207A01.swc,pyramidal,1997,0.4216,0.2964
lmeasure_rf,neuromorpho__203B-4-L3.swc,pyramidal,1225,0.6988,0.4113
lmeasure_rf,neuromorpho__204B-3-L4.swc,pyramidal,1036,1.0000,1.0000
lmeasure_rf,neuromorpho__207B-1-L3.swc,pyramidal,1389,0.9446,0.6493
lmeasure_rf,neuromorpho__207B-2-L2.swc,pyramidal,1548,0.8094,0.4473
lmeasure_rf,neuromorpho__20_den_ax.swc,pyramidal,110088,0.9818,0.5810
lmeasure_rf,neuromorpho__21_22.swc,pyramidal,1668,1.0000,1.0000
lmeasure_rf,neuromorpho__22--OTC-300-pM-CRF-9-weeks-20x.swc,pyramidal,4728,1.0000,1.0000
lmeasure_rf,neuromorpho__22315_cell1.swc,pyramidal,900,1.0000,1.0000
lmeasure_rf,neuromorpho__22315_cell3.swc,pyramidal,1549,0.9561,0.6539
lmeasure_rf,neuromorpho__22315_cell4.swc,pyramidal,1024,1.0000,1.0000
lmeasure_rf,neuromorpho__22315_cell5.swc,pyramidal,1143,1.0000,1.0000
lmeasure_rf,neuromorpho__22411_cell12.swc,pyramidal,979,1.0000,1.0000
lmeasure_rf,neuromorpho__22411_cell5.swc,pyramidal,2270,0.9784,0.8437
lmeasure_rf,neuromorpho__22_19.swc,pyramidal,1513,1.0000,1.0000
lmeasure_rf,neuromorpho__22_21.swc,pyramidal,2421,1.0000,1.0000
lmeasure_rf,neuromorpho__236-1-10LS.swc,pyramidal,767,0.8983,0.4732
lmeasure_rf,neuromorpho__236-1-24LS.swc,pyramidal,505,0.1723,0.4273
lmeasure_rf,neuromorpho__236-1-9LS.swc,pyramidal,835,1.0000,1.0000
lmeasure_rf,neuromorpho__236-1a-10-AW.swc,pyramidal,374,0.4893,0.4743
lmeasure_rf,neuromorpho__236-1a-12-AW.swc,pyramidal,289,0.6228,0.5868
lmeasure_rf,neuromorpho__236-2-100LS.swc,pyramidal,407,0.7322,0.6139
lmeasure_rf,neuromorpho__236-2-13LS.swc,pyramidal,931,1.0000,1.0000
lmeasure_rf,neuromorpho__236-2-16LS.swc,pyramidal,645,1.0000,1.0000
lmeasure_rf,neuromorpho__236-2-21LS.swc,pyramidal,581,1.0000,1.0000
lmeasure_rf,neuromorpho__236-2-23LS.swc,pyramidal,537,1.0000,1.0000
lmeasure_rf,neuromorpho__236-2-42LS.swc,pyramidal,430,0.8326,0.4542
lmeasure_rf,neuromorpho__236-2-45LS.swc,pyramidal,544,0.5699,0.2418
lmeasure_rf,neuromorpho__236-2-47LS.swc,pyramidal,755,1.0000,1.0000
lmeasure_rf,neuromorpho__236-2-4LS.swc,pyramidal,357,0.6331,0.8841
lmeasure_rf,neuromorpho__236-2-51LS.swc,pyramidal,506,1.0000,1.0000
lmeasure_rf,neuromorpho__236-2-5LS.swc,pyramidal,354,1.0000,1.0000
lmeasure_rf,neuromorpho__236-2-61LS.swc,pyramidal,602,1.0000,1.0000
lmeasure_rf,neuromorpho__236-2-62LS.swc,pyramidal,378,1.0000,1.0000
lmeasure_rf,neuromorpho__236-2-63LS.swc,pyramidal,506,1.0000,1.0000
lmeasure_rf,neuromorpho__236-2-66LS.swc,pyramidal,461,0.9870,0.4967
lmeasure_rf,neuromorpho__236-2-68LS.swc,pyramidal,573,1.0000,1.0000
lmeasure_rf,neuromorpho__236-2-69LS.swc,pyramidal,570,0.9719,0.6592
lmeasure_rf,neuromorpho__236-2-71LS.swc,pyramidal,200,1.0000,1.0000
lmeasure_rf,neuromorpho__236-2-78LS.swc,pyramidal,371,1.0000,1.0000
lmeasure_rf,neuromorpho__236-2-82LS.swc,pyramidal,555,1.0000,1.0000
lmeasure_rf,neuromorpho__236-2-87LS.swc,pyramidal,414,1.0000,1.0000
lmeasure_rf,neuromorpho__236-2-92LS.swc,pyramidal,54,1.0000,1.0000
lmeasure_rf,neuromorpho__236-2-94LS.swc,pyramidal,108,1.0000,1.0000
lmeasure_rf,neuromorpho__236-2-96LS.swc,pyramidal,456,1.0000,1.0000
lmeasure_rf,neuromorpho__236-2-99LS.swc,pyramidal,241,0.5519,0.4875
lmeasure_rf,neuromorpho__236-2a-13-AW.swc,pyramidal,577,0.7140,0.4164
lmeasure_rf,neuromorpho__236-2a-25-AW.swc,pyramidal,452,1.0000,1.0000
lmeasure_rf,neuromorpho__236-2a-26-AW.swc,pyramidal,349,1.0000,1.0000
lmeasure_rf,neuromorpho__236-2a-3-AW.swc,pyramidal,337,1.0000,1.0000
lmeasure_rf,neuromorpho__236-2a-40-AW.swc,pyramidal,248,0.9798,0.6619
lmeasure_rf,neuromorpho__236-2a-41-AW.swc,pyramidal,428,1.0000,1.0000
lmeasure_rf,neuromorpho__236-2a-5-AW.swc,pyramidal,592,1.0000,1.0000
lmeasure_rf,neuromorpho__236-2a-52-AW.swc,pyramidal,402,1.0000,1.0000
lmeasure_rf,neuromorpho__236-2a-53-AW.swc,pyramidal,292,1.0000,1.0000
lmeasure_rf,neuromorpho__236-2a-57-AW.swc,pyramidal,497,1.0000,1.0000
lmeasure_rf,neuromorpho__236-2a-59-AW.swc,pyramidal,565,1.0000,1.0000
lmeasure_rf,neuromorpho__236-2a-6-AW.swc,pyramidal,532,1.0000,1.0000
lmeasure_rf,neuromorpho__236-2a-7-AW.swc,pyramidal,381,1.0000,1.0000
lmeasure_rf,neuromorpho__236-3-10LS.swc,pyramidal,495,1.0000,1.0000
lmeasure_rf,neuromorpho__236-3-31LS.swc,pyramidal,900,0.9789,0.6612
lmeasure_rf,neuromorpho__236-3-40LS.swc,pyramidal,544,1.0000,1.0000
lmeasure_rf,neuromorpho__236-3-41LS.swc,pyramidal,568,1.0000,1.0000
lmeasure_rf,neuromorpho__236-3-44LS.swc,pyramidal,434,0.7880,0.6258
lmeasure_rf,neuromorpho__236-3-47LS.swc,pyramidal,449,0.5278,0.3450
lmeasure_rf,neuromorpho__236-3-51LS.swc,pyramidal,300,0.7800,0.6242
lmeasure_rf,neuromorpho__236-3-56LS.swc,pyramidal,605,0.9851,0.9892
lmeasure_rf,neuromorpho__236-3-58LS.swc,pyramidal,577,0.7539,0.2865
lmeasure_rf,neuromorpho__236-3-59LS.swc,pyramidal,415,0.5976,0.7474
lmeasure_rf,neuromorpho__236-3-65LS.swc,pyramidal,633,1.0000,1.0000
lmeasure_rf,neuromorpho__236-3-67LS.swc,pyramidal,820,1.0000,1.0000
lmeasure_rf,neuromorpho__236-3-69LS.swc,pyramidal,478,0.9874,0.4968
lmeasure_rf,neuromorpho__236-3-7LS.swc,pyramidal,392,0.9745,0.6583
lmeasure_rf,neuromorpho__236-3-8LS.swc,pyramidal,731,0.9877,0.4969
lmeasure_rf,neuromorpho__241-1-22-AW.swc,pyramidal,464,0.2565,0.1354
lmeasure_rf,neuromorpho__241-1-2VN.swc,pyramidal,1077,0.8254,0.6222
lmeasure_rf,neuromorpho__241-1-40VN.swc,pyramidal,914,0.7538,0.8296
lmeasure_rf,neuromorpho__241-1-43VN.swc,pyramidal,360,0.5583,0.3578
lmeasure_rf,neuromorpho__241-1-44VN.swc,pyramidal,774,0.7106,0.4945
lmeasure_rf,neuromorpho__241-1-45VN.swc,pyramidal,490,0.6898,0.6747
lmeasure_rf,neuromorpho__241-1-4VN.swc,pyramidal,719,0.6398,0.6388
lmeasure_rf,neuromorpho__241-1-50VN.swc,pyramidal,391,1.0000,1.0000
lmeasure_rf,neuromorpho__241-1-6VN.swc,pyramidal,651,0.6083,0.3780
lmeasure_rf,neuromorpho__241-2-101-AW.swc,pyramidal,349,1.0000,1.0000
lmeasure_rf,neuromorpho__241-2-11VN.swc,pyramidal,520,0.9942,0.6652
lmeasure_rf,neuromorpho__241-2-15VN.swc,pyramidal,342,1.0000,1.0000
lmeasure_rf,neuromorpho__241-2-18VN.swc,pyramidal,918,0.7462,0.5969
lmeasure_rf,neuromorpho__241-2-22VN.swc,pyramidal,682,1.0000,1.0000
lmeasure_rf,neuromorpho__241-2-2VN.swc,pyramidal,392,0.7551,0.6195
lmeasure_rf,neuromorpho__241-2-33VN.swc,pyramidal,853,1.0000,1.0000
lmeasure_rf,neuromorpho__241-2-35VN.swc,pyramidal,411,0.4939,0.8272
lmeasure_rf,neuromorpho__241-2-3VN.swc,pyramidal,896,1.0000,1.0000
lmeasure_rf,neuromorpho__241-2-49-AW.swc,pyramidal,347,0.5389,0.2331
lmeasure_rf,neuromorpho__241-2-74LU.swc,pyramidal,304,1.0000,1.0000
lmeasure_rf,neuromorpho__241-2-77LU.swc,pyramidal,500,0.9860,0.6632
lmeasure_rf,neuromorpho__241-2-7VN.swc,pyramidal,438,0.6027,0.3757
lmeasure_rf,neuromorpho__241-2-85LU.swc,pyramidal,175,0.9257,0.4806
lmeasure_rf,neuromorpho__241-2-87LU.swc,pyramidal,551,0.9129,0.6115
lmeasure_rf,neuromorpho__241-2-88LU.swc,pyramidal,323,0.8669,0.3095
lmeasure_rf,neuromorpho__241-2-92LU.swc,pyramidal,385,0.9948,0.6654
lmeasure_rf,neuromorpho__241-2-93LU.swc,pyramidal,586,0.4454,0.3077
lmeasure_rf,neuromorpho__241-2-96LU.swc,pyramidal,462,0.7662,0.6217
lmeasure_rf,neuromorpho__241-3-15LU.swc,pyramidal,619,1.0000,1.0000
lmeasure_rf,neuromorpho__241-3-20LU.swc,pyramidal,416,1.0000,1.0000
lmeasure_rf,neuromorpho__241-3-24LU.swc,pyramidal,628,1.0000,1.0000
lmeasure_rf,neuromorpho__241-3-29LU.swc,pyramidal,494,1.0000,1.0000
lmeasure_rf,neuromorpho__241-3-32LU.swc,pyramidal,575,1.0000,1.0000
lmeasure_rf,neuromorpho__241-3-35LU.swc,pyramidal,524,1.0000,1.0000
lmeasure_rf,neuromorpho__241-3-41LU.swc,pyramidal,617,1.0000,1.0000
lmeasure_rf,neuromorpho__241-3-43LU.swc,pyramidal,701,0.9957,0.6658
lmeasure_rf,neuromorpho__241-3-51VN.swc,pyramidal,817,1.0000,1.0000
lmeasure_rf,neuromorpho__241-3-53VN.swc,pyramidal,593,1.0000,1.0000
lmeasure_rf,neuromorpho__241-3-70VN.swc,pyramidal,513,1.0000,1.0000
lmeasure_rf,neuromorpho__242-1-10VN.swc,pyramidal,421,1.0000,1.0000
lmeasure_rf,neuromorpho__242-1-13VN.swc,pyramidal,261,0.4789,0.2153
lmeasure_rf,neuromorpho__242-1-18VN.swc,pyramidal,345,0.8870,0.9092
lmeasure_rf,neuromorpho__242-1-4VN.swc,pyramidal,108,0.5185,0.5312
lmeasure_rf,neuromorpho__242-1-5VN.swc,pyramidal,554,0.7004,0.7890
lmeasure_rf,neuromorpho__242-1-6VN.swc,pyramidal,369,1.0000,1.0000
lmeasure_rf,neuromorpho__242-2-10VN.swc,pyramidal,475,0.7516,0.8203
lmeasure_rf,neuromorpho__242-2-15VN.swc,pyramidal,354,0.4718,0.6397
lmeasure_rf,neuromorpho__242-2-16VN.swc,pyramidal,242,0.6033,0.5997
lmeasure_rf,neuromorpho__242-2-37LU.swc,pyramidal,535,1.0000,1.0000
lmeasure_rf,neuromorpho__242-2-38LU.swc,pyramidal,564,1.0000,1.0000
lmeasure_rf,neuromorpho__242-3-14-AW.swc,pyramidal,272,1.0000,1.0000
lmeasure_rf,neuromorpho__242-3-18LU.swc,pyramidal,368,1.0000,1.0000
lmeasure_rf,neuromorpho__242-3-20LU.swc,pyramidal,192,1.0000,1.0000
lmeasure_rf,neuromorpho__242-3-3-AW.swc,pyramidal,322,1.0000,1.0000
lmeasure_rf,neuromorpho__243-2-14VN.swc,pyramidal,172,0.6221,0.5843
lmeasure_rf,neuromorpho__243-2-16VN.swc,pyramidal,375,1.0000,1.0000
lmeasure_rf,neuromorpho__243-2-17VN.swc,pyramidal,335,0.7881,0.6261
lmeasure_rf,neuromorpho__243-2-18VN.swc,pyramidal,452,1.0000,1.0000
lmeasure_rf,neuromorpho__243-2-20VN.swc,pyramidal,470,1.0000,1.0000
lmeasure_rf,neuromorpho__243-2-25VN.swc,pyramidal,169,1.0000,1.0000
lmeasure_rf,neuromorpho__243-2-26VN.swc,pyramidal,310,1.0000,1.0000
lmeasure_rf,neuromorpho__243-3-13VN.swc,pyramidal,510,0.9529,0.6530
lmeasure_rf,neuromorpho__243-3-16VN.swc,pyramidal,377,1.0000,1.0000
lmeasure_rf,neuromorpho__243-3-17VN.swc,pyramidal,597,1.0000,1.0000
lmeasure_rf,neuromorpho__243-3-19VN.swc,pyramidal,483,0.9503,0.6580
lmeasure_rf,neuromorpho__243-3-1VN.swc,pyramidal,408,1.0000,1.0000
lmeasure_rf,neuromorpho__243-3-24VN.swc,pyramidal,301,0.9169,0.6429
lmeasure_rf,neuromorpho__243-3-28VN.swc,pyramidal,609,1.0000,1.0000
lmeasure_rf,neuromorpho__243-3-33VN.swc,pyramidal,217,0.7465,0.6162
lmeasure_rf,neuromorpho__243-3-35VN.swc,pyramidal,364,1.0000,1.0000
lmeasure_rf,neuromorpho__243-3-4VN.swc,pyramidal,462,1.0000,1.0000
lmeasure_rf,neuromorpho__243-3-8VN.swc,pyramidal,582,1.0000,1.0000
lmeasure_rf,neuromorpho__24_17.swc,pyramidal,2923,1.0000,1.0000
lmeasure_rf,neuromorpho__25_15.swc,pyramidal,1393,1.0000,1.0000
lmeasure_rf,neuromorpho__25_16.swc,pyramidal,3979,1.0000,1.0000
lmeasure_rf,neuromorpho__25o_pyramidal18aFI.swc,pyramidal,752,0.6476,0.3929
lmeasure_rf,neuromorpho__29_den_ax.swc,pyramidal,98142,0.9936,0.9337
lmeasure_rf,neuromorpho__3-wild-type-veichle-neuron1_2.swc,pyramidal,852,1.0000,1.0000
lmeasure_rf,neuromorpho__3-wild-type-veichle-neuron2.swc,pyramidal,564,1.0000,1.0000
lmeasure_rf,neuromorpho__30_den_ax.swc,pyramidal,122122,0.9975,0.9831
lmeasure_rf,neuromorpho__31991_cell9.swc,pyramidal,1589,1.0000,1.0000
lmeasure_rf,neuromorpho__31995_slide1_cell3.swc,pyramidal,248,1.0000,1.0000
lmeasure_rf,neuromorpho__31995_slide2_cell9.swc,pyramidal,1366,1.0000,1.0000
lmeasure_rf,neuromorpho__31_10.swc,pyramidal,770,1.0000,1.0000
lmeasure_rf,neuromorpho__32315-V1-3Slice2Cell1.swc,pyramidal,904,0.7389,0.4248
lmeasure_rf,neuromorpho__32315-V1-3Slice8Cell1.swc,pyramidal,1886,0.5732,0.5599
lmeasure_rf,neuromorpho__32315-V1-4Slice6Cell2.swc,pyramidal,2028,1.0000,1.0000
lmeasure_rf,neuromorpho__32315V1-3Slice7Cell1.swc,pyramidal,1068,1.0000,1.0000
lmeasure_rf,neuromorpho__32315V1-3Slice8Cell2.swc,pyramidal,945,1.0000,1.0000
lmeasure_rf,neuromorpho__32315V1-4Slice5Cell1.swc,pyramidal,876,1.0000,1.0000
lmeasure_rf,neuromorpho__32368_slide1_cell8.swc,pyramidal,1678,0.9851,0.6626
lmeasure_rf,neuromorpho__33_11.swc,pyramidal,1627,1.0000,1.0000
lmeasure_rf,neuromorpho__33_den_ax.swc,pyramidal,134606,0.9992,0.9943
lmeasure_rf,neuromorpho__34_9.swc,pyramidal,2194,1.0000,1.0000
lmeasure_rf,neuromorpho__35_11.swc,pyramidal,1440,1.0000,1.0000
lmeasure_rf,neuromorpho__36_10.swc,pyramidal,2167,1.0000,1.0000
lmeasure_rf,neuromorpho__36_den_ax.swc,pyramidal,108426,0.9944,0.9664
lmeasure_rf,neuromorpho__37112_slide1_cell10.swc,pyramidal,1682,1.0000,1.0000
lmeasure_rf,neuromorpho__37112_slide1_cell4.swc,pyramidal,1880,1.0000,1.0000
lmeasure_rf,neuromorpho__37112_slide2_cell2.swc,pyramidal,1479,1.0000,1.0000
lmeasure_rf,neuromorpho__37112_slide2_cell7.swc,pyramidal,1698,0.9446,0.6514
lmeasure_rf,neuromorpho__37_9.swc,pyramidal,3549,1.0000,1.0000
lmeasure_rf,neuromorpho__389-01-01.swc,pyramidal,779,0.1990,0.1652
lmeasure_rf,neuromorpho__389-01-02.swc,pyramidal,672,0.9539,0.6319
lmeasure_rf,neuromorpho__38_8.swc,pyramidal,3141,1.0000,1.0000
lmeasure_rf,neuromorpho__38d.swc,pyramidal,1201,1.0000,1.0000
lmeasure_rf,neuromorpho__391-01.swc,pyramidal,570,0.2456,0.1963
lmeasure_rf,neuromorpho__391-05.swc,pyramidal,1025,1.0000,1.0000
lmeasure_rf,neuromorpho__391-06.swc,pyramidal,2320,1.0000,1.0000
lmeasure_rf,neuromorpho__3_53.swc,pyramidal,1606,1.0000,1.0000
lmeasure_rf,neuromorpho__3_54.swc,pyramidal,2117,1.0000,1.0000
lmeasure_rf,neuromorpho__3b.swc,pyramidal,766,1.0000,1.0000
lmeasure_rf,neuromorpho__3d_1.swc,pyramidal,3054,1.0000,1.0000
lmeasure_rf,neuromorpho__3PO1_1.swc,pyramidal,1008,0.4534,0.2078
lmeasure_rf,neuromorpho__3PO2_1.swc,pyramidal,845,0.3361,0.1674
lmeasure_rf,neuromorpho__3PO2_2.swc,pyramidal,417,0.1703,0.0960
lmeasure_rf,neuromorpho__3PO2_3.swc,pyramidal,1052,0.8983,0.5490
lmeasure_rf,neuromorpho__4-ENU2-treated-neuron2.swc,pyramidal,846,1.0000,1.0000
lmeasure_rf,neuromorpho__4-ENU2-treated-neuron3.swc,pyramidal,457,1.0000,1.0000
lmeasure_rf,neuromorpho__4314ARCHV1-2Slice8Cell2.swc,pyramidal,851,1.0000,1.0000
lmeasure_rf,neuromorpho__46-Neurone-1.swc,pyramidal,483,0.5673,0.2411
lmeasure_rf,neuromorpho__46-Neurone-2.swc,pyramidal,708,0.7825,0.4389
lmeasure_rf,neuromorpho__4_52.swc,pyramidal,1103,1.0000,1.0000
lmeasure_rf,neuromorpho__4a_2.swc,pyramidal,2265,1.0000,1.0000
lmeasure_rf,neuromorpho__4c.swc,pyramidal,2657,1.0000,1.0000
lmeasure_rf,neuromorpho__517s1c1.swc,pyramidal,3728,1.0000,1.0000
lmeasure_rf,neuromorpho__53-Neurone1.swc,pyramidal,783,0.5964,0.5744
lmeasure_rf,neuromorpho__554-1-R4.swc,pyramidal,593,1.0000,1.0000
lmeasure_rf,neuromorpho__554-2-L1.swc,pyramidal,986,0.8002,0.4444
lmeasure_rf,neuromorpho__554-2-L3.swc,pyramidal,1623,0.8195,0.4504
lmeasure_rf,neuromorpho__554-2-R3.swc,pyramidal,1731,0.5246,0.2293
lmeasure_rf,neuromorpho__557-2-L5.swc,pyramidal,1262,0.1727,0.2936
lmeasure_rf,neuromorpho__557-3-R2.swc,pyramidal,1221,1.0000,1.0000
lmeasure_rf,neuromorpho__560-3-R1.swc,pyramidal,1348,0.4021,0.2865
lmeasure_rf,neuromorpho__560-4-L1.swc,pyramidal,938,0.8966,0.4727
lmeasure_rf,neuromorpho__560-4-R2.swc,pyramidal,1209,0.6609,0.3978
lmeasure_rf,neuromorpho__5_42.swc,pyramidal,62,0.8548,0.4602
lmeasure_rf,neuromorpho__5b_1.swc,pyramidal,3946,1.0000,1.0000
lmeasure_rf,neuromorpho__72513V1-4Slice2Cell1.swc,pyramidal,1523,1.0000,1.0000
lmeasure_rf,neuromorpho__72513V1-4Slice3Cell2.swc,pyramidal,917,1.0000,1.0000
lmeasure_rf,neuromorpho__72513V1-5Slice2Cell1.swc,pyramidal,1419,1.0000,1.0000
lmeasure_rf,neuromorpho__72715-V1-2slice10.swc,pyramidal,580,1.0000,1.0000
lmeasure_rf,neuromorpho__72715-V1-2slice5.swc,pyramidal,767,1.0000,1.0000
lmeasure_rf,neuromorpho__72715-V1-2slice5cell3.swc,pyramidal,872,1.0000,1.0000
lmeasure_rf,neuromorpho__72715-V1-2slice9.swc,pyramidal,1017,1.0000,1.0000
lmeasure_rf,neuromorpho__72715-V1-5Slice4Cell1.swc,pyramidal,738,0.7602,0.4318
lmeasure_rf,neuromorpho__72715.swc,pyramidal,414,1.0000,1.0000
lmeasure_rf,neuromorpho__7_44.swc,pyramidal,2432,1.0000,1.0000
lmeasure_rf,neuromorpho__7month-Arctic-13_2.swc,pyramidal,511,1.0000,1.0000
lmeasure_rf,neuromorpho__7month-Arctic-13_3.swc,pyramidal,244,1.0000,1.0000
lmeasure_rf,neuromorpho__7month-Arctic-13_8.swc,pyramidal,737,1.0000,1.0000
lmeasure_rf,neuromorpho__7month-Arctic-17_4.swc,pyramidal,428,1.0000,1.0000
lmeasure_rf,neuromorpho__7month-Arctic-20_5.swc,pyramidal,285,1.0000,1.0000
lmeasure_rf,neuromorpho__7month-Arctic-9_1.swc,pyramidal,1230,1.0000,1.0000
lmeasure_rf,neuromorpho__7month-Arctic-C5aR1-KO-24_3.swc,pyramidal,518,1.0000,1.0000
lmeasure_rf,neuromorpho__7month-Arctic-C5aR1-KO-24_5.swc,pyramidal,582,1.0000,1.0000
lmeasure_rf,neuromorpho__7month-C5aR1-KO-18-3.swc,pyramidal,427,1.0000,1.0000
lmeasure_rf,neuromorpho__7month-C5aR1-KO-18-4.swc,pyramidal,544,1.0000,1.0000
lmeasure_rf,neuromorpho__7month-wt-16_1.swc,pyramidal,891,1.0000,1.0000
lmeasure_rf,neuromorpho__7month-wt-16_2.swc,pyramidal,702,1.0000,1.0000
lmeasure_rf,neuromorpho__8_den_ax.swc,pyramidal,114475,0.9984,0.9882
lmeasure_rf,neuromorpho__908s3c3.swc,pyramidal,3922,0.9472,0.6513
lmeasure_rf,neuromorpho__A1-N1-1_final.swc,pyramidal,1360,1.0000,1.0000
lmeasure_rf,neuromorpho__A1-N2-1_final.swc,pyramidal,1179,1.0000,1.0000
lmeasure_rf,neuromorpho__A1-N3-1_13jun-5-_final.swc,pyramidal,1382,1.0000,1.0000
lmeasure_rf,neuromorpho__A110111PYR.swc,pyramidal,5737,0.2172,0.1189
lmeasure_rf,neuromorpho__A1_slide1_neuron1.swc,pyramidal,537,1.0000,1.0000
lmeasure_rf,neuromorpho__A1_slide2_10.swc,pyramidal,1876,0.9936,0.6634
lmeasure_rf,neuromorpho__A1_slide2_11.swc,pyramidal,927,0.9935,0.6648
lmeasure_rf,neuromorpho__A1_slide2_14.swc,pyramidal,364,1.0000,1.0000
lmeasure_rf,neuromorpho__A1_slide2_16.swc,pyramidal,348,1.0000,1.0000
lmeasure_rf,neuromorpho__A1_slide2_19.swc,pyramidal,455,1.0000,1.0000
lmeasure_rf,neuromorpho__A1_slide2_4.swc,pyramidal,446,0.9776,0.6582
lmeasure_rf,neuromorpho__A1_slide2_neuron2.swc,pyramidal,561,1.0000,1.0000
lmeasure_rf,neuromorpho__A1_slide2_neuron3.swc,pyramidal,530,1.0000,1.0000
lmeasure_rf,neuromorpho__A1_slide3_5.swc,pyramidal,576,0.9826,0.9651
lmeasure_rf,neuromorpho__A1_slide3_neuron1.swc,pyramidal,626,0.9649,0.6559
lmeasure_rf,neuromorpho__A1_slide3_neuron4.swc,pyramidal,536,1.0000,1.0000
lmeasure_rf,neuromorpho__A1_slide4_neuron1.swc,pyramidal,1091,0.9661,0.6542
lmeasure_rf,neuromorpho__A2-N2-3_final.swc,pyramidal,1462,1.0000,1.0000
lmeasure_rf,neuromorpho__A2-N4-2_1.swc,pyramidal,1159,1.0000,1.0000
lmeasure_rf,neuromorpho__A2-N9-2_final.swc,pyramidal,1291,1.0000,1.0000
lmeasure_rf,neuromorpho__A2_slide1_4.swc,pyramidal,663,0.9819,0.9902
lmeasure_rf,neuromorpho__A2_slide1_neuron2.swc,pyramidal,636,1.0000,1.0000
lmeasure_rf,neuromorpho__A2_slide2_1.swc,pyramidal,556,1.0000,1.0000
lmeasure_rf,neuromorpho__A2_slide2_17.swc,pyramidal,610,0.6934,0.7903
lmeasure_rf,neuromorpho__A2_slide2_neuron4.swc,pyramidal,639,0.9562,0.6441
lmeasure_rf,neuromorpho__A2_slide3_12.swc,pyramidal,2249,0.7586,0.8353
lmeasure_rf,neuromorpho__A2_slide3_4.swc,pyramidal,290,0.4793,0.2155
lmeasure_rf,neuromorpho__A3-n11-2_final.swc,pyramidal,682,1.0000,1.0000
lmeasure_rf,neuromorpho__A3-n12-2_final.swc,pyramidal,884,1.0000,1.0000
lmeasure_rf,neuromorpho__A3-n8-2_1.swc,pyramidal,861,1.0000,1.0000
lmeasure_rf,neuromorpho__A3-N8-2_final.swc,pyramidal,1330,1.0000,1.0000
lmeasure_rf,neuromorpho__A3_slide2_1.swc,pyramidal,582,1.0000,1.0000
lmeasure_rf,neuromorpho__A3_slide2_11.swc,pyramidal,1191,0.9698,0.6592
lmeasure_rf,neuromorpho__A3_slide2_13.swc,pyramidal,1671,0.9797,0.6575
lmeasure_rf,neuromorpho__A3_slide2_16.swc,pyramidal,404,1.0000,1.0000
lmeasure_rf,neuromorpho__A3_slide2_4.swc,pyramidal,685,0.9562,0.6477
lmeasure_rf,neuromorpho__A3_slide2_8.swc,pyramidal,1934,0.9850,0.6620
lmeasure_rf,neuromorpho__A3_slide2_neuron3.swc,pyramidal,469,0.9616,0.6527
lmeasure_rf,neuromorpho__A3_slide3_24.swc,pyramidal,715,0.9441,0.7742
lmeasure_rf,neuromorpho__A3_slide3_4.swc,pyramidal,448,1.0000,1.0000
lmeasure_rf,neuromorpho__A3_slide3_7.swc,pyramidal,1515,1.0000,1.0000
lmeasure_rf,neuromorpho__A3_slide3_9.swc,pyramidal,991,0.9717,0.6524
lmeasure_rf,neuromorpho__A3_slide3_neuron1.swc,pyramidal,408,0.9902,0.6640
lmeasure_rf,neuromorpho__A3_slide3_Neuron4.swc,pyramidal,384,0.9193,0.6408
lmeasure_rf,neuromorpho__A3_slide3_neuron5.swc,pyramidal,1251,1.0000,1.0000
lmeasure_rf,neuromorpho__A3_slide3_neuron6.swc,pyramidal,579,0.7012,0.4628
lmeasure_rf,neuromorpho__A4-N1-3_final.swc,pyramidal,1010,1.0000,1.0000
lmeasure_rf,neuromorpho__A4-N11-4_final.swc,pyramidal,1122,1.0000,1.0000
lmeasure_rf,neuromorpho__A4-N14-1_final.swc,pyramidal,1113,1.0000,1.0000
lmeasure_rf,neuromorpho__A4-N5-2_final.swc,pyramidal,1607,1.0000,1.0000
lmeasure_rf,neuromorpho__A4_slide1_1.swc,pyramidal,288,0.9792,0.6584
lmeasure_rf,neuromorpho__A4_slide1_neuron1.swc,pyramidal,1481,0.9811,0.6572
lmeasure_rf,neuromorpho__A4_slide2_10.swc,pyramidal,941,0.9883,0.6613
lmeasure_rf,neuromorpho__A4_slide2_13.swc,pyramidal,418,0.9450,0.9219
lmeasure_rf,neuromorpho__A4_slide2_17.swc,pyramidal,484,0.9566,0.6459
lmeasure_rf,neuromorpho__A4_slide2_19.swc,pyramidal,752,0.9907,0.6634
lmeasure_rf,neuromorpho__A4_slide2_24.swc,pyramidal,530,0.9358,0.6385
lmeasure_rf,neuromorpho__A4_slide2_25.swc,pyramidal,666,1.0000,1.0000
lmeasure_rf,neuromorpho__A4_slide2_8.swc,pyramidal,416,0.9688,0.6572
lmeasure_rf,neuromorpho__A4_slide2_neuron2_II_III.swc,pyramidal,725,0.5379,0.2330
lmeasure_rf,neuromorpho__A4_slide2_neuron4.swc,pyramidal,563,1.0000,1.0000
lmeasure_rf,neuromorpho__A4_slide2_neuron5.swc,pyramidal,543,0.9337,0.6428
lmeasure_rf,neuromorpho__A4_slide3_16.swc,pyramidal,378,0.7275,0.6008
lmeasure_rf,neuromorpho__A4_slide3_20.swc,pyramidal,636,0.9041,0.6390
lmeasure_rf,neuromorpho__A4_slide3_21.swc,pyramidal,591,0.9848,0.6626
lmeasure_rf,neuromorpho__A4_slide3_9.swc,pyramidal,1599,0.9900,0.6637
lmeasure_rf,neuromorpho__A586_NeuronC_40x_Tile_Trace_MK.swc,pyramidal,785,0.5019,0.3339
lmeasure_rf,neuromorpho__A952_NeuronA_40X_Tile_Trace_RK.swc,pyramidal,714,0.5714,0.3634
lmeasure_rf,neuromorpho__A_RFP_0004_final.swc,pyramidal,711,1.0000,1.0000
lmeasure_rf,neuromorpho__A_RFP_0005_2final.swc,pyramidal,926,1.0000,1.0000
lmeasure_rf,neuromorpho__A_RFP_0006_2final.swc,pyramidal,571,1.0000,1.0000
lmeasure_rf,neuromorpho__A_RFP_0006_final2.swc,pyramidal,1284,1.0000,1.0000
lmeasure_rf,neuromorpho__A_RFP_0007_final2.swc,pyramidal,730,1.0000,1.0000
lmeasure_rf,neuromorpho__A_RFP_0008_2final.swc,pyramidal,844,1.0000,1.0000
lmeasure_rf,neuromorpho__A_RFP_0014_2final.swc,pyramidal,854,1.0000,1.0000
lmeasure_rf,neuromorpho__A_RFP_0016_final2.swc,pyramidal,1157,1.0000,1.0000
lmeasure_rf,neuromorpho__A_RFP_0018_final2.swc,pyramidal,1211,1.0000,1.0000
lmeasure_rf,neuromorpho__AA0314.swc,pyramidal,3854,1.0000,1.0000
lmeasure_rf,neuromorpho__AA0323.swc,pyramidal,1850,1.0000,1.0000
lmeasure_rf,neuromorpho__AA0327.swc,pyramidal,3807,1.0000,1.0000
lmeasure_rf,neuromorpho__AA0331.swc,pyramidal,4335,1.0000,1.0000
lmeasure_rf,neuromorpho__AA0335.swc,pyramidal,5699,1.0000,1.0000
lmeasure_rf,neuromorpho__AA0337.swc,pyramidal,4031,1.0000,1.0000
lmeasure_rf,neuromorpho__AA0342.swc,pyramidal,5842,1.0000,1.0000
lmeasure_rf,neuromorpho__AA0345.swc,pyramidal,3937,1.0000,1.0000
lmeasure_rf,neuromorpho__AA0347.swc,pyramidal,4986,1.0000,1.0000
lmeasure_rf,neuromorpho__AA0348.swc,pyramidal,4144,1.0000,1.0000
lmeasure_rf,neuromorpho__AA0349.swc,pyramidal,4555,1.0000,1.0000
lmeasure_rf,neuromorpho__AA0350.swc,pyramidal,4792,1.0000,1.0000
lmeasure_rf,neuromorpho__AA0351.swc,pyramidal,857,1.0000,1.0000
lmeasure_rf,neuromorpho__AA0352.swc,pyramidal,3348,1.0000,1.0000
lmeasure_rf,neuromorpho__AA0358.swc,pyramidal,5381,1.0000,1.0000
lmeasure_rf,neuromorpho__AA0359.swc,pyramidal,2511,1.0000,1.0000
lmeasure_rf,neuromorpho__AA0363.swc,pyramidal,2673,1.0000,1.0000
lmeasure_rf,neuromorpho__AA0366.swc,pyramidal,4502,1.0000,1.0000
lmeasure_rf,neuromorpho__AA0367.swc,pyramidal,4858,1.0000,1.0000
lmeasure_rf,neuromorpho__AA0372.swc,pyramidal,2802,1.0000,1.0000
lmeasure_rf,neuromorpho__AA0377.swc,pyramidal,7405,1.0000,1.0000
lmeasure_rf,neuromorpho__AA0384.swc,pyramidal,3137,1.0000,1.0000
lmeasure_rf,neuromorpho__AA0396.swc,pyramidal,33005,1.0000,1.0000
lmeasure_rf,neuromorpho__AA0400.swc,pyramidal,20014,1.0000,1.0000
lmeasure_rf,neuromorpho__AA0408.swc,pyramidal,17231,1.0000,1.0000
lmeasure_rf,neuromorpho__AA0409.swc,pyramidal,15876,1.0000,1.0000
lmeasure_rf,neuromorpho__AA0417.swc,pyramidal,14252,1.0000,1.0000
lmeasure_rf,neuromorpho__AA0426.swc,pyramidal,15313,1.0000,1.0000
lmeasure_rf,neuromorpho__AA0433.swc,pyramidal,2179,1.0000,1.0000
lmeasure_rf,neuromorpho__AA0442.swc,pyramidal,57368,1.0000,1.0000
lmeasure_rf,neuromorpho__AA0445.swc,pyramidal,16811,1.0000,1.0000
lmeasure_rf,neuromorpho__AA0453.swc,pyramidal,2339,1.0000,1.0000
lmeasure_rf,neuromorpho__AA0464.swc,pyramidal,2184,1.0000,1.0000
lmeasure_rf,neuromorpho__AA0473.swc,pyramidal,4345,1.0000,1.0000
lmeasure_rf,neuromorpho__AA0478.swc,pyramidal,522,1.0000,1.0000
lmeasure_rf,neuromorpho__AA0479.swc,pyramidal,734,1.0000,1.0000
lmeasure_rf,neuromorpho__AA0489.swc,pyramidal,1095,1.0000,1.0000
lmeasure_rf,neuromorpho__AA0494.swc,pyramidal,1173,1.0000,1.0000
lmeasure_rf,neuromorpho__AA0500.swc,pyramidal,531,1.0000,1.0000
lmeasure_rf,neuromorpho__AA0511.swc,pyramidal,1687,1.0000,1.0000
lmeasure_rf,neuromorpho__AA0519.swc,pyramidal,4648,1.0000,1.0000
lmeasure_rf,neuromorpho__AA0525.swc,pyramidal,1280,1.0000,1.0000
lmeasure_rf,neuromorpho__AA0530.swc,pyramidal,1366,1.0000,1.0000
lmeasure_rf,neuromorpho__AA0540.swc,pyramidal,1905,1.0000,1.0000
lmeasure_rf,neuromorpho__AA0543.swc,pyramidal,1496,1.0000,1.0000
lmeasure_rf,neuromorpho__AA0564.swc,pyramidal,984,1.0000,1.0000
lmeasure_rf,neuromorpho__AA0565.swc,pyramidal,1275,1.0000,1.0000
lmeasure_rf,neuromorpho__AA0574.swc,pyramidal,2185,1.0000,1.0000
lmeasure_rf,neuromorpho__AA0584.swc,pyramidal,2955,1.0000,1.0000
lmeasure_rf,neuromorpho__AA0601.swc,pyramidal,3272,1.0000,1.0000
lmeasure_rf,neuromorpho__AA0612.swc,pyramidal,23987,1.0000,1.0000
lmeasure_rf,neuromorpho__AA0622.swc,pyramidal,45803,1.0000,1.0000
lmeasure_rf,neuromorpho__AA0626.swc,pyramidal,11290,1.0000,1.0000
lmeasure_rf,neuromorpho__AA0658.swc,pyramidal,2642,1.0000,1.0000
lmeasure_rf,neuromorpho__AA0659.swc,pyramidal,3018,1.0000,1.0000
lmeasure_rf,neuromorpho__AA0661.swc,pyramidal,4130,1.0000,1.0000
lmeasure_rf,neuromorpho__AA0678.swc,pyramidal,3051,1.0000,1.0000
lmeasure_rf,neuromorpho__AA0685.swc,pyramidal,2787,1.0000,1.0000
lmeasure_rf,neuromorpho__AA0710.swc,pyramidal,911,1.0000,1.0000
lmeasure_rf,neuromorpho__AA0711.swc,pyramidal,2522,1.0000,1.0000
lmeasure_rf,neuromorpho__AA0713.swc,pyramidal,1402,1.0000,1.0000
lmeasure_rf,neuromorpho__AA0732.swc,pyramidal,3449,1.0000,1.0000
lmeasure_rf,neuromorpho__AA0735.swc,pyramidal,27249,1.0000,1.0000
lmeasure_rf,neuromorpho__AA0736.swc,pyramidal,2039,1.0000,1.0000
lmeasure_rf,neuromorpho__AA0751.swc,pyramidal,2854,1.0000,1.0000
lmeasure_rf,neuromorpho__AA0757.swc,pyramidal,1676,1.0000,1.0000
lmeasure_rf,neuromorpho__AA0767.swc,pyramidal,12578,1.0000,1.0000
lmeasure_rf,neuromorpho__AA0772.swc,pyramidal,10738,1.0000,1.0000
lmeasure_rf,neuromorpho__AA0776.swc,pyramidal,3143,1.0000,1.0000
lmeasure_rf,neuromorpho__AA0781.swc,pyramidal,2977,1.0000,1.0000
lmeasure_rf,neuromorpho__AA0791.swc,pyramidal,5495,1.0000,1.0000
lmeasure_rf,neuromorpho__AA0792.swc,pyramidal,3153,1.0000,1.0000
lmeasure_rf,neuromorpho__AA0794.swc,pyramidal,7576,1.0000,1.0000
lmeasure_rf,neuromorpho__AA0798.swc,pyramidal,11996,1.0000,1.0000
lmeasure_rf,neuromorpho__AA0806.swc,pyramidal,4367,1.0000,1.0000
lmeasure_rf,neuromorpho__AA0813.swc,pyramidal,991,1.0000,1.0000
lmeasure_rf,neuromorpho__AA0820.swc,pyramidal,1858,1.0000,1.0000
lmeasure_rf,neuromorpho__AA0823.swc,pyramidal,3906,1.0000,1.0000
lmeasure_rf,neuromorpho__AA0824.swc,pyramidal,2107,1.0000,1.0000
lmeasure_rf,neuromorpho__AA0843.swc,pyramidal,1155,1.0000,1.0000
lmeasure_rf,neuromorpho__AA0850.swc,pyramidal,2407,1.0000,1.0000
lmeasure_rf,neuromorpho__AA0852.swc,pyramidal,2073,1.0000,1.0000
lmeasure_rf,neuromorpho__AA0863.swc,pyramidal,1084,1.0000,1.0000
lmeasure_rf,neuromorpho__AA0865.swc,pyramidal,4937,1.0000,1.0000
lmeasure_rf,neuromorpho__AA0870.swc,pyramidal,3636,1.0000,1.0000
lmeasure_rf,neuromorpho__AA0873.swc,pyramidal,3447,1.0000,1.0000
lmeasure_rf,neuromorpho__AA0876.swc,pyramidal,5531,1.0000,1.0000
lmeasure_rf,neuromorpho__AA0884.swc,pyramidal,1116,1.0000,1.0000
lmeasure_rf,neuromorpho__AA0891.swc,pyramidal,1526,1.0000,1.0000
lmeasure_rf,neuromorpho__AA0899.swc,pyramidal,1272,1.0000,1.0000
lmeasure_rf,neuromorpho__AA0902.swc,pyramidal,361,0.5845,0.3684
lmeasure_rf,neuromorpho__AA0906.swc,pyramidal,2717,1.0000,1.0000
lmeasure_rf,neuromorpho__AA0913.swc,pyramidal,1101,1.0000,1.0000
lmeasure_rf,neuromorpho__AA0914.swc,pyramidal,1705,1.0000,1.0000
lmeasure_rf,neuromorpho__AA0919.swc,pyramidal,2851,1.0000,1.0000
lmeasure_rf,neuromorpho__AA0926.swc,pyramidal,5649,1.0000,1.0000
lmeasure_rf,neuromorpho__AA0945.swc,pyramidal,5457,1.0000,1.0000
lmeasure_rf,neuromorpho__AA0953.swc,pyramidal,2550,1.0000,1.0000
lmeasure_rf,neuromorpho__AA0994.swc,pyramidal,745,1.0000,1.0000
lmeasure_rf,neuromorpho__alpha-15.swc,pyramidal,70,1.0000,1.0000
lmeasure_rf,neuromorpho__alpha-17.swc,pyramidal,105,1.0000,1.0000
lmeasure_rf,neuromorpho__alpha-5.swc,pyramidal,62,1.0000,1.0000
lmeasure_rf,neuromorpho__APPKO-set1-010.swc,pyramidal,1015,1.0000,1.0000
lmeasure_rf,neuromorpho__APPKO-set2-004.swc,pyramidal,1097,1.0000,1.0000
lmeasure_rf,neuromorpho__APPKO-set3-001.swc,pyramidal,1469,1.0000,1.0000
lmeasure_rf,neuromorpho__APPKO-set3-002.swc,pyramidal,1168,1.0000,1.0000
lmeasure_rf,neuromorpho__august5s1-cell-1.swc,pyramidal,822,0.5487,0.3541
lmeasure_rf,neuromorpho__august8s1-cell-3.swc,pyramidal,898,0.6771,0.4036
lmeasure_rf,neuromorpho__B1_slide1_1.swc,pyramidal,286,1.0000,1.0000
lmeasure_rf,neuromorpho__B1_slide1_2.swc,pyramidal,389,1.0000,1.0000
lmeasure_rf,neuromorpho__B1_slide2_10.swc,pyramidal,377,1.0000,1.0000
lmeasure_rf,neuromorpho__B1_slide2_3.swc,pyramidal,810,0.9802,0.6608
lmeasure_rf,neuromorpho__B1_slide2_neuron1_II_III.swc,pyramidal,1099,0.9236,0.6358
lmeasure_rf,neuromorpho__B1_Slide3_1.swc,pyramidal,451,1.0000,1.0000
lmeasure_rf,neuromorpho__B1_slide3_5.swc,pyramidal,178,0.5674,0.5628
lmeasure_rf,neuromorpho__B1_slide3_6.swc,pyramidal,385,0.9896,0.6637
lmeasure_rf,neuromorpho__B1_slide3_9.swc,pyramidal,306,0.3595,0.4974
lmeasure_rf,neuromorpho__B1_slide3_neuron1.swc,pyramidal,465,1.0000,1.0000
lmeasure_rf,neuromorpho__B1_slide3_neuron1_II_III.swc,pyramidal,239,0.7615,0.2880
lmeasure_rf,neuromorpho__B1_slide4_4.swc,pyramidal,661,0.9622,0.6521
lmeasure_rf,neuromorpho__B1_slide4_neuron1_II_III.swc,pyramidal,909,1.0000,1.0000
lmeasure_rf,neuromorpho__B1_slide4_neuron4.swc,pyramidal,504,1.0000,1.0000
lmeasure_rf,neuromorpho__B1_slide4_neuron5.swc,pyramidal,1862,0.9898,0.6613
lmeasure_rf,neuromorpho__B2_slide1_7.swc,pyramidal,385,0.9662,0.6513
lmeasure_rf,neuromorpho__B2_slide1_neuron4_II_III.swc,pyramidal,394,0.4010,0.1903
lmeasure_rf,neuromorpho__B2_slide2_17.swc,pyramidal,333,1.0000,1.0000
lmeasure_rf,neuromorpho__B2_slide2_5.swc,pyramidal,705,1.0000,1.0000
lmeasure_rf,neuromorpho__B2_slide2_7.swc,pyramidal,400,1.0000,1.0000
lmeasure_rf,neuromorpho__B2_slide2_9a.swc,pyramidal,1802,0.9800,0.6618
lmeasure_rf,neuromorpho__B2_slide2_neuron2.swc,pyramidal,483,1.0000,1.0000
lmeasure_rf,neuromorpho__B2_slide2_neuron3.swc,pyramidal,478,0.9812,0.9592
lmeasure_rf,neuromorpho__B2_slide2_neuron5.swc,pyramidal,447,1.0000,1.0000
lmeasure_rf,neuromorpho__B2_slide3_16.swc,pyramidal,1646,0.9970,0.9971
lmeasure_rf,neuromorpho__B2_slide3_8.swc,pyramidal,742,0.5337,0.2318
lmeasure_rf,neuromorpho__B2_slide3_neuron3.swc,pyramidal,372,1.0000,1.0000
lmeasure_rf,neuromorpho__B3_slide1_4.swc,pyramidal,1101,1.0000,1.0000
lmeasure_rf,neuromorpho__B3_slide1_neuron2.swc,pyramidal,516,0.9845,0.6616
lmeasure_rf,neuromorpho__B3_slide1_neuron5.swc,pyramidal,1599,0.9694,0.6554
lmeasure_rf,neuromorpho__B3_slide2_10.swc,pyramidal,621,0.6473,0.5387
lmeasure_rf,neuromorpho__B3_slide2_11.swc,pyramidal,1461,0.9836,0.6612
lmeasure_rf,neuromorpho__B3_slide2_12.swc,pyramidal,1168,0.9161,0.6421
lmeasure_rf,neuromorpho__B3_slide2_15.swc,pyramidal,311,1.0000,1.0000
lmeasure_rf,neuromorpho__B3_slide2_4.swc,pyramidal,474,1.0000,1.0000
lmeasure_rf,neuromorpho__B3_slide2_5.swc,pyramidal,551,0.9800,0.6609
lmeasure_rf,neuromorpho__B3_slide2_neuron4_.swc,pyramidal,410,1.0000,1.0000
lmeasure_rf,neuromorpho__B3_slide3_neuron4.swc,pyramidal,422,1.0000,1.0000
lmeasure_rf,neuromorpho__B3_slide4_neuron1.swc,pyramidal,1721,0.8611,0.5694
lmeasure_rf,neuromorpho__B4_slide2_8.swc,pyramidal,1385,1.0000,1.0000
lmeasure_rf,neuromorpho__B4_slide2_neuron2_II_III.swc,pyramidal,1050,0.9724,0.6535
lmeasure_rf,neuromorpho__B4_slide3_11.swc,pyramidal,417,1.0000,1.0000
lmeasure_rf,neuromorpho__B4_slide3_12.swc,pyramidal,429,0.9557,0.6296
lmeasure_rf,neuromorpho__B4_slide3_13.swc,pyramidal,496,1.0000,1.0000
lmeasure_rf,neuromorpho__B4_slide3_20.swc,pyramidal,753,0.9681,0.6560
lmeasure_rf,neuromorpho__B4_slide3_5.swc,pyramidal,912,1.0000,1.0000
lmeasure_rf,neuromorpho__B4_slide3_neuron2.swc,pyramidal,348,0.9483,0.6452
lmeasure_rf,neuromorpho__B4_slide3_neuron2_II_III.swc,pyramidal,586,0.7150,0.5764
lmeasure_rf,neuromorpho__B4_slide3_neuron4.swc,pyramidal,407,1.0000,1.0000
lmeasure_rf,neuromorpho__B4_slide4_1.swc,pyramidal,333,0.5766,0.2435
lmeasure_rf,neuromorpho__B4_slide4_neuron3.swc,pyramidal,474,1.0000,1.0000
lmeasure_rf,neuromorpho__B4_slide4_neuron4_II_III.swc,pyramidal,654,0.2294,0.1239
lmeasure_rf,neuromorpho__B913_NeuronC_40x_Tile_Trace_MK.swc,pyramidal,1414,1.0000,1.0000
lmeasure_rf,neuromorpho__B924_NeuronA_40X_Tile_Trace_RK.swc,pyramidal,1330,1.0000,1.0000
lmeasure_rf,neuromorpho__B949_NeuronC_40x_Tile_Trace_RK.swc,pyramidal,796,0.3844,0.2773
lmeasure_rf,neuromorpho__B_GFP_0003_final.swc,pyramidal,757,1.0000,1.0000
lmeasure_rf,neuromorpho__B_GFP_0007_final.swc,pyramidal,776,1.0000,1.0000
lmeasure_rf,neuromorpho__B_GFP_0017_final.swc,pyramidal,742,1.0000,1.0000
lmeasure_rf,neuromorpho__B_RFP_0001_final.swc,pyramidal,1073,1.0000,1.0000
lmeasure_rf,neuromorpho__B_RFP_0001_final2.swc,pyramidal,952,1.0000,1.0000
lmeasure_rf,neuromorpho__B_RFP_0002_final.swc,pyramidal,924,1.0000,1.0000
lmeasure_rf,neuromorpho__B_RFP_0006_final.swc,pyramidal,790,1.0000,1.0000
lmeasure_rf,neuromorpho__B_RFP_0008_final.swc,pyramidal,1195,1.0000,1.0000
lmeasure_rf,neuromorpho__B_RFP_0011_final.swc,pyramidal,872,1.0000,1.0000
lmeasure_rf,neuromorpho__B_RFP_0015_final.swc,pyramidal,1034,1.0000,1.0000
lmeasure_rf,neuromorpho__beta-13.swc,pyramidal,241,1.0000,1.0000
lmeasure_rf,neuromorpho__beta-19.swc,pyramidal,140,1.0000,1.0000
lmeasure_rf,neuromorpho__beta-4.swc,pyramidal,142,1.0000,1.0000
lmeasure_rf,neuromorpho__beta-6.swc,pyramidal,127,1.0000,1.0000
lmeasure_rf,neuromorpho__beta.swc,pyramidal,93,1.0000,1.0000
lmeasure_rf,neuromorpho__C10-17.swc,pyramidal,364,0.4918,0.3290
lmeasure_rf,neuromorpho__C10-23.swc,pyramidal,310,0.7903,0.4412
lmeasure_rf,neuromorpho__C10-3.swc,pyramidal,448,0.7946,0.4426
lmeasure_rf,neuromorpho__C10-31.swc,pyramidal,480,0.5062,0.3356
lmeasure_rf,neuromorpho__C10-5.swc,pyramidal,608,1.0000,1.0000
lmeasure_rf,neuromorpho__C1005-2KO-whole-8.swc,pyramidal,153,0.7516,0.4286
lmeasure_rf,neuromorpho__C1042-whole-2.swc,pyramidal,61,0.5410,0.3478
lmeasure_rf,neuromorpho__C1046-ap1-3.swc,pyramidal,81,0.0123,0.0000
lmeasure_rf,neuromorpho__C1046-whole-4-ap-1.swc,pyramidal,56,0.0179,0.0000
lmeasure_rf,neuromorpho__C1054-whole-3.swc,pyramidal,50,0.0200,0.0000
lmeasure_rf,neuromorpho__C3_3.swc,pyramidal,663,0.5671,0.2411
lmeasure_rf,neuromorpho__C912-WT-basal-2.swc,pyramidal,72,1.0000,1.0000
lmeasure_rf,neuromorpho__C916-WT-ap1.swc,pyramidal,66,0.0152,0.0000
lmeasure_rf,neuromorpho__C916-WT-M8-123-3.swc,pyramidal,95,0.0105,0.0000
lmeasure_rf,neuromorpho__C916-WT-M8base-whole-5.swc,pyramidal,202,0.7921,0.4417
lmeasure_rf,neuromorpho__C_GFP_0014_final.swc,pyramidal,760,1.0000,1.0000
lmeasure_rf,neuromorpho__C_RFP_0004_final.swc,pyramidal,662,1.0000,1.0000
lmeasure_rf,neuromorpho__C_RFP_0010_final.swc,pyramidal,1498,1.0000,1.0000
lmeasure_rf,neuromorpho__CA1_slide2_neuron1.swc,pyramidal,842,0.9466,0.6463
lmeasure_rf,neuromorpho__CA1_slide2_neuron2.swc,pyramidal,1861,0.9866,0.6634
lmeasure_rf,neuromorpho__CA3_slide2_neuron3.swc,pyramidal,1584,0.8321,0.5324
lmeasure_rf,neuromorpho__CA3_slide2_neuron5.swc,pyramidal,1463,0.9877,0.6619
lmeasure_rf,neuromorpho__CA4_slide3_neuron3.swc,pyramidal,709,0.5994,0.2497
lmeasure_rf,neuromorpho__Cell-1-2_10.swc,pyramidal,377,1.0000,1.0000
lmeasure_rf,neuromorpho__Cell-1-2_8.swc,pyramidal,369,1.0000,1.0000
lmeasure_rf,neuromorpho__Cell-10-3.swc,pyramidal,148,1.0000,1.0000
lmeasure_rf,neuromorpho__Cell-10-4_1.swc,pyramidal,458,1.0000,1.0000
lmeasure_rf,neuromorpho__Cell-11-3_1.swc,pyramidal,364,1.0000,1.0000
lmeasure_rf,neuromorpho__Cell-12-2_2.swc,pyramidal,256,1.0000,1.0000
lmeasure_rf,neuromorpho__Cell-12_7.swc,pyramidal,355,1.0000,1.0000
lmeasure_rf,neuromorpho__Cell-12_8.swc,pyramidal,176,1.0000,1.0000
lmeasure_rf,neuromorpho__Cell-13-4_1.swc,pyramidal,186,1.0000,1.0000
lmeasure_rf,neuromorpho__Cell-14_5.swc,pyramidal,259,1.0000,1.0000
lmeasure_rf,neuromorpho__Cell-15-2.swc,pyramidal,434,1.0000,1.0000
lmeasure_rf,neuromorpho__Cell-15-3.swc,pyramidal,311,1.0000,1.0000
lmeasure_rf,neuromorpho__Cell-16_4.swc,pyramidal,145,1.0000,1.0000
lmeasure_rf,neuromorpho__Cell-16_5.swc,pyramidal,152,1.0000,1.0000
lmeasure_rf,neuromorpho__Cell-17-2.swc,pyramidal,173,0.8035,0.8903
lmeasure_rf,neuromorpho__Cell-17_3.swc,pyramidal,329,1.0000,1.0000
lmeasure_rf,neuromorpho__Cell-17_5.swc,pyramidal,114,1.0000,1.0000
lmeasure_rf,neuromorpho__Cell-18-3.swc,pyramidal,276,1.0000,1.0000
lmeasure_rf,neuromorpho__Cell-18-4.swc,pyramidal,258,1.0000,1.0000
lmeasure_rf,neuromorpho__Cell-18_03.swc,pyramidal,179,1.0000,1.0000
lmeasure_rf,neuromorpho__Cell-19_2.swc,pyramidal,300,1.0000,1.0000
lmeasure_rf,neuromorpho__Cell-1_13.swc,pyramidal,142,1.0000,1.0000
lmeasure_rf,neuromorpho__Cell-2-4_1.swc,pyramidal,300,1.0000,1.0000
lmeasure_rf,neuromorpho__Cell-3-2_10.swc,pyramidal,347,1.0000,1.0000
lmeasure_rf,neuromorpho__Cell-3-2_5.swc,pyramidal,154,1.0000,1.0000
lmeasure_rf,neuromorpho__Cell-3-2_6.swc,pyramidal,246,1.0000,1.0000
lmeasure_rf,neuromorpho__Cell-3-2_7.swc,pyramidal,153,1.0000,1.0000
lmeasure_rf,neuromorpho__Cell-3_10.swc,pyramidal,168,1.0000,1.0000
lmeasure_rf,neuromorpho__Cell-3_14.swc,pyramidal,198,1.0000,1.0000
lmeasure_rf,neuromorpho__Cell-4-2_6.swc,pyramidal,208,1.0000,1.0000
lmeasure_rf,neuromorpho__Cell-4-2_7.swc,pyramidal,216,1.0000,1.0000
lmeasure_rf,neuromorpho__Cell-4-2_8.swc,pyramidal,266,1.0000,1.0000
lmeasure_rf,neuromorpho__Cell-4-2_9.swc,pyramidal,317,1.0000,1.0000
lmeasure_rf,neuromorpho__Cell-4-3_2.swc,pyramidal,92,1.0000,1.0000
lmeasure_rf,neuromorpho__Cell-4-4_2.swc,pyramidal,148,1.0000,1.0000
lmeasure_rf,neuromorpho__Cell-4-5_1.swc,pyramidal,233,1.0000,1.0000
lmeasure_rf,neuromorpho__Cell-4_10.swc,pyramidal,125,1.0000,1.0000
lmeasure_rf,neuromorpho__Cell-4_13.swc,pyramidal,228,1.0000,1.0000
lmeasure_rf,neuromorpho__Cell-5-3_2.swc,pyramidal,207,1.0000,1.0000
lmeasure_rf,neuromorpho__Cell-5-4_1.swc,pyramidal,309,1.0000,1.0000
lmeasure_rf,neuromorpho__Cell-5_10.swc,pyramidal,244,1.0000,1.0000
lmeasure_rf,neuromorpho__Cell-5_9.swc,pyramidal,250,1.0000,1.0000
lmeasure_rf,neuromorpho__Cell-6-4_2.swc,pyramidal,323,1.0000,1.0000
lmeasure_rf,neuromorpho__Cell-6_10.swc,pyramidal,161,1.0000,1.0000
lmeasure_rf,neuromorpho__Cell-7-2_3.swc,pyramidal,254,1.0000,1.0000
lmeasure_rf,neuromorpho__Cell-7-2_4.swc,pyramidal,346,1.0000,1.0000
lmeasure_rf,neuromorpho__Cell-7_6.swc,pyramidal,112,1.0000,1.0000
lmeasure_rf,neuromorpho__Cell-7_7.swc,pyramidal,187,1.0000,1.0000
lmeasure_rf,neuromorpho__Cell-8-2_1.swc,pyramidal,176,1.0000,1.0000
lmeasure_rf,neuromorpho__Cell-8_03.swc,pyramidal,169,1.0000,1.0000
lmeasure_rf,neuromorpho__Cell-8_5.swc,pyramidal,269,1.0000,1.0000
lmeasure_rf,neuromorpho__Cell-9-2_5.swc,pyramidal,310,1.0000,1.0000
lmeasure_rf,neuromorpho__cM2p_11.swc,pyramidal,4698,1.0000,1.0000
lmeasure_rf,neuromorpho__cM2p_12.swc,pyramidal,3667,1.0000,1.0000
lmeasure_rf,neuromorpho__cortex-1148-1.swc,pyramidal,72,1.0000,1.0000
lmeasure_rf,neuromorpho__cortex-1148-6.swc,pyramidal,56,1.0000,1.0000
lmeasure_rf,neuromorpho__cortex-1155-3.swc,pyramidal,67,1.0000,1.0000
lmeasure_rf,neuromorpho__cortex-1159-7.swc,pyramidal,81,1.0000,1.0000
lmeasure_rf,neuromorpho__cortex-1159-8.swc,pyramidal,80,1.0000,1.0000
lmeasure_rf,neuromorpho__cortex-229-7.swc,pyramidal,54,1.0000,1.0000
lmeasure_rf,neuromorpho__cortex-420-4.swc,pyramidal,85,1.0000,1.0000
lmeasure_rf,neuromorpho__cortex-456-5.swc,pyramidal,111,1.0000,1.0000
lmeasure_rf,neuromorpho__cortex-516-1.swc,pyramidal,98,1.0000,1.0000
lmeasure_rf,neuromorpho__cortex-516-2.swc,pyramidal,44,1.0000,1.0000
lmeasure_rf,neuromorpho__cortex-519-1.swc,pyramidal,78,1.0000,1.0000
lmeasure_rf,neuromorpho__cortex-519-5.swc,pyramidal,30,1.0000,1.0000
lmeasure_rf,neuromorpho__cortex-519-9.swc,pyramidal,47,1.0000,1.0000
lmeasure_rf,neuromorpho__cortex-521-4.swc,pyramidal,53,1.0000,1.0000
lmeasure_rf,neuromorpho__cortex-521-5.swc,pyramidal,34,1.0000,1.0000
lmeasure_rf,neuromorpho__cortex-537-6.swc,pyramidal,52,1.0000,1.0000
lmeasure_rf,neuromorpho__cortex-539-1.swc,pyramidal,53,1.0000,1.0000
lmeasure_rf,neuromorpho__cortex-557-6.swc,pyramidal,54,1.0000,1.0000
lmeasure_rf,neuromorpho__cortex-570-4.swc,pyramidal,104,1.0000,1.0000
lmeasure_rf,neuromorpho__cortex-858-3.swc,pyramidal,47,1.0000,1.0000
lmeasure_rf,neuromorpho__cortex-858-4.swc,pyramidal,63,1.0000,1.0000
lmeasure_rf,neuromorpho__cortex-858-5.swc,pyramidal,45,1.0000,1.0000
lmeasure_rf,neuromorpho__cortex-858-6.swc,pyramidal,59,1.0000,1.0000
lmeasure_rf,neuromorpho__cortex102-2.swc,pyramidal,106,1.0000,1.0000
lmeasure_rf,neuromorpho__cortex102-3.swc,pyramidal,87,1.0000,1.0000
lmeasure_rf,neuromorpho__cortex102-5.swc,pyramidal,149,1.0000,1.0000
lmeasure_rf,neuromorpho__cortex104-4.swc,pyramidal,164,1.0000,1.0000
lmeasure_rf,neuromorpho__cortex117-7.swc,pyramidal,88,1.0000,1.0000
lmeasure_rf,neuromorpho__cortex134-3.swc,pyramidal,81,1.0000,1.0000
lmeasure_rf,neuromorpho__cortex156-3.swc,pyramidal,115,1.0000,1.0000
lmeasure_rf,neuromorpho__cortex156-6.swc,pyramidal,101,1.0000,1.0000
lmeasure_rf,neuromorpho__cortex157-7.swc,pyramidal,91,1.0000,1.0000
lmeasure_rf,neuromorpho__cortex158-1.swc,pyramidal,43,1.0000,1.0000
lmeasure_rf,neuromorpho__cortex158-6.swc,pyramidal,43,1.0000,1.0000
lmeasure_rf,neuromorpho__cortex163-3.swc,pyramidal,174,1.0000,1.0000
lmeasure_rf,neuromorpho__cortex168-2.swc,pyramidal,48,1.0000,1.0000
lmeasure_rf,neuromorpho__cortex168-6.swc,pyramidal,78,1.0000,1.0000
lmeasure_rf,neuromorpho__cortex169-1.swc,pyramidal,92,1.0000,1.0000
lmeasure_rf,neuromorpho__cortex170-5.swc,pyramidal,68,1.0000,1.0000
lmeasure_rf,neuromorpho__cortex170-6.swc,pyramidal,69,1.0000,1.0000
lmeasure_rf,neuromorpho__cortex172-1.swc,pyramidal,51,1.0000,1.0000
lmeasure_rf,neuromorpho__cortex223-5.swc,pyramidal,93,1.0000,1.0000
lmeasure_rf,neuromorpho__cortex285-2.swc,pyramidal,129,1.0000,1.0000
lmeasure_rf,neuromorpho__cortex285-4.swc,pyramidal,110,1.0000,1.0000
lmeasure_rf,neuromorpho__cortex286-1.swc,pyramidal,101,1.0000,1.0000
lmeasure_rf,neuromorpho__cortex286-3.swc,pyramidal,55,1.0000,1.0000
lmeasure_rf,neuromorpho__cortex286-4.swc,pyramidal,59,1.0000,1.0000
lmeasure_rf,neuromorpho__cortex286-5.swc,pyramidal,100,1.0000,1.0000
lmeasure_rf,neuromorpho__cortex303-1.swc,pyramidal,104,1.0000,1.0000
lmeasure_rf,neuromorpho__cortex303-4.swc,pyramidal,78,1.0000,1.0000
lmeasure_rf,neuromorpho__cortex305-3.swc,pyramidal,87,1.0000,1.0000
lmeasure_rf,neuromorpho__cortex305-7.swc,pyramidal,49,1.0000,1.0000
lmeasure_rf,neuromorpho__cortex367-3.swc,pyramidal,113,1.0000,1.0000
lmeasure_rf,neuromorpho__cortex367-5.swc,pyramidal,69,1.0000,1.0000
lmeasure_rf,neuromorpho__cortex368-4.swc,pyramidal,97,1.0000,1.0000
lmeasure_rf,neuromorpho__cortex368-5.swc,pyramidal,85,1.0000,1.0000
lmeasure_rf,neuromorpho__cortex370-1.swc,pyramidal,34,1.0000,1.0000
lmeasure_rf,neuromorpho__cortex370-5.swc,pyramidal,44,1.0000,1.0000
lmeasure_rf,neuromorpho__cortex370-6.swc,pyramidal,53,1.0000,1.0000
lmeasure_rf,neuromorpho__cortex412-2.swc,pyramidal,58,1.0000,1.0000
lmeasure_rf,neuromorpho__cortex412-6.swc,pyramidal,63,1.0000,1.0000
lmeasure_rf,neuromorpho__cortex417-1.swc,pyramidal,49,1.0000,1.0000
lmeasure_rf,neuromorpho__cortex417-2.swc,pyramidal,70,1.0000,1.0000
lmeasure_rf,neuromorpho__cortex99-6.swc,pyramidal,54,1.0000,1.0000
lmeasure_rf,neuromorpho__crop0_1_seg_split_9_1-1.swc,pyramidal,837,1.0000,1.0000
lmeasure_rf,neuromorpho__crop0_2_seg_split_16_1-1.swc,pyramidal,836,1.0000,1.0000
lmeasure_rf,neuromorpho__crop0_2_seg_split_4_1-2.swc,pyramidal,758,1.0000,1.0000
lmeasure_rf,neuromorpho__crop0_2_seg_split_5_1-15.swc,pyramidal,1611,1.0000,1.0000
lmeasure_rf,neuromorpho__crop0_2_seg_split_6_1-35.swc,pyramidal,545,1.0000,1.0000
lmeasure_rf,neuromorpho__CSp0302-1.swc,pyramidal,12269,1.0000,1.0000
lmeasure_rf,neuromorpho__ctg_bV1_6.swc,pyramidal,365,1.0000,1.0000
lmeasure_rf,neuromorpho__ctrl_bV1_3.swc,pyramidal,669,1.0000,1.0000
lmeasure_rf,neuromorpho__ctrl_bV1_6.swc,pyramidal,857,0.4761,0.3222
lmeasure_rf,neuromorpho__ctrl_bV1_7.swc,pyramidal,392,0.5638,0.3601
lmeasure_rf,neuromorpho__Ctrl_V1B-L23_cell4.swc,pyramidal,807,1.0000,1.0000
lmeasure_rf,neuromorpho__EDF1_D4-Fresh-Hippo-1-EDF_crop-1.swc,pyramidal,736,1.0000,1.0000
lmeasure_rf,neuromorpho__EDF1_D4-Fresh-Hippo-1-EDF_crop-3.swc,pyramidal,1170,1.0000,1.0000
lmeasure_rf,neuromorpho__EDF1_D4-Fresh-Hippo-1-EDF_crop-9.swc,pyramidal,1232,1.0000,1.0000
lmeasure_rf,neuromorpho__EDF2_D4-Fresh-Hippo-2-EDF_crop-6.swc,pyramidal,2313,1.0000,1.0000
lmeasure_rf,neuromorpho__Exp_V1B-L23_cell1.swc,pyramidal,617,1.0000,1.0000
lmeasure_rf,neuromorpho__Exp_V1B-L23_cell3.swc,pyramidal,568,1.0000,1.0000
lmeasure_rf,neuromorpho__Exp_V1B-L5_cell1.swc,pyramidal,1042,1.0000,1.0000
lmeasure_rf,neuromorpho__Exp_V1B-L5_cell8.swc,pyramidal,907,0.5116,0.6764
lmeasure_rf,neuromorpho__Fig5a_4cell.swc,pyramidal,1857,0.4152,0.2932
lmeasure_rf,neuromorpho__Fig5a_8cell.swc,pyramidal,1930,1.0000,1.0000
lmeasure_rf,neuromorpho__Fresh-2-2.swc,pyramidal,3304,1.0000,1.0000
lmeasure_rf,neuromorpho__Fresh-3-1.swc,pyramidal,5612,1.0000,1.0000
lmeasure_rf,neuromorpho__Fresh-8-2.swc,pyramidal,2614,1.0000,1.0000
lmeasure_rf,neuromorpho__Fresh-D4-Phall-Tau-Map2-16.swc,pyramidal,2045,1.0000,1.0000
lmeasure_rf,neuromorpho__Fresh-D4-Phall-Tau-Map2-5.swc,pyramidal,866,1.0000,1.0000
lmeasure_rf,neuromorpho__Fresh-D4-Phall-Tau-Map2-9.swc,pyramidal,2829,1.0000,1.0000
lmeasure_rf,neuromorpho__Fresh-D4-Phall-Tau-Map2001-10.swc,pyramidal,2538,1.0000,1.0000
lmeasure_rf,neuromorpho__Fresh-D4-Phall-Tau-Map2001-11.swc,pyramidal,2008,1.0000,1.0000
lmeasure_rf,neuromorpho__Fresh-D4-Phall-Tau-Map2001-6.swc,pyramidal,521,1.0000,1.0000
lmeasure_rf,neuromorpho__Fresh-D4-Phall-Tau-Map2001-7.swc,pyramidal,1200,1.0000,1.0000
lmeasure_rf,neuromorpho__Fresh-D4-Phall-Tau-Map2003-14.swc,pyramidal,1587,1.0000,1.0000
lmeasure_rf,neuromorpho__Fresh-D4-Phall-Tau-Map2003-22.swc,pyramidal,1048,1.0000,1.0000
lmeasure_rf,neuromorpho__Fresh-D4-Phall-Tau-Map2003-3.swc,pyramidal,1489,1.0000,1.0000
lmeasure_rf,neuromorpho__Fresh-D4-Phall-Tau-Map2003-6.swc,pyramidal,887,1.0000,1.0000
lmeasure_rf,neuromorpho__Fresh-D4-Phall-Tau-Map2003-7.swc,pyramidal,1044,1.0000,1.0000
lmeasure_rf,neuromorpho__Fresh-D4-Phall-Tau-Map2004-10.swc,pyramidal,2358,1.0000,1.0000
lmeasure_rf,neuromorpho__Fresh-D4-Phall-Tau-Map2004-12.swc,pyramidal,995,1.0000,1.0000
lmeasure_rf,neuromorpho__Fresh-D4-Phall-Tau-Map2004-3.swc,pyramidal,1470,1.0000,1.0000
lmeasure_rf,neuromorpho__Fresh-D4-Phall-Tau-Map2005-3.swc,pyramidal,1159,1.0000,1.0000
lmeasure_rf,neuromorpho__Fresh-D4-Phall-Tau-Map2009-6.swc,pyramidal,3148,1.0000,1.0000
lmeasure_rf,neuromorpho__Fresh-D4-Sholl-Exp-3001-4.swc,pyramidal,1552,1.0000,1.0000
lmeasure_rf,neuromorpho__Fresh-D4-Sholl-Exp-3003-2.swc,pyramidal,354,1.0000,1.0000
lmeasure_rf,neuromorpho__Fresh-D4-Sholl-Exp-3003-8.swc,pyramidal,1107,1.0000,1.0000
lmeasure_rf,neuromorpho__Fresh-D4-Sholl-Exp-3005-5.swc,pyramidal,1699,1.0000,1.0000
lmeasure_rf,neuromorpho__Fresh-D4-Sholl-Exp-3006-3.swc,pyramidal,1638,1.0000,1.0000
lmeasure_rf,neuromorpho__Fresh-D4-Sholl-Exp-3007-2.swc,pyramidal,596,1.0000,1.0000
lmeasure_rf,neuromorpho__Fresh-D4-Sholl-Exp-3007-3.swc,pyramidal,932,1.0000,1.0000
lmeasure_rf,neuromorpho__Fresh-D7-Sholl-Tau-RFP-MAP2001-1.swc,pyramidal,2359,1.0000,1.0000
lmeasure_rf,neuromorpho__Fresh-D7-Sholl-Tau-RFP-MAP2001-2.swc,pyramidal,1550,1.0000,1.0000
lmeasure_rf,neuromorpho__Fresh-D7-Sholl-Tau-RFP-MAP2002_crop-1.swc,pyramidal,1515,1.0000,1.0000
lmeasure_rf,neuromorpho__Fresh-D7-Sholl-Tau-RFP-MAP2003_crop-3.swc,pyramidal,1642,1.0000,1.0000
lmeasure_rf,neuromorpho__Fresh-D7-Sholl-Tau-RFP-MAP2005_crop-2.swc,pyramidal,4251,1.0000,1.0000
lmeasure_rf,neuromorpho__Fresh-D7-Sholl-Tau-RFP-MAP2006_crop-4.swc,pyramidal,1858,1.0000,1.0000
lmeasure_rf,neuromorpho__Fresh-D7-Sholl-Tau-RFP-MAP2006_crop.swc,pyramidal,5980,1.0000,1.0000
lmeasure_rf,neuromorpho__Fresh-D7-Sholl-Tau-RFP-MAP2007_crop-5.swc,pyramidal,3045,1.0000,1.0000
lmeasure_rf,neuromorpho__Fresh-D7-Sholl-Tau-RFP-MAP2014_crop-6.swc,pyramidal,2493,1.0000,1.0000
lmeasure_rf,neuromorpho__Fresh-D7-Sholl-Tau-RFP-MAP2015_crop-3.swc,pyramidal,3144,1.0000,1.0000
lmeasure_rf,neuromorpho__Fresh-D7-Sholl-Tau-RFP-MAP2015_crop-6.swc,pyramidal,1316,1.0000,1.0000
lmeasure_rf,neuromorpho__Fresh-D7-Sholl-Tau-RFP-MAP2015_crop.swc,pyramidal,2781,1.0000,1.0000
lmeasure_rf,neuromorpho__Fresh-Sholl-2-D7-Tau-LA-Map2001_crop-1.swc,pyramidal,1568,1.0000,1.0000
lmeasure_rf,neuromorpho__Fresh-Sholl-2-D7-Tau-LA-Map2006_crop.swc,pyramidal,3045,1.0000,1.0000
lmeasure_rf,neuromorpho__Fresh-Sholl-2-D7-Tau-LA-Map2008_crop.swc,pyramidal,4040,1.0000,1.0000
lmeasure_rf,neuromorpho__Fresh-Sholl-2-D7-Tau-LA-Map2012_crop.swc,pyramidal,1969,1.0000,1.0000
lmeasure_rf,neuromorpho__Fresh-Sholl-2-D7-Tau-LA-Map2015_crop.swc,pyramidal,2627,1.0000,1.0000
lmeasure_rf,neuromorpho__g0445-7_cellA.swc,pyramidal,837,0.2043,0.2636
lmeasure_rf,neuromorpho__g0697P1.swc,pyramidal,3760,1.0000,1.0000
lmeasure_rf,neuromorpho__g0759_b2.swc,pyramidal,1630,0.9301,0.5775
lmeasure_rf,neuromorpho__G7-19.swc,pyramidal,253,0.5731,0.3636
lmeasure_rf,neuromorpho__Green_19weeks_Neuron6.swc,pyramidal,116,1.0000,1.0000
lmeasure_rf,neuromorpho__Green_1week_Neuron2.swc,pyramidal,31,1.0000,1.0000
lmeasure_rf,neuromorpho__Green_2w_Neuron7_add'l.swc,pyramidal,22,1.0000,1.0000
lmeasure_rf,neuromorpho__Green_2weeks_Neuron11add'l.swc,pyramidal,30,1.0000,1.0000
lmeasure_rf,neuromorpho__Green_2weeks_Neuron9add'l.swc,pyramidal,34,1.0000,1.0000
lmeasure_rf,neuromorpho__Green_4weeks_Neuron1.swc,pyramidal,137,1.0000,1.0000
lmeasure_rf,neuromorpho__Green_4weeks_Neuron11_addl.swc,pyramidal,24,1.0000,1.0000
lmeasure_rf,neuromorpho__Green_4weeks_Neuron14.swc,pyramidal,36,1.0000,1.0000
lmeasure_rf,neuromorpho__Green_4weeks_Neuron9.swc,pyramidal,48,1.0000,1.0000
lmeasure_rf,neuromorpho__Green_6weeks_Neuron2_addl.swc,pyramidal,73,1.0000,1.0000
lmeasure_rf,neuromorpho__Green_6Weeks_Neuron4.swc,pyramidal,47,1.0000,1.0000
lmeasure_rf,neuromorpho__Green_7-5weeks_Neuron3.swc,pyramidal,48,1.0000,1.0000
lmeasure_rf,neuromorpho__Green_7-5weeks_Neuron7.swc,pyramidal,94,1.0000,1.0000
lmeasure_rf,neuromorpho__Green_8weeks_Neuron9.swc,pyramidal,25,1.0000,1.0000
lmeasure_rf,neuromorpho__group1_cell11.swc,pyramidal,2908,1.0000,1.0000
lmeasure_rf,neuromorpho__group1_cell17.swc,pyramidal,2458,1.0000,1.0000
lmeasure_rf,neuromorpho__group1_cell22.swc,pyramidal,1937,1.0000,1.0000
lmeasure_rf,neuromorpho__group2_cell10.swc,pyramidal,1362,1.0000,1.0000
lmeasure_rf,neuromorpho__group2_cell6.swc,pyramidal,3853,1.0000,1.0000
lmeasure_rf,neuromorpho__Gunnersen_A12b3slice1LHS.swc,pyramidal,996,1.0000,1.0000
lmeasure_rf,neuromorpho__Gunnersen_A14b4slice4RHS.swc,pyramidal,273,1.0000,1.0000
lmeasure_rf,neuromorpho__Gunnersen_A15b4slice4LHS.swc,pyramidal,159,1.0000,1.0000
lmeasure_rf,neuromorpho__Gunnersen_A3b1slice5RHS.swc,pyramidal,1715,1.0000,1.0000
lmeasure_rf,neuromorpho__Gunnersen_B15b4slice1RHS.swc,pyramidal,632,1.0000,1.0000
lmeasure_rf,neuromorpho__Gunnersen_B15b4slice2RHS.swc,pyramidal,579,1.0000,1.0000
lmeasure_rf,neuromorpho__Gunnersen_B17b5slice3RHS.swc,pyramidal,946,1.0000,1.0000
lmeasure_rf,neuromorpho__Gunnersen_B3b1slice2LHS.swc,pyramidal,961,1.0000,1.0000
lmeasure_rf,neuromorpho__het_1-2_21.swc,pyramidal,127,1.0000,1.0000
lmeasure_rf,neuromorpho__het_1-3.swc,pyramidal,221,1.0000,1.0000
lmeasure_rf,neuromorpho__het_10-2.swc,pyramidal,324,1.0000,1.0000
lmeasure_rf,neuromorpho__het_13_37.swc,pyramidal,153,1.0000,1.0000
lmeasure_rf,neuromorpho__het_16_30.swc,pyramidal,71,1.0000,1.0000
lmeasure_rf,neuromorpho__het_1_51.swc,pyramidal,303,1.0000,1.0000
lmeasure_rf,neuromorpho__het_3-1.swc,pyramidal,206,1.0000,1.0000
lmeasure_rf,neuromorpho__het_3-2.swc,pyramidal,230,1.0000,1.0000
lmeasure_rf,neuromorpho__het_4-6.swc,pyramidal,585,1.0000,1.0000
lmeasure_rf,neuromorpho__het_6_43.swc,pyramidal,45,1.0000,1.0000
lmeasure_rf,neuromorpho__het_8-2.swc,pyramidal,213,1.0000,1.0000
lmeasure_rf,neuromorpho__het_8_38.swc,pyramidal,361,1.0000,1.0000
lmeasure_rf,neuromorpho__het_9-2.swc,pyramidal,285,1.0000,1.0000
lmeasure_rf,neuromorpho__HIP_CA1_KO_13.swc,pyramidal,706,1.0000,1.0000
lmeasure_rf,neuromorpho__HIP_CA1_KO_14.swc,pyramidal,656,1.0000,1.0000
lmeasure_rf,neuromorpho__HIP_CA1_KO_17.swc,pyramidal,1047,1.0000,1.0000
lmeasure_rf,neuromorpho__HIP_CA1_KO_19.swc,pyramidal,624,1.0000,1.0000
lmeasure_rf,neuromorpho__HIP_CA1_KO_20.swc,pyramidal,538,1.0000,1.0000
lmeasure_rf,neuromorpho__HIP_CA1_KO_4.swc,pyramidal,445,1.0000,1.0000
lmeasure_rf,neuromorpho__HIP_CA1_KO_7.swc,pyramidal,322,1.0000,1.0000
lmeasure_rf,neuromorpho__HIP_CA1_KO_8.swc,pyramidal,315,1.0000,1.0000
lmeasure_rf,neuromorpho__HIP_CA1_WT_1.swc,pyramidal,440,1.0000,1.0000
lmeasure_rf,neuromorpho__HIP_CA1_WT_12.swc,pyramidal,331,1.0000,1.0000
lmeasure_rf,neuromorpho__HIP_CA1_WT_3.swc,pyramidal,299,1.0000,1.0000
lmeasure_rf,neuromorpho__HIP_CA1_WT_8.swc,pyramidal,358,0.9777,0.9887
lmeasure_rf,neuromorpho__hippo-104-2.swc,pyramidal,104,1.0000,1.0000
lmeasure_rf,neuromorpho__hippo-104-6.swc,pyramidal,70,1.0000,1.0000
lmeasure_rf,neuromorpho__hippo-1150-7new.swc,pyramidal,78,1.0000,1.0000
lmeasure_rf,neuromorpho__hippo-1159-3new.swc,pyramidal,105,1.0000,1.0000
lmeasure_rf,neuromorpho__hippo-116-5.swc,pyramidal,71,1.0000,1.0000
lmeasure_rf,neuromorpho__hippo-117-1.swc,pyramidal,131,1.0000,1.0000
lmeasure_rf,neuromorpho__hippo-130-1.swc,pyramidal,102,1.0000,1.0000
lmeasure_rf,neuromorpho__hippo-130-3.swc,pyramidal,105,1.0000,1.0000
lmeasure_rf,neuromorpho__hippo-130-4.swc,pyramidal,85,1.0000,1.0000
lmeasure_rf,neuromorpho__hippo-130-5.swc,pyramidal,90,1.0000,1.0000
lmeasure_rf,neuromorpho__hippo-134-5.swc,pyramidal,82,1.0000,1.0000
lmeasure_rf,neuromorpho__hippo-156-3.swc,pyramidal,93,1.0000,1.0000
lmeasure_rf,neuromorpho__hippo-156-6.swc,pyramidal,94,1.0000,1.0000
lmeasure_rf,neuromorpho__hippo-157-3.swc,pyramidal,55,1.0000,1.0000
lmeasure_rf,neuromorpho__hippo-157-4.swc,pyramidal,55,1.0000,1.0000
lmeasure_rf,neuromorpho__hippo-158-2.swc,pyramidal,103,1.0000,1.0000
lmeasure_rf,neuromorpho__hippo-163-1.swc,pyramidal,97,1.0000,1.0000
lmeasure_rf,neuromorpho__hippo-168-3.swc,pyramidal,79,1.0000,1.0000
lmeasure_rf,neuromorpho__hippo-168-6.swc,pyramidal,85,1.0000,1.0000
lmeasure_rf,neuromorpho__hippo-171-1.swc,pyramidal,58,1.0000,1.0000
lmeasure_rf,neuromorpho__hippo-171-6.swc,pyramidal,58,1.0000,1.0000
lmeasure_rf,neuromorpho__hippo-172-1.swc,pyramidal,134,1.0000,1.0000
lmeasure_rf,neuromorpho__hippo-172-3.swc,pyramidal,111,1.0000,1.0000
lmeasure_rf,neuromorpho__hippo-195-3.swc,pyramidal,57,1.0000,1.0000
lmeasure_rf,neuromorpho__hippo-195-4.swc,pyramidal,79,1.0000,1.0000
lmeasure_rf,neuromorpho__hippo-195-5.swc,pyramidal,162,1.0000,1.0000
lmeasure_rf,neuromorpho__hippo-218-1.swc,pyramidal,37,1.0000,1.0000
lmeasure_rf,neuromorpho__hippo-218-3.swc,pyramidal,122,1.0000,1.0000
lmeasure_rf,neuromorpho__hippo-225-1.swc,pyramidal,60,1.0000,1.0000
lmeasure_rf,neuromorpho__hippo-225-5.swc,pyramidal,116,1.0000,1.0000
lmeasure_rf,neuromorpho__hippo-229-1.swc,pyramidal,47,1.0000,1.0000
lmeasure_rf,neuromorpho__hippo-420-4.swc,pyramidal,87,1.0000,1.0000
lmeasure_rf,neuromorpho__hippo-516-6.swc,pyramidal,129,1.0000,1.0000
lmeasure_rf,neuromorpho__hippo-519-4.swc,pyramidal,80,1.0000,1.0000
lmeasure_rf,neuromorpho__hippo-519-6.swc,pyramidal,130,1.0000,1.0000
lmeasure_rf,neuromorpho__hippo-519-8.swc,pyramidal,97,1.0000,1.0000
lmeasure_rf,neuromorpho__hippo-521-4.swc,pyramidal,117,1.0000,1.0000
lmeasure_rf,neuromorpho__hippo-531-7.swc,pyramidal,74,1.0000,1.0000
lmeasure_rf,neuromorpho__hippo-531-8.swc,pyramidal,83,1.0000,1.0000
lmeasure_rf,neuromorpho__hippo-537-6.swc,pyramidal,91,1.0000,1.0000
lmeasure_rf,neuromorpho__hippo-557-7.swc,pyramidal,114,1.0000,1.0000
lmeasure_rf,neuromorpho__hippo-560-3.swc,pyramidal,84,1.0000,1.0000
lmeasure_rf,neuromorpho__hippo-560-5.swc,pyramidal,117,1.0000,1.0000
lmeasure_rf,neuromorpho__hippo-570-2.swc,pyramidal,127,1.0000,1.0000
lmeasure_rf,neuromorpho__hippo-570-3.swc,pyramidal,56,1.0000,1.0000
lmeasure_rf,neuromorpho__hippo-570-6.swc,pyramidal,79,1.0000,1.0000
lmeasure_rf,neuromorpho__hippo-570-7.swc,pyramidal,93,1.0000,1.0000
lmeasure_rf,neuromorpho__hippo-858-3.swc,pyramidal,63,1.0000,1.0000
lmeasure_rf,neuromorpho__hippo-858-8.swc,pyramidal,91,1.0000,1.0000
lmeasure_rf,neuromorpho__hippo218-4.swc,pyramidal,76,1.0000,1.0000
lmeasure_rf,neuromorpho__hippo223-5.swc,pyramidal,86,1.0000,1.0000
lmeasure_rf,neuromorpho__hippo284-1.swc,pyramidal,220,1.0000,1.0000
lmeasure_rf,neuromorpho__hippo285-3.swc,pyramidal,89,1.0000,1.0000
lmeasure_rf,neuromorpho__hippo303-2.swc,pyramidal,109,1.0000,1.0000
lmeasure_rf,neuromorpho__hippo303-3.swc,pyramidal,81,1.0000,1.0000
lmeasure_rf,neuromorpho__hippo303-4.swc,pyramidal,115,1.0000,1.0000
lmeasure_rf,neuromorpho__hippo305-7.swc,pyramidal,87,1.0000,1.0000
lmeasure_rf,neuromorpho__hippo361-4.swc,pyramidal,103,1.0000,1.0000
lmeasure_rf,neuromorpho__hippo367-5.swc,pyramidal,115,1.0000,1.0000
lmeasure_rf,neuromorpho__hippo367-7.swc,pyramidal,127,1.0000,1.0000
lmeasure_rf,neuromorpho__hippo368-3.swc,pyramidal,70,1.0000,1.0000
lmeasure_rf,neuromorpho__hippo401-1.swc,pyramidal,72,1.0000,1.0000
lmeasure_rf,neuromorpho__hippo401-3.swc,pyramidal,94,1.0000,1.0000
lmeasure_rf,neuromorpho__hippo401-7.swc,pyramidal,117,1.0000,1.0000
lmeasure_rf,neuromorpho__hippo412-2.swc,pyramidal,98,1.0000,1.0000
lmeasure_rf,neuromorpho__hippo412-4.swc,pyramidal,165,1.0000,1.0000
lmeasure_rf,neuromorpho__I03192A.swc,pyramidal,2959,0.9557,0.6342
lmeasure_rf,neuromorpho__I0319_5B.swc,pyramidal,1587,0.8601,0.4564
lmeasure_rf,neuromorpho__I03471.swc,pyramidal,2645,0.9618,0.6044
lmeasure_rf,neuromorpho__I03485.swc,pyramidal,2436,1.0000,1.0000
lmeasure_rf,neuromorpho__I03539.swc,pyramidal,2326,0.9200,0.5801
lmeasure_rf,neuromorpho__I5-16.swc,pyramidal,298,0.7852,0.4396
lmeasure_rf,neuromorpho__I5-23.swc,pyramidal,288,1.0000,1.0000
lmeasure_rf,neuromorpho__I5-28.swc,pyramidal,371,0.7008,0.4118
lmeasure_rf,neuromorpho__IF1_190301.swc,pyramidal,6044,0.9394,0.5575
lmeasure_rf,neuromorpho__IF3_040400.swc,pyramidal,4893,0.9180,0.5704
lmeasure_rf,neuromorpho__IF4_140201.swc,pyramidal,4693,0.9472,0.6231
lmeasure_rf,neuromorpho__iPRCp_02.swc,pyramidal,7076,1.0000,1.0000
lmeasure_rf,neuromorpho__iPRCp_05.swc,pyramidal,10230,0.6253,0.6238
lmeasure_rf,neuromorpho__iPRCp_08.swc,pyramidal,7508,1.0000,1.0000
lmeasure_rf,neuromorpho__iPRCp_11.swc,pyramidal,10001,1.0000,1.0000
lmeasure_rf,neuromorpho__iPRCp_13.swc,pyramidal,8119,1.0000,1.0000
lmeasure_rf,neuromorpho__jerry-14.swc,pyramidal,250,1.0000,1.0000
lmeasure_rf,neuromorpho__Jul26-IR2-2F.swc,pyramidal,889,1.0000,1.0000
lmeasure_rf,neuromorpho__Jul26-IR2-2H.swc,pyramidal,1889,1.0000,1.0000
lmeasure_rf,neuromorpho__Jul26-IR3-3E.swc,pyramidal,7172,1.0000,1.0000
lmeasure_rf,neuromorpho__Jul26IR4e-40x-low-MM.swc,pyramidal,3666,1.0000,1.0000
lmeasure_rf,neuromorpho__Jun1IR2h.swc,pyramidal,1972,1.0000,1.0000
lmeasure_rf,neuromorpho__KO1-4-1-3.swc,pyramidal,421,0.6627,0.2655
lmeasure_rf,neuromorpho__KO1-Neuron2.swc,pyramidal,48,0.2083,0.1607
lmeasure_rf,neuromorpho__KO1-Neuron6.swc,pyramidal,25,0.3200,0.2258
lmeasure_rf,neuromorpho__KO2-neuron10.swc,pyramidal,106,0.7170,0.4167
lmeasure_rf,neuromorpho__KO2-neuron5_a.swc,pyramidal,107,0.0467,0.0242
lmeasure_rf,neuromorpho__ko20x-05.swc,pyramidal,83,0.6024,0.3740
lmeasure_rf,neuromorpho__ko20x-13.swc,pyramidal,71,0.5634,0.3578
lmeasure_rf,neuromorpho__ko20x-15.swc,pyramidal,173,1.0000,1.0000
lmeasure_rf,neuromorpho__ko20x-16.swc,pyramidal,117,1.0000,1.0000
lmeasure_rf,neuromorpho__KO4-5-1-6.swc,pyramidal,258,0.4031,0.5200
lmeasure_rf,neuromorpho__KO5-Neuron6.swc,pyramidal,45,1.0000,1.0000
lmeasure_rf,neuromorpho__KOA-2-13-5.swc,pyramidal,469,0.4051,0.1918
lmeasure_rf,neuromorpho__KOA-3-2-9.swc,pyramidal,399,0.6817,0.4051
lmeasure_rf,neuromorpho__Layer-2-3-Ethanol-18.swc,pyramidal,207,0.4251,0.2969
lmeasure_rf,neuromorpho__Layer-2-3-Ethanol-21.swc,pyramidal,459,1.0000,1.0000
lmeasure_rf,neuromorpho__Layer-2-3-Ethanol-22.swc,pyramidal,460,1.0000,1.0000
lmeasure_rf,neuromorpho__Layer-2-3-Ethanol-23.swc,pyramidal,183,1.0000,1.0000
lmeasure_rf,neuromorpho__Layer-2-3-Ethanol-7.swc,pyramidal,345,0.6319,0.3868
lmeasure_rf,neuromorpho__Layer-2-3-Sucrose-3.swc,pyramidal,202,0.4703,0.3186
lmeasure_rf,neuromorpho__Layer-5-Ethanol-20.swc,pyramidal,332,1.0000,1.0000
lmeasure_rf,neuromorpho__Layer-5-Ethanol-23.swc,pyramidal,332,1.0000,1.0000
lmeasure_rf,neuromorpho__Layer-5-Ethanol-3.swc,pyramidal,804,1.0000,1.0000
lmeasure_rf,neuromorpho__Layer-5-Ethanol-7.swc,pyramidal,1134,1.0000,1.0000
lmeasure_rf,neuromorpho__Layer-5-Ethanol-8.swc,pyramidal,872,1.0000,1.0000
lmeasure_rf,neuromorpho__Layer-5-Sucrose-8.swc,pyramidal,782,1.0000,1.0000
lmeasure_rf,neuromorpho__Layer-6-Ethanol-15.swc,pyramidal,223,1.0000,1.0000
lmeasure_rf,neuromorpho__Layer-6-Ethanol-16.swc,pyramidal,353,0.6912,0.4084
lmeasure_rf,neuromorpho__Layer-6-Ethanol-19.swc,pyramidal,187,1.0000,1.0000
lmeasure_rf,neuromorpho__Layer-6-Ethanol-20.swc,pyramidal,223,1.0000,1.0000
lmeasure_rf,neuromorpho__Layer-6-Ethanol-22.swc,pyramidal,204,1.0000,1.0000
lmeasure_rf,neuromorpho__Layer-6-Ethanol-5.swc,pyramidal,351,0.5983,0.3739
lmeasure_rf,neuromorpho__Layer-6-Sucrose-14.swc,pyramidal,153,0.6732,0.4016
lmeasure_rf,neuromorpho__Layer-6-Sucrose-2.swc,pyramidal,433,1.0000,1.0000
lmeasure_rf,neuromorpho__Layer-6-Sucrose-3.swc,pyramidal,703,1.0000,1.0000
lmeasure_rf,neuromorpho__Layer-6-Sucrose-8.swc,pyramidal,472,1.0000,1.0000
lmeasure_rf,neuromorpho__Layer-6-Sucrose-9.swc,pyramidal,600,1.0000,1.0000
lmeasure_rf,neuromorpho__LES6-MUT-1117-Neuron-1.swc,pyramidal,813,1.0000,1.0000
lmeasure_rf,neuromorpho__LES6-mut-1203-neuron-2.swc,pyramidal,365,0.5397,0.3500
lmeasure_rf,neuromorpho__LES6-WT-1204-neuron-1.swc,pyramidal,794,1.0000,1.0000
lmeasure_rf,neuromorpho__M1_13.swc,pyramidal,1874,1.0000,1.0000
lmeasure_rf,neuromorpho__M1_16.swc,pyramidal,2466,1.0000,1.0000
lmeasure_rf,neuromorpho__M1_21.swc,pyramidal,2396,1.0000,1.0000
lmeasure_rf,neuromorpho__M1_23.swc,pyramidal,1520,1.0000,1.0000
lmeasure_rf,neuromorpho__M1_32.swc,pyramidal,726,1.0000,1.0000
lmeasure_rf,neuromorpho__M1_34.swc,pyramidal,2597,1.0000,1.0000
lmeasure_rf,neuromorpho__M1_35.swc,pyramidal,2548,1.0000,1.0000
lmeasure_rf,neuromorpho__M1_36.swc,pyramidal,2539,1.0000,1.0000
lmeasure_rf,neuromorpho__M1_42.swc,pyramidal,2190,1.0000,1.0000
lmeasure_rf,neuromorpho__M1_43.swc,pyramidal,1477,1.0000,1.0000
lmeasure_rf,neuromorpho__M1_5.swc,pyramidal,3097,1.0000,1.0000
lmeasure_rf,neuromorpho__M1KO_10.swc,pyramidal,715,1.0000,1.0000
lmeasure_rf,neuromorpho__M1KO_13.swc,pyramidal,892,1.0000,1.0000
lmeasure_rf,neuromorpho__M1KO_19.swc,pyramidal,527,1.0000,1.0000
lmeasure_rf,neuromorpho__M1KO_25.swc,pyramidal,2625,1.0000,1.0000
lmeasure_rf,neuromorpho__M1KO_28.swc,pyramidal,3285,1.0000,1.0000
lmeasure_rf,neuromorpho__M1KO_3.swc,pyramidal,1089,1.0000,1.0000
lmeasure_rf,neuromorpho__M1KO_33.swc,pyramidal,2271,1.0000,1.0000
lmeasure_rf,neuromorpho__M1KO_39.swc,pyramidal,601,1.0000,1.0000
lmeasure_rf,neuromorpho__M1KO_41.swc,pyramidal,624,1.0000,1.0000
lmeasure_rf,neuromorpho__M1KO_45.swc,pyramidal,423,1.0000,1.0000
lmeasure_rf,neuromorpho__M1KO_46.swc,pyramidal,428,1.0000,1.0000
lmeasure_rf,neuromorpho__m1s2s2b-l-sup.swc,pyramidal,320,0.5250,0.3436
lmeasure_rf,neuromorpho__m1s2s7t-d-mid.swc,pyramidal,280,0.4500,0.3094
lmeasure_rf,neuromorpho__M2_14.swc,pyramidal,743,1.0000,1.0000
lmeasure_rf,neuromorpho__M2_15.swc,pyramidal,873,1.0000,1.0000
lmeasure_rf,neuromorpho__M2_19.swc,pyramidal,1399,1.0000,1.0000
lmeasure_rf,neuromorpho__M2_20.swc,pyramidal,716,1.0000,1.0000
lmeasure_rf,neuromorpho__M2_21.swc,pyramidal,1072,1.0000,1.0000
lmeasure_rf,neuromorpho__M2_22.swc,pyramidal,882,1.0000,1.0000
lmeasure_rf,neuromorpho__M2_23.swc,pyramidal,1166,1.0000,1.0000
lmeasure_rf,neuromorpho__M2_27.swc,pyramidal,955,1.0000,1.0000
lmeasure_rf,neuromorpho__M2_3.swc,pyramidal,1077,1.0000,1.0000
lmeasure_rf,neuromorpho__M2_34.swc,pyramidal,889,1.0000,1.0000
lmeasure_rf,neuromorpho__M2_36.swc,pyramidal,542,1.0000,1.0000
lmeasure_rf,neuromorpho__M2_37.swc,pyramidal,1281,1.0000,1.0000
lmeasure_rf,neuromorpho__M2_38.swc,pyramidal,659,1.0000,1.0000
lmeasure_rf,neuromorpho__M2_40.swc,pyramidal,716,1.0000,1.0000
lmeasure_rf,neuromorpho__M2_45.swc,pyramidal,866,1.0000,1.0000
lmeasure_rf,neuromorpho__M2_46.swc,pyramidal,644,1.0000,1.0000
lmeasure_rf,neuromorpho__M2_47.swc,pyramidal,789,1.0000,1.0000
lmeasure_rf,neuromorpho__M2_55.swc,pyramidal,1343,1.0000,1.0000
lmeasure_rf,neuromorpho__M2_58.swc,pyramidal,992,1.0000,1.0000
lmeasure_rf,neuromorpho__M2_6.swc,pyramidal,1064,1.0000,1.0000
lmeasure_rf,neuromorpho__M2KO_1.swc,pyramidal,880,1.0000,1.0000
lmeasure_rf,neuromorpho__M2KO_11.swc,pyramidal,1095,1.0000,1.0000
lmeasure_rf,neuromorpho__M2KO_13.swc,pyramidal,736,1.0000,1.0000
lmeasure_rf,neuromorpho__M2KO_27.swc,pyramidal,636,1.0000,1.0000
lmeasure_rf,neuromorpho__M2KO_8.swc,pyramidal,932,1.0000,1.0000
lmeasure_rf,neuromorpho__Mouse-CA2-Mb-Pyramidal-Cell.swc,pyramidal,1486,1.0000,1.0000
lmeasure_rf,neuromorpho__Mouse-CA2-Mc-Pyramidal-Cell-1.swc,pyramidal,1363,1.0000,1.0000
lmeasure_rf,neuromorpho__Mouse_CA2_B_Cell.swc,pyramidal,6055,1.0000,1.0000
lmeasure_rf,neuromorpho__Mouse_CA2_Ma_Cell.swc,pyramidal,3718,1.0000,1.0000
lmeasure_rf,neuromorpho__Mouse_CA2_Ma_Cell_1.swc,pyramidal,3251,1.0000,1.0000
lmeasure_rf,neuromorpho__Mouse_CA2_Ma_Cell_2.swc,pyramidal,6385,1.0000,1.0000
lmeasure_rf,neuromorpho__Mouse_CA2_Ma_Cell_5.swc,pyramidal,5333,1.0000,1.0000
lmeasure_rf,neuromorpho__Mouse_CA2_Ma_Cell_6.swc,pyramidal,6587,0.8280,0.4529
lmeasure_rf,neuromorpho__Mouse_CA2_Ma_Cell_7.swc,pyramidal,8053,0.6568,0.4115
lmeasure_rf,neuromorpho__Mouse_CA2_Ma_Cell_8.swc,pyramidal,5769,1.0000,1.0000
lmeasure_rf,neuromorpho__Mouse_CA2_Ma_Cell_9_Mc_Cell_4-2.swc,pyramidal,3232,1.0000,1.0000
lmeasure_rf,neuromorpho__Mouse_CA2_Mb_Cell.swc,pyramidal,2961,1.0000,1.0000
lmeasure_rf,neuromorpho__Mouse_CA2_Mb_Cell_9.swc,pyramidal,5205,1.0000,1.0000
lmeasure_rf,neuromorpho__mPFC_w1_L5_01.swc,pyramidal,3065,0.9892,0.6620
lmeasure_rf,neuromorpho__mPFC_w1_L5_04.swc,pyramidal,1761,0.8001,0.5641
lmeasure_rf,neuromorpho__mPFC_w1_L5_05.swc,pyramidal,935,1.0000,1.0000
lmeasure_rf,neuromorpho__mPFC_w1_L5_08.swc,pyramidal,976,1.0000,1.0000
lmeasure_rf,neuromorpho__mPFC_w2_L3_02.swc,pyramidal,1639,0.6650,0.3993
lmeasure_rf,neuromorpho__mPFC_w2_L3_06.swc,pyramidal,1124,1.0000,1.0000
lmeasure_rf,neuromorpho__mPFC_w2_L5_01.swc,pyramidal,3202,0.9834,0.6605
lmeasure_rf,neuromorpho__mPFC_w2_L5_03.swc,pyramidal,2934,1.0000,1.0000
lmeasure_rf,neuromorpho__mPFC_w2_L5_08.swc,pyramidal,1829,1.0000,1.0000
lmeasure_rf,neuromorpho__mPFC_w4_L3_01.swc,pyramidal,1395,0.9484,0.6511
lmeasure_rf,neuromorpho__mPFC_w4_L3_05.swc,pyramidal,1500,1.0000,1.0000
lmeasure_rf,neuromorpho__mPFC_w4_L5_04.swc,pyramidal,3439,0.9942,0.6641
lmeasure_rf,neuromorpho__mPFC_w4_L5_09.swc,pyramidal,1938,1.0000,1.0000
lmeasure_rf,neuromorpho__ms92_slice6_cell4.swc,pyramidal,4112,1.0000,1.0000
lmeasure_rf,neuromorpho__N001.swc,pyramidal,2311,1.0000,1.0000
lmeasure_rf,neuromorpho__N011.swc,pyramidal,3142,1.0000,1.0000
lmeasure_rf,neuromorpho__N018.swc,pyramidal,2262,1.0000,1.0000
lmeasure_rf,neuromorpho__N019.swc,pyramidal,726,0.7135,0.5269
lmeasure_rf,neuromorpho__N020.swc,pyramidal,5460,1.0000,1.0000
lmeasure_rf,neuromorpho__N023.swc,pyramidal,7346,1.0000,1.0000
lmeasure_rf,neuromorpho__N027.swc,pyramidal,1579,1.0000,1.0000
lmeasure_rf,neuromorpho__N030.swc,pyramidal,477,0.8428,0.6164
lmeasure_rf,neuromorpho__N040.swc,pyramidal,2500,1.0000,1.0000
lmeasure_rf,neuromorpho__N042.swc,pyramidal,1663,1.0000,1.0000
lmeasure_rf,neuromorpho__N046.swc,pyramidal,2246,1.0000,1.0000
lmeasure_rf,neuromorpho__N049.swc,pyramidal,4506,1.0000,1.0000
lmeasure_rf,neuromorpho__N053.swc,pyramidal,5082,1.0000,1.0000
lmeasure_rf,neuromorpho__N056.swc,pyramidal,1775,0.9076,0.6332
lmeasure_rf,neuromorpho__N063.swc,pyramidal,3307,1.0000,1.0000
lmeasure_rf,neuromorpho__N069.swc,pyramidal,1410,1.0000,1.0000
lmeasure_rf,neuromorpho__N084.swc,pyramidal,3064,0.8283,0.5374
lmeasure_rf,neuromorpho__N089.swc,pyramidal,2570,0.8887,0.8649
lmeasure_rf,neuromorpho__N092.swc,pyramidal,1291,1.0000,1.0000
lmeasure_rf,neuromorpho__N097.swc,pyramidal,6769,1.0000,1.0000
lmeasure_rf,neuromorpho__N098.swc,pyramidal,5646,1.0000,1.0000
lmeasure_rf,neuromorpho__N101.swc,pyramidal,3540,0.9226,0.5824
lmeasure_rf,neuromorpho__N105.swc,pyramidal,2138,1.0000,1.0000
lmeasure_rf,neuromorpho__N107.swc,pyramidal,2735,1.0000,1.0000
lmeasure_rf,neuromorpho__n120.swc,pyramidal,2619,1.0000,1.0000
lmeasure_rf,neuromorpho__n128.swc,pyramidal,3906,1.0000,1.0000
lmeasure_rf,neuromorpho__n129.swc,pyramidal,2063,0.9627,0.9567
lmeasure_rf,neuromorpho__n175.swc,pyramidal,3257,0.9840,0.9839
lmeasure_rf,neuromorpho__n178.swc,pyramidal,4516,1.0000,1.0000
lmeasure_rf,neuromorpho__n179.swc,pyramidal,11861,0.2249,0.4417
lmeasure_rf,neuromorpho__n18fts.swc,pyramidal,1372,1.0000,1.0000
lmeasure_rf,neuromorpho__n20fts.swc,pyramidal,2455,1.0000,1.0000
lmeasure_rf,neuromorpho__n22fts.swc,pyramidal,1270,1.0000,1.0000
lmeasure_rf,neuromorpho__n23fts.swc,pyramidal,2814,1.0000,1.0000
lmeasure_rf,neuromorpho__n29fts.swc,pyramidal,1848,1.0000,1.0000
lmeasure_rf,neuromorpho__n2fts.swc,pyramidal,658,1.0000,1.0000
lmeasure_rf,neuromorpho__n3fts.swc,pyramidal,1290,1.0000,1.0000
lmeasure_rf,neuromorpho__n422.swc,pyramidal,5605,0.4566,0.5000
lmeasure_rf,neuromorpho__n423.swc,pyramidal,2143,1.0000,1.0000
lmeasure_rf,neuromorpho__Neuron-2-E-and-I-synapses.swc,pyramidal,37032,1.0000,1.0000
lmeasure_rf,neuromorpho__Neuron-3_2_2.swc,pyramidal,1575,1.0000,1.0000
lmeasure_rf,neuromorpho__neuron-4_1.swc,pyramidal,1961,1.0000,1.0000
lmeasure_rf,neuromorpho__Neuron-7-E-and-I-synapses.swc,pyramidal,35727,1.0000,1.0000
lmeasure_rf,neuromorpho__Nov-9-IR-1-4d-40x-low-res.swc,pyramidal,1881,1.0000,1.0000
lmeasure_rf,neuromorpho__Nov4IR1e.swc,pyramidal,2386,1.0000,1.0000
lmeasure_rf,neuromorpho__Oct28IR1b-40x-NL.swc,pyramidal,5169,0.6785,0.4042
lmeasure_rf,neuromorpho__Oct9-IR2-5s-40x-MM.swc,pyramidal,5090,1.0000,1.0000
lmeasure_rf,neuromorpho__Oct9-IR3-4fo.swc,pyramidal,1523,1.0000,1.0000
lmeasure_rf,neuromorpho__Oct9-IR3-4H.swc,pyramidal,2831,1.0000,1.0000
lmeasure_rf,neuromorpho__Oi27rpy1-1.swc,pyramidal,62146,1.0000,1.0000
lmeasure_rf,neuromorpho__oi53rpy1-1.swc,pyramidal,8185,0.9323,0.6195
lmeasure_rf,neuromorpho__oi57lpy6-1.swc,pyramidal,7613,0.9563,0.6254
lmeasure_rf,neuromorpho__oi57rpy1-1.swc,pyramidal,14238,0.9704,0.6152
lmeasure_rf,neuromorpho__omega-16.swc,pyramidal,210,1.0000,1.0000
lmeasure_rf,neuromorpho__omega-19.swc,pyramidal,317,1.0000,1.0000
lmeasure_rf,neuromorpho__PRL_10.swc,pyramidal,787,1.0000,1.0000
lmeasure_rf,neuromorpho__PRL_17.swc,pyramidal,301,1.0000,1.0000
lmeasure_rf,neuromorpho__PRL_2.swc,pyramidal,527,1.0000,1.0000
lmeasure_rf,neuromorpho__PRL_21.swc,pyramidal,500,1.0000,1.0000
lmeasure_rf,neuromorpho__PRL_22.swc,pyramidal,498,1.0000,1.0000
lmeasure_rf,neuromorpho__PRL_32.swc,pyramidal,362,1.0000,1.0000
lmeasure_rf,neuromorpho__PRL_37.swc,pyramidal,845,1.0000,1.0000
lmeasure_rf,neuromorpho__PRL_39.swc,pyramidal,477,1.0000,1.0000
lmeasure_rf,neuromorpho__PRL_4.swc,pyramidal,378,1.0000,1.0000
lmeasure_rf,neuromorpho__PRL_45.swc,pyramidal,760,1.0000,1.0000
lmeasure_rf,neuromorpho__PRL_49.swc,pyramidal,271,1.0000,1.0000
lmeasure_rf,neuromorpho__PRL_6.swc,pyramidal,652,1.0000,1.0000
lmeasure_rf,neuromorpho__PRL_8.swc,pyramidal,517,1.0000,1.0000
lmeasure_rf,neuromorpho__PRLKO_10.swc,pyramidal,686,1.0000,1.0000
lmeasure_rf,neuromorpho__PRLKO_12.swc,pyramidal,635,1.0000,1.0000
lmeasure_rf,neuromorpho__PRLKO_22.swc,pyramidal,905,1.0000,1.0000
lmeasure_rf,neuromorpho__PRLKO_29.swc,pyramidal,710,1.0000,1.0000
lmeasure_rf,neuromorpho__PRLKO_3.swc,pyramidal,297,1.0000,1.0000
lmeasure_rf,neuromorpho__PRLKO_8.swc,pyramidal,394,1.0000,1.0000
lmeasure_rf,neuromorpho__PVCre_cell4.swc,pyramidal,1231,0.7677,0.8382
lmeasure_rf,neuromorpho__Red_19weeks_Neuron5.swc,pyramidal,61,1.0000,1.0000
lmeasure_rf,neuromorpho__Red_19weeks_Neuron6.swc,pyramidal,49,1.0000,1.0000
lmeasure_rf,neuromorpho__Red_1week_Neuron3_addl.swc,pyramidal,29,1.0000,1.0000
lmeasure_rf,neuromorpho__Red_2weeks__Neuron3.swc,pyramidal,47,1.0000,1.0000
lmeasure_rf,neuromorpho__Red_2weeks_Neuron5.swc,pyramidal,63,1.0000,1.0000
lmeasure_rf,neuromorpho__Red_4weeks_Neuron12_addl.swc,pyramidal,79,1.0000,1.0000
lmeasure_rf,neuromorpho__Red_6weeks_Neuron1_addl.swc,pyramidal,32,1.0000,1.0000
lmeasure_rf,neuromorpho__Red_7-5w_Neuron6.swc,pyramidal,27,1.0000,1.0000
lmeasure_rf,neuromorpho__Red_7-5week_Neuron5.swc,pyramidal,68,1.0000,1.0000
lmeasure_rf,neuromorpho__Red_7-5weeks_Neuron2.swc,pyramidal,16,1.0000,1.0000
lmeasure_rf,neuromorpho__Red_8weeks_Neuron6.swc,pyramidal,28,1.0000,1.0000
lmeasure_rf,neuromorpho__S1_21.swc,pyramidal,291,1.0000,1.0000
lmeasure_rf,neuromorpho__S1_23.swc,pyramidal,720,1.0000,1.0000
lmeasure_rf,neuromorpho__S1_29.swc,pyramidal,749,1.0000,1.0000
lmeasure_rf,neuromorpho__S1_32.swc,pyramidal,419,1.0000,1.0000
lmeasure_rf,neuromorpho__S1_36.swc,pyramidal,449,1.0000,1.0000
lmeasure_rf,neuromorpho__S1_39.swc,pyramidal,363,1.0000,1.0000
lmeasure_rf,neuromorpho__S1_46.swc,pyramidal,602,1.0000,1.0000
lmeasure_rf,neuromorpho__S1_6.swc,pyramidal,589,1.0000,1.0000
lmeasure_rf,neuromorpho__S1KO_10.swc,pyramidal,1067,1.0000,1.0000
lmeasure_rf,neuromorpho__S1KO_11.swc,pyramidal,742,1.0000,1.0000
lmeasure_rf,neuromorpho__S1KO_15.swc,pyramidal,677,1.0000,1.0000
lmeasure_rf,neuromorpho__S1KO_22.swc,pyramidal,1181,1.0000,1.0000
lmeasure_rf,neuromorpho__S1KO_24.swc,pyramidal,545,1.0000,1.0000
lmeasure_rf,neuromorpho__S1KO_3.swc,pyramidal,516,1.0000,1.0000
lmeasure_rf,neuromorpho__S1KO_34.swc,pyramidal,960,1.0000,1.0000
lmeasure_rf,neuromorpho__S1KO_38.swc,pyramidal,817,1.0000,1.0000
lmeasure_rf,neuromorpho__S1KO_4.swc,pyramidal,699,1.0000,1.0000
lmeasure_rf,neuromorpho__S1KO_45.swc,pyramidal,978,1.0000,1.0000
lmeasure_rf,neuromorpho__S1KO_7.swc,pyramidal,1108,1.0000,1.0000
lmeasure_rf,neuromorpho__S2999_RS-x1-25.swc,pyramidal,5201,1.0000,1.0000
lmeasure_rf,neuromorpho__S2_10.swc,pyramidal,1932,1.0000,1.0000
lmeasure_rf,neuromorpho__S2_13.swc,pyramidal,1953,1.0000,1.0000
lmeasure_rf,neuromorpho__S2_15.swc,pyramidal,1760,1.0000,1.0000
lmeasure_rf,neuromorpho__S2_19.swc,pyramidal,2793,1.0000,1.0000
lmeasure_rf,neuromorpho__S2_7.swc,pyramidal,1655,1.0000,1.0000
lmeasure_rf,neuromorpho__S2KO_11.swc,pyramidal,461,1.0000,1.0000
lmeasure_rf,neuromorpho__S2KO_12.swc,pyramidal,1075,1.0000,1.0000
lmeasure_rf,neuromorpho__S2KO_15.swc,pyramidal,530,1.0000,1.0000
lmeasure_rf,neuromorpho__S2KO_32.swc,pyramidal,1700,1.0000,1.0000
lmeasure_rf,neuromorpho__S2KO_34.swc,pyramidal,1684,1.0000,1.0000
lmeasure_rf,neuromorpho__Saline02_Neuron1_CA1_PN_C_Slide3_R2_C4.swc,pyramidal,612,1.0000,1.0000
lmeasure_rf,neuromorpho__Saline02_Neuron2_CA1_PN_C_Slide3_R2_C1.swc,pyramidal,459,1.0000,1.0000
lmeasure_rf,neuromorpho__Saline03_Neuron1_CA1_PN_F_Slide3_R2_C4.swc,pyramidal,658,1.0000,1.0000
lmeasure_rf,neuromorpho__Saline03_Neuron3_CA1_PN_F_Slide4_R2_C1_40x.swc,pyramidal,621,1.0000,1.0000
lmeasure_rf,neuromorpho__SDGA1_slide2_neuron1.swc,pyramidal,1244,0.4606,0.2101
lmeasure_rf,neuromorpho__SDGA1_slide2_neuron4.swc,pyramidal,2516,0.9948,0.6645
lmeasure_rf,neuromorpho__SDGA2_slide2_neuron3.swc,pyramidal,1615,1.0000,1.0000
lmeasure_rf,neuromorpho__SDGA2_slide3_neuron1.swc,pyramidal,1627,1.0000,1.0000
lmeasure_rf,neuromorpho__SDGA4_slide2_neuron2.swc,pyramidal,1214,0.9662,0.6427
lmeasure_rf,neuromorpho__Sept12-IR3e-40x-low-AG-AT-MM.swc,pyramidal,4958,1.0000,1.0000
lmeasure_rf,neuromorpho__sigma-5.swc,pyramidal,114,1.0000,1.0000
lmeasure_rf,neuromorpho__sigma-6.swc,pyramidal,123,1.0000,1.0000
lmeasure_rf,neuromorpho__sigma.swc,pyramidal,143,1.0000,1.0000
lmeasure_rf,neuromorpho__SstCre_cell7.swc,pyramidal,1315,0.7019,0.5448
lmeasure_rf,neuromorpho__Stroke-Dec-7-IR-2-2c.swc,pyramidal,1034,1.0000,1.0000
lmeasure_rf,neuromorpho__Stroke-Feb23-IR-3h-40x-low-res_zcorrections.swc,pyramidal,5129,1.0000,1.0000
lmeasure_rf,neuromorpho__Strokefeb23IR1-3L40xlowres.swc,pyramidal,8480,1.0000,1.0000
lmeasure_rf,neuromorpho__SW150113-01RabiesPHALPFC_x772_y876_z296_14.swc,pyramidal,311,1.0000,1.0000
lmeasure_rf,neuromorpho__SW150113-01RabiesPHALPFC_x772_y876_z296_15.swc,pyramidal,676,0.9882,0.9940
lmeasure_rf,neuromorpho__SW150113-01RabiesPHALPFC_x772_y876_z296_4.swc,pyramidal,1044,0.3228,0.4873
lmeasure_rf,neuromorpho__SW150113-01RabiesPHALPFC_x772_y876_z296_7.swc,pyramidal,1274,0.7245,0.8401
lmeasure_rf,neuromorpho__SW150113-01RabiesPHALPFC_x772_y876_z296_8.swc,pyramidal,390,0.9821,0.9909
lmeasure_rf,neuromorpho__T22_NeuronB_Tile_Trace_MK.swc,pyramidal,2894,1.0000,1.0000
lmeasure_rf,neuromorpho__T61_NeuronA_40X_Trace_CH.swc,pyramidal,695,1.0000,1.0000
lmeasure_rf,neuromorpho__T66_NeuronA_Tile_Trace_MK.swc,pyramidal,2479,1.0000,1.0000
lmeasure_rf,neuromorpho__T72_60X_NeuronC_Tile_Trace_RK.swc,pyramidal,2937,0.0964,0.0876
lmeasure_rf,neuromorpho__T72_NeuronB_Trace_MK.swc,pyramidal,970,0.5340,0.3479
lmeasure_rf,neuromorpho__T80_NeuronC_40X_Tile_Trace_MB2.swc,pyramidal,686,0.4869,0.3271
lmeasure_rf,neuromorpho__T84_NeuronC_Tile_Trace_MB.swc,pyramidal,391,0.5294,0.3456
lmeasure_rf,neuromorpho__T91_40X_NeuronB_Tile_Trace_MK.swc,pyramidal,3785,1.0000,1.0000
lmeasure_rf,neuromorpho__TO34_LIII_mPFC_rat.swc,pyramidal,7323,0.9354,0.6495
lmeasure_rf,neuromorpho__tom-10.swc,pyramidal,152,1.0000,1.0000
lmeasure_rf,neuromorpho__tom-11.swc,pyramidal,120,1.0000,1.0000
lmeasure_rf,neuromorpho__tom-3.swc,pyramidal,160,1.0000,1.0000
lmeasure_rf,neuromorpho__tom-8.swc,pyramidal,210,1.0000,1.0000
lmeasure_rf,neuromorpho__traced-WT-Female-cortex-122-7.swc,pyramidal,69,1.0000,1.0000
lmeasure_rf,neuromorpho__traced-WT-Female-cortex-146-1c.swc,pyramidal,70,1.0000,1.0000
lmeasure_rf,neuromorpho__traced-WT-Female-cortex-181-3.swc,pyramidal,50,1.0000,1.0000
lmeasure_rf,neuromorpho__traced-WT-male-cortex-124-4c.swc,pyramidal,102,1.0000,1.0000
lmeasure_rf,neuromorpho__traced-WT-male-cortex-124-6.swc,pyramidal,92,1.0000,1.0000
lmeasure_rf,neuromorpho__traced-WT-male-cortex-147-10.swc,pyramidal,66,1.0000,1.0000
lmeasure_rf,neuromorpho__traced-WT-male-cortex-147-4.swc,pyramidal,46,1.0000,1.0000
lmeasure_rf,neuromorpho__traced-WT-male-cortex-147-8a.swc,pyramidal,79,1.0000,1.0000
lmeasure_rf,neuromorpho__traced-WT-male-cortex-147-8b.swc,pyramidal,45,1.0000,1.0000
lmeasure_rf,neuromorpho__traced-WT-male-cortex-153-7.swc,pyramidal,74,1.0000,1.0000
lmeasure_rf,neuromorpho__V1_10.swc,pyramidal,1006,1.0000,1.0000
lmeasure_rf,neuromorpho__V1_11.swc,pyramidal,1675,1.0000,1.0000
lmeasure_rf,neuromorpho__V1_14.swc,pyramidal,401,1.0000,1.0000
lmeasure_rf,neuromorpho__V1_23.swc,pyramidal,2240,1.0000,1.0000
lmeasure_rf,neuromorpho__V1_24.swc,pyramidal,1359,1.0000,1.0000
lmeasure_rf,neuromorpho__V1_5.swc,pyramidal,2322,1.0000,1.0000
lmeasure_rf,neuromorpho__V1KO_10.swc,pyramidal,655,1.0000,1.0000
lmeasure_rf,neuromorpho__V1KO_16.swc,pyramidal,1811,1.0000,1.0000
lmeasure_rf,neuromorpho__V1KO_18.swc,pyramidal,1009,1.0000,1.0000
lmeasure_rf,neuromorpho__V1KO_23.swc,pyramidal,1477,1.0000,1.0000
lmeasure_rf,neuromorpho__V1KO_25.swc,pyramidal,1070,1.0000,1.0000
lmeasure_rf,neuromorpho__V1KO_26.swc,pyramidal,1149,1.0000,1.0000
lmeasure_rf,neuromorpho__V2_14.swc,pyramidal,621,1.0000,1.0000
lmeasure_rf,neuromorpho__V2_18.swc,pyramidal,465,1.0000,1.0000
lmeasure_rf,neuromorpho__V2_2.swc,pyramidal,543,1.0000,1.0000
lmeasure_rf,neuromorpho__V2_20.swc,pyramidal,862,1.0000,1.0000
lmeasure_rf,neuromorpho__V2_21.swc,pyramidal,613,1.0000,1.0000
lmeasure_rf,neuromorpho__V2_27.swc,pyramidal,715,1.0000,1.0000
lmeasure_rf,neuromorpho__V2_30.swc,pyramidal,424,1.0000,1.0000
lmeasure_rf,neuromorpho__V2_31.swc,pyramidal,702,1.0000,1.0000
lmeasure_rf,neuromorpho__V2_32.swc,pyramidal,721,1.0000,1.0000
lmeasure_rf,neuromorpho__V2_49.swc,pyramidal,921,1.0000,1.0000
lmeasure_rf,neuromorpho__V2KO_1.swc,pyramidal,829,1.0000,1.0000
lmeasure_rf,neuromorpho__V2KO_11.swc,pyramidal,775,1.0000,1.0000
lmeasure_rf,neuromorpho__V2KO_12.swc,pyramidal,780,1.0000,1.0000
lmeasure_rf,neuromorpho__V2KO_27.swc,pyramidal,785,1.0000,1.0000
lmeasure_rf,neuromorpho__V2KO_33.swc,pyramidal,725,1.0000,1.0000
lmeasure_rf,neuromorpho__V2KO_8.swc,pyramidal,1027,1.0000,1.0000
lmeasure_rf,neuromorpho__Vert-01.swc,pyramidal,482,0.8216,0.6296
lmeasure_rf,neuromorpho__Vert-03.swc,pyramidal,405,0.8272,0.6304
lmeasure_rf,neuromorpho__WT-set1-009.swc,pyramidal,1314,1.0000,1.0000
lmeasure_rf,neuromorpho__WT-set2-003.swc,pyramidal,1615,1.0000,1.0000
lmeasure_rf,neuromorpho__WT-set3-004.swc,pyramidal,1200,1.0000,1.0000
lmeasure_rf,neuromorpho__WT-set3-006.swc,pyramidal,991,1.0000,1.0000
lmeasure_rf,neuromorpho__WT-set3-007.swc,pyramidal,1085,1.0000,1.0000
lmeasure_rf,neuromorpho__WT2-N11-2_final.swc,pyramidal,1045,1.0000,1.0000
lmeasure_rf,neuromorpho__WT2-N3-2_final.swc,pyramidal,1884,1.0000,1.0000
lmeasure_rf,neuromorpho__WT2-N4-1_final.swc,pyramidal,800,1.0000,1.0000
lmeasure_rf,neuromorpho__WT2-N5-1_final.swc,pyramidal,799,1.0000,1.0000
lmeasure_rf,neuromorpho__WT2-Neuron-10.swc,pyramidal,64,0.0156,0.0000
lmeasure_rf,neuromorpho__WT2-Neuron-3.swc,pyramidal,14,0.0714,0.0000
lmeasure_rf,neuromorpho__WT2-Neuron1_e.swc,pyramidal,14,1.0000,1.0000
lmeasure_rf,neuromorpho__wt20x-03.swc,pyramidal,201,1.0000,1.0000
lmeasure_rf,neuromorpho__wt20x-04.swc,pyramidal,148,1.0000,1.0000
lmeasure_rf,neuromorpho__wt20x-06.swc,pyramidal,329,1.0000,1.0000
lmeasure_rf,neuromorpho__wt20x-16.swc,pyramidal,253,1.0000,1.0000
lmeasure_rf,neuromorpho__wt20x-19.swc,pyramidal,124,1.0000,1.0000
lmeasure_rf,neuromorpho__WT3-n3-6_final.swc,pyramidal,1263,1.0000,1.0000
lmeasure_rf,neuromorpho__WT3-n7-5_final.swc,pyramidal,1062,1.0000,1.0000
lmeasure_rf,neuromorpho__WT3-n8-2_1.swc,pyramidal,988,1.0000,1.0000
lmeasure_rf,neuromorpho__WT3-neuron2.swc,pyramidal,136,0.4412,0.3041
lmeasure_rf,neuromorpho__WT3-neuron8.swc,pyramidal,164,0.1829,0.1510
lmeasure_rf,neuromorpho__WT343PFCL320XNeuron9.swc,pyramidal,1013,1.0000,1.0000
lmeasure_rf,neuromorpho__WT4-7-1---2_final.swc,pyramidal,992,1.0000,1.0000
lmeasure_rf,neuromorpho__WT4-n1-2_final.swc,pyramidal,1290,1.0000,1.0000
lmeasure_rf,neuromorpho__WT4-N1-4_final.swc,pyramidal,1178,1.0000,1.0000
lmeasure_rf,neuromorpho__WT4-n11-3_final.swc,pyramidal,846,1.0000,1.0000
lmeasure_rf,neuromorpho__WT4-n12-4_final.swc,pyramidal,848,1.0000,1.0000
lmeasure_rf,neuromorpho__WT4-N3-4_final.swc,pyramidal,1498,1.0000,1.0000
lmeasure_rf,neuromorpho__WT4-N4-3_final.swc,pyramidal,1432,1.0000,1.0000
lmeasure_rf,neuromorpho__WT_13.swc,pyramidal,2148,1.0000,1.0000
lmeasure_rf,neuromorpho__WT_1_3.swc,pyramidal,2940,0.1177,0.1182
lmeasure_rf,neuromorpho__WT_1_4.swc,pyramidal,2623,0.9211,0.6431
lmeasure_rf,neuromorpho__WT_1_5.swc,pyramidal,2710,0.9764,0.6573
lmeasure_rf,neuromorpho__WT_2.swc,pyramidal,2246,1.0000,1.0000
lmeasure_rf,neuromorpho__WT_2_2.swc,pyramidal,2805,0.9861,0.6616
lmeasure_rf,neuromorpho__WT_3_3.swc,pyramidal,2013,1.0000,1.0000
lmeasure_rf,neuromorpho__WT_8.swc,pyramidal,1568,1.0000,1.0000
lmeasure_rf,neuromorpho__X043_S2_Z2_C01.swc,pyramidal,709,1.0000,1.0000
lmeasure_rf,neuromorpho__X043_S2_Z4_C01_20x.swc,pyramidal,394,0.3807,0.2749
lmeasure_rf,neuromorpho__X043_S2_Z4_C03_20x.swc,pyramidal,685,1.0000,1.0000
lmeasure_rf,neuromorpho__X043_S2_Z5_C01.swc,pyramidal,521,1.0000,1.0000
lmeasure_rf,neuromorpho__X043_S3_Z4_C03.swc,pyramidal,746,1.0000,1.0000
lmeasure_rf,neuromorpho__X043_S4_Z1_C01.swc,pyramidal,526,1.0000,1.0000
lmeasure_rf,neuromorpho__X043_S4_Z2_C03.swc,pyramidal,674,1.0000,1.0000
lmeasure_rf,neuromorpho__X043_S4_Z5_C02.swc,pyramidal,460,0.2478,0.1976
lmeasure_rf,neuromorpho__X043_S5_Z1_C01.swc,pyramidal,484,1.0000,1.0000
lmeasure_rf,neuromorpho__X043_S5_Z1_C02_20x.swc,pyramidal,397,1.0000,1.0000
lmeasure_rf,neuromorpho__X043_S5_Z2_C01_20x.swc,pyramidal,651,1.0000,1.0000
lmeasure_rf,neuromorpho__X043_S7_Z2_C01.swc,pyramidal,813,0.7786,0.7742
lmeasure_rf,neuromorpho__X043_S7_Z4_C01.swc,pyramidal,631,1.0000,1.0000
lmeasure_rf,neuromorpho__X046_S1_Z2_C04.swc,pyramidal,562,0.6940,0.4095
lmeasure_rf,neuromorpho__X046_S1_Z2_C05.swc,pyramidal,660,0.2409,0.1934
lmeasure_rf,neuromorpho__X046_S4_Z1_C01_20X.swc,pyramidal,606,1.0000,1.0000
lmeasure_rf,neuromorpho__X046_S4_Z4_C01_20X.swc,pyramidal,442,1.0000,1.0000
lmeasure_rf,neuromorpho__X046_S4_Z4_C03_20X.swc,pyramidal,578,1.0000,1.0000
lmeasure_rf,neuromorpho__X046_S4_Z5_C01.swc,pyramidal,569,1.0000,1.0000
lmeasure_rf,neuromorpho__X046_S6_Z1_C01.swc,pyramidal,484,0.6488,0.3932
lmeasure_rf,neuromorpho__X046_S6_Z6_C01.swc,pyramidal,468,0.6624,0.3982
lmeasure_rf,neuromorpho__Yin20161228s5_AR.swc,pyramidal,9572,1.0000,1.0000
lmeasure_rf,allen__Chat-IRES-Cre-neo_Ai14-308245.04.02.01_577369606.swc,interneuron,8424,0.8859,0.8505
lmeasure_rf,allen__Chat-IRES-Cre-neo_Ai14-316042.05.02.01_586072464.swc,interneuron,6544,0.7714,0.7547
lmeasure_rf,allen__Chat-IRES-Cre-neo_Ai14-316042.06.01.01_586072783.swc,interneuron,9284,0.7775,0.7182
lmeasure_rf,allen__Gad2-IRES-Cre_Ai14-324791.03.02.02_593321019.swc,interneuron,9202,1.0000,1.0000
lmeasure_rf,allen__H15.06.016.01.03.02_488386626.swc,interneuron,19279,0.9987,0.9970
lmeasure_rf,allen__H16.06.009.01.01.18.03_528687520.swc,interneuron,12081,1.0000,1.0000
lmeasure_rf,allen__H17.06.003.11.03.03_614651270.swc,interneuron,30285,0.9737,0.9576
lmeasure_rf,allen__H17.06.003.11.05.04_567742660.swc,interneuron,33040,1.0000,1.0000
lmeasure_rf,allen__H17.06.005.12.10.04_571435969.swc,interneuron,2967,0.7182,0.7143
lmeasure_rf,allen__H17.06.005.12.12.03_571525618.swc,interneuron,8146,0.8887,0.8056
lmeasure_rf,allen__H17.06.005.12.15.01_571427524.swc,interneuron,29538,1.0000,1.0000
lmeasure_rf,allen__H17.06.006.11.08.07_571709783.swc,interneuron,3695,0.9380,0.4840
lmeasure_rf,allen__H17.06.012.14.08.05_611610514.swc,interneuron,26630,0.9625,0.9211
lmeasure_rf,allen__H17.06.013.12.03.02_643575207.swc,interneuron,17642,1.0000,1.0000
lmeasure_rf,allen__H17.06.013.12.03.03_643582610.swc,interneuron,13995,0.9789,0.9506
lmeasure_rf,allen__Htr3a-Cre_NO152_Ai14-286731.04.02.01_561553133.swc,interneuron,2808,0.9014,0.4740
lmeasure_rf,allen__Htr3a-Cre_NO152_Ai14-286736.05.01.01_561532710.swc,interneuron,8835,1.0000,1.0000
lmeasure_rf,allen__Ndnf-IRES2-dgCre_Ai14-262467.04.01.01_539014038.swc,interneuron,13849,0.9445,0.8879
lmeasure_rf,allen__Ndnf-IRES2-dgCre_Ai14-290382.04.01.01_562632795.swc,interneuron,13035,0.9526,0.8566
lmeasure_rf,allen__Ndnf-IRES2-dgCre_Ai14-292670.04.02.01_565120091.swc,interneuron,18807,1.0000,1.0000
lmeasure_rf,allen__Ndnf-IRES2-dgCre_Ai14-292673.04.02.01_564349611.swc,interneuron,15659,0.9594,0.8287
lmeasure_rf,allen__Ndnf-IRES2-dgCre_Ai14-292673.05.01.01_564346637.swc,interneuron,19022,1.0000,1.0000
lmeasure_rf,allen__Ndnf-IRES2-dgCre_Ai14-306261.05.02.01_574734127.swc,interneuron,15926,0.9276,0.8531
lmeasure_rf,allen__Ndnf-IRES2-dgCre_Ai14-311164.05.01.01_579626068.swc,interneuron,17629,0.9848,0.9593
lmeasure_rf,allen__Nos1-CreERT2_Sst-IRES-FlpO_Ai65-271577.05.02.01_547262585.swc,interneuron,12546,0.8902,0.6847
lmeasure_rf,allen__Oxtr-2A-Cre_Ai14-293837.04.02.01_565866518.swc,interneuron,15202,1.0000,1.0000
lmeasure_rf,allen__Vipr2-IRES2-Cre_Slc32a1-T2A-FlpO_Ai65-315067.05.01.01_585805211.swc,interneuron,11008,1.0000,1.0000
lmeasure_rf,allen__Vipr2-IRES2-Cre_Slc32a1-T2A-FlpO_Ai65-315069.05.02.01_585952606.swc,interneuron,10592,1.0000,1.0000
lmeasure_rf,neuromorpho__020315-3-ST.swc,interneuron,7033,1.0000,1.0000
lmeasure_rf,neuromorpho__020414-pos-div13-cs3.swc,interneuron,1490,1.0000,1.0000
lmeasure_rf,neuromorpho__020414-pos-div14-cs2.swc,interneuron,1693,1.0000,1.0000
lmeasure_rf,neuromorpho__020414-pos-div14-cs4.swc,interneuron,1393,1.0000,1.0000
lmeasure_rf,neuromorpho__020726-3-NPY.swc,interneuron,4743,1.0000,1.0000
lmeasure_rf,neuromorpho__03-22-01-2doubleBouquet.swc,interneuron,9637,1.0000,1.0000
lmeasure_rf,neuromorpho__03-27-01-3wideArbor.swc,interneuron,21099,1.0000,1.0000
lmeasure_rf,neuromorpho__030915-2_20x.swc,interneuron,4679,1.0000,1.0000
lmeasure_rf,neuromorpho__031115-1_20x.swc,interneuron,5224,1.0000,1.0000
lmeasure_rf,neuromorpho__032118Ac1_nNOS-1.swc,interneuron,11037,1.0000,1.0000
lmeasure_rf,neuromorpho__05-26-00-s2localArbor.swc,interneuron,14894,1.0000,1.0000
lmeasure_rf,neuromorpho__051217_cell4_L23.swc,interneuron,5927,1.0000,1.0000
lmeasure_rf,neuromorpho__051217_cell6_L1.swc,interneuron,3309,1.0000,1.0000
lmeasure_rf,neuromorpho__06-02-19A-02-cell-1.swc,interneuron,1243,1.0000,1.0000
lmeasure_rf,neuromorpho__06-11-15-B.swc,interneuron,16105,1.0000,1.0000
lmeasure_rf,neuromorpho__0604018001.swc,interneuron,665,1.0000,1.0000
lmeasure_rf,neuromorpho__06050180003.swc,interneuron,619,1.0000,1.0000
lmeasure_rf,neuromorpho__061217_cell4_L23.swc,interneuron,1794,0.1667,0.1425
lmeasure_rf,neuromorpho__061218Ac1_dendrites.swc,interneuron,4285,1.0000,1.0000
lmeasure_rf,neuromorpho__07-07-00-3mediumArbor.swc,interneuron,8928,1.0000,1.0000
lmeasure_rf,neuromorpho__07-16-2018-slice-1-cell-2-rotate.swc,interneuron,16981,1.0000,1.0000
lmeasure_rf,neuromorpho__071217_cell3_L1.swc,interneuron,3399,1.0000,1.0000
lmeasure_rf,neuromorpho__081017Bc1_OFF-OS-AC.swc,interneuron,3757,1.0000,1.0000
lmeasure_rf,neuromorpho__081103a.swc,interneuron,8029,0.4860,0.6540
lmeasure_rf,neuromorpho__09-06-01-4neurogliaform.swc,interneuron,11239,1.0000,1.0000
lmeasure_rf,neuromorpho__092303a.swc,interneuron,3983,1.0000,1.0000
lmeasure_rf,neuromorpho__10-04-01-4doubleBouquet.swc,interneuron,6020,1.0000,1.0000
lmeasure_rf,neuromorpho__10-07-15-A.swc,interneuron,11201,1.0000,1.0000
lmeasure_rf,neuromorpho__10N1-8162019-fcfc2a.swc,interneuron,2877,1.0000,1.0000
lmeasure_rf,neuromorpho__10N1-8162019-fcfc3a.swc,interneuron,1752,1.0000,1.0000
lmeasure_rf,neuromorpho__10N1-8162019-wt5a.swc,interneuron,1772,1.0000,1.0000
lmeasure_rf,neuromorpho__10N23DAT8-50717GFPwta_fcfc3a.swc,interneuron,3249,1.0000,1.0000
lmeasure_rf,neuromorpho__10N23DAT8-50717GFPwta_wt4a.swc,interneuron,4608,1.0000,1.0000
lmeasure_rf,neuromorpho__10N23DAT8-50717GFPwta_wt61.swc,interneuron,1687,1.0000,1.0000
lmeasure_rf,neuromorpho__10N23DAT8-50717GFPwta_wt62.swc,interneuron,4083,1.0000,1.0000
lmeasure_rf,neuromorpho__10N23DAT8-50717GFPwta_wt8a.swc,interneuron,2501,1.0000,1.0000
lmeasure_rf,neuromorpho__10N4-8162019-b_wt7a.swc,interneuron,2681,1.0000,1.0000
lmeasure_rf,neuromorpho__10N4-8162019-b_wt9a.swc,interneuron,1079,1.0000,1.0000
lmeasure_rf,neuromorpho__1232.swc,interneuron,767,1.0000,1.0000
lmeasure_rf,neuromorpho__1243.swc,interneuron,739,1.0000,1.0000
lmeasure_rf,neuromorpho__12N5-8162019-b-fcfc1.swc,interneuron,5116,1.0000,1.0000
lmeasure_rf,neuromorpho__12N5-8162019-b-fcfc21.swc,interneuron,5116,1.0000,1.0000
lmeasure_rf,neuromorpho__12N5-8162019-b-fcfc2a.swc,interneuron,2605,1.0000,1.0000
lmeasure_rf,neuromorpho__12N5-8162019-b-fcfc42.swc,interneuron,2605,1.0000,1.0000
lmeasure_rf,neuromorpho__12N5-8162019-b-wt10a.swc,interneuron,2988,1.0000,1.0000
lmeasure_rf,neuromorpho__12N5-8162019-b-wt1a.swc,interneuron,4908,1.0000,1.0000
lmeasure_rf,neuromorpho__12N5-8162019-b_tile3-fcfc4A.swc,interneuron,1238,1.0000,1.0000
lmeasure_rf,neuromorpho__12N5-8162019-b_tile3-fcfc5a.swc,interneuron,1411,1.0000,1.0000
lmeasure_rf,neuromorpho__12N7-8162019-b-TILE1-n7dat12_tile1_fcfc2a.swc,interneuron,2481,1.0000,1.0000
lmeasure_rf,neuromorpho__12N7-8162019-b-TILE1-wt3a1.swc,interneuron,4332,1.0000,1.0000
lmeasure_rf,neuromorpho__12N7-8162019-b-TILE1-wt4a.swc,interneuron,2389,1.0000,1.0000
lmeasure_rf,neuromorpho__12N7-8162019-b-TILE1-wt7a.swc,interneuron,1363,1.0000,1.0000
lmeasure_rf,neuromorpho__12N7-8162019-b-wt1a.swc,interneuron,3276,1.0000,1.0000
lmeasure_rf,neuromorpho__12N7-8162019-b_fcfc2a.swc,interneuron,4014,1.0000,1.0000
lmeasure_rf,neuromorpho__12N7-8162019-b_fcfc3a.swc,interneuron,2837,1.0000,1.0000
lmeasure_rf,neuromorpho__13-01-15-B.swc,interneuron,12679,1.0000,1.0000
lmeasure_rf,neuromorpho__139-05-cell-1-analysis.swc,interneuron,532,1.0000,1.0000
lmeasure_rf,neuromorpho__139-06-cell-1-analysis.swc,interneuron,587,1.0000,1.0000
lmeasure_rf,neuromorpho__14-1-15-A-A1.swc,interneuron,7904,1.0000,1.0000
lmeasure_rf,neuromorpho__14-1-15-A-A4.swc,interneuron,3584,0.8764,0.4671
lmeasure_rf,neuromorpho__14-1-15-A-B1.swc,interneuron,599,0.9249,0.4805
lmeasure_rf,neuromorpho__141012_Pair1SAC.swc,interneuron,4172,1.0000,1.0000
lmeasure_rf,neuromorpho__143-06-cell-1-analysis.swc,interneuron,1699,1.0000,1.0000
lmeasure_rf,neuromorpho__143-06-cell-2-analysis.swc,interneuron,998,1.0000,1.0000
lmeasure_rf,neuromorpho__143-07-cell-1-analysis.swc,interneuron,1827,1.0000,1.0000
lmeasure_rf,neuromorpho__14Feb2019-exp-5_53-rpt-188-1006.swc,interneuron,4922,1.0000,1.0000
lmeasure_rf,neuromorpho__14Feb2019-exp-5_53-rpt-scr-1002.swc,interneuron,4301,1.0000,1.0000
lmeasure_rf,neuromorpho__14Feb2019-exp-5_53-rpt-scr-1006.swc,interneuron,1867,1.0000,1.0000
lmeasure_rf,neuromorpho__150206_1.swc,interneuron,3970,0.7922,1.0000
lmeasure_rf,neuromorpho__150504_2.swc,interneuron,10757,0.0746,1.0000
lmeasure_rf,neuromorpho__150504_pair2sac.swc,interneuron,8928,1.0000,1.0000
lmeasure_rf,neuromorpho__16-06-15-C.swc,interneuron,11914,1.0000,1.0000
lmeasure_rf,neuromorpho__160727_SAC3_006.swc,interneuron,1121,1.0000,1.0000
lmeasure_rf,neuromorpho__160817_SAC4_006_avgupdated.swc,interneuron,4477,1.0000,1.0000
lmeasure_rf,neuromorpho__160826_FusedSAC3_avgupdated.swc,interneuron,3496,1.0000,1.0000
lmeasure_rf,neuromorpho__161012_08.swc,interneuron,19111,1.0000,1.0000
lmeasure_rf,neuromorpho__161014_SAC1_avgupdated.swc,interneuron,2900,1.0000,1.0000
lmeasure_rf,neuromorpho__161027_SAC5.swc,interneuron,3779,1.0000,1.0000
lmeasure_rf,neuromorpho__161220_2.swc,interneuron,27273,0.2618,0.2075
lmeasure_rf,neuromorpho__170313_2.swc,interneuron,29884,0.0414,0.0794
lmeasure_rf,neuromorpho__170321_1.swc,interneuron,4529,0.0002,0.0000
lmeasure_rf,neuromorpho__170426_02.swc,interneuron,11982,1.0000,1.0000
lmeasure_rf,neuromorpho__170602_sac2_updated170801.swc,interneuron,5056,1.0000,1.0000
lmeasure_rf,neuromorpho__17302_00032-semi_f.swc,interneuron,2851,1.0000,1.0000
lmeasure_rf,neuromorpho__17302_00045-semi_r.swc,interneuron,1756,1.0000,1.0000
lmeasure_rf,neuromorpho__17302_00046-semi_r.swc,interneuron,1791,1.0000,1.0000
lmeasure_rf,neuromorpho__17302_00047-semi_f.swc,interneuron,3714,1.0000,1.0000
lmeasure_rf,neuromorpho__17302_00050-semi_r.swc,interneuron,2756,1.0000,1.0000
lmeasure_rf,neuromorpho__17302_00055-semi_r.swc,interneuron,2171,1.0000,1.0000
lmeasure_rf,neuromorpho__17302_00063-semi_r.swc,interneuron,1774,1.0000,1.0000
lmeasure_rf,neuromorpho__17302_00099-semi_r.swc,interneuron,1472,1.0000,1.0000
lmeasure_rf,neuromorpho__17302_00101-semi_r.swc,interneuron,2237,1.0000,1.0000
lmeasure_rf,neuromorpho__17545_00029-semi_r.swc,interneuron,3755,1.0000,1.0000
lmeasure_rf,neuromorpho__17545_00059-semi_r.swc,interneuron,2701,1.0000,1.0000
lmeasure_rf,neuromorpho__17545_00064-semi_r.swc,interneuron,2664,1.0000,1.0000
lmeasure_rf,neuromorpho__17545_00066-semi_r.swc,interneuron,2292,1.0000,1.0000
lmeasure_rf,neuromorpho__17545_00068-semi_r.swc,interneuron,1891,1.0000,1.0000
lmeasure_rf,neuromorpho__17545_00073-semi_r.swc,interneuron,993,1.0000,1.0000
lmeasure_rf,neuromorpho__17545_00147-semi_r.swc,interneuron,2555,1.0000,1.0000
lmeasure_rf,neuromorpho__180803_s1c1_Lstellate.swc,interneuron,636,1.0000,1.0000
lmeasure_rf,neuromorpho__18454_00016-semi_r.swc,interneuron,2895,1.0000,1.0000
lmeasure_rf,neuromorpho__18455_00008-semi_r.swc,interneuron,2172,1.0000,1.0000
lmeasure_rf,neuromorpho__18455_00030-semi_r.swc,interneuron,2999,1.0000,1.0000
lmeasure_rf,neuromorpho__18455_00041-semi_r.swc,interneuron,721,0.3037,0.2324
lmeasure_rf,neuromorpho__18455_00106-semi_r.swc,interneuron,2426,1.0000,1.0000
lmeasure_rf,neuromorpho__18462_00043-semi_r.swc,interneuron,2502,1.0000,1.0000
lmeasure_rf,neuromorpho__18463_00051-semi_f.swc,interneuron,3883,1.0000,1.0000
lmeasure_rf,neuromorpho__18463_00075-semi_r.swc,interneuron,1724,1.0000,1.0000
lmeasure_rf,neuromorpho__18465_00213-semi_r.swc,interneuron,1868,1.0000,1.0000
lmeasure_rf,neuromorpho__1857-10-cell-1-analysis.swc,interneuron,534,1.0000,1.0000
lmeasure_rf,neuromorpho__18867_7584_x10560_y5816-auto_r.swc,interneuron,2425,1.0000,1.0000
lmeasure_rf,neuromorpho__18868_2601_x23273_y17306-auto_r.swc,interneuron,3628,1.0000,1.0000
lmeasure_rf,neuromorpho__18868_2924_x10668_y9719-auto_r.swc,interneuron,3385,1.0000,1.0000
lmeasure_rf,neuromorpho__18869_5123_x17555_y3609-semi_r.swc,interneuron,2336,1.0000,1.0000
lmeasure_rf,neuromorpho__18869_5692_x6534_y3440-semi_r.swc,interneuron,5265,1.0000,1.0000
lmeasure_rf,neuromorpho__18869_6732_x9649_y3919-semi_r.swc,interneuron,4503,1.0000,1.0000
lmeasure_rf,neuromorpho__19-02-19A-01-cell-1.swc,interneuron,1258,1.0000,1.0000
lmeasure_rf,neuromorpho__19-02-19A-03-cell-2.swc,interneuron,6497,1.0000,1.0000
lmeasure_rf,neuromorpho__19-02-19A-11-cell-2.swc,interneuron,2242,1.0000,1.0000
lmeasure_rf,neuromorpho__19-02-19A-14-cell-2.swc,interneuron,2129,1.0000,1.0000
lmeasure_rf,neuromorpho__19-02-19B-01-cell2.swc,interneuron,4895,1.0000,1.0000
lmeasure_rf,neuromorpho__19-02-19B-02-cell1.swc,interneuron,3524,1.0000,1.0000
lmeasure_rf,neuromorpho__196_1_C2.swc,interneuron,46419,1.0000,1.0000
lmeasure_rf,neuromorpho__20120320sc4.swc,interneuron,26082,1.0000,1.0000
lmeasure_rf,neuromorpho__2016-08-11-slice-3-cell-7-rotated.swc,interneuron,19344,1.0000,1.0000
lmeasure_rf,neuromorpho__2016-09-06-slice-C-cell-7-rotated.swc,interneuron,21108,1.0000,1.0000
lmeasure_rf,neuromorpho__2016-16-12-slice-e-cell-3-rotated.swc,interneuron,16851,1.0000,1.0000
lmeasure_rf,neuromorpho__2016-30-09-slice-4-cell-8-rotated.swc,interneuron,4380,0.5427,0.3517
lmeasure_rf,neuromorpho__2017-01-08-slice-4-cell-7-rotated.swc,interneuron,43838,1.0000,1.0000
lmeasure_rf,neuromorpho__2017-01-09-slice-2-cell-2-rotated.swc,interneuron,6461,0.5900,0.3710
lmeasure_rf,neuromorpho__2017-02-08-slice-3-cell-2-rotated.swc,interneuron,27194,1.0000,1.0000
lmeasure_rf,neuromorpho__2017-03-05-slice-3-cell-7-rotated.swc,interneuron,26232,1.0000,1.0000
lmeasure_rf,neuromorpho__2017-03-07-slice-1-cell-7-rotated.swc,interneuron,8903,1.0000,1.0000
lmeasure_rf,neuromorpho__2017-03-07-slice-2-cell-3-rotated.swc,interneuron,16504,1.0000,1.0000
lmeasure_rf,neuromorpho__2017-04-07-slice-2-cell-6-rotated.swc,interneuron,30629,1.0000,1.0000
lmeasure_rf,neuromorpho__2017-06-08-slice-3-cell-7-rotated.swc,interneuron,12953,1.0000,1.0000
lmeasure_rf,neuromorpho__2017-09-02-slice-3-cell-2-roteted.swc,interneuron,53409,1.0000,1.0000
lmeasure_rf,neuromorpho__2017-12-02-slice-3-cell-2-rotated.swc,interneuron,21351,1.0000,1.0000
lmeasure_rf,neuromorpho__2017-12-02-slice-3-cell-3-rotated.swc,interneuron,26518,1.0000,1.0000
lmeasure_rf,neuromorpho__2017-16-05-slice-1-cell-6-rotated.swc,interneuron,25907,1.0000,1.0000
lmeasure_rf,neuromorpho__2017-16-10-slice-3-cell-2-rotated.swc,interneuron,16910,1.0000,1.0000
lmeasure_rf,neuromorpho__2017-18-10-slice-1-cell-2-rotated.swc,interneuron,31085,1.0000,1.0000
lmeasure_rf,neuromorpho__2017-18-10-slice-1-cell-6-rotated.swc,interneuron,38823,1.0000,1.0000
lmeasure_rf,neuromorpho__2017-23-10-slice-2-cell-7-rotated.swc,interneuron,22847,1.0000,1.0000
lmeasure_rf,neuromorpho__2017-23-10-slice-3-cell-6-rotated.swc,interneuron,24300,1.0000,1.0000
lmeasure_rf,neuromorpho__2017-29-03-slice-2-cell-2-rotated.swc,interneuron,24223,0.9760,0.9047
lmeasure_rf,neuromorpho__20180404_sample_5.swc,interneuron,4886,1.0000,1.0000
lmeasure_rf,neuromorpho__20180515_sample_1.swc,interneuron,4479,1.0000,1.0000
lmeasure_rf,neuromorpho__20180607-60L5-2-1-428-03-249-80-46.swc,interneuron,411,1.0000,1.0000
lmeasure_rf,neuromorpho__20180607-L1R2-2-3-451-09-113-14-40.swc,interneuron,308,1.0000,1.0000
lmeasure_rf,neuromorpho__20180607-L1R2-3-1-276-15-298-35-46.swc,interneuron,633,1.0000,1.0000
lmeasure_rf,neuromorpho__20180607-L1R2-6-1-526-18-132-17-27.swc,interneuron,298,1.0000,1.0000
lmeasure_rf,neuromorpho__20180621_sample_7.swc,interneuron,4665,1.0000,1.0000
lmeasure_rf,neuromorpho__20180711_sample_1.swc,interneuron,5003,1.0000,1.0000
lmeasure_rf,neuromorpho__20180717_sample_3.swc,interneuron,5524,1.0000,1.0000
lmeasure_rf,neuromorpho__20180725_sample_9.swc,interneuron,3349,1.0000,1.0000
lmeasure_rf,neuromorpho__20180820_sample_1.swc,interneuron,4441,1.0000,1.0000
lmeasure_rf,neuromorpho__20180828_sample_5.swc,interneuron,10975,1.0000,1.0000
lmeasure_rf,neuromorpho__20180830_sample_1.swc,interneuron,6293,1.0000,1.0000
lmeasure_rf,neuromorpho__20180904_sample_3.swc,interneuron,9597,1.0000,1.0000
lmeasure_rf,neuromorpho__20180904_sample_5.swc,interneuron,10350,1.0000,1.0000
lmeasure_rf,neuromorpho__20180911_sample_6.swc,interneuron,3643,1.0000,1.0000
lmeasure_rf,neuromorpho__20180918_sample_1.swc,interneuron,2959,1.0000,1.0000
lmeasure_rf,neuromorpho__20180920_sample_2.swc,interneuron,4424,1.0000,1.0000
lmeasure_rf,neuromorpho__20181004_sample_8.swc,interneuron,2523,1.0000,1.0000
lmeasure_rf,neuromorpho__20181009_sample_7.swc,interneuron,2602,1.0000,1.0000
lmeasure_rf,neuromorpho__20181109_sample_7.swc,interneuron,9620,1.0000,1.0000
lmeasure_rf,neuromorpho__20181112_sample_6.swc,interneuron,1396,1.0000,1.0000
lmeasure_rf,neuromorpho__20181116_sample_5.swc,interneuron,6911,1.0000,1.0000
lmeasure_rf,neuromorpho__20181121_sample_6.swc,interneuron,5071,1.0000,1.0000
lmeasure_rf,neuromorpho__20190122_sample_5.swc,interneuron,4379,1.0000,1.0000
lmeasure_rf,neuromorpho__20190122_sample_9.swc,interneuron,10502,1.0000,1.0000
lmeasure_rf,neuromorpho__20190128_sample_12.swc,interneuron,4505,1.0000,1.0000
lmeasure_rf,neuromorpho__20190128_sample_2.swc,interneuron,3559,1.0000,1.0000
lmeasure_rf,neuromorpho__20190128_sample_7.swc,interneuron,10538,1.0000,1.0000
lmeasure_rf,neuromorpho__20190130_sample_10.swc,interneuron,7003,1.0000,1.0000
lmeasure_rf,neuromorpho__20190130_sample_3.swc,interneuron,13391,1.0000,1.0000
lmeasure_rf,neuromorpho__20190131_sample_5.swc,interneuron,3633,1.0000,1.0000
lmeasure_rf,neuromorpho__20190201_sample_3.swc,interneuron,3938,1.0000,1.0000
lmeasure_rf,neuromorpho__20190204_sample_7.swc,interneuron,6489,1.0000,1.0000
lmeasure_rf,neuromorpho__20190204_sample_9.swc,interneuron,3707,1.0000,1.0000
lmeasure_rf,neuromorpho__20190211_sample_6.swc,interneuron,4479,1.0000,1.0000
lmeasure_rf,neuromorpho__20190212_sample_4.swc,interneuron,9754,1.0000,1.0000
lmeasure_rf,neuromorpho__20190212_sample_7.swc,interneuron,1633,1.0000,1.0000
lmeasure_rf,neuromorpho__20190213_sample_7.swc,interneuron,9194,1.0000,1.0000
lmeasure_rf,neuromorpho__20190214_sample_1.swc,interneuron,4239,1.0000,1.0000
lmeasure_rf,neuromorpho__20190221_sample_4.swc,interneuron,2725,1.0000,1.0000
lmeasure_rf,neuromorpho__20190327_sample_7.swc,interneuron,628,1.0000,1.0000
lmeasure_rf,neuromorpho__20190408_sample_1.swc,interneuron,4548,1.0000,1.0000
lmeasure_rf,neuromorpho__20190408_sample_6.swc,interneuron,3688,1.0000,1.0000
lmeasure_rf,neuromorpho__20190430_sample_1.swc,interneuron,5735,1.0000,1.0000
lmeasure_rf,neuromorpho__20190430_sample_6.swc,interneuron,6923,1.0000,1.0000
lmeasure_rf,neuromorpho__20190508_sample_4.swc,interneuron,2466,1.0000,1.0000
lmeasure_rf,neuromorpho__20190509_sample_2.swc,interneuron,2756,0.7827,1.0000
lmeasure_rf,neuromorpho__20190513_sample_5.swc,interneuron,5009,1.0000,1.0000
lmeasure_rf,neuromorpho__20190515_sample_12.swc,interneuron,2007,1.0000,1.0000
lmeasure_rf,neuromorpho__20190606_sample_3.swc,interneuron,7652,0.9978,1.0000
lmeasure_rf,neuromorpho__20190610_sample_3.swc,interneuron,5376,1.0000,1.0000
lmeasure_rf,neuromorpho__20190613_sample_2.swc,interneuron,8970,1.0000,1.0000
lmeasure_rf,neuromorpho__20190617_sample_1.swc,interneuron,2091,1.0000,1.0000
lmeasure_rf,neuromorpho__20190617_sample_5.swc,interneuron,7559,1.0000,1.0000
lmeasure_rf,neuromorpho__20190619_sample_5.swc,interneuron,6806,1.0000,1.0000
lmeasure_rf,neuromorpho__20190625_sample_10.swc,interneuron,2859,0.7681,0.4344
lmeasure_rf,neuromorpho__20190625_sample_12.swc,interneuron,1451,0.9752,0.4937
lmeasure_rf,neuromorpho__20190628_sample_1.swc,interneuron,3877,1.0000,1.0000
lmeasure_rf,neuromorpho__20190703_sample_12.swc,interneuron,3204,1.0000,1.0000
lmeasure_rf,neuromorpho__20190703_sample_13.swc,interneuron,4097,1.0000,1.0000
lmeasure_rf,neuromorpho__20190708_sample_12.swc,interneuron,3588,1.0000,1.0000
lmeasure_rf,neuromorpho__20190709_sample_1.swc,interneuron,2124,1.0000,1.0000
lmeasure_rf,neuromorpho__20190710_sample_6.swc,interneuron,2762,1.0000,1.0000
lmeasure_rf,neuromorpho__20190712_sample_6.swc,interneuron,3264,1.0000,1.0000
lmeasure_rf,neuromorpho__20190718_sample_5.swc,interneuron,3856,1.0000,1.0000
lmeasure_rf,neuromorpho__20190718_sample_8.swc,interneuron,2796,1.0000,1.0000
lmeasure_rf,neuromorpho__20190729_sample_2.swc,interneuron,3448,1.0000,1.0000
lmeasure_rf,neuromorpho__20190730_sample_2.swc,interneuron,2402,1.0000,1.0000
lmeasure_rf,neuromorpho__20190730_sample_9.swc,interneuron,3615,1.0000,1.0000
lmeasure_rf,neuromorpho__20190924_sample_7.swc,interneuron,3323,1.0000,1.0000
lmeasure_rf,neuromorpho__20191001_sample_4.swc,interneuron,6182,1.0000,1.0000
lmeasure_rf,neuromorpho__20191028_sample_2.swc,interneuron,9971,1.0000,1.0000
lmeasure_rf,neuromorpho__20191105_sample_4.swc,interneuron,6049,1.0000,1.0000
lmeasure_rf,neuromorpho__20191114_sample_1.swc,interneuron,10095,1.0000,1.0000
lmeasure_rf,neuromorpho__20191114_sample_4.swc,interneuron,582,1.0000,1.0000
lmeasure_rf,neuromorpho__2020-03-11_13-01-38SST-MORF3Mb01-1V5-647SST488-30x02Str_b.swc,interneuron,280,1.0000,1.0000
lmeasure_rf,neuromorpho__20200524_E_63X_zstack_tile_2_stitched.swc,interneuron,6146,1.0000,1.0000
lmeasure_rf,neuromorpho__23-04-18B-08-cell-1.swc,interneuron,1118,1.0000,1.0000
lmeasure_rf,neuromorpho__23-04-18B-09-cell-2.swc,interneuron,2387,1.0000,1.0000
lmeasure_rf,neuromorpho__23-04-18C-01-cell-1.swc,interneuron,5795,1.0000,1.0000
lmeasure_rf,neuromorpho__240914RF1_3m.swc,interneuron,598,1.0000,1.0000
lmeasure_rf,neuromorpho__25-02-15-C2.swc,interneuron,3275,0.5429,0.3518
lmeasure_rf,neuromorpho__26-11-14-A-A4b.swc,interneuron,30568,1.0000,1.0000
lmeasure_rf,neuromorpho__26-2-15-C.swc,interneuron,16762,1.0000,1.0000
lmeasure_rf,neuromorpho__261015c2.swc,interneuron,1506,1.0000,1.0000
lmeasure_rf,neuromorpho__262_1a.swc,interneuron,1424,0.6538,0.3952
lmeasure_rf,neuromorpho__268_On_C.swc,interneuron,8677,1.0000,1.0000
lmeasure_rf,neuromorpho__282_On_C_commissural.swc,interneuron,8766,1.0000,1.0000
lmeasure_rf,neuromorpho__3-Som-3d-trace.swc,interneuron,1145,1.0000,1.0000
lmeasure_rf,neuromorpho__3057_20140409-x1-25.swc,interneuron,4326,1.0000,1.0000
lmeasure_rf,neuromorpho__3073_20140421-x1-25.swc,interneuron,9454,1.0000,1.0000
lmeasure_rf,neuromorpho__3080_20140430-x1-25.swc,interneuron,9128,1.0000,1.0000
lmeasure_rf,neuromorpho__340_1a.swc,interneuron,1158,0.4292,0.3001
lmeasure_rf,neuromorpho__340_1b.swc,interneuron,2693,1.0000,1.0000
lmeasure_rf,neuromorpho__350R.swc,interneuron,1687,1.0000,1.0000
lmeasure_rf,neuromorpho__43-07-cell-1-analysis.swc,interneuron,861,1.0000,1.0000
lmeasure_rf,neuromorpho__464R.swc,interneuron,730,0.0301,0.0280
lmeasure_rf,neuromorpho__4_J2a.swc,interneuron,3050,1.0000,1.0000
lmeasure_rf,neuromorpho__4_J2b.swc,interneuron,3072,1.0000,1.0000
lmeasure_rf,neuromorpho__500_1_C5.swc,interneuron,41319,0.6248,0.5902
lmeasure_rf,neuromorpho__535_2_C4.swc,interneuron,48000,0.6999,0.6574
lmeasure_rf,neuromorpho__536_3_C8.swc,interneuron,38069,0.4388,0.3995
lmeasure_rf,neuromorpho__536_4_C7.swc,interneuron,52983,0.5838,0.5697
lmeasure_rf,neuromorpho__536_7_C8.swc,interneuron,34640,1.0000,1.0000
lmeasure_rf,neuromorpho__5515-12-cell-2-analysis.swc,interneuron,474,1.0000,1.0000
lmeasure_rf,neuromorpho__5515-13-cell-1-analysis.swc,interneuron,1273,1.0000,1.0000
lmeasure_rf,neuromorpho__60L4_03_-165.swc,interneuron,376,1.0000,1.0000
lmeasure_rf,neuromorpho__60L4_03_-330.swc,interneuron,142,1.0000,1.0000
lmeasure_rf,neuromorpho__60L4_07_-180-right.swc,interneuron,433,1.0000,1.0000
lmeasure_rf,neuromorpho__60R5_01_-480.swc,interneuron,479,1.0000,1.0000
lmeasure_rf,neuromorpho__60R5_01_-525.swc,interneuron,390,1.0000,1.0000
lmeasure_rf,neuromorpho__60R5_06_-285.swc,interneuron,438,1.0000,1.0000
lmeasure_rf,neuromorpho__614_4_C4.swc,interneuron,14912,1.0000,1.0000
lmeasure_rf,neuromorpho__614_6_C4.swc,interneuron,38382,0.7856,0.7803
lmeasure_rf,neuromorpho__6_J2.swc,interneuron,6474,1.0000,1.0000
lmeasure_rf,neuromorpho__6N1-5072019_TileScan-3_Merged_fcfc1a.swc,interneuron,1117,1.0000,1.0000
lmeasure_rf,neuromorpho__6N1-5072019_TileScan-3_Merged_fcfc2a.swc,interneuron,460,1.0000,1.0000
lmeasure_rf,neuromorpho__6N1-5072019_TileScan-3_Merged_fcfc4a.swc,interneuron,734,1.0000,1.0000
lmeasure_rf,neuromorpho__6N1-5072019_TileScan-3_Merged_fcfc5a.swc,interneuron,702,1.0000,1.0000
lmeasure_rf,neuromorpho__6N1-5072019_TileScan-3_Merged_wt10a.swc,interneuron,358,1.0000,1.0000
lmeasure_rf,neuromorpho__6N1-5072019_TileScan-3_Merged_wt4a.swc,interneuron,803,1.0000,1.0000
lmeasure_rf,neuromorpho__6N1-5072019_TileScan-3_Merged_wt5a.swc,interneuron,544,1.0000,1.0000
lmeasure_rf,neuromorpho__6N5DAT6-50717GFPwtb_012-wt3a.swc,interneuron,1285,1.0000,1.0000
lmeasure_rf,neuromorpho__6N5DAT6-50717GFPwtb_013-FCON3mutTdt10a.swc,interneuron,52,1.0000,1.0000
lmeasure_rf,neuromorpho__6N5DAT6-50717GFPwtb_013-FCON3mutTdt11a.swc,interneuron,105,1.0000,1.0000
lmeasure_rf,neuromorpho__6N5DAT6-50717GFPwtb_013-FCON3mutTdt18a.swc,interneuron,94,1.0000,1.0000
lmeasure_rf,neuromorpho__6N5DAT6-50717GFPwtb_013-FCON3mutTdt1a.swc,interneuron,92,1.0000,1.0000
lmeasure_rf,neuromorpho__6N5DAT6-50717GFPwtb_013-FCON3mutTdt21a.swc,interneuron,39,1.0000,1.0000
lmeasure_rf,neuromorpho__6N5DAT6-50717GFPwtb_013-FCON3mutTdt24a.swc,interneuron,74,1.0000,1.0000
lmeasure_rf,neuromorpho__6N5DAT6-50717GFPwtb_013-FCON3mutTdt26a.swc,interneuron,107,1.0000,1.0000
lmeasure_rf,neuromorpho__6N5DAT6-50717GFPwtb_013-GFPwt14a.swc,interneuron,184,1.0000,1.0000
lmeasure_rf,neuromorpho__6N5DAT6-50717GFPwtb_013-GFPwt1a.swc,interneuron,256,1.0000,1.0000
lmeasure_rf,neuromorpho__6N5DAT6-50717GFPwtb_013-GFPwt6a.swc,interneuron,425,1.0000,1.0000
lmeasure_rf,neuromorpho__70R3_02_-390.swc,interneuron,128,1.0000,1.0000
lmeasure_rf,neuromorpho__70R3_03_-345.swc,interneuron,120,1.0000,1.0000
lmeasure_rf,neuromorpho__70R3_03_-660.swc,interneuron,158,1.0000,1.0000
lmeasure_rf,neuromorpho__70R3_04_-345.swc,interneuron,205,1.0000,1.0000
lmeasure_rf,neuromorpho__70R3_06_-150.swc,interneuron,185,1.0000,1.0000
lmeasure_rf,neuromorpho__70R3_07_-255.swc,interneuron,97,1.0000,1.0000
lmeasure_rf,neuromorpho__7_J2a.swc,interneuron,2360,1.0000,1.0000
lmeasure_rf,neuromorpho__822.swc,interneuron,960,0.3656,0.2674
lmeasure_rf,neuromorpho__8may2015c1.swc,interneuron,3626,1.0000,1.0000
lmeasure_rf,neuromorpho__8N22DAT8-50717GFPwta-fcfc-9a.swc,interneuron,1161,1.0000,1.0000
lmeasure_rf,neuromorpho__8N22DAT8-50717GFPwta-wt10a.swc,interneuron,206,1.0000,1.0000
lmeasure_rf,neuromorpho__8N22DAT8-50717GFPwta-wt15a.swc,interneuron,405,1.0000,1.0000
lmeasure_rf,neuromorpho__8N22DAT8-50717GFPwta-wt4a.swc,interneuron,174,1.0000,1.0000
lmeasure_rf,neuromorpho__8N22DAT8-50717GFPwta-wt5a.swc,interneuron,164,1.0000,1.0000
lmeasure_rf,neuromorpho__8N22DAT8-50717GFPwta-wt9a.swc,interneuron,237,1.0000,1.0000
lmeasure_rf,neuromorpho__8N3-8162019-b-fcfc7a.swc,interneuron,2532,1.0000,1.0000
lmeasure_rf,neuromorpho__8N3-8162019-b-fcfc9-10a.swc,interneuron,2353,1.0000,1.0000
lmeasure_rf,neuromorpho__8N3-8162019-b-wt2a.swc,interneuron,795,1.0000,1.0000
lmeasure_rf,neuromorpho__8N6-8162019-b-fcfc3a.swc,interneuron,2006,1.0000,1.0000
lmeasure_rf,neuromorpho__8N6-8162019-b-fcfc6a.swc,interneuron,2925,1.0000,1.0000
lmeasure_rf,neuromorpho__8N6-8162019-b-wT3a.swc,interneuron,1802,1.0000,1.0000
lmeasure_rf,neuromorpho__8N6-8162019-b-wt6a.swc,interneuron,2173,1.0000,1.0000
lmeasure_rf,neuromorpho__9-10-14-B.swc,interneuron,12562,1.0000,1.0000
lmeasure_rf,neuromorpho__a151124-2_VIP_IN.swc,interneuron,3213,1.0000,1.0000
lmeasure_rf,neuromorpho__A151218-02_VIP_IN.swc,interneuron,4353,1.0000,1.0000
lmeasure_rf,neuromorpho__a7_170216_2.swc,interneuron,15444,1.0000,1.0000
lmeasure_rf,neuromorpho__a7_170216_4.swc,interneuron,14087,1.0000,1.0000
lmeasure_rf,neuromorpho__AAS17.swc,interneuron,437,1.0000,1.0000
lmeasure_rf,neuromorpho__AAS3.swc,interneuron,6098,0.1064,0.1921
lmeasure_rf,neuromorpho__ADP10_2491_biocytin.swc,interneuron,1901,1.0000,1.0000
lmeasure_rf,neuromorpho__ADP1_4339_neurobiotin.swc,interneuron,9678,1.0000,1.0000
lmeasure_rf,neuromorpho__AIMR.swc,interneuron,14,0.0714,0.0000
lmeasure_rf,neuromorpho__aIN-000307-1-1-nrn-ns-120504-transl-invX-scaled-straightened.swc,interneuron,63,1.0000,1.0000
lmeasure_rf,neuromorpho__aIN-390-nrn-ns-120508-transl-invX-scaled-straightened.swc,interneuron,108,1.0000,1.0000
lmeasure_rf,neuromorpho__aIN-524-nrn-ns-100407-transl-invX-scaled-straightened.swc,interneuron,146,0.8288,0.7947
lmeasure_rf,neuromorpho__AIYL.swc,interneuron,14,1.0000,1.0000
lmeasure_rf,neuromorpho__AIZL.swc,interneuron,22,1.0000,1.0000
lmeasure_rf,neuromorpho__Anstoetz_PV-IN12.swc,interneuron,1500,1.0000,1.0000
lmeasure_rf,neuromorpho__Anstoetz_PV-IN13.swc,interneuron,6209,1.0000,1.0000
lmeasure_rf,neuromorpho__Anstoetz_PV-IN15.swc,interneuron,6927,1.0000,1.0000
lmeasure_rf,neuromorpho__Anstoetz_PV-IN16.swc,interneuron,2149,1.0000,1.0000
lmeasure_rf,neuromorpho__Anstoetz_PV-IN7.swc,interneuron,3881,1.0000,1.0000
lmeasure_rf,neuromorpho__Anstoetz_SLM_IN4.swc,interneuron,474,0.9219,0.4796
lmeasure_rf,neuromorpho__Anstoetz_SLM_IN5.swc,interneuron,1994,1.0000,1.0000
lmeasure_rf,neuromorpho__Anstoetz_SLM_IN9.swc,interneuron,396,1.0000,1.0000
lmeasure_rf,neuromorpho__Anstoetz_Toolbox-IN2.swc,interneuron,6314,1.0000,1.0000
lmeasure_rf,neuromorpho__Anstoetz_Toolbox-IN4.swc,interneuron,3373,1.0000,1.0000
lmeasure_rf,neuromorpho__Anstoetz_Toolbox-IN9.swc,interneuron,448,1.0000,1.0000
lmeasure_rf,neuromorpho__B1-F1-cell1.swc,interneuron,327,1.0000,1.0000
lmeasure_rf,neuromorpho__B1-F2-cell2.swc,interneuron,345,1.0000,1.0000
lmeasure_rf,neuromorpho__B15a.swc,interneuron,6786,1.0000,1.0000
lmeasure_rf,neuromorpho__BC150112A_27.swc,interneuron,98757,1.0000,1.0000
lmeasure_rf,neuromorpho__BC160201B_36.swc,interneuron,54582,1.0000,1.0000
lmeasure_rf,neuromorpho__BC160620B_39.swc,interneuron,88903,1.0000,1.0000
lmeasure_rf,neuromorpho__C-02-04-14-F-14-04-14-cs4-cell1.swc,interneuron,2977,1.0000,1.0000
lmeasure_rf,neuromorpho__C-14-01-15-DIV15-CS2.swc,interneuron,11171,1.0000,1.0000
lmeasure_rf,neuromorpho__C-15-10-14-DIV15-CS2-Cell1.swc,interneuron,3522,1.0000,1.0000
lmeasure_rf,neuromorpho__C14-01-15DIV13CS1.swc,interneuron,57603,0.9761,0.8514
lmeasure_rf,neuromorpho__c1411_Scone.swc,interneuron,892,1.0000,1.0000
lmeasure_rf,neuromorpho__c1412.swc,interneuron,1065,1.0000,1.0000
lmeasure_rf,neuromorpho__C15-10-14DIV15CS1Cell1.swc,interneuron,90544,1.0000,1.0000
lmeasure_rf,neuromorpho__c3271015.swc,interneuron,1516,1.0000,1.0000
lmeasure_rf,neuromorpho__c4612_Scone.swc,interneuron,834,1.0000,1.0000
lmeasure_rf,neuromorpho__c8039.swc,interneuron,2745,1.0000,1.0000
lmeasure_rf,neuromorpho__Canopy_151204_3.swc,interneuron,9497,1.0000,1.0000
lmeasure_rf,neuromorpho__Canopy_161007_2.swc,interneuron,13714,0.9693,0.9381
lmeasure_rf,neuromorpho__cell-10_8.swc,interneuron,2158,1.0000,1.0000
lmeasure_rf,neuromorpho__cell-12_9.swc,interneuron,1631,1.0000,1.0000
lmeasure_rf,neuromorpho__cell-13_8.swc,interneuron,2009,1.0000,1.0000
lmeasure_rf,neuromorpho__Cell-22.swc,interneuron,264,0.6098,0.3783
lmeasure_rf,neuromorpho__Cell-5-1.swc,interneuron,557,0.8636,0.4633
lmeasure_rf,neuromorpho__cell-7_11.swc,interneuron,1403,1.0000,1.0000
lmeasure_rf,neuromorpho__Cell1042Ecel1.swc,interneuron,883,1.0000,1.0000
lmeasure_rf,neuromorpho__Cell19.swc,interneuron,11287,1.0000,1.0000
lmeasure_rf,neuromorpho__Cell1biorxiv.swc,interneuron,1327,0.5614,0.5611
lmeasure_rf,neuromorpho__Cell22.swc,interneuron,10276,1.0000,1.0000
lmeasure_rf,neuromorpho__Cell29.swc,interneuron,10783,1.0000,1.0000
lmeasure_rf,neuromorpho__Cell2biorxiv.swc,interneuron,2082,0.8237,0.7815
lmeasure_rf,neuromorpho__Cell31.swc,interneuron,8304,1.0000,1.0000
lmeasure_rf,neuromorpho__Cell37.swc,interneuron,5378,1.0000,1.0000
lmeasure_rf,neuromorpho__Cell39.swc,interneuron,5674,1.0000,1.0000
lmeasure_rf,neuromorpho__cell3_wt_traces.swc,interneuron,6733,1.0000,1.0000
lmeasure_rf,neuromorpho__Cell3biorxiv.swc,interneuron,2190,0.9484,0.9468
lmeasure_rf,neuromorpho__Cell41.swc,interneuron,6260,0.6427,0.3912
lmeasure_rf,neuromorpho__Cell47.swc,interneuron,6445,1.0000,1.0000
lmeasure_rf,neuromorpho__Cell4_Hippocampus_singlecell.swc,interneuron,573,0.6422,0.3908
lmeasure_rf,neuromorpho__Cell50.swc,interneuron,7269,1.0000,1.0000
lmeasure_rf,neuromorpho__Cell51.swc,interneuron,3436,1.0000,1.0000
lmeasure_rf,neuromorpho__Cell58.swc,interneuron,10631,1.0000,1.0000
lmeasure_rf,neuromorpho__Cell59.swc,interneuron,6691,1.0000,1.0000
lmeasure_rf,neuromorpho__Cell5_Hippocampus_singlecell.swc,interneuron,446,1.0000,1.0000
lmeasure_rf,neuromorpho__cell5_wt_traces.swc,interneuron,6212,1.0000,1.0000
lmeasure_rf,neuromorpho__Cell60.swc,interneuron,7809,1.0000,1.0000
lmeasure_rf,neuromorpho__Cell6_Hippocampus_singlecell.swc,interneuron,345,0.6406,0.3901
lmeasure_rf,neuromorpho__cell6_wt_traces.swc,interneuron,4831,1.0000,1.0000
lmeasure_rf,neuromorpho__Cell73.swc,interneuron,5447,1.0000,1.0000
lmeasure_rf,neuromorpho__Cell9.swc,interneuron,8773,1.0000,1.0000
lmeasure_rf,neuromorpho__cell9_b2ko_swc_traces.swc,interneuron,6323,1.0000,1.0000
lmeasure_rf,neuromorpho__Chat-IRES-Cre-neo_Ai14-316043-04-02-01_626158141_m.swc,interneuron,5672,1.0000,1.0000
lmeasure_rf,neuromorpho__Chat-IRES-Cre-neo_Ai14-316043-05-01-01_610886034_m.swc,interneuron,7465,1.0000,1.0000
lmeasure_rf,neuromorpho__Chrna2-Cre_OE25_Ai14_BT_-281693-06-01-01_591276000_m.swc,interneuron,17650,1.0000,1.0000
lmeasure_rf,neuromorpho__Chrna2-Cre_OE25_Pvalb-T2A-Dre_Ai66-312583-02-02-01_651087073_m.swc,interneuron,18770,1.0000,1.0000
lmeasure_rf,neuromorpho__cIN-1356-nrn-ns-111206-transl-invX-scaled-straightened.swc,interneuron,56,1.0000,1.0000
lmeasure_rf,neuromorpho__cIN-1375-nrn-ns-101206-transl-invX-scaled-straightened.swc,interneuron,172,0.5174,0.3398
lmeasure_rf,neuromorpho__CONTROL-2-N3.swc,interneuron,891,1.0000,1.0000
lmeasure_rf,neuromorpho__CONTROL-3-N1_1.swc,interneuron,696,1.0000,1.0000
lmeasure_rf,neuromorpho__CONTROL-3-N2.swc,interneuron,819,1.0000,1.0000
lmeasure_rf,neuromorpho__CONTROL-3-N3.swc,interneuron,532,1.0000,1.0000
lmeasure_rf,neuromorpho__control-4-N5_1.swc,interneuron,669,1.0000,1.0000
lmeasure_rf,neuromorpho__CONTROL-4-N6.swc,interneuron,1319,1.0000,1.0000
lmeasure_rf,neuromorpho__CONTROL-6-N1.swc,interneuron,1522,1.0000,1.0000
lmeasure_rf,neuromorpho__CONTROL-6-N3.swc,interneuron,1797,1.0000,1.0000
lmeasure_rf,neuromorpho__CONTROL-6-N3_1.swc,interneuron,2653,1.0000,1.0000
lmeasure_rf,neuromorpho__dCH-cobalt.swc,interneuron,6167,0.9484,0.4868
lmeasure_rf,neuromorpho__Delayed17_2089_biocytin.swc,interneuron,4543,1.0000,1.0000
lmeasure_rf,neuromorpho__Delayed18_2477_biocytin.swc,interneuron,1251,1.0000,1.0000
lmeasure_rf,neuromorpho__Diego-02-27-13-BR.swc,interneuron,27082,1.0000,1.0000
lmeasure_rf,neuromorpho__dIN-000516-nrn-ns-100624-transl-invX-scaled-straightened.swc,interneuron,80,0.6625,0.3969
lmeasure_rf,neuromorpho__dIN-1436-nrn-ns-100901-transl-invX-scaled-straightened.swc,interneuron,98,0.0102,0.0000
lmeasure_rf,neuromorpho__dIN-446-nrn-ns-100408-transl-invX-scaled-straightened.swc,interneuron,64,1.0000,1.0000
lmeasure_rf,neuromorpho__dlc-1367-nrn-ns-110116-combined-transl-invX-scaled-straightened.swc,interneuron,128,0.9766,0.9661
lmeasure_rf,neuromorpho__dysk-10.swc,interneuron,2183,1.0000,1.0000
lmeasure_rf,neuromorpho__dysk-11.swc,interneuron,1811,1.0000,1.0000
lmeasure_rf,neuromorpho__dysk-13.swc,interneuron,2937,1.0000,1.0000
lmeasure_rf,neuromorpho__dysk-14.swc,interneuron,2210,1.0000,1.0000
lmeasure_rf,neuromorpho__dysk-19.swc,interneuron,1601,1.0000,1.0000
lmeasure_rf,neuromorpho__dysk-4.swc,interneuron,1870,1.0000,1.0000
lmeasure_rf,neuromorpho__dysk-9-GT1.swc,interneuron,1204,1.0000,1.0000
lmeasure_rf,neuromorpho__exp-5-59-188-1006.swc,interneuron,7084,1.0000,1.0000
lmeasure_rf,neuromorpho__exp-5-59-188-1014.swc,interneuron,4506,1.0000,1.0000
lmeasure_rf,neuromorpho__exp-5-59-188-1015.swc,interneuron,3857,1.0000,1.0000
lmeasure_rf,neuromorpho__exp-5-59-Scr-1004.swc,interneuron,2445,1.0000,1.0000
lmeasure_rf,neuromorpho__exp-5-59-Scr-1010.swc,interneuron,1777,1.0000,1.0000
lmeasure_rf,neuromorpho__exp-5-59-Scr-1013.swc,interneuron,3554,1.0000,1.0000
lmeasure_rf,neuromorpho__EXP-5_67-188-1003.swc,interneuron,1051,1.0000,1.0000
lmeasure_rf,neuromorpho__EXP-5_67-188-1004.swc,interneuron,4681,1.0000,1.0000
lmeasure_rf,neuromorpho__EXP-5_67-Scr-1004.swc,interneuron,2288,1.0000,1.0000
lmeasure_rf,neuromorpho__EXP-5_67-Scr-1010.swc,interneuron,2036,1.0000,1.0000
lmeasure_rf,neuromorpho__EXP-5_67-Scr-1011.swc,interneuron,1607,1.0000,1.0000
lmeasure_rf,neuromorpho__Fig1b_140312-1rm6_int.swc,interneuron,61212,1.0000,1.0000
lmeasure_rf,neuromorpho__Fig1f_140909-2mg_int.swc,interneuron,30815,1.0000,1.0000
lmeasure_rf,neuromorpho__Fig2a_cell2_1404163rm.swc,interneuron,10848,1.0000,1.0000
lmeasure_rf,neuromorpho__Fig2a_cell5_141009_2og.swc,interneuron,7949,1.0000,1.0000
lmeasure_rf,neuromorpho__Fig4A331co2_NL_50mu.swc,interneuron,2633,1.0000,1.0000
lmeasure_rf,neuromorpho__Fig4C443co4_top_NL_50mu.swc,interneuron,1146,0.4616,0.3156
lmeasure_rf,neuromorpho__Gad2-IRES-Cre_Ai14-324791-03-02-02_648138988_m.swc,interneuron,9203,1.0000,1.0000
lmeasure_rf,neuromorpho__GGB-01-10-2019-2-R532.swc,interneuron,78363,1.0000,1.0000
lmeasure_rf,neuromorpho__GGB-7-24-15-1R.swc,interneuron,24074,1.0000,1.0000
lmeasure_rf,neuromorpho__H17-06-003-11-03-03_694168884_m.swc,interneuron,30285,1.0000,1.0000
lmeasure_rf,neuromorpho__H17-06-006-11-10-03_639632757_m.swc,interneuron,8684,1.0000,1.0000
lmeasure_rf,neuromorpho__H17-06-013-12-03-01_681002938_m.swc,interneuron,4016,1.0000,1.0000
lmeasure_rf,neuromorpho__Hcell13-set-2.swc,interneuron,2107,1.0000,1.0000
lmeasure_rf,neuromorpho__Hcell16-set-2.swc,interneuron,3641,1.0000,1.0000
lmeasure_rf,neuromorpho__Hcell2.swc,interneuron,3119,1.0000,1.0000
lmeasure_rf,neuromorpho__Hcell7.swc,interneuron,1551,1.0000,1.0000
lmeasure_rf,neuromorpho__hdINE-208-1-2-nrn-ns-120110-transl-invX-scaled-straightened.swc,interneuron,53,0.5472,1.0000
lmeasure_rf,neuromorpho__het-10.swc,interneuron,308,0.6039,0.3760
lmeasure_rf,neuromorpho__het-7.swc,interneuron,660,1.0000,1.0000
lmeasure_rf,neuromorpho__HFF1_4125_neurobiotin.swc,interneuron,4500,1.0000,1.0000
lmeasure_rf,neuromorpho__homo-3.swc,interneuron,2338,0.7258,0.6909
lmeasure_rf,neuromorpho__homo-6.swc,interneuron,1661,1.0000,1.0000
lmeasure_rf,neuromorpho__homo-7.swc,interneuron,2137,0.8067,0.7353
lmeasure_rf,neuromorpho__homo-9.swc,interneuron,1178,1.0000,1.0000
lmeasure_rf,neuromorpho__Htr3a-Cre_NO152_Pvalb-T2A-Dre_Ai66-313949-04-02-01_671531778_m.swc,interneuron,15218,1.0000,1.0000
lmeasure_rf,neuromorpho__I_1_39.swc,interneuron,29675,1.0000,1.0000
lmeasure_rf,neuromorpho__I_1_53.swc,interneuron,25730,1.0000,1.0000
lmeasure_rf,neuromorpho__I_1_65.swc,interneuron,18241,1.0000,1.0000
lmeasure_rf,neuromorpho__I_1_7.swc,interneuron,15305,1.0000,1.0000
lmeasure_rf,neuromorpho__I_2_42.swc,interneuron,52104,0.8877,0.5988
lmeasure_rf,neuromorpho__I_2_8.swc,interneuron,22241,1.0000,1.0000
lmeasure_rf,neuromorpho__interneuronEX.swc,interneuron,7317,0.0596,0.0561
lmeasure_rf,neuromorpho__j161128s1c7-rotated.swc,interneuron,35399,1.0000,1.0000
lmeasure_rf,neuromorpho__j161128s2c6-rotated.swc,interneuron,11686,1.0000,1.0000
lmeasure_rf,neuromorpho__J31a.swc,interneuron,5997,1.0000,1.0000
lmeasure_rf,neuromorpho__jy190506_B_idC.swc,interneuron,12883,0.4772,0.3230
lmeasure_rf,neuromorpho__L1R4_05_-390.swc,interneuron,129,1.0000,1.0000
lmeasure_rf,neuromorpho__L1R4_06_-615.swc,interneuron,155,1.0000,1.0000
lmeasure_rf,neuromorpho__L1R4_07_-240.swc,interneuron,133,1.0000,1.0000
lmeasure_rf,neuromorpho__L2R5_01_-550.swc,interneuron,231,1.0000,1.0000
lmeasure_rf,neuromorpho__L2R5_01_-585.swc,interneuron,384,1.0000,1.0000
lmeasure_rf,neuromorpho__L2R5_06_-360.swc,interneuron,327,1.0000,1.0000
lmeasure_rf,neuromorpho__L2R5_06_-525.swc,interneuron,249,1.0000,1.0000
lmeasure_rf,neuromorpho__L2R5_07_-345.swc,interneuron,181,1.0000,1.0000
lmeasure_rf,neuromorpho__L3R4_01_-315.swc,interneuron,194,1.0000,1.0000
lmeasure_rf,neuromorpho__L3R4_01_-525.swc,interneuron,731,1.0000,1.0000
lmeasure_rf,neuromorpho__L3R4_02_-240.swc,interneuron,215,1.0000,1.0000
lmeasure_rf,neuromorpho__L3R4_03_-330.swc,interneuron,311,1.0000,1.0000
lmeasure_rf,neuromorpho__L3R4_05_-240.swc,interneuron,380,1.0000,1.0000
lmeasure_rf,neuromorpho__L3R4_05_-300.swc,interneuron,851,1.0000,1.0000
lmeasure_rf,neuromorpho__L3R4_06_-150.swc,interneuron,345,1.0000,1.0000
lmeasure_rf,neuromorpho__L3R4_06_-195.swc,interneuron,423,1.0000,1.0000
lmeasure_rf,neuromorpho__L3R4_06_-450.swc,interneuron,287,1.0000,1.0000
lmeasure_rf,neuromorpho__L5FS4.swc,interneuron,1660,1.0000,1.0000
lmeasure_rf,neuromorpho__M282Ecel1.swc,interneuron,1353,1.0000,1.0000
lmeasure_rf,neuromorpho__M67_F2_a.swc,interneuron,596,1.0000,1.0000
lmeasure_rf,neuromorpho__M720Ecel1.swc,interneuron,3105,1.0000,1.0000
lmeasure_rf,neuromorpho__M723Spp1.swc,interneuron,871,1.0000,1.0000
lmeasure_rf,neuromorpho__M727.swc,interneuron,1906,1.0000,1.0000
lmeasure_rf,neuromorpho__M82_F2_S1.swc,interneuron,415,1.0000,1.0000
lmeasure_rf,neuromorpho__M_F_10.swc,interneuron,18607,1.0000,1.0000
lmeasure_rf,neuromorpho__M_F_2.swc,interneuron,22325,1.0000,1.0000
lmeasure_rf,neuromorpho__n255.swc,interneuron,2074,0.8563,1.0000
lmeasure_rf,neuromorpho__n260.swc,interneuron,700,0.4786,0.3233
lmeasure_rf,neuromorpho__NAS3.swc,interneuron,1291,1.0000,1.0000
lmeasure_rf,neuromorpho__NAS5.swc,interneuron,1254,1.0000,1.0000
lmeasure_rf,neuromorpho__NAS7.swc,interneuron,1345,1.0000,1.0000
lmeasure_rf,neuromorpho__Ndnf-IRES2-dgCre_Ai14-306261-05-02-01_591276334_m.swc,interneuron,15925,1.0000,1.0000
lmeasure_rf,neuromorpho__NGFC_160209_1M.swc,interneuron,8767,1.0000,1.0000
lmeasure_rf,neuromorpho__NGFC_160324_1M.swc,interneuron,25296,1.0000,1.0000
lmeasure_rf,neuromorpho__NGFC_171116_4.swc,interneuron,17166,0.9429,0.8283
lmeasure_rf,neuromorpho__Nkx2-1-CreERT2_Ai14-_IVSCC_-294488-04-02-01_649553736_m.swc,interneuron,14791,1.0000,1.0000
lmeasure_rf,neuromorpho__Nos1-CreERT2_Ai14_BT_-251975-06-01-01_563819177_m.swc,interneuron,16660,1.0000,1.0000
lmeasure_rf,neuromorpho__Nos1-CreERT2_Ai14_BT_-260226-04-02-01_596793240_m.swc,interneuron,10703,1.0000,1.0000
lmeasure_rf,neuromorpho__Nos1-CreERT2_Ai14_BT_-286854-04-01-01_596793070_m.swc,interneuron,15550,1.0000,1.0000
lmeasure_rf,neuromorpho__Nos1-CreERT2_Sst-IRES-FlpO_Ai65-271577-05-02-01_601947916_m.swc,interneuron,12545,1.0000,1.0000
lmeasure_rf,neuromorpho__Oxtr-2A-Cre_Ai14-293841-05-02-01_614432108_m.swc,interneuron,16820,1.0000,1.0000
lmeasure_rf,neuromorpho__P110715-02-BC.swc,interneuron,999,1.0000,1.0000
lmeasure_rf,neuromorpho__p110715-04-BC.swc,interneuron,2202,1.0000,1.0000
lmeasure_rf,neuromorpho__P111106-02-BC.swc,interneuron,2443,1.0000,1.0000
lmeasure_rf,neuromorpho__P111123-01-AAC.swc,interneuron,2647,1.0000,1.0000
lmeasure_rf,neuromorpho__P111123-03-AAC.swc,interneuron,1120,1.0000,1.0000
lmeasure_rf,neuromorpho__P111123-04n1-AAC.swc,interneuron,1233,1.0000,1.0000
lmeasure_rf,neuromorpho__P111123-04n2-AAC.swc,interneuron,1300,1.0000,1.0000
lmeasure_rf,neuromorpho__p120116-03-AAC.swc,interneuron,589,1.0000,1.0000
lmeasure_rf,neuromorpho__p73_vGluT2-ctrl_IN08.swc,interneuron,830,1.0000,1.0000
lmeasure_rf,neuromorpho__p73_vGluT2-ctrl_IN12.swc,interneuron,765,1.0000,1.0000
lmeasure_rf,neuromorpho__p73_vGluT2-ctrl_IN18.swc,interneuron,511,1.0000,1.0000
lmeasure_rf,neuromorpho__p73_vGluT2-KO_IN03.swc,interneuron,281,1.0000,1.0000
lmeasure_rf,neuromorpho__p73_vGluT2-KO_IN05.swc,interneuron,520,1.0000,1.0000
lmeasure_rf,neuromorpho__p73_vGluT2-KO_IN08.swc,interneuron,817,1.0000,1.0000
lmeasure_rf,neuromorpho__P_F_3.swc,interneuron,38607,1.0000,1.0000
lmeasure_rf,neuromorpho__P_F_6.swc,interneuron,31739,1.0000,1.0000
lmeasure_rf,neuromorpho__pair01-09-11-C-final1.swc,interneuron,2330,1.0000,1.0000
lmeasure_rf,neuromorpho__PDE1c_vGluT2-ctrl_IN01.swc,interneuron,574,1.0000,1.0000
lmeasure_rf,neuromorpho__PDE1c_vGluT2-ctrl_IN03.swc,interneuron,551,1.0000,1.0000
lmeasure_rf,neuromorpho__PDE1c_vGluT2-ctrl_IN08.swc,interneuron,259,1.0000,1.0000
lmeasure_rf,neuromorpho__PDE1c_vGluT2-ctrl_IN18.swc,interneuron,614,1.0000,1.0000
lmeasure_rf,neuromorpho__PDE1c_vGluT2-ctrl_IN20.swc,interneuron,455,1.0000,1.0000
lmeasure_rf,neuromorpho__PDE1c_vGluT2-ctrl_IN26.swc,interneuron,446,1.0000,1.0000
lmeasure_rf,neuromorpho__PDE1c_vGluT2-ctrl_IN33.swc,interneuron,529,1.0000,1.0000
lmeasure_rf,neuromorpho__PDE1c_vGluT2-ctrl_IN34.swc,interneuron,507,1.0000,1.0000
lmeasure_rf,neuromorpho__PDE1c_vGluT2-ctrl_IN35.swc,interneuron,737,1.0000,1.0000
lmeasure_rf,neuromorpho__PDE1c_vGluT2-KO_IN01.swc,interneuron,338,1.0000,1.0000
lmeasure_rf,neuromorpho__PDE1c_vGluT2-KO_IN05.swc,interneuron,879,1.0000,1.0000
lmeasure_rf,neuromorpho__PDE1c_vGluT2-KO_IN06.swc,interneuron,604,1.0000,1.0000
lmeasure_rf,neuromorpho__PDE1c_vGluT2-KO_IN07.swc,interneuron,691,1.0000,1.0000
lmeasure_rf,neuromorpho__PDE1c_vGluT2-KO_IN14.swc,interneuron,261,1.0000,1.0000
lmeasure_rf,neuromorpho__PDE1c_vGluT2-KO_IN23.swc,interneuron,455,1.0000,1.0000
lmeasure_rf,neuromorpho__PDE1c_vGluT2-KO_IN33.swc,interneuron,968,1.0000,1.0000
lmeasure_rf,neuromorpho__PDE1c_vGluT2-KO_IN38.swc,interneuron,784,1.0000,1.0000
lmeasure_rf,neuromorpho__PDE1c_vGluT2-KO_IN42.swc,interneuron,691,1.0000,1.0000
lmeasure_rf,neuromorpho__PFC-20140312B_Analysis.swc,interneuron,15042,1.0000,1.0000
lmeasure_rf,neuromorpho__PFC07072016D_Analysis.swc,interneuron,22362,1.0000,1.0000
lmeasure_rf,neuromorpho__PFC13022019C_Analysis.swc,interneuron,11581,1.0000,1.0000
lmeasure_rf,neuromorpho__PFC160308A_Analysis.swc,interneuron,20183,1.0000,1.0000
lmeasure_rf,neuromorpho__PFC160621A_Analysis.swc,interneuron,72435,1.0000,1.0000
lmeasure_rf,neuromorpho__PSD24-F2b-S1.swc,interneuron,464,1.0000,1.0000
lmeasure_rf,neuromorpho__PSD29-F1-S1.swc,interneuron,655,1.0000,1.0000
lmeasure_rf,neuromorpho__Pvalb-IRES-Cre_Ai14-198335-04-01-01_653182186_m.swc,interneuron,10340,1.0000,1.0000
lmeasure_rf,neuromorpho__Pvalb-IRES-Cre_Ai14-296193-03-01-02_650175812_m.swc,interneuron,18692,1.0000,1.0000
lmeasure_rf,neuromorpho__Pvalb-IRES-Cre_Ai14-296193-04-01-01_596792650_m.swc,interneuron,32682,1.0000,1.0000
lmeasure_rf,neuromorpho__Pvalb-IRES-Cre_Ai14-305768-04-02-01_656999337_m.swc,interneuron,15273,1.0000,1.0000
lmeasure_rf,neuromorpho__retina1_petal1_n4.swc,interneuron,4954,1.0000,1.0000
lmeasure_rf,neuromorpho__retina1_petal3_n11.swc,interneuron,9242,1.0000,1.0000
lmeasure_rf,neuromorpho__retina1_petal3_n12.swc,interneuron,5797,1.0000,1.0000
lmeasure_rf,neuromorpho__retina1_petal3_n5.swc,interneuron,9398,1.0000,1.0000
lmeasure_rf,neuromorpho__retina1_petal3_n8.swc,interneuron,10023,1.0000,1.0000
lmeasure_rf,neuromorpho__retina2_n3.swc,interneuron,10098,1.0000,1.0000
lmeasure_rf,neuromorpho__retina2_n4.swc,interneuron,8420,1.0000,1.0000
lmeasure_rf,neuromorpho__retina3_n1.swc,interneuron,7499,1.0000,1.0000
lmeasure_rf,neuromorpho__retina3_n6.swc,interneuron,7764,1.0000,1.0000
lmeasure_rf,neuromorpho__retina4_petal1_n12.swc,interneuron,8692,1.0000,1.0000
lmeasure_rf,neuromorpho__retina4_petal1_n4.swc,interneuron,7363,1.0000,1.0000
lmeasure_rf,neuromorpho__retina4_petal1_n8.swc,interneuron,7246,1.0000,1.0000
lmeasure_rf,neuromorpho__retina4_petal2_n2.swc,interneuron,9905,1.0000,1.0000
lmeasure_rf,neuromorpho__retina4_petal3_n12.swc,interneuron,8161,1.0000,1.0000
lmeasure_rf,neuromorpho__retina4_petal3_n5.swc,interneuron,7824,1.0000,1.0000
lmeasure_rf,neuromorpho__retina4_petal3_n8.swc,interneuron,8774,1.0000,1.0000
lmeasure_rf,neuromorpho__retina4_petal4_n2.swc,interneuron,7809,1.0000,1.0000
lmeasure_rf,neuromorpho__retina4_petal4_n7.swc,interneuron,10288,1.0000,1.0000
lmeasure_rf,neuromorpho__retina5_petal1_n1.swc,interneuron,6811,1.0000,1.0000
lmeasure_rf,neuromorpho__retina5_petal1_n7.swc,interneuron,8453,1.0000,1.0000
lmeasure_rf,neuromorpho__retina5_petal2_n2.swc,interneuron,8403,1.0000,1.0000
lmeasure_rf,neuromorpho__retina5_petal3_n5.swc,interneuron,6920,1.0000,1.0000
lmeasure_rf,neuromorpho__retina5_petal3_n6.swc,interneuron,8290,1.0000,1.0000
lmeasure_rf,neuromorpho__retina5_petal3_n7.swc,interneuron,11725,1.0000,1.0000
lmeasure_rf,neuromorpho__retina5_petal3_n9.swc,interneuron,6120,1.0000,1.0000
lmeasure_rf,neuromorpho__retina5_petal4_n1.swc,interneuron,7959,1.0000,1.0000
lmeasure_rf,neuromorpho__retina5_petal4_n2.swc,interneuron,3100,0.4987,0.3327
lmeasure_rf,neuromorpho__retina5_petal4_n7.swc,interneuron,5407,1.0000,1.0000
lmeasure_rf,neuromorpho__retina6_petal1_n8.swc,interneuron,5813,1.0000,1.0000
lmeasure_rf,neuromorpho__retina6_petal2_n2.swc,interneuron,5041,1.0000,1.0000
lmeasure_rf,neuromorpho__retina7_petal2_n2.swc,interneuron,4896,1.0000,1.0000
lmeasure_rf,neuromorpho__retina7_petal3_n7.swc,interneuron,1943,0.5605,0.3591
lmeasure_rf,neuromorpho__retina7_petal3_n9.swc,interneuron,5003,1.0000,1.0000
lmeasure_rf,neuromorpho__retina7_petal4_n1.swc,interneuron,4173,0.5533,0.3562
lmeasure_rf,neuromorpho__retina7_petal4_n4.swc,interneuron,7071,1.0000,1.0000
lmeasure_rf,neuromorpho__retina7_petal4_n6.swc,interneuron,6749,1.0000,1.0000
lmeasure_rf,neuromorpho__retina7_petal4_n7.swc,interneuron,9533,1.0000,1.0000
lmeasure_rf,neuromorpho__RG2-F9-cell1.swc,interneuron,600,1.0000,1.0000
lmeasure_rf,neuromorpho__RG3-F1.swc,interneuron,1105,1.0000,1.0000
lmeasure_rf,neuromorpho__rotated_CR-0319a_ax2.swc,interneuron,30987,1.0000,1.0000
lmeasure_rf,neuromorpho__S2979-x1-25.swc,interneuron,12792,1.0000,1.0000
lmeasure_rf,neuromorpho__S3117_20140612-x1-25.swc,interneuron,8936,1.0000,1.0000
lmeasure_rf,neuromorpho__sc308.swc,interneuron,297,1.0000,1.0000
lmeasure_rf,neuromorpho__sec-12.swc,interneuron,358,0.7765,0.4369
lmeasure_rf,neuromorpho__sec-13.swc,interneuron,289,1.0000,1.0000
lmeasure_rf,neuromorpho__SM080618A2.swc,interneuron,14569,1.0000,1.0000
lmeasure_rf,neuromorpho__SST2A-GFP-SST-VGLUT2-cell-3.swc,interneuron,123,1.0000,1.0000
lmeasure_rf,neuromorpho__SST2A-GFP-SST-VGLUT2-cell-4.swc,interneuron,132,1.0000,1.0000
lmeasure_rf,neuromorpho__STRESS-1-N3_1.swc,interneuron,356,1.0000,1.0000
lmeasure_rf,neuromorpho__STRESS-1-N4.swc,interneuron,338,1.0000,1.0000
lmeasure_rf,neuromorpho__STRESS-1-N4_1.swc,interneuron,664,1.0000,1.0000
lmeasure_rf,neuromorpho__STRESS-1-N5_1.swc,interneuron,602,1.0000,1.0000
lmeasure_rf,neuromorpho__STRESS-2-N2.swc,interneuron,1069,1.0000,1.0000
lmeasure_rf,neuromorpho__STRESS-2-N4_1.swc,interneuron,1211,1.0000,1.0000
lmeasure_rf,neuromorpho__STRESS-2-N7_1.swc,interneuron,544,1.0000,1.0000
lmeasure_rf,neuromorpho__STRESS-3-N1.swc,interneuron,991,1.0000,1.0000
lmeasure_rf,neuromorpho__STRESS-3-N4.swc,interneuron,1371,1.0000,1.0000
lmeasure_rf,neuromorpho__STRESS-4-N1.swc,interneuron,702,1.0000,1.0000
lmeasure_rf,neuromorpho__STRESS-4-N3.swc,interneuron,455,1.0000,1.0000
lmeasure_rf,neuromorpho__STRESS-5-N2.swc,interneuron,788,1.0000,1.0000
lmeasure_rf,neuromorpho__STRESS-5-N5.swc,interneuron,687,1.0000,1.0000
lmeasure_rf,neuromorpho__STRESS-6-N2_1.swc,interneuron,1958,1.0000,1.0000
lmeasure_rf,neuromorpho__STRESS-7-N6.swc,interneuron,1818,1.0000,1.0000
lmeasure_rf,neuromorpho__T44a.swc,interneuron,4278,1.0000,1.0000
lmeasure_rf,neuromorpho__T75.swc,interneuron,2112,1.0000,1.0000
lmeasure_rf,neuromorpho__TDI21301009_cell5_L6_pia_WM.swc,interneuron,7179,1.0000,1.0000
lmeasure_rf,neuromorpho__TDI21301010_Cell6_pia.swc,interneuron,12183,1.0000,1.0000
lmeasure_rf,neuromorpho__TDI21301012_Cell11_pia.swc,interneuron,18817,1.0000,1.0000
lmeasure_rf,neuromorpho__TDI21301012_Cell1_pia.swc,interneuron,23328,1.0000,1.0000
lmeasure_rf,neuromorpho__TDI21301013_cell2_spines_pia.swc,interneuron,27195,1.0000,1.0000
lmeasure_rf,neuromorpho__TDI21301015_Cell1_pia.swc,interneuron,22332,1.0000,1.0000
lmeasure_rf,neuromorpho__TDI21301019_Cell3_spine_pia.swc,interneuron,14471,1.0000,1.0000
lmeasure_rf,neuromorpho__TDI21302012_cell3_pia.swc,interneuron,14049,1.0000,1.0000
lmeasure_rf,neuromorpho__Tile1-2_12N5-8162019-b-tile2fcfc2-2a.swc,interneuron,2872,1.0000,1.0000
lmeasure_rf,neuromorpho__TileScan-5_Merged_12N7-8162019_fcfc3a.swc,interneuron,751,1.0000,1.0000
lmeasure_rf,neuromorpho__TM-10-02-15-AR.swc,interneuron,45789,1.0000,1.0000
lmeasure_rf,neuromorpho__TM-12-19-13-DR.swc,interneuron,9279,0.7558,1.0000
lmeasure_rf,neuromorpho__TT-3-20-14-1R.swc,interneuron,30744,1.0000,1.0000
lmeasure_rf,neuromorpho__Vip-IRES-Cre_Ai14-287858-04-01-01_596793095_m.swc,interneuron,13697,1.0000,1.0000
lmeasure_rf,neuromorpho__Vip-IRES-Cre_Ai14-294013-04-02-01_591275914_m.swc,interneuron,8105,1.0000,1.0000
lmeasure_rf,neuromorpho__VIP_170223_1A.swc,interneuron,6997,1.0000,1.0000
lmeasure_rf,neuromorpho__Vipr2-IRES2-Cre_Ai14-316908-04-02-01_648577094_m.swc,interneuron,19130,1.0000,1.0000
lmeasure_rf,neuromorpho__Vipr2-IRES2-Cre_Pvalb-T2A-FlpO_Ai65-344474-05-01-01_645075400_m.swc,interneuron,14474,1.0000,1.0000
lmeasure_rf,neuromorpho__Vipr2-IRES2-Cre_Slc32a1-T2A-FlpO_Ai65-315067-04-02-01_610886090_m.swc,interneuron,8241,1.0000,1.0000
lmeasure_rf,neuromorpho__Vipr2-IRES2-Cre_Slc32a1-T2A-FlpO_Ai65-315067-05-02-01_610886173_m.swc,interneuron,10490,1.0000,1.0000
lmeasure_rf,neuromorpho__Vipr2-IRES2-Cre_Slc32a1-T2A-FlpO_Ai65-315072-05-01-01_638976782_m.swc,interneuron,14339,1.0000,1.0000
lmeasure_rf,neuromorpho__VS1-cobalt.swc,interneuron,1007,0.9235,0.4801
lmeasure_rf,neuromorpho__VS4-cobalt.swc,interneuron,989,0.8797,0.4680
lmeasure_rf,neuromorpho__Wang_Lefebvre_Cell26.swc,interneuron,6102,0.6449,0.3920
lmeasure_rf,neuromorpho__Wang_Lefebvre_Cell4.swc,interneuron,9405,1.0000,1.0000
lmeasure_rf,neuromorpho__YG-03-01-18-2-R-390-quant.swc,interneuron,9837,1.0000,1.0000
lmeasure_rf,neuromorpho__Zs201221-01_dors_20x_onlydendrites.swc,interneuron,1617,1.0000,1.0000
lmeasure_rf,neuromorpho__Zs201221-01_ventral_20x_onlydendrites.swc,interneuron,1717,1.0000,1.0000
lmeasure_rf,neuromorpho__Zs201221-02_ventral_20x_onlydendrites.swc,interneuron,2423,1.0000,1.0000
lmeasure_rf,neuromorpho__Zs201222-02_ventral_medial_20x_onlydendrites.swc,interneuron,1168,1.0000,1.0000
lmeasure_rf,neuromorpho__Zs210113-0302_ventral_onlydendrites.swc,interneuron,812,1.0000,1.0000
sholl_rf,allen__H16.03.006.01.03.04_537313600.swc,pyramidal,25936,1.0000,1.0000
sholl_rf,allen__H16.03.008.11.11.02_542137330.swc,pyramidal,8238,0.9080,0.8998
sholl_rf,allen__H16.06.004.01.04.03_508282493.swc,pyramidal,10880,1.0000,1.0000
sholl_rf,allen__H16.06.010.01.01.10.02_529898751.swc,pyramidal,22644,0.8907,0.7694
sholl_rf,allen__H17.03.002.11.04.04_569844159.swc,pyramidal,5107,1.0000,1.0000
sholl_rf,allen__H17.03.010.11.13.06_601958555.swc,pyramidal,10449,1.0000,1.0000
sholl_rf,allen__H17.06.005.12.15.04_571471295.swc,pyramidal,17244,0.8082,0.5048
sholl_rf,allen__H17.06.005.12.16.03_571527806.swc,pyramidal,8165,0.8545,0.6305
sholl_rf,allen__H17.06.005.13.05.06_571500474.swc,pyramidal,5576,0.3831,0.1846
sholl_rf,allen__H17.06.006.11.08.02_571624532.swc,pyramidal,26161,1.0000,1.0000
sholl_rf,hpf_ca1__201983_012_edited.swc,pyramidal,9410,0.9942,0.9886
sholl_rf,hpf_ca1__201990_029_edited.swc,pyramidal,74990,1.0000,1.0000
sholl_rf,hpf_ca1__202217_014_edited.swc,pyramidal,31115,1.0000,1.0000
sholl_rf,hpf_ca1__202217_020_edited.swc,pyramidal,33093,1.0000,1.0000
sholl_rf,hpf_ca1__202217_022_edited.swc,pyramidal,13624,1.0000,1.0000
sholl_rf,hpf_ca1__202217_023_edited.swc,pyramidal,16882,1.0000,1.0000
sholl_rf,hpf_ca1__202219_002_edited.swc,pyramidal,18678,1.0000,1.0000
sholl_rf,hpf_ca1__202219_010_edited.swc,pyramidal,31281,0.9961,0.9689
sholl_rf,hpf_ca1__202219_020_edited.swc,pyramidal,47591,0.9518,0.7879
sholl_rf,hpf_ca1__202219_028_edited.swc,pyramidal,81215,0.9384,0.6774
sholl_rf,hpf_ca1__202219_031_edited.swc,pyramidal,15259,1.0000,1.0000
sholl_rf,hpf_ca1__202220_077_edited.swc,pyramidal,29822,1.0000,1.0000
sholl_rf,hpf_ca1__202224_002_edited.swc,pyramidal,3065,0.7165,0.4174
sholl_rf,hpf_ca1__202224_005_edited.swc,pyramidal,15471,0.6047,0.5750
sholl_rf,hpf_ca1__202225_004_edited.swc,pyramidal,44311,1.0000,1.0000
sholl_rf,hpf_ca1__202226_005_edited.swc,pyramidal,30905,1.0000,1.0000
sholl_rf,hpf_ca1__202226_012_edited.swc,pyramidal,30380,1.0000,1.0000
sholl_rf,hpf_ca1__202230_009_edited.swc,pyramidal,20282,1.0000,1.0000
sholl_rf,hpf_ca1__202230_010_edited.swc,pyramidal,23971,1.0000,1.0000
sholl_rf,hpf_ca1__202232_020_edited.swc,pyramidal,22249,1.0000,1.0000
sholl_rf,hpf_ca1__202232_022_edited.swc,pyramidal,118347,1.0000,1.0000
sholl_rf,hpf_ca1__202232_069_edited.swc,pyramidal,14507,1.0000,1.0000
sholl_rf,hpf_ca1__202232_071_edited.swc,pyramidal,16712,0.9999,0.9997
sholl_rf,hpf_ca1__202233_010_edited.swc,pyramidal,89353,1.0000,1.0000
sholl_rf,hpf_ca1__202233_014_edited.swc,pyramidal,21401,1.0000,1.0000
sholl_rf,hpf_ca1__202234_014_edited.swc,pyramidal,13715,1.0000,1.0000
sholl_rf,hpf_ca1__202234_019_edited.swc,pyramidal,32901,1.0000,1.0000
sholl_rf,hpf_ca1__202234_026_edited.swc,pyramidal,105116,1.0000,1.0000
sholl_rf,hpf_ca1__202237_014_edited.swc,pyramidal,82589,1.0000,1.0000
sholl_rf,hpf_ca1__202237_022_edited.swc,pyramidal,37107,1.0000,1.0000
sholl_rf,hpf_ca1__202237_028_edited.swc,pyramidal,29490,1.0000,1.0000
sholl_rf,hpf_ca1__202237_030_edited.swc,pyramidal,37085,1.0000,1.0000
sholl_rf,hpf_ca1__202237_148_edited.swc,pyramidal,20025,1.0000,1.0000
sholl_rf,hpf_ca1__202237_155_edited.swc,pyramidal,48853,1.0000,1.0000
sholl_rf,hpf_ca1__202238_010_edited.swc,pyramidal,40434,1.0000,1.0000
sholl_rf,hpf_ca1__202238_011_edited.swc,pyramidal,31386,1.0000,1.0000
sholl_rf,hpf_ca1__202238_016_edited.swc,pyramidal,19790,1.0000,1.0000
sholl_rf,hpf_ca1__202238_020_edited.swc,pyramidal,57572,1.0000,1.0000
sholl_rf,hpf_ca1__202238_037_edited.swc,pyramidal,30131,1.0000,1.0000
sholl_rf,hpf_ca1__202239_001_edited.swc,pyramidal,102203,1.0000,1.0000
sholl_rf,hpf_ca1__202239_002_edited.swc,pyramidal,53262,1.0000,1.0000
sholl_rf,hpf_ca1__202239_003_edited.swc,pyramidal,66236,1.0000,1.0000
sholl_rf,hpf_ca1__202240_013_edited.swc,pyramidal,61254,1.0000,1.0000
sholl_rf,hpf_ca1__202240_017_edited.swc,pyramidal,41036,1.0000,1.0000
sholl_rf,hpf_ca1__202240_021_edited.swc,pyramidal,18234,1.0000,1.0000
sholl_rf,hpf_ca1__202240_038_edited.swc,pyramidal,33672,1.0000,1.0000
sholl_rf,hpf_ca1__202240_041_edited.swc,pyramidal,56404,0.9806,0.8861
sholl_rf,hpf_ca1__202241_005_edited.swc,pyramidal,22133,1.0000,1.0000
sholl_rf,hpf_ca1__202241_012_edited.swc,pyramidal,12322,1.0000,1.0000
sholl_rf,hpf_ca1__202242_002_edited.swc,pyramidal,29425,0.8533,0.6388
sholl_rf,hpf_ca1__202242_004_edited.swc,pyramidal,11334,1.0000,1.0000
sholl_rf,hpf_ca1__202242_006_edited.swc,pyramidal,25594,1.0000,1.0000
sholl_rf,hpf_ca1__202243_005_edited.swc,pyramidal,31496,1.0000,1.0000
sholl_rf,hpf_ca1__202243_010_edited.swc,pyramidal,20445,1.0000,1.0000
sholl_rf,hpf_ca1__202243_015_edited.swc,pyramidal,6058,1.0000,1.0000
sholl_rf,hpf_ca1__202244_004_edited.swc,pyramidal,18757,0.9140,0.6150
sholl_rf,hpf_ca1__202244_005_edited.swc,pyramidal,16774,1.0000,1.0000
sholl_rf,hpf_ca1__202244_019_edited.swc,pyramidal,2467,0.6494,0.5000
sholl_rf,hpf_ca1__202246_001_edited.swc,pyramidal,32941,0.7561,0.6557
sholl_rf,hpf_ca1__202246_024_edited.swc,pyramidal,61272,0.9780,0.8703
sholl_rf,hpf_ca1__202246_025_edited.swc,pyramidal,31673,1.0000,1.0000
sholl_rf,hpf_ca1__202248_016_edited.swc,pyramidal,14839,1.0000,1.0000
sholl_rf,hpf_ca1__202248_022_edited.swc,pyramidal,13308,0.9999,0.9998
sholl_rf,hpf_ca1__202248_024_edited.swc,pyramidal,24732,1.0000,1.0000
sholl_rf,hpf_ca1__202249_008_edited.swc,pyramidal,24715,1.0000,1.0000
sholl_rf,hpf_ca1__202250_004_edited.swc,pyramidal,30531,1.0000,1.0000
sholl_rf,hpf_ca1__202252_002_edited.swc,pyramidal,25003,0.8555,0.4523
sholl_rf,hpf_ca1__202252_010_edited.swc,pyramidal,11173,1.0000,1.0000
sholl_rf,hpf_ca1__202258_033_edited.swc,pyramidal,32563,1.0000,1.0000
sholl_rf,hpf_ca1__202259_054_edited.swc,pyramidal,26126,0.9664,0.5213
sholl_rf,hpf_ca1__202259_063_edited.swc,pyramidal,85190,1.0000,1.0000
sholl_rf,hpf_ca1__202259_070_edited.swc,pyramidal,55269,1.0000,1.0000
sholl_rf,hpf_ca1__202259_079_edited.swc,pyramidal,54665,1.0000,1.0000
sholl_rf,hpf_ca1__202259_108_edited.swc,pyramidal,37319,1.0000,1.0000
sholl_rf,hpf_ca1__202261_006_edited.swc,pyramidal,48601,1.0000,1.0000
sholl_rf,hpf_ca1__202261_023_edited.swc,pyramidal,38659,1.0000,1.0000
sholl_rf,hpf_ca1__202261_116_edited.swc,pyramidal,27094,1.0000,1.0000
sholl_rf,hpf_ca1__202264_036_edited.swc,pyramidal,45110,1.0000,1.0000
sholl_rf,hpf_ca1__202266_009_edited.swc,pyramidal,37480,1.0000,1.0000
sholl_rf,hpf_ca1__202271_141_edited.swc,pyramidal,64088,1.0000,1.0000
sholl_rf,hpf_ca1__202271_146_edited.swc,pyramidal,15617,1.0000,1.0000
sholl_rf,hpf_ca1__202271_179_edited.swc,pyramidal,22142,1.0000,1.0000
sholl_rf,hpf_ca1__202272_102_edited.swc,pyramidal,43119,1.0000,1.0000
sholl_rf,hpf_ca1__202273_055_edited.swc,pyramidal,41730,0.9617,0.7741
sholl_rf,hpf_ca1__202274_087_edited.swc,pyramidal,20785,1.0000,1.0000
sholl_rf,hpf_ca1__202274_093_edited.swc,pyramidal,35235,1.0000,1.0000
sholl_rf,hpf_ca1__202274_126_edited.swc,pyramidal,8387,0.7299,0.6780
sholl_rf,hpf_ca1__202392_001_edited.swc,pyramidal,34301,1.0000,1.0000
sholl_rf,hpf_ca1__202392_002_edited.swc,pyramidal,62170,1.0000,1.0000
sholl_rf,hpf_ca1__202393_002_edited.swc,pyramidal,59225,1.0000,1.0000
sholl_rf,hpf_ca1__202396_035_edited.swc,pyramidal,48891,1.0000,1.0000
sholl_rf,hpf_ca1__202396_051_edited.swc,pyramidal,44449,1.0000,1.0000
sholl_rf,hpf_ca1__202396_173_edited.swc,pyramidal,75572,0.9744,0.5842
sholl_rf,hpf_ca1__202396_184_edited.swc,pyramidal,45900,1.0000,1.0000
sholl_rf,hpf_ca1__202399_012_edited.swc,pyramidal,47774,1.0000,1.0000
sholl_rf,hpf_ca1__202400_008_edited.swc,pyramidal,18099,1.0000,1.0000
sholl_rf,hpf_ca1__202400_018_edited.swc,pyramidal,74049,1.0000,1.0000
sholl_rf,hpf_ca1__202400_033_edited.swc,pyramidal,66082,1.0000,1.0000
sholl_rf,hpf_ca1__202400_049_edited.swc,pyramidal,14459,1.0000,1.0000
sholl_rf,hpf_ca1__202400_117_edited.swc,pyramidal,21137,1.0000,1.0000
sholl_rf,hpf_ca1__202401_144_edited.swc,pyramidal,50041,1.0000,1.0000
sholl_rf,hpf_ca1__202401_205_edited.swc,pyramidal,68375,0.9867,0.8957
sholl_rf,hpf_ca1__202401_229_edited.swc,pyramidal,63673,1.0000,1.0000
sholl_rf,hpf_ca1__202402_015_edited.swc,pyramidal,40277,1.0000,1.0000
sholl_rf,hpf_ca1__202402_016_edited.swc,pyramidal,15991,1.0000,1.0000
sholl_rf,hpf_ca1__202402_025_edited.swc,pyramidal,52984,1.0000,1.0000
sholl_rf,hpf_ca1__202402_054_edited.swc,pyramidal,42176,1.0000,1.0000
sholl_rf,hpf_ca1__202403_125_edited.swc,pyramidal,85402,1.0000,1.0000
sholl_rf,hpf_ca1__202403_126_edited.swc,pyramidal,104418,1.0000,1.0000
sholl_rf,hpf_ca1__202403_129_edited.swc,pyramidal,119979,0.9893,0.9160
sholl_rf,hpf_ca1__202404_038_edited.swc,pyramidal,95209,0.9834,0.8955
sholl_rf,hpf_ca1__202404_041_edited.swc,pyramidal,53487,0.9928,0.9510
sholl_rf,hpf_ca1__202409_001_edited.swc,pyramidal,60887,0.9769,0.8605
sholl_rf,hpf_ca1__202409_003_edited.swc,pyramidal,23409,1.0000,1.0000
sholl_rf,hpf_ca1__202410_002_edited.swc,pyramidal,27576,1.0000,1.0000
sholl_rf,hpf_ca1__202410_008_edited.swc,pyramidal,18551,1.0000,1.0000
sholl_rf,hpf_ca1__202410_011_edited.swc,pyramidal,46236,1.0000,1.0000
sholl_rf,hpf_ca1__202410_017_edited.swc,pyramidal,26447,1.0000,1.0000
sholl_rf,hpf_ca1__202411_004_edited.swc,pyramidal,17173,1.0000,1.0000
sholl_rf,hpf_ca1__202411_007_edited.swc,pyramidal,18419,1.0000,1.0000
sholl_rf,hpf_ca1__202412_006_edited.swc,pyramidal,9590,1.0000,1.0000
sholl_rf,hpf_ca1__202412_007_edited.swc,pyramidal,78218,1.0000,1.0000
sholl_rf,hpf_ca1__202412_009_edited.swc,pyramidal,36311,1.0000,1.0000
sholl_rf,hpf_ca1__202412_013_edited.swc,pyramidal,38894,1.0000,1.0000
sholl_rf,hpf_ca1__202413_061_edited.swc,pyramidal,77986,1.0000,1.0000
sholl_rf,hpf_ca1__202414_008_edited.swc,pyramidal,81211,1.0000,1.0000
sholl_rf,hpf_ca1__202414_260_edited.swc,pyramidal,31302,1.0000,1.0000
sholl_rf,hpf_ca1__202414_448_edited.swc,pyramidal,98179,1.0000,1.0000
sholl_rf,hpf_ca1__202414_533_edited.swc,pyramidal,90455,1.0000,1.0000
sholl_rf,hpf_ca1__202414_540_edited.swc,pyramidal,62719,1.0000,1.0000
sholl_rf,hpf_ca1__202415_026_edited.swc,pyramidal,81121,1.0000,1.0000
sholl_rf,hpf_ca1__202415_035_edited.swc,pyramidal,39108,1.0000,1.0000
sholl_rf,hpf_ca1__202417_006_edited.swc,pyramidal,36956,1.0000,1.0000
sholl_rf,hpf_ca1__202417_047_edited.swc,pyramidal,12723,1.0000,1.0000
sholl_rf,hpf_ca1__202422_010_edited.swc,pyramidal,15440,1.0000,1.0000
sholl_rf,hpf_ca1__202423_003_edited.swc,pyramidal,62691,1.0000,1.0000
sholl_rf,hpf_ca1__202423_004_edited.swc,pyramidal,31408,1.0000,1.0000
sholl_rf,hpf_ca1__202423_009_edited.swc,pyramidal,48791,1.0000,1.0000
sholl_rf,hpf_ca1__202423_013_edited.swc,pyramidal,45777,1.0000,1.0000
sholl_rf,hpf_ca1__202423_018_edited.swc,pyramidal,12551,1.0000,1.0000
sholl_rf,hpf_ca1__202423_033_edited.swc,pyramidal,59489,1.0000,1.0000
sholl_rf,hpf_ca1__202426_023_edited.swc,pyramidal,21107,0.9085,0.7654
sholl_rf,hpf_ca1__202426_024_edited.swc,pyramidal,17150,1.0000,1.0000
sholl_rf,hpf_ca1__202426_025_edited.swc,pyramidal,29420,1.0000,1.0000
sholl_rf,hpf_ca1__202426_026_edited.swc,pyramidal,17563,1.0000,1.0000
sholl_rf,hpf_ca1__202426_044_edited.swc,pyramidal,62280,1.0000,1.0000
sholl_rf,hpf_ca1__202426_054_edited.swc,pyramidal,31714,0.9790,0.8301
sholl_rf,hpf_ca1__202426_055_edited.swc,pyramidal,104139,1.0000,1.0000
sholl_rf,hpf_ca1__202426_098_edited.swc,pyramidal,45169,1.0000,1.0000
sholl_rf,hpf_ca1__202426_132_edited.swc,pyramidal,64236,1.0000,1.0000
sholl_rf,hpf_ca1__202427_048_edited.swc,pyramidal,51550,1.0000,1.0000
sholl_rf,hpf_ca1__202427_096_edited.swc,pyramidal,3506,0.1917,0.5000
sholl_rf,hpf_ca1__202427_143_edited.swc,pyramidal,84679,1.0000,1.0000
sholl_rf,hpf_ca1__202428_004_edited.swc,pyramidal,41485,1.0000,1.0000
sholl_rf,hpf_ca1__202428_037_edited.swc,pyramidal,42644,1.0000,1.0000
sholl_rf,hpf_ca1__202461_009_edited.swc,pyramidal,55879,1.0000,1.0000
sholl_rf,hpf_ca1__202461_027_edited.swc,pyramidal,51205,1.0000,1.0000
sholl_rf,hpf_ca1__202497_009_edited.swc,pyramidal,66021,1.0000,1.0000
sholl_rf,hpf_ca1__202497_020_edited.swc,pyramidal,32754,1.0000,1.0000
sholl_rf,hpf_ca1__202497_022_edited.swc,pyramidal,43240,1.0000,1.0000
sholl_rf,hpf_ca1__202498_003_edited.swc,pyramidal,32575,1.0000,1.0000
sholl_rf,hpf_ca1__202498_021_edited.swc,pyramidal,51862,1.0000,1.0000
sholl_rf,hpf_ca1__202499_016_edited.swc,pyramidal,34267,1.0000,1.0000
sholl_rf,hpf_ca1__202499_017_edited.swc,pyramidal,22802,1.0000,1.0000
sholl_rf,hpf_ca1__202499_020_edited.swc,pyramidal,48925,1.0000,1.0000
sholl_rf,hpf_ca1__202500_003_edited.swc,pyramidal,58304,1.0000,1.0000
sholl_rf,hpf_ca1__202500_006_edited.swc,pyramidal,26976,1.0000,1.0000
sholl_rf,hpf_ca1__202500_007_edited.swc,pyramidal,37389,1.0000,1.0000
sholl_rf,hpf_ca1__202501_017_edited.swc,pyramidal,48046,1.0000,1.0000
sholl_rf,hpf_ca1__202501_019_edited.swc,pyramidal,48560,1.0000,1.0000
sholl_rf,hpf_ca1__202503_021_edited.swc,pyramidal,79598,1.0000,1.0000
sholl_rf,hpf_ca1__202503_024_edited.swc,pyramidal,95221,1.0000,1.0000
sholl_rf,hpf_ca1__202503_036_edited.swc,pyramidal,51159,1.0000,1.0000
sholl_rf,hpf_ca1__202506_008_edited.swc,pyramidal,45733,1.0000,1.0000
sholl_rf,hpf_ca1__202506_039_edited.swc,pyramidal,66475,0.9856,0.5940
sholl_rf,hpf_ca1__202508_003_edited.swc,pyramidal,46711,0.9673,0.7952
sholl_rf,hpf_ca1__202508_010_edited.swc,pyramidal,53598,1.0000,1.0000
sholl_rf,hpf_ca1__202544_027_edited.swc,pyramidal,99432,1.0000,1.0000
sholl_rf,hpf_ca1__202567_002_edited.swc,pyramidal,31583,1.0000,1.0000
sholl_rf,hpf_ca1__202567_006_edited.swc,pyramidal,15168,1.0000,1.0000
sholl_rf,hpf_ca1__202567_011_edited.swc,pyramidal,19332,0.7295,0.6077
sholl_rf,hpf_ca1__202664_003_edited.swc,pyramidal,16562,1.0000,1.0000
sholl_rf,hpf_ca1__202666_014_edited.swc,pyramidal,12210,1.0000,1.0000
sholl_rf,hpf_ca1__202668_014_edited.swc,pyramidal,16138,1.0000,1.0000
sholl_rf,hpf_ca1__202668_018_edited.swc,pyramidal,19906,0.9523,0.9024
sholl_rf,hpf_ca1__202668_019_edited.swc,pyramidal,29031,1.0000,1.0000
sholl_rf,hpf_ca1__202668_023_edited.swc,pyramidal,17879,1.0000,1.0000
sholl_rf,hpf_ca1__202669_007_edited.swc,pyramidal,36337,1.0000,1.0000
sholl_rf,hpf_ca1__202669_010_edited.swc,pyramidal,70004,1.0000,1.0000
sholl_rf,hpf_ca1__202669_011_edited.swc,pyramidal,47086,1.0000,1.0000
sholl_rf,hpf_ca1__202669_013_edited.swc,pyramidal,20572,1.0000,1.0000
sholl_rf,hpf_ca1__202669_017_edited.swc,pyramidal,28523,1.0000,1.0000
sholl_rf,hpf_ca1__202674_003_edited.swc,pyramidal,17479,1.0000,1.0000
sholl_rf,hpf_ca1__202674_009_edited.swc,pyramidal,26981,1.0000,1.0000
sholl_rf,hpf_ca1__202674_013_edited.swc,pyramidal,58379,1.0000,1.0000
sholl_rf,hpf_ca1__202674_035_edited.swc,pyramidal,45387,1.0000,1.0000
sholl_rf,hpf_ca1__202679_007_edited.swc,pyramidal,87405,1.0000,1.0000
sholl_rf,hpf_ca1__202679_024_edited.swc,pyramidal,22117,1.0000,1.0000
sholl_rf,hpf_ca1__202679_026_edited.swc,pyramidal,23480,1.0000,1.0000
sholl_rf,hpf_ca1__202680_005_edited.swc,pyramidal,43095,1.0000,1.0000
sholl_rf,hpf_ca1__202680_013_edited.swc,pyramidal,16285,1.0000,1.0000
sholl_rf,hpf_ca1__202680_015_edited.swc,pyramidal,16893,1.0000,1.0000
sholl_rf,hpf_ca1__202680_018_edited.swc,pyramidal,30856,1.0000,1.0000
sholl_rf,hpf_ca1__202680_025_edited.swc,pyramidal,43293,0.9189,0.9780
sholl_rf,hpf_ca1__202680_030_edited.swc,pyramidal,27997,1.0000,1.0000
sholl_rf,hpf_ca1__202680_031_edited.swc,pyramidal,20275,1.0000,1.0000
sholl_rf,hpf_ca1__202681_018_edited.swc,pyramidal,12527,1.0000,1.0000
sholl_rf,hpf_ca1__202682_004_edited.swc,pyramidal,56403,1.0000,1.0000
sholl_rf,hpf_ca1__202682_007_edited.swc,pyramidal,13300,1.0000,1.0000
sholl_rf,hpf_ca1__202682_014_edited.swc,pyramidal,18206,1.0000,1.0000
sholl_rf,hpf_ca1__202682_015_edited.swc,pyramidal,38863,0.9000,0.5000
sholl_rf,hpf_ca1__202682_018_edited.swc,pyramidal,18449,1.0000,1.0000
sholl_rf,hpf_ca1__202682_019_edited.swc,pyramidal,13959,1.0000,1.0000
sholl_rf,hpf_ca1__202803_002_edited.swc,pyramidal,58789,1.0000,1.0000
sholl_rf,hpf_ca1__202807_027_edited.swc,pyramidal,100541,1.0000,1.0000
sholl_rf,hpf_ca1__202807_028_edited.swc,pyramidal,38279,1.0000,1.0000
sholl_rf,hpf_ca1__202809_005_edited.swc,pyramidal,42184,1.0000,1.0000
sholl_rf,hpf_ca1__202829_024_edited.swc,pyramidal,13498,1.0000,1.0000
sholl_rf,hpf_ca1__202829_027_edited.swc,pyramidal,18712,1.0000,1.0000
sholl_rf,hpf_ca1__202829_049_edited.swc,pyramidal,46877,1.0000,1.0000
sholl_rf,hpf_ca1__202829_085_edited.swc,pyramidal,53935,1.0000,1.0000
sholl_rf,hpf_ca1__202829_091_edited.swc,pyramidal,20396,1.0000,1.0000
sholl_rf,hpf_ca1__202829_094_edited.swc,pyramidal,20062,1.0000,1.0000
sholl_rf,hpf_ca1__202829_110_edited.swc,pyramidal,14780,1.0000,1.0000
sholl_rf,hpf_ca1__202831_005_edited.swc,pyramidal,54898,1.0000,1.0000
sholl_rf,hpf_ca1__210009_021_edited.swc,pyramidal,19813,1.0000,1.0000
sholl_rf,hpf_ca1__210009_025_edited.swc,pyramidal,31946,1.0000,1.0000
sholl_rf,hpf_ca1__210013_013_edited.swc,pyramidal,53050,0.9977,0.8462
sholl_rf,hpf_ca1__210014_017_edited.swc,pyramidal,62516,1.0000,1.0000
sholl_rf,hpf_ca1__210014_024_edited.swc,pyramidal,56052,1.0000,1.0000
sholl_rf,hpf_ca1__210014_033_edited.swc,pyramidal,73147,1.0000,1.0000
sholl_rf,hpf_ca1__210014_035_edited.swc,pyramidal,22812,1.0000,1.0000
sholl_rf,hpf_ca1__210014_050_edited.swc,pyramidal,25357,1.0000,1.0000
sholl_rf,hpf_ca1__210014_061_edited.swc,pyramidal,45975,0.9896,0.9562
sholl_rf,hpf_ca1__210014_069_edited.swc,pyramidal,17111,1.0000,1.0000
sholl_rf,hpf_ca1__210014_070_edited.swc,pyramidal,12944,1.0000,1.0000
sholl_rf,hpf_ca1__210107_014_edited.swc,pyramidal,25819,1.0000,1.0000
sholl_rf,hpf_ca1__210107_018_edited.swc,pyramidal,19372,1.0000,1.0000
sholl_rf,hpf_ca1__210107_026_edited.swc,pyramidal,17838,1.0000,1.0000
sholl_rf,hpf_ca1__210107_029_edited.swc,pyramidal,12726,0.0650,0.3333
sholl_rf,hpf_ca1__210107_034_edited.swc,pyramidal,23453,0.9550,0.6004
sholl_rf,hpf_ca1__210107_053_edited.swc,pyramidal,15647,1.0000,1.0000
sholl_rf,hpf_ca1__210109_005_edited.swc,pyramidal,66088,0.9686,0.5576
sholl_rf,hpf_ca1__210109_012_edited.swc,pyramidal,24637,1.0000,1.0000
sholl_rf,hpf_ca1__210109_015_edited.swc,pyramidal,23982,0.9488,0.5921
sholl_rf,hpf_ca1__210109_025_edited.swc,pyramidal,16445,1.0000,1.0000
sholl_rf,hpf_ca1__210109_032_edited.swc,pyramidal,53443,1.0000,1.0000
sholl_rf,hpf_ca1__210110_003_edited.swc,pyramidal,26920,1.0000,1.0000
sholl_rf,hpf_ca1__210110_008_edited.swc,pyramidal,15109,1.0000,1.0000
sholl_rf,hpf_ca1__210110_013_edited.swc,pyramidal,19400,1.0000,1.0000
sholl_rf,hpf_ca1__210110_034_edited.swc,pyramidal,21694,1.0000,1.0000
sholl_rf,hpf_ca1__210110_047_edited.swc,pyramidal,12428,1.0000,1.0000
sholl_rf,hpf_ca1__210110_054_edited.swc,pyramidal,62732,1.0000,1.0000
sholl_rf,hpf_ca1__210110_057_edited.swc,pyramidal,26528,1.0000,1.0000
sholl_rf,hpf_ca1__210110_066_edited.swc,pyramidal,34730,1.0000,1.0000
sholl_rf,hpf_ca1__210111_011_edited.swc,pyramidal,30565,1.0000,1.0000
sholl_rf,hpf_ca1__210111_014_edited.swc,pyramidal,17850,1.0000,1.0000
sholl_rf,hpf_ca1__210111_016_edited.swc,pyramidal,25883,0.9608,0.6122
sholl_rf,hpf_ca1__210111_100_edited.swc,pyramidal,18638,1.0000,1.0000
sholl_rf,hpf_ca1__210111_161_edited.swc,pyramidal,23406,1.0000,1.0000
sholl_rf,hpf_ca1__210131_004_edited.swc,pyramidal,16567,1.0000,1.0000
sholl_rf,hpf_ca1__210131_005_edited.swc,pyramidal,16445,1.0000,1.0000
sholl_rf,hpf_ca1__210132_003_edited.swc,pyramidal,14079,1.0000,1.0000
sholl_rf,hpf_ca1__210248_017_edited.swc,pyramidal,31064,0.9514,0.8520
sholl_rf,hpf_ca1__210249_002_edited.swc,pyramidal,8538,1.0000,1.0000
sholl_rf,hpf_ca1__210249_005_edited.swc,pyramidal,29807,1.0000,1.0000
sholl_rf,hpf_ca1__210253_001_edited.swc,pyramidal,29412,1.0000,1.0000
sholl_rf,hpf_ca1__210253_028_edited.swc,pyramidal,46407,1.0000,1.0000
sholl_rf,hpf_ca1__210668_015_edited.swc,pyramidal,49748,1.0000,1.0000
sholl_rf,hpf_ca1__210669_016_edited.swc,pyramidal,19240,1.0000,1.0000
sholl_rf,hpf_ca1__210670_015_edited.swc,pyramidal,10400,1.0000,1.0000
sholl_rf,hpf_ca1__210670_019_edited.swc,pyramidal,32268,1.0000,1.0000
sholl_rf,hpf_ca1__210670_023_edited.swc,pyramidal,17822,1.0000,1.0000
sholl_rf,hpf_ca1__210670_030_edited.swc,pyramidal,64296,1.0000,1.0000
sholl_rf,hpf_ca1__210671_026_edited.swc,pyramidal,32120,1.0000,1.0000
sholl_rf,hpf_ca1__210671_033_edited.swc,pyramidal,30989,1.0000,1.0000
sholl_rf,hpf_ca1__210671_036_edited.swc,pyramidal,54496,1.0000,1.0000
sholl_rf,hpf_ca1__210671_037_edited.swc,pyramidal,16483,1.0000,1.0000
sholl_rf,hpf_ca1__210671_061_edited.swc,pyramidal,31839,1.0000,1.0000
sholl_rf,hpf_ca1__210671_062_edited.swc,pyramidal,65754,1.0000,1.0000
sholl_rf,hpf_ca1__210671_066_edited.swc,pyramidal,17967,1.0000,1.0000
sholl_rf,hpf_ca1__210698_006_edited.swc,pyramidal,5408,1.0000,1.0000
sholl_rf,hpf_ca1__210698_025_edited.swc,pyramidal,31047,1.0000,1.0000
sholl_rf,hpf_ca1__210700_004_edited.swc,pyramidal,10312,1.0000,1.0000
sholl_rf,hpf_ca1__210700_006_edited.swc,pyramidal,20808,1.0000,1.0000
sholl_rf,hpf_ca1__210701_011_edited.swc,pyramidal,46371,1.0000,1.0000
sholl_rf,hpf_ca1__210701_016_edited.swc,pyramidal,17884,1.0000,1.0000
sholl_rf,hpf_ca1__210701_018_edited.swc,pyramidal,12621,1.0000,1.0000
sholl_rf,hpf_ca1__210703_021_edited.swc,pyramidal,16838,1.0000,1.0000
sholl_rf,hpf_ca1__210703_025_edited.swc,pyramidal,22735,0.9785,0.8842
sholl_rf,hpf_ca1__210705_003_edited.swc,pyramidal,44365,1.0000,1.0000
sholl_rf,hpf_ca1__210705_006_edited.swc,pyramidal,7450,1.0000,1.0000
sholl_rf,hpf_ca1__210705_011_edited.swc,pyramidal,12317,1.0000,1.0000
sholl_rf,hpf_ca1__210711_018_edited.swc,pyramidal,22248,1.0000,1.0000
sholl_rf,hpf_ca1__210711_026_edited.swc,pyramidal,17814,1.0000,1.0000
sholl_rf,neuromorpho__02a_pyramidal2aFI.swc,pyramidal,1512,0.4848,0.3263
sholl_rf,neuromorpho__03b_pyramidal4aFI.swc,pyramidal,971,0.5283,0.3455
sholl_rf,neuromorpho__042315C_ECA.swc,pyramidal,9209,1.0000,1.0000
sholl_rf,neuromorpho__04b_pyramidal6aFI.swc,pyramidal,1038,0.5096,0.3374
sholl_rf,neuromorpho__05a_pyramidal10aACC.swc,pyramidal,716,0.3352,0.2505
sholl_rf,neuromorpho__060315A_ECA.swc,pyramidal,13811,1.0000,1.0000
sholl_rf,neuromorpho__061615B_ECA.swc,pyramidal,7911,1.0000,1.0000
sholl_rf,neuromorpho__062817B_VentralCA1.swc,pyramidal,8934,1.0000,1.0000
sholl_rf,neuromorpho__07b_pyramidal14aACC.swc,pyramidal,1116,0.8315,0.4540
sholl_rf,neuromorpho__081718A_DorsalCA1.swc,pyramidal,8636,1.0000,1.0000
sholl_rf,neuromorpho__092017A_ECA.swc,pyramidal,11121,1.0000,1.0000
sholl_rf,neuromorpho__092317A_ECA.swc,pyramidal,7204,1.0000,1.0000
sholl_rf,neuromorpho__1-ENU2-veichle-neuron3_2.swc,pyramidal,172,0.2326,0.1857
sholl_rf,neuromorpho__100A_3_r_Ngr2KO_2.swc,pyramidal,565,1.0000,1.0000
sholl_rf,neuromorpho__100A_3_r_Ngr2KO_4.swc,pyramidal,838,1.0000,1.0000
sholl_rf,neuromorpho__100C_2_r_Ngr2KO_1.swc,pyramidal,908,1.0000,1.0000
sholl_rf,neuromorpho__101A_1_r_Ngr2KO_3.swc,pyramidal,1000,1.0000,1.0000
sholl_rf,neuromorpho__101C_1_l_Ngr2KO_2.swc,pyramidal,1397,1.0000,1.0000
sholl_rf,neuromorpho__101C_1_r_Ngr2KO.swc,pyramidal,1315,1.0000,1.0000
sholl_rf,neuromorpho__10209c1.swc,pyramidal,1935,0.4599,0.2099
sholl_rf,neuromorpho__10223c4.swc,pyramidal,1944,0.5787,0.2443
sholl_rf,neuromorpho__1028ir2x-40x-NL.swc,pyramidal,3164,1.0000,1.0000
sholl_rf,neuromorpho__102A_4_r_Ngr2KO_1.swc,pyramidal,155,1.0000,1.0000
sholl_rf,neuromorpho__102B_1_l_Ngr2KO_2.swc,pyramidal,391,0.2532,0.2008
sholl_rf,neuromorpho__102B_1_l_Ngr2KO_4.swc,pyramidal,670,1.0000,1.0000
sholl_rf,neuromorpho__10315c1.swc,pyramidal,915,0.7279,0.5866
sholl_rf,neuromorpho__10331c1.swc,pyramidal,1597,0.3569,0.1752
sholl_rf,neuromorpho__103A_3_l_WT.swc,pyramidal,896,1.0000,1.0000
sholl_rf,neuromorpho__103D_2_r_WT_1.swc,pyramidal,426,1.0000,1.0000
sholl_rf,neuromorpho__104A_2_r_WT.swc,pyramidal,1029,1.0000,1.0000
sholl_rf,neuromorpho__10506c3.swc,pyramidal,3175,0.6841,0.7228
sholl_rf,neuromorpho__10507c1.swc,pyramidal,3315,0.3303,0.2500
sholl_rf,neuromorpho__105B_2_r_WT.swc,pyramidal,874,0.2220,0.1811
sholl_rf,neuromorpho__105E_4_l_WT_2.swc,pyramidal,625,1.0000,1.0000
sholl_rf,neuromorpho__1075-2-Sec6-LTL4.swc,pyramidal,1501,0.6416,0.3907
sholl_rf,neuromorpho__1086-2-Sec4-BSL1.swc,pyramidal,2926,1.0000,1.0000
sholl_rf,neuromorpho__1086-2-Sec6-BSL2.swc,pyramidal,849,1.0000,1.0000
sholl_rf,neuromorpho__1086-4-Sec2-LTL2.swc,pyramidal,2303,0.5497,0.3546
sholl_rf,neuromorpho__108A_1_r_WT_2.swc,pyramidal,639,0.1236,0.1089
sholl_rf,neuromorpho__108A_2_l_WT_1.swc,pyramidal,444,0.2410,0.1931
sholl_rf,neuromorpho__108A_2_l_WT_4.swc,pyramidal,325,1.0000,1.0000
sholl_rf,neuromorpho__108A_2_l_WT_6.swc,pyramidal,311,0.1704,0.1436
sholl_rf,neuromorpho__109A_1_r_Ngr2KO_2.swc,pyramidal,960,1.0000,1.0000
sholl_rf,neuromorpho__109C_1_r_Ngr2KO_1.swc,pyramidal,678,1.0000,1.0000
sholl_rf,neuromorpho__109F_1_l_Ngr2KO_2.swc,pyramidal,942,1.0000,1.0000
sholl_rf,neuromorpho__10month-Arctic-44-LR_1.swc,pyramidal,418,1.0000,1.0000
sholl_rf,neuromorpho__10month-Arctic-44-LR_2.swc,pyramidal,458,1.0000,1.0000
sholl_rf,neuromorpho__10month-Arctic-45-N_2.swc,pyramidal,257,1.0000,1.0000
sholl_rf,neuromorpho__10month-Arctic-72144-R_1.swc,pyramidal,338,1.0000,1.0000
sholl_rf,neuromorpho__10month-Arctic-C5aR1-KO-52280-R_1.swc,pyramidal,781,1.0000,1.0000
sholl_rf,neuromorpho__10month-Arctic-C5aR1-KO-52280-R_2.swc,pyramidal,547,0.0018,0.0000
sholl_rf,neuromorpho__10month-Arctic-C5aR1-KO-52280-R_3.swc,pyramidal,699,1.0000,1.0000
sholl_rf,neuromorpho__10month-Arctic-C5aR1-KO-52280-R_5.swc,pyramidal,486,1.0000,1.0000
sholl_rf,neuromorpho__10month-C5aR1-KO-52280-N_2.swc,pyramidal,406,1.0000,1.0000
sholl_rf,neuromorpho__10month-C5aR1-KO-52280-N_3.swc,pyramidal,605,1.0000,1.0000
sholl_rf,neuromorpho__10month-wt-44-LL_1.swc,pyramidal,280,1.0000,1.0000
sholl_rf,neuromorpho__10month-wt-45-L-2_1.swc,pyramidal,255,1.0000,1.0000
sholl_rf,neuromorpho__10month-wt-8_1.swc,pyramidal,334,1.0000,1.0000
sholl_rf,neuromorpho__10month-wt-8_2.swc,pyramidal,512,1.0000,1.0000
sholl_rf,neuromorpho__10month-wt-8_4.swc,pyramidal,505,1.0000,1.0000
sholl_rf,neuromorpho__10month-wt-H364-2-4_1.swc,pyramidal,477,1.0000,1.0000
sholl_rf,neuromorpho__10month-wt-H364-2-5_1.swc,pyramidal,211,1.0000,1.0000
sholl_rf,neuromorpho__10month-wt-H364-2_1.swc,pyramidal,736,0.0014,0.0000
sholl_rf,neuromorpho__10n03c4.swc,pyramidal,815,1.0000,1.0000
sholl_rf,neuromorpho__10n12c1.swc,pyramidal,1878,0.9941,0.6643
sholl_rf,neuromorpho__10o27c2.swc,pyramidal,1687,1.0000,1.0000
sholl_rf,neuromorpho__10o27c3.swc,pyramidal,1315,0.9840,0.6610
sholl_rf,neuromorpho__1103-1-Sec6-LTL2.swc,pyramidal,1747,0.4562,0.6263
sholl_rf,neuromorpho__1104-2-Sec2-LTL1.swc,pyramidal,1575,0.4267,0.5978
sholl_rf,neuromorpho__110E_1_L_Ngr2KO_1.swc,pyramidal,182,0.0055,0.0000
sholl_rf,neuromorpho__110E_1_L_Ngr2KO_2.swc,pyramidal,261,0.0038,0.0000
sholl_rf,neuromorpho__1115-07-23-R1.swc,pyramidal,151,1.0000,1.0000
sholl_rf,neuromorpho__1116-3-Sec2-LTL1.swc,pyramidal,817,0.8960,0.4725
sholl_rf,neuromorpho__1117-2-Sec6-LTL2.swc,pyramidal,1230,0.7577,0.4310
sholl_rf,neuromorpho__1117-2-Sec7-LTL3.swc,pyramidal,1464,0.7172,0.4176
sholl_rf,neuromorpho__111C_2_r_Ngr2KO.swc,pyramidal,651,1.0000,1.0000
sholl_rf,neuromorpho__11220c3.swc,pyramidal,879,1.0000,1.0000
sholl_rf,neuromorpho__11224c3.swc,pyramidal,1239,0.2316,0.1877
sholl_rf,neuromorpho__1128-2-Sec1-BSL2.swc,pyramidal,1880,0.5090,0.3372
sholl_rf,neuromorpho__112A_1_R_WT.swc,pyramidal,541,1.0000,1.0000
sholl_rf,neuromorpho__112F_2_R_WT.swc,pyramidal,350,1.0000,1.0000
sholl_rf,neuromorpho__11324c1.swc,pyramidal,1490,1.0000,1.0000
sholl_rf,neuromorpho__113C_2_L_WT_2.swc,pyramidal,471,0.4798,0.3237
sholl_rf,neuromorpho__115-04-23-R1.swc,pyramidal,125,1.0000,1.0000
sholl_rf,neuromorpho__115-04-25-L1.swc,pyramidal,236,1.0000,1.0000
sholl_rf,neuromorpho__11501-21-R1.swc,pyramidal,230,1.0000,1.0000
sholl_rf,neuromorpho__11501-23-R1.swc,pyramidal,206,1.0000,1.0000
sholl_rf,neuromorpho__11502-23-L1.swc,pyramidal,234,1.0000,1.0000
sholl_rf,neuromorpho__11503-23R1.swc,pyramidal,304,1.0000,1.0000
sholl_rf,neuromorpho__11505-24-L1.swc,pyramidal,180,1.0000,1.0000
sholl_rf,neuromorpho__11505-28-L1.swc,pyramidal,219,1.0000,1.0000
sholl_rf,neuromorpho__11506-19-L1.swc,pyramidal,273,1.0000,1.0000
sholl_rf,neuromorpho__11508-20-R1.swc,pyramidal,239,1.0000,1.0000
sholl_rf,neuromorpho__11509-22-L1.swc,pyramidal,146,1.0000,1.0000
sholl_rf,neuromorpho__11615c1.swc,pyramidal,2048,1.0000,1.0000
sholl_rf,neuromorpho__11615c3.swc,pyramidal,1101,0.5550,0.2378
sholl_rf,neuromorpho__11_51.swc,pyramidal,2873,1.0000,1.0000
sholl_rf,neuromorpho__11C3neuron3.swc,pyramidal,3716,1.0000,1.0000
sholl_rf,neuromorpho__11c_3.swc,pyramidal,427,1.0000,1.0000
sholl_rf,neuromorpho__121012V1-3Slice6Cell6.swc,pyramidal,542,1.0000,1.0000
sholl_rf,neuromorpho__12_46.swc,pyramidal,2409,1.0000,1.0000
sholl_rf,neuromorpho__12_47.swc,pyramidal,4416,1.0000,1.0000
sholl_rf,neuromorpho__12_den_ax.swc,pyramidal,81086,1.0000,1.0000
sholl_rf,neuromorpho__12B3neuron1Layers.swc,pyramidal,2808,1.0000,1.0000
sholl_rf,neuromorpho__12C2neuron1Layers.swc,pyramidal,1162,1.0000,1.0000
sholl_rf,neuromorpho__13_08_13_-2_Cell_-2.swc,pyramidal,31729,0.7060,0.5608
sholl_rf,neuromorpho__13_41.swc,pyramidal,1154,1.0000,1.0000
sholl_rf,neuromorpho__13B1neuron2.swc,pyramidal,2744,1.0000,1.0000
sholl_rf,neuromorpho__1451-1-Sec1-BSL2.swc,pyramidal,1227,1.0000,1.0000
sholl_rf,neuromorpho__1460-2-Sec5-LTL2.swc,pyramidal,3189,1.0000,1.0000
sholl_rf,neuromorpho__1463-2-Sec4-LTL2.swc,pyramidal,1190,0.6983,0.8222
sholl_rf,neuromorpho__14_37.swc,pyramidal,2421,1.0000,1.0000
sholl_rf,neuromorpho__15_33.swc,pyramidal,1026,1.0000,1.0000
sholl_rf,neuromorpho__16_34.swc,pyramidal,2988,1.0000,1.0000
sholl_rf,neuromorpho__180608_morpho4_d4_hippo_D4-Hippo-Fresh-4_crop-2.swc,pyramidal,893,1.0000,1.0000
sholl_rf,neuromorpho__180608_morpho4_d4_hippo_D4-Hippo-Fresh-4_crop-4.swc,pyramidal,1620,1.0000,1.0000
sholl_rf,neuromorpho__180608_morpho4_d4_hippo_D4-Hippo-Fresh-4_crop.swc,pyramidal,670,1.0000,1.0000
sholl_rf,neuromorpho__180702_morpho-6_hippo_tau488_trfp_map2647_Fresh-4_crop-2.swc,pyramidal,1980,1.0000,1.0000
sholl_rf,neuromorpho__180702_morpho-6_hippo_tau488_trfp_map2647_Fresh-6_crop-3.swc,pyramidal,1360,1.0000,1.0000
sholl_rf,neuromorpho__180702_morpho-6_hippo_tau488_trfp_map2647_Fresh-6_crop.swc,pyramidal,1895,1.0000,1.0000
sholl_rf,neuromorpho__180702_morpho-6_hippo_tau488_trfp_map2647_Fresh-9_crop-4.swc,pyramidal,2628,1.0000,1.0000
sholl_rf,neuromorpho__180702_morpho-6_hippo_tau488_trfp_map2647_Hippo-1-10_crop-2.swc,pyramidal,1180,1.0000,1.0000
sholl_rf,neuromorpho__180702_morpho-6_hippo_tau488_trfp_map2647_Hippo-1-10_crop-4.swc,pyramidal,5179,1.0000,1.0000
sholl_rf,neuromorpho__180702_morpho-6_hippo_tau488_trfp_map2648_Hippo-3-10_crop-1.swc,pyramidal,2371,1.0000,1.0000
sholl_rf,neuromorpho__180702_morpho-6_hippo_tau488_trfp_map2648_Hippo-3-10_crop-2.swc,pyramidal,2316,1.0000,1.0000
sholl_rf,neuromorpho__180702_morpho-6_hippo_tau488_trfp_map2648_Hippo-3-1_crop-2.swc,pyramidal,2100,1.0000,1.0000
sholl_rf,neuromorpho__180702_morpho-6_hippo_tau488_trfp_map2648_Hippo-3-4_crop-6.swc,pyramidal,2513,1.0000,1.0000
sholl_rf,neuromorpho__180702_morpho-6_hippo_tau488_trfp_map2648_Hippo-3-6_crop-5.swc,pyramidal,723,1.0000,1.0000
sholl_rf,neuromorpho__180702_morpho-6_hippo_tau488_trfp_map2648_Hippo-3-8_crop-1.swc,pyramidal,721,1.0000,1.0000
sholl_rf,neuromorpho__180702_morpho-6_hippo_tau488_trfp_map2648_Hippo-3-8_crop.swc,pyramidal,3073,1.0000,1.0000
sholl_rf,neuromorpho__180702_morpho-6_hippo_tau488_trfp_map2648_Hippo-3-9_crop-2.swc,pyramidal,2714,1.0000,1.0000
sholl_rf,neuromorpho__180702_morpho-6_hippo_tau488_trfp_map2648_Hippo-3-9_crop-4.swc,pyramidal,2044,1.0000,1.0000
sholl_rf,neuromorpho__180702_morpho-6_hippo_tau488_trfp_map2648_Hippo-4-3_crop-2.swc,pyramidal,707,1.0000,1.0000
sholl_rf,neuromorpho__180702_morpho-6_hippo_tau488_trfp_map2648_Hippo-4-6_crop-1.swc,pyramidal,1049,1.0000,1.0000
sholl_rf,neuromorpho__180702_morpho-6_hippo_tau488_trfp_map2648_Hippo-4-6_crop-2.swc,pyramidal,1085,1.0000,1.0000
sholl_rf,neuromorpho__180702_morpho-6_hippo_tau488_trfp_map2648_Hippo-4-7_crop-1.swc,pyramidal,1009,1.0000,1.0000
sholl_rf,neuromorpho__180702_morpho-6_hippo_tau488_trfp_map2648_Hippo-4-7_crop-4.swc,pyramidal,935,1.0000,1.0000
sholl_rf,neuromorpho__180702_morpho-6_hippo_tau488_trfp_map2648_Hippo-4-7_crop-5.swc,pyramidal,2423,1.0000,1.0000
sholl_rf,neuromorpho__18414_slide2_cell1.swc,pyramidal,998,1.0000,1.0000
sholl_rf,neuromorpho__19_26.swc,pyramidal,1956,1.0000,1.0000
sholl_rf,neuromorpho__19_den_ax.swc,pyramidal,119039,0.9750,0.8101
sholl_rf,neuromorpho__1_56.swc,pyramidal,9629,1.0000,1.0000
sholl_rf,neuromorpho__1A4.swc,pyramidal,2338,0.4217,0.5930
sholl_rf,neuromorpho__1a_4.swc,pyramidal,1700,1.0000,1.0000
sholl_rf,neuromorpho__2-ENU2-treated-neuron1_2.swc,pyramidal,478,0.6109,0.3789
sholl_rf,neuromorpho__2-ENU2-veichle-neuron1_2.swc,pyramidal,198,0.3990,0.2836
sholl_rf,neuromorpho__2-ENU2-veichle-neuron3.swc,pyramidal,209,1.0000,1.0000
sholl_rf,neuromorpho__2-wild-type-veichle-neuron3.swc,pyramidal,288,1.0000,1.0000
sholl_rf,neuromorpho__20171005C01.swc,pyramidal,3089,0.7478,0.4278
sholl_rf,neuromorpho__20180109B01.swc,pyramidal,3155,0.9899,0.6589
sholl_rf,neuromorpho__20180207A01.swc,pyramidal,1997,1.0000,1.0000
sholl_rf,neuromorpho__203B-4-L3.swc,pyramidal,1225,0.6988,0.4113
sholl_rf,neuromorpho__204B-3-L4.swc,pyramidal,1036,0.6004,0.3750
sholl_rf,neuromorpho__207B-1-L3.swc,pyramidal,1389,0.5054,0.2237
sholl_rf,neuromorpho__207B-2-L2.swc,pyramidal,1548,0.8094,0.4473
sholl_rf,neuromorpho__20_den_ax.swc,pyramidal,110088,0.9818,0.5810
sholl_rf,neuromorpho__21_22.swc,pyramidal,1668,1.0000,1.0000
sholl_rf,neuromorpho__22--OTC-300-pM-CRF-9-weeks-20x.swc,pyramidal,4728,1.0000,1.0000
sholl_rf,neuromorpho__22315_cell1.swc,pyramidal,900,1.0000,1.0000
sholl_rf,neuromorpho__22315_cell3.swc,pyramidal,1549,0.9561,0.6539
sholl_rf,neuromorpho__22315_cell4.swc,pyramidal,1024,1.0000,1.0000
sholl_rf,neuromorpho__22315_cell5.swc,pyramidal,1143,1.0000,1.0000
sholl_rf,neuromorpho__22411_cell12.swc,pyramidal,979,0.9888,0.6639
sholl_rf,neuromorpho__22411_cell5.swc,pyramidal,2270,1.0000,1.0000
sholl_rf,neuromorpho__22_19.swc,pyramidal,1513,1.0000,1.0000
sholl_rf,neuromorpho__22_21.swc,pyramidal,2421,1.0000,1.0000
sholl_rf,neuromorpho__236-1-10LS.swc,pyramidal,767,0.8983,0.4732
sholl_rf,neuromorpho__236-1-24LS.swc,pyramidal,505,0.1644,0.0933
sholl_rf,neuromorpho__236-1-9LS.swc,pyramidal,835,1.0000,1.0000
sholl_rf,neuromorpho__236-1a-10-AW.swc,pyramidal,374,0.6765,0.4032
sholl_rf,neuromorpho__236-1a-12-AW.swc,pyramidal,289,0.6228,0.5868
sholl_rf,neuromorpho__236-2-100LS.swc,pyramidal,407,0.7322,0.6139
sholl_rf,neuromorpho__236-2-13LS.swc,pyramidal,931,1.0000,1.0000
sholl_rf,neuromorpho__236-2-16LS.swc,pyramidal,645,1.0000,1.0000
sholl_rf,neuromorpho__236-2-21LS.swc,pyramidal,581,0.6695,0.5993
sholl_rf,neuromorpho__236-2-23LS.swc,pyramidal,537,0.7151,0.4168
sholl_rf,neuromorpho__236-2-42LS.swc,pyramidal,430,0.8326,0.4542
sholl_rf,neuromorpho__236-2-45LS.swc,pyramidal,544,0.5699,0.2418
sholl_rf,neuromorpho__236-2-47LS.swc,pyramidal,755,1.0000,1.0000
sholl_rf,neuromorpho__236-2-4LS.swc,pyramidal,357,0.9776,0.4943
sholl_rf,neuromorpho__236-2-51LS.swc,pyramidal,506,1.0000,1.0000
sholl_rf,neuromorpho__236-2-5LS.swc,pyramidal,354,1.0000,1.0000
sholl_rf,neuromorpho__236-2-61LS.swc,pyramidal,602,0.7475,0.6176
sholl_rf,neuromorpho__236-2-62LS.swc,pyramidal,378,1.0000,1.0000
sholl_rf,neuromorpho__236-2-63LS.swc,pyramidal,506,1.0000,1.0000
sholl_rf,neuromorpho__236-2-66LS.swc,pyramidal,461,0.9631,0.4906
sholl_rf,neuromorpho__236-2-68LS.swc,pyramidal,573,1.0000,1.0000
sholl_rf,neuromorpho__236-2-69LS.swc,pyramidal,570,0.6105,0.2525
sholl_rf,neuromorpho__236-2-71LS.swc,pyramidal,200,1.0000,1.0000
sholl_rf,neuromorpho__236-2-78LS.swc,pyramidal,371,1.0000,1.0000
sholl_rf,neuromorpho__236-2-82LS.swc,pyramidal,555,0.9838,0.4959
sholl_rf,neuromorpho__236-2-87LS.swc,pyramidal,414,1.0000,1.0000
sholl_rf,neuromorpho__236-2-92LS.swc,pyramidal,54,0.8704,0.5556
sholl_rf,neuromorpho__236-2-94LS.swc,pyramidal,108,1.0000,1.0000
sholl_rf,neuromorpho__236-2-96LS.swc,pyramidal,456,1.0000,1.0000
sholl_rf,neuromorpho__236-2-99LS.swc,pyramidal,241,1.0000,1.0000
sholl_rf,neuromorpho__236-2a-13-AW.swc,pyramidal,577,0.7140,0.4164
sholl_rf,neuromorpho__236-2a-25-AW.swc,pyramidal,452,0.9845,0.4961
sholl_rf,neuromorpho__236-2a-26-AW.swc,pyramidal,349,1.0000,1.0000
sholl_rf,neuromorpho__236-2a-3-AW.swc,pyramidal,337,1.0000,1.0000
sholl_rf,neuromorpho__236-2a-40-AW.swc,pyramidal,248,0.9798,0.6619
sholl_rf,neuromorpho__236-2a-41-AW.swc,pyramidal,428,1.0000,1.0000
sholl_rf,neuromorpho__236-2a-5-AW.swc,pyramidal,592,1.0000,1.0000
sholl_rf,neuromorpho__236-2a-52-AW.swc,pyramidal,402,1.0000,1.0000
sholl_rf,neuromorpho__236-2a-53-AW.swc,pyramidal,292,0.6164,0.2539
sholl_rf,neuromorpho__236-2a-57-AW.swc,pyramidal,497,0.9819,0.6620
sholl_rf,neuromorpho__236-2a-59-AW.swc,pyramidal,565,1.0000,1.0000
sholl_rf,neuromorpho__236-2a-6-AW.swc,pyramidal,532,1.0000,1.0000
sholl_rf,neuromorpho__236-2a-7-AW.swc,pyramidal,381,1.0000,1.0000
sholl_rf,neuromorpho__236-3-10LS.swc,pyramidal,495,1.0000,1.0000
sholl_rf,neuromorpho__236-3-31LS.swc,pyramidal,900,0.9789,0.6612
sholl_rf,neuromorpho__236-3-40LS.swc,pyramidal,544,1.0000,1.0000
sholl_rf,neuromorpho__236-3-41LS.swc,pyramidal,568,0.5651,0.7215
sholl_rf,neuromorpho__236-3-44LS.swc,pyramidal,434,0.7880,0.6258
sholl_rf,neuromorpho__236-3-47LS.swc,pyramidal,449,0.5278,0.3450
sholl_rf,neuromorpho__236-3-51LS.swc,pyramidal,300,0.7800,0.6242
sholl_rf,neuromorpho__236-3-56LS.swc,pyramidal,605,1.0000,1.0000
sholl_rf,neuromorpho__236-3-58LS.swc,pyramidal,577,0.7539,0.2865
sholl_rf,neuromorpho__236-3-59LS.swc,pyramidal,415,1.0000,1.0000
sholl_rf,neuromorpho__236-3-65LS.swc,pyramidal,633,1.0000,1.0000
sholl_rf,neuromorpho__236-3-67LS.swc,pyramidal,820,1.0000,1.0000
sholl_rf,neuromorpho__236-3-69LS.swc,pyramidal,478,1.0000,1.0000
sholl_rf,neuromorpho__236-3-7LS.swc,pyramidal,392,0.9745,0.6583
sholl_rf,neuromorpho__236-3-8LS.swc,pyramidal,731,0.7661,0.9327
sholl_rf,neuromorpho__241-1-22-AW.swc,pyramidal,464,0.2565,0.1354
sholl_rf,neuromorpho__241-1-2VN.swc,pyramidal,1077,0.8254,0.6222
sholl_rf,neuromorpho__241-1-40VN.swc,pyramidal,914,0.7505,0.4953
sholl_rf,neuromorpho__241-1-43VN.swc,pyramidal,360,0.5583,0.3578
sholl_rf,neuromorpho__241-1-44VN.swc,pyramidal,774,0.9070,0.6385
sholl_rf,neuromorpho__241-1-45VN.swc,pyramidal,490,1.0000,1.0000
sholl_rf,neuromorpho__241-1-4VN.swc,pyramidal,719,1.0000,1.0000
sholl_rf,neuromorpho__241-1-50VN.swc,pyramidal,391,1.0000,1.0000
sholl_rf,neuromorpho__241-1-6VN.swc,pyramidal,651,0.6083,0.3780
sholl_rf,neuromorpho__241-2-101-AW.swc,pyramidal,349,1.0000,1.0000
sholl_rf,neuromorpho__241-2-11VN.swc,pyramidal,520,0.8269,0.8822
sholl_rf,neuromorpho__241-2-15VN.swc,pyramidal,342,0.5088,0.4837
sholl_rf,neuromorpho__241-2-18VN.swc,pyramidal,918,0.7462,0.5589
sholl_rf,neuromorpho__241-2-22VN.swc,pyramidal,682,1.0000,1.0000
sholl_rf,neuromorpho__241-2-2VN.swc,pyramidal,392,0.7449,0.2845
sholl_rf,neuromorpho__241-2-33VN.swc,pyramidal,853,1.0000,1.0000
sholl_rf,neuromorpho__241-2-35VN.swc,pyramidal,411,0.4939,0.8272
sholl_rf,neuromorpho__241-2-3VN.swc,pyramidal,896,1.0000,1.0000
sholl_rf,neuromorpho__241-2-49-AW.swc,pyramidal,347,0.5389,0.2331
sholl_rf,neuromorpho__241-2-74LU.swc,pyramidal,304,1.0000,1.0000
sholl_rf,neuromorpho__241-2-77LU.swc,pyramidal,500,0.9860,0.6632
sholl_rf,neuromorpho__241-2-7VN.swc,pyramidal,438,0.8539,0.4605
sholl_rf,neuromorpho__241-2-85LU.swc,pyramidal,175,0.9257,0.4806
sholl_rf,neuromorpho__241-2-87LU.swc,pyramidal,551,0.5390,0.2333
sholl_rf,neuromorpho__241-2-88LU.swc,pyramidal,323,0.5635,0.5709
sholl_rf,neuromorpho__241-2-92LU.swc,pyramidal,385,0.9948,0.6654
sholl_rf,neuromorpho__241-2-93LU.swc,pyramidal,586,0.4454,0.3077
sholl_rf,neuromorpho__241-2-96LU.swc,pyramidal,462,0.7511,0.2858
sholl_rf,neuromorpho__241-3-15LU.swc,pyramidal,619,1.0000,1.0000
sholl_rf,neuromorpho__241-3-20LU.swc,pyramidal,416,1.0000,1.0000
sholl_rf,neuromorpho__241-3-24LU.swc,pyramidal,628,0.7611,0.9316
sholl_rf,neuromorpho__241-3-29LU.swc,pyramidal,494,1.0000,1.0000
sholl_rf,neuromorpho__241-3-32LU.swc,pyramidal,575,0.9878,0.6632
sholl_rf,neuromorpho__241-3-35LU.swc,pyramidal,524,0.9924,0.4981
sholl_rf,neuromorpho__241-3-41LU.swc,pyramidal,617,1.0000,1.0000
sholl_rf,neuromorpho__241-3-43LU.swc,pyramidal,701,0.8103,0.5134
sholl_rf,neuromorpho__241-3-51VN.swc,pyramidal,817,0.9951,0.6656
sholl_rf,neuromorpho__241-3-53VN.swc,pyramidal,593,1.0000,1.0000
sholl_rf,neuromorpho__241-3-70VN.swc,pyramidal,513,1.0000,1.0000
sholl_rf,neuromorpho__242-1-10VN.swc,pyramidal,421,1.0000,1.0000
sholl_rf,neuromorpho__242-1-13VN.swc,pyramidal,261,0.4789,0.2153
sholl_rf,neuromorpho__242-1-18VN.swc,pyramidal,345,0.8870,0.9092
sholl_rf,neuromorpho__242-1-4VN.swc,pyramidal,108,0.3611,0.1747
sholl_rf,neuromorpho__242-1-5VN.swc,pyramidal,554,0.6679,0.4487
sholl_rf,neuromorpho__242-1-6VN.swc,pyramidal,369,0.6883,0.4074
sholl_rf,neuromorpho__242-2-10VN.swc,pyramidal,475,0.7516,0.8203
sholl_rf,neuromorpho__242-2-15VN.swc,pyramidal,354,0.4718,0.6397
sholl_rf,neuromorpho__242-2-16VN.swc,pyramidal,242,0.6033,0.5997
sholl_rf,neuromorpho__242-2-37LU.swc,pyramidal,535,0.9720,0.6591
sholl_rf,neuromorpho__242-2-38LU.swc,pyramidal,564,0.7305,0.8174
sholl_rf,neuromorpho__242-3-14-AW.swc,pyramidal,272,1.0000,1.0000
sholl_rf,neuromorpho__242-3-18LU.swc,pyramidal,368,1.0000,1.0000
sholl_rf,neuromorpho__242-3-20LU.swc,pyramidal,192,1.0000,1.0000
sholl_rf,neuromorpho__242-3-3-AW.swc,pyramidal,322,1.0000,1.0000
sholl_rf,neuromorpho__243-2-14VN.swc,pyramidal,172,0.6221,0.5843
sholl_rf,neuromorpho__243-2-16VN.swc,pyramidal,375,1.0000,1.0000
sholl_rf,neuromorpho__243-2-17VN.swc,pyramidal,335,0.7881,0.6261
sholl_rf,neuromorpho__243-2-18VN.swc,pyramidal,452,0.8142,0.6318
sholl_rf,neuromorpho__243-2-20VN.swc,pyramidal,470,1.0000,1.0000
sholl_rf,neuromorpho__243-2-25VN.swc,pyramidal,169,0.9645,0.9833
sholl_rf,neuromorpho__243-2-26VN.swc,pyramidal,310,1.0000,1.0000
sholl_rf,neuromorpho__243-3-13VN.swc,pyramidal,510,0.9529,0.6530
sholl_rf,neuromorpho__243-3-16VN.swc,pyramidal,377,1.0000,1.0000
sholl_rf,neuromorpho__243-3-17VN.swc,pyramidal,597,1.0000,1.0000
sholl_rf,neuromorpho__243-3-19VN.swc,pyramidal,483,0.9358,0.3223
sholl_rf,neuromorpho__243-3-1VN.swc,pyramidal,408,1.0000,1.0000
sholl_rf,neuromorpho__243-3-24VN.swc,pyramidal,301,0.9169,0.6429
sholl_rf,neuromorpho__243-3-28VN.swc,pyramidal,609,0.9803,0.6614
sholl_rf,neuromorpho__243-3-33VN.swc,pyramidal,217,0.7465,0.6162
sholl_rf,neuromorpho__243-3-35VN.swc,pyramidal,364,0.9615,0.6566
sholl_rf,neuromorpho__243-3-4VN.swc,pyramidal,462,1.0000,1.0000
sholl_rf,neuromorpho__243-3-8VN.swc,pyramidal,582,1.0000,1.0000
sholl_rf,neuromorpho__24_17.swc,pyramidal,2923,1.0000,1.0000
sholl_rf,neuromorpho__25_15.swc,pyramidal,1393,1.0000,1.0000
sholl_rf,neuromorpho__25_16.swc,pyramidal,3979,1.0000,1.0000
sholl_rf,neuromorpho__25o_pyramidal18aFI.swc,pyramidal,752,0.6476,0.3929
sholl_rf,neuromorpho__29_den_ax.swc,pyramidal,98142,0.9555,0.4563
sholl_rf,neuromorpho__3-wild-type-veichle-neuron1_2.swc,pyramidal,852,1.0000,1.0000
sholl_rf,neuromorpho__3-wild-type-veichle-neuron2.swc,pyramidal,564,1.0000,1.0000
sholl_rf,neuromorpho__30_den_ax.swc,pyramidal,122122,0.9975,0.9831
sholl_rf,neuromorpho__31991_cell9.swc,pyramidal,1589,1.0000,1.0000
sholl_rf,neuromorpho__31995_slide1_cell3.swc,pyramidal,248,0.0040,0.0000
sholl_rf,neuromorpho__31995_slide2_cell9.swc,pyramidal,1366,0.9876,0.6641
sholl_rf,neuromorpho__31_10.swc,pyramidal,770,1.0000,1.0000
sholl_rf,neuromorpho__32315-V1-3Slice2Cell1.swc,pyramidal,904,0.7389,0.4248
sholl_rf,neuromorpho__32315-V1-3Slice8Cell1.swc,pyramidal,1886,0.8054,0.7673
sholl_rf,neuromorpho__32315-V1-4Slice6Cell2.swc,pyramidal,2028,1.0000,1.0000
sholl_rf,neuromorpho__32315V1-3Slice7Cell1.swc,pyramidal,1068,1.0000,1.0000
sholl_rf,neuromorpho__32315V1-3Slice8Cell2.swc,pyramidal,945,1.0000,1.0000
sholl_rf,neuromorpho__32315V1-4Slice5Cell1.swc,pyramidal,876,1.0000,1.0000
sholl_rf,neuromorpho__32368_slide1_cell8.swc,pyramidal,1678,0.9851,0.6626
sholl_rf,neuromorpho__33_11.swc,pyramidal,1627,1.0000,1.0000
sholl_rf,neuromorpho__33_den_ax.swc,pyramidal,134606,0.9992,0.9943
sholl_rf,neuromorpho__34_9.swc,pyramidal,2194,1.0000,1.0000
sholl_rf,neuromorpho__35_11.swc,pyramidal,1440,1.0000,1.0000
sholl_rf,neuromorpho__36_10.swc,pyramidal,2167,1.0000,1.0000
sholl_rf,neuromorpho__36_den_ax.swc,pyramidal,108426,0.9944,0.9664
sholl_rf,neuromorpho__37112_slide1_cell10.swc,pyramidal,1682,1.0000,1.0000
sholl_rf,neuromorpho__37112_slide1_cell4.swc,pyramidal,1880,0.9894,0.6639
sholl_rf,neuromorpho__37112_slide2_cell2.swc,pyramidal,1479,1.0000,1.0000
sholl_rf,neuromorpho__37112_slide2_cell7.swc,pyramidal,1698,0.9446,0.6514
sholl_rf,neuromorpho__37_9.swc,pyramidal,3549,1.0000,1.0000
sholl_rf,neuromorpho__389-01-01.swc,pyramidal,779,0.1990,0.1652
sholl_rf,neuromorpho__389-01-02.swc,pyramidal,672,0.9539,0.6319
sholl_rf,neuromorpho__38_8.swc,pyramidal,3141,1.0000,1.0000
sholl_rf,neuromorpho__38d.swc,pyramidal,1201,1.0000,1.0000
sholl_rf,neuromorpho__391-01.swc,pyramidal,570,1.0000,1.0000
sholl_rf,neuromorpho__391-05.swc,pyramidal,1025,0.1473,0.1278
sholl_rf,neuromorpho__391-06.swc,pyramidal,2320,0.3237,0.2444
sholl_rf,neuromorpho__3_53.swc,pyramidal,1606,1.0000,1.0000
sholl_rf,neuromorpho__3_54.swc,pyramidal,2117,1.0000,1.0000
sholl_rf,neuromorpho__3b.swc,pyramidal,766,1.0000,1.0000
sholl_rf,neuromorpho__3d_1.swc,pyramidal,3054,1.0000,1.0000
sholl_rf,neuromorpho__3PO1_1.swc,pyramidal,1008,0.4534,0.2078
sholl_rf,neuromorpho__3PO2_1.swc,pyramidal,845,0.8817,0.6166
sholl_rf,neuromorpho__3PO2_2.swc,pyramidal,417,0.1703,0.0960
sholl_rf,neuromorpho__3PO2_3.swc,pyramidal,1052,0.8983,0.5490
sholl_rf,neuromorpho__4-ENU2-treated-neuron2.swc,pyramidal,846,1.0000,1.0000
sholl_rf,neuromorpho__4-ENU2-treated-neuron3.swc,pyramidal,457,1.0000,1.0000
sholl_rf,neuromorpho__4314ARCHV1-2Slice8Cell2.swc,pyramidal,851,1.0000,1.0000
sholl_rf,neuromorpho__46-Neurone-1.swc,pyramidal,483,0.5673,0.2411
sholl_rf,neuromorpho__46-Neurone-2.swc,pyramidal,708,0.7825,0.4389
sholl_rf,neuromorpho__4_52.swc,pyramidal,1103,1.0000,1.0000
sholl_rf,neuromorpho__4a_2.swc,pyramidal,2265,1.0000,1.0000
sholl_rf,neuromorpho__4c.swc,pyramidal,2657,1.0000,1.0000
sholl_rf,neuromorpho__517s1c1.swc,pyramidal,3728,0.7530,0.4295
sholl_rf,neuromorpho__53-Neurone1.swc,pyramidal,783,0.5287,0.2304
sholl_rf,neuromorpho__554-1-R4.swc,pyramidal,593,1.0000,1.0000
sholl_rf,neuromorpho__554-2-L1.swc,pyramidal,986,0.8002,0.4444
sholl_rf,neuromorpho__554-2-L3.swc,pyramidal,1623,0.8195,0.4504
sholl_rf,neuromorpho__554-2-R3.swc,pyramidal,1731,0.5246,0.2293
sholl_rf,neuromorpho__557-2-L5.swc,pyramidal,1262,1.0000,1.0000
sholl_rf,neuromorpho__557-3-R2.swc,pyramidal,1221,1.0000,1.0000
sholl_rf,neuromorpho__560-3-R1.swc,pyramidal,1348,0.4021,0.2865
sholl_rf,neuromorpho__560-4-L1.swc,pyramidal,938,0.8966,0.4727
sholl_rf,neuromorpho__560-4-R2.swc,pyramidal,1209,0.9371,0.4838
sholl_rf,neuromorpho__5_42.swc,pyramidal,62,0.8548,0.4602
sholl_rf,neuromorpho__5b_1.swc,pyramidal,3946,1.0000,1.0000
sholl_rf,neuromorpho__72513V1-4Slice2Cell1.swc,pyramidal,1523,1.0000,1.0000
sholl_rf,neuromorpho__72513V1-4Slice3Cell2.swc,pyramidal,917,1.0000,1.0000
sholl_rf,neuromorpho__72513V1-5Slice2Cell1.swc,pyramidal,1419,1.0000,1.0000
sholl_rf,neuromorpho__72715-V1-2slice10.swc,pyramidal,580,1.0000,1.0000
sholl_rf,neuromorpho__72715-V1-2slice5.swc,pyramidal,767,1.0000,1.0000
sholl_rf,neuromorpho__72715-V1-2slice5cell3.swc,pyramidal,872,1.0000,1.0000
sholl_rf,neuromorpho__72715-V1-2slice9.swc,pyramidal,1017,1.0000,1.0000
sholl_rf,neuromorpho__72715-V1-5Slice4Cell1.swc,pyramidal,738,0.7602,0.4318
sholl_rf,neuromorpho__72715.swc,pyramidal,414,1.0000,1.0000
sholl_rf,neuromorpho__7_44.swc,pyramidal,2432,1.0000,1.0000
sholl_rf,neuromorpho__7month-Arctic-13_2.swc,pyramidal,511,1.0000,1.0000
sholl_rf,neuromorpho__7month-Arctic-13_3.swc,pyramidal,244,1.0000,1.0000
sholl_rf,neuromorpho__7month-Arctic-13_8.swc,pyramidal,737,1.0000,1.0000
sholl_rf,neuromorpho__7month-Arctic-17_4.swc,pyramidal,428,1.0000,1.0000
sholl_rf,neuromorpho__7month-Arctic-20_5.swc,pyramidal,285,1.0000,1.0000
sholl_rf,neuromorpho__7month-Arctic-9_1.swc,pyramidal,1230,1.0000,1.0000
sholl_rf,neuromorpho__7month-Arctic-C5aR1-KO-24_3.swc,pyramidal,518,1.0000,1.0000
sholl_rf,neuromorpho__7month-Arctic-C5aR1-KO-24_5.swc,pyramidal,582,1.0000,1.0000
sholl_rf,neuromorpho__7month-C5aR1-KO-18-3.swc,pyramidal,427,1.0000,1.0000
sholl_rf,neuromorpho__7month-C5aR1-KO-18-4.swc,pyramidal,544,1.0000,1.0000
sholl_rf,neuromorpho__7month-wt-16_1.swc,pyramidal,891,1.0000,1.0000
sholl_rf,neuromorpho__7month-wt-16_2.swc,pyramidal,702,1.0000,1.0000
sholl_rf,neuromorpho__8_den_ax.swc,pyramidal,114475,0.9984,0.9882
sholl_rf,neuromorpho__908s3c3.swc,pyramidal,3922,0.5474,0.2358
sholl_rf,neuromorpho__A1-N1-1_final.swc,pyramidal,1360,1.0000,1.0000
sholl_rf,neuromorpho__A1-N2-1_final.swc,pyramidal,1179,1.0000,1.0000
sholl_rf,neuromorpho__A1-N3-1_13jun-5-_final.swc,pyramidal,1382,1.0000,1.0000
sholl_rf,neuromorpho__A110111PYR.swc,pyramidal,5737,0.2172,0.1189
sholl_rf,neuromorpho__A1_slide1_neuron1.swc,pyramidal,537,0.9497,0.6526
sholl_rf,neuromorpho__A1_slide2_10.swc,pyramidal,1876,0.9936,0.6634
sholl_rf,neuromorpho__A1_slide2_11.swc,pyramidal,927,0.9935,0.6648
sholl_rf,neuromorpho__A1_slide2_14.swc,pyramidal,364,0.4286,0.1995
sholl_rf,neuromorpho__A1_slide2_16.swc,pyramidal,348,1.0000,1.0000
sholl_rf,neuromorpho__A1_slide2_19.swc,pyramidal,455,1.0000,1.0000
sholl_rf,neuromorpho__A1_slide2_4.swc,pyramidal,446,0.9776,0.6582
sholl_rf,neuromorpho__A1_slide2_neuron2.swc,pyramidal,561,0.3779,0.1824
sholl_rf,neuromorpho__A1_slide2_neuron3.swc,pyramidal,530,1.0000,1.0000
sholl_rf,neuromorpho__A1_slide3_5.swc,pyramidal,576,1.0000,1.0000
sholl_rf,neuromorpho__A1_slide3_neuron1.swc,pyramidal,626,0.9649,0.6559
sholl_rf,neuromorpho__A1_slide3_neuron4.swc,pyramidal,536,1.0000,1.0000
sholl_rf,neuromorpho__A1_slide4_neuron1.swc,pyramidal,1091,0.9661,0.6542
sholl_rf,neuromorpho__A2-N2-3_final.swc,pyramidal,1462,1.0000,1.0000
sholl_rf,neuromorpho__A2-N4-2_1.swc,pyramidal,1159,1.0000,1.0000
sholl_rf,neuromorpho__A2-N9-2_final.swc,pyramidal,1291,1.0000,1.0000
sholl_rf,neuromorpho__A2_slide1_4.swc,pyramidal,663,1.0000,1.0000
sholl_rf,neuromorpho__A2_slide1_neuron2.swc,pyramidal,636,1.0000,1.0000
sholl_rf,neuromorpho__A2_slide2_1.swc,pyramidal,556,0.9874,0.6630
sholl_rf,neuromorpho__A2_slide2_17.swc,pyramidal,610,0.6934,0.7903
sholl_rf,neuromorpho__A2_slide2_neuron4.swc,pyramidal,639,0.9562,0.6441
sholl_rf,neuromorpho__A2_slide3_12.swc,pyramidal,2249,0.7586,0.8353
sholl_rf,neuromorpho__A2_slide3_4.swc,pyramidal,290,0.4793,0.2155
sholl_rf,neuromorpho__A3-n11-2_final.swc,pyramidal,682,1.0000,1.0000
sholl_rf,neuromorpho__A3-n12-2_final.swc,pyramidal,884,1.0000,1.0000
sholl_rf,neuromorpho__A3-n8-2_1.swc,pyramidal,861,1.0000,1.0000
sholl_rf,neuromorpho__A3-N8-2_final.swc,pyramidal,1330,1.0000,1.0000
sholl_rf,neuromorpho__A3_slide2_1.swc,pyramidal,582,1.0000,1.0000
sholl_rf,neuromorpho__A3_slide2_11.swc,pyramidal,1191,0.9698,0.6592
sholl_rf,neuromorpho__A3_slide2_13.swc,pyramidal,1671,0.9797,0.6575
sholl_rf,neuromorpho__A3_slide2_16.swc,pyramidal,404,1.0000,1.0000
sholl_rf,neuromorpho__A3_slide2_4.swc,pyramidal,685,0.9562,0.6477
sholl_rf,neuromorpho__A3_slide2_8.swc,pyramidal,1934,0.9850,0.6620
sholl_rf,neuromorpho__A3_slide2_neuron3.swc,pyramidal,469,0.9872,0.6621
sholl_rf,neuromorpho__A3_slide3_24.swc,pyramidal,715,0.9832,0.6618
sholl_rf,neuromorpho__A3_slide3_4.swc,pyramidal,448,0.9621,0.6504
sholl_rf,neuromorpho__A3_slide3_7.swc,pyramidal,1515,1.0000,1.0000
sholl_rf,neuromorpho__A3_slide3_9.swc,pyramidal,991,0.9717,0.6524
sholl_rf,neuromorpho__A3_slide3_neuron1.swc,pyramidal,408,0.9902,0.6640
sholl_rf,neuromorpho__A3_slide3_Neuron4.swc,pyramidal,384,1.0000,1.0000
sholl_rf,neuromorpho__A3_slide3_neuron5.swc,pyramidal,1251,0.4668,0.5145
sholl_rf,neuromorpho__A3_slide3_neuron6.swc,pyramidal,579,0.9741,0.6582
sholl_rf,neuromorpho__A4-N1-3_final.swc,pyramidal,1010,1.0000,1.0000
sholl_rf,neuromorpho__A4-N11-4_final.swc,pyramidal,1122,1.0000,1.0000
sholl_rf,neuromorpho__A4-N14-1_final.swc,pyramidal,1113,1.0000,1.0000
sholl_rf,neuromorpho__A4-N5-2_final.swc,pyramidal,1607,1.0000,1.0000
sholl_rf,neuromorpho__A4_slide1_1.swc,pyramidal,288,0.9792,0.6584
sholl_rf,neuromorpho__A4_slide1_neuron1.swc,pyramidal,1481,0.9811,0.6572
sholl_rf,neuromorpho__A4_slide2_10.swc,pyramidal,941,0.9883,0.6613
sholl_rf,neuromorpho__A4_slide2_13.swc,pyramidal,418,0.6172,0.5127
sholl_rf,neuromorpho__A4_slide2_17.swc,pyramidal,484,0.9566,0.6459
sholl_rf,neuromorpho__A4_slide2_19.swc,pyramidal,752,0.9907,0.6634
sholl_rf,neuromorpho__A4_slide2_24.swc,pyramidal,530,0.9642,0.6515
sholl_rf,neuromorpho__A4_slide2_25.swc,pyramidal,666,0.9730,0.6522
sholl_rf,neuromorpho__A4_slide2_8.swc,pyramidal,416,0.5385,0.2330
sholl_rf,neuromorpho__A4_slide2_neuron2_II_III.swc,pyramidal,725,0.5379,0.2330
sholl_rf,neuromorpho__A4_slide2_neuron4.swc,pyramidal,563,1.0000,1.0000
sholl_rf,neuromorpho__A4_slide2_neuron5.swc,pyramidal,543,0.9337,0.6428
sholl_rf,neuromorpho__A4_slide3_16.swc,pyramidal,378,0.7275,0.6008
sholl_rf,neuromorpho__A4_slide3_20.swc,pyramidal,636,0.9041,0.6390
sholl_rf,neuromorpho__A4_slide3_21.swc,pyramidal,591,0.6125,0.2531
sholl_rf,neuromorpho__A4_slide3_9.swc,pyramidal,1599,0.9981,0.6661
sholl_rf,neuromorpho__A586_NeuronC_40x_Tile_Trace_MK.swc,pyramidal,785,0.5019,0.3339
sholl_rf,neuromorpho__A952_NeuronA_40X_Tile_Trace_RK.swc,pyramidal,714,0.5714,0.3634
sholl_rf,neuromorpho__A_RFP_0004_final.swc,pyramidal,711,1.0000,1.0000
sholl_rf,neuromorpho__A_RFP_0005_2final.swc,pyramidal,926,1.0000,1.0000
sholl_rf,neuromorpho__A_RFP_0006_2final.swc,pyramidal,571,1.0000,1.0000
sholl_rf,neuromorpho__A_RFP_0006_final2.swc,pyramidal,1284,1.0000,1.0000
sholl_rf,neuromorpho__A_RFP_0007_final2.swc,pyramidal,730,1.0000,1.0000
sholl_rf,neuromorpho__A_RFP_0008_2final.swc,pyramidal,844,1.0000,1.0000
sholl_rf,neuromorpho__A_RFP_0014_2final.swc,pyramidal,854,1.0000,1.0000
sholl_rf,neuromorpho__A_RFP_0016_final2.swc,pyramidal,1157,1.0000,1.0000
sholl_rf,neuromorpho__A_RFP_0018_final2.swc,pyramidal,1211,1.0000,1.0000
sholl_rf,neuromorpho__AA0314.swc,pyramidal,3854,1.0000,1.0000
sholl_rf,neuromorpho__AA0323.swc,pyramidal,1850,1.0000,1.0000
sholl_rf,neuromorpho__AA0327.swc,pyramidal,3807,1.0000,1.0000
sholl_rf,neuromorpho__AA0331.swc,pyramidal,4335,1.0000,1.0000
sholl_rf,neuromorpho__AA0335.swc,pyramidal,5699,1.0000,1.0000
sholl_rf,neuromorpho__AA0337.swc,pyramidal,4031,1.0000,1.0000
sholl_rf,neuromorpho__AA0342.swc,pyramidal,5842,1.0000,1.0000
sholl_rf,neuromorpho__AA0345.swc,pyramidal,3937,1.0000,1.0000
sholl_rf,neuromorpho__AA0347.swc,pyramidal,4986,1.0000,1.0000
sholl_rf,neuromorpho__AA0348.swc,pyramidal,4144,1.0000,1.0000
sholl_rf,neuromorpho__AA0349.swc,pyramidal,4555,1.0000,1.0000
sholl_rf,neuromorpho__AA0350.swc,pyramidal,4792,1.0000,1.0000
sholl_rf,neuromorpho__AA0351.swc,pyramidal,857,1.0000,1.0000
sholl_rf,neuromorpho__AA0352.swc,pyramidal,3348,1.0000,1.0000
sholl_rf,neuromorpho__AA0358.swc,pyramidal,5381,1.0000,1.0000
sholl_rf,neuromorpho__AA0359.swc,pyramidal,2511,1.0000,1.0000
sholl_rf,neuromorpho__AA0363.swc,pyramidal,2673,1.0000,1.0000
sholl_rf,neuromorpho__AA0366.swc,pyramidal,4502,1.0000,1.0000
sholl_rf,neuromorpho__AA0367.swc,pyramidal,4858,1.0000,1.0000
sholl_rf,neuromorpho__AA0372.swc,pyramidal,2802,1.0000,1.0000
sholl_rf,neuromorpho__AA0377.swc,pyramidal,7405,1.0000,1.0000
sholl_rf,neuromorpho__AA0384.swc,pyramidal,3137,1.0000,1.0000
sholl_rf,neuromorpho__AA0396.swc,pyramidal,33005,1.0000,1.0000
sholl_rf,neuromorpho__AA0400.swc,pyramidal,20014,1.0000,1.0000
sholl_rf,neuromorpho__AA0408.swc,pyramidal,17231,1.0000,1.0000
sholl_rf,neuromorpho__AA0409.swc,pyramidal,15876,1.0000,1.0000
sholl_rf,neuromorpho__AA0417.swc,pyramidal,14252,1.0000,1.0000
sholl_rf,neuromorpho__AA0426.swc,pyramidal,15313,1.0000,1.0000
sholl_rf,neuromorpho__AA0433.swc,pyramidal,2179,1.0000,1.0000
sholl_rf,neuromorpho__AA0442.swc,pyramidal,57368,1.0000,1.0000
sholl_rf,neuromorpho__AA0445.swc,pyramidal,16811,1.0000,1.0000
sholl_rf,neuromorpho__AA0453.swc,pyramidal,2339,1.0000,1.0000
sholl_rf,neuromorpho__AA0464.swc,pyramidal,2184,1.0000,1.0000
sholl_rf,neuromorpho__AA0473.swc,pyramidal,4345,1.0000,1.0000
sholl_rf,neuromorpho__AA0478.swc,pyramidal,522,1.0000,1.0000
sholl_rf,neuromorpho__AA0479.swc,pyramidal,734,1.0000,1.0000
sholl_rf,neuromorpho__AA0489.swc,pyramidal,1095,1.0000,1.0000
sholl_rf,neuromorpho__AA0494.swc,pyramidal,1173,1.0000,1.0000
sholl_rf,neuromorpho__AA0500.swc,pyramidal,531,1.0000,1.0000
sholl_rf,neuromorpho__AA0511.swc,pyramidal,1687,1.0000,1.0000
sholl_rf,neuromorpho__AA0519.swc,pyramidal,4648,1.0000,1.0000
sholl_rf,neuromorpho__AA0525.swc,pyramidal,1280,1.0000,1.0000
sholl_rf,neuromorpho__AA0530.swc,pyramidal,1366,1.0000,1.0000
sholl_rf,neuromorpho__AA0540.swc,pyramidal,1905,1.0000,1.0000
sholl_rf,neuromorpho__AA0543.swc,pyramidal,1496,1.0000,1.0000
sholl_rf,neuromorpho__AA0564.swc,pyramidal,984,1.0000,1.0000
sholl_rf,neuromorpho__AA0565.swc,pyramidal,1275,1.0000,1.0000
sholl_rf,neuromorpho__AA0574.swc,pyramidal,2185,1.0000,1.0000
sholl_rf,neuromorpho__AA0584.swc,pyramidal,2955,1.0000,1.0000
sholl_rf,neuromorpho__AA0601.swc,pyramidal,3272,1.0000,1.0000
sholl_rf,neuromorpho__AA0612.swc,pyramidal,23987,1.0000,1.0000
sholl_rf,neuromorpho__AA0622.swc,pyramidal,45803,1.0000,1.0000
sholl_rf,neuromorpho__AA0626.swc,pyramidal,11290,1.0000,1.0000
sholl_rf,neuromorpho__AA0658.swc,pyramidal,2642,1.0000,1.0000
sholl_rf,neuromorpho__AA0659.swc,pyramidal,3018,1.0000,1.0000
sholl_rf,neuromorpho__AA0661.swc,pyramidal,4130,1.0000,1.0000
sholl_rf,neuromorpho__AA0678.swc,pyramidal,3051,1.0000,1.0000
sholl_rf,neuromorpho__AA0685.swc,pyramidal,2787,1.0000,1.0000
sholl_rf,neuromorpho__AA0710.swc,pyramidal,911,1.0000,1.0000
sholl_rf,neuromorpho__AA0711.swc,pyramidal,2522,1.0000,1.0000
sholl_rf,neuromorpho__AA0713.swc,pyramidal,1402,1.0000,1.0000
sholl_rf,neuromorpho__AA0732.swc,pyramidal,3449,1.0000,1.0000
sholl_rf,neuromorpho__AA0735.swc,pyramidal,27249,1.0000,1.0000
sholl_rf,neuromorpho__AA0736.swc,pyramidal,2039,1.0000,1.0000
sholl_rf,neuromorpho__AA0751.swc,pyramidal,2854,1.0000,1.0000
sholl_rf,neuromorpho__AA0757.swc,pyramidal,1676,1.0000,1.0000
sholl_rf,neuromorpho__AA0767.swc,pyramidal,12578,1.0000,1.0000
sholl_rf,neuromorpho__AA0772.swc,pyramidal,10738,1.0000,1.0000
sholl_rf,neuromorpho__AA0776.swc,pyramidal,3143,1.0000,1.0000
sholl_rf,neuromorpho__AA0781.swc,pyramidal,2977,1.0000,1.0000
sholl_rf,neuromorpho__AA0791.swc,pyramidal,5495,1.0000,1.0000
sholl_rf,neuromorpho__AA0792.swc,pyramidal,3153,1.0000,1.0000
sholl_rf,neuromorpho__AA0794.swc,pyramidal,7576,1.0000,1.0000
sholl_rf,neuromorpho__AA0798.swc,pyramidal,11996,1.0000,1.0000
sholl_rf,neuromorpho__AA0806.swc,pyramidal,4367,1.0000,1.0000
sholl_rf,neuromorpho__AA0813.swc,pyramidal,991,1.0000,1.0000
sholl_rf,neuromorpho__AA0820.swc,pyramidal,1858,1.0000,1.0000
sholl_rf,neuromorpho__AA0823.swc,pyramidal,3906,1.0000,1.0000
sholl_rf,neuromorpho__AA0824.swc,pyramidal,2107,1.0000,1.0000
sholl_rf,neuromorpho__AA0843.swc,pyramidal,1155,1.0000,1.0000
sholl_rf,neuromorpho__AA0850.swc,pyramidal,2407,1.0000,1.0000
sholl_rf,neuromorpho__AA0852.swc,pyramidal,2073,1.0000,1.0000
sholl_rf,neuromorpho__AA0863.swc,pyramidal,1084,1.0000,1.0000
sholl_rf,neuromorpho__AA0865.swc,pyramidal,4937,1.0000,1.0000
sholl_rf,neuromorpho__AA0870.swc,pyramidal,3636,1.0000,1.0000
sholl_rf,neuromorpho__AA0873.swc,pyramidal,3447,1.0000,1.0000
sholl_rf,neuromorpho__AA0876.swc,pyramidal,5531,1.0000,1.0000
sholl_rf,neuromorpho__AA0884.swc,pyramidal,1116,1.0000,1.0000
sholl_rf,neuromorpho__AA0891.swc,pyramidal,1526,1.0000,1.0000
sholl_rf,neuromorpho__AA0899.swc,pyramidal,1272,1.0000,1.0000
sholl_rf,neuromorpho__AA0902.swc,pyramidal,361,0.5845,0.3684
sholl_rf,neuromorpho__AA0906.swc,pyramidal,2717,1.0000,1.0000
sholl_rf,neuromorpho__AA0913.swc,pyramidal,1101,1.0000,1.0000
sholl_rf,neuromorpho__AA0914.swc,pyramidal,1705,1.0000,1.0000
sholl_rf,neuromorpho__AA0919.swc,pyramidal,2851,1.0000,1.0000
sholl_rf,neuromorpho__AA0926.swc,pyramidal,5649,1.0000,1.0000
sholl_rf,neuromorpho__AA0945.swc,pyramidal,5457,1.0000,1.0000
sholl_rf,neuromorpho__AA0953.swc,pyramidal,2550,1.0000,1.0000
sholl_rf,neuromorpho__AA0994.swc,pyramidal,745,1.0000,1.0000
sholl_rf,neuromorpho__alpha-15.swc,pyramidal,70,1.0000,1.0000
sholl_rf,neuromorpho__alpha-17.swc,pyramidal,105,1.0000,1.0000
sholl_rf,neuromorpho__alpha-5.swc,pyramidal,62,1.0000,1.0000
sholl_rf,neuromorpho__APPKO-set1-010.swc,pyramidal,1015,1.0000,1.0000
sholl_rf,neuromorpho__APPKO-set2-004.swc,pyramidal,1097,1.0000,1.0000
sholl_rf,neuromorpho__APPKO-set3-001.swc,pyramidal,1469,1.0000,1.0000
sholl_rf,neuromorpho__APPKO-set3-002.swc,pyramidal,1168,1.0000,1.0000
sholl_rf,neuromorpho__august5s1-cell-1.swc,pyramidal,822,0.5487,0.3541
sholl_rf,neuromorpho__august8s1-cell-3.swc,pyramidal,898,0.6771,0.4036
sholl_rf,neuromorpho__B1_slide1_1.swc,pyramidal,286,1.0000,1.0000
sholl_rf,neuromorpho__B1_slide1_2.swc,pyramidal,389,1.0000,1.0000
sholl_rf,neuromorpho__B1_slide2_10.swc,pyramidal,377,1.0000,1.0000
sholl_rf,neuromorpho__B1_slide2_3.swc,pyramidal,810,0.9802,0.6608
sholl_rf,neuromorpho__B1_slide2_neuron1_II_III.swc,pyramidal,1099,0.9236,0.6358
sholl_rf,neuromorpho__B1_Slide3_1.swc,pyramidal,451,1.0000,1.0000
sholl_rf,neuromorpho__B1_slide3_5.swc,pyramidal,178,0.4831,0.2163
sholl_rf,neuromorpho__B1_slide3_6.swc,pyramidal,385,0.5714,0.2421
sholl_rf,neuromorpho__B1_slide3_9.swc,pyramidal,306,0.3595,0.4974
sholl_rf,neuromorpho__B1_slide3_neuron1.swc,pyramidal,465,1.0000,1.0000
sholl_rf,neuromorpho__B1_slide3_neuron1_II_III.swc,pyramidal,239,0.7615,0.2880
sholl_rf,neuromorpho__B1_slide4_4.swc,pyramidal,661,0.9622,0.6521
sholl_rf,neuromorpho__B1_slide4_neuron1_II_III.swc,pyramidal,909,1.0000,1.0000
sholl_rf,neuromorpho__B1_slide4_neuron4.swc,pyramidal,504,1.0000,1.0000
sholl_rf,neuromorpho__B1_slide4_neuron5.swc,pyramidal,1862,0.9898,0.6613
sholl_rf,neuromorpho__B2_slide1_7.swc,pyramidal,385,0.9662,0.6513
sholl_rf,neuromorpho__B2_slide1_neuron4_II_III.swc,pyramidal,394,0.4010,0.1903
sholl_rf,neuromorpho__B2_slide2_17.swc,pyramidal,333,1.0000,1.0000
sholl_rf,neuromorpho__B2_slide2_5.swc,pyramidal,705,0.9617,0.6540
sholl_rf,neuromorpho__B2_slide2_7.swc,pyramidal,400,0.4750,0.2143
sholl_rf,neuromorpho__B2_slide2_9a.swc,pyramidal,1802,0.9800,0.6618
sholl_rf,neuromorpho__B2_slide2_neuron2.swc,pyramidal,483,1.0000,1.0000
sholl_rf,neuromorpho__B2_slide2_neuron3.swc,pyramidal,478,1.0000,1.0000
sholl_rf,neuromorpho__B2_slide2_neuron5.swc,pyramidal,447,1.0000,1.0000
sholl_rf,neuromorpho__B2_slide3_16.swc,pyramidal,1646,0.9866,0.6563
sholl_rf,neuromorpho__B2_slide3_8.swc,pyramidal,742,0.5337,0.2318
sholl_rf,neuromorpho__B2_slide3_neuron3.swc,pyramidal,372,1.0000,1.0000
sholl_rf,neuromorpho__B3_slide1_4.swc,pyramidal,1101,0.9918,0.6629
sholl_rf,neuromorpho__B3_slide1_neuron2.swc,pyramidal,516,0.9845,0.6616
sholl_rf,neuromorpho__B3_slide1_neuron5.swc,pyramidal,1599,0.9694,0.6554
sholl_rf,neuromorpho__B3_slide2_10.swc,pyramidal,621,0.6473,0.5387
sholl_rf,neuromorpho__B3_slide2_11.swc,pyramidal,1461,0.9836,0.6612
sholl_rf,neuromorpho__B3_slide2_12.swc,pyramidal,1168,1.0000,1.0000
sholl_rf,neuromorpho__B3_slide2_15.swc,pyramidal,311,1.0000,1.0000
sholl_rf,neuromorpho__B3_slide2_4.swc,pyramidal,474,1.0000,1.0000
sholl_rf,neuromorpho__B3_slide2_5.swc,pyramidal,551,0.9800,0.6609
sholl_rf,neuromorpho__B3_slide2_neuron4_.swc,pyramidal,410,1.0000,1.0000
sholl_rf,neuromorpho__B3_slide3_neuron4.swc,pyramidal,422,0.6209,0.5823
sholl_rf,neuromorpho__B3_slide4_neuron1.swc,pyramidal,1721,0.8611,0.5694
sholl_rf,neuromorpho__B4_slide2_8.swc,pyramidal,1385,0.9884,0.6626
sholl_rf,neuromorpho__B4_slide2_neuron2_II_III.swc,pyramidal,1050,0.9724,0.6535
sholl_rf,neuromorpho__B4_slide3_11.swc,pyramidal,417,0.4796,0.5417
sholl_rf,neuromorpho__B4_slide3_12.swc,pyramidal,429,1.0000,1.0000
sholl_rf,neuromorpho__B4_slide3_13.swc,pyramidal,496,1.0000,1.0000
sholl_rf,neuromorpho__B4_slide3_20.swc,pyramidal,753,0.9681,0.6560
sholl_rf,neuromorpho__B4_slide3_5.swc,pyramidal,912,1.0000,1.0000
sholl_rf,neuromorpho__B4_slide3_neuron2.swc,pyramidal,348,0.4310,0.5232
sholl_rf,neuromorpho__B4_slide3_neuron2_II_III.swc,pyramidal,586,0.7150,0.5764
sholl_rf,neuromorpho__B4_slide3_neuron4.swc,pyramidal,407,0.9656,0.6481
sholl_rf,neuromorpho__B4_slide4_1.swc,pyramidal,333,0.6126,0.5825
sholl_rf,neuromorpho__B4_slide4_neuron3.swc,pyramidal,474,1.0000,1.0000
sholl_rf,neuromorpho__B4_slide4_neuron4_II_III.swc,pyramidal,654,0.2798,0.3110
sholl_rf,neuromorpho__B913_NeuronC_40x_Tile_Trace_MK.swc,pyramidal,1414,0.1860,0.1564
sholl_rf,neuromorpho__B924_NeuronA_40X_Tile_Trace_RK.swc,pyramidal,1330,0.3436,0.2555
sholl_rf,neuromorpho__B949_NeuronC_40x_Tile_Trace_RK.swc,pyramidal,796,0.3844,0.2773
sholl_rf,neuromorpho__B_GFP_0003_final.swc,pyramidal,757,1.0000,1.0000
sholl_rf,neuromorpho__B_GFP_0007_final.swc,pyramidal,776,1.0000,1.0000
sholl_rf,neuromorpho__B_GFP_0017_final.swc,pyramidal,742,1.0000,1.0000
sholl_rf,neuromorpho__B_RFP_0001_final.swc,pyramidal,1073,1.0000,1.0000
sholl_rf,neuromorpho__B_RFP_0001_final2.swc,pyramidal,952,1.0000,1.0000
sholl_rf,neuromorpho__B_RFP_0002_final.swc,pyramidal,924,1.0000,1.0000
sholl_rf,neuromorpho__B_RFP_0006_final.swc,pyramidal,790,1.0000,1.0000
sholl_rf,neuromorpho__B_RFP_0008_final.swc,pyramidal,1195,1.0000,1.0000
sholl_rf,neuromorpho__B_RFP_0011_final.swc,pyramidal,872,1.0000,1.0000
sholl_rf,neuromorpho__B_RFP_0015_final.swc,pyramidal,1034,1.0000,1.0000
sholl_rf,neuromorpho__beta-13.swc,pyramidal,241,1.0000,1.0000
sholl_rf,neuromorpho__beta-19.swc,pyramidal,140,1.0000,1.0000
sholl_rf,neuromorpho__beta-4.swc,pyramidal,142,1.0000,1.0000
sholl_rf,neuromorpho__beta-6.swc,pyramidal,127,1.0000,1.0000
sholl_rf,neuromorpho__beta.swc,pyramidal,93,1.0000,1.0000
sholl_rf,neuromorpho__C10-17.swc,pyramidal,364,1.0000,1.0000
sholl_rf,neuromorpho__C10-23.swc,pyramidal,310,0.7903,0.4412
sholl_rf,neuromorpho__C10-3.swc,pyramidal,448,0.7946,0.4426
sholl_rf,neuromorpho__C10-31.swc,pyramidal,480,0.5062,0.3356
sholl_rf,neuromorpho__C10-5.swc,pyramidal,608,1.0000,1.0000
sholl_rf,neuromorpho__C1005-2KO-whole-8.swc,pyramidal,153,0.7516,0.4286
sholl_rf,neuromorpho__C1042-whole-2.swc,pyramidal,61,0.5410,0.3478
sholl_rf,neuromorpho__C1046-ap1-3.swc,pyramidal,81,0.0123,0.0000
sholl_rf,neuromorpho__C1046-whole-4-ap-1.swc,pyramidal,56,0.0179,0.0000
sholl_rf,neuromorpho__C1054-whole-3.swc,pyramidal,50,0.0200,0.0000
sholl_rf,neuromorpho__C3_3.swc,pyramidal,663,0.4781,0.2154
sholl_rf,neuromorpho__C912-WT-basal-2.swc,pyramidal,72,1.0000,1.0000
sholl_rf,neuromorpho__C916-WT-ap1.swc,pyramidal,66,0.0152,0.0000
sholl_rf,neuromorpho__C916-WT-M8-123-3.swc,pyramidal,95,0.0105,0.0000
sholl_rf,neuromorpho__C916-WT-M8base-whole-5.swc,pyramidal,202,0.7921,0.4417
sholl_rf,neuromorpho__C_GFP_0014_final.swc,pyramidal,760,1.0000,1.0000
sholl_rf,neuromorpho__C_RFP_0004_final.swc,pyramidal,662,1.0000,1.0000
sholl_rf,neuromorpho__C_RFP_0010_final.swc,pyramidal,1498,1.0000,1.0000
sholl_rf,neuromorpho__CA1_slide2_neuron1.swc,pyramidal,842,0.9466,0.6463
sholl_rf,neuromorpho__CA1_slide2_neuron2.swc,pyramidal,1861,0.9866,0.6634
sholl_rf,neuromorpho__CA3_slide2_neuron3.swc,pyramidal,1584,0.8321,0.5324
sholl_rf,neuromorpho__CA3_slide2_neuron5.swc,pyramidal,1463,0.9877,0.6619
sholl_rf,neuromorpho__CA4_slide3_neuron3.swc,pyramidal,709,0.5994,0.2497
sholl_rf,neuromorpho__Cell-1-2_10.swc,pyramidal,377,1.0000,1.0000
sholl_rf,neuromorpho__Cell-1-2_8.swc,pyramidal,369,1.0000,1.0000
sholl_rf,neuromorpho__Cell-10-3.swc,pyramidal,148,1.0000,1.0000
sholl_rf,neuromorpho__Cell-10-4_1.swc,pyramidal,458,1.0000,1.0000
sholl_rf,neuromorpho__Cell-11-3_1.swc,pyramidal,364,1.0000,1.0000
sholl_rf,neuromorpho__Cell-12-2_2.swc,pyramidal,256,1.0000,1.0000
sholl_rf,neuromorpho__Cell-12_7.swc,pyramidal,355,1.0000,1.0000
sholl_rf,neuromorpho__Cell-12_8.swc,pyramidal,176,1.0000,1.0000
sholl_rf,neuromorpho__Cell-13-4_1.swc,pyramidal,186,1.0000,1.0000
sholl_rf,neuromorpho__Cell-14_5.swc,pyramidal,259,1.0000,1.0000
sholl_rf,neuromorpho__Cell-15-2.swc,pyramidal,434,1.0000,1.0000
sholl_rf,neuromorpho__Cell-15-3.swc,pyramidal,311,1.0000,1.0000
sholl_rf,neuromorpho__Cell-16_4.swc,pyramidal,145,1.0000,1.0000
sholl_rf,neuromorpho__Cell-16_5.swc,pyramidal,152,1.0000,1.0000
sholl_rf,neuromorpho__Cell-17-2.swc,pyramidal,173,1.0000,1.0000
sholl_rf,neuromorpho__Cell-17_3.swc,pyramidal,329,1.0000,1.0000
sholl_rf,neuromorpho__Cell-17_5.swc,pyramidal,114,1.0000,1.0000
sholl_rf,neuromorpho__Cell-18-3.swc,pyramidal,276,1.0000,1.0000
sholl_rf,neuromorpho__Cell-18-4.swc,pyramidal,258,1.0000,1.0000
sholl_rf,neuromorpho__Cell-18_03.swc,pyramidal,179,1.0000,1.0000
sholl_rf,neuromorpho__Cell-19_2.swc,pyramidal,300,1.0000,1.0000
sholl_rf,neuromorpho__Cell-1_13.swc,pyramidal,142,1.0000,1.0000
sholl_rf,neuromorpho__Cell-2-4_1.swc,pyramidal,300,1.0000,1.0000
sholl_rf,neuromorpho__Cell-3-2_10.swc,pyramidal,347,1.0000,1.0000
sholl_rf,neuromorpho__Cell-3-2_5.swc,pyramidal,154,1.0000,1.0000
sholl_rf,neuromorpho__Cell-3-2_6.swc,pyramidal,246,1.0000,1.0000
sholl_rf,neuromorpho__Cell-3-2_7.swc,pyramidal,153,1.0000,1.0000
sholl_rf,neuromorpho__Cell-3_10.swc,pyramidal,168,1.0000,1.0000
sholl_rf,neuromorpho__Cell-3_14.swc,pyramidal,198,1.0000,1.0000
sholl_rf,neuromorpho__Cell-4-2_6.swc,pyramidal,208,1.0000,1.0000
sholl_rf,neuromorpho__Cell-4-2_7.swc,pyramidal,216,1.0000,1.0000
sholl_rf,neuromorpho__Cell-4-2_8.swc,pyramidal,266,1.0000,1.0000
sholl_rf,neuromorpho__Cell-4-2_9.swc,pyramidal,317,1.0000,1.0000
sholl_rf,neuromorpho__Cell-4-3_2.swc,pyramidal,92,1.0000,1.0000
sholl_rf,neuromorpho__Cell-4-4_2.swc,pyramidal,148,1.0000,1.0000
sholl_rf,neuromorpho__Cell-4-5_1.swc,pyramidal,233,1.0000,1.0000
sholl_rf,neuromorpho__Cell-4_10.swc,pyramidal,125,1.0000,1.0000
sholl_rf,neuromorpho__Cell-4_13.swc,pyramidal,228,1.0000,1.0000
sholl_rf,neuromorpho__Cell-5-3_2.swc,pyramidal,207,1.0000,1.0000
sholl_rf,neuromorpho__Cell-5-4_1.swc,pyramidal,309,1.0000,1.0000
sholl_rf,neuromorpho__Cell-5_10.swc,pyramidal,244,1.0000,1.0000
sholl_rf,neuromorpho__Cell-5_9.swc,pyramidal,250,1.0000,1.0000
sholl_rf,neuromorpho__Cell-6-4_2.swc,pyramidal,323,1.0000,1.0000
sholl_rf,neuromorpho__Cell-6_10.swc,pyramidal,161,0.4224,0.2952
sholl_rf,neuromorpho__Cell-7-2_3.swc,pyramidal,254,1.0000,1.0000
sholl_rf,neuromorpho__Cell-7-2_4.swc,pyramidal,346,1.0000,1.0000
sholl_rf,neuromorpho__Cell-7_6.swc,pyramidal,112,1.0000,1.0000
sholl_rf,neuromorpho__Cell-7_7.swc,pyramidal,187,1.0000,1.0000
sholl_rf,neuromorpho__Cell-8-2_1.swc,pyramidal,176,1.0000,1.0000
sholl_rf,neuromorpho__Cell-8_03.swc,pyramidal,169,1.0000,1.0000
sholl_rf,neuromorpho__Cell-8_5.swc,pyramidal,269,1.0000,1.0000
sholl_rf,neuromorpho__Cell-9-2_5.swc,pyramidal,310,1.0000,1.0000
sholl_rf,neuromorpho__cM2p_11.swc,pyramidal,4698,1.0000,1.0000
sholl_rf,neuromorpho__cM2p_12.swc,pyramidal,3667,1.0000,1.0000
sholl_rf,neuromorpho__cortex-1148-1.swc,pyramidal,72,1.0000,1.0000
sholl_rf,neuromorpho__cortex-1148-6.swc,pyramidal,56,1.0000,1.0000
sholl_rf,neuromorpho__cortex-1155-3.swc,pyramidal,67,1.0000,1.0000
sholl_rf,neuromorpho__cortex-1159-7.swc,pyramidal,81,1.0000,1.0000
sholl_rf,neuromorpho__cortex-1159-8.swc,pyramidal,80,1.0000,1.0000
sholl_rf,neuromorpho__cortex-229-7.swc,pyramidal,54,1.0000,1.0000
sholl_rf,neuromorpho__cortex-420-4.swc,pyramidal,85,1.0000,1.0000
sholl_rf,neuromorpho__cortex-456-5.swc,pyramidal,111,1.0000,1.0000
sholl_rf,neuromorpho__cortex-516-1.swc,pyramidal,98,1.0000,1.0000
sholl_rf,neuromorpho__cortex-516-2.swc,pyramidal,44,1.0000,1.0000
sholl_rf,neuromorpho__cortex-519-1.swc,pyramidal,78,1.0000,1.0000
sholl_rf,neuromorpho__cortex-519-5.swc,pyramidal,30,1.0000,1.0000
sholl_rf,neuromorpho__cortex-519-9.swc,pyramidal,47,1.0000,1.0000
sholl_rf,neuromorpho__cortex-521-4.swc,pyramidal,53,1.0000,1.0000
sholl_rf,neuromorpho__cortex-521-5.swc,pyramidal,34,1.0000,1.0000
sholl_rf,neuromorpho__cortex-537-6.swc,pyramidal,52,1.0000,1.0000
sholl_rf,neuromorpho__cortex-539-1.swc,pyramidal,53,1.0000,1.0000
sholl_rf,neuromorpho__cortex-557-6.swc,pyramidal,54,1.0000,1.0000
sholl_rf,neuromorpho__cortex-570-4.swc,pyramidal,104,1.0000,1.0000
sholl_rf,neuromorpho__cortex-858-3.swc,pyramidal,47,1.0000,1.0000
sholl_rf,neuromorpho__cortex-858-4.swc,pyramidal,63,1.0000,1.0000
sholl_rf,neuromorpho__cortex-858-5.swc,pyramidal,45,1.0000,1.0000
sholl_rf,neuromorpho__cortex-858-6.swc,pyramidal,59,1.0000,1.0000
sholl_rf,neuromorpho__cortex102-2.swc,pyramidal,106,1.0000,1.0000
sholl_rf,neuromorpho__cortex102-3.swc,pyramidal,87,1.0000,1.0000
sholl_rf,neuromorpho__cortex102-5.swc,pyramidal,149,1.0000,1.0000
sholl_rf,neuromorpho__cortex104-4.swc,pyramidal,164,1.0000,1.0000
sholl_rf,neuromorpho__cortex117-7.swc,pyramidal,88,1.0000,1.0000
sholl_rf,neuromorpho__cortex134-3.swc,pyramidal,81,1.0000,1.0000
sholl_rf,neuromorpho__cortex156-3.swc,pyramidal,115,1.0000,1.0000
sholl_rf,neuromorpho__cortex156-6.swc,pyramidal,101,1.0000,1.0000
sholl_rf,neuromorpho__cortex157-7.swc,pyramidal,91,1.0000,1.0000
sholl_rf,neuromorpho__cortex158-1.swc,pyramidal,43,1.0000,1.0000
sholl_rf,neuromorpho__cortex158-6.swc,pyramidal,43,1.0000,1.0000
sholl_rf,neuromorpho__cortex163-3.swc,pyramidal,174,1.0000,1.0000
sholl_rf,neuromorpho__cortex168-2.swc,pyramidal,48,1.0000,1.0000
sholl_rf,neuromorpho__cortex168-6.swc,pyramidal,78,1.0000,1.0000
sholl_rf,neuromorpho__cortex169-1.swc,pyramidal,92,1.0000,1.0000
sholl_rf,neuromorpho__cortex170-5.swc,pyramidal,68,1.0000,1.0000
sholl_rf,neuromorpho__cortex170-6.swc,pyramidal,69,1.0000,1.0000
sholl_rf,neuromorpho__cortex172-1.swc,pyramidal,51,1.0000,1.0000
sholl_rf,neuromorpho__cortex223-5.swc,pyramidal,93,1.0000,1.0000
sholl_rf,neuromorpho__cortex285-2.swc,pyramidal,129,1.0000,1.0000
sholl_rf,neuromorpho__cortex285-4.swc,pyramidal,110,1.0000,1.0000
sholl_rf,neuromorpho__cortex286-1.swc,pyramidal,101,1.0000,1.0000
sholl_rf,neuromorpho__cortex286-3.swc,pyramidal,55,1.0000,1.0000
sholl_rf,neuromorpho__cortex286-4.swc,pyramidal,59,1.0000,1.0000
sholl_rf,neuromorpho__cortex286-5.swc,pyramidal,100,1.0000,1.0000
sholl_rf,neuromorpho__cortex303-1.swc,pyramidal,104,1.0000,1.0000
sholl_rf,neuromorpho__cortex303-4.swc,pyramidal,78,1.0000,1.0000
sholl_rf,neuromorpho__cortex305-3.swc,pyramidal,87,1.0000,1.0000
sholl_rf,neuromorpho__cortex305-7.swc,pyramidal,49,1.0000,1.0000
sholl_rf,neuromorpho__cortex367-3.swc,pyramidal,113,1.0000,1.0000
sholl_rf,neuromorpho__cortex367-5.swc,pyramidal,69,1.0000,1.0000
sholl_rf,neuromorpho__cortex368-4.swc,pyramidal,97,1.0000,1.0000
sholl_rf,neuromorpho__cortex368-5.swc,pyramidal,85,1.0000,1.0000
sholl_rf,neuromorpho__cortex370-1.swc,pyramidal,34,1.0000,1.0000
sholl_rf,neuromorpho__cortex370-5.swc,pyramidal,44,1.0000,1.0000
sholl_rf,neuromorpho__cortex370-6.swc,pyramidal,53,1.0000,1.0000
sholl_rf,neuromorpho__cortex412-2.swc,pyramidal,58,1.0000,1.0000
sholl_rf,neuromorpho__cortex412-6.swc,pyramidal,63,1.0000,1.0000
sholl_rf,neuromorpho__cortex417-1.swc,pyramidal,49,1.0000,1.0000
sholl_rf,neuromorpho__cortex417-2.swc,pyramidal,70,1.0000,1.0000
sholl_rf,neuromorpho__cortex99-6.swc,pyramidal,54,1.0000,1.0000
sholl_rf,neuromorpho__crop0_1_seg_split_9_1-1.swc,pyramidal,837,1.0000,1.0000
sholl_rf,neuromorpho__crop0_2_seg_split_16_1-1.swc,pyramidal,836,1.0000,1.0000
sholl_rf,neuromorpho__crop0_2_seg_split_4_1-2.swc,pyramidal,758,1.0000,1.0000
sholl_rf,neuromorpho__crop0_2_seg_split_5_1-15.swc,pyramidal,1611,1.0000,1.0000
sholl_rf,neuromorpho__crop0_2_seg_split_6_1-35.swc,pyramidal,545,1.0000,1.0000
sholl_rf,neuromorpho__CSp0302-1.swc,pyramidal,12269,1.0000,1.0000
sholl_rf,neuromorpho__ctg_bV1_6.swc,pyramidal,365,1.0000,1.0000
sholl_rf,neuromorpho__ctrl_bV1_3.swc,pyramidal,669,1.0000,1.0000
sholl_rf,neuromorpho__ctrl_bV1_6.swc,pyramidal,857,1.0000,1.0000
sholl_rf,neuromorpho__ctrl_bV1_7.swc,pyramidal,392,1.0000,1.0000
sholl_rf,neuromorpho__Ctrl_V1B-L23_cell4.swc,pyramidal,807,1.0000,1.0000
sholl_rf,neuromorpho__EDF1_D4-Fresh-Hippo-1-EDF_crop-1.swc,pyramidal,736,1.0000,1.0000
sholl_rf,neuromorpho__EDF1_D4-Fresh-Hippo-1-EDF_crop-3.swc,pyramidal,1170,1.0000,1.0000
sholl_rf,neuromorpho__EDF1_D4-Fresh-Hippo-1-EDF_crop-9.swc,pyramidal,1232,1.0000,1.0000
sholl_rf,neuromorpho__EDF2_D4-Fresh-Hippo-2-EDF_crop-6.swc,pyramidal,2313,1.0000,1.0000
sholl_rf,neuromorpho__Exp_V1B-L23_cell1.swc,pyramidal,617,0.6434,0.7826
sholl_rf,neuromorpho__Exp_V1B-L23_cell3.swc,pyramidal,568,1.0000,1.0000
sholl_rf,neuromorpho__Exp_V1B-L5_cell1.swc,pyramidal,1042,0.4271,0.5980
sholl_rf,neuromorpho__Exp_V1B-L5_cell8.swc,pyramidal,907,0.5116,0.6764
sholl_rf,neuromorpho__Fig5a_4cell.swc,pyramidal,1857,0.4152,0.2932
sholl_rf,neuromorpho__Fig5a_8cell.swc,pyramidal,1930,1.0000,1.0000
sholl_rf,neuromorpho__Fresh-2-2.swc,pyramidal,3304,1.0000,1.0000
sholl_rf,neuromorpho__Fresh-3-1.swc,pyramidal,5612,1.0000,1.0000
sholl_rf,neuromorpho__Fresh-8-2.swc,pyramidal,2614,1.0000,1.0000
sholl_rf,neuromorpho__Fresh-D4-Phall-Tau-Map2-16.swc,pyramidal,2045,1.0000,1.0000
sholl_rf,neuromorpho__Fresh-D4-Phall-Tau-Map2-5.swc,pyramidal,866,1.0000,1.0000
sholl_rf,neuromorpho__Fresh-D4-Phall-Tau-Map2-9.swc,pyramidal,2829,1.0000,1.0000
sholl_rf,neuromorpho__Fresh-D4-Phall-Tau-Map2001-10.swc,pyramidal,2538,1.0000,1.0000
sholl_rf,neuromorpho__Fresh-D4-Phall-Tau-Map2001-11.swc,pyramidal,2008,1.0000,1.0000
sholl_rf,neuromorpho__Fresh-D4-Phall-Tau-Map2001-6.swc,pyramidal,521,1.0000,1.0000
sholl_rf,neuromorpho__Fresh-D4-Phall-Tau-Map2001-7.swc,pyramidal,1200,1.0000,1.0000
sholl_rf,neuromorpho__Fresh-D4-Phall-Tau-Map2003-14.swc,pyramidal,1587,1.0000,1.0000
sholl_rf,neuromorpho__Fresh-D4-Phall-Tau-Map2003-22.swc,pyramidal,1048,1.0000,1.0000
sholl_rf,neuromorpho__Fresh-D4-Phall-Tau-Map2003-3.swc,pyramidal,1489,1.0000,1.0000
sholl_rf,neuromorpho__Fresh-D4-Phall-Tau-Map2003-6.swc,pyramidal,887,1.0000,1.0000
sholl_rf,neuromorpho__Fresh-D4-Phall-Tau-Map2003-7.swc,pyramidal,1044,1.0000,1.0000
sholl_rf,neuromorpho__Fresh-D4-Phall-Tau-Map2004-10.swc,pyramidal,2358,1.0000,1.0000
sholl_rf,neuromorpho__Fresh-D4-Phall-Tau-Map2004-12.swc,pyramidal,995,1.0000,1.0000
sholl_rf,neuromorpho__Fresh-D4-Phall-Tau-Map2004-3.swc,pyramidal,1470,1.0000,1.0000
sholl_rf,neuromorpho__Fresh-D4-Phall-Tau-Map2005-3.swc,pyramidal,1159,1.0000,1.0000
sholl_rf,neuromorpho__Fresh-D4-Phall-Tau-Map2009-6.swc,pyramidal,3148,1.0000,1.0000
sholl_rf,neuromorpho__Fresh-D4-Sholl-Exp-3001-4.swc,pyramidal,1552,1.0000,1.0000
sholl_rf,neuromorpho__Fresh-D4-Sholl-Exp-3003-2.swc,pyramidal,354,1.0000,1.0000
sholl_rf,neuromorpho__Fresh-D4-Sholl-Exp-3003-8.swc,pyramidal,1107,1.0000,1.0000
sholl_rf,neuromorpho__Fresh-D4-Sholl-Exp-3005-5.swc,pyramidal,1699,1.0000,1.0000
sholl_rf,neuromorpho__Fresh-D4-Sholl-Exp-3006-3.swc,pyramidal,1638,1.0000,1.0000
sholl_rf,neuromorpho__Fresh-D4-Sholl-Exp-3007-2.swc,pyramidal,596,1.0000,1.0000
sholl_rf,neuromorpho__Fresh-D4-Sholl-Exp-3007-3.swc,pyramidal,932,1.0000,1.0000
sholl_rf,neuromorpho__Fresh-D7-Sholl-Tau-RFP-MAP2001-1.swc,pyramidal,2359,1.0000,1.0000
sholl_rf,neuromorpho__Fresh-D7-Sholl-Tau-RFP-MAP2001-2.swc,pyramidal,1550,1.0000,1.0000
sholl_rf,neuromorpho__Fresh-D7-Sholl-Tau-RFP-MAP2002_crop-1.swc,pyramidal,1515,1.0000,1.0000
sholl_rf,neuromorpho__Fresh-D7-Sholl-Tau-RFP-MAP2003_crop-3.swc,pyramidal,1642,1.0000,1.0000
sholl_rf,neuromorpho__Fresh-D7-Sholl-Tau-RFP-MAP2005_crop-2.swc,pyramidal,4251,1.0000,1.0000
sholl_rf,neuromorpho__Fresh-D7-Sholl-Tau-RFP-MAP2006_crop-4.swc,pyramidal,1858,1.0000,1.0000
sholl_rf,neuromorpho__Fresh-D7-Sholl-Tau-RFP-MAP2006_crop.swc,pyramidal,5980,1.0000,1.0000
sholl_rf,neuromorpho__Fresh-D7-Sholl-Tau-RFP-MAP2007_crop-5.swc,pyramidal,3045,1.0000,1.0000
sholl_rf,neuromorpho__Fresh-D7-Sholl-Tau-RFP-MAP2014_crop-6.swc,pyramidal,2493,1.0000,1.0000
sholl_rf,neuromorpho__Fresh-D7-Sholl-Tau-RFP-MAP2015_crop-3.swc,pyramidal,3144,1.0000,1.0000
sholl_rf,neuromorpho__Fresh-D7-Sholl-Tau-RFP-MAP2015_crop-6.swc,pyramidal,1316,1.0000,1.0000
sholl_rf,neuromorpho__Fresh-D7-Sholl-Tau-RFP-MAP2015_crop.swc,pyramidal,2781,1.0000,1.0000
sholl_rf,neuromorpho__Fresh-Sholl-2-D7-Tau-LA-Map2001_crop-1.swc,pyramidal,1568,1.0000,1.0000
sholl_rf,neuromorpho__Fresh-Sholl-2-D7-Tau-LA-Map2006_crop.swc,pyramidal,3045,1.0000,1.0000
sholl_rf,neuromorpho__Fresh-Sholl-2-D7-Tau-LA-Map2008_crop.swc,pyramidal,4040,1.0000,1.0000
sholl_rf,neuromorpho__Fresh-Sholl-2-D7-Tau-LA-Map2012_crop.swc,pyramidal,1969,1.0000,1.0000
sholl_rf,neuromorpho__Fresh-Sholl-2-D7-Tau-LA-Map2015_crop.swc,pyramidal,2627,1.0000,1.0000
sholl_rf,neuromorpho__g0445-7_cellA.swc,pyramidal,837,0.2043,0.1127
sholl_rf,neuromorpho__g0697P1.swc,pyramidal,3760,1.0000,1.0000
sholl_rf,neuromorpho__g0759_b2.swc,pyramidal,1630,0.9301,0.5775
sholl_rf,neuromorpho__G7-19.swc,pyramidal,253,0.5731,0.3636
sholl_rf,neuromorpho__Green_19weeks_Neuron6.swc,pyramidal,116,1.0000,1.0000
sholl_rf,neuromorpho__Green_1week_Neuron2.swc,pyramidal,31,1.0000,1.0000
sholl_rf,neuromorpho__Green_2w_Neuron7_add'l.swc,pyramidal,22,1.0000,1.0000
sholl_rf,neuromorpho__Green_2weeks_Neuron11add'l.swc,pyramidal,30,1.0000,1.0000
sholl_rf,neuromorpho__Green_2weeks_Neuron9add'l.swc,pyramidal,34,1.0000,1.0000
sholl_rf,neuromorpho__Green_4weeks_Neuron1.swc,pyramidal,137,1.0000,1.0000
sholl_rf,neuromorpho__Green_4weeks_Neuron11_addl.swc,pyramidal,24,1.0000,1.0000
sholl_rf,neuromorpho__Green_4weeks_Neuron14.swc,pyramidal,36,1.0000,1.0000
sholl_rf,neuromorpho__Green_4weeks_Neuron9.swc,pyramidal,48,1.0000,1.0000
sholl_rf,neuromorpho__Green_6weeks_Neuron2_addl.swc,pyramidal,73,1.0000,1.0000
sholl_rf,neuromorpho__Green_6Weeks_Neuron4.swc,pyramidal,47,1.0000,1.0000
sholl_rf,neuromorpho__Green_7-5weeks_Neuron3.swc,pyramidal,48,1.0000,1.0000
sholl_rf,neuromorpho__Green_7-5weeks_Neuron7.swc,pyramidal,94,1.0000,1.0000
sholl_rf,neuromorpho__Green_8weeks_Neuron9.swc,pyramidal,25,1.0000,1.0000
sholl_rf,neuromorpho__group1_cell11.swc,pyramidal,2908,1.0000,1.0000
sholl_rf,neuromorpho__group1_cell17.swc,pyramidal,2458,1.0000,1.0000
sholl_rf,neuromorpho__group1_cell22.swc,pyramidal,1937,1.0000,1.0000
sholl_rf,neuromorpho__group2_cell10.swc,pyramidal,1362,1.0000,1.0000
sholl_rf,neuromorpho__group2_cell6.swc,pyramidal,3853,1.0000,1.0000
sholl_rf,neuromorpho__Gunnersen_A12b3slice1LHS.swc,pyramidal,996,1.0000,1.0000
sholl_rf,neuromorpho__Gunnersen_A14b4slice4RHS.swc,pyramidal,273,1.0000,1.0000
sholl_rf,neuromorpho__Gunnersen_A15b4slice4LHS.swc,pyramidal,159,1.0000,1.0000
sholl_rf,neuromorpho__Gunnersen_A3b1slice5RHS.swc,pyramidal,1715,1.0000,1.0000
sholl_rf,neuromorpho__Gunnersen_B15b4slice1RHS.swc,pyramidal,632,1.0000,1.0000
sholl_rf,neuromorpho__Gunnersen_B15b4slice2RHS.swc,pyramidal,579,1.0000,1.0000
sholl_rf,neuromorpho__Gunnersen_B17b5slice3RHS.swc,pyramidal,946,1.0000,1.0000
sholl_rf,neuromorpho__Gunnersen_B3b1slice2LHS.swc,pyramidal,961,1.0000,1.0000
sholl_rf,neuromorpho__het_1-2_21.swc,pyramidal,127,1.0000,1.0000
sholl_rf,neuromorpho__het_1-3.swc,pyramidal,221,1.0000,1.0000
sholl_rf,neuromorpho__het_10-2.swc,pyramidal,324,1.0000,1.0000
sholl_rf,neuromorpho__het_13_37.swc,pyramidal,153,1.0000,1.0000
sholl_rf,neuromorpho__het_16_30.swc,pyramidal,71,1.0000,1.0000
sholl_rf,neuromorpho__het_1_51.swc,pyramidal,303,1.0000,1.0000
sholl_rf,neuromorpho__het_3-1.swc,pyramidal,206,1.0000,1.0000
sholl_rf,neuromorpho__het_3-2.swc,pyramidal,230,1.0000,1.0000
sholl_rf,neuromorpho__het_4-6.swc,pyramidal,585,1.0000,1.0000
sholl_rf,neuromorpho__het_6_43.swc,pyramidal,45,1.0000,1.0000
sholl_rf,neuromorpho__het_8-2.swc,pyramidal,213,1.0000,1.0000
sholl_rf,neuromorpho__het_8_38.swc,pyramidal,361,1.0000,1.0000
sholl_rf,neuromorpho__het_9-2.swc,pyramidal,285,1.0000,1.0000
sholl_rf,neuromorpho__HIP_CA1_KO_13.swc,pyramidal,706,1.0000,1.0000
sholl_rf,neuromorpho__HIP_CA1_KO_14.swc,pyramidal,656,0.4009,0.5714
sholl_rf,neuromorpho__HIP_CA1_KO_17.swc,pyramidal,1047,1.0000,1.0000
sholl_rf,neuromorpho__HIP_CA1_KO_19.swc,pyramidal,624,1.0000,1.0000
sholl_rf,neuromorpho__HIP_CA1_KO_20.swc,pyramidal,538,1.0000,1.0000
sholl_rf,neuromorpho__HIP_CA1_KO_4.swc,pyramidal,445,1.0000,1.0000
sholl_rf,neuromorpho__HIP_CA1_KO_7.swc,pyramidal,322,1.0000,1.0000
sholl_rf,neuromorpho__HIP_CA1_KO_8.swc,pyramidal,315,1.0000,1.0000
sholl_rf,neuromorpho__HIP_CA1_WT_1.swc,pyramidal,440,1.0000,1.0000
sholl_rf,neuromorpho__HIP_CA1_WT_12.swc,pyramidal,331,1.0000,1.0000
sholl_rf,neuromorpho__HIP_CA1_WT_3.swc,pyramidal,299,1.0000,1.0000
sholl_rf,neuromorpho__HIP_CA1_WT_8.swc,pyramidal,358,0.9777,0.9887
sholl_rf,neuromorpho__hippo-104-2.swc,pyramidal,104,1.0000,1.0000
sholl_rf,neuromorpho__hippo-104-6.swc,pyramidal,70,1.0000,1.0000
sholl_rf,neuromorpho__hippo-1150-7new.swc,pyramidal,78,1.0000,1.0000
sholl_rf,neuromorpho__hippo-1159-3new.swc,pyramidal,105,1.0000,1.0000
sholl_rf,neuromorpho__hippo-116-5.swc,pyramidal,71,1.0000,1.0000
sholl_rf,neuromorpho__hippo-117-1.swc,pyramidal,131,1.0000,1.0000
sholl_rf,neuromorpho__hippo-130-1.swc,pyramidal,102,1.0000,1.0000
sholl_rf,neuromorpho__hippo-130-3.swc,pyramidal,105,1.0000,1.0000
sholl_rf,neuromorpho__hippo-130-4.swc,pyramidal,85,1.0000,1.0000
sholl_rf,neuromorpho__hippo-130-5.swc,pyramidal,90,1.0000,1.0000
sholl_rf,neuromorpho__hippo-134-5.swc,pyramidal,82,1.0000,1.0000
sholl_rf,neuromorpho__hippo-156-3.swc,pyramidal,93,1.0000,1.0000
sholl_rf,neuromorpho__hippo-156-6.swc,pyramidal,94,1.0000,1.0000
sholl_rf,neuromorpho__hippo-157-3.swc,pyramidal,55,1.0000,1.0000
sholl_rf,neuromorpho__hippo-157-4.swc,pyramidal,55,1.0000,1.0000
sholl_rf,neuromorpho__hippo-158-2.swc,pyramidal,103,1.0000,1.0000
sholl_rf,neuromorpho__hippo-163-1.swc,pyramidal,97,1.0000,1.0000
sholl_rf,neuromorpho__hippo-168-3.swc,pyramidal,79,1.0000,1.0000
sholl_rf,neuromorpho__hippo-168-6.swc,pyramidal,85,1.0000,1.0000
sholl_rf,neuromorpho__hippo-171-1.swc,pyramidal,58,1.0000,1.0000
sholl_rf,neuromorpho__hippo-171-6.swc,pyramidal,58,1.0000,1.0000
sholl_rf,neuromorpho__hippo-172-1.swc,pyramidal,134,1.0000,1.0000
sholl_rf,neuromorpho__hippo-172-3.swc,pyramidal,111,1.0000,1.0000
sholl_rf,neuromorpho__hippo-195-3.swc,pyramidal,57,1.0000,1.0000
sholl_rf,neuromorpho__hippo-195-4.swc,pyramidal,79,1.0000,1.0000
sholl_rf,neuromorpho__hippo-195-5.swc,pyramidal,162,1.0000,1.0000
sholl_rf,neuromorpho__hippo-218-1.swc,pyramidal,37,1.0000,1.0000
sholl_rf,neuromorpho__hippo-218-3.swc,pyramidal,122,1.0000,1.0000
sholl_rf,neuromorpho__hippo-225-1.swc,pyramidal,60,1.0000,1.0000
sholl_rf,neuromorpho__hippo-225-5.swc,pyramidal,116,1.0000,1.0000
sholl_rf,neuromorpho__hippo-229-1.swc,pyramidal,47,1.0000,1.0000
sholl_rf,neuromorpho__hippo-420-4.swc,pyramidal,87,1.0000,1.0000
sholl_rf,neuromorpho__hippo-516-6.swc,pyramidal,129,1.0000,1.0000
sholl_rf,neuromorpho__hippo-519-4.swc,pyramidal,80,1.0000,1.0000
sholl_rf,neuromorpho__hippo-519-6.swc,pyramidal,130,1.0000,1.0000
sholl_rf,neuromorpho__hippo-519-8.swc,pyramidal,97,1.0000,1.0000
sholl_rf,neuromorpho__hippo-521-4.swc,pyramidal,117,1.0000,1.0000
sholl_rf,neuromorpho__hippo-531-7.swc,pyramidal,74,1.0000,1.0000
sholl_rf,neuromorpho__hippo-531-8.swc,pyramidal,83,1.0000,1.0000
sholl_rf,neuromorpho__hippo-537-6.swc,pyramidal,91,1.0000,1.0000
sholl_rf,neuromorpho__hippo-557-7.swc,pyramidal,114,1.0000,1.0000
sholl_rf,neuromorpho__hippo-560-3.swc,pyramidal,84,1.0000,1.0000
sholl_rf,neuromorpho__hippo-560-5.swc,pyramidal,117,1.0000,1.0000
sholl_rf,neuromorpho__hippo-570-2.swc,pyramidal,127,1.0000,1.0000
sholl_rf,neuromorpho__hippo-570-3.swc,pyramidal,56,1.0000,1.0000
sholl_rf,neuromorpho__hippo-570-6.swc,pyramidal,79,1.0000,1.0000
sholl_rf,neuromorpho__hippo-570-7.swc,pyramidal,93,1.0000,1.0000
sholl_rf,neuromorpho__hippo-858-3.swc,pyramidal,63,1.0000,1.0000
sholl_rf,neuromorpho__hippo-858-8.swc,pyramidal,91,1.0000,1.0000
sholl_rf,neuromorpho__hippo218-4.swc,pyramidal,76,1.0000,1.0000
sholl_rf,neuromorpho__hippo223-5.swc,pyramidal,86,1.0000,1.0000
sholl_rf,neuromorpho__hippo284-1.swc,pyramidal,220,1.0000,1.0000
sholl_rf,neuromorpho__hippo285-3.swc,pyramidal,89,1.0000,1.0000
sholl_rf,neuromorpho__hippo303-2.swc,pyramidal,109,1.0000,1.0000
sholl_rf,neuromorpho__hippo303-3.swc,pyramidal,81,1.0000,1.0000
sholl_rf,neuromorpho__hippo303-4.swc,pyramidal,115,1.0000,1.0000
sholl_rf,neuromorpho__hippo305-7.swc,pyramidal,87,1.0000,1.0000
sholl_rf,neuromorpho__hippo361-4.swc,pyramidal,103,1.0000,1.0000
sholl_rf,neuromorpho__hippo367-5.swc,pyramidal,115,1.0000,1.0000
sholl_rf,neuromorpho__hippo367-7.swc,pyramidal,127,1.0000,1.0000
sholl_rf,neuromorpho__hippo368-3.swc,pyramidal,70,1.0000,1.0000
sholl_rf,neuromorpho__hippo401-1.swc,pyramidal,72,1.0000,1.0000
sholl_rf,neuromorpho__hippo401-3.swc,pyramidal,94,1.0000,1.0000
sholl_rf,neuromorpho__hippo401-7.swc,pyramidal,117,1.0000,1.0000
sholl_rf,neuromorpho__hippo412-2.swc,pyramidal,98,1.0000,1.0000
sholl_rf,neuromorpho__hippo412-4.swc,pyramidal,165,1.0000,1.0000
sholl_rf,neuromorpho__I03192A.swc,pyramidal,2959,0.9557,0.6342
sholl_rf,neuromorpho__I0319_5B.swc,pyramidal,1587,0.8601,0.4564
sholl_rf,neuromorpho__I03471.swc,pyramidal,2645,0.9618,0.6044
sholl_rf,neuromorpho__I03485.swc,pyramidal,2436,1.0000,1.0000
sholl_rf,neuromorpho__I03539.swc,pyramidal,2326,0.9200,0.5801
sholl_rf,neuromorpho__I5-16.swc,pyramidal,298,0.7852,0.4396
sholl_rf,neuromorpho__I5-23.swc,pyramidal,288,0.5833,0.3678
sholl_rf,neuromorpho__I5-28.swc,pyramidal,371,0.7008,0.4118
sholl_rf,neuromorpho__IF1_190301.swc,pyramidal,6044,1.0000,1.0000
sholl_rf,neuromorpho__IF3_040400.swc,pyramidal,4893,1.0000,1.0000
sholl_rf,neuromorpho__IF4_140201.swc,pyramidal,4693,0.9472,0.6231
sholl_rf,neuromorpho__iPRCp_02.swc,pyramidal,7076,1.0000,1.0000
sholl_rf,neuromorpho__iPRCp_05.swc,pyramidal,10230,0.6253,0.6238
sholl_rf,neuromorpho__iPRCp_08.swc,pyramidal,7508,1.0000,1.0000
sholl_rf,neuromorpho__iPRCp_11.swc,pyramidal,10001,1.0000,1.0000
sholl_rf,neuromorpho__iPRCp_13.swc,pyramidal,8119,1.0000,1.0000
sholl_rf,neuromorpho__jerry-14.swc,pyramidal,250,1.0000,1.0000
sholl_rf,neuromorpho__Jul26-IR2-2F.swc,pyramidal,889,1.0000,1.0000
sholl_rf,neuromorpho__Jul26-IR2-2H.swc,pyramidal,1889,1.0000,1.0000
sholl_rf,neuromorpho__Jul26-IR3-3E.swc,pyramidal,7172,1.0000,1.0000
sholl_rf,neuromorpho__Jul26IR4e-40x-low-MM.swc,pyramidal,3666,1.0000,1.0000
sholl_rf,neuromorpho__Jun1IR2h.swc,pyramidal,1972,1.0000,1.0000
sholl_rf,neuromorpho__KO1-4-1-3.swc,pyramidal,421,0.6627,0.2655
sholl_rf,neuromorpho__KO1-Neuron2.swc,pyramidal,48,0.2083,0.1607
sholl_rf,neuromorpho__KO1-Neuron6.swc,pyramidal,25,0.3200,0.2258
sholl_rf,neuromorpho__KO2-neuron10.swc,pyramidal,106,0.7170,0.4167
sholl_rf,neuromorpho__KO2-neuron5_a.swc,pyramidal,107,0.0467,0.0242
sholl_rf,neuromorpho__ko20x-05.swc,pyramidal,83,0.6024,0.3740
sholl_rf,neuromorpho__ko20x-13.swc,pyramidal,71,0.5634,0.3578
sholl_rf,neuromorpho__ko20x-15.swc,pyramidal,173,1.0000,1.0000
sholl_rf,neuromorpho__ko20x-16.swc,pyramidal,117,1.0000,1.0000
sholl_rf,neuromorpho__KO4-5-1-6.swc,pyramidal,258,0.3837,0.1840
sholl_rf,neuromorpho__KO5-Neuron6.swc,pyramidal,45,0.4889,0.3231
sholl_rf,neuromorpho__KOA-2-13-5.swc,pyramidal,469,0.4286,0.1996
sholl_rf,neuromorpho__KOA-3-2-9.swc,pyramidal,399,0.6817,0.4051
sholl_rf,neuromorpho__Layer-2-3-Ethanol-18.swc,pyramidal,207,0.4251,0.2969
sholl_rf,neuromorpho__Layer-2-3-Ethanol-21.swc,pyramidal,459,1.0000,1.0000
sholl_rf,neuromorpho__Layer-2-3-Ethanol-22.swc,pyramidal,460,1.0000,1.0000
sholl_rf,neuromorpho__Layer-2-3-Ethanol-23.swc,pyramidal,183,0.5301,0.3453
sholl_rf,neuromorpho__Layer-2-3-Ethanol-7.swc,pyramidal,345,0.6319,0.3868
sholl_rf,neuromorpho__Layer-2-3-Sucrose-3.swc,pyramidal,202,0.4703,0.3186
sholl_rf,neuromorpho__Layer-5-Ethanol-20.swc,pyramidal,332,1.0000,1.0000
sholl_rf,neuromorpho__Layer-5-Ethanol-23.swc,pyramidal,332,1.0000,1.0000
sholl_rf,neuromorpho__Layer-5-Ethanol-3.swc,pyramidal,804,1.0000,1.0000
sholl_rf,neuromorpho__Layer-5-Ethanol-7.swc,pyramidal,1134,1.0000,1.0000
sholl_rf,neuromorpho__Layer-5-Ethanol-8.swc,pyramidal,872,1.0000,1.0000
sholl_rf,neuromorpho__Layer-5-Sucrose-8.swc,pyramidal,782,1.0000,1.0000
sholl_rf,neuromorpho__Layer-6-Ethanol-15.swc,pyramidal,223,1.0000,1.0000
sholl_rf,neuromorpho__Layer-6-Ethanol-16.swc,pyramidal,353,0.6912,0.4084
sholl_rf,neuromorpho__Layer-6-Ethanol-19.swc,pyramidal,187,1.0000,1.0000
sholl_rf,neuromorpho__Layer-6-Ethanol-20.swc,pyramidal,223,0.3901,0.2792
sholl_rf,neuromorpho__Layer-6-Ethanol-22.swc,pyramidal,204,1.0000,1.0000
sholl_rf,neuromorpho__Layer-6-Ethanol-5.swc,pyramidal,351,0.5983,0.3739
sholl_rf,neuromorpho__Layer-6-Sucrose-14.swc,pyramidal,153,0.6732,0.4016
sholl_rf,neuromorpho__Layer-6-Sucrose-2.swc,pyramidal,433,1.0000,1.0000
sholl_rf,neuromorpho__Layer-6-Sucrose-3.swc,pyramidal,703,0.5434,0.3518
sholl_rf,neuromorpho__Layer-6-Sucrose-8.swc,pyramidal,472,1.0000,1.0000
sholl_rf,neuromorpho__Layer-6-Sucrose-9.swc,pyramidal,600,1.0000,1.0000
sholl_rf,neuromorpho__LES6-MUT-1117-Neuron-1.swc,pyramidal,813,1.0000,1.0000
sholl_rf,neuromorpho__LES6-mut-1203-neuron-2.swc,pyramidal,365,0.5397,0.3500
sholl_rf,neuromorpho__LES6-WT-1204-neuron-1.swc,pyramidal,794,1.0000,1.0000
sholl_rf,neuromorpho__M1_13.swc,pyramidal,1874,1.0000,1.0000
sholl_rf,neuromorpho__M1_16.swc,pyramidal,2466,1.0000,1.0000
sholl_rf,neuromorpho__M1_21.swc,pyramidal,2396,1.0000,1.0000
sholl_rf,neuromorpho__M1_23.swc,pyramidal,1520,1.0000,1.0000
sholl_rf,neuromorpho__M1_32.swc,pyramidal,726,1.0000,1.0000
sholl_rf,neuromorpho__M1_34.swc,pyramidal,2597,1.0000,1.0000
sholl_rf,neuromorpho__M1_35.swc,pyramidal,2548,1.0000,1.0000
sholl_rf,neuromorpho__M1_36.swc,pyramidal,2539,1.0000,1.0000
sholl_rf,neuromorpho__M1_42.swc,pyramidal,2190,1.0000,1.0000
sholl_rf,neuromorpho__M1_43.swc,pyramidal,1477,1.0000,1.0000
sholl_rf,neuromorpho__M1_5.swc,pyramidal,3097,1.0000,1.0000
sholl_rf,neuromorpho__M1KO_10.swc,pyramidal,715,1.0000,1.0000
sholl_rf,neuromorpho__M1KO_13.swc,pyramidal,892,1.0000,1.0000
sholl_rf,neuromorpho__M1KO_19.swc,pyramidal,527,1.0000,1.0000
sholl_rf,neuromorpho__M1KO_25.swc,pyramidal,2625,1.0000,1.0000
sholl_rf,neuromorpho__M1KO_28.swc,pyramidal,3285,1.0000,1.0000
sholl_rf,neuromorpho__M1KO_3.swc,pyramidal,1089,1.0000,1.0000
sholl_rf,neuromorpho__M1KO_33.swc,pyramidal,2271,1.0000,1.0000
sholl_rf,neuromorpho__M1KO_39.swc,pyramidal,601,1.0000,1.0000
sholl_rf,neuromorpho__M1KO_41.swc,pyramidal,624,1.0000,1.0000
sholl_rf,neuromorpho__M1KO_45.swc,pyramidal,423,1.0000,1.0000
sholl_rf,neuromorpho__M1KO_46.swc,pyramidal,428,1.0000,1.0000
sholl_rf,neuromorpho__m1s2s2b-l-sup.swc,pyramidal,320,0.5250,0.3436
sholl_rf,neuromorpho__m1s2s7t-d-mid.swc,pyramidal,280,0.4500,0.3094
sholl_rf,neuromorpho__M2_14.swc,pyramidal,743,1.0000,1.0000
sholl_rf,neuromorpho__M2_15.swc,pyramidal,873,1.0000,1.0000
sholl_rf,neuromorpho__M2_19.swc,pyramidal,1399,1.0000,1.0000
sholl_rf,neuromorpho__M2_20.swc,pyramidal,716,1.0000,1.0000
sholl_rf,neuromorpho__M2_21.swc,pyramidal,1072,1.0000,1.0000
sholl_rf,neuromorpho__M2_22.swc,pyramidal,882,1.0000,1.0000
sholl_rf,neuromorpho__M2_23.swc,pyramidal,1166,1.0000,1.0000
sholl_rf,neuromorpho__M2_27.swc,pyramidal,955,1.0000,1.0000
sholl_rf,neuromorpho__M2_3.swc,pyramidal,1077,1.0000,1.0000
sholl_rf,neuromorpho__M2_34.swc,pyramidal,889,1.0000,1.0000
sholl_rf,neuromorpho__M2_36.swc,pyramidal,542,1.0000,1.0000
sholl_rf,neuromorpho__M2_37.swc,pyramidal,1281,1.0000,1.0000
sholl_rf,neuromorpho__M2_38.swc,pyramidal,659,1.0000,1.0000
sholl_rf,neuromorpho__M2_40.swc,pyramidal,716,1.0000,1.0000
sholl_rf,neuromorpho__M2_45.swc,pyramidal,866,1.0000,1.0000
sholl_rf,neuromorpho__M2_46.swc,pyramidal,644,1.0000,1.0000
sholl_rf,neuromorpho__M2_47.swc,pyramidal,789,1.0000,1.0000
sholl_rf,neuromorpho__M2_55.swc,pyramidal,1343,1.0000,1.0000
sholl_rf,neuromorpho__M2_58.swc,pyramidal,992,1.0000,1.0000
sholl_rf,neuromorpho__M2_6.swc,pyramidal,1064,1.0000,1.0000
sholl_rf,neuromorpho__M2KO_1.swc,pyramidal,880,1.0000,1.0000
sholl_rf,neuromorpho__M2KO_11.swc,pyramidal,1095,1.0000,1.0000
sholl_rf,neuromorpho__M2KO_13.swc,pyramidal,736,1.0000,1.0000
sholl_rf,neuromorpho__M2KO_27.swc,pyramidal,636,1.0000,1.0000
sholl_rf,neuromorpho__M2KO_8.swc,pyramidal,932,1.0000,1.0000
sholl_rf,neuromorpho__Mouse-CA2-Mb-Pyramidal-Cell.swc,pyramidal,1486,1.0000,1.0000
sholl_rf,neuromorpho__Mouse-CA2-Mc-Pyramidal-Cell-1.swc,pyramidal,1363,1.0000,1.0000
sholl_rf,neuromorpho__Mouse_CA2_B_Cell.swc,pyramidal,6055,0.3721,0.2711
sholl_rf,neuromorpho__Mouse_CA2_Ma_Cell.swc,pyramidal,3718,1.0000,1.0000
sholl_rf,neuromorpho__Mouse_CA2_Ma_Cell_1.swc,pyramidal,3251,1.0000,1.0000
sholl_rf,neuromorpho__Mouse_CA2_Ma_Cell_2.swc,pyramidal,6385,1.0000,1.0000
sholl_rf,neuromorpho__Mouse_CA2_Ma_Cell_5.swc,pyramidal,5333,1.0000,1.0000
sholl_rf,neuromorpho__Mouse_CA2_Ma_Cell_6.swc,pyramidal,6587,1.0000,1.0000
sholl_rf,neuromorpho__Mouse_CA2_Ma_Cell_7.swc,pyramidal,8053,1.0000,1.0000
sholl_rf,neuromorpho__Mouse_CA2_Ma_Cell_8.swc,pyramidal,5769,1.0000,1.0000
sholl_rf,neuromorpho__Mouse_CA2_Ma_Cell_9_Mc_Cell_4-2.swc,pyramidal,3232,1.0000,1.0000
sholl_rf,neuromorpho__Mouse_CA2_Mb_Cell.swc,pyramidal,2961,1.0000,1.0000
sholl_rf,neuromorpho__Mouse_CA2_Mb_Cell_9.swc,pyramidal,5205,1.0000,1.0000
sholl_rf,neuromorpho__mPFC_w1_L5_01.swc,pyramidal,3065,0.9892,0.6620
sholl_rf,neuromorpho__mPFC_w1_L5_04.swc,pyramidal,1761,0.8001,0.5641
sholl_rf,neuromorpho__mPFC_w1_L5_05.swc,pyramidal,935,1.0000,1.0000
sholl_rf,neuromorpho__mPFC_w1_L5_08.swc,pyramidal,976,1.0000,1.0000
sholl_rf,neuromorpho__mPFC_w2_L3_02.swc,pyramidal,1639,1.0000,1.0000
sholl_rf,neuromorpho__mPFC_w2_L3_06.swc,pyramidal,1124,1.0000,1.0000
sholl_rf,neuromorpho__mPFC_w2_L5_01.swc,pyramidal,3202,0.9834,0.6605
sholl_rf,neuromorpho__mPFC_w2_L5_03.swc,pyramidal,2934,1.0000,1.0000
sholl_rf,neuromorpho__mPFC_w2_L5_08.swc,pyramidal,1829,1.0000,1.0000
sholl_rf,neuromorpho__mPFC_w4_L3_01.swc,pyramidal,1395,0.9484,0.6511
sholl_rf,neuromorpho__mPFC_w4_L3_05.swc,pyramidal,1500,1.0000,1.0000
sholl_rf,neuromorpho__mPFC_w4_L5_04.swc,pyramidal,3439,0.9942,0.6641
sholl_rf,neuromorpho__mPFC_w4_L5_09.swc,pyramidal,1938,1.0000,1.0000
sholl_rf,neuromorpho__ms92_slice6_cell4.swc,pyramidal,4112,1.0000,1.0000
sholl_rf,neuromorpho__N001.swc,pyramidal,2311,0.7845,0.5390
sholl_rf,neuromorpho__N011.swc,pyramidal,3142,1.0000,1.0000
sholl_rf,neuromorpho__N018.swc,pyramidal,2262,1.0000,1.0000
sholl_rf,neuromorpho__N019.swc,pyramidal,726,0.7135,0.5269
sholl_rf,neuromorpho__N020.swc,pyramidal,5460,1.0000,1.0000
sholl_rf,neuromorpho__N023.swc,pyramidal,7346,1.0000,1.0000
sholl_rf,neuromorpho__N027.swc,pyramidal,1579,1.0000,1.0000
sholl_rf,neuromorpho__N030.swc,pyramidal,477,0.8428,0.6164
sholl_rf,neuromorpho__N040.swc,pyramidal,2500,1.0000,1.0000
sholl_rf,neuromorpho__N042.swc,pyramidal,1663,1.0000,1.0000
sholl_rf,neuromorpho__N046.swc,pyramidal,2246,1.0000,1.0000
sholl_rf,neuromorpho__N049.swc,pyramidal,4506,1.0000,1.0000
sholl_rf,neuromorpho__N053.swc,pyramidal,5082,1.0000,1.0000
sholl_rf,neuromorpho__N056.swc,pyramidal,1775,0.4146,0.1953
sholl_rf,neuromorpho__N063.swc,pyramidal,3307,1.0000,1.0000
sholl_rf,neuromorpho__N069.swc,pyramidal,1410,1.0000,1.0000
sholl_rf,neuromorpho__N084.swc,pyramidal,3064,1.0000,1.0000
sholl_rf,neuromorpho__N089.swc,pyramidal,2570,0.8887,0.8649
sholl_rf,neuromorpho__N092.swc,pyramidal,1291,1.0000,1.0000
sholl_rf,neuromorpho__N097.swc,pyramidal,6769,1.0000,1.0000
sholl_rf,neuromorpho__N098.swc,pyramidal,5646,1.0000,1.0000
sholl_rf,neuromorpho__N101.swc,pyramidal,3540,0.9226,0.5824
sholl_rf,neuromorpho__N105.swc,pyramidal,2138,1.0000,1.0000
sholl_rf,neuromorpho__N107.swc,pyramidal,2735,1.0000,1.0000
sholl_rf,neuromorpho__n120.swc,pyramidal,2619,0.7873,0.7827
sholl_rf,neuromorpho__n128.swc,pyramidal,3906,1.0000,1.0000
sholl_rf,neuromorpho__n129.swc,pyramidal,2063,0.9627,0.9567
sholl_rf,neuromorpho__n175.swc,pyramidal,3257,0.9840,0.9839
sholl_rf,neuromorpho__n178.swc,pyramidal,4516,1.0000,1.0000
sholl_rf,neuromorpho__n179.swc,pyramidal,11861,0.2249,0.4417
sholl_rf,neuromorpho__n18fts.swc,pyramidal,1372,1.0000,1.0000
sholl_rf,neuromorpho__n20fts.swc,pyramidal,2455,1.0000,1.0000
sholl_rf,neuromorpho__n22fts.swc,pyramidal,1270,1.0000,1.0000
sholl_rf,neuromorpho__n23fts.swc,pyramidal,2814,1.0000,1.0000
sholl_rf,neuromorpho__n29fts.swc,pyramidal,1848,1.0000,1.0000
sholl_rf,neuromorpho__n2fts.swc,pyramidal,658,1.0000,1.0000
sholl_rf,neuromorpho__n3fts.swc,pyramidal,1290,1.0000,1.0000
sholl_rf,neuromorpho__n422.swc,pyramidal,5605,0.0912,0.1662
sholl_rf,neuromorpho__n423.swc,pyramidal,2143,1.0000,1.0000
sholl_rf,neuromorpho__Neuron-2-E-and-I-synapses.swc,pyramidal,37032,1.0000,1.0000
sholl_rf,neuromorpho__Neuron-3_2_2.swc,pyramidal,1575,1.0000,1.0000
sholl_rf,neuromorpho__neuron-4_1.swc,pyramidal,1961,1.0000,1.0000
sholl_rf,neuromorpho__Neuron-7-E-and-I-synapses.swc,pyramidal,35727,1.0000,1.0000
sholl_rf,neuromorpho__Nov-9-IR-1-4d-40x-low-res.swc,pyramidal,1881,1.0000,1.0000
sholl_rf,neuromorpho__Nov4IR1e.swc,pyramidal,2386,1.0000,1.0000
sholl_rf,neuromorpho__Oct28IR1b-40x-NL.swc,pyramidal,5169,1.0000,1.0000
sholl_rf,neuromorpho__Oct9-IR2-5s-40x-MM.swc,pyramidal,5090,1.0000,1.0000
sholl_rf,neuromorpho__Oct9-IR3-4fo.swc,pyramidal,1523,1.0000,1.0000
sholl_rf,neuromorpho__Oct9-IR3-4H.swc,pyramidal,2831,1.0000,1.0000
sholl_rf,neuromorpho__Oi27rpy1-1.swc,pyramidal,62146,1.0000,1.0000
sholl_rf,neuromorpho__oi53rpy1-1.swc,pyramidal,8185,0.9323,0.6195
sholl_rf,neuromorpho__oi57lpy6-1.swc,pyramidal,7613,0.9563,0.6254
sholl_rf,neuromorpho__oi57rpy1-1.swc,pyramidal,14238,1.0000,1.0000
sholl_rf,neuromorpho__omega-16.swc,pyramidal,210,1.0000,1.0000
sholl_rf,neuromorpho__omega-19.swc,pyramidal,317,1.0000,1.0000
sholl_rf,neuromorpho__PRL_10.swc,pyramidal,787,1.0000,1.0000
sholl_rf,neuromorpho__PRL_17.swc,pyramidal,301,1.0000,1.0000
sholl_rf,neuromorpho__PRL_2.swc,pyramidal,527,1.0000,1.0000
sholl_rf,neuromorpho__PRL_21.swc,pyramidal,500,1.0000,1.0000
sholl_rf,neuromorpho__PRL_22.swc,pyramidal,498,1.0000,1.0000
sholl_rf,neuromorpho__PRL_32.swc,pyramidal,362,1.0000,1.0000
sholl_rf,neuromorpho__PRL_37.swc,pyramidal,845,1.0000,1.0000
sholl_rf,neuromorpho__PRL_39.swc,pyramidal,477,1.0000,1.0000
sholl_rf,neuromorpho__PRL_4.swc,pyramidal,378,1.0000,1.0000
sholl_rf,neuromorpho__PRL_45.swc,pyramidal,760,1.0000,1.0000
sholl_rf,neuromorpho__PRL_49.swc,pyramidal,271,1.0000,1.0000
sholl_rf,neuromorpho__PRL_6.swc,pyramidal,652,1.0000,1.0000
sholl_rf,neuromorpho__PRL_8.swc,pyramidal,517,1.0000,1.0000
sholl_rf,neuromorpho__PRLKO_10.swc,pyramidal,686,1.0000,1.0000
sholl_rf,neuromorpho__PRLKO_12.swc,pyramidal,635,1.0000,1.0000
sholl_rf,neuromorpho__PRLKO_22.swc,pyramidal,905,1.0000,1.0000
sholl_rf,neuromorpho__PRLKO_29.swc,pyramidal,710,1.0000,1.0000
sholl_rf,neuromorpho__PRLKO_3.swc,pyramidal,297,1.0000,1.0000
sholl_rf,neuromorpho__PRLKO_8.swc,pyramidal,394,1.0000,1.0000
sholl_rf,neuromorpho__PVCre_cell4.swc,pyramidal,1231,0.9675,0.6571
sholl_rf,neuromorpho__Red_19weeks_Neuron5.swc,pyramidal,61,0.8361,0.9091
sholl_rf,neuromorpho__Red_19weeks_Neuron6.swc,pyramidal,49,1.0000,1.0000
sholl_rf,neuromorpho__Red_1week_Neuron3_addl.swc,pyramidal,29,1.0000,1.0000
sholl_rf,neuromorpho__Red_2weeks__Neuron3.swc,pyramidal,47,1.0000,1.0000
sholl_rf,neuromorpho__Red_2weeks_Neuron5.swc,pyramidal,63,1.0000,1.0000
sholl_rf,neuromorpho__Red_4weeks_Neuron12_addl.swc,pyramidal,79,1.0000,1.0000
sholl_rf,neuromorpho__Red_6weeks_Neuron1_addl.swc,pyramidal,32,1.0000,1.0000
sholl_rf,neuromorpho__Red_7-5w_Neuron6.swc,pyramidal,27,1.0000,1.0000
sholl_rf,neuromorpho__Red_7-5week_Neuron5.swc,pyramidal,68,1.0000,1.0000
sholl_rf,neuromorpho__Red_7-5weeks_Neuron2.swc,pyramidal,16,1.0000,1.0000
sholl_rf,neuromorpho__Red_8weeks_Neuron6.swc,pyramidal,28,1.0000,1.0000
sholl_rf,neuromorpho__S1_21.swc,pyramidal,291,1.0000,1.0000
sholl_rf,neuromorpho__S1_23.swc,pyramidal,720,1.0000,1.0000
sholl_rf,neuromorpho__S1_29.swc,pyramidal,749,1.0000,1.0000
sholl_rf,neuromorpho__S1_32.swc,pyramidal,419,1.0000,1.0000
sholl_rf,neuromorpho__S1_36.swc,pyramidal,449,1.0000,1.0000
sholl_rf,neuromorpho__S1_39.swc,pyramidal,363,1.0000,1.0000
sholl_rf,neuromorpho__S1_46.swc,pyramidal,602,1.0000,1.0000
sholl_rf,neuromorpho__S1_6.swc,pyramidal,589,1.0000,1.0000
sholl_rf,neuromorpho__S1KO_10.swc,pyramidal,1067,1.0000,1.0000
sholl_rf,neuromorpho__S1KO_11.swc,pyramidal,742,1.0000,1.0000
sholl_rf,neuromorpho__S1KO_15.swc,pyramidal,677,1.0000,1.0000
sholl_rf,neuromorpho__S1KO_22.swc,pyramidal,1181,1.0000,1.0000
sholl_rf,neuromorpho__S1KO_24.swc,pyramidal,545,1.0000,1.0000
sholl_rf,neuromorpho__S1KO_3.swc,pyramidal,516,1.0000,1.0000
sholl_rf,neuromorpho__S1KO_34.swc,pyramidal,960,1.0000,1.0000
sholl_rf,neuromorpho__S1KO_38.swc,pyramidal,817,1.0000,1.0000
sholl_rf,neuromorpho__S1KO_4.swc,pyramidal,699,1.0000,1.0000
sholl_rf,neuromorpho__S1KO_45.swc,pyramidal,978,1.0000,1.0000
sholl_rf,neuromorpho__S1KO_7.swc,pyramidal,1108,1.0000,1.0000
sholl_rf,neuromorpho__S2999_RS-x1-25.swc,pyramidal,5201,1.0000,1.0000
sholl_rf,neuromorpho__S2_10.swc,pyramidal,1932,1.0000,1.0000
sholl_rf,neuromorpho__S2_13.swc,pyramidal,1953,1.0000,1.0000
sholl_rf,neuromorpho__S2_15.swc,pyramidal,1760,1.0000,1.0000
sholl_rf,neuromorpho__S2_19.swc,pyramidal,2793,1.0000,1.0000
sholl_rf,neuromorpho__S2_7.swc,pyramidal,1655,1.0000,1.0000
sholl_rf,neuromorpho__S2KO_11.swc,pyramidal,461,1.0000,1.0000
sholl_rf,neuromorpho__S2KO_12.swc,pyramidal,1075,1.0000,1.0000
sholl_rf,neuromorpho__S2KO_15.swc,pyramidal,530,1.0000,1.0000
sholl_rf,neuromorpho__S2KO_32.swc,pyramidal,1700,1.0000,1.0000
sholl_rf,neuromorpho__S2KO_34.swc,pyramidal,1684,1.0000,1.0000
sholl_rf,neuromorpho__Saline02_Neuron1_CA1_PN_C_Slide3_R2_C4.swc,pyramidal,612,1.0000,1.0000
sholl_rf,neuromorpho__Saline02_Neuron2_CA1_PN_C_Slide3_R2_C1.swc,pyramidal,459,1.0000,1.0000
sholl_rf,neuromorpho__Saline03_Neuron1_CA1_PN_F_Slide3_R2_C4.swc,pyramidal,658,1.0000,1.0000
sholl_rf,neuromorpho__Saline03_Neuron3_CA1_PN_F_Slide4_R2_C1_40x.swc,pyramidal,621,1.0000,1.0000
sholl_rf,neuromorpho__SDGA1_slide2_neuron1.swc,pyramidal,1244,1.0000,1.0000
sholl_rf,neuromorpho__SDGA1_slide2_neuron4.swc,pyramidal,2516,0.9948,0.6645
sholl_rf,neuromorpho__SDGA2_slide2_neuron3.swc,pyramidal,1615,1.0000,1.0000
sholl_rf,neuromorpho__SDGA2_slide3_neuron1.swc,pyramidal,1627,0.9883,0.6622
sholl_rf,neuromorpho__SDGA4_slide2_neuron2.swc,pyramidal,1214,0.9662,0.6427
sholl_rf,neuromorpho__Sept12-IR3e-40x-low-AG-AT-MM.swc,pyramidal,4958,1.0000,1.0000
sholl_rf,neuromorpho__sigma-5.swc,pyramidal,114,1.0000,1.0000
sholl_rf,neuromorpho__sigma-6.swc,pyramidal,123,1.0000,1.0000
sholl_rf,neuromorpho__sigma.swc,pyramidal,143,1.0000,1.0000
sholl_rf,neuromorpho__SstCre_cell7.swc,pyramidal,1315,1.0000,1.0000
sholl_rf,neuromorpho__Stroke-Dec-7-IR-2-2c.swc,pyramidal,1034,1.0000,1.0000
sholl_rf,neuromorpho__Stroke-Feb23-IR-3h-40x-low-res_zcorrections.swc,pyramidal,5129,1.0000,1.0000
sholl_rf,neuromorpho__Strokefeb23IR1-3L40xlowres.swc,pyramidal,8480,1.0000,1.0000
sholl_rf,neuromorpho__SW150113-01RabiesPHALPFC_x772_y876_z296_14.swc,pyramidal,311,1.0000,1.0000
sholl_rf,neuromorpho__SW150113-01RabiesPHALPFC_x772_y876_z296_15.swc,pyramidal,676,1.0000,1.0000
sholl_rf,neuromorpho__SW150113-01RabiesPHALPFC_x772_y876_z296_4.swc,pyramidal,1044,1.0000,1.0000
sholl_rf,neuromorpho__SW150113-01RabiesPHALPFC_x772_y876_z296_7.swc,pyramidal,1274,1.0000,1.0000
sholl_rf,neuromorpho__SW150113-01RabiesPHALPFC_x772_y876_z296_8.swc,pyramidal,390,0.9821,0.9909
sholl_rf,neuromorpho__T22_NeuronB_Tile_Trace_MK.swc,pyramidal,2894,0.5833,0.3683
sholl_rf,neuromorpho__T61_NeuronA_40X_Trace_CH.swc,pyramidal,695,1.0000,1.0000
sholl_rf,neuromorpho__T66_NeuronA_Tile_Trace_MK.swc,pyramidal,2479,0.6176,0.3817
sholl_rf,neuromorpho__T72_60X_NeuronC_Tile_Trace_RK.swc,pyramidal,2937,0.3994,0.2853
sholl_rf,neuromorpho__T72_NeuronB_Trace_MK.swc,pyramidal,970,0.5340,0.3479
sholl_rf,neuromorpho__T80_NeuronC_40X_Tile_Trace_MB2.swc,pyramidal,686,0.4869,0.3271
sholl_rf,neuromorpho__T84_NeuronC_Tile_Trace_MB.swc,pyramidal,391,0.5294,0.3456
sholl_rf,neuromorpho__T91_40X_NeuronB_Tile_Trace_MK.swc,pyramidal,3785,0.3791,0.2748
sholl_rf,neuromorpho__TO34_LIII_mPFC_rat.swc,pyramidal,7323,0.5937,0.2484
sholl_rf,neuromorpho__tom-10.swc,pyramidal,152,1.0000,1.0000
sholl_rf,neuromorpho__tom-11.swc,pyramidal,120,1.0000,1.0000
sholl_rf,neuromorpho__tom-3.swc,pyramidal,160,1.0000,1.0000
sholl_rf,neuromorpho__tom-8.swc,pyramidal,210,1.0000,1.0000
sholl_rf,neuromorpho__traced-WT-Female-cortex-122-7.swc,pyramidal,69,1.0000,1.0000
sholl_rf,neuromorpho__traced-WT-Female-cortex-146-1c.swc,pyramidal,70,1.0000,1.0000
sholl_rf,neuromorpho__traced-WT-Female-cortex-181-3.swc,pyramidal,50,1.0000,1.0000
sholl_rf,neuromorpho__traced-WT-male-cortex-124-4c.swc,pyramidal,102,1.0000,1.0000
sholl_rf,neuromorpho__traced-WT-male-cortex-124-6.swc,pyramidal,92,1.0000,1.0000
sholl_rf,neuromorpho__traced-WT-male-cortex-147-10.swc,pyramidal,66,1.0000,1.0000
sholl_rf,neuromorpho__traced-WT-male-cortex-147-4.swc,pyramidal,46,1.0000,1.0000
sholl_rf,neuromorpho__traced-WT-male-cortex-147-8a.swc,pyramidal,79,1.0000,1.0000
sholl_rf,neuromorpho__traced-WT-male-cortex-147-8b.swc,pyramidal,45,1.0000,1.0000
sholl_rf,neuromorpho__traced-WT-male-cortex-153-7.swc,pyramidal,74,1.0000,1.0000
sholl_rf,neuromorpho__V1_10.swc,pyramidal,1006,1.0000,1.0000
sholl_rf,neuromorpho__V1_11.swc,pyramidal,1675,1.0000,1.0000
sholl_rf,neuromorpho__V1_14.swc,pyramidal,401,1.0000,1.0000
sholl_rf,neuromorpho__V1_23.swc,pyramidal,2240,1.0000,1.0000
sholl_rf,neuromorpho__V1_24.swc,pyramidal,1359,1.0000,1.0000
sholl_rf,neuromorpho__V1_5.swc,pyramidal,2322,1.0000,1.0000
sholl_rf,neuromorpho__V1KO_10.swc,pyramidal,655,1.0000,1.0000
sholl_rf,neuromorpho__V1KO_16.swc,pyramidal,1811,1.0000,1.0000
sholl_rf,neuromorpho__V1KO_18.swc,pyramidal,1009,1.0000,1.0000
sholl_rf,neuromorpho__V1KO_23.swc,pyramidal,1477,1.0000,1.0000
sholl_rf,neuromorpho__V1KO_25.swc,pyramidal,1070,1.0000,1.0000
sholl_rf,neuromorpho__V1KO_26.swc,pyramidal,1149,1.0000,1.0000
sholl_rf,neuromorpho__V2_14.swc,pyramidal,621,1.0000,1.0000
sholl_rf,neuromorpho__V2_18.swc,pyramidal,465,1.0000,1.0000
sholl_rf,neuromorpho__V2_2.swc,pyramidal,543,1.0000,1.0000
sholl_rf,neuromorpho__V2_20.swc,pyramidal,862,1.0000,1.0000
sholl_rf,neuromorpho__V2_21.swc,pyramidal,613,1.0000,1.0000
sholl_rf,neuromorpho__V2_27.swc,pyramidal,715,1.0000,1.0000
sholl_rf,neuromorpho__V2_30.swc,pyramidal,424,1.0000,1.0000
sholl_rf,neuromorpho__V2_31.swc,pyramidal,702,1.0000,1.0000
sholl_rf,neuromorpho__V2_32.swc,pyramidal,721,1.0000,1.0000
sholl_rf,neuromorpho__V2_49.swc,pyramidal,921,1.0000,1.0000
sholl_rf,neuromorpho__V2KO_1.swc,pyramidal,829,1.0000,1.0000
sholl_rf,neuromorpho__V2KO_11.swc,pyramidal,775,1.0000,1.0000
sholl_rf,neuromorpho__V2KO_12.swc,pyramidal,780,1.0000,1.0000
sholl_rf,neuromorpho__V2KO_27.swc,pyramidal,785,1.0000,1.0000
sholl_rf,neuromorpho__V2KO_33.swc,pyramidal,725,1.0000,1.0000
sholl_rf,neuromorpho__V2KO_8.swc,pyramidal,1027,1.0000,1.0000
sholl_rf,neuromorpho__Vert-01.swc,pyramidal,482,0.7158,0.2780
sholl_rf,neuromorpho__Vert-03.swc,pyramidal,405,0.7111,0.2769
sholl_rf,neuromorpho__WT-set1-009.swc,pyramidal,1314,1.0000,1.0000
sholl_rf,neuromorpho__WT-set2-003.swc,pyramidal,1615,1.0000,1.0000
sholl_rf,neuromorpho__WT-set3-004.swc,pyramidal,1200,1.0000,1.0000
sholl_rf,neuromorpho__WT-set3-006.swc,pyramidal,991,1.0000,1.0000
sholl_rf,neuromorpho__WT-set3-007.swc,pyramidal,1085,1.0000,1.0000
sholl_rf,neuromorpho__WT2-N11-2_final.swc,pyramidal,1045,1.0000,1.0000
sholl_rf,neuromorpho__WT2-N3-2_final.swc,pyramidal,1884,1.0000,1.0000
sholl_rf,neuromorpho__WT2-N4-1_final.swc,pyramidal,800,1.0000,1.0000
sholl_rf,neuromorpho__WT2-N5-1_final.swc,pyramidal,799,1.0000,1.0000
sholl_rf,neuromorpho__WT2-Neuron-10.swc,pyramidal,64,0.0156,0.0000
sholl_rf,neuromorpho__WT2-Neuron-3.swc,pyramidal,14,0.0714,0.0000
sholl_rf,neuromorpho__WT2-Neuron1_e.swc,pyramidal,14,0.5000,0.6316
sholl_rf,neuromorpho__wt20x-03.swc,pyramidal,201,1.0000,1.0000
sholl_rf,neuromorpho__wt20x-04.swc,pyramidal,148,1.0000,1.0000
sholl_rf,neuromorpho__wt20x-06.swc,pyramidal,329,1.0000,1.0000
sholl_rf,neuromorpho__wt20x-16.swc,pyramidal,253,1.0000,1.0000
sholl_rf,neuromorpho__wt20x-19.swc,pyramidal,124,1.0000,1.0000
sholl_rf,neuromorpho__WT3-n3-6_final.swc,pyramidal,1263,1.0000,1.0000
sholl_rf,neuromorpho__WT3-n7-5_final.swc,pyramidal,1062,1.0000,1.0000
sholl_rf,neuromorpho__WT3-n8-2_1.swc,pyramidal,988,1.0000,1.0000
sholl_rf,neuromorpho__WT3-neuron2.swc,pyramidal,136,0.4412,0.3041
sholl_rf,neuromorpho__WT3-neuron8.swc,pyramidal,164,0.1829,0.1510
sholl_rf,neuromorpho__WT343PFCL320XNeuron9.swc,pyramidal,1013,1.0000,1.0000
sholl_rf,neuromorpho__WT4-7-1---2_final.swc,pyramidal,992,1.0000,1.0000
sholl_rf,neuromorpho__WT4-n1-2_final.swc,pyramidal,1290,1.0000,1.0000
sholl_rf,neuromorpho__WT4-N1-4_final.swc,pyramidal,1178,1.0000,1.0000
sholl_rf,neuromorpho__WT4-n11-3_final.swc,pyramidal,846,1.0000,1.0000
sholl_rf,neuromorpho__WT4-n12-4_final.swc,pyramidal,848,1.0000,1.0000
sholl_rf,neuromorpho__WT4-N3-4_final.swc,pyramidal,1498,1.0000,1.0000
sholl_rf,neuromorpho__WT4-N4-3_final.swc,pyramidal,1432,1.0000,1.0000
sholl_rf,neuromorpho__WT_13.swc,pyramidal,2148,1.0000,1.0000
sholl_rf,neuromorpho__WT_1_3.swc,pyramidal,2940,0.1177,0.0700
sholl_rf,neuromorpho__WT_1_4.swc,pyramidal,2623,0.5193,0.2278
sholl_rf,neuromorpho__WT_1_5.swc,pyramidal,2710,0.9764,0.6573
sholl_rf,neuromorpho__WT_2.swc,pyramidal,2246,1.0000,1.0000
sholl_rf,neuromorpho__WT_2_2.swc,pyramidal,2805,0.9861,0.6616
sholl_rf,neuromorpho__WT_3_3.swc,pyramidal,2013,1.0000,1.0000
sholl_rf,neuromorpho__WT_8.swc,pyramidal,1568,1.0000,1.0000
sholl_rf,neuromorpho__X043_S2_Z2_C01.swc,pyramidal,709,1.0000,1.0000
sholl_rf,neuromorpho__X043_S2_Z4_C01_20x.swc,pyramidal,394,1.0000,1.0000
sholl_rf,neuromorpho__X043_S2_Z4_C03_20x.swc,pyramidal,685,1.0000,1.0000
sholl_rf,neuromorpho__X043_S2_Z5_C01.swc,pyramidal,521,1.0000,1.0000
sholl_rf,neuromorpho__X043_S3_Z4_C03.swc,pyramidal,746,1.0000,1.0000
sholl_rf,neuromorpho__X043_S4_Z1_C01.swc,pyramidal,526,1.0000,1.0000
sholl_rf,neuromorpho__X043_S4_Z2_C03.swc,pyramidal,674,0.6306,0.3865
sholl_rf,neuromorpho__X043_S4_Z5_C02.swc,pyramidal,460,0.2478,0.1976
sholl_rf,neuromorpho__X043_S5_Z1_C01.swc,pyramidal,484,0.6343,0.3878
sholl_rf,neuromorpho__X043_S5_Z1_C02_20x.swc,pyramidal,397,0.4055,0.2878
sholl_rf,neuromorpho__X043_S5_Z2_C01_20x.swc,pyramidal,651,1.0000,1.0000
sholl_rf,neuromorpho__X043_S7_Z2_C01.swc,pyramidal,813,0.7786,0.7742
sholl_rf,neuromorpho__X043_S7_Z4_C01.swc,pyramidal,631,0.6498,0.3936
sholl_rf,neuromorpho__X046_S1_Z2_C04.swc,pyramidal,562,0.6940,0.4095
sholl_rf,neuromorpho__X046_S1_Z2_C05.swc,pyramidal,660,0.2409,0.1934
sholl_rf,neuromorpho__X046_S4_Z1_C01_20X.swc,pyramidal,606,1.0000,1.0000
sholl_rf,neuromorpho__X046_S4_Z4_C01_20X.swc,pyramidal,442,1.0000,1.0000
sholl_rf,neuromorpho__X046_S4_Z4_C03_20X.swc,pyramidal,578,1.0000,1.0000
sholl_rf,neuromorpho__X046_S4_Z5_C01.swc,pyramidal,569,1.0000,1.0000
sholl_rf,neuromorpho__X046_S6_Z1_C01.swc,pyramidal,484,0.6488,0.3932
sholl_rf,neuromorpho__X046_S6_Z6_C01.swc,pyramidal,468,0.6624,0.3982
sholl_rf,neuromorpho__Yin20161228s5_AR.swc,pyramidal,9572,1.0000,1.0000
sholl_rf,allen__Chat-IRES-Cre-neo_Ai14-308245.04.02.01_577369606.swc,interneuron,8424,0.8859,0.8505
sholl_rf,allen__Chat-IRES-Cre-neo_Ai14-316042.05.02.01_586072464.swc,interneuron,6544,0.7714,0.7547
sholl_rf,allen__Chat-IRES-Cre-neo_Ai14-316042.06.01.01_586072783.swc,interneuron,9284,0.7775,0.7182
sholl_rf,allen__Gad2-IRES-Cre_Ai14-324791.03.02.02_593321019.swc,interneuron,9202,1.0000,1.0000
sholl_rf,allen__H15.06.016.01.03.02_488386626.swc,interneuron,19279,0.9987,0.9970
sholl_rf,allen__H16.06.009.01.01.18.03_528687520.swc,interneuron,12081,1.0000,1.0000
sholl_rf,allen__H17.06.003.11.03.03_614651270.swc,interneuron,30285,0.9737,0.9576
sholl_rf,allen__H17.06.003.11.05.04_567742660.swc,interneuron,33040,1.0000,1.0000
sholl_rf,allen__H17.06.005.12.10.04_571435969.swc,interneuron,2967,0.5827,0.3681
sholl_rf,allen__H17.06.005.12.12.03_571525618.swc,interneuron,8146,0.8887,0.8056
sholl_rf,allen__H17.06.005.12.15.01_571427524.swc,interneuron,29538,1.0000,1.0000
sholl_rf,allen__H17.06.006.11.08.07_571709783.swc,interneuron,3695,0.9380,0.4840
sholl_rf,allen__H17.06.012.14.08.05_611610514.swc,interneuron,26630,0.9625,0.9211
sholl_rf,allen__H17.06.013.12.03.02_643575207.swc,interneuron,17642,1.0000,1.0000
sholl_rf,allen__H17.06.013.12.03.03_643582610.swc,interneuron,13995,0.9789,0.9506
sholl_rf,allen__Htr3a-Cre_NO152_Ai14-286731.04.02.01_561553133.swc,interneuron,2808,0.9014,0.4740
sholl_rf,allen__Htr3a-Cre_NO152_Ai14-286736.05.01.01_561532710.swc,interneuron,8835,1.0000,1.0000
sholl_rf,allen__Ndnf-IRES2-dgCre_Ai14-262467.04.01.01_539014038.swc,interneuron,13849,0.9445,0.8879
sholl_rf,allen__Ndnf-IRES2-dgCre_Ai14-290382.04.01.01_562632795.swc,interneuron,13035,0.9526,0.8566
sholl_rf,allen__Ndnf-IRES2-dgCre_Ai14-292670.04.02.01_565120091.swc,interneuron,18807,1.0000,1.0000
sholl_rf,allen__Ndnf-IRES2-dgCre_Ai14-292673.04.02.01_564349611.swc,interneuron,15659,0.9594,0.8287
sholl_rf,allen__Ndnf-IRES2-dgCre_Ai14-292673.05.01.01_564346637.swc,interneuron,19022,1.0000,1.0000
sholl_rf,allen__Ndnf-IRES2-dgCre_Ai14-306261.05.02.01_574734127.swc,interneuron,15926,0.9276,0.8531
sholl_rf,allen__Ndnf-IRES2-dgCre_Ai14-311164.05.01.01_579626068.swc,interneuron,17629,0.9848,0.9593
sholl_rf,allen__Nos1-CreERT2_Sst-IRES-FlpO_Ai65-271577.05.02.01_547262585.swc,interneuron,12546,0.8902,0.6847
sholl_rf,allen__Oxtr-2A-Cre_Ai14-293837.04.02.01_565866518.swc,interneuron,15202,1.0000,1.0000
sholl_rf,allen__Vipr2-IRES2-Cre_Slc32a1-T2A-FlpO_Ai65-315067.05.01.01_585805211.swc,interneuron,11008,1.0000,1.0000
sholl_rf,allen__Vipr2-IRES2-Cre_Slc32a1-T2A-FlpO_Ai65-315069.05.02.01_585952606.swc,interneuron,10592,1.0000,1.0000
sholl_rf,neuromorpho__020315-3-ST.swc,interneuron,7033,1.0000,1.0000
sholl_rf,neuromorpho__020414-pos-div13-cs3.swc,interneuron,1490,1.0000,1.0000
sholl_rf,neuromorpho__020414-pos-div14-cs2.swc,interneuron,1693,1.0000,1.0000
sholl_rf,neuromorpho__020414-pos-div14-cs4.swc,interneuron,1393,1.0000,1.0000
sholl_rf,neuromorpho__020726-3-NPY.swc,interneuron,4743,1.0000,1.0000
sholl_rf,neuromorpho__03-22-01-2doubleBouquet.swc,interneuron,9637,1.0000,1.0000
sholl_rf,neuromorpho__03-27-01-3wideArbor.swc,interneuron,21099,1.0000,1.0000
sholl_rf,neuromorpho__030915-2_20x.swc,interneuron,4679,1.0000,1.0000
sholl_rf,neuromorpho__031115-1_20x.swc,interneuron,5224,1.0000,1.0000
sholl_rf,neuromorpho__032118Ac1_nNOS-1.swc,interneuron,11037,1.0000,1.0000
sholl_rf,neuromorpho__05-26-00-s2localArbor.swc,interneuron,14894,1.0000,1.0000
sholl_rf,neuromorpho__051217_cell4_L23.swc,interneuron,5927,1.0000,1.0000
sholl_rf,neuromorpho__051217_cell6_L1.swc,interneuron,3309,1.0000,1.0000
sholl_rf,neuromorpho__06-02-19A-02-cell-1.swc,interneuron,1243,1.0000,1.0000
sholl_rf,neuromorpho__06-11-15-B.swc,interneuron,16105,1.0000,1.0000
sholl_rf,neuromorpho__0604018001.swc,interneuron,665,1.0000,1.0000
sholl_rf,neuromorpho__06050180003.swc,interneuron,619,1.0000,1.0000
sholl_rf,neuromorpho__061217_cell4_L23.swc,interneuron,1794,1.0000,1.0000
sholl_rf,neuromorpho__061218Ac1_dendrites.swc,interneuron,4285,1.0000,1.0000
sholl_rf,neuromorpho__07-07-00-3mediumArbor.swc,interneuron,8928,1.0000,1.0000
sholl_rf,neuromorpho__07-16-2018-slice-1-cell-2-rotate.swc,interneuron,16981,1.0000,1.0000
sholl_rf,neuromorpho__071217_cell3_L1.swc,interneuron,3399,1.0000,1.0000
sholl_rf,neuromorpho__081017Bc1_OFF-OS-AC.swc,interneuron,3757,1.0000,1.0000
sholl_rf,neuromorpho__081103a.swc,interneuron,8029,0.4860,0.6540
sholl_rf,neuromorpho__09-06-01-4neurogliaform.swc,interneuron,11239,1.0000,1.0000
sholl_rf,neuromorpho__092303a.swc,interneuron,3983,1.0000,1.0000
sholl_rf,neuromorpho__10-04-01-4doubleBouquet.swc,interneuron,6020,1.0000,1.0000
sholl_rf,neuromorpho__10-07-15-A.swc,interneuron,11201,1.0000,1.0000
sholl_rf,neuromorpho__10N1-8162019-fcfc2a.swc,interneuron,2877,1.0000,1.0000
sholl_rf,neuromorpho__10N1-8162019-fcfc3a.swc,interneuron,1752,1.0000,1.0000
sholl_rf,neuromorpho__10N1-8162019-wt5a.swc,interneuron,1772,1.0000,1.0000
sholl_rf,neuromorpho__10N23DAT8-50717GFPwta_fcfc3a.swc,interneuron,3249,1.0000,1.0000
sholl_rf,neuromorpho__10N23DAT8-50717GFPwta_wt4a.swc,interneuron,4608,1.0000,1.0000
sholl_rf,neuromorpho__10N23DAT8-50717GFPwta_wt61.swc,interneuron,1687,1.0000,1.0000
sholl_rf,neuromorpho__10N23DAT8-50717GFPwta_wt62.swc,interneuron,4083,1.0000,1.0000
sholl_rf,neuromorpho__10N23DAT8-50717GFPwta_wt8a.swc,interneuron,2501,1.0000,1.0000
sholl_rf,neuromorpho__10N4-8162019-b_wt7a.swc,interneuron,2681,1.0000,1.0000
sholl_rf,neuromorpho__10N4-8162019-b_wt9a.swc,interneuron,1079,1.0000,1.0000
sholl_rf,neuromorpho__1232.swc,interneuron,767,1.0000,1.0000
sholl_rf,neuromorpho__1243.swc,interneuron,739,1.0000,1.0000
sholl_rf,neuromorpho__12N5-8162019-b-fcfc1.swc,interneuron,5116,1.0000,1.0000
sholl_rf,neuromorpho__12N5-8162019-b-fcfc21.swc,interneuron,5116,1.0000,1.0000
sholl_rf,neuromorpho__12N5-8162019-b-fcfc2a.swc,interneuron,2605,1.0000,1.0000
sholl_rf,neuromorpho__12N5-8162019-b-fcfc42.swc,interneuron,2605,1.0000,1.0000
sholl_rf,neuromorpho__12N5-8162019-b-wt10a.swc,interneuron,2988,1.0000,1.0000
sholl_rf,neuromorpho__12N5-8162019-b-wt1a.swc,interneuron,4908,1.0000,1.0000
sholl_rf,neuromorpho__12N5-8162019-b_tile3-fcfc4A.swc,interneuron,1238,1.0000,1.0000
sholl_rf,neuromorpho__12N5-8162019-b_tile3-fcfc5a.swc,interneuron,1411,1.0000,1.0000
sholl_rf,neuromorpho__12N7-8162019-b-TILE1-n7dat12_tile1_fcfc2a.swc,interneuron,2481,1.0000,1.0000
sholl_rf,neuromorpho__12N7-8162019-b-TILE1-wt3a1.swc,interneuron,4332,1.0000,1.0000
sholl_rf,neuromorpho__12N7-8162019-b-TILE1-wt4a.swc,interneuron,2389,1.0000,1.0000
sholl_rf,neuromorpho__12N7-8162019-b-TILE1-wt7a.swc,interneuron,1363,1.0000,1.0000
sholl_rf,neuromorpho__12N7-8162019-b-wt1a.swc,interneuron,3276,1.0000,1.0000
sholl_rf,neuromorpho__12N7-8162019-b_fcfc2a.swc,interneuron,4014,1.0000,1.0000
sholl_rf,neuromorpho__12N7-8162019-b_fcfc3a.swc,interneuron,2837,1.0000,1.0000
sholl_rf,neuromorpho__13-01-15-B.swc,interneuron,12679,1.0000,1.0000
sholl_rf,neuromorpho__139-05-cell-1-analysis.swc,interneuron,532,1.0000,1.0000
sholl_rf,neuromorpho__139-06-cell-1-analysis.swc,interneuron,587,1.0000,1.0000
sholl_rf,neuromorpho__14-1-15-A-A1.swc,interneuron,7904,1.0000,1.0000
sholl_rf,neuromorpho__14-1-15-A-A4.swc,interneuron,3584,0.8764,0.4671
sholl_rf,neuromorpho__14-1-15-A-B1.swc,interneuron,599,0.9249,0.4805
sholl_rf,neuromorpho__141012_Pair1SAC.swc,interneuron,4172,1.0000,1.0000
sholl_rf,neuromorpho__143-06-cell-1-analysis.swc,interneuron,1699,1.0000,1.0000
sholl_rf,neuromorpho__143-06-cell-2-analysis.swc,interneuron,998,1.0000,1.0000
sholl_rf,neuromorpho__143-07-cell-1-analysis.swc,interneuron,1827,1.0000,1.0000
sholl_rf,neuromorpho__14Feb2019-exp-5_53-rpt-188-1006.swc,interneuron,4922,1.0000,1.0000
sholl_rf,neuromorpho__14Feb2019-exp-5_53-rpt-scr-1002.swc,interneuron,4301,1.0000,1.0000
sholl_rf,neuromorpho__14Feb2019-exp-5_53-rpt-scr-1006.swc,interneuron,1867,1.0000,1.0000
sholl_rf,neuromorpho__150206_1.swc,interneuron,3970,0.7922,1.0000
sholl_rf,neuromorpho__150504_2.swc,interneuron,10757,0.0746,1.0000
sholl_rf,neuromorpho__150504_pair2sac.swc,interneuron,8928,1.0000,1.0000
sholl_rf,neuromorpho__16-06-15-C.swc,interneuron,11914,1.0000,1.0000
sholl_rf,neuromorpho__160727_SAC3_006.swc,interneuron,1121,1.0000,1.0000
sholl_rf,neuromorpho__160817_SAC4_006_avgupdated.swc,interneuron,4477,1.0000,1.0000
sholl_rf,neuromorpho__160826_FusedSAC3_avgupdated.swc,interneuron,3496,1.0000,1.0000
sholl_rf,neuromorpho__161012_08.swc,interneuron,19111,1.0000,1.0000
sholl_rf,neuromorpho__161014_SAC1_avgupdated.swc,interneuron,2900,1.0000,1.0000
sholl_rf,neuromorpho__161027_SAC5.swc,interneuron,3779,1.0000,1.0000
sholl_rf,neuromorpho__161220_2.swc,interneuron,27273,1.0000,1.0000
sholl_rf,neuromorpho__170313_2.swc,interneuron,29884,0.0414,0.0794
sholl_rf,neuromorpho__170321_1.swc,interneuron,4529,0.0002,0.0000
sholl_rf,neuromorpho__170426_02.swc,interneuron,11982,1.0000,1.0000
sholl_rf,neuromorpho__170602_sac2_updated170801.swc,interneuron,5056,1.0000,1.0000
sholl_rf,neuromorpho__17302_00032-semi_f.swc,interneuron,2851,1.0000,1.0000
sholl_rf,neuromorpho__17302_00045-semi_r.swc,interneuron,1756,1.0000,1.0000
sholl_rf,neuromorpho__17302_00046-semi_r.swc,interneuron,1791,1.0000,1.0000
sholl_rf,neuromorpho__17302_00047-semi_f.swc,interneuron,3714,1.0000,1.0000
sholl_rf,neuromorpho__17302_00050-semi_r.swc,interneuron,2756,1.0000,1.0000
sholl_rf,neuromorpho__17302_00055-semi_r.swc,interneuron,2171,1.0000,1.0000
sholl_rf,neuromorpho__17302_00063-semi_r.swc,interneuron,1774,1.0000,1.0000
sholl_rf,neuromorpho__17302_00099-semi_r.swc,interneuron,1472,1.0000,1.0000
sholl_rf,neuromorpho__17302_00101-semi_r.swc,interneuron,2237,1.0000,1.0000
sholl_rf,neuromorpho__17545_00029-semi_r.swc,interneuron,3755,1.0000,1.0000
sholl_rf,neuromorpho__17545_00059-semi_r.swc,interneuron,2701,1.0000,1.0000
sholl_rf,neuromorpho__17545_00064-semi_r.swc,interneuron,2664,1.0000,1.0000
sholl_rf,neuromorpho__17545_00066-semi_r.swc,interneuron,2292,1.0000,1.0000
sholl_rf,neuromorpho__17545_00068-semi_r.swc,interneuron,1891,1.0000,1.0000
sholl_rf,neuromorpho__17545_00073-semi_r.swc,interneuron,993,1.0000,1.0000
sholl_rf,neuromorpho__17545_00147-semi_r.swc,interneuron,2555,1.0000,1.0000
sholl_rf,neuromorpho__180803_s1c1_Lstellate.swc,interneuron,636,1.0000,1.0000
sholl_rf,neuromorpho__18454_00016-semi_r.swc,interneuron,2895,1.0000,1.0000
sholl_rf,neuromorpho__18455_00008-semi_r.swc,interneuron,2172,1.0000,1.0000
sholl_rf,neuromorpho__18455_00030-semi_r.swc,interneuron,2999,1.0000,1.0000
sholl_rf,neuromorpho__18455_00041-semi_r.swc,interneuron,721,1.0000,1.0000
sholl_rf,neuromorpho__18455_00106-semi_r.swc,interneuron,2426,1.0000,1.0000
sholl_rf,neuromorpho__18462_00043-semi_r.swc,interneuron,2502,1.0000,1.0000
sholl_rf,neuromorpho__18463_00051-semi_f.swc,interneuron,3883,1.0000,1.0000
sholl_rf,neuromorpho__18463_00075-semi_r.swc,interneuron,1724,1.0000,1.0000
sholl_rf,neuromorpho__18465_00213-semi_r.swc,interneuron,1868,1.0000,1.0000
sholl_rf,neuromorpho__1857-10-cell-1-analysis.swc,interneuron,534,1.0000,1.0000
sholl_rf,neuromorpho__18867_7584_x10560_y5816-auto_r.swc,interneuron,2425,1.0000,1.0000
sholl_rf,neuromorpho__18868_2601_x23273_y17306-auto_r.swc,interneuron,3628,1.0000,1.0000
sholl_rf,neuromorpho__18868_2924_x10668_y9719-auto_r.swc,interneuron,3385,1.0000,1.0000
sholl_rf,neuromorpho__18869_5123_x17555_y3609-semi_r.swc,interneuron,2336,1.0000,1.0000
sholl_rf,neuromorpho__18869_5692_x6534_y3440-semi_r.swc,interneuron,5265,1.0000,1.0000
sholl_rf,neuromorpho__18869_6732_x9649_y3919-semi_r.swc,interneuron,4503,1.0000,1.0000
sholl_rf,neuromorpho__19-02-19A-01-cell-1.swc,interneuron,1258,1.0000,1.0000
sholl_rf,neuromorpho__19-02-19A-03-cell-2.swc,interneuron,6497,1.0000,1.0000
sholl_rf,neuromorpho__19-02-19A-11-cell-2.swc,interneuron,2242,1.0000,1.0000
sholl_rf,neuromorpho__19-02-19A-14-cell-2.swc,interneuron,2129,1.0000,1.0000
sholl_rf,neuromorpho__19-02-19B-01-cell2.swc,interneuron,4895,1.0000,1.0000
sholl_rf,neuromorpho__19-02-19B-02-cell1.swc,interneuron,3524,1.0000,1.0000
sholl_rf,neuromorpho__196_1_C2.swc,interneuron,46419,1.0000,1.0000
sholl_rf,neuromorpho__20120320sc4.swc,interneuron,26082,1.0000,1.0000
sholl_rf,neuromorpho__2016-08-11-slice-3-cell-7-rotated.swc,interneuron,19344,1.0000,1.0000
sholl_rf,neuromorpho__2016-09-06-slice-C-cell-7-rotated.swc,interneuron,21108,1.0000,1.0000
sholl_rf,neuromorpho__2016-16-12-slice-e-cell-3-rotated.swc,interneuron,16851,1.0000,1.0000
sholl_rf,neuromorpho__2016-30-09-slice-4-cell-8-rotated.swc,interneuron,4380,0.5427,0.3517
sholl_rf,neuromorpho__2017-01-08-slice-4-cell-7-rotated.swc,interneuron,43838,1.0000,1.0000
sholl_rf,neuromorpho__2017-01-09-slice-2-cell-2-rotated.swc,interneuron,6461,0.5900,0.3710
sholl_rf,neuromorpho__2017-02-08-slice-3-cell-2-rotated.swc,interneuron,27194,1.0000,1.0000
sholl_rf,neuromorpho__2017-03-05-slice-3-cell-7-rotated.swc,interneuron,26232,1.0000,1.0000
sholl_rf,neuromorpho__2017-03-07-slice-1-cell-7-rotated.swc,interneuron,8903,1.0000,1.0000
sholl_rf,neuromorpho__2017-03-07-slice-2-cell-3-rotated.swc,interneuron,16504,1.0000,1.0000
sholl_rf,neuromorpho__2017-04-07-slice-2-cell-6-rotated.swc,interneuron,30629,1.0000,1.0000
sholl_rf,neuromorpho__2017-06-08-slice-3-cell-7-rotated.swc,interneuron,12953,0.5298,0.3463
sholl_rf,neuromorpho__2017-09-02-slice-3-cell-2-roteted.swc,interneuron,53409,1.0000,1.0000
sholl_rf,neuromorpho__2017-12-02-slice-3-cell-2-rotated.swc,interneuron,21351,1.0000,1.0000
sholl_rf,neuromorpho__2017-12-02-slice-3-cell-3-rotated.swc,interneuron,26518,1.0000,1.0000
sholl_rf,neuromorpho__2017-16-05-slice-1-cell-6-rotated.swc,interneuron,25907,1.0000,1.0000
sholl_rf,neuromorpho__2017-16-10-slice-3-cell-2-rotated.swc,interneuron,16910,1.0000,1.0000
sholl_rf,neuromorpho__2017-18-10-slice-1-cell-2-rotated.swc,interneuron,31085,1.0000,1.0000
sholl_rf,neuromorpho__2017-18-10-slice-1-cell-6-rotated.swc,interneuron,38823,1.0000,1.0000
sholl_rf,neuromorpho__2017-23-10-slice-2-cell-7-rotated.swc,interneuron,22847,1.0000,1.0000
sholl_rf,neuromorpho__2017-23-10-slice-3-cell-6-rotated.swc,interneuron,24300,1.0000,1.0000
sholl_rf,neuromorpho__2017-29-03-slice-2-cell-2-rotated.swc,interneuron,24223,0.9760,0.9047
sholl_rf,neuromorpho__20180404_sample_5.swc,interneuron,4886,1.0000,1.0000
sholl_rf,neuromorpho__20180515_sample_1.swc,interneuron,4479,1.0000,1.0000
sholl_rf,neuromorpho__20180607-60L5-2-1-428-03-249-80-46.swc,interneuron,411,1.0000,1.0000
sholl_rf,neuromorpho__20180607-L1R2-2-3-451-09-113-14-40.swc,interneuron,308,1.0000,1.0000
sholl_rf,neuromorpho__20180607-L1R2-3-1-276-15-298-35-46.swc,interneuron,633,1.0000,1.0000
sholl_rf,neuromorpho__20180607-L1R2-6-1-526-18-132-17-27.swc,interneuron,298,1.0000,1.0000
sholl_rf,neuromorpho__20180621_sample_7.swc,interneuron,4665,1.0000,1.0000
sholl_rf,neuromorpho__20180711_sample_1.swc,interneuron,5003,1.0000,1.0000
sholl_rf,neuromorpho__20180717_sample_3.swc,interneuron,5524,1.0000,1.0000
sholl_rf,neuromorpho__20180725_sample_9.swc,interneuron,3349,1.0000,1.0000
sholl_rf,neuromorpho__20180820_sample_1.swc,interneuron,4441,1.0000,1.0000
sholl_rf,neuromorpho__20180828_sample_5.swc,interneuron,10975,1.0000,1.0000
sholl_rf,neuromorpho__20180830_sample_1.swc,interneuron,6293,1.0000,1.0000
sholl_rf,neuromorpho__20180904_sample_3.swc,interneuron,9597,1.0000,1.0000
sholl_rf,neuromorpho__20180904_sample_5.swc,interneuron,10350,1.0000,1.0000
sholl_rf,neuromorpho__20180911_sample_6.swc,interneuron,3643,1.0000,1.0000
sholl_rf,neuromorpho__20180918_sample_1.swc,interneuron,2959,1.0000,1.0000
sholl_rf,neuromorpho__20180920_sample_2.swc,interneuron,4424,1.0000,1.0000
sholl_rf,neuromorpho__20181004_sample_8.swc,interneuron,2523,1.0000,1.0000
sholl_rf,neuromorpho__20181009_sample_7.swc,interneuron,2602,1.0000,1.0000
sholl_rf,neuromorpho__20181109_sample_7.swc,interneuron,9620,1.0000,1.0000
sholl_rf,neuromorpho__20181112_sample_6.swc,interneuron,1396,1.0000,1.0000
sholl_rf,neuromorpho__20181116_sample_5.swc,interneuron,6911,1.0000,1.0000
sholl_rf,neuromorpho__20181121_sample_6.swc,interneuron,5071,1.0000,1.0000
sholl_rf,neuromorpho__20190122_sample_5.swc,interneuron,4379,1.0000,1.0000
sholl_rf,neuromorpho__20190122_sample_9.swc,interneuron,10502,1.0000,1.0000
sholl_rf,neuromorpho__20190128_sample_12.swc,interneuron,4505,1.0000,1.0000
sholl_rf,neuromorpho__20190128_sample_2.swc,interneuron,3559,1.0000,1.0000
sholl_rf,neuromorpho__20190128_sample_7.swc,interneuron,10538,1.0000,1.0000
sholl_rf,neuromorpho__20190130_sample_10.swc,interneuron,7003,1.0000,1.0000
sholl_rf,neuromorpho__20190130_sample_3.swc,interneuron,13391,1.0000,1.0000
sholl_rf,neuromorpho__20190131_sample_5.swc,interneuron,3633,1.0000,1.0000
sholl_rf,neuromorpho__20190201_sample_3.swc,interneuron,3938,1.0000,1.0000
sholl_rf,neuromorpho__20190204_sample_7.swc,interneuron,6489,1.0000,1.0000
sholl_rf,neuromorpho__20190204_sample_9.swc,interneuron,3707,1.0000,1.0000
sholl_rf,neuromorpho__20190211_sample_6.swc,interneuron,4479,1.0000,1.0000
sholl_rf,neuromorpho__20190212_sample_4.swc,interneuron,9754,1.0000,1.0000
sholl_rf,neuromorpho__20190212_sample_7.swc,interneuron,1633,1.0000,1.0000
sholl_rf,neuromorpho__20190213_sample_7.swc,interneuron,9194,1.0000,1.0000
sholl_rf,neuromorpho__20190214_sample_1.swc,interneuron,4239,1.0000,1.0000
sholl_rf,neuromorpho__20190221_sample_4.swc,interneuron,2725,1.0000,1.0000
sholl_rf,neuromorpho__20190327_sample_7.swc,interneuron,628,1.0000,1.0000
sholl_rf,neuromorpho__20190408_sample_1.swc,interneuron,4548,1.0000,1.0000
sholl_rf,neuromorpho__20190408_sample_6.swc,interneuron,3688,1.0000,1.0000
sholl_rf,neuromorpho__20190430_sample_1.swc,interneuron,5735,1.0000,1.0000
sholl_rf,neuromorpho__20190430_sample_6.swc,interneuron,6923,1.0000,1.0000
sholl_rf,neuromorpho__20190508_sample_4.swc,interneuron,2466,1.0000,1.0000
sholl_rf,neuromorpho__20190509_sample_2.swc,interneuron,2756,0.7827,1.0000
sholl_rf,neuromorpho__20190513_sample_5.swc,interneuron,5009,1.0000,1.0000
sholl_rf,neuromorpho__20190515_sample_12.swc,interneuron,2007,1.0000,1.0000
sholl_rf,neuromorpho__20190606_sample_3.swc,interneuron,7652,0.9978,1.0000
sholl_rf,neuromorpho__20190610_sample_3.swc,interneuron,5376,1.0000,1.0000
sholl_rf,neuromorpho__20190613_sample_2.swc,interneuron,8970,1.0000,1.0000
sholl_rf,neuromorpho__20190617_sample_1.swc,interneuron,2091,1.0000,1.0000
sholl_rf,neuromorpho__20190617_sample_5.swc,interneuron,7559,1.0000,1.0000
sholl_rf,neuromorpho__20190619_sample_5.swc,interneuron,6806,1.0000,1.0000
sholl_rf,neuromorpho__20190625_sample_10.swc,interneuron,2859,0.7681,0.4344
sholl_rf,neuromorpho__20190625_sample_12.swc,interneuron,1451,0.9752,0.4937
sholl_rf,neuromorpho__20190628_sample_1.swc,interneuron,3877,1.0000,1.0000
sholl_rf,neuromorpho__20190703_sample_12.swc,interneuron,3204,1.0000,1.0000
sholl_rf,neuromorpho__20190703_sample_13.swc,interneuron,4097,1.0000,1.0000
sholl_rf,neuromorpho__20190708_sample_12.swc,interneuron,3588,1.0000,1.0000
sholl_rf,neuromorpho__20190709_sample_1.swc,interneuron,2124,1.0000,1.0000
sholl_rf,neuromorpho__20190710_sample_6.swc,interneuron,2762,1.0000,1.0000
sholl_rf,neuromorpho__20190712_sample_6.swc,interneuron,3264,1.0000,1.0000
sholl_rf,neuromorpho__20190718_sample_5.swc,interneuron,3856,1.0000,1.0000
sholl_rf,neuromorpho__20190718_sample_8.swc,interneuron,2796,1.0000,1.0000
sholl_rf,neuromorpho__20190729_sample_2.swc,interneuron,3448,1.0000,1.0000
sholl_rf,neuromorpho__20190730_sample_2.swc,interneuron,2402,1.0000,1.0000
sholl_rf,neuromorpho__20190730_sample_9.swc,interneuron,3615,1.0000,1.0000
sholl_rf,neuromorpho__20190924_sample_7.swc,interneuron,3323,1.0000,1.0000
sholl_rf,neuromorpho__20191001_sample_4.swc,interneuron,6182,1.0000,1.0000
sholl_rf,neuromorpho__20191028_sample_2.swc,interneuron,9971,1.0000,1.0000
sholl_rf,neuromorpho__20191105_sample_4.swc,interneuron,6049,1.0000,1.0000
sholl_rf,neuromorpho__20191114_sample_1.swc,interneuron,10095,1.0000,1.0000
sholl_rf,neuromorpho__20191114_sample_4.swc,interneuron,582,1.0000,1.0000
sholl_rf,neuromorpho__2020-03-11_13-01-38SST-MORF3Mb01-1V5-647SST488-30x02Str_b.swc,interneuron,280,1.0000,1.0000
sholl_rf,neuromorpho__20200524_E_63X_zstack_tile_2_stitched.swc,interneuron,6146,1.0000,1.0000
sholl_rf,neuromorpho__23-04-18B-08-cell-1.swc,interneuron,1118,1.0000,1.0000
sholl_rf,neuromorpho__23-04-18B-09-cell-2.swc,interneuron,2387,1.0000,1.0000
sholl_rf,neuromorpho__23-04-18C-01-cell-1.swc,interneuron,5795,1.0000,1.0000
sholl_rf,neuromorpho__240914RF1_3m.swc,interneuron,598,1.0000,1.0000
sholl_rf,neuromorpho__25-02-15-C2.swc,interneuron,3275,0.5429,0.3518
sholl_rf,neuromorpho__26-11-14-A-A4b.swc,interneuron,30568,1.0000,1.0000
sholl_rf,neuromorpho__26-2-15-C.swc,interneuron,16762,1.0000,1.0000
sholl_rf,neuromorpho__261015c2.swc,interneuron,1506,1.0000,1.0000
sholl_rf,neuromorpho__262_1a.swc,interneuron,1424,0.6538,0.3952
sholl_rf,neuromorpho__268_On_C.swc,interneuron,8677,1.0000,1.0000
sholl_rf,neuromorpho__282_On_C_commissural.swc,interneuron,8766,1.0000,1.0000
sholl_rf,neuromorpho__3-Som-3d-trace.swc,interneuron,1145,1.0000,1.0000
sholl_rf,neuromorpho__3057_20140409-x1-25.swc,interneuron,4326,1.0000,1.0000
sholl_rf,neuromorpho__3073_20140421-x1-25.swc,interneuron,9454,1.0000,1.0000
sholl_rf,neuromorpho__3080_20140430-x1-25.swc,interneuron,9128,1.0000,1.0000
sholl_rf,neuromorpho__340_1a.swc,interneuron,1158,0.4292,0.3001
sholl_rf,neuromorpho__340_1b.swc,interneuron,2693,1.0000,1.0000
sholl_rf,neuromorpho__350R.swc,interneuron,1687,1.0000,1.0000
sholl_rf,neuromorpho__43-07-cell-1-analysis.swc,interneuron,861,1.0000,1.0000
sholl_rf,neuromorpho__464R.swc,interneuron,730,0.0301,0.0280
sholl_rf,neuromorpho__4_J2a.swc,interneuron,3050,1.0000,1.0000
sholl_rf,neuromorpho__4_J2b.swc,interneuron,3072,1.0000,1.0000
sholl_rf,neuromorpho__500_1_C5.swc,interneuron,41319,0.6248,0.5902
sholl_rf,neuromorpho__535_2_C4.swc,interneuron,48000,0.5984,0.4943
sholl_rf,neuromorpho__536_3_C8.swc,interneuron,38069,0.4388,0.3995
sholl_rf,neuromorpho__536_4_C7.swc,interneuron,52983,0.6958,0.6944
sholl_rf,neuromorpho__536_7_C8.swc,interneuron,34640,1.0000,1.0000
sholl_rf,neuromorpho__5515-12-cell-2-analysis.swc,interneuron,474,1.0000,1.0000
sholl_rf,neuromorpho__5515-13-cell-1-analysis.swc,interneuron,1273,1.0000,1.0000
sholl_rf,neuromorpho__60L4_03_-165.swc,interneuron,376,1.0000,1.0000
sholl_rf,neuromorpho__60L4_03_-330.swc,interneuron,142,1.0000,1.0000
sholl_rf,neuromorpho__60L4_07_-180-right.swc,interneuron,433,1.0000,1.0000
sholl_rf,neuromorpho__60R5_01_-480.swc,interneuron,479,1.0000,1.0000
sholl_rf,neuromorpho__60R5_01_-525.swc,interneuron,390,1.0000,1.0000
sholl_rf,neuromorpho__60R5_06_-285.swc,interneuron,438,1.0000,1.0000
sholl_rf,neuromorpho__614_4_C4.swc,interneuron,14912,1.0000,1.0000
sholl_rf,neuromorpho__614_6_C4.swc,interneuron,38382,0.7856,0.7803
sholl_rf,neuromorpho__6_J2.swc,interneuron,6474,1.0000,1.0000
sholl_rf,neuromorpho__6N1-5072019_TileScan-3_Merged_fcfc1a.swc,interneuron,1117,1.0000,1.0000
sholl_rf,neuromorpho__6N1-5072019_TileScan-3_Merged_fcfc2a.swc,interneuron,460,1.0000,1.0000
sholl_rf,neuromorpho__6N1-5072019_TileScan-3_Merged_fcfc4a.swc,interneuron,734,1.0000,1.0000
sholl_rf,neuromorpho__6N1-5072019_TileScan-3_Merged_fcfc5a.swc,interneuron,702,1.0000,1.0000
sholl_rf,neuromorpho__6N1-5072019_TileScan-3_Merged_wt10a.swc,interneuron,358,1.0000,1.0000
sholl_rf,neuromorpho__6N1-5072019_TileScan-3_Merged_wt4a.swc,interneuron,803,1.0000,1.0000
sholl_rf,neuromorpho__6N1-5072019_TileScan-3_Merged_wt5a.swc,interneuron,544,1.0000,1.0000
sholl_rf,neuromorpho__6N5DAT6-50717GFPwtb_012-wt3a.swc,interneuron,1285,1.0000,1.0000
sholl_rf,neuromorpho__6N5DAT6-50717GFPwtb_013-FCON3mutTdt10a.swc,interneuron,52,1.0000,1.0000
sholl_rf,neuromorpho__6N5DAT6-50717GFPwtb_013-FCON3mutTdt11a.swc,interneuron,105,1.0000,1.0000
sholl_rf,neuromorpho__6N5DAT6-50717GFPwtb_013-FCON3mutTdt18a.swc,interneuron,94,1.0000,1.0000
sholl_rf,neuromorpho__6N5DAT6-50717GFPwtb_013-FCON3mutTdt1a.swc,interneuron,92,1.0000,1.0000
sholl_rf,neuromorpho__6N5DAT6-50717GFPwtb_013-FCON3mutTdt21a.swc,interneuron,39,1.0000,1.0000
sholl_rf,neuromorpho__6N5DAT6-50717GFPwtb_013-FCON3mutTdt24a.swc,interneuron,74,1.0000,1.0000
sholl_rf,neuromorpho__6N5DAT6-50717GFPwtb_013-FCON3mutTdt26a.swc,interneuron,107,1.0000,1.0000
sholl_rf,neuromorpho__6N5DAT6-50717GFPwtb_013-GFPwt14a.swc,interneuron,184,1.0000,1.0000
sholl_rf,neuromorpho__6N5DAT6-50717GFPwtb_013-GFPwt1a.swc,interneuron,256,1.0000,1.0000
sholl_rf,neuromorpho__6N5DAT6-50717GFPwtb_013-GFPwt6a.swc,interneuron,425,1.0000,1.0000
sholl_rf,neuromorpho__70R3_02_-390.swc,interneuron,128,1.0000,1.0000
sholl_rf,neuromorpho__70R3_03_-345.swc,interneuron,120,1.0000,1.0000
sholl_rf,neuromorpho__70R3_03_-660.swc,interneuron,158,1.0000,1.0000
sholl_rf,neuromorpho__70R3_04_-345.swc,interneuron,205,1.0000,1.0000
sholl_rf,neuromorpho__70R3_06_-150.swc,interneuron,185,1.0000,1.0000
sholl_rf,neuromorpho__70R3_07_-255.swc,interneuron,97,1.0000,1.0000
sholl_rf,neuromorpho__7_J2a.swc,interneuron,2360,1.0000,1.0000
sholl_rf,neuromorpho__822.swc,interneuron,960,0.3656,0.2674
sholl_rf,neuromorpho__8may2015c1.swc,interneuron,3626,1.0000,1.0000
sholl_rf,neuromorpho__8N22DAT8-50717GFPwta-fcfc-9a.swc,interneuron,1161,1.0000,1.0000
sholl_rf,neuromorpho__8N22DAT8-50717GFPwta-wt10a.swc,interneuron,206,1.0000,1.0000
sholl_rf,neuromorpho__8N22DAT8-50717GFPwta-wt15a.swc,interneuron,405,1.0000,1.0000
sholl_rf,neuromorpho__8N22DAT8-50717GFPwta-wt4a.swc,interneuron,174,1.0000,1.0000
sholl_rf,neuromorpho__8N22DAT8-50717GFPwta-wt5a.swc,interneuron,164,1.0000,1.0000
sholl_rf,neuromorpho__8N22DAT8-50717GFPwta-wt9a.swc,interneuron,237,1.0000,1.0000
sholl_rf,neuromorpho__8N3-8162019-b-fcfc7a.swc,interneuron,2532,1.0000,1.0000
sholl_rf,neuromorpho__8N3-8162019-b-fcfc9-10a.swc,interneuron,2353,1.0000,1.0000
sholl_rf,neuromorpho__8N3-8162019-b-wt2a.swc,interneuron,795,1.0000,1.0000
sholl_rf,neuromorpho__8N6-8162019-b-fcfc3a.swc,interneuron,2006,1.0000,1.0000
sholl_rf,neuromorpho__8N6-8162019-b-fcfc6a.swc,interneuron,2925,1.0000,1.0000
sholl_rf,neuromorpho__8N6-8162019-b-wT3a.swc,interneuron,1802,1.0000,1.0000
sholl_rf,neuromorpho__8N6-8162019-b-wt6a.swc,interneuron,2173,1.0000,1.0000
sholl_rf,neuromorpho__9-10-14-B.swc,interneuron,12562,1.0000,1.0000
sholl_rf,neuromorpho__a151124-2_VIP_IN.swc,interneuron,3213,1.0000,1.0000
sholl_rf,neuromorpho__A151218-02_VIP_IN.swc,interneuron,4353,1.0000,1.0000
sholl_rf,neuromorpho__a7_170216_2.swc,interneuron,15444,1.0000,1.0000
sholl_rf,neuromorpho__a7_170216_4.swc,interneuron,14087,1.0000,1.0000
sholl_rf,neuromorpho__AAS17.swc,interneuron,437,1.0000,1.0000
sholl_rf,neuromorpho__AAS3.swc,interneuron,6098,0.1064,0.1921
sholl_rf,neuromorpho__ADP10_2491_biocytin.swc,interneuron,1901,1.0000,1.0000
sholl_rf,neuromorpho__ADP1_4339_neurobiotin.swc,interneuron,9678,1.0000,1.0000
sholl_rf,neuromorpho__AIMR.swc,interneuron,14,0.0714,0.0000
sholl_rf,neuromorpho__aIN-000307-1-1-nrn-ns-120504-transl-invX-scaled-straightened.swc,interneuron,63,1.0000,1.0000
sholl_rf,neuromorpho__aIN-390-nrn-ns-120508-transl-invX-scaled-straightened.swc,interneuron,108,1.0000,1.0000
sholl_rf,neuromorpho__aIN-524-nrn-ns-100407-transl-invX-scaled-straightened.swc,interneuron,146,0.3904,0.2786
sholl_rf,neuromorpho__AIYL.swc,interneuron,14,1.0000,1.0000
sholl_rf,neuromorpho__AIZL.swc,interneuron,22,1.0000,1.0000
sholl_rf,neuromorpho__Anstoetz_PV-IN12.swc,interneuron,1500,1.0000,1.0000
sholl_rf,neuromorpho__Anstoetz_PV-IN13.swc,interneuron,6209,1.0000,1.0000
sholl_rf,neuromorpho__Anstoetz_PV-IN15.swc,interneuron,6927,1.0000,1.0000
sholl_rf,neuromorpho__Anstoetz_PV-IN16.swc,interneuron,2149,1.0000,1.0000
sholl_rf,neuromorpho__Anstoetz_PV-IN7.swc,interneuron,3881,1.0000,1.0000
sholl_rf,neuromorpho__Anstoetz_SLM_IN4.swc,interneuron,474,0.9219,0.4796
sholl_rf,neuromorpho__Anstoetz_SLM_IN5.swc,interneuron,1994,1.0000,1.0000
sholl_rf,neuromorpho__Anstoetz_SLM_IN9.swc,interneuron,396,1.0000,1.0000
sholl_rf,neuromorpho__Anstoetz_Toolbox-IN2.swc,interneuron,6314,1.0000,1.0000
sholl_rf,neuromorpho__Anstoetz_Toolbox-IN4.swc,interneuron,3373,1.0000,1.0000
sholl_rf,neuromorpho__Anstoetz_Toolbox-IN9.swc,interneuron,448,1.0000,1.0000
sholl_rf,neuromorpho__B1-F1-cell1.swc,interneuron,327,1.0000,1.0000
sholl_rf,neuromorpho__B1-F2-cell2.swc,interneuron,345,1.0000,1.0000
sholl_rf,neuromorpho__B15a.swc,interneuron,6786,1.0000,1.0000
sholl_rf,neuromorpho__BC150112A_27.swc,interneuron,98757,1.0000,1.0000
sholl_rf,neuromorpho__BC160201B_36.swc,interneuron,54582,1.0000,1.0000
sholl_rf,neuromorpho__BC160620B_39.swc,interneuron,88903,0.9171,0.7047
sholl_rf,neuromorpho__C-02-04-14-F-14-04-14-cs4-cell1.swc,interneuron,2977,1.0000,1.0000
sholl_rf,neuromorpho__C-14-01-15-DIV15-CS2.swc,interneuron,11171,1.0000,1.0000
sholl_rf,neuromorpho__C-15-10-14-DIV15-CS2-Cell1.swc,interneuron,3522,1.0000,1.0000
sholl_rf,neuromorpho__C14-01-15DIV13CS1.swc,interneuron,57603,0.9761,0.8514
sholl_rf,neuromorpho__c1411_Scone.swc,interneuron,892,1.0000,1.0000
sholl_rf,neuromorpho__c1412.swc,interneuron,1065,1.0000,1.0000
sholl_rf,neuromorpho__C15-10-14DIV15CS1Cell1.swc,interneuron,90544,1.0000,1.0000
sholl_rf,neuromorpho__c3271015.swc,interneuron,1516,1.0000,1.0000
sholl_rf,neuromorpho__c4612_Scone.swc,interneuron,834,1.0000,1.0000
sholl_rf,neuromorpho__c8039.swc,interneuron,2745,1.0000,1.0000
sholl_rf,neuromorpho__Canopy_151204_3.swc,interneuron,9497,1.0000,1.0000
sholl_rf,neuromorpho__Canopy_161007_2.swc,interneuron,13714,0.9693,0.9381
sholl_rf,neuromorpho__cell-10_8.swc,interneuron,2158,1.0000,1.0000
sholl_rf,neuromorpho__cell-12_9.swc,interneuron,1631,1.0000,1.0000
sholl_rf,neuromorpho__cell-13_8.swc,interneuron,2009,1.0000,1.0000
sholl_rf,neuromorpho__Cell-22.swc,interneuron,264,0.6098,0.3783
sholl_rf,neuromorpho__Cell-5-1.swc,interneuron,557,0.8636,0.4633
sholl_rf,neuromorpho__cell-7_11.swc,interneuron,1403,1.0000,1.0000
sholl_rf,neuromorpho__Cell1042Ecel1.swc,interneuron,883,1.0000,1.0000
sholl_rf,neuromorpho__Cell19.swc,interneuron,11287,1.0000,1.0000
sholl_rf,neuromorpho__Cell1biorxiv.swc,interneuron,1327,0.5614,0.5611
sholl_rf,neuromorpho__Cell22.swc,interneuron,10276,1.0000,1.0000
sholl_rf,neuromorpho__Cell29.swc,interneuron,10783,1.0000,1.0000
sholl_rf,neuromorpho__Cell2biorxiv.swc,interneuron,2082,0.8237,0.7815
sholl_rf,neuromorpho__Cell31.swc,interneuron,8304,1.0000,1.0000
sholl_rf,neuromorpho__Cell37.swc,interneuron,5378,1.0000,1.0000
sholl_rf,neuromorpho__Cell39.swc,interneuron,5674,1.0000,1.0000
sholl_rf,neuromorpho__cell3_wt_traces.swc,interneuron,6733,1.0000,1.0000
sholl_rf,neuromorpho__Cell3biorxiv.swc,interneuron,2190,0.9995,0.9995
sholl_rf,neuromorpho__Cell41.swc,interneuron,6260,0.6427,0.3912
sholl_rf,neuromorpho__Cell47.swc,interneuron,6445,0.6233,0.3839
sholl_rf,neuromorpho__Cell4_Hippocampus_singlecell.swc,interneuron,573,1.0000,1.0000
sholl_rf,neuromorpho__Cell50.swc,interneuron,7269,0.6053,0.3770
sholl_rf,neuromorpho__Cell51.swc,interneuron,3436,1.0000,1.0000
sholl_rf,neuromorpho__Cell58.swc,interneuron,10631,1.0000,1.0000
sholl_rf,neuromorpho__Cell59.swc,interneuron,6691,1.0000,1.0000
sholl_rf,neuromorpho__Cell5_Hippocampus_singlecell.swc,interneuron,446,1.0000,1.0000
sholl_rf,neuromorpho__cell5_wt_traces.swc,interneuron,6212,1.0000,1.0000
sholl_rf,neuromorpho__Cell60.swc,interneuron,7809,1.0000,1.0000
sholl_rf,neuromorpho__Cell6_Hippocampus_singlecell.swc,interneuron,345,0.6406,0.3901
sholl_rf,neuromorpho__cell6_wt_traces.swc,interneuron,4831,1.0000,1.0000
sholl_rf,neuromorpho__Cell73.swc,interneuron,5447,1.0000,1.0000
sholl_rf,neuromorpho__Cell9.swc,interneuron,8773,0.5569,0.3577
sholl_rf,neuromorpho__cell9_b2ko_swc_traces.swc,interneuron,6323,1.0000,1.0000
sholl_rf,neuromorpho__Chat-IRES-Cre-neo_Ai14-316043-04-02-01_626158141_m.swc,interneuron,5672,1.0000,1.0000
sholl_rf,neuromorpho__Chat-IRES-Cre-neo_Ai14-316043-05-01-01_610886034_m.swc,interneuron,7465,1.0000,1.0000
sholl_rf,neuromorpho__Chrna2-Cre_OE25_Ai14_BT_-281693-06-01-01_591276000_m.swc,interneuron,17650,1.0000,1.0000
sholl_rf,neuromorpho__Chrna2-Cre_OE25_Pvalb-T2A-Dre_Ai66-312583-02-02-01_651087073_m.swc,interneuron,18770,1.0000,1.0000
sholl_rf,neuromorpho__cIN-1356-nrn-ns-111206-transl-invX-scaled-straightened.swc,interneuron,56,1.0000,1.0000
sholl_rf,neuromorpho__cIN-1375-nrn-ns-101206-transl-invX-scaled-straightened.swc,interneuron,172,0.5174,0.3398
sholl_rf,neuromorpho__CONTROL-2-N3.swc,interneuron,891,1.0000,1.0000
sholl_rf,neuromorpho__CONTROL-3-N1_1.swc,interneuron,696,1.0000,1.0000
sholl_rf,neuromorpho__CONTROL-3-N2.swc,interneuron,819,1.0000,1.0000
sholl_rf,neuromorpho__CONTROL-3-N3.swc,interneuron,532,1.0000,1.0000
sholl_rf,neuromorpho__control-4-N5_1.swc,interneuron,669,1.0000,1.0000
sholl_rf,neuromorpho__CONTROL-4-N6.swc,interneuron,1319,1.0000,1.0000
sholl_rf,neuromorpho__CONTROL-6-N1.swc,interneuron,1522,1.0000,1.0000
sholl_rf,neuromorpho__CONTROL-6-N3.swc,interneuron,1797,1.0000,1.0000
sholl_rf,neuromorpho__CONTROL-6-N3_1.swc,interneuron,2653,1.0000,1.0000
sholl_rf,neuromorpho__dCH-cobalt.swc,interneuron,6167,0.0517,0.0490
sholl_rf,neuromorpho__Delayed17_2089_biocytin.swc,interneuron,4543,1.0000,1.0000
sholl_rf,neuromorpho__Delayed18_2477_biocytin.swc,interneuron,1251,1.0000,1.0000
sholl_rf,neuromorpho__Diego-02-27-13-BR.swc,interneuron,27082,1.0000,1.0000
sholl_rf,neuromorpho__dIN-000516-nrn-ns-100624-transl-invX-scaled-straightened.swc,interneuron,80,0.6625,0.3969
sholl_rf,neuromorpho__dIN-1436-nrn-ns-100901-transl-invX-scaled-straightened.swc,interneuron,98,0.0102,0.0000
sholl_rf,neuromorpho__dIN-446-nrn-ns-100408-transl-invX-scaled-straightened.swc,interneuron,64,1.0000,1.0000
sholl_rf,neuromorpho__dlc-1367-nrn-ns-110116-combined-transl-invX-scaled-straightened.swc,interneuron,128,0.2422,0.1911
sholl_rf,neuromorpho__dysk-10.swc,interneuron,2183,1.0000,1.0000
sholl_rf,neuromorpho__dysk-11.swc,interneuron,1811,1.0000,1.0000
sholl_rf,neuromorpho__dysk-13.swc,interneuron,2937,1.0000,1.0000
sholl_rf,neuromorpho__dysk-14.swc,interneuron,2210,1.0000,1.0000
sholl_rf,neuromorpho__dysk-19.swc,interneuron,1601,1.0000,1.0000
sholl_rf,neuromorpho__dysk-4.swc,interneuron,1870,1.0000,1.0000
sholl_rf,neuromorpho__dysk-9-GT1.swc,interneuron,1204,1.0000,1.0000
sholl_rf,neuromorpho__exp-5-59-188-1006.swc,interneuron,7084,1.0000,1.0000
sholl_rf,neuromorpho__exp-5-59-188-1014.swc,interneuron,4506,1.0000,1.0000
sholl_rf,neuromorpho__exp-5-59-188-1015.swc,interneuron,3857,1.0000,1.0000
sholl_rf,neuromorpho__exp-5-59-Scr-1004.swc,interneuron,2445,1.0000,1.0000
sholl_rf,neuromorpho__exp-5-59-Scr-1010.swc,interneuron,1777,1.0000,1.0000
sholl_rf,neuromorpho__exp-5-59-Scr-1013.swc,interneuron,3554,1.0000,1.0000
sholl_rf,neuromorpho__EXP-5_67-188-1003.swc,interneuron,1051,1.0000,1.0000
sholl_rf,neuromorpho__EXP-5_67-188-1004.swc,interneuron,4681,1.0000,1.0000
sholl_rf,neuromorpho__EXP-5_67-Scr-1004.swc,interneuron,2288,1.0000,1.0000
sholl_rf,neuromorpho__EXP-5_67-Scr-1010.swc,interneuron,2036,1.0000,1.0000
sholl_rf,neuromorpho__EXP-5_67-Scr-1011.swc,interneuron,1607,1.0000,1.0000
sholl_rf,neuromorpho__Fig1b_140312-1rm6_int.swc,interneuron,61212,1.0000,1.0000
sholl_rf,neuromorpho__Fig1f_140909-2mg_int.swc,interneuron,30815,1.0000,1.0000
sholl_rf,neuromorpho__Fig2a_cell2_1404163rm.swc,interneuron,10848,1.0000,1.0000
sholl_rf,neuromorpho__Fig2a_cell5_141009_2og.swc,interneuron,7949,1.0000,1.0000
sholl_rf,neuromorpho__Fig4A331co2_NL_50mu.swc,interneuron,2633,1.0000,1.0000
sholl_rf,neuromorpho__Fig4C443co4_top_NL_50mu.swc,interneuron,1146,0.4616,0.3156
sholl_rf,neuromorpho__Gad2-IRES-Cre_Ai14-324791-03-02-02_648138988_m.swc,interneuron,9203,1.0000,1.0000
sholl_rf,neuromorpho__GGB-01-10-2019-2-R532.swc,interneuron,78363,1.0000,1.0000
sholl_rf,neuromorpho__GGB-7-24-15-1R.swc,interneuron,24074,1.0000,1.0000
sholl_rf,neuromorpho__H17-06-003-11-03-03_694168884_m.swc,interneuron,30285,1.0000,1.0000
sholl_rf,neuromorpho__H17-06-006-11-10-03_639632757_m.swc,interneuron,8684,1.0000,1.0000
sholl_rf,neuromorpho__H17-06-013-12-03-01_681002938_m.swc,interneuron,4016,1.0000,1.0000
sholl_rf,neuromorpho__Hcell13-set-2.swc,interneuron,2107,1.0000,1.0000
sholl_rf,neuromorpho__Hcell16-set-2.swc,interneuron,3641,1.0000,1.0000
sholl_rf,neuromorpho__Hcell2.swc,interneuron,3119,1.0000,1.0000
sholl_rf,neuromorpho__Hcell7.swc,interneuron,1551,1.0000,1.0000
sholl_rf,neuromorpho__hdINE-208-1-2-nrn-ns-120110-transl-invX-scaled-straightened.swc,interneuron,53,0.5472,1.0000
sholl_rf,neuromorpho__het-10.swc,interneuron,308,0.6039,0.3760
sholl_rf,neuromorpho__het-7.swc,interneuron,660,0.5530,0.3558
sholl_rf,neuromorpho__HFF1_4125_neurobiotin.swc,interneuron,4500,1.0000,1.0000
sholl_rf,neuromorpho__homo-3.swc,interneuron,2338,1.0000,1.0000
sholl_rf,neuromorpho__homo-6.swc,interneuron,1661,1.0000,1.0000
sholl_rf,neuromorpho__homo-7.swc,interneuron,2137,0.8067,0.7353
sholl_rf,neuromorpho__homo-9.swc,interneuron,1178,0.4194,0.2952
sholl_rf,neuromorpho__Htr3a-Cre_NO152_Pvalb-T2A-Dre_Ai66-313949-04-02-01_671531778_m.swc,interneuron,15218,1.0000,1.0000
sholl_rf,neuromorpho__I_1_39.swc,interneuron,29675,1.0000,1.0000
sholl_rf,neuromorpho__I_1_53.swc,interneuron,25730,1.0000,1.0000
sholl_rf,neuromorpho__I_1_65.swc,interneuron,18241,1.0000,1.0000
sholl_rf,neuromorpho__I_1_7.swc,interneuron,15305,1.0000,1.0000
sholl_rf,neuromorpho__I_2_42.swc,interneuron,52104,0.8877,0.5988
sholl_rf,neuromorpho__I_2_8.swc,interneuron,22241,1.0000,1.0000
sholl_rf,neuromorpho__interneuronEX.swc,interneuron,7317,1.0000,1.0000
sholl_rf,neuromorpho__j161128s1c7-rotated.swc,interneuron,35399,1.0000,1.0000
sholl_rf,neuromorpho__j161128s2c6-rotated.swc,interneuron,11686,1.0000,1.0000
sholl_rf,neuromorpho__J31a.swc,interneuron,5997,1.0000,1.0000
sholl_rf,neuromorpho__jy190506_B_idC.swc,interneuron,12883,0.9819,0.4954
sholl_rf,neuromorpho__L1R4_05_-390.swc,interneuron,129,1.0000,1.0000
sholl_rf,neuromorpho__L1R4_06_-615.swc,interneuron,155,1.0000,1.0000
sholl_rf,neuromorpho__L1R4_07_-240.swc,interneuron,133,1.0000,1.0000
sholl_rf,neuromorpho__L2R5_01_-550.swc,interneuron,231,1.0000,1.0000
sholl_rf,neuromorpho__L2R5_01_-585.swc,interneuron,384,1.0000,1.0000
sholl_rf,neuromorpho__L2R5_06_-360.swc,interneuron,327,1.0000,1.0000
sholl_rf,neuromorpho__L2R5_06_-525.swc,interneuron,249,1.0000,1.0000
sholl_rf,neuromorpho__L2R5_07_-345.swc,interneuron,181,1.0000,1.0000
sholl_rf,neuromorpho__L3R4_01_-315.swc,interneuron,194,1.0000,1.0000
sholl_rf,neuromorpho__L3R4_01_-525.swc,interneuron,731,1.0000,1.0000
sholl_rf,neuromorpho__L3R4_02_-240.swc,interneuron,215,1.0000,1.0000
sholl_rf,neuromorpho__L3R4_03_-330.swc,interneuron,311,1.0000,1.0000
sholl_rf,neuromorpho__L3R4_05_-240.swc,interneuron,380,1.0000,1.0000
sholl_rf,neuromorpho__L3R4_05_-300.swc,interneuron,851,1.0000,1.0000
sholl_rf,neuromorpho__L3R4_06_-150.swc,interneuron,345,1.0000,1.0000
sholl_rf,neuromorpho__L3R4_06_-195.swc,interneuron,423,1.0000,1.0000
sholl_rf,neuromorpho__L3R4_06_-450.swc,interneuron,287,1.0000,1.0000
sholl_rf,neuromorpho__L5FS4.swc,interneuron,1660,1.0000,1.0000
sholl_rf,neuromorpho__M282Ecel1.swc,interneuron,1353,1.0000,1.0000
sholl_rf,neuromorpho__M67_F2_a.swc,interneuron,596,1.0000,1.0000
sholl_rf,neuromorpho__M720Ecel1.swc,interneuron,3105,1.0000,1.0000
sholl_rf,neuromorpho__M723Spp1.swc,interneuron,871,1.0000,1.0000
sholl_rf,neuromorpho__M727.swc,interneuron,1906,1.0000,1.0000
sholl_rf,neuromorpho__M82_F2_S1.swc,interneuron,415,1.0000,1.0000
sholl_rf,neuromorpho__M_F_10.swc,interneuron,18607,1.0000,1.0000
sholl_rf,neuromorpho__M_F_2.swc,interneuron,22325,1.0000,1.0000
sholl_rf,neuromorpho__n255.swc,interneuron,2074,0.8563,1.0000
sholl_rf,neuromorpho__n260.swc,interneuron,700,0.4786,0.3233
sholl_rf,neuromorpho__NAS3.swc,interneuron,1291,1.0000,1.0000
sholl_rf,neuromorpho__NAS5.swc,interneuron,1254,1.0000,1.0000
sholl_rf,neuromorpho__NAS7.swc,interneuron,1345,1.0000,1.0000
sholl_rf,neuromorpho__Ndnf-IRES2-dgCre_Ai14-306261-05-02-01_591276334_m.swc,interneuron,15925,1.0000,1.0000
sholl_rf,neuromorpho__NGFC_160209_1M.swc,interneuron,8767,1.0000,1.0000
sholl_rf,neuromorpho__NGFC_160324_1M.swc,interneuron,25296,1.0000,1.0000
sholl_rf,neuromorpho__NGFC_171116_4.swc,interneuron,17166,0.9429,0.8283
sholl_rf,neuromorpho__Nkx2-1-CreERT2_Ai14-_IVSCC_-294488-04-02-01_649553736_m.swc,interneuron,14791,1.0000,1.0000
sholl_rf,neuromorpho__Nos1-CreERT2_Ai14_BT_-251975-06-01-01_563819177_m.swc,interneuron,16660,1.0000,1.0000
sholl_rf,neuromorpho__Nos1-CreERT2_Ai14_BT_-260226-04-02-01_596793240_m.swc,interneuron,10703,1.0000,1.0000
sholl_rf,neuromorpho__Nos1-CreERT2_Ai14_BT_-286854-04-01-01_596793070_m.swc,interneuron,15550,1.0000,1.0000
sholl_rf,neuromorpho__Nos1-CreERT2_Sst-IRES-FlpO_Ai65-271577-05-02-01_601947916_m.swc,interneuron,12545,1.0000,1.0000
sholl_rf,neuromorpho__Oxtr-2A-Cre_Ai14-293841-05-02-01_614432108_m.swc,interneuron,16820,1.0000,1.0000
sholl_rf,neuromorpho__P110715-02-BC.swc,interneuron,999,1.0000,1.0000
sholl_rf,neuromorpho__p110715-04-BC.swc,interneuron,2202,1.0000,1.0000
sholl_rf,neuromorpho__P111106-02-BC.swc,interneuron,2443,1.0000,1.0000
sholl_rf,neuromorpho__P111123-01-AAC.swc,interneuron,2647,1.0000,1.0000
sholl_rf,neuromorpho__P111123-03-AAC.swc,interneuron,1120,1.0000,1.0000
sholl_rf,neuromorpho__P111123-04n1-AAC.swc,interneuron,1233,1.0000,1.0000
sholl_rf,neuromorpho__P111123-04n2-AAC.swc,interneuron,1300,1.0000,1.0000
sholl_rf,neuromorpho__p120116-03-AAC.swc,interneuron,589,1.0000,1.0000
sholl_rf,neuromorpho__p73_vGluT2-ctrl_IN08.swc,interneuron,830,1.0000,1.0000
sholl_rf,neuromorpho__p73_vGluT2-ctrl_IN12.swc,interneuron,765,1.0000,1.0000
sholl_rf,neuromorpho__p73_vGluT2-ctrl_IN18.swc,interneuron,511,1.0000,1.0000
sholl_rf,neuromorpho__p73_vGluT2-KO_IN03.swc,interneuron,281,1.0000,1.0000
sholl_rf,neuromorpho__p73_vGluT2-KO_IN05.swc,interneuron,520,1.0000,1.0000
sholl_rf,neuromorpho__p73_vGluT2-KO_IN08.swc,interneuron,817,1.0000,1.0000
sholl_rf,neuromorpho__P_F_3.swc,interneuron,38607,1.0000,1.0000
sholl_rf,neuromorpho__P_F_6.swc,interneuron,31739,1.0000,1.0000
sholl_rf,neuromorpho__pair01-09-11-C-final1.swc,interneuron,2330,1.0000,1.0000
sholl_rf,neuromorpho__PDE1c_vGluT2-ctrl_IN01.swc,interneuron,574,1.0000,1.0000
sholl_rf,neuromorpho__PDE1c_vGluT2-ctrl_IN03.swc,interneuron,551,1.0000,1.0000
sholl_rf,neuromorpho__PDE1c_vGluT2-ctrl_IN08.swc,interneuron,259,1.0000,1.0000
sholl_rf,neuromorpho__PDE1c_vGluT2-ctrl_IN18.swc,interneuron,614,1.0000,1.0000
sholl_rf,neuromorpho__PDE1c_vGluT2-ctrl_IN20.swc,interneuron,455,1.0000,1.0000
sholl_rf,neuromorpho__PDE1c_vGluT2-ctrl_IN26.swc,interneuron,446,1.0000,1.0000
sholl_rf,neuromorpho__PDE1c_vGluT2-ctrl_IN33.swc,interneuron,529,1.0000,1.0000
sholl_rf,neuromorpho__PDE1c_vGluT2-ctrl_IN34.swc,interneuron,507,1.0000,1.0000
sholl_rf,neuromorpho__PDE1c_vGluT2-ctrl_IN35.swc,interneuron,737,1.0000,1.0000
sholl_rf,neuromorpho__PDE1c_vGluT2-KO_IN01.swc,interneuron,338,1.0000,1.0000
sholl_rf,neuromorpho__PDE1c_vGluT2-KO_IN05.swc,interneuron,879,1.0000,1.0000
sholl_rf,neuromorpho__PDE1c_vGluT2-KO_IN06.swc,interneuron,604,1.0000,1.0000
sholl_rf,neuromorpho__PDE1c_vGluT2-KO_IN07.swc,interneuron,691,1.0000,1.0000
sholl_rf,neuromorpho__PDE1c_vGluT2-KO_IN14.swc,interneuron,261,1.0000,1.0000
sholl_rf,neuromorpho__PDE1c_vGluT2-KO_IN23.swc,interneuron,455,1.0000,1.0000
sholl_rf,neuromorpho__PDE1c_vGluT2-KO_IN33.swc,interneuron,968,1.0000,1.0000
sholl_rf,neuromorpho__PDE1c_vGluT2-KO_IN38.swc,interneuron,784,1.0000,1.0000
sholl_rf,neuromorpho__PDE1c_vGluT2-KO_IN42.swc,interneuron,691,1.0000,1.0000
sholl_rf,neuromorpho__PFC-20140312B_Analysis.swc,interneuron,15042,1.0000,1.0000
sholl_rf,neuromorpho__PFC07072016D_Analysis.swc,interneuron,22362,1.0000,1.0000
sholl_rf,neuromorpho__PFC13022019C_Analysis.swc,interneuron,11581,1.0000,1.0000
sholl_rf,neuromorpho__PFC160308A_Analysis.swc,interneuron,20183,1.0000,1.0000
sholl_rf,neuromorpho__PFC160621A_Analysis.swc,interneuron,72435,1.0000,1.0000
sholl_rf,neuromorpho__PSD24-F2b-S1.swc,interneuron,464,1.0000,1.0000
sholl_rf,neuromorpho__PSD29-F1-S1.swc,interneuron,655,1.0000,1.0000
sholl_rf,neuromorpho__Pvalb-IRES-Cre_Ai14-198335-04-01-01_653182186_m.swc,interneuron,10340,1.0000,1.0000
sholl_rf,neuromorpho__Pvalb-IRES-Cre_Ai14-296193-03-01-02_650175812_m.swc,interneuron,18692,1.0000,1.0000
sholl_rf,neuromorpho__Pvalb-IRES-Cre_Ai14-296193-04-01-01_596792650_m.swc,interneuron,32682,1.0000,1.0000
sholl_rf,neuromorpho__Pvalb-IRES-Cre_Ai14-305768-04-02-01_656999337_m.swc,interneuron,15273,1.0000,1.0000
sholl_rf,neuromorpho__retina1_petal1_n4.swc,interneuron,4954,1.0000,1.0000
sholl_rf,neuromorpho__retina1_petal3_n11.swc,interneuron,9242,1.0000,1.0000
sholl_rf,neuromorpho__retina1_petal3_n12.swc,interneuron,5797,1.0000,1.0000
sholl_rf,neuromorpho__retina1_petal3_n5.swc,interneuron,9398,1.0000,1.0000
sholl_rf,neuromorpho__retina1_petal3_n8.swc,interneuron,10023,1.0000,1.0000
sholl_rf,neuromorpho__retina2_n3.swc,interneuron,10098,1.0000,1.0000
sholl_rf,neuromorpho__retina2_n4.swc,interneuron,8420,1.0000,1.0000
sholl_rf,neuromorpho__retina3_n1.swc,interneuron,7499,1.0000,1.0000
sholl_rf,neuromorpho__retina3_n6.swc,interneuron,7764,1.0000,1.0000
sholl_rf,neuromorpho__retina4_petal1_n12.swc,interneuron,8692,1.0000,1.0000
sholl_rf,neuromorpho__retina4_petal1_n4.swc,interneuron,7363,1.0000,1.0000
sholl_rf,neuromorpho__retina4_petal1_n8.swc,interneuron,7246,1.0000,1.0000
sholl_rf,neuromorpho__retina4_petal2_n2.swc,interneuron,9905,1.0000,1.0000
sholl_rf,neuromorpho__retina4_petal3_n12.swc,interneuron,8161,1.0000,1.0000
sholl_rf,neuromorpho__retina4_petal3_n5.swc,interneuron,7824,1.0000,1.0000
sholl_rf,neuromorpho__retina4_petal3_n8.swc,interneuron,8774,1.0000,1.0000
sholl_rf,neuromorpho__retina4_petal4_n2.swc,interneuron,7809,1.0000,1.0000
sholl_rf,neuromorpho__retina4_petal4_n7.swc,interneuron,10288,1.0000,1.0000
sholl_rf,neuromorpho__retina5_petal1_n1.swc,interneuron,6811,1.0000,1.0000
sholl_rf,neuromorpho__retina5_petal1_n7.swc,interneuron,8453,1.0000,1.0000
sholl_rf,neuromorpho__retina5_petal2_n2.swc,interneuron,8403,1.0000,1.0000
sholl_rf,neuromorpho__retina5_petal3_n5.swc,interneuron,6920,1.0000,1.0000
sholl_rf,neuromorpho__retina5_petal3_n6.swc,interneuron,8290,1.0000,1.0000
sholl_rf,neuromorpho__retina5_petal3_n7.swc,interneuron,11725,1.0000,1.0000
sholl_rf,neuromorpho__retina5_petal3_n9.swc,interneuron,6120,1.0000,1.0000
sholl_rf,neuromorpho__retina5_petal4_n1.swc,interneuron,7959,1.0000,1.0000
sholl_rf,neuromorpho__retina5_petal4_n2.swc,interneuron,3100,0.4987,0.3327
sholl_rf,neuromorpho__retina5_petal4_n7.swc,interneuron,5407,1.0000,1.0000
sholl_rf,neuromorpho__retina6_petal1_n8.swc,interneuron,5813,1.0000,1.0000
sholl_rf,neuromorpho__retina6_petal2_n2.swc,interneuron,5041,1.0000,1.0000
sholl_rf,neuromorpho__retina7_petal2_n2.swc,interneuron,4896,1.0000,1.0000
sholl_rf,neuromorpho__retina7_petal3_n7.swc,interneuron,1943,0.5605,0.3591
sholl_rf,neuromorpho__retina7_petal3_n9.swc,interneuron,5003,1.0000,1.0000
sholl_rf,neuromorpho__retina7_petal4_n1.swc,interneuron,4173,0.5533,0.3562
sholl_rf,neuromorpho__retina7_petal4_n4.swc,interneuron,7071,1.0000,1.0000
sholl_rf,neuromorpho__retina7_petal4_n6.swc,interneuron,6749,1.0000,1.0000
sholl_rf,neuromorpho__retina7_petal4_n7.swc,interneuron,9533,1.0000,1.0000
sholl_rf,neuromorpho__RG2-F9-cell1.swc,interneuron,600,1.0000,1.0000
sholl_rf,neuromorpho__RG3-F1.swc,interneuron,1105,1.0000,1.0000
sholl_rf,neuromorpho__rotated_CR-0319a_ax2.swc,interneuron,30987,1.0000,1.0000
sholl_rf,neuromorpho__S2979-x1-25.swc,interneuron,12792,1.0000,1.0000
sholl_rf,neuromorpho__S3117_20140612-x1-25.swc,interneuron,8936,1.0000,1.0000
sholl_rf,neuromorpho__sc308.swc,interneuron,297,1.0000,1.0000
sholl_rf,neuromorpho__sec-12.swc,interneuron,358,0.7765,0.4369
sholl_rf,neuromorpho__sec-13.swc,interneuron,289,0.3979,0.2836
sholl_rf,neuromorpho__SM080618A2.swc,interneuron,14569,1.0000,1.0000
sholl_rf,neuromorpho__SST2A-GFP-SST-VGLUT2-cell-3.swc,interneuron,123,1.0000,1.0000
sholl_rf,neuromorpho__SST2A-GFP-SST-VGLUT2-cell-4.swc,interneuron,132,1.0000,1.0000
sholl_rf,neuromorpho__STRESS-1-N3_1.swc,interneuron,356,1.0000,1.0000
sholl_rf,neuromorpho__STRESS-1-N4.swc,interneuron,338,1.0000,1.0000
sholl_rf,neuromorpho__STRESS-1-N4_1.swc,interneuron,664,1.0000,1.0000
sholl_rf,neuromorpho__STRESS-1-N5_1.swc,interneuron,602,1.0000,1.0000
sholl_rf,neuromorpho__STRESS-2-N2.swc,interneuron,1069,1.0000,1.0000
sholl_rf,neuromorpho__STRESS-2-N4_1.swc,interneuron,1211,1.0000,1.0000
sholl_rf,neuromorpho__STRESS-2-N7_1.swc,interneuron,544,1.0000,1.0000
sholl_rf,neuromorpho__STRESS-3-N1.swc,interneuron,991,1.0000,1.0000
sholl_rf,neuromorpho__STRESS-3-N4.swc,interneuron,1371,1.0000,1.0000
sholl_rf,neuromorpho__STRESS-4-N1.swc,interneuron,702,1.0000,1.0000
sholl_rf,neuromorpho__STRESS-4-N3.swc,interneuron,455,1.0000,1.0000
sholl_rf,neuromorpho__STRESS-5-N2.swc,interneuron,788,1.0000,1.0000
sholl_rf,neuromorpho__STRESS-5-N5.swc,interneuron,687,1.0000,1.0000
sholl_rf,neuromorpho__STRESS-6-N2_1.swc,interneuron,1958,1.0000,1.0000
sholl_rf,neuromorpho__STRESS-7-N6.swc,interneuron,1818,1.0000,1.0000
sholl_rf,neuromorpho__T44a.swc,interneuron,4278,1.0000,1.0000
sholl_rf,neuromorpho__T75.swc,interneuron,2112,1.0000,1.0000
sholl_rf,neuromorpho__TDI21301009_cell5_L6_pia_WM.swc,interneuron,7179,1.0000,1.0000
sholl_rf,neuromorpho__TDI21301010_Cell6_pia.swc,interneuron,12183,1.0000,1.0000
sholl_rf,neuromorpho__TDI21301012_Cell11_pia.swc,interneuron,18817,1.0000,1.0000
sholl_rf,neuromorpho__TDI21301012_Cell1_pia.swc,interneuron,23328,1.0000,1.0000
sholl_rf,neuromorpho__TDI21301013_cell2_spines_pia.swc,interneuron,27195,1.0000,1.0000
sholl_rf,neuromorpho__TDI21301015_Cell1_pia.swc,interneuron,22332,1.0000,1.0000
sholl_rf,neuromorpho__TDI21301019_Cell3_spine_pia.swc,interneuron,14471,1.0000,1.0000
sholl_rf,neuromorpho__TDI21302012_cell3_pia.swc,interneuron,14049,1.0000,1.0000
sholl_rf,neuromorpho__Tile1-2_12N5-8162019-b-tile2fcfc2-2a.swc,interneuron,2872,1.0000,1.0000
sholl_rf,neuromorpho__TileScan-5_Merged_12N7-8162019_fcfc3a.swc,interneuron,751,1.0000,1.0000
sholl_rf,neuromorpho__TM-10-02-15-AR.swc,interneuron,45789,1.0000,1.0000
sholl_rf,neuromorpho__TM-12-19-13-DR.swc,interneuron,9279,0.7558,1.0000
sholl_rf,neuromorpho__TT-3-20-14-1R.swc,interneuron,30744,1.0000,1.0000
sholl_rf,neuromorpho__Vip-IRES-Cre_Ai14-287858-04-01-01_596793095_m.swc,interneuron,13697,1.0000,1.0000
sholl_rf,neuromorpho__Vip-IRES-Cre_Ai14-294013-04-02-01_591275914_m.swc,interneuron,8105,1.0000,1.0000
sholl_rf,neuromorpho__VIP_170223_1A.swc,interneuron,6997,1.0000,1.0000
sholl_rf,neuromorpho__Vipr2-IRES2-Cre_Ai14-316908-04-02-01_648577094_m.swc,interneuron,19130,1.0000,1.0000
sholl_rf,neuromorpho__Vipr2-IRES2-Cre_Pvalb-T2A-FlpO_Ai65-344474-05-01-01_645075400_m.swc,interneuron,14474,1.0000,1.0000
sholl_rf,neuromorpho__Vipr2-IRES2-Cre_Slc32a1-T2A-FlpO_Ai65-315067-04-02-01_610886090_m.swc,interneuron,8241,1.0000,1.0000
sholl_rf,neuromorpho__Vipr2-IRES2-Cre_Slc32a1-T2A-FlpO_Ai65-315067-05-02-01_610886173_m.swc,interneuron,10490,1.0000,1.0000
sholl_rf,neuromorpho__Vipr2-IRES2-Cre_Slc32a1-T2A-FlpO_Ai65-315072-05-01-01_638976782_m.swc,interneuron,14339,1.0000,1.0000
sholl_rf,neuromorpho__VS1-cobalt.swc,interneuron,1007,0.9235,0.4801
sholl_rf,neuromorpho__VS4-cobalt.swc,interneuron,989,0.8797,0.4680
sholl_rf,neuromorpho__Wang_Lefebvre_Cell26.swc,interneuron,6102,0.6449,0.3920
sholl_rf,neuromorpho__Wang_Lefebvre_Cell4.swc,interneuron,9405,1.0000,1.0000
sholl_rf,neuromorpho__YG-03-01-18-2-R-390-quant.swc,interneuron,9837,1.0000,1.0000
sholl_rf,neuromorpho__Zs201221-01_dors_20x_onlydendrites.swc,interneuron,1617,1.0000,1.0000
sholl_rf,neuromorpho__Zs201221-01_ventral_20x_onlydendrites.swc,interneuron,1717,1.0000,1.0000
sholl_rf,neuromorpho__Zs201221-02_ventral_20x_onlydendrites.swc,interneuron,2423,1.0000,1.0000
sholl_rf,neuromorpho__Zs201222-02_ventral_medial_20x_onlydendrites.swc,interneuron,1168,1.0000,1.0000
sholl_rf,neuromorpho__Zs210113-0302_ventral_onlydendrites.swc,interneuron,812,1.0000,1.0000
sholl_mlp,allen__H16.03.006.01.03.04_537313600.swc,pyramidal,25936,0.7126,0.5884
sholl_mlp,allen__H16.03.008.11.11.02_542137330.swc,pyramidal,8238,0.5418,0.4705
sholl_mlp,allen__H16.06.004.01.04.03_508282493.swc,pyramidal,10880,0.4825,0.5005
sholl_mlp,allen__H16.06.010.01.01.10.02_529898751.swc,pyramidal,22644,0.7254,0.4817
sholl_mlp,allen__H17.03.002.11.04.04_569844159.swc,pyramidal,5107,1.0000,1.0000
sholl_mlp,allen__H17.03.010.11.13.06_601958555.swc,pyramidal,10449,0.5882,0.5010
sholl_mlp,allen__H17.06.005.12.15.04_571471295.swc,pyramidal,17244,0.8082,0.5048
sholl_mlp,allen__H17.06.005.12.16.03_571527806.swc,pyramidal,8165,0.5973,0.2971
sholl_mlp,allen__H17.06.005.13.05.06_571500474.swc,pyramidal,5576,0.8309,0.6064
sholl_mlp,allen__H17.06.006.11.08.02_571624532.swc,pyramidal,26161,1.0000,1.0000
sholl_mlp,hpf_ca1__201983_012_edited.swc,pyramidal,9410,0.9942,0.9886
sholl_mlp,hpf_ca1__201990_029_edited.swc,pyramidal,74990,1.0000,1.0000
sholl_mlp,hpf_ca1__202217_014_edited.swc,pyramidal,31115,1.0000,1.0000
sholl_mlp,hpf_ca1__202217_020_edited.swc,pyramidal,33093,1.0000,1.0000
sholl_mlp,hpf_ca1__202217_022_edited.swc,pyramidal,13624,1.0000,1.0000
sholl_mlp,hpf_ca1__202217_023_edited.swc,pyramidal,16882,1.0000,1.0000
sholl_mlp,hpf_ca1__202219_002_edited.swc,pyramidal,18678,1.0000,1.0000
sholl_mlp,hpf_ca1__202219_010_edited.swc,pyramidal,31281,0.9961,0.9689
sholl_mlp,hpf_ca1__202219_020_edited.swc,pyramidal,47591,0.9518,0.7879
sholl_mlp,hpf_ca1__202219_028_edited.swc,pyramidal,81215,0.9384,0.6774
sholl_mlp,hpf_ca1__202219_031_edited.swc,pyramidal,15259,1.0000,1.0000
sholl_mlp,hpf_ca1__202220_077_edited.swc,pyramidal,29822,0.9687,0.8847
sholl_mlp,hpf_ca1__202224_002_edited.swc,pyramidal,3065,0.7165,0.4174
sholl_mlp,hpf_ca1__202224_005_edited.swc,pyramidal,15471,0.6047,0.5750
sholl_mlp,hpf_ca1__202225_004_edited.swc,pyramidal,44311,1.0000,1.0000
sholl_mlp,hpf_ca1__202226_005_edited.swc,pyramidal,30905,1.0000,1.0000
sholl_mlp,hpf_ca1__202226_012_edited.swc,pyramidal,30380,1.0000,1.0000
sholl_mlp,hpf_ca1__202230_009_edited.swc,pyramidal,20282,1.0000,1.0000
sholl_mlp,hpf_ca1__202230_010_edited.swc,pyramidal,23971,1.0000,1.0000
sholl_mlp,hpf_ca1__202232_020_edited.swc,pyramidal,22249,1.0000,1.0000
sholl_mlp,hpf_ca1__202232_022_edited.swc,pyramidal,118347,1.0000,1.0000
sholl_mlp,hpf_ca1__202232_069_edited.swc,pyramidal,14507,0.9323,0.7532
sholl_mlp,hpf_ca1__202232_071_edited.swc,pyramidal,16712,0.9999,0.9997
sholl_mlp,hpf_ca1__202233_010_edited.swc,pyramidal,89353,1.0000,1.0000
sholl_mlp,hpf_ca1__202233_014_edited.swc,pyramidal,21401,1.0000,1.0000
sholl_mlp,hpf_ca1__202234_014_edited.swc,pyramidal,13715,1.0000,1.0000
sholl_mlp,hpf_ca1__202234_019_edited.swc,pyramidal,32901,1.0000,1.0000
sholl_mlp,hpf_ca1__202234_026_edited.swc,pyramidal,105116,1.0000,1.0000
sholl_mlp,hpf_ca1__202237_014_edited.swc,pyramidal,82589,1.0000,1.0000
sholl_mlp,hpf_ca1__202237_022_edited.swc,pyramidal,37107,1.0000,1.0000
sholl_mlp,hpf_ca1__202237_028_edited.swc,pyramidal,29490,1.0000,1.0000
sholl_mlp,hpf_ca1__202237_030_edited.swc,pyramidal,37085,1.0000,1.0000
sholl_mlp,hpf_ca1__202237_148_edited.swc,pyramidal,20025,1.0000,1.0000
sholl_mlp,hpf_ca1__202237_155_edited.swc,pyramidal,48853,1.0000,1.0000
sholl_mlp,hpf_ca1__202238_010_edited.swc,pyramidal,40434,1.0000,1.0000
sholl_mlp,hpf_ca1__202238_011_edited.swc,pyramidal,31386,1.0000,1.0000
sholl_mlp,hpf_ca1__202238_016_edited.swc,pyramidal,19790,1.0000,1.0000
sholl_mlp,hpf_ca1__202238_020_edited.swc,pyramidal,57572,1.0000,1.0000
sholl_mlp,hpf_ca1__202238_037_edited.swc,pyramidal,30131,1.0000,1.0000
sholl_mlp,hpf_ca1__202239_001_edited.swc,pyramidal,102203,1.0000,1.0000
sholl_mlp,hpf_ca1__202239_002_edited.swc,pyramidal,53262,1.0000,1.0000
sholl_mlp,hpf_ca1__202239_003_edited.swc,pyramidal,66236,0.9722,0.8548
sholl_mlp,hpf_ca1__202240_013_edited.swc,pyramidal,61254,1.0000,1.0000
sholl_mlp,hpf_ca1__202240_017_edited.swc,pyramidal,41036,0.9818,0.8181
sholl_mlp,hpf_ca1__202240_021_edited.swc,pyramidal,18234,1.0000,1.0000
sholl_mlp,hpf_ca1__202240_038_edited.swc,pyramidal,33672,1.0000,1.0000
sholl_mlp,hpf_ca1__202240_041_edited.swc,pyramidal,56404,0.9806,0.8861
sholl_mlp,hpf_ca1__202241_005_edited.swc,pyramidal,22133,1.0000,1.0000
sholl_mlp,hpf_ca1__202241_012_edited.swc,pyramidal,12322,1.0000,1.0000
sholl_mlp,hpf_ca1__202242_002_edited.swc,pyramidal,29425,0.8533,0.6388
sholl_mlp,hpf_ca1__202242_004_edited.swc,pyramidal,11334,1.0000,1.0000
sholl_mlp,hpf_ca1__202242_006_edited.swc,pyramidal,25594,1.0000,1.0000
sholl_mlp,hpf_ca1__202243_005_edited.swc,pyramidal,31496,1.0000,1.0000
sholl_mlp,hpf_ca1__202243_010_edited.swc,pyramidal,20445,1.0000,1.0000
sholl_mlp,hpf_ca1__202243_015_edited.swc,pyramidal,6058,0.6134,0.5081
sholl_mlp,hpf_ca1__202244_004_edited.swc,pyramidal,18757,1.0000,1.0000
sholl_mlp,hpf_ca1__202244_005_edited.swc,pyramidal,16774,1.0000,1.0000
sholl_mlp,hpf_ca1__202244_019_edited.swc,pyramidal,2467,0.6494,0.5000
sholl_mlp,hpf_ca1__202246_001_edited.swc,pyramidal,32941,0.7561,0.6557
sholl_mlp,hpf_ca1__202246_024_edited.swc,pyramidal,61272,1.0000,1.0000
sholl_mlp,hpf_ca1__202246_025_edited.swc,pyramidal,31673,1.0000,1.0000
sholl_mlp,hpf_ca1__202248_016_edited.swc,pyramidal,14839,1.0000,1.0000
sholl_mlp,hpf_ca1__202248_022_edited.swc,pyramidal,13308,0.9999,0.9998
sholl_mlp,hpf_ca1__202248_024_edited.swc,pyramidal,24732,1.0000,1.0000
sholl_mlp,hpf_ca1__202249_008_edited.swc,pyramidal,24715,1.0000,1.0000
sholl_mlp,hpf_ca1__202250_004_edited.swc,pyramidal,30531,1.0000,1.0000
sholl_mlp,hpf_ca1__202252_002_edited.swc,pyramidal,25003,0.8555,0.4523
sholl_mlp,hpf_ca1__202252_010_edited.swc,pyramidal,11173,1.0000,1.0000
sholl_mlp,hpf_ca1__202258_033_edited.swc,pyramidal,32563,1.0000,1.0000
sholl_mlp,hpf_ca1__202259_054_edited.swc,pyramidal,26126,1.0000,1.0000
sholl_mlp,hpf_ca1__202259_063_edited.swc,pyramidal,85190,1.0000,1.0000
sholl_mlp,hpf_ca1__202259_070_edited.swc,pyramidal,55269,1.0000,1.0000
sholl_mlp,hpf_ca1__202259_079_edited.swc,pyramidal,54665,1.0000,1.0000
sholl_mlp,hpf_ca1__202259_108_edited.swc,pyramidal,37319,0.9962,0.9746
sholl_mlp,hpf_ca1__202261_006_edited.swc,pyramidal,48601,1.0000,1.0000
sholl_mlp,hpf_ca1__202261_023_edited.swc,pyramidal,38659,1.0000,1.0000
sholl_mlp,hpf_ca1__202261_116_edited.swc,pyramidal,27094,1.0000,1.0000
sholl_mlp,hpf_ca1__202264_036_edited.swc,pyramidal,45110,1.0000,1.0000
sholl_mlp,hpf_ca1__202266_009_edited.swc,pyramidal,37480,1.0000,1.0000
sholl_mlp,hpf_ca1__202271_141_edited.swc,pyramidal,64088,1.0000,1.0000
sholl_mlp,hpf_ca1__202271_146_edited.swc,pyramidal,15617,1.0000,1.0000
sholl_mlp,hpf_ca1__202271_179_edited.swc,pyramidal,22142,1.0000,1.0000
sholl_mlp,hpf_ca1__202272_102_edited.swc,pyramidal,43119,1.0000,1.0000
sholl_mlp,hpf_ca1__202273_055_edited.swc,pyramidal,41730,0.9617,0.7741
sholl_mlp,hpf_ca1__202274_087_edited.swc,pyramidal,20785,1.0000,1.0000
sholl_mlp,hpf_ca1__202274_093_edited.swc,pyramidal,35235,1.0000,1.0000
sholl_mlp,hpf_ca1__202274_126_edited.swc,pyramidal,8387,0.0748,0.1780
sholl_mlp,hpf_ca1__202392_001_edited.swc,pyramidal,34301,0.9697,0.5519
sholl_mlp,hpf_ca1__202392_002_edited.swc,pyramidal,62170,1.0000,1.0000
sholl_mlp,hpf_ca1__202393_002_edited.swc,pyramidal,59225,1.0000,1.0000
sholl_mlp,hpf_ca1__202396_035_edited.swc,pyramidal,48891,1.0000,1.0000
sholl_mlp,hpf_ca1__202396_051_edited.swc,pyramidal,44449,1.0000,1.0000
sholl_mlp,hpf_ca1__202396_173_edited.swc,pyramidal,75572,0.9744,0.5842
sholl_mlp,hpf_ca1__202396_184_edited.swc,pyramidal,45900,1.0000,1.0000
sholl_mlp,hpf_ca1__202399_012_edited.swc,pyramidal,47774,1.0000,1.0000
sholl_mlp,hpf_ca1__202400_008_edited.swc,pyramidal,18099,1.0000,1.0000
sholl_mlp,hpf_ca1__202400_018_edited.swc,pyramidal,74049,1.0000,1.0000
sholl_mlp,hpf_ca1__202400_033_edited.swc,pyramidal,66082,1.0000,1.0000
sholl_mlp,hpf_ca1__202400_049_edited.swc,pyramidal,14459,1.0000,1.0000
sholl_mlp,hpf_ca1__202400_117_edited.swc,pyramidal,21137,1.0000,1.0000
sholl_mlp,hpf_ca1__202401_144_edited.swc,pyramidal,50041,1.0000,1.0000
sholl_mlp,hpf_ca1__202401_205_edited.swc,pyramidal,68375,1.0000,1.0000
sholl_mlp,hpf_ca1__202401_229_edited.swc,pyramidal,63673,1.0000,1.0000
sholl_mlp,hpf_ca1__202402_015_edited.swc,pyramidal,40277,1.0000,1.0000
sholl_mlp,hpf_ca1__202402_016_edited.swc,pyramidal,15991,1.0000,1.0000
sholl_mlp,hpf_ca1__202402_025_edited.swc,pyramidal,52984,1.0000,1.0000
sholl_mlp,hpf_ca1__202402_054_edited.swc,pyramidal,42176,1.0000,1.0000
sholl_mlp,hpf_ca1__202403_125_edited.swc,pyramidal,85402,1.0000,1.0000
sholl_mlp,hpf_ca1__202403_126_edited.swc,pyramidal,104418,1.0000,1.0000
sholl_mlp,hpf_ca1__202403_129_edited.swc,pyramidal,119979,1.0000,1.0000
sholl_mlp,hpf_ca1__202404_038_edited.swc,pyramidal,95209,0.9834,0.8955
sholl_mlp,hpf_ca1__202404_041_edited.swc,pyramidal,53487,0.9928,0.9510
sholl_mlp,hpf_ca1__202409_001_edited.swc,pyramidal,60887,0.9769,0.8605
sholl_mlp,hpf_ca1__202409_003_edited.swc,pyramidal,23409,1.0000,1.0000
sholl_mlp,hpf_ca1__202410_002_edited.swc,pyramidal,27576,1.0000,1.0000
sholl_mlp,hpf_ca1__202410_008_edited.swc,pyramidal,18551,1.0000,1.0000
sholl_mlp,hpf_ca1__202410_011_edited.swc,pyramidal,46236,0.9700,0.6878
sholl_mlp,hpf_ca1__202410_017_edited.swc,pyramidal,26447,1.0000,1.0000
sholl_mlp,hpf_ca1__202411_004_edited.swc,pyramidal,17173,1.0000,1.0000
sholl_mlp,hpf_ca1__202411_007_edited.swc,pyramidal,18419,1.0000,1.0000
sholl_mlp,hpf_ca1__202412_006_edited.swc,pyramidal,9590,1.0000,1.0000
sholl_mlp,hpf_ca1__202412_007_edited.swc,pyramidal,78218,1.0000,1.0000
sholl_mlp,hpf_ca1__202412_009_edited.swc,pyramidal,36311,1.0000,1.0000
sholl_mlp,hpf_ca1__202412_013_edited.swc,pyramidal,38894,1.0000,1.0000
sholl_mlp,hpf_ca1__202413_061_edited.swc,pyramidal,77986,1.0000,1.0000
sholl_mlp,hpf_ca1__202414_008_edited.swc,pyramidal,81211,1.0000,1.0000
sholl_mlp,hpf_ca1__202414_260_edited.swc,pyramidal,31302,1.0000,1.0000
sholl_mlp,hpf_ca1__202414_448_edited.swc,pyramidal,98179,1.0000,1.0000
sholl_mlp,hpf_ca1__202414_533_edited.swc,pyramidal,90455,1.0000,1.0000
sholl_mlp,hpf_ca1__202414_540_edited.swc,pyramidal,62719,1.0000,1.0000
sholl_mlp,hpf_ca1__202415_026_edited.swc,pyramidal,81121,1.0000,1.0000
sholl_mlp,hpf_ca1__202415_035_edited.swc,pyramidal,39108,1.0000,1.0000
sholl_mlp,hpf_ca1__202417_006_edited.swc,pyramidal,36956,1.0000,1.0000
sholl_mlp,hpf_ca1__202417_047_edited.swc,pyramidal,12723,1.0000,1.0000
sholl_mlp,hpf_ca1__202422_010_edited.swc,pyramidal,15440,1.0000,1.0000
sholl_mlp,hpf_ca1__202423_003_edited.swc,pyramidal,62691,1.0000,1.0000
sholl_mlp,hpf_ca1__202423_004_edited.swc,pyramidal,31408,1.0000,1.0000
sholl_mlp,hpf_ca1__202423_009_edited.swc,pyramidal,48791,1.0000,1.0000
sholl_mlp,hpf_ca1__202423_013_edited.swc,pyramidal,45777,1.0000,1.0000
sholl_mlp,hpf_ca1__202423_018_edited.swc,pyramidal,12551,1.0000,1.0000
sholl_mlp,hpf_ca1__202423_033_edited.swc,pyramidal,59489,1.0000,1.0000
sholl_mlp,hpf_ca1__202426_023_edited.swc,pyramidal,21107,0.9085,0.7654
sholl_mlp,hpf_ca1__202426_024_edited.swc,pyramidal,17150,0.9458,0.8732
sholl_mlp,hpf_ca1__202426_025_edited.swc,pyramidal,29420,1.0000,1.0000
sholl_mlp,hpf_ca1__202426_026_edited.swc,pyramidal,17563,1.0000,1.0000
sholl_mlp,hpf_ca1__202426_044_edited.swc,pyramidal,62280,1.0000,1.0000
sholl_mlp,hpf_ca1__202426_054_edited.swc,pyramidal,31714,1.0000,1.0000
sholl_mlp,hpf_ca1__202426_055_edited.swc,pyramidal,104139,1.0000,1.0000
sholl_mlp,hpf_ca1__202426_098_edited.swc,pyramidal,45169,1.0000,1.0000
sholl_mlp,hpf_ca1__202426_132_edited.swc,pyramidal,64236,1.0000,1.0000
sholl_mlp,hpf_ca1__202427_048_edited.swc,pyramidal,51550,1.0000,1.0000
sholl_mlp,hpf_ca1__202427_096_edited.swc,pyramidal,3506,0.1917,0.5000
sholl_mlp,hpf_ca1__202427_143_edited.swc,pyramidal,84679,1.0000,1.0000
sholl_mlp,hpf_ca1__202428_004_edited.swc,pyramidal,41485,1.0000,1.0000
sholl_mlp,hpf_ca1__202428_037_edited.swc,pyramidal,42644,1.0000,1.0000
sholl_mlp,hpf_ca1__202461_009_edited.swc,pyramidal,55879,1.0000,1.0000
sholl_mlp,hpf_ca1__202461_027_edited.swc,pyramidal,51205,1.0000,1.0000
sholl_mlp,hpf_ca1__202497_009_edited.swc,pyramidal,66021,1.0000,1.0000
sholl_mlp,hpf_ca1__202497_020_edited.swc,pyramidal,32754,1.0000,1.0000
sholl_mlp,hpf_ca1__202497_022_edited.swc,pyramidal,43240,1.0000,1.0000
sholl_mlp,hpf_ca1__202498_003_edited.swc,pyramidal,32575,0.9620,0.5121
sholl_mlp,hpf_ca1__202498_021_edited.swc,pyramidal,51862,1.0000,1.0000
sholl_mlp,hpf_ca1__202499_016_edited.swc,pyramidal,34267,1.0000,1.0000
sholl_mlp,hpf_ca1__202499_017_edited.swc,pyramidal,22802,1.0000,1.0000
sholl_mlp,hpf_ca1__202499_020_edited.swc,pyramidal,48925,1.0000,1.0000
sholl_mlp,hpf_ca1__202500_003_edited.swc,pyramidal,58304,1.0000,1.0000
sholl_mlp,hpf_ca1__202500_006_edited.swc,pyramidal,26976,1.0000,1.0000
sholl_mlp,hpf_ca1__202500_007_edited.swc,pyramidal,37389,1.0000,1.0000
sholl_mlp,hpf_ca1__202501_017_edited.swc,pyramidal,48046,1.0000,1.0000
sholl_mlp,hpf_ca1__202501_019_edited.swc,pyramidal,48560,1.0000,1.0000
sholl_mlp,hpf_ca1__202503_021_edited.swc,pyramidal,79598,1.0000,1.0000
sholl_mlp,hpf_ca1__202503_024_edited.swc,pyramidal,95221,1.0000,1.0000
sholl_mlp,hpf_ca1__202503_036_edited.swc,pyramidal,51159,1.0000,1.0000
sholl_mlp,hpf_ca1__202506_008_edited.swc,pyramidal,45733,1.0000,1.0000
sholl_mlp,hpf_ca1__202506_039_edited.swc,pyramidal,66475,0.9741,0.5091
sholl_mlp,hpf_ca1__202508_003_edited.swc,pyramidal,46711,0.9673,0.7952
sholl_mlp,hpf_ca1__202508_010_edited.swc,pyramidal,53598,1.0000,1.0000
sholl_mlp,hpf_ca1__202544_027_edited.swc,pyramidal,99432,1.0000,1.0000
sholl_mlp,hpf_ca1__202567_002_edited.swc,pyramidal,31583,1.0000,1.0000
sholl_mlp,hpf_ca1__202567_006_edited.swc,pyramidal,15168,1.0000,1.0000
sholl_mlp,hpf_ca1__202567_011_edited.swc,pyramidal,19332,0.7295,0.6077
sholl_mlp,hpf_ca1__202664_003_edited.swc,pyramidal,16562,1.0000,1.0000
sholl_mlp,hpf_ca1__202666_014_edited.swc,pyramidal,12210,1.0000,1.0000
sholl_mlp,hpf_ca1__202668_014_edited.swc,pyramidal,16138,1.0000,1.0000
sholl_mlp,hpf_ca1__202668_018_edited.swc,pyramidal,19906,1.0000,1.0000
sholl_mlp,hpf_ca1__202668_019_edited.swc,pyramidal,29031,0.9713,0.5424
sholl_mlp,hpf_ca1__202668_023_edited.swc,pyramidal,17879,0.8932,0.8251
sholl_mlp,hpf_ca1__202669_007_edited.swc,pyramidal,36337,0.9657,0.5513
sholl_mlp,hpf_ca1__202669_010_edited.swc,pyramidal,70004,1.0000,1.0000
sholl_mlp,hpf_ca1__202669_011_edited.swc,pyramidal,47086,1.0000,1.0000
sholl_mlp,hpf_ca1__202669_013_edited.swc,pyramidal,20572,1.0000,1.0000
sholl_mlp,hpf_ca1__202669_017_edited.swc,pyramidal,28523,0.9670,0.5674
sholl_mlp,hpf_ca1__202674_003_edited.swc,pyramidal,17479,1.0000,1.0000
sholl_mlp,hpf_ca1__202674_009_edited.swc,pyramidal,26981,1.0000,1.0000
sholl_mlp,hpf_ca1__202674_013_edited.swc,pyramidal,58379,1.0000,1.0000
sholl_mlp,hpf_ca1__202674_035_edited.swc,pyramidal,45387,1.0000,1.0000
sholl_mlp,hpf_ca1__202679_007_edited.swc,pyramidal,87405,1.0000,1.0000
sholl_mlp,hpf_ca1__202679_024_edited.swc,pyramidal,22117,1.0000,1.0000
sholl_mlp,hpf_ca1__202679_026_edited.swc,pyramidal,23480,1.0000,1.0000
sholl_mlp,hpf_ca1__202680_005_edited.swc,pyramidal,43095,1.0000,1.0000
sholl_mlp,hpf_ca1__202680_013_edited.swc,pyramidal,16285,1.0000,1.0000
sholl_mlp,hpf_ca1__202680_015_edited.swc,pyramidal,16893,1.0000,1.0000
sholl_mlp,hpf_ca1__202680_018_edited.swc,pyramidal,30856,1.0000,1.0000
sholl_mlp,hpf_ca1__202680_025_edited.swc,pyramidal,43293,0.9189,0.9780
sholl_mlp,hpf_ca1__202680_030_edited.swc,pyramidal,27997,1.0000,1.0000
sholl_mlp,hpf_ca1__202680_031_edited.swc,pyramidal,20275,1.0000,1.0000
sholl_mlp,hpf_ca1__202681_018_edited.swc,pyramidal,12527,1.0000,1.0000
sholl_mlp,hpf_ca1__202682_004_edited.swc,pyramidal,56403,1.0000,1.0000
sholl_mlp,hpf_ca1__202682_007_edited.swc,pyramidal,13300,1.0000,1.0000
sholl_mlp,hpf_ca1__202682_014_edited.swc,pyramidal,18206,1.0000,1.0000
sholl_mlp,hpf_ca1__202682_015_edited.swc,pyramidal,38863,1.0000,1.0000
sholl_mlp,hpf_ca1__202682_018_edited.swc,pyramidal,18449,1.0000,1.0000
sholl_mlp,hpf_ca1__202682_019_edited.swc,pyramidal,13959,1.0000,1.0000
sholl_mlp,hpf_ca1__202803_002_edited.swc,pyramidal,58789,1.0000,1.0000
sholl_mlp,hpf_ca1__202807_027_edited.swc,pyramidal,100541,1.0000,1.0000
sholl_mlp,hpf_ca1__202807_028_edited.swc,pyramidal,38279,1.0000,1.0000
sholl_mlp,hpf_ca1__202809_005_edited.swc,pyramidal,42184,1.0000,1.0000
sholl_mlp,hpf_ca1__202829_024_edited.swc,pyramidal,13498,1.0000,1.0000
sholl_mlp,hpf_ca1__202829_027_edited.swc,pyramidal,18712,1.0000,1.0000
sholl_mlp,hpf_ca1__202829_049_edited.swc,pyramidal,46877,1.0000,1.0000
sholl_mlp,hpf_ca1__202829_085_edited.swc,pyramidal,53935,1.0000,1.0000
sholl_mlp,hpf_ca1__202829_091_edited.swc,pyramidal,20396,1.0000,1.0000
sholl_mlp,hpf_ca1__202829_094_edited.swc,pyramidal,20062,1.0000,1.0000
sholl_mlp,hpf_ca1__202829_110_edited.swc,pyramidal,14780,1.0000,1.0000
sholl_mlp,hpf_ca1__202831_005_edited.swc,pyramidal,54898,1.0000,1.0000
sholl_mlp,hpf_ca1__210009_021_edited.swc,pyramidal,19813,1.0000,1.0000
sholl_mlp,hpf_ca1__210009_025_edited.swc,pyramidal,31946,1.0000,1.0000
sholl_mlp,hpf_ca1__210013_013_edited.swc,pyramidal,53050,0.9977,0.8462
sholl_mlp,hpf_ca1__210014_017_edited.swc,pyramidal,62516,1.0000,1.0000
sholl_mlp,hpf_ca1__210014_024_edited.swc,pyramidal,56052,0.9780,0.5325
sholl_mlp,hpf_ca1__210014_033_edited.swc,pyramidal,73147,1.0000,1.0000
sholl_mlp,hpf_ca1__210014_035_edited.swc,pyramidal,22812,1.0000,1.0000
sholl_mlp,hpf_ca1__210014_050_edited.swc,pyramidal,25357,1.0000,1.0000
sholl_mlp,hpf_ca1__210014_061_edited.swc,pyramidal,45975,1.0000,1.0000
sholl_mlp,hpf_ca1__210014_069_edited.swc,pyramidal,17111,1.0000,1.0000
sholl_mlp,hpf_ca1__210014_070_edited.swc,pyramidal,12944,1.0000,1.0000
sholl_mlp,hpf_ca1__210107_014_edited.swc,pyramidal,25819,1.0000,1.0000
sholl_mlp,hpf_ca1__210107_018_edited.swc,pyramidal,19372,1.0000,1.0000
sholl_mlp,hpf_ca1__210107_026_edited.swc,pyramidal,17838,1.0000,1.0000
sholl_mlp,hpf_ca1__210107_029_edited.swc,pyramidal,12726,0.0650,0.3333
sholl_mlp,hpf_ca1__210107_034_edited.swc,pyramidal,23453,0.9093,0.4994
sholl_mlp,hpf_ca1__210107_053_edited.swc,pyramidal,15647,1.0000,1.0000
sholl_mlp,hpf_ca1__210109_005_edited.swc,pyramidal,66088,1.0000,1.0000
sholl_mlp,hpf_ca1__210109_012_edited.swc,pyramidal,24637,1.0000,1.0000
sholl_mlp,hpf_ca1__210109_015_edited.swc,pyramidal,23982,0.9488,0.5921
sholl_mlp,hpf_ca1__210109_025_edited.swc,pyramidal,16445,1.0000,1.0000
sholl_mlp,hpf_ca1__210109_032_edited.swc,pyramidal,53443,1.0000,1.0000
sholl_mlp,hpf_ca1__210110_003_edited.swc,pyramidal,26920,1.0000,1.0000
sholl_mlp,hpf_ca1__210110_008_edited.swc,pyramidal,15109,1.0000,1.0000
sholl_mlp,hpf_ca1__210110_013_edited.swc,pyramidal,19400,1.0000,1.0000
sholl_mlp,hpf_ca1__210110_034_edited.swc,pyramidal,21694,1.0000,1.0000
sholl_mlp,hpf_ca1__210110_047_edited.swc,pyramidal,12428,1.0000,1.0000
sholl_mlp,hpf_ca1__210110_054_edited.swc,pyramidal,62732,1.0000,1.0000
sholl_mlp,hpf_ca1__210110_057_edited.swc,pyramidal,26528,1.0000,1.0000
sholl_mlp,hpf_ca1__210110_066_edited.swc,pyramidal,34730,1.0000,1.0000
sholl_mlp,hpf_ca1__210111_011_edited.swc,pyramidal,30565,1.0000,1.0000
sholl_mlp,hpf_ca1__210111_014_edited.swc,pyramidal,17850,1.0000,1.0000
sholl_mlp,hpf_ca1__210111_016_edited.swc,pyramidal,25883,0.8996,0.4795
sholl_mlp,hpf_ca1__210111_100_edited.swc,pyramidal,18638,1.0000,1.0000
sholl_mlp,hpf_ca1__210111_161_edited.swc,pyramidal,23406,1.0000,1.0000
sholl_mlp,hpf_ca1__210131_004_edited.swc,pyramidal,16567,1.0000,1.0000
sholl_mlp,hpf_ca1__210131_005_edited.swc,pyramidal,16445,1.0000,1.0000
sholl_mlp,hpf_ca1__210132_003_edited.swc,pyramidal,14079,1.0000,1.0000
sholl_mlp,hpf_ca1__210248_017_edited.swc,pyramidal,31064,0.9514,0.8520
sholl_mlp,hpf_ca1__210249_002_edited.swc,pyramidal,8538,1.0000,1.0000
sholl_mlp,hpf_ca1__210249_005_edited.swc,pyramidal,29807,1.0000,1.0000
sholl_mlp,hpf_ca1__210253_001_edited.swc,pyramidal,29412,1.0000,1.0000
sholl_mlp,hpf_ca1__210253_028_edited.swc,pyramidal,46407,1.0000,1.0000
sholl_mlp,hpf_ca1__210668_015_edited.swc,pyramidal,49748,1.0000,1.0000
sholl_mlp,hpf_ca1__210669_016_edited.swc,pyramidal,19240,1.0000,1.0000
sholl_mlp,hpf_ca1__210670_015_edited.swc,pyramidal,10400,0.8881,0.5188
sholl_mlp,hpf_ca1__210670_019_edited.swc,pyramidal,32268,1.0000,1.0000
sholl_mlp,hpf_ca1__210670_023_edited.swc,pyramidal,17822,1.0000,1.0000
sholl_mlp,hpf_ca1__210670_030_edited.swc,pyramidal,64296,0.9677,0.5398
sholl_mlp,hpf_ca1__210671_026_edited.swc,pyramidal,32120,1.0000,1.0000
sholl_mlp,hpf_ca1__210671_033_edited.swc,pyramidal,30989,1.0000,1.0000
sholl_mlp,hpf_ca1__210671_036_edited.swc,pyramidal,54496,1.0000,1.0000
sholl_mlp,hpf_ca1__210671_037_edited.swc,pyramidal,16483,1.0000,1.0000
sholl_mlp,hpf_ca1__210671_061_edited.swc,pyramidal,31839,1.0000,1.0000
sholl_mlp,hpf_ca1__210671_062_edited.swc,pyramidal,65754,1.0000,1.0000
sholl_mlp,hpf_ca1__210671_066_edited.swc,pyramidal,17967,1.0000,1.0000
sholl_mlp,hpf_ca1__210698_006_edited.swc,pyramidal,5408,0.5945,0.4986
sholl_mlp,hpf_ca1__210698_025_edited.swc,pyramidal,31047,1.0000,1.0000
sholl_mlp,hpf_ca1__210700_004_edited.swc,pyramidal,10312,1.0000,1.0000
sholl_mlp,hpf_ca1__210700_006_edited.swc,pyramidal,20808,1.0000,1.0000
sholl_mlp,hpf_ca1__210701_011_edited.swc,pyramidal,46371,1.0000,1.0000
sholl_mlp,hpf_ca1__210701_016_edited.swc,pyramidal,17884,1.0000,1.0000
sholl_mlp,hpf_ca1__210701_018_edited.swc,pyramidal,12621,1.0000,1.0000
sholl_mlp,hpf_ca1__210703_021_edited.swc,pyramidal,16838,1.0000,1.0000
sholl_mlp,hpf_ca1__210703_025_edited.swc,pyramidal,22735,1.0000,1.0000
sholl_mlp,hpf_ca1__210705_003_edited.swc,pyramidal,44365,1.0000,1.0000
sholl_mlp,hpf_ca1__210705_006_edited.swc,pyramidal,7450,1.0000,1.0000
sholl_mlp,hpf_ca1__210705_011_edited.swc,pyramidal,12317,1.0000,1.0000
sholl_mlp,hpf_ca1__210711_018_edited.swc,pyramidal,22248,1.0000,1.0000
sholl_mlp,hpf_ca1__210711_026_edited.swc,pyramidal,17814,1.0000,1.0000
sholl_mlp,neuromorpho__02a_pyramidal2aFI.swc,pyramidal,1512,0.4848,0.3263
sholl_mlp,neuromorpho__03b_pyramidal4aFI.swc,pyramidal,971,0.5283,0.3455
sholl_mlp,neuromorpho__042315C_ECA.swc,pyramidal,9209,1.0000,1.0000
sholl_mlp,neuromorpho__04b_pyramidal6aFI.swc,pyramidal,1038,0.5096,0.3374
sholl_mlp,neuromorpho__05a_pyramidal10aACC.swc,pyramidal,716,0.3352,0.2505
sholl_mlp,neuromorpho__060315A_ECA.swc,pyramidal,13811,1.0000,1.0000
sholl_mlp,neuromorpho__061615B_ECA.swc,pyramidal,7911,0.8470,0.7586
sholl_mlp,neuromorpho__062817B_VentralCA1.swc,pyramidal,8934,1.0000,1.0000
sholl_mlp,neuromorpho__07b_pyramidal14aACC.swc,pyramidal,1116,0.8315,0.4540
sholl_mlp,neuromorpho__081718A_DorsalCA1.swc,pyramidal,8636,1.0000,1.0000
sholl_mlp,neuromorpho__092017A_ECA.swc,pyramidal,11121,1.0000,1.0000
sholl_mlp,neuromorpho__092317A_ECA.swc,pyramidal,7204,1.0000,1.0000
sholl_mlp,neuromorpho__1-ENU2-veichle-neuron3_2.swc,pyramidal,172,1.0000,1.0000
sholl_mlp,neuromorpho__100A_3_r_Ngr2KO_2.swc,pyramidal,565,1.0000,1.0000
sholl_mlp,neuromorpho__100A_3_r_Ngr2KO_4.swc,pyramidal,838,1.0000,1.0000
sholl_mlp,neuromorpho__100C_2_r_Ngr2KO_1.swc,pyramidal,908,1.0000,1.0000
sholl_mlp,neuromorpho__101A_1_r_Ngr2KO_3.swc,pyramidal,1000,1.0000,1.0000
sholl_mlp,neuromorpho__101C_1_l_Ngr2KO_2.swc,pyramidal,1397,1.0000,1.0000
sholl_mlp,neuromorpho__101C_1_r_Ngr2KO.swc,pyramidal,1315,1.0000,1.0000
sholl_mlp,neuromorpho__10209c1.swc,pyramidal,1935,0.7855,0.6036
sholl_mlp,neuromorpho__10223c4.swc,pyramidal,1944,0.5787,0.2443
sholl_mlp,neuromorpho__1028ir2x-40x-NL.swc,pyramidal,3164,1.0000,1.0000
sholl_mlp,neuromorpho__102A_4_r_Ngr2KO_1.swc,pyramidal,155,1.0000,1.0000
sholl_mlp,neuromorpho__102B_1_l_Ngr2KO_2.swc,pyramidal,391,1.0000,1.0000
sholl_mlp,neuromorpho__102B_1_l_Ngr2KO_4.swc,pyramidal,670,1.0000,1.0000
sholl_mlp,neuromorpho__10315c1.swc,pyramidal,915,0.7279,0.5866
sholl_mlp,neuromorpho__10331c1.swc,pyramidal,1597,0.9800,0.6575
sholl_mlp,neuromorpho__103A_3_l_WT.swc,pyramidal,896,1.0000,1.0000
sholl_mlp,neuromorpho__103D_2_r_WT_1.swc,pyramidal,426,1.0000,1.0000
sholl_mlp,neuromorpho__104A_2_r_WT.swc,pyramidal,1029,1.0000,1.0000
sholl_mlp,neuromorpho__10506c3.swc,pyramidal,3175,0.6841,0.7228
sholl_mlp,neuromorpho__10507c1.swc,pyramidal,3315,0.3303,0.2500
sholl_mlp,neuromorpho__105B_2_r_WT.swc,pyramidal,874,1.0000,1.0000
sholl_mlp,neuromorpho__105E_4_l_WT_2.swc,pyramidal,625,0.2704,0.2121
sholl_mlp,neuromorpho__1075-2-Sec6-LTL4.swc,pyramidal,1501,0.6416,0.3907
sholl_mlp,neuromorpho__1086-2-Sec4-BSL1.swc,pyramidal,2926,1.0000,1.0000
sholl_mlp,neuromorpho__1086-2-Sec6-BSL2.swc,pyramidal,849,1.0000,1.0000
sholl_mlp,neuromorpho__1086-4-Sec2-LTL2.swc,pyramidal,2303,1.0000,1.0000
sholl_mlp,neuromorpho__108A_1_r_WT_2.swc,pyramidal,639,1.0000,1.0000
sholl_mlp,neuromorpho__108A_2_l_WT_1.swc,pyramidal,444,1.0000,1.0000
sholl_mlp,neuromorpho__108A_2_l_WT_4.swc,pyramidal,325,1.0000,1.0000
sholl_mlp,neuromorpho__108A_2_l_WT_6.swc,pyramidal,311,1.0000,1.0000
sholl_mlp,neuromorpho__109A_1_r_Ngr2KO_2.swc,pyramidal,960,1.0000,1.0000
sholl_mlp,neuromorpho__109C_1_r_Ngr2KO_1.swc,pyramidal,678,1.0000,1.0000
sholl_mlp,neuromorpho__109F_1_l_Ngr2KO_2.swc,pyramidal,942,1.0000,1.0000
sholl_mlp,neuromorpho__10month-Arctic-44-LR_1.swc,pyramidal,418,1.0000,1.0000
sholl_mlp,neuromorpho__10month-Arctic-44-LR_2.swc,pyramidal,458,1.0000,1.0000
sholl_mlp,neuromorpho__10month-Arctic-45-N_2.swc,pyramidal,257,1.0000,1.0000
sholl_mlp,neuromorpho__10month-Arctic-72144-R_1.swc,pyramidal,338,1.0000,1.0000
sholl_mlp,neuromorpho__10month-Arctic-C5aR1-KO-52280-R_1.swc,pyramidal,781,1.0000,1.0000
sholl_mlp,neuromorpho__10month-Arctic-C5aR1-KO-52280-R_2.swc,pyramidal,547,1.0000,1.0000
sholl_mlp,neuromorpho__10month-Arctic-C5aR1-KO-52280-R_3.swc,pyramidal,699,1.0000,1.0000
sholl_mlp,neuromorpho__10month-Arctic-C5aR1-KO-52280-R_5.swc,pyramidal,486,1.0000,1.0000
sholl_mlp,neuromorpho__10month-C5aR1-KO-52280-N_2.swc,pyramidal,406,1.0000,1.0000
sholl_mlp,neuromorpho__10month-C5aR1-KO-52280-N_3.swc,pyramidal,605,1.0000,1.0000
sholl_mlp,neuromorpho__10month-wt-44-LL_1.swc,pyramidal,280,1.0000,1.0000
sholl_mlp,neuromorpho__10month-wt-45-L-2_1.swc,pyramidal,255,1.0000,1.0000
sholl_mlp,neuromorpho__10month-wt-8_1.swc,pyramidal,334,1.0000,1.0000
sholl_mlp,neuromorpho__10month-wt-8_2.swc,pyramidal,512,1.0000,1.0000
sholl_mlp,neuromorpho__10month-wt-8_4.swc,pyramidal,505,1.0000,1.0000
sholl_mlp,neuromorpho__10month-wt-H364-2-4_1.swc,pyramidal,477,1.0000,1.0000
sholl_mlp,neuromorpho__10month-wt-H364-2-5_1.swc,pyramidal,211,1.0000,1.0000
sholl_mlp,neuromorpho__10month-wt-H364-2_1.swc,pyramidal,736,0.0014,0.0000
sholl_mlp,neuromorpho__10n03c4.swc,pyramidal,815,1.0000,1.0000
sholl_mlp,neuromorpho__10n12c1.swc,pyramidal,1878,0.9941,0.6643
sholl_mlp,neuromorpho__10o27c2.swc,pyramidal,1687,0.4179,0.4790
sholl_mlp,neuromorpho__10o27c3.swc,pyramidal,1315,0.9840,0.6610
sholl_mlp,neuromorpho__1103-1-Sec6-LTL2.swc,pyramidal,1747,0.4562,0.6263
sholl_mlp,neuromorpho__1104-2-Sec2-LTL1.swc,pyramidal,1575,0.4267,0.5978
sholl_mlp,neuromorpho__110E_1_L_Ngr2KO_1.swc,pyramidal,182,1.0000,1.0000
sholl_mlp,neuromorpho__110E_1_L_Ngr2KO_2.swc,pyramidal,261,1.0000,1.0000
sholl_mlp,neuromorpho__1115-07-23-R1.swc,pyramidal,151,1.0000,1.0000
sholl_mlp,neuromorpho__1116-3-Sec2-LTL1.swc,pyramidal,817,0.8960,0.4725
sholl_mlp,neuromorpho__1117-2-Sec6-LTL2.swc,pyramidal,1230,0.7577,0.4310
sholl_mlp,neuromorpho__1117-2-Sec7-LTL3.swc,pyramidal,1464,0.7172,0.4176
sholl_mlp,neuromorpho__111C_2_r_Ngr2KO.swc,pyramidal,651,1.0000,1.0000
sholl_mlp,neuromorpho__11220c3.swc,pyramidal,879,1.0000,1.0000
sholl_mlp,neuromorpho__11224c3.swc,pyramidal,1239,0.8200,0.5000
sholl_mlp,neuromorpho__1128-2-Sec1-BSL2.swc,pyramidal,1880,0.5090,0.3372
sholl_mlp,neuromorpho__112A_1_R_WT.swc,pyramidal,541,1.0000,1.0000
sholl_mlp,neuromorpho__112F_2_R_WT.swc,pyramidal,350,1.0000,1.0000
sholl_mlp,neuromorpho__11324c1.swc,pyramidal,1490,1.0000,1.0000
sholl_mlp,neuromorpho__113C_2_L_WT_2.swc,pyramidal,471,0.4798,0.3237
sholl_mlp,neuromorpho__115-04-23-R1.swc,pyramidal,125,1.0000,1.0000
sholl_mlp,neuromorpho__115-04-25-L1.swc,pyramidal,236,1.0000,1.0000
sholl_mlp,neuromorpho__11501-21-R1.swc,pyramidal,230,1.0000,1.0000
sholl_mlp,neuromorpho__11501-23-R1.swc,pyramidal,206,1.0000,1.0000
sholl_mlp,neuromorpho__11502-23-L1.swc,pyramidal,234,1.0000,1.0000
sholl_mlp,neuromorpho__11503-23R1.swc,pyramidal,304,1.0000,1.0000
sholl_mlp,neuromorpho__11505-24-L1.swc,pyramidal,180,1.0000,1.0000
sholl_mlp,neuromorpho__11505-28-L1.swc,pyramidal,219,1.0000,1.0000
sholl_mlp,neuromorpho__11506-19-L1.swc,pyramidal,273,1.0000,1.0000
sholl_mlp,neuromorpho__11508-20-R1.swc,pyramidal,239,1.0000,1.0000
sholl_mlp,neuromorpho__11509-22-L1.swc,pyramidal,146,1.0000,1.0000
sholl_mlp,neuromorpho__11615c1.swc,pyramidal,2048,1.0000,1.0000
sholl_mlp,neuromorpho__11615c3.swc,pyramidal,1101,0.9855,0.6624
sholl_mlp,neuromorpho__11_51.swc,pyramidal,2873,1.0000,1.0000
sholl_mlp,neuromorpho__11C3neuron3.swc,pyramidal,3716,1.0000,1.0000
sholl_mlp,neuromorpho__11c_3.swc,pyramidal,427,1.0000,1.0000
sholl_mlp,neuromorpho__121012V1-3Slice6Cell6.swc,pyramidal,542,1.0000,1.0000
sholl_mlp,neuromorpho__12_46.swc,pyramidal,2409,1.0000,1.0000
sholl_mlp,neuromorpho__12_47.swc,pyramidal,4416,1.0000,1.0000
sholl_mlp,neuromorpho__12_den_ax.swc,pyramidal,81086,1.0000,1.0000
sholl_mlp,neuromorpho__12B3neuron1Layers.swc,pyramidal,2808,1.0000,1.0000
sholl_mlp,neuromorpho__12C2neuron1Layers.swc,pyramidal,1162,1.0000,1.0000
sholl_mlp,neuromorpho__13_08_13_-2_Cell_-2.swc,pyramidal,31729,1.0000,1.0000
sholl_mlp,neuromorpho__13_41.swc,pyramidal,1154,1.0000,1.0000
sholl_mlp,neuromorpho__13B1neuron2.swc,pyramidal,2744,1.0000,1.0000
sholl_mlp,neuromorpho__1451-1-Sec1-BSL2.swc,pyramidal,1227,1.0000,1.0000
sholl_mlp,neuromorpho__1460-2-Sec5-LTL2.swc,pyramidal,3189,1.0000,1.0000
sholl_mlp,neuromorpho__1463-2-Sec4-LTL2.swc,pyramidal,1190,0.6983,0.8222
sholl_mlp,neuromorpho__14_37.swc,pyramidal,2421,1.0000,1.0000
sholl_mlp,neuromorpho__15_33.swc,pyramidal,1026,1.0000,1.0000
sholl_mlp,neuromorpho__16_34.swc,pyramidal,2988,1.0000,1.0000
sholl_mlp,neuromorpho__180608_morpho4_d4_hippo_D4-Hippo-Fresh-4_crop-2.swc,pyramidal,893,1.0000,1.0000
sholl_mlp,neuromorpho__180608_morpho4_d4_hippo_D4-Hippo-Fresh-4_crop-4.swc,pyramidal,1620,1.0000,1.0000
sholl_mlp,neuromorpho__180608_morpho4_d4_hippo_D4-Hippo-Fresh-4_crop.swc,pyramidal,670,1.0000,1.0000
sholl_mlp,neuromorpho__180702_morpho-6_hippo_tau488_trfp_map2647_Fresh-4_crop-2.swc,pyramidal,1980,1.0000,1.0000
sholl_mlp,neuromorpho__180702_morpho-6_hippo_tau488_trfp_map2647_Fresh-6_crop-3.swc,pyramidal,1360,1.0000,1.0000
sholl_mlp,neuromorpho__180702_morpho-6_hippo_tau488_trfp_map2647_Fresh-6_crop.swc,pyramidal,1895,1.0000,1.0000
sholl_mlp,neuromorpho__180702_morpho-6_hippo_tau488_trfp_map2647_Fresh-9_crop-4.swc,pyramidal,2628,1.0000,1.0000
sholl_mlp,neuromorpho__180702_morpho-6_hippo_tau488_trfp_map2647_Hippo-1-10_crop-2.swc,pyramidal,1180,1.0000,1.0000
sholl_mlp,neuromorpho__180702_morpho-6_hippo_tau488_trfp_map2647_Hippo-1-10_crop-4.swc,pyramidal,5179,1.0000,1.0000
sholl_mlp,neuromorpho__180702_morpho-6_hippo_tau488_trfp_map2648_Hippo-3-10_crop-1.swc,pyramidal,2371,1.0000,1.0000
sholl_mlp,neuromorpho__180702_morpho-6_hippo_tau488_trfp_map2648_Hippo-3-10_crop-2.swc,pyramidal,2316,1.0000,1.0000
sholl_mlp,neuromorpho__180702_morpho-6_hippo_tau488_trfp_map2648_Hippo-3-1_crop-2.swc,pyramidal,2100,1.0000,1.0000
sholl_mlp,neuromorpho__180702_morpho-6_hippo_tau488_trfp_map2648_Hippo-3-4_crop-6.swc,pyramidal,2513,1.0000,1.0000
sholl_mlp,neuromorpho__180702_morpho-6_hippo_tau488_trfp_map2648_Hippo-3-6_crop-5.swc,pyramidal,723,1.0000,1.0000
sholl_mlp,neuromorpho__180702_morpho-6_hippo_tau488_trfp_map2648_Hippo-3-8_crop-1.swc,pyramidal,721,1.0000,1.0000
sholl_mlp,neuromorpho__180702_morpho-6_hippo_tau488_trfp_map2648_Hippo-3-8_crop.swc,pyramidal,3073,1.0000,1.0000
sholl_mlp,neuromorpho__180702_morpho-6_hippo_tau488_trfp_map2648_Hippo-3-9_crop-2.swc,pyramidal,2714,1.0000,1.0000
sholl_mlp,neuromorpho__180702_morpho-6_hippo_tau488_trfp_map2648_Hippo-3-9_crop-4.swc,pyramidal,2044,1.0000,1.0000
sholl_mlp,neuromorpho__180702_morpho-6_hippo_tau488_trfp_map2648_Hippo-4-3_crop-2.swc,pyramidal,707,1.0000,1.0000
sholl_mlp,neuromorpho__180702_morpho-6_hippo_tau488_trfp_map2648_Hippo-4-6_crop-1.swc,pyramidal,1049,1.0000,1.0000
sholl_mlp,neuromorpho__180702_morpho-6_hippo_tau488_trfp_map2648_Hippo-4-6_crop-2.swc,pyramidal,1085,1.0000,1.0000
sholl_mlp,neuromorpho__180702_morpho-6_hippo_tau488_trfp_map2648_Hippo-4-7_crop-1.swc,pyramidal,1009,1.0000,1.0000
sholl_mlp,neuromorpho__180702_morpho-6_hippo_tau488_trfp_map2648_Hippo-4-7_crop-4.swc,pyramidal,935,1.0000,1.0000
sholl_mlp,neuromorpho__180702_morpho-6_hippo_tau488_trfp_map2648_Hippo-4-7_crop-5.swc,pyramidal,2423,1.0000,1.0000
sholl_mlp,neuromorpho__18414_slide2_cell1.swc,pyramidal,998,1.0000,1.0000
sholl_mlp,neuromorpho__19_26.swc,pyramidal,1956,1.0000,1.0000
sholl_mlp,neuromorpho__19_den_ax.swc,pyramidal,119039,0.9750,0.8400
sholl_mlp,neuromorpho__1_56.swc,pyramidal,9629,1.0000,1.0000
sholl_mlp,neuromorpho__1A4.swc,pyramidal,2338,0.4217,0.5930
sholl_mlp,neuromorpho__1a_4.swc,pyramidal,1700,1.0000,1.0000
sholl_mlp,neuromorpho__2-ENU2-treated-neuron1_2.swc,pyramidal,478,1.0000,1.0000
sholl_mlp,neuromorpho__2-ENU2-veichle-neuron1_2.swc,pyramidal,198,0.3990,0.2836
sholl_mlp,neuromorpho__2-ENU2-veichle-neuron3.swc,pyramidal,209,1.0000,1.0000
sholl_mlp,neuromorpho__2-wild-type-veichle-neuron3.swc,pyramidal,288,1.0000,1.0000
sholl_mlp,neuromorpho__20171005C01.swc,pyramidal,3089,0.7478,0.4278
sholl_mlp,neuromorpho__20180109B01.swc,pyramidal,3155,0.9899,0.6589
sholl_mlp,neuromorpho__20180207A01.swc,pyramidal,1997,0.6965,0.6145
sholl_mlp,neuromorpho__203B-4-L3.swc,pyramidal,1225,0.6988,0.4113
sholl_mlp,neuromorpho__204B-3-L4.swc,pyramidal,1036,0.6004,0.3750
sholl_mlp,neuromorpho__207B-1-L3.swc,pyramidal,1389,0.5054,0.2237
sholl_mlp,neuromorpho__207B-2-L2.swc,pyramidal,1548,0.8094,0.4473
sholl_mlp,neuromorpho__20_den_ax.swc,pyramidal,110088,0.9818,0.5810
sholl_mlp,neuromorpho__21_22.swc,pyramidal,1668,1.0000,1.0000
sholl_mlp,neuromorpho__22--OTC-300-pM-CRF-9-weeks-20x.swc,pyramidal,4728,0.0429,0.0820
sholl_mlp,neuromorpho__22315_cell1.swc,pyramidal,900,1.0000,1.0000
sholl_mlp,neuromorpho__22315_cell3.swc,pyramidal,1549,0.9561,0.6539
sholl_mlp,neuromorpho__22315_cell4.swc,pyramidal,1024,0.9697,0.6573
sholl_mlp,neuromorpho__22315_cell5.swc,pyramidal,1143,0.9869,0.6625
sholl_mlp,neuromorpho__22411_cell12.swc,pyramidal,979,0.9888,0.6639
sholl_mlp,neuromorpho__22411_cell5.swc,pyramidal,2270,0.9868,0.6628
sholl_mlp,neuromorpho__22_19.swc,pyramidal,1513,1.0000,1.0000
sholl_mlp,neuromorpho__22_21.swc,pyramidal,2421,1.0000,1.0000
sholl_mlp,neuromorpho__236-1-10LS.swc,pyramidal,767,0.8983,0.4732
sholl_mlp,neuromorpho__236-1-24LS.swc,pyramidal,505,0.7446,0.2844
sholl_mlp,neuromorpho__236-1-9LS.swc,pyramidal,835,1.0000,1.0000
sholl_mlp,neuromorpho__236-1a-10-AW.swc,pyramidal,374,0.6765,0.4032
sholl_mlp,neuromorpho__236-1a-12-AW.swc,pyramidal,289,0.6021,0.2502
sholl_mlp,neuromorpho__236-2-100LS.swc,pyramidal,407,0.7150,0.2778
sholl_mlp,neuromorpho__236-2-13LS.swc,pyramidal,931,1.0000,1.0000
sholl_mlp,neuromorpho__236-2-16LS.swc,pyramidal,645,0.6977,0.2739
sholl_mlp,neuromorpho__236-2-21LS.swc,pyramidal,581,0.6540,0.2635
sholl_mlp,neuromorpho__236-2-23LS.swc,pyramidal,537,0.7151,0.4168
sholl_mlp,neuromorpho__236-2-42LS.swc,pyramidal,430,0.8326,0.4542
sholl_mlp,neuromorpho__236-2-45LS.swc,pyramidal,544,0.5699,0.2418
sholl_mlp,neuromorpho__236-2-47LS.swc,pyramidal,755,0.9854,0.6633
sholl_mlp,neuromorpho__236-2-4LS.swc,pyramidal,357,0.9776,0.4943
sholl_mlp,neuromorpho__236-2-51LS.swc,pyramidal,506,0.9783,0.6592
sholl_mlp,neuromorpho__236-2-5LS.swc,pyramidal,354,0.9746,0.4935
sholl_mlp,neuromorpho__236-2-61LS.swc,pyramidal,602,0.9850,0.6633
sholl_mlp,neuromorpho__236-2-62LS.swc,pyramidal,378,1.0000,1.0000
sholl_mlp,neuromorpho__236-2-63LS.swc,pyramidal,506,0.9842,0.4960
sholl_mlp,neuromorpho__236-2-66LS.swc,pyramidal,461,0.8243,0.4517
sholl_mlp,neuromorpho__236-2-68LS.swc,pyramidal,573,0.9895,0.6627
sholl_mlp,neuromorpho__236-2-69LS.swc,pyramidal,570,0.6105,0.2525
sholl_mlp,neuromorpho__236-2-71LS.swc,pyramidal,200,1.0000,1.0000
sholl_mlp,neuromorpho__236-2-78LS.swc,pyramidal,371,1.0000,1.0000
sholl_mlp,neuromorpho__236-2-82LS.swc,pyramidal,555,0.9838,0.4959
sholl_mlp,neuromorpho__236-2-87LS.swc,pyramidal,414,0.9855,0.6624
sholl_mlp,neuromorpho__236-2-92LS.swc,pyramidal,54,0.8704,0.5556
sholl_mlp,neuromorpho__236-2-94LS.swc,pyramidal,108,1.0000,1.0000
sholl_mlp,neuromorpho__236-2-96LS.swc,pyramidal,456,0.9846,0.6622
sholl_mlp,neuromorpho__236-2-99LS.swc,pyramidal,241,0.9585,0.6541
sholl_mlp,neuromorpho__236-2a-13-AW.swc,pyramidal,577,0.7140,0.4164
sholl_mlp,neuromorpho__236-2a-25-AW.swc,pyramidal,452,0.9845,0.4961
sholl_mlp,neuromorpho__236-2a-26-AW.swc,pyramidal,349,1.0000,1.0000
sholl_mlp,neuromorpho__236-2a-3-AW.swc,pyramidal,337,0.9258,0.9608
sholl_mlp,neuromorpho__236-2a-40-AW.swc,pyramidal,248,0.9798,0.6619
sholl_mlp,neuromorpho__236-2a-41-AW.swc,pyramidal,428,0.9836,0.6616
sholl_mlp,neuromorpho__236-2a-5-AW.swc,pyramidal,592,0.9848,0.6625
sholl_mlp,neuromorpho__236-2a-52-AW.swc,pyramidal,402,0.9851,0.6616
sholl_mlp,neuromorpho__236-2a-53-AW.swc,pyramidal,292,0.6164,0.2539
sholl_mlp,neuromorpho__236-2a-57-AW.swc,pyramidal,497,0.9819,0.6620
sholl_mlp,neuromorpho__236-2a-59-AW.swc,pyramidal,565,1.0000,1.0000
sholl_mlp,neuromorpho__236-2a-6-AW.swc,pyramidal,532,0.9850,0.6628
sholl_mlp,neuromorpho__236-2a-7-AW.swc,pyramidal,381,1.0000,1.0000
sholl_mlp,neuromorpho__236-3-10LS.swc,pyramidal,495,1.0000,1.0000
sholl_mlp,neuromorpho__236-3-31LS.swc,pyramidal,900,0.6356,0.2590
sholl_mlp,neuromorpho__236-3-40LS.swc,pyramidal,544,1.0000,1.0000
sholl_mlp,neuromorpho__236-3-41LS.swc,pyramidal,568,1.0000,1.0000
sholl_mlp,neuromorpho__236-3-44LS.swc,pyramidal,434,0.7604,0.2878
sholl_mlp,neuromorpho__236-3-47LS.swc,pyramidal,449,0.5278,0.3450
sholl_mlp,neuromorpho__236-3-51LS.swc,pyramidal,300,0.7567,0.2870
sholl_mlp,neuromorpho__236-3-56LS.swc,pyramidal,605,1.0000,1.0000
sholl_mlp,neuromorpho__236-3-58LS.swc,pyramidal,577,0.7539,0.2865
sholl_mlp,neuromorpho__236-3-59LS.swc,pyramidal,415,1.0000,1.0000
sholl_mlp,neuromorpho__236-3-65LS.swc,pyramidal,633,0.9874,0.6633
sholl_mlp,neuromorpho__236-3-67LS.swc,pyramidal,820,0.9939,0.6652
sholl_mlp,neuromorpho__236-3-69LS.swc,pyramidal,478,0.9874,0.4968
sholl_mlp,neuromorpho__236-3-7LS.swc,pyramidal,392,0.9745,0.6583
sholl_mlp,neuromorpho__236-3-8LS.swc,pyramidal,731,0.7538,0.4297
sholl_mlp,neuromorpho__241-1-22-AW.swc,pyramidal,464,0.2565,0.1354
sholl_mlp,neuromorpho__241-1-2VN.swc,pyramidal,1077,0.8254,0.5822
sholl_mlp,neuromorpho__241-1-40VN.swc,pyramidal,914,0.9967,0.6656
sholl_mlp,neuromorpho__241-1-43VN.swc,pyramidal,360,0.5583,0.3578
sholl_mlp,neuromorpho__241-1-44VN.swc,pyramidal,774,0.5052,0.2236
sholl_mlp,neuromorpho__241-1-45VN.swc,pyramidal,490,1.0000,1.0000
sholl_mlp,neuromorpho__241-1-4VN.swc,pyramidal,719,0.6982,0.4110
sholl_mlp,neuromorpho__241-1-50VN.swc,pyramidal,391,0.7596,0.4315
sholl_mlp,neuromorpho__241-1-6VN.swc,pyramidal,651,0.9954,0.4988
sholl_mlp,neuromorpho__241-2-101-AW.swc,pyramidal,349,1.0000,1.0000
sholl_mlp,neuromorpho__241-2-11VN.swc,pyramidal,520,0.9942,0.6652
sholl_mlp,neuromorpho__241-2-15VN.swc,pyramidal,342,0.5088,0.4837
sholl_mlp,neuromorpho__241-2-18VN.swc,pyramidal,918,0.7462,0.5589
sholl_mlp,neuromorpho__241-2-22VN.swc,pyramidal,682,0.9897,0.6638
sholl_mlp,neuromorpho__241-2-2VN.swc,pyramidal,392,0.7449,0.2845
sholl_mlp,neuromorpho__241-2-33VN.swc,pyramidal,853,1.0000,1.0000
sholl_mlp,neuromorpho__241-2-35VN.swc,pyramidal,411,0.9878,0.4969
sholl_mlp,neuromorpho__241-2-3VN.swc,pyramidal,896,1.0000,1.0000
sholl_mlp,neuromorpho__241-2-49-AW.swc,pyramidal,347,0.5389,0.2331
sholl_mlp,neuromorpho__241-2-74LU.swc,pyramidal,304,0.9901,0.4975
sholl_mlp,neuromorpho__241-2-77LU.swc,pyramidal,500,0.9860,0.6632
sholl_mlp,neuromorpho__241-2-7VN.swc,pyramidal,438,0.8539,0.4605
sholl_mlp,neuromorpho__241-2-85LU.swc,pyramidal,175,0.9257,0.4806
sholl_mlp,neuromorpho__241-2-87LU.swc,pyramidal,551,0.5390,0.2333
sholl_mlp,neuromorpho__241-2-88LU.swc,pyramidal,323,0.5449,0.2347
sholl_mlp,neuromorpho__241-2-92LU.swc,pyramidal,385,0.9948,0.6654
sholl_mlp,neuromorpho__241-2-93LU.swc,pyramidal,586,0.4454,0.3077
sholl_mlp,neuromorpho__241-2-96LU.swc,pyramidal,462,0.7511,0.2858
sholl_mlp,neuromorpho__241-3-15LU.swc,pyramidal,619,0.9887,0.6640
sholl_mlp,neuromorpho__241-3-20LU.swc,pyramidal,416,0.9880,0.6637
sholl_mlp,neuromorpho__241-3-24LU.swc,pyramidal,628,0.9936,0.4984
sholl_mlp,neuromorpho__241-3-29LU.swc,pyramidal,494,0.9899,0.6642
sholl_mlp,neuromorpho__241-3-32LU.swc,pyramidal,575,0.7757,0.5195
sholl_mlp,neuromorpho__241-3-35LU.swc,pyramidal,524,0.9924,0.4981
sholl_mlp,neuromorpho__241-3-41LU.swc,pyramidal,617,0.5737,0.2429
sholl_mlp,neuromorpho__241-3-43LU.swc,pyramidal,701,0.7646,0.4842
sholl_mlp,neuromorpho__241-3-51VN.swc,pyramidal,817,0.9951,0.6656
sholl_mlp,neuromorpho__241-3-53VN.swc,pyramidal,593,0.7099,0.4736
sholl_mlp,neuromorpho__241-3-70VN.swc,pyramidal,513,0.9903,0.6637
sholl_mlp,neuromorpho__242-1-10VN.swc,pyramidal,421,0.9810,0.6618
sholl_mlp,neuromorpho__242-1-13VN.swc,pyramidal,261,0.4789,0.2153
sholl_mlp,neuromorpho__242-1-18VN.swc,pyramidal,345,0.8522,0.5681
sholl_mlp,neuromorpho__242-1-4VN.swc,pyramidal,108,0.3611,0.1747
sholl_mlp,neuromorpho__242-1-5VN.swc,pyramidal,554,0.9675,0.6591
sholl_mlp,neuromorpho__242-1-6VN.swc,pyramidal,369,0.9837,0.4959
sholl_mlp,neuromorpho__242-2-10VN.swc,pyramidal,475,0.7411,0.4839
sholl_mlp,neuromorpho__242-2-15VN.swc,pyramidal,354,0.7684,0.8686
sholl_mlp,neuromorpho__242-2-16VN.swc,pyramidal,242,0.6033,0.5997
sholl_mlp,neuromorpho__242-2-37LU.swc,pyramidal,535,0.9720,0.6591
sholl_mlp,neuromorpho__242-2-38LU.swc,pyramidal,564,0.9858,0.6630
sholl_mlp,neuromorpho__242-3-14-AW.swc,pyramidal,272,0.9743,0.6586
sholl_mlp,neuromorpho__242-3-18LU.swc,pyramidal,368,1.0000,1.0000
sholl_mlp,neuromorpho__242-3-20LU.swc,pyramidal,192,1.0000,1.0000
sholl_mlp,neuromorpho__242-3-3-AW.swc,pyramidal,322,0.3696,0.2688
sholl_mlp,neuromorpho__243-2-14VN.swc,pyramidal,172,1.0000,1.0000
sholl_mlp,neuromorpho__243-2-16VN.swc,pyramidal,375,0.6320,0.3869
sholl_mlp,neuromorpho__243-2-17VN.swc,pyramidal,335,0.7672,0.2893
sholl_mlp,neuromorpho__243-2-18VN.swc,pyramidal,452,0.7987,0.2959
sholl_mlp,neuromorpho__243-2-20VN.swc,pyramidal,470,0.9894,0.6637
sholl_mlp,neuromorpho__243-2-25VN.swc,pyramidal,169,1.0000,1.0000
sholl_mlp,neuromorpho__243-2-26VN.swc,pyramidal,310,1.0000,1.0000
sholl_mlp,neuromorpho__243-3-13VN.swc,pyramidal,510,0.9529,0.6530
sholl_mlp,neuromorpho__243-3-16VN.swc,pyramidal,377,0.7082,0.2762
sholl_mlp,neuromorpho__243-3-17VN.swc,pyramidal,597,0.9832,0.6619
sholl_mlp,neuromorpho__243-3-19VN.swc,pyramidal,483,0.9358,0.3223
sholl_mlp,neuromorpho__243-3-1VN.swc,pyramidal,408,0.3456,0.1706
sholl_mlp,neuromorpho__243-3-24VN.swc,pyramidal,301,0.5449,0.2347
sholl_mlp,neuromorpho__243-3-28VN.swc,pyramidal,609,0.9803,0.6614
sholl_mlp,neuromorpho__243-3-33VN.swc,pyramidal,217,0.7143,0.2775
sholl_mlp,neuromorpho__243-3-35VN.swc,pyramidal,364,0.9615,0.6566
sholl_mlp,neuromorpho__243-3-4VN.swc,pyramidal,462,1.0000,1.0000
sholl_mlp,neuromorpho__243-3-8VN.swc,pyramidal,582,0.9914,0.4978
sholl_mlp,neuromorpho__24_17.swc,pyramidal,2923,1.0000,1.0000
sholl_mlp,neuromorpho__25_15.swc,pyramidal,1393,1.0000,1.0000
sholl_mlp,neuromorpho__25_16.swc,pyramidal,3979,1.0000,1.0000
sholl_mlp,neuromorpho__25o_pyramidal18aFI.swc,pyramidal,752,0.6476,0.3929
sholl_mlp,neuromorpho__29_den_ax.swc,pyramidal,98142,0.9936,0.9337
sholl_mlp,neuromorpho__3-wild-type-veichle-neuron1_2.swc,pyramidal,852,1.0000,1.0000
sholl_mlp,neuromorpho__3-wild-type-veichle-neuron2.swc,pyramidal,564,1.0000,1.0000
sholl_mlp,neuromorpho__30_den_ax.swc,pyramidal,122122,0.9975,0.9831
sholl_mlp,neuromorpho__31991_cell9.swc,pyramidal,1589,0.9692,0.6594
sholl_mlp,neuromorpho__31995_slide1_cell3.swc,pyramidal,248,0.0040,0.0000
sholl_mlp,neuromorpho__31995_slide2_cell9.swc,pyramidal,1366,0.9876,0.6641
sholl_mlp,neuromorpho__31_10.swc,pyramidal,770,1.0000,1.0000
sholl_mlp,neuromorpho__32315-V1-3Slice2Cell1.swc,pyramidal,904,0.7389,0.4248
sholl_mlp,neuromorpho__32315-V1-3Slice8Cell1.swc,pyramidal,1886,0.2010,0.1670
sholl_mlp,neuromorpho__32315-V1-4Slice6Cell2.swc,pyramidal,2028,1.0000,1.0000
sholl_mlp,neuromorpho__32315V1-3Slice7Cell1.swc,pyramidal,1068,1.0000,1.0000
sholl_mlp,neuromorpho__32315V1-3Slice8Cell2.swc,pyramidal,945,1.0000,1.0000
sholl_mlp,neuromorpho__32315V1-4Slice5Cell1.swc,pyramidal,876,1.0000,1.0000
sholl_mlp,neuromorpho__32368_slide1_cell8.swc,pyramidal,1678,0.9851,0.6626
sholl_mlp,neuromorpho__33_11.swc,pyramidal,1627,1.0000,1.0000
sholl_mlp,neuromorpho__33_den_ax.swc,pyramidal,134606,0.9992,0.9943
sholl_mlp,neuromorpho__34_9.swc,pyramidal,2194,1.0000,1.0000
sholl_mlp,neuromorpho__35_11.swc,pyramidal,1440,1.0000,1.0000
sholl_mlp,neuromorpho__36_10.swc,pyramidal,2167,1.0000,1.0000
sholl_mlp,neuromorpho__36_den_ax.swc,pyramidal,108426,0.9944,0.9664
sholl_mlp,neuromorpho__37112_slide1_cell10.swc,pyramidal,1682,0.9816,0.6622
sholl_mlp,neuromorpho__37112_slide1_cell4.swc,pyramidal,1880,0.9894,0.6639
sholl_mlp,neuromorpho__37112_slide2_cell2.swc,pyramidal,1479,0.9831,0.6627
sholl_mlp,neuromorpho__37112_slide2_cell7.swc,pyramidal,1698,0.9446,0.6514
sholl_mlp,neuromorpho__37_9.swc,pyramidal,3549,1.0000,1.0000
sholl_mlp,neuromorpho__389-01-01.swc,pyramidal,779,0.1990,0.1652
sholl_mlp,neuromorpho__389-01-02.swc,pyramidal,672,0.9539,0.6319
sholl_mlp,neuromorpho__38_8.swc,pyramidal,3141,1.0000,1.0000
sholl_mlp,neuromorpho__38d.swc,pyramidal,1201,1.0000,1.0000
sholl_mlp,neuromorpho__391-01.swc,pyramidal,570,0.2456,0.1963
sholl_mlp,neuromorpho__391-05.swc,pyramidal,1025,1.0000,1.0000
sholl_mlp,neuromorpho__391-06.swc,pyramidal,2320,1.0000,1.0000
sholl_mlp,neuromorpho__3_53.swc,pyramidal,1606,1.0000,1.0000
sholl_mlp,neuromorpho__3_54.swc,pyramidal,2117,1.0000,1.0000
sholl_mlp,neuromorpho__3b.swc,pyramidal,766,1.0000,1.0000
sholl_mlp,neuromorpho__3d_1.swc,pyramidal,3054,1.0000,1.0000
sholl_mlp,neuromorpho__3PO1_1.swc,pyramidal,1008,0.4534,0.2078
sholl_mlp,neuromorpho__3PO2_1.swc,pyramidal,845,0.3361,0.1674
sholl_mlp,neuromorpho__3PO2_2.swc,pyramidal,417,0.1703,0.0960
sholl_mlp,neuromorpho__3PO2_3.swc,pyramidal,1052,0.0941,0.0569
sholl_mlp,neuromorpho__4-ENU2-treated-neuron2.swc,pyramidal,846,0.7222,0.8385
sholl_mlp,neuromorpho__4-ENU2-treated-neuron3.swc,pyramidal,457,1.0000,1.0000
sholl_mlp,neuromorpho__4314ARCHV1-2Slice8Cell2.swc,pyramidal,851,1.0000,1.0000
sholl_mlp,neuromorpho__46-Neurone-1.swc,pyramidal,483,0.5673,0.2411
sholl_mlp,neuromorpho__46-Neurone-2.swc,pyramidal,708,0.8644,0.4636
sholl_mlp,neuromorpho__4_52.swc,pyramidal,1103,1.0000,1.0000
sholl_mlp,neuromorpho__4a_2.swc,pyramidal,2265,1.0000,1.0000
sholl_mlp,neuromorpho__4c.swc,pyramidal,2657,1.0000,1.0000
sholl_mlp,neuromorpho__517s1c1.swc,pyramidal,3728,0.7530,0.4295
sholl_mlp,neuromorpho__53-Neurone1.swc,pyramidal,783,0.5287,0.2304
sholl_mlp,neuromorpho__554-1-R4.swc,pyramidal,593,1.0000,1.0000
sholl_mlp,neuromorpho__554-2-L1.swc,pyramidal,986,0.8002,0.4444
sholl_mlp,neuromorpho__554-2-L3.swc,pyramidal,1623,0.8195,0.4504
sholl_mlp,neuromorpho__554-2-R3.swc,pyramidal,1731,0.9607,0.6546
sholl_mlp,neuromorpho__557-2-L5.swc,pyramidal,1262,1.0000,1.0000
sholl_mlp,neuromorpho__557-3-R2.swc,pyramidal,1221,1.0000,1.0000
sholl_mlp,neuromorpho__560-3-R1.swc,pyramidal,1348,0.4021,0.2865
sholl_mlp,neuromorpho__560-4-L1.swc,pyramidal,938,0.8966,0.4727
sholl_mlp,neuromorpho__560-4-R2.swc,pyramidal,1209,0.9371,0.4838
sholl_mlp,neuromorpho__5_42.swc,pyramidal,62,0.8548,0.4602
sholl_mlp,neuromorpho__5b_1.swc,pyramidal,3946,0.4932,0.6604
sholl_mlp,neuromorpho__72513V1-4Slice2Cell1.swc,pyramidal,1523,1.0000,1.0000
sholl_mlp,neuromorpho__72513V1-4Slice3Cell2.swc,pyramidal,917,1.0000,1.0000
sholl_mlp,neuromorpho__72513V1-5Slice2Cell1.swc,pyramidal,1419,1.0000,1.0000
sholl_mlp,neuromorpho__72715-V1-2slice10.swc,pyramidal,580,1.0000,1.0000
sholl_mlp,neuromorpho__72715-V1-2slice5.swc,pyramidal,767,1.0000,1.0000
sholl_mlp,neuromorpho__72715-V1-2slice5cell3.swc,pyramidal,872,1.0000,1.0000
sholl_mlp,neuromorpho__72715-V1-2slice9.swc,pyramidal,1017,1.0000,1.0000
sholl_mlp,neuromorpho__72715-V1-5Slice4Cell1.swc,pyramidal,738,1.0000,1.0000
sholl_mlp,neuromorpho__72715.swc,pyramidal,414,1.0000,1.0000
sholl_mlp,neuromorpho__7_44.swc,pyramidal,2432,1.0000,1.0000
sholl_mlp,neuromorpho__7month-Arctic-13_2.swc,pyramidal,511,1.0000,1.0000
sholl_mlp,neuromorpho__7month-Arctic-13_3.swc,pyramidal,244,1.0000,1.0000
sholl_mlp,neuromorpho__7month-Arctic-13_8.swc,pyramidal,737,1.0000,1.0000
sholl_mlp,neuromorpho__7month-Arctic-17_4.swc,pyramidal,428,1.0000,1.0000
sholl_mlp,neuromorpho__7month-Arctic-20_5.swc,pyramidal,285,1.0000,1.0000
sholl_mlp,neuromorpho__7month-Arctic-9_1.swc,pyramidal,1230,0.0008,0.0000
sholl_mlp,neuromorpho__7month-Arctic-C5aR1-KO-24_3.swc,pyramidal,518,1.0000,1.0000
sholl_mlp,neuromorpho__7month-Arctic-C5aR1-KO-24_5.swc,pyramidal,582,1.0000,1.0000
sholl_mlp,neuromorpho__7month-C5aR1-KO-18-3.swc,pyramidal,427,1.0000,1.0000
sholl_mlp,neuromorpho__7month-C5aR1-KO-18-4.swc,pyramidal,544,1.0000,1.0000
sholl_mlp,neuromorpho__7month-wt-16_1.swc,pyramidal,891,1.0000,1.0000
sholl_mlp,neuromorpho__7month-wt-16_2.swc,pyramidal,702,1.0000,1.0000
sholl_mlp,neuromorpho__8_den_ax.swc,pyramidal,114475,0.9984,0.9882
sholl_mlp,neuromorpho__908s3c3.swc,pyramidal,3922,0.5474,0.2358
sholl_mlp,neuromorpho__A1-N1-1_final.swc,pyramidal,1360,1.0000,1.0000
sholl_mlp,neuromorpho__A1-N2-1_final.swc,pyramidal,1179,1.0000,1.0000
sholl_mlp,neuromorpho__A1-N3-1_13jun-5-_final.swc,pyramidal,1382,1.0000,1.0000
sholl_mlp,neuromorpho__A110111PYR.swc,pyramidal,5737,0.9983,0.6653
sholl_mlp,neuromorpho__A1_slide1_neuron1.swc,pyramidal,537,0.9497,0.6526
sholl_mlp,neuromorpho__A1_slide2_10.swc,pyramidal,1876,0.9936,0.6634
sholl_mlp,neuromorpho__A1_slide2_11.swc,pyramidal,927,0.9935,0.6648
sholl_mlp,neuromorpho__A1_slide2_14.swc,pyramidal,364,0.4286,0.2261
sholl_mlp,neuromorpho__A1_slide2_16.swc,pyramidal,348,1.0000,1.0000
sholl_mlp,neuromorpho__A1_slide2_19.swc,pyramidal,455,0.9297,0.6421
sholl_mlp,neuromorpho__A1_slide2_4.swc,pyramidal,446,0.9776,0.6582
sholl_mlp,neuromorpho__A1_slide2_neuron2.swc,pyramidal,561,0.9519,0.6466
sholl_mlp,neuromorpho__A1_slide2_neuron3.swc,pyramidal,530,1.0000,1.0000
sholl_mlp,neuromorpho__A1_slide3_5.swc,pyramidal,576,0.9062,0.6350
sholl_mlp,neuromorpho__A1_slide3_neuron1.swc,pyramidal,626,0.9649,0.6559
sholl_mlp,neuromorpho__A1_slide3_neuron4.swc,pyramidal,536,0.9627,0.6529
sholl_mlp,neuromorpho__A1_slide4_neuron1.swc,pyramidal,1091,0.9661,0.6542
sholl_mlp,neuromorpho__A2-N2-3_final.swc,pyramidal,1462,1.0000,1.0000
sholl_mlp,neuromorpho__A2-N4-2_1.swc,pyramidal,1159,1.0000,1.0000
sholl_mlp,neuromorpho__A2-N9-2_final.swc,pyramidal,1291,1.0000,1.0000
sholl_mlp,neuromorpho__A2_slide1_4.swc,pyramidal,663,1.0000,1.0000
sholl_mlp,neuromorpho__A2_slide1_neuron2.swc,pyramidal,636,0.9843,0.6617
sholl_mlp,neuromorpho__A2_slide2_1.swc,pyramidal,556,0.9874,0.6630
sholl_mlp,neuromorpho__A2_slide2_17.swc,pyramidal,610,0.9787,0.6610
sholl_mlp,neuromorpho__A2_slide2_neuron4.swc,pyramidal,639,0.9562,0.6441
sholl_mlp,neuromorpho__A2_slide3_12.swc,pyramidal,2249,0.9956,0.6653
sholl_mlp,neuromorpho__A2_slide3_4.swc,pyramidal,290,0.9517,0.6506
sholl_mlp,neuromorpho__A3-n11-2_final.swc,pyramidal,682,1.0000,1.0000
sholl_mlp,neuromorpho__A3-n12-2_final.swc,pyramidal,884,1.0000,1.0000
sholl_mlp,neuromorpho__A3-n8-2_1.swc,pyramidal,861,1.0000,1.0000
sholl_mlp,neuromorpho__A3-N8-2_final.swc,pyramidal,1330,1.0000,1.0000
sholl_mlp,neuromorpho__A3_slide2_1.swc,pyramidal,582,1.0000,1.0000
sholl_mlp,neuromorpho__A3_slide2_11.swc,pyramidal,1191,0.9698,0.6592
sholl_mlp,neuromorpho__A3_slide2_13.swc,pyramidal,1671,0.9797,0.6575
sholl_mlp,neuromorpho__A3_slide2_16.swc,pyramidal,404,0.5817,0.3673
sholl_mlp,neuromorpho__A3_slide2_4.swc,pyramidal,685,0.9766,0.6568
sholl_mlp,neuromorpho__A3_slide2_8.swc,pyramidal,1934,0.9850,0.6620
sholl_mlp,neuromorpho__A3_slide2_neuron3.swc,pyramidal,469,0.9872,0.6621
sholl_mlp,neuromorpho__A3_slide3_24.swc,pyramidal,715,0.9832,0.6618
sholl_mlp,neuromorpho__A3_slide3_4.swc,pyramidal,448,0.9621,0.6504
sholl_mlp,neuromorpho__A3_slide3_7.swc,pyramidal,1515,0.9703,0.6585
sholl_mlp,neuromorpho__A3_slide3_9.swc,pyramidal,991,0.9717,0.6524
sholl_mlp,neuromorpho__A3_slide3_neuron1.swc,pyramidal,408,0.9902,0.6640
sholl_mlp,neuromorpho__A3_slide3_Neuron4.swc,pyramidal,384,0.8438,0.6126
sholl_mlp,neuromorpho__A3_slide3_neuron5.swc,pyramidal,1251,1.0000,1.0000
sholl_mlp,neuromorpho__A3_slide3_neuron6.swc,pyramidal,579,0.7168,0.4723
sholl_mlp,neuromorpho__A4-N1-3_final.swc,pyramidal,1010,1.0000,1.0000
sholl_mlp,neuromorpho__A4-N11-4_final.swc,pyramidal,1122,0.3725,0.5423
sholl_mlp,neuromorpho__A4-N14-1_final.swc,pyramidal,1113,1.0000,1.0000
sholl_mlp,neuromorpho__A4-N5-2_final.swc,pyramidal,1607,1.0000,1.0000
sholl_mlp,neuromorpho__A4_slide1_1.swc,pyramidal,288,0.9792,0.6584
sholl_mlp,neuromorpho__A4_slide1_neuron1.swc,pyramidal,1481,0.9811,0.6572
sholl_mlp,neuromorpho__A4_slide2_10.swc,pyramidal,941,0.9883,0.6613
sholl_mlp,neuromorpho__A4_slide2_13.swc,pyramidal,418,0.6172,0.5127
sholl_mlp,neuromorpho__A4_slide2_17.swc,pyramidal,484,0.9566,0.6459
sholl_mlp,neuromorpho__A4_slide2_19.swc,pyramidal,752,0.9907,0.6634
sholl_mlp,neuromorpho__A4_slide2_24.swc,pyramidal,530,0.9642,0.6515
sholl_mlp,neuromorpho__A4_slide2_25.swc,pyramidal,666,0.9730,0.6522
sholl_mlp,neuromorpho__A4_slide2_8.swc,pyramidal,416,0.5385,0.2330
sholl_mlp,neuromorpho__A4_slide2_neuron2_II_III.swc,pyramidal,725,0.5379,0.2330
sholl_mlp,neuromorpho__A4_slide2_neuron4.swc,pyramidal,563,0.9218,0.6394
sholl_mlp,neuromorpho__A4_slide2_neuron5.swc,pyramidal,543,0.9337,0.6428
sholl_mlp,neuromorpho__A4_slide3_16.swc,pyramidal,378,0.7275,0.6008
sholl_mlp,neuromorpho__A4_slide3_20.swc,pyramidal,636,0.5314,0.2311
sholl_mlp,neuromorpho__A4_slide3_21.swc,pyramidal,591,0.6125,0.2531
sholl_mlp,neuromorpho__A4_slide3_9.swc,pyramidal,1599,0.9981,0.6661
sholl_mlp,neuromorpho__A586_NeuronC_40x_Tile_Trace_MK.swc,pyramidal,785,0.5019,0.3339
sholl_mlp,neuromorpho__A952_NeuronA_40X_Tile_Trace_RK.swc,pyramidal,714,0.5714,0.3634
sholl_mlp,neuromorpho__A_RFP_0004_final.swc,pyramidal,711,1.0000,1.0000
sholl_mlp,neuromorpho__A_RFP_0005_2final.swc,pyramidal,926,1.0000,1.0000
sholl_mlp,neuromorpho__A_RFP_0006_2final.swc,pyramidal,571,1.0000,1.0000
sholl_mlp,neuromorpho__A_RFP_0006_final2.swc,pyramidal,1284,1.0000,1.0000
sholl_mlp,neuromorpho__A_RFP_0007_final2.swc,pyramidal,730,1.0000,1.0000
sholl_mlp,neuromorpho__A_RFP_0008_2final.swc,pyramidal,844,1.0000,1.0000
sholl_mlp,neuromorpho__A_RFP_0014_2final.swc,pyramidal,854,1.0000,1.0000
sholl_mlp,neuromorpho__A_RFP_0016_final2.swc,pyramidal,1157,1.0000,1.0000
sholl_mlp,neuromorpho__A_RFP_0018_final2.swc,pyramidal,1211,1.0000,1.0000
sholl_mlp,neuromorpho__AA0314.swc,pyramidal,3854,1.0000,1.0000
sholl_mlp,neuromorpho__AA0323.swc,pyramidal,1850,1.0000,1.0000
sholl_mlp,neuromorpho__AA0327.swc,pyramidal,3807,0.9527,0.9015
sholl_mlp,neuromorpho__AA0331.swc,pyramidal,4335,1.0000,1.0000
sholl_mlp,neuromorpho__AA0335.swc,pyramidal,5699,1.0000,1.0000
sholl_mlp,neuromorpho__AA0337.swc,pyramidal,4031,1.0000,1.0000
sholl_mlp,neuromorpho__AA0342.swc,pyramidal,5842,1.0000,1.0000
sholl_mlp,neuromorpho__AA0345.swc,pyramidal,3937,1.0000,1.0000
sholl_mlp,neuromorpho__AA0347.swc,pyramidal,4986,1.0000,1.0000
sholl_mlp,neuromorpho__AA0348.swc,pyramidal,4144,1.0000,1.0000
sholl_mlp,neuromorpho__AA0349.swc,pyramidal,4555,1.0000,1.0000
sholl_mlp,neuromorpho__AA0350.swc,pyramidal,4792,1.0000,1.0000
sholl_mlp,neuromorpho__AA0351.swc,pyramidal,857,1.0000,1.0000
sholl_mlp,neuromorpho__AA0352.swc,pyramidal,3348,1.0000,1.0000
sholl_mlp,neuromorpho__AA0358.swc,pyramidal,5381,1.0000,1.0000
sholl_mlp,neuromorpho__AA0359.swc,pyramidal,2511,1.0000,1.0000
sholl_mlp,neuromorpho__AA0363.swc,pyramidal,2673,1.0000,1.0000
sholl_mlp,neuromorpho__AA0366.swc,pyramidal,4502,1.0000,1.0000
sholl_mlp,neuromorpho__AA0367.swc,pyramidal,4858,1.0000,1.0000
sholl_mlp,neuromorpho__AA0372.swc,pyramidal,2802,1.0000,1.0000
sholl_mlp,neuromorpho__AA0377.swc,pyramidal,7405,0.9928,0.9602
sholl_mlp,neuromorpho__AA0384.swc,pyramidal,3137,1.0000,1.0000
sholl_mlp,neuromorpho__AA0396.swc,pyramidal,33005,1.0000,1.0000
sholl_mlp,neuromorpho__AA0400.swc,pyramidal,20014,0.9933,0.9292
sholl_mlp,neuromorpho__AA0408.swc,pyramidal,17231,1.0000,1.0000
sholl_mlp,neuromorpho__AA0409.swc,pyramidal,15876,1.0000,1.0000
sholl_mlp,neuromorpho__AA0417.swc,pyramidal,14252,0.9862,0.8726
sholl_mlp,neuromorpho__AA0426.swc,pyramidal,15313,0.9923,0.8791
sholl_mlp,neuromorpho__AA0433.swc,pyramidal,2179,1.0000,1.0000
sholl_mlp,neuromorpho__AA0442.swc,pyramidal,57368,1.0000,1.0000
sholl_mlp,neuromorpho__AA0445.swc,pyramidal,16811,1.0000,1.0000
sholl_mlp,neuromorpho__AA0453.swc,pyramidal,2339,1.0000,1.0000
sholl_mlp,neuromorpho__AA0464.swc,pyramidal,2184,1.0000,1.0000
sholl_mlp,neuromorpho__AA0473.swc,pyramidal,4345,1.0000,1.0000
sholl_mlp,neuromorpho__AA0478.swc,pyramidal,522,0.9655,0.9534
sholl_mlp,neuromorpho__AA0479.swc,pyramidal,734,1.0000,1.0000
sholl_mlp,neuromorpho__AA0489.swc,pyramidal,1095,1.0000,1.0000
sholl_mlp,neuromorpho__AA0494.swc,pyramidal,1173,1.0000,1.0000
sholl_mlp,neuromorpho__AA0500.swc,pyramidal,531,0.7119,0.8013
sholl_mlp,neuromorpho__AA0511.swc,pyramidal,1687,1.0000,1.0000
sholl_mlp,neuromorpho__AA0519.swc,pyramidal,4648,1.0000,1.0000
sholl_mlp,neuromorpho__AA0525.swc,pyramidal,1280,0.8117,0.7615
sholl_mlp,neuromorpho__AA0530.swc,pyramidal,1366,1.0000,1.0000
sholl_mlp,neuromorpho__AA0540.swc,pyramidal,1905,1.0000,1.0000
sholl_mlp,neuromorpho__AA0543.swc,pyramidal,1496,1.0000,1.0000
sholl_mlp,neuromorpho__AA0564.swc,pyramidal,984,1.0000,1.0000
sholl_mlp,neuromorpho__AA0565.swc,pyramidal,1275,0.8627,0.8181
sholl_mlp,neuromorpho__AA0574.swc,pyramidal,2185,0.8714,0.7639
sholl_mlp,neuromorpho__AA0584.swc,pyramidal,2955,1.0000,1.0000
sholl_mlp,neuromorpho__AA0601.swc,pyramidal,3272,1.0000,1.0000
sholl_mlp,neuromorpho__AA0612.swc,pyramidal,23987,1.0000,1.0000
sholl_mlp,neuromorpho__AA0622.swc,pyramidal,45803,1.0000,1.0000
sholl_mlp,neuromorpho__AA0626.swc,pyramidal,11290,1.0000,1.0000
sholl_mlp,neuromorpho__AA0658.swc,pyramidal,2642,1.0000,1.0000
sholl_mlp,neuromorpho__AA0659.swc,pyramidal,3018,1.0000,1.0000
sholl_mlp,neuromorpho__AA0661.swc,pyramidal,4130,1.0000,1.0000
sholl_mlp,neuromorpho__AA0678.swc,pyramidal,3051,0.9459,0.8313
sholl_mlp,neuromorpho__AA0685.swc,pyramidal,2787,1.0000,1.0000
sholl_mlp,neuromorpho__AA0710.swc,pyramidal,911,1.0000,1.0000
sholl_mlp,neuromorpho__AA0711.swc,pyramidal,2522,0.8846,0.7959
sholl_mlp,neuromorpho__AA0713.swc,pyramidal,1402,1.0000,1.0000
sholl_mlp,neuromorpho__AA0732.swc,pyramidal,3449,1.0000,1.0000
sholl_mlp,neuromorpho__AA0735.swc,pyramidal,27249,0.9966,0.8964
sholl_mlp,neuromorpho__AA0736.swc,pyramidal,2039,1.0000,1.0000
sholl_mlp,neuromorpho__AA0751.swc,pyramidal,2854,1.0000,1.0000
sholl_mlp,neuromorpho__AA0757.swc,pyramidal,1676,1.0000,1.0000
sholl_mlp,neuromorpho__AA0767.swc,pyramidal,12578,1.0000,1.0000
sholl_mlp,neuromorpho__AA0772.swc,pyramidal,10738,1.0000,1.0000
sholl_mlp,neuromorpho__AA0776.swc,pyramidal,3143,1.0000,1.0000
sholl_mlp,neuromorpho__AA0781.swc,pyramidal,2977,0.9600,0.8099
sholl_mlp,neuromorpho__AA0791.swc,pyramidal,5495,1.0000,1.0000
sholl_mlp,neuromorpho__AA0792.swc,pyramidal,3153,0.9369,0.8423
sholl_mlp,neuromorpho__AA0794.swc,pyramidal,7576,1.0000,1.0000
sholl_mlp,neuromorpho__AA0798.swc,pyramidal,11996,1.0000,1.0000
sholl_mlp,neuromorpho__AA0806.swc,pyramidal,4367,1.0000,1.0000
sholl_mlp,neuromorpho__AA0813.swc,pyramidal,991,1.0000,1.0000
sholl_mlp,neuromorpho__AA0820.swc,pyramidal,1858,0.8547,0.7424
sholl_mlp,neuromorpho__AA0823.swc,pyramidal,3906,1.0000,1.0000
sholl_mlp,neuromorpho__AA0824.swc,pyramidal,2107,1.0000,1.0000
sholl_mlp,neuromorpho__AA0843.swc,pyramidal,1155,0.8736,0.7719
sholl_mlp,neuromorpho__AA0850.swc,pyramidal,2407,0.9688,0.9586
sholl_mlp,neuromorpho__AA0852.swc,pyramidal,2073,0.9754,0.9456
sholl_mlp,neuromorpho__AA0863.swc,pyramidal,1084,0.8745,0.8426
sholl_mlp,neuromorpho__AA0865.swc,pyramidal,4937,0.9595,0.8607
sholl_mlp,neuromorpho__AA0870.swc,pyramidal,3636,1.0000,1.0000
sholl_mlp,neuromorpho__AA0873.swc,pyramidal,3447,1.0000,1.0000
sholl_mlp,neuromorpho__AA0876.swc,pyramidal,5531,1.0000,1.0000
sholl_mlp,neuromorpho__AA0884.swc,pyramidal,1116,1.0000,1.0000
sholl_mlp,neuromorpho__AA0891.swc,pyramidal,1526,1.0000,1.0000
sholl_mlp,neuromorpho__AA0899.swc,pyramidal,1272,1.0000,1.0000
sholl_mlp,neuromorpho__AA0902.swc,pyramidal,361,0.5845,0.3684
sholl_mlp,neuromorpho__AA0906.swc,pyramidal,2717,1.0000,1.0000
sholl_mlp,neuromorpho__AA0913.swc,pyramidal,1101,1.0000,1.0000
sholl_mlp,neuromorpho__AA0914.swc,pyramidal,1705,1.0000,1.0000
sholl_mlp,neuromorpho__AA0919.swc,pyramidal,2851,1.0000,1.0000
sholl_mlp,neuromorpho__AA0926.swc,pyramidal,5649,1.0000,1.0000
sholl_mlp,neuromorpho__AA0945.swc,pyramidal,5457,1.0000,1.0000
sholl_mlp,neuromorpho__AA0953.swc,pyramidal,2550,1.0000,1.0000
sholl_mlp,neuromorpho__AA0994.swc,pyramidal,745,0.8107,0.7146
sholl_mlp,neuromorpho__alpha-15.swc,pyramidal,70,1.0000,1.0000
sholl_mlp,neuromorpho__alpha-17.swc,pyramidal,105,1.0000,1.0000
sholl_mlp,neuromorpho__alpha-5.swc,pyramidal,62,1.0000,1.0000
sholl_mlp,neuromorpho__APPKO-set1-010.swc,pyramidal,1015,1.0000,1.0000
sholl_mlp,neuromorpho__APPKO-set2-004.swc,pyramidal,1097,1.0000,1.0000
sholl_mlp,neuromorpho__APPKO-set3-001.swc,pyramidal,1469,1.0000,1.0000
sholl_mlp,neuromorpho__APPKO-set3-002.swc,pyramidal,1168,0.6045,0.7532
sholl_mlp,neuromorpho__august5s1-cell-1.swc,pyramidal,822,0.5487,0.3541
sholl_mlp,neuromorpho__august8s1-cell-3.swc,pyramidal,898,0.6771,0.4036
sholl_mlp,neuromorpho__B1_slide1_1.swc,pyramidal,286,0.9231,0.6336
sholl_mlp,neuromorpho__B1_slide1_2.swc,pyramidal,389,1.0000,1.0000
sholl_mlp,neuromorpho__B1_slide2_10.swc,pyramidal,377,0.9257,0.6368
sholl_mlp,neuromorpho__B1_slide2_3.swc,pyramidal,810,0.9802,0.6608
sholl_mlp,neuromorpho__B1_slide2_neuron1_II_III.swc,pyramidal,1099,0.9236,0.6358
sholl_mlp,neuromorpho__B1_Slide3_1.swc,pyramidal,451,0.9202,0.6374
sholl_mlp,neuromorpho__B1_slide3_5.swc,pyramidal,178,0.4831,0.2163
sholl_mlp,neuromorpho__B1_slide3_6.swc,pyramidal,385,0.5714,0.2421
sholl_mlp,neuromorpho__B1_slide3_9.swc,pyramidal,306,0.3137,0.1583
sholl_mlp,neuromorpho__B1_slide3_neuron1.swc,pyramidal,465,0.9312,0.6448
sholl_mlp,neuromorpho__B1_slide3_neuron1_II_III.swc,pyramidal,239,0.7615,0.2880
sholl_mlp,neuromorpho__B1_slide4_4.swc,pyramidal,661,0.9622,0.6521
sholl_mlp,neuromorpho__B1_slide4_neuron1_II_III.swc,pyramidal,909,0.5501,0.5476
sholl_mlp,neuromorpho__B1_slide4_neuron4.swc,pyramidal,504,1.0000,1.0000
sholl_mlp,neuromorpho__B1_slide4_neuron5.swc,pyramidal,1862,0.9898,0.6613
sholl_mlp,neuromorpho__B2_slide1_7.swc,pyramidal,385,0.9662,0.6513
sholl_mlp,neuromorpho__B2_slide1_neuron4_II_III.swc,pyramidal,394,0.5736,0.2427
sholl_mlp,neuromorpho__B2_slide2_17.swc,pyramidal,333,0.8498,0.6235
sholl_mlp,neuromorpho__B2_slide2_5.swc,pyramidal,705,0.9617,0.6540
sholl_mlp,neuromorpho__B2_slide2_7.swc,pyramidal,400,0.9750,0.6581
sholl_mlp,neuromorpho__B2_slide2_9a.swc,pyramidal,1802,0.9800,0.6618
sholl_mlp,neuromorpho__B2_slide2_neuron2.swc,pyramidal,483,0.9358,0.6425
sholl_mlp,neuromorpho__B2_slide2_neuron3.swc,pyramidal,478,1.0000,1.0000
sholl_mlp,neuromorpho__B2_slide2_neuron5.swc,pyramidal,447,0.4944,0.3303
sholl_mlp,neuromorpho__B2_slide3_16.swc,pyramidal,1646,0.9866,0.6563
sholl_mlp,neuromorpho__B2_slide3_8.swc,pyramidal,742,0.9636,0.6557
sholl_mlp,neuromorpho__B2_slide3_neuron3.swc,pyramidal,372,1.0000,1.0000
sholl_mlp,neuromorpho__B3_slide1_4.swc,pyramidal,1101,0.9918,0.6629
sholl_mlp,neuromorpho__B3_slide1_neuron2.swc,pyramidal,516,0.9845,0.6616
sholl_mlp,neuromorpho__B3_slide1_neuron5.swc,pyramidal,1599,0.9694,0.6554
sholl_mlp,neuromorpho__B3_slide2_10.swc,pyramidal,621,0.5990,0.2496
sholl_mlp,neuromorpho__B3_slide2_11.swc,pyramidal,1461,0.9836,0.6612
sholl_mlp,neuromorpho__B3_slide2_12.swc,pyramidal,1168,1.0000,1.0000
sholl_mlp,neuromorpho__B3_slide2_15.swc,pyramidal,311,1.0000,1.0000
sholl_mlp,neuromorpho__B3_slide2_4.swc,pyramidal,474,0.9515,0.6528
sholl_mlp,neuromorpho__B3_slide2_5.swc,pyramidal,551,0.9800,0.6609
sholl_mlp,neuromorpho__B3_slide2_neuron4_.swc,pyramidal,410,1.0000,1.0000
sholl_mlp,neuromorpho__B3_slide3_neuron4.swc,pyramidal,422,0.6209,0.5823
sholl_mlp,neuromorpho__B3_slide4_neuron1.swc,pyramidal,1721,0.8611,0.5694
sholl_mlp,neuromorpho__B4_slide2_8.swc,pyramidal,1385,0.9884,0.6626
sholl_mlp,neuromorpho__B4_slide2_neuron2_II_III.swc,pyramidal,1050,0.9724,0.6535
sholl_mlp,neuromorpho__B4_slide3_11.swc,pyramidal,417,0.4365,0.2021
sholl_mlp,neuromorpho__B4_slide3_12.swc,pyramidal,429,0.9557,0.6296
sholl_mlp,neuromorpho__B4_slide3_13.swc,pyramidal,496,1.0000,1.0000
sholl_mlp,neuromorpho__B4_slide3_20.swc,pyramidal,753,0.9681,0.6560
sholl_mlp,neuromorpho__B4_slide3_5.swc,pyramidal,912,0.9167,0.6385
sholl_mlp,neuromorpho__B4_slide3_neuron2.swc,pyramidal,348,0.3793,0.1827
sholl_mlp,neuromorpho__B4_slide3_neuron2_II_III.swc,pyramidal,586,0.7150,0.5764
sholl_mlp,neuromorpho__B4_slide3_neuron4.swc,pyramidal,407,0.2948,0.1511
sholl_mlp,neuromorpho__B4_slide4_1.swc,pyramidal,333,0.5766,0.2435
sholl_mlp,neuromorpho__B4_slide4_neuron3.swc,pyramidal,474,1.0000,1.0000
sholl_mlp,neuromorpho__B4_slide4_neuron4_II_III.swc,pyramidal,654,0.3135,0.1587
sholl_mlp,neuromorpho__B913_NeuronC_40x_Tile_Trace_MK.swc,pyramidal,1414,0.1860,0.1564
sholl_mlp,neuromorpho__B924_NeuronA_40X_Tile_Trace_RK.swc,pyramidal,1330,0.3436,0.2555
sholl_mlp,neuromorpho__B949_NeuronC_40x_Tile_Trace_RK.swc,pyramidal,796,0.3844,0.2773
sholl_mlp,neuromorpho__B_GFP_0003_final.swc,pyramidal,757,1.0000,1.0000
sholl_mlp,neuromorpho__B_GFP_0007_final.swc,pyramidal,776,1.0000,1.0000
sholl_mlp,neuromorpho__B_GFP_0017_final.swc,pyramidal,742,1.0000,1.0000
sholl_mlp,neuromorpho__B_RFP_0001_final.swc,pyramidal,1073,1.0000,1.0000
sholl_mlp,neuromorpho__B_RFP_0001_final2.swc,pyramidal,952,1.0000,1.0000
sholl_mlp,neuromorpho__B_RFP_0002_final.swc,pyramidal,924,1.0000,1.0000
sholl_mlp,neuromorpho__B_RFP_0006_final.swc,pyramidal,790,1.0000,1.0000
sholl_mlp,neuromorpho__B_RFP_0008_final.swc,pyramidal,1195,1.0000,1.0000
sholl_mlp,neuromorpho__B_RFP_0011_final.swc,pyramidal,872,1.0000,1.0000
sholl_mlp,neuromorpho__B_RFP_0015_final.swc,pyramidal,1034,1.0000,1.0000
sholl_mlp,neuromorpho__beta-13.swc,pyramidal,241,1.0000,1.0000
sholl_mlp,neuromorpho__beta-19.swc,pyramidal,140,1.0000,1.0000
sholl_mlp,neuromorpho__beta-4.swc,pyramidal,142,1.0000,1.0000
sholl_mlp,neuromorpho__beta-6.swc,pyramidal,127,1.0000,1.0000
sholl_mlp,neuromorpho__beta.swc,pyramidal,93,1.0000,1.0000
sholl_mlp,neuromorpho__C10-17.swc,pyramidal,364,1.0000,1.0000
sholl_mlp,neuromorpho__C10-23.swc,pyramidal,310,0.7903,0.4412
sholl_mlp,neuromorpho__C10-3.swc,pyramidal,448,0.7946,0.4426
sholl_mlp,neuromorpho__C10-31.swc,pyramidal,480,0.5062,0.3356
sholl_mlp,neuromorpho__C10-5.swc,pyramidal,608,1.0000,1.0000
sholl_mlp,neuromorpho__C1005-2KO-whole-8.swc,pyramidal,153,0.7516,0.4286
sholl_mlp,neuromorpho__C1042-whole-2.swc,pyramidal,61,0.5410,0.3478
sholl_mlp,neuromorpho__C1046-ap1-3.swc,pyramidal,81,0.0123,0.0000
sholl_mlp,neuromorpho__C1046-whole-4-ap-1.swc,pyramidal,56,0.0179,0.0000
sholl_mlp,neuromorpho__C1054-whole-3.swc,pyramidal,50,0.0200,0.0000
sholl_mlp,neuromorpho__C3_3.swc,pyramidal,663,0.5671,0.2411
sholl_mlp,neuromorpho__C912-WT-basal-2.swc,pyramidal,72,1.0000,1.0000
sholl_mlp,neuromorpho__C916-WT-ap1.swc,pyramidal,66,0.0152,0.0000
sholl_mlp,neuromorpho__C916-WT-M8-123-3.swc,pyramidal,95,1.0000,1.0000
sholl_mlp,neuromorpho__C916-WT-M8base-whole-5.swc,pyramidal,202,0.7921,0.4417
sholl_mlp,neuromorpho__C_GFP_0014_final.swc,pyramidal,760,1.0000,1.0000
sholl_mlp,neuromorpho__C_RFP_0004_final.swc,pyramidal,662,1.0000,1.0000
sholl_mlp,neuromorpho__C_RFP_0010_final.swc,pyramidal,1498,1.0000,1.0000
sholl_mlp,neuromorpho__CA1_slide2_neuron1.swc,pyramidal,842,0.8100,0.5806
sholl_mlp,neuromorpho__CA1_slide2_neuron2.swc,pyramidal,1861,0.9866,0.6634
sholl_mlp,neuromorpho__CA3_slide2_neuron3.swc,pyramidal,1584,0.8321,0.5324
sholl_mlp,neuromorpho__CA3_slide2_neuron5.swc,pyramidal,1463,0.9877,0.6619
sholl_mlp,neuromorpho__CA4_slide3_neuron3.swc,pyramidal,709,0.9394,0.6506
sholl_mlp,neuromorpho__Cell-1-2_10.swc,pyramidal,377,0.1008,0.0896
sholl_mlp,neuromorpho__Cell-1-2_8.swc,pyramidal,369,1.0000,1.0000
sholl_mlp,neuromorpho__Cell-10-3.swc,pyramidal,148,1.0000,1.0000
sholl_mlp,neuromorpho__Cell-10-4_1.swc,pyramidal,458,1.0000,1.0000
sholl_mlp,neuromorpho__Cell-11-3_1.swc,pyramidal,364,1.0000,1.0000
sholl_mlp,neuromorpho__Cell-12-2_2.swc,pyramidal,256,1.0000,1.0000
sholl_mlp,neuromorpho__Cell-12_7.swc,pyramidal,355,1.0000,1.0000
sholl_mlp,neuromorpho__Cell-12_8.swc,pyramidal,176,1.0000,1.0000
sholl_mlp,neuromorpho__Cell-13-4_1.swc,pyramidal,186,1.0000,1.0000
sholl_mlp,neuromorpho__Cell-14_5.swc,pyramidal,259,1.0000,1.0000
sholl_mlp,neuromorpho__Cell-15-2.swc,pyramidal,434,0.7719,0.8709
sholl_mlp,neuromorpho__Cell-15-3.swc,pyramidal,311,1.0000,1.0000
sholl_mlp,neuromorpho__Cell-16_4.swc,pyramidal,145,1.0000,1.0000
sholl_mlp,neuromorpho__Cell-16_5.swc,pyramidal,152,1.0000,1.0000
sholl_mlp,neuromorpho__Cell-17-2.swc,pyramidal,173,0.6821,0.8097
sholl_mlp,neuromorpho__Cell-17_3.swc,pyramidal,329,1.0000,1.0000
sholl_mlp,neuromorpho__Cell-17_5.swc,pyramidal,114,1.0000,1.0000
sholl_mlp,neuromorpho__Cell-18-3.swc,pyramidal,276,1.0000,1.0000
sholl_mlp,neuromorpho__Cell-18-4.swc,pyramidal,258,0.6667,0.7991
sholl_mlp,neuromorpho__Cell-18_03.swc,pyramidal,179,0.4693,0.6360
sholl_mlp,neuromorpho__Cell-19_2.swc,pyramidal,300,0.5600,0.7167
sholl_mlp,neuromorpho__Cell-1_13.swc,pyramidal,142,1.0000,1.0000
sholl_mlp,neuromorpho__Cell-2-4_1.swc,pyramidal,300,1.0000,1.0000
sholl_mlp,neuromorpho__Cell-3-2_10.swc,pyramidal,347,1.0000,1.0000
sholl_mlp,neuromorpho__Cell-3-2_5.swc,pyramidal,154,1.0000,1.0000
sholl_mlp,neuromorpho__Cell-3-2_6.swc,pyramidal,246,0.7724,0.8710
sholl_mlp,neuromorpho__Cell-3-2_7.swc,pyramidal,153,1.0000,1.0000
sholl_mlp,neuromorpho__Cell-3_10.swc,pyramidal,168,1.0000,1.0000
sholl_mlp,neuromorpho__Cell-3_14.swc,pyramidal,198,0.2020,0.1653
sholl_mlp,neuromorpho__Cell-4-2_6.swc,pyramidal,208,0.7115,0.8305
sholl_mlp,neuromorpho__Cell-4-2_7.swc,pyramidal,216,1.0000,1.0000
sholl_mlp,neuromorpho__Cell-4-2_8.swc,pyramidal,266,1.0000,1.0000
sholl_mlp,neuromorpho__Cell-4-2_9.swc,pyramidal,317,1.0000,1.0000
sholl_mlp,neuromorpho__Cell-4-3_2.swc,pyramidal,92,1.0000,1.0000
sholl_mlp,neuromorpho__Cell-4-4_2.swc,pyramidal,148,1.0000,1.0000
sholl_mlp,neuromorpho__Cell-4-5_1.swc,pyramidal,233,1.0000,1.0000
sholl_mlp,neuromorpho__Cell-4_10.swc,pyramidal,125,1.0000,1.0000
sholl_mlp,neuromorpho__Cell-4_13.swc,pyramidal,228,1.0000,1.0000
sholl_mlp,neuromorpho__Cell-5-3_2.swc,pyramidal,207,1.0000,1.0000
sholl_mlp,neuromorpho__Cell-5-4_1.swc,pyramidal,309,1.0000,1.0000
sholl_mlp,neuromorpho__Cell-5_10.swc,pyramidal,244,1.0000,1.0000
sholl_mlp,neuromorpho__Cell-5_9.swc,pyramidal,250,1.0000,1.0000
sholl_mlp,neuromorpho__Cell-6-4_2.swc,pyramidal,323,0.1300,0.1129
sholl_mlp,neuromorpho__Cell-6_10.swc,pyramidal,161,0.4224,0.2952
sholl_mlp,neuromorpho__Cell-7-2_3.swc,pyramidal,254,1.0000,1.0000
sholl_mlp,neuromorpho__Cell-7-2_4.swc,pyramidal,346,1.0000,1.0000
sholl_mlp,neuromorpho__Cell-7_6.swc,pyramidal,112,1.0000,1.0000
sholl_mlp,neuromorpho__Cell-7_7.swc,pyramidal,187,1.0000,1.0000
sholl_mlp,neuromorpho__Cell-8-2_1.swc,pyramidal,176,1.0000,1.0000
sholl_mlp,neuromorpho__Cell-8_03.swc,pyramidal,169,1.0000,1.0000
sholl_mlp,neuromorpho__Cell-8_5.swc,pyramidal,269,1.0000,1.0000
sholl_mlp,neuromorpho__Cell-9-2_5.swc,pyramidal,310,1.0000,1.0000
sholl_mlp,neuromorpho__cM2p_11.swc,pyramidal,4698,1.0000,1.0000
sholl_mlp,neuromorpho__cM2p_12.swc,pyramidal,3667,1.0000,1.0000
sholl_mlp,neuromorpho__cortex-1148-1.swc,pyramidal,72,1.0000,1.0000
sholl_mlp,neuromorpho__cortex-1148-6.swc,pyramidal,56,1.0000,1.0000
sholl_mlp,neuromorpho__cortex-1155-3.swc,pyramidal,67,1.0000,1.0000
sholl_mlp,neuromorpho__cortex-1159-7.swc,pyramidal,81,1.0000,1.0000
sholl_mlp,neuromorpho__cortex-1159-8.swc,pyramidal,80,1.0000,1.0000
sholl_mlp,neuromorpho__cortex-229-7.swc,pyramidal,54,1.0000,1.0000
sholl_mlp,neuromorpho__cortex-420-4.swc,pyramidal,85,1.0000,1.0000
sholl_mlp,neuromorpho__cortex-456-5.swc,pyramidal,111,1.0000,1.0000
sholl_mlp,neuromorpho__cortex-516-1.swc,pyramidal,98,1.0000,1.0000
sholl_mlp,neuromorpho__cortex-516-2.swc,pyramidal,44,1.0000,1.0000
sholl_mlp,neuromorpho__cortex-519-1.swc,pyramidal,78,1.0000,1.0000
sholl_mlp,neuromorpho__cortex-519-5.swc,pyramidal,30,1.0000,1.0000
sholl_mlp,neuromorpho__cortex-519-9.swc,pyramidal,47,1.0000,1.0000
sholl_mlp,neuromorpho__cortex-521-4.swc,pyramidal,53,1.0000,1.0000
sholl_mlp,neuromorpho__cortex-521-5.swc,pyramidal,34,1.0000,1.0000
sholl_mlp,neuromorpho__cortex-537-6.swc,pyramidal,52,1.0000,1.0000
sholl_mlp,neuromorpho__cortex-539-1.swc,pyramidal,53,1.0000,1.0000
sholl_mlp,neuromorpho__cortex-557-6.swc,pyramidal,54,1.0000,1.0000
sholl_mlp,neuromorpho__cortex-570-4.swc,pyramidal,104,1.0000,1.0000
sholl_mlp,neuromorpho__cortex-858-3.swc,pyramidal,47,1.0000,1.0000
sholl_mlp,neuromorpho__cortex-858-4.swc,pyramidal,63,1.0000,1.0000
sholl_mlp,neuromorpho__cortex-858-5.swc,pyramidal,45,1.0000,1.0000
sholl_mlp,neuromorpho__cortex-858-6.swc,pyramidal,59,1.0000,1.0000
sholl_mlp,neuromorpho__cortex102-2.swc,pyramidal,106,1.0000,1.0000
sholl_mlp,neuromorpho__cortex102-3.swc,pyramidal,87,1.0000,1.0000
sholl_mlp,neuromorpho__cortex102-5.swc,pyramidal,149,1.0000,1.0000
sholl_mlp,neuromorpho__cortex104-4.swc,pyramidal,164,1.0000,1.0000
sholl_mlp,neuromorpho__cortex117-7.swc,pyramidal,88,1.0000,1.0000
sholl_mlp,neuromorpho__cortex134-3.swc,pyramidal,81,1.0000,1.0000
sholl_mlp,neuromorpho__cortex156-3.swc,pyramidal,115,1.0000,1.0000
sholl_mlp,neuromorpho__cortex156-6.swc,pyramidal,101,1.0000,1.0000
sholl_mlp,neuromorpho__cortex157-7.swc,pyramidal,91,1.0000,1.0000
sholl_mlp,neuromorpho__cortex158-1.swc,pyramidal,43,1.0000,1.0000
sholl_mlp,neuromorpho__cortex158-6.swc,pyramidal,43,1.0000,1.0000
sholl_mlp,neuromorpho__cortex163-3.swc,pyramidal,174,1.0000,1.0000
sholl_mlp,neuromorpho__cortex168-2.swc,pyramidal,48,1.0000,1.0000
sholl_mlp,neuromorpho__cortex168-6.swc,pyramidal,78,1.0000,1.0000
sholl_mlp,neuromorpho__cortex169-1.swc,pyramidal,92,1.0000,1.0000
sholl_mlp,neuromorpho__cortex170-5.swc,pyramidal,68,1.0000,1.0000
sholl_mlp,neuromorpho__cortex170-6.swc,pyramidal,69,1.0000,1.0000
sholl_mlp,neuromorpho__cortex172-1.swc,pyramidal,51,1.0000,1.0000
sholl_mlp,neuromorpho__cortex223-5.swc,pyramidal,93,1.0000,1.0000
sholl_mlp,neuromorpho__cortex285-2.swc,pyramidal,129,1.0000,1.0000
sholl_mlp,neuromorpho__cortex285-4.swc,pyramidal,110,1.0000,1.0000
sholl_mlp,neuromorpho__cortex286-1.swc,pyramidal,101,1.0000,1.0000
sholl_mlp,neuromorpho__cortex286-3.swc,pyramidal,55,1.0000,1.0000
sholl_mlp,neuromorpho__cortex286-4.swc,pyramidal,59,1.0000,1.0000
sholl_mlp,neuromorpho__cortex286-5.swc,pyramidal,100,1.0000,1.0000
sholl_mlp,neuromorpho__cortex303-1.swc,pyramidal,104,1.0000,1.0000
sholl_mlp,neuromorpho__cortex303-4.swc,pyramidal,78,1.0000,1.0000
sholl_mlp,neuromorpho__cortex305-3.swc,pyramidal,87,1.0000,1.0000
sholl_mlp,neuromorpho__cortex305-7.swc,pyramidal,49,1.0000,1.0000
sholl_mlp,neuromorpho__cortex367-3.swc,pyramidal,113,1.0000,1.0000
sholl_mlp,neuromorpho__cortex367-5.swc,pyramidal,69,1.0000,1.0000
sholl_mlp,neuromorpho__cortex368-4.swc,pyramidal,97,1.0000,1.0000
sholl_mlp,neuromorpho__cortex368-5.swc,pyramidal,85,1.0000,1.0000
sholl_mlp,neuromorpho__cortex370-1.swc,pyramidal,34,1.0000,1.0000
sholl_mlp,neuromorpho__cortex370-5.swc,pyramidal,44,1.0000,1.0000
sholl_mlp,neuromorpho__cortex370-6.swc,pyramidal,53,1.0000,1.0000
sholl_mlp,neuromorpho__cortex412-2.swc,pyramidal,58,1.0000,1.0000
sholl_mlp,neuromorpho__cortex412-6.swc,pyramidal,63,1.0000,1.0000
sholl_mlp,neuromorpho__cortex417-1.swc,pyramidal,49,1.0000,1.0000
sholl_mlp,neuromorpho__cortex417-2.swc,pyramidal,70,1.0000,1.0000
sholl_mlp,neuromorpho__cortex99-6.swc,pyramidal,54,1.0000,1.0000
sholl_mlp,neuromorpho__crop0_1_seg_split_9_1-1.swc,pyramidal,837,1.0000,1.0000
sholl_mlp,neuromorpho__crop0_2_seg_split_16_1-1.swc,pyramidal,836,1.0000,1.0000
sholl_mlp,neuromorpho__crop0_2_seg_split_4_1-2.swc,pyramidal,758,1.0000,1.0000
sholl_mlp,neuromorpho__crop0_2_seg_split_5_1-15.swc,pyramidal,1611,1.0000,1.0000
sholl_mlp,neuromorpho__crop0_2_seg_split_6_1-35.swc,pyramidal,545,1.0000,1.0000
sholl_mlp,neuromorpho__CSp0302-1.swc,pyramidal,12269,1.0000,1.0000
sholl_mlp,neuromorpho__ctg_bV1_6.swc,pyramidal,365,1.0000,1.0000
sholl_mlp,neuromorpho__ctrl_bV1_3.swc,pyramidal,669,1.0000,1.0000
sholl_mlp,neuromorpho__ctrl_bV1_6.swc,pyramidal,857,1.0000,1.0000
sholl_mlp,neuromorpho__ctrl_bV1_7.swc,pyramidal,392,1.0000,1.0000
sholl_mlp,neuromorpho__Ctrl_V1B-L23_cell4.swc,pyramidal,807,1.0000,1.0000
sholl_mlp,neuromorpho__EDF1_D4-Fresh-Hippo-1-EDF_crop-1.swc,pyramidal,736,1.0000,1.0000
sholl_mlp,neuromorpho__EDF1_D4-Fresh-Hippo-1-EDF_crop-3.swc,pyramidal,1170,1.0000,1.0000
sholl_mlp,neuromorpho__EDF1_D4-Fresh-Hippo-1-EDF_crop-9.swc,pyramidal,1232,1.0000,1.0000
sholl_mlp,neuromorpho__EDF2_D4-Fresh-Hippo-2-EDF_crop-6.swc,pyramidal,2313,1.0000,1.0000
sholl_mlp,neuromorpho__Exp_V1B-L23_cell1.swc,pyramidal,617,0.6434,0.7826
sholl_mlp,neuromorpho__Exp_V1B-L23_cell3.swc,pyramidal,568,1.0000,1.0000
sholl_mlp,neuromorpho__Exp_V1B-L5_cell1.swc,pyramidal,1042,1.0000,1.0000
sholl_mlp,neuromorpho__Exp_V1B-L5_cell8.swc,pyramidal,907,0.5116,0.6764
sholl_mlp,neuromorpho__Fig5a_4cell.swc,pyramidal,1857,0.4152,0.2932
sholl_mlp,neuromorpho__Fig5a_8cell.swc,pyramidal,1930,1.0000,1.0000
sholl_mlp,neuromorpho__Fresh-2-2.swc,pyramidal,3304,1.0000,1.0000
sholl_mlp,neuromorpho__Fresh-3-1.swc,pyramidal,5612,1.0000,1.0000
sholl_mlp,neuromorpho__Fresh-8-2.swc,pyramidal,2614,1.0000,1.0000
sholl_mlp,neuromorpho__Fresh-D4-Phall-Tau-Map2-16.swc,pyramidal,2045,1.0000,1.0000
sholl_mlp,neuromorpho__Fresh-D4-Phall-Tau-Map2-5.swc,pyramidal,866,1.0000,1.0000
sholl_mlp,neuromorpho__Fresh-D4-Phall-Tau-Map2-9.swc,pyramidal,2829,1.0000,1.0000
sholl_mlp,neuromorpho__Fresh-D4-Phall-Tau-Map2001-10.swc,pyramidal,2538,1.0000,1.0000
sholl_mlp,neuromorpho__Fresh-D4-Phall-Tau-Map2001-11.swc,pyramidal,2008,1.0000,1.0000
sholl_mlp,neuromorpho__Fresh-D4-Phall-Tau-Map2001-6.swc,pyramidal,521,1.0000,1.0000
sholl_mlp,neuromorpho__Fresh-D4-Phall-Tau-Map2001-7.swc,pyramidal,1200,1.0000,1.0000
sholl_mlp,neuromorpho__Fresh-D4-Phall-Tau-Map2003-14.swc,pyramidal,1587,1.0000,1.0000
sholl_mlp,neuromorpho__Fresh-D4-Phall-Tau-Map2003-22.swc,pyramidal,1048,1.0000,1.0000
sholl_mlp,neuromorpho__Fresh-D4-Phall-Tau-Map2003-3.swc,pyramidal,1489,1.0000,1.0000
sholl_mlp,neuromorpho__Fresh-D4-Phall-Tau-Map2003-6.swc,pyramidal,887,1.0000,1.0000
sholl_mlp,neuromorpho__Fresh-D4-Phall-Tau-Map2003-7.swc,pyramidal,1044,1.0000,1.0000
sholl_mlp,neuromorpho__Fresh-D4-Phall-Tau-Map2004-10.swc,pyramidal,2358,1.0000,1.0000
sholl_mlp,neuromorpho__Fresh-D4-Phall-Tau-Map2004-12.swc,pyramidal,995,1.0000,1.0000
sholl_mlp,neuromorpho__Fresh-D4-Phall-Tau-Map2004-3.swc,pyramidal,1470,1.0000,1.0000
sholl_mlp,neuromorpho__Fresh-D4-Phall-Tau-Map2005-3.swc,pyramidal,1159,1.0000,1.0000
sholl_mlp,neuromorpho__Fresh-D4-Phall-Tau-Map2009-6.swc,pyramidal,3148,1.0000,1.0000
sholl_mlp,neuromorpho__Fresh-D4-Sholl-Exp-3001-4.swc,pyramidal,1552,1.0000,1.0000
sholl_mlp,neuromorpho__Fresh-D4-Sholl-Exp-3003-2.swc,pyramidal,354,1.0000,1.0000
sholl_mlp,neuromorpho__Fresh-D4-Sholl-Exp-3003-8.swc,pyramidal,1107,1.0000,1.0000
sholl_mlp,neuromorpho__Fresh-D4-Sholl-Exp-3005-5.swc,pyramidal,1699,1.0000,1.0000
sholl_mlp,neuromorpho__Fresh-D4-Sholl-Exp-3006-3.swc,pyramidal,1638,1.0000,1.0000
sholl_mlp,neuromorpho__Fresh-D4-Sholl-Exp-3007-2.swc,pyramidal,596,1.0000,1.0000
sholl_mlp,neuromorpho__Fresh-D4-Sholl-Exp-3007-3.swc,pyramidal,932,1.0000,1.0000
sholl_mlp,neuromorpho__Fresh-D7-Sholl-Tau-RFP-MAP2001-1.swc,pyramidal,2359,1.0000,1.0000
sholl_mlp,neuromorpho__Fresh-D7-Sholl-Tau-RFP-MAP2001-2.swc,pyramidal,1550,1.0000,1.0000
sholl_mlp,neuromorpho__Fresh-D7-Sholl-Tau-RFP-MAP2002_crop-1.swc,pyramidal,1515,1.0000,1.0000
sholl_mlp,neuromorpho__Fresh-D7-Sholl-Tau-RFP-MAP2003_crop-3.swc,pyramidal,1642,1.0000,1.0000
sholl_mlp,neuromorpho__Fresh-D7-Sholl-Tau-RFP-MAP2005_crop-2.swc,pyramidal,4251,1.0000,1.0000
sholl_mlp,neuromorpho__Fresh-D7-Sholl-Tau-RFP-MAP2006_crop-4.swc,pyramidal,1858,1.0000,1.0000
sholl_mlp,neuromorpho__Fresh-D7-Sholl-Tau-RFP-MAP2006_crop.swc,pyramidal,5980,1.0000,1.0000
sholl_mlp,neuromorpho__Fresh-D7-Sholl-Tau-RFP-MAP2007_crop-5.swc,pyramidal,3045,1.0000,1.0000
sholl_mlp,neuromorpho__Fresh-D7-Sholl-Tau-RFP-MAP2014_crop-6.swc,pyramidal,2493,1.0000,1.0000
sholl_mlp,neuromorpho__Fresh-D7-Sholl-Tau-RFP-MAP2015_crop-3.swc,pyramidal,3144,1.0000,1.0000
sholl_mlp,neuromorpho__Fresh-D7-Sholl-Tau-RFP-MAP2015_crop-6.swc,pyramidal,1316,1.0000,1.0000
sholl_mlp,neuromorpho__Fresh-D7-Sholl-Tau-RFP-MAP2015_crop.swc,pyramidal,2781,1.0000,1.0000
sholl_mlp,neuromorpho__Fresh-Sholl-2-D7-Tau-LA-Map2001_crop-1.swc,pyramidal,1568,1.0000,1.0000
sholl_mlp,neuromorpho__Fresh-Sholl-2-D7-Tau-LA-Map2006_crop.swc,pyramidal,3045,1.0000,1.0000
sholl_mlp,neuromorpho__Fresh-Sholl-2-D7-Tau-LA-Map2008_crop.swc,pyramidal,4040,1.0000,1.0000
sholl_mlp,neuromorpho__Fresh-Sholl-2-D7-Tau-LA-Map2012_crop.swc,pyramidal,1969,1.0000,1.0000
sholl_mlp,neuromorpho__Fresh-Sholl-2-D7-Tau-LA-Map2015_crop.swc,pyramidal,2627,1.0000,1.0000
sholl_mlp,neuromorpho__g0445-7_cellA.swc,pyramidal,837,0.2043,0.1127
sholl_mlp,neuromorpho__g0697P1.swc,pyramidal,3760,0.8431,0.5695
sholl_mlp,neuromorpho__g0759_b2.swc,pyramidal,1630,0.9301,0.5775
sholl_mlp,neuromorpho__G7-19.swc,pyramidal,253,1.0000,1.0000
sholl_mlp,neuromorpho__Green_19weeks_Neuron6.swc,pyramidal,116,1.0000,1.0000
sholl_mlp,neuromorpho__Green_1week_Neuron2.swc,pyramidal,31,1.0000,1.0000
sholl_mlp,neuromorpho__Green_2w_Neuron7_add'l.swc,pyramidal,22,1.0000,1.0000
sholl_mlp,neuromorpho__Green_2weeks_Neuron11add'l.swc,pyramidal,30,1.0000,1.0000
sholl_mlp,neuromorpho__Green_2weeks_Neuron9add'l.swc,pyramidal,34,1.0000,1.0000
sholl_mlp,neuromorpho__Green_4weeks_Neuron1.swc,pyramidal,137,1.0000,1.0000
sholl_mlp,neuromorpho__Green_4weeks_Neuron11_addl.swc,pyramidal,24,1.0000,1.0000
sholl_mlp,neuromorpho__Green_4weeks_Neuron14.swc,pyramidal,36,1.0000,1.0000
sholl_mlp,neuromorpho__Green_4weeks_Neuron9.swc,pyramidal,48,1.0000,1.0000
sholl_mlp,neuromorpho__Green_6weeks_Neuron2_addl.swc,pyramidal,73,1.0000,1.0000
sholl_mlp,neuromorpho__Green_6Weeks_Neuron4.swc,pyramidal,47,1.0000,1.0000
sholl_mlp,neuromorpho__Green_7-5weeks_Neuron3.swc,pyramidal,48,1.0000,1.0000
sholl_mlp,neuromorpho__Green_7-5weeks_Neuron7.swc,pyramidal,94,0.2979,0.4500
sholl_mlp,neuromorpho__Green_8weeks_Neuron9.swc,pyramidal,25,1.0000,1.0000
sholl_mlp,neuromorpho__group1_cell11.swc,pyramidal,2908,1.0000,1.0000
sholl_mlp,neuromorpho__group1_cell17.swc,pyramidal,2458,1.0000,1.0000
sholl_mlp,neuromorpho__group1_cell22.swc,pyramidal,1937,1.0000,1.0000
sholl_mlp,neuromorpho__group2_cell10.swc,pyramidal,1362,1.0000,1.0000
sholl_mlp,neuromorpho__group2_cell6.swc,pyramidal,3853,1.0000,1.0000
sholl_mlp,neuromorpho__Gunnersen_A12b3slice1LHS.swc,pyramidal,996,1.0000,1.0000
sholl_mlp,neuromorpho__Gunnersen_A14b4slice4RHS.swc,pyramidal,273,1.0000,1.0000
sholl_mlp,neuromorpho__Gunnersen_A15b4slice4LHS.swc,pyramidal,159,1.0000,1.0000
sholl_mlp,neuromorpho__Gunnersen_A3b1slice5RHS.swc,pyramidal,1715,1.0000,1.0000
sholl_mlp,neuromorpho__Gunnersen_B15b4slice1RHS.swc,pyramidal,632,1.0000,1.0000
sholl_mlp,neuromorpho__Gunnersen_B15b4slice2RHS.swc,pyramidal,579,1.0000,1.0000
sholl_mlp,neuromorpho__Gunnersen_B17b5slice3RHS.swc,pyramidal,946,1.0000,1.0000
sholl_mlp,neuromorpho__Gunnersen_B3b1slice2LHS.swc,pyramidal,961,1.0000,1.0000
sholl_mlp,neuromorpho__het_1-2_21.swc,pyramidal,127,1.0000,1.0000
sholl_mlp,neuromorpho__het_1-3.swc,pyramidal,221,1.0000,1.0000
sholl_mlp,neuromorpho__het_10-2.swc,pyramidal,324,1.0000,1.0000
sholl_mlp,neuromorpho__het_13_37.swc,pyramidal,153,1.0000,1.0000
sholl_mlp,neuromorpho__het_16_30.swc,pyramidal,71,1.0000,1.0000
sholl_mlp,neuromorpho__het_1_51.swc,pyramidal,303,1.0000,1.0000
sholl_mlp,neuromorpho__het_3-1.swc,pyramidal,206,1.0000,1.0000
sholl_mlp,neuromorpho__het_3-2.swc,pyramidal,230,1.0000,1.0000
sholl_mlp,neuromorpho__het_4-6.swc,pyramidal,585,1.0000,1.0000
sholl_mlp,neuromorpho__het_6_43.swc,pyramidal,45,1.0000,1.0000
sholl_mlp,neuromorpho__het_8-2.swc,pyramidal,213,1.0000,1.0000
sholl_mlp,neuromorpho__het_8_38.swc,pyramidal,361,1.0000,1.0000
sholl_mlp,neuromorpho__het_9-2.swc,pyramidal,285,1.0000,1.0000
sholl_mlp,neuromorpho__HIP_CA1_KO_13.swc,pyramidal,706,0.3527,0.5205
sholl_mlp,neuromorpho__HIP_CA1_KO_14.swc,pyramidal,656,0.4009,0.5714
sholl_mlp,neuromorpho__HIP_CA1_KO_17.swc,pyramidal,1047,1.0000,1.0000
sholl_mlp,neuromorpho__HIP_CA1_KO_19.swc,pyramidal,624,1.0000,1.0000
sholl_mlp,neuromorpho__HIP_CA1_KO_20.swc,pyramidal,538,0.4591,0.6284
sholl_mlp,neuromorpho__HIP_CA1_KO_4.swc,pyramidal,445,0.4562,0.6254
sholl_mlp,neuromorpho__HIP_CA1_KO_7.swc,pyramidal,322,1.0000,1.0000
sholl_mlp,neuromorpho__HIP_CA1_KO_8.swc,pyramidal,315,1.0000,1.0000
sholl_mlp,neuromorpho__HIP_CA1_WT_1.swc,pyramidal,440,0.4250,0.5952
sholl_mlp,neuromorpho__HIP_CA1_WT_12.swc,pyramidal,331,1.0000,1.0000
sholl_mlp,neuromorpho__HIP_CA1_WT_3.swc,pyramidal,299,0.5853,0.7373
sholl_mlp,neuromorpho__HIP_CA1_WT_8.swc,pyramidal,358,0.4218,0.5917
sholl_mlp,neuromorpho__hippo-104-2.swc,pyramidal,104,1.0000,1.0000
sholl_mlp,neuromorpho__hippo-104-6.swc,pyramidal,70,1.0000,1.0000
sholl_mlp,neuromorpho__hippo-1150-7new.swc,pyramidal,78,1.0000,1.0000
sholl_mlp,neuromorpho__hippo-1159-3new.swc,pyramidal,105,1.0000,1.0000
sholl_mlp,neuromorpho__hippo-116-5.swc,pyramidal,71,1.0000,1.0000
sholl_mlp,neuromorpho__hippo-117-1.swc,pyramidal,131,1.0000,1.0000
sholl_mlp,neuromorpho__hippo-130-1.swc,pyramidal,102,1.0000,1.0000
sholl_mlp,neuromorpho__hippo-130-3.swc,pyramidal,105,1.0000,1.0000
sholl_mlp,neuromorpho__hippo-130-4.swc,pyramidal,85,1.0000,1.0000
sholl_mlp,neuromorpho__hippo-130-5.swc,pyramidal,90,1.0000,1.0000
sholl_mlp,neuromorpho__hippo-134-5.swc,pyramidal,82,1.0000,1.0000
sholl_mlp,neuromorpho__hippo-156-3.swc,pyramidal,93,1.0000,1.0000
sholl_mlp,neuromorpho__hippo-156-6.swc,pyramidal,94,1.0000,1.0000
sholl_mlp,neuromorpho__hippo-157-3.swc,pyramidal,55,1.0000,1.0000
sholl_mlp,neuromorpho__hippo-157-4.swc,pyramidal,55,1.0000,1.0000
sholl_mlp,neuromorpho__hippo-158-2.swc,pyramidal,103,1.0000,1.0000
sholl_mlp,neuromorpho__hippo-163-1.swc,pyramidal,97,1.0000,1.0000
sholl_mlp,neuromorpho__hippo-168-3.swc,pyramidal,79,1.0000,1.0000
sholl_mlp,neuromorpho__hippo-168-6.swc,pyramidal,85,1.0000,1.0000
sholl_mlp,neuromorpho__hippo-171-1.swc,pyramidal,58,1.0000,1.0000
sholl_mlp,neuromorpho__hippo-171-6.swc,pyramidal,58,1.0000,1.0000
sholl_mlp,neuromorpho__hippo-172-1.swc,pyramidal,134,1.0000,1.0000
sholl_mlp,neuromorpho__hippo-172-3.swc,pyramidal,111,1.0000,1.0000
sholl_mlp,neuromorpho__hippo-195-3.swc,pyramidal,57,1.0000,1.0000
sholl_mlp,neuromorpho__hippo-195-4.swc,pyramidal,79,1.0000,1.0000
sholl_mlp,neuromorpho__hippo-195-5.swc,pyramidal,162,1.0000,1.0000
sholl_mlp,neuromorpho__hippo-218-1.swc,pyramidal,37,1.0000,1.0000
sholl_mlp,neuromorpho__hippo-218-3.swc,pyramidal,122,1.0000,1.0000
sholl_mlp,neuromorpho__hippo-225-1.swc,pyramidal,60,1.0000,1.0000
sholl_mlp,neuromorpho__hippo-225-5.swc,pyramidal,116,1.0000,1.0000
sholl_mlp,neuromorpho__hippo-229-1.swc,pyramidal,47,1.0000,1.0000
sholl_mlp,neuromorpho__hippo-420-4.swc,pyramidal,87,1.0000,1.0000
sholl_mlp,neuromorpho__hippo-516-6.swc,pyramidal,129,1.0000,1.0000
sholl_mlp,neuromorpho__hippo-519-4.swc,pyramidal,80,1.0000,1.0000
sholl_mlp,neuromorpho__hippo-519-6.swc,pyramidal,130,1.0000,1.0000
sholl_mlp,neuromorpho__hippo-519-8.swc,pyramidal,97,1.0000,1.0000
sholl_mlp,neuromorpho__hippo-521-4.swc,pyramidal,117,1.0000,1.0000
sholl_mlp,neuromorpho__hippo-531-7.swc,pyramidal,74,1.0000,1.0000
sholl_mlp,neuromorpho__hippo-531-8.swc,pyramidal,83,1.0000,1.0000
sholl_mlp,neuromorpho__hippo-537-6.swc,pyramidal,91,1.0000,1.0000
sholl_mlp,neuromorpho__hippo-557-7.swc,pyramidal,114,1.0000,1.0000
sholl_mlp,neuromorpho__hippo-560-3.swc,pyramidal,84,1.0000,1.0000
sholl_mlp,neuromorpho__hippo-560-5.swc,pyramidal,117,1.0000,1.0000
sholl_mlp,neuromorpho__hippo-570-2.swc,pyramidal,127,1.0000,1.0000
sholl_mlp,neuromorpho__hippo-570-3.swc,pyramidal,56,1.0000,1.0000
sholl_mlp,neuromorpho__hippo-570-6.swc,pyramidal,79,1.0000,1.0000
sholl_mlp,neuromorpho__hippo-570-7.swc,pyramidal,93,1.0000,1.0000
sholl_mlp,neuromorpho__hippo-858-3.swc,pyramidal,63,1.0000,1.0000
sholl_mlp,neuromorpho__hippo-858-8.swc,pyramidal,91,1.0000,1.0000
sholl_mlp,neuromorpho__hippo218-4.swc,pyramidal,76,1.0000,1.0000
sholl_mlp,neuromorpho__hippo223-5.swc,pyramidal,86,1.0000,1.0000
sholl_mlp,neuromorpho__hippo284-1.swc,pyramidal,220,0.5409,0.7003
sholl_mlp,neuromorpho__hippo285-3.swc,pyramidal,89,1.0000,1.0000
sholl_mlp,neuromorpho__hippo303-2.swc,pyramidal,109,1.0000,1.0000
sholl_mlp,neuromorpho__hippo303-3.swc,pyramidal,81,1.0000,1.0000
sholl_mlp,neuromorpho__hippo303-4.swc,pyramidal,115,1.0000,1.0000
sholl_mlp,neuromorpho__hippo305-7.swc,pyramidal,87,1.0000,1.0000
sholl_mlp,neuromorpho__hippo361-4.swc,pyramidal,103,1.0000,1.0000
sholl_mlp,neuromorpho__hippo367-5.swc,pyramidal,115,1.0000,1.0000
sholl_mlp,neuromorpho__hippo367-7.swc,pyramidal,127,1.0000,1.0000
sholl_mlp,neuromorpho__hippo368-3.swc,pyramidal,70,1.0000,1.0000
sholl_mlp,neuromorpho__hippo401-1.swc,pyramidal,72,1.0000,1.0000
sholl_mlp,neuromorpho__hippo401-3.swc,pyramidal,94,1.0000,1.0000
sholl_mlp,neuromorpho__hippo401-7.swc,pyramidal,117,1.0000,1.0000
sholl_mlp,neuromorpho__hippo412-2.swc,pyramidal,98,1.0000,1.0000
sholl_mlp,neuromorpho__hippo412-4.swc,pyramidal,165,1.0000,1.0000
sholl_mlp,neuromorpho__I03192A.swc,pyramidal,2959,0.9557,0.6342
sholl_mlp,neuromorpho__I0319_5B.swc,pyramidal,1587,0.8601,0.4564
sholl_mlp,neuromorpho__I03471.swc,pyramidal,2645,0.9618,0.6044
sholl_mlp,neuromorpho__I03485.swc,pyramidal,2436,0.9097,0.5848
sholl_mlp,neuromorpho__I03539.swc,pyramidal,2326,0.9200,0.5801
sholl_mlp,neuromorpho__I5-16.swc,pyramidal,298,0.7852,0.4396
sholl_mlp,neuromorpho__I5-23.swc,pyramidal,288,0.5833,0.3678
sholl_mlp,neuromorpho__I5-28.swc,pyramidal,371,0.7008,0.4118
sholl_mlp,neuromorpho__IF1_190301.swc,pyramidal,6044,1.0000,1.0000
sholl_mlp,neuromorpho__IF3_040400.swc,pyramidal,4893,1.0000,1.0000
sholl_mlp,neuromorpho__IF4_140201.swc,pyramidal,4693,0.9472,0.6231
sholl_mlp,neuromorpho__iPRCp_02.swc,pyramidal,7076,1.0000,1.0000
sholl_mlp,neuromorpho__iPRCp_05.swc,pyramidal,10230,0.6253,0.6238
sholl_mlp,neuromorpho__iPRCp_08.swc,pyramidal,7508,1.0000,1.0000
sholl_mlp,neuromorpho__iPRCp_11.swc,pyramidal,10001,1.0000,1.0000
sholl_mlp,neuromorpho__iPRCp_13.swc,pyramidal,8119,1.0000,1.0000
sholl_mlp,neuromorpho__jerry-14.swc,pyramidal,250,1.0000,1.0000
sholl_mlp,neuromorpho__Jul26-IR2-2F.swc,pyramidal,889,1.0000,1.0000
sholl_mlp,neuromorpho__Jul26-IR2-2H.swc,pyramidal,1889,1.0000,1.0000
sholl_mlp,neuromorpho__Jul26-IR3-3E.swc,pyramidal,7172,1.0000,1.0000
sholl_mlp,neuromorpho__Jul26IR4e-40x-low-MM.swc,pyramidal,3666,1.0000,1.0000
sholl_mlp,neuromorpho__Jun1IR2h.swc,pyramidal,1972,1.0000,1.0000
sholl_mlp,neuromorpho__KO1-4-1-3.swc,pyramidal,421,0.6627,0.2655
sholl_mlp,neuromorpho__KO1-Neuron2.swc,pyramidal,48,0.2083,0.1607
sholl_mlp,neuromorpho__KO1-Neuron6.swc,pyramidal,25,0.3200,0.2258
sholl_mlp,neuromorpho__KO2-neuron10.swc,pyramidal,106,0.7170,0.4167
sholl_mlp,neuromorpho__KO2-neuron5_a.swc,pyramidal,107,0.0467,0.0242
sholl_mlp,neuromorpho__ko20x-05.swc,pyramidal,83,0.6024,0.5000
sholl_mlp,neuromorpho__ko20x-13.swc,pyramidal,71,1.0000,1.0000
sholl_mlp,neuromorpho__ko20x-15.swc,pyramidal,173,1.0000,1.0000
sholl_mlp,neuromorpho__ko20x-16.swc,pyramidal,117,1.0000,1.0000
sholl_mlp,neuromorpho__KO4-5-1-6.swc,pyramidal,258,0.9806,0.6584
sholl_mlp,neuromorpho__KO5-Neuron6.swc,pyramidal,45,0.4889,0.3231
sholl_mlp,neuromorpho__KOA-2-13-5.swc,pyramidal,469,0.9595,0.6516
sholl_mlp,neuromorpho__KOA-3-2-9.swc,pyramidal,399,0.6817,0.4051
sholl_mlp,neuromorpho__Layer-2-3-Ethanol-18.swc,pyramidal,207,0.4251,0.2969
sholl_mlp,neuromorpho__Layer-2-3-Ethanol-21.swc,pyramidal,459,1.0000,1.0000
sholl_mlp,neuromorpho__Layer-2-3-Ethanol-22.swc,pyramidal,460,1.0000,1.0000
sholl_mlp,neuromorpho__Layer-2-3-Ethanol-23.swc,pyramidal,183,1.0000,1.0000
sholl_mlp,neuromorpho__Layer-2-3-Ethanol-7.swc,pyramidal,345,0.6319,0.3868
sholl_mlp,neuromorpho__Layer-2-3-Sucrose-3.swc,pyramidal,202,0.4703,0.3186
sholl_mlp,neuromorpho__Layer-5-Ethanol-20.swc,pyramidal,332,1.0000,1.0000
sholl_mlp,neuromorpho__Layer-5-Ethanol-23.swc,pyramidal,332,1.0000,1.0000
sholl_mlp,neuromorpho__Layer-5-Ethanol-3.swc,pyramidal,804,1.0000,1.0000
sholl_mlp,neuromorpho__Layer-5-Ethanol-7.swc,pyramidal,1134,1.0000,1.0000
sholl_mlp,neuromorpho__Layer-5-Ethanol-8.swc,pyramidal,872,1.0000,1.0000
sholl_mlp,neuromorpho__Layer-5-Sucrose-8.swc,pyramidal,782,1.0000,1.0000
sholl_mlp,neuromorpho__Layer-6-Ethanol-15.swc,pyramidal,223,1.0000,1.0000
sholl_mlp,neuromorpho__Layer-6-Ethanol-16.swc,pyramidal,353,1.0000,1.0000
sholl_mlp,neuromorpho__Layer-6-Ethanol-19.swc,pyramidal,187,1.0000,1.0000
sholl_mlp,neuromorpho__Layer-6-Ethanol-20.swc,pyramidal,223,1.0000,1.0000
sholl_mlp,neuromorpho__Layer-6-Ethanol-22.swc,pyramidal,204,1.0000,1.0000
sholl_mlp,neuromorpho__Layer-6-Ethanol-5.swc,pyramidal,351,0.5983,0.3739
sholl_mlp,neuromorpho__Layer-6-Sucrose-14.swc,pyramidal,153,0.6732,0.5000
sholl_mlp,neuromorpho__Layer-6-Sucrose-2.swc,pyramidal,433,1.0000,1.0000
sholl_mlp,neuromorpho__Layer-6-Sucrose-3.swc,pyramidal,703,1.0000,1.0000
sholl_mlp,neuromorpho__Layer-6-Sucrose-8.swc,pyramidal,472,1.0000,1.0000
sholl_mlp,neuromorpho__Layer-6-Sucrose-9.swc,pyramidal,600,1.0000,1.0000
sholl_mlp,neuromorpho__LES6-MUT-1117-Neuron-1.swc,pyramidal,813,1.0000,1.0000
sholl_mlp,neuromorpho__LES6-mut-1203-neuron-2.swc,pyramidal,365,1.0000,1.0000
sholl_mlp,neuromorpho__LES6-WT-1204-neuron-1.swc,pyramidal,794,1.0000,1.0000
sholl_mlp,neuromorpho__M1_13.swc,pyramidal,1874,1.0000,1.0000
sholl_mlp,neuromorpho__M1_16.swc,pyramidal,2466,1.0000,1.0000
sholl_mlp,neuromorpho__M1_21.swc,pyramidal,2396,1.0000,1.0000
sholl_mlp,neuromorpho__M1_23.swc,pyramidal,1520,1.0000,1.0000
sholl_mlp,neuromorpho__M1_32.swc,pyramidal,726,1.0000,1.0000
sholl_mlp,neuromorpho__M1_34.swc,pyramidal,2597,1.0000,1.0000
sholl_mlp,neuromorpho__M1_35.swc,pyramidal,2548,1.0000,1.0000
sholl_mlp,neuromorpho__M1_36.swc,pyramidal,2539,1.0000,1.0000
sholl_mlp,neuromorpho__M1_42.swc,pyramidal,2190,1.0000,1.0000
sholl_mlp,neuromorpho__M1_43.swc,pyramidal,1477,1.0000,1.0000
sholl_mlp,neuromorpho__M1_5.swc,pyramidal,3097,1.0000,1.0000
sholl_mlp,neuromorpho__M1KO_10.swc,pyramidal,715,1.0000,1.0000
sholl_mlp,neuromorpho__M1KO_13.swc,pyramidal,892,1.0000,1.0000
sholl_mlp,neuromorpho__M1KO_19.swc,pyramidal,527,1.0000,1.0000
sholl_mlp,neuromorpho__M1KO_25.swc,pyramidal,2625,1.0000,1.0000
sholl_mlp,neuromorpho__M1KO_28.swc,pyramidal,3285,1.0000,1.0000
sholl_mlp,neuromorpho__M1KO_3.swc,pyramidal,1089,1.0000,1.0000
sholl_mlp,neuromorpho__M1KO_33.swc,pyramidal,2271,1.0000,1.0000
sholl_mlp,neuromorpho__M1KO_39.swc,pyramidal,601,1.0000,1.0000
sholl_mlp,neuromorpho__M1KO_41.swc,pyramidal,624,1.0000,1.0000
sholl_mlp,neuromorpho__M1KO_45.swc,pyramidal,423,1.0000,1.0000
sholl_mlp,neuromorpho__M1KO_46.swc,pyramidal,428,1.0000,1.0000
sholl_mlp,neuromorpho__m1s2s2b-l-sup.swc,pyramidal,320,0.5250,0.3436
sholl_mlp,neuromorpho__m1s2s7t-d-mid.swc,pyramidal,280,1.0000,1.0000
sholl_mlp,neuromorpho__M2_14.swc,pyramidal,743,1.0000,1.0000
sholl_mlp,neuromorpho__M2_15.swc,pyramidal,873,1.0000,1.0000
sholl_mlp,neuromorpho__M2_19.swc,pyramidal,1399,1.0000,1.0000
sholl_mlp,neuromorpho__M2_20.swc,pyramidal,716,1.0000,1.0000
sholl_mlp,neuromorpho__M2_21.swc,pyramidal,1072,1.0000,1.0000
sholl_mlp,neuromorpho__M2_22.swc,pyramidal,882,1.0000,1.0000
sholl_mlp,neuromorpho__M2_23.swc,pyramidal,1166,1.0000,1.0000
sholl_mlp,neuromorpho__M2_27.swc,pyramidal,955,1.0000,1.0000
sholl_mlp,neuromorpho__M2_3.swc,pyramidal,1077,1.0000,1.0000
sholl_mlp,neuromorpho__M2_34.swc,pyramidal,889,1.0000,1.0000
sholl_mlp,neuromorpho__M2_36.swc,pyramidal,542,1.0000,1.0000
sholl_mlp,neuromorpho__M2_37.swc,pyramidal,1281,1.0000,1.0000
sholl_mlp,neuromorpho__M2_38.swc,pyramidal,659,1.0000,1.0000
sholl_mlp,neuromorpho__M2_40.swc,pyramidal,716,1.0000,1.0000
sholl_mlp,neuromorpho__M2_45.swc,pyramidal,866,1.0000,1.0000
sholl_mlp,neuromorpho__M2_46.swc,pyramidal,644,1.0000,1.0000
sholl_mlp,neuromorpho__M2_47.swc,pyramidal,789,1.0000,1.0000
sholl_mlp,neuromorpho__M2_55.swc,pyramidal,1343,1.0000,1.0000
sholl_mlp,neuromorpho__M2_58.swc,pyramidal,992,1.0000,1.0000
sholl_mlp,neuromorpho__M2_6.swc,pyramidal,1064,1.0000,1.0000
sholl_mlp,neuromorpho__M2KO_1.swc,pyramidal,880,1.0000,1.0000
sholl_mlp,neuromorpho__M2KO_11.swc,pyramidal,1095,1.0000,1.0000
sholl_mlp,neuromorpho__M2KO_13.swc,pyramidal,736,1.0000,1.0000
sholl_mlp,neuromorpho__M2KO_27.swc,pyramidal,636,1.0000,1.0000
sholl_mlp,neuromorpho__M2KO_8.swc,pyramidal,932,1.0000,1.0000
sholl_mlp,neuromorpho__Mouse-CA2-Mb-Pyramidal-Cell.swc,pyramidal,1486,1.0000,1.0000
sholl_mlp,neuromorpho__Mouse-CA2-Mc-Pyramidal-Cell-1.swc,pyramidal,1363,1.0000,1.0000
sholl_mlp,neuromorpho__Mouse_CA2_B_Cell.swc,pyramidal,6055,0.7571,0.6765
sholl_mlp,neuromorpho__Mouse_CA2_Ma_Cell.swc,pyramidal,3718,1.0000,1.0000
sholl_mlp,neuromorpho__Mouse_CA2_Ma_Cell_1.swc,pyramidal,3251,1.0000,1.0000
sholl_mlp,neuromorpho__Mouse_CA2_Ma_Cell_2.swc,pyramidal,6385,1.0000,1.0000
sholl_mlp,neuromorpho__Mouse_CA2_Ma_Cell_5.swc,pyramidal,5333,1.0000,1.0000
sholl_mlp,neuromorpho__Mouse_CA2_Ma_Cell_6.swc,pyramidal,6587,0.8280,0.4529
sholl_mlp,neuromorpho__Mouse_CA2_Ma_Cell_7.swc,pyramidal,8053,0.6568,0.4115
sholl_mlp,neuromorpho__Mouse_CA2_Ma_Cell_8.swc,pyramidal,5769,0.8702,0.8533
sholl_mlp,neuromorpho__Mouse_CA2_Ma_Cell_9_Mc_Cell_4-2.swc,pyramidal,3232,1.0000,1.0000
sholl_mlp,neuromorpho__Mouse_CA2_Mb_Cell.swc,pyramidal,2961,1.0000,1.0000
sholl_mlp,neuromorpho__Mouse_CA2_Mb_Cell_9.swc,pyramidal,5205,1.0000,1.0000
sholl_mlp,neuromorpho__mPFC_w1_L5_01.swc,pyramidal,3065,0.9892,0.6620
sholl_mlp,neuromorpho__mPFC_w1_L5_04.swc,pyramidal,1761,0.8001,0.5641
sholl_mlp,neuromorpho__mPFC_w1_L5_05.swc,pyramidal,935,0.2717,0.2131
sholl_mlp,neuromorpho__mPFC_w1_L5_08.swc,pyramidal,976,0.2162,0.1772
sholl_mlp,neuromorpho__mPFC_w2_L3_02.swc,pyramidal,1639,0.6650,0.3993
sholl_mlp,neuromorpho__mPFC_w2_L3_06.swc,pyramidal,1124,1.0000,1.0000
sholl_mlp,neuromorpho__mPFC_w2_L5_01.swc,pyramidal,3202,0.9834,0.6605
sholl_mlp,neuromorpho__mPFC_w2_L5_03.swc,pyramidal,2934,1.0000,1.0000
sholl_mlp,neuromorpho__mPFC_w2_L5_08.swc,pyramidal,1829,1.0000,1.0000
sholl_mlp,neuromorpho__mPFC_w4_L3_01.swc,pyramidal,1395,1.0000,1.0000
sholl_mlp,neuromorpho__mPFC_w4_L3_05.swc,pyramidal,1500,1.0000,1.0000
sholl_mlp,neuromorpho__mPFC_w4_L5_04.swc,pyramidal,3439,0.9942,0.6641
sholl_mlp,neuromorpho__mPFC_w4_L5_09.swc,pyramidal,1938,1.0000,1.0000
sholl_mlp,neuromorpho__ms92_slice6_cell4.swc,pyramidal,4112,0.2408,0.3878
sholl_mlp,neuromorpho__N001.swc,pyramidal,2311,1.0000,1.0000
sholl_mlp,neuromorpho__N011.swc,pyramidal,3142,0.8421,0.5528
sholl_mlp,neuromorpho__N018.swc,pyramidal,2262,1.0000,1.0000
sholl_mlp,neuromorpho__N019.swc,pyramidal,726,0.7135,0.5269
sholl_mlp,neuromorpho__N020.swc,pyramidal,5460,1.0000,1.0000
sholl_mlp,neuromorpho__N023.swc,pyramidal,7346,1.0000,1.0000
sholl_mlp,neuromorpho__N027.swc,pyramidal,1579,1.0000,1.0000
sholl_mlp,neuromorpho__N030.swc,pyramidal,477,1.0000,1.0000
sholl_mlp,neuromorpho__N040.swc,pyramidal,2500,1.0000,1.0000
sholl_mlp,neuromorpho__N042.swc,pyramidal,1663,1.0000,1.0000
sholl_mlp,neuromorpho__N046.swc,pyramidal,2246,1.0000,1.0000
sholl_mlp,neuromorpho__N049.swc,pyramidal,4506,1.0000,1.0000
sholl_mlp,neuromorpho__N053.swc,pyramidal,5082,1.0000,1.0000
sholl_mlp,neuromorpho__N056.swc,pyramidal,1775,0.4146,0.1953
sholl_mlp,neuromorpho__N063.swc,pyramidal,3307,1.0000,1.0000
sholl_mlp,neuromorpho__N069.swc,pyramidal,1410,1.0000,1.0000
sholl_mlp,neuromorpho__N084.swc,pyramidal,3064,1.0000,1.0000
sholl_mlp,neuromorpho__N089.swc,pyramidal,2570,1.0000,1.0000
sholl_mlp,neuromorpho__N092.swc,pyramidal,1291,1.0000,1.0000
sholl_mlp,neuromorpho__N097.swc,pyramidal,6769,1.0000,1.0000
sholl_mlp,neuromorpho__N098.swc,pyramidal,5646,1.0000,1.0000
sholl_mlp,neuromorpho__N101.swc,pyramidal,3540,0.9226,0.5824
sholl_mlp,neuromorpho__N105.swc,pyramidal,2138,1.0000,1.0000
sholl_mlp,neuromorpho__N107.swc,pyramidal,2735,1.0000,1.0000
sholl_mlp,neuromorpho__n120.swc,pyramidal,2619,1.0000,1.0000
sholl_mlp,neuromorpho__n128.swc,pyramidal,3906,1.0000,1.0000
sholl_mlp,neuromorpho__n129.swc,pyramidal,2063,0.9627,0.9567
sholl_mlp,neuromorpho__n175.swc,pyramidal,3257,0.9840,0.9839
sholl_mlp,neuromorpho__n178.swc,pyramidal,4516,0.5872,0.5000
sholl_mlp,neuromorpho__n179.swc,pyramidal,11861,0.2249,0.4417
sholl_mlp,neuromorpho__n18fts.swc,pyramidal,1372,1.0000,1.0000
sholl_mlp,neuromorpho__n20fts.swc,pyramidal,2455,1.0000,1.0000
sholl_mlp,neuromorpho__n22fts.swc,pyramidal,1270,1.0000,1.0000
sholl_mlp,neuromorpho__n23fts.swc,pyramidal,2814,1.0000,1.0000
sholl_mlp,neuromorpho__n29fts.swc,pyramidal,1848,1.0000,1.0000
sholl_mlp,neuromorpho__n2fts.swc,pyramidal,658,1.0000,1.0000
sholl_mlp,neuromorpho__n3fts.swc,pyramidal,1290,1.0000,1.0000
sholl_mlp,neuromorpho__n422.swc,pyramidal,5605,0.4566,0.5000
sholl_mlp,neuromorpho__n423.swc,pyramidal,2143,1.0000,1.0000
sholl_mlp,neuromorpho__Neuron-2-E-and-I-synapses.swc,pyramidal,37032,1.0000,1.0000
sholl_mlp,neuromorpho__Neuron-3_2_2.swc,pyramidal,1575,1.0000,1.0000
sholl_mlp,neuromorpho__neuron-4_1.swc,pyramidal,1961,1.0000,1.0000
sholl_mlp,neuromorpho__Neuron-7-E-and-I-synapses.swc,pyramidal,35727,1.0000,1.0000
sholl_mlp,neuromorpho__Nov-9-IR-1-4d-40x-low-res.swc,pyramidal,1881,1.0000,1.0000
sholl_mlp,neuromorpho__Nov4IR1e.swc,pyramidal,2386,1.0000,1.0000
sholl_mlp,neuromorpho__Oct28IR1b-40x-NL.swc,pyramidal,5169,1.0000,1.0000
sholl_mlp,neuromorpho__Oct9-IR2-5s-40x-MM.swc,pyramidal,5090,1.0000,1.0000
sholl_mlp,neuromorpho__Oct9-IR3-4fo.swc,pyramidal,1523,1.0000,1.0000
sholl_mlp,neuromorpho__Oct9-IR3-4H.swc,pyramidal,2831,1.0000,1.0000
sholl_mlp,neuromorpho__Oi27rpy1-1.swc,pyramidal,62146,0.9371,0.5487
sholl_mlp,neuromorpho__oi53rpy1-1.swc,pyramidal,8185,0.9323,0.6195
sholl_mlp,neuromorpho__oi57lpy6-1.swc,pyramidal,7613,0.9563,0.6254
sholl_mlp,neuromorpho__oi57rpy1-1.swc,pyramidal,14238,1.0000,1.0000
sholl_mlp,neuromorpho__omega-16.swc,pyramidal,210,1.0000,1.0000
sholl_mlp,neuromorpho__omega-19.swc,pyramidal,317,1.0000,1.0000
sholl_mlp,neuromorpho__PRL_10.swc,pyramidal,787,1.0000,1.0000
sholl_mlp,neuromorpho__PRL_17.swc,pyramidal,301,1.0000,1.0000
sholl_mlp,neuromorpho__PRL_2.swc,pyramidal,527,1.0000,1.0000
sholl_mlp,neuromorpho__PRL_21.swc,pyramidal,500,1.0000,1.0000
sholl_mlp,neuromorpho__PRL_22.swc,pyramidal,498,1.0000,1.0000
sholl_mlp,neuromorpho__PRL_32.swc,pyramidal,362,1.0000,1.0000
sholl_mlp,neuromorpho__PRL_37.swc,pyramidal,845,1.0000,1.0000
sholl_mlp,neuromorpho__PRL_39.swc,pyramidal,477,1.0000,1.0000
sholl_mlp,neuromorpho__PRL_4.swc,pyramidal,378,1.0000,1.0000
sholl_mlp,neuromorpho__PRL_45.swc,pyramidal,760,1.0000,1.0000
sholl_mlp,neuromorpho__PRL_49.swc,pyramidal,271,1.0000,1.0000
sholl_mlp,neuromorpho__PRL_6.swc,pyramidal,652,1.0000,1.0000
sholl_mlp,neuromorpho__PRL_8.swc,pyramidal,517,1.0000,1.0000
sholl_mlp,neuromorpho__PRLKO_10.swc,pyramidal,686,1.0000,1.0000
sholl_mlp,neuromorpho__PRLKO_12.swc,pyramidal,635,1.0000,1.0000
sholl_mlp,neuromorpho__PRLKO_22.swc,pyramidal,905,1.0000,1.0000
sholl_mlp,neuromorpho__PRLKO_29.swc,pyramidal,710,1.0000,1.0000
sholl_mlp,neuromorpho__PRLKO_3.swc,pyramidal,297,1.0000,1.0000
sholl_mlp,neuromorpho__PRLKO_8.swc,pyramidal,394,1.0000,1.0000
sholl_mlp,neuromorpho__PVCre_cell4.swc,pyramidal,1231,0.7352,0.4961
sholl_mlp,neuromorpho__Red_19weeks_Neuron5.swc,pyramidal,61,1.0000,1.0000
sholl_mlp,neuromorpho__Red_19weeks_Neuron6.swc,pyramidal,49,1.0000,1.0000
sholl_mlp,neuromorpho__Red_1week_Neuron3_addl.swc,pyramidal,29,1.0000,1.0000
sholl_mlp,neuromorpho__Red_2weeks__Neuron3.swc,pyramidal,47,1.0000,1.0000
sholl_mlp,neuromorpho__Red_2weeks_Neuron5.swc,pyramidal,63,1.0000,1.0000
sholl_mlp,neuromorpho__Red_4weeks_Neuron12_addl.swc,pyramidal,79,1.0000,1.0000
sholl_mlp,neuromorpho__Red_6weeks_Neuron1_addl.swc,pyramidal,32,1.0000,1.0000
sholl_mlp,neuromorpho__Red_7-5w_Neuron6.swc,pyramidal,27,1.0000,1.0000
sholl_mlp,neuromorpho__Red_7-5week_Neuron5.swc,pyramidal,68,1.0000,1.0000
sholl_mlp,neuromorpho__Red_7-5weeks_Neuron2.swc,pyramidal,16,1.0000,1.0000
sholl_mlp,neuromorpho__Red_8weeks_Neuron6.swc,pyramidal,28,1.0000,1.0000
sholl_mlp,neuromorpho__S1_21.swc,pyramidal,291,1.0000,1.0000
sholl_mlp,neuromorpho__S1_23.swc,pyramidal,720,1.0000,1.0000
sholl_mlp,neuromorpho__S1_29.swc,pyramidal,749,1.0000,1.0000
sholl_mlp,neuromorpho__S1_32.swc,pyramidal,419,1.0000,1.0000
sholl_mlp,neuromorpho__S1_36.swc,pyramidal,449,1.0000,1.0000
sholl_mlp,neuromorpho__S1_39.swc,pyramidal,363,1.0000,1.0000
sholl_mlp,neuromorpho__S1_46.swc,pyramidal,602,1.0000,1.0000
sholl_mlp,neuromorpho__S1_6.swc,pyramidal,589,1.0000,1.0000
sholl_mlp,neuromorpho__S1KO_10.swc,pyramidal,1067,1.0000,1.0000
sholl_mlp,neuromorpho__S1KO_11.swc,pyramidal,742,1.0000,1.0000
sholl_mlp,neuromorpho__S1KO_15.swc,pyramidal,677,1.0000,1.0000
sholl_mlp,neuromorpho__S1KO_22.swc,pyramidal,1181,1.0000,1.0000
sholl_mlp,neuromorpho__S1KO_24.swc,pyramidal,545,1.0000,1.0000
sholl_mlp,neuromorpho__S1KO_3.swc,pyramidal,516,1.0000,1.0000
sholl_mlp,neuromorpho__S1KO_34.swc,pyramidal,960,1.0000,1.0000
sholl_mlp,neuromorpho__S1KO_38.swc,pyramidal,817,1.0000,1.0000
sholl_mlp,neuromorpho__S1KO_4.swc,pyramidal,699,1.0000,1.0000
sholl_mlp,neuromorpho__S1KO_45.swc,pyramidal,978,1.0000,1.0000
sholl_mlp,neuromorpho__S1KO_7.swc,pyramidal,1108,1.0000,1.0000
sholl_mlp,neuromorpho__S2999_RS-x1-25.swc,pyramidal,5201,0.6578,0.5602
sholl_mlp,neuromorpho__S2_10.swc,pyramidal,1932,1.0000,1.0000
sholl_mlp,neuromorpho__S2_13.swc,pyramidal,1953,1.0000,1.0000
sholl_mlp,neuromorpho__S2_15.swc,pyramidal,1760,1.0000,1.0000
sholl_mlp,neuromorpho__S2_19.swc,pyramidal,2793,1.0000,1.0000
sholl_mlp,neuromorpho__S2_7.swc,pyramidal,1655,1.0000,1.0000
sholl_mlp,neuromorpho__S2KO_11.swc,pyramidal,461,1.0000,1.0000
sholl_mlp,neuromorpho__S2KO_12.swc,pyramidal,1075,1.0000,1.0000
sholl_mlp,neuromorpho__S2KO_15.swc,pyramidal,530,1.0000,1.0000
sholl_mlp,neuromorpho__S2KO_32.swc,pyramidal,1700,1.0000,1.0000
sholl_mlp,neuromorpho__S2KO_34.swc,pyramidal,1684,1.0000,1.0000
sholl_mlp,neuromorpho__Saline02_Neuron1_CA1_PN_C_Slide3_R2_C4.swc,pyramidal,612,1.0000,1.0000
sholl_mlp,neuromorpho__Saline02_Neuron2_CA1_PN_C_Slide3_R2_C1.swc,pyramidal,459,1.0000,1.0000
sholl_mlp,neuromorpho__Saline03_Neuron1_CA1_PN_F_Slide3_R2_C4.swc,pyramidal,658,1.0000,1.0000
sholl_mlp,neuromorpho__Saline03_Neuron3_CA1_PN_F_Slide4_R2_C1_40x.swc,pyramidal,621,1.0000,1.0000
sholl_mlp,neuromorpho__SDGA1_slide2_neuron1.swc,pyramidal,1244,0.9035,0.6350
sholl_mlp,neuromorpho__SDGA1_slide2_neuron4.swc,pyramidal,2516,0.9948,0.6645
sholl_mlp,neuromorpho__SDGA2_slide2_neuron3.swc,pyramidal,1615,0.9920,0.6635
sholl_mlp,neuromorpho__SDGA2_slide3_neuron1.swc,pyramidal,1627,0.9883,0.6622
sholl_mlp,neuromorpho__SDGA4_slide2_neuron2.swc,pyramidal,1214,0.9662,0.6427
sholl_mlp,neuromorpho__Sept12-IR3e-40x-low-AG-AT-MM.swc,pyramidal,4958,0.9288,0.9565
sholl_mlp,neuromorpho__sigma-5.swc,pyramidal,114,1.0000,1.0000
sholl_mlp,neuromorpho__sigma-6.swc,pyramidal,123,1.0000,1.0000
sholl_mlp,neuromorpho__sigma.swc,pyramidal,143,1.0000,1.0000
sholl_mlp,neuromorpho__SstCre_cell7.swc,pyramidal,1315,0.7019,0.5448
sholl_mlp,neuromorpho__Stroke-Dec-7-IR-2-2c.swc,pyramidal,1034,1.0000,1.0000
sholl_mlp,neuromorpho__Stroke-Feb23-IR-3h-40x-low-res_zcorrections.swc,pyramidal,5129,1.0000,1.0000
sholl_mlp,neuromorpho__Strokefeb23IR1-3L40xlowres.swc,pyramidal,8480,1.0000,1.0000
sholl_mlp,neuromorpho__SW150113-01RabiesPHALPFC_x772_y876_z296_14.swc,pyramidal,311,1.0000,1.0000
sholl_mlp,neuromorpho__SW150113-01RabiesPHALPFC_x772_y876_z296_15.swc,pyramidal,676,0.4172,0.5879
sholl_mlp,neuromorpho__SW150113-01RabiesPHALPFC_x772_y876_z296_4.swc,pyramidal,1044,0.3228,0.4873
sholl_mlp,neuromorpho__SW150113-01RabiesPHALPFC_x772_y876_z296_7.swc,pyramidal,1274,1.0000,1.0000
sholl_mlp,neuromorpho__SW150113-01RabiesPHALPFC_x772_y876_z296_8.swc,pyramidal,390,0.3974,0.5672
sholl_mlp,neuromorpho__T22_NeuronB_Tile_Trace_MK.swc,pyramidal,2894,0.5833,0.3683
sholl_mlp,neuromorpho__T61_NeuronA_40X_Trace_CH.swc,pyramidal,695,1.0000,1.0000
sholl_mlp,neuromorpho__T66_NeuronA_Tile_Trace_MK.swc,pyramidal,2479,0.6176,0.3817
sholl_mlp,neuromorpho__T72_60X_NeuronC_Tile_Trace_RK.swc,pyramidal,2937,0.3994,0.2853
sholl_mlp,neuromorpho__T72_NeuronB_Trace_MK.swc,pyramidal,970,0.5340,0.3479
sholl_mlp,neuromorpho__T80_NeuronC_40X_Tile_Trace_MB2.swc,pyramidal,686,0.4869,0.3271
sholl_mlp,neuromorpho__T84_NeuronC_Tile_Trace_MB.swc,pyramidal,391,0.5294,0.3456
sholl_mlp,neuromorpho__T91_40X_NeuronB_Tile_Trace_MK.swc,pyramidal,3785,0.3791,0.2748
sholl_mlp,neuromorpho__TO34_LIII_mPFC_rat.swc,pyramidal,7323,0.9354,0.6495
sholl_mlp,neuromorpho__tom-10.swc,pyramidal,152,1.0000,1.0000
sholl_mlp,neuromorpho__tom-11.swc,pyramidal,120,1.0000,1.0000
sholl_mlp,neuromorpho__tom-3.swc,pyramidal,160,1.0000,1.0000
sholl_mlp,neuromorpho__tom-8.swc,pyramidal,210,1.0000,1.0000
sholl_mlp,neuromorpho__traced-WT-Female-cortex-122-7.swc,pyramidal,69,1.0000,1.0000
sholl_mlp,neuromorpho__traced-WT-Female-cortex-146-1c.swc,pyramidal,70,1.0000,1.0000
sholl_mlp,neuromorpho__traced-WT-Female-cortex-181-3.swc,pyramidal,50,1.0000,1.0000
sholl_mlp,neuromorpho__traced-WT-male-cortex-124-4c.swc,pyramidal,102,1.0000,1.0000
sholl_mlp,neuromorpho__traced-WT-male-cortex-124-6.swc,pyramidal,92,1.0000,1.0000
sholl_mlp,neuromorpho__traced-WT-male-cortex-147-10.swc,pyramidal,66,1.0000,1.0000
sholl_mlp,neuromorpho__traced-WT-male-cortex-147-4.swc,pyramidal,46,1.0000,1.0000
sholl_mlp,neuromorpho__traced-WT-male-cortex-147-8a.swc,pyramidal,79,1.0000,1.0000
sholl_mlp,neuromorpho__traced-WT-male-cortex-147-8b.swc,pyramidal,45,1.0000,1.0000
sholl_mlp,neuromorpho__traced-WT-male-cortex-153-7.swc,pyramidal,74,1.0000,1.0000
sholl_mlp,neuromorpho__V1_10.swc,pyramidal,1006,1.0000,1.0000
sholl_mlp,neuromorpho__V1_11.swc,pyramidal,1675,1.0000,1.0000
sholl_mlp,neuromorpho__V1_14.swc,pyramidal,401,1.0000,1.0000
sholl_mlp,neuromorpho__V1_23.swc,pyramidal,2240,1.0000,1.0000
sholl_mlp,neuromorpho__V1_24.swc,pyramidal,1359,1.0000,1.0000
sholl_mlp,neuromorpho__V1_5.swc,pyramidal,2322,1.0000,1.0000
sholl_mlp,neuromorpho__V1KO_10.swc,pyramidal,655,1.0000,1.0000
sholl_mlp,neuromorpho__V1KO_16.swc,pyramidal,1811,1.0000,1.0000
sholl_mlp,neuromorpho__V1KO_18.swc,pyramidal,1009,1.0000,1.0000
sholl_mlp,neuromorpho__V1KO_23.swc,pyramidal,1477,1.0000,1.0000
sholl_mlp,neuromorpho__V1KO_25.swc,pyramidal,1070,1.0000,1.0000
sholl_mlp,neuromorpho__V1KO_26.swc,pyramidal,1149,1.0000,1.0000
sholl_mlp,neuromorpho__V2_14.swc,pyramidal,621,1.0000,1.0000
sholl_mlp,neuromorpho__V2_18.swc,pyramidal,465,1.0000,1.0000
sholl_mlp,neuromorpho__V2_2.swc,pyramidal,543,1.0000,1.0000
sholl_mlp,neuromorpho__V2_20.swc,pyramidal,862,1.0000,1.0000
sholl_mlp,neuromorpho__V2_21.swc,pyramidal,613,1.0000,1.0000
sholl_mlp,neuromorpho__V2_27.swc,pyramidal,715,1.0000,1.0000
sholl_mlp,neuromorpho__V2_30.swc,pyramidal,424,1.0000,1.0000
sholl_mlp,neuromorpho__V2_31.swc,pyramidal,702,1.0000,1.0000
sholl_mlp,neuromorpho__V2_32.swc,pyramidal,721,1.0000,1.0000
sholl_mlp,neuromorpho__V2_49.swc,pyramidal,921,1.0000,1.0000
sholl_mlp,neuromorpho__V2KO_1.swc,pyramidal,829,1.0000,1.0000
sholl_mlp,neuromorpho__V2KO_11.swc,pyramidal,775,1.0000,1.0000
sholl_mlp,neuromorpho__V2KO_12.swc,pyramidal,780,1.0000,1.0000
sholl_mlp,neuromorpho__V2KO_27.swc,pyramidal,785,1.0000,1.0000
sholl_mlp,neuromorpho__V2KO_33.swc,pyramidal,725,1.0000,1.0000
sholl_mlp,neuromorpho__V2KO_8.swc,pyramidal,1027,1.0000,1.0000
sholl_mlp,neuromorpho__Vert-01.swc,pyramidal,482,0.7158,0.2780
sholl_mlp,neuromorpho__Vert-03.swc,pyramidal,405,0.7111,0.2769
sholl_mlp,neuromorpho__WT-set1-009.swc,pyramidal,1314,1.0000,1.0000
sholl_mlp,neuromorpho__WT-set2-003.swc,pyramidal,1615,1.0000,1.0000
sholl_mlp,neuromorpho__WT-set3-004.swc,pyramidal,1200,1.0000,1.0000
sholl_mlp,neuromorpho__WT-set3-006.swc,pyramidal,991,1.0000,1.0000
sholl_mlp,neuromorpho__WT-set3-007.swc,pyramidal,1085,1.0000,1.0000
sholl_mlp,neuromorpho__WT2-N11-2_final.swc,pyramidal,1045,1.0000,1.0000
sholl_mlp,neuromorpho__WT2-N3-2_final.swc,pyramidal,1884,1.0000,1.0000
sholl_mlp,neuromorpho__WT2-N4-1_final.swc,pyramidal,800,1.0000,1.0000
sholl_mlp,neuromorpho__WT2-N5-1_final.swc,pyramidal,799,1.0000,1.0000
sholl_mlp,neuromorpho__WT2-Neuron-10.swc,pyramidal,64,0.0156,0.0000
sholl_mlp,neuromorpho__WT2-Neuron-3.swc,pyramidal,14,0.0714,0.0000
sholl_mlp,neuromorpho__WT2-Neuron1_e.swc,pyramidal,14,1.0000,1.0000
sholl_mlp,neuromorpho__wt20x-03.swc,pyramidal,201,1.0000,1.0000
sholl_mlp,neuromorpho__wt20x-04.swc,pyramidal,148,1.0000,1.0000
sholl_mlp,neuromorpho__wt20x-06.swc,pyramidal,329,1.0000,1.0000
sholl_mlp,neuromorpho__wt20x-16.swc,pyramidal,253,1.0000,1.0000
sholl_mlp,neuromorpho__wt20x-19.swc,pyramidal,124,1.0000,1.0000
sholl_mlp,neuromorpho__WT3-n3-6_final.swc,pyramidal,1263,1.0000,1.0000
sholl_mlp,neuromorpho__WT3-n7-5_final.swc,pyramidal,1062,1.0000,1.0000
sholl_mlp,neuromorpho__WT3-n8-2_1.swc,pyramidal,988,1.0000,1.0000
sholl_mlp,neuromorpho__WT3-neuron2.swc,pyramidal,136,0.4412,0.3041
sholl_mlp,neuromorpho__WT3-neuron8.swc,pyramidal,164,0.1829,0.1510
sholl_mlp,neuromorpho__WT343PFCL320XNeuron9.swc,pyramidal,1013,0.4462,0.6165
sholl_mlp,neuromorpho__WT4-7-1---2_final.swc,pyramidal,992,1.0000,1.0000
sholl_mlp,neuromorpho__WT4-n1-2_final.swc,pyramidal,1290,1.0000,1.0000
sholl_mlp,neuromorpho__WT4-N1-4_final.swc,pyramidal,1178,1.0000,1.0000
sholl_mlp,neuromorpho__WT4-n11-3_final.swc,pyramidal,846,1.0000,1.0000
sholl_mlp,neuromorpho__WT4-n12-4_final.swc,pyramidal,848,1.0000,1.0000
sholl_mlp,neuromorpho__WT4-N3-4_final.swc,pyramidal,1498,0.3518,0.5200
sholl_mlp,neuromorpho__WT4-N4-3_final.swc,pyramidal,1432,1.0000,1.0000
sholl_mlp,neuromorpho__WT_13.swc,pyramidal,2148,1.0000,1.0000
sholl_mlp,neuromorpho__WT_1_3.swc,pyramidal,2940,0.1177,0.0700
sholl_mlp,neuromorpho__WT_1_4.swc,pyramidal,2623,0.5193,0.2278
sholl_mlp,neuromorpho__WT_1_5.swc,pyramidal,2710,0.9764,0.6573
sholl_mlp,neuromorpho__WT_2.swc,pyramidal,2246,1.0000,1.0000
sholl_mlp,neuromorpho__WT_2_2.swc,pyramidal,2805,0.9861,0.6616
sholl_mlp,neuromorpho__WT_3_3.swc,pyramidal,2013,1.0000,1.0000
sholl_mlp,neuromorpho__WT_8.swc,pyramidal,1568,1.0000,1.0000
sholl_mlp,neuromorpho__X043_S2_Z2_C01.swc,pyramidal,709,1.0000,1.0000
sholl_mlp,neuromorpho__X043_S2_Z4_C01_20x.swc,pyramidal,394,0.3807,0.2749
sholl_mlp,neuromorpho__X043_S2_Z4_C03_20x.swc,pyramidal,685,1.0000,1.0000
sholl_mlp,neuromorpho__X043_S2_Z5_C01.swc,pyramidal,521,0.6699,0.4009
sholl_mlp,neuromorpho__X043_S3_Z4_C03.swc,pyramidal,746,1.0000,1.0000
sholl_mlp,neuromorpho__X043_S4_Z1_C01.swc,pyramidal,526,1.0000,1.0000
sholl_mlp,neuromorpho__X043_S4_Z2_C03.swc,pyramidal,674,0.6306,0.3865
sholl_mlp,neuromorpho__X043_S4_Z5_C02.swc,pyramidal,460,0.6804,0.4047
sholl_mlp,neuromorpho__X043_S5_Z1_C01.swc,pyramidal,484,1.0000,1.0000
sholl_mlp,neuromorpho__X043_S5_Z1_C02_20x.swc,pyramidal,397,0.4055,0.2878
sholl_mlp,neuromorpho__X043_S5_Z2_C01_20x.swc,pyramidal,651,1.0000,1.0000
sholl_mlp,neuromorpho__X043_S7_Z2_C01.swc,pyramidal,813,1.0000,1.0000
sholl_mlp,neuromorpho__X043_S7_Z4_C01.swc,pyramidal,631,0.6498,0.3936
sholl_mlp,neuromorpho__X046_S1_Z2_C04.swc,pyramidal,562,0.6940,0.4095
sholl_mlp,neuromorpho__X046_S1_Z2_C05.swc,pyramidal,660,0.7015,0.4121
sholl_mlp,neuromorpho__X046_S4_Z1_C01_20X.swc,pyramidal,606,1.0000,1.0000
sholl_mlp,neuromorpho__X046_S4_Z4_C01_20X.swc,pyramidal,442,0.4842,0.3257
sholl_mlp,neuromorpho__X046_S4_Z4_C03_20X.swc,pyramidal,578,1.0000,1.0000
sholl_mlp,neuromorpho__X046_S4_Z5_C01.swc,pyramidal,569,1.0000,1.0000
sholl_mlp,neuromorpho__X046_S6_Z1_C01.swc,pyramidal,484,0.6488,0.3932
sholl_mlp,neuromorpho__X046_S6_Z6_C01.swc,pyramidal,468,0.6624,0.3982
sholl_mlp,neuromorpho__Yin20161228s5_AR.swc,pyramidal,9572,1.0000,1.0000
sholl_mlp,allen__Chat-IRES-Cre-neo_Ai14-308245.04.02.01_577369606.swc,interneuron,8424,0.8859,0.8505
sholl_mlp,allen__Chat-IRES-Cre-neo_Ai14-316042.05.02.01_586072464.swc,interneuron,6544,0.4841,0.3262
sholl_mlp,allen__Chat-IRES-Cre-neo_Ai14-316042.06.01.01_586072783.swc,interneuron,9284,0.7775,0.7182
sholl_mlp,allen__Gad2-IRES-Cre_Ai14-324791.03.02.02_593321019.swc,interneuron,9202,1.0000,1.0000
sholl_mlp,allen__H15.06.016.01.03.02_488386626.swc,interneuron,19279,0.9987,0.9970
sholl_mlp,allen__H16.06.009.01.01.18.03_528687520.swc,interneuron,12081,1.0000,1.0000
sholl_mlp,allen__H17.06.003.11.03.03_614651270.swc,interneuron,30285,0.9737,0.9576
sholl_mlp,allen__H17.06.003.11.05.04_567742660.swc,interneuron,33040,1.0000,1.0000
sholl_mlp,allen__H17.06.005.12.10.04_571435969.swc,interneuron,2967,0.7182,0.7143
sholl_mlp,allen__H17.06.005.12.12.03_571525618.swc,interneuron,8146,0.8887,0.8056
sholl_mlp,allen__H17.06.005.12.15.01_571427524.swc,interneuron,29538,1.0000,1.0000
sholl_mlp,allen__H17.06.006.11.08.07_571709783.swc,interneuron,3695,0.9380,0.4840
sholl_mlp,allen__H17.06.012.14.08.05_611610514.swc,interneuron,26630,0.9625,0.9211
sholl_mlp,allen__H17.06.013.12.03.02_643575207.swc,interneuron,17642,1.0000,1.0000
sholl_mlp,allen__H17.06.013.12.03.03_643582610.swc,interneuron,13995,0.9789,0.9506
sholl_mlp,allen__Htr3a-Cre_NO152_Ai14-286731.04.02.01_561553133.swc,interneuron,2808,0.9014,0.4740
sholl_mlp,allen__Htr3a-Cre_NO152_Ai14-286736.05.01.01_561532710.swc,interneuron,8835,1.0000,1.0000
sholl_mlp,allen__Ndnf-IRES2-dgCre_Ai14-262467.04.01.01_539014038.swc,interneuron,13849,0.9445,0.8879
sholl_mlp,allen__Ndnf-IRES2-dgCre_Ai14-290382.04.01.01_562632795.swc,interneuron,13035,0.9526,0.8566
sholl_mlp,allen__Ndnf-IRES2-dgCre_Ai14-292670.04.02.01_565120091.swc,interneuron,18807,1.0000,1.0000
sholl_mlp,allen__Ndnf-IRES2-dgCre_Ai14-292673.04.02.01_564349611.swc,interneuron,15659,0.9594,0.8287
sholl_mlp,allen__Ndnf-IRES2-dgCre_Ai14-292673.05.01.01_564346637.swc,interneuron,19022,1.0000,1.0000
sholl_mlp,allen__Ndnf-IRES2-dgCre_Ai14-306261.05.02.01_574734127.swc,interneuron,15926,0.9276,0.8531
sholl_mlp,allen__Ndnf-IRES2-dgCre_Ai14-311164.05.01.01_579626068.swc,interneuron,17629,0.9848,0.9593
sholl_mlp,allen__Nos1-CreERT2_Sst-IRES-FlpO_Ai65-271577.05.02.01_547262585.swc,interneuron,12546,0.8902,0.6847
sholl_mlp,allen__Oxtr-2A-Cre_Ai14-293837.04.02.01_565866518.swc,interneuron,15202,1.0000,1.0000
sholl_mlp,allen__Vipr2-IRES2-Cre_Slc32a1-T2A-FlpO_Ai65-315067.05.01.01_585805211.swc,interneuron,11008,1.0000,1.0000
sholl_mlp,allen__Vipr2-IRES2-Cre_Slc32a1-T2A-FlpO_Ai65-315069.05.02.01_585952606.swc,interneuron,10592,1.0000,1.0000
sholl_mlp,neuromorpho__020315-3-ST.swc,interneuron,7033,1.0000,1.0000
sholl_mlp,neuromorpho__020414-pos-div13-cs3.swc,interneuron,1490,1.0000,1.0000
sholl_mlp,neuromorpho__020414-pos-div14-cs2.swc,interneuron,1693,1.0000,1.0000
sholl_mlp,neuromorpho__020414-pos-div14-cs4.swc,interneuron,1393,1.0000,1.0000
sholl_mlp,neuromorpho__020726-3-NPY.swc,interneuron,4743,1.0000,1.0000
sholl_mlp,neuromorpho__03-22-01-2doubleBouquet.swc,interneuron,9637,1.0000,1.0000
sholl_mlp,neuromorpho__03-27-01-3wideArbor.swc,interneuron,21099,1.0000,1.0000
sholl_mlp,neuromorpho__030915-2_20x.swc,interneuron,4679,1.0000,1.0000
sholl_mlp,neuromorpho__031115-1_20x.swc,interneuron,5224,1.0000,1.0000
sholl_mlp,neuromorpho__032118Ac1_nNOS-1.swc,interneuron,11037,1.0000,1.0000
sholl_mlp,neuromorpho__05-26-00-s2localArbor.swc,interneuron,14894,1.0000,1.0000
sholl_mlp,neuromorpho__051217_cell4_L23.swc,interneuron,5927,1.0000,1.0000
sholl_mlp,neuromorpho__051217_cell6_L1.swc,interneuron,3309,1.0000,1.0000
sholl_mlp,neuromorpho__06-02-19A-02-cell-1.swc,interneuron,1243,1.0000,1.0000
sholl_mlp,neuromorpho__06-11-15-B.swc,interneuron,16105,1.0000,1.0000
sholl_mlp,neuromorpho__0604018001.swc,interneuron,665,1.0000,1.0000
sholl_mlp,neuromorpho__06050180003.swc,interneuron,619,1.0000,1.0000
sholl_mlp,neuromorpho__061217_cell4_L23.swc,interneuron,1794,1.0000,1.0000
sholl_mlp,neuromorpho__061218Ac1_dendrites.swc,interneuron,4285,1.0000,1.0000
sholl_mlp,neuromorpho__07-07-00-3mediumArbor.swc,interneuron,8928,1.0000,1.0000
sholl_mlp,neuromorpho__07-16-2018-slice-1-cell-2-rotate.swc,interneuron,16981,1.0000,1.0000
sholl_mlp,neuromorpho__071217_cell3_L1.swc,interneuron,3399,1.0000,1.0000
sholl_mlp,neuromorpho__081017Bc1_OFF-OS-AC.swc,interneuron,3757,1.0000,1.0000
sholl_mlp,neuromorpho__081103a.swc,interneuron,8029,0.4860,0.6540
sholl_mlp,neuromorpho__09-06-01-4neurogliaform.swc,interneuron,11239,1.0000,1.0000
sholl_mlp,neuromorpho__092303a.swc,interneuron,3983,1.0000,1.0000
sholl_mlp,neuromorpho__10-04-01-4doubleBouquet.swc,interneuron,6020,1.0000,1.0000
sholl_mlp,neuromorpho__10-07-15-A.swc,interneuron,11201,1.0000,1.0000
sholl_mlp,neuromorpho__10N1-8162019-fcfc2a.swc,interneuron,2877,1.0000,1.0000
sholl_mlp,neuromorpho__10N1-8162019-fcfc3a.swc,interneuron,1752,1.0000,1.0000
sholl_mlp,neuromorpho__10N1-8162019-wt5a.swc,interneuron,1772,1.0000,1.0000
sholl_mlp,neuromorpho__10N23DAT8-50717GFPwta_fcfc3a.swc,interneuron,3249,1.0000,1.0000
sholl_mlp,neuromorpho__10N23DAT8-50717GFPwta_wt4a.swc,interneuron,4608,1.0000,1.0000
sholl_mlp,neuromorpho__10N23DAT8-50717GFPwta_wt61.swc,interneuron,1687,1.0000,1.0000
sholl_mlp,neuromorpho__10N23DAT8-50717GFPwta_wt62.swc,interneuron,4083,1.0000,1.0000
sholl_mlp,neuromorpho__10N23DAT8-50717GFPwta_wt8a.swc,interneuron,2501,1.0000,1.0000
sholl_mlp,neuromorpho__10N4-8162019-b_wt7a.swc,interneuron,2681,1.0000,1.0000
sholl_mlp,neuromorpho__10N4-8162019-b_wt9a.swc,interneuron,1079,1.0000,1.0000
sholl_mlp,neuromorpho__1232.swc,interneuron,767,0.3181,0.2408
sholl_mlp,neuromorpho__1243.swc,interneuron,739,1.0000,1.0000
sholl_mlp,neuromorpho__12N5-8162019-b-fcfc1.swc,interneuron,5116,1.0000,1.0000
sholl_mlp,neuromorpho__12N5-8162019-b-fcfc21.swc,interneuron,5116,1.0000,1.0000
sholl_mlp,neuromorpho__12N5-8162019-b-fcfc2a.swc,interneuron,2605,1.0000,1.0000
sholl_mlp,neuromorpho__12N5-8162019-b-fcfc42.swc,interneuron,2605,1.0000,1.0000
sholl_mlp,neuromorpho__12N5-8162019-b-wt10a.swc,interneuron,2988,1.0000,1.0000
sholl_mlp,neuromorpho__12N5-8162019-b-wt1a.swc,interneuron,4908,1.0000,1.0000
sholl_mlp,neuromorpho__12N5-8162019-b_tile3-fcfc4A.swc,interneuron,1238,1.0000,1.0000
sholl_mlp,neuromorpho__12N5-8162019-b_tile3-fcfc5a.swc,interneuron,1411,1.0000,1.0000
sholl_mlp,neuromorpho__12N7-8162019-b-TILE1-n7dat12_tile1_fcfc2a.swc,interneuron,2481,1.0000,1.0000
sholl_mlp,neuromorpho__12N7-8162019-b-TILE1-wt3a1.swc,interneuron,4332,1.0000,1.0000
sholl_mlp,neuromorpho__12N7-8162019-b-TILE1-wt4a.swc,interneuron,2389,1.0000,1.0000
sholl_mlp,neuromorpho__12N7-8162019-b-TILE1-wt7a.swc,interneuron,1363,1.0000,1.0000
sholl_mlp,neuromorpho__12N7-8162019-b-wt1a.swc,interneuron,3276,1.0000,1.0000
sholl_mlp,neuromorpho__12N7-8162019-b_fcfc2a.swc,interneuron,4014,1.0000,1.0000
sholl_mlp,neuromorpho__12N7-8162019-b_fcfc3a.swc,interneuron,2837,1.0000,1.0000
sholl_mlp,neuromorpho__13-01-15-B.swc,interneuron,12679,1.0000,1.0000
sholl_mlp,neuromorpho__139-05-cell-1-analysis.swc,interneuron,532,1.0000,1.0000
sholl_mlp,neuromorpho__139-06-cell-1-analysis.swc,interneuron,587,1.0000,1.0000
sholl_mlp,neuromorpho__14-1-15-A-A1.swc,interneuron,7904,1.0000,1.0000
sholl_mlp,neuromorpho__14-1-15-A-A4.swc,interneuron,3584,0.8764,0.4671
sholl_mlp,neuromorpho__14-1-15-A-B1.swc,interneuron,599,0.9249,0.4805
sholl_mlp,neuromorpho__141012_Pair1SAC.swc,interneuron,4172,1.0000,1.0000
sholl_mlp,neuromorpho__143-06-cell-1-analysis.swc,interneuron,1699,1.0000,1.0000
sholl_mlp,neuromorpho__143-06-cell-2-analysis.swc,interneuron,998,1.0000,1.0000
sholl_mlp,neuromorpho__143-07-cell-1-analysis.swc,interneuron,1827,1.0000,1.0000
sholl_mlp,neuromorpho__14Feb2019-exp-5_53-rpt-188-1006.swc,interneuron,4922,1.0000,1.0000
sholl_mlp,neuromorpho__14Feb2019-exp-5_53-rpt-scr-1002.swc,interneuron,4301,1.0000,1.0000
sholl_mlp,neuromorpho__14Feb2019-exp-5_53-rpt-scr-1006.swc,interneuron,1867,1.0000,1.0000
sholl_mlp,neuromorpho__150206_1.swc,interneuron,3970,0.7922,1.0000
sholl_mlp,neuromorpho__150504_2.swc,interneuron,10757,0.0746,1.0000
sholl_mlp,neuromorpho__150504_pair2sac.swc,interneuron,8928,1.0000,1.0000
sholl_mlp,neuromorpho__16-06-15-C.swc,interneuron,11914,1.0000,1.0000
sholl_mlp,neuromorpho__160727_SAC3_006.swc,interneuron,1121,1.0000,1.0000
sholl_mlp,neuromorpho__160817_SAC4_006_avgupdated.swc,interneuron,4477,0.0002,0.0000
sholl_mlp,neuromorpho__160826_FusedSAC3_avgupdated.swc,interneuron,3496,1.0000,1.0000
sholl_mlp,neuromorpho__161012_08.swc,interneuron,19111,1.0000,1.0000
sholl_mlp,neuromorpho__161014_SAC1_avgupdated.swc,interneuron,2900,1.0000,1.0000
sholl_mlp,neuromorpho__161027_SAC5.swc,interneuron,3779,1.0000,1.0000
sholl_mlp,neuromorpho__161220_2.swc,interneuron,27273,0.2618,0.2075
sholl_mlp,neuromorpho__170313_2.swc,interneuron,29884,0.0414,0.0794
sholl_mlp,neuromorpho__170321_1.swc,interneuron,4529,0.0002,0.0000
sholl_mlp,neuromorpho__170426_02.swc,interneuron,11982,1.0000,1.0000
sholl_mlp,neuromorpho__170602_sac2_updated170801.swc,interneuron,5056,0.0129,0.0250
sholl_mlp,neuromorpho__17302_00032-semi_f.swc,interneuron,2851,1.0000,1.0000
sholl_mlp,neuromorpho__17302_00045-semi_r.swc,interneuron,1756,1.0000,1.0000
sholl_mlp,neuromorpho__17302_00046-semi_r.swc,interneuron,1791,1.0000,1.0000
sholl_mlp,neuromorpho__17302_00047-semi_f.swc,interneuron,3714,1.0000,1.0000
sholl_mlp,neuromorpho__17302_00050-semi_r.swc,interneuron,2756,1.0000,1.0000
sholl_mlp,neuromorpho__17302_00055-semi_r.swc,interneuron,2171,1.0000,1.0000
sholl_mlp,neuromorpho__17302_00063-semi_r.swc,interneuron,1774,1.0000,1.0000
sholl_mlp,neuromorpho__17302_00099-semi_r.swc,interneuron,1472,1.0000,1.0000
sholl_mlp,neuromorpho__17302_00101-semi_r.swc,interneuron,2237,1.0000,1.0000
sholl_mlp,neuromorpho__17545_00029-semi_r.swc,interneuron,3755,1.0000,1.0000
sholl_mlp,neuromorpho__17545_00059-semi_r.swc,interneuron,2701,1.0000,1.0000
sholl_mlp,neuromorpho__17545_00064-semi_r.swc,interneuron,2664,1.0000,1.0000
sholl_mlp,neuromorpho__17545_00066-semi_r.swc,interneuron,2292,1.0000,1.0000
sholl_mlp,neuromorpho__17545_00068-semi_r.swc,interneuron,1891,1.0000,1.0000
sholl_mlp,neuromorpho__17545_00073-semi_r.swc,interneuron,993,1.0000,1.0000
sholl_mlp,neuromorpho__17545_00147-semi_r.swc,interneuron,2555,1.0000,1.0000
sholl_mlp,neuromorpho__180803_s1c1_Lstellate.swc,interneuron,636,0.1667,0.2838
sholl_mlp,neuromorpho__18454_00016-semi_r.swc,interneuron,2895,1.0000,1.0000
sholl_mlp,neuromorpho__18455_00008-semi_r.swc,interneuron,2172,1.0000,1.0000
sholl_mlp,neuromorpho__18455_00030-semi_r.swc,interneuron,2999,1.0000,1.0000
sholl_mlp,neuromorpho__18455_00041-semi_r.swc,interneuron,721,1.0000,1.0000
sholl_mlp,neuromorpho__18455_00106-semi_r.swc,interneuron,2426,1.0000,1.0000
sholl_mlp,neuromorpho__18462_00043-semi_r.swc,interneuron,2502,1.0000,1.0000
sholl_mlp,neuromorpho__18463_00051-semi_f.swc,interneuron,3883,1.0000,1.0000
sholl_mlp,neuromorpho__18463_00075-semi_r.swc,interneuron,1724,1.0000,1.0000
sholl_mlp,neuromorpho__18465_00213-semi_r.swc,interneuron,1868,1.0000,1.0000
sholl_mlp,neuromorpho__1857-10-cell-1-analysis.swc,interneuron,534,1.0000,1.0000
sholl_mlp,neuromorpho__18867_7584_x10560_y5816-auto_r.swc,interneuron,2425,1.0000,1.0000
sholl_mlp,neuromorpho__18868_2601_x23273_y17306-auto_r.swc,interneuron,3628,1.0000,1.0000
sholl_mlp,neuromorpho__18868_2924_x10668_y9719-auto_r.swc,interneuron,3385,1.0000,1.0000
sholl_mlp,neuromorpho__18869_5123_x17555_y3609-semi_r.swc,interneuron,2336,1.0000,1.0000
sholl_mlp,neuromorpho__18869_5692_x6534_y3440-semi_r.swc,interneuron,5265,1.0000,1.0000
sholl_mlp,neuromorpho__18869_6732_x9649_y3919-semi_r.swc,interneuron,4503,1.0000,1.0000
sholl_mlp,neuromorpho__19-02-19A-01-cell-1.swc,interneuron,1258,1.0000,1.0000
sholl_mlp,neuromorpho__19-02-19A-03-cell-2.swc,interneuron,6497,1.0000,1.0000
sholl_mlp,neuromorpho__19-02-19A-11-cell-2.swc,interneuron,2242,1.0000,1.0000
sholl_mlp,neuromorpho__19-02-19A-14-cell-2.swc,interneuron,2129,1.0000,1.0000
sholl_mlp,neuromorpho__19-02-19B-01-cell2.swc,interneuron,4895,1.0000,1.0000
sholl_mlp,neuromorpho__19-02-19B-02-cell1.swc,interneuron,3524,1.0000,1.0000
sholl_mlp,neuromorpho__196_1_C2.swc,interneuron,46419,0.9487,0.9126
sholl_mlp,neuromorpho__20120320sc4.swc,interneuron,26082,1.0000,1.0000
sholl_mlp,neuromorpho__2016-08-11-slice-3-cell-7-rotated.swc,interneuron,19344,1.0000,1.0000
sholl_mlp,neuromorpho__2016-09-06-slice-C-cell-7-rotated.swc,interneuron,21108,1.0000,1.0000
sholl_mlp,neuromorpho__2016-16-12-slice-e-cell-3-rotated.swc,interneuron,16851,1.0000,1.0000
sholl_mlp,neuromorpho__2016-30-09-slice-4-cell-8-rotated.swc,interneuron,4380,0.5427,0.3517
sholl_mlp,neuromorpho__2017-01-08-slice-4-cell-7-rotated.swc,interneuron,43838,1.0000,1.0000
sholl_mlp,neuromorpho__2017-01-09-slice-2-cell-2-rotated.swc,interneuron,6461,0.6468,0.6358
sholl_mlp,neuromorpho__2017-02-08-slice-3-cell-2-rotated.swc,interneuron,27194,1.0000,1.0000
sholl_mlp,neuromorpho__2017-03-05-slice-3-cell-7-rotated.swc,interneuron,26232,1.0000,1.0000
sholl_mlp,neuromorpho__2017-03-07-slice-1-cell-7-rotated.swc,interneuron,8903,1.0000,1.0000
sholl_mlp,neuromorpho__2017-03-07-slice-2-cell-3-rotated.swc,interneuron,16504,1.0000,1.0000
sholl_mlp,neuromorpho__2017-04-07-slice-2-cell-6-rotated.swc,interneuron,30629,1.0000,1.0000
sholl_mlp,neuromorpho__2017-06-08-slice-3-cell-7-rotated.swc,interneuron,12953,1.0000,1.0000
sholl_mlp,neuromorpho__2017-09-02-slice-3-cell-2-roteted.swc,interneuron,53409,1.0000,1.0000
sholl_mlp,neuromorpho__2017-12-02-slice-3-cell-2-rotated.swc,interneuron,21351,1.0000,1.0000
sholl_mlp,neuromorpho__2017-12-02-slice-3-cell-3-rotated.swc,interneuron,26518,1.0000,1.0000
sholl_mlp,neuromorpho__2017-16-05-slice-1-cell-6-rotated.swc,interneuron,25907,1.0000,1.0000
sholl_mlp,neuromorpho__2017-16-10-slice-3-cell-2-rotated.swc,interneuron,16910,1.0000,1.0000
sholl_mlp,neuromorpho__2017-18-10-slice-1-cell-2-rotated.swc,interneuron,31085,1.0000,1.0000
sholl_mlp,neuromorpho__2017-18-10-slice-1-cell-6-rotated.swc,interneuron,38823,1.0000,1.0000
sholl_mlp,neuromorpho__2017-23-10-slice-2-cell-7-rotated.swc,interneuron,22847,1.0000,1.0000
sholl_mlp,neuromorpho__2017-23-10-slice-3-cell-6-rotated.swc,interneuron,24300,1.0000,1.0000
sholl_mlp,neuromorpho__2017-29-03-slice-2-cell-2-rotated.swc,interneuron,24223,0.9760,0.9047
sholl_mlp,neuromorpho__20180404_sample_5.swc,interneuron,4886,1.0000,1.0000
sholl_mlp,neuromorpho__20180515_sample_1.swc,interneuron,4479,1.0000,1.0000
sholl_mlp,neuromorpho__20180607-60L5-2-1-428-03-249-80-46.swc,interneuron,411,1.0000,1.0000
sholl_mlp,neuromorpho__20180607-L1R2-2-3-451-09-113-14-40.swc,interneuron,308,1.0000,1.0000
sholl_mlp,neuromorpho__20180607-L1R2-3-1-276-15-298-35-46.swc,interneuron,633,1.0000,1.0000
sholl_mlp,neuromorpho__20180607-L1R2-6-1-526-18-132-17-27.swc,interneuron,298,1.0000,1.0000
sholl_mlp,neuromorpho__20180621_sample_7.swc,interneuron,4665,1.0000,1.0000
sholl_mlp,neuromorpho__20180711_sample_1.swc,interneuron,5003,1.0000,1.0000
sholl_mlp,neuromorpho__20180717_sample_3.swc,interneuron,5524,1.0000,1.0000
sholl_mlp,neuromorpho__20180725_sample_9.swc,interneuron,3349,1.0000,1.0000
sholl_mlp,neuromorpho__20180820_sample_1.swc,interneuron,4441,1.0000,1.0000
sholl_mlp,neuromorpho__20180828_sample_5.swc,interneuron,10975,1.0000,1.0000
sholl_mlp,neuromorpho__20180830_sample_1.swc,interneuron,6293,1.0000,1.0000
sholl_mlp,neuromorpho__20180904_sample_3.swc,interneuron,9597,1.0000,1.0000
sholl_mlp,neuromorpho__20180904_sample_5.swc,interneuron,10350,1.0000,1.0000
sholl_mlp,neuromorpho__20180911_sample_6.swc,interneuron,3643,1.0000,1.0000
sholl_mlp,neuromorpho__20180918_sample_1.swc,interneuron,2959,1.0000,1.0000
sholl_mlp,neuromorpho__20180920_sample_2.swc,interneuron,4424,1.0000,1.0000
sholl_mlp,neuromorpho__20181004_sample_8.swc,interneuron,2523,1.0000,1.0000
sholl_mlp,neuromorpho__20181009_sample_7.swc,interneuron,2602,1.0000,1.0000
sholl_mlp,neuromorpho__20181109_sample_7.swc,interneuron,9620,1.0000,1.0000
sholl_mlp,neuromorpho__20181112_sample_6.swc,interneuron,1396,1.0000,1.0000
sholl_mlp,neuromorpho__20181116_sample_5.swc,interneuron,6911,1.0000,1.0000
sholl_mlp,neuromorpho__20181121_sample_6.swc,interneuron,5071,1.0000,1.0000
sholl_mlp,neuromorpho__20190122_sample_5.swc,interneuron,4379,1.0000,1.0000
sholl_mlp,neuromorpho__20190122_sample_9.swc,interneuron,10502,1.0000,1.0000
sholl_mlp,neuromorpho__20190128_sample_12.swc,interneuron,4505,1.0000,1.0000
sholl_mlp,neuromorpho__20190128_sample_2.swc,interneuron,3559,1.0000,1.0000
sholl_mlp,neuromorpho__20190128_sample_7.swc,interneuron,10538,1.0000,1.0000
sholl_mlp,neuromorpho__20190130_sample_10.swc,interneuron,7003,1.0000,1.0000
sholl_mlp,neuromorpho__20190130_sample_3.swc,interneuron,13391,1.0000,1.0000
sholl_mlp,neuromorpho__20190131_sample_5.swc,interneuron,3633,1.0000,1.0000
sholl_mlp,neuromorpho__20190201_sample_3.swc,interneuron,3938,1.0000,1.0000
sholl_mlp,neuromorpho__20190204_sample_7.swc,interneuron,6489,1.0000,1.0000
sholl_mlp,neuromorpho__20190204_sample_9.swc,interneuron,3707,1.0000,1.0000
sholl_mlp,neuromorpho__20190211_sample_6.swc,interneuron,4479,1.0000,1.0000
sholl_mlp,neuromorpho__20190212_sample_4.swc,interneuron,9754,1.0000,1.0000
sholl_mlp,neuromorpho__20190212_sample_7.swc,interneuron,1633,1.0000,1.0000
sholl_mlp,neuromorpho__20190213_sample_7.swc,interneuron,9194,1.0000,1.0000
sholl_mlp,neuromorpho__20190214_sample_1.swc,interneuron,4239,1.0000,1.0000
sholl_mlp,neuromorpho__20190221_sample_4.swc,interneuron,2725,0.2741,0.2150
sholl_mlp,neuromorpho__20190327_sample_7.swc,interneuron,628,1.0000,1.0000
sholl_mlp,neuromorpho__20190408_sample_1.swc,interneuron,4548,1.0000,1.0000
sholl_mlp,neuromorpho__20190408_sample_6.swc,interneuron,3688,1.0000,1.0000
sholl_mlp,neuromorpho__20190430_sample_1.swc,interneuron,5735,1.0000,1.0000
sholl_mlp,neuromorpho__20190430_sample_6.swc,interneuron,6923,1.0000,1.0000
sholl_mlp,neuromorpho__20190508_sample_4.swc,interneuron,2466,1.0000,1.0000
sholl_mlp,neuromorpho__20190509_sample_2.swc,interneuron,2756,0.2148,0.2151
sholl_mlp,neuromorpho__20190513_sample_5.swc,interneuron,5009,1.0000,1.0000
sholl_mlp,neuromorpho__20190515_sample_12.swc,interneuron,2007,0.3284,0.4940
sholl_mlp,neuromorpho__20190606_sample_3.swc,interneuron,7652,0.9978,1.0000
sholl_mlp,neuromorpho__20190610_sample_3.swc,interneuron,5376,1.0000,1.0000
sholl_mlp,neuromorpho__20190613_sample_2.swc,interneuron,8970,1.0000,1.0000
sholl_mlp,neuromorpho__20190617_sample_1.swc,interneuron,2091,0.7159,0.7000
sholl_mlp,neuromorpho__20190617_sample_5.swc,interneuron,7559,1.0000,1.0000
sholl_mlp,neuromorpho__20190619_sample_5.swc,interneuron,6806,1.0000,1.0000
sholl_mlp,neuromorpho__20190625_sample_10.swc,interneuron,2859,0.7681,0.4344
sholl_mlp,neuromorpho__20190625_sample_12.swc,interneuron,1451,0.9752,0.4937
sholl_mlp,neuromorpho__20190628_sample_1.swc,interneuron,3877,1.0000,1.0000
sholl_mlp,neuromorpho__20190703_sample_12.swc,interneuron,3204,1.0000,1.0000
sholl_mlp,neuromorpho__20190703_sample_13.swc,interneuron,4097,1.0000,1.0000
sholl_mlp,neuromorpho__20190708_sample_12.swc,interneuron,3588,1.0000,1.0000
sholl_mlp,neuromorpho__20190709_sample_1.swc,interneuron,2124,1.0000,1.0000
sholl_mlp,neuromorpho__20190710_sample_6.swc,interneuron,2762,1.0000,1.0000
sholl_mlp,neuromorpho__20190712_sample_6.swc,interneuron,3264,1.0000,1.0000
sholl_mlp,neuromorpho__20190718_sample_5.swc,interneuron,3856,1.0000,1.0000
sholl_mlp,neuromorpho__20190718_sample_8.swc,interneuron,2796,1.0000,1.0000
sholl_mlp,neuromorpho__20190729_sample_2.swc,interneuron,3448,1.0000,1.0000
sholl_mlp,neuromorpho__20190730_sample_2.swc,interneuron,2402,1.0000,1.0000
sholl_mlp,neuromorpho__20190730_sample_9.swc,interneuron,3615,1.0000,1.0000
sholl_mlp,neuromorpho__20190924_sample_7.swc,interneuron,3323,1.0000,1.0000
sholl_mlp,neuromorpho__20191001_sample_4.swc,interneuron,6182,1.0000,1.0000
sholl_mlp,neuromorpho__20191028_sample_2.swc,interneuron,9971,1.0000,1.0000
sholl_mlp,neuromorpho__20191105_sample_4.swc,interneuron,6049,1.0000,1.0000
sholl_mlp,neuromorpho__20191114_sample_1.swc,interneuron,10095,1.0000,1.0000
sholl_mlp,neuromorpho__20191114_sample_4.swc,interneuron,582,1.0000,1.0000
sholl_mlp,neuromorpho__2020-03-11_13-01-38SST-MORF3Mb01-1V5-647SST488-30x02Str_b.swc,interneuron,280,1.0000,1.0000
sholl_mlp,neuromorpho__20200524_E_63X_zstack_tile_2_stitched.swc,interneuron,6146,1.0000,1.0000
sholl_mlp,neuromorpho__23-04-18B-08-cell-1.swc,interneuron,1118,1.0000,1.0000
sholl_mlp,neuromorpho__23-04-18B-09-cell-2.swc,interneuron,2387,1.0000,1.0000
sholl_mlp,neuromorpho__23-04-18C-01-cell-1.swc,interneuron,5795,1.0000,1.0000
sholl_mlp,neuromorpho__240914RF1_3m.swc,interneuron,598,1.0000,1.0000
sholl_mlp,neuromorpho__25-02-15-C2.swc,interneuron,3275,0.5429,0.3518
sholl_mlp,neuromorpho__26-11-14-A-A4b.swc,interneuron,30568,0.8967,0.7347
sholl_mlp,neuromorpho__26-2-15-C.swc,interneuron,16762,1.0000,1.0000
sholl_mlp,neuromorpho__261015c2.swc,interneuron,1506,1.0000,1.0000
sholl_mlp,neuromorpho__262_1a.swc,interneuron,1424,0.6538,0.3952
sholl_mlp,neuromorpho__268_On_C.swc,interneuron,8677,1.0000,1.0000
sholl_mlp,neuromorpho__282_On_C_commissural.swc,interneuron,8766,1.0000,1.0000
sholl_mlp,neuromorpho__3-Som-3d-trace.swc,interneuron,1145,1.0000,1.0000
sholl_mlp,neuromorpho__3057_20140409-x1-25.swc,interneuron,4326,0.4785,0.3236
sholl_mlp,neuromorpho__3073_20140421-x1-25.swc,interneuron,9454,1.0000,1.0000
sholl_mlp,neuromorpho__3080_20140430-x1-25.swc,interneuron,9128,1.0000,1.0000
sholl_mlp,neuromorpho__340_1a.swc,interneuron,1158,1.0000,1.0000
sholl_mlp,neuromorpho__340_1b.swc,interneuron,2693,1.0000,1.0000
sholl_mlp,neuromorpho__350R.swc,interneuron,1687,1.0000,1.0000
sholl_mlp,neuromorpho__43-07-cell-1-analysis.swc,interneuron,861,1.0000,1.0000
sholl_mlp,neuromorpho__464R.swc,interneuron,730,1.0000,1.0000
sholl_mlp,neuromorpho__4_J2a.swc,interneuron,3050,1.0000,1.0000
sholl_mlp,neuromorpho__4_J2b.swc,interneuron,3072,1.0000,1.0000
sholl_mlp,neuromorpho__500_1_C5.swc,interneuron,41319,0.5097,0.4132
sholl_mlp,neuromorpho__535_2_C4.swc,interneuron,48000,0.5984,0.4943
sholl_mlp,neuromorpho__536_3_C8.swc,interneuron,38069,0.3760,0.3055
sholl_mlp,neuromorpho__536_4_C7.swc,interneuron,52983,0.7237,0.7232
sholl_mlp,neuromorpho__536_7_C8.swc,interneuron,34640,1.0000,1.0000
sholl_mlp,neuromorpho__5515-12-cell-2-analysis.swc,interneuron,474,1.0000,1.0000
sholl_mlp,neuromorpho__5515-13-cell-1-analysis.swc,interneuron,1273,1.0000,1.0000
sholl_mlp,neuromorpho__60L4_03_-165.swc,interneuron,376,1.0000,1.0000
sholl_mlp,neuromorpho__60L4_03_-330.swc,interneuron,142,1.0000,1.0000
sholl_mlp,neuromorpho__60L4_07_-180-right.swc,interneuron,433,1.0000,1.0000
sholl_mlp,neuromorpho__60R5_01_-480.swc,interneuron,479,1.0000,1.0000
sholl_mlp,neuromorpho__60R5_01_-525.swc,interneuron,390,1.0000,1.0000
sholl_mlp,neuromorpho__60R5_06_-285.swc,interneuron,438,1.0000,1.0000
sholl_mlp,neuromorpho__614_4_C4.swc,interneuron,14912,0.6993,0.6980
sholl_mlp,neuromorpho__614_6_C4.swc,interneuron,38382,0.5944,0.5393
sholl_mlp,neuromorpho__6_J2.swc,interneuron,6474,1.0000,1.0000
sholl_mlp,neuromorpho__6N1-5072019_TileScan-3_Merged_fcfc1a.swc,interneuron,1117,1.0000,1.0000
sholl_mlp,neuromorpho__6N1-5072019_TileScan-3_Merged_fcfc2a.swc,interneuron,460,1.0000,1.0000
sholl_mlp,neuromorpho__6N1-5072019_TileScan-3_Merged_fcfc4a.swc,interneuron,734,1.0000,1.0000
sholl_mlp,neuromorpho__6N1-5072019_TileScan-3_Merged_fcfc5a.swc,interneuron,702,1.0000,1.0000
sholl_mlp,neuromorpho__6N1-5072019_TileScan-3_Merged_wt10a.swc,interneuron,358,1.0000,1.0000
sholl_mlp,neuromorpho__6N1-5072019_TileScan-3_Merged_wt4a.swc,interneuron,803,1.0000,1.0000
sholl_mlp,neuromorpho__6N1-5072019_TileScan-3_Merged_wt5a.swc,interneuron,544,1.0000,1.0000
sholl_mlp,neuromorpho__6N5DAT6-50717GFPwtb_012-wt3a.swc,interneuron,1285,1.0000,1.0000
sholl_mlp,neuromorpho__6N5DAT6-50717GFPwtb_013-FCON3mutTdt10a.swc,interneuron,52,1.0000,1.0000
sholl_mlp,neuromorpho__6N5DAT6-50717GFPwtb_013-FCON3mutTdt11a.swc,interneuron,105,1.0000,1.0000
sholl_mlp,neuromorpho__6N5DAT6-50717GFPwtb_013-FCON3mutTdt18a.swc,interneuron,94,1.0000,1.0000
sholl_mlp,neuromorpho__6N5DAT6-50717GFPwtb_013-FCON3mutTdt1a.swc,interneuron,92,1.0000,1.0000
sholl_mlp,neuromorpho__6N5DAT6-50717GFPwtb_013-FCON3mutTdt21a.swc,interneuron,39,1.0000,1.0000
sholl_mlp,neuromorpho__6N5DAT6-50717GFPwtb_013-FCON3mutTdt24a.swc,interneuron,74,1.0000,1.0000
sholl_mlp,neuromorpho__6N5DAT6-50717GFPwtb_013-FCON3mutTdt26a.swc,interneuron,107,1.0000,1.0000
sholl_mlp,neuromorpho__6N5DAT6-50717GFPwtb_013-GFPwt14a.swc,interneuron,184,1.0000,1.0000
sholl_mlp,neuromorpho__6N5DAT6-50717GFPwtb_013-GFPwt1a.swc,interneuron,256,1.0000,1.0000
sholl_mlp,neuromorpho__6N5DAT6-50717GFPwtb_013-GFPwt6a.swc,interneuron,425,1.0000,1.0000
sholl_mlp,neuromorpho__70R3_02_-390.swc,interneuron,128,1.0000,1.0000
sholl_mlp,neuromorpho__70R3_03_-345.swc,interneuron,120,1.0000,1.0000
sholl_mlp,neuromorpho__70R3_03_-660.swc,interneuron,158,1.0000,1.0000
sholl_mlp,neuromorpho__70R3_04_-345.swc,interneuron,205,1.0000,1.0000
sholl_mlp,neuromorpho__70R3_06_-150.swc,interneuron,185,1.0000,1.0000
sholl_mlp,neuromorpho__70R3_07_-255.swc,interneuron,97,1.0000,1.0000
sholl_mlp,neuromorpho__7_J2a.swc,interneuron,2360,1.0000,1.0000
sholl_mlp,neuromorpho__822.swc,interneuron,960,0.3656,0.2674
sholl_mlp,neuromorpho__8may2015c1.swc,interneuron,3626,1.0000,1.0000
sholl_mlp,neuromorpho__8N22DAT8-50717GFPwta-fcfc-9a.swc,interneuron,1161,1.0000,1.0000
sholl_mlp,neuromorpho__8N22DAT8-50717GFPwta-wt10a.swc,interneuron,206,1.0000,1.0000
sholl_mlp,neuromorpho__8N22DAT8-50717GFPwta-wt15a.swc,interneuron,405,1.0000,1.0000
sholl_mlp,neuromorpho__8N22DAT8-50717GFPwta-wt4a.swc,interneuron,174,1.0000,1.0000
sholl_mlp,neuromorpho__8N22DAT8-50717GFPwta-wt5a.swc,interneuron,164,1.0000,1.0000
sholl_mlp,neuromorpho__8N22DAT8-50717GFPwta-wt9a.swc,interneuron,237,1.0000,1.0000
sholl_mlp,neuromorpho__8N3-8162019-b-fcfc7a.swc,interneuron,2532,1.0000,1.0000
sholl_mlp,neuromorpho__8N3-8162019-b-fcfc9-10a.swc,interneuron,2353,1.0000,1.0000
sholl_mlp,neuromorpho__8N3-8162019-b-wt2a.swc,interneuron,795,1.0000,1.0000
sholl_mlp,neuromorpho__8N6-8162019-b-fcfc3a.swc,interneuron,2006,1.0000,1.0000
sholl_mlp,neuromorpho__8N6-8162019-b-fcfc6a.swc,interneuron,2925,1.0000,1.0000
sholl_mlp,neuromorpho__8N6-8162019-b-wT3a.swc,interneuron,1802,1.0000,1.0000
sholl_mlp,neuromorpho__8N6-8162019-b-wt6a.swc,interneuron,2173,1.0000,1.0000
sholl_mlp,neuromorpho__9-10-14-B.swc,interneuron,12562,1.0000,1.0000
sholl_mlp,neuromorpho__a151124-2_VIP_IN.swc,interneuron,3213,0.1979,0.1651
sholl_mlp,neuromorpho__A151218-02_VIP_IN.swc,interneuron,4353,0.1206,0.1075
sholl_mlp,neuromorpho__a7_170216_2.swc,interneuron,15444,1.0000,1.0000
sholl_mlp,neuromorpho__a7_170216_4.swc,interneuron,14087,1.0000,1.0000
sholl_mlp,neuromorpho__AAS17.swc,interneuron,437,1.0000,1.0000
sholl_mlp,neuromorpho__AAS3.swc,interneuron,6098,0.1064,0.1921
sholl_mlp,neuromorpho__ADP10_2491_biocytin.swc,interneuron,1901,1.0000,1.0000
sholl_mlp,neuromorpho__ADP1_4339_neurobiotin.swc,interneuron,9678,1.0000,1.0000
sholl_mlp,neuromorpho__AIMR.swc,interneuron,14,0.0714,0.0000
sholl_mlp,neuromorpho__aIN-000307-1-1-nrn-ns-120504-transl-invX-scaled-straightened.swc,interneuron,63,1.0000,1.0000
sholl_mlp,neuromorpho__aIN-390-nrn-ns-120508-transl-invX-scaled-straightened.swc,interneuron,108,1.0000,1.0000
sholl_mlp,neuromorpho__aIN-524-nrn-ns-100407-transl-invX-scaled-straightened.swc,interneuron,146,0.3904,0.2786
sholl_mlp,neuromorpho__AIYL.swc,interneuron,14,0.0714,0.0000
sholl_mlp,neuromorpho__AIZL.swc,interneuron,22,0.0455,0.0000
sholl_mlp,neuromorpho__Anstoetz_PV-IN12.swc,interneuron,1500,1.0000,1.0000
sholl_mlp,neuromorpho__Anstoetz_PV-IN13.swc,interneuron,6209,1.0000,1.0000
sholl_mlp,neuromorpho__Anstoetz_PV-IN15.swc,interneuron,6927,1.0000,1.0000
sholl_mlp,neuromorpho__Anstoetz_PV-IN16.swc,interneuron,2149,1.0000,1.0000
sholl_mlp,neuromorpho__Anstoetz_PV-IN7.swc,interneuron,3881,1.0000,1.0000
sholl_mlp,neuromorpho__Anstoetz_SLM_IN4.swc,interneuron,474,0.9219,0.4796
sholl_mlp,neuromorpho__Anstoetz_SLM_IN5.swc,interneuron,1994,1.0000,1.0000
sholl_mlp,neuromorpho__Anstoetz_SLM_IN9.swc,interneuron,396,1.0000,1.0000
sholl_mlp,neuromorpho__Anstoetz_Toolbox-IN2.swc,interneuron,6314,1.0000,1.0000
sholl_mlp,neuromorpho__Anstoetz_Toolbox-IN4.swc,interneuron,3373,1.0000,1.0000
sholl_mlp,neuromorpho__Anstoetz_Toolbox-IN9.swc,interneuron,448,1.0000,1.0000
sholl_mlp,neuromorpho__B1-F1-cell1.swc,interneuron,327,1.0000,1.0000
sholl_mlp,neuromorpho__B1-F2-cell2.swc,interneuron,345,1.0000,1.0000
sholl_mlp,neuromorpho__B15a.swc,interneuron,6786,1.0000,1.0000
sholl_mlp,neuromorpho__BC150112A_27.swc,interneuron,98757,1.0000,1.0000
sholl_mlp,neuromorpho__BC160201B_36.swc,interneuron,54582,1.0000,1.0000
sholl_mlp,neuromorpho__BC160620B_39.swc,interneuron,88903,0.9171,0.7047
sholl_mlp,neuromorpho__C-02-04-14-F-14-04-14-cs4-cell1.swc,interneuron,2977,1.0000,1.0000
sholl_mlp,neuromorpho__C-14-01-15-DIV15-CS2.swc,interneuron,11171,1.0000,1.0000
sholl_mlp,neuromorpho__C-15-10-14-DIV15-CS2-Cell1.swc,interneuron,3522,1.0000,1.0000
sholl_mlp,neuromorpho__C14-01-15DIV13CS1.swc,interneuron,57603,0.9761,0.8514
sholl_mlp,neuromorpho__c1411_Scone.swc,interneuron,892,1.0000,1.0000
sholl_mlp,neuromorpho__c1412.swc,interneuron,1065,1.0000,1.0000
sholl_mlp,neuromorpho__C15-10-14DIV15CS1Cell1.swc,interneuron,90544,1.0000,1.0000
sholl_mlp,neuromorpho__c3271015.swc,interneuron,1516,1.0000,1.0000
sholl_mlp,neuromorpho__c4612_Scone.swc,interneuron,834,1.0000,1.0000
sholl_mlp,neuromorpho__c8039.swc,interneuron,2745,1.0000,1.0000
sholl_mlp,neuromorpho__Canopy_151204_3.swc,interneuron,9497,1.0000,1.0000
sholl_mlp,neuromorpho__Canopy_161007_2.swc,interneuron,13714,0.9693,0.9381
sholl_mlp,neuromorpho__cell-10_8.swc,interneuron,2158,1.0000,1.0000
sholl_mlp,neuromorpho__cell-12_9.swc,interneuron,1631,1.0000,1.0000
sholl_mlp,neuromorpho__cell-13_8.swc,interneuron,2009,1.0000,1.0000
sholl_mlp,neuromorpho__Cell-22.swc,interneuron,264,0.6098,0.3783
sholl_mlp,neuromorpho__Cell-5-1.swc,interneuron,557,0.8636,0.4633
sholl_mlp,neuromorpho__cell-7_11.swc,interneuron,1403,1.0000,1.0000
sholl_mlp,neuromorpho__Cell1042Ecel1.swc,interneuron,883,1.0000,1.0000
sholl_mlp,neuromorpho__Cell19.swc,interneuron,11287,1.0000,1.0000
sholl_mlp,neuromorpho__Cell1biorxiv.swc,interneuron,1327,0.5614,0.5611
sholl_mlp,neuromorpho__Cell22.swc,interneuron,10276,1.0000,1.0000
sholl_mlp,neuromorpho__Cell29.swc,interneuron,10783,1.0000,1.0000
sholl_mlp,neuromorpho__Cell2biorxiv.swc,interneuron,2082,0.8237,0.7815
sholl_mlp,neuromorpho__Cell31.swc,interneuron,8304,1.0000,1.0000
sholl_mlp,neuromorpho__Cell37.swc,interneuron,5378,1.0000,1.0000
sholl_mlp,neuromorpho__Cell39.swc,interneuron,5674,1.0000,1.0000
sholl_mlp,neuromorpho__cell3_wt_traces.swc,interneuron,6733,1.0000,1.0000
sholl_mlp,neuromorpho__Cell3biorxiv.swc,interneuron,2190,0.5228,0.4904
sholl_mlp,neuromorpho__Cell41.swc,interneuron,6260,0.6427,0.3912
sholl_mlp,neuromorpho__Cell47.swc,interneuron,6445,1.0000,1.0000
sholl_mlp,neuromorpho__Cell4_Hippocampus_singlecell.swc,interneuron,573,1.0000,1.0000
sholl_mlp,neuromorpho__Cell50.swc,interneuron,7269,0.6053,0.3770
sholl_mlp,neuromorpho__Cell51.swc,interneuron,3436,1.0000,1.0000
sholl_mlp,neuromorpho__Cell58.swc,interneuron,10631,1.0000,1.0000
sholl_mlp,neuromorpho__Cell59.swc,interneuron,6691,0.5274,0.3453
sholl_mlp,neuromorpho__Cell5_Hippocampus_singlecell.swc,interneuron,446,1.0000,1.0000
sholl_mlp,neuromorpho__cell5_wt_traces.swc,interneuron,6212,0.6402,0.7806
sholl_mlp,neuromorpho__Cell60.swc,interneuron,7809,1.0000,1.0000
sholl_mlp,neuromorpho__Cell6_Hippocampus_singlecell.swc,interneuron,345,0.6406,0.3901
sholl_mlp,neuromorpho__cell6_wt_traces.swc,interneuron,4831,0.5411,0.7021
sholl_mlp,neuromorpho__Cell73.swc,interneuron,5447,1.0000,1.0000
sholl_mlp,neuromorpho__Cell9.swc,interneuron,8773,0.5569,0.3577
sholl_mlp,neuromorpho__cell9_b2ko_swc_traces.swc,interneuron,6323,0.5278,0.6908
sholl_mlp,neuromorpho__Chat-IRES-Cre-neo_Ai14-316043-04-02-01_626158141_m.swc,interneuron,5672,1.0000,1.0000
sholl_mlp,neuromorpho__Chat-IRES-Cre-neo_Ai14-316043-05-01-01_610886034_m.swc,interneuron,7465,1.0000,1.0000
sholl_mlp,neuromorpho__Chrna2-Cre_OE25_Ai14_BT_-281693-06-01-01_591276000_m.swc,interneuron,17650,1.0000,1.0000
sholl_mlp,neuromorpho__Chrna2-Cre_OE25_Pvalb-T2A-Dre_Ai66-312583-02-02-01_651087073_m.swc,interneuron,18770,1.0000,1.0000
sholl_mlp,neuromorpho__cIN-1356-nrn-ns-111206-transl-invX-scaled-straightened.swc,interneuron,56,1.0000,1.0000
sholl_mlp,neuromorpho__cIN-1375-nrn-ns-101206-transl-invX-scaled-straightened.swc,interneuron,172,0.5174,0.3398
sholl_mlp,neuromorpho__CONTROL-2-N3.swc,interneuron,891,1.0000,1.0000
sholl_mlp,neuromorpho__CONTROL-3-N1_1.swc,interneuron,696,1.0000,1.0000
sholl_mlp,neuromorpho__CONTROL-3-N2.swc,interneuron,819,1.0000,1.0000
sholl_mlp,neuromorpho__CONTROL-3-N3.swc,interneuron,532,1.0000,1.0000
sholl_mlp,neuromorpho__control-4-N5_1.swc,interneuron,669,1.0000,1.0000
sholl_mlp,neuromorpho__CONTROL-4-N6.swc,interneuron,1319,1.0000,1.0000
sholl_mlp,neuromorpho__CONTROL-6-N1.swc,interneuron,1522,1.0000,1.0000
sholl_mlp,neuromorpho__CONTROL-6-N3.swc,interneuron,1797,1.0000,1.0000
sholl_mlp,neuromorpho__CONTROL-6-N3_1.swc,interneuron,2653,1.0000,1.0000
sholl_mlp,neuromorpho__dCH-cobalt.swc,interneuron,6167,0.9484,0.4868
sholl_mlp,neuromorpho__Delayed17_2089_biocytin.swc,interneuron,4543,1.0000,1.0000
sholl_mlp,neuromorpho__Delayed18_2477_biocytin.swc,interneuron,1251,1.0000,1.0000
sholl_mlp,neuromorpho__Diego-02-27-13-BR.swc,interneuron,27082,1.0000,1.0000
sholl_mlp,neuromorpho__dIN-000516-nrn-ns-100624-transl-invX-scaled-straightened.swc,interneuron,80,0.6625,0.3969
sholl_mlp,neuromorpho__dIN-1436-nrn-ns-100901-transl-invX-scaled-straightened.swc,interneuron,98,0.3265,1.0000
sholl_mlp,neuromorpho__dIN-446-nrn-ns-100408-transl-invX-scaled-straightened.swc,interneuron,64,1.0000,1.0000
sholl_mlp,neuromorpho__dlc-1367-nrn-ns-110116-combined-transl-invX-scaled-straightened.swc,interneuron,128,0.9766,0.9661
sholl_mlp,neuromorpho__dysk-10.swc,interneuron,2183,1.0000,1.0000
sholl_mlp,neuromorpho__dysk-11.swc,interneuron,1811,1.0000,1.0000
sholl_mlp,neuromorpho__dysk-13.swc,interneuron,2937,0.4246,0.5959
sholl_mlp,neuromorpho__dysk-14.swc,interneuron,2210,1.0000,1.0000
sholl_mlp,neuromorpho__dysk-19.swc,interneuron,1601,1.0000,1.0000
sholl_mlp,neuromorpho__dysk-4.swc,interneuron,1870,1.0000,1.0000
sholl_mlp,neuromorpho__dysk-9-GT1.swc,interneuron,1204,1.0000,1.0000
sholl_mlp,neuromorpho__exp-5-59-188-1006.swc,interneuron,7084,1.0000,1.0000
sholl_mlp,neuromorpho__exp-5-59-188-1014.swc,interneuron,4506,1.0000,1.0000
sholl_mlp,neuromorpho__exp-5-59-188-1015.swc,interneuron,3857,1.0000,1.0000
sholl_mlp,neuromorpho__exp-5-59-Scr-1004.swc,interneuron,2445,1.0000,1.0000
sholl_mlp,neuromorpho__exp-5-59-Scr-1010.swc,interneuron,1777,1.0000,1.0000
sholl_mlp,neuromorpho__exp-5-59-Scr-1013.swc,interneuron,3554,1.0000,1.0000
sholl_mlp,neuromorpho__EXP-5_67-188-1003.swc,interneuron,1051,1.0000,1.0000
sholl_mlp,neuromorpho__EXP-5_67-188-1004.swc,interneuron,4681,1.0000,1.0000
sholl_mlp,neuromorpho__EXP-5_67-Scr-1004.swc,interneuron,2288,1.0000,1.0000
sholl_mlp,neuromorpho__EXP-5_67-Scr-1010.swc,interneuron,2036,1.0000,1.0000
sholl_mlp,neuromorpho__EXP-5_67-Scr-1011.swc,interneuron,1607,1.0000,1.0000
sholl_mlp,neuromorpho__Fig1b_140312-1rm6_int.swc,interneuron,61212,1.0000,1.0000
sholl_mlp,neuromorpho__Fig1f_140909-2mg_int.swc,interneuron,30815,1.0000,1.0000
sholl_mlp,neuromorpho__Fig2a_cell2_1404163rm.swc,interneuron,10848,1.0000,1.0000
sholl_mlp,neuromorpho__Fig2a_cell5_141009_2og.swc,interneuron,7949,1.0000,1.0000
sholl_mlp,neuromorpho__Fig4A331co2_NL_50mu.swc,interneuron,2633,0.1698,0.1449
sholl_mlp,neuromorpho__Fig4C443co4_top_NL_50mu.swc,interneuron,1146,1.0000,1.0000
sholl_mlp,neuromorpho__Gad2-IRES-Cre_Ai14-324791-03-02-02_648138988_m.swc,interneuron,9203,1.0000,1.0000
sholl_mlp,neuromorpho__GGB-01-10-2019-2-R532.swc,interneuron,78363,1.0000,1.0000
sholl_mlp,neuromorpho__GGB-7-24-15-1R.swc,interneuron,24074,1.0000,1.0000
sholl_mlp,neuromorpho__H17-06-003-11-03-03_694168884_m.swc,interneuron,30285,1.0000,1.0000
sholl_mlp,neuromorpho__H17-06-006-11-10-03_639632757_m.swc,interneuron,8684,1.0000,1.0000
sholl_mlp,neuromorpho__H17-06-013-12-03-01_681002938_m.swc,interneuron,4016,0.1492,0.1296
sholl_mlp,neuromorpho__Hcell13-set-2.swc,interneuron,2107,1.0000,1.0000
sholl_mlp,neuromorpho__Hcell16-set-2.swc,interneuron,3641,1.0000,1.0000
sholl_mlp,neuromorpho__Hcell2.swc,interneuron,3119,1.0000,1.0000
sholl_mlp,neuromorpho__Hcell7.swc,interneuron,1551,1.0000,1.0000
sholl_mlp,neuromorpho__hdINE-208-1-2-nrn-ns-120110-transl-invX-scaled-straightened.swc,interneuron,53,0.5472,1.0000
sholl_mlp,neuromorpho__het-10.swc,interneuron,308,0.6039,0.3760
sholl_mlp,neuromorpho__het-7.swc,interneuron,660,0.5530,0.3558
sholl_mlp,neuromorpho__HFF1_4125_neurobiotin.swc,interneuron,4500,1.0000,1.0000
sholl_mlp,neuromorpho__homo-3.swc,interneuron,2338,0.7258,0.6909
sholl_mlp,neuromorpho__homo-6.swc,interneuron,1661,1.0000,1.0000
sholl_mlp,neuromorpho__homo-7.swc,interneuron,2137,0.3374,0.2521
sholl_mlp,neuromorpho__homo-9.swc,interneuron,1178,1.0000,1.0000
sholl_mlp,neuromorpho__Htr3a-Cre_NO152_Pvalb-T2A-Dre_Ai66-313949-04-02-01_671531778_m.swc,interneuron,15218,1.0000,1.0000
sholl_mlp,neuromorpho__I_1_39.swc,interneuron,29675,1.0000,1.0000
sholl_mlp,neuromorpho__I_1_53.swc,interneuron,25730,1.0000,1.0000
sholl_mlp,neuromorpho__I_1_65.swc,interneuron,18241,1.0000,1.0000
sholl_mlp,neuromorpho__I_1_7.swc,interneuron,15305,1.0000,1.0000
sholl_mlp,neuromorpho__I_2_42.swc,interneuron,52104,0.8877,0.5988
sholl_mlp,neuromorpho__I_2_8.swc,interneuron,22241,0.9398,0.9026
sholl_mlp,neuromorpho__interneuronEX.swc,interneuron,7317,1.0000,1.0000
sholl_mlp,neuromorpho__j161128s1c7-rotated.swc,interneuron,35399,1.0000,1.0000
sholl_mlp,neuromorpho__j161128s2c6-rotated.swc,interneuron,11686,1.0000,1.0000
sholl_mlp,neuromorpho__J31a.swc,interneuron,5997,1.0000,1.0000
sholl_mlp,neuromorpho__jy190506_B_idC.swc,interneuron,12883,0.7062,0.4139
sholl_mlp,neuromorpho__L1R4_05_-390.swc,interneuron,129,1.0000,1.0000
sholl_mlp,neuromorpho__L1R4_06_-615.swc,interneuron,155,1.0000,1.0000
sholl_mlp,neuromorpho__L1R4_07_-240.swc,interneuron,133,1.0000,1.0000
sholl_mlp,neuromorpho__L2R5_01_-550.swc,interneuron,231,1.0000,1.0000
sholl_mlp,neuromorpho__L2R5_01_-585.swc,interneuron,384,1.0000,1.0000
sholl_mlp,neuromorpho__L2R5_06_-360.swc,interneuron,327,1.0000,1.0000
sholl_mlp,neuromorpho__L2R5_06_-525.swc,interneuron,249,1.0000,1.0000
sholl_mlp,neuromorpho__L2R5_07_-345.swc,interneuron,181,1.0000,1.0000
sholl_mlp,neuromorpho__L3R4_01_-315.swc,interneuron,194,1.0000,1.0000
sholl_mlp,neuromorpho__L3R4_01_-525.swc,interneuron,731,1.0000,1.0000
sholl_mlp,neuromorpho__L3R4_02_-240.swc,interneuron,215,1.0000,1.0000
sholl_mlp,neuromorpho__L3R4_03_-330.swc,interneuron,311,1.0000,1.0000
sholl_mlp,neuromorpho__L3R4_05_-240.swc,interneuron,380,1.0000,1.0000
sholl_mlp,neuromorpho__L3R4_05_-300.swc,interneuron,851,1.0000,1.0000
sholl_mlp,neuromorpho__L3R4_06_-150.swc,interneuron,345,1.0000,1.0000
sholl_mlp,neuromorpho__L3R4_06_-195.swc,interneuron,423,1.0000,1.0000
sholl_mlp,neuromorpho__L3R4_06_-450.swc,interneuron,287,1.0000,1.0000
sholl_mlp,neuromorpho__L5FS4.swc,interneuron,1660,1.0000,1.0000
sholl_mlp,neuromorpho__M282Ecel1.swc,interneuron,1353,1.0000,1.0000
sholl_mlp,neuromorpho__M67_F2_a.swc,interneuron,596,1.0000,1.0000
sholl_mlp,neuromorpho__M720Ecel1.swc,interneuron,3105,1.0000,1.0000
sholl_mlp,neuromorpho__M723Spp1.swc,interneuron,871,1.0000,1.0000
sholl_mlp,neuromorpho__M727.swc,interneuron,1906,1.0000,1.0000
sholl_mlp,neuromorpho__M82_F2_S1.swc,interneuron,415,1.0000,1.0000
sholl_mlp,neuromorpho__M_F_10.swc,interneuron,18607,1.0000,1.0000
sholl_mlp,neuromorpho__M_F_2.swc,interneuron,22325,1.0000,1.0000
sholl_mlp,neuromorpho__n255.swc,interneuron,2074,0.8563,1.0000
sholl_mlp,neuromorpho__n260.swc,interneuron,700,1.0000,1.0000
sholl_mlp,neuromorpho__NAS3.swc,interneuron,1291,0.0937,0.1702
sholl_mlp,neuromorpho__NAS5.swc,interneuron,1254,0.0088,0.0158
sholl_mlp,neuromorpho__NAS7.swc,interneuron,1345,1.0000,1.0000
sholl_mlp,neuromorpho__Ndnf-IRES2-dgCre_Ai14-306261-05-02-01_591276334_m.swc,interneuron,15925,1.0000,1.0000
sholl_mlp,neuromorpho__NGFC_160209_1M.swc,interneuron,8767,1.0000,1.0000
sholl_mlp,neuromorpho__NGFC_160324_1M.swc,interneuron,25296,1.0000,1.0000
sholl_mlp,neuromorpho__NGFC_171116_4.swc,interneuron,17166,0.9429,0.8283
sholl_mlp,neuromorpho__Nkx2-1-CreERT2_Ai14-_IVSCC_-294488-04-02-01_649553736_m.swc,interneuron,14791,1.0000,1.0000
sholl_mlp,neuromorpho__Nos1-CreERT2_Ai14_BT_-251975-06-01-01_563819177_m.swc,interneuron,16660,1.0000,1.0000
sholl_mlp,neuromorpho__Nos1-CreERT2_Ai14_BT_-260226-04-02-01_596793240_m.swc,interneuron,10703,1.0000,1.0000
sholl_mlp,neuromorpho__Nos1-CreERT2_Ai14_BT_-286854-04-01-01_596793070_m.swc,interneuron,15550,1.0000,1.0000
sholl_mlp,neuromorpho__Nos1-CreERT2_Sst-IRES-FlpO_Ai65-271577-05-02-01_601947916_m.swc,interneuron,12545,1.0000,1.0000
sholl_mlp,neuromorpho__Oxtr-2A-Cre_Ai14-293841-05-02-01_614432108_m.swc,interneuron,16820,1.0000,1.0000
sholl_mlp,neuromorpho__P110715-02-BC.swc,interneuron,999,1.0000,1.0000
sholl_mlp,neuromorpho__p110715-04-BC.swc,interneuron,2202,1.0000,1.0000
sholl_mlp,neuromorpho__P111106-02-BC.swc,interneuron,2443,1.0000,1.0000
sholl_mlp,neuromorpho__P111123-01-AAC.swc,interneuron,2647,1.0000,1.0000
sholl_mlp,neuromorpho__P111123-03-AAC.swc,interneuron,1120,1.0000,1.0000
sholl_mlp,neuromorpho__P111123-04n1-AAC.swc,interneuron,1233,1.0000,1.0000
sholl_mlp,neuromorpho__P111123-04n2-AAC.swc,interneuron,1300,1.0000,1.0000
sholl_mlp,neuromorpho__p120116-03-AAC.swc,interneuron,589,1.0000,1.0000
sholl_mlp,neuromorpho__p73_vGluT2-ctrl_IN08.swc,interneuron,830,1.0000,1.0000
sholl_mlp,neuromorpho__p73_vGluT2-ctrl_IN12.swc,interneuron,765,1.0000,1.0000
sholl_mlp,neuromorpho__p73_vGluT2-ctrl_IN18.swc,interneuron,511,1.0000,1.0000
sholl_mlp,neuromorpho__p73_vGluT2-KO_IN03.swc,interneuron,281,1.0000,1.0000
sholl_mlp,neuromorpho__p73_vGluT2-KO_IN05.swc,interneuron,520,1.0000,1.0000
sholl_mlp,neuromorpho__p73_vGluT2-KO_IN08.swc,interneuron,817,1.0000,1.0000
sholl_mlp,neuromorpho__P_F_3.swc,interneuron,38607,1.0000,1.0000
sholl_mlp,neuromorpho__P_F_6.swc,interneuron,31739,1.0000,1.0000
sholl_mlp,neuromorpho__pair01-09-11-C-final1.swc,interneuron,2330,0.8923,0.6560
sholl_mlp,neuromorpho__PDE1c_vGluT2-ctrl_IN01.swc,interneuron,574,1.0000,1.0000
sholl_mlp,neuromorpho__PDE1c_vGluT2-ctrl_IN03.swc,interneuron,551,1.0000,1.0000
sholl_mlp,neuromorpho__PDE1c_vGluT2-ctrl_IN08.swc,interneuron,259,1.0000,1.0000
sholl_mlp,neuromorpho__PDE1c_vGluT2-ctrl_IN18.swc,interneuron,614,1.0000,1.0000
sholl_mlp,neuromorpho__PDE1c_vGluT2-ctrl_IN20.swc,interneuron,455,1.0000,1.0000
sholl_mlp,neuromorpho__PDE1c_vGluT2-ctrl_IN26.swc,interneuron,446,1.0000,1.0000
sholl_mlp,neuromorpho__PDE1c_vGluT2-ctrl_IN33.swc,interneuron,529,1.0000,1.0000
sholl_mlp,neuromorpho__PDE1c_vGluT2-ctrl_IN34.swc,interneuron,507,1.0000,1.0000
sholl_mlp,neuromorpho__PDE1c_vGluT2-ctrl_IN35.swc,interneuron,737,1.0000,1.0000
sholl_mlp,neuromorpho__PDE1c_vGluT2-KO_IN01.swc,interneuron,338,1.0000,1.0000
sholl_mlp,neuromorpho__PDE1c_vGluT2-KO_IN05.swc,interneuron,879,1.0000,1.0000
sholl_mlp,neuromorpho__PDE1c_vGluT2-KO_IN06.swc,interneuron,604,1.0000,1.0000
sholl_mlp,neuromorpho__PDE1c_vGluT2-KO_IN07.swc,interneuron,691,1.0000,1.0000
sholl_mlp,neuromorpho__PDE1c_vGluT2-KO_IN14.swc,interneuron,261,1.0000,1.0000
sholl_mlp,neuromorpho__PDE1c_vGluT2-KO_IN23.swc,interneuron,455,1.0000,1.0000
sholl_mlp,neuromorpho__PDE1c_vGluT2-KO_IN33.swc,interneuron,968,1.0000,1.0000
sholl_mlp,neuromorpho__PDE1c_vGluT2-KO_IN38.swc,interneuron,784,1.0000,1.0000
sholl_mlp,neuromorpho__PDE1c_vGluT2-KO_IN42.swc,interneuron,691,1.0000,1.0000
sholl_mlp,neuromorpho__PFC-20140312B_Analysis.swc,interneuron,15042,1.0000,1.0000
sholl_mlp,neuromorpho__PFC07072016D_Analysis.swc,interneuron,22362,1.0000,1.0000
sholl_mlp,neuromorpho__PFC13022019C_Analysis.swc,interneuron,11581,0.1289,0.1141
sholl_mlp,neuromorpho__PFC160308A_Analysis.swc,interneuron,20183,1.0000,1.0000
sholl_mlp,neuromorpho__PFC160621A_Analysis.swc,interneuron,72435,1.0000,1.0000
sholl_mlp,neuromorpho__PSD24-F2b-S1.swc,interneuron,464,1.0000,1.0000
sholl_mlp,neuromorpho__PSD29-F1-S1.swc,interneuron,655,1.0000,1.0000
sholl_mlp,neuromorpho__Pvalb-IRES-Cre_Ai14-198335-04-01-01_653182186_m.swc,interneuron,10340,1.0000,1.0000
sholl_mlp,neuromorpho__Pvalb-IRES-Cre_Ai14-296193-03-01-02_650175812_m.swc,interneuron,18692,1.0000,1.0000
sholl_mlp,neuromorpho__Pvalb-IRES-Cre_Ai14-296193-04-01-01_596792650_m.swc,interneuron,32682,1.0000,1.0000
sholl_mlp,neuromorpho__Pvalb-IRES-Cre_Ai14-305768-04-02-01_656999337_m.swc,interneuron,15273,1.0000,1.0000
sholl_mlp,neuromorpho__retina1_petal1_n4.swc,interneuron,4954,1.0000,1.0000
sholl_mlp,neuromorpho__retina1_petal3_n11.swc,interneuron,9242,1.0000,1.0000
sholl_mlp,neuromorpho__retina1_petal3_n12.swc,interneuron,5797,1.0000,1.0000
sholl_mlp,neuromorpho__retina1_petal3_n5.swc,interneuron,9398,1.0000,1.0000
sholl_mlp,neuromorpho__retina1_petal3_n8.swc,interneuron,10023,1.0000,1.0000
sholl_mlp,neuromorpho__retina2_n3.swc,interneuron,10098,1.0000,1.0000
sholl_mlp,neuromorpho__retina2_n4.swc,interneuron,8420,1.0000,1.0000
sholl_mlp,neuromorpho__retina3_n1.swc,interneuron,7499,1.0000,1.0000
sholl_mlp,neuromorpho__retina3_n6.swc,interneuron,7764,1.0000,1.0000
sholl_mlp,neuromorpho__retina4_petal1_n12.swc,interneuron,8692,1.0000,1.0000
sholl_mlp,neuromorpho__retina4_petal1_n4.swc,interneuron,7363,1.0000,1.0000
sholl_mlp,neuromorpho__retina4_petal1_n8.swc,interneuron,7246,1.0000,1.0000
sholl_mlp,neuromorpho__retina4_petal2_n2.swc,interneuron,9905,1.0000,1.0000
sholl_mlp,neuromorpho__retina4_petal3_n12.swc,interneuron,8161,1.0000,1.0000
sholl_mlp,neuromorpho__retina4_petal3_n5.swc,interneuron,7824,1.0000,1.0000
sholl_mlp,neuromorpho__retina4_petal3_n8.swc,interneuron,8774,1.0000,1.0000
sholl_mlp,neuromorpho__retina4_petal4_n2.swc,interneuron,7809,1.0000,1.0000
sholl_mlp,neuromorpho__retina4_petal4_n7.swc,interneuron,10288,1.0000,1.0000
sholl_mlp,neuromorpho__retina5_petal1_n1.swc,interneuron,6811,1.0000,1.0000
sholl_mlp,neuromorpho__retina5_petal1_n7.swc,interneuron,8453,1.0000,1.0000
sholl_mlp,neuromorpho__retina5_petal2_n2.swc,interneuron,8403,1.0000,1.0000
sholl_mlp,neuromorpho__retina5_petal3_n5.swc,interneuron,6920,0.3510,0.2598
sholl_mlp,neuromorpho__retina5_petal3_n6.swc,interneuron,8290,1.0000,1.0000
sholl_mlp,neuromorpho__retina5_petal3_n7.swc,interneuron,11725,1.0000,1.0000
sholl_mlp,neuromorpho__retina5_petal3_n9.swc,interneuron,6120,0.3240,0.2447
sholl_mlp,neuromorpho__retina5_petal4_n1.swc,interneuron,7959,1.0000,1.0000
sholl_mlp,neuromorpho__retina5_petal4_n2.swc,interneuron,3100,0.4987,0.3327
sholl_mlp,neuromorpho__retina5_petal4_n7.swc,interneuron,5407,1.0000,1.0000
sholl_mlp,neuromorpho__retina6_petal1_n8.swc,interneuron,5813,1.0000,1.0000
sholl_mlp,neuromorpho__retina6_petal2_n2.swc,interneuron,5041,1.0000,1.0000
sholl_mlp,neuromorpho__retina7_petal2_n2.swc,interneuron,4896,1.0000,1.0000
sholl_mlp,neuromorpho__retina7_petal3_n7.swc,interneuron,1943,0.5605,0.3591
sholl_mlp,neuromorpho__retina7_petal3_n9.swc,interneuron,5003,1.0000,1.0000
sholl_mlp,neuromorpho__retina7_petal4_n1.swc,interneuron,4173,1.0000,1.0000
sholl_mlp,neuromorpho__retina7_petal4_n4.swc,interneuron,7071,1.0000,1.0000
sholl_mlp,neuromorpho__retina7_petal4_n6.swc,interneuron,6749,1.0000,1.0000
sholl_mlp,neuromorpho__retina7_petal4_n7.swc,interneuron,9533,1.0000,1.0000
sholl_mlp,neuromorpho__RG2-F9-cell1.swc,interneuron,600,1.0000,1.0000
sholl_mlp,neuromorpho__RG3-F1.swc,interneuron,1105,1.0000,1.0000
sholl_mlp,neuromorpho__rotated_CR-0319a_ax2.swc,interneuron,30987,1.0000,1.0000
sholl_mlp,neuromorpho__S2979-x1-25.swc,interneuron,12792,1.0000,1.0000
sholl_mlp,neuromorpho__S3117_20140612-x1-25.swc,interneuron,8936,1.0000,1.0000
sholl_mlp,neuromorpho__sc308.swc,interneuron,297,1.0000,1.0000
sholl_mlp,neuromorpho__sec-12.swc,interneuron,358,0.7765,0.4369
sholl_mlp,neuromorpho__sec-13.swc,interneuron,289,0.3979,0.2836
sholl_mlp,neuromorpho__SM080618A2.swc,interneuron,14569,1.0000,1.0000
sholl_mlp,neuromorpho__SST2A-GFP-SST-VGLUT2-cell-3.swc,interneuron,123,1.0000,1.0000
sholl_mlp,neuromorpho__SST2A-GFP-SST-VGLUT2-cell-4.swc,interneuron,132,1.0000,1.0000
sholl_mlp,neuromorpho__STRESS-1-N3_1.swc,interneuron,356,1.0000,1.0000
sholl_mlp,neuromorpho__STRESS-1-N4.swc,interneuron,338,1.0000,1.0000
sholl_mlp,neuromorpho__STRESS-1-N4_1.swc,interneuron,664,1.0000,1.0000
sholl_mlp,neuromorpho__STRESS-1-N5_1.swc,interneuron,602,1.0000,1.0000
sholl_mlp,neuromorpho__STRESS-2-N2.swc,interneuron,1069,1.0000,1.0000
sholl_mlp,neuromorpho__STRESS-2-N4_1.swc,interneuron,1211,1.0000,1.0000
sholl_mlp,neuromorpho__STRESS-2-N7_1.swc,interneuron,544,1.0000,1.0000
sholl_mlp,neuromorpho__STRESS-3-N1.swc,interneuron,991,1.0000,1.0000
sholl_mlp,neuromorpho__STRESS-3-N4.swc,interneuron,1371,1.0000,1.0000
sholl_mlp,neuromorpho__STRESS-4-N1.swc,interneuron,702,1.0000,1.0000
sholl_mlp,neuromorpho__STRESS-4-N3.swc,interneuron,455,1.0000,1.0000
sholl_mlp,neuromorpho__STRESS-5-N2.swc,interneuron,788,1.0000,1.0000
sholl_mlp,neuromorpho__STRESS-5-N5.swc,interneuron,687,1.0000,1.0000
sholl_mlp,neuromorpho__STRESS-6-N2_1.swc,interneuron,1958,1.0000,1.0000
sholl_mlp,neuromorpho__STRESS-7-N6.swc,interneuron,1818,1.0000,1.0000
sholl_mlp,neuromorpho__T44a.swc,interneuron,4278,1.0000,1.0000
sholl_mlp,neuromorpho__T75.swc,interneuron,2112,1.0000,1.0000
sholl_mlp,neuromorpho__TDI21301009_cell5_L6_pia_WM.swc,interneuron,7179,1.0000,1.0000
sholl_mlp,neuromorpho__TDI21301010_Cell6_pia.swc,interneuron,12183,1.0000,1.0000
sholl_mlp,neuromorpho__TDI21301012_Cell11_pia.swc,interneuron,18817,1.0000,1.0000
sholl_mlp,neuromorpho__TDI21301012_Cell1_pia.swc,interneuron,23328,1.0000,1.0000
sholl_mlp,neuromorpho__TDI21301013_cell2_spines_pia.swc,interneuron,27195,1.0000,1.0000
sholl_mlp,neuromorpho__TDI21301015_Cell1_pia.swc,interneuron,22332,1.0000,1.0000
sholl_mlp,neuromorpho__TDI21301019_Cell3_spine_pia.swc,interneuron,14471,1.0000,1.0000
sholl_mlp,neuromorpho__TDI21302012_cell3_pia.swc,interneuron,14049,1.0000,1.0000
sholl_mlp,neuromorpho__Tile1-2_12N5-8162019-b-tile2fcfc2-2a.swc,interneuron,2872,1.0000,1.0000
sholl_mlp,neuromorpho__TileScan-5_Merged_12N7-8162019_fcfc3a.swc,interneuron,751,1.0000,1.0000
sholl_mlp,neuromorpho__TM-10-02-15-AR.swc,interneuron,45789,1.0000,1.0000
sholl_mlp,neuromorpho__TM-12-19-13-DR.swc,interneuron,9279,0.7558,1.0000
sholl_mlp,neuromorpho__TT-3-20-14-1R.swc,interneuron,30744,1.0000,1.0000
sholl_mlp,neuromorpho__Vip-IRES-Cre_Ai14-287858-04-01-01_596793095_m.swc,interneuron,13697,1.0000,1.0000
sholl_mlp,neuromorpho__Vip-IRES-Cre_Ai14-294013-04-02-01_591275914_m.swc,interneuron,8105,1.0000,1.0000
sholl_mlp,neuromorpho__VIP_170223_1A.swc,interneuron,6997,1.0000,1.0000
sholl_mlp,neuromorpho__Vipr2-IRES2-Cre_Ai14-316908-04-02-01_648577094_m.swc,interneuron,19130,1.0000,1.0000
sholl_mlp,neuromorpho__Vipr2-IRES2-Cre_Pvalb-T2A-FlpO_Ai65-344474-05-01-01_645075400_m.swc,interneuron,14474,1.0000,1.0000
sholl_mlp,neuromorpho__Vipr2-IRES2-Cre_Slc32a1-T2A-FlpO_Ai65-315067-04-02-01_610886090_m.swc,interneuron,8241,1.0000,1.0000
sholl_mlp,neuromorpho__Vipr2-IRES2-Cre_Slc32a1-T2A-FlpO_Ai65-315067-05-02-01_610886173_m.swc,interneuron,10490,1.0000,1.0000
sholl_mlp,neuromorpho__Vipr2-IRES2-Cre_Slc32a1-T2A-FlpO_Ai65-315072-05-01-01_638976782_m.swc,interneuron,14339,1.0000,1.0000
sholl_mlp,neuromorpho__VS1-cobalt.swc,interneuron,1007,0.0775,0.0711
sholl_mlp,neuromorpho__VS4-cobalt.swc,interneuron,989,0.8797,0.4680
sholl_mlp,neuromorpho__Wang_Lefebvre_Cell26.swc,interneuron,6102,1.0000,1.0000
sholl_mlp,neuromorpho__Wang_Lefebvre_Cell4.swc,interneuron,9405,1.0000,1.0000
sholl_mlp,neuromorpho__YG-03-01-18-2-R-390-quant.swc,interneuron,9837,1.0000,1.0000
sholl_mlp,neuromorpho__Zs201221-01_dors_20x_onlydendrites.swc,interneuron,1617,1.0000,1.0000
sholl_mlp,neuromorpho__Zs201221-01_ventral_20x_onlydendrites.swc,interneuron,1717,1.0000,1.0000
sholl_mlp,neuromorpho__Zs201221-02_ventral_20x_onlydendrites.swc,interneuron,2423,1.0000,1.0000
sholl_mlp,neuromorpho__Zs201222-02_ventral_medial_20x_onlydendrites.swc,interneuron,1168,1.0000,1.0000
sholl_mlp,neuromorpho__Zs210113-0302_ventral_onlydendrites.swc,interneuron,812,1.0000,1.0000
