file,n_nodes_conf,stage1_pred_conf_run,stage1_conf_conf_run,pred_axon_conf_run,pred_basal_conf_run,pred_apical_conf_run,node_label_disagree_frac,node_conf_abs_delta_mean,branch3_changed_frac,branch3_label_disagree_frac,branch3_conf_abs_delta_mean,branch3_axon_delta_frac,branch3_basal_delta_frac,branch3_apical_delta_frac,branch3_to_apical_frac,branch3_from_apical_frac,conf_mean,conf_std,conf_min,conf_p05,conf_p10,conf_p25,conf_median,conf_frac_lt_05,conf_frac_lt_06,conf_frac_lt_07,conf_frac_lt_08,conf_frac_lt_09,axon_conf_mean,axon_conf_p10,axon_conf_frac_lt_07,basal_conf_mean,basal_conf_p10,basal_conf_frac_lt_07,apical_conf_mean,apical_conf_p10,apical_conf_frac_lt_07,n_pred_branches,branch_conf_mean,branch_conf_min,branch_conf_p10,branch_frac_conf_lt_07,branch_frac_conf_lt_08,branch_n_nodes_p90,pred_soma_z,pred_axon_z_extent,pred_axon_z_mean_rel_soma,pred_axon_z_std,pred_axon_x_extent,pred_axon_y_extent,pred_basal_z_extent,pred_basal_z_mean_rel_soma,pred_basal_z_std,pred_basal_x_extent,pred_basal_y_extent,pred_apical_z_extent,pred_apical_z_mean_rel_soma,pred_apical_z_std,pred_apical_x_extent,pred_apical_y_extent
allen__Chat-IRES-Cre-neo_Ai14-287662.04.02.01_562003142.swc,3841,interneuron,0.981894,2086,1754,0,0,0,0,0,0,0,0,0,0,0,0.934111,0.0966219,0.5,0.810811,0.910112,0.927978,0.952625,0,0.0497266,0.0497266,0.0497266,0.0827909,0.903629,0.810811,0.0915628,0.970324,0.927978,0,0,0,0,113,0.927764,0.5,0.927536,0.0530973,0.0530973,83,14,59.29,9.54349,13.6158,203,515.111,44.198,3.1655,7.88951,289.543,640.096,0,0,0,0,0
allen__Chat-IRES-Cre-neo_Ai14-313181.04.02.01_582644266.swc,4292,interneuron,0.985926,2847,1444,0,0,0,0,0,0,0,0,0,0,0,0.9136,0.1637,0.5,0.547771,0.547771,0.927978,0.998919,0,0.150746,0.165191,0.165191,0.184529,0.89082,0.547771,0.227257,0.958455,0.927978,0.0429363,0,0,0,136,0.936874,0.5,0.547771,0.117647,0.117647,85,28.56,61.2321,-7.0669,11.6179,291.511,165.117,111.682,4.08434,18.9717,536.452,314.319,0,0,0,0,0
allen__Chat-IRES-Cre-neo_Ai14-313182.03.01.01_583138230.swc,6147,interneuron,0.94974,3272,2874,0,0,0,0,0,0,0,0,0,0,0,0.951109,0.117177,0.3,0.847222,0.927978,0.927978,0.998919,0.0221246,0.037742,0.037742,0.037742,0.0574264,0.949448,0.847222,0.0709046,0.952983,0.927978,0,0,0,0,172,0.950635,0.3,0.927978,0.0465116,0.0465116,78.6,25.76,76.426,1.92416,18.4907,411.313,323.465,103.021,10.2438,18.6649,463.996,297.716,0,0,0,0,0
allen__Chat-IRES-Cre-neo_Ai14-316042.03.01.01_586071425.swc,7603,interneuron,0.994866,5564,2038,0,0,0,0,0,0,0,0,0,0,0,0.981872,0.0482641,0.547771,0.927978,0.927978,0.995725,0.999189,0,0.00644482,0.00881231,0.00881231,0.00881231,0.994842,0.995725,0.00880661,0.946454,0.927978,0.00883219,0,0,0,243,0.979828,0.547771,0.927978,0.0205761,0.0205761,64,19.32,119.923,35.4705,26.7983,249.09,707.834,70.8792,7.5999,17.6206,235.495,403.231,0,0,0,0,0
allen__Chat-IRES-Cre-neo_Ai14-316042.05.01.01_586072188.swc,4879,interneuron,0.997609,3134,1744,0,0,0,0,0,0,0,0,0,0,0,0.886526,0.234992,0.3,0.3,0.3,0.927978,0.998919,0.115597,0.155975,0.172986,0.172986,0.172986,0.84726,0.3,0.238992,0.957023,0.927978,0.0544725,0,0,0,166,0.883902,0.3,0.3,0.174699,0.174699,66.5,17.08,62.041,-2.7711,10.917,283.663,590.834,92.3807,9.1878,18.3692,226.165,438.204,0,0,0,0,0
allen__Chat-IRES-Cre-neo_Ai14-316042.06.01.01_586072783.swc,9284,interneuron,0.972393,6286,2997,0,0,0,0,0,0,0,0,0,0,0,0.950007,0.148004,0.3,0.547771,0.927978,0.998919,0.999189,0.0403921,0.0570875,0.05838,0.05838,0.0620422,0.946649,0.973127,0.0811327,0.957033,0.927978,0.0106773,0,0,0,241,0.942431,0.3,0.927978,0.0746888,0.0746888,92,19.4967,76.2726,7.4733,13.0964,281.462,575.341,70.4894,5.76054,15.6061,313.053,565.676,0,0,0,0,0
allen__Chat-IRES-Cre-neo_Ai14-316043.04.02.01_585925172.swc,5673,interneuron,0.980859,3677,1995,0,0,0,0,0,0,0,0,0,0,0,0.98607,0.027265,0.927978,0.927978,0.927978,0.998919,0.999189,0,0,0,0,0,0.998755,0.999189,0,0.962684,0.927978,0,0,0,0,182,0.988628,0.927978,0.927978,0,0,67,19.1864,64.3311,7.85996,13.3096,308.217,710.634,72.2137,2.89061,12.7514,369.624,455.001,0,0,0,0,0
allen__Chrna2-Cre_OE25_Ai14(BT)-281693.05.01.01_555001065.swc,11648,interneuron,0.995166,8162,3485,0,0,0,0,0,0,0,0,0,0,0,0.948657,0.179152,0.3,0.3,0.973127,0.998919,0.999189,0.0708276,0.0708276,0.0708276,0.0708276,0.0708276,0.952709,0.973127,0.0645675,0.939155,0.998919,0.0855093,0,0,0,277,0.976584,0.3,0.987782,0.0252708,0.0361011,99.2,16.3145,78.7623,12.6988,16.6077,679.409,568.802,114.201,16.628,20.1493,450.575,407.3,0,0,0,0,0
allen__Chrna2-Cre_OE25_Ai14(IVSCC)-294467.03.01.01_566761793.swc,18011,interneuron,0.996598,16220,1790,0,0,0,0,0,0,0,0,0,0,0,0.955401,0.166126,0.3,0.3,0.998919,0.999189,0.999189,0.0601299,0.0601299,0.0601299,0.0601299,0.0601299,0.952437,0.999189,0.0667694,0.982234,0.927978,0,0,0,0,550,0.987835,0.3,0.998919,0.0145455,0.0181818,67.1,13.6268,81.7103,14.1117,15.7195,539.873,865.636,57.3689,6.25211,9.1547,202.626,238.371,0,0,0,0,0
allen__Chrna2-Cre_OE25_Ai14(IVSCC)-294916.03.01.02_567354967.swc,14375,interneuron,0.996958,12143,2231,0,0,0,0,0,0,0,0,0,0,0,0.842696,0.286787,0.3,0.3,0.3,0.973127,0.999189,0.212452,0.226017,0.226017,0.226017,0.226017,0.833437,0.3,0.242197,0.893018,0.3,0.138055,0,0,0,319,0.889013,0.3,0.3,0.15047,0.169279,113.6,13.44,136.066,52.8633,37.0443,843.652,808.193,71.4347,10.9018,15.2217,404.439,425.454,0,0,0,0,0
allen__H16.03.005.01.03.02_526725807.swc,9770,pyramidal,0.988135,1440,3918,4411,0,0,0,0,0,0,0,0,0,0,0.814306,0.300172,0.3,0.3,0.3,0.3,0.978276,0.253941,0.253941,0.253941,0.253941,0.253941,0.499438,0.3,0.7125,0.976148,0.998348,0.0311383,0.773302,0.3,0.302199,125,0.937398,0.3,0.914584,0.072,0.08,154,72.3856,83.4039,19.4357,22.7204,1154.74,646.057,126.246,7.83975,29.697,425.285,373.343,115.794,-13.314,24.0966,564.602,943.349
allen__H16.03.005.01.04.03_526727406.swc,13921,pyramidal,0.954841,7451,2925,3544,0,0,0,0,0.0120775,0,0,0,0,0,0.830513,0.290955,0.3,0.3,0.3,0.963683,0.993697,0.23109,0.23109,0.23109,0.23109,0.23109,0.756132,0.3,0.34237,0.993719,0.998348,0.00581197,0.852145,0.3,0.183126,175,0.928659,0.3,0.712329,0.102857,0.108571,191.4,36.12,105.648,9.68872,21.7565,1282.54,651.829,91.5499,8.16679,19.6874,346.718,268.161,106.902,16.0228,24.0822,528.924,362.144
allen__H16.03.006.01.04.01_537204107.swc,25937,pyramidal,0.898127,15601,4882,5453,0,0,0,0,0,0,0,0,0,0,0.804148,0.304297,0.3,0.3,0.3,0.3,0.993697,0.265682,0.265682,0.265682,0.265682,0.282955,0.739517,0.3,0.365553,0.957723,0.998348,0.0581729,0.851527,0.3,0.16578,303,0.886436,0.3,0.53265,0.151815,0.191419,226.4,29.8486,97.4176,15.0909,22.5974,1238.23,1403.96,91.2354,11.9745,20.7636,488.105,333.545,92.5495,5.60289,19.3123,605.678,398.094
allen__H16.06.004.01.04.01_508279351.swc,10529,pyramidal,0.987048,2736,3792,4000,0,0,0,0,0.00105173,0,0,0,0,0,0.850979,0.276025,0.3,0.3,0.3,0.978276,0.978276,0.200399,0.200399,0.200399,0.200399,0.203248,0.775481,0.3,0.311404,0.945677,0.998348,0.0754219,0.81281,0.3,0.243,134,0.910722,0.3,0.732574,0.0895522,0.126866,187.4,63.7577,114.152,30.379,33.3159,641.215,708.539,118.673,8.63806,24.1728,445.474,330.925,126.585,27.1234,26.1418,416.507,533.474
allen__H16.06.004.01.04.03_508282493.swc,10880,pyramidal,0.832491,5630,2418,2831,0,0,0,0,0,0,0,0,0,0,0.882687,0.250509,0.3,0.3,0.3,0.978276,0.993697,0.155882,0.155882,0.155882,0.155882,0.155882,0.796308,0.3,0.284547,0.993727,0.998348,0.00661704,0.959588,0.978276,0.0275521,163,0.931553,0.3,0.811128,0.0981595,0.104294,152.6,58.9879,164.043,18.9966,33.1345,815.424,1029.82,144.707,9.54018,26.2618,378.177,245.101,146.533,39.8939,33.6271,262.877,533.771
allen__H16.06.007.01.05.02_531517778.swc,30868,pyramidal,0.992417,18245,6219,6403,0,0,0,0,0,0,0,0,0,0,0.710742,0.331203,0.3,0.3,0.3,0.3,0.978276,0.391992,0.392413,0.392607,0.392607,0.429409,0.593968,0.3,0.576213,0.896501,0.86521,0.0832931,0.863019,0.3,0.16992,306,0.828031,0.3,0.3,0.22549,0.254902,218.5,32.6908,173.6,25.5799,42.3784,1442.73,2000.59,172.473,14.654,31.8706,474.675,483.796,171.345,21.8807,38.2216,570.716,524.39
allen__H16.06.007.01.07.04_531526539.swc,13268,interneuron,0.883505,7460,5807,0,0,0,0,0,0,0,0,0,0,0,0.859657,0.279264,0.3,0.3,0.3,0.998919,0.998919,0.199352,0.199352,0.199352,0.199352,0.199352,0.843425,0.3,0.222654,0.880487,0.3,0.169451,0,0,0,244,0.89555,0.3,0.3,0.147541,0.155738,131,36.2701,134.335,0.69843,19.7202,787.987,928.981,112.644,8.95486,23.9887,447.471,673.429,0,0,0,0,0
allen__H16.06.008.01.26.04_527942865.swc,5890,pyramidal,0.989829,1629,1683,2577,0,0,0,0,0,0,0,0,0,0,0.759477,0.313701,0.3,0.3,0.3,0.3,0.978276,0.299491,0.325467,0.361121,0.361121,0.361121,0.897242,0.3,0.138735,0.780229,0.3,0.4082,0.658747,0.3,0.47109,80,0.909011,0.3,0.632654,0.1625,0.2,224,51.7244,128.187,-6.23806,31.4347,271.679,674.108,134.933,16.8283,34.6773,333.78,481.166,130.998,1.1082,28.6535,1188.43,401.938
allen__H16.06.009.01.01.06.01_528602977.swc,8798,pyramidal,0.977193,3020,2736,3041,0,0,0,0,0,0,0,0,0,0,0.925166,0.197096,0.3,0.3,0.823167,0.978276,0.993697,0.0884292,0.0884292,0.0933167,0.0933167,0.104456,0.854039,0.3,0.201325,0.982735,0.998348,0.0303363,0.943982,0.977851,0.0427491,150,0.955387,0.3,0.931073,0.0466667,0.0533333,150,91,132.261,-32.7324,22.4001,508.064,1108.93,145.784,-11.9513,28.0681,436.992,252.962,177.45,5.81825,37.595,472.554,361.275
allen__H16.06.009.01.01.18.03_528687520.swc,12081,interneuron,0.993909,9612,2468,0,0,0,0,0,0,0,0,0,0,0,0.93067,0.206843,0.3,0.3,0.973127,0.998919,0.999189,0.0970946,0.0970946,0.0970946,0.0970946,0.0970946,0.946879,0.983947,0.073762,0.867518,0.3,0.188006,0,0,0,250,0.976881,0.3,0.998919,0.032,0.044,105.3,56.7244,96.0383,-16.2483,19.6348,643.678,870.554,83.8324,3.52748,20.086,403.035,568.63,0,0,0,0,0
allen__H16.06.011.01.01.10.04_539542640.swc,12711,pyramidal,0.978869,2914,4353,5443,0,0,0,0,0,0,0,0,0,0,0.915206,0.20796,0.3,0.3,0.633611,0.978276,0.978276,0.0999135,0.0999135,0.109275,0.109275,0.109275,0.902756,0.3,0.131091,0.933695,0.69973,0.100161,0.907068,0.3,0.104905,195,0.956219,0.3,0.89894,0.0307692,0.0461538,169,50.9006,100.626,-8.83705,21.8201,291.542,658.279,165.159,2.12556,30.6089,469.896,467.947,168.538,26.0841,36.5114,498.417,624.058
allen__H16.06.012.11.06.01_548408551.swc,15940,pyramidal,0.986175,7027,4125,4787,0,0,0,0,0,0,0,0,0,0,0.798115,0.309064,0.3,0.3,0.3,0.3,0.978276,0.277854,0.277854,0.277854,0.277854,0.277854,0.700436,0.3,0.422655,0.8944,0.3,0.148848,0.858489,0.3,0.17652,178,0.912418,0.3,0.723251,0.0955056,0.162921,224.3,26.6,150.06,3.6716,25.5773,1169.85,1498.68,127.952,12.9414,28.6486,415.463,365.958,141.014,17.0667,19.9083,642.346,647.792
allen__H16.06.012.11.08.02_548425467.swc,20063,pyramidal,0.975928,15178,2225,2659,0,0,0,0,0,0,0,0,0,0,0.784316,0.314905,0.3,0.3,0.3,0.3,0.99359,0.296117,0.296117,0.296117,0.307232,0.308179,0.718947,0.3,0.391422,0.998348,0.998348,0,0.978276,0.978276,0,266,0.892555,0.3,0.529452,0.142857,0.191729,173.5,31.08,145.583,13.693,27.3664,1471.99,1199.51,95.2,11.1384,18.956,241.129,277.632,104.16,8.90834,19.4686,371.73,349.562
allen__H17.03.002.11.04.01_569818704.swc,8351,pyramidal,0.969279,1943,2879,3528,0,0,0,0,0,0,0,0,0,0,0.773021,0.320188,0.3,0.3,0.3,0.3,0.978276,0.314094,0.314094,0.314094,0.314094,0.314094,0.645953,0.3,0.501287,0.905203,0.3,0.13338,0.735073,0.3,0.35856,76,0.9251,0.3,0.780301,0.0921053,0.157895,229,27.1939,79.9982,12.0791,18.068,381.799,942.181,90.7043,6.76165,19.1878,355.749,443.863,117.454,28.5381,27.8883,349.533,1069.09
allen__H17.03.008.11.03.04_595568262.swc,7386,interneuron,0.998299,6943,442,0,0,0,0,0,0,0,0,0,0,0,0.999083,0.00146258,0.973127,0.998919,0.999189,0.999189,0.999189,0,0,0,0,0,0.999093,0.999189,0,0.998919,0.998919,0,0,0,0,369,0.999003,0.973127,0.999189,0,0,43,19.32,89.8386,13.6068,17.4391,343.964,161.1,31.3446,-1.32572,6.56134,113.439,59.7054,0,0,0,0,0
allen__H17.06.003.11.05.04_567742660.swc,33040,interneuron,0.997476,27337,5702,0,0,0,0,0,0,0,0,0,0,0,0.506445,0.318908,0.3,0.3,0.3,0.3,0.3,0.704691,0.704691,0.704691,0.704691,0.704691,0.45126,0.3,0.783663,0.770931,0.3,0.326201,0,0,0,567,0.517379,0.3,0.3,0.694885,0.707231,150.8,35.9265,116.2,15.6552,26.9083,872.361,1095.09,110.559,7.01531,23.807,576.662,719.822,0,0,0,0,0
allen__H17.06.004.11.05.04_569095789.swc,7001,pyramidal,0.687197,4548,2452,0,0,0,0,0,0,0,0,0,0,0,0.856246,0.256965,0.3,0.3,0.3,0.91994,0.993697,0.164405,0.166833,0.201685,0.201685,0.201685,0.828357,0.3,0.238347,0.907917,0.628145,0.133768,0,0,0,117,0.922059,0.3,0.716477,0.102564,0.145299,151,13.5439,108.919,25.4353,27.4174,628.63,449.947,106.1,18.2455,22.2215,338.586,287.383,0,0,0,0,0
allen__H17.06.005.12.15.04_571471295.swc,17244,pyramidal,0.919158,13197,2234,1812,0,0,0,0,0,0,0,0,0,0,0.705641,0.33083,0.3,0.3,0.3,0.3,0.978276,0.403793,0.403793,0.403793,0.438529,0.45958,0.684167,0.3,0.427446,0.708716,0.3,0.448075,0.858079,0.3,0.177152,195,0.879822,0.3,0.508891,0.174359,0.210256,254.2,24.7926,128.434,32.4807,32.1595,1137.43,1164.16,111.669,12.3524,22.374,353.05,362.8,121.788,18.2931,30.9254,423.918,241.393
allen__H17.06.005.12.15.05_571483807.swc,19604,pyramidal,0.951822,11486,5396,2721,0,0,0,0,0,0,0,0,0,0,0.788177,0.316179,0.3,0.3,0.3,0.3,0.993697,0.29545,0.29545,0.29545,0.29545,0.29545,0.695164,0.3,0.43035,0.95098,0.998348,0.067828,0.857871,0.3,0.177508,215,0.927293,0.3,0.72872,0.0883721,0.125581,229.2,33.9788,147.267,23.4616,28.3275,1090.01,1100.83,141.042,22.5021,30.1277,523.08,374.998,115.529,-1.13683,19.5314,571.643,661.186
allen__H17.06.005.13.05.02_571430815.swc,7641,pyramidal,0.855258,3824,948,2868,0,0,0,0,0,0,0,0,0,0,0.846738,0.278796,0.3,0.3,0.3,0.978276,0.99359,0.206256,0.206256,0.206256,0.206256,0.206256,0.847844,0.3,0.210251,0.934996,0.998348,0.0907173,0.816038,0.3,0.239191,99,0.918823,0.3,0.722291,0.10101,0.111111,180.2,24.08,87.6458,12.7072,21.6627,601.83,918.728,86.7137,7.65246,21.2264,234.602,307.171,79.3466,13.9104,13.9029,690.994,837.808
allen__H17.06.005.13.05.06_571500474.swc,5576,pyramidal,0.975214,943,2135,2497,0,0,0,0,0,0,0,0,0,0,0.938251,0.178223,0.3,0.3,0.959921,0.978276,0.993697,0.0720947,0.0720947,0.0720947,0.0720947,0.0720947,0.977611,0.959921,0.0116649,0.99475,0.998348,0.00515222,0.875054,0.3,0.152183,90,0.963536,0.3,0.959014,0.0333333,0.0444444,147.7,19.88,37.7728,-3.80277,9.34966,400.175,354.082,69.9188,8.64999,15.3721,346.652,367.667,80.6243,4.41307,17.4505,403.536,389.922
allen__H17.06.006.11.08.02_571624532.swc,26161,pyramidal,0.975375,18272,3728,4160,0,0,0,0,0.00296579,0,0,0,0,0,0.666973,0.344838,0.3,0.3,0.3,0.3,0.978276,0.468866,0.468866,0.468866,0.468866,0.468866,0.567218,0.3,0.614656,0.970182,0.998348,0.0391631,0.833326,0.3,0.213702,236,0.795456,0.3,0.3,0.288136,0.313559,244.5,30.8,178.915,43.4657,49.9284,1870.13,1383.11,114.418,8.09248,24.6112,406.921,337.892,160.155,7.91288,28.4158,464.552,479.258
allen__H17.06.006.11.09.04_571691416.swc,8027,pyramidal,0.995262,28,2842,5156,0,0,0,0,0,0,0,0,0,0,0.880534,0.247718,0.3,0.3,0.3,0.977851,0.978276,0.153856,0.153856,0.153856,0.153856,0.153856,0.988216,0.988216,0,0.958541,0.998348,0.0570021,0.836929,0.3,0.208107,111,0.952685,0.3,0.879816,0.036036,0.0540541,180,14.7104,4.48,-5.01191,1.474,10.1644,26.7239,98.84,27.8558,22.274,461.078,233.298,123.309,46.7812,31.9779,541.448,1177.1
allen__H17.06.007.11.06.01_576084692.swc,16559,interneuron,0.984214,15298,1260,0,0,0,0,0,0,0,0,0,0,0,0.935822,0.194487,0.3,0.3,0.927978,0.999189,0.999189,0.0788091,0.0946917,0.0946917,0.0946917,0.0946917,0.950658,0.999189,0.0755001,0.755641,0.3,0.327778,0,0,0,351,0.972915,0.3,0.999189,0.037037,0.037037,104,36.96,150.36,14.232,28.429,580.955,606.657,133.56,26.7951,31.6056,287.245,435.963,0,0,0,0,0
allen__H17.06.009.11.04.02_596020931.swc,43035,interneuron,0.99667,39610,3424,0,0,0,0,0,0,0,0,0,0,0,0.867274,0.273226,0.3,0.3,0.3,0.999189,0.999189,0.188289,0.188289,0.188289,0.188289,0.188289,0.8801,0.3,0.169932,0.718861,0.3,0.400701,0,0,0,747,0.890846,0.3,0.3,0.155288,0.160643,122,24.92,155.095,44.8835,37.842,1091.24,843.042,135.732,25.5248,27.6781,522.531,494.804,0,0,0,0,0
allen__H17.06.012.14.08.03_611598198.swc,4956,interneuron,0.960285,4734,221,0,0,0,0,0,0,0,0,0,0,0,0.9329,0.199683,0.3,0.3,0.973127,0.998919,0.999189,0.0903955,0.0903955,0.0903955,0.0903955,0.0903955,0.929804,0.973127,0.0946346,0.998919,0.998919,0,0,0,0,106,0.972073,0.3,0.973127,0.0377358,0.0377358,101,22.5232,100.52,12.4617,18.9489,629.664,161.905,24.2121,-1.32602,5.91761,51.2855,89.51,0,0,0,0,0
allen__H17.06.013.12.03.01_643572206.swc,4016,interneuron,0.744322,3417,598,0,0,0,0,0,0,0,0,0,0,0,0.864214,0.275903,0.3,0.3,0.3,0.998919,0.999189,0.192978,0.192978,0.192978,0.192978,0.192978,0.847964,0.3,0.216272,0.956843,0.998919,0.0602007,0,0,0,60,0.929634,0.3,0.773243,0.1,0.116667,186.2,24.08,66.8038,11.9555,10.4707,755.249,684.106,25.6791,3.62021,7.12264,194.916,318.521,0,0,0,0,0
allen__H17.06.013.12.03.03_643582610.swc,13995,interneuron,0.984103,12149,1845,0,0,0,0,0,0,0,0,0,0,0,0.95145,0.17548,0.3,0.3,0.998919,0.999189,0.999189,0.0675956,0.0675956,0.0675956,0.0675956,0.0675956,0.951543,0.999189,0.0679068,0.950813,0.998919,0.0655827,0,0,0,269,0.985254,0.3,0.989458,0.0111524,0.0111524,128.4,30.98,89.4393,5.84245,17.314,731.979,718.2,89.521,7.89543,19.0411,318.146,320.837,0,0,0,0,0
allen__Htr3a-Cre_NO152_Ai14-286731.04.02.01_561553133.swc,2808,interneuron,0.414352,0,2807,0,0,0,0,0,0,0,0,0,0,0,0.725859,0.282875,0.3,0.3,0.3,0.3,0.92946,0.301282,0.301282,0.301282,0.399929,0.399929,0,0,0,0.725761,0.3,0.301389,0,0,0,56,0.798779,0.3,0.3,0.214286,0.267857,105,19.11,0,0,0,0,0,62.9504,14.7167,15.1293,436.473,608.912,0,0,0,0,0
allen__Htr3a-Cre_NO152_Ai14-288785.03.02.01_561985849.swc,14318,interneuron,0.997804,11469,2848,0,0,0,0,0,0,0,0,0,0,0,0.955772,0.168625,0.3,0.3,0.998919,0.998919,0.999189,0.0620198,0.0620198,0.0620198,0.0620198,0.0620198,0.945053,0.999189,0.0774261,0.998919,0.998919,0,0,0,0,428,0.976122,0.3,0.998919,0.0303738,0.0350467,77,21.8884,126.456,25.6674,34.2813,477.219,746.728,65.1039,7.89249,11.3869,188.812,160.145,0,0,0,0,0
allen__Htr3a-Cre_NO152_Ai14-306203.03.02.01_574993444.swc,13855,interneuron,0.963264,11704,2150,0,0,0,0,0,0,0,0,0,0,0,0.922442,0.2185,0.3,0.3,0.3,0.998919,0.999189,0.109708,0.109708,0.109708,0.109708,0.109708,0.913164,0.3,0.123035,0.972912,0.998919,0.0372093,0,0,0,283,0.969186,0.3,0.998919,0.0353357,0.0530035,135.2,19.1156,66.36,10.8416,14.6183,756.794,576.454,42.332,6.71402,8.91627,292.89,245.102,0,0,0,0,0
allen__Htr3a-Cre_NO152_Ai14-308439.03.01.01_578485753.swc,12986,interneuron,0.993044,11637,1348,0,0,0,0,0,0,0,0,0,0,0,0.976006,0.125101,0.3,0.998919,0.998919,0.999189,0.999189,0.0331126,0.0331126,0.0331126,0.0331126,0.0331126,0.97335,0.999189,0.0369511,0.998919,0.998919,0,0,0,0,346,0.994894,0.3,0.998919,0,0.0115607,85.5,13.4946,132.669,21.3639,30.3153,571.601,525.297,42.1293,4.27744,7.26227,158.983,162.032,0,0,0,0,0
allen__Htr3a-Cre_NO152_Pvalb-T2A-Dre_Ai66-304920.02.02.01_580162374.swc,19466,interneuron,0.998849,16757,2708,0,0,0,0,0,0,0,0,0,0,0,0.975759,0.123986,0.3,0.998919,0.998919,0.999189,0.999189,0.0324669,0.0324669,0.0324669,0.0324669,0.0324669,0.974112,0.999189,0.0358656,0.98594,0.998919,0.0114476,0,0,0,518,0.983511,0.3,0.998919,0.019305,0.019305,84,13.494,133.342,29.531,23.9238,607.732,580.885,68.0321,11.1491,14.7635,293.318,366.965,0,0,0,0,0
allen__Htr3a-Cre_NO152_Pvalb-T2A-Dre_Ai66-304920.03.02.01_580161872.swc,15948,interneuron,0.996766,14154,1793,0,0,0,0,0,0,0,0,0,0,0,0.998501,0.0214322,0.3,0.998919,0.998919,0.999189,0.999189,0.000940557,0.000940557,0.000940557,0.000940557,0.000940557,0.998448,0.999189,0.00105977,0.998919,0.998919,0,0,0,0,458,0.999026,0.3,0.999189,0,0,78,14.028,133.384,28.1938,26.6462,330.21,674.752,69.0172,6.43219,14.1018,274.839,274.442,0,0,0,0,0
allen__Htr3a-Cre_NO152_Pvalb-T2A-Dre_Ai66-313949.04.02.01_586379590.swc,15218,interneuron,0.998691,12326,2891,0,0,0,0,0,0,0,0,0,0,0,0.998035,0.0277428,0.3,0.998919,0.998919,0.999189,0.999189,0.00157708,0.00157708,0.00157708,0.00157708,0.00157708,0.997998,0.999189,0.00170372,0.998194,0.998919,0.0010377,0,0,0,419,0.998926,0.3,0.998919,0,0,81,18.5136,139.132,30.1187,30.6285,465.236,549.806,88.6404,6.86624,13.848,394.689,383.579,0,0,0,0,0
allen__Ndnf-IRES2-dgCre_Ai14-298343.05.02.02_569494755.swc,9196,interneuron,0.995359,7679,1516,0,0,0,0,0,0,0,0,0,0,0,0.948683,0.167359,0.3,0.3,0.927978,0.999189,0.999189,0.0587212,0.0587212,0.0677468,0.0677468,0.0677468,0.950738,0.999189,0.0692799,0.938237,0.927978,0.0600264,0,0,0,341,0.979358,0.3,0.927978,0.0234604,0.0234604,53,14.0384,102.76,16.1965,17.037,353.883,604.512,78.0528,7.31078,16.9068,349.873,208.113,0,0,0,0,0
allen__Ndnf-IRES2-dgCre_Ai14-306261.05.02.01_574734127.swc,15926,interneuron,0.998303,13215,2710,0,0,0,0,0,0,0,0,0,0,0,0.904481,0.231977,0.3,0.3,0.3,0.998919,0.999189,0.127465,0.127465,0.127465,0.127465,0.131797,0.890448,0.3,0.153613,0.972872,0.927978,0,0,0,0,411,0.941648,0.3,0.927978,0.0681265,0.0778589,90,21.28,139.719,23.0819,30.8634,585.289,729.351,67.0566,-0.202994,12.6641,240.662,256.172,0,0,0,0,0
allen__Nos1-CreERT2_Sst-IRES-FlpO_Ai65-346512.05.02.01_623185845.swc,6831,interneuron,0.990487,2868,3962,0,0,0,0,0,0,0,0,0,0,0,0.991666,0.0713875,0.3,0.998919,0.998919,0.998919,0.998919,0.0105402,0.0105402,0.0105402,0.0105402,0.0105402,0.999189,0.999189,0,0.986218,0.998919,0.0181726,0,0,0,209,0.997829,0.3,0.998919,0,0,76.2,20.72,56.8358,-1.33116,11.6678,276.166,264.274,147.203,23.5663,32.206,417.013,394.41,0,0,0,0,0
allen__Oxtr-2A-Cre_Ai14-293839.02.02.02_565415071.swc,20203,interneuron,0.998775,18119,2083,0,0,0,0,0,0,0,0,0,0,0,0.967543,0.135802,0.3,0.927978,0.998919,0.999189,0.999189,0.0391526,0.0391526,0.0391526,0.0391526,0.0391526,0.96866,0.999189,0.0436558,0.957812,0.927978,0,0,0,0,541,0.97864,0.3,0.998919,0.0221811,0.025878,87,16.317,110.805,26.0347,23.7296,426.425,546.264,45.8268,6.07931,9.49465,226.226,338.729,0,0,0,0,0
allen__Pvalb-IRES-Cre_Ai14-176848.03.01.01_333604946.swc,6772,interneuron,0.985041,5721,1050,0,0,0,0,0,0,0,0,0,0,0,0.993768,0.0196683,0.3,0.973127,0.973127,0.998919,0.999189,0.000147667,0.000738334,0.000738334,0.000738334,0.000886001,0.992822,0.973127,0.000873973,0.998919,0.998919,0,0,0,0,187,0.992168,0.3,0.973127,0.00534759,0.00534759,77.4,38.64,85.7978,7.54691,19.4321,411.809,412.54,75.32,1.19698,14.511,245.388,263.767,0,0,0,0,0
allen__Pvalb-IRES-Cre_Ai14-299135.03.02.01_569723405.swc,17324,interneuron,0.99564,15018,2305,0,0,0,0,0,0,0,0,0,0,0,0.960691,0.159407,0.3,0.3,0.998919,0.999189,0.999189,0.0550104,0.0550104,0.0550104,0.0550104,0.0550104,0.958219,0.999189,0.0585964,0.976784,0.998919,0.0316703,0,0,0,472,0.970825,0.3,0.998919,0.0381356,0.0402542,88.9,31.4502,97.1583,10.361,26.1109,737.914,592.106,92.1037,2.7741,19.4699,443.033,400.029,0,0,0,0,0
allen__Pvalb-IRES-Cre_Ai14-299135.05.01.01_569723367.swc,20837,interneuron,0.998355,18989,1847,0,0,0,0,0,0,0,0,0,0,0,0.99717,0.0371561,0.3,0.998919,0.999189,0.999189,0.999189,0.0028315,0.0028315,0.0028315,0.0028315,0.0028315,0.99895,0.999189,0.000315972,0.978863,0.998919,0.0286952,0,0,0,673,0.998801,0.3,0.999189,0,0,70,21,107.956,9.96591,18.5004,399.786,579.486,68.2301,4.27051,10.3916,301.076,218.515,0,0,0,0,0
allen__Pvalb-IRES-Cre_Ai14-299333.03.01.01_569998790.swc,13416,interneuron,0.998262,10733,2682,0,0,0,0,0,0,0,0,0,0,0,0.985847,0.0954669,0.3,0.998919,0.998919,0.999189,0.999189,0.0190072,0.0190072,0.0190072,0.0190072,0.0190072,0.987202,0.999189,0.0171434,0.980416,0.998919,0.0264728,0,0,0,399,0.987642,0.3,0.998919,0.0150376,0.0175439,73.2,25.48,115.08,17.1297,26.8436,685.408,387.548,76.9115,2.76863,13.3222,317.826,352.753,0,0,0,0,0
allen__Pvalb-IRES-Cre_Ai14-299335.05.01.01_570946690.swc,10667,interneuron,0.997689,8323,2343,0,0,0,0,0,0,0,0,0,0,0,0.994259,0.0580296,0.3,0.998919,0.998919,0.999189,0.999189,0.00693728,0.00693728,0.00693728,0.00693728,0.00693728,0.999161,0.999189,0,0.976845,0.998919,0.0315834,0,0,0,311,0.99822,0.3,0.998919,0,0,76,140,153.743,-51.9162,38.6012,730.571,451.856,74.9005,-17.3723,14.4876,393.168,433.602,0,0,0,0,0
allen__Vip-IRES-Cre_Ai14-299123.04.01.01_570896413.swc,4684,interneuron,0.998181,3032,1651,0,0,0,0,0,0,0,0,0,0,0,0.97887,0.0687353,0.3,0.927978,0.927978,0.998919,0.999189,0.00747225,0.00747225,0.0106746,0.0106746,0.0106746,0.990929,0.999189,0.0115435,0.95671,0.927978,0.0090854,0,0,0,148,0.975995,0.3,0.927978,0.0202703,0.0202703,74.9,12.04,78.12,5.50241,12.8022,306.192,532.976,60.2826,5.14587,10.9048,162.051,312.69,0,0,0,0,0
allen__Vipr2-IRES2-Cre_Pvalb-T2A-FlpO_Ai65-344474.05.01.01_614767057.swc,14473,interneuron,0.998345,11796,2676,0,0,0,0,0,0,0,0,0,0,0,0.992269,0.063892,0.3,0.998919,0.998919,0.999189,0.999189,0.0082913,0.0082913,0.0082913,0.0082913,0.0082913,0.993321,0.999189,0.00839268,0.987628,0.998919,0.00784753,0,0,0,490,0.9947,0.3,0.998919,0.00408163,0.00408163,65,28.1176,106.615,17.6353,24.0841,421.033,353.374,120.267,5.65558,20.9844,284.658,204.667,0,0,0,0,0
allen__Vipr2-IRES2-Cre_Slc32a1-T2A-FlpO_Ai65-315067.06.01.01_585841870.swc,14705,interneuron,0.980654,12853,1851,0,0,0,0,0,0,0,0,0,0,0,0.987111,0.0693313,0.5,0.998919,0.998919,0.999189,0.999189,0,0.0201292,0.0240734,0.0245495,0.0272016,0.988203,0.999189,0.0230296,0.97952,0.927978,0.0313344,0,0,0,701,0.990631,0.5,0.999189,0.0171184,0.0185449,48,27.44,99.3717,6.9727,21.2847,305.403,390.797,107.232,10.7434,17.9639,222.667,253.685,0,0,0,0,0
hpf_ca1__201983_047_edited.swc,18073,pyramidal,0.998838,14914,1077,2081,0,0,0,0,0,0,0,0,0,0,0.489844,0.307728,0.3,0.3,0.3,0.3,0.3,0.724285,0.724285,0.724285,0.724285,0.724285,0.391491,0.3,0.868111,0.973708,0.998348,0.0352832,0.944049,0.978276,0.0504565,288,0.675297,0.3,0.3,0.454861,0.46875,153.2,8917.76,3069.41,-60.7789,483.465,3922.27,2388.08,122.01,20.1342,26.5358,228.93,361.39,402.42,-138.285,89.2008,382.79,496.64
hpf_ca1__201990_003_edited.swc,42263,pyramidal,0.996716,36207,2009,4046,0,0,0,0,0,0,0,0,0,0,0.401296,0.228467,0.3,0.3,0.3,0.3,0.3,0.831295,0.831295,0.831295,0.913328,0.913328,0.33167,0.3,0.954346,0.998348,0.998348,0,0.727756,0.3,0.143104,566,0.568933,0.3,0.3,0.563604,0.761484,198.5,9680.55,3284.25,-674.271,533.499,3579.84,4227.03,278.37,36.1087,41.7706,228.48,364.99,708.76,-328.188,147.727,296.37,831.38
hpf_ca1__201990_006_edited.swc,66497,pyramidal,0.998071,62695,1699,2102,0,0,0,0,0,0,0,0,0,0,0.346197,0.171346,0.3,0.3,0.3,0.3,0.3,0.931937,0.931937,0.931937,0.934629,0.9352,0.308863,0.3,0.987224,0.998348,0.998348,0,0.932302,0.793628,0.0366318,840,0.447258,0.3,0.3,0.783333,0.791667,208.4,9608.41,5523.21,-2751.69,1297.69,6107.56,4557.96,260.44,35.4518,44.2323,165.63,278.02,530.34,-226.577,132.665,286.65,300.23
hpf_ca1__201990_022_edited.swc,62240,pyramidal,0.997703,58563,1413,2263,0,0,0,0,0,0,0,0,0,0,0.356915,0.189151,0.3,0.3,0.3,0.3,0.3,0.916758,0.916758,0.916758,0.91912,0.91912,0.323548,0.3,0.966054,0.994069,0.998348,0,0.822266,0.3,0.213875,721,0.453817,0.3,0.3,0.782247,0.79473,223,9585,4302.1,-2548.6,1434.5,7736.97,4722.68,296.92,0.222916,55.2288,150.28,304.99,544.63,-231.939,130.507,315,443.72
hpf_ca1__201990_035_edited.swc,30354,pyramidal,0.997719,27961,700,1692,0,0,0,0,0.000410349,0,0,0,0,0,0.378757,0.214983,0.3,0.3,0.3,0.3,0.3,0.879752,0.88163,0.88163,0.889438,0.898992,0.331185,0.3,0.955045,0.998348,0.998348,0,0.908194,0.740395,0.0336879,329,0.533068,0.3,0.3,0.653495,0.68997,212.8,9529.16,4152.19,-1900.72,1577.96,6384.92,4544.73,257.67,21.2438,47.4886,101.75,185.45,491.88,-170.752,115.249,268.23,398.21
hpf_ca1__201990_038_edited.swc,31904,pyramidal,0.984051,28969,2934,0,0,0,0,0,0,0,0,0,0,0,0.97707,0.107192,0.3,0.993697,0.993697,0.993697,0.993697,0.0244483,0.0244483,0.0244483,0.0244483,0.0244483,0.990511,0.993697,0.00459111,0.84435,0.3,0.220518,0,0,0,2777,0.985306,0.3,0.993697,0.0118833,0.0122434,24,9396.86,716.83,6.58345,119.982,551.58,1179.46,718.17,-0.818425,164.627,351.07,510.82,0,0,0,0,0
hpf_ca1__201990_063_edited.swc,27280,pyramidal,0.997378,25114,2165,0,0,0,0,0,0,0,0,0,0,0,0.655245,0.342575,0.3,0.3,0.3,0.3,0.993697,0.475037,0.475953,0.499853,0.499853,0.499853,0.653837,0.3,0.489926,0.671416,0.3,0.615242,0,0,0,600,0.727337,0.3,0.3,0.396667,0.42,111,9229.28,1012.31,-57.4673,171.791,827.91,2069.13,492.39,52.0578,86.4413,401.67,430.38,0,0,0,0,0
hpf_ca1__201990_066_edited.swc,5246,pyramidal,0.958216,2454,2791,0,0,0,0,0,0,0,0,0,0,0,0.857582,0.216153,0.3,0.3,0.584938,0.691432,0.993697,0.0682425,0.135151,0.276782,0.320435,0.320435,0.992042,0.993697,0.00203749,0.739307,0.3,0.518452,0,0,0,292,0.848903,0.3,0.590304,0.287671,0.356164,42,9374.85,518.61,314.601,122.824,671.85,273.32,376.38,-99.7825,86.6915,327.54,321.9,0,0,0,0,0
hpf_ca1__202054_008_edited.swc,19059,pyramidal,0.99743,17191,1867,0,0,0,0,0,0,0,0,0,0,0,0.810174,0.306436,0.3,0.3,0.3,0.3,0.993697,0.265124,0.265124,0.265124,0.265124,0.265124,0.799158,0.3,0.280437,0.9115,0.3,0.124264,0,0,0,584,0.893069,0.3,0.3,0.136986,0.169521,87.7,7979.84,1100.6,154.999,192.67,650.2,1085.35,357.86,-17.918,67.3677,253.07,474.36,0,0,0,0,0
hpf_ca1__202054_009_edited.swc,37107,pyramidal,0.998825,35239,1867,0,0,0,0,0,0,0,0,0,0,0,0.379383,0.220465,0.3,0.3,0.3,0.3,0.3,0.8849,0.8849,0.886113,0.886113,0.886895,0.364905,0.3,0.906382,0.652319,0.3,0.504017,0,0,0,1672,0.386466,0.3,0.3,0.875598,0.877392,54,8111.61,4940.52,-670.931,1427.05,4988.81,4249.05,335.34,-45.8945,64.6502,327.08,653.86,0,0,0,0,0
hpf_ca1__202217_012_edited.swc,22283,pyramidal,0.997164,20788,1494,0,0,0,0,0,0,0,0,0,0,0,0.927107,0.204485,0.3,0.3,0.988216,0.993697,0.993697,0.0960822,0.0960822,0.0960822,0.0960822,0.0960822,0.928501,0.988216,0.0936598,0.907666,0.3,0.129853,0,0,0,1446,0.948981,0.3,0.993697,0.0629322,0.0677732,34.5,8768.03,1531.17,-99.2813,214.753,1349.25,1165.22,398.29,-18.7426,80.6423,581.01,486.34,0,0,0,0,0
hpf_ca1__202217_019_edited.swc,41296,pyramidal,0.998495,38473,1162,1660,0,0,0,0,0,0,0,0,0,0,0.376512,0.216676,0.3,0.3,0.3,0.3,0.3,0.889118,0.889118,0.889118,0.889118,0.889118,0.335629,0.3,0.948639,0.998348,0.998348,0,0.888372,0.3,0.13253,617,0.493252,0.3,0.3,0.719611,0.724473,175,9160.3,4164.64,-1371.24,1528.69,6177.12,5417.45,220.37,31.3171,40.5765,230.55,213.11,338.06,-145.605,72.7035,546.94,550.17
hpf_ca1__202217_020_edited.swc,33093,pyramidal,0.999023,30899,658,1535,0,0,0,0,0,0,0,0,0,0,0.390135,0.232306,0.3,0.3,0.3,0.3,0.3,0.869126,0.869126,0.869126,0.869126,0.869126,0.351568,0.3,0.925499,0.998348,0.998348,0,0.905367,0.3,0.107492,470,0.547942,0.3,0.3,0.644681,0.648936,196.2,9158.54,4319,-1433.72,1602.85,6871.36,4867,153.18,40.9419,29.2034,192.37,191.22,420.07,-156.742,94.2779,222.92,516.81
hpf_ca1__202219_007_edited.swc,25135,pyramidal,0.995573,24193,941,0,0,0,0,0,0,0,0,0,0,0,0.560818,0.336191,0.3,0.3,0.3,0.3,0.3,0.624269,0.624269,0.624269,0.624269,0.624269,0.543782,0.3,0.648576,0.998348,0.998348,0,0,0,0,728,0.621402,0.3,0.3,0.537088,0.542582,96.3,8798.94,1809.89,-169.637,283.877,2035.35,1522.45,176.57,13.668,32.8289,143.85,282.2,0,0,0,0,0
hpf_ca1__202219_009_edited.swc,31741,pyramidal,0.998739,29285,2455,0,0,0,0,0,0.000198591,0,0,0,0,0,0.439071,0.277694,0.3,0.3,0.3,0.3,0.3,0.799408,0.799408,0.799408,0.800006,0.800321,0.415952,0.3,0.83285,0.714621,0.3,0.400815,0,0,0,1042,0.483431,0.3,0.3,0.734165,0.741843,77.9,8884.63,4097.02,-633.599,1314.63,5622.46,3699.74,483.36,-106.067,124.098,284.26,672.98,0,0,0,0,0
hpf_ca1__202219_011_edited.swc,73358,pyramidal,0.998854,69342,2037,1978,0,0,0,0,0,0,0,0,0,0,0.351362,0.180589,0.3,0.3,0.3,0.3,0.3,0.924998,0.924998,0.924998,0.926211,0.927165,0.322529,0.3,0.967523,0.81459,0.3,0.263132,0.884765,0.3,0.116279,813,0.477089,0.3,0.3,0.746617,0.753998,234.8,8740.53,4923.85,-1600.48,1359.91,7202.9,5315.83,809.29,-5.8879,161.899,486.81,660.59,365.77,-46.6223,76.5313,464.96,500.88
hpf_ca1__202219_041_edited.swc,33018,pyramidal,0.997753,32212,805,0,0,0,0,0,0,0,0,0,0,0,0.361791,0.197753,0.3,0.3,0.3,0.3,0.3,0.911049,0.911049,0.911049,0.911049,0.911049,0.347229,0.3,0.931889,0.943695,0.998348,0.0782609,0,0,0,1040,0.357721,0.3,0.3,0.919231,0.921154,78.1,8956.4,5374.16,-1509.76,1579.27,7142.3,5305.11,311.69,-119.97,76.4722,205.19,320.41,0,0,0,0,0
hpf_ca1__202224_002_edited.swc,3065,pyramidal,0.932454,1247,1817,0,0,0,0,0,0,0,0,0,0,0,0.764343,0.27375,0.3,0.3,0.3,0.636462,0.933004,0.243719,0.243719,0.288091,0.322675,0.37553,0.713855,0.3,0.348035,0.798863,0.3,0.247111,0,0,0,63,0.805297,0.3,0.567937,0.253968,0.396825,117,9765.29,470.26,-74.7661,118.811,510.04,286.27,306.21,64.2606,54.1858,418.81,600.4,0,0,0,0,0
hpf_ca1__202226_007_edited.swc,30190,pyramidal,0.996693,25365,1046,3778,0,0,0,0,0.00148305,0,0,0,0,0,0.407442,0.243771,0.3,0.3,0.3,0.3,0.3,0.834713,0.836602,0.836602,0.859622,0.860616,0.310693,0.3,0.984585,0.998184,0.998348,0,0.89329,0.768902,0.0749074,365,0.61261,0.3,0.3,0.526027,0.586301,158.6,9695.54,5411.78,-3116.1,1363.24,5600.06,4138.9,188.96,10.0383,36.5927,163.91,231.48,682.3,-253.47,190.897,303.47,380.04
hpf_ca1__202226_011_edited.swc,16855,pyramidal,0.996732,13137,2354,1363,0,0,0,0,0,0,0,0,0,0,0.440316,0.274469,0.3,0.3,0.3,0.3,0.3,0.791516,0.791516,0.791516,0.805874,0.808662,0.358244,0.3,0.916039,0.60275,0.3,0.531436,0.950408,0.978276,0.0410858,240,0.628837,0.3,0.3,0.5125,0.55,142.7,9810.22,4127.24,-751.561,1262.04,5151.14,2324.31,271.93,52.2338,68.8986,1516.96,970.6,543.69,-296.625,149.508,203.93,384.36
hpf_ca1__202230_009_edited.swc,20282,pyramidal,0.988442,19398,883,0,0,0,0,0,0,0,0,0,0,0,0.692059,0.344093,0.3,0.3,0.3,0.3,0.993697,0.435115,0.435115,0.435115,0.435115,0.435115,0.678101,0.3,0.454944,0.998348,0.998348,0,0,0,0,354,0.857518,0.3,0.478678,0.220339,0.268362,172.1,8280.07,921.36,67.3932,144.179,1023.71,900.39,171.76,0.426195,33.7312,159.81,290.04,0,0,0,0,0
hpf_ca1__202232_003_edited.swc,52919,pyramidal,0.99895,49498,1035,2385,0,0,0,0,0,0,0,0,0,0,0.355728,0.187642,0.3,0.3,0.3,0.3,0.3,0.918933,0.918933,0.918933,0.918933,0.918933,0.317511,0.3,0.974746,0.982154,0.998348,0.0231884,0.876748,0.3,0.149686,633,0.425548,0.3,0.3,0.816746,0.827804,187.6,9544.35,5148.28,-724.32,1456.18,4722.68,2932.88,183.76,54.989,40.9828,208.13,280.06,421.53,-222.469,113.209,411.41,446.95
hpf_ca1__202232_004_edited.swc,18766,pyramidal,0.998773,15868,665,2232,0,0,0,0,0,0,0,0,0,0,0.436789,0.27398,0.3,0.3,0.3,0.3,0.3,0.800437,0.800437,0.800437,0.800437,0.800437,0.338208,0.3,0.944921,0.998348,0.998348,0,0.97007,0.978276,0.0120968,341,0.587607,0.3,0.3,0.577713,0.580645,107,9667.06,4059.94,-842.604,977.306,4841.57,2212.43,147.83,56.5409,37.7254,115.67,321.69,574.69,-241.406,171.234,452.9,291.83
hpf_ca1__202232_022_edited.swc,118347,pyramidal,0.998632,113998,1984,2364,0,0,0,0,0,0,0,0,0,0,0.332083,0.145215,0.3,0.3,0.3,0.3,0.3,0.95345,0.95345,0.95345,0.95345,0.95345,0.308112,0.3,0.988307,0.998348,0.998348,0,0.928621,0.978056,0.073181,769,0.459925,0.3,0.3,0.772432,0.773732,400.8,9655.23,4926.59,-1712.45,1559.53,8277.41,4838.84,178.18,24.5059,29.89,260.97,294.15,609.8,-257.038,157.156,181.9,571.88
hpf_ca1__202232_071_edited.swc,16712,pyramidal,0.99858,13950,954,1807,0,0,0,0,0,0,0,0,0,0,0.449578,0.283739,0.3,0.3,0.3,0.3,0.3,0.782492,0.782492,0.782492,0.782492,0.782492,0.349379,0.3,0.928817,0.988832,0.998348,0.0136268,0.938112,0.978276,0.0592142,327,0.541578,0.3,0.3,0.651376,0.651376,119.8,9622.7,931.02,-182.562,201.576,1936.38,2077.56,285.55,19.4712,54.4064,157.89,269.71,482.7,-219.395,124.412,281.75,339.19
hpf_ca1__202234_026_edited.swc,105116,pyramidal,0.998512,101176,1199,2740,0,0,0,0,0.000199201,0,0,0,0,0,0.330185,0.137421,0.3,0.3,0.3,0.3,0.3,0.951939,0.953775,0.958322,0.959816,0.960434,0.307878,0.3,0.988644,0.998348,0.998348,0,0.861251,0.615678,0.258394,736,0.451005,0.3,0.3,0.790761,0.805707,370,9806.9,5000.4,-2373.07,1365.47,8489.26,5897.53,147.53,13.4551,27.6442,168.52,333.34,763.61,-197.447,206.91,302.44,319.5
hpf_ca1__202237_014_edited.swc,82589,pyramidal,0.998352,78059,1757,2772,0,0,0,0,0,0,0,0,0,0,0.364701,0.201258,0.3,0.3,0.3,0.3,0.3,0.906319,0.906319,0.906319,0.906319,0.906319,0.33489,0.3,0.949705,0.998348,0.998348,0,0.802311,0.3,0.25938,1187,0.450742,0.3,0.3,0.785173,0.788543,196.8,9047.19,5769,-1906.52,1371.87,6473.04,4223.22,277.64,29.4178,49.166,142.77,312.69,530.54,-139.201,120.254,373.3,802.78
hpf_ca1__202237_023_edited.swc,26024,pyramidal,0.99886,23876,1096,1051,0,0,0,0,0,0,0,0,0,0,0.394105,0.23714,0.3,0.3,0.3,0.3,0.3,0.863933,0.863933,0.863933,0.863933,0.863933,0.348056,0.3,0.930725,0.991339,0.998348,0.0100365,0.816839,0.3,0.237869,433,0.495071,0.3,0.3,0.720554,0.720554,150.4,8718.46,5131.88,-1793.88,1319.88,6190.33,3799.27,182.53,20.5727,32.6636,123.74,303.83,443.09,-166.191,131.745,234.71,506.31
hpf_ca1__202237_041_edited.swc,21926,pyramidal,0.996728,18677,3248,0,0,0,0,0,0,0,0,0,0,0,0.720435,0.339391,0.3,0.3,0.3,0.3,0.993697,0.394509,0.394509,0.3946,0.3946,0.3946,0.695486,0.3,0.429887,0.863813,0.3,0.19181,0,0,0,550,0.811069,0.3,0.3,0.269091,0.289091,98.2,8178.3,973.56,-111.542,152.213,1110.31,1082.72,612.15,-34.6767,118.727,629.8,579.5,0,0,0,0,0
hpf_ca1__202237_042_edited.swc,37761,pyramidal,0.993907,36160,1600,0,0,0,0,0,0,0,0,0,0,0,0.35305,0.17895,0.3,0.3,0.3,0.3,0.3,0.914065,0.920818,0.931093,0.931093,0.931093,0.338502,0.3,0.944497,0.681414,0.3,0.62875,0,0,0,296,0.467726,0.3,0.3,0.790541,0.797297,326,8333.72,3123,-993.968,1082.64,6179.4,4072.29,471.31,-75.9014,120.356,400.57,583,0,0,0,0,0
hpf_ca1__202237_043_edited.swc,34679,pyramidal,0.998332,33258,1420,0,0,0,0,0,0,0,0,0,0,0,0.344639,0.170337,0.3,0.3,0.3,0.3,0.3,0.935494,0.936186,0.936186,0.936186,0.936186,0.318981,0.3,0.972638,0.945117,0.998348,0.0830986,0,0,0,480,0.416663,0.3,0.3,0.835417,0.8375,175.4,8367.91,3491.73,-1841.37,824.151,5288.88,3787.24,347.77,-64.9829,85.768,285.26,486.67,0,0,0,0,0
hpf_ca1__202237_108_edited.swc,37518,pyramidal,0.998143,35440,861,1216,0,0,0,0,0,0,0,0,0,0,0.392545,0.234722,0.3,0.3,0.3,0.3,0.3,0.865291,0.865291,0.865291,0.865291,0.870622,0.360737,0.3,0.912444,0.998348,0.998348,0,0.890124,0.3,0.104441,624,0.517473,0.3,0.3,0.682692,0.6875,152.7,8947.95,4688.53,-1695.57,1420.55,5974.94,3482.1,199.05,8.68772,42.5835,101.54,216.85,569.48,-197.992,130.344,106.81,533.88
hpf_ca1__202237_157_edited.swc,26652,pyramidal,0.998326,23599,1158,1894,0,0,0,0,0,0,0,0,0,0,0.390068,0.231904,0.3,0.3,0.3,0.3,0.3,0.868903,0.868903,0.868903,0.868903,0.868903,0.313992,0.3,0.97983,0.998348,0.998348,0,0.965739,0.978276,0.0184794,348,0.577823,0.3,0.3,0.594828,0.597701,186.9,8680.43,3459.82,-2202.61,758.276,6482.57,3952.04,141.62,7.47221,27.7246,190.93,219.02,404.63,-159.72,88.3248,249,591.11
hpf_ca1__202238_008_edited.swc,82787,pyramidal,0.998673,80268,1327,1191,0,0,0,0,0,0,0,0,0,0,0.341719,0.160291,0.3,0.3,0.3,0.3,0.3,0.934724,0.934784,0.935364,0.948531,0.948531,0.325417,0.3,0.96336,0.994138,0.998348,0.00602864,0.712926,0.717992,0.0848027,583,0.456006,0.3,0.3,0.765009,0.823328,356.2,8934.46,5488.05,-1254.17,1407.15,7092.41,4150.11,222.21,4.86926,38.6031,277.23,237.42,313.51,-122.809,76.5579,138.14,502.05
hpf_ca1__202238_014_edited.swc,65862,pyramidal,0.998691,62720,1279,1862,0,0,0,0,0,0,0,0,0,0,0.363988,0.200206,0.3,0.3,0.3,0.3,0.3,0.907306,0.907306,0.907306,0.907306,0.907306,0.334442,0.3,0.950351,0.993434,0.998348,0.00703675,0.926519,0.977851,0.0762621,712,0.494853,0.3,0.3,0.723315,0.723315,262,8722.42,4480.78,-1186.72,1188.59,6861.62,4032.51,156.8,7.4256,26.5311,205.86,189.43,306.32,-127.762,78.6142,428.79,794.1
hpf_ca1__202238_041_edited.swc,55049,pyramidal,0.996797,51533,1464,2051,0,0,0,0,0.000292741,0,0,0,0,0,0.337921,0.152766,0.3,0.3,0.3,0.3,0.3,0.940907,0.940907,0.940907,0.942905,0.957965,0.31159,0.3,0.983292,0.992624,0.998348,0.00819672,0.531848,0.3,0.542175,690,0.391626,0.3,0.3,0.853623,0.866667,202.5,9029.48,4640.05,-2426.84,897.404,6384.66,4074.98,224.59,14.1209,43.8478,281.93,156.81,627.26,-214.188,169.867,385.72,780.53
hpf_ca1__202239_002_edited.swc,53262,pyramidal,0.994662,51555,1706,0,0,0,0,0,0,0,0,0,0,0,0.345965,0.172844,0.3,0.3,0.3,0.3,0.3,0.933949,0.933949,0.933949,0.933949,0.933949,0.324365,0.3,0.964872,0.998348,0.998348,0,0,0,0,3199,0.337525,0.3,0.3,0.945921,0.946233,38,7877.54,1403.53,-14.7777,196.633,1075.88,1095.99,235.74,14.586,44.5916,397.16,222.6,0,0,0,0,0
hpf_ca1__202240_008_edited.swc,33251,pyramidal,0.996155,31091,868,1291,0,0,0,0,0,0,0,0,0,0,0.453686,0.287538,0.3,0.3,0.3,0.3,0.3,0.777781,0.777781,0.777781,0.777781,0.777781,0.417293,0.3,0.830916,0.998348,0.998348,0,0.963495,0.978056,0.0216886,1252,0.451611,0.3,0.3,0.781949,0.786741,73.9,7885.57,3637.71,-357.832,815.171,5173.98,3455.56,212.87,-1.30743,35.982,271.99,137.92,246.15,-52.2939,44.3831,183.54,575
hpf_ca1__202240_009_edited.swc,19540,pyramidal,0.994227,18053,507,979,0,0,0,0,0.000251942,0,0,0,0,0,0.412586,0.254867,0.3,0.3,0.3,0.3,0.3,0.836694,0.836694,0.836694,0.836694,0.836899,0.365701,0.3,0.905279,0.998348,0.998348,0,0.973196,0.978276,0.0061287,998,0.416897,0.3,0.3,0.830661,0.831663,48.3,7960.95,4106.81,-221.72,1522.47,5379.24,3643.95,138.01,18.0551,32.8456,194.17,135.05,199.96,-67.0716,44.866,156.69,500.14
hpf_ca1__202240_012_edited.swc,46841,pyramidal,0.997953,43687,1070,2083,0,0,0,0,0.00346148,0,0,0,0,0,0.371635,0.209075,0.3,0.3,0.3,0.3,0.3,0.89475,0.89475,0.89475,0.89475,0.901027,0.331721,0.3,0.954128,0.998348,0.998348,0,0.886513,0.3,0.109458,1060,0.428001,0.3,0.3,0.812264,0.813208,109.1,8138.51,3465.19,-1990.98,741.538,5592.13,5082.74,185.81,19.153,35.7756,226.73,237.51,294.02,-41.6153,50.2748,369.74,555.21
hpf_ca1__202240_013_edited.swc,61254,pyramidal,0.998906,56167,1692,3394,0,0,0,0,0,0,0,0,0,0,0.371002,0.208994,0.3,0.3,0.3,0.3,0.3,0.896497,0.896497,0.896497,0.896497,0.896497,0.316377,0.3,0.976392,0.998348,0.998348,0,0.962059,0.976272,0.0215085,1145,0.448852,0.3,0.3,0.782533,0.783406,132,8172.29,5456.47,-1440.38,1284.61,6493.73,5456.21,157.4,8.69203,29.7015,214.46,210.56,315.42,27.5659,58.0244,341.69,652.37
hpf_ca1__202240_024_edited.swc,17760,pyramidal,0.996977,16164,1595,0,0,0,0,0,0,0,0,0,0,0,0.831432,0.294058,0.3,0.3,0.3,0.993697,0.993697,0.234403,0.234403,0.234403,0.234403,0.234403,0.825766,0.3,0.242081,0.888743,0.3,0.15674,0,0,0,619,0.885188,0.3,0.3,0.150242,0.174475,70.2,8153.51,1091.65,139.507,180.459,1016,941.97,393.81,-7.23018,78.3438,240.62,459.72,0,0,0,0,0
hpf_ca1__202240_038_edited.swc,33672,pyramidal,0.998108,32003,1668,0,0,0,0,0,0,0,0,0,0,0,0.533706,0.328119,0.3,0.3,0.3,0.3,0.3,0.66343,0.66343,0.66343,0.66343,0.66343,0.509824,0.3,0.697528,0.991649,0.998348,0.00959233,0,0,0,670,0.622697,0.3,0.3,0.538806,0.552239,119.1,7727.98,2487.47,-154.264,407.71,1660.7,1080.34,416.78,9.09504,84.7295,259.18,389.27,0,0,0,0,0
hpf_ca1__202241_002_edited.swc,44226,pyramidal,0.998601,39914,1935,2376,0,0,0,0,0,0,0,0,0,0,0.411368,0.2539,0.3,0.3,0.3,0.3,0.3,0.838624,0.838624,0.838624,0.838624,0.838624,0.351705,0.3,0.925465,0.996543,0.998348,0.00258398,0.936835,0.977851,0.0610269,927,0.526088,0.3,0.3,0.673139,0.674218,105.4,8113.69,4014.45,-1584.79,964.717,5269.67,5527.99,206.77,2.75838,38.9335,302.31,291.83,393.27,-94.9114,73.3641,309.95,597.88
hpf_ca1__202241_016_edited.swc,19712,pyramidal,0.998676,15916,1975,1820,0,0,0,0,0,0,0,0,0,0,0.457673,0.288854,0.3,0.3,0.3,0.3,0.3,0.771814,0.771814,0.771814,0.771814,0.771814,0.37161,0.3,0.896771,0.679826,0.3,0.463797,0.968926,0.978056,0.0137363,348,0.626878,0.3,0.3,0.520115,0.531609,143.6,8102.64,2676.83,-768.062,826.126,4274.42,2592.29,1071.1,-250.592,330.261,391.22,329.27,301.93,-50.4455,46.358,148.46,465
hpf_ca1__202241_017_edited.swc,47962,pyramidal,0.996375,39803,8158,0,0,0,0,0,0,0,0,0,0,0,0.345299,0.171653,0.3,0.3,0.3,0.3,0.3,0.934886,0.934886,0.934886,0.934886,0.934886,0.304217,0.3,0.99392,0.545655,0.3,0.646972,0,0,0,2053,0.357974,0.3,0.3,0.916707,0.917681,52.8,8310.94,1135.07,-223.24,185.704,1139.75,901.45,2128.76,570.674,665.291,2061.11,2951.39,0,0,0,0,0
hpf_ca1__202243_013_edited.swc,37867,pyramidal,0.995706,34882,2984,0,0,0,0,0,0.00284921,0,0,0,0,0,0.37598,0.216411,0.3,0.3,0.3,0.3,0.3,0.890247,0.890247,0.890247,0.890247,0.890247,0.356837,0.3,0.918067,0.599549,0.3,0.565349,0,0,0,2057,0.359902,0.3,0.3,0.91298,0.914925,49.4,8044.81,4279.29,549.998,1049.42,4947.52,3270.47,375.81,-62.3377,64.1948,512.42,859.16,0,0,0,0,0
hpf_ca1__202244_005_edited.swc,16774,pyramidal,0.998171,13775,1446,1552,0,0,0,0,0,0,0,0,0,0,0.49318,0.309843,0.3,0.3,0.3,0.3,0.3,0.720043,0.720043,0.720043,0.720043,0.720043,0.385963,0.3,0.87608,0.99545,0.998348,0.00414938,0.976511,0.978276,0.00257732,347,0.653257,0.3,0.3,0.489914,0.495677,114,8259.17,2206.95,368.407,572.284,2919.85,2193.11,149.4,19.4945,24.7619,165.02,418.79,253.34,-31.3529,36.648,250.54,513.59
hpf_ca1__202244_007_edited.swc,12143,pyramidal,0.997179,11398,0,744,0,0,0,0,0,0,0,0,0,0,0.397917,0.234174,0.3,0.3,0.3,0.3,0.3,0.846249,0.849625,0.860908,0.876472,0.876472,0.391218,0.3,0.868486,0,0,0,0.49974,0.3,0.745968,187,0.554613,0.3,0.3,0.620321,0.705882,151.6,8270.3,2441.66,-561.38,831.17,4377.45,2572.22,0,0,0,0,0,170.76,11.8553,43.0646,180.89,530.89
hpf_ca1__202244_008_edited.swc,9690,pyramidal,0.99872,6646,1034,2009,0,0,0,0,0,0,0,0,0,0,0.548202,0.329532,0.3,0.3,0.3,0.3,0.3,0.637977,0.637977,0.637977,0.637977,0.637977,0.355215,0.3,0.920403,0.952571,0.984087,0.0628627,0.978276,0.978276,0,157,0.874892,0.3,0.3,0.159236,0.165605,105.6,8284.49,3214.29,-481.397,1069.54,4478.76,2350.14,139.75,21.6789,31.7011,229.92,539.46,212.92,-13.7139,38.5601,202.84,517.43
hpf_ca1__202244_016_edited.swc,2222,pyramidal,0.994361,1483,738,0,0,0,0,0,0,0,0,0,0,0,0.717571,0.341014,0.3,0.3,0.3,0.3,0.993697,0.40009,0.40009,0.40009,0.40009,0.40009,0.607322,0.3,0.556979,0.938733,0.998348,0.0853659,0,0,0,53,0.76876,0.3,0.3,0.301887,0.301887,102,8238.23,1070.37,229.75,320.991,851.92,280.66,117.25,3.76583,24.1214,124.13,280.24,0,0,0,0,0
hpf_ca1__202246_003_edited.swc,8855,pyramidal,0.996457,7672,1182,0,0,0,0,0,0,0,0,0,0,0,0.92,0.214685,0.3,0.3,0.3,0.993697,0.993697,0.107058,0.107058,0.107058,0.107058,0.107058,0.916566,0.3,0.111184,0.94222,0.998348,0.0803723,0,0,0,381,0.963918,0.3,0.993697,0.0367454,0.0498688,58,8172.07,1366.04,112.921,218.942,992.08,1405.48,264.28,-26.0127,51.178,310.31,432.2,0,0,0,0,0
hpf_ca1__202246_012_edited.swc,55209,pyramidal,0.99454,52986,2222,0,0,0,0,0,0,0,0,0,0,0,0.362444,0.198863,0.3,0.3,0.3,0.3,0.3,0.91025,0.91025,0.91025,0.91025,0.91025,0.336213,0.3,0.947798,0.987662,0.998348,0.0153015,0,0,0,3762,0.335498,0.3,0.3,0.948432,0.949495,33,7648.14,1359.76,71.7216,158.439,1609.42,1021.69,372.51,8.6654,63.7164,617.65,157.34,0,0,0,0,0
hpf_ca1__202246_023_edited.swc,58077,pyramidal,0.99017,55338,2738,0,0,0,0,0,0,0,0,0,0,0,0.337008,0.156384,0.3,0.3,0.3,0.3,0.3,0.946967,0.946967,0.946967,0.946967,0.946967,0.304274,0.3,0.993838,0.998348,0.998348,0,0,0,0,5417,0.333857,0.3,0.3,0.951449,0.951449,24,8460.59,1378.53,-66.0258,196.804,1513.5,1546.81,337.41,54.6731,75.9417,334.99,239.13,0,0,0,0,0
hpf_ca1__202246_031_edited.swc,22284,pyramidal,0.99897,19485,915,1883,0,0,0,0,0,0,0,0,0,0,0.425296,0.265525,0.3,0.3,0.3,0.3,0.3,0.817851,0.817851,0.817851,0.817851,0.817851,0.348098,0.3,0.930665,0.989189,0.998348,0.0131148,0.949819,0.978276,0.0419543,351,0.632636,0.3,0.3,0.51567,0.524217,142,8661.01,4678.35,-847.328,1641.04,6391.92,3153.09,162.62,15.858,31.6904,122,199.76,352.51,-92.1434,57.9116,285.85,546.95
hpf_ca1__202248_007_edited.swc,21312,pyramidal,0.9839,19347,1964,0,0,0,0,0,0,0,0,0,0,0,0.76769,0.324166,0.3,0.3,0.3,0.3,0.993697,0.323714,0.324418,0.326154,0.326154,0.326154,0.759698,0.3,0.337262,0.846302,0.3,0.216904,0,0,0,457,0.842788,0.3,0.3,0.207877,0.260394,107.4,8169.85,1039.72,64.4332,173.928,988.03,863.06,285.39,-15.012,62.2377,232.53,591.06,0,0,0,0,0
hpf_ca1__202248_018_edited.swc,14799,pyramidal,0.998663,10977,2011,1810,0,0,0,0,0,0,0,0,0,0,0.463176,0.292623,0.3,0.3,0.3,0.3,0.3,0.762754,0.762754,0.762754,0.762754,0.762754,0.308911,0.3,0.987155,0.841349,0.3,0.224764,0.978276,0.978276,0,277,0.64618,0.3,0.3,0.498195,0.498195,141.6,8551.41,1578.47,563.222,403.625,1942.29,2298.48,510.47,64.8365,111.73,267.66,579.84,396.07,-160.536,93.2027,253.36,468.25
hpf_ca1__202248_019_edited.swc,8697,pyramidal,0.986068,6799,716,1181,0,0,0.135794,0.135794,0.0262144,0,-0.135794,0.135794,0.135794,0,0.94352,0.156416,0.3,0.3,0.843364,0.993697,0.993697,0.051397,0.051397,0.051397,0.051397,0.149592,0.99298,0.993697,0.00102956,0.888134,0.3,0.157821,0.692313,0.3,0.276884,503,0.967198,0.3,0.993576,0.0258449,0.027833,38,8266.76,685.15,126.062,120.088,888.39,463.68,346.63,62.8355,71.0224,279.17,196.2,265.92,-122.702,59.3916,228.43,455.79
hpf_ca1__202248_024_edited.swc,24732,pyramidal,0.998541,21178,1377,2176,0,0,0,0,0.00155694,0,0,0,0,0,0.427152,0.266443,0.3,0.3,0.3,0.3,0.3,0.81433,0.81433,0.81433,0.81433,0.819505,0.334,0.3,0.950987,0.998348,0.998348,0,0.972028,0.977851,0,449,0.54688,0.3,0.3,0.639198,0.641425,101,7598.1,3313.87,-1389.49,734.873,4328.39,5441.89,221.19,1.2589,44.7616,164.49,200.47,468.71,57.5929,85.1767,380.42,405.88
hpf_ca1__202249_047_edited.swc,19943,pyramidal,0.998219,18443,1499,0,0,0,0,0,0,0,0,0,0,0,0.521188,0.323619,0.3,0.3,0.3,0.3,0.3,0.681593,0.681593,0.681593,0.681593,0.681593,0.48893,0.3,0.727647,0.917751,0.3,0.11541,0,0,0,410,0.573007,0.3,0.3,0.617073,0.629268,135.1,8628.74,2486.94,38.9781,367.179,2048.75,2798.03,309,51.8374,75.0417,485.92,336.94,0,0,0,0,0
hpf_ca1__202250_018_edited.swc,38028,pyramidal,0.997979,35154,2873,0,0,0,0,0,0,0,0,0,0,0,0.363754,0.191881,0.3,0.3,0.3,0.3,0.3,0.896971,0.898838,0.911539,0.923556,0.923556,0.339427,0.3,0.943164,0.661195,0.3,0.524887,0,0,0,1341,0.342981,0.3,0.3,0.94258,0.949292,66,8000.62,2597.43,-1887.71,736.878,2866.58,2638.64,385.1,-12.7348,74.4934,382.8,639.14,0,0,0,0,0
hpf_ca1__202251_031_edited.swc,14983,pyramidal,0.992235,13540,1442,0,0,0,0,0,0,0,0,0,0,0,0.899848,0.237809,0.3,0.3,0.3,0.993697,0.993697,0.135821,0.135821,0.135821,0.135821,0.135821,0.902502,0.3,0.131462,0.874854,0.3,0.176838,0,0,0,840,0.922868,0.3,0.615896,0.102381,0.105952,42,2870.62,2350.85,294.369,395.484,1941.49,1380.9,491.04,14.245,111.591,484.44,254.17,0,0,0,0,0
hpf_ca1__202252_001_edited.swc,48744,pyramidal,0.98196,46212,2531,0,0,0,0,0,0,0,0,0,0,0,0.92311,0.210079,0.3,0.3,0.3,0.993697,0.993697,0.102064,0.102064,0.102064,0.102064,0.102064,0.923264,0.3,0.101532,0.920263,0.3,0.111814,0,0,0,2847,0.926857,0.3,0.887945,0.0951879,0.0969442,38,3867.74,1107.52,-102.884,163.993,1131.32,555.75,322.57,27.782,66.8706,574.68,184.32,0,0,0,0,0
hpf_ca1__202252_004_edited.swc,25228,pyramidal,0.99906,22350,1144,1733,0,0,0,0,0.000705819,0,0,0,0,0,0.482283,0.304389,0.3,0.3,0.3,0.3,0.3,0.736008,0.736008,0.736008,0.736008,0.736008,0.421203,0.3,0.82528,0.9967,0.998348,0,0.930135,0.978276,0.0709752,596,0.510633,0.3,0.3,0.697987,0.706376,113,3122.4,4172.02,-85.9181,697.435,4571.13,2470.78,103.74,-8.83065,21.7869,146.34,306.38,315.33,69.4236,59.5788,300.71,481.24
hpf_ca1__202252_006_edited.swc,31045,pyramidal,0.998982,27386,1159,2499,0,0,0,0,0.00176305,0,0,0,0,0,0.447357,0.282398,0.3,0.3,0.3,0.3,0.3,0.785956,0.785956,0.785956,0.785956,0.785956,0.378651,0.3,0.886621,0.995282,0.977593,0,0.945956,0.978056,0.047619,564,0.526416,0.3,0.3,0.673759,0.675532,132.1,3052.21,3997.7,8.01767,693.573,5709.13,2781.67,221.28,-54.3653,45.7786,197.75,234.86,361.64,29.6535,60.9705,349.81,526.56
hpf_ca1__202252_007_edited.swc,24544,pyramidal,0.998238,20986,791,2766,0,0,0,0,0.0034407,0,0,0,0,0,0.432765,0.266978,0.3,0.3,0.3,0.3,0.3,0.79991,0.79991,0.79991,0.812581,0.822808,0.348947,0.3,0.929381,0.998348,0.998348,0,0.906755,0.773057,0.0466377,480,0.543684,0.3,0.3,0.63125,0.670833,130.1,3127.98,3374.37,-154.773,539.728,3591.01,2269.55,121.89,-25.9111,26.9449,103.53,127.27,392.41,5.58544,62.596,317.39,615.63
hpf_ca1__202252_012_edited.swc,42856,pyramidal,0.973653,40750,2105,0,0,0,0,0,0,0,0,0,0,0,0.587968,0.341891,0.3,0.3,0.3,0.3,0.3,0.584982,0.584982,0.584982,0.584982,0.584982,0.579817,0.3,0.59654,0.745569,0.3,0.36152,0,0,0,1440,0.693552,0.3,0.3,0.431944,0.434028,70,3229.26,1564.25,66.9298,207.164,1655.84,1260.66,738.24,90.836,200.156,406.56,342.19,0,0,0,0,0
hpf_ca1__202258_026_edited.swc,81411,pyramidal,0.998227,77402,828,3180,0,0,0,0,0.000375291,0,0,0,0,0,0.347115,0.17112,0.3,0.3,0.3,0.3,0.3,0.928302,0.928302,0.931004,0.937257,0.938325,0.330838,0.3,0.955544,0.998348,0.998348,0,0.573533,0.3,0.576415,1188,0.429947,0.3,0.3,0.808081,0.833333,179.3,9103.07,5050.21,-2346.53,1134.74,6302.97,4239.28,205.22,-5.87357,45.4677,128.31,152.54,724.02,-219.548,205.2,223.12,853.13
hpf_ca1__202258_044_edited.swc,46542,pyramidal,0.998553,43108,692,2741,0,0,0,0,0.000853607,0,0,0,0,0,0.368268,0.201564,0.3,0.3,0.3,0.3,0.3,0.894439,0.895471,0.903549,0.907524,0.909609,0.331009,0.3,0.955298,0.998348,0.998348,0,0.794929,0.3,0.318132,528,0.529564,0.3,0.3,0.681818,0.693182,240,9502.14,4553.07,-1517.66,1410.01,6545.26,4146.99,144.26,59.5821,33.5303,107.11,150.93,773.87,-253.142,235.299,161.19,501.62
hpf_ca1__202259_054_edited.swc,26126,pyramidal,0.998737,24681,567,877,0,0,0,0,0,0,0,0,0,0,0.362996,0.198724,0.3,0.3,0.3,0.3,0.3,0.908673,0.908673,0.908673,0.908673,0.908673,0.329536,0.3,0.957417,0.998348,0.998348,0,0.893134,0.3,0.125428,337,0.499787,0.3,0.3,0.715134,0.718101,173.2,8819.57,4022.31,-2194.22,1222.67,5269.17,3746.48,158.44,21.0071,30.5812,59.48,145.24,454.51,-196.951,120.239,224.42,338.66
hpf_ca1__202259_069_edited.swc,65527,pyramidal,0.998774,63245,1074,1207,0,0,0,0,0,0,0,0,0,0,0.338448,0.157925,0.3,0.3,0.3,0.3,0.3,0.94384,0.94384,0.94384,0.946053,0.946526,0.323478,0.3,0.966148,0.998348,0.998348,0,0.535137,0.3,0.615576,973,0.398096,0.3,0.3,0.858171,0.865365,180,8763.46,5054.32,-2047.78,1009.05,6059.39,4107.16,157.87,5.95372,32.3732,148.83,298.24,475,-213.35,155.591,209.44,759.31
hpf_ca1__202259_134_edited.swc,59347,pyramidal,0.998639,56903,531,1912,0,0,0,0,0,0,0,0,0,0,0.349808,0.178248,0.3,0.3,0.3,0.3,0.3,0.927562,0.927562,0.927562,0.927562,0.927562,0.323248,0.3,0.966487,0.998348,0.998348,0,0.959823,0.978276,0.0271967,632,0.464115,0.3,0.3,0.762658,0.764241,246,8931.12,5086.23,-2078.23,1138.58,6675.25,4079.99,118.56,39.7526,25.8181,61.6,176.29,512.78,-243.013,129.988,183.12,545.2
hpf_ca1__202260_002_edited.swc,45091,pyramidal,0.999036,42268,1075,1747,0,0,0,0,0,0,0,0,0,0,0.364567,0.201031,0.3,0.3,0.3,0.3,0.3,0.906478,0.906478,0.906478,0.906478,0.906478,0.332003,0.3,0.953866,0.979509,0.998348,0.0269767,0.773667,0.3,0.30166,625,0.454737,0.3,0.3,0.7744,0.7824,200.2,9615.37,4107.77,-2234.35,1535.11,6967.66,3935,199.85,37.8689,38.7254,214.46,269.22,598.94,-254.366,141.894,178.12,333.26
hpf_ca1__202261_005_edited.swc,37599,pyramidal,0.994827,35165,1486,947,0,0,0,0,0,0,0,0,0,0,0.438393,0.276797,0.3,0.3,0.3,0.3,0.3,0.799702,0.799702,0.799702,0.802681,0.802681,0.415777,0.3,0.833101,0.958872,0.998348,0.0565276,0.460856,0.3,0.726505,1426,0.434334,0.3,0.3,0.804348,0.810659,69.5,8775.52,4221.53,-814.599,1171.07,4607.88,3547.35,250.64,27.7648,45.4717,243.74,419.95,452.53,-194.783,105.813,202.1,635.28
hpf_ca1__202261_011_edited.swc,51978,pyramidal,0.998824,49193,842,1942,0,0,0,0,0,0,0,0,0,0,0.374116,0.213606,0.3,0.3,0.3,0.3,0.3,0.892531,0.892531,0.892531,0.892531,0.892531,0.342714,0.3,0.938426,0.998348,0.998348,0,0.898595,0.3,0.117405,879,0.444485,0.3,0.3,0.791809,0.795222,156,8764.12,4042.09,-1417.55,1314.4,5878.86,3964.79,141.41,14.4115,26.4444,176.89,282.82,388.6,-151.49,84.2013,267.93,500.34
hpf_ca1__202261_017_edited.swc,45215,pyramidal,0.998599,42306,1148,1760,0,0,0,0,0,0,0,0,0,0,0.360019,0.194094,0.3,0.3,0.3,0.3,0.3,0.912706,0.912706,0.912706,0.912706,0.912706,0.317168,0.3,0.975252,0.995915,0.998348,0.00348432,0.974909,0.967766,0.00284091,860,0.448389,0.3,0.3,0.784884,0.787209,138,8775.41,4891.61,-2227.65,967.505,5145.23,4142.84,205.91,12.9061,35.3791,151.15,191.23,425.42,-184.754,111.325,204.45,613.11
hpf_ca1__202261_029_edited.swc,6616,pyramidal,0.998229,3804,1924,887,0,0,0,0,0.00190888,0,0,0,0,0,0.577473,0.320111,0.3,0.3,0.3,0.3,0.3,0.544891,0.618501,0.620617,0.645707,0.645707,0.529591,0.3,0.669033,0.560589,0.3,0.718295,0.818965,0.3,0.201804,167,0.709074,0.3,0.3,0.419162,0.479042,114.6,8894.33,1316.42,208.901,297.431,774.86,1732.3,646.72,141.273,130.835,412.8,392.65,483.36,-177.081,101.43,186.22,265.38
hpf_ca1__202261_030_edited.swc,24177,pyramidal,0.99851,22658,845,673,0,0,0,0,0,0,0,0,0,0,0.353603,0.184625,0.3,0.3,0.3,0.3,0.3,0.92224,0.92224,0.92224,0.92224,0.92224,0.311568,0.3,0.983317,0.998348,0.998348,0,0.958332,0.967549,0.02526,296,0.432354,0.3,0.3,0.807432,0.807432,231,8814.51,4684.17,-2275.71,1178.72,5664.41,3961.87,294.28,19.6257,51.7475,149.16,280.9,449.78,-199.288,137.074,128.47,262.63
hpf_ca1__202261_102_edited.swc,77364,pyramidal,0.998863,73054,1819,2490,0,0,0,0,0.000323377,0,0,0,0,0,0.357815,0.191424,0.3,0.3,0.3,0.3,0.3,0.916395,0.916395,0.916395,0.916395,0.916395,0.33163,0.3,0.954404,0.997199,0.998348,0,0.658723,0.3,0.471084,1168,0.461514,0.3,0.3,0.767123,0.769692,181.3,9312.47,5802.87,-2246.36,1490.2,6684.28,4426.99,210.1,20.801,38.1096,180.65,246.15,710.37,-281.302,200.393,256.72,665.45
hpf_ca1__202261_111_edited.swc,68075,pyramidal,0.998793,65370,1213,1491,0,0,0,0,0,0,0,0,0,0,0.342006,0.161455,0.3,0.3,0.3,0.3,0.3,0.935674,0.935674,0.935674,0.936599,0.95007,0.323187,0.3,0.966575,0.998348,0.998348,0,0.632684,0.3,0.342723,942,0.420845,0.3,0.3,0.816348,0.820594,196.5,9097.06,5749.45,-1814.42,1490.41,5810.99,4157.23,162.32,4.67505,33.2654,218.7,175.97,469.09,-179.2,128.477,264.39,689.26
hpf_ca1__202269_017_edited.swc,78222,pyramidal,0.998861,72959,2378,2884,0,0,0,0,0.000578873,0,0,0,0,0,0.371052,0.209339,0.3,0.3,0.3,0.3,0.3,0.896679,0.896679,0.896679,0.896679,0.896679,0.328343,0.3,0.959141,0.980761,0.978151,0.0159798,0.948543,0.977851,0.0429958,1560,0.431094,0.3,0.3,0.810897,0.812179,132,9089.41,5288.13,-2239.43,1313.66,6616.63,5563.26,272.53,-7.39,51.3339,262.41,337.88,544.91,-157.263,104.316,327.55,620.59
hpf_ca1__202271_127_edited.swc,47994,pyramidal,0.998877,43385,1557,3051,0,0,0,0,0.00104565,0,0,0,0,0,0.392239,0.233946,0.3,0.3,0.3,0.3,0.3,0.8654,0.8654,0.8654,0.8654,0.8654,0.333338,0.3,0.951942,0.98668,0.933522,0,0.926254,0.978276,0.0766962,521,0.586778,0.3,0.3,0.583493,0.59309,231,9612.35,4671.97,-967.126,1391.65,7005.22,3980.93,344.67,14.9959,65.1788,161.91,268.32,534.87,-200.929,130.306,232.61,514.52
hpf_ca1__202271_143_edited.swc,23552,pyramidal,0.999084,20434,1124,1993,0,0,0,0,0,0,0,0,0,0,0.478001,0.301773,0.3,0.3,0.3,0.3,0.3,0.741848,0.741848,0.741848,0.741848,0.741848,0.400792,0.3,0.854703,0.998348,0.998348,0,0.975888,0.978276,0.00351229,477,0.632939,0.3,0.3,0.522013,0.522013,107,9621.3,4704.69,-927.769,1400.43,5682.66,2459.27,125.04,36.4556,27.3461,173.84,273.07,551.01,-221.162,150.948,475.92,296.94
hpf_ca1__202271_177_edited.swc,65706,pyramidal,0.998328,63105,2600,0,0,0,0,0,0,0,0,0,0,0,0.413924,0.255384,0.3,0.3,0.3,0.3,0.3,0.832055,0.832161,0.839284,0.839284,0.839284,0.405354,0.3,0.848126,0.621689,0.3,0.625,0,0,0,1696,0.434282,0.3,0.3,0.808962,0.815448,93,9247.33,3684.68,-817.991,1199.91,1903.6,3739.58,478.14,-5.69322,98.7286,686.73,904.85,0,0,0,0,0
hpf_ca1__202271_179_edited.swc,22142,pyramidal,0.996278,20270,1871,0,0,0,0,0,0,0,0,0,0,0,0.739298,0.334689,0.3,0.3,0.3,0.3,0.993697,0.367266,0.367266,0.367266,0.367266,0.367266,0.718853,0.3,0.396201,0.96065,0.998348,0.0539818,0,0,0,597,0.825097,0.3,0.3,0.247906,0.283082,104.4,9590.84,1124.47,-104.138,172.376,992.55,1135.4,383.96,-17.1082,72.8743,288.21,290.8,0,0,0,0,0
hpf_ca1__202271_180_edited.swc,34721,pyramidal,0.997298,33141,1579,0,0,0,0,0,0,0,0,0,0,0,0.601299,0.34402,0.3,0.3,0.3,0.3,0.3,0.565911,0.565911,0.565911,0.565911,0.565911,0.58846,0.3,0.584171,0.870531,0.3,0.183027,0,0,0,674,0.691412,0.3,0.3,0.445104,0.468843,135,9452.06,917.32,-16.7335,123.149,1278.17,1600.2,601.58,69.2371,127.813,475.2,561.95,0,0,0,0,0
hpf_ca1__202272_052_edited.swc,52913,pyramidal,0.998031,49691,3221,0,0,0,0,0,0,0,0,0,0,0,0.388863,0.232075,0.3,0.3,0.3,0.3,0.3,0.87213,0.87213,0.87213,0.87213,0.87213,0.365208,0.3,0.905999,0.753596,0.3,0.349891,0,0,0,1833,0.391834,0.3,0.3,0.866885,0.871795,64,8763.19,4169.81,-1341.5,1138.57,5686.95,3919.22,647.49,36.905,152.884,612.49,465.27,0,0,0,0,0
hpf_ca1__202272_102_edited.swc,43119,pyramidal,0.998839,39097,1601,2420,0,0,0,0,0,0,0,0,0,0,0.392107,0.234432,0.3,0.3,0.3,0.3,0.3,0.866254,0.866254,0.866254,0.866254,0.866254,0.331991,0.3,0.953884,0.998348,0.998348,0,0.96202,0.978276,0.0239669,509,0.539244,0.3,0.3,0.656189,0.662083,198.2,9416.26,4682.09,-910.465,1356.51,7041.8,3276.54,267.48,36.7127,46.9118,219.28,264.85,470.06,-194.169,118.693,491.3,402.77
hpf_ca1__202274_080_edited.swc,36295,pyramidal,0.998644,34083,1010,1201,0,0,0,0,0,0,0,0,0,0,0.352837,0.181618,0.3,0.3,0.3,0.3,0.3,0.921119,0.923102,0.923102,0.923102,0.92955,0.314654,0.3,0.978875,0.941863,0.584627,0.108911,0.94052,0.889189,0.0258118,545,0.423477,0.3,0.3,0.820183,0.822018,170.6,8814.95,4025.56,-2268.29,952.343,5495.69,3994.13,159.61,12.2082,30.5925,240.79,251.28,384.65,-138.125,103.505,271.06,635.05
hpf_ca1__202274_082_edited.swc,20246,pyramidal,0.997672,18181,2064,0,0,0,0,0,0,0,0,0,0,0,0.426975,0.268824,0.3,0.3,0.3,0.3,0.3,0.817594,0.817594,0.817594,0.817594,0.817594,0.367878,0.3,0.902151,0.947258,0.998348,0.0731589,0,0,0,409,0.475212,0.3,0.3,0.748166,0.755501,116.4,8845.76,3591.53,-1556.08,1249.54,5093.47,3832.17,369.73,13.3941,78.4955,359.21,461.79,0,0,0,0,0
hpf_ca1__202274_094_edited.swc,58538,pyramidal,0.998122,55834,1288,1415,0,0,0,0,0,0,0,0,0,0,0.343455,0.167266,0.3,0.3,0.3,0.3,0.3,0.936725,0.936725,0.936725,0.936725,0.938262,0.312424,0.3,0.98209,0.998348,0.998348,0,0.971295,0.967611,0,411,0.504028,0.3,0.3,0.705596,0.705596,365,9026.81,4539.78,-2097.82,995.436,7512.9,4066.93,186.1,18.1858,34.1569,171.15,159.64,348.11,-130.282,94.3753,187.54,507.53
hpf_ca1__202274_096_edited.swc,64438,pyramidal,0.998748,60192,1876,2369,0,0,0,0,0,0,0,0,0,0,0.359464,0.193543,0.3,0.3,0.3,0.3,0.3,0.913731,0.913731,0.913731,0.913731,0.913731,0.317713,0.3,0.974465,0.998348,0.998348,0,0.914087,0.976272,0.0945547,833,0.450561,0.3,0.3,0.781513,0.786315,205,9226.72,4649.85,-2608.34,848.339,6307.05,4396.71,227.23,15.7743,47.6258,189.77,195.34,605.64,-242.331,180.164,264.71,715.58
hpf_ca1__202396_035_edited.swc,48891,pyramidal,0.998979,46010,1104,1776,0,0,0,0,0,0,0,0,0,0,0.354924,0.186105,0.3,0.3,0.3,0.3,0.3,0.91974,0.91974,0.91974,0.920865,0.921601,0.317298,0.3,0.975027,0.998348,0.998348,0,0.929365,0.870852,0.0596847,642,0.451986,0.3,0.3,0.777259,0.781931,202.7,9043.93,4353.68,-1454.49,1426.93,7905.96,4450.87,169.62,24.6067,36.2862,146.01,180.02,368.34,-138.972,89.482,499.37,518.99
hpf_ca1__202396_051_edited.swc,44449,pyramidal,0.997079,41166,1235,2047,0,0,0,0,0,0,0,0,0,0,0.372978,0.211945,0.3,0.3,0.3,0.3,0.3,0.893991,0.893991,0.893991,0.893991,0.893991,0.325058,0.3,0.963878,0.998348,0.998348,0,0.959057,0.978276,0.0283341,651,0.493567,0.3,0.3,0.72043,0.723502,169,9684.47,4443.49,-1847.74,1516.45,6502.97,3861.7,188.36,28.1452,36.28,229.67,210.82,656.84,-309.254,192.279,256.61,363.03
hpf_ca1__202399_003_edited.swc,15413,pyramidal,0.996285,14069,440,903,0,0,0,0,0,0,0,0,0,0,0.37223,0.211216,0.3,0.3,0.3,0.3,0.3,0.895283,0.895283,0.895283,0.895283,0.895283,0.331014,0.3,0.955292,0.998348,0.998348,0,0.708608,0.3,0.397564,165,0.523833,0.3,0.3,0.672727,0.684848,192.6,9584.25,3857.94,-2751.16,1252.83,4714.43,2396.96,141.85,10.4056,31.4842,145.94,262.34,541.42,-252.06,144.633,306.81,227
hpf_ca1__202399_006_edited.swc,11612,pyramidal,0.994751,9956,570,1085,0,0,0,0,0,0,0,0,0,0,0.361002,0.193293,0.3,0.3,0.3,0.3,0.3,0.908629,0.908629,0.908629,0.908629,0.921719,0.307943,0.3,0.98855,0.986096,0.998348,0.0175439,0.518898,0.3,0.64424,129,0.448054,0.3,0.3,0.790698,0.790698,219.2,9626.64,3935.2,-1372.96,1434.89,3400.18,2314.91,145.14,10.2589,33.38,216.18,231.52,611.13,-322.654,165.987,317.13,290.94
hpf_ca1__202399_022_edited.swc,51007,pyramidal,0.998976,45555,2115,3336,0,0,0,0,0,0,0,0,0,0,0.40344,0.245917,0.3,0.3,0.3,0.3,0.3,0.84953,0.84953,0.84953,0.850726,0.850726,0.342561,0.3,0.938646,0.966181,0.998348,0.0368794,0.877826,0.3,0.148082,554,0.568921,0.3,0.3,0.610108,0.628159,230,9577.74,4614.16,-1431.63,1689.44,6979.86,4196.91,417.31,-2.81702,69.0396,248.88,287.95,543.38,-213.17,119.39,421.81,340.13
hpf_ca1__202400_003_edited.swc,34399,pyramidal,0.998993,31889,796,1713,0,0,0,0,0,0,0,0,0,0,0.382583,0.223834,0.3,0.3,0.3,0.3,0.3,0.880171,0.880171,0.880171,0.880171,0.880171,0.341071,0.3,0.940795,0.994839,0.998348,0.00502513,0.870501,0.3,0.158786,421,0.521974,0.3,0.3,0.674584,0.688836,191,9161.32,5098.21,-1626.43,1609.87,7083.85,5107.85,141.57,16.4381,31.1268,146.97,215.42,423.79,-157.853,107.504,270.27,480.78
hpf_ca1__202400_014_edited.swc,38881,pyramidal,0.998754,36569,865,1446,0,0,0,0,0,0,0,0,0,0,0.365126,0.201709,0.3,0.3,0.3,0.3,0.3,0.905584,0.905584,0.905584,0.905584,0.905584,0.330958,0.3,0.955372,0.984623,0.998348,0.0196532,0.858186,0.3,0.17704,573,0.42585,0.3,0.3,0.818499,0.820244,189.6,9223.25,4812.13,-2467.01,1260.9,6839.05,4729.26,181.43,22.0292,31.5029,309.08,260.8,301.32,-105.581,64.0767,468.46,607.43
hpf_ca1__202400_052_edited.swc,34671,pyramidal,0.998984,31495,1245,1930,0,0,0,0,0,0,0,0,0,0,0.409534,0.252169,0.3,0.3,0.3,0.3,0.3,0.841251,0.841251,0.841251,0.841251,0.841251,0.35632,0.3,0.918813,0.998348,0.998348,0,0.897788,0.3,0.118653,424,0.581313,0.3,0.3,0.596698,0.603774,206.1,9411.2,4369.39,-1062.33,1592.28,6709.3,4553.27,238.55,8.52257,40.5647,199.04,309.61,381.83,-150.637,85.646,195.97,504.81
hpf_ca1__202400_120_edited.swc,66020,pyramidal,0.999021,60818,1593,3608,0,0,0,0,0,0,0,0,0,0,0.393295,0.23349,0.3,0.3,0.3,0.3,0.3,0.861603,0.861603,0.861603,0.861618,0.876401,0.349069,0.3,0.929264,0.998348,0.998348,0,0.871472,0.3,0.101718,669,0.547944,0.3,0.3,0.633782,0.653214,242.2,9432.65,5193.14,-914.01,1546.85,7300.27,4990.25,252.45,28.6031,43.732,220.17,329.78,408.84,-147.071,92.843,334,431.62
hpf_ca1__202401_067_edited.swc,10877,pyramidal,0.998786,7646,1214,2016,0,0,0,0,0,0,0,0,0,0,0.504524,0.314529,0.3,0.3,0.3,0.3,0.3,0.702767,0.702767,0.702767,0.702767,0.702767,0.343277,0.3,0.937614,0.998348,0.998348,0,0.818464,0.3,0.235615,136,0.824912,0.3,0.3,0.235294,0.257353,170,9499.87,3895.66,-2381.28,1332.22,5520.21,3314.79,197.33,35.5849,35.3493,184.83,272.57,397.54,-196.737,96.6175,338.5,598.98
hpf_ca1__202401_137_edited.swc,69637,pyramidal,0.998682,64417,2297,2922,0,0,0,0,0,0,0,0,0,0,0.364064,0.200091,0.3,0.3,0.3,0.3,0.3,0.907003,0.907003,0.907003,0.907003,0.907003,0.318727,0.3,0.973004,0.95396,0.998348,0.0635612,0.899594,0.3,0.115332,696,0.468239,0.3,0.3,0.75431,0.760057,233.5,9208.09,8252.57,-1866.43,2620.52,4455.75,3301.84,203.14,37.6022,45.6529,299.23,454.01,401.4,-182.816,96.2276,402.38,248.14
hpf_ca1__202401_138_edited.swc,121907,pyramidal,0.998886,116683,3436,1787,0,0,0,0,0,0,0,0,0,0,0.342538,0.163347,0.3,0.3,0.3,0.3,0.3,0.933966,0.94139,0.941496,0.941496,0.941496,0.321171,0.3,0.969481,0.823274,0.500366,0.354482,0.813009,0.3,0.243425,1032,0.43063,0.3,0.3,0.821705,0.827519,288.8,9283.42,8449.64,-2724.46,3069.08,5010.81,3664.14,500.51,-19.182,100.934,591.3,326.13,453.15,-178.345,108.064,355.61,290.08
hpf_ca1__202401_213_edited.swc,60914,pyramidal,0.998988,56229,1207,3477,0,0,0,0,0,0,0,0,0,0,0.354518,0.176426,0.3,0.3,0.3,0.3,0.3,0.91071,0.91071,0.91071,0.913846,0.949814,0.323379,0.3,0.966299,0.943383,0.998348,0.0787075,0.653497,0.3,0.300834,638,0.41563,0.3,0.3,0.80721,0.832288,217.6,9480.53,4062.49,-868.803,1480.28,7033,2952.14,196.79,46.9023,40.3481,211.61,262.35,555.7,-182.26,100.78,440.29,393.91
hpf_ca1__202401_223_edited.swc,13819,pyramidal,0.998924,10980,1081,1757,0,0,0,0,0,0,0,0,0,0,0.462195,0.292173,0.3,0.3,0.3,0.3,0.3,0.764382,0.764382,0.764382,0.764382,0.764382,0.345867,0.3,0.93388,0.998348,0.998348,0,0.858989,0.3,0.175868,294,0.568602,0.3,0.3,0.608844,0.608844,109.4,9525.52,1327.86,-387.548,273.17,2630.82,1887.48,200.32,18.8833,38.6964,195.03,243.26,455.26,-202.59,135.066,275.39,324.32
hpf_ca1__202402_015_edited.swc,40277,pyramidal,0.998961,37444,768,2064,0,0,0,0,0,0,0,0,0,0,0.36691,0.203731,0.3,0.3,0.3,0.3,0.3,0.902624,0.902624,0.902624,0.902624,0.902624,0.323176,0.3,0.96659,0.998348,0.998348,0,0.925038,0.978276,0.0784884,423,0.517321,0.3,0.3,0.685579,0.690307,253.2,9057.88,4132.11,-1811.4,1426.48,7436.41,5367.45,169.49,20.328,31.864,148.85,188.51,309.08,-139.361,68.9497,335.77,481.19
hpf_ca1__202402_032_edited.swc,9544,pyramidal,0.99401,7695,423,1425,0,0,0,0,0,0,0,0,0,0,0.507821,0.315533,0.3,0.3,0.3,0.3,0.3,0.697402,0.697402,0.697402,0.697402,0.697402,0.393935,0.3,0.864587,0.998348,0.998348,0,0.976848,0.978276,0.00210526,356,0.605739,0.3,0.3,0.553371,0.558989,66.5,9144.47,1653.97,405.654,404.648,1375.24,2441.45,149.29,22.8973,23.6239,131.86,161.36,400.64,-164.988,101.313,220.54,435.88
hpf_ca1__202403_090_edited.swc,24244,pyramidal,0.99887,21124,1139,1980,0,0,0,0,0,0,0,0,0,0,0.466095,0.294816,0.3,0.3,0.3,0.3,0.3,0.759033,0.759033,0.759033,0.759033,0.759033,0.39023,0.3,0.869864,0.998348,0.998348,0,0.969027,0.978276,0.0136364,502,0.584625,0.3,0.3,0.587649,0.593625,115.7,9673.62,4072.68,-475.847,891.724,4693.43,2479.94,196.2,40.0325,41.8031,185.63,333.11,525.34,-180.913,115.486,196.66,446.1
hpf_ca1__202403_106_edited.swc,3038,pyramidal,0.996096,0,1198,1839,0,0,0,0,0,0,0,0,0,0,0.919261,0.201747,0.3,0.3,0.978276,0.978276,0.978276,0.0957867,0.0957867,0.0957867,0.0957867,0.0957867,0,0,0,0.859741,0.3,0.196995,0.95799,0.978276,0.0299076,103,0.965283,0.3,0.978276,0.0194175,0.038835,49.8,9528.61,0,0,0,0,0,363.26,63.895,85.4641,149.57,495.91,465.28,-261.22,138.671,268.34,451.43
hpf_ca1__202403_125_edited.swc,85402,pyramidal,0.998966,80897,1719,2785,0,0,0,0,0,0,0,0,0,0,0.354703,0.186505,0.3,0.3,0.3,0.3,0.3,0.920775,0.920775,0.920775,0.920775,0.920775,0.326711,0.3,0.961494,0.998348,0.998348,0,0.770288,0.3,0.306643,870,0.415473,0.3,0.3,0.835632,0.847126,222,9556.23,4977.52,-554.133,1332.19,4824.28,3141.98,169.93,39.0091,32.8578,140.45,353.81,497.72,-277.982,113.097,348.42,475.07
hpf_ca1__202404_035_edited.swc,16354,pyramidal,0.998894,13962,583,1808,0,0,0,0,0.000432915,0,0,0,0,0,0.46485,0.29353,0.3,0.3,0.3,0.3,0.3,0.760181,0.760181,0.760181,0.760181,0.760181,0.378999,0.3,0.886119,0.998348,0.998348,0,0.955499,0.978276,0.0331858,373,0.582678,0.3,0.3,0.589812,0.592493,95,9347.78,3589.36,-353.792,723.431,4452.39,1853.12,88.95,24.162,22.283,146.27,314.41,430.83,-170.125,108.648,243.31,381.69
hpf_ca1__202405_001_edited.swc,113277,pyramidal,0.998604,110037,1357,1882,0,0,0,0,0.00175833,0,0,0,0,0,0.426616,0.265921,0.3,0.3,0.3,0.3,0.3,0.814552,0.814552,0.814552,0.814552,0.825022,0.414122,0.3,0.83541,0.812484,0.3,0.252027,0.878607,0.80518,0.0010627,2915,0.442685,0.3,0.3,0.793482,0.8,100,9037.83,7786.35,-892.963,2062.67,3917.2,2325.69,344.19,-90.8115,84.1653,502.9,367.49,329.98,97.0631,78.0326,516.69,407.89
hpf_ca1__202405_016_edited.swc,21298,pyramidal,0.99843,19074,851,1372,0,0,0,0,0,0,0,0,0,0,0.396912,0.239505,0.3,0.3,0.3,0.3,0.3,0.859283,0.859283,0.859283,0.859283,0.859283,0.334732,0.3,0.949932,0.97455,0.998348,0.0340776,0.902637,0.3,0.111516,309,0.498629,0.3,0.3,0.708738,0.724919,189.2,9376.49,1833.39,-119.298,340.457,2030.99,2863.15,148.22,14.2278,30.8537,254.32,308.82,461.77,-161.804,95.9864,175.1,341.4
hpf_ca1__202409_001_edited.swc,60887,pyramidal,0.997581,57665,3221,0,0,0,0,0,0,0,0,0,0,0,0.381911,0.217962,0.3,0.3,0.3,0.3,0.3,0.870498,0.870498,0.892604,0.892851,0.892851,0.356408,0.3,0.918686,0.838309,0.633611,0.425955,0,0,0,2006,0.378171,0.3,0.3,0.89681,0.900798,72.5,7866.21,4507.71,-471.845,1020.39,4988.55,5591,665.99,21.6558,172.117,593.56,521.37,0,0,0,0,0
hpf_ca1__202409_003_edited.swc,23409,pyramidal,0.997137,22502,906,0,0,0,0,0,0,0,0,0,0,0,0.640342,0.346935,0.3,0.3,0.3,0.3,0.3,0.50959,0.50959,0.50959,0.50959,0.50959,0.631157,0.3,0.52262,0.868082,0.3,0.186534,0,0,0,427,0.771261,0.3,0.3,0.332553,0.355972,134.4,7345.94,1895.63,-76.4244,329.031,1235.95,593.14,415.54,6.54212,84.883,336.17,198.32,0,0,0,0,0
hpf_ca1__202410_002_edited.swc,27576,pyramidal,0.997505,26126,1449,0,0,0,0,0,0,0,0,0,0,0,0.621233,0.346148,0.3,0.3,0.3,0.3,0.3,0.537279,0.537279,0.537279,0.537279,0.537279,0.600356,0.3,0.567021,0.997384,0.998348,0.00138026,0,0,0,692,0.696127,0.3,0.3,0.439306,0.455202,100.9,4498.74,1511.13,-98.1553,223.066,1862.98,1253.58,255.57,8.92616,52.0453,377.83,319.99,0,0,0,0,0
hpf_ca1__202410_003_edited.swc,10278,pyramidal,0.994486,9094,1183,0,0,0,0,0,0,0,0,0,0,0,0.870479,0.265783,0.3,0.3,0.3,0.99359,0.993697,0.178342,0.178342,0.178342,0.178342,0.178342,0.856672,0.3,0.197493,0.976506,0.998348,0.0312764,0,0,0,307,0.961534,0.3,0.924822,0.0423453,0.0716612,81,4538.68,1234.29,-67.6884,222.18,723.76,471.87,327.95,29.3556,59.3251,280.77,293.76,0,0,0,0,0
hpf_ca1__202410_007_edited.swc,20007,pyramidal,0.997564,16742,1028,2236,0,0,0,0,0.000763442,0,0,0,0,0,0.488893,0.306995,0.3,0.3,0.3,0.3,0.3,0.725296,0.725296,0.725296,0.725296,0.727345,0.393393,0.3,0.865369,0.987479,0.998348,0.0155642,0.974494,0.978056,0.00313059,419,0.622026,0.3,0.3,0.536993,0.546539,136.4,4749.98,3836.23,176.825,947.836,1516.32,1061.16,180.56,68.8861,44.1077,194.15,163.51,419.63,-69.8759,72.6285,265.37,614.84
hpf_ca1__202410_009_edited.swc,9216,pyramidal,0.998582,5512,1233,2470,0,0,0,0,0,0,0,0,0,0,0.607903,0.341369,0.3,0.3,0.3,0.3,0.3,0.551324,0.551324,0.551324,0.551324,0.551324,0.368841,0.3,0.900762,0.992684,0.998348,0.0081103,0.949152,0.978276,0.042915,192,0.829062,0.3,0.3,0.229167,0.239583,83.3,4727.37,3505.97,-554.586,872.155,2558.54,1424.82,193.05,57.07,40.1981,315.35,255.22,400.43,-101.603,83.1715,371.35,593.88
hpf_ca1__202411_005_edited.swc,20603,pyramidal,0.996333,19676,926,0,0,0,0,0,0,0,0,0,0,0,0.712787,0.340726,0.3,0.3,0.3,0.3,0.993697,0.405232,0.405232,0.405232,0.405232,0.405232,0.701107,0.3,0.421783,0.96064,0.998348,0.0539957,0,0,0,475,0.784291,0.3,0.3,0.303158,0.332632,107.6,3944.83,1664.59,-115.615,285.632,1211.32,985.77,386.36,41.4063,75.6234,337.13,235.57,0,0,0,0,0
hpf_ca1__202411_017_edited.swc,15041,pyramidal,0.999126,11718,1315,2007,0,0,0,0,0,0,0,0,0,0,0.535948,0.326978,0.3,0.3,0.3,0.3,0.3,0.657536,0.657536,0.657536,0.657536,0.657536,0.417629,0.3,0.830432,0.946304,0.998348,0.0745247,0.957661,0.978276,0.0303936,295,0.716165,0.3,0.3,0.39322,0.410169,111.6,4052.29,3060.29,220.219,837.365,5473.65,3192.58,289.21,-26.8609,53.1886,285.39,217.68,446.45,-84.5908,68.3714,285.11,484.39
hpf_ca1__202412_001_edited.swc,51541,pyramidal,0.998718,47987,1189,2364,0,0,0,0,0,0,0,0,0,0,0.375136,0.213776,0.3,0.3,0.3,0.3,0.3,0.889564,0.889564,0.889564,0.894841,0.894841,0.340375,0.3,0.941797,0.994824,0.998348,0.00504626,0.768804,0.3,0.274535,524,0.51683,0.3,0.3,0.688931,0.709924,272.7,9331.55,4259.78,-1864.07,1347.37,6480.52,4163.4,273.05,19.3384,53.8313,162.62,314.33,424.52,-106.741,90.5245,289.29,593.85
hpf_ca1__202412_006_edited.swc,9590,pyramidal,0.994631,7117,1049,1423,0,0,0,0,0,0,0,0,0,0,0.512524,0.317955,0.3,0.3,0.3,0.3,0.3,0.691137,0.691137,0.691137,0.691137,0.691137,0.350782,0.3,0.926795,0.996351,0.998348,0.00285987,0.964453,0.978276,0.0203795,148,0.806081,0.3,0.3,0.263514,0.27027,99,9552.94,3689.25,-1359.96,1374.02,5586.31,2977.56,194.77,11.2993,36.7659,167.35,256.95,520.32,-253.263,150.215,212.82,425.81
hpf_ca1__202413_058_edited.swc,51411,pyramidal,0.998824,49460,367,1583,0,0,0,0,0,0,0,0,0,0,0.344297,0.168822,0.3,0.3,0.3,0.3,0.3,0.935578,0.935578,0.935578,0.935578,0.935578,0.321403,0.3,0.969147,0.998348,0.998348,0,0.907569,0.3,0.104232,553,0.416489,0.3,0.3,0.831826,0.833635,248.8,9612.76,5451.88,-2582.73,1389.09,6673.41,4401.65,142.44,34.3904,32.2002,76.56,148.4,491.28,-205.693,120.31,345.3,383.47
hpf_ca1__202413_096_edited.swc,1993,pyramidal,0.968057,833,1159,0,0,0,0,0,0,0,0,0,0,0,0.740696,0.32202,0.3,0.3,0.3,0.3,0.950853,0.347215,0.347215,0.347215,0.347215,0.347215,0.746987,0.3,0.310924,0.735951,0.3,0.373598,0,0,0,50,0.734975,0.3,0.3,0.34,0.34,83.7,9253.72,222.98,-48.7872,50.0542,344.76,670.16,431.8,115.968,114.261,465.05,415.11,0,0,0,0,0
hpf_ca1__202414_052_edited.swc,34603,pyramidal,0.998872,31704,1200,1698,0,0,0,0,0,0,0,0,0,0,0.384353,0.225902,0.3,0.3,0.3,0.3,0.3,0.877612,0.877612,0.877612,0.877612,0.877612,0.331748,0.3,0.954233,0.994856,0.998348,0.005,0.934735,0.978276,0.0641932,452,0.523812,0.3,0.3,0.679204,0.685841,203.5,1696.54,4271.88,2164.47,1655.03,7083.7,4221.93,175.41,-36.0883,36.0158,123.61,296.52,583.68,334.814,161.478,304.61,355.26
hpf_ca1__202414_055_edited.swc,35822,pyramidal,0.998868,33149,1038,1634,0,0,0,0,0,0,0,0,0,0,0.38325,0.224913,0.3,0.3,0.3,0.3,0.3,0.879487,0.879487,0.879487,0.879487,0.879487,0.345097,0.3,0.93499,0.998348,0.998348,0,0.76615,0.3,0.312729,650,0.452017,0.3,0.3,0.78,0.786154,156.3,1838.15,4141.15,1980.22,1582.1,6161.37,4358.08,201.82,-12.5479,40.1555,200.89,247.4,505.83,242.957,130.209,346.64,440.22
hpf_ca1__202414_260_edited.swc,31302,pyramidal,0.998369,27449,1608,2244,0,0,0,0,0.0030118,0,0,0,0,0,0.458397,0.289893,0.3,0.3,0.3,0.3,0.3,0.770047,0.770047,0.770047,0.770047,0.770047,0.38868,0.3,0.87209,0.956504,0.963007,0.0534826,0.954027,0.978056,0.0356506,713,0.585448,0.3,0.3,0.587658,0.58906,110.8,2031.03,4165.95,679.567,1282.53,5787.73,3171.55,171.52,-9.52979,37.0802,332.97,405.48,385.9,159.202,97.4166,314.98,682.14
hpf_ca1__202414_446_edited.swc,15695,pyramidal,0.99819,12332,1023,2339,0,0,0,0,0,0,0,0,0,0,0.51275,0.317748,0.3,0.3,0.3,0.3,0.3,0.690411,0.690411,0.690411,0.690411,0.690411,0.384187,0.3,0.878608,0.998348,0.998348,0,0.977986,0.978276,0.000427533,306,0.667277,0.3,0.3,0.46732,0.473856,128,1683.89,1159.05,127.385,235.882,1703.74,2513.75,279.82,-49.0733,58.1723,221.96,212.85,540.6,232.826,134.001,308.92,278.66
hpf_ca1__202414_524_edited.swc,32731,pyramidal,0.998961,28333,1538,2859,0,0,0,0,0,0,0,0,0,0,0.430107,0.269464,0.3,0.3,0.3,0.3,0.3,0.810913,0.810913,0.810913,0.810913,0.810913,0.349457,0.3,0.928705,0.967472,0.998348,0.0442133,0.94008,0.978276,0.0563134,382,0.635022,0.3,0.3,0.518325,0.531414,205,9417.44,4116.91,-1241.35,1566.26,6122.66,4879.69,260.62,23.5808,47.0295,323.2,378.45,363.14,-159.632,76.7039,285.76,496.88
hpf_ca1__202414_532_edited.swc,61977,pyramidal,0.998972,56741,1733,3502,0,0,0,0,0,0,0,0,0,0,0.385004,0.226412,0.3,0.3,0.3,0.3,0.3,0.876438,0.876438,0.876438,0.876438,0.876438,0.331322,0.3,0.954847,0.998348,0.998348,0,0.951094,0.978056,0.0399772,702,0.525219,0.3,0.3,0.675214,0.679487,227,9253.58,5139.02,-1463.2,1677.89,7262.43,4937.61,265.25,2.38913,42.4197,203.64,325.64,479.21,-151.765,94.0638,259.48,528.11
hpf_ca1__202414_533_edited.swc,90455,pyramidal,0.999047,85820,1410,3224,0,0,0,0,0,0,0,0,0,0,0.347154,0.1738,0.3,0.3,0.3,0.3,0.3,0.931424,0.931424,0.931424,0.931424,0.931424,0.315601,0.3,0.977511,0.996862,0.998348,0.00212766,0.902742,0.3,0.111352,1126,0.42754,0.3,0.3,0.812611,0.821492,225,9153.52,4829.31,-1703.03,1442.35,7388.68,4915.28,234.97,13.9078,44.0489,253.05,267.85,474.84,-126.477,83.4577,544.52,707.62
hpf_ca1__202414_539_edited.swc,86123,pyramidal,0.998749,80015,2197,3910,0,0,0,0,0.00120811,0,0,0,0,0,0.359851,0.193493,0.3,0.3,0.3,0.3,0.3,0.912648,0.912648,0.912648,0.912648,0.912648,0.313837,0.3,0.980054,0.985125,0.944518,0.00819299,0.949988,0.978226,0.041688,1267,0.430905,0.3,0.3,0.808998,0.810576,183,8892.64,4811.86,-2196.1,1068.92,6111.4,5425.83,295.22,1.21582,52.7276,256.42,451.8,454.79,-72.5619,68.3126,301.24,669.94
hpf_ca1__202415_004_edited.swc,41997,pyramidal,0.998837,37907,1655,2434,0,0,0,0,0,0,0,0,0,0,0.38783,0.229794,0.3,0.3,0.3,0.3,0.3,0.872515,0.872515,0.872515,0.872515,0.872515,0.329481,0.3,0.957501,0.978516,0.998348,0.0283988,0.894665,0.3,0.123254,514,0.495263,0.3,0.3,0.717899,0.731518,192.8,9479.57,7737.06,-1119.4,1797.62,5163.99,2292.44,371.48,5.39459,61.9842,224.11,281.12,440.36,-174.433,103.855,407.61,435.57
hpf_ca1__202415_025_edited.swc,46180,pyramidal,0.998418,42393,1553,2233,0,0,0,0,0,0,0,0,0,0,0.368662,0.206205,0.3,0.3,0.3,0.3,0.3,0.900173,0.900173,0.900173,0.900173,0.900173,0.313533,0.3,0.980492,0.998348,0.998348,0,0.977059,0.978276,0.00179131,577,0.521469,0.3,0.3,0.679376,0.681109,214.8,9825.83,4604.72,-2200.72,1578.82,7830.64,4388.03,112.16,33.8723,22.5242,225.27,241.47,654.11,-237.213,181.413,253.15,361.49
hpf_ca1__202415_034_edited.swc,17069,pyramidal,0.999052,14131,1159,1778,0,0,0,0,0,0,0,0,0,0,0.439457,0.276509,0.3,0.3,0.3,0.3,0.3,0.797176,0.797176,0.797176,0.797176,0.797176,0.328963,0.3,0.958248,0.992925,0.998348,0.00776531,0.95653,0.978276,0.0320585,268,0.572147,0.3,0.3,0.600746,0.61194,177.3,9768.95,4954.3,-2126.53,1786.42,5426.91,2132.58,138.34,54.005,35.4474,202.58,251.2,551.76,-245.723,151.05,200.67,347.88
hpf_ca1__202418_001_edited.swc,33930,pyramidal,0.998776,30437,1869,1623,0,0,0,0,0,0,0,0,0,0,0.403626,0.246629,0.3,0.3,0.3,0.3,0.3,0.849926,0.849926,0.849926,0.849926,0.849926,0.337492,0.3,0.945954,0.987512,0.998348,0.0155163,0.971119,0.978056,0.0104744,634,0.49996,0.3,0.3,0.711356,0.711356,113.7,8305.18,4823.22,-1978.48,1007.77,5218.83,4953.49,326.33,-32.5115,53.5209,141.44,329.04,301.98,-56.1088,59.5491,253.3,488.82
hpf_ca1__202418_011_edited.swc,29403,pyramidal,0.998955,25840,1215,2347,0,0,0,0,0,0,0,0,0,0,0.4448,0.280778,0.3,0.3,0.3,0.3,0.3,0.789885,0.789885,0.789885,0.789885,0.789885,0.374685,0.3,0.892337,0.994899,0.998348,0.00493827,0.931743,0.978276,0.0685982,412,0.626584,0.3,0.3,0.531553,0.533981,183.2,8354.61,3414.63,-1394.75,1020.67,5698.31,5347.69,239.19,-3.47268,47.2854,153.77,395.47,476.6,-96.5593,97.3697,359.91,437.82
hpf_ca1__202418_012_edited.swc,35096,pyramidal,0.998873,31645,1381,2069,0,0,0,0,0,0,0,0,0,0,0.485986,0.3065,0.3,0.3,0.3,0.3,0.3,0.730853,0.730853,0.730853,0.730853,0.730853,0.432138,0.3,0.809512,0.994808,0.998348,0.00506879,0.969721,0.978056,0.0125665,480,0.664903,0.3,0.3,0.479167,0.489583,205,8432.61,3997.96,-526.558,942.26,5508.47,2528.72,203.7,-3.83224,32.9442,163.35,354.68,371.94,-76.3928,63.9009,261.09,505.81
hpf_ca1__202418_015_edited.swc,22865,pyramidal,0.998858,20314,677,1873,0,0,0,0,0,0,0,0,0,0,0.439838,0.27656,0.3,0.3,0.3,0.3,0.3,0.796326,0.796326,0.796326,0.796326,0.796326,0.381903,0.3,0.881067,0.998348,0.998348,0,0.866012,0.3,0.16551,271,0.641564,0.3,0.3,0.501845,0.512915,205,8626.98,3509.23,-699.817,1235,5665.06,3543.08,131.77,14.5135,30.2135,210.08,206.6,334.74,-74.2016,71.1948,224.84,527.77
hpf_ca1__202418_019_edited.swc,78146,pyramidal,0.998879,75932,2213,0,0,0,0,0,0,0,0,0,0,0,0.338801,0.159642,0.3,0.3,0.3,0.3,0.3,0.94422,0.94422,0.94422,0.94422,0.94422,0.323424,0.3,0.966233,0.866126,0.3,0.189336,0,0,0,1295,0.339483,0.3,0.3,0.941313,0.949035,164.6,8673.77,4001.4,575.319,785.901,4428.33,6733.61,417.56,-31.9203,92.9958,415.08,562.43,0,0,0,0,0
hpf_ca1__202422_002_edited.swc,44099,pyramidal,0.998977,40560,1128,2410,0,0,0,0,0,0,0,0,0,0,0.427345,0.267693,0.3,0.3,0.3,0.3,0.3,0.815438,0.815438,0.815438,0.815438,0.815438,0.380708,0.3,0.883654,0.998348,0.998348,0,0.944739,0.978056,0.0493776,596,0.603246,0.3,0.3,0.558725,0.572148,191,8945.61,4280.25,-693.117,1121.82,5470.08,3125.63,222.22,7.85584,42.8381,217.16,204.01,348.34,-105.753,69.8828,291.59,414.66
hpf_ca1__202422_013_edited.swc,41120,pyramidal,0.998717,36050,2234,2835,0,0,0,0,0.00141525,0,0,0,0,0,0.435901,0.274499,0.3,0.3,0.3,0.3,0.3,0.803113,0.803113,0.803113,0.803113,0.803113,0.368215,0.3,0.901664,0.997445,0.998348,0,0.853897,0.3,0.183069,540,0.627763,0.3,0.3,0.524074,0.540741,220.1,9178.25,2297.49,273.401,389.917,2470.89,4995.39,263.81,11.0752,48.7445,229.22,338.3,433.66,-131.287,93.1305,258.87,607.56
hpf_ca1__202423_006_edited.swc,16777,pyramidal,0.979731,13805,1099,1872,0,0,0,0,0,0,0,0,0,0,0.484917,0.305062,0.3,0.3,0.3,0.3,0.3,0.73112,0.73112,0.731656,0.731656,0.731656,0.381003,0.3,0.883231,0.961127,0.998348,0.0573248,0.971388,0.978276,0.0101496,263,0.645415,0.3,0.3,0.498099,0.51711,191.8,9725.99,948.59,-146.853,228.487,1753.77,2160.46,344.99,-18.3547,59.2019,304.76,295.63,490.52,-244.011,114.853,247.84,329.04
hpf_ca1__202423_024_edited.swc,37789,pyramidal,0.976668,33748,1700,2340,0,0,0,0,0,0,0,0,0,0,0.953483,0.161135,0.3,0.3,0.985238,0.993697,0.993697,0.0572918,0.0572918,0.0572918,0.0572918,0.0572918,0.965642,0.993697,0.0403876,0.984381,0.998348,0.02,0.75566,0.3,0.328205,2908,0.984233,0.3,0.993697,0.0137552,0.014099,27,9761.5,517.65,-29.989,74.4997,902.61,1184.99,185.95,58.8766,37.0728,292.8,413.94,448.75,-228.734,97.5908,353.59,290.33
hpf_ca1__202423_027_edited.swc,36730,pyramidal,0.998968,34522,1155,1052,0,0,0,0,0,0,0,0,0,0,0.366264,0.203456,0.3,0.3,0.3,0.3,0.3,0.904084,0.904084,0.904084,0.904084,0.904084,0.327951,0.3,0.959707,0.988069,0.998348,0.0147186,0.940236,0.978276,0.0560837,525,0.489507,0.3,0.3,0.725714,0.731429,192,9765.26,4158.33,-1869.12,1597.94,5959.46,3779.22,239.64,72.4578,53.4667,170.32,183.04,530.38,-272.863,142.231,147.98,211.06
hpf_ca1__202426_053_edited.swc,61653,pyramidal,0.998825,57318,1511,2823,0,0,0,0,0.000138815,0,0,0,0,0,0.363578,0.199713,0.3,0.3,0.3,0.3,0.3,0.907969,0.907969,0.907969,0.907969,0.907969,0.333401,0.3,0.95183,0.997799,0.998348,0,0.636581,0.3,0.503719,877,0.49244,0.3,0.3,0.721779,0.72748,191.8,1663.74,4850.35,2141.71,1497.14,6226.59,4254.38,150.74,-16.2337,28.0841,181.57,308.34,591.72,316.835,194.723,242.7,401.09
hpf_ca1__202426_055_edited.swc,104139,pyramidal,0.997374,98024,2700,3414,0,0,0,0,0,0,0,0,0,0,0.367207,0.204422,0.3,0.3,0.3,0.3,0.3,0.902428,0.902428,0.902428,0.902428,0.902428,0.329892,0.3,0.956909,0.991623,0.998348,0.00962963,0.944594,0.940555,0.0445226,2126,0.455335,0.3,0.3,0.775165,0.777987,135,9687.92,5841.23,-2514.11,1390.56,7121.23,4461.86,243.94,22.5078,43.2346,206.45,352.2,709.33,-348.597,220.398,266.66,704.47
hpf_ca1__202426_098_edited.swc,45169,pyramidal,0.998711,41716,1758,1694,0,0,0,0,0,0,0,0,0,0,0.358847,0.193205,0.3,0.3,0.3,0.3,0.3,0.915097,0.915097,0.915097,0.915097,0.915097,0.32353,0.3,0.96608,0.994375,0.998348,0.00568828,0.568622,0.3,0.603896,773,0.399314,0.3,0.3,0.856404,0.858991,156.6,9630.57,5325.28,-2820.49,1188.27,6816.88,5273.02,208.5,16.4153,39.3229,339.09,334.87,624.53,-281.162,198.153,357.04,871.59
hpf_ca1__202426_108_edited.swc,24856,pyramidal,0.998956,22043,775,2037,0,0,0,0,0,0,0,0,0,0,0.420222,0.260733,0.3,0.3,0.3,0.3,0.3,0.824429,0.824429,0.824429,0.826923,0.826923,0.351957,0.3,0.925101,0.967711,0.998348,0.043871,0.950353,0.977851,0.0324006,324,0.554452,0.3,0.3,0.632716,0.648148,190.5,9416.02,4612.57,-1460.83,1622.02,5838.56,4249.8,162.83,48.641,33.6563,214.97,238.36,458.02,-184.759,116.33,300.37,512.5
hpf_ca1__202426_147_edited.swc,36084,pyramidal,0.998101,32451,1331,2301,0,0,0,0,0.000455061,0,0,0,0,0,0.440242,0.2776,0.3,0.3,0.3,0.3,0.3,0.796641,0.796641,0.796641,0.796641,0.796641,0.380441,0.3,0.884041,0.998348,0.998348,0,0.960536,0.978276,0.0252064,601,0.532959,0.3,0.3,0.665557,0.677205,169,1715.5,1478.8,170.934,350.437,1950.93,3071.86,170.22,-34.4908,37.9737,289.25,235.4,477.44,216.112,124.103,365.07,384.5
hpf_ca1__202426_155_edited.swc,47892,pyramidal,0.998777,43742,1561,2588,0,0,0,0,0,0,0,0,0,0,0.405958,0.248675,0.3,0.3,0.3,0.3,0.3,0.846321,0.846321,0.846321,0.846321,0.846321,0.354142,0.3,0.921951,0.984032,0.998348,0.0204997,0.932844,0.977851,0.0664606,566,0.527063,0.3,0.3,0.674912,0.685512,205,2083.46,4605.41,635.836,1478.29,6463.68,4139.57,247.75,-35.2476,50.6338,272.26,435.33,470.51,141.991,99.5294,386.25,594
hpf_ca1__202427_057_edited.swc,23695,pyramidal,0.997627,20659,917,2118,0,0,0,0,0.00617962,0,0,0,0,0,0.414721,0.252669,0.3,0.3,0.3,0.3,0.3,0.828065,0.828065,0.828065,0.828065,0.849757,0.341537,0.3,0.940123,0.976263,0.998348,0.0316249,0.885159,0.806156,0.0802644,298,0.649993,0.3,0.3,0.483221,0.486577,242.3,9224.36,3703.56,-2520.58,1293.16,6716.67,3747.53,151.85,33.6681,28.1471,177.58,307.07,360.83,-113.926,69.8706,263.29,547.1
hpf_ca1__202427_079_edited.swc,37481,pyramidal,0.998685,34767,1176,1537,0,0,0,0,0.00104183,0,0,0,0,0,0.384418,0.225885,0.3,0.3,0.3,0.3,0.3,0.877405,0.877405,0.877405,0.877405,0.877405,0.33795,0.3,0.945293,0.998348,0.998348,0,0.965397,0.978276,0.013663,429,0.544724,0.3,0.3,0.65035,0.652681,231.2,1673.13,5425.46,2781.98,1453.62,6840.41,4414.45,185.56,-34.7524,35.2607,182.92,271.11,556.79,325.838,142.666,256.26,297.36
hpf_ca1__202427_123_edited.swc,60413,pyramidal,0.998678,56927,1140,2345,0,0,0,0,0,0,0,0,0,0,0.354018,0.184976,0.3,0.3,0.3,0.3,0.3,0.921408,0.921408,0.921408,0.921408,0.921408,0.315939,0.3,0.977023,0.998348,0.998348,0,0.964917,0.977851,0.0196162,652,0.493111,0.3,0.3,0.720859,0.723926,252.9,9840.21,4397.8,-2316.29,1464.73,7216.79,4258.83,157.36,36.1242,28.9032,171.1,288.34,738.9,-329.901,257.26,199.57,393.11
hpf_ca1__202461_007_edited.swc,120271,pyramidal,0.998826,115777,2273,2220,0,0,0,0,0,0,0,0,0,0,0.336648,0.154964,0.3,0.3,0.3,0.3,0.3,0.947028,0.947028,0.947028,0.947028,0.947028,0.315938,0.3,0.977025,0.993432,0.998348,0.00703916,0.743932,0.3,0.345495,935,0.412204,0.3,0.3,0.838503,0.845989,301.2,8861.11,4899.07,-358.59,1398.68,5423.21,3204.54,266.98,30.8086,46.0758,284.55,247.35,442.4,-186.571,93.5722,380.15,251.54
hpf_ca1__202461_011_edited.swc,47046,pyramidal,0.996535,44845,2200,0,0,0,0,0,0,0,0,0,0,0,0.355527,0.188595,0.3,0.3,0.3,0.3,0.3,0.920227,0.920227,0.920227,0.920227,0.920227,0.328463,0.3,0.95897,0.906928,0.3,0.130909,0,0,0,2027,0.339972,0.3,0.3,0.942279,0.944253,55.4,9073.94,5834,-1884.56,1429.01,6296.14,5258.76,584.72,7.98962,129.56,447.27,660.58,0,0,0,0,0
hpf_ca1__202461_015_edited.swc,66628,pyramidal,0.998521,63528,3099,0,0,0,0,0,0,0,0,0,0,0,0.379241,0.220985,0.3,0.3,0.3,0.3,0.3,0.886069,0.886069,0.886069,0.886069,0.886069,0.350503,0.3,0.927197,0.968152,0.998348,0.0432398,0,0,0,2154,0.38915,0.3,0.3,0.870938,0.873723,75,8047.14,4588.97,-230.689,1069.06,5842.47,5115.66,501.64,-13.7335,110.16,781.16,303.81,0,0,0,0,0
hpf_ca1__202461_030_edited.swc,7780,pyramidal,0.998623,6434,1345,0,0,0,0,0,0,0,0,0,0,0,0.508201,0.318815,0.3,0.3,0.3,0.3,0.3,0.701028,0.701028,0.701028,0.701028,0.701028,0.405661,0.3,0.847684,0.998348,0.998348,0,0,0,0,164,0.725163,0.3,0.3,0.390244,0.396341,85.7,7914.93,2638.65,-929.415,916.913,4520.46,2842.46,234.63,-19.8675,42.1535,194.67,134.35,0,0,0,0,0
hpf_ca1__202462_001_edited.swc,63583,pyramidal,0.998828,61410,2172,0,0,0,0,0,0,0,0,0,0,0,0.60301,0.344226,0.3,0.3,0.3,0.3,0.3,0.563421,0.563421,0.563421,0.563421,0.563421,0.589351,0.3,0.582886,0.989024,0.998348,0.0133517,0,0,0,1785,0.627476,0.3,0.3,0.52605,0.538375,85,8025.53,4924.76,-242.474,932.771,5971.98,5367.84,378.88,20.9886,68.1219,432.9,186.17,0,0,0,0,0
hpf_ca1__202462_004_edited.swc,34161,pyramidal,0.996933,31831,2329,0,0,0,0,0,0,0,0,0,0,0,0.348989,0.178334,0.3,0.3,0.3,0.3,0.3,0.929832,0.929832,0.929832,0.929832,0.929832,0.301961,0.3,0.997173,0.991451,0.998348,0.00987548,0,0,0,1539,0.341972,0.3,0.3,0.939571,0.940221,48,7976.83,1151.02,127.099,195.621,977.12,1226.71,306.54,21.8723,64.9415,408.31,225.32,0,0,0,0,0
hpf_ca1__202464_021_edited.swc,40076,pyramidal,0.998657,37574,2501,0,0,0,0,0,0,0,0,0,0,0,0.451291,0.286765,0.3,0.3,0.3,0.3,0.3,0.782264,0.782264,0.782264,0.782264,0.782264,0.421721,0.3,0.824533,0.895313,0.3,0.147541,0,0,0,1289,0.433298,0.3,0.3,0.806827,0.810706,75,8495.42,3452.5,-923.895,1026.38,5640.4,5246.08,617.66,21.8105,136.948,347.57,494.31,0,0,0,0,0
hpf_ca1__202497_006_edited.swc,34802,pyramidal,0.998995,32531,957,1313,0,0,0,0,0,0,0,0,0,0,0.371514,0.210294,0.3,0.3,0.3,0.3,0.3,0.896328,0.896328,0.896328,0.896328,0.896328,0.330941,0.3,0.955396,0.998348,0.998348,0,0.919383,0.978276,0.0868241,498,0.479887,0.3,0.3,0.738956,0.746988,168.9,9716.95,4481.84,-1749.09,1724.01,6843.08,3648.17,148.61,41.7671,28.6897,160.59,221.37,485.71,-254.655,135.255,194.5,252.23
hpf_ca1__202497_007_edited.swc,46199,pyramidal,0.998916,43177,654,2367,0,0,0,0,0,0,0,0,0,0,0.371449,0.209726,0.3,0.3,0.3,0.3,0.3,0.895993,0.895993,0.895993,0.895993,0.895993,0.329787,0.3,0.95706,0.998348,0.998348,0,0.95793,0.978276,0.0299958,420,0.570174,0.3,0.3,0.607143,0.616667,288.2,9726.13,4173.65,-1795.69,1659.58,7116.36,4781.52,236.42,-12.8033,44.4763,131.28,187.17,462.98,-240.561,108.115,327.84,317.49
hpf_ca1__202498_006_edited.swc,37298,pyramidal,0.99211,33789,1095,2413,0,0,0,0,0,0,0,0,0,0,0.386652,0.215483,0.3,0.3,0.3,0.3,0.3,0.857204,0.857204,0.857204,0.921658,0.921765,0.337406,0.3,0.946077,0.998348,0.998348,0,0.798394,0.799421,0.00207211,587,0.475304,0.3,0.3,0.708688,0.856899,157.4,9655.69,4278.02,-1039.36,1432.16,6008.85,2863.65,149.75,4.30228,29.7256,164.48,291.44,474.6,-246.458,130.075,321.83,319.41
hpf_ca1__202498_011_edited.swc,25392,pyramidal,0.998917,23303,828,1260,0,0,0,0,0,0,0,0,0,0,0.414659,0.256842,0.3,0.3,0.3,0.3,0.3,0.833806,0.833806,0.833806,0.833806,0.833806,0.363419,0.3,0.908553,0.998348,0.998348,0,0.978271,0.978276,0,598,0.496007,0.3,0.3,0.715719,0.720736,98.6,9796.04,4180.14,-1405.22,1705.96,5923.38,2672.34,124.25,47.3626,29.3323,120.66,185.72,534.04,-309.127,168.092,272.18,301.38
hpf_ca1__202499_001_edited.swc,21760,pyramidal,0.999043,19406,898,1455,0,0,0,0,0,0,0,0,0,0,0.432656,0.272031,0.3,0.3,0.3,0.3,0.3,0.807858,0.807858,0.807858,0.807858,0.807858,0.375747,0.3,0.890807,0.998348,0.998348,0,0.842155,0.3,0.200687,427,0.614366,0.3,0.3,0.545667,0.552693,143.4,9587.83,4010.47,-1477.44,1604.48,6236.52,3096.48,130.02,33.7521,29.5504,132.79,258.45,465.6,-228.021,136.851,207.74,311.93
hpf_ca1__202499_004_edited.swc,51679,pyramidal,0.999027,48217,1626,1835,0,0,0,0,0,0,0,0,0,0,0.366647,0.20379,0.3,0.3,0.3,0.3,0.3,0.903365,0.903365,0.903365,0.903365,0.903365,0.322674,0.3,0.967314,0.998348,0.998348,0,0.961995,0.978226,0.0239782,603,0.490756,0.3,0.3,0.72471,0.729685,212.8,9576.01,4658.38,-1446.06,1697.55,7829.98,4546.75,144.71,27.2794,27.8373,234.64,263.77,531.32,-207.767,130.38,217.08,443.28
hpf_ca1__202501_023_edited.swc,31532,pyramidal,0.99426,29564,1967,0,0,0,0,0,0,0,0,0,0,0,0.743665,0.333243,0.3,0.3,0.3,0.3,0.993697,0.360681,0.360681,0.360681,0.360681,0.360681,0.743016,0.3,0.361352,0.75328,0.3,0.350788,0,0,0,979,0.796735,0.3,0.3,0.28192,0.295199,74,9818.47,567.62,-126.894,111.187,1286.96,1664.19,506.33,-105.482,156.977,282.22,690.93,0,0,0,0,0
hpf_ca1__202501_028_edited.swc,25508,pyramidal,0.993633,22155,3352,0,0,0,0,0,0,0,0,0,0,0,0.910923,0.225605,0.3,0.3,0.3,0.993697,0.993697,0.120002,0.120002,0.120002,0.120002,0.120002,0.921017,0.3,0.104762,0.844178,0.3,0.220764,0,0,0,1553,0.960199,0.3,0.993697,0.0470058,0.0482936,36,9893.08,653.39,-73.7073,90.2146,1322.58,1856.48,264.98,-8.43447,46.8163,661.47,774.77,0,0,0,0,0
hpf_ca1__202503_025_edited.swc,44286,pyramidal,0.997887,41545,1036,1704,0,0,0,0,0,0,0,0,0,0,0.424528,0.265752,0.3,0.3,0.3,0.3,0.3,0.819943,0.819943,0.819943,0.819943,0.819943,0.393582,0.3,0.865062,0.998348,0.998348,0,0.829804,0.3,0.218897,996,0.522891,0.3,0.3,0.678715,0.685743,122.5,8744.35,5080.14,-1081.69,1319.15,6943.2,4085.35,168.47,20.7127,30.3671,145.96,211.76,247.7,-111.407,60.3187,271.67,533.84
hpf_ca1__202503_037_edited.swc,79979,pyramidal,0.998688,76286,1469,2223,0,0,0,0,0,0,0,0,0,0,0.360099,0.194613,0.3,0.3,0.3,0.3,0.3,0.912927,0.912927,0.912927,0.912927,0.912927,0.33169,0.3,0.954317,0.998348,0.998348,0,0.912917,0.977851,0.0962663,963,0.457585,0.3,0.3,0.774663,0.779855,217,8663.92,5037.4,-1600.6,1275.86,7283.22,4457.3,235.57,11.0353,40.2303,264.97,212.73,341.88,-115.846,70.2615,518.89,872.53
hpf_ca1__202508_003_edited.swc,46711,pyramidal,0.998762,44084,1100,1526,0,0,0,0,0,0,0,0,0,0,0.349052,0.173009,0.3,0.3,0.3,0.3,0.3,0.924408,0.924408,0.924408,0.931515,0.94087,0.315853,0.3,0.977112,0.978667,0.998348,0.0281818,0.853844,0.760524,0.0484928,637,0.425366,0.3,0.3,0.811617,0.832025,194.4,8769.34,4681.28,-1613.14,1355.93,6400.02,4247.87,205.18,27.6886,37.8465,246.53,277.65,340.25,-67.8366,74.3274,314.88,545.06
hpf_ca1__202508_010_edited.swc,53598,pyramidal,0.998963,50868,955,1774,0,0,0,0,3.70674e-05,0,0,0,0,0,0.346912,0.173352,0.3,0.3,0.3,0.3,0.3,0.931751,0.931751,0.931751,0.931751,0.931751,0.312655,0.3,0.981757,0.998348,0.998348,0,0.978136,0.978276,0,584,0.456557,0.3,0.3,0.77226,0.775685,254.4,8656.34,4902.15,-1488.47,1271.15,7029.4,4115.88,161.57,17.1562,30.2926,196.78,92.4,312.93,-101.887,72.2884,258.99,682.81
hpf_ca1__202664_002_edited.swc,20924,pyramidal,0.999053,16435,4488,0,0,0,0,0,0,0,0,0,0,0,0.43047,0.260797,0.3,0.3,0.3,0.3,0.3,0.798557,0.798557,0.798557,0.802332,0.8225,0.314604,0.3,0.978947,0.854643,0.3,0.138146,0,0,0,337,0.619615,0.3,0.3,0.504451,0.52819,162.2,7243.42,3828.81,184.749,920.941,5758.01,2926.15,766.81,52.6897,138.937,913.44,559.46,0,0,0,0,0
hpf_ca1__202664_010_edited.swc,114891,pyramidal,0.998376,110760,2710,1420,0,0,0.0123595,0.0123595,0.000997941,0,-0.0123595,0.0123595,0.0123595,0,0.574218,0.337807,0.3,0.3,0.3,0.3,0.3,0.601692,0.601692,0.601692,0.609856,0.610553,0.565379,0.3,0.617443,0.886509,0.3,0.160148,0.667372,0.3,0.216197,3606,0.60304,0.3,0.3,0.557682,0.574875,73,3345.01,3563.96,328.938,768.169,5626.78,5429.5,594.02,63.8723,111.705,601.51,348.13,447.85,-41.8361,109.475,438.12,244.14
hpf_ca1__202666_028_edited.swc,23324,pyramidal,0.999006,19605,1548,2170,0,0,0,0,0,0,0,0,0,0,0.482819,0.30446,0.3,0.3,0.3,0.3,0.3,0.734951,0.734951,0.734951,0.734951,0.734951,0.393448,0.3,0.865289,0.985716,0.998348,0.0180879,0.931254,0.978276,0.0691244,377,0.65029,0.3,0.3,0.496021,0.514589,149.6,7439.05,3626.76,229.764,681.579,3264.14,1517.23,255.23,-14.6878,49.1031,254.97,337.86,296.56,17.7487,48.6846,422.91,523.31
hpf_ca1__202668_004_edited.swc,33033,pyramidal,0.998915,31540,1492,0,0,0,0,0,0,0,0,0,0,0,0.358468,0.19299,0.3,0.3,0.3,0.3,0.3,0.915933,0.915933,0.915933,0.915933,0.915933,0.33761,0.3,0.945783,0.798954,0.3,0.285523,0,0,0,803,0.352123,0.3,0.3,0.927771,0.930262,105,3601.86,4295.78,1373.15,1178.64,4976.7,5749.71,495.94,-7.39162,101.652,628.77,367.84,0,0,0,0,0
hpf_ca1__202668_014_edited.swc,16138,pyramidal,0.998314,14204,1025,908,0,0,0,0,0.000646202,0,0,0,0,0,0.425406,0.265852,0.3,0.3,0.3,0.3,0.3,0.817883,0.817883,0.817883,0.817883,0.821229,0.35507,0.3,0.920586,0.921359,0.3,0.110244,0.965191,0.977851,0.0110132,845,0.392294,0.3,0.3,0.867456,0.869822,47,4143.62,3151.16,406.247,1034.04,4725.29,3265.91,375.19,37.3425,76.1279,231.78,260.35,249.2,-104.512,51.9161,208.82,531.85
hpf_ca1__202669_006_edited.swc,27976,pyramidal,0.999084,24842,1010,2123,0,0,0,0,0.000992148,0,0,0,0,0,0.477167,0.301344,0.3,0.3,0.3,0.3,0.3,0.743101,0.743101,0.743101,0.743101,0.743101,0.413652,0.3,0.836165,0.996965,0.998348,0,0.972843,0.978276,0.00800754,462,0.641553,0.3,0.3,0.515152,0.525974,158,7183.33,3253.78,-390.683,732.829,4205.2,2834.19,196.78,-16.2636,37.2905,190.08,176.92,393.78,85.8305,68.5423,296.63,495.41
hpf_ca1__202669_007_edited.swc,36337,pyramidal,0.99871,33909,2427,0,0,0,0,0,0,0,0,0,0,0,0.352359,0.183055,0.3,0.3,0.3,0.3,0.3,0.923604,0.925255,0.925255,0.925255,0.925255,0.332323,0.3,0.953405,0.63202,0.3,0.532344,0,0,0,1239,0.343789,0.3,0.3,0.935432,0.937046,84,7180.71,3931.36,-26.128,987.354,5958.41,3964.99,411.65,80.9479,82.5931,401.47,694.78,0,0,0,0,0
hpf_ca1__202669_008_edited.swc,14322,pyramidal,0.99708,11248,998,2075,0,0,0,0,0,0,0,0,0,0,0.535265,0.326526,0.3,0.3,0.3,0.3,0.3,0.658218,0.658218,0.658218,0.658218,0.658218,0.41724,0.3,0.830992,0.998348,0.998348,0,0.952093,0.978056,0.0385542,305,0.707648,0.3,0.3,0.413115,0.422951,106,7022.97,3669.04,4.04765,684.88,4623.15,2182.65,190.2,-45.6587,43.7522,168.08,180.71,407.27,102.567,87.1682,381.73,474.26
hpf_ca1__202669_011_edited.swc,47086,pyramidal,0.998841,44312,2773,0,0,0,0,0,0,0,0,0,0,0,0.39645,0.240389,0.3,0.3,0.3,0.3,0.3,0.861339,0.861339,0.861339,0.861339,0.861339,0.359921,0.3,0.913613,0.979964,0.998348,0.0263253,0,0,0,1833,0.393025,0.3,0.3,0.866339,0.867976,56.8,7545.83,3928.34,-248.779,1047.3,5770.57,5548.82,545.9,23.4568,104.379,727.44,429.21,0,0,0,0,0
hpf_ca1__202669_013_edited.swc,20572,pyramidal,0.999068,17488,941,2142,0,0,0,0,0,0,0,0,0,0,0.5512,0.331979,0.3,0.3,0.3,0.3,0.3,0.635864,0.635864,0.635864,0.635864,0.635864,0.474813,0.3,0.747999,0.998196,0.998348,0,0.978276,0.978276,0,376,0.741223,0.3,0.3,0.367021,0.390957,138,4266.1,2665,255.275,660.324,4277.22,3045.59,223.59,27.8222,41.2163,173.18,305.05,356.95,-38.1959,65.0638,306.02,524.88
hpf_ca1__202671_003_edited.swc,21907,pyramidal,0.996506,20630,1276,0,0,0,0,0,0,0,0,0,0,0,0.700255,0.342973,0.3,0.3,0.3,0.3,0.993697,0.423381,0.423381,0.423381,0.423381,0.423381,0.682548,0.3,0.448522,0.986307,0.998348,0.0172414,0,0,0,655,0.813863,0.3,0.3,0.259542,0.268702,76.6,4256.88,1634.9,-185.544,238.055,2054.59,951.69,208.11,-27.1946,43.9492,461.53,295.25,0,0,0,0,0
hpf_ca1__202671_012_edited.swc,15254,pyramidal,0.997549,13740,1513,0,0,0,0,0,0,0,0,0,0,0,0.608665,0.345172,0.3,0.3,0.3,0.3,0.3,0.555658,0.555658,0.555658,0.555658,0.555658,0.571673,0.3,0.60837,0.944345,0.998348,0.0773298,0,0,0,565,0.635037,0.3,0.3,0.516814,0.529204,63,5053.25,1697.28,-487.807,352.813,987.78,517.19,538.83,-69.9513,118.532,454.99,288.13,0,0,0,0,0
hpf_ca1__202674_006_edited.swc,38871,pyramidal,0.998459,36648,748,1474,0,0,0,0,0.00148008,0,0,0,0,0,0.383623,0.224016,0.3,0.3,0.3,0.3,0.3,0.876926,0.876926,0.876926,0.883075,0.883075,0.356748,0.3,0.918195,0.998348,0.998348,0,0.739454,0.3,0.296472,427,0.486451,0.3,0.3,0.735363,0.749415,233.4,3748.58,5851.07,779.612,1132.99,6332.4,5336.1,202.1,-19.7062,41.9746,176,197.95,526.01,48.2253,108.942,407.92,480.94
hpf_ca1__202674_036_edited.swc,18473,pyramidal,0.998408,14707,1318,2447,0,0,0,0,0,0,0,0,0,0,0.467947,0.295202,0.3,0.3,0.3,0.3,0.3,0.755427,0.755427,0.755427,0.755427,0.755427,0.343819,0.3,0.936833,0.948012,0.998348,0.0720789,0.955196,0.977851,0.0335104,341,0.609131,0.3,0.3,0.548387,0.554252,137,3628.86,2732.12,-265.434,447.983,3998.18,1517.5,200.79,-16.5474,36.4847,305.61,190.21,362.83,51.6872,61.6847,382.18,358.8
hpf_ca1__202674_038_edited.swc,17212,pyramidal,0.998569,13340,1194,2677,0,0,0,0,0.0105461,0,0,0,0,0,0.521781,0.316103,0.3,0.3,0.3,0.3,0.3,0.66808,0.66808,0.66808,0.66808,0.713979,0.396826,0.3,0.86042,0.998348,0.998348,0,0.931714,0.831963,0.0078446,361,0.659044,0.3,0.3,0.462604,0.465374,99,3826.46,2740.32,216.828,741.265,2748.42,1330.05,155.39,-7.69996,33.5256,166.37,154.5,383.55,43.4694,64.0431,305.78,518.49
hpf_ca1__202679_004_edited.swc,46331,pyramidal,0.998446,44586,1744,0,0,0,0,0,0,0,0,0,0,0,0.353787,0.185815,0.3,0.3,0.3,0.3,0.3,0.922687,0.922687,0.922687,0.922687,0.922687,0.330988,0.3,0.955322,0.936281,0.998348,0.0888761,0,0,0,1511,0.354096,0.3,0.3,0.920582,0.923891,84,3563.03,4509.03,-711.767,1375.77,3379.46,3396.9,498.39,71.9835,113.866,390.22,621.34,0,0,0,0,0
hpf_ca1__202679_006_edited.swc,19456,pyramidal,0.999142,16093,1129,2233,0,0,0,0,0,0,0,0,0,0,0.470467,0.296958,0.3,0.3,0.3,0.3,0.3,0.752107,0.752107,0.752107,0.752107,0.752107,0.36315,0.3,0.908967,0.998348,0.998348,0,0.976757,0.978276,0.00223914,354,0.658601,0.3,0.3,0.477401,0.483051,138.9,8436.19,3283.31,23.389,574.648,4418.6,2046.67,206.26,49.3054,44.8961,164.15,175.22,441.25,-80.2986,79.6573,290.46,550.34
hpf_ca1__202679_018_edited.swc,10826,pyramidal,0.997317,8743,932,1150,0,0,0,0,0,0,0,0,0,0,0.471754,0.298001,0.3,0.3,0.3,0.3,0.3,0.7506,0.7506,0.7506,0.7506,0.7506,0.349167,0.3,0.929086,0.998348,0.998348,0,0.976506,0.978276,0.0026087,247,0.589846,0.3,0.3,0.574899,0.587045,102.4,7923.49,936.74,-99.7674,173.482,935.95,764.07,129.39,-6.38667,26.0198,186.55,140.75,290.62,-49.9038,65.708,203.84,467.25
hpf_ca1__202679_020_edited.swc,30391,pyramidal,0.999002,26550,1394,2446,0,0,0,0,0,0,0,0,0,0,0.452179,0.285886,0.3,0.3,0.3,0.3,0.3,0.779178,0.779178,0.779178,0.779178,0.779178,0.377104,0.3,0.888851,0.984822,0.998348,0.0193687,0.963302,0.978276,0.0220769,513,0.581325,0.3,0.3,0.592593,0.60039,154,8396.36,1779.8,196.196,333.043,3062.45,2667.26,265.41,56.5165,50.1736,229.18,282.56,321.42,-65.4639,55.78,349.3,460.73
hpf_ca1__202679_021_edited.swc,20860,pyramidal,0.989908,18022,494,2343,0,0,0,0,0,0,0,0,0,0,0.479761,0.302071,0.3,0.3,0.3,0.3,0.3,0.738399,0.738399,0.738399,0.738399,0.738974,0.403007,0.3,0.851459,0.998348,0.998348,0,0.96058,0.978276,0.0247546,430,0.595955,0.3,0.3,0.567442,0.57907,111,8386.78,3161.03,117.201,472.197,3732.75,2123.56,182.66,57.8816,45.1194,140.8,144.61,354.25,18.1228,61.4227,387.75,628.45
hpf_ca1__202679_025_edited.swc,12339,pyramidal,0.99438,10891,1447,0,0,0,0,0,0,0,0,0,0,0,0.640323,0.347214,0.3,0.3,0.3,0.3,0.3,0.510009,0.510009,0.510009,0.510009,0.510009,0.598045,0.3,0.570196,0.958291,0.998348,0.0573601,0,0,0,612,0.60918,0.3,0.3,0.553922,0.558824,48,3201.85,862.93,21.0207,125.812,994.53,733.3,302.76,-50.7876,68.2819,355.46,253.69,0,0,0,0,0
hpf_ca1__202679_028_edited.swc,34748,pyramidal,0.996873,33217,1530,0,0,0,0,0,0,0,0,0,0,0,0.768969,0.324835,0.3,0.3,0.3,0.3,0.993697,0.32422,0.32422,0.32422,0.32422,0.32422,0.761991,0.3,0.334016,0.920297,0.3,0.111765,0,0,0,850,0.853997,0.3,0.3,0.2,0.222353,90.1,7879.22,1680.11,-11.374,223.041,1888.57,933.59,383.93,-42.4054,70.6452,307.58,447.98,0,0,0,0,0
hpf_ca1__202680_007_edited.swc,25963,pyramidal,0.998786,21704,1181,3077,0,0,0,0,0,0,0,0,0,0,0.446806,0.263612,0.3,0.3,0.3,0.3,0.3,0.757386,0.757386,0.757386,0.757386,0.871856,0.369165,0.3,0.900295,0.987113,0.998348,0.0160881,0.786894,0.804092,0.0341241,548,0.525159,0.3,0.3,0.622263,0.629562,122.9,3065.16,1742.94,7.35889,246.933,2809.99,1592.39,193.74,-46.0193,41.8201,160.6,162.94,359.24,45.7237,52.5732,340.26,571.86
hpf_ca1__202680_015_edited.swc,16893,pyramidal,0.998737,14428,783,1681,0,0,0,0,0.000534018,0,0,0,0,0,0.471377,0.297674,0.3,0.3,0.3,0.3,0.3,0.751021,0.751021,0.751021,0.751021,0.751021,0.383707,0.3,0.879332,0.997913,0.998348,0,0.978274,0.978276,0,336,0.6169,0.3,0.3,0.544643,0.550595,111.5,8167.73,3757.07,-263.36,699.165,4375.5,1763.84,143.81,17.4913,28.6865,140.73,246.29,308.96,-64.4156,61.3557,254.96,381.35
hpf_ca1__202680_029_edited.swc,59133,pyramidal,0.998924,55291,1294,2547,0,0,0,0,0,0,0,0,0,0,0.364012,0.199718,0.3,0.3,0.3,0.3,0.3,0.90682,0.90682,0.90682,0.90682,0.90682,0.321291,0.3,0.969308,0.998348,0.998348,0,0.968901,0.967766,0.0113859,605,0.516289,0.3,0.3,0.682645,0.689256,260.2,8295.85,5364.46,-1309.77,1340.49,7560,5531.15,231.86,10.82,37.6411,206.56,235.1,337.46,-39.2864,55.7789,357.76,730.19
hpf_ca1__202682_003_edited.swc,20943,pyramidal,0.996541,18012,1182,1748,0,0,0,0,0.00246558,0,0,0,0,0,0.456641,0.288508,0.3,0.3,0.3,0.3,0.3,0.771714,0.773051,0.773051,0.773051,0.773051,0.375254,0.3,0.891517,0.984649,0.970369,0.0236887,0.937921,0.978276,0.0594966,363,0.625524,0.3,0.3,0.528926,0.5427,166.4,7956.69,3801.41,147.69,850.089,2713.42,2369.61,122.08,-6.57332,22.2093,99.09,313.17,384.35,-96.2138,81.6706,306.76,359.62
hpf_ca1__202682_006_edited.swc,28205,pyramidal,0.998503,26650,1554,0,0,0,0,0,0,0,0,0,0,0,0.369307,0.208393,0.3,0.3,0.3,0.3,0.3,0.900408,0.900408,0.900408,0.900408,0.900408,0.338446,0.3,0.944578,0.898135,0.3,0.143501,0,0,0,722,0.358812,0.3,0.3,0.912742,0.916898,90,7756.19,2358.28,-1772.21,590.03,2748.36,1827.32,472.32,-16.9671,93.6628,396.32,298.73,0,0,0,0,0
hpf_ca1__202682_015_edited.swc,38863,pyramidal,0.998087,34976,0,3886,0,0,0,0,2.76068e-11,0,0,0,0,0,0.404989,0.236458,0.3,0.3,0.3,0.3,0.3,0.836271,0.853511,0.855647,0.864756,0.866171,0.367632,0.3,0.902505,0,0,0,0.741062,0.446295,0.434122,480,0.522348,0.3,0.3,0.714583,0.758333,210.3,3379.36,4485.42,539.249,1206.97,7078.17,4124.05,0,0,0,0,0,313.08,9.78598,36.3408,329.89,628.82
hpf_ca1__202682_019_edited.swc,13959,pyramidal,0.998932,11626,1086,1246,0,0,0,0,0,0,0,0,0,0,0.44991,0.284321,0.3,0.3,0.3,0.3,0.3,0.782434,0.782434,0.782434,0.782434,0.782434,0.342006,0.3,0.939446,0.998348,0.998348,0,0.978274,0.978276,0,244,0.651662,0.3,0.3,0.487705,0.491803,122,3140.91,3383.57,361.918,962.261,5297.92,2779.25,167.85,-16.0293,29.3955,181.25,124.16,243.58,-16.4916,51.7634,210.3,597.37
hpf_ca1__202803_016_edited.swc,7705,pyramidal,0.993349,4967,1128,1609,0,0,0,0,0,0,0,0,0,0,0.530132,0.32154,0.3,0.3,0.3,0.3,0.3,0.668787,0.668787,0.668787,0.668787,0.668787,0.390919,0.3,0.868935,0.631584,0.3,0.553191,0.888469,0.3,0.13238,139,0.729092,0.3,0.3,0.388489,0.388489,177.6,8997.19,937.72,-149.149,181.718,1298.89,1085.22,590.07,-41.4106,137.232,263.95,397.37,293.65,-62.3728,70.1895,338.19,544.44
hpf_ca1__202807_022_edited.swc,75846,pyramidal,0.998589,72358,1240,2247,0,0,0,0,0,0,0,0,0,0,0.343333,0.161205,0.3,0.3,0.3,0.3,0.3,0.931229,0.931229,0.931229,0.931229,0.95483,0.320919,0.3,0.969844,0.998348,0.998348,0,0.70334,0.3,0.202047,903,0.430764,0.3,0.3,0.791805,0.795127,220.6,9064.97,4707.01,-1963.9,1277.25,6039.84,4228.13,236.86,8.4471,39.9773,107.53,264.16,563.42,-258.631,160.439,190.62,639.9
hpf_ca1__202809_005_edited.swc,42184,pyramidal,0.998019,38018,1323,2842,0,0,0,0,0,0,0,0,0,0,0.408616,0.250965,0.3,0.3,0.3,0.3,0.3,0.842215,0.842215,0.842215,0.842215,0.842215,0.34839,0.3,0.930244,0.996764,0.998348,0.00226757,0.940277,0.977851,0.0559465,475,0.604626,0.3,0.3,0.557895,0.572632,230.6,7896.48,5090.45,-261.319,1432.94,6199.69,3543.27,137.09,17.0154,27.5678,135.82,322.62,432.03,-5.74382,69.6097,253.36,513.12
hpf_ca1__202829_047_edited.swc,16225,pyramidal,0.995974,12798,1429,1997,0,0,0,0,0,0,0,0,0,0,0.511319,0.31772,0.3,0.3,0.3,0.3,0.3,0.693251,0.693251,0.693251,0.693251,0.693251,0.3851,0.3,0.877325,0.997371,0.998348,0.00139958,0.972162,0.978276,0.00901352,274,0.739383,0.3,0.3,0.361314,0.372263,108,6746.04,3843.01,21.9725,791.7,5511.82,2354.44,256.59,-35.5724,49.3342,285.05,241.49,461.26,159.288,113.579,219.72,407.81
hpf_ca1__202829_069_edited.swc,107161,pyramidal,0.99877,102288,3449,1423,0,0,0,0,0,0,0,0,0,0,0.34468,0.166243,0.3,0.3,0.3,0.3,0.3,0.928892,0.933754,0.941266,0.941266,0.941266,0.319287,0.3,0.972196,0.998348,0.998348,0,0.585177,0.592733,1,949,0.449256,0.3,0.3,0.806112,0.813488,278.2,3340.41,7892.15,2472.66,2782.99,5336.41,3279.94,436.83,-16.6253,98.0327,441.17,377.73,282.01,64.069,57.6826,314.97,307.02
hpf_ca1__202829_091_edited.swc,20396,pyramidal,0.998971,16792,1648,1955,0,0,0,0,0.000723674,0,0,0,0,0,0.447759,0.282749,0.3,0.3,0.3,0.3,0.3,0.785448,0.785448,0.785448,0.785448,0.785448,0.339741,0.3,0.942711,0.981675,0.998348,0.0224515,0.925193,0.978276,0.0782609,336,0.627966,0.3,0.3,0.52381,0.529762,161,3853.32,4426.71,343.89,967.558,3232.05,1322.04,252.61,37.5605,46.5119,232.54,292.72,520.9,27.8832,79.6753,311.89,493.78
hpf_ca1__202829_097_edited.swc,30812,pyramidal,0.993993,28732,2079,0,0,0,0,0,0,0,0,0,0,0,0.820121,0.300788,0.3,0.3,0.3,0.3,0.993697,0.250617,0.250617,0.250617,0.250617,0.250617,0.813222,0.3,0.260163,0.915379,0.3,0.118807,0,0,0,869,0.886483,0.3,0.3,0.143843,0.181818,83.2,3174.1,980.46,-22.2214,180.972,1173.43,718.16,393.57,-37.8288,71.9112,461.03,428.22,0,0,0,0,0
hpf_ca1__202829_099_edited.swc,12775,pyramidal,0.998981,10343,932,1499,0,0,0,0,0,0,0,0,0,0,0.455156,0.287307,0.3,0.3,0.3,0.3,0.3,0.774168,0.774168,0.774168,0.774168,0.774168,0.330342,0.3,0.956202,0.998348,0.998348,0,0.978273,0.978276,0,503,0.499684,0.3,0.3,0.709742,0.709742,55,3789.04,2505.45,98.1054,500.104,3194.59,1459.2,158.48,8.12844,30.0335,182.25,112.78,315.74,56.1996,70.2706,245.58,402.86
hpf_ca1__202829_109_edited.swc,24941,pyramidal,0.997742,22853,2087,0,0,0,0,0,0,0,0,0,0,0,0.622371,0.346361,0.3,0.3,0.3,0.3,0.3,0.535825,0.535825,0.535825,0.535825,0.535825,0.590616,0.3,0.581062,0.969905,0.998348,0.0407283,0,0,0,437,0.74936,0.3,0.3,0.361556,0.395881,141.4,3268.46,1327.18,-58.9093,240.13,1391.49,957.66,418.67,-22,80.7542,392.75,421.5,0,0,0,0,0
hpf_ca1__202829_115_edited.swc,12197,pyramidal,0.992497,9728,2468,0,0,0,0,0,0,0,0,0,0,0,0.429768,0.271592,0.3,0.3,0.3,0.3,0.3,0.814135,0.814135,0.814135,0.814135,0.814135,0.305776,0.3,0.991674,0.91827,0.3,0.114668,0,0,0,271,0.459681,0.3,0.3,0.767528,0.774908,114,3707.61,1527.04,117.946,298.446,2031.03,946.41,412.2,-16.8905,75.2628,501.64,467.04,0,0,0,0,0
hpf_ca1__202829_129_edited.swc,11001,pyramidal,0.998905,8506,1039,1455,0,0,0,0,0,0,0,0,0,0,0.465448,0.293815,0.3,0.3,0.3,0.3,0.3,0.759204,0.759204,0.759204,0.759204,0.759204,0.313049,0.3,0.98119,0.998348,0.998348,0,0.975478,0.978276,0.00412371,257,0.617537,0.3,0.3,0.536965,0.540856,98.8,7847.62,1472.43,381.695,296.098,2773.53,1804.37,164.82,8.29208,29.7892,210.86,249.2,283.27,-42.2383,47.8776,471.25,383.8
hpf_ca1__202831_001_edited.swc,15834,pyramidal,0.99838,14472,1361,0,0,0,0,0,0,0,0,0,0,0,0.444421,0.282006,0.3,0.3,0.3,0.3,0.3,0.792219,0.792219,0.792219,0.792219,0.792219,0.39475,0.3,0.863253,0.972179,0.998348,0.0374724,0,0,0,743,0.468575,0.3,0.3,0.757739,0.760431,54,3826.12,3849.39,69.809,782.468,4154.45,1983.25,388,2.57975,94.9511,507.46,358.09,0,0,0,0,0
hpf_ca1__210009_025_edited.swc,31946,pyramidal,0.998265,28783,717,2445,0,0,0,0,0.00892891,0,0,0,0,0,0.444199,0.276162,0.3,0.3,0.3,0.3,0.3,0.784386,0.784386,0.784386,0.786671,0.811432,0.390919,0.3,0.868881,0.998348,0.998348,0,0.908695,0.814654,0.0200409,423,0.582075,0.3,0.3,0.586288,0.598109,197,2256.7,1420.59,86.5713,263.102,3163.64,2915.68,204.15,2.01767,46.2816,212.63,212.94,472.58,108.491,87.4814,284.82,481.59
hpf_ca1__210013_012_edited.swc,53363,pyramidal,0.998313,50723,1119,1520,0,0,0,0,0.00182173,0,0,0,0,0,0.331417,0.141752,0.3,0.3,0.3,0.3,0.3,0.95287,0.95287,0.95287,0.95287,0.959916,0.300985,0.3,0.998581,0.944677,0.998348,0.0768543,0.895046,0.81722,0.0730263,1820,0.337996,0.3,0.3,0.943407,0.943407,77,2808.05,2151.03,138.61,376.526,2561.62,1991.95,229.29,18.1986,55.4314,203.54,640.14,291.92,-29.4416,57.539,422.73,258.93
hpf_ca1__210014_024_edited.swc,56052,pyramidal,0.998926,53904,915,1232,0,0,0,0,0,0,0,0,0,0,0.338089,0.154513,0.3,0.3,0.3,0.3,0.3,0.941608,0.941608,0.941608,0.95233,0.95233,0.322907,0.3,0.966978,0.980031,0.998348,0.0262295,0.525056,0.3,0.512175,571,0.398644,0.3,0.3,0.854641,0.879159,226,2366.01,4656.55,690.023,1339.3,5278.66,3142.33,142.02,-23.5297,27.4063,284.3,326.58,381.82,179.117,85.3436,430.28,221.51
hpf_ca1__210014_033_edited.swc,73147,pyramidal,0.998649,70424,871,1851,0,0,0,0,0,0,0,0,0,0,0.347103,0.173811,0.3,0.3,0.3,0.3,0.3,0.931644,0.931644,0.931644,0.931644,0.932342,0.326675,0.3,0.961547,0.965184,0.998348,0.0413318,0.833144,0.3,0.213398,782,0.435955,0.3,0.3,0.804348,0.814578,248.9,2692.25,5067.51,1470.84,1320.35,7936.32,5489.83,193.59,0.508714,41.6006,189.3,267.21,373.33,52.832,77.6076,397.56,456.05
hpf_ca1__210014_048_edited.swc,40721,pyramidal,0.999012,37314,1425,1981,0,0,0,0,0,0,0,0,0,0,0.381338,0.222293,0.3,0.3,0.3,0.3,0.3,0.881904,0.881904,0.881904,0.881904,0.881904,0.326176,0.3,0.962266,0.998348,0.998348,0,0.976213,0.978276,0.00302877,579,0.546008,0.3,0.3,0.64076,0.644214,162,2127.02,5065.82,1633.05,1632.64,7409.77,4219.2,168.87,-21.8674,35.6183,203.75,193.44,475.51,206.04,136.778,271.23,576.82
hpf_ca1__210014_050_edited.swc,25357,pyramidal,0.998323,22518,977,1861,0,0,0,0,0,0,0,0,0,0,0.412736,0.254689,0.3,0.3,0.3,0.3,0.3,0.83614,0.83614,0.83614,0.83614,0.83614,0.341989,0.3,0.939471,0.990485,0.998348,0.011259,0.96515,0.978276,0.0193444,307,0.593728,0.3,0.3,0.57329,0.57329,204.8,2038.61,4271.82,1118.77,1529.03,6526.52,3690.71,188.15,-51.0774,42.7929,205.16,211.04,401.1,189.327,113.468,380.08,458.37
hpf_ca1__210014_052_edited.swc,32493,pyramidal,0.998784,29962,1146,1384,0,0,0,0,0.000163466,0,0,0,0,0,0.368137,0.205609,0.3,0.3,0.3,0.3,0.3,0.901025,0.901025,0.901025,0.901025,0.901025,0.316184,0.3,0.97667,0.989817,0.998348,0.0122164,0.977633,0.978276,0,400,0.567626,0.3,0.3,0.61,0.61,228,2161.16,5535.52,1878.75,1583.99,6585.57,4462.41,210.42,-32.381,38.2141,252.76,240.3,420.94,228.788,122.065,255.09,343.71
hpf_ca1__210014_071_edited.swc,24561,pyramidal,0.997789,21539,1035,1986,0,0,0,0,0.00404613,0,0,0,0,0,0.37757,0.214199,0.3,0.3,0.3,0.3,0.3,0.883311,0.883311,0.883311,0.883311,0.901307,0.302254,0.3,0.99675,0.977431,0.998348,0.0299517,0.881474,0.82329,0.0981873,349,0.479853,0.3,0.3,0.727794,0.730659,182.4,1860.23,1004.65,81.4185,233.143,1943.01,2221.97,189.98,-57.3422,42.9879,260.88,219.72,530.87,192.917,128.295,274.18,432.76
hpf_ca1__210107_022_edited.swc,41730,pyramidal,0.994826,39300,2429,0,0,0,0,0,0,0,0,0,0,0,0.712848,0.333707,0.3,0.3,0.3,0.3,0.993697,0.383034,0.406949,0.416295,0.419602,0.419602,0.715442,0.3,0.40112,0.670767,0.51217,0.662001,0,0,0,894,0.792957,0.3,0.3,0.310962,0.345638,111.7,7587.47,1541.45,-37.7134,270.331,1473.48,638.22,603.4,-38.9911,142.337,466.92,264,0,0,0,0,0
hpf_ca1__210107_029_edited.swc,12726,pyramidal,0.998857,10765,826,1134,0,0,0,0,0.00218084,0,0,0,0,0,0.452487,0.285893,0.3,0.3,0.3,0.3,0.3,0.778485,0.778485,0.778485,0.778485,0.778485,0.355612,0.3,0.919833,0.996627,0.998348,0,0.975285,0.978276,0.00440917,221,0.673605,0.3,0.3,0.461538,0.466063,139,8058.57,2534.3,-465.995,719.959,4047.16,2524.26,128.21,-0.352906,24.1974,186.48,142.76,252.49,-78.1579,44.0463,342.57,504.17
hpf_ca1__210107_034_edited.swc,23453,pyramidal,0.998179,20268,0,3184,0,0,0,0,0.000493094,0,0,0,0,0,0.442617,0.269472,0.3,0.3,0.3,0.3,0.3,0.778109,0.798363,0.800836,0.806805,0.808425,0.380055,0.3,0.884596,0,0,0,0.840688,0.495951,0.267902,405,0.545128,0.3,0.3,0.661728,0.703704,148.6,3778.04,4862.7,-257.933,1026.29,3236.23,2484.25,0,0,0,0,0,429.75,42.9073,72.5737,470.45,534.37
hpf_ca1__210107_052_edited.swc,22328,pyramidal,0.998976,20047,1029,1251,0,0,0,0,0,0,0,0,0,0,0.417977,0.259788,0.3,0.3,0.3,0.3,0.3,0.829004,0.829004,0.829004,0.829004,0.829004,0.353635,0.3,0.922682,0.996991,0.998348,0.00194363,0.972304,0.978276,0.00879297,480,0.495218,0.3,0.3,0.716667,0.71875,119,3127.89,3323.37,116.197,669.468,4542.35,2402.91,173.47,-38.701,35.3473,192.12,166.37,225.53,81.1232,43.0211,242.71,429.36
hpf_ca1__210109_005_edited.swc,66088,pyramidal,0.998227,61874,4213,0,0,0,0,0,0,0,0,0,0,0,0.373637,0.214133,0.3,0.3,0.3,0.3,0.3,0.894247,0.894247,0.894247,0.894247,0.894247,0.334273,0.3,0.950593,0.951604,0.998348,0.0669357,0,0,0,615,0.499762,0.3,0.3,0.717073,0.723577,273,8276.53,6336.29,-491.651,1228.2,4247.55,2753.31,416.21,-33.4677,75.6401,591.78,398.45,0,0,0,0,0
hpf_ca1__210109_007_edited.swc,30471,pyramidal,0.998713,27692,1218,1560,0,0,0,0,0,0,0,0,0,0,0.358481,0.192538,0.3,0.3,0.3,0.3,0.3,0.915526,0.915526,0.915526,0.915526,0.915526,0.324975,0.3,0.963997,0.89113,0.3,0.15353,0.536962,0.3,0.650641,514,0.383886,0.3,0.3,0.881323,0.88716,154.7,7930.11,3421.84,-674.845,1020.18,5588.04,4126.95,276.15,-17.517,54.0268,318.91,260.47,566.43,-276.679,157.423,394.19,308.87
hpf_ca1__210109_008_edited.swc,36639,pyramidal,0.998036,34142,2496,0,0,0,0,0,0,0,0,0,0,0,0.377551,0.218775,0.3,0.3,0.3,0.3,0.3,0.88837,0.88837,0.88837,0.88837,0.88837,0.36069,0.3,0.912512,0.607939,0.3,0.558494,0,0,0,1885,0.365975,0.3,0.3,0.903979,0.908223,53,7937.08,4311.24,-217.7,1028.7,5546.52,3450.89,453.05,-95.0546,95.5587,423.31,716.45,0,0,0,0,0
hpf_ca1__210109_013_edited.swc,21649,pyramidal,0.998968,19045,1274,1329,0,0,0,0,0,0,0,0,0,0,0.424259,0.265191,0.3,0.3,0.3,0.3,0.3,0.819945,0.819945,0.819945,0.819945,0.819945,0.349136,0.3,0.929168,0.995059,0.998348,0.00470958,0.953182,0.977851,0.0368698,477,0.504636,0.3,0.3,0.704403,0.712788,79.8,3949.5,4345.67,752.436,1082.62,4948.2,5071.43,226.73,32.4684,41.3632,142.11,284.4,309.86,-8.90819,57.6619,318.62,422.71
hpf_ca1__210109_015_edited.swc,23982,pyramidal,0.997502,20626,0,3355,0,0,0,0,0.00072738,0,0,0,0,0,0.434899,0.260835,0.3,0.3,0.3,0.3,0.3,0.795096,0.805271,0.815987,0.826745,0.826954,0.378901,0.3,0.88626,0,0,0,0.779,0.435979,0.384203,566,0.507095,0.3,0.3,0.719081,0.743816,79,4147.34,4312.03,743.898,965.023,5288.55,5368.35,0,0,0,0,0,401.21,-13.7737,66.2031,490.67,567.05
hpf_ca1__210109_023_edited.swc,55865,pyramidal,0.998614,47579,8285,0,0,0,0,0,0,0,0,0,0,0,0.584128,0.341039,0.3,0.3,0.3,0.3,0.3,0.590262,0.590262,0.590262,0.590262,0.590262,0.604661,0.3,0.560815,0.46616,0.3,0.759445,0,0,0,1919,0.673263,0.3,0.3,0.459614,0.470558,75.2,3648.1,3177.98,134.395,516.537,4013.75,1768.85,1195.89,-64.7019,211.716,2459.95,1089.2,0,0,0,0,0
hpf_ca1__210109_046_edited.swc,10967,pyramidal,0.99921,8686,833,1447,0,0,0,0,0.0122337,0,0,0,0,0,0.474581,0.29827,0.3,0.3,0.3,0.3,0.3,0.74478,0.74478,0.74478,0.74478,0.74478,0.344724,0.3,0.935528,0.987365,0.969319,0,0.958525,0.977851,0.0290256,210,0.70995,0.3,0.3,0.4,0.4,142.4,8281.5,2898.73,607.879,812.79,3549.67,2716.12,120.65,10.7168,24.8436,232.74,180.99,235.1,-56.5085,46.2126,371.13,347.07
hpf_ca1__210110_020_edited.swc,16349,pyramidal,0.99844,13890,873,1585,0,0,0,0,0,0,0,0,0,0,0.453834,0.286767,0.3,0.3,0.3,0.3,0.3,0.7765,0.7765,0.7765,0.7765,0.7765,0.361778,0.3,0.910943,0.998348,0.998348,0,0.960297,0.978276,0.0264984,419,0.548651,0.3,0.3,0.637232,0.642005,102.2,3099.22,3118.47,423.924,971.15,5225.14,2739.87,213.73,-33.0446,41.2441,178.58,136.61,299.98,34.0301,46.782,346,589.74
hpf_ca1__210110_043_edited.swc,14595,pyramidal,0.999098,12561,785,1248,0,0,0,0,0,0,0,0,0,0,0.439487,0.276752,0.3,0.3,0.3,0.3,0.3,0.797396,0.797396,0.797396,0.797396,0.797396,0.351526,0.3,0.925722,0.998348,0.998348,0,0.972825,0.978276,0.00801282,276,0.58804,0.3,0.3,0.583333,0.583333,122.5,8153.35,3618.63,41.6123,653.804,4374,1650.7,118.54,19.8143,23.4439,199.36,143.23,269.05,-91.3684,70.0461,398.12,292.77
hpf_ca1__210110_051_edited.swc,26610,pyramidal,0.998688,23613,1496,1500,0,0,0,0,0,0,0,0,0,0,0.43137,0.271034,0.3,0.3,0.3,0.3,0.3,0.809733,0.809733,0.809733,0.809733,0.809733,0.360694,0.3,0.912506,0.998348,0.998348,0,0.978095,0.977851,0,689,0.499077,0.3,0.3,0.712627,0.714078,74.2,7731.4,3136.6,-1269.09,746.092,5139.27,5152.51,188.56,6.07954,39.2287,223.09,223.73,251.34,-14.7105,48.7759,299.34,665.1
hpf_ca1__210110_054_edited.swc,62732,pyramidal,0.998891,57125,2081,3525,0,0,0,0,0.000525774,0,0,0,0,0,0.383601,0.224427,0.3,0.3,0.3,0.3,0.3,0.87767,0.878993,0.878993,0.878993,0.878993,0.327809,0.3,0.959912,0.979571,0.998348,0.0408457,0.935744,0.978276,0.062695,1063,0.462616,0.3,0.3,0.764817,0.768579,153,7937.09,4812.51,-1439.34,1014.45,6052.38,5514.44,316.75,7.62638,53.38,235.18,338.6,661.79,-61.6763,97.4561,336.02,574.61
hpf_ca1__210111_014_edited.swc,17850,pyramidal,0.998961,14358,1179,2312,0,0,0,0,0,0,0,0,0,0,0.475534,0.299703,0.3,0.3,0.3,0.3,0.3,0.744538,0.744538,0.744538,0.744538,0.744538,0.352179,0.3,0.924781,0.998348,0.998348,0,0.974754,0.978276,0.00519031,423,0.620478,0.3,0.3,0.534279,0.536643,104.4,3181.06,2116.9,-279.799,510.269,2747.06,2364.32,197.28,-15.9752,39.5628,156.21,235.86,333.84,74.9673,61.1927,295.9,415.18
hpf_ca1__210111_015_edited.swc,28682,pyramidal,0.998986,25112,1245,2324,0,0,0,0,0,0,0,0,0,0,0.474061,0.299601,0.3,0.3,0.3,0.3,0.3,0.747612,0.747612,0.747612,0.747612,0.747612,0.403394,0.3,0.850948,0.991617,0.998348,0.00963855,0.960169,0.978276,0.0266781,555,0.60493,0.3,0.3,0.56036,0.569369,121,3415.6,4373.97,249.552,984.799,5484.34,2566.9,242.18,18.2133,41.9649,186.9,289.58,490.95,67.3861,83.6029,365.84,449.48
hpf_ca1__210111_053_edited.swc,61512,pyramidal,0.997112,55955,2606,2950,0,0,0,0,0,0,0,0,0,0,0.406464,0.249348,0.3,0.3,0.3,0.3,0.3,0.845786,0.845786,0.845786,0.845786,0.845786,0.350271,0.3,0.927531,0.996204,0.998348,0.00306984,0.951137,0.978226,0.04,1524,0.474663,0.3,0.3,0.746063,0.749344,98.7,8561.02,5266.86,-1284.11,1321.78,6488.77,5664.84,286.01,30.7068,55.0178,272.99,269.62,413.02,-103.958,94.7594,314.73,792.43
hpf_ca1__210111_095_edited.swc,22300,pyramidal,0.998973,19097,1377,1825,0,0,0,0,0,0,0,0,0,0,0.436535,0.274639,0.3,0.3,0.3,0.3,0.3,0.801794,0.801794,0.801794,0.801794,0.801794,0.345007,0.3,0.935121,0.998348,0.998348,0,0.970092,0.978276,0.0120548,348,0.622238,0.3,0.3,0.534483,0.537356,142.6,8509.06,4337.79,-724.199,1431.76,6948.45,3970.54,307.04,14.4598,55.8802,161.3,175.3,404.08,-96.6622,72.1148,185.92,629.37
hpf_ca1__210111_099_edited.swc,25842,pyramidal,0.998306,21664,1315,2862,0,0,0,0,0,0,0,0,0,0,0.487642,0.306593,0.3,0.3,0.3,0.3,0.3,0.727459,0.727459,0.727459,0.727459,0.727459,0.394525,0.3,0.863737,0.998348,0.998348,0,0.957656,0.978276,0.0303983,619,0.54589,0.3,0.3,0.644588,0.65105,106.4,8490.99,3502.05,184.502,590.184,3621.26,3036.93,201.19,20.5793,36.053,232.85,318.63,321.16,-86.0665,65.324,423.92,435.1
hpf_ca1__210111_100_edited.swc,18638,pyramidal,0.998894,15517,1091,2029,0,0,0,0,0,0,0,0,0,0,0.499323,0.312442,0.3,0.3,0.3,0.3,0.3,0.710699,0.710699,0.710699,0.710699,0.710699,0.403762,0.3,0.850422,0.998348,0.998348,0,0.961561,0.978276,0.0246427,478,0.597714,0.3,0.3,0.566946,0.57113,88.6,8606.76,3687.53,104.855,660.613,4467.8,2036.07,178.19,33.7932,40.0984,151.41,174.84,398.7,-107.153,83.4843,316.11,518.55
hpf_ca1__210111_108_edited.swc,18864,pyramidal,0.99899,15487,1525,1851,0,0,0,0,0,0,0,0,0,0,0.483429,0.304809,0.3,0.3,0.3,0.3,0.3,0.734097,0.734097,0.734097,0.734097,0.734097,0.379417,0.3,0.885517,0.998348,0.998348,0,0.929173,0.978276,0.0723933,401,0.609093,0.3,0.3,0.55611,0.561097,118,8166.68,3217,308.001,709.911,4015.78,2273.32,155.44,17.5734,28.7189,205.65,324.54,260.11,-46.5306,46.2665,246.9,514.4
hpf_ca1__210131_005_edited.swc,16445,pyramidal,0.998441,13320,1249,1875,0,0,0,0,0.00757599,0,0,0,0,0,0.548308,0.330858,0.3,0.3,0.3,0.3,0.3,0.639647,0.639647,0.639647,0.639647,0.639647,0.446916,0.3,0.788213,0.994634,0.982237,0,0.971041,0.978276,0.0106667,281,0.735986,0.3,0.3,0.373665,0.3879,133,7142.73,2340.04,-364.343,616.241,3934.17,2821.46,170.95,-12.8609,26.6908,279.7,154.52,268.66,58.0885,51.0212,429.23,482.89
hpf_ca1__210131_008_edited.swc,12630,pyramidal,0.998502,9947,1075,1607,0,0,0,0,0,0,0,0,0,0,0.509037,0.316717,0.3,0.3,0.3,0.3,0.3,0.696516,0.696516,0.696516,0.696516,0.696516,0.384594,0.3,0.878054,0.998348,0.998348,0,0.951685,0.978276,0.0392035,327,0.657295,0.3,0.3,0.480122,0.48318,95.2,4572.64,2819.69,-266.309,547.718,2437.59,1046.96,195.51,17.4231,38.3324,258.68,164.68,408.78,-90.7465,78.935,312.43,487.66
hpf_ca1__210132_004_edited.swc,18415,pyramidal,0.998768,15745,618,2051,0,0,0,0,0,0,0,0,0,0,0.46058,0.290833,0.3,0.3,0.3,0.3,0.3,0.766332,0.766332,0.766332,0.766332,0.766332,0.375472,0.3,0.891204,0.998348,0.998348,0,0.951631,0.977851,0.0390054,409,0.6289,0.3,0.3,0.523227,0.528117,118.2,7201.17,4560.84,29.3863,1001.72,5276.27,2596.69,97.81,12.1776,20.2313,159.44,197.35,317.82,-31.1492,40.0731,377.9,309.1
hpf_ca1__210248_003_edited.swc,41434,pyramidal,0.993637,38537,1335,1561,0,0,0.0376744,0.0376744,0.00448342,0,-0.0376744,0.0376744,0.0376744,0,0.367845,0.202904,0.3,0.3,0.3,0.3,0.3,0.898537,0.898537,0.898537,0.904402,0.911956,0.335425,0.3,0.948932,0.975331,0.998348,0.0329588,0.648266,0.3,0.395259,1994,0.339868,0.3,0.3,0.940822,0.945838,56.7,8949.33,4225.3,-260.659,1178.63,5450.16,3202.05,377.45,12.8847,84.9002,484.8,195.59,535.43,-190.599,134.391,287.18,615.5
hpf_ca1__210248_052_edited.swc,27320,pyramidal,0.997023,24486,1378,1455,0,0,0,0,0.000524266,0,0,0,0,0,0.399947,0.24281,0.3,0.3,0.3,0.3,0.3,0.855088,0.855088,0.855088,0.855088,0.855088,0.33445,0.3,0.950339,0.991128,0.998348,0.00943396,0.941892,0.978056,0.0536082,721,0.459007,0.3,0.3,0.768377,0.771151,74,7930.01,3190.68,-1556.91,811.086,4663.84,5212.13,275.65,-14.6157,50.8032,163.19,283.58,393.18,-72.0492,83.3896,275.48,493.3
hpf_ca1__210251_056_edited.swc,46250,pyramidal,0.995359,43812,2437,0,0,0,0,0,0,0,0,0,0,0,0.743969,0.333181,0.3,0.3,0.3,0.3,0.993697,0.360281,0.360281,0.360281,0.360281,0.360281,0.737289,0.3,0.369625,0.863951,0.3,0.19245,0,0,0,1294,0.822226,0.3,0.3,0.247295,0.262751,89.7,8698.23,1310.66,77.4333,230.188,1160.23,1794.31,350.6,15.133,77.478,493.22,519.22,0,0,0,0,0
hpf_ca1__210253_003_edited.swc,29109,pyramidal,0.998935,25326,943,2839,0,0,0,0,0,0,0,0,0,0,0.433738,0.272001,0.3,0.3,0.3,0.3,0.3,0.805284,0.805284,0.805284,0.805284,0.805284,0.353302,0.3,0.923162,0.982056,0.998348,0.0233298,0.968957,0.978276,0.0137372,395,0.617976,0.3,0.3,0.539241,0.549367,178.8,8098,4262.68,-411.827,1228.1,6226.43,3822.82,188.37,0.66859,33.2527,157.37,449.49,514.82,-127.489,123.758,296.83,414.67
hpf_ca1__210253_015_edited.swc,28364,pyramidal,0.998493,25119,1407,1837,0,0,0,0,0.00096665,0,0,0,0,0,0.42706,0.267009,0.3,0.3,0.3,0.3,0.3,0.815224,0.815224,0.815224,0.815224,0.818643,0.357415,0.3,0.917234,0.998348,0.998348,0,0.94151,0.977851,0.0451824,557,0.582333,0.3,0.3,0.59246,0.59246,147.4,8746.19,4757.77,292.862,1121.25,5584.44,3111.72,274.13,11.2215,46.4709,224.55,254,409.65,-122.014,97.6885,363.09,521.35
hpf_ca1__210253_024_edited.swc,38697,pyramidal,0.998269,35721,2975,0,0,0,0,0,0,0,0,0,0,0,0.674578,0.346071,0.3,0.3,0.3,0.3,0.993697,0.460501,0.460501,0.460501,0.460501,0.460501,0.652199,0.3,0.492287,0.943184,0.998348,0.0789916,0,0,0,1012,0.740387,0.3,0.3,0.362648,0.387352,92.9,8849.29,1335.98,90.1079,231.465,1423.58,1726.02,476.77,-13.6143,104.247,401.37,557.7,0,0,0,0,0
hpf_ca1__210665_038_edited.swc,18554,pyramidal,0.994925,15990,576,1987,0,0,0,0,0.00262686,0,0,0,0,0,0.444347,0.278925,0.3,0.3,0.3,0.3,0.3,0.788509,0.788509,0.788509,0.788509,0.793414,0.359739,0.3,0.913884,0.998348,0.998348,0,0.964341,0.978056,0.00855561,415,0.618064,0.3,0.3,0.53253,0.53253,99.2,2848.68,3243.88,182.835,700.743,4770.97,1993.97,142.59,-30.4448,28.3073,101.06,207.53,331.06,115.288,74.3666,397.71,446.26
hpf_ca1__210668_015_edited.swc,49748,pyramidal,0.99761,47450,804,1493,0,0,0,0,0.00193464,0,0,0,0,0,0.361755,0.194726,0.3,0.3,0.3,0.3,0.3,0.907835,0.907835,0.907835,0.913705,0.918449,0.338742,0.3,0.944152,0.992268,0.998348,0.00870647,0.753193,0.3,0.238446,533,0.430631,0.3,0.3,0.80863,0.833021,199,3110.72,6594.62,112.15,1665.36,3650.19,2863.79,203.14,-21.9782,40.2454,223.94,178.4,336.78,116.294,77.4414,362,323.27
hpf_ca1__210670_019_edited.swc,32268,pyramidal,0.998987,30404,1863,0,0,0,0,0,0,0,0,0,0,0,0.458874,0.291808,0.3,0.3,0.3,0.3,0.3,0.771352,0.771352,0.771352,0.771352,0.771352,0.426925,0.3,0.817031,0.97998,0.998348,0.0263017,0,0,0,1087,0.441231,0.3,0.3,0.798528,0.802208,66,2628.36,3614.82,402.72,949.899,4971.01,3018.33,373.66,-27.2188,70.6866,538.12,287.04,0,0,0,0,0
hpf_ca1__210670_031_edited.swc,19739,pyramidal,0.996993,18188,1550,0,0,0,0,0,0,0,0,0,0,0,0.683303,0.345169,0.3,0.3,0.3,0.3,0.993697,0.447794,0.447794,0.447794,0.447794,0.447794,0.677056,0.3,0.456455,0.756404,0.3,0.346452,0,0,0,421,0.788276,0.3,0.3,0.294537,0.327791,111,2627.18,1046.2,-125.788,198.917,973.11,1053.02,561.55,-17.7343,128.011,406.56,512.26,0,0,0,0,0
hpf_ca1__210671_026_edited.swc,32120,pyramidal,0.998068,29282,1206,1631,0,0,0,0,0,0,0,0,0,0,0.389535,0.231694,0.3,0.3,0.3,0.3,0.3,0.87005,0.87005,0.87005,0.87005,0.87005,0.33165,0.3,0.954375,0.998348,0.998348,0,0.978213,0.977851,0,576,0.503311,0.3,0.3,0.704861,0.710069,134,3222.03,5009.65,1717.54,1187.56,5986.68,5015.51,210.76,24.1321,40.1193,146.18,171.08,293.24,60.4823,59.3013,139.66,626.95
hpf_ca1__210671_028_edited.swc,31169,pyramidal,0.998706,28161,1222,1785,0,0,0,0,0,0,0,0,0,0,0.405745,0.248849,0.3,0.3,0.3,0.3,0.3,0.847027,0.847027,0.847027,0.847027,0.847027,0.361829,0.3,0.91087,0.998348,0.998348,0,0.69255,0.3,0.420168,710,0.482608,0.3,0.3,0.73662,0.739437,106,3340.44,4194.2,1405.1,1048.27,5392.53,5307.88,261.1,-5.46703,51.9072,168.51,296.9,449.28,51.0748,73.7278,261.17,661.26
hpf_ca1__210671_081_edited.swc,6645,pyramidal,0.998392,3583,932,2129,0,0,0,0,0,0,0,0,0,0,0.627696,0.342435,0.3,0.3,0.3,0.3,0.3,0.521896,0.521896,0.521896,0.521896,0.521896,0.350338,0.3,0.927435,0.995351,0.998348,0.00429185,0.933353,0.978276,0.0662283,159,0.797406,0.3,0.3,0.27044,0.27673,78.2,2404.2,1004.28,-243.491,232.446,1648.44,1657.71,286.79,-58.0933,54.3647,190.58,202.64,403.22,108.645,78.3062,277.48,569.08
hpf_ca1__210694_025_edited.swc,9723,pyramidal,0.997981,5681,0,4041,0,0,0,0,0,0,0,0,0,0,0.460464,0.197084,0.3,0.3,0.3,0.3,0.3,0.582639,0.668312,0.893449,0.962563,0.962563,0.336999,0.3,0.946664,0,0,0,0.633903,0.52512,0.818857,231,0.546722,0.3,0.3,0.865801,0.969697,73,7943.55,998.57,-10.1122,155.668,2947.15,954.98,0,0,0,0,0,464.11,-25.8801,83.3924,507.07,587.82
hpf_ca1__210698_019_edited.swc,11936,pyramidal,0.999122,9302,1179,1454,0,0,0,0,0,0,0,0,0,0,0.503796,0.314463,0.3,0.3,0.3,0.3,0.3,0.704172,0.704172,0.704172,0.704172,0.704172,0.366894,0.3,0.903569,0.998348,0.998348,0,0.978276,0.978276,0,292,0.64138,0.3,0.3,0.503425,0.503425,86.8,7555.33,3683.13,89.8813,688.597,4591.62,1885.52,250.33,-1.26205,47.6927,226.74,139.99,277.72,19.7123,43.9375,216,591.32
hpf_ca1__210701_007_edited.swc,16553,pyramidal,0.998089,15637,915,0,0,0,0,0,0,0,0,0,0,0,0.498127,0.313613,0.3,0.3,0.3,0.3,0.3,0.714734,0.714734,0.714734,0.714734,0.714734,0.471727,0.3,0.752446,0.948738,0.998348,0.0710383,0,0,0,540,0.593717,0.3,0.3,0.575926,0.583333,80.1,4156.94,5558.44,182.339,997.238,3977.57,1792.32,287.94,-0.136262,61.4003,247.53,209.12,0,0,0,0,0
hpf_ca1__210701_009_edited.swc,13067,pyramidal,0.997363,9909,0,3157,0,0,0,0,0,0,0,0,0,0,0.466654,0.269693,0.3,0.3,0.3,0.3,0.3,0.721895,0.760312,0.772327,0.795822,0.800184,0.372037,0.3,0.896155,0,0,0,0.763463,0.446295,0.383909,299,0.572707,0.3,0.3,0.622074,0.688963,93,4392.34,2059.36,148.752,554.026,1987.45,943.13,0,0,0,0,0,512.53,3.99174,89.7598,298.66,696.97
hpf_ca1__210701_017_edited.swc,90478,pyramidal,0.998088,86023,4307,147,0,0,0,0,0,0,0,0,0,0,0.319489,0.0975764,0.3,0.3,0.3,0.3,0.3,0.958996,0.959482,0.971164,0.98666,0.98666,0.300662,0.3,0.998989,0.674231,0.3,0.448804,0.938352,0.931998,0,3154,0.323291,0.3,0.3,0.963855,0.983513,72,3591.28,2884.27,-417.747,491.172,2760.56,2603.84,842.91,-7.04315,183.783,658.22,363.49,92.9,-93.8561,26.1359,169.39,76.06
hpf_ca1__210701_019_edited.swc,45009,pyramidal,0.998182,39631,5377,0,0,0,0,0,0,0,0,0,0,0,0.587185,0.341762,0.3,0.3,0.3,0.3,0.3,0.586105,0.586105,0.586172,0.586172,0.586172,0.576229,0.3,0.601802,0.667858,0.3,0.471081,0,0,0,1016,0.619708,0.3,0.3,0.537402,0.548228,97.5,3847.39,1926.66,-124.788,342.853,1455.19,707.3,838.39,-44.3423,185.42,883.58,691.06,0,0,0,0,0
hpf_ca1__210703_021_edited.swc,16838,pyramidal,0.99653,16002,835,0,0,0,0,0,0,0,0,0,0,0,0.678824,0.345586,0.3,0.3,0.3,0.3,0.993697,0.454211,0.454211,0.454211,0.454211,0.454211,0.665142,0.3,0.473628,0.94064,0.998348,0.0826347,0,0,0,424,0.712445,0.3,0.3,0.410377,0.429245,91,4620.86,1203.31,106.602,194.789,1214.48,815.56,350.46,27.4007,78.999,297.62,261.64,0,0,0,0,0
hpf_ca1__210703_024_edited.swc,31147,pyramidal,0.99365,29420,1726,0,0,0,0,0,0,0,0,0,0,0,0.73883,0.334673,0.3,0.3,0.3,0.3,0.993697,0.36774,0.36774,0.36774,0.36774,0.36774,0.727441,0.3,0.383821,0.932802,0.998348,0.0938586,0,0,0,804,0.794888,0.3,0.3,0.287313,0.314677,93,3978.66,1419,-99.5078,213.08,1651.77,787.85,450.9,14.0607,100.89,498.44,147.25,0,0,0,0,0
hpf_ca1__210703_025_edited.swc,22735,pyramidal,0.997914,21434,1300,0,0,0,0,0,0,0,0,0,0,0,0.35149,0.182344,0.3,0.3,0.3,0.3,0.3,0.926149,0.926149,0.926149,0.926149,0.926149,0.313172,0.3,0.981011,0.982769,0.998348,0.0223077,0,0,0,916,0.348859,0.3,0.3,0.930131,0.931223,61,4443.96,1546.04,-345.799,252.78,1184.56,932.6,185.45,-12.8011,35.9413,366.01,322.61,0,0,0,0,0
hpf_ca1__210705_006_edited.swc,7450,pyramidal,0.997242,5698,641,1110,0,0,0,0,0,0,0,0,0,0,0.506699,0.315177,0.3,0.3,0.3,0.3,0.3,0.699195,0.699195,0.699195,0.699195,0.699195,0.360541,0.3,0.912601,0.988543,0.998348,0.0140406,0.978276,0.978276,0,182,0.705144,0.3,0.3,0.406593,0.412088,92.8,4049.93,1504.81,-73.1505,277.781,1032.86,820.14,187.65,19.2364,36.5527,146.45,187.49,228.69,-41.9044,42.1904,161.48,510.18
hpf_ca1__210705_009_edited.swc,24038,pyramidal,0.998907,20435,1147,2455,0,0,0,0,0,0,0,0,0,0,0.456926,0.288744,0.3,0.3,0.3,0.3,0.3,0.771944,0.771944,0.771944,0.771944,0.771944,0.367893,0.3,0.902129,0.998348,0.998348,0,0.944846,0.978276,0.0492872,412,0.614994,0.3,0.3,0.546117,0.553398,159.5,3780.02,4246.46,-200.465,1047.75,3066,2492.8,216.05,-28.3944,38.6566,150.01,319.32,429.57,-28.8843,75.5047,359.03,590.67
hpf_ca1__210709_006_edited.swc,26402,pyramidal,0.998201,23218,1165,2018,0,0,0,0,0.0151999,0,0,0,0,0,0.447882,0.280506,0.3,0.3,0.3,0.3,0.3,0.7821,0.7821,0.7821,0.7821,0.785584,0.379116,0.3,0.885951,0.998348,0.998348,0,0.921015,0.912409,0.0391477,549,0.525106,0.3,0.3,0.672131,0.679417,88.2,4761.08,4673.98,129.802,1019.12,5094.28,5029.11,249.2,23.3801,53.3676,107.56,297.02,582.3,93.4878,132.647,550.57,464.66
hpf_ca1__210709_011_edited.swc,26244,pyramidal,0.994116,23752,2491,0,0,0,0,0,0,0,0,0,0,0,0.934179,0.195009,0.3,0.3,0.993697,0.993697,0.993697,0.0863816,0.0863816,0.0863816,0.0863816,0.0863816,0.931739,0.993697,0.0892977,0.957417,0.998348,0.058611,0,0,0,1026,0.958791,0.3,0.993697,0.0477583,0.0584795,59,4008.93,1106.18,84.7507,204.046,1090.13,560.6,442.49,-40.1089,81.0436,505.49,532.56,0,0,0,0,0
hpf_ca1__210711_018_edited.swc,22248,pyramidal,0.999072,19017,1046,2184,0,0,0,0,0,0,0,0,0,0,0.444285,0.280035,0.3,0.3,0.3,0.3,0.3,0.790183,0.790183,0.790183,0.790183,0.790183,0.35406,0.3,0.92207,0.998348,0.998348,0,0.9643,0.978276,0.0206044,493,0.538673,0.3,0.3,0.651116,0.659229,113,7884.28,4882.24,-232.205,1028.86,3387.93,2210.49,183.53,4.19605,35.1899,210.04,265.24,343.45,-55.1788,58.6934,395.38,324.54
hpf_ca1__210711_021_edited.swc,35761,pyramidal,0.997792,34194,1566,0,0,0,0,0,0,0,0,0,0,0,0.514454,0.320537,0.3,0.3,0.3,0.3,0.3,0.690725,0.690864,0.690864,0.690948,0.690948,0.493113,0.3,0.721618,0.980129,0.974178,0.0197957,0,0,0,625,0.648465,0.3,0.3,0.5088,0.5264,156.6,7922.29,1873.96,-137.682,312.911,1900.6,733.89,434.02,28.2695,96.8543,416.46,333.42,0,0,0,0,0
hpf_ca1__210711_026_edited.swc,17814,pyramidal,0.999083,15249,840,1724,0,0,0,0,0,0,0,0,0,0,0.447264,0.28222,0.3,0.3,0.3,0.3,0.3,0.785955,0.785955,0.785955,0.785955,0.785955,0.359639,0.3,0.914027,0.998348,0.998348,0,0.953489,0.978276,0.0365429,373,0.593168,0.3,0.3,0.579088,0.581769,127.6,8503.58,4130.93,-148.67,786.682,4960.15,1660.31,149.34,25.4808,32.1365,156.04,125.59,288.66,-108.595,69.9935,432.18,446.51
neuromorpho__011618Bc1_dendrites.swc,2195,interneuron,0.970245,0,2194,0,0,0,0,0,0,0,0,0,0,0,0.679109,0.3072,0.3,0.3,0.3,0.3,0.927978,0.396355,0.396355,0.396355,0.396355,0.396355,0,0,0,0.678962,0.3,0.396536,0,0,0,22,0.803527,0.3,0.56428,0.227273,0.318182,247.6,0,0,0,0,0,0,47,20.699,8.80099,357.43,1040.57,0,0,0,0,0
neuromorpho__02-10-14-B1.swc,3125,interneuron,0.992685,0,3124,0,0,0,0,0,0,0,0,0,0,0,0.998919,1.93385e-05,0.998919,0.998919,0.998919,0.998919,0.998919,0,0,0,0,0,0,0,0,0.998919,0.998919,0,0,0,0,46,0.998942,0.998919,0.998919,0,0,150,-0.5,0,0,0,0,0,48,-10.9605,9.9515,79.88,199.27,0,0,0,0,0
neuromorpho__020414-pos-div13-cs4.swc,1698,interneuron,0.949548,0,1697,0,0,0,0,0,0,0,0,0,0,0,0.977104,0.121538,0.3,0.998919,0.998919,0.998919,0.998919,0.0312132,0.0312132,0.0312132,0.0312132,0.0312132,0,0,0,0.97709,0.998919,0.0312316,0,0,0,18,0.995311,0.3,0.998919,0,0,328.9,0,0,0,0,0,0,2,0.0394814,0.394687,138.67,277.34,0,0,0,0,0
neuromorpho__020414-pos-div14-cs2.swc,1693,interneuron,0.926997,0,1692,0,0,0,0,0,0,0,0,0,0,0,0.998919,2.627e-05,0.998919,0.998919,0.998919,0.998919,0.998919,0,0,0,0,0,0,0,0,0.998919,0.998919,0,0,0,0,38,0.998947,0.998919,0.998919,0,0,95.1,0,0,0,0,0,0,2,0.17435,0.495587,109.6,186.06,0,0,0,0,0
neuromorpho__020414-pos-div14-cs3.swc,4249,interneuron,0.974799,0,4248,0,0,0,0,0,0,0,0,0,0,0,0.998919,1.65853e-05,0.998919,0.998919,0.998919,0.998919,0.998919,0,0,0,0,0,0,0,0,0.998919,0.998919,0,0,0,0,87,0.998931,0.998919,0.998919,0,0,118.8,0,0,0,0,0,0,4,0.36323,0.822319,298.29,313.87,0,0,0,0,0
neuromorpho__020414-pos-div14-cs4.swc,1393,pyramidal,0.774856,0,1392,0,0,0,0,0,0,0,0,0,0,0,0.977795,0.0795875,0.659779,0.659779,0.984087,0.998348,0.998348,0,0,0.0588658,0.0588658,0.0588658,0,0,0,0.977779,0.984087,0.058908,0,0,0,20,0.980789,0.659779,0.996922,0.05,0.05,108.1,0,0,0,0,0,0,1,0.206897,0.405081,89.92,192.69,0,0,0,0,0
neuromorpho__020515-2-NPY.swc,2656,interneuron,0.998142,2201,454,0,0,0,0,0,0,0,0,0,0,0,0.996119,0.00802097,0.973127,0.973127,0.973127,0.998919,0.999189,0,0,0,0,0,0.99554,0.973127,0,0.998919,0.998919,0,0,0,0,413,0.996767,0.973127,0.995725,0,0,14,-1.5,190,6.71086,27.7044,424.3,384.3,35.5,2.96696,8.9532,200.74,344.6,0,0,0,0,0
neuromorpho__030215-2_20x.swc,6713,interneuron,0.998917,4252,2460,0,0,0,0,0,0,0,0,0,0,0,0.987556,0.0863497,0.3,0.998919,0.998919,0.998919,0.999189,0.0154923,0.0154923,0.0154923,0.0154923,0.0154923,0.986403,0.999189,0.016698,0.989543,0.998919,0.0134146,0,0,0,546,0.987327,0.3,0.998919,0.014652,0.014652,26,0,137,-33.0518,31.4905,483.36,324.36,136,-34.2565,33.1747,398.19,371.76,0,0,0,0,0
neuromorpho__031115-1_20x.swc,5224,interneuron,0.995704,3873,1350,0,0,0,0,0,0,0,0,0,0,0,0.999071,0.000789825,0.973127,0.998919,0.998919,0.998919,0.999189,0,0,0,0,0,0.999123,0.999189,0,0.998919,0.998919,0,0,0,0,546,0.998908,0.973127,0.998919,0,0,20,0,105.99,-42.7209,27.627,672.66,245.85,95.99,-31.5115,24.7044,462.09,217.42,0,0,0,0,0
neuromorpho__03a_pyramidal9aFI.swc,814,pyramidal,0.961662,25,238,550,0,0,0,0,0,0,0,0,0,0,0.72699,0.325133,0.3,0.3,0.3,0.3,0.978276,0.358722,0.37715,0.37715,0.407862,0.407862,0.792143,0.792143,0,0.970466,0.984087,0.0630252,0.618173,0.3,0.530909,22,0.759133,0.3,0.3,0.318182,0.363636,83.8,0.12,28.25,17.3208,9.03133,35.12,6.57,91.05,-6.75752,19.7237,206.71,155.79,195.91,-22.1585,41.622,432.98,199.02
neuromorpho__04b_pyramidal5aFI.swc,930,pyramidal,0.870114,0,629,300,0,0,0,0,0,0,0,0,0,0,0.991875,0.00938432,0.978276,0.978276,0.978276,0.978276,0.998348,0,0,0,0,0,0,0,0,0.998348,0.998348,0,0.978276,0.978276,0,326,0.991519,0.978276,0.978276,0,0,7,0,0,0,0,0,0,64.59,-6.75008,14.5242,230.76,141.5,54.07,11.4786,11.4517,53.41,362.18
neuromorpho__051217_cell1_L1.swc,3331,interneuron,0.998147,2604,726,0,0,0,0,0,0,0,0,0,0,0,0.995216,0.00543655,0.973127,0.973127,0.995725,0.995725,0.995725,0,0,0,0,0,0.994182,0.995725,0,0.998919,0.998919,0,0,0,0,346,0.995132,0.973127,0.995725,0,0,20.5,0,25.64,-0.419866,4.55211,129.18,468.67,27.14,-3.37635,4.5645,91.02,162.18,0,0,0,0,0
neuromorpho__051217_cell3_L23.swc,4272,interneuron,0.997853,4031,240,0,0,0,0,0,0,0,0,0,0,0,0.998768,0.00294399,0.973127,0.998919,0.999189,0.999189,0.999189,0,0,0,0,0,0.998759,0.999189,0,0.998919,0.998919,0,0,0,0,571,0.998381,0.973127,0.998919,0,0,18,0,64.89,-10.5729,11.1114,327.59,285.52,31.25,-3.63937,9.13696,107.05,242.81,0,0,0,0,0
neuromorpho__060315A_ECA.swc,13811,pyramidal,0.739172,0,1778,12032,0,0,0,0,0,0,0,0,0,0,0.969693,0.0854644,0.3,0.978276,0.978276,0.978276,0.978276,0.0159293,0.0159293,0.0159293,0.0159293,0.0159293,0,0,0,0.995521,0.998348,0,0.965874,0.978276,0.0182846,131,0.977436,0.3,0.978276,0,0.00763359,197,0,0,0,0,0,0,97.63,-14.9287,19.777,180.73,204.83,184.44,25.8213,31.7638,355.79,595.22
neuromorpho__060315B_ECA.swc,10537,pyramidal,0.941496,140,3122,7274,0,0,0,0,0,0,0,0,0,0,0.983693,0.0105529,0.938242,0.978276,0.978276,0.978276,0.978276,0,0,0,0,0,0.938242,0.938242,0,0.998348,0.998348,0,0.978276,0.978276,0,151,0.98347,0.938242,0.978276,0,0,133,0,14.58,-10.5581,3.52754,77.05,84.9,133.77,-21.7699,27.3827,234.16,187.32,162.26,-10.7028,24.9477,271.49,419.36
neuromorpho__060415B_ECA.swc,9609,pyramidal,0.991408,0,2666,6942,0,0,0,0,0,0,0,0,0,0,0.982153,0.0352968,0.3,0.978276,0.978276,0.978276,0.978276,0.00249766,0.00249766,0.00249766,0.00249766,0.00249766,0,0,0,0.998348,0.998348,0,0.975931,0.978276,0.00345722,144,0.984366,0.3,0.978276,0,0,135.7,0,0,0,0,0,0,100.51,16.0991,21.7482,249.49,145.93,157.89,18.1024,27.663,210.74,480.16
neuromorpho__060415C_ECA.swc,9442,pyramidal,0.794643,0,2548,6893,0,0,0,0,0,0,0,0,0,0,0.982885,0.0249622,0.3,0.978276,0.978276,0.978276,0.978276,0.00116501,0.00116501,0.00116501,0.00116501,0.00116501,0,0,0,0.995881,0.998348,0.00353218,0.978079,0.978276,0.000290149,121,0.983985,0.3,0.978276,0,0,161,0,0,0,0,0,0,109.55,-18.0384,20.9893,213.08,172.46,125.18,-15.6432,20.8972,241.59,421.35
neuromorpho__060a000002.swc,1505,interneuron,0.980977,1387,117,0,0,0,0,0,0,0,0,0,0,0,0.990806,0.0132253,0.910112,0.973127,0.973127,0.973127,0.999189,0,0,0,0,0,0.990114,0.973127,0,0.998919,0.998919,0,0,0,0,113,0.990462,0.910112,0.973127,0,0,26.8,0,66.31,54.1234,13.3016,444.77,312.61,48.27,38.7128,13.7932,46.99,123.59,0,0,0,0,0
neuromorpho__061218Ac1_dendrites.swc,4285,interneuron,0.963068,0,4284,0,0,0,0,0,0,0,0,0,0,0,0.496056,0.31399,0.3,0.3,0.3,0.3,0.3,0.719487,0.719487,0.719487,0.719487,0.719487,0,0,0,0.495939,0.3,0.719655,0,0,0,45,0.577927,0.3,0.3,0.622222,0.622222,268,0,0,0,0,0,0,34,-18.0063,6.10875,855.54,1187.86,0,0,0,0,0
neuromorpho__062817C_VentralCA1.swc,9591,pyramidal,0.990147,0,3651,5939,0,0,0,0,0,0,0,0,0,0,0.981594,0.0516758,0.3,0.978276,0.978276,0.978276,0.978276,0.00552601,0.00552601,0.00552601,0.00552601,0.00552601,0,0,0,0.987359,0.984087,0.0139688,0.978047,0.978276,0.000336757,110,0.982814,0.3,0.978276,0,0,202.3,0,0,0,0,0,0,143.13,-8.85694,25.7673,104.03,307.08,269.14,-12.005,33.4075,212.33,419.05
neuromorpho__06b_pyramidal10aFI.swc,908,pyramidal,0.788599,0,497,410,0,0,0.451542,0.451542,0.0493071,-0.451542,0,0.451542,0.451542,0,0.835051,0.193183,0.514397,0.531079,0.531079,0.725112,0.998348,0,0.21696,0.21696,0.451542,0.451542,0,0,0,0.998348,0.998348,0,0.636701,0.531079,0.480488,281,0.85871,0.514397,0.531079,0.13879,0.423488,9,0,0,0,0,0,0,89.76,-0.0149497,21.0665,195.91,118.55,155.88,71.6659,40.3231,206.04,255.73
neuromorpho__070618Bc2_dendrites.swc,2705,interneuron,0.989742,0,2704,0,0,0,0,0,0,0,0,0,0,0,0.589128,0.344213,0.3,0.3,0.3,0.3,0.3,0.586322,0.586322,0.586322,0.586322,0.586322,0,0,0,0.588976,0.3,0.586538,0,0,0,16,0.699002,0.3,0.408256,0.625,0.625,342,0,0,0,0,0,0,28,-6.45877,4.29681,850.17,1109.85,0,0,0,0,0
neuromorpho__071207_cell1_L1.swc,2351,interneuron,0.997156,2199,151,0,0,0,0,0,0,0,0,0,0,0,0.999023,0.00159066,0.973127,0.998919,0.999189,0.999189,0.999189,0,0,0,0,0,0.99903,0.999189,0,0.998919,0.998919,0,0,0,0,285,0.99874,0.973127,0.998919,0,0,18,0,73.74,-21.4901,19.5422,188.41,405.41,16.09,-3.25907,4.32815,39.46,127.47,0,0,0,0,0
neuromorpho__072903a.swc,2985,interneuron,0.49122,0,2984,0,0,0,0,0,0,0,0,0,0,0,0.854895,0.147996,0.3,0.3,0.816008,0.816008,0.928147,0.0562814,0.0562814,0.0562814,0.0562814,0.451591,0,0,0,0.854846,0.816008,0.0563003,0,0,0,44,0.868158,0.3,0.816008,0.0227273,0.0227273,153.8,-0.0470581,0,0,0,0,0,55.114,-5.43568,10.5822,495.7,288.6,0,0,0,0,0
neuromorpho__07b_pyramidal14aACC.swc,1116,pyramidal,0.971194,0,927,188,0,0,0,0,0,0,0,0,0,0,0.94875,0.131258,0.3,0.768902,0.768902,0.980058,0.998348,0.031362,0.031362,0.031362,0.105735,0.105735,0,0,0,0.96634,0.980058,0.0377562,0.861745,0.768902,0,54,0.953442,0.3,0.768902,0,0.166667,62.4,0.07,0,0,0,0,0,160.54,10.8487,29.7347,217.95,282.1,22.49,-6.77314,5.16355,244.07,88.04
neuromorpho__08-10-15-C.swc,606,interneuron,0.987649,0,605,0,0,0,0,0,0,0,0,0,0,0,0.998921,4.38856e-05,0.998919,0.998919,0.998919,0.998919,0.998919,0,0,0,0,0,0,0,0,0.998919,0.998919,0,0,0,0,19,0.998976,0.998919,0.998919,0,0,64.4,0,0,0,0,0,0,18,-1.05256,4.08076,34.11,116.77,0,0,0,0,0
neuromorpho__081017RF4.swc,2285,pyramidal,0.908489,487,515,1282,0,0,0,0,0,0,0,0,0,0,0.900801,0.221126,0.3,0.3,0.3,0.978056,0.978276,0.1186,0.1186,0.1186,0.1186,0.14267,0.934806,0.89124,0.0533881,0.998348,0.998348,0,0.84862,0.3,0.191108,159,0.943341,0.3,0.937194,0.0566038,0.0628931,39,0,77.01,-5.78421,20.0442,880.35,231.45,37.62,4.1835,8.28449,189.06,183.23,92.04,-33.9703,23.0256,354.35,567.46
neuromorpho__081518A_DorsalCA1.swc,5496,pyramidal,0.934488,0,844,4651,0,0,0,0,0,0,0,0,0,0,0.919177,0.196651,0.3,0.3,0.978276,0.978276,0.978276,0.0915211,0.0915211,0.0915211,0.0915211,0.0915211,0,0,0,0.997638,0.998348,0,0.904921,0.3,0.108149,93,0.921178,0.3,0.978276,0.0860215,0.0860215,133,0,0,0,0,0,0,53.66,5.0144,13.6996,99.62,171.65,167.05,24.2147,24.2372,246.25,482.22
neuromorpho__082203a.swc,2857,interneuron,0.914022,0,2856,0,0,0,0,0,0,0,0,0,0,0,0.788332,0.320244,0.3,0.3,0.3,0.3,0.998919,0.300665,0.300665,0.300665,0.300665,0.300665,0,0,0,0.788258,0.3,0.30077,0,0,0,44,0.870495,0.3,0.3,0.159091,0.227273,201,3.42898,0,0,0,0,0,122.914,-24.5119,28.5321,560.65,430.52,0,0,0,0,0
neuromorpho__09040280004.swc,892,interneuron,0.74233,0,891,0,0,0,0,0,0,0,0,0,0,0,0.998341,0.00403531,0.970223,0.998919,0.998919,0.998919,0.998919,0,0,0,0,0,0,0,0,0.998339,0.998919,0,0,0,0,41,0.998245,0.970223,0.998919,0,0,52,0,0,0,0,0,0,10.51,-0.441235,1.70328,124.78,203.41,0,0,0,0,0
neuromorpho__09040290003.swc,753,interneuron,0.910112,0,752,0,0,0,0,0,0,0,0,0,0,0,0.99892,3.9376e-05,0.998919,0.998919,0.998919,0.998919,0.998919,0,0,0,0,0,0,0,0,0.998919,0.998919,0,0,0,0,34,0.998951,0.998919,0.998919,0,0,58.6,0,0,0,0,0,0,11.77,3.64798,2.55716,82.04,82.81,0,0,0,0,0
neuromorpho__0905060002.swc,1423,interneuron,0.629545,0,1422,0,0,0,0,0,0,0,0,0,0,0,0.941736,0.00157605,0.941216,0.941216,0.941216,0.941464,0.941897,0,0,0,0,0,0,0,0,0.941695,0.941216,0,0,0,0,57,0.942692,0.941216,0.941216,0,0,54.4,0,0,0,0,0,0,16.24,-2.37743,2.49141,168.56,224.62,0,0,0,0,0
neuromorpho__091218B_DorsalCA1.swc,7587,pyramidal,0.990536,0,1910,5676,0,0,0,0,0,0,0,0,0,0,0.983332,0.00871349,0.978276,0.978276,0.978276,0.978276,0.978276,0,0,0,0,0,0,0,0,0.998348,0.998348,0,0.978276,0.978276,0,114,0.984101,0.978276,0.978276,0,0,142.4,0,0,0,0,0,0,135.23,17.0505,30.5963,139.24,162.59,155.27,9.3421,24.2347,280.69,382.09
neuromorpho__092017A_ECA.swc,11121,pyramidal,0.941377,0,1682,9438,0,0,0,0,0,0,0,0,0,0,0.981101,0.00706185,0.972896,0.978276,0.978276,0.978276,0.978276,0,0,0,0,0,0,0,0,0.996941,0.998348,0,0.978276,0.978276,0,121,0.981065,0.972896,0.978276,0,0,190,0,0,0,0,0,0,156.67,-1.49703,35.6439,122,140.96,172.4,8.7452,29.6298,269.78,553.77
neuromorpho__1-d.swc,2184,pyramidal,0.898111,656,1527,0,0,0,0,0,0,0,0,0,0,0,0.839213,0.237096,0.3,0.496,0.496,0.496,0.998348,0.308608,0.312271,0.312271,0.312271,0.312271,0.496221,0.496,1,0.986457,0.998348,0.0170269,0,0,0,48,0.881418,0.3,0.496,0.229167,0.229167,102.3,0,31.87,9.8436,7.50561,158.78,228.7,88.61,-20.1446,18.8001,307.41,232.25,0,0,0,0,0
neuromorpho__100-Neurone-2.swc,713,pyramidal,0.984567,26,287,399,0,0,0.559607,0.559607,0.144286,0,-0.559607,0.559607,0.559607,0,0.957913,0.0397179,0.90501,0.909899,0.911735,0.915054,0.978276,0,0,0,0,0,0.983256,0.983256,0,0.998348,0.998348,0,0.927072,0.910363,0,87,0.956521,0.90501,0.911566,0,0,18.4,0,18.01,17.3269,4.99451,32.92,86.34,51,6.47516,11.8697,141.32,99.66,36.9,-8.50223,6.43058,104.4,111.99
neuromorpho__1001.swc,775,interneuron,0.985557,0,774,0,0,0,0,0,0,0,0,0,0,0,0.84683,0.192966,0.547771,0.547771,0.547771,0.547771,0.927978,0,0.289032,0.289032,0.289032,0.289032,0,0,0,0.846632,0.547771,0.289406,0,0,0,72,0.957198,0.547771,0.927978,0.0138889,0.0138889,21.7,0.71,0,0,0,0,0,21.97,0.247584,3.90423,17.26,44.4,0,0,0,0,0
neuromorpho__100103a.swc,5153,interneuron,0.954295,0,5152,0,0,0,0,0,0,0,0,0,0,0,0.853927,0.283399,0.3,0.3,0.3,0.998919,0.998919,0.207452,0.207452,0.207452,0.207452,0.207452,0,0,0,0.853899,0.3,0.207492,0,0,0,33,0.804917,0.3,0.3,0.272727,0.30303,350,0.237159,0,0,0,0,0,44.1236,-6.38737,9.73274,700.37,310.46,0,0,0,0,0
neuromorpho__100A_1_r_Ngr2KO_1.swc,706,pyramidal,0.985823,0,239,466,0,0,0,0,0,0,0,0,0,0,0.985102,0.00951137,0.978276,0.978276,0.978276,0.978276,0.978276,0,0,0,0,0,0,0,0,0.998348,0.998348,0,0.978276,0.978276,0,58,0.985572,0.978276,0.978276,0,0,31.3,0,0,0,0,0,0,57.81,-17.2785,11.5502,187.93,114.53,65.08,4.02461,14.8009,124.91,279.13
neuromorpho__100A_3_r_Ngr2KO_4.swc,838,pyramidal,0.986565,0,256,581,0,0,0,0,0,0,0,0,0,0,0.984076,0.00898592,0.978276,0.978276,0.978276,0.978276,0.978276,0,0,0,0,0,0,0,0,0.997178,0.998348,0,0.978276,0.978276,0,69,0.984493,0.978276,0.978276,0,0,29,0,0,0,0,0,0,66.73,18.2475,14.3264,164.51,113.79,81.29,4.78126,15.8286,136.94,279.25
neuromorpho__100B_1_l_Ngr2KO_1.swc,127,pyramidal,0.863497,39,30,57,0,0,0.448819,0.448819,0.0563235,0,-0.448819,0.448819,0.448819,0,0.816353,0.107987,0.65094,0.730855,0.730855,0.743789,0.792143,0,0,0.0393701,0.755906,0.755906,0.792143,0.792143,0,0.998348,0.998348,0,0.733909,0.730855,0.0877193,12,0.865401,0.65094,0.730926,0.0833333,0.5,23.8,0,9.33,14.1349,2.5497,55.15,56.37,22.83,21.6493,5.08441,31.48,26.27,24.53,14.9063,5.91981,58.87,45.82
neuromorpho__100B_2_r_Ngr2KO_2.swc,847,pyramidal,0.956978,15,281,550,0,0,0,0,0,0,0,0,0,0,0.97814,0.0525471,0.593129,0.978276,0.978276,0.978276,0.978276,0,0.0177096,0.0177096,0.0177096,0.0177096,0.593129,0.593129,1,0.998348,0.998348,0,0.978276,0.978276,0,59,0.980281,0.593129,0.978276,0.0169492,0.0169492,27.4,0,29.9,13.8233,9.77244,6.16,19.04,73.39,1.70416,22.2119,74.24,104.44,77.33,1.44869,13.5452,158.35,317.39
neuromorpho__101803a.swc,2569,interneuron,0.88256,0,2568,0,0,0,0,0,0,0,0,0,0,0,0.850375,0.285928,0.3,0.3,0.3,0.998919,0.998919,0.212534,0.212534,0.212534,0.212534,0.212534,0,0,0,0.850317,0.3,0.212617,0,0,0,47,0.8549,0.3,0.3,0.191489,0.234043,153.8,1.94563,0,0,0,0,0,132.022,-26.906,26.4437,885.92,205.444,0,0,0,0,0
neuromorpho__101A_1_r_Ngr2KO_1.swc,840,pyramidal,0.993405,0,57,782,0,0,0,0,0,0,0,0,0,0,0.979655,0.00509913,0.977851,0.978276,0.978276,0.978276,0.978276,0,0,0,0,0,0,0,0,0.998348,0.998348,0,0.978266,0.978276,0,74,0.980728,0.977851,0.978276,0,0,27.1,0,0,0,0,0,0,15.32,-7.02684,3.64903,45,28.96,91.34,-14.3911,18.4709,186.04,202.33
neuromorpho__101A_1_r_Ngr2KO_2.swc,186,pyramidal,0.986539,103,82,0,0,0,0,0,0,0,0,0,0,0,0.686834,0.266578,0.367712,0.367712,0.39456,0.422386,0.586026,0.413978,0.569892,0.569892,0.602151,0.602151,0.474066,0.373081,0.941748,0.950272,0.604128,0.109756,0,0,0,27,0.743376,0.367712,0.398897,0.444444,0.518519,11.4,0,51.33,-5.65233,10.9299,52.86,51.75,28.03,-11.4121,7.18326,51.12,37.07,0,0,0,0,0
neuromorpho__101A_2_r_Ngr2KO_2.swc,676,pyramidal,0.979469,0,263,412,0,0,0,0,0,0,0,0,0,0,0.97207,0.0982179,0.3,0.978276,0.978276,0.978276,0.978276,0.0207101,0.0207101,0.0207101,0.0207101,0.0207101,0,0,0,0.998348,0.998348,0,0.955228,0.978276,0.0339806,43,0.9539,0.3,0.978276,0.0465116,0.0465116,33,0,0,0,0,0,0,75.28,0.331179,16.5142,157.21,119.27,136.42,-3.4025,23.8365,198.12,324.54
neuromorpho__101C_1_l_Ngr2KO_3.swc,1235,pyramidal,0.993549,0,313,921,0,0,0,0,0,0,0,0,0,0,0.983381,0.00874257,0.978276,0.978276,0.978276,0.978276,0.978276,0,0,0,0,0,0,0,0,0.998348,0.998348,0,0.978276,0.978276,0,102,0.982031,0.978276,0.978276,0,0,24.9,0,0,0,0,0,0,45.78,8.86482,8.56402,187.41,119.13,99.27,6.93135,17.9083,200.94,256.21
neuromorpho__101C_1_r_Ngr2KO.swc,1315,pyramidal,0.996517,0,615,699,0,0,0,0,0,0,0,0,0,0,0.98768,0.0100174,0.978276,0.978276,0.978276,0.978276,0.978276,0,0,0,0,0,0,0,0,0.998348,0.998348,0,0.978276,0.978276,0,101,0.986639,0.978276,0.978276,0,0,27,0.00333333,0,0,0,0,0,104.53,1.26751,23.6194,191.43,130.13,125.11,6.83439,19.5079,218.05,241.23
neuromorpho__10224c2.swc,802,pyramidal,0.980327,274,527,0,0,0,0,0,0,0,0,0,0,0,0.981414,0.048002,0.3,0.938242,0.938242,0.978532,0.998348,0.00374065,0.00374065,0.00374065,0.00374065,0.00374065,0.956422,0.938242,0,0.994372,0.998348,0.0056926,0,0,0,37,0.979094,0.3,0.938242,0,0,54.8,0,76.98,8.6035,16.7383,186.79,217.35,125.4,22.4049,25.355,213.15,281.99,0,0,0,0,0
neuromorpho__102A_1_r_Ngr2KO_1.swc,258,pyramidal,0.847599,0,257,0,0,0,0,0,0,0,0,0,0,0,0.998354,0.000102656,0.998348,0.998348,0.998348,0.998348,0.998348,0,0,0,0,0,0,0,0,0.998348,0.998348,0,0,0,0,34,0.998396,0.998348,0.998348,0,0,13.7,0,0,0,0,0,0,42.24,-10.8749,7.16585,78.18,121.4,0,0,0,0,0
neuromorpho__102A_2_l_Ngr2KO.swc,816,pyramidal,0.966849,0,400,415,0,0,0,0,0,0,0,0,0,0,0.987734,0.0102868,0.965066,0.978276,0.978276,0.978276,0.978276,0,0,0,0,0,0,0,0,0.997516,0.998348,0,0.978276,0.978276,0,68,0.991684,0.965066,0.978276,0,0,25.6,0.00333333,0,0,0,0,0,63.54,-6.59823,12.7334,145.68,117.3,67.14,-7.37112,10.6536,196.96,193.36
neuromorpho__102A_4_r_Ngr2KO_2.swc,739,pyramidal,0.958733,0,91,647,0,0,0,0,0,0,0,0,0,0,0.927543,0.183259,0.3,0.3,0.978276,0.978276,0.978276,0.0784844,0.0784844,0.0784844,0.0784844,0.0784844,0,0,0,0.998348,0.998348,0,0.917472,0.978276,0.0896445,69,0.942535,0.3,0.978276,0.057971,0.057971,24.6,0,0,0,0,0,0,56.78,10.8315,14.1534,40.38,68.2,116.76,-7.13977,20.0384,163.22,287.22
neuromorpho__10316c4.swc,1083,pyramidal,0.811339,496,586,0,0,0,0,0,0,0,0,0,0,0,0.718119,0.334588,0.3,0.3,0.3,0.3,0.984087,0.386888,0.386888,0.386888,0.42844,0.42844,0.405297,0.3,0.844758,0.982416,0.998348,0,0,0,0,60,0.687039,0.3,0.3,0.45,0.466667,34.5,0,66.83,4.9652,16.6836,188.68,455.44,75.71,17.5634,17.655,233.91,225.84,0,0,0,0,0
neuromorpho__103D_2_r_WT_2.swc,705,pyramidal,0.989469,0,204,500,0,0,0,0,0,0,0,0,0,0,0.969683,0.0991559,0.3,0.978276,0.978276,0.978276,0.978276,0.0212766,0.0212766,0.0212766,0.0212766,0.0212766,0,0,0,0.998348,0.998348,0,0.957928,0.978276,0.03,64,0.982099,0.3,0.978276,0,0.015625,20,0,0,0,0,0,0,36.83,-11.7059,9.27174,105.25,99.66,87.96,-6.60084,15.061,119.7,316.67
neuromorpho__10409c3.swc,1463,pyramidal,0.537624,0,219,1243,0,0,0,0,0,0,0,0,0,0,0.847781,0.0398765,0.3,0.839759,0.839759,0.839759,0.839759,0.00341763,0.00341763,0.00341763,0.00341763,0.863295,0,0,0,0.904941,0.901732,0,0.837588,0.839759,0.00402253,101,0.848843,0.3,0.839759,0,0.00990099,35,0,0,0,0,0,0,10.39,-0.503059,2.40609,46.87,115.24,167.61,15.3509,22.076,263.9,352.29
neuromorpho__104A_2_l_WT.swc,1052,pyramidal,0.992657,0,285,766,0,0,0,0,0,0,0,0,0,0,0.983734,0.00893315,0.978276,0.978276,0.978276,0.978276,0.978276,0,0,0,0,0,0,0,0,0.998348,0.998348,0,0.978276,0.978276,0,86,0.985064,0.978276,0.978276,0,0,27.5,0,0,0,0,0,0,157.23,-7.03614,29.9382,101.64,100.06,136.02,-2.77168,23.9088,139.64,252.56
neuromorpho__104A_2_r_WT.swc,1029,pyramidal,0.991111,0,427,601,0,0,0,0,0,0,0,0,0,0,0.986607,0.00987397,0.978276,0.978276,0.978276,0.978276,0.978276,0,0,0,0,0,0,0,0,0.998301,0.998348,0,0.978276,0.978276,0,101,0.986619,0.978276,0.978276,0,0,19,0,0,0,0,0,0,72.92,8.20192,13.562,189.85,190.61,90.87,8.03118,16.9254,174.81,257.77
neuromorpho__105A_2_r_WT.swc,879,pyramidal,0.986708,0,350,528,0,0,0,0,0,0,0,0,0,0,0.986293,0.0098329,0.978276,0.978276,0.978276,0.978276,0.978276,0,0,0,0,0,0,0,0,0.998348,0.998348,0,0.978276,0.978276,0,77,0.985075,0.978276,0.978276,0,0,30.4,0,0,0,0,0,0,70.56,-6.87489,12.4697,161.39,133.04,78.71,-5.72089,16.3465,141.17,200.93
neuromorpho__105B_1_r_WT.swc,867,pyramidal,0.973955,0,40,826,0,0,0.0149942,0.0149942,0.00451299,-0.0149942,0.0149942,0,0,0,0.978038,0.00818109,0.907486,0.978276,0.978276,0.978276,0.978276,0,0,0,0,0,0,0,0,0.972581,0.907486,0,0.978276,0.978276,0,70,0.978008,0.907486,0.978276,0,0,34,0,0,0,0,0,0,30.42,12.925,7.92036,35.71,21.26,89.52,-19.2576,15.6975,163.2,238.31
neuromorpho__106B_1_l_WT.swc,958,pyramidal,0.995437,0,296,661,0,0,0,0,0,0,0,0,0,0,0.97742,0.0701892,0.3,0.978276,0.978276,0.978276,0.978276,0.0104384,0.0104384,0.0104384,0.0104384,0.0104384,0,0,0,0.998348,0.998348,0,0.968015,0.978276,0.0151286,83,0.984218,0.3,0.978276,0,0,27,0,0,0,0,0,0,116.99,2.0175,22.6592,149.58,139.28,98.66,-3.93015,17.3347,237.04,386.59
neuromorpho__106E_1_l_WT_2.swc,1056,pyramidal,0.995899,0,348,707,0,0,0,0,0,0,0,0,0,0,0.984655,0.00962897,0.940555,0.978276,0.978276,0.978276,0.978276,0,0,0,0,0,0,0,0,0.997897,0.998348,0,0.978116,0.978276,0,75,0.988309,0.940555,0.978276,0,0,29.6,0,0,0,0,0,0,129.78,0.602241,25.3746,131.4,135.16,96.26,1.20639,15.4848,182.37,341.36
neuromorpho__1071-1-Sec5-LTL1.swc,2185,pyramidal,0.85868,791,362,1031,0,0,0,0,0.0181221,0,0,0,0,0,0.839307,0.0741455,0.746877,0.781747,0.792143,0.792314,0.799421,0,0,0,0.506636,0.839817,0.826996,0.792143,0,0.989811,0.998348,0,0.795751,0.781747,0,77,0.84117,0.746877,0.781476,0,0.493506,89,0,64.8,21.9344,13.4602,130.85,245.35,98.24,2.13536,23.1539,134.36,182.91,102.53,-6.82285,24.3586,148.22,267.96
neuromorpho__1071-2-Sec2-LTL2.swc,4734,interneuron,0.486584,0,4733,0,0,0,0,0,0,0,0,0,0,0,0.893385,0.0845485,0.3,0.743677,0.743677,0.931492,0.938402,0.00126743,0.00126743,0.00126743,0.229404,0.229404,0,0,0,0.893362,0.743677,0.00126769,0,0,0,211,0.893287,0.3,0.743677,0,0.232227,58,0,0,0,0,0,0,119.89,25.0028,25.8168,280.67,347.07,0,0,0,0,0
neuromorpho__1075-2-Sec3-LTL3.swc,1747,pyramidal,0.988368,0,999,747,0,0,0,0,0,0,0,0,0,0,0.955987,0.150481,0.3,0.978056,0.978276,0.978276,0.998348,0.0497997,0.0497997,0.0497997,0.0497997,0.0497997,0,0,0,0.998348,0.998348,0,0.899277,0.3,0.116466,45,0.98831,0.3,0.978276,0,0.0222222,92.4,0,0,0,0,0,0,86.86,10.2519,16.1954,222.73,163.62,59.76,4.57301,9.9309,117.41,291.57
neuromorpho__107B_2_l_Ngr2KO_2.swc,1110,pyramidal,0.995471,0,276,833,0,0,0,0,0,0,0,0,0,0,0.983286,0.00868894,0.978276,0.978276,0.978276,0.978276,0.978276,0,0,0,0,0,0,0,0,0.998348,0.998348,0,0.978276,0.978276,0,85,0.984907,0.978276,0.978276,0,0,29.2,-0.00333333,0,0,0,0,0,156.62,-1.14232,30.1585,126.92,103.86,183.36,3.73631,34.5946,116.09,346.67
neuromorpho__107B_3_r_Ngr2KO_2.swc,1177,pyramidal,0.997066,0,361,815,0,0,0,0,0,0,0,0,0,0,0.97638,0.0747837,0.3,0.978276,0.978276,0.978276,0.978276,0.0118946,0.0118946,0.0118946,0.0118946,0.0118946,0,0,0,0.998348,0.998348,0,0.96662,0.978276,0.0171779,106,0.983846,0.3,0.978276,0,0.00943396,26,0,0,0,0,0,0,107.89,-8.68,23.6134,212.19,124.5,111.95,-6.74974,20.2368,242.53,280.84
neuromorpho__1083-1-Sec6-LTL3.swc,1105,pyramidal,0.979809,0,1104,0,0,0,0,0,0,0,0,0,0,0,0.891984,0.164195,0.584627,0.584627,0.633611,0.633611,0.998348,0,0.0515837,0.271493,0.271493,0.271493,0,0,0,0.891886,0.633611,0.271739,0,0,0,40,0.935789,0.584627,0.633611,0.15,0.15,60.2,-0.373333,0,0,0,0,0,101.8,6.33296,15.2672,159.65,265.18,0,0,0,0,0
neuromorpho__1083-2-Sec1-BSL1.swc,3767,pyramidal,0.991985,7,2280,1479,0,0,0,0,0,0,0,0,0,0,0.985987,0.0171446,0.792143,0.967611,0.967611,0.967766,0.998348,0,0,0,0.00185824,0.00185824,0.792143,0.792143,0,0.998348,0.998348,0,0.96784,0.967611,0,92,0.985701,0.792143,0.967611,0,0.0108696,110.8,0,1.34,14.4614,0.591159,3.82,0.77,99.13,14.7379,22.9104,276.03,208.96,109.57,-0.879939,22.7381,121.14,258.01
neuromorpho__1083-3-Sec-5-BSL3.swc,1523,pyramidal,0.783494,0,918,604,0,0,0,0,0,0,0,0,0,0,0.924753,0.20209,0.3,0.3,0.978056,0.978276,0.998348,0.0945502,0.0945502,0.0945502,0.0945502,0.0945502,0,0,0,0.995867,0.982346,0,0.816544,0.3,0.238411,43,0.95441,0.3,0.9781,0.0465116,0.0697674,75.2,0,0,0,0,0,0,162.24,-11.0721,36.7199,175.2,184.36,246.08,-18.5719,68.5352,119.95,189.08
neuromorpho__1085-2-Sec5-LTL3.swc,2130,pyramidal,0.850729,0,2129,0,0,0,0,0,0,0,0,0,0,0,0.993597,0.00688733,0.978151,0.98356,0.98356,0.984087,0.998348,0,0,0,0,0,0,0,0,0.993594,0.98356,0,0,0,0,45,0.992688,0.978151,0.98356,0,0,111,0,0,0,0,0,0,83.83,10.8625,17.1208,213.54,303.27,0,0,0,0,0
neuromorpho__1085-3-Sec4-LTL4.swc,1398,pyramidal,0.828247,0,806,591,0,0,0,0,0.0391593,0,0,0,0,0,0.889673,0.130795,0.630581,0.713578,0.713578,0.733022,0.998348,0,0,0.0450644,0.309013,0.422747,0,0,0,0.997145,0.998348,0,0.742917,0.630581,0.106599,45,0.879099,0.630581,0.718607,0.0222222,0.422222,69.6,0,0,0,0,0,0,85.44,-14.9349,17.7631,168.13,193.37,76.39,-15.5247,13.014,289.04,167.11
neuromorpho__1086-4-Sec2-LTL2.swc,2303,pyramidal,0.935979,1037,1265,0,0,0,0,0,0,0,0,0,0,0,0.798817,0.224576,0.3,0.509999,0.51192,0.561519,0.998348,0.016066,0.305688,0.449848,0.452453,0.455493,0.558017,0.509999,0.994214,0.996056,0.998348,0.00395257,0,0,0,43,0.868418,0.3,0.578033,0.302326,0.325581,113.4,0,33.21,18.4701,6.94753,139.15,258.63,71.83,12.8258,16.0109,237.49,167.63,0,0,0,0,0
neuromorpho__1086-4-Sec2-LTL3.swc,1077,interneuron,0.828702,0,1076,0,0,0,0,0,0,0,0,0,0,0,0.998129,0.00744653,0.927978,0.998919,0.998919,0.998919,0.998919,0,0,0,0,0,0,0,0,0.998128,0.998919,0,0,0,0,34,0.996864,0.927978,0.998919,0,0,62.1,0,0,0,0,0,0,64.99,-16.9626,14.1316,206.42,337.33,0,0,0,0,0
neuromorpho__1087-1-Sec5-BSL1.swc,3851,pyramidal,0.944912,1119,2731,0,0,0,0,0,0,0,0,0,0,0,0.861525,0.208017,0.3,0.5143,0.535154,0.624286,0.998348,0.0495975,0.182031,0.306414,0.306414,0.306414,0.567057,0.495951,1,0.98213,0.979925,0.0223361,0,0,0,79,0.855617,0.3,0.534857,0.329114,0.329114,130.2,0,128.02,5.87624,31.7871,190.19,203.56,110.8,4.84406,20.8849,285.18,259.08,0,0,0,0,0
neuromorpho__108A_2_l_WT_2.swc,783,pyramidal,0.990932,0,64,718,0,0,0,0,0,0,0,0,0,0,0.979871,0.00539463,0.978276,0.978276,0.978276,0.978276,0.978276,0,0,0,0,0,0,0,0,0.997457,0.998348,0,0.978276,0.978276,0,76,0.981543,0.978276,0.978276,0,0,22,0,0,0,0,0,0,36.36,-3.01547,9.79847,47.23,23.66,145,-2.62994,22.7203,174.67,334.49
neuromorpho__108A_2_l_WT_5.swc,414,pyramidal,0.993305,0,0,413,0,0,0,0,0,0,0,0,0,0,0.978328,0.00106639,0.978276,0.978276,0.978276,0.978276,0.978276,0,0,0,0,0,0,0,0,0,0,0,0.978276,0.978276,0,38,0.978848,0.978276,0.978276,0,0,24.3,0,0,0,0,0,0,0,0,0,0,0,114.85,34.608,22.9934,150.43,264.37
neuromorpho__109C_2_r_Ngr2KO.swc,777,pyramidal,0.992954,0,336,440,0,0,0,0,0,0,0,0,0,0,0.980596,0.0479291,0.620938,0.978276,0.978276,0.978276,0.978276,0,0,0.016731,0.016731,0.016731,0,0,0,0.983576,0.998348,0.0386905,0.978276,0.978276,0,70,0.979299,0.620938,0.978276,0.0142857,0.0142857,28,0,0,0,0,0,0,114.36,-23.7476,25.8659,157.98,168.14,132.56,-16.7994,29.3018,176.26,384.09
neuromorpho__10N1-8162019-fcfc3a.swc,1752,interneuron,0.990519,0,1751,0,0,0,0,0,0,0,0,0,0,0,0.998919,2.58242e-05,0.998919,0.998919,0.998919,0.998919,0.998919,0,0,0,0,0,0,0,0,0.998919,0.998919,0,0,0,0,33,0.998952,0.998919,0.998919,0,0,119.6,0,0,0,0,0,0,22.95,-0.77325,4.1143,91.93,159.87,0,0,0,0,0
neuromorpho__10N1-8162019-fcfc4a.swc,3152,interneuron,0.991575,0,3151,0,0,0,0,0,0,0,0,0,0,0,0.998919,1.92555e-05,0.998919,0.998919,0.998919,0.998919,0.998919,0,0,0,0,0,0,0,0,0.998919,0.998919,0,0,0,0,54,0.998939,0.998919,0.998919,0,0,141.9,0,0,0,0,0,0,20.98,-1.79718,4.15559,131.73,291.22,0,0,0,0,0
neuromorpho__10N1-8162019-wt2a.swc,1420,interneuron,0.991631,0,1419,0,0,0,0,0,0,0,0,0,0,0,0.99892,2.86827e-05,0.998919,0.998919,0.998919,0.998919,0.998919,0,0,0,0,0,0,0,0,0.998919,0.998919,0,0,0,0,29,0.998956,0.998919,0.998919,0,0,90.8,0,0,0,0,0,0,20.95,-0.685433,3.64101,95.55,110.3,0,0,0,0,0
neuromorpho__10N1-8162019-wt4a.swc,2662,interneuron,0.993648,0,2661,0,0,0,0,0,0,0,0,0,0,0,0.998919,2.09523e-05,0.998919,0.998919,0.998919,0.998919,0.998919,0,0,0,0,0,0,0,0,0.998919,0.998919,0,0,0,0,65,0.998935,0.998919,0.998919,0,0,90.6,0,0,0,0,0,0,21.94,-0.938978,4.14741,123.46,175.24,0,0,0,0,0
neuromorpho__10N23DAT8-50717GFPwta_fcfc4a.swc,2458,interneuron,0.994672,0,2457,0,0,0,0,0,0,0,0,0,0,0,0.998919,2.18041e-05,0.998919,0.998919,0.998919,0.998919,0.998919,0,0,0,0,0,0,0,0,0.998919,0.998919,0,0,0,0,43,0.998944,0.998919,0.998919,0,0,134.4,0,0,0,0,0,0,18.95,-3.07966,4.41151,62.32,186.81,0,0,0,0,0
neuromorpho__10N4-8162019-b_fcfc3a.swc,2911,interneuron,0.992491,0,2910,0,0,0,0,0,0,0,0,0,0,0,0.998919,2.00365e-05,0.998919,0.998919,0.998919,0.998919,0.998919,0,0,0,0,0,0,0,0,0.998919,0.998919,0,0,0,0,47,0.998942,0.998919,0.998919,0,0,115.8,0,0,0,0,0,0,17.95,-2.79205,3.74139,105.9,258.14,0,0,0,0,0
neuromorpho__10N4-8162019-b_wt3a2.swc,6066,interneuron,0.949791,0,6065,0,0,0,0,0,0,0,0,0,0,0,0.998919,1.38813e-05,0.998919,0.998919,0.998919,0.998919,0.998919,0,0,0,0,0,0,0,0,0.998919,0.998919,0,0,0,0,92,0.998931,0.998919,0.998919,0,0,170.4,0,0,0,0,0,0,17.98,0.473967,4.02378,149.28,399.16,0,0,0,0,0
neuromorpho__10N4-8162019-b_wt5a.swc,3078,interneuron,0.978011,0,3077,0,0,0,0,0,0,0,0,0,0,0,0.97972,0.031518,0.927978,0.927978,0.927978,0.927978,0.998919,0,0,0,0,0,0,0,0,0.979714,0.927978,0,0,0,0,48,0.967905,0.927978,0.927978,0,0,156.2,0,0,0,0,0,0,16.98,-3.6528,3.69359,125.91,259.01,0,0,0,0,0
neuromorpho__10_Jul26-IR3-1a-MM.swc,6863,pyramidal,0.994729,0,2441,4421,0,0,0,0,0,0,0,0,0,0,0.875946,0.252604,0.3,0.3,0.3,0.978276,0.978276,0.161154,0.161154,0.161154,0.161154,0.161154,0,0,0,0.982613,0.998348,0.0225317,0.817023,0.3,0.237729,138,0.951331,0.3,0.918636,0.0507246,0.0507246,102.8,0,0,0,0,0,0,112.81,-13.4876,21.027,447.92,282.02,103.35,-12.7235,17.7478,389.93,643.95
neuromorpho__10_Jul26IR1a-MM.swc,11206,pyramidal,0.994594,0,4197,7008,0,0,0,0,0,0,0,0,0,0,0.904991,0.222684,0.3,0.3,0.3,0.978276,0.978276,0.119133,0.119133,0.119133,0.119133,0.119133,0,0,0,0.998348,0.998348,0,0.849067,0.3,0.190497,178,0.950694,0.3,0.978276,0.0617978,0.0674157,144.3,0,0,0,0,0,0,125.89,-12.506,26.0535,348.98,258.79,123,-11.2704,23.2222,337.89,581.95
neuromorpho__10_Jul30-IR2-2a-40x-low.swc,1464,pyramidal,0.961562,0,544,919,0,0,0,0,0,0,0,0,0,0,0.985749,0.00970456,0.978276,0.978276,0.978276,0.978276,0.978276,0,0,0,0,0,0,0,0,0.998348,0.998348,0,0.978276,0.978276,0,61,0.985542,0.978276,0.978276,0,0,61,0,0,0,0,0,0,53.78,-10.3301,12.9254,146.26,154.16,62.28,-9.35914,10.6694,123.99,215.03
neuromorpho__10month-Arctic-44-LR_3.swc,516,pyramidal,0.992321,0,0,515,0,0,0,0,0,0,0,0,0,0,0.978318,0.000955424,0.978276,0.978276,0.978276,0.978276,0.978276,0,0,0,0,0,0,0,0,0,0,0,0.978276,0.978276,0,58,0.97865,0.978276,0.978276,0,0,17,0,0,0,0,0,0,0,0,0,0,0,23.91,-2.28526,5.3378,162.33,293.46
neuromorpho__10month-Arctic-72144-R-3_2.swc,170,pyramidal,0.979236,0,0,169,0,0,0,0,0,0,0,0,0,0,0.978404,0.00166126,0.978276,0.978276,0.978276,0.978276,0.978276,0,0,0,0,0,0,0,0,0,0,0,0.978276,0.978276,0,24,0.979181,0.978276,0.978276,0,0,13.4,0,0,0,0,0,0,0,0,0,0,0,58.69,33.7332,20.8483,52.2,193.39
neuromorpho__10month-Arctic-C5aR1-KO-5-3_3.swc,806,pyramidal,0.989154,0,0,805,0,0,0,0,0,0,0,0,0,0,0.978303,0.000764725,0.978276,0.978276,0.978276,0.978276,0.978276,0,0,0,0,0,0,0,0,0,0,0,0.978276,0.978276,0,64,0.978615,0.978276,0.978276,0,0,28,0,0,0,0,0,0,0,0,0,0,0,28.89,0.204236,6.59331,249.82,353.86
neuromorpho__10month-Arctic-C5aR1-KO-52280-LR-2_1.swc,411,pyramidal,0.992418,0,0,410,0,0,0,0,0,0,0,0,0,0,0.978329,0.00107027,0.978276,0.978276,0.978276,0.978276,0.978276,0,0,0,0,0,0,0,0,0,0,0,0.978276,0.978276,0,36,0.978879,0.978276,0.978276,0,0,27,0,0,0,0,0,0,0,0,0,0,0,15.39,3.10246,2.4457,113.65,202.65
neuromorpho__10month-Arctic-C5aR1-KO-52280-LR_4.swc,173,pyramidal,0.897919,172,0,0,0,0,0,0,0,0,0,0,0,0,0.390247,0.230476,0.3,0.3,0.3,0.3,0.3,0.867052,0.867052,0.867052,0.867052,0.867052,0.386702,0.3,0.872093,0,0,0,0,0,0,12,0.408042,0.3,0.3,0.833333,0.833333,27.7,0,32.48,-9.58477,8.73802,85.05,346.09,0,0,0,0,0,0,0,0,0,0
neuromorpho__10month-Arctic-C5aR1-KO-52280-R_5.swc,486,pyramidal,0.99658,0,0,485,0,0,0,0,0,0,0,0,0,0,0.978321,0.000984412,0.978276,0.978276,0.978276,0.978276,0.978276,0,0,0,0,0,0,0,0,0,0,0,0.978276,0.978276,0,56,0.978664,0.978276,0.978276,0,0,20.5,0,0,0,0,0,0,0,0,0,0,0,22.94,0.278371,4.62948,99.62,316.86
neuromorpho__10month-Arctic-C5aR1-KO-5_1.swc,524,pyramidal,0.996964,0,0,523,0,0,0,0,0,0,0,0,0,0,0.978317,0.000948117,0.978276,0.978276,0.978276,0.978276,0.978276,0,0,0,0,0,0,0,0,0,0,0,0.978276,0.978276,0,60,0.978638,0.978276,0.978276,0,0,19.1,0,0,0,0,0,0,0,0,0,0,0,26.99,3.43354,5.10472,151.9,245.93
neuromorpho__10month-C5aR1-KO-52280-L-2_2.swc,181,pyramidal,0.983367,0,0,180,0,0,0,0,0,0,0,0,0,0,0.978396,0.00161027,0.978276,0.978276,0.978276,0.978276,0.978276,0,0,0,0,0,0,0,0,0,0,0,0.978276,0.978276,0,18,0.979483,0.978276,0.978276,0,0,18,0,0,0,0,0,0,0,0,0,0,0,23.14,-2.82472,5.21278,91.75,352.83
neuromorpho__10month-C5aR1-KO-52280-N_4.swc,484,pyramidal,0.990469,0,0,483,0,0,0,0,0,0,0,0,0,0,0.978321,0.00098644,0.978276,0.978276,0.978276,0.978276,0.978276,0,0,0,0,0,0,0,0,0,0,0,0.978276,0.978276,0,42,0.978793,0.978276,0.978276,0,0,30.1,0,0,0,0,0,0,0,0,0,0,0,23,4.70841,4.26236,124.62,225.07
neuromorpho__10month-wt-44-LL_2.swc,409,pyramidal,0.994164,0,0,408,0,0,0,0,0,0,0,0,0,0,0.978329,0.00107287,0.978276,0.978276,0.978276,0.978276,0.978276,0,0,0,0,0,0,0,0,0,0,0,0.978276,0.978276,0,62,0.978626,0.978276,0.978276,0,0,16.9,0,0,0,0,0,0,0,0,0,0,0,38.38,-2.33466,7.65993,172.52,253.21
neuromorpho__10month-wt-45-L-2_2.swc,438,pyramidal,0.994251,0,0,437,0,0,0,0,0,0,0,0,0,0,0.978325,0.00103683,0.978276,0.978276,0.978276,0.978276,0.978276,0,0,0,0,0,0,0,0,0,0,0,0.978276,0.978276,0,48,0.978728,0.978276,0.978276,0,0,20,0,0,0,0,0,0,0,0,0,0,0,26.47,2.90549,5.49532,151.91,309.85
neuromorpho__10month-wt-4_4.swc,434,pyramidal,0.992147,0,0,433,0,0,0,0,0,0,0,0,0,0,0.978326,0.00104159,0.978276,0.978276,0.978276,0.978276,0.978276,0,0,0,0,0,0,0,0,0,0,0,0.978276,0.978276,0,34,0.978915,0.978276,0.978276,0,0,32.8,0,0,0,0,0,0,0,0,0,0,0,28.7,1.13469,6.62705,115.52,260.09
neuromorpho__10month-wt-H364-2-2_1.swc,613,pyramidal,0.988786,0,0,612,0,0,0,0,0,0,0,0,0,0,0.978311,0.000876713,0.978276,0.978276,0.978276,0.978276,0.978276,0,0,0,0,0,0,0,0,0,0,0,0.978276,0.978276,0,64,0.978615,0.978276,0.978276,0,0,21.4,0,0,0,0,0,0,0,0,0,0,0,26.33,4.0133,5.72325,123.71,225.84
neuromorpho__10n03c4.swc,815,pyramidal,0.96906,0,511,303,0,0,0,0,0,0,0,0,0,0,0.925704,0.0960721,0.3,0.804092,0.8044,0.80518,0.998348,0.00122699,0.00122699,0.00122699,0.00736196,0.371779,0,0,0,0.998348,0.998348,0,0.802948,0.804092,0.00330033,39,0.953252,0.3,0.804338,0,0.0512821,44.2,0,0,0,0,0,0,94.49,14.9023,17.5627,199.59,148.27,89.49,15.5969,22.307,88.26,456.48
neuromorpho__10n12c4.swc,845,pyramidal,0.864318,446,398,0,0,0,0,0,0,0,0,0,0,0,0.954003,0.104951,0.3,0.938242,0.938242,0.953981,0.974601,0.0189349,0.0189349,0.0402367,0.0402367,0.0402367,0.952277,0.938242,0.0179372,0.955822,0.950709,0.0653266,0,0,0,76,0.962981,0.3,0.938242,0.0131579,0.0131579,30.5,0,111.5,28.1251,22.7757,295.35,482.38,101.85,29.5142,24.4368,151.64,437.13,0,0,0,0,0
neuromorpho__10o27c7.swc,3213,pyramidal,0.693355,0,2895,317,0,0,0.195145,0.195145,0.0141538,-0.195145,0.195145,0,0,0,0.4979,0.266494,0.3,0.3,0.3,0.3,0.3,0.605664,0.76315,0.764395,0.776844,0.822284,0,0,0,0.445133,0.3,0.848359,0.978207,0.978056,0,54,0.538702,0.3,0.3,0.703704,0.759259,140.4,0,0,0,0,0,0,108.36,16.5467,21.4443,995.01,1177.57,25.99,2.79407,6.55099,177.37,242
neuromorpho__110412-s3-2.swc,21668,interneuron,0.997072,21451,216,0,0,0,0,0,0,0,0,0,0,0,0.637042,0.349151,0.3,0.3,0.3,0.3,0.3,0.51763,0.51763,0.51763,0.51763,0.51763,0.633381,0.3,0.522866,0.998919,0.998919,0,0,0,0,286,0.666582,0.3,0.3,0.465035,0.5,211,0,521.53,-18.2152,83.8194,394.74,879.97,40.08,-18.8776,12.8289,41.07,104.1,0,0,0,0,0
neuromorpho__110A_2_r_Ngr2KO_3.swc,164,pyramidal,0.95624,5,10,148,0,0,0,0,0,0,0,0,0,0,0.973768,0.0336898,0.785937,0.978276,0.978276,0.978276,0.978276,0,0,0,0.0304878,0.0304878,0.785937,0.785937,0,0.998348,0.998348,0,0.978276,0.978276,0,16,0.971376,0.785937,0.978276,0,0.0625,22,0,5.32,-5.438,1.89317,2.11,12.07,14.34,3.694,4.56158,24.18,9.43,104.08,-23.3679,21.7281,155.21,206.52
neuromorpho__110A_2_r_Ngr2KO_8.swc,291,pyramidal,0.99044,0,14,276,0,0,0.0137457,0.0137457,0.00286569,-0.0137457,0.0137457,0,0,0,0.838039,0.0621204,0.799421,0.804092,0.804092,0.8044,0.80518,0,0,0,0.0103093,0.865979,0,0,0,0.956566,0.876542,0,0.83144,0.804092,0,41,0.835172,0.799421,0.804092,0,0.0243902,14,0,0,0,0,0,0,25.7,0.537857,7.76317,22.54,13.72,38.72,-1.70942,7.82711,124.48,226.28
neuromorpho__110B_1_r_Ngr2KO_1.swc,351,pyramidal,0.984509,0,57,293,0,0,0,0,0,0,0,0,0,0,0.978174,0.0360649,0.597788,0.978276,0.978276,0.978276,0.978276,0,0.00854701,0.00854701,0.00854701,0.00854701,0,0,0,0.977266,0.998348,0.0526316,0.978276,0.978276,0,36,0.972213,0.597788,0.978276,0.0277778,0.0277778,20.5,0,0,0,0,0,0,30.09,-7.79947,5.38298,48.39,78.88,82.05,-5.63232,17.4217,81.76,246.88
neuromorpho__110E_2_L_Ngr2KO_1.swc,187,pyramidal,0.915772,0,0,186,0,0,0,0,0,0,0,0,0,0,0.933889,0.0737008,0.795432,0.795432,0.80518,0.889189,0.978056,0,0,0,0.0695187,0.278075,0,0,0,0,0,0,0.933533,0.80518,0,12,0.885147,0.795432,0.804478,0,0.0833333,28,0,0,0,0,0,0,0,0,0,0,0,85.98,-22.8392,12.9316,133.45,175.02
neuromorpho__1115-07-19-R1.swc,158,pyramidal,0.991588,0,157,0,0,0,0,0,0,0,0,0,0,0,0.989907,0.00888353,0.972896,0.978151,0.978151,0.980058,0.998348,0,0,0,0,0,0,0,0,0.989843,0.978151,0,0,0,0,32,0.992223,0.972896,0.979939,0,0,11,0,0,0,0,0,0,97.04,4.05828,20.35,174.83,232.4,0,0,0,0,0
neuromorpho__1115-07-22-R1.swc,163,pyramidal,0.992449,0,162,0,0,0,0,0,0,0,0,0,0,0,0.998358,0.000129005,0.998348,0.998348,0.998348,0.998348,0.998348,0,0,0,0,0,0,0,0,0.998348,0.998348,0,0,0,0,38,0.998391,0.998348,0.998348,0,0,8.3,0,0,0,0,0,0,75.42,1.26086,16.7323,117.3,159.89,0,0,0,0,0
neuromorpho__1116-1-Sec6-LTL3.swc,709,pyramidal,0.985059,0,289,419,0,0,0,0,0,0,0,0,0,0,0.981067,0.0159196,0.889189,0.962713,0.962713,0.967766,0.977851,0,0,0,0,0.00846262,0,0,0,0.995832,0.978151,0,0.970838,0.962713,0,25,0.985672,0.889189,0.9718,0,0,70.8,0,0,0,0,0,0,22.15,-12.6956,6.03233,119.2,75.42,54.38,8.69986,15.8869,90.35,147.7
neuromorpho__1116-1-Sec7-BSL1.swc,1095,pyramidal,0.98018,226,868,0,0,0,0,0,0,0,0,0,0,0,0.928297,0.132152,0.626067,0.682058,0.686088,0.998348,0.998348,0,0,0.123288,0.221005,0.221005,0.68548,0.628269,0.526549,0.991436,0.998348,0.0184332,0,0,0,35,0.90841,0.626067,0.68367,0.142857,0.285714,82.2,0,52.19,2.27088,14.8443,128.04,160.35,54.86,-2.93209,13.0213,157,165.08,0,0,0,0,0
neuromorpho__1116-3-Sec2-LTL1.swc,817,pyramidal,0.942706,105,711,0,0,0,0,0,0,0,0,0,0,0,0.978299,0.0522139,0.842333,0.842333,0.842333,0.998348,0.998348,0,0,0,0,0.128519,0.842333,0.842333,0,0.998348,0.998348,0,0,0,0,32,0.993524,0.842333,0.998348,0,0,66.2,0,42.36,-16.9153,16.3715,61.38,20.32,112.01,-2.18089,26.7321,88.43,187.53,0,0,0,0,0
neuromorpho__1117-1-Sec5-BSL1.swc,1095,pyramidal,0.988155,0,1094,0,0,0,0,0,0,0,0,0,0,0,0.914166,0.158046,0.584627,0.620185,0.620185,0.998348,0.998348,0,0.0210046,0.221005,0.221005,0.221005,0,0,0,0.914087,0.620185,0.221207,0,0,0,35,0.887089,0.584627,0.616237,0.285714,0.285714,82.2,0,0,0,0,0,0,58.32,-1.1682,13.8666,160.35,304.56,0,0,0,0,0
neuromorpho__111A_2_r_Ngr2KO.swc,671,pyramidal,0.99234,16,312,342,0,0,0,0,0,0,0,0,0,0,0.982536,0.0355366,0.764182,0.978276,0.978276,0.978276,0.978276,0,0,0,0.023845,0.023845,0.764182,0.764182,0,0.998348,0.998348,0,0.978276,0.978276,0,63,0.984143,0.764182,0.978276,0,0.015873,22.8,0,24.08,-9.94063,7.9125,10.83,36.76,94.73,13.0543,19.8818,167.46,193.14,106,13.4822,20.7046,118.28,216.21
neuromorpho__111B_1_r_CA1_1_Ngr2KO_1.swc,240,pyramidal,0.975201,0,92,147,0,0,0,0,0,0,0,0,0,0,0.986061,0.0097879,0.978276,0.978276,0.978276,0.978276,0.978276,0,0,0,0,0,0,0,0,0.998348,0.998348,0,0.978276,0.978276,0,22,0.986562,0.978276,0.978276,0,0,18,0,0,0,0,0,0,50.63,-1.60935,13.0159,76.72,69.74,54.6,-9.04687,12.1094,78.13,242.41
neuromorpho__111C_1_l_Ngr2KO.swc,296,pyramidal,0.910109,21,9,265,0,0,0,0,0,0,0,0,0,0,0.976108,0.0110643,0.938242,0.938242,0.978276,0.978276,0.978276,0,0,0,0,0,0.938242,0.938242,0,0.997982,0.99725,0,0.978276,0.978276,0,31,0.978945,0.938242,0.978276,0,0,21,0,15.13,2.65571,3.25532,26.57,81.5,23.79,2.69444,8.35694,9.11,26.16,62.28,0.0701509,11.58,211.48,203.95
neuromorpho__111C_2_r_Ngr2KO.swc,651,pyramidal,0.992731,0,401,249,0,0,0,0,0,0,0,0,0,0,0.971919,0.113706,0.3,0.978276,0.978276,0.978276,0.998348,0.0276498,0.0276498,0.0276498,0.0276498,0.0276498,0,0,0,0.998348,0.998348,0,0.929244,0.978276,0.0722892,54,0.986866,0.3,0.978276,0,0.0185185,25.4,0,0,0,0,0,0,123.97,-10.1877,18.1975,177.71,132.84,91.27,-8.03229,18.7521,234.01,304.16
neuromorpho__111D_1_l_Ngr2KO_2.swc,451,pyramidal,0.993865,6,136,308,0,0,0,0,0,0,0,0,0,0,0.983219,0.0141026,0.89124,0.978276,0.978276,0.978276,0.978276,0,0,0,0,0.0133038,0.89124,0.89124,0,0.998348,0.998348,0,0.978276,0.978276,0,45,0.986637,0.89124,0.978276,0,0,21.2,0,7.86,-3.21667,2.62442,7.84,27.49,76.5,2.85485,19.7112,75.81,84.86,65.91,1.82256,11.5947,128.31,205.05
neuromorpho__11228c1.swc,1142,pyramidal,0.989189,83,280,778,0,0,0,0,0,0,0,0,0,0,0.640337,0.323782,0.3,0.3,0.3,0.3,0.633611,0.455342,0.468476,0.521016,0.521016,0.582312,0.642344,0.3,0.385542,0.750458,0.3,0.478571,0.600029,0.3,0.551414,49,0.753426,0.3,0.3,0.367347,0.367347,58.4,0,6,3.23783,2.05091,151.65,249.96,36.5,7.20893,7.44348,121.21,558.58,51.61,32.4925,16.0465,360.55,963.51
neuromorpho__1124-1-Sec2-LTL2.swc,1086,pyramidal,0.975143,64,1021,0,0,0,0,0,0,0,0,0,0,0,0.976886,0.0975044,0.3,0.842333,0.998348,0.998348,0.998348,0.0174954,0.0174954,0.0174954,0.0174954,0.0764273,0.842333,0.842333,0,0.985298,0.998348,0.0186092,0,0,0,36,0.990989,0.3,0.998348,0,0,66.5,0,4.57,-13.7627,1.19922,57.75,66.39,118,-27.3609,17.5484,217.96,351.63,0,0,0,0,0
neuromorpho__1128-2-Sec2-LTL2.swc,1825,pyramidal,0.660901,31,996,797,0,0,0.436712,0.436712,0.0668545,0,-0.436712,0.436712,0.436712,0,0.842242,0.147814,0.3,0.628145,0.633611,0.816379,0.842333,0.0241096,0.0241096,0.189041,0.189041,0.638356,0.938242,0.938242,0,0.84439,0.628145,0.346386,0.835624,0.816332,0,35,0.860203,0.3,0.633611,0.142857,0.142857,157.6,0,1.18,-0.246452,0.454934,14.32,27.63,367.33,-21.1407,51.0925,180.22,184.9,39.24,18.8992,10.3899,133.07,229.83
neuromorpho__1128-3-Sec1-BSL1.swc,2930,pyramidal,0.796145,0,1941,988,0,0,0,0,0,0,0,0,0,0,0.99158,0.00948959,0.978276,0.978276,0.978276,0.978276,0.998348,0,0,0,0,0,0,0,0,0.998348,0.998348,0,0.978276,0.978276,0,88,0.99084,0.978276,0.978276,0,0,80.1,0,0,0,0,0,0,174.84,0.670046,30.4225,325.75,266.55,106.61,8.39454,19.1069,183.59,368.48
neuromorpho__1128-3-Sec1-LTL1.swc,1756,pyramidal,0.910211,0,1755,0,0,0,0,0,0,0,0,0,0,0,0.919953,0.150724,0.590304,0.590304,0.613606,0.978151,0.998348,0,0.094533,0.183371,0.183371,0.183371,0,0,0,0.919907,0.613606,0.183476,0,0,0,41,0.944613,0.590304,0.638093,0.121951,0.121951,114,0,0,0,0,0,0,70.88,-3.13039,16.9974,220.95,333.97,0,0,0,0,0
neuromorpho__112A_1_R_WT.swc,541,pyramidal,0.992812,0,177,363,0,0,0,0,0,0,0,0,0,0,0.984883,0.00943561,0.978276,0.978276,0.978276,0.978276,0.978276,0,0,0,0,0,0,0,0,0.998348,0.998348,0,0.978276,0.978276,0,62,0.987044,0.978276,0.978276,0,0,20.7,0,0,0,0,0,0,54.98,-14.3577,11.2385,138.84,65.58,76.96,-19.9769,14.1569,169.03,220.52
neuromorpho__112D_2_L_WT.swc,501,pyramidal,0.996907,0,233,267,0,0,0,0,0,0,0,0,0,0,0.9875,0.0101624,0.977851,0.977851,0.977851,0.978056,0.978056,0,0,0,0,0,0,0,0,0.998348,0.998348,0,0.977987,0.977851,0,57,0.990872,0.977851,0.977851,0,0,19.2,0,0,0,0,0,0,77.72,4.02957,17.8571,98.95,77.7,94.53,13.9587,24.64,126.98,236.37
neuromorpho__112F_2_L_WT_1.swc,321,pyramidal,0.927696,0,95,225,0,0,0,0,0,0,0,0,0,0,0.849359,0.10159,0.675815,0.675815,0.78682,0.799421,0.799421,0,0,0.05919,0.700935,0.700935,0,0,0,0.998348,0.998348,0,0.785784,0.759145,0.0844444,34,0.865056,0.675815,0.767224,0.0294118,0.617647,19.7,0,0,0,0,0,0,46.18,-15.0142,11.6874,78.98,88.85,38.2,-20.4551,5.27853,83.77,299.21
neuromorpho__11302c2.swc,1146,pyramidal,0.990032,102,434,609,0,0,0,0,0,0,0,0,0,0,0.755582,0.266414,0.3,0.3,0.3,0.792314,0.80518,0.234729,0.234729,0.234729,0.320244,0.637871,0.794275,0.792314,0,0.966166,0.998348,0.0460829,0.598629,0.3,0.408867,61,0.787999,0.3,0.3,0.196721,0.278689,42,0,20.49,4.49471,6.57272,108.1,205.08,38,6.07258,8.3493,323.35,218.92,56.5,12.722,9.34813,356.25,1048.4
neuromorpho__11303c5.swc,1625,pyramidal,0.972304,557,625,442,0,0,0,0,0,0,0,0,0,0,0.837738,0.277479,0.3,0.3,0.3,0.894919,0.980576,0.208615,0.208615,0.208615,0.208615,0.279385,0.940187,0.876392,0.0287253,0.962592,0.998348,0.0512,0.531719,0.3,0.658371,67,0.904582,0.3,0.845905,0.0895522,0.0895522,57.2,0,46.59,9.25513,10.2338,170.52,523.69,49,5.7136,10.3722,202.48,407.58,53.5,7.77262,8.85426,144.14,889.07
neuromorpho__113E_2_L_WT_1.swc,238,pyramidal,0.995263,3,98,136,0,0,0,0,0,0,0,0,0,0,0.984412,0.0228305,0.802151,0.978276,0.978276,0.978276,0.978276,0,0,0,0,0.012605,0.802151,0.802151,0,0.998348,0.998348,0,0.978276,0.978276,0,27,0.982965,0.802151,0.978276,0,0,19,0,0,1.62,0,4.67,4.22,45.19,3.43898,10.8335,55.09,113.5,42.94,-21.141,10.63,78.05,221.47
neuromorpho__11502-23-L1.swc,234,pyramidal,0.989501,0,233,0,0,0,0,0,0,0,0,0,0,0,0.998355,0.00010777,0.998348,0.998348,0.998348,0.998348,0.998348,0,0,0,0,0,0,0,0,0.998348,0.998348,0,0,0,0,65,0.998373,0.998348,0.998348,0,0,8.6,0,0,0,0,0,0,110.51,-1.81094,24.7552,174.28,192.24,0,0,0,0,0
neuromorpho__11503-21-L1.swc,260,pyramidal,0.994399,0,259,0,0,0,0,0,0,0,0,0,0,0,0.998354,0.000102262,0.998348,0.998348,0.998348,0.998348,0.998348,0,0,0,0,0,0,0,0,0.998348,0.998348,0,0,0,0,41,0.998388,0.998348,0.998348,0,0,13,0,0,0,0,0,0,125.13,-5.94595,25.518,192.33,194.87,0,0,0,0,0
neuromorpho__11503-23R1.swc,304,pyramidal,0.925242,0,303,0,0,0,0,0,0,0,0,0,0,0,0.998353,9.45986e-05,0.998348,0.998348,0.998348,0.998348,0.998348,0,0,0,0,0,0,0,0,0.998348,0.998348,0,0,0,0,60,0.998375,0.998348,0.998348,0,0,8.2,0,0,0,0,0,0,111.62,2.54257,22.9814,151.25,144.36,0,0,0,0,0
neuromorpho__11503-23R2.swc,180,pyramidal,0.986599,0,179,0,0,0,0,0,0,0,0,0,0,0,0.988789,0.00940603,0.965066,0.978151,0.978151,0.978151,0.984087,0,0,0,0,0,0,0,0,0.988726,0.978151,0,0,0,0,30,0.989018,0.965066,0.978151,0,0,12.3,0,0,0,0,0,0,68.36,3.57542,15.5302,157.73,217.47,0,0,0,0,0
neuromorpho__11505-23-R1.swc,259,pyramidal,0.988887,0,258,0,0,0,0,0,0,0,0,0,0,0,0.998354,0.000102458,0.998348,0.998348,0.998348,0.998348,0.998348,0,0,0,0,0,0,0,0,0.998348,0.998348,0,0,0,0,73,0.998371,0.998348,0.998348,0,0,6,-0.00333333,0,0,0,0,0,114.38,-9.16748,20.3661,176.23,139.52,0,0,0,0,0
neuromorpho__11505-27-R1.swc,248,pyramidal,0.955182,0,247,0,0,0,0,0,0,0,0,0,0,0,0.998355,0.000104697,0.998348,0.998348,0.998348,0.998348,0.998348,0,0,0,0,0,0,0,0,0.998348,0.998348,0,0,0,0,52,0.99838,0.998348,0.998348,0,0,9,0,0,0,0,0,0,106.58,-5.16453,20.7052,131.31,277.58,0,0,0,0,0
neuromorpho__11508-20-R1.swc,239,pyramidal,0.990071,0,238,0,0,0,0,0,0,0,0,0,0,0,0.998355,0.000106642,0.998348,0.998348,0.998348,0.998348,0.998348,0,0,0,0,0,0,0,0,0.998348,0.998348,0,0,0,0,61,0.998375,0.998348,0.998348,0,0,10,0,0,0,0,0,0,99.37,-8.90433,18.2217,151.55,170.36,0,0,0,0,0
neuromorpho__11509-22-L1.swc,146,pyramidal,0.996394,0,145,0,0,0,0,0,0,0,0,0,0,0,0.998359,0.00013626,0.998348,0.998348,0.998348,0.998348,0.998348,0,0,0,0,0,0,0,0,0.998348,0.998348,0,0,0,0,43,0.998386,0.998348,0.998348,0,0,6,0,0,0,0,0,0,118.9,0.208897,18.383,125.69,174.5,0,0,0,0,0
neuromorpho__11509-25-R1.swc,277,pyramidal,0.994997,0,276,0,0,0,0,0,0,0,0,0,0,0,0.998354,9.90859e-05,0.998348,0.998348,0.998348,0.998348,0.998348,0,0,0,0,0,0,0,0,0.998348,0.998348,0,0,0,0,44,0.998385,0.998348,0.998348,0,0,12,0,0,0,0,0,0,105.16,-4.76891,18.562,154.39,174.73,0,0,0,0,0
neuromorpho__11510-23-R1.swc,143,pyramidal,0.995184,0,142,0,0,0,0,0,0,0,0,0,0,0,0.998359,0.000137672,0.998348,0.998348,0.998348,0.998348,0.998348,0,0,0,0,0,0,0,0,0.998348,0.998348,0,0,0,0,47,0.998383,0.998348,0.998348,0,0,5,0,0,0,0,0,0,65.88,-0.461408,13.5416,152.82,203.08,0,0,0,0,0
neuromorpho__11713c2.swc,1478,pyramidal,0.426245,0,521,956,0,0,0,0,0,0,0,0,0,0,0.676436,0.244629,0.3,0.3,0.3,0.3,0.743646,0.280108,0.280108,0.280108,0.64682,0.675237,0,0,0,0.905022,0.902697,0,0.551523,0.3,0.433054,87,0.697241,0.3,0.3,0.298851,0.609195,38,0,0,0,0,0,0,82.5,19.4904,18.0791,184.39,339.3,90,39.8873,21.681,596.38,844.5
neuromorpho__11818c1.swc,1284,pyramidal,0.68589,376,907,0,0,0,0,0,0,0,0,0,0,0,0.739521,0.26807,0.3,0.3,0.3,0.583266,0.791702,0.179128,0.402648,0.5,0.5,0.5,0.600711,0.3,0.566489,0.796778,0.577561,0.472988,0,0,0,68,0.666875,0.3,0.3,0.588235,0.588235,42.5,0,61.49,15.3774,13.7394,331.81,407.33,95.37,9.05,18.2066,344.42,415.52,0,0,0,0,0
neuromorpho__11A3neuron1.swc,3927,pyramidal,0.795063,0,3926,0,0,0,0,0,0,0,0,0,0,0,0.96948,0.0983602,0.3,0.643406,0.998348,0.998348,0.998348,0.00101859,0.00101859,0.0802139,0.0802139,0.0802139,0,0,0,0.969472,0.998348,0.0802343,0,0,0,58,0.985855,0.3,0.998348,0.0344828,0.0344828,162,0,0,0,0,0,0,159.34,-0.115003,27.2891,246.71,302.94,0,0,0,0,0
neuromorpho__11C2neuron3.swc,2469,interneuron,0.484936,0,2468,0,0,0,0,0,0,0,0,0,0,0,0.935355,0.00608385,0.929951,0.929951,0.929951,0.929951,0.929951,0,0,0,0,0,0,0,0,0.935329,0.929951,0,0,0,0,48,0.936892,0.929951,0.929951,0,0,108.1,0,0,0,0,0,0,102.02,-19.735,22.8807,234.84,299.75,0,0,0,0,0
neuromorpho__11C3neuron4.swc,2440,pyramidal,0.911553,260,2179,0,0,0,0,0,0.00715146,0,0,0,0,0,0.968081,0.0654983,0.3,0.943109,0.949794,0.953981,0.982987,0.000819672,0.000819672,0.0311475,0.0311475,0.0311475,0.945847,0.950853,0.00769231,0.97072,0.949794,0.0339605,0,0,0,44,0.97325,0.3,0.950112,0.0227273,0.0227273,116.9,0,120.06,-60.1349,33.3247,139.74,131.2,96.86,14.2115,19.3522,236.85,291.92,0,0,0,0,0
neuromorpho__11_06_13_-2_Cell_-4.swc,32289,pyramidal,0.914938,7233,10572,14483,0,0,0,0,0,0,0,0,0,0,0.640335,0.336336,0.3,0.3,0.3,0.3,0.633611,0.485057,0.485057,0.516275,0.523491,0.523491,0.614033,0.3,0.538642,0.880822,0.3,0.197881,0.477899,0.3,0.737554,162,0.70821,0.3,0.3,0.395062,0.45679,448.2,0,317.97,-75.2624,84.248,1166.55,756.46,208.29,-32.7866,43.9193,658.4,360.88,318.58,-50.2109,54.0171,634.01,1035.86
neuromorpho__11_13_17_1_7.swc,6432,interneuron,0.994504,2971,3460,0,0,0,0,0,0,0,0,0,0,0,0.888786,0.254142,0.3,0.3,0.3,0.998919,0.998919,0.157027,0.157027,0.157027,0.157027,0.157027,0.7619,0.3,0.337933,0.997707,0.998919,0.0017341,0,0,0,276,0.809911,0.3,0.3,0.268116,0.268116,59,0,226.18,-14.4307,38.6789,252.32,711.79,131.47,23.0016,23.8392,252.34,637.74,0,0,0,0,0
neuromorpho__11_49.swc,6995,pyramidal,0.994651,0,6994,0,0,0,0,0,0,0,0,0,0,0,0.996065,0.0283771,0.643406,0.998348,0.998348,0.998348,0.998348,0,0,0.00643317,0.00643317,0.00643317,0,0,0,0.996064,0.998348,0.00643409,0,0,0,356,0.997356,0.643406,0.998348,0.00280899,0.00280899,41,0,0,0,0,0,0,0.76,2.1447e-05,0.00713745,89.38,111.63,0,0,0,0,0
neuromorpho__11_50.swc,9406,pyramidal,0.98567,0,9405,0,0,0,0,0,0,0,0,0,0,0,0.998348,1.70338e-05,0.998348,0.998348,0.998348,0.998348,0.998348,0,0,0,0,0,0,0,0,0.998348,0.998348,0,0,0,0,484,0.998351,0.998348,0.998348,0,0,38,0,0,0,0,0,0,0,0,0,96.3,110.87,0,0,0,0,0
neuromorpho__11_51.swc,2873,pyramidal,0.996414,0,2872,0,0,0,0,0,0,0,0,0,0,0,0.997073,0.0215776,0.631972,0.998348,0.998348,0.998348,0.998348,0,0,0.00348068,0.00348068,0.00348068,0,0,0,0.997072,0.998348,0.00348189,0,0,0,209,0.996603,0.631972,0.998348,0.00478469,0.00478469,26.2,0,0,0,0,0,0,0,0,0,87.19,118.78,0,0,0,0,0
neuromorpho__11b.swc,2950,interneuron,0.491997,0,2949,0,0,0,0,0,0,0,0,0,0,0,0.835036,0.219933,0.3,0.3,0.3,0.912052,0.912052,0.144068,0.144068,0.144068,0.144068,0.144068,0,0,0,0.83498,0.3,0.144117,0,0,0,28,0.896234,0.3,0.787239,0.0357143,0.107143,297.5,0,0,0,0,0,0,65.64,6.54634,14.2363,244.26,310.67,0,0,0,0,0
neuromorpho__121012V1-2Slice2Cell1.swc,550,pyramidal,0.993403,0,178,371,0,0,0,0,0,0,0,0,0,0,0.960095,0.128564,0.3,0.978276,0.978276,0.978276,0.978276,0.0363636,0.0363636,0.0363636,0.0363636,0.0363636,0,0,0,0.998188,0.998348,0,0.941711,0.978276,0.0539084,54,0.960772,0.3,0.978276,0.037037,0.037037,21.7,0,0,0,0,0,0,51.76,2.74371,8.9466,217.7,149.99,70.09,2.9403,15.4378,185.63,534.44
neuromorpho__121012V1-2Slice2Cell2.swc,476,pyramidal,0.940259,0,232,243,0,0,0,0,0.0425584,0,0,0,0,0,0.985215,0.0151953,0.946407,0.95119,0.95569,0.978276,0.978276,0,0,0,0,0,0,0,0,0.998348,0.998348,0,0.972615,0.95119,0,54,0.987187,0.946407,0.978276,0,0,18.7,0,0,0,0,0,0,41.66,-1.03185,7.81331,213.06,142.2,36.26,-1.71938,7.76395,215.82,284.97
neuromorpho__12D2neuron3.swc,1557,interneuron,0.360025,0,1556,0,0,0,0,0,0,0,0,0,0,0,0.883362,0.172896,0.3,0.3,0.892566,0.933971,0.941384,0.0802826,0.0802826,0.0802826,0.0802826,0.170199,0,0,0,0.883287,0.892566,0.0803342,0,0,0,20,0.920523,0.3,0.858486,0,0.05,165.6,0,0,0,0,0,0,150.89,-17.869,40.7976,323.9,320.36,0,0,0,0,0
neuromorpho__12N5-8162019-b-wt7a.swc,2791,interneuron,0.992192,0,2790,0,0,0,0,0,0,0,0,0,0,0,0.998919,2.04625e-05,0.998919,0.998919,0.998919,0.998919,0.998919,0,0,0,0,0,0,0,0,0.998919,0.998919,0,0,0,0,84,0.998932,0.998919,0.998919,0,0,84.7,0,0,0,0,0,0,16.98,1.1831,4.53625,117,245.32,0,0,0,0,0
neuromorpho__12N7-8162019-b-wt1a.swc,3276,interneuron,0.990551,0,3275,0,0,0,0,0,0,0,0,0,0,0,0.998919,1.88877e-05,0.998919,0.998919,0.998919,0.998919,0.998919,0,0,0,0,0,0,0,0,0.998919,0.998919,0,0,0,0,47,0.998942,0.998919,0.998919,0,0,190.2,0,0,0,0,0,0,23.91,0.856977,4.96899,141.05,159.24,0,0,0,0,0
neuromorpho__12N7-8162019-b_fcfc3a.swc,2837,interneuron,0.992954,0,2836,0,0,0,0,0,0,0,0,0,0,0,0.954328,0.170813,0.3,0.3,0.998919,0.998919,0.998919,0.0637998,0.0637998,0.0637998,0.0637998,0.0637998,0,0,0,0.954312,0.998919,0.0638223,0,0,0,42,0.993196,0.3,0.998919,0,0.0238095,173.4,0,0,0,0,0,0,32.22,-0.455857,5.73535,114.67,241.61,0,0,0,0,0
neuromorpho__139-05-cell-1-analysis.swc,532,interneuron,0.871498,0,531,0,0,0,0,0,0,0,0,0,0,0,0.984653,0.0284371,0.927978,0.927978,0.927978,0.998919,0.998919,0,0,0,0,0,0,0,0,0.984624,0.927978,0,0,0,0,30,0.982402,0.927978,0.927978,0,0,35.9,0,0,0,0,0,0,20.19,0.0864972,5.13873,31.38,107.07,0,0,0,0,0
neuromorpho__13911c6.swc,3245,interneuron,0.998418,2798,446,0,0,0,0,0,0,0,0,0,0,0,0.784732,0.305925,0.3,0.3,0.3,0.3,0.973127,0.273035,0.289985,0.298921,0.306626,0.31433,0.759862,0.3,0.330593,0.940272,0.763989,0.100897,0,0,0,435,0.767657,0.3,0.3,0.31954,0.328736,15.6,0,67.96,8.98442,12.4498,418.77,472.28,44.96,4.00249,8.63216,162.99,470.71,0,0,0,0,0
neuromorpho__13A6neuron1Layers.swc,3345,pyramidal,0.901748,0,3344,0,0,0,0,0,0,0,0,0,0,0,0.904452,0.138987,0.621397,0.638093,0.659779,0.7942,0.998348,0,0,0.182063,0.32287,0.32287,0,0,0,0.904423,0.659779,0.182117,0,0,0,68,0.912692,0.621397,0.659779,0.161765,0.294118,102.1,0,0,0,0,0,0,109.1,4.56023,20.9868,212.15,221.41,0,0,0,0,0
neuromorpho__13_08_13_-2_Cell_-2.swc,31729,pyramidal,0.959619,9329,10027,12372,0,0,0,0,0,0,0,0,0,0,0.702,0.309113,0.3,0.3,0.3,0.3,0.802591,0.362224,0.411075,0.412273,0.494752,0.506508,0.852411,0.3,0.197449,0.740723,0.497922,0.354842,0.557177,0.3,0.620837,168,0.740977,0.3,0.3,0.380952,0.446429,405.3,0,213.97,-26.2481,40.2766,650,559.18,179.2,-23.0941,33.5658,387.8,363.4,251.65,-54.8291,46.9527,548.39,1144.92
neuromorpho__13_43.swc,3148,pyramidal,0.995641,1,3146,0,0,0,0,0,0,0,0,0,0,0,0.998135,0.00580918,0.681017,0.998348,0.998348,0.998348,0.998348,0,0,0.000317662,0.000317662,0.000317662,0.681017,0.681017,1,0.998236,0.998348,0,0,0,0,184,0.996545,0.681017,0.998348,0.00543478,0.00543478,35,0,0,0,0,0,0,0,0,0,76.59,106.28,0,0,0,0,0
neuromorpho__13_den_ax.swc,123319,pyramidal,0.995111,118297,1877,3144,0,0,0,0,0.00583887,0,0,0,0,0,0.499694,0.311646,0.3,0.3,0.3,0.3,0.3,0.708163,0.708601,0.708601,0.708999,0.726409,0.480507,0.3,0.738683,0.998348,0.998348,0,0.923781,0.873912,0,1440,0.571612,0.3,0.3,0.6,0.60625,227.1,0,3740.78,-761.21,868.21,3112.4,4863.08,173.02,6.26661,30.2183,183.73,173.44,200.56,39.1363,40.5813,191.73,445.17
neuromorpho__141-08-cell-3-analysis.swc,246,interneuron,0.983514,0,245,0,0,0,0,0,0,0,0,0,0,0,0.998923,6.87963e-05,0.998919,0.998919,0.998919,0.998919,0.998919,0,0,0,0,0,0,0,0,0.998919,0.998919,0,0,0,0,5,0.999135,0.998919,0.998919,0,0,122.6,0.5,0,0,0,0,0,4.49,-3.15498,0.885921,11.37,113.84,0,0,0,0,0
neuromorpho__143-06-cell-1-analysis.swc,1699,interneuron,0.977799,0,1698,0,0,0,0,0,0,0,0,0,0,0,0.998919,2.62236e-05,0.998919,0.998919,0.998919,0.998919,0.998919,0,0,0,0,0,0,0,0,0.998919,0.998919,0,0,0,0,33,0.998952,0.998919,0.998919,0,0,144.4,1,0,0,0,0,0,25.72,-1.71006,5.07272,55.86,244.87,0,0,0,0,0
neuromorpho__1460-2-Sec1-BSL1.swc,2410,pyramidal,0.971378,38,2371,0,0,0,0,0,0.0273484,0,0,0,0,0,0.794491,0.231801,0.3,0.4441,0.45137,0.590538,0.953981,0.167635,0.29917,0.406224,0.421992,0.465145,0.792314,0.792314,0,0.794439,0.45137,0.412906,0,0,0,57,0.801138,0.3,0.458121,0.350877,0.368421,102.2,0,26.85,-34.3105,6.39522,19.01,25.73,350.6,9.28827,55.7326,206.8,416.47,0,0,0,0,0
neuromorpho__1463-2-Sec5-BSL1.swc,3273,pyramidal,0.99046,565,2707,0,0,0,0,0,0.0182879,0,0,0,0,0,0.696302,0.310658,0.3,0.3,0.3,0.3,0.9015,0.345555,0.387718,0.460434,0.460434,0.46135,0.839749,0.3,0.157522,0.666249,0.3,0.523827,0,0,0,69,0.697701,0.3,0.3,0.478261,0.507246,120,0,597.4,-51.4606,99.5382,95.62,170.25,612.5,49.9327,145.307,162.3,333.13,0,0,0,0,0
neuromorpho__14Feb2019-exp-5_53-rpt-scr-1003.swc,2492,interneuron,0.983909,0,2491,0,0,0,0,0,0,0,0,0,0,0,0.998919,2.16549e-05,0.998919,0.998919,0.998919,0.998919,0.998919,0,0,0,0,0,0,0,0,0.998919,0.998919,0,0,0,0,48,0.998941,0.998919,0.998919,0,0,104.6,0,0,0,0,0,0,2.16,0.260678,0.262848,128.32,184.86,0,0,0,0,0
neuromorpho__14Feb2019-exp-5_53-rpt-scr-1006.swc,1867,interneuron,0.832664,0,1866,0,0,0,0,0,0,0,0,0,0,0,0.998919,2.50166e-05,0.998919,0.998919,0.998919,0.998919,0.998919,0,0,0,0,0,0,0,0,0.998919,0.998919,0,0,0,0,23,0.998966,0.998919,0.998919,0,0,177.2,0,0,0,0,0,0,1.81,-0.823023,0.349033,200.6,232.92,0,0,0,0,0
neuromorpho__150312_pair1sac.swc,5583,interneuron,0.998002,0,5582,0,0,0,0,0,0,0,0,0,0,0,0.998919,1.44692e-05,0.998919,0.998919,0.998919,0.998919,0.998919,0,0,0,0,0,0,0,0,0.998919,0.998919,0,0,0,0,263,0.998923,0.998919,0.998919,0,0,51.4,6.4527,0,0,0,0,0,21,4.8978,3.29737,56.1,76.95,0,0,0,0,0
neuromorpho__150427_pair1sac.swc,3501,interneuron,0.947108,0,3500,0,0,0,0,0,0,0,0,0,0,0,0.998919,1.82709e-05,0.998919,0.998919,0.998919,0.998919,0.998919,0,0,0,0,0,0,0,0,0.998919,0.998919,0,0,0,0,145,0.998926,0.998919,0.998919,0,0,54.2,4.06818,0,0,0,0,0,10,1.80273,2.6084,54.42,70.88,0,0,0,0,0
neuromorpho__150811_pair2sac.swc,4631,interneuron,0.989362,0,4630,0,0,0,0,0,0,0,0,0,0,0,0.998919,1.58867e-05,0.998919,0.998919,0.998919,0.998919,0.998919,0,0,0,0,0,0,0,0,0.998919,0.998919,0,0,0,0,143,0.998926,0.998919,0.998919,0,0,84.8,-3.25,0,0,0,0,0,21.5,4.58758,5.40881,41.4,74.66,0,0,0,0,0
neuromorpho__15316c4c5b.swc,885,interneuron,0.828387,642,242,0,0,0,0,0,0,0,0,0,0,0,0.406599,0.244177,0.3,0.3,0.3,0.3,0.3,0.839548,0.839548,0.839548,0.839548,0.839548,0.329358,0.3,0.956386,0.609059,0.3,0.533058,0,0,0,158,0.38134,0.3,0.3,0.879747,0.886076,11.3,0,84.06,7.29561,14.4265,2416.03,1638.25,20.34,-1.13545,4.3587,689.84,2364.53,0,0,0,0,0
neuromorpho__15519c2.swc,1236,interneuron,0.994787,1092,143,0,0,0,0,0,0,0,0,0,0,0,0.455156,0.253056,0.3,0.3,0.3,0.3,0.3,0.687702,0.786408,0.792071,0.805825,0.834951,0.423363,0.3,0.840659,0.694132,0.3,0.426573,0,0,0,240,0.467822,0.3,0.3,0.775,0.795833,10,0,53.16,3.91113,9.92954,2887.3,2285.15,47.08,1.90308,8.56917,999.05,1173.61,0,0,0,0,0
neuromorpho__15d01c5c6b.swc,1363,interneuron,0.983111,1268,94,0,0,0,0,0,0,0,0,0,0,0,0.468374,0.290458,0.3,0.3,0.3,0.3,0.3,0.747616,0.749083,0.749083,0.749083,0.752018,0.462798,0.3,0.756309,0.53793,0.3,0.659574,0,0,0,296,0.474537,0.3,0.3,0.736486,0.75,9,0,76.68,11.0681,14.3998,1271.13,2732.39,14.87,-8.18723,4.01527,434.98,1202.64,0,0,0,0,0
neuromorpho__160817_SAC2_009_avgupdated.swc,2008,interneuron,0.958898,0,2007,0,0,0,0,0,0,0,0,0,0,0,0.928014,0.00160684,0.927978,0.927978,0.927978,0.927978,0.927978,0,0,0,0,0,0,0,0,0.927978,0.927978,0,0,0,0,70,0.929007,0.927978,0.927978,0,0,123.4,-3.31579,0,0,0,0,0,21,20.1862,2.81521,59.86,118.63,0,0,0,0,0
neuromorpho__160826_Fused_SAC2_avgupdated.swc,3346,interneuron,0.995368,0,3345,0,0,0,0,0,0,0,0,0,0,0,0.998919,1.86891e-05,0.998919,0.998919,0.998919,0.998919,0.998919,0,0,0,0,0,0,0,0,0.998919,0.998919,0,0,0,0,140,0.998926,0.998919,0.998919,0,0,68,7,0,0,0,0,0,17,13.7845,3.41417,115.88,127.11,0,0,0,0,0
neuromorpho__161027_SAC5.swc,3779,interneuron,0.992655,0,3778,0,0,0,0,0,0,0,0,0,0,0,0.998919,1.75862e-05,0.998919,0.998919,0.998919,0.998919,0.998919,0,0,0,0,0,0,0,0,0.998919,0.998919,0,0,0,0,169,0.998925,0.998919,0.998919,0,0,56.2,-4.35714,0,0,0,0,0,17,15.9048,2.07971,122.72,93.26,0,0,0,0,0
neuromorpho__16_34.swc,2988,pyramidal,0.991553,0,2987,0,0,0,0,0,0,0,0,0,0,0,0.998348,3.02186e-05,0.998348,0.998348,0.998348,0.998348,0.998348,0,0,0,0,0,0,0,0,0.998348,0.998348,0,0,0,0,106,0.998363,0.998348,0.998348,0,0,65.5,0,0,0,0,0,0,0,0,0,98.76,106.43,0,0,0,0,0
neuromorpho__170107-6.swc,2060,interneuron,0.958986,1533,526,0,0,0,0,0,0,0,0,0,0,0,0.924552,0.175007,0.3,0.3,0.927978,0.973127,0.973127,0.0723301,0.0723301,0.0723301,0.0723301,0.0723301,0.973269,0.973127,0,0.782428,0.3,0.28327,0,0,0,238,0.922345,0.3,0.927978,0.0756303,0.0756303,19,1,79,31.5548,16.8662,417.57,376.31,64,20.5,16.1239,170.31,439.09,0,0,0,0,0
neuromorpho__170519_SAC10updated.swc,4109,interneuron,0.996992,0,4108,0,0,0,0,0,0,0,0,0,0,0,0.998919,1.68654e-05,0.998919,0.998919,0.998919,0.998919,0.998919,0,0,0,0,0,0,0,0,0.998919,0.998919,0,0,0,0,271,0.998923,0.998919,0.998919,0,0,40,4.34783,0,0,0,0,0,19,10.0937,3.02244,137.3,102.04,0,0,0,0,0
neuromorpho__170602_sac2_updated170801.swc,5056,interneuron,0.968575,0,5055,0,0,0,0,0,0,0,0,0,0,0,0.998919,1.52045e-05,0.998919,0.998919,0.998919,0.998919,0.998919,0,0,0,0,0,0,0,0,0.998919,0.998919,0,0,0,0,271,0.998923,0.998919,0.998919,0,0,40,1.16667,0,0,0,0,0,16,11.6629,1.48524,181.88,126.54,0,0,0,0,0
neuromorpho__171108-5.swc,2106,interneuron,0.991835,0,2105,0,0,0,0,0,0,0,0,0,0,0,0.974964,0.0667745,0.3,0.927978,0.927978,0.927978,0.998919,0.00759734,0.00759734,0.00759734,0.00759734,0.00759734,0,0,0,0.974952,0.927978,0.00760095,0,0,0,188,0.98316,0.3,0.927978,0,0,24.3,0,0,0,0,0,0,56,-1.78005,11.2513,373.47,505.53,0,0,0,0,0
neuromorpho__17302_00032-semi_f.swc,2851,interneuron,0.995915,2561,289,0,0,0,0,0,0,0,0,0,0,0,0.587645,0.344036,0.3,0.3,0.3,0.3,0.3,0.588565,0.588565,0.588565,0.588565,0.588565,0.550352,0.3,0.641937,0.916693,0.3,0.117647,0,0,0,259,0.672927,0.3,0.3,0.467181,0.478764,26,0,410.42,-74.0886,68.9792,1227.79,1328.5,56.9,-6.2401,8.54719,181.71,519.96,0,0,0,0,0
neuromorpho__17302_00047-semi_f.swc,3714,interneuron,0.997322,3613,100,0,0,0,0,0,0,0,0,0,0,0,0.56824,0.338661,0.3,0.3,0.3,0.3,0.3,0.614432,0.614432,0.614432,0.614432,0.614432,0.5562,0.3,0.631608,0.998919,0.998919,0,0,0,0,262,0.650058,0.3,0.3,0.507634,0.515267,33.9,0,1579.96,-147.294,325.058,2048.56,1208.86,46.42,12.243,8.77979,109.43,159.22,0,0,0,0,0
neuromorpho__17302_00062-semi_r.swc,1313,interneuron,0.898556,1110,202,0,0,0,0,0,0,0,0,0,0,0,0.531569,0.328445,0.3,0.3,0.3,0.3,0.3,0.667936,0.667936,0.667936,0.667936,0.667936,0.446098,0.3,0.79009,0.998919,0.998919,0,0,0,0,159,0.625203,0.3,0.3,0.534591,0.534591,23.2,0,1169.02,-217.546,289.833,749.9,2041.01,113.41,-3.85074,19.9644,215.98,286.05,0,0,0,0,0
neuromorpho__17302_00074-semi_r.swc,2921,interneuron,0.945067,2637,283,0,0,0,0,0,0,0,0,0,0,0,0.507933,0.319524,0.3,0.3,0.3,0.3,0.3,0.702499,0.702499,0.702499,0.702499,0.702499,0.455054,0.3,0.778157,0.998919,0.998919,0,0,0,0,236,0.56055,0.3,0.3,0.639831,0.648305,34,0,1092.83,-54.2265,176.116,1692.44,1552.08,179,4.507,29.883,206.84,369.92,0,0,0,0,0
neuromorpho__17302_00101-semi_r.swc,2237,interneuron,0.997746,2022,214,0,0,0,0,0,0,0,0,0,0,0,0.741593,0.337222,0.3,0.3,0.3,0.3,0.999189,0.36835,0.36835,0.36835,0.36835,0.36835,0.714231,0.3,0.407517,0.998919,0.998919,0,0,0,0,270,0.809887,0.3,0.3,0.266667,0.277778,20,0,1895.51,194.875,422.695,1669.66,648.34,140.94,2.01846,24.5227,194.39,306.19,0,0,0,0,0
neuromorpho__17302_00102-semi_r.swc,1814,interneuron,0.997474,1597,216,0,0,0,0,0,0,0,0,0,0,0,0.852656,0.284495,0.3,0.3,0.3,0.998919,0.999189,0.209482,0.209482,0.209482,0.209482,0.209482,0.832781,0.3,0.237946,0.998919,0.998919,0,0,0,0,258,0.880798,0.3,0.3,0.158915,0.186047,17.3,0,490.28,-34.5299,84.5528,837.11,1023.48,104.27,10.5077,20.8341,199.2,318.12,0,0,0,0,0
neuromorpho__17543_3308_x10077_y3766-semi_r.swc,3263,interneuron,0.89878,3026,236,0,0,0,0,0,0,0,0,0,0,0,0.673857,0.348695,0.3,0.3,0.3,0.3,0.998919,0.465216,0.465216,0.465216,0.465216,0.465216,0.648398,0.3,0.501652,0.998919,0.998919,0,0,0,0,264,0.788552,0.3,0.3,0.299242,0.352273,32.7,0,970.73,-49.8342,142.468,993.77,1009.18,130.44,1.01928,21.8835,166.49,212.91,0,0,0,0,0
neuromorpho__17545_00007-semi_r.swc,1085,interneuron,0.993817,736,348,0,0,0,0,0,0,0,0,0,0,0,0.619361,0.345514,0.3,0.3,0.3,0.3,0.3,0.539171,0.539171,0.539171,0.539171,0.539171,0.439379,0.3,0.794837,0.998919,0.998919,0,0,0,0,195,0.585212,0.3,0.3,0.589744,0.589744,12.6,0,926.44,636.045,328.445,605.5,913.05,190.91,-18.3862,36.5321,268.19,260,0,0,0,0,0
neuromorpho__17545_00028-semi_r.swc,2156,interneuron,0.998173,1812,343,0,0,0,0,0,0,0,0,0,0,0,0.508636,0.319349,0.3,0.3,0.3,0.3,0.3,0.700835,0.700835,0.700835,0.700835,0.700835,0.415558,0.3,0.833885,0.998919,0.998919,0,0,0,0,449,0.495721,0.3,0.3,0.717149,0.719376,11,0,381.25,-5.69862,68.8277,741.52,1309.41,171.95,2.07507,32.7834,148.94,292.98,0,0,0,0,0
neuromorpho__17545_00030-semi_r.swc,3114,interneuron,0.99774,2804,309,0,0,0,0,0,0,0,0,0,0,0,0.533485,0.329722,0.3,0.3,0.3,0.3,0.3,0.666024,0.666024,0.666024,0.666024,0.666024,0.482028,0.3,0.739658,0.998919,0.998919,0,0,0,0,293,0.588032,0.3,0.3,0.583618,0.607509,28,0,1504.22,-228.22,384.647,2002.56,1074.1,170.73,3.44845,34.8495,217.11,315.25,0,0,0,0,0
neuromorpho__17545_00052-semi_r.swc,3269,interneuron,0.998102,3014,254,0,0,0,0,0,0,0,0,0,0,0,0.503154,0.317406,0.3,0.3,0.3,0.3,0.3,0.709391,0.709391,0.709391,0.709391,0.709391,0.461673,0.3,0.768746,0.993415,0.998919,0.00787402,0,0,0,272,0.516861,0.3,0.3,0.698529,0.720588,32,0,2506.45,189.129,468.71,1148.96,1591.35,278.62,0.650197,45.5009,255.12,341.47,0,0,0,0,0
neuromorpho__17545_00067-semi_r.swc,2380,interneuron,0.997584,2115,264,0,0,0,0,0,0,0,0,0,0,0,0.629871,0.348997,0.3,0.3,0.3,0.3,0.3,0.528151,0.528151,0.528151,0.528151,0.528151,0.58363,0.3,0.594326,0.998919,0.998919,0,0,0,0,296,0.657701,0.3,0.3,0.486486,0.496622,20,0,1448.97,-250.389,406.747,2285.42,1409.24,115.79,4.53595,18.3729,164.84,287.69,0,0,0,0,0
neuromorpho__17545_00073-semi_r.swc,993,interneuron,0.993641,651,341,0,0,0,0,0,0,0,0,0,0,0,0.553596,0.33556,0.3,0.3,0.3,0.3,0.3,0.636455,0.636455,0.636455,0.636455,0.636455,0.319646,0.3,0.970814,0.998919,0.998919,0,0,0,0,218,0.484773,0.3,0.3,0.733945,0.738532,10.3,0,861.12,-631.684,203.729,374.33,895.09,128.09,-5.58475,23.4271,163.09,309.47,0,0,0,0,0
neuromorpho__17545_00074-semi_r.swc,1195,interneuron,0.990548,891,303,0,0,0,0,0,0,0,0,0,0,0,0.642777,0.349439,0.3,0.3,0.3,0.3,0.3,0.509623,0.509623,0.509623,0.509623,0.509623,0.521263,0.3,0.683502,0.998919,0.998919,0,0,0,0,210,0.617299,0.3,0.3,0.547619,0.547619,13,0,890.28,-422.223,312.83,601.08,1130.19,114.07,-12.2641,16.7077,179.71,377.97,0,0,0,0,0
neuromorpho__17545_00116-semi_r.swc,4078,interneuron,0.997561,3763,314,0,0,0,0,0,0,0,0,0,0,0,0.599679,0.34599,0.3,0.3,0.3,0.3,0.3,0.571359,0.571359,0.571359,0.571359,0.571359,0.566258,0.3,0.619187,0.998919,0.998919,0,0,0,0,396,0.666347,0.3,0.3,0.467172,0.489899,26.5,0,1481.81,-132.507,277.26,1770,2239.33,227.24,-1.81876,35.3481,233.3,333.79,0,0,0,0,0
neuromorpho__17545_00120-semi_r.swc,3587,interneuron,0.997205,3309,277,0,0,0,0,0,0,0,0,0,0,0,0.669787,0.348838,0.3,0.3,0.3,0.3,0.998919,0.470867,0.470867,0.470867,0.470867,0.470867,0.642135,0.3,0.510426,0.998919,0.998919,0,0,0,0,334,0.695868,0.3,0.3,0.437126,0.47006,26.4,0,1140.05,-67.6145,221.308,1071.99,1507.05,171.48,15.7534,29.1035,201.97,291.18,0,0,0,0,0
neuromorpho__17545_00143-semi_r.swc,2718,interneuron,0.997979,2442,275,0,0,0,0,0,0,0,0,0,0,0,0.430911,0.272718,0.3,0.3,0.3,0.3,0.3,0.81273,0.81273,0.81273,0.81273,0.81273,0.368144,0.3,0.902539,0.986211,0.998919,0.0181818,0,0,0,337,0.437517,0.3,0.3,0.801187,0.804154,18.4,0,1629.52,-284.012,391.322,1466.09,1785.42,105.37,-13.2231,21.1018,246.05,407.25,0,0,0,0,0
neuromorpho__17545_00146-semi_r.swc,1291,interneuron,0.995825,1042,248,0,0,0,0,0,0,0,0,0,0,0,0.608106,0.347067,0.3,0.3,0.3,0.3,0.3,0.559256,0.559256,0.559256,0.559256,0.559256,0.522764,0.3,0.681382,0.9651,0.998919,0.0483871,0,0,0,123,0.693552,0.3,0.3,0.439024,0.447154,23.6,0.00333333,690.84,169.959,187.665,1614.46,856.66,111.29,-20.4442,19.1731,130.66,288.96,0,0,0,0,0
neuromorpho__17_30.swc,4674,pyramidal,0.962169,0,4673,0,0,0,0,0,0,0,0,0,0,0,0.998292,0.00106395,0.978151,0.998348,0.998348,0.998348,0.998348,0,0,0,0,0,0,0,0,0.998292,0.998348,0,0,0,0,280,0.998282,0.978151,0.998348,0,0,35,0,0,0,0,0,0,0.97,0.0698973,0.288166,66.5,125.97,0,0,0,0,0
neuromorpho__17_den_ax.swc,95497,pyramidal,0.996806,90456,3142,1898,0,0,0.019875,0.019875,0.00550415,0,-0.019875,0.019875,0.019875,0,0.491456,0.304742,0.3,0.3,0.3,0.3,0.3,0.713321,0.716598,0.722839,0.726724,0.744652,0.471871,0.3,0.752454,0.901586,0.624041,0.186187,0.74564,0.528673,0.200211,903,0.641875,0.3,0.3,0.507198,0.526024,277,0,2886.85,933.265,762.002,1539.59,3175.52,121.69,-14.2555,21.9187,238.18,313.33,99.3,-23.7429,22.2597,194.65,403.77
neuromorpho__180608_morpho4_d4_hippo_D4-Hippo-Fresh-1_crop-1.swc,981,pyramidal,0.997117,0,980,0,0,0,0,0,0,0,0,0,0,0,0.99835,5.27207e-05,0.998348,0.998348,0.998348,0.998348,0.998348,0,0,0,0,0,0,0,0,0.998348,0.998348,0,0,0,0,19,0.998435,0.998348,0.998348,0,0,87,0,0,0,0,0,0,0,0,0,11.53,18.96,0,0,0,0,0
neuromorpho__180608_morpho4_d4_hippo_D4-Hippo-Fresh-1_crop-3.swc,1896,pyramidal,0.998333,0,1895,0,0,0,0,0,0,0,0,0,0,0,0.998349,3.79318e-05,0.998348,0.998348,0.998348,0.998348,0.998348,0,0,0,0,0,0,0,0,0.998348,0.998348,0,0,0,0,28,0.998407,0.998348,0.998348,0,0,170.4,0,0,0,0,0,0,0,0,0,15.22,38.82,0,0,0,0,0
neuromorpho__180608_morpho4_d4_hippo_D4-Hippo-Fresh-1_crop-6.swc,1896,pyramidal,0.998355,0,1895,0,0,0,0,0,0,0,0,0,0,0,0.998349,3.79318e-05,0.998348,0.998348,0.998348,0.998348,0.998348,0,0,0,0,0,0,0,0,0.998348,0.998348,0,0,0,0,26,0.998411,0.998348,0.998348,0,0,140.5,0,0,0,0,0,0,0,0,0,21.61,28.47,0,0,0,0,0
neuromorpho__180608_morpho4_d4_hippo_D4-Hippo-Fresh-1_crop.swc,1174,pyramidal,0.995393,0,1173,0,0,0,0,0,0,0,0,0,0,0,0.998349,4.81968e-05,0.998348,0.998348,0.998348,0.998348,0.998348,0,0,0,0,0,0,0,0,0.998348,0.998348,0,0,0,0,10,0.998513,0.998348,0.998348,0,0,264.8,0,0,0,0,0,0,0,0,0,14.65,28.09,0,0,0,0,0
neuromorpho__180608_morpho4_d4_hippo_D4-Hippo-Fresh-4_crop-3.swc,1618,pyramidal,0.997847,0,1617,0,0,0,0,0,0,0,0,0,0,0,0.998349,4.10595e-05,0.998348,0.998348,0.998348,0.998348,0.998348,0,0,0,0,0,0,0,0,0.998348,0.998348,0,0,0,0,23,0.99842,0.998348,0.998348,0,0,137.6,0,0,0,0,0,0,0,0,0,11.55,22.53,0,0,0,0,0
neuromorpho__180702_morpho-6_hippo_tau488_trfp_map2647_Fresh-10_crop-1.swc,1924,pyramidal,0.998231,0,1923,0,0,0,0,0,0,0,0,0,0,0,0.998349,3.76549e-05,0.998348,0.998348,0.998348,0.998348,0.998348,0,0,0,0,0,0,0,0,0.998348,0.998348,0,0,0,0,17,0.998445,0.998348,0.998348,0,0,224.4,0,0,0,0,0,0,0,0,0,21.41,41.11,0,0,0,0,0
neuromorpho__180702_morpho-6_hippo_tau488_trfp_map2647_Fresh-10_crop-4.swc,1551,pyramidal,0.998194,0,1550,0,0,0,0,0,0,0,0,0,0,0,0.998349,4.19364e-05,0.998348,0.998348,0.998348,0.998348,0.998348,0,0,0,0,0,0,0,0,0.998348,0.998348,0,0,0,0,14,0.998466,0.998348,0.998348,0,0,174.8,0,0,0,0,0,0,0,0,0,16.19,40.79,0,0,0,0,0
neuromorpho__180702_morpho-6_hippo_tau488_trfp_map2647_Fresh-6_crop-2.swc,1826,pyramidal,0.9975,0,1825,0,0,0,0,0,0,0,0,0,0,0,0.998349,3.86516e-05,0.998348,0.998348,0.998348,0.998348,0.998348,0,0,0,0,0,0,0,0,0.998348,0.998348,0,0,0,0,15,0.998458,0.998348,0.998348,0,0,239.6,0,0,0,0,0,0,0,0,0,28.22,30.56,0,0,0,0,0
neuromorpho__180702_morpho-6_hippo_tau488_trfp_map2647_Fresh-6_crop-3.swc,1360,pyramidal,0.997229,0,1359,0,0,0,0,0,0,0,0,0,0,0,0.998349,4.47824e-05,0.998348,0.998348,0.998348,0.998348,0.998348,0,0,0,0,0,0,0,0,0.998348,0.998348,0,0,0,0,24,0.998417,0.998348,0.998348,0,0,109.4,0,0,0,0,0,0,0,0,0,14,41.78,0,0,0,0,0
neuromorpho__180702_morpho-6_hippo_tau488_trfp_map2647_Hippo-1-10_crop-2.swc,1180,pyramidal,0.996882,0,1179,0,0,0,0,0,0,0,0,0,0,0,0.998349,4.80742e-05,0.998348,0.998348,0.998348,0.998348,0.998348,0,0,0,0,0,0,0,0,0.998348,0.998348,0,0,0,0,10,0.998513,0.998348,0.998348,0,0,214.6,0,0,0,0,0,0,0,0,0,17.09,30.11,0,0,0,0,0
neuromorpho__180702_morpho-6_hippo_tau488_trfp_map2647_Hippo-1-4_crop-6.swc,2198,pyramidal,0.997231,0,2197,0,0,0,0,0,0,0,0,0,0,0,0.998349,3.52309e-05,0.998348,0.998348,0.998348,0.998348,0.998348,0,0,0,0,0,0,0,0,0.998348,0.998348,0,0,0,0,13,0.998475,0.998348,0.998348,0,0,312.8,0,0,0,0,0,0,0,0,0,24.5,63.19,0,0,0,0,0
neuromorpho__180702_morpho-6_hippo_tau488_trfp_map2648_Hippo-3-5_crop-2.swc,2896,pyramidal,0.997122,0,2895,0,0,0,0,0,0,0,0,0,0,0,0.998348,3.06947e-05,0.998348,0.998348,0.998348,0.998348,0.998348,0,0,0,0,0,0,0,0,0.998348,0.998348,0,0,0,0,35,0.998395,0.998348,0.998348,0,0,174.8,0,0,0,0,0,0,0,0,0,28.54,40.24,0,0,0,0,0
neuromorpho__180702_morpho-6_hippo_tau488_trfp_map2648_Hippo-3-6_crop.swc,1581,pyramidal,0.996467,0,1580,0,0,0,0,0,0,0,0,0,0,0,0.998349,4.15369e-05,0.998348,0.998348,0.998348,0.998348,0.998348,0,0,0,0,0,0,0,0,0.998348,0.998348,0,0,0,0,25,0.998414,0.998348,0.998348,0,0,135.2,0,0,0,0,0,0,0,0,0,14.64,26.38,0,0,0,0,0
neuromorpho__180702_morpho-6_hippo_tau488_trfp_map2648_Hippo-3-7_crop-5.swc,1482,pyramidal,0.986221,0,1481,0,0,0,0,0,0,0,0,0,0,0,0.998349,4.29009e-05,0.998348,0.998348,0.998348,0.998348,0.998348,0,0,0,0,0,0,0,0,0.998348,0.998348,0,0,0,0,43,0.998386,0.998348,0.998348,0,0,80.4,0,0,0,0,0,0,0,0,0,14.64,18.7,0,0,0,0,0
neuromorpho__180702_morpho-6_hippo_tau488_trfp_map2648_Hippo-4-1_crop-1.swc,1082,pyramidal,0.99308,0,1081,0,0,0,0,0,0,0,0,0,0,0,0.998349,5.02022e-05,0.998348,0.998348,0.998348,0.998348,0.998348,0,0,0,0,0,0,0,0,0.998348,0.998348,0,0,0,0,23,0.99842,0.998348,0.998348,0,0,97,0,0,0,0,0,0,0,0,0,6.69,27.76,0,0,0,0,0
neuromorpho__180702_morpho-6_hippo_tau488_trfp_map2648_Hippo-4-2_crop-2.swc,3081,pyramidal,0.992992,0,3080,0,0,0,0,0,0,0,0,0,0,0,0.998348,2.97592e-05,0.998348,0.998348,0.998348,0.998348,0.998348,0,0,0,0,0,0,0,0,0.998348,0.998348,0,0,0,0,38,0.998391,0.998348,0.998348,0,0,149.1,0,0,0,0,0,0,0,0,0,32.17,37.18,0,0,0,0,0
neuromorpho__180702_morpho-6_hippo_tau488_trfp_map2648_Hippo-4-2_crop.swc,276,pyramidal,0.964261,0,275,0,0,0,0,0,0,0,0,0,0,0,0.998354,9.92646e-05,0.998348,0.998348,0.998348,0.998348,0.998348,0,0,0,0,0,0,0,0,0.998348,0.998348,0,0,0,0,6,0.998623,0.998348,0.998348,0,0,69,0,0,0,0,0,0,0.66,-0.1368,0.267533,6.39,10.41,0,0,0,0,0
neuromorpho__180702_morpho-6_hippo_tau488_trfp_map2648_Hippo-4-5_crop-3.swc,1411,pyramidal,0.994433,0,1410,0,0,0,0,0,0,0,0,0,0,0,0.998349,4.39663e-05,0.998348,0.998348,0.998348,0.998348,0.998348,0,0,0,0,0,0,0,0,0.998348,0.998348,0,0,0,0,17,0.998445,0.998348,0.998348,0,0,172.8,0,0,0,0,0,0,0,0,0,21.88,18.76,0,0,0,0,0
neuromorpho__180702_morpho-6_hippo_tau488_trfp_map2648_Hippo-4-7_crop-5.swc,2423,pyramidal,0.998022,0,2422,0,0,0,0,0,0,0,0,0,0,0,0.998349,3.3556e-05,0.998348,0.998348,0.998348,0.998348,0.998348,0,0,0,0,0,0,0,0,0.998348,0.998348,0,0,0,0,21,0.998427,0.998348,0.998348,0,0,201,0,0,0,0,0,0,0,0,0,16.78,46.41,0,0,0,0,0
neuromorpho__180702_morpho-6_hippo_tau488_trfp_map2648_Hippo-4-7_crop.swc,2313,pyramidal,0.995895,0,2312,0,0,0,0,0,0,0,0,0,0,0,0.998349,3.43443e-05,0.998348,0.998348,0.998348,0.998348,0.998348,0,0,0,0,0,0,0,0,0.998348,0.998348,0,0,0,0,40,0.998389,0.998348,0.998348,0,0,135.1,0,0,0,0,0,0,0,0,0,19.37,39.71,0,0,0,0,0
neuromorpho__1807031_s2c2_Lstellate.swc,1112,interneuron,0.797832,0,1111,0,0,0,0,0,0,0,0,0,0,0,0.99892,3.24093e-05,0.998919,0.998919,0.998919,0.998919,0.998919,0,0,0,0,0,0,0,0,0.998919,0.998919,0,0,0,0,69,0.998934,0.998919,0.998919,0,0,33.2,0,0,0,0,0,0,22.39,-4.80841,4.43138,28.06,56.44,0,0,0,0,0
neuromorpho__180803_s1c1_Lstellate.swc,636,interneuron,0.995005,0,635,0,0,0,0,0,0,0,0,0,0,0,0.998911,8.31233e-05,0.998374,0.998919,0.998919,0.998919,0.998919,0,0,0,0,0,0,0,0,0.998909,0.998919,0,0,0,0,86,0.998925,0.998374,0.998919,0,0,14.5,0,0,0,0,0,0,20.96,2.61972,4.86433,170.23,273.38,0,0,0,0,0
neuromorpho__180921s1c1b_Lstellate.swc,1398,interneuron,0.995712,0,1397,0,0,0,0,0,0,0,0,0,0,0,0.997587,0.00958277,0.927978,0.998919,0.998919,0.998919,0.998919,0,0,0,0,0,0,0,0,0.997585,0.998919,0,0,0,0,83,0.994632,0.927978,0.998483,0,0,33.8,0,0,0,0,0,0,50.61,-10.1046,13.0491,301.87,396.16,0,0,0,0,0
neuromorpho__18414_slide1_cell6.swc,917,pyramidal,0.997009,0,505,411,0,0,0,0,0,0,0,0,0,0,0.989353,0.00998378,0.978276,0.978276,0.978276,0.978276,0.998348,0,0,0,0,0,0,0,0,0.998348,0.998348,0,0.978276,0.978276,0,93,0.989948,0.978276,0.978276,0,0,22.8,0,0,0,0,0,0,117.27,-18.4119,24.4199,218.28,175.04,114.64,-19.0043,26.0929,218.15,296.75
neuromorpho__18414_slide2_cell1.swc,998,pyramidal,0.99683,9,514,474,0,0,0,0,0.000461797,0,0,0,0,0,0.966558,0.0824045,0.626067,0.696166,0.978276,0.978276,0.978276,0,0,0.0571142,0.0661323,0.0661323,0.77602,0.77602,0,0.959041,0.696166,0.110895,0.978258,0.978276,0,116,0.962845,0.626067,0.978276,0.0689655,0.0775862,21,0,3.69,2.19222,1.11601,7.15,24.53,107.6,-18.5751,25.9014,282.03,167.39,113.77,-20.7886,29.336,312.37,262.8
neuromorpho__18454_00015-semi_r.swc,2688,interneuron,0.996251,2391,296,0,0,0,0,0,0,0,0,0,0,0,0.623553,0.348594,0.3,0.3,0.3,0.3,0.3,0.537202,0.537202,0.537202,0.537202,0.537202,0.576927,0.3,0.603931,0.998919,0.998919,0,0,0,0,297,0.669097,0.3,0.3,0.464646,0.478114,23,0,2035.37,283.028,549.302,1972.6,1724.38,165.77,-16.6197,30.2476,287.89,301.2,0,0,0,0,0
neuromorpho__18454_00017-semi_r.swc,2618,interneuron,0.99637,2415,202,0,0,0,0,0,0,0,0,0,0,0,0.602808,0.3464,0.3,0.3,0.3,0.3,0.3,0.566845,0.566845,0.566845,0.566845,0.566845,0.569511,0.3,0.614493,0.998919,0.998919,0,0,0,0,226,0.676301,0.3,0.3,0.477876,0.486726,28.5,0,1904.09,287.051,571.064,2343.39,1615.44,129.54,10.3236,23.2675,265.27,276.55,0,0,0,0,0
neuromorpho__18454_00020-semi_r.swc,2351,interneuron,0.995915,2135,215,0,0,0,0,0,0,0,0,0,0,0,0.569102,0.340156,0.3,0.3,0.3,0.3,0.3,0.615057,0.615057,0.615057,0.615057,0.615057,0.529218,0.3,0.672131,0.96316,0.998919,0.0511628,0,0,0,168,0.677917,0.3,0.3,0.458333,0.482143,33,0,2288.89,427.263,704.91,1589.75,1265.55,124.23,14.9375,18.1579,209.33,512.05,0,0,0,0,0
neuromorpho__18455_00002-semi_r.swc,1822,interneuron,0.996698,1596,225,0,0,0,0,0,0,0,0,0,0,0,0.606955,0.346563,0.3,0.3,0.3,0.3,0.3,0.560373,0.560373,0.560373,0.560373,0.560373,0.55145,0.3,0.639724,0.998919,0.998919,0,0,0,0,201,0.701361,0.3,0.3,0.41791,0.432836,22,0,855.7,-196.969,238.297,1250.55,1629.59,50.94,1.51493,9.70638,158.19,355.22,0,0,0,0,0
neuromorpho__18455_00026-semi_r.swc,2415,interneuron,0.997944,2185,229,0,0,0,0,0,0,0,0,0,0,0,0.694879,0.346624,0.3,0.3,0.3,0.3,0.998919,0.435197,0.435197,0.435197,0.435197,0.435197,0.662874,0.3,0.481007,0.998919,0.998919,0,0,0,0,264,0.759893,0.3,0.3,0.344697,0.359848,22,0,2058.78,-411.963,615.729,901.9,1443.8,142.53,-16.2787,23.5222,207.77,321.58,0,0,0,0,0
neuromorpho__18455_00032-semi_r.swc,1873,interneuron,0.852575,1637,235,0,0,0,0,0,0,0,0,0,0,0,0.495403,0.312726,0.3,0.3,0.3,0.3,0.3,0.719167,0.719167,0.719167,0.719167,0.719167,0.422812,0.3,0.822847,0.998919,0.998919,0,0,0,0,224,0.618869,0.3,0.3,0.544643,0.544643,17,0,3732.91,-1881.49,1360.7,3232.41,1658.18,65.7,9.2723,11.4442,131.19,270.15,0,0,0,0,0
neuromorpho__18455_00036-semi_r.swc,3094,interneuron,0.997789,2891,202,0,0,0,0,0,0,0,0,0,0,0,0.354896,0.188035,0.3,0.3,0.3,0.3,0.3,0.921461,0.921461,0.921461,0.921461,0.921461,0.309674,0.3,0.986164,0.998919,0.998919,0,0,0,0,274,0.412242,0.3,0.3,0.839416,0.839416,32.7,0,1479.29,-246.717,258.286,1849.77,1605.82,110.71,-0.885545,19.1877,257.7,168.2,0,0,0,0,0
neuromorpho__18462_00005-semi_r.swc,2151,interneuron,0.980586,1937,213,0,0,0,0,0,0,0,0,0,0,0,0.544738,0.333471,0.3,0.3,0.3,0.3,0.3,0.64993,0.64993,0.64993,0.64993,0.64993,0.49456,0.3,0.721735,0.998919,0.998919,0,0,0,0,130,0.634684,0.3,0.3,0.523077,0.553846,36.4,0,1557.27,-224.758,381.87,2116.95,2400.66,210.83,-14.1365,34.9108,220.47,310.99,0,0,0,0,0
neuromorpho__18465_00213-semi_r.swc,1868,interneuron,0.996358,1512,355,0,0,0,0,0,0,0,0,0,0,0,0.627374,0.348754,0.3,0.3,0.3,0.3,0.3,0.531585,0.531585,0.531585,0.531585,0.531585,0.539894,0.3,0.656746,0.998919,0.998919,0,0,0,0,366,0.62262,0.3,0.3,0.535519,0.543716,13,0,1319.65,242.541,300.959,1176.6,1381.66,201.94,15.411,35.1916,337.11,385.38,0,0,0,0,0
neuromorpho__1857-09-cell-2-analysis.swc,894,interneuron,0.946268,0,893,0,0,0,0,0,0,0,0,0,0,0,0.99892,3.61415e-05,0.998919,0.998919,0.998919,0.998919,0.998919,0,0,0,0,0,0,0,0,0.998919,0.998919,0,0,0,0,21,0.99897,0.998919,0.998919,0,0,112,-1.5,0,0,0,0,0,42.03,10.1095,9.17466,69.78,245.39,0,0,0,0,0
neuromorpho__18867_8235_x25208_y14610-auto_r.swc,7486,interneuron,0.932291,6934,551,0,0,0,0,0,0,0,0,0,0,0,0.365305,0.203334,0.3,0.3,0.3,0.3,0.3,0.906492,0.906492,0.906492,0.906492,0.906492,0.337342,0.3,0.946496,0.716053,0.3,0.404719,0,0,0,1919,0.343404,0.3,0.3,0.939552,0.940073,7,0,2985.57,379.992,670.22,4481.31,3435.79,523.24,-31.8051,95.8532,676.68,1031.5,0,0,0,0,0
neuromorpho__18868_2924_x10668_y9719-auto_r.swc,3385,interneuron,0.989271,2844,540,0,0,0,0,0,0,0,0,0,0,0,0.700887,0.345774,0.3,0.3,0.3,0.3,0.998919,0.426588,0.426588,0.426588,0.426588,0.426588,0.663362,0.3,0.480309,0.897964,0.3,0.144444,0,0,0,506,0.703052,0.3,0.3,0.416996,0.434783,17,0,1325.08,75.5425,233.516,1022.09,1229,373.57,-12.6332,75.1806,579.72,754.64,0,0,0,0,0
neuromorpho__18869_4001_x4383_y7249-semi_r.swc,4212,interneuron,0.99008,3795,416,0,0,0,0,0,0,0,0,0,0,0,0.886114,0.257399,0.3,0.3,0.3,0.998919,0.999189,0.161681,0.161681,0.161681,0.161681,0.161681,0.873719,0.3,0.179447,0.998919,0.998919,0,0,0,0,795,0.907542,0.3,0.3,0.12956,0.130818,12,0,582.08,23.7899,96.5017,998.01,1077.16,275.44,-1.01901,42.5142,275.99,424.68,0,0,0,0,0
neuromorpho__18869_4520_x23555_y8194-semi_r.swc,4086,interneuron,0.99108,3484,601,0,0,0,0,0,0,0,0,0,0,0,0.817256,0.306728,0.3,0.3,0.3,0.3,0.999189,0.260157,0.260157,0.260157,0.260157,0.260157,0.801112,0.3,0.283295,0.910536,0.3,0.126456,0,0,0,643,0.84836,0.3,0.3,0.214619,0.225505,15,0,623.28,-14.8107,61.0131,1608.48,1782.79,321.02,-24.3166,42.1353,417.48,748.3,0,0,0,0,0
neuromorpho__18869_5123_x17555_y3609-semi_r.swc,2336,interneuron,0.998512,1962,373,0,0,0,0,0,0,0,0,0,0,0,0.989569,0.0812665,0.3,0.998919,0.998919,0.999189,0.999189,0.0136986,0.0136986,0.0136986,0.0136986,0.0136986,0.989923,0.999189,0.0132518,0.987676,0.998919,0.0160858,0,0,0,551,0.99547,0.3,0.999189,0.00362976,0.00725953,10,0,932.14,-87.7516,130.698,359.34,955.98,239.31,-21.1523,36.2249,296.37,478.71,0,0,0,0,0
neuromorpho__18869_5317_x6063_y4638-semi_r.swc,2958,interneuron,0.994719,2522,435,0,0,0,0,0,0,0,0,0,0,0,0.964165,0.152424,0.3,0.891367,0.998919,0.999189,0.999189,0.0500338,0.0500338,0.0500338,0.0500338,0.0500338,0.978664,0.999189,0.0293418,0.880022,0.3,0.170115,0,0,0,554,0.986965,0.3,0.999189,0.0144404,0.0216606,12,-0.00333333,338.25,48.766,47.9678,729.54,842.52,219.14,47.696,45.968,391.06,686.43,0,0,0,0,0
neuromorpho__18869_6732_x9649_y3919-semi_r.swc,4503,interneuron,0.998474,3894,608,0,0,0,0,0,0,0,0,0,0,0,0.981453,0.109826,0.3,0.998919,0.998919,0.999189,0.999189,0.0253165,0.0253165,0.0253165,0.0253165,0.0253165,0.988773,0.999189,0.0148947,0.934545,0.998919,0.0921053,0,0,0,993,0.985415,0.3,0.999189,0.0181269,0.0191339,10,0,326.55,-45.7327,57.5077,1162.43,862.78,381.8,25.5784,54.5594,383.77,531.98,0,0,0,0,0
neuromorpho__19-02-19A-01-cell-1.swc,1258,interneuron,0.986407,0,1257,0,0,0,0,0,0,0,0,0,0,0,0.99892,3.04722e-05,0.998919,0.998919,0.998919,0.998919,0.998919,0,0,0,0,0,0,0,0,0.998919,0.998919,0,0,0,0,15,0.998991,0.998919,0.998919,0,0,200.2,4,0,0,0,0,0,40.5,-8.40294,8.86409,62.6,352.22,0,0,0,0,0
neuromorpho__19-02-19A-10-cell-1.swc,8709,interneuron,0.995821,0,8708,0,0,0,0,0,0,0,0,0,0,0,0.951503,0.0590262,0.3,0.927978,0.927978,0.927978,0.927978,0.00539672,0.00539672,0.00539672,0.00539672,0.00539672,0,0,0,0.951497,0.927978,0.00539734,0,0,0,163,0.955323,0.3,0.927978,0,0,139.8,4.25,0,0,0,0,0,57.5,-17.0183,12.6932,74.58,696.93,0,0,0,0,0
neuromorpho__19-02-19A-11-cell-1.swc,2571,interneuron,0.931062,0,2570,0,0,0,0,0,0,0,0,0,0,0,0.998919,2.13197e-05,0.998919,0.998919,0.998919,0.998919,0.998919,0,0,0,0,0,0,0,0,0.998919,0.998919,0,0,0,0,86,0.998931,0.998919,0.998919,0,0,68.5,4.5,0,0,0,0,0,52.5,-0.960895,10.9507,78.4,183.79,0,0,0,0,0
neuromorpho__190131_C5.swc,57539,interneuron,0.998751,35985,21553,0,0,0,0,0,0,0,0,0,0,0,0.97811,0.119284,0.3,0.998919,0.998919,0.998919,0.999189,0.0300144,0.0300144,0.0300144,0.0300144,0.0300144,0.999189,0.999189,0,0.942916,0.998919,0.0801281,0,0,0,2136,0.993336,0.3,0.998919,0.0079588,0.00889513,63.5,0,37.41,5.6337,6.62539,697.58,557.35,34.15,4.88329,6.7243,626.89,951.84,0,0,0,0,0
neuromorpho__190131_C7.swc,35096,interneuron,0.998591,27113,7982,0,0,0,0,0,0,0,0,0,0,0,0.95284,0.173849,0.3,0.3,0.998919,0.998919,0.999189,0.0662184,0.0662184,0.0662184,0.0662184,0.0662184,0.978739,0.999189,0.029248,0.864862,0.3,0.191807,0,0,0,2104,0.959491,0.3,0.998919,0.0560837,0.0565589,38,0,33.04,4.76344,5.69641,867.27,480.05,27.33,5.79324,5.90419,736.24,864.1,0,0,0,0,0
neuromorpho__19_06_13_-1_Cell_-6.swc,54512,pyramidal,0.971435,23013,11336,20162,0,0,0,0,0,0,0,0,0,0,0.664214,0.339223,0.3,0.3,0.3,0.3,0.967549,0.460467,0.478225,0.479931,0.480261,0.480261,0.559472,0.3,0.625299,0.875931,0.496,0.218507,0.664713,0.3,0.461016,273,0.731329,0.3,0.3,0.388278,0.406593,472,0,164.75,-47.2137,24.7563,1667.65,1137.59,247.96,-9.11459,36.8894,409.9,409.3,165.93,-88.0771,45.2908,503.91,1255.65
neuromorpho__1_49.swc,102,pyramidal,0.993495,10,91,0,0,0,0,0,0,0,0,0,0,0,0.959972,0.0670639,0.708089,0.777182,0.950709,0.950709,0.998348,0,0,0,0.0980392,0.0980392,0.768725,0.758573,0,0.980549,0.950709,0,0,0,0,15,0.916789,0.708089,0.768917,0,0.333333,20.2,0,0,0,0,46.78,44.76,0,0,0,46.33,104.26,0,0,0,0,0
neuromorpho__1_56.swc,9629,pyramidal,0.944392,0,9628,0,0,0,0,0,0,0,0,0,0,0,0.98588,0.0102813,0.620938,0.984087,0.984087,0.984087,0.984087,0,0,0.000519265,0.000519265,0.000519265,0,0,0,0.985878,0.984087,0.000519319,0,0,0,634,0.98526,0.620938,0.984087,0.00157729,0.00157729,31,0,0,0,0,0,0,1.7,-0.0165258,0.47581,65.69,118.86,0,0,0,0,0
neuromorpho__1a_3.swc,3020,pyramidal,0.966286,1575,1444,0,0,0,0,0,0,0,0,0,0,0,0.750288,0.24171,0.3,0.421049,0.489883,0.535154,0.600992,0.176159,0.496358,0.521523,0.521523,0.521523,0.522701,0.421049,1,0.998348,0.998348,0,0,0,0,72,0.779085,0.3,0.495951,0.486111,0.486111,99,0,148.2,35.473,35.1026,218.31,312.35,100.36,-2.38951,19.7073,298.29,219.29,0,0,0,0,0
neuromorpho__1b_1.swc,2002,pyramidal,0.780236,599,1402,0,0,0,0,0,0,0,0,0,0,0,0.844849,0.23594,0.4441,0.446622,0.451195,0.527007,0.998348,0.215784,0.292707,0.299201,0.299201,0.299201,0.485315,0.4441,1,0.998348,0.998348,0,0,0,0,37,0.849306,0.4441,0.449366,0.297297,0.297297,119,0,113.92,31.3095,28.1144,137.98,254.2,92.54,-3.94631,16.5469,258.64,294.36,0,0,0,0,0
neuromorpho__1b_2.swc,1661,pyramidal,0.966528,0,1660,0,0,0,0,0,0,0,0,0,0,0,0.971374,0.0883906,0.3,0.620185,0.982987,0.983724,0.998348,0.00301023,0.00301023,0.051776,0.051776,0.051776,0,0,0,0.971356,0.982987,0.0518072,0,0,0,48,0.983411,0.3,0.976149,0.0208333,0.0208333,90,0.00333333,0,0,0,0,0,111.45,-8.43933,19.2745,164.54,297.18,0,0,0,0,0
neuromorpho__1d.swc,987,interneuron,0.422555,0,986,0,0,0,0,0,0,0,0,0,0,0,0.937464,0.0090508,0.904587,0.904587,0.935977,0.935977,0.938826,0,0,0,0,0,0,0,0,0.937401,0.935977,0,0,0,0,28,0.938203,0.904587,0.92656,0,0,77.1,0,0,0,0,0,0,43.51,-8.53977,8.29683,121.27,267.38,0,0,0,0,0
neuromorpho__2-wild-type-veichle-neuron2_2.swc,298,pyramidal,0.968693,0,140,157,0,0,0,0,0,0,0,0,0,0,0.986898,0.00994743,0.978151,0.978276,0.978276,0.978276,0.978276,0,0,0,0,0,0,0,0,0.996473,0.998348,0,0.978276,0.978276,0,22,0.989294,0.978151,0.978276,0,0,24.8,0,0,0,0,0,0,51.11,8.26743,12.2568,140.68,78.62,37.78,5.44815,6.85021,118.62,269.28
neuromorpho__20-08-15-B.swc,11932,interneuron,0.99836,11156,775,0,0,0,0,0,0,0,0,0,0,0,0.988137,0.0682604,0.3,0.973127,0.973127,0.998919,0.999189,0.00955414,0.00955414,0.00955414,0.00955414,0.00955414,0.987387,0.973127,0.0102187,0.998919,0.998919,0,0,0,0,142,0.993058,0.3,0.973127,0,0,223,-1,44.43,0.549164,8.50798,113.49,554.61,22.23,0.0701032,5.59093,35.78,167.26,0,0,0,0,0
neuromorpho__2015-04-07-slice-2-cell-7.swc,13452,interneuron,0.993267,11628,1823,0,0,0,0,0,0,0,0,0,0,0,0.988181,0.0868729,0.3,0.998919,0.998919,0.999189,0.999189,0.0156854,0.0156854,0.0156854,0.0156854,0.0156854,0.989261,0.999189,0.0141899,0.981283,0.998919,0.0252331,0,0,0,266,0.995631,0.3,0.998919,0,0,110,0,58.53,-14.1483,11.2617,443.03,489.42,60.31,-6.29227,10.2003,307.99,352.59,0,0,0,0,0
neuromorpho__2016-09-06-slice-C-cell-7-rotated.swc,21108,interneuron,0.999018,20161,946,0,0,0,0,0,0,0,0,0,0,0,0.989902,0.0799913,0.3,0.998919,0.999189,0.999189,0.999189,0.0132651,0.0132651,0.0132651,0.0132651,0.0132651,0.989478,0.999189,0.0138882,0.998919,0.998919,0,0,0,0,557,0.994832,0.3,0.999189,0.00359066,0.00718133,78.4,0,107.29,-20.9261,14.8341,496.67,586.07,51.59,-8.65297,9.89695,180.24,253.38,0,0,0,0,0
neuromorpho__2016-19-05-slice-2-cell-5-rotated.swc,25435,interneuron,0.998818,22327,3107,0,0,0,0,0,0,0,0,0,0,0,0.961807,0.157235,0.3,0.3,0.998919,0.999189,0.999189,0.0534303,0.0534303,0.0534303,0.0534303,0.0534303,0.983969,0.999189,0.0217674,0.802538,0.3,0.280978,0,0,0,410,0.989691,0.3,0.999189,0.0170732,0.0195122,129,0,134.53,-24.6144,29.6636,466.56,779.08,96.83,-3.39166,15.6325,428.37,466.87,0,0,0,0,0
neuromorpho__2016-19-10-slice-1-cell-2-rotated.swc,28055,interneuron,0.999153,27220,834,0,0,0,0,0,0,0,0,0,0,0,0.953048,0.173566,0.3,0.3,0.999189,0.999189,0.999189,0.0659775,0.0659775,0.0659775,0.0659775,0.0659775,0.951641,0.999189,0.0680015,0.998919,0.998919,0,0,0,0,526,0.95456,0.3,0.998919,0.0608365,0.0608365,113.5,0,128.35,-14.4234,18.9203,523.68,480.54,46.32,-1.13169,8.25393,153.56,283.26,0,0,0,0,0
neuromorpho__2016-19-10-slice-4-cell-7-rotated.swc,42131,interneuron,0.998829,38517,3613,0,0,0,0,0,0,0,0,0,0,0,0.924033,0.216441,0.3,0.3,0.3,0.999189,0.999189,0.107379,0.107379,0.107379,0.107379,0.107379,0.917478,0.3,0.11678,0.993889,0.998919,0.00719624,0,0,0,429,0.921169,0.3,0.3,0.107226,0.111888,203.8,0,106.88,-9.20543,15.8268,697.96,683.98,81.19,-5.41926,13.9216,287.26,322.57,0,0,0,0,0
neuromorpho__2017-01-08-slice-4-cell-2-rotated.swc,16082,interneuron,0.997335,15262,819,0,0,0,0,0,0,0,0,0,0,0,0.942979,0.19004,0.3,0.3,0.998919,0.999189,0.999189,0.0803383,0.0803383,0.0803383,0.0803383,0.0803383,0.939974,0.999189,0.0846547,0.998919,0.998919,0,0,0,0,199,0.97247,0.3,0.994283,0.0351759,0.0502513,166.6,0,71.01,-21.2389,11.74,449.94,676.83,37.08,-12.2295,8.38058,91.53,252.03,0,0,0,0,0
neuromorpho__2017-06-03-slice-2-cell-2-rotated.swc,19785,interneuron,0.998692,17082,2702,0,0,0,0,0,0,0,0,0,0,0,0.971439,0.134963,0.3,0.983947,0.995725,0.999189,0.999189,0.0388173,0.0388173,0.0388173,0.0388173,0.0388173,0.980347,0.995725,0.0259923,0.915111,0.3,0.119911,0,0,0,179,0.978971,0.3,0.995725,0.0223464,0.027933,235,0,80.18,-1.75888,12.4531,289.32,480.11,33.18,1.8584,7.92043,169.21,284.58,0,0,0,0,0
neuromorpho__2017-12-02-slice-3-cell-3-rotated.swc,26518,interneuron,0.994292,22924,3593,0,0,0,0,0,0,0,0,0,0,0,0.954018,0.170772,0.3,0.3,0.998919,0.999189,0.999189,0.0638057,0.0638057,0.0638057,0.0638057,0.0638057,0.966064,0.999189,0.0465015,0.877148,0.3,0.174228,0,0,0,223,0.966953,0.3,0.995725,0.0403587,0.0493274,247,0,66.42,-2.92505,9.78638,523.81,706.84,107.18,-7.29898,21.2866,274.34,526.85,0,0,0,0,0
neuromorpho__2017-15-03-slice-1-cell-2-rotated.swc,77835,interneuron,0.994832,77329,505,0,0,0,0,0,0,0,0,0,0,0,0.911601,0.231325,0.3,0.3,0.3,0.999189,0.999189,0.125149,0.125149,0.125149,0.125149,0.125149,0.91103,0.3,0.125968,0.998919,0.998919,0,0,0,0,533,0.956348,0.3,0.901356,0.0506567,0.0712946,376.4,0,107.17,-4.43487,14.0678,722.96,561.24,23.12,0.597228,5.83131,75.75,109.16,0,0,0,0,0
neuromorpho__2017-17-03-slice-1-cell-2-rotated.swc,29699,interneuron,0.998659,27710,1988,0,0,0,0,0,0,0,0,0,0,0,0.940927,0.193167,0.3,0.3,0.998919,0.999189,0.999189,0.0832688,0.0832688,0.0832688,0.0832688,0.0832688,0.95384,0.999189,0.0648141,0.760907,0.3,0.340543,0,0,0,274,0.961564,0.3,0.995725,0.0437956,0.0583942,239.9,0,107.23,-15.0818,18.9521,412.01,697.89,60.25,-21.4838,13.7659,135.14,477.33,0,0,0,0,0
neuromorpho__2017-17-04-slice-1-cell-7-rotated.swc,42764,interneuron,0.980204,38409,4354,0,0,0,0,0,0,0,0,0,0,0,0.978675,0.117911,0.3,0.998919,0.998919,0.999189,0.999189,0.0293003,0.0293003,0.0293003,0.0293003,0.0293003,0.976379,0.999189,0.0326226,0.998919,0.998919,0,0,0,0,280,0.98922,0.3,0.998919,0.00714286,0.0214286,327.2,0,84.45,-11.1622,11.0793,423.37,524.38,46.49,-1.93169,8.29383,177.11,397.09,0,0,0,0,0
neuromorpho__2017-24-02-slice-3-cell-2-rotated.swc,7339,interneuron,0.996872,0,7338,0,0,0,0,0,0,0,0,0,0,0,0.837028,0.241185,0.3,0.3,0.3,0.927978,0.927978,0.129854,0.20793,0.236817,0.236817,0.236817,0,0,0,0.837006,0.3,0.236849,0,0,0,57,0.829016,0.3,0.3,0.22807,0.22807,240.2,0,0,0,0,0,0,96.79,-19.3475,20.9065,210.09,692.74,0,0,0,0,0
neuromorpho__2017-29-03-slice-2-cell-2-rotated.swc,24223,interneuron,0.998284,22875,1347,0,0,0,0,0,0,0,0,0,0,0,0.986408,0.0791012,0.3,0.973127,0.998919,0.999189,0.999189,0.00747224,0.0198572,0.0198572,0.0198572,0.0256781,0.985671,0.999189,0.0210273,0.998919,0.998919,0,0,0,0,501,0.993453,0.3,0.998919,0.00598802,0.00798403,103,0,120.73,-12.5259,18.5035,440.46,447.12,54.89,1.51372,10.3294,175.33,231.3,0,0,0,0,0
neuromorpho__2017-29-06-slice-3-cell-2-rotated.swc,22998,interneuron,0.998363,20021,2976,0,0,0,0,0,0,0,0,0,0,0,0.997086,0.0379612,0.3,0.998919,0.998919,0.999189,0.999189,0.00295678,0.00295678,0.00295678,0.00295678,0.00295678,0.996814,0.999189,0.00339643,0.998919,0.998919,0,0,0,0,235,0.998635,0.3,0.998919,0,0,228,0,75.02,-8.15413,11.9378,330.83,333.83,63.33,-11.421,12.8124,205.53,279.38,0,0,0,0,0
neuromorpho__20171012A01.swc,2090,interneuron,0.489669,0,2089,0,0,0,0,0,0,0,0,0,0,0,0.94105,0.00136777,0.940452,0.94064,0.94064,0.94064,0.94064,0,0,0,0,0,0,0,0,0.941022,0.94064,0,0,0,0,52,0.942187,0.940452,0.94064,0,0,110.7,0,0,0,0,0,0,77.69,-16.8875,14.5666,212.13,445.18,0,0,0,0,0
neuromorpho__2018-14-05-slice-1-cell-2-rotated.swc,41402,interneuron,0.998959,39128,2273,0,0,0,0,0,0,0,0,0,0,0,0.959989,0.160802,0.3,0.3,0.998919,0.999189,0.999189,0.0560359,0.0560359,0.0560359,0.0560359,0.0560359,0.959102,0.999189,0.0573247,0.975242,0.998919,0.0338759,0,0,0,415,0.967505,0.3,0.998919,0.0409639,0.0506024,208.8,0,82.23,8.87724,11.065,465.69,1028.53,57.83,2.54333,10.0083,124.98,443.59,0,0,0,0,0
neuromorpho__20180109B01.swc,3155,pyramidal,0.785448,0,706,2448,0,0,0,0,0,0,0,0,0,0,0.880612,0.239602,0.3,0.3,0.3,0.978276,0.978276,0.138827,0.158162,0.158162,0.158162,0.158162,0,0,0,0.962601,0.998348,0.0864023,0.856918,0.3,0.178922,69,0.947749,0.3,0.978276,0.057971,0.0869565,86.2,0,0,0,0,0,0,58.4,-1.96506,14.2373,183.82,176.2,74.72,1.22637,17.9414,146.93,635.2
neuromorpho__20180411_sample_4.swc,8950,interneuron,0.998884,7882,1067,0,0,0,0,0,0,0,0,0,0,0,0.981822,0.107769,0.3,0.998919,0.998919,0.999189,0.999189,0.0243575,0.0243575,0.0243575,0.0243575,0.0243575,0.984826,0.999189,0.0200457,0.959617,0.998919,0.0562324,0,0,0,536,0.983565,0.3,0.998919,0.0186567,0.0261194,34.5,0,166.02,22.7684,28.6649,617.38,521.42,121.31,5.10453,22.7262,272.94,443.88,0,0,0,0,0
neuromorpho__20180510_sample_2.swc,3522,interneuron,0.998814,3504,17,0,0,0,0,0,0,0,0,0,0,0,0.986953,0.0897029,0.3,0.995725,0.999189,0.999189,0.999189,0.0167518,0.0167518,0.0167518,0.0167518,0.0167518,0.986892,0.999189,0.0168379,0.998919,0.998919,0,0,0,0,458,0.982778,0.3,0.998919,0.0218341,0.0218341,14,0,198.8,6.85588,30.7813,629.61,362.81,11.27,-0.948235,2.61321,68.27,39.12,0,0,0,0,0
neuromorpho__20180515_sample_1.swc,4479,interneuron,0.966898,3489,989,0,0,0,0,0,0,0,0,0,0,0,0.976467,0.120275,0.3,0.973127,0.995725,0.998919,0.999189,0.0305872,0.0305872,0.0305872,0.0305872,0.0305872,0.976507,0.995725,0.0300946,0.976305,0.998919,0.0323559,0,0,0,147,0.991101,0.3,0.991014,0,0.0136054,53,0,51.33,0.523531,9.49523,304.65,474.24,59.3,-2.52514,10.8188,252.52,428.48,0,0,0,0,0
neuromorpho__20180607-60L5-1-1-445-02-352-93-48.swc,710,interneuron,0.532015,0,709,0,0,0,0,0,0,0,0,0,0,0,0.927033,0.095237,0.3,0.939285,0.939285,0.941678,0.94176,0.0225352,0.0225352,0.0225352,0.0225352,0.0225352,0,0,0,0.926931,0.939285,0.022567,0,0,0,23,0.940572,0.3,0.941678,0,0,54.8,0,0,0,0,0,0,52.94,-4.1715,10.9481,154.09,249.81,0,0,0,0,0
neuromorpho__20180607-L1R2-1-4-320-31-276-07-19.swc,739,interneuron,0.784017,0,738,0,0,0,0,0,0,0,0,0,0,0,0.994191,0.0572949,0.3,0.998919,0.998919,0.998919,0.998919,0.0067659,0.0067659,0.0067659,0.0067659,0.0067659,0,0,0,0.994184,0.998919,0.00677507,0,0,0,21,0.997719,0.3,0.998919,0,0,55,0,0,0,0,0,0,46,-0.829187,8.57706,172.05,168.51,0,0,0,0,0
neuromorpho__20180607-L1R2-2-3-451-09-113-14-40.swc,308,interneuron,0.992403,0,307,0,0,0,0,0,0,0,0,0,0,0,0.998922,6.15086e-05,0.998919,0.998919,0.998919,0.998919,0.998919,0,0,0,0,0,0,0,0,0.998919,0.998919,0,0,0,0,6,0.999099,0.998919,0.998919,0,0,98.5,0,0,0,0,0,0,22.4,-1.07958,6.0653,67.33,105.85,0,0,0,0,0
neuromorpho__20180607-L1R2-6-4-185-05-337-32-36.swc,327,interneuron,0.989733,0,326,0,0,0,0,0,0,0,0,0,0,0,0.998922,5.97006e-05,0.998919,0.998919,0.998919,0.998919,0.998919,0,0,0,0,0,0,0,0,0.998919,0.998919,0,0,0,0,12,0.999009,0.998919,0.998919,0,0,49.4,0,0,0,0,0,0,31.32,1.45316,5.51039,55.22,125.18,0,0,0,0,0
neuromorpho__20180607-L1R2-7-4-282-91-308-73-39.swc,504,interneuron,0.960607,0,503,0,0,0,0,0,0,0,0,0,0,0,0.998921,4.81139e-05,0.998919,0.998919,0.998919,0.998919,0.998919,0,0,0,0,0,0,0,0,0.998919,0.998919,0,0,0,0,14,0.998996,0.998919,0.998919,0,0,71.7,0,0,0,0,0,0,47.79,-4.92247,8.43512,109.12,192.52,0,0,0,0,0
neuromorpho__20180711_sample_3.swc,4840,interneuron,0.998823,4220,619,0,0,0,0,0,0,0,0,0,0,0,0.955514,0.169104,0.3,0.3,0.998919,0.999189,0.999189,0.0623967,0.0623967,0.0623967,0.0623967,0.0623967,0.95543,0.999189,0.0625592,0.956013,0.998919,0.0613893,0,0,0,291,0.967921,0.3,0.998919,0.0378007,0.0515464,31,0,168.93,-30.1286,20.6827,548.07,628.42,85.28,-5.34393,14.0874,328.78,316.01,0,0,0,0,0
neuromorpho__20180719_sample_1.swc,5577,interneuron,0.867985,4304,1272,0,0,0,0,0,0,0,0,0,0,0,0.982871,0.100591,0.3,0.973127,0.998919,0.998919,0.999189,0.0211583,0.0211583,0.0211583,0.0211583,0.0211583,0.982834,0.999189,0.0206784,0.982984,0.998919,0.0227987,0,0,0,276,0.988833,0.3,0.973127,0.00724638,0.0108696,41.5,0,109.4,-2.23218,15.7929,495.77,562.72,37.81,0.926399,4.59776,449.74,507.99,0,0,0,0,0
neuromorpho__20180720_sample_5.swc,4000,interneuron,0.983662,2029,1970,0,0,0,0,0,0,0,0,0,0,0,0.997456,0.0176015,0.3,0.998919,0.998919,0.998919,0.998919,0.0005,0.0005,0.0005,0.0005,0.0005,0.997642,0.999189,0.000985707,0.997262,0.998919,0,0,0,0,178,0.998104,0.3,0.998919,0,0,53,0,51.18,9.66754,9.29853,268.34,216.16,59.45,-3.45268,9.58124,168.01,151.96,0,0,0,0,0
neuromorpho__20180817_sample_2.swc,6874,interneuron,0.998662,6113,760,0,0,0,0,0,0,0,0,0,0,0,0.985283,0.097012,0.3,0.998919,0.998919,0.999189,0.999189,0.0196392,0.0196392,0.0196392,0.0196392,0.0196392,0.983586,0.999189,0.0220841,0.998919,0.998919,0,0,0,0,466,0.991319,0.3,0.998919,0.00858369,0.00858369,31,0,124.72,13.8476,19.9534,531.63,522.97,44.22,4.68587,9.11201,134.18,258.65,0,0,0,0,0
neuromorpho__20180820_sample_1.swc,4441,interneuron,0.998829,4417,23,0,0,0,0,0,0,0,0,0,0,0,0.960368,0.15959,0.3,0.3,0.999189,0.999189,0.999189,0.0551678,0.0551678,0.0551678,0.0551678,0.0551678,0.960159,0.999189,0.0554675,0.998919,0.998919,0,0,0,0,313,0.967566,0.3,0.999189,0.0383387,0.0479233,27,0,296.1,29.4742,44.9899,725.57,521.02,7.91,-1.5313,2.24437,20.85,66.15,0,0,0,0,0
neuromorpho__20180820_sample_5.swc,4476,interneuron,0.98413,4070,405,0,0,0,0,0,0,0,0,0,0,0,0.988074,0.0873557,0.3,0.998919,0.998919,0.999189,0.999189,0.0158624,0.0158624,0.0158624,0.0158624,0.0158624,0.986992,0.999189,0.0174447,0.998919,0.998919,0,0,0,0,181,0.996201,0.3,0.998919,0,0.00552486,50,0,142.84,-1.77592,22.5903,329.17,320.75,76.54,-8.44415,13.6695,134.21,161.75,0,0,0,0,0
neuromorpho__20180822_sample_1.swc,4972,interneuron,0.99799,4958,13,0,0,0,0,0,0,0,0,0,0,0,0.998872,0.0100551,0.3,0.999189,0.999189,0.999189,0.999189,0.000201126,0.000201126,0.000201126,0.000201126,0.000201126,0.998872,0.999189,0.000201694,0.998919,0.998919,0,0,0,0,398,0.998732,0.3,0.999189,0,0,24,0,278.73,-31.7507,43.3012,490.3,243.73,4.43,-0.146154,1.14347,28.24,3.58,0,0,0,0,0
neuromorpho__20180822_sample_4.swc,3918,interneuron,0.996645,3606,311,0,0,0,0,0,0,0,0,0,0,0,0.998945,0.0022632,0.973127,0.998919,0.999189,0.999189,0.999189,0,0,0,0,0,0.998947,0.999189,0,0.998919,0.998919,0,0,0,0,171,0.998589,0.973127,0.999189,0,0,43,0,65.74,-3.22496,10.9815,372.69,394.37,56.61,-4.82373,11.503,163.63,234.83,0,0,0,0,0
neuromorpho__20180829_sample_2.swc,3342,interneuron,0.996382,2376,965,0,0,0,0,0,0,0,0,0,0,0,0.969123,0.140476,0.3,0.973127,0.998919,0.998919,0.999189,0.0421903,0.0421903,0.0421903,0.0421903,0.0421903,0.95995,0.999189,0.0551347,0.991676,0.998919,0.0103627,0,0,0,217,0.981943,0.3,0.998919,0.0184332,0.0414747,30.4,0,208.77,34.1545,36.1533,600.05,521.27,126.6,21.743,23.1412,277.02,392.33,0,0,0,0,0
neuromorpho__20180829_sample_6.swc,4161,interneuron,0.998495,3956,204,0,0,0,0,0,0,0,0,0,0,0,0.98254,0.106556,0.3,0.998919,0.999189,0.999189,0.999189,0.0237924,0.0237924,0.0237924,0.0237924,0.0237924,0.981691,0.999189,0.0250253,0.998919,0.998919,0,0,0,0,295,0.995001,0.3,0.999189,0,0.0101695,27,0,138.39,-29.0362,29.7394,598.75,610.55,41.14,2.98137,6.97337,127.02,232.43,0,0,0,0,0
neuromorpho__20180904_sample_3.swc,9597,interneuron,0.998297,9013,583,0,0,0,0,0,0,0,0,0,0,0,0.99723,0.0363566,0.3,0.998919,0.999189,0.999189,0.999189,0.00270918,0.00270918,0.00270918,0.00270918,0.00270918,0.99712,0.999189,0.00288472,0.998919,0.998919,0,0,0,0,610,0.998777,0.3,0.999189,0,0,33,0,136.4,-8.10767,25.7504,428.96,436.17,61.34,2.4019,11.4434,247.44,291.21,0,0,0,0,0
neuromorpho__20181009_sample_7.swc,2602,interneuron,0.996535,2076,525,0,0,0,0,0,0,0,0,0,0,0,0.956958,0.165368,0.3,0.3,0.998919,0.998919,0.999189,0.0595696,0.0595696,0.0595696,0.0595696,0.0595696,0.946326,0.983947,0.0746628,0.998919,0.998919,0,0,0,0,164,0.959738,0.3,0.983947,0.0487805,0.0609756,30,0,122.12,-0.606652,23.1551,483.59,437.47,79.12,-14.5124,13.5724,248.39,305.39,0,0,0,0,0
neuromorpho__20181121_sample_6.swc,5071,interneuron,0.995964,4557,513,0,0,0,0,0,0,0,0,0,0,0,0.870264,0.270449,0.3,0.3,0.3,0.998919,0.999189,0.183593,0.183593,0.183593,0.183593,0.183593,0.858973,0.3,0.199693,0.970308,0.998919,0.0409357,0,0,0,271,0.929842,0.3,0.786935,0.0922509,0.110701,40,0,314.55,31.921,52.2032,632.76,1053.57,104.38,2.48415,17.7003,268.26,386.36,0,0,0,0,0
neuromorpho__20190110_sample_4.swc,8414,interneuron,0.999017,8267,146,0,0,0,0,0,0,0,0,0,0,0,0.981602,0.109064,0.3,0.999189,0.999189,0.999189,0.999189,0.0249584,0.0249584,0.0249584,0.0249584,0.0249584,0.981294,0.999189,0.0254022,0.998919,0.998919,0,0,0,0,521,0.989094,0.3,0.999189,0.0134357,0.0134357,34,0,321.54,-26.9009,54.4829,756.48,956.94,29.59,5.99336,6.13294,98.17,152.86,0,0,0,0,0
neuromorpho__20190117_sample_1.swc,842,interneuron,0.539219,365,476,0,0,0,0,0,0,0,0,0,0,0,0.891478,0.0576723,0.3,0.846071,0.846071,0.846071,0.869957,0.00356295,0.00356295,0.00356295,0.00356295,0.515439,0.846071,0.846071,0,0.926069,0.869957,0.00630252,0,0,0,55,0.890094,0.3,0.846071,0,0,28.6,0,87.31,14.9875,18.1112,163.88,247.15,160.84,-26.7002,36.8528,247.07,409.06,0,0,0,0,0
neuromorpho__20190122_sample_1.swc,12222,interneuron,0.999081,11534,687,0,0,0,0,0,0,0,0,0,0,0,0.975677,0.125582,0.3,0.998919,0.999189,0.999189,0.999189,0.0333824,0.0333824,0.0333824,0.0333824,0.0333824,0.978472,0.999189,0.0293914,0.928722,0.719351,0.100437,0,0,0,709,0.974574,0.3,0.999189,0.0338505,0.0352609,37,0,177.53,-27.3708,30.9396,751.49,688.9,100.32,-11.2487,20.6533,448.93,287.74,0,0,0,0,0
neuromorpho__20190128_sample_4.swc,5088,interneuron,0.9986,5013,74,0,0,0,0,0,0,0,0,0,0,0,0.93333,0.203492,0.3,0.3,0.973127,0.999189,0.999189,0.0935535,0.0935535,0.0935535,0.0935535,0.0935535,0.932348,0.973127,0.0949531,0.998919,0.998919,0,0,0,0,264,0.947893,0.3,0.998919,0.0681818,0.0795455,47,0,260.47,-19.088,34.9634,755.76,546.3,15.55,0.329865,3.44941,58.39,123.09,0,0,0,0,0
neuromorpho__20190131_sample_3.swc,10912,interneuron,0.998551,9749,1162,0,0,0,0,0,0,0,0,0,0,0,0.990771,0.07586,0.3,0.998919,0.998919,0.999189,0.999189,0.0119135,0.0119135,0.0119135,0.0119135,0.0119135,0.989942,0.999189,0.0131296,0.997716,0.998919,0.00172117,0,0,0,604,0.996133,0.3,0.999189,0.00331126,0.00331126,38,0,196.4,27.9148,35.2053,391.17,556.93,101.33,4.98038,16.2534,247,356.5,0,0,0,0,0
neuromorpho__20190201_sample_2.swc,10709,interneuron,0.998822,10665,43,0,0,0,0,0,0,0,0,0,0,0,0.998318,0.00437214,0.973127,0.995725,0.999189,0.999189,0.999189,0,0,0,0,0,0.998316,0.999189,0,0.998919,0.998919,0,0,0,0,785,0.998017,0.973127,0.999189,0,0,31.6,0,394.07,-2.28011,58.9313,323.15,417.05,10.53,2.90791,2.58899,36.05,71.05,0,0,0,0,0
neuromorpho__20190204_sample_1.swc,3943,interneuron,0.996852,3711,231,0,0,0,0,0,0,0,0,0,0,0,0.526069,0.326653,0.3,0.3,0.3,0.3,0.3,0.676135,0.676135,0.676135,0.676135,0.676135,0.496507,0.3,0.718405,0.998919,0.998919,0,0,0,0,217,0.578223,0.3,0.3,0.599078,0.603687,35,0,378.9,-76.6176,47.2094,964.94,889.16,102.29,1.38476,20.1849,147.78,189.3,0,0,0,0,0
neuromorpho__20190204_sample_15.swc,8336,interneuron,0.998433,7275,1060,0,0,0,0,0,0,0,0,0,0,0,0.98329,0.104073,0.3,0.998919,0.998919,0.999189,0.999189,0.0226727,0.0226727,0.0226727,0.0226727,0.0226727,0.98101,0.999189,0.0259794,0.998919,0.998919,0,0,0,0,497,0.993689,0.3,0.998919,0.00603622,0.00804829,35,0,253.02,-8.69044,33.206,587.09,506.33,172.07,-6.32414,26.1422,228.69,289.44,0,0,0,0,0
neuromorpho__20190204_sample_5.swc,5176,interneuron,0.997467,4703,472,0,0,0,0,0,0,0,0,0,0,0,0.834739,0.296327,0.3,0.3,0.3,0.998919,0.999189,0.23493,0.23493,0.23493,0.23493,0.23493,0.820902,0.3,0.254731,0.972265,0.998919,0.0381356,0,0,0,329,0.858422,0.3,0.3,0.194529,0.203647,31,0,280.12,5.23905,50.4687,979.39,1012.47,127.14,-5.12167,24.0605,357.28,203.31,0,0,0,0,0
neuromorpho__20190211_sample_3.swc,8926,interneuron,0.998821,6808,2117,0,0,0,0,0,0,0,0,0,0,0,0.983464,0.103472,0.3,0.998919,0.998919,0.999189,0.999189,0.0224065,0.0224065,0.0224065,0.0224065,0.0224065,0.998983,0.999189,0.000293772,0.93355,0.998919,0.0935286,0,0,0,646,0.992228,0.3,0.998919,0.00928793,0.0108359,30,0,170.71,13.0134,27.0374,353.42,476.29,119.96,-3.47221,18.7405,381.98,487.37,0,0,0,0,0
neuromorpho__20190212_sample_6.swc,8083,interneuron,0.99261,6471,1611,0,0,0,0,0,0,0,0,0,0,0,0.982107,0.107538,0.3,0.998919,0.998919,0.999189,0.999189,0.0242484,0.0242484,0.0242484,0.0242484,0.0242484,0.988072,0.999189,0.0157626,0.958138,0.998919,0.0583489,0,0,0,401,0.995337,0.3,0.998919,0.00249377,0.0074813,44,0,257.17,-26.1138,45.7482,503.84,768.07,157.24,-1.43917,28.5011,294.14,514.29,0,0,0,0,0
neuromorpho__20190218_sample_3.swc,5171,interneuron,0.998357,4765,405,0,0,0,0,0,0,0,0,0,0,0,0.969264,0.141414,0.3,0.998919,0.998919,0.999189,0.999189,0.0427383,0.0427383,0.0427383,0.0427383,0.0427383,0.966738,0.999189,0.0463799,0.998919,0.998919,0,0,0,0,304,0.974351,0.3,0.998919,0.0328947,0.0361842,33.7,0,276.77,-36.8958,43.2702,359.51,404.7,53.98,2.44225,9.94878,256.19,177.7,0,0,0,0,0
neuromorpho__20190221_sample_4.swc,2725,interneuron,0.946219,1978,746,0,0,0,0,0,0,0,0,0,0,0,0.977819,0.12014,0.3,0.998919,0.998919,0.998919,0.999189,0.0304587,0.0304587,0.0304587,0.0304587,0.0304587,0.96985,0.999189,0.0419616,0.998919,0.998919,0,0,0,0,139,0.994031,0.3,0.998919,0.00719424,0.00719424,42.2,0,269.21,23.9487,45.2198,259.04,495.82,170.95,-1.2767,33.3583,167.41,223.23,0,0,0,0,0
neuromorpho__20190408_sample_1.swc,4548,interneuron,0.998819,3955,592,0,0,0,0,0,0,0,0,0,0,0,0.995245,0.0517045,0.3,0.998919,0.998919,0.999189,0.999189,0.00549692,0.00549692,0.00549692,0.00549692,0.00549692,0.994694,0.999189,0.00632111,0.998919,0.998919,0,0,0,0,266,0.993473,0.3,0.998919,0.0075188,0.0075188,35,0.00333333,225.4,-19.5666,40.0461,615.85,356.22,109.54,11.8395,17.2849,253.45,261.55,0,0,0,0,0
neuromorpho__20190408_sample_2.swc,4143,interneuron,0.99815,3407,735,0,0,0,0,0,0,0,0,0,0,0,0.995091,0.0530581,0.3,0.998919,0.998919,0.999189,0.999189,0.0057929,0.0057929,0.0057929,0.0057929,0.0057929,0.994263,0.999189,0.00704432,0.998919,0.998919,0,0,0,0,265,0.998358,0.3,0.998919,0,0,31.6,0.00333333,278.32,43.0076,38.2199,487.75,310.21,144.48,-15.1686,29.2901,201.34,248.79,0,0,0,0,0
neuromorpho__20190408_sample_5.swc,13265,interneuron,0.999061,11235,2029,0,0,0,0,0,0,0,0,0,0,0,0.975166,0.127245,0.3,0.998919,0.998919,0.999189,0.999189,0.0343008,0.0343008,0.0343008,0.0343008,0.0343008,0.984373,0.999189,0.0211838,0.92417,0.3,0.106949,0,0,0,923,0.98542,0.3,0.998919,0.0173348,0.020585,31,0,399.91,-61.7272,62.9761,729.46,899.68,274.15,-11.6656,53.8054,366.94,436.95,0,0,0,0,0
neuromorpho__20190416_sample_7.swc,2193,interneuron,0.839382,0,2192,0,0,0,0,0,0,0,0,0,0,0,0.952388,0.17423,0.3,0.3,0.998919,0.998919,0.998919,0.0665755,0.0665755,0.0665755,0.0665755,0.0665755,0,0,0,0.952367,0.998919,0.0666058,0,0,0,43,0.957876,0.3,0.963794,0.0465116,0.0465116,125.2,0,0,0,0,0,0,109.05,-17.2475,24.0729,224.02,468.4,0,0,0,0,0
neuromorpho__20190423_sample_10.swc,15434,interneuron,0.998302,12090,3343,0,0,0,0,0,0,0,0,0,0,0,0.968655,0.142667,0.3,0.998919,0.998919,0.999189,0.999189,0.0435402,0.0435402,0.0435402,0.0435402,0.0435402,0.986761,0.999189,0.0177006,0.903165,0.3,0.137003,0,0,0,360,0.985187,0.3,0.998919,0.0111111,0.0222222,94.1,0,156.81,-48.5308,33.8499,498.36,588.22,150.77,-22.0409,27.5135,515.56,508.68,0,0,0,0,0
neuromorpho__20190429_sample_4.swc,1112,pyramidal,0.689058,0,675,436,0,0,0.392086,0.392086,0.0741793,0,-0.392086,0.392086,0.392086,0,0.706777,0.270828,0.3,0.3,0.3,0.3,0.851667,0.254496,0.254496,0.479317,0.479317,0.718525,0,0,0,0.746139,0.3,0.537778,0.645166,0.3,0.389908,24,0.789791,0.3,0.491829,0.375,0.375,101.1,0,0,0,0,0,0,119.97,-17.5142,27.9189,321.01,381.42,113.4,-22.8159,26.732,376.9,199.5
neuromorpho__20190503_sample_3.swc,3592,interneuron,0.998005,2388,1203,0,0,0,0,0,0,0,0,0,0,0,0.996763,0.04034,0.3,0.998919,0.998919,0.998919,0.999189,0.00334076,0.00334076,0.00334076,0.00334076,0.00334076,0.995675,0.999189,0.00502513,0.998919,0.998919,0,0,0,0,151,0.998542,0.3,0.998919,0,0,46,0,131.99,-0.0784631,27.9024,231.58,291.08,85.06,-3.78761,16.5854,134.12,218.91,0,0,0,0,0
neuromorpho__20190506_sample_1.swc,4015,interneuron,0.997597,2794,1220,0,0,0,0,0,0,0,0,0,0,0,0.985044,0.0976901,0.3,0.998919,0.998919,0.998919,0.999189,0.0199253,0.0199253,0.0199253,0.0199253,0.0199253,0.97898,0.999189,0.0286328,0.998919,0.998919,0,0,0,0,185,0.976084,0.3,0.998919,0.0324324,0.0324324,45.6,0,170.44,-10.7447,29.9412,174.68,394.4,127.76,-21.038,25.0691,205,289.14,0,0,0,0,0
neuromorpho__20190506_sample_2.swc,1594,interneuron,0.987532,0,1593,0,0,0,0,0,0,0,0,0,0,0,0.998919,2.7073e-05,0.998919,0.998919,0.998919,0.998919,0.998919,0,0,0,0,0,0,0,0,0.998919,0.998919,0,0,0,0,71,0.998934,0.998919,0.998919,0,0,46,0,0,0,0,0,0,156.52,-7.0533,24.3667,87.57,248.39,0,0,0,0,0
neuromorpho__20190507_sample_2.swc,8129,interneuron,0.98005,4021,4107,0,0,0,0,0,0,0,0,0,0,0,0.985412,0.0956626,0.3,0.998919,0.998919,0.998919,0.998919,0.0190675,0.0190675,0.0190675,0.0190675,0.0190675,0.972481,0.999189,0.0373042,0.998068,0.998919,0.00121743,0,0,0,260,0.986426,0.3,0.998919,0.0153846,0.0192308,63,0,123.89,15.6406,18.5867,198.04,667.88,125.58,2.65899,24.6065,174.15,388.68,0,0,0,0,0
neuromorpho__20190507_sample_4.swc,7279,interneuron,0.997902,5345,1933,0,0,0,0,0,0,0,0,0,0,0,0.953492,0.172665,0.3,0.3,0.998919,0.998919,0.999189,0.0652562,0.0652562,0.0652562,0.0652562,0.0652562,0.939931,0.999189,0.0847521,0.990964,0.998919,0.0113813,0,0,0,202,0.961748,0.3,0.998919,0.0544554,0.0544554,90.7,0,226.73,0.660535,35.2751,291.68,400.37,91.9,0.800652,20.1392,200.68,233.75,0,0,0,0,0
neuromorpho__20190508_sample_1.swc,9901,interneuron,0.998784,7002,2898,0,0,0,0,0,0,0,0,0,0,0,0.955965,0.168226,0.3,0.3,0.998919,0.998919,0.999189,0.0617109,0.0617109,0.0617109,0.0617109,0.0617109,0.94976,0.999189,0.0706941,0.970943,0.998919,0.0400276,0,0,0,277,0.967294,0.3,0.998919,0.0433213,0.0469314,80,0,181.63,43.3491,36.2916,256.45,628.61,170.68,19.6175,28.3633,276.77,339.79,0,0,0,0,0
neuromorpho__20190508_sample_7.swc,4404,interneuron,0.998421,3371,1032,0,0,0,0,0,0,0,0,0,0,0,0.972299,0.134301,0.3,0.998919,0.998919,0.998919,0.999189,0.0383742,0.0383742,0.0383742,0.0383742,0.0383742,0.976996,0.999189,0.0317413,0.956929,0.998919,0.0600775,0,0,0,448,0.989261,0.3,0.998919,0.0111607,0.0178571,21,0,255.16,18.0649,38.5956,539.47,659.77,173.42,24.6788,29.6007,440.71,519.34,0,0,0,0,0
neuromorpho__20190509_sample_4.swc,2183,interneuron,0.997268,1710,472,0,0,0,0,0,0,0,0,0,0,0,0.928667,0.210461,0.3,0.3,0.3,0.998919,0.999189,0.100779,0.100779,0.100779,0.100779,0.100779,0.909235,0.3,0.128655,0.998919,0.998919,0,0,0,0,128,0.949881,0.3,0.984661,0.0703125,0.078125,37.3,0,260.51,20.8282,43.5147,667.25,518.96,86.54,-0.481186,12.8258,200.52,237.37,0,0,0,0,0
neuromorpho__20190513_sample_4.swc,2244,interneuron,0.998314,1839,404,0,0,0,0,0,0,0,0,0,0,0,0.98321,0.104189,0.3,0.998919,0.998919,0.999189,0.999189,0.0227273,0.0227273,0.0227273,0.0227273,0.0227273,0.97975,0.999189,0.0277325,0.998919,0.998919,0,0,0,0,162,0.989218,0.3,0.998919,0.0123457,0.0123457,27,0,189.63,-11.6746,26.9937,194.67,647.1,49.95,-3.06735,8.68627,112.97,391.27,0,0,0,0,0
neuromorpho__20190515_sample_12.swc,2007,interneuron,0.988953,0,2006,0,0,0,0,0,0,0,0,0,0,0,0.893074,0.192306,0.3,0.3,0.927978,0.927978,0.927978,0.0926756,0.0926756,0.0926756,0.0926756,0.0926756,0,0,0,0.893021,0.927978,0.0927218,0,0,0,71,0.879004,0.3,0.3,0.112676,0.126761,49,0,0,0,0,0,0,130.5,-44.3516,35.0504,214.58,431.3,0,0,0,0,0
neuromorpho__20190603_sample_4.swc,6137,interneuron,0.997506,4175,1961,0,0,0,0,0,0,0,0,0,0,0,0.953488,0.172557,0.3,0.3,0.998919,0.998919,0.999189,0.0651784,0.0651784,0.0651784,0.0651784,0.0651784,0.942852,0.999189,0.080479,0.976109,0.998919,0.0326364,0,0,0,167,0.967861,0.3,0.998919,0.0419162,0.0538922,79.8,0,137.64,-1.39483,31.3956,532.3,524.54,150.96,-22.2731,29.8886,194.95,329.01,0,0,0,0,0
neuromorpho__20190605_sample_4.swc,3194,interneuron,0.995063,1769,1424,0,0,0,0,0,0,0,0,0,0,0,0.964957,0.148708,0.3,0.973127,0.998919,0.998919,0.998919,0.0475892,0.0475892,0.0475892,0.0475892,0.0475892,0.937598,0.973127,0.0859243,0.998919,0.998919,0,0,0,0,112,0.934263,0.3,0.996045,0.0892857,0.0982143,63.9,0,177.32,24.2775,45.358,261.05,299.88,105.69,12.6414,18.9725,178.98,395.56,0,0,0,0,0
neuromorpho__20190606_sample_3.swc,7652,interneuron,0.998731,7344,307,0,0,0,0,0,0,0,0,0,0,0,0.999003,0.00210028,0.973127,0.999189,0.999189,0.999189,0.999189,0,0,0,0,0,0.999006,0.999189,0,0.998919,0.998919,0,0,0,0,447,0.998862,0.973127,0.999189,0,0,35,0,142.53,-34.5708,21.3547,227.57,406.68,55.61,-10.4223,13.3925,75.82,164.43,0,0,0,0,0
neuromorpho__20190610_sample_16.swc,6126,interneuron,0.99867,5358,767,0,0,0,0,0,0,0,0,0,0,0,0.997306,0.0334698,0.3,0.998919,0.998919,0.999189,0.999189,0.00228534,0.00228534,0.00228534,0.00228534,0.00228534,0.997075,0.999189,0.00261292,0.998919,0.998919,0,0,0,0,530,0.998445,0.3,0.998919,0,0,25,0,87.31,9.66927,15.697,280.4,314.81,57.05,2.91718,9.16973,117.2,140.56,0,0,0,0,0
neuromorpho__20190614_sample_2.swc,1055,interneuron,0.816593,0,1054,0,0,0,0,0,0,0,0,0,0,0,0.99892,3.32725e-05,0.998919,0.998919,0.998919,0.998919,0.998919,0,0,0,0,0,0,0,0,0.998919,0.998919,0,0,0,0,44,0.998943,0.998919,0.998919,0,0,51,0,0,0,0,0,0,93.99,-19.1227,17.2556,193.09,179.56,0,0,0,0,0
neuromorpho__20190614_sample_8.swc,2690,interneuron,0.994083,1932,757,0,0,0,0,0,0,0,0,0,0,0,0.945313,0.186323,0.3,0.3,0.998919,0.998919,0.999189,0.0769517,0.0769517,0.0769517,0.0769517,0.0769517,0.954306,0.999189,0.0641822,0.922287,0.3,0.109643,0,0,0,141,0.968467,0.3,0.995725,0.0283688,0.0496454,39,0,278.92,-65.8401,55.9741,452.16,433.63,191.85,-30.4535,37.3614,321.33,457.73,0,0,0,0,0
neuromorpho__20190619_sample_6.swc,8346,interneuron,0.998535,6234,2111,0,0,0,0,0,0,0,0,0,0,0,0.999005,0.00171054,0.973127,0.998919,0.998919,0.998919,0.999189,0,0,0,0,0,0.999034,0.999189,0,0.998919,0.998919,0,0,0,0,339,0.998801,0.973127,0.998919,0,0,50.2,0,101.14,-5.29845,16.5907,261.68,261.51,71.35,-4.0744,12.4227,134.57,142.69,0,0,0,0,0
neuromorpho__20190624_sample_2.swc,6260,interneuron,0.992345,3480,2779,0,0,0,0,0,0,0,0,0,0,0,0.954683,0.170363,0.3,0.3,0.998919,0.998919,0.999189,0.0634185,0.0634185,0.0634185,0.0634185,0.0634185,0.982208,0.999189,0.0241379,0.920199,0.3,0.11263,0,0,0,154,0.981614,0.3,0.998919,0.0194805,0.0194805,87.8,0,264.17,-35.1952,49.268,325.42,880.85,165.8,-5.38429,32.9868,216.68,520.18,0,0,0,0,0
neuromorpho__20190628_sample_4.swc,3279,interneuron,0.997265,2599,679,0,0,0,0,0,0,0,0,0,0,0,0.944885,0.186875,0.3,0.3,0.998919,0.998919,0.999189,0.0774626,0.0774626,0.0774626,0.0774626,0.0774626,0.958715,0.999189,0.0577145,0.891868,0.3,0.153166,0,0,0,156,0.962131,0.3,0.965807,0.0384615,0.0512821,52,0,174.1,-4.82193,32.1764,601.45,471.78,129.86,-24.614,25.2531,396.34,339.88,0,0,0,0,0
neuromorpho__20190703_sample_15.swc,9977,interneuron,0.998472,9084,892,0,0,0,0,0,0,0,0,0,0,0,0.993059,0.0650039,0.3,0.998919,0.999189,0.999189,0.999189,0.00872006,0.00872006,0.00872006,0.00872006,0.00872006,0.994714,0.999189,0.00638485,0.976196,0.998919,0.0325112,0,0,0,648,0.996268,0.3,0.999189,0.00308642,0.00462963,30,0,167.54,30.0576,29.7387,604.13,492.52,117.15,16.4864,22.1605,353.92,447.49,0,0,0,0,0
neuromorpho__20190703_sample_2.swc,2940,interneuron,0.998385,2849,90,0,0,0,0,0,0,0,0,0,0,0,0.979308,0.115796,0.3,0.998919,0.999189,0.999189,0.999189,0.0282313,0.0282313,0.0282313,0.0282313,0.0282313,0.982115,0.999189,0.024219,0.890198,0.3,0.155556,0,0,0,346,0.989749,0.3,0.999189,0.00578035,0.017341,15,0,183.18,-42.4171,28.4715,334.41,784.35,43.3,-15.7817,8.89563,216.94,386.5,0,0,0,0,0
neuromorpho__20190704_sample_12.swc,3369,interneuron,0.978406,2202,1166,0,0,0,0,0,0,0,0,0,0,0,0.988244,0.0861803,0.3,0.998919,0.998919,0.998919,0.999189,0.0154348,0.0154348,0.0154348,0.0154348,0.0154348,0.989568,0.999189,0.013624,0.985732,0.998919,0.0188679,0,0,0,149,0.996284,0.3,0.998919,0,0,42,0,153.94,-33.0015,30.4957,339.48,521.66,161.56,-15.0969,23.0325,251.29,377.07,0,0,0,0,0
neuromorpho__20190708_sample_6.swc,2610,interneuron,0.994545,1767,842,0,0,0,0,0,0,0,0,0,0,0,0.990556,0.0745514,0.3,0.998919,0.998919,0.998919,0.999189,0.0114943,0.0114943,0.0114943,0.0114943,0.0114943,0.988149,0.999189,0.0147142,0.995598,0.998919,0.00475059,0,0,0,78,0.995788,0.3,0.998919,0,0,67.1,0,97.87,-14.997,18.6435,292.12,324.76,136.47,-27.2893,30.841,199.31,378.72,0,0,0,0,0
neuromorpho__20190712_sample_5.swc,5409,interneuron,0.994871,4302,1106,0,0,0,0,0,0,0,0,0,0,0,0.975323,0.126387,0.3,0.998919,0.998919,0.999189,0.999189,0.0338325,0.0338325,0.0338325,0.0338325,0.0338325,0.969251,0.999189,0.0425384,0.998919,0.998919,0,0,0,0,324,0.995246,0.3,0.998919,0.00308642,0.00925926,36,0,149.81,6.58738,22.2375,384.15,402.83,85.85,7.08551,13.1056,133.53,177.96,0,0,0,0,0
neuromorpho__20190712_sample_6.swc,3264,interneuron,0.988528,2070,1193,0,0,0,0,0,0,0,0,0,0,0,0.997713,0.029962,0.3,0.998919,0.998919,0.998919,0.999189,0.00183824,0.00183824,0.00183824,0.00183824,0.00183824,0.997017,0.999189,0.00289855,0.998919,0.998919,0,0,0,0,234,0.998573,0.3,0.998919,0,0,29,0,181.44,-10.8232,27.1891,298.67,252,62.68,-0.641953,10.3729,166.26,231.08,0,0,0,0,0
neuromorpho__20190724_sample_4.swc,3313,interneuron,0.993868,0,3312,0,0,0,0,0,0,0,0,0,0,0,0.974658,0.127936,0.3,0.998919,0.998919,0.998919,0.998919,0.0347117,0.0347117,0.0347117,0.0347117,0.0347117,0,0,0,0.974651,0.998919,0.0347222,0,0,0,42,0.964405,0.3,0.998919,0.047619,0.047619,172.2,0,0,0,0,0,0,123.98,-14.7175,33.3475,148.64,451.18,0,0,0,0,0
neuromorpho__20190730_sample_9.swc,3615,interneuron,0.990993,3464,150,0,0,0,0,0,0,0,0,0,0,0,0.992483,0.0665254,0.3,0.998919,0.999189,0.999189,0.999189,0.00912863,0.00912863,0.00912863,0.00912863,0.00912863,0.992202,0.999189,0.00952656,0.998919,0.998919,0,0,0,0,246,0.992374,0.3,0.999189,0.00813008,0.00813008,30.5,0,165.58,2.31059,22.8721,518.62,284.74,67.44,-3.28367,12.4711,104.19,132.08,0,0,0,0,0
neuromorpho__20190731_sample_5.swc,2826,interneuron,0.998926,2766,59,0,0,0,0,0,0,0,0,0,0,0,0.971302,0.136384,0.3,0.996524,0.999189,0.999189,0.999189,0.039632,0.039632,0.039632,0.039632,0.039632,0.970703,0.999189,0.0404917,0.998919,0.998919,0,0,0,0,386,0.975698,0.3,0.999189,0.0310881,0.0336788,14,0,276.9,8.8549,37.66,645.89,614.62,25.06,-5.76864,6.87257,72.5,137.01,0,0,0,0,0
neuromorpho__20190827_sample_4.swc,5577,interneuron,0.998707,4401,1175,0,0,0,0,0,0,0,0,0,0,0,0.889926,0.253794,0.3,0.3,0.3,0.998919,0.999189,0.156177,0.156177,0.156177,0.156177,0.156177,0.860802,0.3,0.19791,0.998919,0.998919,0,0,0,0,349,0.896261,0.3,0.3,0.146132,0.148997,33,0,348.95,56.8705,80.1455,802.75,403.45,116.26,12.5389,17.2675,259.48,315.32,0,0,0,0,0
neuromorpho__20190827_sample_7.swc,6327,interneuron,0.992291,5261,1065,0,0,0,0,0,0,0,0,0,0,0,0.931478,0.206286,0.3,0.3,0.973127,0.998919,0.999189,0.0964122,0.0964122,0.0964122,0.0964122,0.0964122,0.917812,0.3,0.115948,0.998919,0.998919,0,0,0,0,405,0.950945,0.3,0.973127,0.0666667,0.0740741,34,0,125.03,34.2965,26.6079,572.84,879.42,73.76,7.48597,13.8679,269.92,293.32,0,0,0,0,0
neuromorpho__20190910_sample_6.swc,4384,interneuron,0.998169,4023,360,0,0,0,0,0,0,0,0,0,0,0,0.933771,0.20251,0.3,0.3,0.973127,0.999189,0.999189,0.0926095,0.0926095,0.0926095,0.0926095,0.0926095,0.930357,0.973127,0.0974397,0.971739,0.998919,0.0388889,0,0,0,254,0.955849,0.3,0.898362,0.0472441,0.0669291,34.7,0,284.02,20.4017,49.3906,582.07,842.32,105.64,0.0336944,19.1951,261.23,358.77,0,0,0,0,0
neuromorpho__20190917_sample_2.swc,8550,interneuron,0.993205,7781,768,0,0,0,0,0,0,0,0,0,0,0,0.951161,0.176795,0.3,0.3,0.998919,0.999189,0.999189,0.068655,0.068655,0.068655,0.068655,0.068655,0.946441,0.999189,0.0754402,0.998919,0.998919,0,0,0,0,368,0.982219,0.3,0.998919,0.013587,0.0326087,57.3,0,252.51,0.416788,41.8412,459.84,608.62,107.25,-0.970612,16.4973,123.57,178.53,0,0,0,0,0
neuromorpho__20190925_sample_3.swc,11115,interneuron,0.997524,9299,1815,0,0,0,0,0,0,0,0,0,0,0,0.934542,0.202462,0.3,0.3,0.998919,0.998919,0.999189,0.0923977,0.0923977,0.0923977,0.0923977,0.0923977,0.923548,0.3,0.108184,0.990832,0.998919,0.0115702,0,0,0,516,0.960054,0.3,0.990314,0.0484496,0.0658915,48,0,234.05,30.3576,36.4159,595.54,717.25,131.78,10.5226,24.7082,243.94,315.73,0,0,0,0,0
neuromorpho__20191003_sample_3.swc,8733,interneuron,0.998562,7644,1088,0,0,0,0,0,0,0,0,0,0,0,0.96753,0.145291,0.3,0.998919,0.998919,0.999189,0.999189,0.0452307,0.0452307,0.0452307,0.0452307,0.0452307,0.963059,0.999189,0.0516745,0.998919,0.998919,0,0,0,0,486,0.983533,0.3,0.998919,0.0185185,0.0308642,39,0,218.14,25.6216,39.3542,517.05,876.65,119.55,-3.26635,19.0313,199.44,206.28,0,0,0,0,0
neuromorpho__20191010_sample_2.swc,9354,interneuron,0.998679,8173,1180,0,0,0,0,0,0,0,0,0,0,0,0.980544,0.111869,0.3,0.998919,0.998919,0.999189,0.999189,0.0262989,0.0262989,0.0262989,0.0262989,0.0262989,0.979257,0.999189,0.0281414,0.989442,0.998919,0.0135593,0,0,0,565,0.980207,0.3,0.998919,0.0247788,0.0265487,35,0,232.28,-7.704,37.1964,683.96,749.26,123.31,13.4711,22.8409,224.68,424.11,0,0,0,0,0
neuromorpho__20191010_sample_6.swc,10464,interneuron,0.998859,9779,684,0,0,0,0,0,0,0,0,0,0,0,0.990951,0.075071,0.3,0.998919,0.999189,0.999189,0.999189,0.011659,0.011659,0.011659,0.011659,0.011659,0.996733,0.999189,0.00347684,0.908273,0.3,0.128655,0,0,0,711,0.995589,0.3,0.999189,0.00281294,0.00562588,30,0,219.45,34.2933,39.0549,583.65,739.97,105.6,7.40963,21.8505,401.66,460.26,0,0,0,0,0
neuromorpho__20191105_sample_1.swc,7348,interneuron,0.998663,7191,156,0,0,0,0,0,0,0,0,0,0,0,0.999102,0.00134138,0.973127,0.999189,0.999189,0.999189,0.999189,0,0,0,0,0,0.999105,0.999189,0,0.998919,0.998919,0,0,0,0,494,0.999,0.973127,0.999189,0,0,30,0,269.17,0.714789,43.4121,420.22,278.32,39.72,-6.83051,8.03099,94.38,169.96,0,0,0,0,0
neuromorpho__20191105_sample_4.swc,6049,interneuron,0.996753,4913,1135,0,0,0,0,0,0,0,0,0,0,0,0.901355,0.242488,0.3,0.3,0.3,0.998919,0.999189,0.139858,0.139858,0.139858,0.139858,0.139858,0.891742,0.3,0.153674,0.942882,0.998919,0.0801762,0,0,0,216,0.928488,0.3,0.726609,0.0972222,0.12037,58,0,169.66,-43.6755,30.8683,737.46,562.63,122.96,-18.9019,24.7028,279.5,510.06,0,0,0,0,0
neuromorpho__20191107_sample_2.swc,2565,interneuron,0.975785,1848,716,0,0,0,0,0,0,0,0,0,0,0,0.967084,0.12294,0.3,0.927978,0.927978,0.998919,0.999189,0.0315789,0.0315789,0.0315789,0.0315789,0.0315789,0.993398,0.999189,0.00811688,0.899122,0.927978,0.0921788,0,0,0,148,0.98516,0.3,0.927978,0.00675676,0.0135135,33.3,0,274.83,-6.02522,41.366,310.61,459.29,162.41,-0.777682,29.9174,297.51,605.04,0,0,0,0,0
neuromorpho__20191107_sample_3.swc,7199,interneuron,0.998278,7108,90,0,0,0,0,0,0,0,0,0,0,0,0.990565,0.0768277,0.3,0.999189,0.999189,0.999189,0.999189,0.0122239,0.0122239,0.0122239,0.0122239,0.0122239,0.990457,0.999189,0.0123804,0.998919,0.998919,0,0,0,0,436,0.991227,0.3,0.999189,0.00917431,0.00917431,34.5,0,285.38,-31.4498,43.2781,332.35,492.81,21.29,-5.21956,4.65644,106.52,147.69,0,0,0,0,0
neuromorpho__2020-03-05_10-54-18SST-MORF3Mb02-1V5-647-30x03-1_05.swc,3496,interneuron,0.499956,0,3495,0,0,0,0,0,0,0,0,0,0,0,0.929214,0.0732627,0.3,0.911055,0.911055,0.939299,0.941932,0.0131579,0.0131579,0.0131579,0.0131579,0.0131579,0,0,0,0.929194,0.911055,0.0131617,0,0,0,66,0.937387,0.3,0.939299,0,0.0151515,101,0,0,0,0,0,0,216.46,19.9633,45.8595,275.53,332.34,0,0,0,0,0
neuromorpho__2020-03-11_10-14-10PV-MORF3MJ01-4V5-647PV488-30x02Ctx01.swc,4941,interneuron,0.847241,0,4940,0,0,0,0,0,0,0,0,0,0,0,0.687481,0.343824,0.3,0.3,0.3,0.3,0.998919,0.439992,0.439992,0.439992,0.439992,0.439992,0,0,0,0.687418,0.3,0.440081,0,0,0,46,0.881056,0.3,0.598065,0.195652,0.23913,314,0,0,0,0,0,0,234.12,-44.2127,59.8416,730.48,983.45,0,0,0,0,0
neuromorpho__2020-03-11_12-42-47SST-MORF3Mb01-1V5-647SST488-30x02HPC.swc,2286,interneuron,0.913601,0,2285,0,0,0,0,0,0,0,0,0,0,0,0.802251,0.308972,0.3,0.3,0.3,0.3,0.998919,0.273841,0.273841,0.273841,0.273841,0.273841,0,0,0,0.802165,0.3,0.273961,0,0,0,48,0.876734,0.3,0.3,0.1875,0.208333,107.4,0,0,0,0,0,0,143.57,44.805,26.4745,390.36,907.55,0,0,0,0,0
neuromorpho__2020-03-11_13-01-38SST-MORF3Mb01-1V5-647SST488-30x02Str_c.swc,683,interneuron,0.800326,0,682,0,0,0,0,0,0,0,0,0,0,0,0.854046,0.261402,0.3,0.3,0.3,0.927978,0.998919,0.180088,0.180088,0.180088,0.180088,0.180088,0,0,0,0.853832,0.3,0.180352,0,0,0,12,0.926518,0.3,0.780478,0,0.166667,134.6,0,0,0,0,0,0,185.45,52.6731,39.2943,378.48,416.67,0,0,0,0,0
neuromorpho__20200114_C_63X_zstack_tile_stitch.swc,6556,interneuron,0.531548,0,6555,0,0,0,0,0,0,0,0,0,0,0,0.853939,0.172414,0.3,0.3,0.867308,0.867308,0.9315,0.0854179,0.0854179,0.0854179,0.0854179,0.486882,0,0,0,0.853917,0.867308,0.085431,0,0,0,57,0.877759,0.3,0.834649,0.0350877,0.0877193,272.4,0,0,0,0,0,0,97.92,-2.93547,15.3282,266.54,500.22,0,0,0,0,0
neuromorpho__20200114_D_63X_zstack_tile_stitch.swc,8417,interneuron,0.757288,0,8416,0,0,0,0,0,0,0,0,0,0,0,0.933902,0.155948,0.3,0.3,0.927978,0.927978,0.998919,0.0545325,0.0545325,0.0545325,0.0545325,0.0545325,0,0,0,0.933894,0.927978,0.054539,0,0,0,101,0.915962,0.3,0.927978,0.0792079,0.0792079,189,0,0,0,0,0,0,117.17,26.956,21.6683,224.86,398.58,0,0,0,0,0
neuromorpho__20201230_F_63X_zstack_tile_stitched.swc,8471,interneuron,0.84227,0,8470,0,0,0,0,0,0,0,0,0,0,0,0.917964,0.220377,0.3,0.3,0.3,0.998919,0.998919,0.112501,0.112501,0.112501,0.112501,0.112501,0,0,0,0.917955,0.3,0.112515,0,0,0,85,0.918499,0.3,0.693079,0.105882,0.117647,234.8,0,0,0,0,0,0,35.23,3.93577,6.59842,486.01,571.72,0,0,0,0,0
neuromorpho__203B-2-L3.swc,1752,pyramidal,0.98712,0,1012,739,0,0,0,0,0,0,0,0,0,0,0.988856,0.0100286,0.978151,0.978151,0.978276,0.978276,0.998348,0,0,0,0,0,0,0,0,0.996572,0.998348,0,0.978276,0.978276,0,85,0.987976,0.978151,0.978276,0,0,54,0,0,0,0,0,0,95.69,10.7311,21.7123,203.06,190.76,88.6,11.1549,19.0884,191.73,182.78
neuromorpho__203B-2-L5.swc,1600,pyramidal,0.967618,100,1102,397,0,0,0.248125,0.248125,0.0331838,0,-0.248125,0.248125,0.248125,0,0.951921,0.0780693,0.501582,0.802568,0.813216,0.914485,0.998348,0,0.005,0.005,0.0425,0.186875,0.847502,0.792314,0,0.996912,0.998348,0,0.853218,0.811109,0.0201511,78,0.956782,0.501582,0.830212,0.0128205,0.025641,52.3,0,17.73,3.7514,4.38142,106.78,55.17,94.6,-8.31059,19.4902,212.31,217.31,81.78,-24.0662,15.233,119.19,181.18
neuromorpho__204B-2-R2.swc,2419,pyramidal,0.96274,0,1601,817,0,0,0,0,0.0487102,0,0,0,0,0,0.92837,0.131614,0.584627,0.620938,0.626746,0.931526,0.978276,0,0.0483671,0.144688,0.144688,0.144688,0,0,0,0.9125,0.620938,0.218613,0.959381,0.922799,0,111,0.955242,0.584627,0.922337,0.0810811,0.0810811,59,0,0,0,0,0,0,78.12,0.573823,18.1996,228.34,153.2,76.98,-2.40989,19.1461,197.43,167.4
neuromorpho__204B-3-R2.swc,1302,pyramidal,0.957303,0,807,494,0,0,0,0,0.048433,0,0,0,0,0,0.985265,0.018235,0.929472,0.944772,0.94583,0.978276,0.998348,0,0,0,0,0,0,0,0,0.996221,0.998348,0,0.967336,0.937668,0,60,0.986859,0.929472,0.977484,0,0,48,0,0,0,0,0,0,99.37,10.2163,20.2033,195.05,125.69,84.55,21.5259,19.4825,136.77,228.59
neuromorpho__207B-2-R2.swc,490,pyramidal,0.737962,0,489,0,0,0,0,0,0,0,0,0,0,0,0.998351,7.45582e-05,0.998348,0.998348,0.998348,0.998348,0.998348,0,0,0,0,0,0,0,0,0.998348,0.998348,0,0,0,0,24,0.998417,0.998348,0.998348,0,0,35.1,0,0,0,0,0,0,23.72,5.78313,5.43467,157.05,212.44,0,0,0,0,0
neuromorpho__209B-5-L1.swc,1112,pyramidal,0.941241,69,499,543,0,0,0.488309,0.488309,0.151859,0,-0.488309,0.488309,0.488309,0,0.936072,0.109218,0.535879,0.535879,0.916211,0.919511,0.977851,0,0.0620504,0.0620504,0.0620504,0.0620504,0.535879,0.535879,1,0.998348,0.998348,0,0.929577,0.916211,0,59,0.960815,0.535879,0.915611,0.0169492,0.0169492,44,0,22.53,5.77174,6.95623,38.72,86.48,54.09,8.10561,12.707,142.28,116.95,56.37,10.5348,14.3946,189.24,181.62
neuromorpho__20_25.swc,1933,pyramidal,0.984892,0,1932,0,0,0,0,0,0,0,0,0,0,0,0.998297,0.000857495,0.984087,0.998348,0.998348,0.998348,0.998348,0,0,0,0,0,0,0,0,0.998296,0.998348,0,0,0,0,134,0.998254,0.984087,0.998348,0,0,34.7,0,0,0,0,0,0,0,0,0,129.61,114.34,0,0,0,0,0
neuromorpho__20_26.swc,4195,pyramidal,0.979395,0,4194,0,0,0,0,0,0,0,0,0,0,0,0.998348,2.55046e-05,0.998348,0.998348,0.998348,0.998348,0.998348,0,0,0,0,0,0,0,0,0.998348,0.998348,0,0,0,0,279,0.998354,0.998348,0.998348,0,0,31,0,0,0,0,0,0,1.04,0.179244,0.113243,114.54,100.51,0,0,0,0,0
neuromorpho__212_On_C.swc,14677,interneuron,0.841702,13356,1320,0,0,0,0,0,0,0,0,0,0,0,0.46243,0.28532,0.3,0.3,0.3,0.3,0.3,0.738025,0.775022,0.782176,0.782176,0.784016,0.458546,0.3,0.771788,0.501321,0.3,0.887879,0,0,0,1322,0.597682,0.3,0.3,0.586989,0.586989,28,-7.03833,3172.2,1339.83,1110.42,2377.73,3296.96,1130.59,103.689,257.938,515.58,973.26,0,0,0,0,0
neuromorpho__21_22.swc,1668,pyramidal,0.984919,15,1652,0,0,0,0,0,0,0,0,0,0,0,0.994623,0.0391103,0.584058,0.998348,0.998348,0.998348,0.998348,0,0.00899281,0.00899281,0.00899281,0.00899281,0.584058,0.584058,1,0.998348,0.998348,0,0,0,0,87,0.993605,0.584058,0.998348,0.0114943,0.0114943,34.6,0,0,0,0,1.04,1.81,0,0,0,123.59,78.29,0,0,0,0,0
neuromorpho__23-04-18B-01-cell-1.swc,899,interneuron,0.948122,0,898,0,0,0,0,0,0,0,0,0,0,0,0.99892,3.60409e-05,0.998919,0.998919,0.998919,0.998919,0.998919,0,0,0,0,0,0,0,0,0.998919,0.998919,0,0,0,0,28,0.998957,0.998919,0.998919,0,0,64.8,3.38889,0,0,0,0,0,38,7.37002,9.73891,56.4,142.05,0,0,0,0,0
neuromorpho__23-04-18B-08-cell-1.swc,1118,interneuron,0.937383,0,1117,0,0,0,0,0,0,0,0,0,0,0,0.997904,0.00842582,0.927978,0.998919,0.998919,0.998919,0.998919,0,0,0,0,0,0,0,0,0.997903,0.998919,0,0,0,0,29,0.99651,0.927978,0.998919,0,0,80.8,-2.9375,0,0,0,0,0,39,-3.02893,8.84093,25.33,268.37,0,0,0,0,0
neuromorpho__23-04-18B-10-cell-3.swc,984,interneuron,0.969256,0,983,0,0,0,0,0,0,0,0,0,0,0,0.99892,3.44508e-05,0.998919,0.998919,0.998919,0.998919,0.998919,0,0,0,0,0,0,0,0,0.998919,0.998919,0,0,0,0,29,0.998956,0.998919,0.998919,0,0,98,-2,0,0,0,0,0,13.5,-2.11699,2.104,60.19,310.41,0,0,0,0,0
neuromorpho__23-04-18C-01-cell-1.swc,5795,interneuron,0.968628,0,5794,0,0,0,0,0,0,0,0,0,0,0,0.98997,0.0235531,0.927978,0.927978,0.927978,0.998919,0.998919,0,0,0,0,0,0,0,0,0.989969,0.927978,0,0,0,0,184,0.996611,0.927978,0.998919,0,0,73.7,-3.07143,0,0,0,0,0,49,-3.69265,13.522,57.03,388.33,0,0,0,0,0
neuromorpho__23-04-18C-03-cell-1.swc,1962,interneuron,0.876972,85,1876,0,0,0,0,0,0,0,0,0,0,0,0.983835,0.0722909,0.3,0.927978,0.998919,0.998919,0.998919,0.00101937,0.0168196,0.0168196,0.0392457,0.0392457,0.684704,0.547771,0.364706,0.99738,0.998919,0.0010661,0,0,0,68,0.963701,0.3,0.927978,0.0588235,0.0735294,59.9,-4.95,19.5,16.2324,4.3083,37.54,14.24,47,0.866578,11.3253,114.86,434,0,0,0,0,0
neuromorpho__23-04-18C-03-cell-2.swc,917,interneuron,0.980914,0,916,0,0,0,0,0,0,0,0,0,0,0,0.969136,0.0350125,0.927978,0.927978,0.927978,0.927978,0.998919,0,0,0,0,0,0,0,0,0.969102,0.927978,0,0,0,0,27,0.972685,0.927978,0.927978,0,0,115.8,0.875,0,0,0,0,0,23,-11.7882,6.93496,36.63,243.29,0,0,0,0,0
neuromorpho__23-04-18C-10-cell-1.swc,1661,interneuron,0.993707,0,1660,0,0,0,0,0,0,0,0,0,0,0,0.998919,2.65217e-05,0.998919,0.998919,0.998919,0.998919,0.998919,0,0,0,0,0,0,0,0,0.998919,0.998919,0,0,0,0,58,0.998937,0.998919,0.998919,0,0,58.4,3.25,0,0,0,0,0,35,-4.65843,7.74303,74.71,269.44,0,0,0,0,0
neuromorpho__236-1-12LS.swc,785,pyramidal,0.994229,297,196,291,0,0,0,0,0.0172501,0,0,0,0,0,0.757689,0.261917,0.3,0.3,0.3,0.513045,0.978276,0.124841,0.402548,0.42293,0.435669,0.478981,0.465831,0.3,1,0.927326,0.626746,0.122449,0.940474,0.887753,0.0378007,51,0.815017,0.3,0.500366,0.313725,0.352941,37,0.00333333,90.99,24.6412,19.9053,517.99,248.13,132.78,31.075,33.1164,131.41,374.33,127.7,30.0749,26.9057,417.81,394.75
neuromorpho__236-1-14LS.swc,646,pyramidal,0.983981,25,507,113,0,0,0,0,0,0,0,0,0,0,0.922339,0.159993,0.3,0.507762,0.866175,0.91013,0.998348,0.0386997,0.0913313,0.0913313,0.0913313,0.151703,0.584058,0.584058,1,0.953155,0.866175,0.0276134,0.858227,0.3,0.176991,50,0.943301,0.3,0.866175,0.04,0.06,25.2,0,9.84,4.8316,2.79417,112,101.86,135.8,17.0387,24.7079,237.88,417.2,80.45,19.3537,22.697,221.62,257.45
neuromorpho__236-1-2LS.swc,545,pyramidal,0.994405,0,365,179,0,0,0,0,0.0433961,0,0,0,0,0,0.959537,0.133008,0.3,0.933176,0.956655,0.978276,0.998348,0.0385321,0.0385321,0.0385321,0.0385321,0.0385321,0,0,0,0.953953,0.937034,0.0520548,0.970697,0.978276,0.0111732,51,0.979883,0.3,0.939517,0,0.0196078,26,0,0,0,0,0,0,110.34,3.53521,19.7286,223.24,352.56,107.07,-2.54151,17.243,216.62,414.57
neuromorpho__236-1-4LS.swc,503,pyramidal,0.820788,81,207,214,0,0,0,0,0,0,0,0,0,0,0.741572,0.274528,0.3,0.3,0.3,0.452186,0.792143,0.26839,0.33996,0.33996,0.506958,0.506958,0.512654,0.3,0.567901,0.765444,0.452186,0.338164,0.803919,0.3,0.257009,33,0.808366,0.3,0.330437,0.242424,0.363636,34.8,0,26.42,-7.9421,7.27978,301.84,147.52,81.89,4.05633,18.5052,441,199.53,88.11,-0.21472,16.4467,219.83,397.11
neuromorpho__236-1-8LS.swc,752,pyramidal,0.997359,5,459,287,0,0,0,0,0,0,0,0,0,0,0.988391,0.031391,0.3,0.978276,0.978276,0.978276,0.998348,0.00132979,0.00132979,0.00132979,0.00797872,0.00797872,0.792314,0.792314,0,0.996826,0.998348,0.00217865,0.978276,0.978276,0,65,0.987688,0.3,0.978276,0,0.0153846,24.6,-0.00333333,10.66,-4.83867,4.60957,1.88,12.65,118.44,15.152,21.8996,385.79,212.6,94.93,21.0166,18.8114,310.52,566.47
neuromorpho__236-1-9LS.swc,835,pyramidal,0.99048,0,591,243,0,0,0,0,0,0,0,0,0,0,0.910223,0.171455,0.3,0.541549,0.580388,0.950709,0.978276,0.0263473,0.107784,0.166467,0.179641,0.179641,0,0,0,0.907339,0.577561,0.19797,0.916868,0.978276,0.090535,76,0.888748,0.3,0.627504,0.223684,0.25,24,0,0,0,0,0,0,114.48,-2.68628,25.8085,363.45,328.61,95.58,5.03012,20.2215,187.09,394.49
neuromorpho__236-1a-10-AW.swc,374,pyramidal,0.970908,0,252,121,0,0,0,0,0,0,0,0,0,0,0.944357,0.101837,0.3,0.620185,0.953981,0.955679,0.974178,0.0026738,0.0026738,0.0802139,0.0802139,0.0802139,0,0,0,0.92785,0.624041,0.119048,0.978276,0.978276,0,54,0.939541,0.3,0.930744,0.0925926,0.0925926,15.4,0,0,0,0,0,0,101.18,31.2623,25.9046,296.38,211.47,113.87,34.3241,28.3715,184.96,314.61
neuromorpho__236-1a-2-AW.swc,206,pyramidal,0.996722,71,134,0,0,0,0,0,0,0,0,0,0,0,0.843638,0.201128,0.3,0.586727,0.618349,0.682058,0.998348,0.0485437,0.0533981,0.398058,0.398058,0.398058,0.636528,0.613437,1,0.952208,0.955815,0.0820896,0,0,0,36,0.830851,0.3,0.615766,0.444444,0.444444,15,0,66.63,13.3344,12.0627,83.8,535.54,123.84,-5.24343,25.2293,121.68,497.13,0,0,0,0,0
neuromorpho__236-1a-7-AW.swc,348,pyramidal,0.996148,7,209,131,0,0,0,0,0,0,0,0,0,0,0.977058,0.097471,0.3,0.978276,0.978276,0.978276,0.998348,0.0201149,0.0201149,0.0201149,0.0201149,0.0201149,0.99359,0.99359,0,0.998348,0.998348,0,0.942032,0.978276,0.0534351,62,0.987789,0.3,0.978276,0,0.016129,10.8,0,0,0,0,10.21,21.54,102.34,27.0694,26.3199,246.01,194.87,78.55,13.8683,20.8874,230.18,428.39
neuromorpho__236-1a-8-AW.swc,467,pyramidal,0.993234,7,325,134,0,0,0,0,0,0,0,0,0,0,0.986539,0.0644493,0.3,0.978276,0.978276,0.978276,0.998348,0.00856531,0.00856531,0.00856531,0.00856531,0.00856531,0.993576,0.993576,0,0.989753,0.998348,0.0123077,0.978276,0.978276,0,59,0.98946,0.3,0.978276,0,0,20.2,0,4.68,-3.42286,1.63785,1.18,43.78,131.51,-15.163,33.134,382.94,268.55,82.99,-21.2555,18.3997,328.47,382.97
neuromorpho__236-2-11LS.swc,741,pyramidal,0.993338,6,439,295,0,0,0,0,0.0195,0,0,0,0,0,0.987433,0.0213526,0.798365,0.948923,0.978276,0.978276,0.998348,0,0,0,0.00809717,0.00809717,0.798365,0.798365,0,0.998348,0.998348,0,0.974992,0.948923,0,62,0.986582,0.798365,0.978276,0,0.016129,29.9,-0.00333333,9.68,5.39,3.78653,4.85,9.5,133.9,-7.20858,26.7802,315.95,205.21,119.2,-11.227,23.4168,211.18,328.32
neuromorpho__236-2-18LS.swc,535,pyramidal,0.991766,8,447,79,0,0,0,0,0,0,0,0,0,0,0.995316,0.0071164,0.978276,0.978276,0.978276,0.998348,0.998348,0,0,0,0,0,0.993576,0.993576,0,0.998348,0.998348,0,0.978276,0.978276,0,52,0.994814,0.978276,0.978276,0,0,21.8,0,4.23,-1.7675,1.6196,3.37,33.85,121.03,-10.7741,25.9141,333.58,166.05,91.41,2.95063,20.6745,87.16,333.35
neuromorpho__236-2-22LS.swc,603,pyramidal,0.994462,0,411,191,0,0,0,0,0,0,0,0,0,0,0.978093,0.0970707,0.3,0.978276,0.978276,0.978276,0.998348,0.0199005,0.0199005,0.0199005,0.0199005,0.0199005,0,0,0,0.977958,0.998348,0.0291971,0.978269,0.978276,0,46,0.98797,0.3,0.978276,0,0,28,0,0,0,0,0,0,148.29,17.0739,30.1642,229.82,211.07,86.64,18.6661,17.8255,275.85,356.61
neuromorpho__236-2-28LS.swc,758,pyramidal,0.995619,13,431,313,0,0,0,0,0.0179354,0,0,0,0,0,0.800335,0.193513,0.3,0.541549,0.573177,0.590304,0.792143,0.0184697,0.290237,0.387863,0.513193,0.513193,0.792143,0.792143,0,0.702546,0.541549,0.677494,0.934692,0.761384,0.00638978,57,0.823307,0.3,0.584627,0.350877,0.45614,28.8,0,6.8,5.91308,2.24829,20.84,31,139.71,-20.8365,25.0934,200.02,513.77,90.13,-2.1245,19.6647,258.52,246.95
neuromorpho__236-2-36LS.swc,436,pyramidal,0.991506,11,245,179,0,0,0,0,0,0,0,0,0,0,0.904607,0.105667,0.3,0.8044,0.8044,0.80518,0.974178,0.00917431,0.00917431,0.00917431,0.00917431,0.415138,0.936337,0.933004,0,0.979737,0.971835,0.00816327,0.799292,0.8044,0.0111732,48,0.906016,0.3,0.804946,0,0.0208333,22.6,0,7.59,-0.00727273,2.20056,14.79,34.3,163.82,-7.04143,37.597,95.14,268.62,207.16,-1.68034,39.1287,135.74,268.99
neuromorpho__236-2-3LS.swc,323,pyramidal,0.993266,9,129,184,0,0,0,0,0,0,0,0,0,0,0.967389,0.113399,0.3,0.978276,0.978276,0.978276,0.978276,0.0278638,0.0278638,0.0278638,0.0278638,0.0278638,0.993576,0.993576,0,0.95504,0.998348,0.0620155,0.97459,0.978276,0.00543478,24,0.978953,0.3,0.978276,0,0,31.7,0,15.45,-4.85778,5.43187,11.78,15.56,126.59,6.43736,23.0544,273.91,327.92,194.97,-3.78391,37.5137,250.18,365.06
neuromorpho__236-2-42LS.swc,430,pyramidal,0.991079,0,357,72,0,0,0,0,0,0,0,0,0,0,0.781442,0.198112,0.541057,0.541057,0.54347,0.633611,0.633611,0,0.167442,0.551163,0.551163,0.551163,0,0,0,0.828951,0.633611,0.462185,0.542842,0.541057,1,45,0.805941,0.541057,0.546888,0.488889,0.488889,20.2,0,0,0,0,0,0,116.8,7.86188,27.1894,286.04,237.66,103.16,6.36042,27.078,89.81,291.27
neuromorpho__236-2-58LS.swc,458,pyramidal,0.990654,12,343,102,0,0,0,0,0,0,0,0,0,0,0.979522,0.0850456,0.3,0.978276,0.978276,0.99363,0.998348,0.0131004,0.0131004,0.0131004,0.0393013,0.0393013,0.792204,0.792204,0,0.998252,0.998348,0,0.938377,0.978276,0.0588235,48,0.986129,0.3,0.978276,0,0.0208333,17.3,0,13.23,-6.81667,4.64418,54.2,37.29,138.07,6.56475,24.3789,192.65,166.06,66.64,15.8689,12.0284,107.82,295.47
neuromorpho__236-2-62LS.swc,378,pyramidal,0.993977,0,257,120,0,0,0,0,0,0,0,0,0,0,0.972898,0.108789,0.3,0.978151,0.978276,0.978276,0.998348,0.0238095,0.0238095,0.0291005,0.0291005,0.0291005,0,0,0,0.994036,0.998348,0.0077821,0.9274,0.978254,0.075,35,0.974159,0.3,0.978201,0.0285714,0.0571429,22,0,0,0,0,0,0,102.49,-7.56856,17.808,228.45,344.25,82.61,-0.265,17.2188,91.13,283.88
neuromorpho__236-2-64LS.swc,781,pyramidal,0.991255,12,610,158,0,0,0,0,0,0,0,0,0,0,0.88693,0.219618,0.3,0.3,0.3,0.962275,0.977851,0.111396,0.111396,0.152369,0.152369,0.190781,0.842333,0.842333,0,0.86809,0.3,0.195082,0.962336,0.962275,0,56,0.931389,0.3,0.80479,0.0535714,0.0892857,32,0,15.14,7.33083,5.69008,6.24,33.33,124.62,18.0762,26.5042,419.35,666.42,127.72,-1.74158,23.8274,207.8,238.59
neuromorpho__236-2-68LS.swc,573,pyramidal,0.996855,6,250,316,0,0,0,0,0,0,0,0,0,0,0.974294,0.0903665,0.3,0.978226,0.978276,0.978276,0.978276,0.017452,0.017452,0.017452,0.017452,0.017452,0.993576,0.993576,0,0.984996,0.982987,0.016,0.965379,0.978276,0.0189873,62,0.983362,0.3,0.978276,0,0,22.8,0,3.65,-2.51,1.50116,7.28,20.54,116.54,-23.4264,27.2364,246.42,298.25,115.61,-24.5109,24.8982,251.43,557.98
neuromorpho__236-2-75LS.swc,205,pyramidal,0.995994,70,90,44,0,0,0,0,0.0358268,0,0,0,0,0,0.827002,0.214996,0.3,0.3,0.584938,0.681017,0.960774,0.0926829,0.165854,0.297561,0.307317,0.4,0.72729,0.585077,0.6,0.873896,0.3,0.144444,0.885784,0.3,0.136364,36,0.86955,0.3,0.647841,0.222222,0.277778,13,0,117.81,30.0853,28.4665,134.59,252.7,73.53,22.2318,21.0283,294.48,276.43,86.67,19.9311,18.9485,99.23,598.92
neuromorpho__236-2-79LS.swc,62,pyramidal,0.95879,0,0,61,0,0,0,0,0,0,0,0,0,0,0.880167,0.239092,0.3,0.3,0.3,0.978276,0.978276,0.145161,0.145161,0.145161,0.145161,0.145161,0,0,0,0,0,0,0.878202,0.3,0.147541,10,0.94188,0.3,0.812032,0,0.1,15.2,0.00333333,0,0,0,0,0,0,0,0,0,0,90.9,-49.0117,20.3483,223.15,413.96
neuromorpho__236-2-94LS.swc,108,pyramidal,0.929264,0,0,107,0,0,0,0,0,0,0,0,0,0,0.672188,0.334092,0.3,0.3,0.3,0.3,0.978056,0.444444,0.444444,0.444444,0.444444,0.472222,0,0,0,0,0,0,0.669125,0.3,0.448598,14,0.817374,0.3,0.37461,0.214286,0.285714,15.2,0,0,0,0,0,0,0,0,0,0,0,117.69,-0.766636,30.4793,209.85,1037.29
neuromorpho__236-2-95LS.swc,560,pyramidal,0.996826,6,319,234,0,0,0,0,0,0,0,0,0,0,0.965201,0.107502,0.3,0.953981,0.976994,0.978151,0.978276,0.0232143,0.0232143,0.0321429,0.0321429,0.0321429,0.950853,0.950853,0,0.960026,0.974178,0.0501567,0.972475,0.978276,0.00854701,77,0.975129,0.3,0.960774,0.012987,0.025974,16,0,3.7,-1.70667,1.32783,6.38,44.23,195.17,28.2114,37.1201,460.33,366.9,208.99,23.009,31.6933,205.95,537.28
neuromorpho__236-2-99LS.swc,241,pyramidal,0.997894,10,128,102,0,0,0,0,0,0,0,0,0,0,0.979467,0.0631938,0.588668,0.978276,0.978276,0.978276,0.998348,0,0.0248963,0.0248963,0.0248963,0.0248963,0.993697,0.993697,0,0.979144,0.998348,0.046875,0.978276,0.978276,0,40,0.9795,0.588668,0.978276,0.025,0.025,13.1,0,6.92,-0.432,2.3626,9.24,42.43,56.56,-5.86609,13.8746,178.82,80.72,58.87,-4.17922,12.4292,137.69,205.15
neuromorpho__236-2a-1-AW.swc,397,pyramidal,0.993734,8,199,189,0,0,0,0,0,0,0,0,0,0,0.959656,0.139862,0.3,0.978276,0.978276,0.978276,0.998348,0.0428212,0.0428212,0.0428212,0.0428212,0.0428212,0.99359,0.99359,0,0.998348,0.998348,0,0.917267,0.978276,0.0899471,48,0.956354,0.3,0.978276,0.0416667,0.0625,19.3,0,4.89,3.295,1.92683,3.76,35.45,129.88,-31.1903,30.4043,332.91,193.67,121.37,-34.124,29.9448,206.1,533.71
neuromorpho__236-2a-16-AW.swc,545,pyramidal,0.99353,9,313,222,0,0,0,0,0.00807358,0,0,0,0,0,0.830355,0.260039,0.3,0.3,0.3,0.628145,0.978276,0.148624,0.214679,0.284404,0.288073,0.288073,0.993576,0.993576,0,0.806513,0.3,0.370607,0.85659,0.3,0.175676,58,0.886631,0.3,0.558122,0.206897,0.258621,25.3,0,17.15,-10.5389,6.02511,1.68,41.16,144.28,-30.0433,33.1316,239.47,503.53,107.07,-17.2278,25.9132,202.76,377.88
neuromorpho__236-2a-19-AW.swc,348,pyramidal,0.997434,3,224,120,0,0,0,0,0,0,0,0,0,0,0.981793,0.0742317,0.3,0.978056,0.978276,0.978276,0.998348,0.00862069,0.0172414,0.0172414,0.0172414,0.0172414,0.589708,0.589708,1,0.988868,0.998348,0.0133929,0.978236,0.978056,0,40,0.978334,0.3,0.978254,0.025,0.025,19.2,0,0,-0.01,0,7.67,11.6,147.14,32.5515,34.2239,345.23,313.95,140.77,9.41017,36.4506,284.57,374.2
neuromorpho__236-2a-23-AW.swc,274,pyramidal,0.979273,31,242,0,0,0,0,0,0.000716267,0,0,0,0,0,0.844569,0.245093,0.3,0.3,0.3,0.792314,0.978151,0.142336,0.193431,0.193431,0.291971,0.291971,0.601741,0.3,0.387097,0.875033,0.3,0.169421,0,0,0,28,0.923901,0.3,0.789956,0.0714286,0.178571,26.6,0,23.87,-8.88548,7.09699,273.59,30.61,104.17,-20.5181,23.8175,549.09,306.46,0,0,0,0,0
neuromorpho__236-2a-24-AW.swc,290,pyramidal,0.996031,6,182,101,0,0,0,0,0,0,0,0,0,0,0.991215,0.00951947,0.978276,0.978276,0.978276,0.978276,0.998348,0,0,0,0,0,0.993576,0.993576,0,0.99827,0.998348,0,0.978276,0.978276,0,52,0.99068,0.978276,0.978276,0,0,12,0,0,0,0,1.52,39.6,99.49,-3.93242,26.6816,436.07,403.45,58.07,-0.940198,17.1456,256.08,386.12
neuromorpho__236-2a-25-AW.swc,452,pyramidal,0.993463,7,288,156,0,0,0.40708,0.40708,0.0974427,0,-0.283186,0.283186,0.345133,0.0619469,0.87733,0.168723,0.3,0.3,0.751151,0.797422,0.949087,0.0575221,0.0575221,0.0575221,0.274336,0.387168,0.99363,0.99363,0,0.932615,0.933757,0.0659722,0.769259,0.745079,0.0448718,54,0.900987,0.3,0.772835,0.037037,0.240741,20.7,0,16.34,-9.77714,6.80507,6.87,28.23,114.3,-17.7588,25.6418,300.93,545.61,87.15,-26.8847,25.1276,226.16,301.25
neuromorpho__236-2a-27-AW.swc,295,pyramidal,0.995912,5,170,119,0,0,0,0,0,0,0,0,0,0,0.934381,0.189016,0.3,0.3,0.978276,0.978276,0.998348,0.0813559,0.0813559,0.0813559,0.0813559,0.0813559,0.993697,0.993697,0,0.961377,0.998348,0.0529412,0.892772,0.3,0.12605,44,0.976754,0.3,0.977979,0.0227273,0.0227273,20.1,0,0,0,0,6.59,30.27,74.89,-13.8782,19.8274,283.22,421.63,70.82,0.595378,16.0306,75.3,417.7
neuromorpho__236-2a-28-AW.swc,263,pyramidal,0.996796,9,183,70,0,0,0,0,0,0,0,0,0,0,0.937435,0.187966,0.3,0.3,0.978276,0.978276,0.998348,0.0798479,0.0798479,0.0798479,0.0798479,0.0798479,0.99363,0.99363,0,0.937246,0.996335,0.0874317,0.929809,0.977851,0.0714286,36,0.975405,0.3,0.91625,0,0,20,0,7.84,4.55222,2.25455,28.74,36.2,117.54,-13.0663,29.3983,439.81,258.56,45.06,-0.855429,12.2821,115.85,345.92
neuromorpho__236-2a-30-AW.swc,360,pyramidal,0.994442,7,207,145,0,0,0,0,0.0213932,0,0,0,0,0,0.979097,0.0744158,0.3,0.927595,0.978276,0.978276,0.998348,0.0111111,0.0111111,0.0111111,0.0111111,0.0111111,0.99359,0.99359,0,0.998348,0.998348,0,0.950771,0.927595,0.0275862,47,0.985748,0.3,0.978276,0,0,16.4,0,10.87,8.63,3.64204,0.99,36.81,111.13,10.1271,24.9733,232.35,145.58,104.46,12.3469,23.581,181.4,300.81
neuromorpho__236-2a-33-AW.swc,294,pyramidal,0.99587,0,178,115,0,0,0.173469,0.173469,0.0417674,-0.173469,0.173469,0,0,0,0.842536,0.160201,0.3,0.584627,0.614664,0.768902,0.817129,0.0306122,0.0816327,0.12585,0.438776,0.595238,0,0,0,0.877872,0.584938,0.207865,0.786473,0.764383,0,44,0.849169,0.3,0.704869,0.113636,0.454545,15.7,0,0,0,0,0,0,105.03,-29.4748,24.2218,296.63,242.52,75.14,-8.73983,18.6833,267.72,229.82
neuromorpho__236-2a-38-AW.swc,315,pyramidal,0.990543,7,198,109,0,0,0,0,0,0,0,0,0,0,0.991304,0.00950197,0.978276,0.978276,0.978276,0.978276,0.998348,0,0,0,0,0,0.993697,0.993697,0,0.998348,0.998348,0,0.978276,0.978276,0,45,0.992483,0.978276,0.978276,0,0,16.6,0,6.84,5.84571,2.38665,4.99,44.67,55.4,-23.3774,13.5376,360.52,219.04,60.39,-10.6774,14.4268,263.28,422.5
neuromorpho__236-2a-4-AW.swc,337,pyramidal,0.994073,8,224,104,0,0,0,0,0,0,0,0,0,0,0.983741,0.0685019,0.3,0.977851,0.978056,0.978276,0.998348,0.00890208,0.00890208,0.00890208,0.00890208,0.0207715,0.993697,0.993697,0,0.988995,0.998348,0.0133929,0.971503,0.977851,0,47,0.986371,0.3,0.978056,0,0,15.8,0,4.64,0.01875,1.57402,9.12,32.05,112.13,-21.4446,26.4083,357.26,271.42,89.75,-17.0002,20.5342,143.13,235.41
neuromorpho__236-2a-45-AW.swc,295,pyramidal,0.996265,6,166,122,0,0,0,0,0,0,0,0,0,0,0.987656,0.0412868,0.3,0.978276,0.978276,0.978276,0.998348,0.00338983,0.00338983,0.00338983,0.00338983,0.00338983,0.993576,0.993576,0,0.998348,0.998348,0,0.972716,0.978276,0.00819672,55,0.988219,0.3,0.978276,0,0,12.6,0,11.05,8.16,3.95048,8.19,29.68,147.85,0.628976,27.6262,305.5,266.01,103.21,2.35951,26.189,213.21,499.7
neuromorpho__236-2a-47-AW.swc,266,pyramidal,0.995818,10,143,112,0,0,0,0,0.0560626,0,0,0,0,0,0.974988,0.0581296,0.3,0.944179,0.946415,0.978276,0.998348,0.0037594,0.0037594,0.0037594,0.0413534,0.0413534,0.993697,0.993697,0,0.983928,0.998348,0,0.961679,0.944179,0.00892857,39,0.984878,0.3,0.978276,0,0.025641,15,0,2.89,-1.15,1.40855,4.51,45.95,97.77,12.3286,24.6608,260.49,286.43,127.53,25.1904,34.8875,164.94,276.62
neuromorpho__236-2a-53-AW.swc,292,pyramidal,0.997224,6,179,106,0,0,0,0,0,0,0,0,0,0,0.972377,0.113237,0.3,0.978276,0.978276,0.978276,0.998348,0.0273973,0.0273973,0.0273973,0.0273973,0.0273973,0.993127,0.993127,0,0.998348,0.998348,0,0.927085,0.978276,0.0754717,37,0.987937,0.3,0.978276,0,0.027027,18.8,0,17.38,-8.325,6.73615,11.81,26.66,103.89,8.58693,22.8259,312.38,173.02,135.02,0.548396,31.2202,160.27,397.09
neuromorpho__236-2a-55-AW.swc,377,pyramidal,0.994018,5,258,113,0,0,0,0,0.0145811,0,0,0,0,0,0.985723,0.0622376,0.3,0.978276,0.978276,0.978276,0.998348,0.00795756,0.00795756,0.00795756,0.00795756,0.00795756,0.993697,0.993697,0,0.988776,0.998348,0.0116279,0.978276,0.978276,0,49,0.989211,0.3,0.978276,0,0,18,0,1.13,0.722,0.396151,25.34,0.71,140.49,-18.6295,32.1072,211.38,354.55,89.97,-13.8196,26.7592,291.24,250.19
neuromorpho__236-2a-56-AW.swc,370,pyramidal,0.996413,4,220,145,0,0,0,0,0,0,0,0,0,0,0.969232,0.113872,0.3,0.978276,0.978276,0.978276,0.998348,0.027027,0.027027,0.027027,0.0378378,0.0378378,0.788929,0.788929,0,0.96641,0.998348,0.0454545,0.978276,0.978276,0,52,0.979828,0.3,0.978276,0,0.0384615,15,0,15.46,11.47,6.58427,3.38,18.12,101.96,-33.0484,18.5735,393.55,309.46,101.24,-31.9194,22.3873,341.3,494.71
neuromorpho__236-3-13LS.swc,457,pyramidal,0.971343,169,287,0,0,0,0,0,0,0,0,0,0,0,0.848457,0.210663,0.3,0.3,0.644258,0.644258,0.998348,0.059081,0.0612691,0.369803,0.369803,0.369803,0.593011,0.3,1,0.998348,0.998348,0,0,0,0,37,0.887987,0.3,0.633519,0.297297,0.297297,31,0,65.9,8.13769,14.246,65.41,287.25,72.11,11.379,15.9634,265.49,285.25,0,0,0,0,0
neuromorpho__236-3-15LS.swc,684,pyramidal,0.996533,10,461,212,0,0,0,0,0,0,0,0,0,0,0.890558,0.245935,0.3,0.3,0.3,0.978276,0.998348,0.147661,0.147661,0.147661,0.147661,0.147661,0.983256,0.983256,0,0.964205,0.984087,0.0477223,0.725522,0.3,0.372642,64,0.935082,0.3,0.883083,0.078125,0.078125,22.1,0,5.09,0.865,1.5802,7.67,42.97,109.8,0.120933,25.6543,567.97,346.97,117.12,2.15675,22.1724,201.23,880.85
neuromorpho__236-3-16LS.swc,403,pyramidal,0.995439,15,222,165,0,0,0,0,0,0,0,0,0,0,0.884082,0.241266,0.3,0.3,0.3,0.977851,0.978276,0.143921,0.143921,0.143921,0.143921,0.181141,0.842333,0.842333,0,0.990641,0.978151,0.0045045,0.743804,0.3,0.345455,41,0.93697,0.3,0.929623,0.0731707,0.0731707,23,0,23.25,-10.6453,8.09523,77.78,6.55,139.11,26.6705,30.1673,379.13,217.16,113.33,32.7601,25.3535,272.6,911.3
neuromorpho__236-3-17LS.swc,809,pyramidal,0.995625,50,433,325,0,0,0,0,0.0570397,0,0,0,0,0,0.928556,0.164517,0.3,0.3,0.91211,0.950853,0.978276,0.053152,0.053152,0.0964153,0.0964153,0.0964153,0.8337,0.3,0.18,0.948402,0.659779,0.113164,0.916489,0.91211,0.0615385,56,0.968188,0.3,0.910653,0.0178571,0.0357143,36.5,0,20.89,-0.405,5.38656,91.17,166.73,141.14,-14.4816,27.2527,249.44,285.49,167.27,-20.9653,30.987,329.23,275.25
neuromorpho__236-3-24LS.swc,904,pyramidal,0.987744,15,663,225,0,0,0,0,0,0,0,0,0,0,0.803195,0.169369,0.567154,0.57455,0.590304,0.636954,0.765427,0,0.20354,0.373894,0.563053,0.563053,0.938242,0.938242,0,0.866349,0.633611,0.170437,0.607222,0.57455,1,72,0.807163,0.567154,0.592733,0.388889,0.541667,27.8,0,7.1,-2.118,2.47158,7.96,36.22,141.19,-7.19864,26.7202,296.64,318.35,117.09,-3.26489,21.4278,198.43,195
neuromorpho__236-3-32LS.swc,1626,pyramidal,0.984797,356,1269,0,0,0,0,0,0,0,0,0,0,0,0.631014,0.227845,0.3,0.361843,0.361843,0.482086,0.567154,0.407134,0.612546,0.685732,0.760763,0.760763,0.500571,0.476199,1,0.667317,0.361843,0.598109,0,0,0,90,0.655045,0.3,0.367712,0.655556,0.722222,40,0,137.7,-16.3573,29.3273,256.85,276.89,162.75,-30.7964,32.0714,362.1,475.75,0,0,0,0,0
neuromorpho__236-3-34LS.swc,949,pyramidal,0.976402,0,570,378,0,0,0,0,0.0328407,0,0,0,0,0,0.927642,0.089637,0.799421,0.799421,0.799421,0.799421,0.998348,0,0,0,0.278188,0.398314,0,0,0,0.998348,0.998348,0,0.82083,0.799421,0,54,0.91554,0.799421,0.799421,0,0.277778,41.4,0,0,0,0,0,0,136.49,-6.41223,23.3357,271.76,264.59,191.02,-24.5146,34.6044,225.22,201.73
neuromorpho__236-3-42LS.swc,555,pyramidal,0.996981,6,398,150,0,0,0,0,0,0,0,0,0,0,0.960942,0.144475,0.3,0.857149,0.978276,0.978276,0.998348,0.045045,0.045045,0.045045,0.045045,0.0540541,0.99359,0.99359,0,0.996424,0.998348,0,0.86523,0.3,0.166667,77,0.950589,0.3,0.955667,0.0519481,0.0519481,15,0,3.48,-1.34667,1.24374,6.93,28.33,136.69,27.8458,27.748,356.66,335.65,125.89,26.968,25.6206,202.18,396.13
neuromorpho__236-3-44LS.swc,434,pyramidal,0.99189,12,329,92,0,0,0.211982,0.211982,0.0162247,0,-0.211982,0.211982,0.211982,0,0.901391,0.154601,0.577561,0.584627,0.620185,0.746917,0.984087,0,0.0967742,0.165899,0.267281,0.267281,0.99359,0.99359,0,0.964722,0.974178,0.0729483,0.661814,0.577561,0.521739,58,0.885779,0.577561,0.584627,0.206897,0.293103,14.6,0,8.97,-4.59083,3.36963,8.47,53.43,107.53,-4.23663,19.7038,240.63,267.53,76.49,0.4075,19.0295,95.98,170.96
neuromorpho__236-3-4LS.swc,661,pyramidal,0.984895,6,467,187,0,0,0,0,0,0,0,0,0,0,0.988909,0.0477187,0.3,0.978276,0.978276,0.978276,0.998348,0.00453858,0.00453858,0.00453858,0.00453858,0.00453858,0.933004,0.933004,0,0.993862,0.998348,0.00642398,0.978276,0.978276,0,59,0.990409,0.3,0.978276,0,0,25.2,0,3.86,-1.70833,1.25559,2.22,22.77,182.95,-17.169,31.5696,327.21,331.29,99.85,-18.5213,25.9281,205.12,309.22
neuromorpho__236-3-52LS.swc,433,pyramidal,0.996294,3,156,273,0,0,0,0,0,0,0,0,0,0,0.830422,0.287618,0.3,0.3,0.3,0.978276,0.978276,0.226328,0.226328,0.226328,0.233256,0.233256,0.764182,0.764182,0,0.984918,0.998348,0.0192308,0.742246,0.3,0.347985,44,0.885755,0.3,0.3,0.136364,0.159091,20.4,0,0.18,0.7,0.0748331,0.14,13.07,90.81,-17.6533,19.5712,133.98,237.23,129.12,-35.6129,33.8823,200.51,818.49
neuromorpho__236-3-63LS.swc,386,pyramidal,0.997544,0,210,175,0,0,0,0,0,0,0,0,0,0,0.947044,0.166879,0.3,0.3,0.978276,0.978276,0.998348,0.0621762,0.0621762,0.0621762,0.0621762,0.0621762,0,0,0,0.998283,0.998348,0,0.885255,0.3,0.137143,45,0.955208,0.3,0.978276,0.0444444,0.0666667,20,0,0,0,0,0,0,123.59,-2.23062,31.985,236.86,202.77,88.78,7.91983,19.6242,194.79,370.71
neuromorpho__236-3-64LS.swc,520,pyramidal,0.976742,0,374,145,0,0,0,0,0,0,0,0,0,0,0.911122,0.16815,0.3,0.3,0.8044,0.8044,0.998348,0.0538462,0.0538462,0.0538462,0.0538462,0.309615,0,0,0,0.968451,0.998348,0.0427807,0.762641,0.804092,0.0827586,47,0.924724,0.3,0.8044,0.0212766,0.0425532,29,0,0,0,0,0,0,131.32,30.8592,29.1188,213.31,467.19,145.56,37.3843,34.9052,314.97,326.45
neuromorpho__236-3-6LS.swc,646,pyramidal,0.993251,11,416,218,0,0,0,0,0.0179952,0,0,0,0,0,0.988314,0.0401711,0.3,0.978276,0.978276,0.978276,0.998348,0.00309598,0.00309598,0.00309598,0.00309598,0.00309598,0.993697,0.993697,0,0.996669,0.998348,0.00240385,0.972044,0.953077,0.00458716,61,0.990669,0.3,0.978276,0,0,23,0,15.08,4.91545,4.3964,48.99,7.59,125.34,1.28962,23.1111,307.29,340.8,130.73,4.35596,22.2476,259.81,198.06
neuromorpho__236-3-70LS.swc,413,pyramidal,0.996485,11,270,131,0,0,0,0,0,0,0,0,0,0,0.932837,0.192848,0.3,0.3,0.955815,0.978276,0.998348,0.0847458,0.0847458,0.0847458,0.0847458,0.0847458,0.955815,0.955815,0,0.969897,0.998348,0.0407407,0.854012,0.3,0.183206,46,0.978006,0.3,0.978276,0.0217391,0.0217391,21.5,0,9.72,5.72727,3.41158,1.93,48.53,102.72,-12.0799,22.2602,180.23,218.72,90.36,-16.5369,20.5609,205.13,591.29
neuromorpho__236-3-8LS.swc,731,pyramidal,0.988314,245,314,171,0,0,0,0,0,0,0,0,0,0,0.745919,0.27389,0.3,0.3,0.3,0.518147,0.977851,0.154583,0.447332,0.447332,0.4487,0.4829,0.497669,0.3,1,0.906771,0.3,0.143312,0.804749,0.3,0.216374,48,0.777515,0.3,0.473983,0.354167,0.375,47.3,0,98.68,-11.4122,21.5172,206.51,282.08,79.61,4.12283,15.0539,248.09,259.83,82.24,-3.40211,14.5701,69.91,429.95
neuromorpho__236-3-9LS.swc,710,pyramidal,0.988816,8,496,205,0,0,0,0,0,0,0,0,0,0,0.955947,0.0847457,0.3,0.799421,0.804092,0.977851,0.998348,0.0028169,0.0028169,0.0028169,0.0788732,0.198592,0.993576,0.993576,0,0.995532,0.998348,0.00403226,0.858488,0.799421,0,68,0.94206,0.3,0.799421,0,0.132353,22.6,0,5.06,-1.9,2.01597,8.57,31.97,131.18,-32.7538,27.0055,328,252.88,132.89,-35.1246,33.6045,136.84,205.84
neuromorpho__23_14.swc,729,pyramidal,0.950204,54,496,178,0,0,0.24417,0.24417,0.0587135,0,-0.24417,0.24417,0.24417,0,0.960396,0.0658788,0.813873,0.845701,0.845701,0.99196,0.998348,0,0,0,0,0.24417,0.99196,0.99196,0,0.998348,0.998348,0,0.844843,0.830331,0,38,0.95153,0.813873,0.832284,0,0,50.6,0,10.24,-5.94333,3.28393,8.64,91.38,40.87,8.23923,11.2126,166,164.51,25.78,3.79994,5.05174,120.2,129.71
neuromorpho__24-07-15-A.swc,2362,interneuron,0.989128,0,2361,0,0,0,0,0,0,0,0,0,0,0,0.998919,2.22426e-05,0.998919,0.998919,0.998919,0.998919,0.998919,0,0,0,0,0,0,0,0,0.998919,0.998919,0,0,0,0,71,0.998934,0.998919,0.998919,0,0,62,2,0,0,0,0,0,49.5,-15.1854,13.1261,58.64,89.54,0,0,0,0,0
neuromorpho__240914RF1_3m.swc,598,interneuron,0.698743,0,597,0,0,0,0,0,0,0,0,0,0,0,0.614909,0.320782,0.3,0.3,0.3,0.3,0.3,0.508361,0.508361,0.508361,0.508361,0.508361,0,0,0,0.614264,0.3,0.509213,0,0,0,52,0.571391,0.3,0.3,0.596154,0.615385,29,0,0,0,0,0,0,116.66,-26.4954,24.4891,262.99,988.94,0,0,0,0,0
neuromorpho__241-1-10VN.swc,565,pyramidal,0.99668,7,364,193,0,0,0,0,0.0336473,0,0,0,0,0,0.962845,0.130757,0.3,0.970921,0.9729,0.978276,0.998348,0.0371681,0.0371681,0.0371681,0.0371681,0.0371681,0.938242,0.938242,0,0.964351,0.972482,0.043956,0.960704,0.978276,0.0259067,61,0.980785,0.3,0.951791,0,0,22,0,12.62,7.06286,4.26483,13.32,47.03,132.28,-2.68066,36.8895,503.7,297.61,90.43,-20.841,18.6018,299.99,432.66
neuromorpho__241-1-20-AW.swc,454,pyramidal,0.990334,0,249,204,0,0,0,0,0,0,0,0,0,0,0.851779,0.276411,0.3,0.3,0.3,0.978276,0.978276,0.200441,0.200441,0.200441,0.200441,0.200441,0,0,0,0.897382,0.3,0.144578,0.79539,0.3,0.269608,60,0.884626,0.3,0.3,0.15,0.166667,15,0,0,0,0,0,0,118.98,-18.1451,33.3756,564.62,269.36,115.7,-20.5534,26.8036,341.84,604.4
neuromorpho__241-1-26LU.swc,1116,pyramidal,0.91458,438,677,0,0,0,0,0,0,0,0,0,0,0,0.943766,0.1447,0.3,0.628145,0.780574,0.982287,0.988216,0.0268817,0.0340502,0.100358,0.100358,0.100358,0.978003,0.974601,0.0114155,0.921532,0.628145,0.15805,0,0,0,96,0.966069,0.3,0.944475,0.0416667,0.0416667,26.5,0,98.43,10.0867,17.5913,174.18,367.28,118.98,22.667,24.2249,246.88,342.71,0,0,0,0,0
neuromorpho__241-1-28LU.swc,802,pyramidal,0.997959,8,361,432,0,0,0,0,0,0,0,0,0,0,0.820996,0.295424,0.3,0.3,0.3,0.978276,0.978276,0.243142,0.243142,0.243142,0.243142,0.243142,0.993589,0.993589,0,0.876476,0.3,0.174515,0.771025,0.3,0.305556,73,0.931163,0.3,0.847758,0.0821918,0.0958904,28.6,0,11.59,4.9,3.76458,21.49,52.95,113.46,6.11662,34.7655,510.13,380.58,108.69,20.4681,23.5949,355.62,943.83
neuromorpho__241-1-36VN.swc,854,pyramidal,0.995482,28,537,288,0,0,0,0,0.0386717,0,0,0,0,0,0.895816,0.214614,0.3,0.3,0.360137,0.965066,0.978276,0.100703,0.107728,0.140515,0.168618,0.168618,0.718859,0.3,0.142857,0.925042,0.638093,0.121043,0.858165,0.3,0.177083,103,0.933947,0.3,0.765645,0.0776699,0.126214,19,-0.00333333,39.64,-26.4685,10.4504,44.65,230.5,165.6,19.1895,28.3399,506.1,598.15,150.33,13.8184,28.9112,498.68,448.52
neuromorpho__241-1-39VN.swc,831,pyramidal,0.993341,8,598,224,0,0,0,0,0,0,0,0,0,0,0.885976,0.242032,0.3,0.3,0.3,0.978276,0.982287,0.145608,0.145608,0.145608,0.145608,0.145608,0.978339,0.978339,0,0.898748,0.3,0.130435,0.848071,0.3,0.191964,77,0.938915,0.3,0.833496,0.0519481,0.0909091,26.4,0,6.15,2.7275,2.26605,5.22,42.92,130.19,12.4475,23.962,630.04,447.35,123.8,12.3845,31.4029,465.96,783.57
neuromorpho__241-1-6VN.swc,651,pyramidal,0.99707,3,395,252,0,0,0,0,0.0516189,0,0,0,0,0,0.963785,0.107067,0.3,0.885305,0.897967,0.978226,0.998348,0.0230415,0.0230415,0.0230415,0.0230415,0.119816,0.884021,0.884021,0,0.987809,0.998348,0.0101266,0.926934,0.892048,0.0436508,79,0.979765,0.3,0.922786,0,0.0126582,20.2,0,5.6,4.01,2.31786,15.45,4.5,134.84,-13.1446,30.6627,201.1,365.08,115.15,-12.403,22.6287,172.59,487.17
neuromorpho__241-1-7VN.swc,421,pyramidal,0.953904,268,152,0,0,0,0,0,0,0,0,0,0,0,0.788632,0.298743,0.3,0.3,0.3,0.3,0.972702,0.261283,0.261283,0.301663,0.301663,0.301663,0.765224,0.3,0.30597,0.828515,0.3,0.296053,0,0,0,28,0.849316,0.3,0.3,0.25,0.285714,39.3,0,83.27,5.90004,14.9791,242.67,152.35,44.2,-6.43046,9.19797,139.76,444.13,0,0,0,0,0
neuromorpho__241-2-101-AW.swc,349,pyramidal,0.991498,0,142,206,0,0,0,0,0.00592642,0,0,0,0,0,0.811733,0.248615,0.3,0.3,0.500442,0.515647,0.978276,0.0888252,0.303725,0.323782,0.323782,0.34384,0,0,0,0.693021,0.514131,0.612676,0.89265,0.3,0.126214,41,0.863961,0.3,0.524498,0.243902,0.268293,21,0,0,0,0,0,0,59.1,11.4958,12.7889,383.53,457.59,105.39,16.17,26.0234,327.35,326.81
neuromorpho__241-2-107-AW.swc,592,pyramidal,0.979379,88,363,140,0,0,0.236486,0.236486,0.0145924,0,-0.236486,0.236486,0.236486,0,0.849746,0.149308,0.3,0.624041,0.633611,0.753942,0.799771,0.0168919,0.0168919,0.163851,0.508446,0.533784,0.722584,0.693061,0.340909,0.901871,0.633611,0.184573,0.793448,0.787055,0,57,0.848198,0.3,0.714919,0.105263,0.561404,26,0,57.2,-19.5093,15.5264,45.13,335.55,135.46,5.63333,30.0562,283.6,405.81,113.98,5.82871,29.4052,184.01,205.57
neuromorpho__241-2-110-AW.swc,369,pyramidal,0.997348,15,138,215,0,0,0,0,0.0196391,0,0,0,0,0,0.924678,0.196062,0.3,0.3,0.959822,0.978276,0.978276,0.0894309,0.0894309,0.0894309,0.0894309,0.0894309,0.993576,0.993576,0,0.967985,0.998348,0.0434783,0.891724,0.3,0.125581,41,0.936958,0.3,0.848702,0.0487805,0.097561,20,0,11.76,-3.66533,3.87822,28.09,111.3,93.83,27.463,26.176,338.31,242.65,126.6,25.7468,29.1373,309.17,520.63
neuromorpho__241-2-13VN.swc,338,pyramidal,0.994895,6,226,105,0,0,0.310651,0.310651,0.0959724,0,-0.310651,0.310651,0.310651,0,0.877969,0.224419,0.3,0.3,0.3,0.899493,0.978056,0.127219,0.127219,0.127219,0.14497,0.272189,0.792143,0.792143,0,0.845146,0.3,0.172566,0.952359,0.978056,0.0380952,59,0.956807,0.3,0.877353,0.0169492,0.101695,12,0,39.86,-25.3183,13.1678,16.74,50.96,131.92,-39.6588,30.1737,608.24,443.52,122.17,-42.7007,30.9888,277.71,330.31
neuromorpho__241-2-18VN.swc,918,pyramidal,0.963972,0,673,244,0,0,0,0,0.00772261,0,0,0,0,0,0.854317,0.205573,0.3,0.541549,0.584627,0.628145,0.978276,0.046841,0.147059,0.282135,0.334423,0.334423,0,0,0,0.852496,0.584627,0.320951,0.858744,0.3,0.17623,85,0.844363,0.3,0.584627,0.294118,0.423529,27,0,0,0,0,0,0,121.53,-21.1999,32.4542,301.88,225.5,125.49,-6.58029,25.937,277.07,406.75
neuromorpho__241-2-32VN.swc,885,pyramidal,0.993152,5,697,182,0,0,0,0,0,0,0,0,0,0,0.88059,0.235409,0.3,0.3,0.3,0.978276,0.998348,0.119774,0.126554,0.2,0.2,0.2,0.993576,0.993576,0,0.899838,0.631608,0.186514,0.803117,0.3,0.258242,81,0.940148,0.3,0.812122,0.0987654,0.0987654,28,0,3.99,-2.616,1.38167,45.3,14.56,129.48,52.4643,31.3021,838.3,526.4,122.54,29.7039,33.1749,1018.75,269.11
neuromorpho__241-2-40VN.swc,856,pyramidal,0.98375,391,358,106,0,0,0,0,0.0107689,0,0,0,0,0,0.901451,0.197791,0.3,0.3,0.584627,0.953981,0.988216,0.0735981,0.102804,0.148364,0.148364,0.179907,0.924481,0.950853,0.0869565,0.85896,0.577561,0.251397,0.959079,0.978276,0.0283019,87,0.904102,0.3,0.626533,0.149425,0.149425,26,-0.00333333,138.46,-3.21708,19.4388,515.06,433.69,130.69,-16.5244,29.2485,422.64,539.79,117.33,-26.2538,28.2341,248.35,416.04
neuromorpho__241-2-41VN.swc,468,pyramidal,0.997356,0,297,170,0,0,0,0,0,0,0,0,0,0,0.905912,0.228067,0.3,0.3,0.3,0.978276,0.998348,0.123932,0.123932,0.123932,0.123932,0.123932,0,0,0,0.939564,0.998348,0.0841751,0.846566,0.3,0.194118,57,0.944917,0.3,0.874831,0.0701754,0.0877193,19,0,0,0,0,0,0,123.2,-7.71094,28.2241,391.07,346.36,166.15,-6.35988,30.8176,545.49,506.55
neuromorpho__241-2-45-AW.swc,515,pyramidal,0.997442,165,163,186,0,0,0,0,0.00102046,0,0,0,0,0,0.760817,0.268193,0.3,0.3,0.3,0.618694,0.978276,0.221359,0.250485,0.372816,0.485437,0.485437,0.61153,0.3,0.648485,0.945296,0.674173,0.104294,0.730297,0.3,0.365591,65,0.83745,0.3,0.579616,0.338462,0.4,18.6,0,128.44,15.4089,28.2148,274.91,401.36,108.87,1.31558,31.129,268.83,310.41,62.58,-7.52462,16.1241,224.38,825.82
neuromorpho__241-2-49-AW.swc,347,pyramidal,0.962044,2,186,158,0,0,0,0,0,0,0,0,0,0,0.892555,0.220711,0.3,0.3,0.3,0.978151,0.978276,0.112392,0.112392,0.152738,0.152738,0.158501,0.802151,0.802151,0,0.947766,0.974178,0.0967742,0.828025,0.3,0.221519,29,0.940367,0.3,0.788679,0.0344828,0.103448,24.4,0,0,0,0,1.07,2.75,93.94,41.9539,23.8302,449.99,261.45,101.52,44.4101,26.8368,268.59,358.05
neuromorpho__241-2-50-AW.swc,342,pyramidal,0.997352,4,216,121,0,0,0,0,0,0,0,0,0,0,0.990696,0.010506,0.950853,0.978276,0.978276,0.978276,0.998348,0,0,0,0,0,0.950853,0.950853,0,0.998348,0.998348,0,0.978276,0.978276,0,50,0.989804,0.950853,0.978276,0,0,16,0,0,0,0,3.45,22.92,111.03,-8.66856,31.6268,259.39,152.29,71.42,6.78099,16.1357,97.6,331.16
neuromorpho__241-2-51-AW.swc,400,pyramidal,0.99631,6,211,182,0,0,0,0,0,0,0,0,0,0,0.988333,0.0116925,0.933004,0.978276,0.978276,0.978276,0.998348,0,0,0,0,0,0.993697,0.993697,0,0.996799,0.998348,0,0.978276,0.978276,0,47,0.98878,0.933004,0.978276,0,0,19.4,0,0,0,0,2.66,35.75,91.23,-18.5377,27.3547,290.62,179.31,106.08,-25.4314,30.3267,218.62,339.37
neuromorpho__241-2-57LU.swc,723,pyramidal,0.993106,0,409,313,0,0,0,0,0,0,0,0,0,0,0.921681,0.203567,0.3,0.3,0.631972,0.978276,0.998348,0.0940526,0.0940526,0.103734,0.103734,0.103734,0,0,0,0.952806,0.998348,0.0733496,0.88076,0.3,0.14377,59,0.962355,0.3,0.89354,0.0338983,0.0508475,30.8,0,0,0,0,0,0,115.39,-6.83562,30.4123,373.54,256.71,103.83,-5.21649,22.468,204.46,527.55
neuromorpho__241-2-58LU.swc,640,pyramidal,0.996132,5,375,259,0,0,0,0,0,0,0,0,0,0,0.978458,0.0845214,0.3,0.978276,0.978276,0.978276,0.998348,0.0125,0.0203125,0.0203125,0.0203125,0.0203125,0.593129,0.593129,1,0.990899,0.998348,0.0106667,0.967801,0.978276,0.015444,65,0.981591,0.3,0.978276,0.0153846,0.0153846,23,0,7.19,4.258,2.71642,7.1,23.68,115.58,-36.0018,27.314,400.32,295.38,112.49,-36.3942,26.5041,296.37,516.81
neuromorpho__241-2-64LU.swc,603,pyramidal,0.99613,0,361,241,0,0,0,0,0,0,0,0,0,0,0.954007,0.152554,0.3,0.367828,0.978276,0.978276,0.998348,0.0514096,0.0514096,0.0514096,0.0514096,0.0514096,0,0,0,0.941437,0.984087,0.0803324,0.972647,0.978276,0.00829876,74,0.981914,0.3,0.978276,0.0135135,0.0135135,18.7,0,0,0,0,0,0,122.24,20.2548,31.6045,614.6,369.46,127.62,-12.2425,36.5188,329.06,469.46
neuromorpho__241-2-65LU.swc,580,pyramidal,0.995823,6,340,233,0,0,0,0,0,0,0,0,0,0,0.937856,0.183036,0.3,0.3,0.978276,0.978276,0.998348,0.0758621,0.0758621,0.0758621,0.0758621,0.0758621,0.950853,0.950853,0,0.969592,0.998348,0.0411765,0.890944,0.3,0.128755,56,0.955879,0.3,0.964565,0.0357143,0.0714286,25.5,0,28.29,-23.575,10.5431,3.75,38.16,125.44,12.3348,34.5504,376.01,316.76,116.69,25.3686,29.9373,263.79,505.28
neuromorpho__241-2-90LU.swc,751,pyramidal,0.997613,6,393,351,0,0,0,0,0,0,0,0,0,0,0.897002,0.235553,0.3,0.3,0.3,0.978276,0.998348,0.134487,0.134487,0.134487,0.134487,0.134487,0.938242,0.938242,0,0.980578,0.998348,0.0254453,0.802427,0.3,0.259259,67,0.91905,0.3,0.806195,0.0895522,0.0895522,26.4,0,0,-0.01,0,10.18,52.94,114.54,-3.503,26.3715,337.5,252.89,111.63,-1.1459,24.6442,235.27,752.45
neuromorpho__241-2-94LU.swc,770,pyramidal,0.997573,7,373,389,0,0,0,0,0,0,0,0,0,0,0.828628,0.292113,0.3,0.3,0.3,0.978276,0.978276,0.233766,0.233766,0.233766,0.233766,0.233766,0.983256,0.983256,0,0.934692,0.998348,0.0911528,0.723704,0.3,0.375321,66,0.91289,0.3,0.803559,0.0909091,0.106061,34,0,16.94,-10.5657,5.77189,2.36,35.19,106.63,-0.808901,23.3429,439.08,255.72,76.08,3.48524,17.2525,429.85,849.54
neuromorpho__241-2-9VN.swc,521,pyramidal,0.994003,0,443,77,0,0,0,0,0.0438861,0,0,0,0,0,0.88254,0.212229,0.3,0.3,0.3,0.941202,0.978151,0.105566,0.105566,0.117083,0.195777,0.207294,0,0,0,0.871759,0.3,0.128668,0.943041,0.978276,0.0519481,76,0.908639,0.3,0.756663,0.0526316,0.210526,18,0,0,0,0,0,0,120.18,0.77702,28.7502,636.81,908.3,115.81,15.777,32.5755,91.37,345.4
neuromorpho__241-3-11VN.swc,746,pyramidal,0.993753,11,484,250,0,0,0,0,0.0176852,0,0,0,0,0,0.900476,0.171302,0.3,0.620938,0.626067,0.949172,0.978276,0.0254692,0.0442359,0.207775,0.207775,0.22252,0.801694,0.801694,0,0.866533,0.620938,0.31405,0.970137,0.978276,0.012,58,0.907369,0.3,0.626067,0.189655,0.189655,33.3,0,14.12,9.34818,4.19721,12.33,30.56,159.99,41.2282,36.4974,391.35,262.83,150.32,34.1032,29.5961,174.9,357.64
neuromorpho__241-3-13LU.swc,1087,pyramidal,0.99591,6,731,349,0,0,0,0,0,0,0,0,0,0,0.963624,0.136638,0.3,0.978276,0.978276,0.978276,0.998348,0.0404784,0.0404784,0.0404784,0.0404784,0.0404784,0.955815,0.955815,0,0.967777,0.998348,0.0437756,0.954954,0.978276,0.034384,105,0.983436,0.3,0.978276,0,0.00952381,29,0,3.75,1.2,1.76777,13.88,30.52,132.24,-4.4952,31.9949,364.68,365.03,133.45,0.846504,27.5438,327.5,536.03
neuromorpho__241-3-1VN.swc,501,pyramidal,0.993294,52,195,253,0,0,0,0,0,0,0,0,0,0,0.7437,0.322543,0.3,0.3,0.3,0.3,0.978276,0.341317,0.341317,0.341317,0.393214,0.393214,0.543568,0.3,0.5,0.922722,0.3,0.107692,0.64584,0.3,0.490119,49,0.790863,0.3,0.3,0.306122,0.306122,25.8,0,35.54,27.7298,6.96024,315.18,103.6,128.08,34.5817,26.2611,389.22,212.6,97.91,12.6626,22.6952,357.23,1239.74
neuromorpho__241-3-27LU.swc,355,pyramidal,0.991661,6,236,112,0,0,0,0,0.0167826,0,0,0,0,0,0.970788,0.105995,0.3,0.927456,0.978276,0.978276,0.998348,0.0225352,0.0225352,0.0225352,0.0394366,0.0394366,0.796007,0.796007,0,0.974675,0.998348,0.0338983,0.9717,0.92995,0,62,0.981057,0.3,0.978276,0,0.016129,12.9,0,10.14,-8.24667,3.60064,28.59,21.83,139.68,-30.9329,25.3945,314.16,545.5,107.2,-37.3325,28.2108,349.24,371.03
neuromorpho__241-3-30LU.swc,277,pyramidal,0.998276,5,142,129,0,0,0,0,0,0,0,0,0,0,0.943503,0.170077,0.3,0.3,0.978056,0.978056,0.998348,0.0649819,0.0649819,0.0649819,0.0649819,0.0649819,0.933004,0.933004,0,0.997946,0.998348,0,0.883542,0.3,0.139535,47,0.953671,0.3,0.960035,0.0425532,0.0638298,12.4,0,1.86,2.556,0.659685,9.84,27.25,125.81,30.9147,30.9361,273.94,231.79,131.68,26.0647,33.1066,192.73,403.8
neuromorpho__241-3-33LU.swc,665,pyramidal,0.971269,139,407,118,0,0,0,0,0.00941381,0,0,0,0,0,0.661363,0.309233,0.3,0.3,0.3,0.3,0.665158,0.383459,0.434586,0.517293,0.544361,0.544361,0.607366,0.3,0.52518,0.635236,0.3,0.597052,0.812216,0.3,0.237288,45,0.816227,0.3,0.539464,0.355556,0.422222,39.6,0,86.13,11.7503,19.6841,311.38,614.01,139.33,-1.88845,23.6317,623.56,1064.45,125.42,-15.1621,23.499,338.71,498.33
neuromorpho__241-3-35LU.swc,524,pyramidal,0.997127,4,519,0,0,0,0,0,0,0,0,0,0,0,0.973588,0.082624,0.3,0.933004,0.974178,0.982987,0.998348,0.0019084,0.0019084,0.0496183,0.0496183,0.0496183,0.933004,0.933004,0,0.97385,0.978151,0.0500963,0,0,0,71,0.980487,0.3,0.974178,0.028169,0.028169,16,0,2.12,-0.435,0.877083,9.4,24.02,117.84,-9.47765,26.4435,280.9,497.15,0,0,0,0,0
neuromorpho__241-3-39LU.swc,414,pyramidal,0.997036,4,225,184,0,0,0,0,0,0,0,0,0,0,0.84507,0.28001,0.3,0.3,0.3,0.978276,0.978276,0.205314,0.214976,0.214976,0.214976,0.214976,0.584938,0.584938,1,0.939035,0.989791,0.0844444,0.734981,0.3,0.358696,60,0.91759,0.3,0.763244,0.0833333,0.166667,16.4,0,10.57,-8.4875,4.11424,4,53.08,121.82,-48.1048,26.485,392.9,396.25,113.22,-29.7833,28.8437,261.15,1112.91
neuromorpho__241-3-42LU.swc,396,pyramidal,0.99567,6,162,227,0,0,0,0,0.0647422,0,0,0,0,0,0.867356,0.242437,0.3,0.3,0.3,0.91871,0.978276,0.151515,0.151515,0.151515,0.166667,0.166667,0.79669,0.79669,0,0.949445,0.998348,0.0679012,0.810056,0.3,0.215859,36,0.939765,0.3,0.804788,0.0277778,0.111111,29.5,0,4.34,3.11167,1.45737,35.51,15.13,116.19,-0.546111,25.6285,226.88,290.99,93.26,-2.88066,18.5449,272.64,406.36
neuromorpho__241-3-43LU.swc,701,pyramidal,0.995644,162,404,134,0,0,0,0,0,0,0,0,0,0,0.800435,0.250606,0.3,0.3,0.3,0.788929,0.805357,0.175464,0.196862,0.196862,0.32097,0.512126,0.717098,0.3,0.17284,0.818022,0.3,0.207921,0.84667,0.3,0.19403,74,0.889357,0.3,0.768372,0.0540541,0.256757,24.8,0,111.14,-27.0741,27.3558,502,225.8,125.71,-18.6183,30.0963,657.98,642.61,120.85,-5.60366,22.4287,579.31,289.22
neuromorpho__241-3-49VN.swc,770,pyramidal,0.996859,5,507,257,0,0,0,0,0,0,0,0,0,0,0.971073,0.118118,0.3,0.978276,0.978276,0.978276,0.998348,0.0298701,0.0298701,0.0298701,0.0298701,0.0298701,0.99359,0.99359,0,0.983196,0.998348,0.0216963,0.946605,0.978276,0.0466926,81,0.984684,0.3,0.978276,0.0123457,0.0123457,23,0,4.82,1.992,1.6148,4.74,36.99,128.77,-25.9338,29.3249,367.43,442.28,134.07,-27.2376,28.583,389.35,368.1
neuromorpho__241-3-52VN.swc,767,pyramidal,0.993805,75,466,225,0,0,0,0,0,0,0,0,0,0,0.959762,0.13945,0.3,0.842333,0.978276,0.978276,0.998348,0.041721,0.041721,0.041721,0.0469361,0.0547588,0.815629,0.3,0.24,0.987033,0.998348,0.0107296,0.951145,0.978276,0.04,77,0.961138,0.3,0.959625,0.025974,0.0519481,24.8,0,40.7,23.8583,9.37201,72.97,440.09,146.67,-21.1374,31.2931,390.54,311.67,117.33,-14.7233,23.651,284.28,485.73
neuromorpho__241-3-53VN.swc,593,pyramidal,0.99802,4,400,188,0,0,0,0,0,0,0,0,0,0,0.939069,0.185524,0.3,0.3,0.978276,0.978276,0.998348,0.0775717,0.0775717,0.0775717,0.0775717,0.0775717,0.993576,0.993576,0,0.984381,0.998348,0.02,0.841178,0.3,0.202128,86,0.957249,0.3,0.978276,0.0465116,0.0465116,14.5,0.00333333,2.7,-3.02833,1.05438,6.6,36.58,136.51,14.8188,34.2005,406.02,333.36,145.7,4.49975,25.5381,295.26,516.14
neuromorpho__241-3-54VN.swc,831,pyramidal,0.997764,5,590,235,0,0,0,0,0,0,0,0,0,0,0.981817,0.0864186,0.3,0.978276,0.978276,0.978276,0.998348,0.0156438,0.0156438,0.0156438,0.0156438,0.0156438,0.993576,0.993576,0,0.987695,0.998348,0.0152542,0.966731,0.978276,0.0170213,90,0.989855,0.3,0.978276,0,0,22,0,4.71,3.774,1.80564,3.3,35.14,124.98,23.4971,36.1207,371.22,389.74,116.57,25.3663,25.9522,211.98,469.33
neuromorpho__241-3-55VN.swc,718,pyramidal,0.998319,7,421,289,0,0,0,0,0.00843319,0,0,0,0,0,0.95914,0.137492,0.3,0.84664,0.978276,0.978276,0.998348,0.04039,0.04039,0.04039,0.04039,0.0668524,0.993576,0.993576,0,0.985078,0.998348,0.0190024,0.920379,0.84664,0.0726644,90,0.978832,0.3,0.973255,0,0.0111111,20.1,0,6.78,-0.995714,2.04071,12.28,36.95,128.44,-7.41482,35.4694,417.86,242.56,124.37,4.71927,33.4781,284.28,502.94
neuromorpho__241-3-60-AW.swc,637,pyramidal,0.996303,8,379,249,0,0,0,0,0,0,0,0,0,0,0.96063,0.141966,0.3,0.978276,0.978276,0.978276,0.998348,0.043956,0.043956,0.043956,0.043956,0.043956,0.993576,0.993576,0,0.998348,0.998348,0,0.902004,0.3,0.11245,81,0.971731,0.3,0.978276,0.0246914,0.037037,16,0,9.03,-6.125,3.69341,10.17,36.45,105.74,26.8407,29.0261,371.39,230.12,101.09,25.4855,20.8025,271.41,718.83
neuromorpho__241-3-68VN.swc,732,pyramidal,0.995847,6,495,230,0,0,0,0,0.00126614,0,0,0,0,0,0.975963,0.104639,0.3,0.978276,0.978276,0.978276,0.998348,0.023224,0.023224,0.023224,0.023224,0.023224,0.993576,0.993576,0,0.991069,0.998348,0.010101,0.942888,0.978276,0.0521739,91,0.974369,0.3,0.978276,0.021978,0.021978,19,0,10.23,-6.705,3.54384,24.24,22.19,142.39,-16.7904,31.101,301.71,440.81,127.75,-7.54474,36.5877,265.64,371.18
neuromorpho__242-1-12VN.swc,398,pyramidal,0.99622,0,270,127,0,0,0.0301508,0.0301508,0.00366838,-0.0301508,0.0301508,0,0,0,0.954295,0.148171,0.3,0.584627,0.978276,0.978276,0.998348,0.0427136,0.0577889,0.0577889,0.0577889,0.0678392,0,0,0,0.962942,0.998348,0.0555556,0.93555,0.978276,0.0629921,59,0.943456,0.3,0.883388,0.0677966,0.0677966,15,0,0,0,0,0,0,130.41,20.1691,28.5207,420.38,345.73,118.14,31.4598,25.5097,458.68,387.61
neuromorpho__242-1-16VN.swc,421,pyramidal,0.996971,10,321,89,0,0,0.211401,0.211401,0.0842939,0,-0.211401,0.211401,0.211401,0,0.878964,0.193878,0.3,0.3,0.760427,0.804159,0.998348,0.0831354,0.0831354,0.0831354,0.247031,0.427553,0.938242,0.938242,0,0.902164,0.3,0.109034,0.787266,0.760427,0,51,0.892125,0.3,0.776532,0.0196078,0.333333,21,0,38.21,-17.566,12.8747,41.23,8.28,143.79,3.93442,29.3639,392.8,338.21,118.53,0.281348,28.2949,124.4,197.61
neuromorpho__242-1-2VN.swc,264,pyramidal,0.988354,11,204,48,0,0,0,0,0,0,0,0,0,0,0.934472,0.138205,0.3,0.787223,0.799421,0.984087,0.998348,0.030303,0.030303,0.030303,0.166667,0.246212,0.816849,0.810565,0,0.977529,0.998348,0.0294118,0.777067,0.787223,0.0416667,31,0.914197,0.3,0.792314,0,0.225806,22,0,56.59,38.31,16.0897,31.39,21.13,115.14,-5.01985,28.1307,357.46,336.22,73.48,-4.9275,17.2066,108.81,363.48
neuromorpho__242-1-4VN.swc,108,pyramidal,0.972623,17,38,52,0,0,0,0,0,0,0,0,0,0,0.900015,0.231723,0.3,0.3,0.3,0.978276,0.993576,0.12963,0.12963,0.12963,0.12963,0.12963,0.993576,0.993576,0,0.998348,0.998348,0,0.795646,0.3,0.269231,10,0.958079,0.3,0.944164,0.1,0.1,20.8,0.00333333,18.99,-10.1698,6.38855,16.3,100.96,32.77,18.4759,8.46062,116.84,116.65,21.49,14.8124,6.04771,161.02,446.26
neuromorpho__242-1-6VN.swc,369,pyramidal,0.989787,109,259,0,0,0,0,0,0,0,0,0,0,0,0.756844,0.23563,0.4441,0.4441,0.4441,0.466375,0.727965,0.292683,0.300813,0.452575,0.547425,0.547425,0.45507,0.4441,1,0.882906,0.638192,0.223938,0,0,0,73,0.783329,0.4441,0.453129,0.39726,0.493151,10,0,129.88,-18.509,30.9898,193.39,257.6,119.07,-17.8937,23.9699,336.02,282.52,0,0,0,0,0
neuromorpho__242-2-13VN.swc,360,pyramidal,0.998679,7,92,260,0,0,0,0,0,0,0,0,0,0,0.973513,0.0803391,0.3,0.978276,0.978276,0.978276,0.978276,0.0138889,0.0138889,0.0138889,0.0138889,0.0138889,0.993697,0.993697,0,0.995093,0.984087,0,0.965232,0.978276,0.0192308,50,0.979473,0.3,0.978276,0,0,19,0,9.31,3.81857,3.02363,13.41,63.89,90.45,-14.5386,20.219,168.71,159.5,166.3,-19.435,26.6642,248.66,343.29
neuromorpho__242-2-14VN.swc,706,pyramidal,0.996317,7,357,341,0,0,0,0,0,0,0,0,0,0,0.93865,0.180338,0.3,0.3,0.978276,0.978276,0.998348,0.0736544,0.0736544,0.0736544,0.0736544,0.0736544,0.993576,0.993576,0,0.998348,0.998348,0,0.874844,0.3,0.152493,80,0.952543,0.3,0.978276,0.05,0.0625,20,0,16.4,-9.09143,5.83875,3.5,35.51,133.44,31.3049,33.1025,276.27,247.7,119.02,34.1589,24.7395,272.18,307.07
neuromorpho__242-2-15VN.swc,354,pyramidal,0.98283,187,166,0,0,0,0,0,0.00197,0,0,0,0,0,0.5787,0.220617,0.3,0.3,0.3,0.477496,0.535154,0.259887,0.771186,0.810734,0.816384,0.816384,0.525263,0.474846,0.989305,0.63636,0.3,0.614458,0,0,0,33,0.614238,0.3,0.469149,0.757576,0.818182,24.4,0,127.83,-18.5083,29.1424,338.97,415.73,119.2,-20.2087,26.975,226.12,603.91,0,0,0,0,0
neuromorpho__242-2-23VN.swc,97,pyramidal,0.998476,5,43,48,0,0,0,0,0,0,0,0,0,0,0.941709,0.130115,0.3,0.605647,0.696651,0.978276,0.978276,0.0103093,0.0412371,0.113402,0.113402,0.113402,0.605647,0.605647,1,0.954386,0.754138,0.116279,0.964145,0.978276,0.0208333,33,0.952003,0.3,0.928947,0.0909091,0.0909091,5,0,8.11,9.402,2.96241,55.36,18.7,94.25,-13.4842,18.3916,190.47,112.35,60.46,-10.8596,12.6093,104.6,402.99
neuromorpho__242-2-24VN.swc,63,pyramidal,0.981373,2,35,25,0,0,0.555556,0.555556,0.0853102,-0.492063,0.492063,0,0,0,0.619551,0.171129,0.3,0.3,0.3,0.554526,0.593129,0.15873,0.555556,0.619048,0.857143,0.984127,0.593129,0.593129,1,0.620102,0.3,0.485714,0.605676,0.554526,0.8,25,0.619868,0.3,0.494006,0.68,0.8,3,0,5.32,-0.93,2.66,6.36,8.46,72.27,27.6223,18.8197,201.41,354.72,61.17,11.7676,20.9298,134.69,277.36
neuromorpho__242-2-25VN.swc,162,pyramidal,0.997552,6,126,29,0,0,0.179012,0.179012,0.142399,0,-0.179012,0.179012,0.179012,0,0.872852,0.160853,0.3,0.322805,0.756097,0.888382,0.900658,0.0555556,0.0555556,0.0555556,0.234568,0.487654,0.993576,0.993576,0,0.8926,0.888382,0.0714286,0.757688,0.756097,0,29,0.871054,0.3,0.756097,0.0344828,0.413793,11.2,0,8.86,7.68667,3.33796,14.65,43.31,132.55,-2.84984,23.1423,294.63,478.12,34.85,-7.20517,10.3508,116.48,109.11
neuromorpho__242-2-34LU.swc,400,pyramidal,0.996858,0,229,170,0,0,0,0,0,0,0,0,0,0,0.856187,0.206207,0.3,0.39456,0.553916,0.675115,0.978276,0.0775,0.105,0.31,0.31,0.315,0,0,0,0.791582,0.524387,0.502183,0.942367,0.978276,0.0529412,54,0.8587,0.3,0.533246,0.277778,0.277778,18.4,-0.00333333,0,0,0,0,0,127.32,20.5847,35.978,282.12,477.62,127.11,19.6497,27.5681,154.97,325.89
neuromorpho__242-2-4VN.swc,357,pyramidal,0.998501,8,166,182,0,0,0,0,0.0257253,0,0,0,0,0,0.975453,0.0528921,0.3,0.889792,0.977851,0.978276,0.978276,0.00280112,0.00280112,0.00280112,0.0252101,0.092437,0.788869,0.788869,0,0.998176,0.998348,0,0.962793,0.889792,0.00549451,46,0.983471,0.3,0.977954,0,0.0217391,20.5,0,24.57,9.99625,8.09021,42.05,22,126.15,4.30181,34.8477,218.91,231.66,152.91,-10.5104,28.234,247.6,326.2
neuromorpho__242-3-19LU.swc,554,pyramidal,0.99541,30,217,306,0,0,0,0,0,0,0,0,0,0,0.897381,0.22441,0.3,0.3,0.3,0.978276,0.978276,0.120939,0.120939,0.120939,0.15343,0.15343,0.595388,0.3,0.4,0.962115,0.993576,0.0506912,0.880746,0.3,0.143791,60,0.964321,0.3,0.978276,0.05,0.05,25,0,50.89,-27.231,14.3307,138.65,231.71,108.54,-3.32101,30.5138,212.32,599.09,109.22,-0.981569,23.7087,329.05,630.26
neuromorpho__242-3-22LU.swc,397,pyramidal,0.996564,0,279,117,0,0,0,0,0,0,0,0,0,0,0.919411,0.201062,0.3,0.3,0.633611,0.978276,0.998348,0.0831234,0.0831234,0.128463,0.128463,0.128463,0,0,0,0.974663,0.998348,0.0645161,0.786967,0.3,0.282051,39,0.935604,0.3,0.909343,0.102564,0.102564,24.2,0,0,0,0,0,0,123.29,-23.3238,29.6384,223.6,275.8,81.19,-15.4341,20.5467,187.12,575.24
neuromorpho__242-3-4-AW.swc,659,pyramidal,0.99723,16,421,221,0,0,0,0,0,0,0,0,0,0,0.956197,0.153316,0.3,0.3,0.978276,0.978276,0.998348,0.0515933,0.0515933,0.0515933,0.0515933,0.0515933,0.983256,0.983256,0,0.99503,0.998348,0.00475059,0.880064,0.3,0.144796,83,0.956314,0.3,0.978276,0.0481928,0.0481928,17,0,13.38,-2.94437,4.84234,5.67,116.8,129.07,-1.82314,35.1243,320.88,286.31,118.93,2.5329,28.3436,255.24,476.05
neuromorpho__242-3-5-AW.swc,197,pyramidal,0.996309,8,69,119,0,0,0,0,0,0,0,0,0,0,0.91356,0.212139,0.3,0.3,0.3,0.978276,0.978276,0.106599,0.106599,0.106599,0.106599,0.106599,0.993576,0.993576,0,0.997935,0.998348,0,0.858531,0.3,0.176471,42,0.978896,0.3,0.978056,0.0238095,0.0238095,9.8,0,7.45,3.31875,2.08879,24.66,47.68,60.75,4.49551,12.7158,152.03,362.5,135.24,2.78,32.0205,323.11,387.57
neuromorpho__243-2-13VN.swc,278,pyramidal,0.997113,15,167,95,0,0,0,0,0.0503922,0,0,0,0,0,0.909872,0.147113,0.3,0.584627,0.80912,0.904335,0.953981,0.0323741,0.0827338,0.0863309,0.0899281,0.248201,0.950853,0.950853,0,0.881227,0.584627,0.143713,0.952807,0.876414,0,60,0.926121,0.3,0.812444,0.0333333,0.0666667,12,0,35.05,-16.6473,11.5655,144.58,17.78,114.97,0.663593,27.107,285.31,369.76,119.91,-3.94937,30.3622,179.05,291.61
neuromorpho__243-2-23VN.swc,551,pyramidal,0.995871,4,406,140,0,0,0,0,0,0,0,0,0,0,0.966344,0.132998,0.3,0.978276,0.978276,0.978276,0.998348,0.0381125,0.0381125,0.0381125,0.0381125,0.0381125,0.938242,0.938242,0,0.969107,0.998348,0.0418719,0.958897,0.978276,0.0285714,63,0.985261,0.3,0.978276,0,0.015873,19.4,0.00333333,7.1,5.66667,2.85511,13.32,5.19,135.91,25.8547,30.1852,360.77,475.19,117.65,28.2235,25.9739,375.04,223.88
neuromorpho__243-3-10VN.swc,501,pyramidal,0.995466,12,409,79,0,0,0,0,0.00388803,0,0,0,0,0,0.993157,0.0185275,0.838467,0.978276,0.978276,0.998348,0.998348,0,0,0,0,0.011976,0.99359,0.99359,0,0.996002,0.998348,0,0.978276,0.978276,0,73,0.992541,0.838467,0.978276,0,0,14.8,0,13.94,-7.3525,3.97776,90.12,25.3,136.84,-8.96804,36.4933,290.06,431.58,100.9,-5.26722,20.9947,318.79,187.47
neuromorpho__243-3-21VN.swc,176,pyramidal,0.990687,0,175,0,0,0,0,0,0,0,0,0,0,0,0.728705,0.24606,0.3,0.3,0.3,0.633611,0.685603,0.170455,0.170455,0.625,0.625,0.625,0,0,0,0.727155,0.3,0.628571,0,0,0,17,0.859439,0.3,0.610517,0.352941,0.352941,31,0,0,0,0,0,0,125.86,8.67874,21.8625,396.96,519.03,0,0,0,0,0
neuromorpho__243-3-2VN.swc,416,pyramidal,0.997674,0,280,135,0,0,0,0,0,0,0,0,0,0,0.978399,0.0954539,0.3,0.978276,0.978276,0.978276,0.998348,0.0192308,0.0192308,0.0192308,0.0192308,0.0192308,0,0,0,0.978381,0.998348,0.0285714,0.978276,0.978276,0,64,0.989262,0.3,0.978276,0,0,15,0,0,0,0,0,0,112.21,8.08829,20.5681,339.2,259.93,128.9,10.3323,21.461,228.24,537.93
neuromorpho__243-3-32VN.swc,510,pyramidal,0.997254,10,241,258,0,0,0,0,0,0,0,0,0,0,0.909315,0.21642,0.3,0.3,0.3,0.978276,0.978276,0.109804,0.109804,0.109804,0.127451,0.127451,0.993697,0.993697,0,0.989221,0.998348,0,0.831053,0.3,0.217054,75,0.913047,0.3,0.481577,0.106667,0.12,15.6,0,4.54,3.841,1.41127,8.09,66.02,130.46,-10.2631,29.1464,391.29,208.05,126.38,-8.1645,25.5093,289.59,564.91
neuromorpho__243-3-35VN.swc,364,pyramidal,0.996264,14,225,124,0,0,0,0,0,0,0,0,0,0,0.948263,0.168591,0.3,0.3,0.978276,0.978276,0.998348,0.0631868,0.0631868,0.0631868,0.0631868,0.0631868,0.99359,0.99359,0,0.998007,0.998348,0,0.852467,0.3,0.185484,66,0.98314,0.3,0.978276,0.0151515,0.030303,11,0,7.7,5.34286,1.78526,17.92,92.79,127.4,-27.9264,28.383,347.12,182.35,93.41,-19.2192,19.6225,182.13,539.74
neuromorpho__243-3-42VN.swc,643,pyramidal,0.995612,142,349,151,0,0,0,0,0,0,0,0,0,0,0.723199,0.300851,0.3,0.3,0.3,0.3,0.974178,0.303266,0.303266,0.48056,0.48056,0.48056,0.572917,0.3,1,0.754852,0.3,0.358166,0.789534,0.3,0.278146,59,0.847229,0.3,0.636511,0.322034,0.372881,28,0,99.03,15.5295,24.8737,400.56,442.82,151.85,28.3101,32.4708,511.63,856.67,121.59,23.4216,32.014,331.92,438.89
neuromorpho__243-3-48VN.swc,550,pyramidal,0.995494,20,298,231,0,0,0,0,0,0,0,0,0,0,0.952831,0.144584,0.3,0.792314,0.978276,0.978276,0.998348,0.0436364,0.0436364,0.0436364,0.08,0.08,0.792308,0.792314,0,0.998348,0.998348,0,0.907806,0.3,0.103896,61,0.956809,0.3,0.978276,0.0327869,0.0819672,21,0,25.4,-13.519,5.80336,16.63,136.6,153.36,15.3865,33.4279,336.69,178.88,110.21,17.2581,24.3619,226.94,459.62
neuromorpho__243-3-49VN.swc,634,pyramidal,0.9917,4,460,169,0,0,0,0,0,0,0,0,0,0,0.991866,0.0288939,0.3,0.978276,0.978276,0.978276,0.998348,0.00157729,0.00157729,0.00157729,0.00157729,0.00157729,0.99359,0.99359,0,0.99683,0.998348,0.00217391,0.978266,0.978276,0,68,0.992386,0.3,0.978276,0,0,23.9,0,2.75,2.2325,1.11764,3.39,19.74,129.32,-31.1428,34.0987,314.92,251.85,118.62,-22.7016,25.3701,268.83,237.52
neuromorpho__243-3-9VN.swc,533,pyramidal,0.996557,15,351,166,0,0,0,0,0,0,0,0,0,0,0.958879,0.14946,0.3,0.978276,0.978276,0.978276,0.998348,0.0487805,0.0487805,0.0487805,0.0487805,0.0487805,0.99359,0.99359,0,0.998348,0.998348,0,0.87204,0.3,0.156627,75,0.954687,0.3,0.978276,0.0533333,0.0533333,17,0,7.68,4.51333,1.87228,19.46,96.15,134.47,1.92519,30.0071,392.18,303.27,111.64,5.13536,24.487,216.27,482.92
neuromorpho__24_17.swc,2923,pyramidal,0.989087,0,2922,0,0,0,0,0,0,0,0,0,0,0,0.998348,3.05526e-05,0.998348,0.998348,0.998348,0.998348,0.998348,0,0,0,0,0,0,0,0,0.998348,0.998348,0,0,0,0,205,0.998356,0.998348,0.998348,0,0,32.6,0,0,0,0,0,0,0.03,-0.000451745,0.00365353,112.19,117.34,0,0,0,0,0
neuromorpho__25-02-15-C1.swc,3330,interneuron,0.98033,0,3329,0,0,0,0,0,0,0,0,0,0,0,0.998904,9.2189e-05,0.998374,0.998919,0.998919,0.998919,0.998919,0,0,0,0,0,0,0,0,0.998903,0.998919,0,0,0,0,91,0.998925,0.998374,0.998919,0,0,94,4,0,0,0,0,0,60.2,-18.2206,13.0836,47.4,175.91,0,0,0,0,0
neuromorpho__25-02-15-C2.swc,3275,interneuron,0.973413,1497,1777,0,0,0,0,0,0,0,0,0,0,0,0.958997,0.150845,0.3,0.927978,0.973127,0.995725,0.998919,0.0494656,0.0494656,0.0494656,0.0494656,0.0494656,0.914234,0.3,0.108216,0.996683,0.998919,0,0,0,0,70,0.994172,0.3,0.994548,0,0,88.1,-0.5,64.46,-2.22242,17.6181,131,118.01,80.85,-8.32595,19.9341,37.49,208.93,0,0,0,0,0
neuromorpho__25-11-14-A-A6.swc,2885,interneuron,0.996467,157,2727,0,0,0,0,0,0,0,0,0,0,0,0.995369,0.0148006,0.933673,0.933673,0.998919,0.998919,0.998919,0,0,0,0,0,0.933673,0.933673,0,0.998919,0.998919,0,0,0,0,41,0.997354,0.933673,0.998919,0,0,157,0.5,9.48,3.54369,2.88112,9.65,13.33,19.49,-5.18757,4.84155,39.33,104.18,0,0,0,0,0
neuromorpho__25001.swc,781,interneuron,0.992687,521,259,0,0,0,0,0,0,0,0,0,0,0,0.997901,0.0050985,0.973127,0.995725,0.998919,0.998919,0.999189,0,0,0,0,0,0.997394,0.995725,0,0.998915,0.998919,0,0,0,0,76,0.995749,0.973127,0.978537,0,0,20.5,2.24213,32.22,24.4919,9.89717,11.01,14.3,4.63,-3.51503,0.955442,15.4,9.47,0,0,0,0,0
neuromorpho__25o_pyramidal18aFI.swc,752,interneuron,0.472206,0,751,0,0,0,0,0,0,0,0,0,0,0,0.770771,0.27064,0.3,0.3,0.3,0.88805,0.937977,0.24734,0.24734,0.24734,0.24734,0.457447,0,0,0,0.770466,0.3,0.24767,0,0,0,16,0.888905,0.3,0.718303,0.125,0.1875,142,-3.64,0,0,0,0,0,116.73,-12.0834,27.5759,407,283.93,0,0,0,0,0
neuromorpho__26-11-14-A-A6.swc,10306,interneuron,0.993063,3249,7056,0,0,0,0,0,0,0,0,0,0,0,0.973507,0.0606245,0.3,0.927978,0.927978,0.927978,0.998919,0.00611294,0.00611294,0.00611294,0.00611294,0.00611294,0.974949,0.973127,0.0193906,0.972839,0.927978,0,0,0,0,169,0.977665,0.3,0.927978,0,0,139.4,1,56.48,-31.3553,13.5452,76.06,363.48,49,-19.2495,11.9697,54.29,233.06,0,0,0,0,0
neuromorpho__26-2-15-C.swc,16762,interneuron,0.997162,15651,1110,0,0,0,0,0,0,0,0,0,0,0,0.708949,0.342385,0.3,0.3,0.3,0.3,0.995725,0.412003,0.412003,0.412003,0.412003,0.412003,0.688365,0.3,0.44125,0.998919,0.998919,0,0,0,0,155,0.830887,0.3,0.3,0.23871,0.23871,269.8,-0.5,135.51,-11.6035,23.3579,126.81,652.46,33.47,2.11989,6.43341,44.33,159.69,0,0,0,0,0
neuromorpho__261015c2.swc,1506,interneuron,0.97358,668,837,0,0,0,0,0,0,0,0,0,0,0,0.965391,0.145921,0.3,0.973127,0.983947,0.998919,0.998919,0.0458167,0.0458167,0.0458167,0.0458167,0.0458167,0.976689,0.973127,0.0269461,0.956332,0.998919,0.0609319,0,0,0,165,0.984208,0.3,0.995725,0.0121212,0.030303,20,0,97.88,-35.1142,19.014,708.46,305.57,143.03,4.8278,30.3442,352.97,426.78,0,0,0,0,0
neuromorpho__26_17.swc,2374,pyramidal,0.994641,0,2373,0,0,0,0,0,0,0,0,0,0,0,0.998301,0.000827182,0.984087,0.998348,0.998348,0.998348,0.998348,0,0,0,0,0,0,0,0,0.9983,0.998348,0,0,0,0,136,0.998255,0.984087,0.998348,0,0,40,0,0,0,0,0,0,0.4,-0.0904551,0.139881,133.7,137.95,0,0,0,0,0
neuromorpho__28_15.swc,2036,pyramidal,0.991578,0,2035,0,0,0,0,0,0,0,0,0,0,0,0.998349,3.66051e-05,0.998348,0.998348,0.998348,0.998348,0.998348,0,0,0,0,0,0,0,0,0.998348,0.998348,0,0,0,0,92,0.998366,0.998348,0.998348,0,0,45,0,0,0,0,0,0,0.13,0.0204865,0.0284542,102.24,87.84,0,0,0,0,0
neuromorpho__28_den_ax.swc,83384,pyramidal,0.993254,79251,4132,0,0,0,0,0,0,0,0,0,0,0,0.569543,0.337633,0.3,0.3,0.3,0.3,0.3,0.610057,0.610057,0.612012,0.614279,0.614279,0.54718,0.3,0.643929,0.998348,0.998348,0,0,0,0,909,0.748152,0.3,0.3,0.353135,0.364136,244.4,0,2783.53,-1143.88,1006.19,2770.51,1920.99,196.4,26.119,38.2734,335.86,341.9,0,0,0,0,0
neuromorpho__2c.swc,342,pyramidal,0.944631,0,237,104,0,0,0.304094,0.304094,0.0756565,-0.304094,0,0.304094,0.304094,0,0.914867,0.113899,0.730884,0.733445,0.738221,0.76122,0.982987,0,0,0,0.304094,0.304094,0,0,0,0.98988,0.978151,0,0.743106,0.733445,0,24,0.917863,0.730884,0.735072,0,0.291667,29,0,0,0,0,0,0,22.45,-10.0772,6.3309,114.31,101.86,8.91,1.35279,1.80618,58.27,102.49
neuromorpho__2c_1.swc,1587,pyramidal,0.800227,0,1586,0,0,0,0,0,0,0,0,0,0,0,0.998349,4.14583e-05,0.998348,0.998348,0.998348,0.998348,0.998348,0,0,0,0,0,0,0,0,0.998348,0.998348,0,0,0,0,43,0.998386,0.998348,0.998348,0,0,91.6,0,0,0,0,0,0,92.9,17.6024,23.1577,260.73,392.49,0,0,0,0,0
neuromorpho__3-ENU2-veichle-neuron3.swc,124,pyramidal,0.992969,10,113,0,0,0,0,0,0,0,0,0,0,0,0.964716,0.11111,0.589708,0.589708,0.984087,0.998348,0.998348,0,0.0806452,0.0806452,0.0806452,0.0806452,0.589708,0.589708,1,0.997591,0.998348,0,0,0,0,16,0.97202,0.589708,0.991218,0.0625,0.0625,17,0,1.78,3.288,0.541937,45.23,19.56,48.31,-8.10204,9.32722,159.53,174.21,0,0,0,0,0
neuromorpho__3-wild-type-veichle-neuron2.swc,564,pyramidal,0.993445,0,563,0,0,0,0,0,0,0,0,0,0,0,0.998254,0.000900287,0.984087,0.998348,0.998348,0.998348,0.998348,0,0,0,0,0,0,0,0,0.998251,0.998348,0,0,0,0,81,0.998143,0.984087,0.998348,0,0,13,0,0,0,0,0,0,97.49,0.050373,15.6076,151.01,288.66,0,0,0,0,0
neuromorpho__3-wild-type-veichle-neuron3.swc,293,pyramidal,0.993956,0,292,0,0,0,0,0,0,0,0,0,0,0,0.95043,0.10668,0.480177,0.625962,0.953981,0.972262,0.984087,0.00341297,0.00341297,0.0921502,0.0921502,0.0921502,0,0,0,0.95026,0.953981,0.0924658,0,0,0,44,0.947917,0.480177,0.953981,0.0909091,0.0909091,13,0,0,0,0,0,0,44.45,4.6624,8.85319,156.91,190.41,0,0,0,0,0
neuromorpho__30513_cell4.swc,1272,pyramidal,0.994837,12,893,366,0,0,0.287736,0.287736,0.0386497,0,-0.287736,0.287736,0.287736,0,0.959793,0.0605126,0.849878,0.856015,0.858788,0.876103,0.998348,0,0,0,0,0.287736,0.983256,0.983256,0,0.998348,0.998348,0,0.864845,0.855226,0,105,0.948654,0.849878,0.859644,0,0,33,0,5.6,-21.8992,2.09502,2.77,37.76,132.04,-18.66,27.876,253.51,217.4,91.29,-4.58552,18.1829,212.53,173.92
neuromorpho__30_12.swc,1694,pyramidal,0.980994,0,1693,0,0,0,0,0,0,0,0,0,0,0,0.998316,0.000964951,0.970273,0.998348,0.998348,0.998348,0.998348,0,0,0,0,0,0,0,0,0.998315,0.998348,0,0,0,0,141,0.998161,0.970273,0.998348,0,0,27,0,0,0,0,0,0,0.12,-0.00199055,0.0122533,120,95.29,0,0,0,0,0
neuromorpho__30_13.swc,3551,pyramidal,0.992004,0,3550,0,0,0,0,0,0,0,0,0,0,0,0.998348,2.77205e-05,0.998348,0.998348,0.998348,0.998348,0.998348,0,0,0,0,0,0,0,0,0.998348,0.998348,0,0,0,0,210,0.998356,0.998348,0.998348,0,0,31.1,0,0,0,0,0,0,0,0,0,73.42,115.11,0,0,0,0,0
neuromorpho__31995_slide1_cell3.swc,248,pyramidal,0.831451,0,0,247,0,0,0,0,0,0,0,0,0,0,0.978363,0.0013767,0.978276,0.978276,0.978276,0.978276,0.978276,0,0,0,0,0,0,0,0,0,0,0,0.978276,0.978276,0,28,0.979052,0.978276,0.978276,0,0,20.6,0,0,0,0,0,0,0,0,0,0,0,73.66,20.1239,17.4606,215.83,160.94
neuromorpho__32221_cell4.swc,1494,pyramidal,0.992732,0,714,779,0,0,0,0,0,0,0,0,0,0,0.893549,0.101973,0.3,0.795432,0.799421,0.799421,0.799421,0.00133869,0.00133869,0.00133869,0.521419,0.521419,0,0,0,0.998262,0.998348,0,0.797436,0.795432,0.00256739,105,0.893103,0.3,0.795432,0,0.52381,36,0,0,0,0,0,0,126.41,-23.4541,25.474,292.87,234.99,159.04,-51.3435,31.7211,275.37,371.74
neuromorpho__32221_cell8.swc,1079,pyramidal,0.997086,9,722,347,0,0,0,0,0.0398082,0,0,0,0,0,0.984085,0.0270388,0.904249,0.906089,0.922907,0.978276,0.998348,0,0,0,0,0,0.993697,0.993697,0,0.998348,0.998348,0,0.954113,0.904426,0,95,0.985402,0.904249,0.978276,0,0,29.6,0,11.29,12.8378,3.32567,2.01,34.22,141.48,-30.6462,36.2899,292.81,276.94,137.6,-37.8648,36.3024,234.46,231
neuromorpho__32315V1-4Slice6Cell2.swc,1300,pyramidal,0.989277,0,740,559,0,0,0,0,0,0,0,0,0,0,0.93211,0.1582,0.3,0.644507,0.709292,0.978276,0.978276,0.0384615,0.0492308,0.0915385,0.133846,0.133846,0,0,0,0.926475,0.671674,0.117568,0.939448,0.978276,0.0572451,83,0.931366,0.3,0.712196,0.0963855,0.144578,28.8,0,0,0,0,0,0,91.2,-10.5924,16.3979,412.77,210.8,73.34,1.54016,12.5746,241.03,514.99
neuromorpho__32315V1-4Slice8Cell1.swc,1568,pyramidal,0.9839,0,695,872,0,0,0,0,0,0,0,0,0,0,0.974204,0.0946807,0.3,0.978276,0.978276,0.978276,0.978276,0.0191327,0.0191327,0.0191327,0.0191327,0.0191327,0,0,0,0.998348,0.998348,0,0.954931,0.978276,0.0344037,88,0.983404,0.3,0.978276,0,0.0113636,38,0,0,0,0,0,0,81.26,0.594374,14.713,261.37,207.13,66.73,-6.52759,12.9071,192.69,508.76
neuromorpho__32368_slide2_cell3.swc,1141,pyramidal,0.996557,19,711,410,0,0,0,0,0.045118,0,0,0,0,0,0.974494,0.0314365,0.867447,0.904302,0.915622,0.978276,0.978276,0,0,0,0,0.0482033,0.993697,0.993697,0,0.971765,0.909386,0,0.978276,0.978276,0,91,0.974349,0.867447,0.910433,0,0,34,0,9.02,2.10158,2.58839,7.12,97.35,120,-17.0123,27.5138,392.68,251.82,107.06,-30.0408,26.2994,277.67,360.66
neuromorpho__340_1a.swc,1158,interneuron,0.979229,0,1157,0,0,0,0,0,0,0,0,0,0,0,0.970167,0.135163,0.3,0.927978,0.998919,0.998919,0.998919,0.0388601,0.0388601,0.0388601,0.0388601,0.0388601,0,0,0,0.970141,0.998919,0.0388937,0,0,0,92,0.977661,0.3,0.998919,0.0217391,0.0326087,31.9,0,0,0,0,0,0,172.26,34.1003,32.1886,360.21,413.07,0,0,0,0,0
neuromorpho__34_9.swc,2194,pyramidal,0.986411,0,2193,0,0,0,0,0,0,0,0,0,0,0,0.998049,0.00268099,0.974033,0.998348,0.998348,0.998348,0.998348,0,0,0,0,0,0,0,0,0.998049,0.998348,0,0,0,0,126,0.998168,0.974033,0.998348,0,0,34.5,0,0,0,0,0,0,0.1,0.00129959,0.0117815,90.82,101.04,0,0,0,0,0
neuromorpho__35_11.swc,1440,pyramidal,0.989893,0,1439,0,0,0,0,0,0,0,0,0,0,0,0.993675,0.0471721,0.517594,0.998348,0.998348,0.998348,0.998348,0,0.00972222,0.00972222,0.00972222,0.00972222,0,0,0,0.993671,0.998348,0.00972898,0,0,0,119,0.994322,0.517594,0.998348,0.00840336,0.00840336,24.6,0,0,0,0,0,0,0.3,0.0106324,0.0554677,125.03,127.16,0,0,0,0,0
neuromorpho__36_den_ax.swc,108426,pyramidal,0.996709,103974,4451,0,0,0,0,0,0.000204328,0,0,0,0,0,0.554532,0.334027,0.3,0.3,0.3,0.3,0.3,0.632053,0.633003,0.633344,0.634313,0.635005,0.535529,0.3,0.660463,0.998348,0.998348,0,0,0,0,1147,0.682807,0.3,0.3,0.449869,0.4551,240,0,6237.51,788.873,1328.41,3800.34,4683.55,256.19,-21.9889,42.258,231.37,326.75,0,0,0,0,0
neuromorpho__389-02-02A.swc,581,interneuron,0.605091,0,580,0,0,0,0,0,0,0,0,0,0,0,0.916352,0.0635925,0.3,0.870946,0.870946,0.933954,0.937596,0.00860585,0.00860585,0.00860585,0.00860585,0.228916,0,0,0,0.916208,0.870946,0.00862069,0,0,0,25,0.9219,0.3,0.870946,0,0.04,53.8,0,0,0,0,0,0,102,-11.9897,19.9366,255.56,409.73,0,0,0,0,0
neuromorpho__38_7.swc,1556,pyramidal,0.993481,11,1544,0,0,0,0,0,0,0,0,0,0,0,0.996892,0.0172621,0.792314,0.998348,0.998348,0.998348,0.998348,0,0,0,0.00706941,0.00706941,0.792314,0.792314,0,0.998348,0.998348,0,0,0,0,132,0.9968,0.792314,0.998348,0,0.00757576,23.9,0,0,0,0,1.28,2.19,0,0,0,117.88,114.62,0,0,0,0,0
neuromorpho__38b.swc,5006,pyramidal,0.86881,0,5005,0,0,0,0,0,0,0,0,0,0,0,0.974633,0.126488,0.3,0.998348,0.998348,0.998348,0.998348,0.0339592,0.0339592,0.0339592,0.0339592,0.0339592,0,0,0,0.974628,0.998348,0.033966,0,0,0,37,0.98816,0.3,0.986104,0,0,296,0,0,0,0,0,0,144.2,12.3163,29.1318,308.87,351.46,0,0,0,0,0
neuromorpho__391-04.swc,1233,pyramidal,0.779147,0,815,417,0,0,0,0,0,0,0,0,0,0,0.946914,0.168373,0.3,0.3,0.978056,0.978276,0.998348,0.0632603,0.0632603,0.0632603,0.0632603,0.0632603,0,0,0,0.971614,0.980277,0.0355828,0.898513,0.3,0.117506,45,0.981351,0.3,0.978056,0,0.0222222,66.2,0,0,0,0,0,0,54,8.74233,11.7734,326.43,374.43,67,22.3813,17.8581,405.81,294.91
neuromorpho__39_7.swc,1788,pyramidal,0.985327,7,1780,0,0,0,0,0,0,0,0,0,0,0,0.993309,0.0477455,0.500442,0.998348,0.998348,0.998348,0.998348,0,0.00950783,0.00950783,0.0111857,0.0111857,0.533672,0.533672,1,0.995112,0.998348,0.00561798,0,0,0,94,0.985717,0.500442,0.998348,0.0212766,0.0319149,33.4,0,0,0,0,1.28,0.82,0.02,0.00214607,0.00618997,104.26,114.4,0,0,0,0,0
neuromorpho__3PO1_1.swc,1008,pyramidal,0.99,55,952,0,0,0,0,0,0,0,0,0,0,0,0.701131,0.284918,0.3,0.3,0.3,0.3,0.670337,0.290675,0.290675,0.511905,0.571429,0.625992,0.834451,0.834451,0,0.693115,0.3,0.542017,0,0,0,9,0.896242,0.3,0.72737,0.111111,0.222222,199.2,0,0,0,0,40.81,8.61,0,0,0,151.54,435.31,0,0,0,0,0
neuromorpho__3PO1_2.swc,1284,pyramidal,0.996217,106,261,916,0,0,0,0,0.101172,0,0,0,0,0,0.95005,0.0442985,0.854253,0.854372,0.89295,0.912144,0.978276,0,0,0,0,0.208723,0.867798,0.854253,0,0.989278,0.984087,0,0.948337,0.89322,0,28,0.948398,0.854253,0.889773,0,0,115.8,0,0,0,0,55.34,20.14,0,0,0,80.15,72.45,0,0,0,110.87,282.36
neuromorpho__3PO3_5.swc,790,pyramidal,0.989398,0,309,480,0,0,0.607595,0.607595,0.0824378,0,-0.607595,0.607595,0.607595,0,0.824795,0.235789,0.3,0.3,0.3,0.844176,0.864509,0.156962,0.156962,0.156962,0.156962,0.607595,0,0,0,0.998348,0.998348,0,0.712705,0.3,0.258333,15,0.95585,0.3,0.833426,0.0666667,0.0666667,110,0,0,0,0,0,0,0,0,0,41.87,121.1,0,0,0,45.88,268.47
neuromorpho__3_53.swc,1606,pyramidal,0.991576,23,1582,0,0,0,0.319427,0.319427,0.0103045,-0.290785,0.290785,0,0,0,0.9393,0.0877975,0.597788,0.800704,0.804244,0.840611,0.998348,0,0.00996264,0.00996264,0.0466999,0.32939,0.792143,0.792143,0,0.941401,0.814917,0.0101138,0,0,0,124,0.949944,0.597788,0.811807,0.00806452,0.0403226,27,0,0,0,0,1.74,3.53,0,0,0,90.76,115.05,0,0,0,0,0
neuromorpho__3a_3_1.swc,1407,pyramidal,0.777452,552,854,0,0,0,0,0,0,0,0,0,0,0,0.802857,0.257497,0.3,0.3,0.3,0.578355,0.998348,0.110163,0.266525,0.392324,0.392324,0.392324,0.500057,0.3,1,0.998348,0.998348,0,0,0,0,41,0.842283,0.3,0.49684,0.317073,0.317073,71,0,112,-24.401,33.3205,173.05,259.49,76.88,0.160937,14.0973,219.6,220.71,0,0,0,0,0
neuromorpho__3a_3_2.swc,1042,pyramidal,0.961769,541,500,0,0,0,0,0,0,0,0,0,0,0,0.781837,0.209298,0.52512,0.551081,0.557082,0.577823,0.615893,0,0.296545,0.519194,0.519194,0.519194,0.581332,0.551081,1,0.998348,0.998348,0,0,0,0,39,0.818786,0.52512,0.565593,0.435897,0.435897,57,0,55.55,16.2951,11.283,168.93,228.17,86.85,15.1963,18.2524,142.74,153.09,0,0,0,0,0
neuromorpho__3b.swc,766,pyramidal,0.889491,0,765,0,0,0,0,0,0.00863189,0,0,0,0,0,0.80038,0.209692,0.524387,0.524387,0.524387,0.524387,0.998348,0,0.253264,0.391645,0.475196,0.497389,0,0,0,0.800119,0.524387,0.392157,0,0,0,20,0.838715,0.524387,0.607715,0.35,0.4,104.2,0,0,0,0,0,0,80.82,-16.047,21.1131,102.51,219.66,0,0,0,0,0
neuromorpho__40_7.swc,4024,pyramidal,0.991277,0,4023,0,0,0,0,0,0,0,0,0,0,0,0.994618,0.0366298,0.633611,0.998348,0.998348,0.998348,0.998348,0,0,0.0101889,0.0101889,0.0101889,0,0,0,0.994617,0.998348,0.0101914,0,0,0,187,0.99633,0.633611,0.998348,0.00534759,0.00534759,46.8,0,0,0,0,0,0,0.09,-0.0115909,0.0219835,103.1,96.17,0,0,0,0,0
neuromorpho__458_4_C2.swc,32287,interneuron,0.994077,24490,7796,0,0,0,0,0,0,0,0,0,0,0,0.883212,0.259502,0.3,0.3,0.3,0.998919,0.999189,0.165237,0.165237,0.165237,0.165237,0.165237,0.894006,0.3,0.149694,0.849291,0.3,0.214084,0,0,0,963,0.937498,0.3,0.912761,0.0872274,0.0924195,81,0,66,9.58506,14.8854,601.09,2205.67,65,7.53548,14.2707,815.18,1272.41,0,0,0,0,0
neuromorpho__458_5_C2.swc,27827,interneuron,0.99897,20278,7548,0,0,0,0,0,0,0,0,0,0,0,0.935972,0.200381,0.3,0.3,0.998919,0.998919,0.999189,0.090308,0.090308,0.090308,0.090308,0.090308,0.974786,0.999189,0.0348654,0.831689,0.3,0.239269,0,0,0,982,0.960863,0.3,0.998919,0.0529532,0.0549898,75,0,67.96,15.5725,17.046,856.53,1153.08,69.4,10.4764,14.7571,686.09,563.36,0,0,0,0,0
neuromorpho__4_53.swc,1529,pyramidal,0.985613,0,1528,0,0,0,0.759974,0.759974,0.0252462,-0.759974,0.759974,0,0,0,0.873732,0.0775223,0.792143,0.800441,0.800441,0.801528,0.874836,0,0,0,0.0222368,0.751472,0,0,0,0.873649,0.800441,0,0,0,0,66,0.901581,0.792143,0.800441,0,0.0606061,45,0,0,0,0,0,0,0,0,0,83.45,87.97,0,0,0,0,0
neuromorpho__4_J3.swc,4799,interneuron,0.962966,3402,1396,0,0,0,0,0,0,0,0,0,0,0,0.87796,0.264493,0.3,0.3,0.3,0.998919,0.999189,0.173161,0.173161,0.173161,0.173161,0.173161,0.933271,0.995725,0.0940623,0.743082,0.3,0.366046,0,0,0,237,0.923428,0.3,0.659295,0.105485,0.109705,51.8,-0.00333333,94.94,2.34685,13.0777,466.27,553.61,65.91,-10.776,14.4394,386.47,414.59,0,0,0,0,0
neuromorpho__4_den_ax.swc,80857,pyramidal,0.996556,79354,842,660,0,0,0,0,0.000503542,0,0,0,0,0,0.363241,0.197129,0.3,0.3,0.3,0.3,0.3,0.905636,0.906056,0.906205,0.915221,0.915221,0.353097,0.3,0.923369,0.998348,0.998348,0,0.771666,0.764383,0,2104,0.442181,0.3,0.3,0.787548,0.814163,113,0,6193.61,-275.753,1761.09,4473.82,3277.18,258.3,6.85947,36.7277,264.49,272.74,216.17,-9.46185,37.7497,262.2,303.88
neuromorpho__536_4_C4.swc,54002,interneuron,0.98835,46372,7629,0,0,0,0,0,0,0,0,0,0,0,0.831102,0.297807,0.3,0.3,0.3,0.973127,0.999189,0.239176,0.239176,0.239176,0.239176,0.239176,0.847786,0.3,0.215151,0.729667,0.3,0.385241,0,0,0,1484,0.882588,0.3,0.3,0.16442,0.169137,94.7,0,61.56,9.7771,13.3259,1384.4,1207.36,59.32,5.48612,12.1106,974.41,1198.76,0,0,0,0,0
neuromorpho__554-1-R4.swc,593,pyramidal,0.979738,9,280,303,0,0,0.510961,0.510961,0.0958283,0,-0.510961,0.510961,0.510961,0,0.967291,0.0400091,0.764182,0.926002,0.929985,0.930575,0.978276,0,0,0,0.0151771,0.0151771,0.764182,0.764182,0,0.998348,0.998348,0,0.944517,0.929985,0,35,0.969225,0.764182,0.927595,0,0.0285714,44.6,0,5.64,-1.15667,1.9164,3.39,8.17,50.48,-26.2775,11.4416,147.51,87.65,55.31,-20.7002,13.2972,102.16,124.38
neuromorpho__554-2-R3.swc,1731,pyramidal,0.926567,68,907,755,0,0,0,0,0.0675729,0,0,0,0,0,0.972949,0.0330593,0.911038,0.915228,0.917794,0.938242,0.998348,0,0,0,0,0,0.938242,0.938242,0,0.998348,0.998348,0,0.945526,0.915228,0,79,0.977012,0.911038,0.917802,0,0,58,0,6.39,0.941912,1.80426,85.14,13.47,90.02,7.27735,20.7292,122.63,214.74,97.03,10.5874,17.8977,158,254.88
neuromorpho__558-1-R2.swc,1409,pyramidal,0.657451,313,1095,0,0,0,0,0,0,0,0,0,0,0,0.866133,0.243152,0.346438,0.365254,0.407891,0.950853,0.998348,0.184528,0.222143,0.222143,0.222143,0.222143,0.414739,0.360531,1,0.99504,0.998348,0,0,0,0,87,0.824005,0.346438,0.367712,0.287356,0.287356,42.4,0,106.51,10.3528,24.0576,103.16,141.76,94.35,-4.2402,18.0088,146.26,209.83,0,0,0,0,0
neuromorpho__559-1-R1.swc,1420,pyramidal,0.852846,73,1346,0,0,0,0,0,0.00721597,0,0,0,0,0,0.934451,0.121084,0.489621,0.600992,0.842333,0.946115,0.976994,0.0260563,0.0415493,0.0873239,0.093662,0.14507,0.842333,0.842333,0,0.939398,0.912476,0.0921248,0,0,0,58,0.91391,0.489621,0.629549,0.155172,0.172414,59.6,0,71.66,6.43,21.1173,89.69,55.31,111.34,14.2621,23.881,175.36,261.11,0,0,0,0,0
neuromorpho__559-1-R4.swc,1198,pyramidal,0.989093,644,553,0,0,0,0,0,0.0224096,0,0,0,0,0,0.680167,0.255059,0.361724,0.407891,0.407891,0.466375,0.500366,0.43823,0.530885,0.550083,0.568447,0.66778,0.452303,0.407891,1,0.94495,0.826587,0.0271248,0,0,0,55,0.67355,0.361724,0.371925,0.563636,0.6,63.6,0,62.06,-13.5638,13.8115,183.92,146.18,70.21,-12.9831,15.0492,127.3,162.68,0,0,0,0,0
neuromorpho__5Ht3aCre-SABI-010518S2V-v1.swc,18480,interneuron,0.996615,16062,2417,0,0,0,0,0,0,0,0,0,0,0,0.901422,0.242007,0.3,0.3,0.3,0.998919,0.999189,0.13934,0.13934,0.13934,0.13934,0.13934,0.886745,0.3,0.160316,0.998919,0.998919,0,0,0,0,274,0.911725,0.3,0.3,0.124088,0.127737,148.4,0,268.02,67.0289,46.3276,437.01,430.45,106.66,16.9325,21.5091,98.26,179.8,0,0,0,0,0
neuromorpho__5_J3a.swc,7159,pyramidal,0.683198,5487,1671,0,0,0,0,0,0.00332367,0,0,0,0,0,0.81501,0.239624,0.3,0.3,0.3,0.590304,0.974601,0.113144,0.272524,0.324068,0.324068,0.330912,0.876424,0.3,0.142701,0.613237,0.577561,0.919808,0,0,0,444,0.840503,0.3,0.3,0.252252,0.268018,38,0,240.31,12.7621,33.6609,656.73,708.65,132.14,24.2896,32.44,328.45,465.78,0,0,0,0,0
neuromorpho__6-Som-3d-trace-A.swc,4232,interneuron,0.928494,0,4231,0,0,0,0,0,0,0,0,0,0,0,0.956145,0.167529,0.3,0.3,0.998919,0.998919,0.998919,0.0612004,0.0612004,0.0612004,0.0612004,0.0612004,0,0,0,0.956135,0.998919,0.0612148,0,0,0,32,0.989484,0.3,0.998919,0,0.03125,297.4,0,0,0,0,0,0,51.9,-4.84901,9.85378,294.17,401.51,0,0,0,0,0
neuromorpho__60L4_05_-180.swc,164,interneuron,0.986936,0,163,0,0,0,0,0,0,0,0,0,0,0,0.998925,8.41719e-05,0.998919,0.998919,0.998919,0.998919,0.998919,0,0,0,0,0,0,0,0,0.998919,0.998919,0,0,0,0,9,0.999039,0.998919,0.998919,0,0,43.2,0,0,0,0,0,0,9.94,1.52558,2.25972,26.68,131.21,0,0,0,0,0
neuromorpho__60L4_06_-105.swc,228,interneuron,0.995356,0,227,0,0,0,0,0,0,0,0,0,0,0,0.998924,7.14489e-05,0.998919,0.998919,0.998919,0.998919,0.998919,0,0,0,0,0,0,0,0,0.998919,0.998919,0,0,0,0,14,0.998996,0.998919,0.998919,0,0,37.8,0,0,0,0,0,0,18,1.67881,4.88715,60.46,152.26,0,0,0,0,0
neuromorpho__60L4_06_-120.swc,319,interneuron,0.69186,57,261,0,0,0,0,0,0,0,0,0,0,0,0.979454,0.0281588,0.927978,0.927978,0.927978,0.952625,0.998919,0,0,0,0,0,0.952625,0.952625,0,0.985235,0.927978,0,0,0,0,19,0.981547,0.927978,0.927978,0,0,47.8,0,3.94,2.00018,1.62039,70.38,42.68,14.94,0.542146,3.35111,97.31,124.5,0,0,0,0,0
neuromorpho__60L4_06_-420.swc,408,interneuron,0.990983,0,407,0,0,0,0,0,0,0,0,0,0,0,0.998921,5.34631e-05,0.998919,0.998919,0.998919,0.998919,0.998919,0,0,0,0,0,0,0,0,0.998919,0.998919,0,0,0,0,12,0.999009,0.998919,0.998919,0,0,57.3,0,0,0,0,0,0,14.22,-1.70518,2.98845,123.62,117.05,0,0,0,0,0
neuromorpho__60R5_01_-525.swc,390,interneuron,0.90281,0,389,0,0,0,0,0,0,0,0,0,0,0,0.998922,5.46799e-05,0.998919,0.998919,0.998919,0.998919,0.998919,0,0,0,0,0,0,0,0,0.998919,0.998919,0,0,0,0,19,0.998976,0.998919,0.998919,0,0,41.8,0,0,0,0,0,0,45.57,2.90388,8.65525,99.39,197.98,0,0,0,0,0
neuromorpho__614_5_C2.swc,52647,interneuron,0.998078,42528,10118,0,0,0,0,0,0,0,0,0,0,0,0.950453,0.177951,0.3,0.3,0.998919,0.999189,0.999189,0.0696336,0.0696336,0.0696336,0.0696336,0.0696336,0.985694,0.999189,0.0192814,0.802326,0.3,0.281281,0,0,0,1176,0.978139,0.3,0.998919,0.0272109,0.0323129,110,0,40.52,12.378,10.532,710.79,739.06,30.68,6.81717,7.01164,623.05,761.26,0,0,0,0,0
neuromorpho__6N1-5072019_TileScan-3_Merged_fcfc2a.swc,460,interneuron,0.981167,0,459,0,0,0,0,0,0,0,0,0,0,0,0.998921,5.03577e-05,0.998919,0.998919,0.998919,0.998919,0.998919,0,0,0,0,0,0,0,0,0.998919,0.998919,0,0,0,0,14,0.998996,0.998919,0.998919,0,0,77,0,0,0,0,0,0,21.95,-3.68993,4.63199,29.2,63.07,0,0,0,0,0
neuromorpho__6N1-5072019_TileScan-3_Merged_fcfc5a.swc,702,interneuron,0.996625,0,701,0,0,0,0,0,0,0,0,0,0,0,0.99892,4.07793e-05,0.998919,0.998919,0.998919,0.998919,0.998919,0,0,0,0,0,0,0,0,0.998919,0.998919,0,0,0,0,13,0.999002,0.998919,0.998919,0,0,123,0,0,0,0,0,0,10.97,2.08719,1.79594,41.33,125.46,0,0,0,0,0
neuromorpho__6N1-5072019_TileScan-3_Merged_wt1a.swc,1058,interneuron,0.990062,0,1057,0,0,0,0,0,0,0,0,0,0,0,0.99892,3.32253e-05,0.998919,0.998919,0.998919,0.998919,0.998919,0,0,0,0,0,0,0,0,0.998919,0.998919,0,0,0,0,13,0.999002,0.998919,0.998919,0,0,171.4,0,0,0,0,0,0,7.98,0.384797,2.26493,31.33,291.73,0,0,0,0,0
neuromorpho__6N1-5072019_TileScan-3_Merged_wt2a.swc,222,interneuron,0.982628,0,221,0,0,0,0,0,0,0,0,0,0,0,0.979431,0.0316709,0.927978,0.927978,0.927978,0.927978,0.998919,0,0,0,0,0,0,0,0,0.979338,0.927978,0,0,0,0,3,0.975632,0.927978,0.942166,0,0,140.2,0,0,0,0,0,0,18.95,2.93742,4.81419,21.18,74.81,0,0,0,0,0
neuromorpho__6N1-5072019_TileScan-3_Merged_wt6a.swc,1649,interneuron,0.995001,0,1648,0,0,0,0,0,0,0,0,0,0,0,0.998919,2.6618e-05,0.998919,0.998919,0.998919,0.998919,0.998919,0,0,0,0,0,0,0,0,0.998919,0.998919,0,0,0,0,24,0.998964,0.998919,0.998919,0,0,175.8,0,0,0,0,0,0,10.95,1.16271,2.21559,55.35,186.69,0,0,0,0,0
neuromorpho__6N5DAT6-50717GFPwtb_013-FCON3mutTdt10a.swc,52,interneuron,0.91208,0,51,0,0,0,0,0,0,0,0,0,0,0,0.99894,0.000148491,0.998919,0.998919,0.998919,0.998919,0.998919,0,0,0,0,0,0,0,0,0.998919,0.998919,0,0,0,0,7,0.999073,0.998919,0.998919,0,0,11.8,0,0,0,0,0,0,16.95,2.33039,4.38156,11.1,64.97,0,0,0,0,0
neuromorpho__6N5DAT6-50717GFPwtb_013-FCON3mutTdt14a.swc,103,interneuron,0.963443,0,102,0,0,0,0,0,0,0,0,0,0,0,0.998929,0.000106018,0.998919,0.998919,0.998919,0.998919,0.998919,0,0,0,0,0,0,0,0,0.998919,0.998919,0,0,0,0,19,0.998976,0.998919,0.998919,0,0,10.2,0,0,0,0,0,0,16.95,2.07049,3.87569,28.73,174.48,0,0,0,0,0
neuromorpho__6N5DAT6-50717GFPwtb_013-FCON3mutTdt4a.swc,39,interneuron,0.765986,0,38,0,0,0,0,0,0,0,0,0,0,0,0.998946,0.000170901,0.998919,0.998919,0.998919,0.998919,0.998919,0,0,0,0,0,0,0,0,0.998919,0.998919,0,0,0,0,10,0.999027,0.998919,0.998919,0,0,6.6,0,0,0,0,0,0,15.95,-1.44053,4.66762,15.59,89.95,0,0,0,0,0
neuromorpho__6N5DAT6-50717GFPwtb_013-FCON3mutTdt7a.swc,96,interneuron,0.766707,0,95,0,0,0,0,0,0,0,0,0,0,0,0.99893,0.000109776,0.998919,0.998919,0.998919,0.998919,0.998919,0,0,0,0,0,0,0,0,0.998919,0.998919,0,0,0,0,13,0.999002,0.998919,0.998919,0,0,18.4,0,0,0,0,0,0,11.97,4.56916,3.23507,17.15,238.79,0,0,0,0,0
neuromorpho__6N5DAT6-50717GFPwtb_013-GFPwt15a.swc,182,interneuron,0.970834,0,181,0,0,0,0,0,0,0,0,0,0,0,0.998925,7.99255e-05,0.998919,0.998919,0.998919,0.998919,0.998919,0,0,0,0,0,0,0,0,0.998919,0.998919,0,0,0,0,14,0.998996,0.998919,0.998919,0,0,18.5,0,0,0,0,0,0,18.98,5.12619,5.37557,67.16,133.65,0,0,0,0,0
neuromorpho__6N5DAT6-50717GFPwtb_013-GFPwt1a.swc,256,interneuron,0.988548,0,255,0,0,0,0,0,0,0,0,0,0,0,0.998923,6.74447e-05,0.998919,0.998919,0.998919,0.998919,0.998919,0,0,0,0,0,0,0,0,0.998919,0.998919,0,0,0,0,28,0.998957,0.998919,0.998919,0,0,20.5,0,0,0,0,0,0,17.97,3.4951,3.11148,69.76,174.97,0,0,0,0,0
neuromorpho__6_47.swc,2298,pyramidal,0.995385,0,2297,0,0,0,0,0,0,0,0,0,0,0,0.997989,0.0122,0.584627,0.998348,0.998348,0.998348,0.998348,0,0.000870322,0.000870322,0.000870322,0.000870322,0,0,0,0.997988,0.998348,0.000870701,0,0,0,124,0.995025,0.584627,0.998348,0.00806452,0.00806452,36,0,0,0,0,0,0,0,0,0,112.38,103.34,0,0,0,0,0
neuromorpho__6_J2.swc,6474,interneuron,0.998278,5237,1236,0,0,0,0,0,0,0,0,0,0,0,0.874812,0.266472,0.3,0.3,0.3,0.998919,0.999189,0.176861,0.176861,0.176861,0.176861,0.176861,0.846031,0.3,0.217873,0.996657,0.998919,0.00323625,0,0,0,350,0.884872,0.3,0.3,0.165714,0.168571,41.1,0,223.97,-25.7176,43.7537,700.46,600.65,67.27,5.82827,13.0443,304.21,412.56,0,0,0,0,0
neuromorpho__6_J5a.swc,7087,interneuron,0.998349,6071,1015,0,0,0,0,0,0,0,0,0,0,0,0.799072,0.315984,0.3,0.3,0.3,0.3,0.999189,0.286158,0.286158,0.286158,0.286158,0.286158,0.765627,0.3,0.334047,0.998919,0.998919,0,0,0,0,422,0.767782,0.3,0.3,0.329384,0.331754,36,0,199.55,23.9207,39.627,682.42,335.28,102.84,-16.4709,18.1077,223.3,451.26,0,0,0,0,0
neuromorpho__7-Som-3d-trace.swc,1812,interneuron,0.447867,0,1811,0,0,0,0,0,0,0,0,0,0,0,0.891438,0.170489,0.3,0.3,0.93893,0.93893,0.941392,0.0767108,0.0767108,0.0767108,0.0767108,0.0767108,0,0,0,0.891378,0.93893,0.0767532,0,0,0,32,0.934659,0.3,0.93893,0.03125,0.03125,149.6,0,0,0,0,0,0,130.13,-0.686317,24.8143,142.21,325.08,0,0,0,0,0
neuromorpho__7054.swc,1128,interneuron,0.980961,878,249,0,0,0,0,0,0,0,0,0,0,0,0.996691,0.00962005,0.927978,0.973127,0.995725,0.998919,0.999189,0,0,0,0,0,0.997267,0.995725,0,0.994645,0.998919,0,0,0,0,152,0.996888,0.927978,0.996045,0,0,15.9,0.097093,24.32,6.99406,5.21713,24.39,34.94,8.52,-0.925165,1.40135,17.31,5.51,0,0,0,0,0
neuromorpho__70R3_03_-345.swc,120,interneuron,0.914423,0,119,0,0,0,0,0,0,0,0,0,0,0,0.998928,9.82901e-05,0.998919,0.998919,0.998919,0.998919,0.998919,0,0,0,0,0,0,0,0,0.998919,0.998919,0,0,0,0,15,0.998991,0.998919,0.998919,0,0,13.4,0,0,0,0,0,0,17.14,-1.08714,3.97075,115.82,156.6,0,0,0,0,0
neuromorpho__70R3_07_-255.swc,97,interneuron,0.91491,0,96,0,0,0,0,0,0,0,0,0,0,0,0.998885,0.000188091,0.998374,0.998374,0.998919,0.998919,0.998919,0,0,0,0,0,0,0,0,0.998873,0.998919,0,0,0,0,8,0.998986,0.998374,0.998755,0,0,20.6,0,0,0,0,0,0,24,1.7325,3.88504,61.7,148.46,0,0,0,0,0
neuromorpho__72513V1-3Slice3Cell1.swc,1054,pyramidal,0.989312,0,323,730,0,0,0,0,0.025776,0,0,0,0,0,0.967782,0.102566,0.3,0.96148,0.978276,0.978276,0.978276,0.0227704,0.0227704,0.0227704,0.0227704,0.0227704,0,0,0,0.998348,0.998348,0,0.954214,0.96706,0.0328767,73,0.981553,0.3,0.978276,0,0.0136986,33.8,0,0,0,0,0,0,55.29,4.0292,10.3043,240,245.42,102.66,14.2432,15.2802,390.46,359.52
neuromorpho__72513V1-4Slice3Cell2.swc,917,pyramidal,0.986293,20,384,512,0,0,0,0,0,0,0,0,0,0,0.92559,0.190797,0.3,0.3,0.978276,0.978276,0.978276,0.0774264,0.0992366,0.0992366,0.0992366,0.0992366,0.584058,0.584058,1,0.998348,0.998348,0,0.884218,0.3,0.138672,50,0.971511,0.3,0.978276,0.04,0.04,32.2,0,11.27,-3.2895,3.40538,10.59,40.59,59.24,11.1551,14.3162,224.61,115.74,80.09,1.05662,17.4427,177.2,822.38
neuromorpho__72513V13Slice7Cell1.swc,448,pyramidal,0.977668,0,210,237,0,0,0,0,0,0,0,0,0,0,0.986391,0.0107878,0.91994,0.978276,0.978276,0.978276,0.978276,0,0,0,0,0,0,0,0,0.995486,0.983656,0,0.978276,0.978276,0,51,0.984665,0.91994,0.978276,0,0,17,0,0,0,0,0,0,41.3,1.4519,7.98887,175.76,108.91,58.25,0.758819,10.2438,113.7,296.67
neuromorpho__72715-V1-2slice5cell3.swc,872,pyramidal,0.995354,0,507,364,0,0,0,0,0.0291966,0,0,0,0,0,0.982473,0.0351063,0.785507,0.952875,0.958424,0.978276,0.998348,0,0,0,0.0263761,0.0263761,0,0,0,0.988692,0.998348,0,0.973763,0.953842,0,69,0.985841,0.785507,0.978276,0,0.0144928,24,0,0,0,0,0,0,50.95,-0.886272,8.29806,208.06,233.27,51.99,-0.960879,11.3653,219.16,265.46
neuromorpho__72715-V1-3Slice9Cell1.swc,669,interneuron,0.3597,0,668,0,0,0,0,0,0,0,0,0,0,0,0.894806,0.0466122,0.849007,0.849007,0.849007,0.849007,0.849007,0,0,0,0,0.508221,0,0,0,0.894649,0.849007,0,0,0,0,72,0.902743,0.849007,0.849007,0,0,18,0,0,0,0,0,0,53.51,-1.92049,9.89508,200.35,376.92,0,0,0,0,0
neuromorpho__7month-Arctic-9_1.swc,1230,pyramidal,0.993531,0,0,1229,0,0,0,0,0,0,0,0,0,0,0.978294,0.000619175,0.978276,0.978276,0.978276,0.978276,0.978276,0,0,0,0,0,0,0,0,0,0,0,0.978276,0.978276,0,110,0.978473,0.978276,0.978276,0,0,25.1,0,0,0,0,0,0,0,0,0,0,0,30.06,-3.92277,6.56819,192.44,321.89
neuromorpho__7month-Arctic-9_3.swc,549,pyramidal,0.995061,0,0,548,0,0,0,0,0,0,0,0,0,0,0.978315,0.000926318,0.978276,0.978276,0.978276,0.978276,0.978276,0,0,0,0,0,0,0,0,0,0,0,0.978276,0.978276,0,54,0.978678,0.978276,0.978276,0,0,27.7,0,0,0,0,0,0,0,0,0,0,0,44.87,18.975,8.3244,106.7,265.22
neuromorpho__7month-Arctic-C5aR1-KO-11_2.swc,492,pyramidal,0.991772,0,0,491,0,0,0,0,0,0,0,0,0,0,0.97832,0.000978403,0.978276,0.978276,0.978276,0.978276,0.978276,0,0,0,0,0,0,0,0,0,0,0,0.978276,0.978276,0,46,0.978748,0.978276,0.978276,0,0,26,0,0,0,0,0,0,0,0,0,0,0,58.04,32.0915,10.0858,158.39,332.54
neuromorpho__7month-Arctic-C5aR1-KO-11_4.swc,379,pyramidal,0.993945,0,0,378,0,0,0,0,0,0,0,0,0,0,0.978333,0.00111442,0.978276,0.978276,0.978276,0.978276,0.978276,0,0,0,0,0,0,0,0,0,0,0,0.978276,0.978276,0,34,0.978915,0.978276,0.978276,0,0,23.8,0,0,0,0,0,0,0,0,0,0,0,56.65,9.2022,12.5179,170.14,358.29
neuromorpho__7month-Arctic-C5aR1-KO-24_4.swc,182,pyramidal,0.997114,0,0,181,0,0,0,0,0,0,0,0,0,0,0.978395,0.00160587,0.978276,0.978276,0.978276,0.978276,0.978276,0,0,0,0,0,0,0,0,0,0,0,0.978276,0.978276,0,34,0.978915,0.978276,0.978276,0,0,12,0,0,0,0,0,0,0,0,0,0,0,112.39,-9.33271,23.3005,107.35,311.02
neuromorpho__7month-Arctic-C5aR1-KO-24_5.swc,582,pyramidal,0.990618,0,0,581,0,0,0,0,0,0,0,0,0,0,0.978313,0.00089972,0.978276,0.978276,0.978276,0.978276,0.978276,0,0,0,0,0,0,0,0,0,0,0,0.978276,0.978276,0,68,0.978595,0.978276,0.978276,0,0,18.3,0,0,0,0,0,0,0,0,0,0,0,55.14,-2.85329,8.08735,150.16,241
neuromorpho__7month-C5aR1-KO-10_4.swc,416,pyramidal,0.990183,0,0,415,0,0,0,0,0,0,0,0,0,0,0.978328,0.00106383,0.978276,0.978276,0.978276,0.978276,0.978276,0,0,0,0,0,0,0,0,0,0,0,0.978276,0.978276,0,32,0.978955,0.978276,0.978276,0,0,26,0,0,0,0,0,0,0,0,0,0,0,22.63,1.78335,4.94613,198.09,301.71
neuromorpho__7month-C5aR1-KO-18-3.swc,427,pyramidal,0.990396,0,0,426,0,0,0,0,0,0,0,0,0,0,0.978327,0.00105007,0.978276,0.978276,0.978276,0.978276,0.978276,0,0,0,0,0,0,0,0,0,0,0,0.978276,0.978276,0,68,0.978595,0.978276,0.978276,0,0,15,0,0,0,0,0,0,0,0,0,0,0,27.79,20.2612,4.53717,139.33,278.76
neuromorpho__7month-wt-16_2.swc,702,pyramidal,0.992541,0,0,701,0,0,0,0,0,0,0,0,0,0,0.978307,0.00081934,0.978276,0.978276,0.978276,0.978276,0.978276,0,0,0,0,0,0,0,0,0,0,0,0.978276,0.978276,0,60,0.978638,0.978276,0.978276,0,0,27.4,0,0,0,0,0,0,0,0,0,0,0,49.08,2.6682,9.12127,196.87,180.3
neuromorpho__8--OTC-100-pM-NPY-9-weeks.swc,3316,pyramidal,0.788923,0,3315,0,0,0,0,0,0,0,0,0,0,0,0.942103,0.160803,0.3,0.3,0.970273,0.974033,0.982287,0.0582027,0.0591074,0.0603136,0.0603136,0.0603136,0,0,0,0.942085,0.970273,0.0603318,0,0,0,90,0.952557,0.3,0.953981,0.0777778,0.0777778,105.4,0,0,0,0,0,0,40.28,-0.605674,8.25777,421.31,417.91,0,0,0,0,0
neuromorpho__802s1c1.swc,2480,interneuron,0.437822,0,2479,0,0,0,0,0,0,0,0,0,0,0,0.934614,0.0100052,0.902699,0.918332,0.918332,0.918332,0.941444,0,0,0,0,0,0,0,0,0.934587,0.918332,0,0,0,0,98,0.936281,0.902699,0.918332,0,0,68.6,0,0,0,0,0,0,47.84,-3.93563,9.26161,277.7,329.63,0,0,0,0,0
neuromorpho__8749_1.swc,969,interneuron,0.876142,631,337,0,0,0,0,0,0,0,0,0,0,0,0.991615,0.013091,0.927978,0.973127,0.973127,0.973127,0.998919,0,0,0,0,0,0.98905,0.973127,0,0.996393,0.998919,0,0,0,0,90,0.996823,0.927978,0.995725,0,0,18.2,-0.152632,27.34,-18.3791,7.64715,7.51,29.72,5.58,2.11474,1.12022,21.58,7.9,0,0,0,0,0
neuromorpho__8N22DAT8-50717GFPwta-fcfc-2a.swc,1034,interneuron,0.958375,0,1033,0,0,0,0,0,0,0,0,0,0,0,0.811685,0.309524,0.3,0.3,0.3,0.3,0.998919,0.267892,0.267892,0.267892,0.267892,0.267892,0,0,0,0.811503,0.3,0.268151,0,0,0,27,0.886103,0.3,0.3,0.148148,0.185185,82.6,0,0,0,0,0,0,16.97,4.35289,4.70453,89.27,393.22,0,0,0,0,0
neuromorpho__8N22DAT8-50717GFPwta-wt6a.swc,503,interneuron,0.457768,0,502,0,0,0,0,0,0,0,0,0,0,0,0.940108,0.00329674,0.937793,0.937793,0.937793,0.937793,0.941457,0,0,0,0,0,0,0,0,0.939989,0.937793,0,0,0,0,72,0.941404,0.937793,0.937793,0,0,15.8,0,0,0,0,0,0,17.97,3.73661,4.3025,148.42,316.82,0,0,0,0,0
neuromorpho__8N22DAT8-50717GFPwta-wt7a.swc,136,pyramidal,0.692418,0,135,0,0,0,0,0,0,0,0,0,0,0,0.99836,0.000141145,0.998348,0.998348,0.998348,0.998348,0.998348,0,0,0,0,0,0,0,0,0.998348,0.998348,0,0,0,0,19,0.998435,0.998348,0.998348,0,0,17,0,0,0,0,0,0,15.96,-2.16259,3.65222,22.72,200.65,0,0,0,0,0
neuromorpho__8N22DAT8-50717GFPwta-wt9a.swc,237,interneuron,0.449371,0,236,0,0,0,0,0,0,0,0,0,0,0,0.941069,0.00400592,0.938981,0.938981,0.938981,0.940324,0.9416,0,0,0,0,0,0,0,0,0.940819,0.938981,0,0,0,0,24,0.943062,0.938981,0.938981,0,0,31.8,0,0,0,0,0,0,16.95,-1.06725,4.76533,41.03,201.21,0,0,0,0,0
neuromorpho__8N3-8162019-b-fcfc1a.swc,2151,interneuron,0.988609,0,2150,0,0,0,0,0,0,0,0,0,0,0,0.998919,2.33075e-05,0.998919,0.998919,0.998919,0.998919,0.998919,0,0,0,0,0,0,0,0,0.998919,0.998919,0,0,0,0,57,0.998938,0.998919,0.998919,0,0,91,0,0,0,0,0,0,17.97,1.88782,4.127,89.81,172.79,0,0,0,0,0
neuromorpho__8N3-8162019-b-fcfc6a.swc,1596,interneuron,0.994303,0,1595,0,0,0,0,0,0,0,0,0,0,0,0.998919,2.70561e-05,0.998919,0.998919,0.998919,0.998919,0.998919,0,0,0,0,0,0,0,0,0.998919,0.998919,0,0,0,0,40,0.998946,0.998919,0.998919,0,0,96.9,0,0,0,0,0,0,15.98,-0.407204,3.87348,59.03,141.22,0,0,0,0,0
neuromorpho__8N3-8162019-b-fcfc8a.swc,1040,interneuron,0.986434,0,1039,0,0,0,0,0,0,0,0,0,0,0,0.99892,3.35113e-05,0.998919,0.998919,0.998919,0.998919,0.998919,0,0,0,0,0,0,0,0,0.998919,0.998919,0,0,0,0,32,0.998953,0.998919,0.998919,0,0,79,0,0,0,0,0,0,13.95,-0.644206,2.81519,52.27,112.39,0,0,0,0,0
neuromorpho__8N3-8162019-b-wt3a.swc,1781,interneuron,0.994312,0,1780,0,0,0,0,0,0,0,0,0,0,0,0.998919,2.56132e-05,0.998919,0.998919,0.998919,0.998919,0.998919,0,0,0,0,0,0,0,0,0.998919,0.998919,0,0,0,0,30,0.998955,0.998919,0.998919,0,0,167.5,0,0,0,0,0,0,18.96,5.50768,4.98892,85.84,137.83,0,0,0,0,0
neuromorpho__8N6-8162019-b-fcfc1a.swc,1503,interneuron,0.996731,0,1502,0,0,0,0,0,0,0,0,0,0,0,0.998919,2.788e-05,0.998919,0.998919,0.998919,0.998919,0.998919,0,0,0,0,0,0,0,0,0.998919,0.998919,0,0,0,0,36,0.998949,0.998919,0.998919,0,0,87.5,0,0,0,0,0,0,17.97,-0.129068,3.91527,50.53,165.8,0,0,0,0,0
neuromorpho__8N6-8162019-b-fcfc2a.swc,776,interneuron,0.929413,0,775,0,0,0,0,0,0,0,0,0,0,0,0.99892,3.87888e-05,0.998919,0.998919,0.998919,0.998919,0.998919,0,0,0,0,0,0,0,0,0.998919,0.998919,0,0,0,0,31,0.998954,0.998919,0.998919,0,0,54,0,0,0,0,0,0,8.98,-0.538245,2.44087,20.81,197.2,0,0,0,0,0
neuromorpho__8N6-8162019-b-wT4a.swc,2188,interneuron,0.987961,0,2187,0,0,0,0,0,0,0,0,0,0,0,0.998919,2.31097e-05,0.998919,0.998919,0.998919,0.998919,0.998919,0,0,0,0,0,0,0,0,0.998919,0.998919,0,0,0,0,47,0.998942,0.998919,0.998919,0,0,90.4,0,0,0,0,0,0,14.97,3.28832,3.92423,82.34,242.11,0,0,0,0,0
neuromorpho__9-10-14-B.swc,12562,interneuron,0.993787,11177,1384,0,0,0,0,0,0,0,0,0,0,0,0.998922,0.00199831,0.973127,0.998919,0.998919,0.999189,0.999189,0,0,0,0,0,0.998922,0.999189,0,0.998919,0.998919,0,0,0,0,113,0.998531,0.973127,0.998919,0,0,261.8,-3,46.5,8.37958,10.1824,125.68,404.25,12,4.75867,3.54527,37.65,112.98,0,0,0,0,0
neuromorpho__9-c.swc,1857,pyramidal,0.883482,926,930,0,0,0,0,0,0,0,0,0,0,0,0.728655,0.268802,0.396782,0.396782,0.4441,0.460719,0.626067,0.371029,0.498654,0.504039,0.504039,0.504039,0.461524,0.396782,1,0.994345,0.998348,0.0107527,0,0,0,57,0.670453,0.396782,0.4441,0.631579,0.631579,67.2,0,101.95,-16.3099,20.3526,177.91,232.44,50.32,3.48046,9.17188,284.16,177.48,0,0,0,0,0
neuromorpho__908s3c3.swc,3922,pyramidal,0.799208,207,2146,1568,0,0,0,0,0,0,0,0,0,0,0.971701,0.0943105,0.3,0.859482,0.978056,0.978276,0.998348,0.0175931,0.0175931,0.0175931,0.0175931,0.0622132,0.772992,0.3,0.154589,0.986388,0.998348,0.0167754,0.977814,0.978056,0.000637755,105,0.987209,0.3,0.978276,0,0.00952381,78,0,21.93,-9.38357,6.10754,48.98,194.44,39.39,-3.46525,7.73726,266.36,195.6,41.52,-3.67058,7.58134,402.45,309.66
neuromorpho__99_1.swc,309,interneuron,0.939124,0,308,0,0,0,0,0,0,0,0,0,0,0,0.998912,9.74356e-05,0.998374,0.998919,0.998919,0.998919,0.998919,0,0,0,0,0,0,0,0,0.998908,0.998919,0,0,0,0,69,0.998927,0.998374,0.998919,0,0,7,0,0,0,0,0,0,19.17,11.2791,4.17485,54.1,59.65,0,0,0,0,0
neuromorpho__A1-N2-1_final.swc,1179,pyramidal,0.99749,0,1178,0,0,0,0,0,0,0,0,0,0,0,0.998349,4.80945e-05,0.998348,0.998348,0.998348,0.998348,0.998348,0,0,0,0,0,0,0,0,0.998348,0.998348,0,0,0,0,55,0.998378,0.998348,0.998348,0,0,41.6,0,0,0,0,0,0,0,0,0,68.51,90.88,0,0,0,0,0
neuromorpho__A1-N4-2_13jun-5-_final.swc,1438,pyramidal,0.996344,0,1437,0,0,0,0,0,0,0,0,0,0,0,0.998349,4.35518e-05,0.998348,0.998348,0.998348,0.998348,0.998348,0,0,0,0,0,0,0,0,0.998348,0.998348,0,0,0,0,46,0.998384,0.998348,0.998348,0,0,56,0,0,0,0,0,0,0,0,0,68.1,122.36,0,0,0,0,0
neuromorpho__A1-n8-1_final.swc,924,pyramidal,0.996416,0,923,0,0,0,0,0,0,0,0,0,0,0,0.99835,5.43208e-05,0.998348,0.998348,0.998348,0.998348,0.998348,0,0,0,0,0,0,0,0,0.998348,0.998348,0,0,0,0,38,0.998391,0.998348,0.998348,0,0,52,0,0,0,0,0,0,0,0,0,60.67,91.31,0,0,0,0,0
neuromorpho__A151125-4_VIP_IN.swc,5117,interneuron,0.998331,3879,1237,0,0,0,0,0,0,0,0,0,0,0,0.980396,0.0118823,0.847222,0.973127,0.973127,0.973127,0.973127,0,0,0,0,0.000390854,0.974484,0.973127,0,0.998919,0.998919,0,0,0,0,1153,0.978554,0.847222,0.973127,0,0,10,0,71,5.81494,13.3497,427.68,693.74,63,3.78106,12.4075,280.36,391.66,0,0,0,0,0
neuromorpho__A151218-02_VIP_IN.swc,4353,interneuron,0.986666,3374,978,0,0,0,0,0,0,0,0,0,0,0,0.998418,0.00413111,0.973127,0.998919,0.998919,0.998919,0.999189,0,0,0,0,0,0.998273,0.999189,0,0.998919,0.998919,0,0,0,0,1277,0.998656,0.973127,0.998919,0,0,8,-1.09636,264.79,-37.8077,40.0816,248.09,405.1,160.95,29.0626,25.6406,210.68,284.03,0,0,0,0,0
neuromorpho__A1_slide1_3.swc,1487,pyramidal,0.995914,55,659,772,0,0,0,0,0,0,0,0,0,0,0.967222,0.0868664,0.3,0.631972,0.978276,0.978276,0.978276,0.00403497,0.00403497,0.0511096,0.0511096,0.0511096,0.993576,0.993576,0,0.952023,0.631972,0.115326,0.978276,0.978276,0,82,0.981059,0.3,0.978276,0.0121951,0.0121951,42,-27.9206,24.07,8.52204,6.96372,53.18,100.32,78.36,-1.64436,18.4396,220.3,172.13,50.47,10.9246,9.56009,163.24,396.46
neuromorpho__A1_slide2_1.swc,646,pyramidal,0.99805,16,263,366,0,0,0,0,0.00332878,0,0,0,0,0,0.75628,0.298454,0.3,0.3,0.3,0.3,0.978276,0.26935,0.26935,0.386997,0.386997,0.417957,0.859482,0.859482,0,0.865672,0.626067,0.323194,0.672496,0.3,0.45082,77,0.810533,0.3,0.3,0.324675,0.350649,17,-20.4363,22.15,18.5131,7.53229,41.75,61.17,69.6,7.81629,15.3,294.3,262.35,82.33,-5.91263,18.147,345.37,695.37
neuromorpho__A1_slide2_13.swc,943,pyramidal,0.991962,35,508,399,0,0,0,0,0,0,0,0,0,0,0.922223,0.206019,0.3,0.3,0.978151,0.978276,0.998348,0.0986214,0.0986214,0.0986214,0.0986214,0.0986214,0.993576,0.993576,0,0.9973,0.998348,0,0.820181,0.3,0.233083,44,0.926088,0.3,0.888866,0.0909091,0.0909091,37.7,-14.788,21.69,0.688571,7.37599,22.34,42.14,71.33,10.4885,15.9976,187.34,169.48,62.19,-4.43187,9.66139,105.96,443.34
neuromorpho__A1_slide2_2.swc,454,pyramidal,0.995768,12,175,266,0,0,0,0,0,0,0,0,0,0,0.828862,0.28736,0.3,0.3,0.3,0.859482,0.978276,0.226872,0.226872,0.226872,0.226872,0.253304,0.859482,0.859482,0,0.982386,0.998348,0.0228571,0.725835,0.3,0.37218,52,0.870683,0.3,0.3,0.173077,0.173077,16.9,-19.3843,18.41,13.9085,4.92689,9.12,75.33,88.66,-10.7627,18.4834,229.91,244.71,83.91,-26.7297,21.4213,201.12,752.09
neuromorpho__A1_slide2_20.swc,633,pyramidal,0.998303,0,327,305,0,0,0,0,0,0,0,0,0,0,0.897218,0.235387,0.3,0.3,0.3,0.978276,0.984087,0.134281,0.134281,0.134281,0.134281,0.134281,0,0,0,0.99761,0.998348,0,0.789248,0.3,0.278689,81,0.886788,0.3,0.3,0.148148,0.148148,16,-18.2233,0,0,0,0,0,80.63,-7.57028,21.9592,293.64,234.87,86.69,6.53015,17.9953,229.8,622.63
neuromorpho__A1_slide2_22.swc,389,pyramidal,0.99808,10,199,179,0,0,0,0,0,0,0,0,0,0,0.890251,0.242297,0.3,0.3,0.3,0.978276,0.998348,0.143959,0.143959,0.143959,0.143959,0.143959,0.950853,0.950853,0,0.998348,0.998348,0,0.766078,0.3,0.312849,55,0.964089,0.3,0.978276,0.0363636,0.0363636,13.6,-16.6522,12.52,9.55522,3.65013,11.06,82.22,99.73,15.8047,22.71,188.82,143.83,90.15,9.63809,16.9714,208.42,608.38
neuromorpho__A1_slide2_24.swc,700,pyramidal,0.988139,30,261,408,0,0,0,0,0,0,0,0,0,0,0.969433,0.0994071,0.3,0.978276,0.978276,0.978276,0.978276,0.0214286,0.0214286,0.0214286,0.0214286,0.0214286,0.993697,0.993697,0,0.952703,0.978151,0.0574713,0.978276,0.978276,0,30,0.979302,0.3,0.978263,0,0,47.8,-25.6047,5.48,20.2897,1.72473,6.7,68.04,121.94,-17.3474,26.1697,204.73,156.86,122.37,-38.973,21.5159,106.07,462.46
neuromorpho__A1_slide2_4.swc,446,pyramidal,0.990526,10,192,243,0,0,0,0,0,0,0,0,0,0,0.96859,0.106832,0.3,0.978276,0.978276,0.978276,0.978276,0.0246637,0.0246637,0.0246637,0.0246637,0.0246637,0.955815,0.955815,0,0.956833,0.982287,0.0572917,0.978276,0.978276,0,61,0.980154,0.3,0.978276,0,0,14,-12.64,27.58,4.178,8.15001,8.75,67.23,78.24,-11.985,14.999,280.24,184.89,88.67,-26.5781,16.4766,210.3,527.21
neuromorpho__A1_slide2_7.swc,288,pyramidal,0.988758,25,90,172,0,0,0,0,0.00052423,0,0,0,0,0,0.954702,0.077585,0.730995,0.732496,0.783188,0.978276,0.978276,0,0,0,0.131944,0.131944,0.771815,0.730995,0,0.959947,0.732496,0,0.978276,0.978276,0,44,0.954814,0.730995,0.788346,0,0.136364,13,-0.245556,21.78,-5.99244,5.01931,33.32,59.92,67.35,7.42467,15.5799,111.3,143,88.23,9.20544,19.1081,152.84,190.92
neuromorpho__A1_slide2_neuron4.swc,585,pyramidal,0.996914,19,274,291,0,0,0,0,0,0,0,0,0,0,0.986106,0.031876,0.3,0.978276,0.978276,0.978276,0.978276,0.0017094,0.0017094,0.0017094,0.0017094,0.00854701,0.993697,0.993697,0,0.996321,0.998348,0,0.975945,0.978276,0.00343643,58,0.986916,0.3,0.978276,0,0,18.3,-17.6233,8.6,3.90281,2.94637,37.09,113.14,76.36,7.86552,20.5687,257.73,176.89,88.05,-27.9897,23.0098,182.04,254.82
neuromorpho__A1_slide3_5.swc,576,pyramidal,0.977671,264,311,0,0,0,0,0,0,0,0,0,0,0,0.728041,0.334235,0.3,0.3,0.3,0.3,0.978276,0.378472,0.378472,0.378472,0.378472,0.378472,0.418184,0.3,0.825758,0.990196,0.953981,0,0,0,0,31,0.72331,0.3,0.3,0.387097,0.387097,36,-27.766,41.49,-23.4609,10.3862,77.48,498.54,67.13,9.56024,18.2033,140.35,165.82,0,0,0,0,0
neuromorpho__A1_slide3_6.swc,1107,pyramidal,0.995127,62,617,427,0,0,0,0,0,0,0,0,0,0,0.94222,0.159017,0.3,0.392488,0.792143,0.978276,0.993697,0.0505872,0.0505872,0.063234,0.102981,0.102981,0.649263,0.3,0.290323,0.962032,0.993697,0.0615883,0.955996,0.977851,0.0327869,53,0.971655,0.3,0.978276,0.0377358,0.0377358,41.8,-28.5285,49.68,-10.3493,12.1969,21.82,207.55,104.93,-4.64561,19.7198,204.69,259.29,78.04,-18.9051,18.3868,157.63,299.53
neuromorpho__A1_slide3_9.swc,1028,pyramidal,0.995821,23,434,570,0,0,0,0,0,0,0,0,0,0,0.982495,0.0311474,0.787136,0.978276,0.978276,0.978276,0.978276,0,0,0,0.0223735,0.0223735,0.787136,0.787136,0,0.998348,0.998348,0,0.978276,0.978276,0,66,0.985137,0.787136,0.978276,0,0.0151515,34.5,-20.9823,12.63,-5.64247,5.51352,40.95,14.74,55.37,9.25639,14.18,166.29,167.85,59.45,17.7129,13.0506,132.7,477.55
neuromorpho__A1_slide3_neuron2.swc,554,pyramidal,0.993661,38,308,207,0,0,0,0,0,0,0,0,0,0,0.97245,0.0998741,0.3,0.978276,0.978276,0.978276,0.998348,0.0162455,0.0162455,0.034296,0.034296,0.034296,0.8294,0.3,0.236842,0.986094,0.998348,0.0324675,0.978276,0.978276,0,55,0.98005,0.3,0.978276,0.0181818,0.0181818,22.6,-15.625,10.56,18.8932,3.04619,51.23,209.33,73.52,11.9675,15.3844,244.54,213.03,60.34,-3.81345,11.268,152.19,221.5
neuromorpho__A1_slide3_neuron4.swc,536,pyramidal,0.998518,20,232,283,0,0,0,0,0,0,0,0,0,0,0.976077,0.0516011,0.631972,0.959508,0.978276,0.978276,0.978276,0,0,0.016791,0.016791,0.0429104,0.959508,0.959508,0,0.97472,0.998348,0.0387931,0.978276,0.978276,0,65,0.978931,0.631972,0.978276,0.0153846,0.0153846,16,-15.0033,5.02,13.4383,1.70358,29.3,158.01,77.7,0.604411,19.6057,245.95,166.89,68.9,13.6402,14.1667,271.67,339.36
neuromorpho__A1_slide3_neuron5.swc,588,pyramidal,0.996728,31,293,263,0,0,0,0,0,0,0,0,0,0,0.977453,0.071769,0.3,0.978276,0.978276,0.978276,0.993697,0.00510204,0.00510204,0.0255102,0.0255102,0.0255102,0.926565,0.993697,0.0967742,0.982022,0.998348,0.0409556,0.978276,0.978276,0,70,0.982702,0.3,0.978276,0.0142857,0.0142857,16.1,-24.0845,15.38,18.5968,5.87413,38.81,184.1,87.85,9.58362,16.3826,201.05,161.93,116.68,18.063,22.911,120.38,339.07
neuromorpho__A1_slide4_neuron3_II_III.swc,918,pyramidal,0.986705,128,445,344,0,0,0,0,0,0,0,0,0,0,0.919455,0.208215,0.3,0.3,0.3,0.978276,0.993697,0.101307,0.101307,0.101307,0.101307,0.101307,0.489683,0.3,0.726562,0.997423,0.998348,0,0.978276,0.978276,0,60,0.916344,0.3,0.690205,0.1,0.116667,28.8,-30.4379,40.5,4.82129,11.1453,104.95,486.29,92.18,-21.6248,20.8729,166.33,141.45,91.48,-35.6358,18.0189,167.25,243.54
neuromorpho__A2-N2-3_final.swc,1462,pyramidal,0.997408,0,1461,0,0,0,0,0,0,0,0,0,0,0,0.998349,4.31931e-05,0.998348,0.998348,0.998348,0.998348,0.998348,0,0,0,0,0,0,0,0,0.998348,0.998348,0,0,0,0,61,0.998375,0.998348,0.998348,0,0,58,0,0,0,0,0,0,0,0,0,67.05,121.24,0,0,0,0,0
neuromorpho__A2-N6-2_final.swc,1303,pyramidal,0.996107,0,1302,0,0,0,0,0,0,0,0,0,0,0,0.998349,4.57507e-05,0.998348,0.998348,0.998348,0.998348,0.998348,0,0,0,0,0,0,0,0,0.998348,0.998348,0,0,0,0,61,0.998375,0.998348,0.998348,0,0,41,0,0,0,0,0,0,0,0,0,79.06,112.8,0,0,0,0,0
neuromorpho__A2-N7-3_final.swc,950,pyramidal,0.997197,0,949,0,0,0,0,0,0,0,0,0,0,0,0.99835,5.35731e-05,0.998348,0.998348,0.998348,0.998348,0.998348,0,0,0,0,0,0,0,0,0.998348,0.998348,0,0,0,0,44,0.998385,0.998348,0.998348,0,0,48.7,0,0,0,0,0,0,0,0,0,62.74,78.36,0,0,0,0,0
neuromorpho__A2-N8-3_1.swc,1274,pyramidal,0.996809,0,1273,0,0,0,0,0,0,0,0,0,0,0,0.998349,4.62681e-05,0.998348,0.998348,0.998348,0.998348,0.998348,0,0,0,0,0,0,0,0,0.998348,0.998348,0,0,0,0,50,0.998381,0.998348,0.998348,0,0,57.3,0,0,0,0,0,0,0,0,0,46.48,137.99,0,0,0,0,0
neuromorpho__A2_slide1_4.swc,663,pyramidal,0.992714,12,301,349,0,0,0,0,0,0,0,0,0,0,0.902562,0.205816,0.3,0.3,0.584938,0.978276,0.978276,0.0889894,0.108597,0.13273,0.167421,0.167421,0.792143,0.792143,0,0.899976,0.584938,0.172757,0.90831,0.3,0.103152,63,0.931036,0.3,0.785206,0.0793651,0.142857,20.8,-14.7438,31.83,31.5721,12.0562,40.56,35.76,110.24,-3.23226,24.0729,301.49,464.76,85.76,7.72358,17.6526,252.95,893.98
neuromorpho__A2_slide1_neuron1_II_III.swc,1078,pyramidal,0.993479,61,618,398,0,0,0,0,0,0,0,0,0,0,0.975492,0.0911387,0.3,0.978151,0.978151,0.978276,0.984087,0.0176252,0.0176252,0.0176252,0.0176252,0.0176252,0.788952,0.3,0.295082,0.992073,0.978151,0.00161812,0.978276,0.978276,0,59,0.984322,0.3,0.978276,0,0.0169492,40.2,-22.1747,46.31,-27.1286,11.8962,159.42,84.16,129.43,-8.31365,25.8407,175.39,239.45,73.1,14.2079,16.9323,152.48,296.58
neuromorpho__A2_slide1_neuron2_II_III.swc,892,pyramidal,0.952188,0,694,197,0,0,0,0,0,0,0,0,0,0,0.930261,0.111223,0.626067,0.626067,0.799421,0.80518,0.998348,0,0,0.0605381,0.162556,0.28139,0,0,0,0.966792,0.984087,0.0778098,0.801215,0.791668,0,55,0.94354,0.626067,0.799421,0.0545455,0.127273,28.6,-22.59,0,0,0,0,0,93.05,4.86787,19.3108,321.09,139.03,40.14,16.5574,10.9763,142.24,193
neuromorpho__A2_slide2_3.swc,471,pyramidal,0.99836,10,221,239,0,0,0,0,0.0427563,0,0,0,0,0,0.844027,0.254402,0.3,0.3,0.3,0.859482,0.978276,0.159236,0.186837,0.218684,0.239915,0.2569,0.792314,0.792314,0,0.893832,0.584058,0.180995,0.799483,0.3,0.263598,56,0.880066,0.3,0.442029,0.142857,0.178571,15,-17.3775,5.29,2.2635,1.9348,9.16,60.47,89.98,-12.9448,22.4876,195.41,330.12,92.54,4.92298,19.6875,217.14,542.9
neuromorpho__A2_slide2_8.swc,987,pyramidal,0.973234,37,338,611,0,0,0,0,0,0,0,0,0,0,0.985745,0.00956205,0.978276,0.978276,0.978276,0.978276,0.978276,0,0,0,0,0,0.993576,0.993576,0,0.998348,0.998348,0,0.978276,0.978276,0,54,0.98528,0.978276,0.978276,0,0,44.4,-12.697,8.28,-14.6316,3.09271,47.37,84.64,43.79,-15.0934,8.03523,149.39,99.61,111.41,-9.55688,20.3491,180.6,179
neuromorpho__A2_slide3_10.swc,1219,pyramidal,0.994827,0,794,424,0,0,0.0721903,0.0721903,0.0375645,-0.0721903,0.0721903,0,0,0,0.849759,0.238474,0.3,0.3,0.3,0.823261,0.978276,0.14192,0.14192,0.178015,0.225595,0.375718,0,0,0,0.923603,0.781254,0.0629723,0.711121,0.3,0.393868,49,0.878386,0.3,0.645398,0.122449,0.163265,53.2,-19.0557,0,0,0,0,0,73.69,7.58453,14.3637,235.64,219.43,42.17,6.27265,6.78275,117.6,617.42
neuromorpho__A2_slide3_12.swc,2249,pyramidal,0.996436,10,1240,998,0,0,0,0,0.0131709,0,0,0,0,0,0.958969,0.139499,0.3,0.975826,0.978276,0.978276,0.978276,0.0426856,0.0426856,0.0426856,0.0426856,0.0426856,0.993576,0.993576,0,0.943118,0.975826,0.0774194,0.978276,0.978276,0,109,0.983356,0.3,0.978276,0.00917431,0.00917431,48.8,-18.4217,0,28.5217,1.77636e-15,9.59,29.29,102.56,23.1794,21.3644,309.43,398.37,89.72,17.8199,11.9715,268.24,468.78
neuromorpho__A2_slide3_20.swc,1003,pyramidal,0.994842,12,266,724,0,0,0,0,0,0,0,0,0,0,0.897184,0.22857,0.3,0.3,0.3,0.978276,0.978276,0.127617,0.127617,0.127617,0.127617,0.127617,0.993576,0.993576,0,0.990472,0.998348,0.0112782,0.86117,0.3,0.172652,68,0.922908,0.3,0.905245,0.0882353,0.0882353,36.3,-28.0418,0,15.2418,1.77636e-15,6.22,34.11,55.49,0.31778,9.69736,177.91,165.58,75.16,-8.41638,11.9041,247.33,617.12
neuromorpho__A2_slide3_8.swc,916,pyramidal,0.936743,199,327,389,0,0,0,0,0,0,0,0,0,0,0.943294,0.0871797,0.643406,0.643406,0.84226,0.933004,0.978276,0,0,0.0524017,0.0524017,0.212882,0.870899,0.827372,0,0.945564,0.643406,0.146789,0.978276,0.978276,0,39,0.954985,0.643406,0.859117,0.025641,0.025641,46.4,-10.5346,63.37,-24.0516,16.7463,134.78,105.67,41.7,-0.240278,12.4366,160.95,127.89,40.64,-12.0675,11.2252,105.53,186.71
neuromorpho__A2_slide3_9.swc,1155,pyramidal,0.896426,77,597,480,0,0,0,0,0.100403,0,0,0,0,0,0.974444,0.0543372,0.3,0.938242,0.938242,0.95028,0.998348,0.00519481,0.00519481,0.00519481,0.00519481,0.00519481,0.888509,0.938242,0.0779221,0.998348,0.998348,0,0.958445,0.938705,0,63,0.980392,0.3,0.940954,0,0,36.8,-11.2427,6.91,3.15766,3.22032,91.42,146.08,64.82,16.4109,15.899,136.24,154.01,105.64,-8.45977,24.399,126.42,165.06
neuromorpho__A2_slide3_neuron2_II_III.swc,817,pyramidal,0.995407,85,347,384,0,0,0,0,0,0,0,0,0,0,0.969997,0.0536903,0.792204,0.792204,0.857653,0.978276,0.978276,0,0,0,0.0526316,0.104039,0.817062,0.792204,0,0.99821,0.998348,0,0.978276,0.978276,0,66,0.981027,0.792204,0.978276,0,0.0151515,26.5,-22.7377,57.72,-13.203,13.3451,76.59,167.82,62.82,-5.5215,13.6594,114.28,171.07,78.69,-20.6107,16.5437,128.37,183.64
neuromorpho__A2_slide3_neuron5_II_III.swc,579,pyramidal,0.996078,5,273,300,0,0,0,0,0,0,0,0,0,0,0.973225,0.0660645,0.643406,0.978276,0.978276,0.978276,0.978276,0,0,0.0362694,0.0362694,0.044905,0.842333,0.842333,0,0.969973,0.983724,0.0769231,0.978276,0.978276,0,41,0.97333,0.643406,0.978276,0.0243902,0.0243902,30,-21.585,0,-8.205,0,10.09,6.85,96.42,24.325,22.0146,143.75,122.93,82.82,18.2035,20.2681,140.5,188.49
neuromorpho__A2_slide3_neuron6_II_III.swc,931,pyramidal,0.995476,44,547,339,0,0,0,0,0,0,0,0,0,0,0.974192,0.105306,0.3,0.978276,0.978276,0.978276,0.998348,0.0236305,0.0236305,0.0236305,0.0236305,0.0236305,0.851804,0.3,0.204545,0.997579,0.998348,0,0.952265,0.978276,0.0383481,64,0.986423,0.3,0.978276,0,0,29,-27.1136,22.7,10.3213,7.06084,22.1,169.73,76.47,3.61491,17.2597,216.65,207.32,90.88,9.15729,21.1841,205.03,300.6
neuromorpho__A3-n12-2_final.swc,884,pyramidal,0.997341,0,883,0,0,0,0,0,0,0,0,0,0,0,0.99835,5.55348e-05,0.998348,0.998348,0.998348,0.998348,0.998348,0,0,0,0,0,0,0,0,0.998348,0.998348,0,0,0,0,35,0.998395,0.998348,0.998348,0,0,50,0,0,0,0,0,0,0,0,0,76.84,85.08,0,0,0,0,0
neuromorpho__A3-n2-3_1.swc,1946,pyramidal,0.996724,0,1945,0,0,0,0,0,0,0,0,0,0,0,0.998349,3.74416e-05,0.998348,0.998348,0.998348,0.998348,0.998348,0,0,0,0,0,0,0,0,0.998348,0.998348,0,0,0,0,58,0.998376,0.998348,0.998348,0,0,76.8,0,0,0,0,0,0,0,0,0,69.96,141.23,0,0,0,0,0
neuromorpho__A3-n2-7_final.swc,2767,pyramidal,0.988433,0,2766,0,0,0,0,0,0,0,0,0,0,0,0.998348,3.14018e-05,0.998348,0.998348,0.998348,0.998348,0.998348,0,0,0,0,0,0,0,0,0.998348,0.998348,0,0,0,0,142,0.99836,0.998348,0.998348,0,0,42,0,0,0,0,0,0,0,0,0,99.73,129.84,0,0,0,0,0
neuromorpho__A3_slide2_15.swc,493,pyramidal,0.998309,26,254,212,0,0,0,0,0,0,0,0,0,0,0.977684,0.0875645,0.3,0.978276,0.978276,0.978276,0.993697,0.0162272,0.0162272,0.0162272,0.0162272,0.0162272,0.828168,0.3,0.230769,0.992406,0.998348,0.00787402,0.978276,0.978276,0,64,0.985049,0.3,0.978276,0,0,14,-14.1875,30.51,-24.261,8.48912,47.14,198.93,95.9,-2.49494,21.5228,270.54,301.02,80.88,2.52495,20.5778,245.62,305.1
neuromorpho__A3_slide2_18.swc,494,pyramidal,0.998103,31,215,247,0,0,0,0,0.0324353,0,0,0,0,0,0.869337,0.248097,0.3,0.3,0.3,0.95442,0.978276,0.153846,0.153846,0.174089,0.174089,0.178138,0.725169,0.3,0.387097,0.956804,0.948552,0.0604651,0.810766,0.3,0.246964,54,0.862787,0.3,0.3,0.166667,0.185185,16.7,-15.6314,64.38,-1.89018,16.0183,105.62,229.94,84.24,3.75092,22.7516,229.78,421.13,63.47,24.5656,12.7469,244.07,537.11
neuromorpho__A3_slide2_5.swc,1136,pyramidal,0.872304,93,500,542,0,0,0,0,0,0,0,0,0,0,0.980445,0.073853,0.3,0.978276,0.978276,0.978276,0.993576,0.0114437,0.0114437,0.0114437,0.0114437,0.0114437,0.896625,0.3,0.139785,0.998348,0.998348,0,0.978276,0.978276,0,49,0.983607,0.3,0.978276,0,0,58,-14.49,6.97,8.31871,2.37348,39.52,181.44,55.93,-6.28996,10.2751,178.1,125.06,36.37,-5.05548,6.53746,187.21,196.12
neuromorpho__A3_slide2_9.swc,2087,pyramidal,0.981061,64,770,1252,0,0,0,0,0,0,0,0,0,0,0.963933,0.107313,0.3,0.978276,0.978276,0.978276,0.978276,0.0119789,0.0426449,0.0426449,0.0426449,0.0426449,0.533672,0.533672,1,0.998348,0.998348,0,0.964732,0.978276,0.0199681,107,0.980116,0.3,0.978276,0.00934579,0.00934579,37,-9.78385,2.22,2.2051,1.03815,11.65,90.46,63.46,6.97204,14.2339,187.67,225.89,90.5,5.47326,15.7738,332.55,240.2
neuromorpho__A3_slide2_neuron2.swc,492,pyramidal,0.990697,11,308,172,0,0,0,0,0.0194716,0,0,0,0,0,0.968666,0.091197,0.3,0.944084,0.970273,0.978276,0.984087,0.00813008,0.0304878,0.0406504,0.0406504,0.0406504,0.593129,0.593129,1,0.985431,0.970273,0.0162338,0.96248,0.978056,0.0232558,60,0.972262,0.3,0.969753,0.0333333,0.0333333,15.2,-14.6633,11.01,4.0197,4.54077,21.73,69.46,77.83,-3.98991,19.0075,242.3,232.43,43.74,1.69304,10.8695,302.26,336.6
neuromorpho__A3_slide2_neuron4.swc,396,pyramidal,0.991632,26,216,153,0,0,0,0,0,0,0,0,0,0,0.925824,0.194503,0.3,0.3,0.792143,0.978276,0.993697,0.0858586,0.0858586,0.0858586,0.111111,0.111111,0.673529,0.3,0.461538,0.953237,0.998348,0.0509259,0.929511,0.978276,0.0718954,39,0.965522,0.3,0.89172,0.025641,0.102564,20.4,-14.1611,53.25,-15.5297,16.975,116.55,256.9,86.35,-8.41222,20.2602,169.92,275.48,74.26,-11.2535,18.4858,242.39,374.48
neuromorpho__A3_slide2_neuron4_II_III.swc,861,pyramidal,0.848727,168,103,589,0,0,0,0,0,0,0,0,0,0,0.936224,0.174307,0.3,0.3,0.978276,0.978276,0.978276,0.0696864,0.0696864,0.0696864,0.0696864,0.0696864,0.944116,0.993576,0.0714286,0.998348,0.998348,0,0.923,0.978276,0.0814941,58,0.974068,0.3,0.978276,0.0172414,0.0172414,33,-34.7391,27.8,5.43564,5.42025,283.39,118.4,28.26,5.45929,7.89224,67.82,144.13,103.64,-7.67597,17.0755,221.97,453.47
neuromorpho__A3_slide3_14.swc,361,pyramidal,0.993941,52,143,165,0,0,0,0,0.0237357,0,0,0,0,0,0.918701,0.195117,0.3,0.3,0.889555,0.978276,0.978276,0.0886427,0.0886427,0.0886427,0.0886427,0.166205,0.56676,0.3,0.615385,0.998348,0.998348,0,0.960097,0.897553,0,50,0.967831,0.3,0.897775,0.02,0.02,12,-14.5488,43.71,-11.6328,11.5762,146.55,519.07,81.97,-3.53622,21.4082,155.37,214.39,81.94,-5.95264,13.5462,197.57,281.33
neuromorpho__A3_slide3_20.swc,484,pyramidal,0.996573,49,168,266,0,0,0,0,0,0,0,0,0,0,0.829794,0.266427,0.3,0.3,0.3,0.792143,0.978276,0.194215,0.194215,0.194215,0.270661,0.332645,0.80706,0.788929,0,0.91119,0.691638,0.10119,0.781933,0.3,0.289474,62,0.812427,0.3,0.3,0.225806,0.290323,17.8,-12.5875,29.54,-7.15128,7.0631,87.32,294.39,86.1,17.6177,24.8977,269.24,178.91,78.95,6.3087,16.6026,197.1,499.82
neuromorpho__A3_slide3_21.swc,308,pyramidal,0.976576,3,78,226,0,0,0,0,0,0,0,0,0,0,0.795522,0.306068,0.3,0.3,0.3,0.3,0.978276,0.275974,0.275974,0.275974,0.275974,0.275974,0.938242,0.938242,0,0.997053,0.998348,0,0.723167,0.3,0.376106,48,0.785075,0.3,0.3,0.291667,0.291667,14,-13.3667,0,-4.00333,0,3.22,15.96,31.72,8.55385,6.72796,161.67,146.2,68.27,21.4102,15.9857,148.89,474.73
neuromorpho__A3_slide3_4.swc,448,pyramidal,0.993983,17,166,264,0,0,0,0,0,0,0,0,0,0,0.873637,0.25048,0.3,0.3,0.3,0.978276,0.978276,0.158482,0.158482,0.158482,0.176339,0.176339,0.955815,0.955815,0,0.988153,0.998348,0,0.795861,0.3,0.268939,54,0.904366,0.3,0.447643,0.111111,0.12963,17.7,-12.4933,12.81,0.173922,3.38673,34.71,92.66,89.4,-1.97131,22.5054,222.11,187.07,138.09,11.1299,29.0912,288.58,739.4
neuromorpho__A3_slide3_Neuron4.swc,384,pyramidal,0.99529,31,184,168,0,0,0,0,0.0251097,0,0,0,0,0,0.954304,0.119295,0.3,0.842333,0.8946,0.978276,0.978276,0.0286458,0.0286458,0.0286458,0.0286458,0.122396,0.993416,0.99359,0,0.937085,0.842333,0.0597826,0.965674,0.901553,0,52,0.973447,0.3,0.974587,0.0192308,0.0192308,14,-18.4427,17.75,3.94628,5.25663,31.69,200.45,94.36,2.96523,19.0507,284.93,434.26,81.65,10.0992,15.5794,180.32,253.91
neuromorpho__A4-2-1-15-JUN-2_final.swc,1171,pyramidal,0.997335,0,1170,0,0,0,0,0,0,0,0,0,0,0,0.998349,4.82584e-05,0.998348,0.998348,0.998348,0.998348,0.998348,0,0,0,0,0,0,0,0,0.998348,0.998348,0,0,0,0,46,0.998384,0.998348,0.998348,0,0,52,0,0,0,0,0,0,0,0,0,51.15,101.06,0,0,0,0,0
neuromorpho__A4-3-1-15-JUN-2_final.swc,1152,pyramidal,0.99738,0,1151,0,0,0,0,0,0,0,0,0,0,0,0.998349,4.86544e-05,0.998348,0.998348,0.998348,0.998348,0.998348,0,0,0,0,0,0,0,0,0.998348,0.998348,0,0,0,0,43,0.998386,0.998348,0.998348,0,0,50.8,0,0,0,0,0,0,0,0,0,68.47,98.71,0,0,0,0,0
neuromorpho__A4-N1-3_final.swc,1010,pyramidal,0.997156,0,1009,0,0,0,0,0,0,0,0,0,0,0,0.99835,5.19591e-05,0.998348,0.998348,0.998348,0.998348,0.998348,0,0,0,0,0,0,0,0,0.998348,0.998348,0,0,0,0,34,0.998396,0.998348,0.998348,0,0,60.7,0,0,0,0,0,0,0,0,0,63.58,95.24,0,0,0,0,0
neuromorpho__A4-N1-5_final.swc,871,pyramidal,0.993867,0,870,0,0,0,0,0,0,0,0,0,0,0,0.99835,5.59472e-05,0.998348,0.998348,0.998348,0.998348,0.998348,0,0,0,0,0,0,0,0,0.998348,0.998348,0,0,0,0,32,0.9984,0.998348,0.998348,0,0,57.2,0,0,0,0,0,0,0,0,0,55.01,89.78,0,0,0,0,0
neuromorpho__A4-N11-4_final.swc,1122,pyramidal,0.997628,0,1121,0,0,0,0,0,0,0,0,0,0,0,0.998349,4.93e-05,0.998348,0.998348,0.998348,0.998348,0.998348,0,0,0,0,0,0,0,0,0.998348,0.998348,0,0,0,0,50,0.998381,0.998348,0.998348,0,0,43.1,0,0,0,0,0,0,0,0,0,53.21,89.05,0,0,0,0,0
neuromorpho__A4-N4-3_final.swc,1181,pyramidal,0.996559,0,1180,0,0,0,0,0,0,0,0,0,0,0,0.998349,4.80538e-05,0.998348,0.998348,0.998348,0.998348,0.998348,0,0,0,0,0,0,0,0,0.998348,0.998348,0,0,0,0,51,0.99838,0.998348,0.998348,0,0,57,0,0,0,0,0,0,0,0,0,64.24,99.02,0,0,0,0,0
neuromorpho__A4-n2-1_final.swc,970,pyramidal,0.992679,0,969,0,0,0,0,0,0,0,0,0,0,0,0.99835,5.30185e-05,0.998348,0.998348,0.998348,0.998348,0.998348,0,0,0,0,0,0,0,0,0.998348,0.998348,0,0,0,0,46,0.998384,0.998348,0.998348,0,0,46,0,0,0,0,0,0,0,0,0,60.13,99.27,0,0,0,0,0
neuromorpho__A4-n7-1_final.swc,723,pyramidal,0.995362,0,722,0,0,0,0,0,0,0,0,0,0,0,0.99835,6.13998e-05,0.998348,0.998348,0.998348,0.998348,0.998348,0,0,0,0,0,0,0,0,0.998348,0.998348,0,0,0,0,35,0.998395,0.998348,0.998348,0,0,40.6,0,0,0,0,0,0,0,0,0,49.09,71.96,0,0,0,0,0
neuromorpho__A4_slide2_10.swc,941,pyramidal,0.994234,11,338,591,0,0,0,0,0,0,0,0,0,0,0.971942,0.0969382,0.3,0.977851,0.978056,0.978276,0.978276,0.0201913,0.0201913,0.0201913,0.0201913,0.0201913,0.993576,0.993576,0,0.998348,0.998348,0,0.956389,0.977851,0.0321489,44,0.983519,0.3,0.978122,0,0,45.7,-26.984,2.33,9.37309,0.828958,4.07,15.83,65.99,29.0446,13.8803,201.13,194.27,57.57,27.5476,14.3742,114.83,465.51
neuromorpho__A4_slide2_2.swc,471,pyramidal,0.995518,13,176,281,0,0,0,0,0,0,0,0,0,0,0.835215,0.278826,0.3,0.3,0.3,0.974105,0.978276,0.208068,0.208068,0.229299,0.229299,0.229299,0.993576,0.993576,0,0.971847,0.974033,0.0568182,0.741724,0.3,0.348754,60,0.835472,0.3,0.3,0.233333,0.233333,17,-14.08,2.51,-4.52,0.677087,31.39,102.65,86.74,-18.2132,22.9204,356.01,231.61,82.6,-26.3064,16.9149,268.16,677.09
neuromorpho__A4_slide2_20.swc,698,pyramidal,0.997632,9,250,438,0,0,0,0,0,0,0,0,0,0,0.983279,0.0168585,0.859482,0.978276,0.978276,0.978276,0.978276,0,0,0,0,0.017192,0.983256,0.983256,0,0.991979,0.998348,0,0.978276,0.978276,0,100,0.983435,0.859482,0.978276,0,0,15,-14.0957,5.37,6.71905,2.32072,48.99,16,86.99,16.5794,20.8363,310.49,162.64,88.83,19.5952,18.7956,291.35,750.22
neuromorpho__A4_slide2_21.swc,513,pyramidal,0.95526,0,173,339,0,0,0,0,0,0,0,0,0,0,0.941284,0.151516,0.3,0.638953,0.978276,0.978276,0.978276,0.042885,0.042885,0.0818713,0.0818713,0.0818713,0,0,0,0.884139,0.367791,0.219653,0.970273,0.978276,0.0117994,60,0.971026,0.3,0.977597,0.0166667,0.0166667,19,-11.7671,0,0,0,0,0,92.23,19.1879,19.3068,413.17,202.27,86.01,19.0396,16.5153,312.41,537.79
neuromorpho__A4_slide2_3.swc,591,pyramidal,0.997637,16,270,304,0,0,0,0,0,0,0,0,0,0,0.957342,0.11169,0.3,0.716168,0.974178,0.978276,0.978276,0.0169205,0.0169205,0.0507614,0.0778342,0.0778342,0.788929,0.788929,0,0.943593,0.643406,0.111111,0.978276,0.978276,0,75,0.970927,0.3,0.978276,0.0266667,0.0533333,15.6,-13.1467,7.53,-7.58083,2.83046,13.74,168.5,83.39,-0.133111,18.2254,246.73,260.35,82.62,3.65246,17.3779,196.89,582.53
neuromorpho__A4_slide2_8.swc,416,pyramidal,0.9778,179,236,0,0,0,0,0,0,0,0,0,0,0,0.863092,0.187542,0.430854,0.430854,0.600992,0.682676,0.998348,0.0673077,0.0985577,0.295673,0.322115,0.322115,0.684347,0.430854,0.687151,0.998085,0.998348,0,0,0,0,58,0.897326,0.430854,0.666354,0.206897,0.241379,14.3,-14.9964,46.66,8.91631,13.7259,138.85,172.27,44.29,10.3613,11.9051,174.41,229.81,0,0,0,0,0
neuromorpho__A4_slide2_9.swc,490,pyramidal,0.992829,19,196,274,0,0,0,0,0,0,0,0,0,0,0.97735,0.0572586,0.620938,0.978276,0.978276,0.978276,0.978276,0,0,0.0244898,0.0244898,0.0244898,0.993576,0.993576,0,0.974368,0.984087,0.0612245,0.978276,0.978276,0,58,0.980813,0.620938,0.978276,0.0172414,0.0172414,17,-14.6782,14.06,-9.43024,4.06839,17.85,65.2,26.19,1.01997,4.87659,147.53,146.26,34.13,10.8498,9.03744,206.63,292.29
neuromorpho__A4_slide2_neuron1_II_III.swc,871,pyramidal,0.990458,80,348,442,0,0,0,0,0.00688229,0,0,0,0,0,0.973507,0.0563003,0.593129,0.938242,0.938242,0.978276,0.978276,0,0.0195178,0.0195178,0.0195178,0.0195178,0.938242,0.938242,0,0.97548,0.978151,0.0488506,0.978276,0.978276,0,71,0.975324,0.593129,0.938242,0.0140845,0.0140845,26,-30.7037,39.57,-24.2076,8.85253,94.66,88.7,51.77,-1.69056,13.729,136.4,224.95,99.54,9.92486,21.6481,147.53,251.22
neuromorpho__A4_slide3_1.swc,714,pyramidal,0.995888,52,247,414,0,0,0,0,0,0,0,0,0,0,0.932405,0.182135,0.3,0.3,0.978276,0.978276,0.978276,0.0756303,0.0756303,0.0756303,0.0854342,0.0854342,0.593487,0.3,0.576923,0.992504,0.998348,0,0.938956,0.978276,0.057971,98,0.973235,0.3,0.978276,0.0102041,0.0408163,14.3,-15.9678,32.61,-8.59222,7.79969,42.68,355.82,73.58,10.5253,14.6224,236.53,203.03,85.95,-0.02157,13.5489,345.46,613.94
neuromorpho__A4_slide3_15.swc,474,pyramidal,0.99171,0,288,185,0,0,0.0654008,0.0654008,0.0260841,-0.0654008,0.0654008,0,0,0,0.956829,0.105752,0.3,0.643406,0.891652,0.978276,0.978276,0.0126582,0.0126582,0.0548523,0.0611814,0.126582,0,0,0,0.942903,0.818545,0.0902778,0.978276,0.978276,0,58,0.963876,0.3,0.890959,0.0344828,0.0517241,15,-12.9322,0,0,0,0,0,74.1,7.42427,17.464,297.29,383.42,75.61,13.5649,15.0054,185.93,397.86
neuromorpho__A4_slide3_17.swc,438,pyramidal,0.994283,26,180,231,0,0,0,0,0,0,0,0,0,0,0.934658,0.155263,0.3,0.633611,0.659779,0.978276,0.978276,0.0388128,0.0388128,0.111872,0.111872,0.111872,0.753492,0.3,0.346154,0.930865,0.659779,0.183333,0.957722,0.978276,0.030303,57,0.964803,0.3,0.978276,0.0350877,0.0701754,15.4,-11.5657,10.79,0.388022,2.62867,13.04,294.17,87.6,9.0271,23.7995,274.68,262.38,80.61,-5.5861,19.1293,310.99,362.69
neuromorpho__A4_slide3_19.swc,386,pyramidal,0.963644,8,177,200,0,0,0,0,0.00499789,0,0,0,0,0,0.716232,0.292704,0.3,0.3,0.3,0.3,0.638953,0.272021,0.272021,0.502591,0.502591,0.502591,0.608292,0.608292,1,0.825779,0.620938,0.457627,0.622181,0.3,0.525,43,0.772176,0.3,0.3,0.418605,0.418605,14.8,-14.8014,9.99,-0.144821,3.05969,4.15,48.95,68.98,10.8727,13.8836,268.55,135.23,45.15,-6.91182,9.56402,180.13,1075.65
neuromorpho__A4_slide3_21.swc,591,pyramidal,0.996558,9,361,220,0,0,0,0,0,0,0,0,0,0,0.990567,0.00978846,0.977894,0.978276,0.978276,0.978276,0.998348,0,0,0,0,0,0.977894,0.977894,0,0.998348,0.998348,0,0.978276,0.978276,0,44,0.990165,0.977894,0.978276,0,0,25.4,-20.0631,3.83,-2.02248,1.57168,4.71,27.83,47.99,6.33538,10.8627,193.33,128.4,80.47,30.3569,22.6551,96.75,220.58
neuromorpho__A4_slide3_neuron5.swc,483,pyramidal,0.997444,17,282,183,0,0,0,0,0,0,0,0,0,0,0.978858,0.0886209,0.3,0.978276,0.978276,0.978276,0.998348,0.0165631,0.0165631,0.0165631,0.0165631,0.0165631,0.912086,0.716218,0.117647,0.983186,0.998348,0.0212766,0.978276,0.978276,0,57,0.985979,0.3,0.978276,0,0,17.4,-18.7462,31.84,-25.5708,9.51119,6.19,171.81,94.52,6.55465,22.5126,373.95,233.85,76.4,13.9081,16.44,255.16,429.53
neuromorpho__A627_NeuronA_40x_Tile_Trace_RK.swc,728,pyramidal,0.996686,0,106,621,0,0,0.853022,0.853022,0.188008,0,-0.853022,0.853022,0.853022,0,0.839433,0.11187,0.592733,0.592733,0.592733,0.849424,0.856408,0,0.141484,0.141484,0.141484,0.853022,0,0,0,0.997944,0.998348,0,0.812117,0.592733,0.165862,19,0.842579,0.592733,0.592733,0.157895,0.157895,79,0,0,0,0,0,0,0,0,0,13.28,18.04,0,0,0,36.66,91.88
neuromorpho__A627_NeuronB_40x_Tile_Trace_MK.swc,743,pyramidal,0.996373,0,742,0,0,0,0,0,0,0,0,0,0,0,0.874712,0.153471,0.597019,0.597019,0.620185,0.751136,0.91994,0,0.076716,0.239569,0.269179,0.269179,0,0,0,0.874543,0.620185,0.239892,0,0,0,48,0.847346,0.597019,0.597019,0.3125,0.375,30.9,0,0,0,0,0,0,0,0,0,89.02,153.39,0,0,0,0,0
neuromorpho__A937_NeuronC_40x_Tile_Trace_MK.swc,948,pyramidal,0.996762,0,947,0,0,0,0,0,0,0,0,0,0,0,0.985133,0.0130615,0.950709,0.973294,0.974033,0.974178,0.976994,0,0,0,0,0,0,0,0,0.985118,0.974033,0,0,0,0,61,0.98185,0.950709,0.953981,0,0,30,0,0,0,0,0,0,0,0,0,117.58,281.4,0,0,0,0,0
neuromorpho__AA0306.swc,891,pyramidal,0.995316,577,313,0,0,0,0,0,0,0,0,0,0,0,0.550775,0.334987,0.3,0.3,0.3,0.3,0.3,0.640853,0.640853,0.640853,0.640853,0.640853,0.308416,0.3,0.987868,0.996117,0.998348,0.00319489,0,0,0,277,0.624897,0.3,0.3,0.534296,0.534296,6,0,1604.17,763.79,296.74,1823.18,1729.05,242.31,-4.93265,36.0888,475.8,628.07,0,0,0,0,0
neuromorpho__AA0307.swc,3389,pyramidal,0.993468,2842,546,0,0,0,0,0,0,0,0,0,0,0,0.699878,0.336714,0.3,0.3,0.3,0.3,0.982987,0.412511,0.412511,0.412511,0.422544,0.454116,0.678092,0.3,0.454961,0.812727,0.3,0.192308,0,0,0,728,0.719566,0.3,0.3,0.383242,0.406593,11,-0.00333333,1648.67,19.2375,219.355,3235.02,2950.87,412.03,69.4972,81.6979,701,1171.36,0,0,0,0,0
neuromorpho__AA0312.swc,2051,pyramidal,0.997165,1663,387,0,0,0,0,0,0,0,0,0,0,0,0.435494,0.27613,0.3,0.3,0.3,0.3,0.3,0.805948,0.805948,0.805948,0.805948,0.805948,0.304171,0.3,0.993987,0.998348,0.998348,0,0,0,0,535,0.420611,0.3,0.3,0.828037,0.828037,8,0,2467.96,-1929.34,420.599,2873.07,1742.33,184.72,0.86646,34.7866,211.85,251.84,0,0,0,0,0
neuromorpho__AA0315.swc,1714,pyramidal,0.987015,1304,409,0,0,0,0,0,0,0,0,0,0,0,0.469479,0.299368,0.3,0.3,0.3,0.3,0.3,0.757293,0.757293,0.757293,0.757293,0.757293,0.303192,0.3,0.995399,0.998348,0.998348,0,0,0,0,430,0.45823,0.3,0.3,0.774419,0.774419,8,0,2701.29,-2371.95,432.865,1731.26,1549.46,172.39,-8.32413,29.813,213.71,272.8,0,0,0,0,0
neuromorpho__AA0321.swc,1817,pyramidal,0.997463,1314,502,0,0,0,0,0,0,0,0,0,0,0,0.495615,0.31358,0.3,0.3,0.3,0.3,0.3,0.719868,0.719868,0.719868,0.719868,0.719868,0.303168,0.3,0.995434,0.998348,0.998348,0,0,0,0,484,0.489801,0.3,0.3,0.729339,0.729339,8,0,3423.77,1938.55,815.855,3268.91,3706.22,129.7,15.2692,20.2474,231.42,556.43,0,0,0,0,0
neuromorpho__AA0327.swc,3807,pyramidal,0.998437,3259,547,0,0,0,0,0,0,0,0,0,0,0,0.401432,0.246048,0.3,0.3,0.3,0.3,0.3,0.854741,0.854741,0.854741,0.854741,0.854741,0.301703,0.3,0.997545,0.994518,0.998348,0.00548446,0,0,0,479,0.472024,0.3,0.3,0.753653,0.753653,16,0,5189.71,739.706,986.507,7389.63,4657.15,168.62,-1.24793,28.1516,338.14,574.79,0,0,0,0,0
neuromorpho__AA0336.swc,3598,pyramidal,0.997703,3194,403,0,0,0,0,0,0,0,0,0,0,0,0.378796,0.220939,0.3,0.3,0.3,0.3,0.3,0.88716,0.88716,0.88716,0.88716,0.88716,0.301086,0.3,0.998435,0.993149,0.998348,0.00744417,0,0,0,1517,0.35791,0.3,0.3,0.916941,0.916941,5,0,3015.18,-177.495,743.603,3961.55,4508.12,491.53,5.25263,80.4464,447.46,499.83,0,0,0,0,0
neuromorpho__AA0339.swc,4662,pyramidal,0.997475,4038,623,0,0,0,0,0,0,0,0,0,0,0,0.395258,0.239669,0.3,0.3,0.3,0.3,0.3,0.863578,0.863578,0.863578,0.863578,0.863578,0.302062,0.3,0.997028,0.998348,0.998348,0,0,0,0,901,0.452161,0.3,0.3,0.782464,0.782464,11,0,2673.05,1212.96,597.163,2178.04,4078.22,208.68,15.7325,36.9815,296.45,372.74,0,0,0,0,0
neuromorpho__AA0342.swc,5842,pyramidal,0.997099,5466,375,0,0,0,0,0,0,0,0,0,0,0,0.346609,0.174269,0.3,0.3,0.3,0.3,0.3,0.933242,0.933242,0.933242,0.933242,0.933242,0.301777,0.3,0.997439,0.998348,0.998348,0,0,0,0,908,0.399411,0.3,0.3,0.85793,0.85793,15,0,4398.65,3080.09,773.945,2900.53,2995.33,191.77,-5.67619,31.213,265.1,320.76,0,0,0,0,0
neuromorpho__AA0347.swc,4986,pyramidal,0.997713,4246,739,0,0,0,0,0,0,0,0,0,0,0,0.404898,0.249492,0.3,0.3,0.3,0.3,0.3,0.849779,0.849779,0.849779,0.849779,0.849779,0.30147,0.3,0.99788,0.998348,0.998348,0,0,0,0,851,0.426444,0.3,0.3,0.819036,0.819036,13,0,4214.59,2843.17,643.379,2828.62,2153.23,278.25,-21.1839,43.6514,307.06,319.91,0,0,0,0,0
neuromorpho__AA0354.swc,2584,pyramidal,0.997707,2448,135,0,0,0,0,0,0,0,0,0,0,0,0.339977,0.162189,0.3,0.3,0.3,0.3,0.3,0.942724,0.942724,0.942724,0.942724,0.942724,0.3034,0.3,0.995098,0.998348,0.998348,0,0,0,0,669,0.342323,0.3,0.3,0.940209,0.940209,8,0,3919.9,2597.36,970.64,2548.81,2155.33,168.34,1.83089,33.0821,190.47,277.21,0,0,0,0,0
neuromorpho__AA0356.swc,4016,pyramidal,0.99768,3678,337,0,0,0,0,0,0,0,0,0,0,0,0.360158,0.195923,0.3,0.3,0.3,0.3,0.3,0.913845,0.913845,0.913845,0.913845,0.913845,0.301509,0.3,0.997825,0.998348,0.998348,0,0,0,0,982,0.388988,0.3,0.3,0.872709,0.872709,9,0,6235.61,1564.56,1321.01,4462.04,4036.84,212.06,0.422344,36.0976,171.98,413.48,0,0,0,0,0
neuromorpho__AA0357.swc,1795,pyramidal,0.996511,1580,214,0,0,0,0,0,0,0,0,0,0,0,0.38635,0.229852,0.3,0.3,0.3,0.3,0.3,0.876323,0.876323,0.876323,0.876323,0.876323,0.303512,0.3,0.994937,0.995085,0.998348,0.0046729,0,0,0,447,0.440529,0.3,0.3,0.798658,0.798658,8,0,3849.45,2203.28,869.723,3077.05,3899.54,224.27,-10.4635,42.7967,395.05,538.19,0,0,0,0,0
neuromorpho__AA0358.swc,5381,pyramidal,0.99661,4698,682,0,0,0,0,0,0,0,0,0,0,0,0.390316,0.234324,0.3,0.3,0.3,0.3,0.3,0.870656,0.870656,0.870656,0.870656,0.870656,0.30192,0.3,0.997233,0.998348,0.998348,0,0,0,0,743,0.448646,0.3,0.3,0.787349,0.787349,17,0.00333333,5230.63,-2372.3,1125.86,4044.64,4225.4,240.19,-16.8969,39.0901,329.37,401.3,0,0,0,0,0
neuromorpho__AA0359.swc,2511,pyramidal,0.997929,2275,235,0,0,0,0,0,0,0,0,0,0,0,0.366183,0.20453,0.3,0.3,0.3,0.3,0.3,0.905217,0.905217,0.905217,0.905217,0.905217,0.301525,0.3,0.997802,0.989433,0.998348,0.012766,0,0,0,719,0.369598,0.3,0.3,0.899861,0.899861,7,0,3326.39,1453.99,522.178,4260.34,3807.04,311.57,-23.1636,64.4013,338.38,471.52,0,0,0,0,0
neuromorpho__AA0365.swc,5205,pyramidal,0.997847,4397,807,0,0,0,0,0,0,0,0,0,0,0,0.409741,0.254143,0.3,0.3,0.3,0.3,0.3,0.842843,0.842843,0.842843,0.842843,0.842843,0.301578,0.3,0.997726,0.998348,0.998348,0,0,0,0,957,0.460622,0.3,0.3,0.770115,0.770115,12,0,5269.43,1289.56,1435.58,4828.39,3997.37,230.73,-15.0583,39.6913,314.1,378.24,0,0,0,0,0
neuromorpho__AA0369.swc,2086,pyramidal,0.997307,1739,346,0,0,0,0,0,0,0,0,0,0,0,0.42016,0.263547,0.3,0.3,0.3,0.3,0.3,0.8279,0.8279,0.8279,0.8279,0.8279,0.304787,0.3,0.993099,0.998348,0.998348,0,0,0,0,393,0.488892,0.3,0.3,0.73028,0.73028,12,0,2517.49,-1192.13,554.835,5014.81,3670.36,220,9.41321,35.9267,431.65,368.1,0,0,0,0,0
neuromorpho__AA0371.swc,3068,pyramidal,0.997491,2607,460,0,0,0,0,0,0,0,0,0,0,0,0.407422,0.251927,0.3,0.3,0.3,0.3,0.3,0.846154,0.846154,0.846154,0.846154,0.846154,0.302927,0.3,0.995781,0.998348,0.998348,0,0,0,0,742,0.427195,0.3,0.3,0.818059,0.818059,8,0,3730.13,-2331.4,766.898,4393.8,2874.65,238.3,13.2713,44.619,301.03,380.56,0,0,0,0,0
neuromorpho__AA0374.swc,6307,pyramidal,0.994052,6096,210,0,0,0,0,0,0,0,0,0,0,0,0.369656,0.208732,0.3,0.3,0.3,0.3,0.3,0.899794,0.899794,0.899794,0.899794,0.899794,0.347895,0.3,0.930938,0.998348,0.998348,0,0,0,0,355,0.506342,0.3,0.3,0.701408,0.704225,24,0,7770.65,-2193.78,2926.13,2995.76,6905.19,188.38,-5.96538,32.957,365.67,361.97,0,0,0,0,0
neuromorpho__AA0393.swc,22396,pyramidal,0.997079,21975,420,0,0,0,0,0,0,0,0,0,0,0,0.352864,0.184215,0.3,0.3,0.3,0.3,0.3,0.923915,0.923915,0.923915,0.923915,0.923915,0.341101,0.3,0.940751,0.966756,0.998348,0.0452381,0,0,0,630,0.481049,0.3,0.3,0.746032,0.752381,96.2,0,4862.37,1955.76,1491.98,3935.68,5348.59,294.99,-14.211,47.0684,357.97,807.03,0,0,0,0,0
neuromorpho__AA0397.swc,60425,pyramidal,0.99799,59647,777,0,0,0,0,0,0,0,0,0,0,0,0.322182,0.122216,0.3,0.3,0.3,0.3,0.3,0.968109,0.968109,0.968109,0.968109,0.968109,0.313479,0.3,0.980569,0.98936,0.998348,0.01287,0,0,0,1139,0.418009,0.3,0.3,0.835821,0.836699,139,0,6867.34,1125.45,1332.51,8514.36,6331.75,286.34,-9.34483,52.3307,360.47,661.81,0,0,0,0,0
neuromorpho__AA0408.swc,17231,pyramidal,0.998089,16878,352,0,0,0,0,0,0,0,0,0,0,0,0.3226,0.123422,0.3,0.3,0.3,0.3,0.3,0.967558,0.967558,0.967558,0.967558,0.967558,0.308508,0.3,0.987736,0.996364,0.998348,0.00284091,0,0,0,437,0.446717,0.3,0.3,0.789474,0.789474,110.4,0,3776.3,-27.4676,590.765,7703.07,4674.71,241.35,-0.68625,40.2787,382.89,483.8,0,0,0,0,0
neuromorpho__AA0414.swc,3107,pyramidal,0.998447,2802,304,0,0,0,0,0,0,0,0,0,0,0,0.386861,0.230279,0.3,0.3,0.3,0.3,0.3,0.875443,0.875443,0.875443,0.875443,0.875443,0.320548,0.3,0.970378,0.996051,0.998348,0.00328947,0,0,0,354,0.452892,0.3,0.3,0.779661,0.782486,11,0,7187.71,-2329.89,2803.15,6692.54,4170.39,189.34,1.83306,42.4303,281.19,554.48,0,0,0,0,0
neuromorpho__AA0424.swc,9156,pyramidal,0.996939,8590,565,0,0,0,0,0,0,0,0,0,0,0,0.44477,0.282256,0.3,0.3,0.3,0.3,0.3,0.791721,0.791721,0.791721,0.791721,0.791721,0.408375,0.3,0.843772,0.997112,0.998348,0.00176991,0,0,0,316,0.714371,0.3,0.3,0.43038,0.433544,88.5,0,4101.46,591.212,734.96,3435.52,2918.48,302.88,-29.8884,52.8949,410.18,507.53,0,0,0,0,0
neuromorpho__AA0426.swc,15313,pyramidal,0.997207,15009,303,0,0,0,0,0,0,0,0,0,0,0,0.314362,0.0991028,0.3,0.3,0.3,0.3,0.3,0.979429,0.979429,0.979429,0.979429,0.979429,0.300508,0.3,0.999267,0.998348,0.998348,0,0,0,0,314,0.471752,0.3,0.3,0.754777,0.754777,124,0,3367.98,-1017.14,680.562,6170.71,5706.86,164.72,-2.4869,26.8711,337.16,532.16,0,0,0,0,0
neuromorpho__AA0439.swc,9427,pyramidal,0.998155,8599,827,0,0,0,0,0,0,0,0,0,0,0,0.379564,0.221656,0.3,0.3,0.3,0.3,0.3,0.88586,0.88586,0.88586,0.88586,0.88586,0.323879,0.3,0.965577,0.957815,0.998348,0.0580411,0,0,0,1251,0.402031,0.3,0.3,0.856115,0.859313,16,0,8836.96,1733.37,2249.6,6565.36,6753.81,374.65,-13.3208,65.1752,613.26,859.08,0,0,0,0,0
neuromorpho__AA0451.swc,5808,pyramidal,0.997247,4787,1020,0,0,0,0,0,0,0,0,0,0,0,0.424198,0.267024,0.3,0.3,0.3,0.3,0.3,0.822142,0.822142,0.822142,0.822142,0.822142,0.301739,0.3,0.997493,0.998348,0.998348,0,0,0,0,1292,0.420843,0.3,0.3,0.827399,0.827399,10,0,3942.82,2698.38,747.83,3801.01,3121.4,203.72,6.31223,30.4059,310.02,400.09,0,0,0,0,0
neuromorpho__AA0463.swc,652,pyramidal,0.929089,432,219,0,0,0,0,0,0,0,0,0,0,0,0.795246,0.315246,0.3,0.3,0.3,0.3,0.993697,0.288344,0.288344,0.288344,0.288344,0.288344,0.69181,0.3,0.435185,0.998348,0.998348,0,0,0,0,161,0.779319,0.3,0.3,0.310559,0.329193,8,0,784.53,107.474,147.604,911.71,1411.18,178.54,-23.0164,34.1888,229.55,373.61,0,0,0,0,0
neuromorpho__AA0464.swc,2184,pyramidal,0.997586,1925,258,0,0,0,0,0,0,0,0,0,0,0,0.569844,0.33838,0.3,0.3,0.3,0.3,0.3,0.611264,0.611264,0.611264,0.611264,0.611264,0.536037,0.3,0.65974,0.820418,0.3,0.251938,0,0,0,342,0.584907,0.3,0.3,0.593567,0.628655,16.9,0,1851.31,-233.759,322.107,3093.73,4686.65,379.41,3.10744,59.3194,388.36,604.31,0,0,0,0,0
neuromorpho__AA0466.swc,5516,pyramidal,0.998265,5132,383,0,0,0,0,0,0,0,0,0,0,0,0.356661,0.190574,0.3,0.3,0.3,0.3,0.3,0.918782,0.918782,0.918782,0.918782,0.918782,0.309327,0.3,0.986555,0.989231,0.998348,0.0130548,0,0,0,740,0.406393,0.3,0.3,0.847297,0.848649,16,0,7255.58,-720.42,1729.85,4762.43,5199.92,216.82,8.00313,36.6861,302.94,511.11,0,0,0,0,0
neuromorpho__AA0483.swc,1697,pyramidal,0.998268,1527,169,0,0,0,0,0,0,0,0,0,0,0,0.38631,0.229673,0.3,0.3,0.3,0.3,0.3,0.876252,0.876252,0.876252,0.876252,0.876252,0.318171,0.3,0.973805,0.998348,0.998348,0,0,0,0,311,0.467319,0.3,0.3,0.762058,0.762058,10,0,4191.56,81.3976,988.815,4812.68,8034.06,261.64,-20.9728,47.5079,312.91,500.83,0,0,0,0,0
neuromorpho__AA0490.swc,2905,pyramidal,0.997951,2361,543,0,0,0,0,0,0,0,0,0,0,0,0.500489,0.315407,0.3,0.3,0.3,0.3,0.3,0.71222,0.71222,0.71222,0.71222,0.71222,0.388438,0.3,0.872512,0.986773,0.998348,0.0165746,0,0,0,495,0.537324,0.3,0.3,0.664646,0.666667,12,0,2712.63,-310.829,634.662,5572.45,5132.66,239.05,-8.45888,48.6215,721.18,704.36,0,0,0,0,0
neuromorpho__AA0500.swc,531,pyramidal,0.992161,261,269,0,0,0,0,0,0,0,0,0,0,0,0.656143,0.344209,0.3,0.3,0.3,0.3,0.792143,0.480226,0.480226,0.480226,0.512241,0.512241,0.358473,0.3,0.915709,0.943683,0.792143,0.0594796,0,0,0,114,0.745114,0.3,0.3,0.359649,0.377193,8.7,0,829.9,-383.801,261.653,2055.41,1118.14,209.65,1.0419,41.6683,323.64,700.59,0,0,0,0,0
neuromorpho__AA0505.swc,2078,pyramidal,0.997937,1979,98,0,0,0,0,0,0,0,0,0,0,0,0.322447,0.122167,0.3,0.3,0.3,0.3,0.3,0.967276,0.967276,0.967276,0.967276,0.967276,0.301753,0.3,0.997473,0.73343,0.3,0.367347,0,0,0,244,0.345418,0.3,0.3,0.930328,0.942623,16.7,0,8734.59,-927.542,2496.81,6554.76,3867.19,351.4,67.8954,76.3606,524.15,806.35,0,0,0,0,0
neuromorpho__AA0507.swc,367,pyramidal,0.898358,218,148,0,0,0,0,0,0,0,0,0,0,0,0.577441,0.341345,0.3,0.3,0.3,0.3,0.3,0.60218,0.60218,0.60218,0.60218,0.60218,0.395463,0.3,0.862385,0.842635,0.3,0.222973,0,0,0,36,0.817025,0.3,0.351007,0.305556,0.333333,22,0,2373.6,472.909,610.589,1144.03,3545.25,647.99,-15.624,116.425,651.63,818.21,0,0,0,0,0
neuromorpho__AA0518.swc,1528,pyramidal,0.998178,1077,450,0,0,0,0,0,0,0,0,0,0,0,0.510663,0.320495,0.3,0.3,0.3,0.3,0.3,0.698298,0.698298,0.698298,0.698298,0.698298,0.306441,0.3,0.990715,0.998348,0.998348,0,0,0,0,412,0.509293,0.3,0.3,0.701456,0.701456,8,0,3247.35,-669.102,646.434,3780.13,3113.05,173.63,0.872844,33.4667,251.27,287.05,0,0,0,0,0
neuromorpho__AA0523.swc,4819,pyramidal,0.997499,4535,283,0,0,0,0,0,0,0,0,0,0,0,0.362746,0.199447,0.3,0.3,0.3,0.3,0.3,0.90994,0.90994,0.90994,0.90994,0.90994,0.323404,0.3,0.966262,0.990945,0.998348,0.0106007,0,0,0,177,0.701165,0.3,0.3,0.429379,0.429379,48.4,0,3878.27,574.526,984.518,6304.79,5150.87,156.87,-11.0319,26.733,268.08,750.4,0,0,0,0,0
neuromorpho__AA0529.swc,983,pyramidal,0.998358,810,172,0,0,0,0,0,0,0,0,0,0,0,0.475127,0.302305,0.3,0.3,0.3,0.3,0.3,0.748728,0.748728,0.748728,0.748728,0.748728,0.363375,0.3,0.908642,0.998348,0.998348,0,0,0,0,257,0.48302,0.3,0.3,0.7393,0.7393,7,0,6800.73,2582.14,2421.01,3771.5,7597.39,86.15,7.81605,18.0517,220.92,457.49,0,0,0,0,0
neuromorpho__AA0534.swc,1942,pyramidal,0.9984,1619,322,0,0,0,0,0,0,0,0,0,0,0,0.414587,0.258093,0.3,0.3,0.3,0.3,0.3,0.835221,0.835221,0.835221,0.835221,0.838826,0.304285,0.3,0.993823,0.967365,0.998348,0.0403727,0,0,0,309,0.520534,0.3,0.3,0.686084,0.686084,13,0,2976.21,-601.273,776.752,6137.16,5265.45,167.76,6.12745,27.4138,413.48,917.23,0,0,0,0,0
neuromorpho__AA0535.swc,7756,pyramidal,0.997613,7159,596,0,0,0,0,0,0,0,0,0,0,0,0.391396,0.235136,0.3,0.3,0.3,0.3,0.3,0.868747,0.868747,0.868747,0.868747,0.868747,0.342829,0.3,0.93826,0.973742,0.998348,0.0352349,0,0,0,1207,0.453234,0.3,0.3,0.786247,0.788732,15,0,4344.74,33.5226,1187.47,5028.8,7379.05,237.18,14.7737,41.4844,646.8,576.41,0,0,0,0,0
neuromorpho__AA0539.swc,1235,pyramidal,0.99331,796,438,0,0,0,0,0,0,0,0,0,0,0,0.53635,0.330429,0.3,0.3,0.3,0.3,0.3,0.661538,0.661538,0.661538,0.661538,0.661538,0.303485,0.3,0.994975,0.958488,0.998348,0.0570776,0,0,0,218,0.535582,0.3,0.3,0.655963,0.665138,11,0,3907.55,-198.747,644.85,2300.27,3101.07,243.43,4.686,46.4636,396.65,579.11,0,0,0,0,0
neuromorpho__AA0550.swc,951,pyramidal,0.997497,815,135,0,0,0,0,0,0,0,0,0,0,0,0.426126,0.268417,0.3,0.3,0.3,0.3,0.3,0.819138,0.819138,0.819138,0.819138,0.819138,0.331493,0.3,0.954601,0.993175,0.998348,0.00740741,0,0,0,144,0.528395,0.3,0.3,0.673611,0.673611,16,0,3582.99,-1088.67,1046.01,1920.72,4201.51,147.54,17.977,24.4369,263.95,495.85,0,0,0,0,0
neuromorpho__AA0562.swc,815,pyramidal,0.984977,379,435,0,0,0,0,0,0,0,0,0,0,0,0.762917,0.329447,0.3,0.3,0.3,0.3,0.998348,0.336196,0.336196,0.336196,0.336196,0.336196,0.508658,0.3,0.699208,0.983899,0.998348,0.0206897,0,0,0,212,0.809495,0.3,0.3,0.278302,0.287736,7,0,2231.74,88.4435,483.984,5149.43,4247.97,206.46,-11.7314,41.6215,435.96,845.34,0,0,0,0,0
neuromorpho__AA0578.swc,4398,pyramidal,0.998406,4055,342,0,0,0,0,0,0,0,0,0,0,0,0.407935,0.251948,0.3,0.3,0.3,0.3,0.3,0.84493,0.84493,0.84493,0.84493,0.84493,0.357993,0.3,0.9164,0.998348,0.998348,0,0,0,0,856,0.4802,0.3,0.3,0.740654,0.748832,11,0,4022.27,503.293,833.735,7132.59,4434.97,274.39,-4.28161,41.6779,322.85,443.38,0,0,0,0,0
neuromorpho__AA0581.swc,3258,pyramidal,0.997124,2655,602,0,0,0,0,0,0,0,0,0,0,0,0.431169,0.272741,0.3,0.3,0.3,0.3,0.3,0.812155,0.812155,0.812155,0.812155,0.812155,0.302352,0.3,0.99661,0.998348,0.998348,0,0,0,0,1017,0.428046,0.3,0.3,0.817109,0.817109,7,0,3666.06,1973.84,719.719,2890.87,3763.2,195.03,-2.54668,30.7095,296.64,326.78,0,0,0,0,0
neuromorpho__AA0583.swc,5202,pyramidal,0.998009,4344,857,0,0,0,0,0,0,0,0,0,0,0,0.444075,0.282295,0.3,0.3,0.3,0.3,0.3,0.793349,0.793349,0.793349,0.793349,0.793349,0.342797,0.3,0.938306,0.956789,0.998348,0.0595099,0,0,0,1048,0.456022,0.3,0.3,0.776718,0.788168,11,0,6954.43,-2888.72,1794.49,5280.23,3971.24,480.4,11.8405,61.822,562.55,760.86,0,0,0,0,0
neuromorpho__AA0593.swc,1956,pyramidal,0.998044,1557,398,0,0,0,0,0,0,0,0,0,0,0,0.444583,0.282941,0.3,0.3,0.3,0.3,0.3,0.792945,0.792945,0.792945,0.792945,0.792945,0.302673,0.3,0.996146,0.998348,0.998348,0,0,0,0,657,0.438557,0.3,0.3,0.802131,0.802131,6,0,4393.33,-95.089,872.787,3924.8,4713.2,97.7,1.01714,16.1443,221.13,326.32,0,0,0,0,0
neuromorpho__AA0605.swc,3192,pyramidal,0.992917,3030,161,0,0,0,0,0,0,0,0,0,0,0,0.337168,0.156711,0.3,0.3,0.3,0.3,0.3,0.946742,0.946742,0.946742,0.946742,0.946742,0.303892,0.3,0.994389,0.95931,0.998348,0.0559006,0,0,0,335,0.416151,0.3,0.3,0.832836,0.835821,29.6,0,3445.86,210.776,623.412,2486.13,4230.29,93.84,-0.924783,20.521,139.35,671.49,0,0,0,0,0
neuromorpho__AA0623.swc,6825,pyramidal,0.996992,6623,201,0,0,0,0,0,0,0,0,0,0,0,0.322905,0.124342,0.3,0.3,0.3,0.3,0.3,0.967179,0.967179,0.967179,0.967179,0.967179,0.302304,0.3,0.996678,0.998348,0.998348,0,0,0,0,181,0.486927,0.3,0.3,0.734807,0.734807,100,0,1795.88,-63.5776,322.54,3455.93,3922.91,144.05,4.48881,21.9393,247.81,697.87,0,0,0,0,0
neuromorpho__AA0626.swc,11290,pyramidal,0.997075,10939,350,0,0,0,0,0,0,0,0,0,0,0,0.325828,0.131721,0.3,0.3,0.3,0.3,0.3,0.962976,0.962976,0.962976,0.962976,0.962976,0.304312,0.3,0.993784,0.996353,0.998348,0.00285714,0,0,0,358,0.47454,0.3,0.3,0.748603,0.751397,75,0,3452.98,-823.638,722.389,1734.87,4862.29,236.08,17.0923,41.5753,325.52,490.01,0,0,0,0,0
neuromorpho__AA0628.swc,8590,pyramidal,0.997374,8445,144,0,0,0,0,0,0,0,0,0,0,0,0.339569,0.161052,0.3,0.3,0.3,0.3,0.3,0.943073,0.943073,0.943073,0.943073,0.943073,0.328257,0.3,0.959266,0.998348,0.998348,0,0,0,0,267,0.520018,0.3,0.3,0.685393,0.692884,89.2,0,2980.83,-433.915,512.549,3941.84,4379.41,75,-0.974514,14.4175,333.23,563.46,0,0,0,0,0
neuromorpho__AA0637.swc,2610,pyramidal,0.99708,2279,330,0,0,0,0,0,0,0,0,0,0,0,0.423914,0.266489,0.3,0.3,0.3,0.3,0.3,0.822222,0.822222,0.822222,0.822222,0.822222,0.340483,0.3,0.941641,0.998348,0.998348,0,0,0,0,120,0.837552,0.3,0.3,0.233333,0.233333,35.3,0,1000.04,-27.7945,289.929,4236.53,3318.88,69.15,-3.15594,12.4591,217.68,483.51,0,0,0,0,0
neuromorpho__AA0647.swc,1222,pyramidal,0.997285,994,227,0,0,0,0,0,0,0,0,0,0,0,0.46322,0.295277,0.3,0.3,0.3,0.3,0.3,0.765957,0.765957,0.765957,0.765957,0.765957,0.341175,0.3,0.940644,0.995271,0.998348,0.00440529,0,0,0,179,0.566501,0.3,0.3,0.620112,0.625698,16.2,0,3616.81,163.324,717.187,2208.6,5515.81,144.08,4.39903,25.4739,330.69,414.04,0,0,0,0,0
neuromorpho__AA0685.swc,2787,pyramidal,0.997984,2344,442,0,0,0,0,0,0,0,0,0,0,0,0.423441,0.266278,0.3,0.3,0.3,0.3,0.3,0.823107,0.823107,0.823107,0.823107,0.823107,0.316277,0.3,0.976536,0.990448,0.998348,0.0113122,0,0,0,418,0.510107,0.3,0.3,0.698565,0.700957,14,0,4807.46,-1818.97,1434.34,3151.81,6643.07,335.51,-24.8719,44.4823,573.28,523.8,0,0,0,0,0
neuromorpho__AA0703.swc,1275,pyramidal,0.992696,1010,264,0,0,0,0,0,0,0,0,0,0,0,0.47072,0.299931,0.3,0.3,0.3,0.3,0.3,0.755294,0.755294,0.755294,0.755294,0.755294,0.332281,0.3,0.953465,0.998348,0.998348,0,0,0,0,367,0.474947,0.3,0.3,0.752044,0.752044,7,0,1632.39,742.858,298.859,2512.19,1416.32,163.04,4.10867,31.0175,402.02,771.53,0,0,0,0,0
neuromorpho__AA0705.swc,1264,pyramidal,0.998135,1082,181,0,0,0,0,0,0,0,0,0,0,0,0.469697,0.298973,0.3,0.3,0.3,0.3,0.3,0.756329,0.756329,0.756329,0.756329,0.756329,0.382064,0.3,0.881701,0.990631,0.998348,0.0110497,0,0,0,274,0.509807,0.3,0.3,0.70073,0.70073,8,0,4787.7,848.15,1121.53,6637.02,6664.55,149.4,1.93895,27.6502,313.35,434.63,0,0,0,0,0
neuromorpho__AA0707.swc,1746,pyramidal,0.998199,1475,270,0,0,0,0,0,0,0,0,0,0,0,0.429053,0.270876,0.3,0.3,0.3,0.3,0.3,0.815006,0.815006,0.815006,0.815006,0.815006,0.324456,0.3,0.964746,0.998348,0.998348,0,0,0,0,386,0.43396,0.3,0.3,0.80829,0.810881,9,0,4887.16,-955.793,1115.67,5928.06,7130.12,158.74,-5.76752,28.2079,312.27,448.12,0,0,0,0,0
neuromorpho__AA0709.swc,1016,pyramidal,0.997511,811,204,0,0,0,0,0,0,0,0,0,0,0,0.442938,0.281724,0.3,0.3,0.3,0.3,0.3,0.795276,0.795276,0.795276,0.795276,0.795276,0.305988,0.3,0.991369,0.984655,0.998348,0.0196078,0,0,0,190,0.427736,0.3,0.3,0.815789,0.815789,11,0,3102.1,2235.5,509.183,4819.66,3190.5,244.25,-16.8083,38.7895,420.6,533.17,0,0,0,0,0
neuromorpho__AA0717.swc,1455,pyramidal,0.994166,1122,332,0,0,0,0,0,0,0,0,0,0,0,0.470725,0.299965,0.3,0.3,0.3,0.3,0.3,0.755326,0.755326,0.755326,0.755326,0.755326,0.327822,0.3,0.959893,0.952072,0.998348,0.0662651,0,0,0,140,0.537824,0.3,0.3,0.657143,0.664286,21,0,1279.14,-540.068,285.322,1303.34,2770.2,151.22,-14.6919,23.7491,325.43,619.19,0,0,0,0,0
neuromorpho__AA0722.swc,4952,pyramidal,0.997581,4753,198,0,0,0,0,0,0.00150935,0,0,0,0,0,0.391206,0.230647,0.3,0.3,0.3,0.3,0.3,0.860258,0.872173,0.872173,0.873788,0.877625,0.371953,0.3,0.896276,0.850325,0.584058,0.29798,0,0,0,214,0.572984,0.3,0.3,0.635514,0.649533,34.7,0,4066.56,-685.208,1365.94,4724.54,6175.91,138.81,1.30364,33.5244,223.85,332.25,0,0,0,0,0
neuromorpho__AA0727.swc,2371,pyramidal,0.997963,2224,146,0,0,0,0,0,0,0,0,0,0,0,0.357341,0.19155,0.3,0.3,0.3,0.3,0.3,0.917756,0.917756,0.917756,0.917756,0.917756,0.314972,0.3,0.978417,0.998348,0.998348,0,0,0,0,233,0.476027,0.3,0.3,0.746781,0.751073,28.6,0,3536.3,-1877.42,701.968,2414.86,3940.62,136.25,6.7761,26.6923,232.52,751.68,0,0,0,0,0
neuromorpho__AA0742.swc,13889,pyramidal,0.99824,13681,207,0,0,0,0,0,0,0,0,0,0,0,0.336231,0.154496,0.3,0.3,0.3,0.3,0.3,0.947872,0.947872,0.947872,0.947872,0.947872,0.326164,0.3,0.962283,0.998348,0.998348,0,0,0,0,749,0.455979,0.3,0.3,0.785047,0.787717,43.2,0,8544.64,214.925,2109.55,6830.86,5195.87,166.77,5.58691,27.9927,247.03,871.44,0,0,0,0,0
neuromorpho__AA0743.swc,3901,pyramidal,0.998374,3687,213,0,0,0,0,0,0,0,0,0,0,0,0.366306,0.204315,0.3,0.3,0.3,0.3,0.3,0.90464,0.90464,0.904896,0.904896,0.904896,0.330292,0.3,0.956333,0.98674,0.998348,0.0187793,0,0,0,469,0.453371,0.3,0.3,0.78678,0.791045,20,0,7806.07,182.784,1919.93,4701.99,3798.81,144.22,-8.91319,27.9592,450.68,673.65,0,0,0,0,0
neuromorpho__AA0750.swc,4513,pyramidal,0.997789,4055,457,0,0,0,0,0,0,0,0,0,0,0,0.371639,0.21188,0.3,0.3,0.3,0.3,0.3,0.897407,0.897407,0.897407,0.897407,0.897407,0.301026,0.3,0.99852,0.99682,0.998348,0.00218818,0,0,0,1307,0.373741,0.3,0.3,0.894415,0.894415,7,0,3078.16,1480.05,800.691,3380.7,3494.23,278.73,-5.76175,50.6544,349.31,405.69,0,0,0,0,0
neuromorpho__AA0751.swc,2854,pyramidal,0.991442,2656,197,0,0,0,0,0,0,0,0,0,0,0,0.327395,0.135547,0.3,0.3,0.3,0.3,0.3,0.960757,0.960757,0.960757,0.960757,0.960757,0.301828,0.3,0.997364,0.668671,0.3,0.472081,0,0,0,840,0.319114,0.3,0.3,0.972619,0.975,7,0,3169.89,-1153.48,679.699,2612.72,5074.43,267.2,15.7539,52.4637,734.53,1029.16,0,0,0,0,0
neuromorpho__AA0753.swc,2224,pyramidal,0.997779,2007,216,0,0,0,0,0,0,0,0,0,0,0,0.370007,0.209706,0.3,0.3,0.3,0.3,0.3,0.89973,0.89973,0.89973,0.89973,0.89973,0.302765,0.3,0.996014,0.991882,0.998348,0.00925926,0,0,0,491,0.396732,0.3,0.3,0.861507,0.863544,10,0,3442.77,-1902.63,650.968,2094.15,4053.55,139.98,7.62269,24.7851,329.4,568.86,0,0,0,0,0
neuromorpho__AA0756.swc,2408,pyramidal,0.996885,2243,164,0,0,0,0,0,0,0,0,0,0,0,0.350445,0.180754,0.3,0.3,0.3,0.3,0.3,0.927741,0.927741,0.927741,0.927741,0.927741,0.302783,0.3,0.995988,0.998348,0.998348,0,0,0,0,553,0.386077,0.3,0.3,0.877034,0.877034,9,0,2327.84,1637.76,327.383,2833.86,2411.57,223.89,11.7951,38.7888,254.96,374.57,0,0,0,0,0
neuromorpho__AA0765.swc,15281,pyramidal,0.997545,15129,151,0,0,0,0,0,0,0,0,0,0,0,0.391429,0.234727,0.3,0.3,0.3,0.3,0.3,0.868268,0.868268,0.868268,0.868268,0.868268,0.385331,0.3,0.876991,0.998348,0.998348,0,0,0,0,380,0.580079,0.3,0.3,0.615789,0.631579,95.1,0,3345.36,185.582,554.742,6812.18,3410.76,335.65,9.34093,62.7486,228.46,545.77,0,0,0,0,0
neuromorpho__AA0767.swc,12578,pyramidal,0.997657,11931,646,0,0,0,0,0,0,0,0,0,0,0,0.339562,0.161386,0.3,0.3,0.3,0.3,0.3,0.943314,0.943314,0.943314,0.943314,0.943314,0.303954,0.3,0.994301,0.996186,0.998348,0.00309598,0,0,0,1279,0.397258,0.3,0.3,0.861611,0.861611,23,0,7571.25,1649.47,1661.59,7835.17,7095.08,258.54,-10.6044,43.1655,445.71,671.29,0,0,0,0,0
neuromorpho__AA0771.swc,1605,pyramidal,0.979204,1437,167,0,0,0,0,0,0,0,0,0,0,0,0.805738,0.308863,0.3,0.3,0.3,0.3,0.993697,0.271651,0.271651,0.271651,0.271651,0.271651,0.783705,0.3,0.302714,0.994166,0.998348,0.00598802,0,0,0,475,0.892124,0.3,0.351385,0.141053,0.185263,8,0,1466.87,30.0058,184.776,1561.94,1580.52,349.09,-31.729,73.6902,530.3,505.34,0,0,0,0,0
neuromorpho__AA0772.swc,10738,pyramidal,0.997691,10108,629,0,0,0,0,0,0,0,0,0,0,0,0.342427,0.166736,0.3,0.3,0.3,0.3,0.3,0.939188,0.939188,0.939188,0.939188,0.939188,0.304378,0.3,0.993668,0.952828,0.998348,0.0651828,0,0,0,794,0.431298,0.3,0.3,0.811083,0.812343,35,0,5413.64,-3361.05,951.916,6197.49,7314.76,470.64,12.1365,57.1475,436.38,669.46,0,0,0,0,0
neuromorpho__AA0776.swc,3143,pyramidal,0.997239,2912,230,0,0,0,0,0,0.000820833,0,0,0,0,0,0.380118,0.221326,0.3,0.3,0.3,0.3,0.3,0.883869,0.883869,0.883869,0.883869,0.887687,0.341212,0.3,0.940591,0.870007,0.3,0.169565,0,0,0,158,0.55343,0.3,0.3,0.651899,0.651899,56.6,0.00333333,3709.69,-158.018,743.78,3431.02,3848.83,313.61,59.3687,55.277,530.65,902.31,0,0,0,0,0
neuromorpho__AA0794.swc,7576,pyramidal,0.995978,7086,489,0,0,0,0,0,0,0,0,0,0,0,0.359085,0.194178,0.3,0.3,0.3,0.3,0.3,0.915259,0.915259,0.915259,0.915259,0.915259,0.315076,0.3,0.978267,0.995492,0.998348,0.00408998,0,0,0,957,0.426969,0.3,0.3,0.819227,0.819227,15,0,4858.12,-1504.68,1093.13,6259.98,4812.72,449.51,-2.5965,71.3021,678.4,577.25,0,0,0,0,0
neuromorpho__AA0796.swc,5276,pyramidal,0.998052,4934,341,0,0,0,0,0,0,0,0,0,0,0,0.354075,0.186538,0.3,0.3,0.3,0.3,0.3,0.922479,0.922479,0.922479,0.922479,0.922479,0.309842,0.3,0.985813,0.992204,0.998348,0.00879765,0,0,0,731,0.456221,0.3,0.3,0.777018,0.781122,15,0,6018.85,-4121.69,1371.68,4861.49,2990.87,398.45,2.78326,64.7358,567.29,687.38,0,0,0,0,0
neuromorpho__AA0805.swc,1853,pyramidal,0.997983,1665,187,0,0,0,0,0,0,0,0,0,0,0,0.391818,0.235782,0.3,0.3,0.3,0.3,0.3,0.868322,0.868322,0.868322,0.868322,0.868322,0.323332,0.3,0.966366,0.998348,0.998348,0,0,0,0,316,0.456889,0.3,0.3,0.775316,0.775316,7,0,5205.12,-1164.31,1855.57,6632.82,4300.24,157.03,-19.1305,23.8239,364.74,343.64,0,0,0,0,0
neuromorpho__AA0806.swc,4367,pyramidal,0.997677,4105,261,0,0,0,0,0,0,0,0,0,0,0,0.372999,0.213264,0.3,0.3,0.3,0.3,0.3,0.895123,0.895123,0.895123,0.895123,0.895123,0.338529,0.3,0.944458,0.912727,0.3,0.122605,0,0,0,294,0.494723,0.3,0.3,0.727891,0.731293,37,0,3232.35,783.924,714.292,2694.34,4107.12,226.17,9.36586,42.7479,267.11,597.57,0,0,0,0,0
neuromorpho__AA0812.swc,1532,pyramidal,0.998411,1414,117,0,0,0,0,0,0,0,0,0,0,0,0.404052,0.248202,0.3,0.3,0.3,0.3,0.3,0.850522,0.850522,0.850522,0.850522,0.850522,0.354456,0.3,0.921499,0.998348,0.998348,0,0,0,0,214,0.516797,0.3,0.3,0.696262,0.696262,10,0,3972.84,911.679,1242.83,8565.36,2510.53,177.09,7.02128,29.5974,158.76,410.35,0,0,0,0,0
neuromorpho__AA0820.swc,1858,pyramidal,0.998231,1460,397,0,0,0,0,0,0,0,0,0,0,0,0.570561,0.339382,0.3,0.3,0.3,0.3,0.3,0.61141,0.61141,0.61141,0.61141,0.61141,0.453944,0.3,0.778082,0.998348,0.998348,0,0,0,0,265,0.828498,0.3,0.3,0.241509,0.25283,14.6,0,4210.21,-713.147,1289.94,4021.48,2328.33,194.41,3.8096,28.7114,213.99,453.17,0,0,0,0,0
neuromorpho__AA0824.swc,2107,pyramidal,0.993507,1827,279,0,0,0,0,0,0,0,0,0,0,0,0.403009,0.247541,0.3,0.3,0.3,0.3,0.3,0.852397,0.852397,0.852397,0.852397,0.852397,0.31215,0.3,0.982485,0.995845,0.998348,0.00358423,0,0,0,343,0.413906,0.3,0.3,0.836735,0.836735,11,0,1646.71,1052.27,276.361,1904.55,4975.87,238.19,-8.79581,38.2985,491.2,486.13,0,0,0,0,0
neuromorpho__AA0825.swc,1791,pyramidal,0.997792,1562,228,0,0,0,0,0,0,0,0,0,0,0,0.430729,0.272041,0.3,0.3,0.3,0.3,0.3,0.812395,0.812395,0.812395,0.812395,0.812395,0.348852,0.3,0.929577,0.989159,0.998348,0.0131579,0,0,0,190,0.557981,0.3,0.3,0.636842,0.636842,18.1,0,3430.44,576.151,880.916,3974.86,4582.24,196.47,-16.5809,34.0496,520.44,719.71,0,0,0,0,0
neuromorpho__AA0830.swc,1668,pyramidal,0.997616,1281,386,0,0,0,0,0,0,0,0,0,0,0,0.491969,0.311558,0.3,0.3,0.3,0.3,0.3,0.72482,0.72482,0.72482,0.72482,0.72482,0.339532,0.3,0.943013,0.996539,0.998348,0.00259067,0,0,0,483,0.543653,0.3,0.3,0.652174,0.652174,7,0,3987.75,98.3278,1102.23,6368.91,5360.68,306.14,-6.24021,37.7942,629.21,642.88,0,0,0,0,0
neuromorpho__AA0833.swc,1671,pyramidal,0.997572,1463,207,0,0,0,0,0,0,0,0,0,0,0,0.406758,0.250993,0.3,0.3,0.3,0.3,0.3,0.846798,0.846798,0.846798,0.846798,0.846798,0.339355,0.3,0.943267,0.88027,0.3,0.169082,0,0,0,204,0.541927,0.3,0.3,0.651961,0.671569,21,0,2398.69,1247.31,647.861,2865.94,4067.29,135.82,-4.54734,27.1534,267.62,850.71,0,0,0,0,0
neuromorpho__AA0839.swc,1545,pyramidal,0.998071,1190,354,0,0,0,0,0,0,0,0,0,0,0,0.504015,0.317253,0.3,0.3,0.3,0.3,0.3,0.707443,0.707443,0.707443,0.707443,0.707443,0.356545,0.3,0.918487,0.998348,0.998348,0,0,0,0,272,0.611214,0.3,0.3,0.5625,0.566176,12,0,3309.82,-1398.44,1112.28,1650.09,3422.94,248.43,9.62579,41.0046,229.12,805.28,0,0,0,0,0
neuromorpho__AA0853.swc,6639,pyramidal,0.998187,5910,728,0,0,0,0,0,0,0,0,0,0,0,0.396005,0.240277,0.3,0.3,0.3,0.3,0.3,0.862329,0.862329,0.862329,0.862329,0.862329,0.323006,0.3,0.966836,0.987796,0.998348,0.0151099,0,0,0,676,0.487815,0.3,0.3,0.730769,0.733728,23,0,9307,-1595.79,2222.82,7043.02,7168.88,261.43,4.6138,45.3154,572.45,483.88,0,0,0,0,0
neuromorpho__AA0854.swc,1314,pyramidal,0.997856,1062,251,0,0,0,0,0,0,0,0,0,0,0,0.445542,0.28355,0.3,0.3,0.3,0.3,0.3,0.791476,0.791476,0.791476,0.791476,0.791476,0.315024,0.3,0.978343,0.995566,0.998348,0.00398406,0,0,0,158,0.578535,0.3,0.3,0.601266,0.601266,20.3,0,3535.01,-2352.41,900.874,2213.92,4807.79,253.73,2.71016,37.4258,327.9,719.35,0,0,0,0,0
neuromorpho__AA0875.swc,2411,pyramidal,0.995468,2178,232,0,0,0,0,0,0,0,0,0,0,0,0.465878,0.296411,0.3,0.3,0.3,0.3,0.3,0.76151,0.76151,0.76151,0.76151,0.76151,0.410838,0.3,0.84022,0.980287,0.998348,0.0258621,0,0,0,412,0.480545,0.3,0.3,0.742718,0.754854,12,0,3845.52,199.234,543.859,4772.37,4962.6,111.03,-13.6685,21.4465,449.27,604.99,0,0,0,0,0
neuromorpho__AA0882.swc,291,pyramidal,0.994646,171,119,0,0,0,0,0,0,0,0,0,0,0,0.554259,0.3359,0.3,0.3,0.3,0.3,0.3,0.635739,0.635739,0.635739,0.635739,0.635739,0.332454,0.3,0.953216,0.869242,0.3,0.184874,0,0,0,58,0.757382,0.3,0.3,0.362069,0.362069,7.3,0,2068.91,1078.7,525.059,2958.54,8866.58,232.63,-15.2006,45.3091,337.12,746.37,0,0,0,0,0
neuromorpho__AA0893.swc,1352,pyramidal,0.994999,1234,117,0,0,0,0,0,0,0,0,0,0,0,0.358841,0.193905,0.3,0.3,0.3,0.3,0.3,0.91568,0.91568,0.91568,0.91568,0.91568,0.307308,0.3,0.989465,0.896879,0.3,0.145299,0,0,0,122,0.485974,0.3,0.3,0.737705,0.737705,24,0,3035.16,-1658.99,657.903,3449.81,2921.14,163,-0.0731624,30.1236,206.02,884.63,0,0,0,0,0
neuromorpho__AA0907.swc,1837,pyramidal,0.972117,1545,291,0,0,0,0,0,0,0,0,0,0,0,0.861488,0.273373,0.3,0.3,0.3,0.993697,0.993697,0.191617,0.191617,0.191617,0.191617,0.191617,0.840141,0.3,0.221359,0.97435,0.998348,0.0343643,0,0,0,412,0.897476,0.3,0.3,0.133495,0.143204,10,0,803.9,103.79,141.833,741.05,916.97,324.72,12.0611,55.7423,503.6,479.16,0,0,0,0,0
neuromorpho__AA0914.swc,1705,pyramidal,0.998334,1443,261,0,0,0,0,0,0,0,0,0,0,0,0.542366,0.331466,0.3,0.3,0.3,0.3,0.3,0.651613,0.651613,0.651613,0.651613,0.651613,0.46393,0.3,0.763687,0.974267,0.998348,0.0344828,0,0,0,275,0.684083,0.3,0.3,0.458182,0.48,15,0,5623.24,1142.08,1565.92,3409.45,4015.47,273.55,-40.4009,42.6675,412.08,577.59,0,0,0,0,0
neuromorpho__AA0918.swc,1938,pyramidal,0.997658,1650,287,0,0,0,0,0,0,0,0,0,0,0,0.406955,0.251408,0.3,0.3,0.3,0.3,0.3,0.846749,0.846749,0.846749,0.846749,0.846749,0.303729,0.3,0.994545,0.998348,0.998348,0,0,0,0,433,0.423762,0.3,0.3,0.822171,0.822171,8,0,5896.16,-2363.42,1090.6,2594.24,3183.31,178.54,7.53146,29.5858,249.24,396.21,0,0,0,0,0
neuromorpho__AA0921.swc,4792,pyramidal,0.997927,3795,996,0,0,0,0,0,0,0,0,0,0,0,0.446743,0.284495,0.3,0.3,0.3,0.3,0.3,0.789858,0.789858,0.789858,0.789858,0.789858,0.301828,0.3,0.997365,0.998348,0.998348,0,0,0,0,874,0.452819,0.3,0.3,0.781465,0.781465,12,0,2824.05,1865.52,431.964,4140.42,3052.05,259.78,-17.6753,39.7419,272.89,333.59,0,0,0,0,0
neuromorpho__AA0929.swc,917,pyramidal,0.998143,664,252,0,0,0,0,0,0,0,0,0,0,0,0.455334,0.2904,0.3,0.3,0.3,0.3,0.3,0.777535,0.777535,0.777535,0.777535,0.777535,0.305224,0.3,0.99247,0.848702,0.3,0.214286,0,0,0,261,0.541945,0.3,0.3,0.651341,0.659004,8,0,6842.08,-2621.2,2028.99,2368.22,2605.45,285.98,-6.81754,53.1765,386.43,964.89,0,0,0,0,0
neuromorpho__AA0932.swc,1887,pyramidal,0.997741,1653,233,0,0,0,0,0,0,0,0,0,0,0,0.387323,0.230966,0.3,0.3,0.3,0.3,0.3,0.874934,0.874934,0.874934,0.874934,0.874934,0.302938,0.3,0.995765,0.983362,0.998348,0.0214592,0,0,0,653,0.375436,0.3,0.3,0.892802,0.892802,6,0,3909.5,933.398,1041.49,2169.99,2992.03,301.73,22.4259,54.3874,334.09,468.01,0,0,0,0,0
neuromorpho__AA0958.swc,2680,pyramidal,0.99715,2460,219,0,0,0,0,0,0,0,0,0,0,0,0.54007,0.330408,0.3,0.3,0.3,0.3,0.3,0.654478,0.654478,0.654478,0.654478,0.654478,0.499085,0.3,0.713008,0.998348,0.998348,0,0,0,0,463,0.629513,0.3,0.3,0.546436,0.574514,15,0,913.96,117.793,186.526,3428.12,3581.94,211.62,-10.0291,41.4096,293.95,357.72,0,0,0,0,0
neuromorpho__AA0999.swc,9443,pyramidal,0.995239,9255,187,0,0,0,0,0,0,0,0,0,0,0,0.31948,0.114866,0.3,0.3,0.3,0.3,0.3,0.972043,0.972043,0.972043,0.972043,0.972043,0.306671,0.3,0.990384,0.9498,0.998348,0.0695187,0,0,0,925,0.347854,0.3,0.3,0.928649,0.934054,22.6,0,5632.48,-23.7418,1221.62,2871.25,4545.88,300.98,0.935989,49.5604,240.72,470.26,0,0,0,0,0
neuromorpho__AAS15.swc,1164,interneuron,0.602413,0,1163,0,0,0,0,0,0,0,0,0,0,0,0.900524,0.122282,0.3,0.876533,0.923228,0.923228,0.923228,0.0395189,0.0395189,0.0395189,0.0395189,0.0652921,0,0,0,0.900438,0.923228,0.0395529,0,0,0,74,0.924221,0.3,0.923228,0,0.0135135,30.7,0,0,0,0,0,0,115.44,-18.7393,18.5012,109.81,311.68,0,0,0,0,0
neuromorpho__AAS4.swc,1215,interneuron,0.993698,0,1214,0,0,0,0,0,0,0,0,0,0,0,0.983899,0.0289639,0.927978,0.927978,0.927978,0.998919,0.998919,0,0,0,0,0,0,0,0,0.983886,0.927978,0,0,0,0,102,0.98916,0.927978,0.927978,0,0,30.9,0,0,0,0,0,0,36.34,-16.0437,8.56131,96.18,136.4,0,0,0,0,0
neuromorpho__AAS5.swc,1692,interneuron,0.985521,0,1691,0,0,0,0,0,0,0,0,0,0,0,0.848968,0.286453,0.3,0.3,0.3,0.998919,0.998919,0.213948,0.213948,0.213948,0.213948,0.213948,0,0,0,0.848879,0.3,0.214075,0,0,0,78,0.976693,0.3,0.998919,0.025641,0.0384615,41.5,0,0,0,0,0,0,112.74,-9.89839,20.7656,135.17,282.49,0,0,0,0,0
neuromorpho__AAS9.swc,1229,interneuron,0.982978,0,1228,0,0,0,0,0,0,0,0,0,0,0,0.99892,3.08294e-05,0.998919,0.998919,0.998919,0.998919,0.998919,0,0,0,0,0,0,0,0,0.998919,0.998919,0,0,0,0,106,0.998929,0.998919,0.998919,0,0,27,0,0,0,0,0,0,49.3,-1.13932,8.53342,105.55,270.71,0,0,0,0,0
neuromorpho__ADP10_2491_biocytin.swc,1901,interneuron,0.983471,0,1900,0,0,0,0,0,0,0,0,0,0,0,0.998919,2.4792e-05,0.998919,0.998919,0.998919,0.998919,0.998919,0,0,0,0,0,0,0,0,0.998919,0.998919,0,0,0,0,13,0.999002,0.998919,0.998919,0,0,338.6,0,0,0,0,0,0,39.87,6.50288,10.8073,233.08,329.29,0,0,0,0,0
neuromorpho__ADP12_2496_biocytin.swc,2317,interneuron,0.987495,0,2316,0,0,0,0,0,0,0,0,0,0,0,0.834541,0.282372,0.3,0.3,0.3,0.927978,0.998919,0.216659,0.216659,0.216659,0.216659,0.216659,0,0,0,0.834469,0.3,0.216753,0,0,0,9,0.943956,0.3,0.829877,0.111111,0.111111,617.4,0,0,0,0,0,0,38.7,8.07327,9.80902,156.67,367.99,0,0,0,0,0
neuromorpho__ADP14_2508_biocytin.swc,2422,interneuron,0.978468,0,2421,0,0,0,0,0,0,0,0,0,0,0,0.879908,0.198499,0.3,0.3,0.3,0.927978,0.927978,0.102808,0.102808,0.102808,0.102808,0.102808,0,0,0,0.879859,0.3,0.10285,0,0,0,11,0.837495,0.3,0.3,0.181818,0.181818,406,0,0,0,0,0,0,50.78,16.0219,13.9085,95.65,429.04,0,0,0,0,0
neuromorpho__ADP1_4339_neurobiotin.swc,9678,interneuron,0.98602,0,9677,0,0,0,0,0,0,0,0,0,0,0,0.739009,0.337791,0.3,0.3,0.3,0.3,0.998919,0.371874,0.371874,0.371874,0.371874,0.371874,0,0,0,0.738982,0.3,0.371913,0,0,0,24,0.780896,0.3,0.3,0.333333,0.333333,1062.1,0,0,0,0,0,0,39.19,-9.29932,10.0598,385.06,748.65,0,0,0,0,0
neuromorpho__ADP8_241018c5_neurobiotin.swc,3724,interneuron,0.968041,0,3723,0,0,0,0,0,0,0,0,0,0,0,0.998919,1.77155e-05,0.998919,0.998919,0.998919,0.998919,0.998919,0,0,0,0,0,0,0,0,0.998919,0.998919,0,0,0,0,29,0.998956,0.998919,0.998919,0,0,278,0,0,0,0,0,0,47.31,-13.6358,11.5976,91.35,319.31,0,0,0,0,0
neuromorpho__AINL.swc,17,interneuron,0.897757,0,16,0,0,0,0,0,0,0,0,0,0,0,0.932215,0.0169463,0.927978,0.927978,0.927978,0.927978,0.927978,0,0,0,0,0,0,0,0,0.927978,0.927978,0,0,0,0,4,0.945984,0.927978,0.927978,0,0,7,0,0,0,0,0,0,10.68,-1.275,3.47244,16.75,20.71,0,0,0,0,0
neuromorpho__APPKO-set1-003.swc,343,pyramidal,0.991813,0,342,0,0,0,0,0,0,0,0,0,0,0,0.998353,8.9075e-05,0.998348,0.998348,0.998348,0.998348,0.998348,0,0,0,0,0,0,0,0,0.998348,0.998348,0,0,0,0,28,0.998407,0.998348,0.998348,0,0,28.8,0,0,0,0,0,0,0,0,0,92.36,178.92,0,0,0,0,0
neuromorpho__APPKO-set1-005.swc,836,pyramidal,0.885085,0,835,0,0,0,0,0,0,0,0,0,0,0,0.99835,5.7105e-05,0.998348,0.998348,0.998348,0.998348,0.998348,0,0,0,0,0,0,0,0,0.998348,0.998348,0,0,0,0,41,0.998388,0.998348,0.998348,0,0,38,0,0,0,0,0,0,2.13,-0.182299,0.655952,250.28,276.56,0,0,0,0,0
neuromorpho__APPKO-set3-003.swc,623,pyramidal,0.992075,0,622,0,0,0,0,0,0,0,0,0,0,0,0.998351,6.61369e-05,0.998348,0.998348,0.998348,0.998348,0.998348,0,0,0,0,0,0,0,0,0.998348,0.998348,0,0,0,0,26,0.998411,0.998348,0.998348,0,0,43,0,0,0,0,0,0,0,0,0,213.86,194.91,0,0,0,0,0
neuromorpho__A_GFP_0012_final.swc,1226,pyramidal,0.997429,0,1225,0,0,0,0,0,0,0,0,0,0,0,0.998349,4.71644e-05,0.998348,0.998348,0.998348,0.998348,0.998348,0,0,0,0,0,0,0,0,0.998348,0.998348,0,0,0,0,131,0.998361,0.998348,0.998348,0,0,18,0,0,0,0,0,0,0,0,0,64.67,89.67,0,0,0,0,0
neuromorpho__A_RFP_0008_final2.swc,703,pyramidal,0.997952,0,702,0,0,0,0,0,0,0,0,0,0,0,0.99835,6.22659e-05,0.998348,0.998348,0.998348,0.998348,0.998348,0,0,0,0,0,0,0,0,0.998348,0.998348,0,0,0,0,79,0.998369,0.998348,0.998348,0,0,17,0,0,0,0,0,0,0,0,0,43.76,43.72,0,0,0,0,0
neuromorpho__A_RFP_0010_final.swc,993,pyramidal,0.997935,0,992,0,0,0,0,0,0,0,0,0,0,0,0.99835,5.24015e-05,0.998348,0.998348,0.998348,0.998348,0.998348,0,0,0,0,0,0,0,0,0.998348,0.998348,0,0,0,0,86,0.998367,0.998348,0.998348,0,0,24,0,0,0,0,0,0,0,0,0,62.07,84.56,0,0,0,0,0
neuromorpho__A_RFP_0017_final.swc,1193,pyramidal,0.997811,0,1192,0,0,0,0,0,0,0,0,0,0,0,0.998349,4.78118e-05,0.998348,0.998348,0.998348,0.998348,0.998348,0,0,0,0,0,0,0,0,0.998348,0.998348,0,0,0,0,145,0.998359,0.998348,0.998348,0,0,16.2,0,0,0,0,0,0,0,0,0,63.33,80.42,0,0,0,0,0
neuromorpho__Anstoetz_O-LM_IN1.swc,791,pyramidal,0.65952,291,136,363,0,0,0,0,0,0,0,0,0,0,0.884921,0.237416,0.3,0.3,0.3,0.978276,0.978276,0.1378,0.147914,0.147914,0.147914,0.147914,0.729525,0.3,0.37457,0.9674,0.938242,0.0588235,0.978276,0.978276,0,46,0.849519,0.3,0.3,0.195652,0.195652,36.5,0,39.5,14.2686,10.6446,236.89,491.41,24.01,1.50956,6.33346,93.41,161.05,37.81,15.0966,10.4792,169.15,258.99
neuromorpho__Anstoetz_OML_IN2.swc,3483,interneuron,0.997521,2187,1295,0,0,0,0,0,0,0,0,0,0,0,0.898739,0.24513,0.3,0.3,0.3,0.998919,0.999189,0.143554,0.143554,0.143554,0.143554,0.143554,0.929494,0.999189,0.0996799,0.846722,0.3,0.217761,0,0,0,167,0.928002,0.3,0.663269,0.107784,0.107784,41.2,0,121.76,-0.0991587,18.89,717.56,805.93,54.03,-9.69834,9.39835,277.6,470.7,0,0,0,0,0
neuromorpho__Anstoetz_PV-IN11.swc,5090,interneuron,0.997553,3312,1777,0,0,0,0,0,0,0,0,0,0,0,0.933623,0.201003,0.3,0.3,0.973127,0.998919,0.999189,0.0913556,0.0913556,0.0913556,0.0913556,0.0913556,0.996697,0.983947,0,0.816028,0.3,0.261677,0,0,0,235,0.985842,0.3,0.995725,0.0170213,0.0212766,41.2,0,182.81,9.07518,20.8943,300.49,279.02,112.4,-1.179,17.133,305.88,579.98,0,0,0,0,0
neuromorpho__Anstoetz_PV-IN12.swc,1500,interneuron,0.847662,0,1499,0,0,0,0,0,0,0,0,0,0,0,0.886627,0.25666,0.3,0.3,0.3,0.998919,0.998919,0.160667,0.160667,0.160667,0.160667,0.160667,0,0,0,0.886551,0.3,0.160774,0,0,0,25,0.957491,0.3,0.834208,0.04,0.08,133.8,0,0,0,0,0,0,139.39,-32.6767,27.2008,398.22,476.75,0,0,0,0,0
neuromorpho__Anstoetz_PV-IN14.swc,15880,interneuron,0.998695,13552,2327,0,0,0,0,0,0,0,0,0,0,0,0.985549,0.0965739,0.3,0.998919,0.998919,0.999189,0.999189,0.0194584,0.0194584,0.0194584,0.0194584,0.0194584,0.999188,0.999189,0,0.90611,0.3,0.132789,0,0,0,874,0.995135,0.3,0.999189,0.00572082,0.00572082,38,0,88.86,21.671,16.9744,366.08,452.26,75.41,9.67453,11.8787,333.17,558.17,0,0,0,0,0
neuromorpho__Anstoetz_PV-IN15.swc,6927,interneuron,0.998977,4748,2178,0,0,0,0,0,0,0,0,0,0,0,0.932,0.205954,0.3,0.3,0.998919,0.998919,0.999189,0.0960012,0.0960012,0.0960012,0.0960012,0.0960012,0.971798,0.999189,0.0391744,0.845208,0.3,0.219927,0,0,0,370,0.980255,0.3,0.998919,0.0297297,0.0297297,36,0,240.04,43.0888,49.726,406.28,323.2,132.55,33.7806,26.7323,450.6,516.81,0,0,0,0,0
neuromorpho__Anstoetz_SLM_IN5.swc,1994,interneuron,0.997903,1254,739,0,0,0,0,0,0,0,0,0,0,0,0.987284,0.0878528,0.3,0.998919,0.998919,0.998919,0.999189,0.0160481,0.0160481,0.0160481,0.0160481,0.0160481,0.984876,0.999189,0.0191388,0.991353,0.998919,0.0108254,0,0,0,147,0.987412,0.3,0.998919,0.0136054,0.0136054,32,0,135.42,-45.0291,23.8797,215.92,305.87,75.79,-16.1292,14.9901,121.16,315.44,0,0,0,0,0
neuromorpho__Anstoetz_SLM_IN6.swc,690,interneuron,0.927465,0,689,0,0,0,0,0,0,0,0,0,0,0,0.795005,0.317374,0.3,0.3,0.3,0.3,0.998919,0.291304,0.291304,0.291304,0.291304,0.291304,0,0,0,0.794707,0.3,0.291727,0,0,0,34,0.827013,0.3,0.3,0.235294,0.264706,42.4,0,0,0,0,0,0,65.66,20.222,13.124,261.36,497.57,0,0,0,0,0
neuromorpho__Anstoetz_SLM_IN7.swc,1376,interneuron,0.72818,515,860,0,0,0,0,0,0,0,0,0,0,0,0.993784,0.0464374,0.3,0.973127,0.995725,0.998919,0.998919,0.00436047,0.00436047,0.00436047,0.00436047,0.00436047,0.985197,0.973127,0.0116505,0.998919,0.998919,0,0,0,0,96,0.994299,0.3,0.978537,0,0,28,0,58.5,0.920505,10.821,226.97,447.9,41.94,-0.603965,7.40009,180.17,209.53,0,0,0,0,0
neuromorpho__Anstoetz_Toolbox-IN15.swc,1638,interneuron,0.893782,0,1637,0,0,0,0,0,0,0,0,0,0,0,0.990249,0.07504,0.3,0.998919,0.998919,0.998919,0.998919,0.0115995,0.0115995,0.0115995,0.0115995,0.0115995,0,0,0,0.990243,0.998919,0.0116066,0,0,0,113,0.995053,0.3,0.998919,0,0.00884956,33.8,-0.00333333,0,0,0,0,0,134.25,-10.8951,19.8159,203.65,425.51,0,0,0,0,0
neuromorpho__Anstoetz_Toolbox-IN6.swc,5216,interneuron,0.998486,4574,641,0,0,0,0,0,0,0,0,0,0,0,0.489718,0.310355,0.3,0.3,0.3,0.3,0.3,0.727952,0.727952,0.727952,0.727952,0.727952,0.418247,0.3,0.830127,0.998919,0.998919,0,0,0,0,244,0.514622,0.3,0.3,0.688525,0.692623,43.7,0,180.82,38.637,27.9748,593.02,518.48,56.73,0.4122,10.2979,169.08,163.42,0,0,0,0,0
neuromorpho__Anstoetz_Toolbox-IN7.swc,932,interneuron,0.928277,0,931,0,0,0,0,0,0,0,0,0,0,0,0.888683,0.254745,0.3,0.3,0.3,0.998919,0.998919,0.157725,0.157725,0.157725,0.157725,0.157725,0,0,0,0.888563,0.3,0.157895,0,0,0,33,0.780382,0.3,0.3,0.30303,0.30303,63.2,0.00333333,0,0,0,0,0,111.57,34.0453,23.0806,338.78,473.82,0,0,0,0,0
neuromorpho__Apr14IR3c-20x-NL.swc,2366,pyramidal,0.953069,0,1443,922,0,0,0,0,0,0,0,0,0,0,0.835425,0.291607,0.3,0.3,0.3,0.977851,0.998348,0.228656,0.228656,0.228656,0.228656,0.228656,0,0,0,0.998348,0.998348,0,0.58026,0.3,0.586768,75,0.93364,0.3,0.977851,0.0933333,0.0933333,52.2,1.20909,0,0,0,0,0,65.03,6.27885,14.6691,291.93,210.43,53.94,4.90112,6.13598,99.75,760.87
neuromorpho__B1-F1-cell1.swc,327,interneuron,0.9743,0,326,0,0,0,0,0,0,0,0,0,0,0,0.998922,5.97006e-05,0.998919,0.998919,0.998919,0.998919,0.998919,0,0,0,0,0,0,0,0,0.998919,0.998919,0,0,0,0,58,0.998937,0.998919,0.998919,0,0,11,1.8,0,0,0,0,0,25.64,-5.73439,3.6501,73.62,92.51,0,0,0,0,0
neuromorpho__B1-F2-cell1.swc,251,interneuron,0.799609,0,250,0,0,0,0,0,0,0,0,0,0,0,0.998923,6.81104e-05,0.998919,0.998919,0.998919,0.998919,0.998919,0,0,0,0,0,0,0,0,0.998919,0.998919,0,0,0,0,35,0.99895,0.998919,0.998919,0,0,13.8,-1.80667,0,0,0,0,0,23.74,-0.871493,5.73113,85.93,126.93,0,0,0,0,0
neuromorpho__B110430PYR.swc,3230,interneuron,0.758862,0,3229,0,0,0,0,0,0,0,0,0,0,0,0.995673,0.0475183,0.3,0.998919,0.998919,0.998919,0.998919,0.00464396,0.00464396,0.00464396,0.00464396,0.00464396,0,0,0,0.995672,0.998919,0.0046454,0,0,0,76,0.997601,0.3,0.998919,0,0,81,0,0,0,0,0,0,126.97,3.28052,26.2113,340.13,463.56,0,0,0,0,0
neuromorpho__B13a.swc,23693,interneuron,0.99445,16631,7061,0,0,0,0,0,0,0,0,0,0,0,0.966984,0.145918,0.3,0.973127,0.998919,0.998919,0.999189,0.0456675,0.0456675,0.0456675,0.0456675,0.0456675,0.996289,0.999189,0.00372798,0.897956,0.3,0.144455,0,0,0,1096,0.970756,0.3,0.998919,0.0383212,0.0419708,48,-12.5957,502.55,134.499,98.9781,986.21,584.9,516.36,92.6336,129.239,453.15,626.68,0,0,0,0,0
neuromorpho__B15a.swc,6786,interneuron,0.977288,0,6785,0,0,0,0,0,0,0,0,0,0,0,0.838124,0.274925,0.3,0.3,0.3,0.927978,0.998919,0.205128,0.205128,0.205128,0.205128,0.205128,0,0,0,0.8381,0.3,0.205158,0,0,0,332,0.880614,0.3,0.3,0.150602,0.150602,57.8,-2.3896,0,0,0,0,0,272.47,-25.9036,49.5797,375.61,641.25,0,0,0,0,0
neuromorpho__B1_Slide3_neuron4.swc,296,pyramidal,0.998627,4,165,126,0,0,0,0,0,0,0,0,0,0,0.986039,0.0116574,0.938242,0.970273,0.978276,0.978276,0.978276,0,0,0,0,0,0.938242,0.938242,0,0.993041,0.970273,0,0.978276,0.978276,0,35,0.987605,0.938242,0.978276,0,0,16,-19.8213,14.56,-16.8587,5.96842,28.11,16.05,79.49,11.577,20.3823,240.29,150.62,98.78,6.64292,19.8509,244.91,314.49
neuromorpho__B1_slide1_2.swc,389,pyramidal,0.99164,31,99,258,0,0,0,0,0,0,0,0,0,0,0.957993,0.132073,0.3,0.978276,0.978276,0.978276,0.978276,0.0385604,0.0385604,0.0385604,0.0385604,0.0385604,0.702722,0.3,0.419355,0.998348,0.998348,0,0.973018,0.978276,0.00775194,51,0.978646,0.3,0.978276,0,0.0196078,16,-11.1512,52.49,22.1713,15.6825,42.66,282.23,101.47,5.76943,23.2905,127.8,161.84,97.29,11.858,25.5525,156.63,282.73
neuromorpho__B1_slide1_3.swc,292,pyramidal,0.980373,38,173,80,0,0,0,0,0.0425797,0,0,0,0,0,0.963788,0.061968,0.792143,0.792314,0.842317,0.960701,0.998348,0,0,0,0.0753425,0.130137,0.813325,0.792143,0,0.997688,0.998348,0,0.961494,0.930202,0,40,0.965215,0.792143,0.842331,0,0.075,13,-10.2586,49.24,25.6107,15.7957,87.44,193.64,121.05,-1.3868,26.7069,242.18,171.31,54.3,-22.7234,12.051,148.65,181.94
neuromorpho__B1_slide1_6.swc,411,pyramidal,0.997524,143,267,0,0,0,0,0,0,0,0,0,0,0,0.773403,0.323929,0.3,0.3,0.3,0.3,0.998348,0.318735,0.318735,0.318735,0.318735,0.318735,0.399607,0.3,0.853147,0.972752,0.998348,0.0337079,0,0,0,37,0.873412,0.3,0.3,0.162162,0.162162,24.2,-16.6875,36.14,-11.3196,9.48231,160.01,539.21,104.87,9.01023,25.7981,270.65,283.3,0,0,0,0,0
neuromorpho__B1_slide1_neuron4.swc,301,pyramidal,0.99718,7,102,191,0,0,0,0,0,0,0,0,0,0,0.980205,0.0303997,0.792143,0.978276,0.978276,0.978276,0.978276,0,0,0,0.0232558,0.0232558,0.792143,0.792143,0,0.99653,0.984087,0,0.978276,0.978276,0,46,0.980064,0.792143,0.978276,0,0.0217391,12,-18.615,16.77,-17.4579,5.65358,34.55,24.78,78.93,-14.9705,15.8117,170.24,159.4,65.3,-1.09615,12.5834,159.42,299.6
neuromorpho__B1_slide2_10.swc,377,pyramidal,0.99791,28,142,206,0,0,0,0,0,0,0,0,0,0,0.944864,0.159436,0.3,0.3,0.978276,0.978276,0.978276,0.0557029,0.0557029,0.0557029,0.0742706,0.0742706,0.820273,0.3,0.25,0.987445,0.998348,0,0.932179,0.978276,0.0679612,44,0.972987,0.3,0.978276,0,0.0454545,16.4,-21.4378,33.68,8.16671,7.63283,84.99,215.41,86.72,-1.81955,21.4324,128.94,209.68,101.14,-27.6364,25.9369,160.37,598
neuromorpho__B1_slide2_7.swc,367,pyramidal,0.987612,35,246,85,0,0,0,0,0.0159563,0,0,0,0,0,0.952057,0.146635,0.3,0.633611,0.974033,0.978276,0.984087,0.0435967,0.0435967,0.0599455,0.0599455,0.0599455,0.676578,0.3,0.457143,0.983009,0.976994,0.0243902,0.975346,0.95954,0,48,0.974464,0.3,0.976106,0.0416667,0.0416667,12.3,-12.5667,25.72,33.193,8.1793,97.27,275.76,104.74,13.1541,21.4894,255.71,274,64.64,1.10408,14.1029,128.87,282.73
neuromorpho__B1_slide2_8.swc,304,pyramidal,0.989347,14,199,90,0,0,0,0,0,0,0,0,0,0,0.881052,0.251877,0.3,0.3,0.3,0.974178,0.998348,0.157895,0.157895,0.157895,0.157895,0.157895,0.955815,0.955815,0,0.991442,0.974178,0.00502513,0.624018,0.3,0.522222,41,0.887916,0.3,0.3,0.146341,0.146341,15,-9.1375,33.12,-24.6082,12.1286,53.69,76.12,85.7,-5.31134,15.4841,198.55,189.55,43.17,-31.6841,13.3251,74.46,598.92
neuromorpho__B1_slide2_neuron4_II_III.swc,929,pyramidal,0.836099,192,221,515,0,0,0,0,0,0,0,0,0,0,0.986246,0.00902812,0.978276,0.978276,0.978276,0.978276,0.978276,0,0,0,0,0,0.993623,0.993576,0,0.998348,0.998348,0,0.978276,0.978276,0,51,0.986137,0.978276,0.978276,0,0,41,-2.10429,40.83,2.14689,8.30587,105.86,231.4,48.06,7.06542,10.9375,163.36,175.48,140.43,17.7824,35.4576,180.66,382.76
neuromorpho__B1_slide2_neuron5.swc,1025,pyramidal,0.995125,30,619,375,0,0,0,0,0,0,0,0,0,0,0.91981,0.211785,0.3,0.3,0.3,0.978276,0.998348,0.10439,0.10439,0.10439,0.10439,0.10439,0.993697,0.993697,0,0.983681,0.998348,0.0210016,0.808255,0.3,0.250667,44,0.956441,0.3,0.978276,0.0454545,0.0454545,51.1,-15.563,10.05,6.164,2.13785,62.96,16.45,109.46,13.7951,22.9746,255.89,275.35,82.47,13.3643,16.8119,104.75,352.6
neuromorpho__B1_slide2_neuron6_II_III.swc,579,pyramidal,0.984094,0,293,285,0,0,0,0,0.013069,0,0,0,0,0,0.965486,0.0838381,0.588668,0.900799,0.978151,0.978276,0.978276,0,0.044905,0.044905,0.044905,0.044905,0,0,0,0.952927,0.900799,0.0887372,0.978276,0.978276,0,32,0.970466,0.588668,0.978164,0.03125,0.03125,29.6,7.97417,0,0,0,0,0,92.85,-16.8046,20.0419,215.86,179.84,64.05,-6.11097,10.9018,179.27,219.5
neuromorpho__B1_slide3_9.swc,306,pyramidal,0.998236,14,95,196,0,0,0.640523,0.640523,0.0312421,0,-0.640523,0.640523,0.640523,0,0.749067,0.200581,0.446334,0.504171,0.52709,0.541057,0.786284,0.0457516,0.401961,0.424837,0.542484,0.689542,0.993697,0.993697,0,0.9605,0.859482,0.0736842,0.627833,0.504171,0.627551,45,0.755985,0.446334,0.508147,0.422222,0.488889,13.6,-16.5929,23.28,4.025,4.915,40.59,144.69,52.35,-2.86114,10.9197,111.34,118.66,80.86,-15.1718,19.6241,276.81,196.75
neuromorpho__B1_slide3_neuron2.swc,562,pyramidal,0.995977,31,274,256,0,0,0,0,0,0,0,0,0,0,0.971804,0.0985329,0.3,0.978276,0.978276,0.978276,0.984087,0.019573,0.019573,0.019573,0.0355872,0.0355872,0.792301,0.3,0.290323,0.985962,0.998348,0.00729927,0.978276,0.978276,0,55,0.979832,0.3,0.978276,0,0.0363636,20.6,-20.32,12.94,0.972581,2.90964,22.43,257.8,98.65,20.956,22.9124,264.67,258.19,103.37,8.22109,24.0025,214.48,284.36
neuromorpho__B1_slide3_neuron3.swc,430,pyramidal,0.998179,26,208,195,0,0,0.237209,0.237209,0.0591242,-0.116279,0.116279,0,0,0,0.958519,0.100274,0.3,0.914726,0.921615,0.978276,0.978276,0.0186047,0.0186047,0.0302326,0.0302326,0.0302326,0.780252,0.3,0.307692,0.962081,0.921615,0.0240385,0.978276,0.978276,0,57,0.966791,0.3,0.921737,0.0175439,0.0350877,14.4,-18.3067,15.6,7.64205,5.30376,100.22,337.75,115.14,13.6514,22.8288,212.46,274.37,111.04,-1.93856,20.8007,247.85,219.22
neuromorpho__B1_slide4_neuron3.swc,421,pyramidal,0.988962,29,252,139,0,0,0,0,0,0,0,0,0,0,0.83486,0.290788,0.3,0.3,0.3,0.978276,0.998348,0.228029,0.228029,0.228029,0.228029,0.228029,0.658798,0.3,0.482759,0.955704,0.984087,0.0595238,0.651319,0.3,0.482014,43,0.808851,0.3,0.3,0.255814,0.302326,19.8,-14.0237,30.4,6.19341,8.28372,12.97,382.3,102.11,5.93327,26.1574,445.2,427.32,62.65,1.12871,15.1562,163.64,503.94
neuromorpho__B1_slide4_neuron5.swc,1862,pyramidal,0.990552,19,583,1259,0,0,0,0,0,0,0,0,0,0,0.964744,0.114183,0.3,0.978276,0.978276,0.978276,0.978276,0.028464,0.028464,0.028464,0.028464,0.028464,0.955815,0.955815,0,0.966006,0.998348,0.0463122,0.964266,0.978276,0.0206513,92,0.977291,0.3,0.978276,0,0,44.9,-20.4358,34.61,-27.0416,12.5705,26.12,11.48,118.26,-32.1541,22.142,321.8,210.55,146.7,-61.3941,35.83,401.2,633.19
neuromorpho__B2-F3.swc,349,interneuron,0.7841,0,348,0,0,0,0,0,0,0,0,0,0,0,0.95217,0.0336327,0.927978,0.927978,0.927978,0.927978,0.927978,0,0,0,0,0,0,0,0,0.952033,0.927978,0,0,0,0,89,0.948715,0.927978,0.927978,0,0,8,0.698,0,0,0,0,0,15.52,17.9943,2.78004,47.03,52.79,0,0,0,0,0
neuromorpho__B2_slide1_2.swc,430,pyramidal,0.997981,30,242,157,0,0,0,0,0.00808598,0,0,0,0,0,0.967772,0.122928,0.3,0.968389,0.978276,0.978276,0.998348,0.0325581,0.0325581,0.0325581,0.0325581,0.0325581,0.669972,0.3,0.466667,0.998348,0.998348,0,0.97734,0.978276,0,54,0.983054,0.3,0.978276,0.0185185,0.0185185,14.4,-23.15,97.41,-30.9827,30.2254,18.54,293.65,84.86,3.7419,18.7199,261.32,209.79,60.35,-2.82185,12.6574,209.1,281.79
neuromorpho__B2_slide1_neuron1_II_III.swc,480,pyramidal,0.996176,41,246,192,0,0,0,0,0,0,0,0,0,0,0.986993,0.0332555,0.3,0.978276,0.978276,0.978276,0.993697,0.00208333,0.00208333,0.00208333,0.00208333,0.00208333,0.976778,0.993697,0.0243902,0.995446,0.998348,0,0.978276,0.978276,0,28,0.988409,0.3,0.978276,0,0,32.8,-27.6833,25.95,9.16382,8.31558,21.57,161.45,75.64,-6.14211,18.8826,248.42,124.46,58.39,-6.61849,17.7089,110.95,216.19
neuromorpho__B2_slide1_neuron3.swc,1084,pyramidal,0.996673,53,369,661,0,0,0,0,0,0,0,0,0,0,0.958474,0.131435,0.3,0.978276,0.978276,0.978276,0.978276,0.0359779,0.0424354,0.0424354,0.0424354,0.0424354,0.758102,0.3,0.339623,0.979241,0.998348,0.0352304,0.962884,0.978276,0.0226929,68,0.971144,0.3,0.978276,0.0147059,0.0294118,33,-22.1955,29.39,-13.2217,9.898,19.32,254.95,86.1,1.07291,19.5183,233.98,165.47,71.44,-1.55825,14.3149,226.22,454.6
neuromorpho__B2_slide1_neuron3_II_III.swc,492,pyramidal,0.87475,58,127,306,0,0,0,0,0.0178181,0,0,0,0,0,0.914032,0.124815,0.3,0.638953,0.638953,0.940241,0.978276,0.00609756,0.00609756,0.113821,0.195122,0.231707,0.790067,0.764539,0,0.831199,0.638953,0.417323,0.971626,0.978276,0.00980392,25,0.925823,0.3,0.770131,0.08,0.16,38.6,-21.7615,31.92,11.1762,6.86263,18.91,102.37,66.94,3.45146,17.7406,252.44,63.44,72.27,28.9004,15.7534,135.41,206.7
neuromorpho__B2_slide2_19.swc,432,pyramidal,0.956584,11,232,188,0,0,0,0,0.0212648,0,0,0,0,0,0.852832,0.264801,0.3,0.3,0.3,0.978276,0.978276,0.171296,0.215278,0.215278,0.215278,0.215278,0.933004,0.933004,0,0.96309,0.982394,0.0818966,0.711295,0.3,0.393617,50,0.866574,0.3,0.3,0.2,0.2,18.1,-11.2571,8.66,-7.54195,3.64326,8.68,74.51,100.45,24.4365,18.1598,277.29,259.64,70.92,9.72555,14.5894,273.79,473.72
neuromorpho__B2_slide2_20.swc,1482,pyramidal,0.993961,109,417,955,0,0,0,0,0,0,0,0,0,0,0.853327,0.262108,0.3,0.3,0.3,0.978276,0.978276,0.178812,0.178812,0.184885,0.184885,0.225371,0.578131,0.3,0.449541,0.983586,0.998348,0.0311751,0.827706,0.3,0.22199,93,0.898014,0.3,0.355626,0.129032,0.139785,34.8,-31.2165,18.56,-2.33298,5.28018,98,253.63,113.48,-2.34053,21.8729,268.83,157.55,103.95,16.4802,18.8291,306.19,716.2
neuromorpho__B2_slide2_3.swc,317,pyramidal,0.995707,13,134,169,0,0,0,0,0,0,0,0,0,0,0.784593,0.308782,0.3,0.3,0.3,0.3,0.978276,0.280757,0.280757,0.309148,0.309148,0.309148,0.955815,0.955815,0,0.972599,0.984087,0.0671642,0.621077,0.3,0.526627,34,0.816377,0.3,0.3,0.264706,0.264706,14.7,-17.3678,6.24,-14.6253,2.11514,100.16,21.42,68.93,-5.6823,16.4195,153.33,170.54,77.13,-6.50571,20.284,180.46,629.96
neuromorpho__B2_slide2_5.swc,705,pyramidal,0.992182,35,334,335,0,0,0,0,0,0,0,0,0,0,0.976273,0.0441981,0.792143,0.938242,0.978276,0.978276,0.978276,0,0,0,0.0496454,0.0496454,0.792143,0.792143,0,0.993489,0.998348,0,0.978276,0.978276,0,50,0.983822,0.792143,0.978276,0,0.02,29,-17.7189,12.34,-7.25254,4.37192,33.84,88.02,83.98,2.80883,17.8767,198.75,262.14,73.51,-0.168723,16.1772,167.41,258.17
neuromorpho__B2_slide3_12.swc,510,pyramidal,0.99469,53,245,211,0,0,0,0,0,0,0,0,0,0,0.941957,0.174518,0.3,0.3,0.978276,0.978276,0.993697,0.0686275,0.0686275,0.0686275,0.0686275,0.0686275,0.535595,0.3,0.660377,0.998348,0.998348,0,0.978276,0.978276,0,65,0.982299,0.3,0.978276,0.0153846,0.0153846,14,-17.1075,45.52,-15.805,13.3122,96.59,518,106.46,5.50395,20.4344,198.87,208.12,97.56,-9.57695,28.5666,244.48,223.63
neuromorpho__B2_slide3_13.swc,426,pyramidal,0.9976,10,164,251,0,0,0,0,0,0,0,0,0,0,0.857602,0.268305,0.3,0.3,0.3,0.978276,0.978276,0.187793,0.187793,0.187793,0.187793,0.187793,0.955815,0.955815,0,0.992785,0.998348,0.00609756,0.764795,0.3,0.314741,43,0.883307,0.3,0.3,0.162791,0.162791,15,-17.6211,4.8,16.7461,2.15321,5,61.56,67.7,-9.63334,15.5231,269.22,282.8,74.22,6.09625,13.9494,191.45,794.61
neuromorpho__B2_slide3_14.swc,411,pyramidal,0.990637,200,210,0,0,0,0,0,0,0,0,0,0,0,0.942032,0.144328,0.3,0.89124,0.938242,0.938242,0.988216,0.0462287,0.0462287,0.0462287,0.0462287,0.0632603,0.896996,0.938242,0.08,0.984648,0.996335,0.0142857,0,0,0,52,0.963469,0.3,0.938242,0.0192308,0.0192308,14.9,-12.47,87.67,-6.325,18.4045,176.24,612.65,124.71,-3.143,27.0684,231.84,295.38,0,0,0,0,0
neuromorpho__B2_slide3_4.swc,601,pyramidal,0.997634,10,303,287,0,0,0,0,0,0,0,0,0,0,0.978795,0.0795691,0.3,0.978276,0.978276,0.978276,0.978276,0.0133111,0.0133111,0.0133111,0.0133111,0.0133111,0.955815,0.955815,0,0.982214,0.998348,0.0231023,0.975913,0.978276,0.00348432,55,0.98452,0.3,0.978276,0,0,23.6,-20.345,4.57,15.681,1.49888,21.84,32.22,125.46,15.2359,24.2905,178.3,167.41,95.58,13.4071,18.1263,223.69,199.49
neuromorpho__B2_slide3_neuron1.swc,356,pyramidal,0.661594,0,355,0,0,0,0,0,0.000743564,0,0,0,0,0,0.916323,0.149023,0.3,0.613606,0.620185,0.948477,0.973557,0.0168539,0.0224719,0.151685,0.157303,0.157303,0,0,0,0.916088,0.620185,0.152113,0,0,0,55,0.92834,0.3,0.670578,0.109091,0.145455,14,-8.02667,0,0,0,0,0,111.4,6.36427,23.3874,200.97,382.77,0,0,0,0,0
neuromorpho__B2_slide3_neuron3.swc,372,pyramidal,0.986048,88,159,124,0,0,0,0,0,0,0,0,0,0,0.928962,0.164495,0.3,0.3,0.874206,0.955815,0.978276,0.0591398,0.0591398,0.0591398,0.0994624,0.158602,0.822404,0.3,0.170455,0.978895,0.998348,0,0.939986,0.978276,0.0564516,47,0.968413,0.3,0.95364,0.0212766,0.0425532,14.4,-13.0587,59.5,-10.4558,13.839,91.63,329.5,105.42,8.66372,26.179,157.69,135.08,78.51,-13.773,18.9692,164.31,346.99
neuromorpho__B3-F5.swc,1174,interneuron,0.985556,0,1173,0,0,0,0,0,0,0,0,0,0,0,0.99892,3.15427e-05,0.998919,0.998919,0.998919,0.998919,0.998919,0,0,0,0,0,0,0,0,0.998919,0.998919,0,0,0,0,137,0.998927,0.998919,0.998919,0,0,20,9.89667,0,0,0,0,0,20.74,-9.06772,4.2589,113.04,121.77,0,0,0,0,0
neuromorpho__B3_slide1_2.swc,626,pyramidal,0.990467,69,276,280,0,0,0,0,0,0,0,0,0,0,0.95418,0.14714,0.3,0.965066,0.978276,0.978276,0.978276,0.0479233,0.0479233,0.0479233,0.0479233,0.0479233,0.69209,0.3,0.434783,0.995092,0.998348,0,0.978276,0.978276,0,31,0.979031,0.3,0.978276,0.0322581,0.0322581,43,-22.2118,42.9,22.9379,13.8955,18.02,291.54,46.6,-11.8576,10.7108,146.98,105.13,71.4,-3.71254,15.9086,49.16,328.21
neuromorpho__B3_slide1_7.swc,391,pyramidal,0.957284,0,128,262,0,0,0.219949,0.219949,0.057263,-0.219949,0.219949,0,0,0,0.924829,0.0975411,0.560326,0.701555,0.787136,0.912587,0.978276,0,0.00767263,0.0485934,0.13555,0.232737,0,0,0,0.816716,0.646576,0.148438,0.977361,0.978276,0,54,0.910554,0.560326,0.72343,0.0925926,0.185185,14.7,-10.8833,0,0,0,0,0,74,-14.3989,14.4905,211.75,319.65,106.93,-10.112,22.8897,231.5,340.88
neuromorpho__B3_slide2_10.swc,621,pyramidal,0.995561,46,371,203,0,0,0,0,0.0511015,0,0,0,0,0,0.914378,0.12028,0.3,0.744306,0.744306,0.818369,0.998348,0.00483092,0.00483092,0.0305958,0.233494,0.357488,0.948456,0.993697,0.0652174,0.982957,0.998348,0.0431267,0.780899,0.744306,0,39,0.913291,0.3,0.744306,0.025641,0.25641,29.4,-29.8136,36.76,-10.6014,9.71068,14.16,156.97,71.15,-3.71324,16.3574,179.66,100.15,111.52,0.830385,27.7892,109.92,164.41
neuromorpho__B3_slide2_14.swc,322,pyramidal,0.987419,35,125,161,0,0,0,0,0,0,0,0,0,0,0.950554,0.153881,0.3,0.33385,0.978276,0.978276,0.978276,0.052795,0.052795,0.052795,0.052795,0.052795,0.696398,0.3,0.428571,0.996469,0.998348,0,0.96985,0.978276,0.0124224,38,0.977006,0.3,0.978276,0.0263158,0.0263158,17.3,-12.7256,48.2,-11.679,14.9409,37.73,311.83,71.34,-3.39292,14.5833,212.66,209.44,62.06,0.0240649,17.1136,176.27,290.7
neuromorpho__B3_slide2_6.swc,884,pyramidal,0.993679,81,326,476,0,0,0,0,0,0,0,0,0,0,0.974285,0.0594445,0.584058,0.950853,0.950853,0.978276,0.978276,0,0.0214932,0.0214932,0.0214932,0.0214932,0.950853,0.950853,0,0.974202,0.998348,0.0582822,0.978276,0.978276,0,51,0.974974,0.584058,0.950853,0.0196078,0.0196078,33,-16.499,27.8,-14.5063,8.67315,72.39,115.44,92.18,-9.3464,20.5842,179.73,144.6,132.13,-5.40873,27.5474,148.21,175.05
neuromorpho__B3_slide2_neuron1.swc,463,pyramidal,0.997998,39,195,228,0,0,0,0,0,0,0,0,0,0,0.951959,0.138655,0.3,0.842317,0.978151,0.978276,0.978276,0.0410367,0.0410367,0.0410367,0.0410367,0.0885529,0.578111,0.3,0.487179,0.995712,0.998348,0,0.978276,0.978276,0,54,0.955015,0.3,0.978276,0.037037,0.0555556,15.7,-18.7656,16.56,-1.14957,4.78851,99.53,288.34,104.63,12.0062,21.4422,238.71,235.4,98.24,21.7783,21.6675,278.16,307.51
neuromorpho__B3_slide2_neuron1_II_III.swc,984,pyramidal,0.97769,329,331,323,0,0,0,0,0,0,0,0,0,0,0.789006,0.313123,0.3,0.3,0.3,0.3,0.978276,0.29065,0.29065,0.29065,0.29065,0.29065,0.447595,0.3,0.787234,0.998348,0.998348,0,0.921578,0.978276,0.0835913,54,0.804765,0.3,0.3,0.259259,0.277778,34.1,2.97667,62.19,6.18282,15.6808,407.76,705.89,72.79,-4.69044,15.4654,311.58,201.17,98.18,-33.6996,24.4027,242.18,312.09
neuromorpho__B3_slide2_neuron2.swc,435,pyramidal,0.994932,34,182,218,0,0,0,0,0,0,0,0,0,0,0.962414,0.129806,0.3,0.978276,0.978276,0.978276,0.978276,0.0367816,0.0367816,0.0367816,0.0367816,0.0367816,0.667251,0.3,0.470588,0.998348,0.998348,0,0.978276,0.978276,0,49,0.980564,0.3,0.978276,0.0204082,0.0204082,16,-14.085,7.91,0.315882,3.17042,45.11,321.62,101.96,11.4394,22.7713,296.7,167.24,101.44,9.81917,23.2158,184.16,300.11
neuromorpho__B3_slide2_neuron3_II_III.swc,970,pyramidal,0.970597,137,268,564,0,0,0,0,0,0,0,0,0,0,0.978401,0.0698055,0.3,0.978276,0.978276,0.978276,0.978276,0.0103093,0.0103093,0.0103093,0.0103093,0.0103093,0.989977,0.988216,0,0.985319,0.998348,0.0186567,0.972263,0.978276,0.00886525,60,0.983219,0.3,0.978276,0,0,35.3,-29.2087,61.28,-6.64374,18.7425,62.35,294.08,91.35,-9.84372,19.5191,185.53,194.74,112.44,-10.8766,22.895,222.57,299.89
neuromorpho__B3_slide2_neuron4.swc,410,pyramidal,0.986309,40,224,145,0,0,0,0,0,0,0,0,0,0,0.950193,0.162395,0.3,0.3,0.978276,0.978276,0.998348,0.0585366,0.0585366,0.0585366,0.0585366,0.0585366,0.577479,0.3,0.6,0.998348,0.998348,0,0.978276,0.978276,0,47,0.982168,0.3,0.978276,0.0212766,0.0212766,18,-17.768,63.18,34.8743,20.1914,79.84,377.28,75.12,7.57251,14.9134,316.73,273.17,74.19,2.46179,14.7071,164.51,304.96
neuromorpho__B3_slide3_13.swc,1255,pyramidal,0.997461,11,713,530,0,0,0,0,0,0,0,0,0,0,0.88882,0.224107,0.3,0.3,0.528769,0.978276,0.978276,0.0988048,0.152191,0.179283,0.179283,0.179283,0.99359,0.99359,0,0.900461,0.559153,0.197756,0.870776,0.3,0.158491,62,0.923262,0.3,0.698493,0.112903,0.129032,43.6,-37.6639,0,7.37389,7.10543e-15,43.97,40.58,103.71,13.776,24.6811,398.77,236.38,127.39,-21.0882,19.5776,252.26,672.94
neuromorpho__B3_slide3_neuron1.swc,448,pyramidal,0.994737,49,193,205,0,0,0,0,0.0137837,0,0,0,0,0,0.940874,0.146611,0.3,0.577561,0.9481,0.978276,0.978276,0.03125,0.0803571,0.0803571,0.0803571,0.0803571,0.767832,0.3,0.285714,0.944773,0.584627,0.11399,0.978276,0.978276,0,57,0.949524,0.3,0.946637,0.0877193,0.0877193,14,-14.3556,31.39,15.19,8.49497,64.79,315.16,90.83,3.77877,18.566,220.34,154.5,89.46,16.3304,20.7221,234.83,245.11
neuromorpho__B4_Slide2_12.swc,414,pyramidal,0.976956,20,276,117,0,0,0,0,0.0250427,0,0,0,0,0,0.982632,0.0611432,0.3,0.940404,0.947907,0.978276,0.998348,0.00724638,0.00724638,0.00724638,0.00724638,0.00724638,0.842505,0.3,0.15,0.998348,0.998348,0,0.969364,0.942258,0,60,0.988353,0.3,0.978276,0,0,13.1,-9.41222,17.45,23.3327,6.60552,146.82,120.73,89.19,-2.17531,20.4036,226.75,311.12,79.56,-10.093,19.2503,205.28,280.96
neuromorpho__B4_slide1_neuron1.swc,565,pyramidal,0.984814,30,316,218,0,0,0,0,0.00556271,0,0,0,0,0,0.950289,0.142209,0.3,0.659779,0.978056,0.978276,0.998348,0.0353982,0.0353982,0.079646,0.079646,0.079646,0.693095,0.3,0.433333,0.960513,0.998348,0.0949367,0.970636,0.978276,0.00917431,62,0.97621,0.3,0.978078,0.0322581,0.0322581,18.7,-14.1913,81.32,44.6029,21.5355,115.24,266.96,110.03,1.48903,26.7481,252.2,369.29,68.79,-8.40357,14.3433,383.1,329.11
neuromorpho__B4_slide1_neuron2.swc,300,pyramidal,0.993172,24,111,164,0,0,0,0,0,0,0,0,0,0,0.958844,0.129263,0.3,0.945743,0.975023,0.978276,0.978276,0.0366667,0.0366667,0.0366667,0.0366667,0.0366667,0.811214,0.3,0.208333,0.998348,0.998348,0,0.953461,0.978276,0.0365854,26,0.974656,0.3,0.978276,0,0,23,-14.4925,34.58,9.49042,11.982,129.35,129.95,58.35,-4.50101,15.8008,239.79,203.87,99.92,-9.99762,25.2406,247.41,393.91
neuromorpho__B4_slide2_7.swc,1447,pyramidal,0.867952,33,509,904,0,0,0,0,0.00146836,0,0,0,0,0,0.956363,0.10143,0.539466,0.626067,0.978276,0.978276,0.978276,0,0.0228058,0.073255,0.073255,0.073255,0.539466,0.539466,1,0.944389,0.626067,0.143418,0.978276,0.978276,0,73,0.975076,0.539466,0.978276,0.0273973,0.0273973,33,-21.8954,14.2,-7.77492,4.65662,23.95,49.7,87.01,-7.63124,15.1417,201.6,180.05,78.54,10.4906,13.9666,149.62,492.54
neuromorpho__B4_slide2_neuron4.swc,823,pyramidal,0.996301,25,428,369,0,0,0,0,0,0,0,0,0,0,0.974048,0.0985422,0.3,0.958061,0.978276,0.978276,0.998348,0.0206561,0.0206561,0.0206561,0.0206561,0.0206561,0.955815,0.955815,0,0.998348,0.998348,0,0.947027,0.978276,0.0460705,37,0.98486,0.3,0.978276,0,0,43.4,-21.9844,11.84,-4.26876,3.92293,12.55,76.99,75.32,7.92816,14.7072,201.46,155.49,60.38,3.99339,11.943,179.27,209.14
neuromorpho__B4_slide3_13.swc,496,pyramidal,0.997566,17,160,318,0,0,0,0,0,0,0,0,0,0,0.945026,0.120364,0.3,0.643406,0.976994,0.978276,0.978276,0.0100806,0.0362903,0.0927419,0.0927419,0.0927419,0.789668,0.3,0.294118,0.895106,0.643406,0.25625,0.978276,0.978276,0,73,0.958282,0.3,0.978151,0.0547945,0.0684932,14.8,-11.9763,8.86,12.228,3.76377,37.01,264.33,98.99,6.965,22.1879,210.48,167.97,113.07,9.13248,19.8235,280.33,308.02
neuromorpho__B4_slide3_2.swc,396,pyramidal,0.993304,42,205,148,0,0,0,0,0,0,0,0,0,0,0.795598,0.259741,0.3,0.3,0.3,0.679723,0.978276,0.181818,0.181818,0.29798,0.436869,0.436869,0.514678,0.3,0.690476,0.846,0.659779,0.24878,0.804124,0.3,0.256757,45,0.844144,0.3,0.548758,0.177778,0.377778,16.6,-18.06,52.96,-14.1819,14.8756,71.58,539.3,48.44,-5.18102,10.929,310.63,299.42,91.22,12.0457,20.448,115.97,643.12
neuromorpho__B4_slide3_9.swc,945,pyramidal,0.99235,12,478,454,0,0,0,0,0,0,0,0,0,0,0.975211,0.0890938,0.3,0.978276,0.978276,0.978276,0.984087,0.0169312,0.0169312,0.0169312,0.0169312,0.0169312,0.993576,0.993576,0,0.98314,0.984087,0.0167364,0.966324,0.978276,0.0176211,38,0.982712,0.3,0.978276,0,0,41.3,-23.3018,0,10.2118,1.77636e-15,6.03,58.44,90.3,-4.11297,19.6802,137.09,169.78,57.29,6.90955,11.3041,226.25,471.25
neuromorpho__B4_slide3_neuron5.swc,394,pyramidal,0.99354,0,216,177,0,0,0,0,0,0,0,0,0,0,0.989335,0.00998829,0.978276,0.978276,0.978276,0.978276,0.998348,0,0,0,0,0,0,0,0,0.998348,0.998348,0,0.978276,0.978276,0,54,0.990573,0.978276,0.978276,0,0,14.7,-12.8138,0,0,0,0,0,78.77,-5.61782,15.2651,222.92,220.26,85.45,4.45889,17.1014,211.14,223.91
neuromorpho__B4_slide4_5.swc,543,pyramidal,0.995808,25,220,297,0,0,0,0,0,0,0,0,0,0,0.88204,0.238297,0.3,0.3,0.3,0.978276,0.978276,0.128913,0.171271,0.171271,0.171271,0.171271,0.561333,0.584058,1,0.997677,0.998348,0,0.82298,0.3,0.228956,72,0.918686,0.3,0.687428,0.111111,0.125,13.9,-8.85,0,17.57,0,44.88,179.7,73.2,11.2038,14.5059,212.68,249.09,83.04,16.823,18.181,323.19,760.38
neuromorpho__B535_NeuronC_100x_Tile_Trace_MK.swc,1763,pyramidal,0.990623,1259,503,0,0,0,0,0,0,0,0,0,0,0,0.856726,0.0896338,0.785761,0.799279,0.799768,0.800441,0.800588,0,0,0,0.249575,0.714124,0.800031,0.799279,0,0.998348,0.998348,0,0,0,0,714,0.820041,0.785761,0.799425,0,0.296919,3,0,0,0,0,87.58,136.47,0,0,0,56.26,40.3,0,0,0,0,0
neuromorpho__B594_NeuronB_40x_Tile_Trace_MK.swc,725,pyramidal,0.99387,0,352,372,0,0,0,0,0.0443008,0,0,0,0,0,0.976524,0.0339388,0.891613,0.891613,0.894129,0.977851,0.978056,0,0,0,0,0.114483,0,0,0,0.998348,0.998348,0,0.95581,0.891613,0,42,0.979377,0.891613,0.977851,0,0,37.8,0,0,0,0,0,0,0,0,0,82.24,64.42,0,0,0,56.26,118.99
neuromorpho__B616_NeuronA_40x_Tile_Trace_RK.swc,571,pyramidal,0.992292,0,303,267,0,0,0,0,0,0,0,0,0,0,0.988965,0.0100179,0.978276,0.978276,0.978276,0.978276,0.998348,0,0,0,0,0,0,0,0,0.998348,0.998348,0,0.978276,0.978276,0,54,0.986112,0.978276,0.978276,0,0,24,0,0,0,0,0,0,0,0,0,60.15,46.95,0,0,0,51.52,96.96
neuromorpho__B716_NeuronA_40X_Tile_Trace_MK.swc,1837,pyramidal,0.897963,372,498,966,0,0,0,0,0,0,0,0,0,0,0.845261,0.136454,0.3,0.497922,0.763402,0.764383,0.797212,0.0691345,0.0691345,0.0691345,0.530757,0.554709,0.982025,0.938242,0,0.948773,0.855046,0.00803213,0.73907,0.497922,0.127329,57,0.850376,0.3,0.763402,0.0526316,0.508772,68.8,0,1539.06,-4.5021,79.6721,36.17,39.99,1540.71,-80.2255,342.392,44.34,25.35,33.42,8.12829,10.3038,53.25,70.93
neuromorpho__B949_NeuronB_40x_Tile_Trace_RK.swc,985,pyramidal,0.9977,0,204,780,0,0,0,0,0,0,0,0,0,0,0.980597,0.0187723,0.80518,0.977851,0.977851,0.977851,0.977851,0,0,0,0,0.00913706,0,0,0,0.998348,0.998348,0,0.97593,0.977851,0,67,0.9809,0.80518,0.977851,0,0,34,0,0,0,0,0,0,0,0,0,82.68,52.73,0,0,0,133.18,224.03
neuromorpho__B988_NeuronC_40x_Tile_Trace_MK.swc,1150,pyramidal,0.994097,123,403,623,0,0,0,0,0.0205656,0,0,0,0,0,0.96255,0.0538665,0.80518,0.842333,0.842333,0.977851,0.977851,0,0,0,0,0.134783,0.842333,0.842333,0,0.998348,0.998348,0,0.963068,0.913815,0,48,0.970016,0.80518,0.912889,0,0,48.3,0,0,0,0,8.02,87.68,0,0,0,117.2,88.05,0,0,0,83.71,199.57
neuromorpho__BC-S-15-02-2011_Z03.swc,61321,interneuron,0.998598,55426,5894,0,0,0,0,0,0,0,0,0,0,0,0.863799,0.276184,0.3,0.3,0.3,0.999189,0.999189,0.193523,0.193523,0.193523,0.193523,0.193523,0.885291,0.3,0.162794,0.661673,0.3,0.482525,0,0,0,1827,0.894691,0.3,0.3,0.149425,0.151067,73,0,107.09,28.7171,23.836,665.72,1085.49,100.77,11.1799,18.2692,267.27,966.09,0,0,0,0,0
neuromorpho__BC130207C_06.swc,57603,interneuron,0.998687,48008,9594,0,0,0,0,0,0,0,0,0,0,0,0.908969,0.234257,0.3,0.3,0.3,0.998919,0.999189,0.1289,0.1289,0.1289,0.1289,0.1289,0.890991,0.3,0.154662,0.998919,0.998919,0,0,0,0,554,0.90502,0.3,0.3,0.135379,0.137184,216.7,0,266.05,-43.4931,50.6931,497.94,491.5,139.31,-20.1257,22.5011,150.01,195.92,0,0,0,0,0
neuromorpho__BC130221A_07.swc,88031,interneuron,0.997821,79443,8587,0,0,0,0,0,0,0,0,0,0,0,0.944506,0.187676,0.3,0.3,0.998919,0.999189,0.999189,0.0781656,0.0781656,0.0781656,0.0781656,0.0781656,0.94092,0.999189,0.0833302,0.977675,0.998919,0.0303948,0,0,0,1098,0.980622,0.3,0.998919,0.0255009,0.0309654,179,0,578.09,-50.7679,78.0477,688.11,1139,269.49,-18.8139,47.0553,269.5,327.83,0,0,0,0,0
neuromorpho__BC140213F_22.swc,68356,interneuron,0.998606,56664,11691,0,0,0,0,0,0,0,0,0,0,0,0.931088,0.207127,0.3,0.3,0.995725,0.998919,0.999189,0.0972409,0.0972409,0.0972409,0.0972409,0.0972409,0.929352,0.971264,0.0997635,0.939495,0.998919,0.0850227,0,0,0,797,0.980316,0.3,0.998919,0.0250941,0.0313676,197.8,0,399.94,-29.7531,65.742,921.92,697.87,341.43,-32.3605,60.2577,302.22,316.99,0,0,0,0,0
neuromorpho__BC150106A_26.swc,92169,interneuron,0.998014,84473,7695,0,0,0,0,0,0,0,0,0,0,0,0.974099,0.129901,0.3,0.998919,0.998919,0.999189,0.999189,0.0358038,0.0358038,0.0358038,0.0358038,0.0358038,0.971994,0.999189,0.0388408,0.997193,0.998919,0.00246914,0,0,0,1336,0.970565,0.3,0.999189,0.0404192,0.0404192,156,0,208.41,-54.6349,44.5533,530.64,965.96,135.1,-22.0561,26.8984,242.49,311.83,0,0,0,0,0
neuromorpho__BC150330C_29.swc,114665,interneuron,0.995809,101000,13664,0,0,0,0,0,0,0,0,0,0,0,0.967189,0.14589,0.3,0.995725,0.998919,0.999189,0.999189,0.0456286,0.0456286,0.0456286,0.0456286,0.0456286,0.964142,0.999189,0.0500198,0.989712,0.998919,0.0131733,0,0,0,1483,0.978464,0.3,0.999189,0.0296696,0.0303439,168,0,224.15,-37.556,37.7335,726.44,1465.65,145,-11.4242,27.3038,262.66,370.19,0,0,0,0,0
neuromorpho__BC150721A_33.swc,44315,interneuron,0.99767,34802,9512,0,0,0,0,0,0,0,0,0,0,0,0.89051,0.249836,0.3,0.3,0.3,0.995725,0.999189,0.151709,0.151709,0.151709,0.151709,0.151709,0.89807,0.3,0.139963,0.862838,0.3,0.194701,0,0,0,491,0.883593,0.3,0.3,0.156823,0.160896,200,-5.1675,387.92,-33.2947,78.9787,490.01,1340.35,216.47,-27.9067,39.5217,241.79,673.13,0,0,0,0,0
neuromorpho__BC170412A_41.swc,42151,interneuron,0.998161,35659,6491,0,0,0,0,0,0,0,0,0,0,0,0.907136,0.236324,0.3,0.3,0.3,0.999189,0.999189,0.131575,0.131575,0.131575,0.131575,0.131575,0.937725,0.999189,0.08786,0.739077,0.3,0.371745,0,0,0,348,0.953837,0.3,0.932023,0.0545977,0.0689655,296.5,0,393.84,-62.0712,73.6374,432.94,779.53,357.41,-100.654,100.496,214.68,928.5,0,0,0,0,0
neuromorpho__BMCell3_20m.swc,1565,interneuron,0.625179,679,885,0,0,0,0,0,0,0,0,0,0,0,0.550989,0.29015,0.3,0.3,0.3,0.3,0.3,0.534824,0.663898,0.663898,0.663898,0.663898,0.3,0.3,1,0.743048,0.3,0.40678,0,0,0,90,0.567451,0.3,0.3,0.6,0.611111,44.4,0,46.48,6.39776,12.502,270.91,334.17,47.51,2.09146,11.1474,140.96,577.32,0,0,0,0,0
neuromorpho__B_GFP_0002_final.swc,1220,pyramidal,0.996937,0,1219,0,0,0,0,0,0,0,0,0,0,0,0.998349,4.72802e-05,0.998348,0.998348,0.998348,0.998348,0.998348,0,0,0,0,0,0,0,0,0.998348,0.998348,0,0,0,0,77,0.998369,0.998348,0.998348,0,0,48.2,0,0,0,0,0,0,0,0,0,58.31,108.42,0,0,0,0,0
neuromorpho__B_GFP_0014_final.swc,1500,pyramidal,0.997467,0,1499,0,0,0,0,0,0,0,0,0,0,0,0.998349,4.26429e-05,0.998348,0.998348,0.998348,0.998348,0.998348,0,0,0,0,0,0,0,0,0.998348,0.998348,0,0,0,0,91,0.998366,0.998348,0.998348,0,0,40,0,0,0,0,0,0,0,0,0,85.76,87.96,0,0,0,0,0
neuromorpho__B_RFP_0001_final.swc,1073,pyramidal,0.996332,0,1072,0,0,0,0,0,0,0,0,0,0,0,0.998349,5.04121e-05,0.998348,0.998348,0.998348,0.998348,0.998348,0,0,0,0,0,0,0,0,0.998348,0.998348,0,0,0,0,88,0.998367,0.998348,0.998348,0,0,32,0,0,0,0,0,0,0,0,0,54.71,60.65,0,0,0,0,0
neuromorpho__B_RFP_0002_final.swc,924,pyramidal,0.994048,0,923,0,0,0,0,0,0,0,0,0,0,0,0.99835,5.43208e-05,0.998348,0.998348,0.998348,0.998348,0.998348,0,0,0,0,0,0,0,0,0.998348,0.998348,0,0,0,0,106,0.998363,0.998348,0.998348,0,0,18,0,0,0,0,0,0,0,0,0,35.6,113.69,0,0,0,0,0
neuromorpho__B_RFP_0012_2final.swc,636,pyramidal,0.996901,0,635,0,0,0,0,0,0,0,0,0,0,0,0.99835,6.54586e-05,0.998348,0.998348,0.998348,0.998348,0.998348,0,0,0,0,0,0,0,0,0.998348,0.998348,0,0,0,0,64,0.998374,0.998348,0.998348,0,0,22.4,0,0,0,0,0,0,0,0,0,37.95,55.13,0,0,0,0,0
neuromorpho__B_RFP_0012_final.swc,789,pyramidal,0.997268,0,788,0,0,0,0,0,0,0,0,0,0,0,0.99835,5.87791e-05,0.998348,0.998348,0.998348,0.998348,0.998348,0,0,0,0,0,0,0,0,0.998348,0.998348,0,0,0,0,79,0.998369,0.998348,0.998348,0,0,22,0,0,0,0,0,0,0,0,0,34.72,79,0,0,0,0,0
neuromorpho__B_RFP_0013_final.swc,979,pyramidal,0.996896,0,978,0,0,0,0,0,0,0,0,0,0,0,0.99835,5.27745e-05,0.998348,0.998348,0.998348,0.998348,0.998348,0,0,0,0,0,0,0,0,0.998348,0.998348,0,0,0,0,78,0.998369,0.998348,0.998348,0,0,28.9,0,0,0,0,0,0,0,0,0,42.74,81.09,0,0,0,0,0
neuromorpho__B_RFP_0016_final.swc,967,pyramidal,0.996883,0,966,0,0,0,0,0,0,0,0,0,0,0,0.99835,5.31006e-05,0.998348,0.998348,0.998348,0.998348,0.998348,0,0,0,0,0,0,0,0,0.998348,0.998348,0,0,0,0,72,0.998371,0.998348,0.998348,0,0,27,0,0,0,0,0,0,0,0,0,64.5,84.15,0,0,0,0,0
neuromorpho__B_RFP_0018_final.swc,513,pyramidal,0.997556,0,512,0,0,0,0,0,0,0,0,0,0,0,0.998351,7.2871e-05,0.998348,0.998348,0.998348,0.998348,0.998348,0,0,0,0,0,0,0,0,0.998348,0.998348,0,0,0,0,70,0.998371,0.998348,0.998348,0,0,13.3,0,0,0,0,0,0,0,0,0,24.35,41.77,0,0,0,0,0
neuromorpho__B_RFP_0019_final.swc,662,pyramidal,0.997425,0,661,0,0,0,0,0,0,0,0,0,0,0,0.99835,6.41623e-05,0.998348,0.998348,0.998348,0.998348,0.998348,0,0,0,0,0,0,0,0,0.998348,0.998348,0,0,0,0,67,0.998373,0.998348,0.998348,0,0,19.4,0,0,0,0,0,0,0,0,0,27.25,43.02,0,0,0,0,0
neuromorpho__B_RFP_0020_2final.swc,886,pyramidal,0.997292,0,885,0,0,0,0,0,0,0,0,0,0,0,0.99835,5.54721e-05,0.998348,0.998348,0.998348,0.998348,0.998348,0,0,0,0,0,0,0,0,0.998348,0.998348,0,0,0,0,97,0.998365,0.998348,0.998348,0,0,21,0,0,0,0,0,0,0,0,0,45.78,58.8,0,0,0,0,0
neuromorpho__B_RFP_0025_final.swc,908,pyramidal,0.997303,0,907,0,0,0,0,0,0,0,0,0,0,0,0.99835,5.47968e-05,0.998348,0.998348,0.998348,0.998348,0.998348,0,0,0,0,0,0,0,0,0.998348,0.998348,0,0,0,0,85,0.998367,0.998348,0.998348,0,0,23.6,0,0,0,0,0,0,0,0,0,45.34,73.07,0,0,0,0,0
neuromorpho__C-02-04-14-F-14-04-14-cs4-cell1.swc,2977,interneuron,0.738738,0,2976,0,0,0,0,0,0,0,0,0,0,0,0.998919,1.98132e-05,0.998919,0.998919,0.998919,0.998919,0.998919,0,0,0,0,0,0,0,0,0.998919,0.998919,0,0,0,0,38,0.998947,0.998919,0.998919,0,0,145.9,0,0,0,0,0,0,2,-0.0265457,0.236818,187.18,232.32,0,0,0,0,0
neuromorpho__C-02-04-14-F-16-04-14-CS1.swc,5087,interneuron,0.984504,0,5086,0,0,0,0,0,0,0,0,0,0,0,0.998919,1.51581e-05,0.998919,0.998919,0.998919,0.998919,0.998919,0,0,0,0,0,0,0,0,0.998919,0.998919,0,0,0,0,57,0.998938,0.998919,0.998919,0,0,170.4,0,0,0,0,0,0,5,-0.983877,0.880902,192.01,367.74,0,0,0,0,0
neuromorpho__C-11-6-14-F-23-06-14-cs2-dendrites.swc,9429,interneuron,0.984173,0,9428,0,0,0,0,0,0,0,0,0,0,0,0.751121,0.334345,0.3,0.3,0.3,0.3,0.998919,0.354544,0.354544,0.354544,0.354544,0.354544,0,0,0,0.751095,0.3,0.354582,0,0,0,66,0.778887,0.3,0.3,0.318182,0.318182,314,0,0,0,0,0,0,6,-0.12919,0.879132,359.23,708.04,0,0,0,0,0
neuromorpho__C-11-6-14-F-25-06-14-CS3.swc,13250,interneuron,0.983727,0,13249,0,0,0,0,0,0,0,0,0,0,0,0.998919,9.39276e-06,0.998919,0.998919,0.998919,0.998919,0.998919,0,0,0,0,0,0,0,0,0.998919,0.998919,0,0,0,0,101,0.998929,0.998919,0.998919,0,0,347,0.228972,0,0,0,0,0,6,0.417039,1.01833,364.55,617.3,0,0,0,0,0
neuromorpho__C02-04-14F16-04-14CS4.swc,23055,interneuron,0.970853,18094,4960,0,0,0,0,0,0,0,0,0,0,0,0.913643,0.201885,0.3,0.3,0.973127,0.973127,0.973127,0.0974192,0.0974192,0.0974192,0.0974192,0.0974192,0.890262,0.3,0.12413,0.998919,0.998919,0,0,0,0,279,0.944551,0.3,0.973127,0.0573477,0.0573477,192.2,0,4.5,-0.146858,0.791576,453.18,455.3,3,0.0638105,0.4661,138.94,188.01,0,0,0,0,0
neuromorpho__C02-4-14F14-04-14CS3.swc,32789,interneuron,0.997147,28254,4534,0,0,0,0,0,0,0,0,0,0,0,0.981547,0.105755,0.3,0.973127,0.998919,0.999189,0.999189,0.023453,0.023453,0.023453,0.023453,0.023453,0.978758,0.999189,0.0272174,0.998919,0.998919,0,0,0,0,586,0.995137,0.3,0.998919,0.00341297,0.00511945,133,-0.00446429,10,-2.85665,2.14675,481.3,766.53,8.5,-1.65241,1.9058,124.94,289.39,0,0,0,0,0
neuromorpho__C03-7-14F17-7-14CS1.swc,6148,interneuron,0.991163,5285,862,0,0,0,0,0,0,0,0,0,0,0,0.975324,0.0323519,0.3,0.973127,0.973127,0.973127,0.973127,0.00211451,0.00211451,0.00211451,0.00211451,0.00211451,0.971471,0.973127,0.00245979,0.998919,0.998919,0,0,0,0,358,0.976827,0.3,0.973127,0,0,42.3,1.39231,6.5,-0.692308,0.921118,421.33,644.9,5,-0.877226,0.863882,139.69,177.22,0,0,0,0,0
neuromorpho__C10-19.swc,373,pyramidal,0.915817,0,345,27,0,0,0.0723861,0.0723861,0.0152302,-0.0723861,0,0.0723861,0.0723861,0,0.963179,0.0979677,0.631972,0.738418,0.745627,0.998348,0.998348,0,0,0.0455764,0.117962,0.117962,0,0,0,0.980295,0.998348,0.0492754,0.743113,0.738418,0,47,0.963424,0.631972,0.748508,0.0212766,0.12766,14.6,0,0,0,0,0,0,90.72,5.8402,21.7291,96.56,180.49,34.17,9.99852,9.64991,38.21,63.85
neuromorpho__C10-21.swc,341,pyramidal,0.974805,0,208,132,0,0,0,0,0.03676,0,0,0,0,0,0.918709,0.20073,0.3,0.3,0.925671,0.940526,0.998348,0.0938416,0.0938416,0.0938416,0.0938416,0.0938416,0,0,0,0.998348,0.998348,0,0.792602,0.3,0.242424,37,0.906782,0.3,0.654827,0.108108,0.108108,18,0,0,0,0,0,0,76.36,0.598029,13.5525,96,133.46,73.68,2.56818,13.7657,78.64,255.67
neuromorpho__C10-25.swc,714,pyramidal,0.98951,254,252,207,0,0,0,0,0.0351051,0,0,0,0,0,0.831471,0.207402,0.390307,0.50892,0.539637,0.600992,0.978276,0.0252101,0.246499,0.355742,0.355742,0.355742,0.555298,0.50892,1,0.998284,0.998348,0,0.96646,0.935985,0,80,0.809789,0.390307,0.477151,0.3875,0.3875,19.2,0,114.86,0.359213,21.9881,157.24,118,126.37,4.18532,29.1363,76.86,92.56,74.2,7.08372,13.9656,78.48,326.78
neuromorpho__C10-29.swc,808,pyramidal,0.990902,0,485,322,0,0,0,0,0,0,0,0,0,0,0.990351,0.00982895,0.978276,0.978276,0.978276,0.978276,0.998348,0,0,0,0,0,0,0,0,0.998348,0.998348,0,0.978276,0.978276,0,78,0.991421,0.978276,0.978276,0,0,22,0,0,0,0,0,0,115.27,2.16553,25.3384,162.63,141.21,104.08,-8.4773,22.151,133.2,275.55
neuromorpho__C10-32.swc,648,pyramidal,0.989288,0,396,251,0,0,0,0,0,0,0,0,0,0,0.933991,0.164555,0.3,0.633611,0.633611,0.978276,0.978276,0.0447531,0.0447531,0.114198,0.114198,0.114198,0,0,0,0.905759,0.633611,0.186869,0.978271,0.978276,0,67,0.981684,0.3,0.978276,0.0149254,0.0149254,15.4,0,0,0,0,0,0,117.03,21.2708,27.1432,259.23,190.46,94.16,16.846,24.8178,103.01,242.03
neuromorpho__C1005-2KO-whole-6.swc,84,pyramidal,0.997014,0,83,0,0,0,0,0,0,0,0,0,0,0,0.838422,0.170567,0.555613,0.600161,0.613606,0.626746,0.950709,0,0.0595238,0.369048,0.369048,0.369048,0,0,0,0.836475,0.613606,0.373494,0,0,0,21,0.831333,0.555613,0.613606,0.380952,0.380952,7,0,0,0,0,0,0,0,0,0,237.84,273.24,0,0,0,0,0
neuromorpho__C1046-ap1-ba1.swc,234,pyramidal,0.992473,0,233,0,0,0,0,0,0,0,0,0,0,0,0.995829,0.00599125,0.978151,0.982287,0.983159,0.998348,0.998348,0,0,0,0,0,0,0,0,0.995811,0.983102,0,0,0,0,41,0.994707,0.978151,0.982987,0,0,10,0,0,0,0,0,0,139.98,-4.20665,34.0403,150.85,174.47,0,0,0,0,0
neuromorpho__C15-10-14DIV15CS1Cell1.swc,90544,interneuron,0.996812,85001,5542,0,0,0,0,0,0,0,0,0,0,0,0.67016,0.34306,0.3,0.3,0.3,0.3,0.973127,0.461875,0.461875,0.461875,0.461875,0.461875,0.648722,0.3,0.491994,0.998919,0.998919,0,0,0,0,1732,0.72694,0.3,0.3,0.379908,0.380485,124,0.0869091,11.18,1.27687,1.1596,1129.94,1358.81,4,1.31887,0.630677,252.48,443.83,0,0,0,0,0
neuromorpho__C2_3.swc,2778,pyramidal,0.411551,0,563,2214,0,0,0,0,0,0,0,0,0,0,0.824629,0.0764018,0.3,0.815971,0.815971,0.832772,0.832772,0.0197984,0.0197984,0.0197984,0.0197984,0.993161,0,0,0,0.808383,0.815971,0.0674956,0.828681,0.832772,0.00767841,38,0.846569,0.3,0.827731,0,0.0526316,188.7,0,0,0,0,0,0,0,0,0,82.19,225.26,0,0,0,209.77,680.31
neuromorpho__C2_5.swc,2417,interneuron,0.507918,0,2416,0,0,0,0,0,0,0,0,0,0,0,0.540691,0.260288,0.3,0.3,0.3,0.3,0.3,0.525031,0.525031,0.525031,0.858089,0.858089,0,0,0,0.540501,0.3,0.525248,0,0,0,31,0.648656,0.3,0.3,0.419355,0.612903,248,0,0,0,0,0,0,0,0,0,193.38,1063.88,0,0,0,0,0
neuromorpho__C4_3.swc,1226,pyramidal,0.994739,0,596,629,0,0,0.513051,0.513051,0.147211,0,-0.513051,0.513051,0.513051,0,0.915667,0.120875,0.620938,0.620938,0.620938,0.921041,0.930874,0,0,0.134584,0.134584,0.170473,0,0,0,0.892521,0.620938,0.276846,0.937465,0.900447,0,28,0.883194,0.620938,0.620938,0.25,0.25,136.8,0,0,0,0,0,0,0,0,0,75.31,206.11,0,0,0,56.46,300.24
neuromorpho__C922-whole3.swc,80,pyramidal,0.920075,0,45,34,0,0,0,0,0,0,0,0,0,0,0.8076,0.221984,0.521621,0.552015,0.552015,0.552015,0.998348,0,0.425,0.425,0.425,0.425,0,0,0,0.998348,0.998348,0,0.549481,0.552015,1,15,0.78831,0.521621,0.552015,0.466667,0.466667,8.6,0,0,0,0,0,0,109.87,-12.3996,20.5775,102.5,58.04,239.99,-53.3447,58.3445,85.25,151.79
neuromorpho__C992-whole-2.swc,136,pyramidal,0.908802,0,135,0,0,0,0,0,0,0,0,0,0,0,0.972628,0.0541565,0.633611,0.950709,0.950709,0.953981,0.980219,0,0,0.0220588,0.0220588,0.0220588,0,0,0,0.972425,0.950709,0.0222222,0,0,0,21,0.963303,0.633611,0.950709,0.047619,0.047619,11,0,0,0,0,0,0,209.99,-6.03052,43.9976,164.07,229.82,0,0,0,0,0
neuromorpho__C992-whole-3.swc,123,pyramidal,0.973966,0,122,0,0,0,0,0,0,0,0,0,0,0,0.998361,0.000148358,0.998348,0.998348,0.998348,0.998348,0.998348,0,0,0,0,0,0,0,0,0.998348,0.998348,0,0,0,0,21,0.998427,0.998348,0.998348,0,0,9,0,0,0,0,0,0,154.08,-23.5245,30.0467,110.4,188.92,0,0,0,0,0
neuromorpho__CA1_slide2_neuron2.swc,1861,pyramidal,0.980451,102,1177,581,0,0,0,0,0,0,0,0,0,0,0.819014,0.285683,0.3,0.3,0.3,0.638953,0.978276,0.222998,0.227834,0.252015,0.264374,0.264374,0.743639,0.3,0.323529,0.892574,0.3,0.15548,0.682917,0.3,0.435456,49,0.844617,0.3,0.3,0.204082,0.285714,77.2,0.953333,36.39,41.6527,8.33725,182.89,81.07,70.31,26.7042,18.6933,521.5,425.81,60.69,-2.12834,15.5615,313.6,584.77
neuromorpho__CA1_slide2_neuron3.swc,1332,pyramidal,0.894555,0,577,754,0,0,0,0,0,0,0,0,0,0,0.810915,0.298055,0.3,0.3,0.3,0.643406,0.978276,0.248498,0.248498,0.26952,0.26952,0.26952,0,0,0,0.976282,0.998348,0.0554593,0.684116,0.3,0.433687,41,0.893254,0.3,0.643406,0.146341,0.195122,91,-21.06,0,0,0,0,0,38.47,16.7963,9.36041,234.47,139.16,91.97,-14.2203,17.5265,258.22,496.09
neuromorpho__CA3_slide2_neuron3.swc,1584,pyramidal,0.997307,0,566,1017,0,0,0.032197,0.032197,0.00251711,-0.032197,0.032197,0,0,0,0.970135,0.0795992,0.3,0.978276,0.978276,0.978276,0.978276,0.00568182,0.0252525,0.030303,0.030303,0.030303,0,0,0,0.955454,0.952093,0.0848057,0.978276,0.978276,0,85,0.968778,0.3,0.978276,0.0352941,0.0352941,40.6,-31.1419,0,0,0,0,0,68.6,39.4786,13.1711,379.77,415.03,100.01,35.9615,20.7856,270.55,697.7
neuromorpho__CA3_slide2_neuron4.swc,1536,pyramidal,0.98604,34,732,769,0,0,0,0,0,0,0,0,0,0,0.95698,0.142814,0.3,0.978276,0.978276,0.978276,0.978276,0.0449219,0.0449219,0.0449219,0.0449219,0.0449219,0.993576,0.993576,0,0.943968,0.998348,0.0778689,0.967692,0.978276,0.0156047,77,0.966206,0.3,0.978276,0.025974,0.025974,42.4,-29.5967,30.93,38.1587,11.8047,62.02,27.13,86.76,25.4504,15.9066,338.71,307.49,45.94,18.2459,12.5359,265.88,437.09
neuromorpho__CONTROL-1-N1.swc,2203,interneuron,0.992565,0,2202,0,0,0,0,0,0,0,0,0,0,0,0.998919,2.30309e-05,0.998919,0.998919,0.998919,0.998919,0.998919,0,0,0,0,0,0,0,0,0.998919,0.998919,0,0,0,0,32,0.998953,0.998919,0.998919,0,0,181.6,0,0,0,0,0,0,12.71,-1.4402,2.96659,107.23,214.96,0,0,0,0,0
neuromorpho__CONTROL-1-N2.swc,1440,interneuron,0.994349,0,1439,0,0,0,0,0,0,0,0,0,0,0,0.99892,2.8483e-05,0.998919,0.998919,0.998919,0.998919,0.998919,0,0,0,0,0,0,0,0,0.998919,0.998919,0,0,0,0,23,0.998966,0.998919,0.998919,0,0,147.4,0,0,0,0,0,0,12.95,-2.97114,3.35538,91.8,117.84,0,0,0,0,0
neuromorpho__CONTROL-1-N3.swc,2543,interneuron,0.987695,0,2542,0,0,0,0,0,0,0,0,0,0,0,0.998919,2.14367e-05,0.998919,0.998919,0.998919,0.998919,0.998919,0,0,0,0,0,0,0,0,0.998919,0.998919,0,0,0,0,24,0.998964,0.998919,0.998919,0,0,263.2,0,0,0,0,0,0,12.99,2.78443,2.79667,107.81,222.15,0,0,0,0,0
neuromorpho__CONTROL-2-N3.swc,891,interneuron,0.995012,0,890,0,0,0,0,0,0,0,0,0,0,0,0.99892,3.62022e-05,0.998919,0.998919,0.998919,0.998919,0.998919,0,0,0,0,0,0,0,0,0.998919,0.998919,0,0,0,0,14,0.998996,0.998919,0.998919,0,0,143.4,0,0,0,0,0,0,8.89,1.38548,2.26323,72.55,90.43,0,0,0,0,0
neuromorpho__CONTROL-2-N5_1.swc,1304,interneuron,0.994871,0,1303,0,0,0,0,0,0,0,0,0,0,0,0.99892,2.99304e-05,0.998919,0.998919,0.998919,0.998919,0.998919,0,0,0,0,0,0,0,0,0.998919,0.998919,0,0,0,0,15,0.998991,0.998919,0.998919,0,0,167,0,0,0,0,0,0,11.63,0.0142517,1.70369,87.38,114.03,0,0,0,0,0
neuromorpho__CONTROL-3-N1.swc,837,interneuron,0.990747,0,836,0,0,0,0,0,0,0,0,0,0,0,0.99892,3.73504e-05,0.998919,0.998919,0.998919,0.998919,0.998919,0,0,0,0,0,0,0,0,0.998919,0.998919,0,0,0,0,10,0.999027,0.998919,0.998919,0,0,147.1,0,0,0,0,0,0,8.88,-0.214581,2.07507,53.23,97.12,0,0,0,0,0
neuromorpho__CONTROL-3-N1_1.swc,696,interneuron,0.995239,0,695,0,0,0,0,0,0,0,0,0,0,0,0.99892,4.09544e-05,0.998919,0.998919,0.998919,0.998919,0.998919,0,0,0,0,0,0,0,0,0.998919,0.998919,0,0,0,0,14,0.998996,0.998919,0.998919,0,0,122.6,0,0,0,0,0,0,6.84,0.508647,1.1617,55.84,103.1,0,0,0,0,0
neuromorpho__CONTROL-3-N4_1.swc,1263,interneuron,0.994991,0,1262,0,0,0,0,0,0,0,0,0,0,0,0.99892,3.04119e-05,0.998919,0.998919,0.998919,0.998919,0.998919,0,0,0,0,0,0,0,0,0.998919,0.998919,0,0,0,0,15,0.998991,0.998919,0.998919,0,0,161.2,0,0,0,0,0,0,10.97,-1.11456,2.13288,77.9,97.81,0,0,0,0,0
neuromorpho__CONTROL-4-N1_1.swc,760,interneuron,0.99512,0,759,0,0,0,0,0,0,0,0,0,0,0,0.99892,3.91945e-05,0.998919,0.998919,0.998919,0.998919,0.998919,0,0,0,0,0,0,0,0,0.998919,0.998919,0,0,0,0,13,0.999002,0.998919,0.998919,0,0,122.6,0,0,0,0,0,0,8.43,0.559354,1.13243,50.72,107.94,0,0,0,0,0
neuromorpho__CONTROL-4-N4.swc,1191,interneuron,0.980361,0,1190,0,0,0,0,0,0,0,0,0,0,0,0.99892,3.13169e-05,0.998919,0.998919,0.998919,0.998919,0.998919,0,0,0,0,0,0,0,0,0.998919,0.998919,0,0,0,0,13,0.999002,0.998919,0.998919,0,0,244.2,0,0,0,0,0,0,11.64,-0.418899,2.58368,54.65,177.55,0,0,0,0,0
neuromorpho__CONTROL-5-N2.swc,2261,interneuron,0.983871,0,2260,0,0,0,0,0,0,0,0,0,0,0,0.998919,2.27337e-05,0.998919,0.998919,0.998919,0.998919,0.998919,0,0,0,0,0,0,0,0,0.998919,0.998919,0,0,0,0,19,0.998976,0.998919,0.998919,0,0,273,0,0,0,0,0,0,13.69,-2.40026,3.60427,208.42,192.49,0,0,0,0,0
neuromorpho__CONTROL-6-N2_1.swc,430,interneuron,0.989067,0,429,0,0,0,0,0,0,0,0,0,0,0,0.998921,5.20808e-05,0.998919,0.998919,0.998919,0.998919,0.998919,0,0,0,0,0,0,0,0,0.998919,0.998919,0,0,0,0,9,0.999039,0.998919,0.998919,0,0,104.8,0,0,0,0,0,0,8.24,-0.0571795,1.57856,39.6,54.01,0,0,0,0,0
neuromorpho__CONTROL-6-N3_1.swc,2653,interneuron,0.994858,0,2652,0,0,0,0,0,0,0,0,0,0,0,0.998919,2.09878e-05,0.998919,0.998919,0.998919,0.998919,0.998919,0,0,0,0,0,0,0,0,0.998919,0.998919,0,0,0,0,20,0.998973,0.998919,0.998919,0,0,322.1,0,0,0,0,0,0,11.52,1.95467,2.5157,128.29,219.84,0,0,0,0,0
neuromorpho__CSp0114-1.swc,12227,pyramidal,0.973391,0,5555,6671,0,0,0.0194651,0.0194651,0.0146586,-0.0194651,0.0194651,0,0,0,0.818543,0.29353,0.3,0.3,0.3,0.818006,0.978276,0.241433,0.241433,0.241433,0.241433,0.260653,0,0,0,0.97651,0.978151,0.0156616,0.686976,0.3,0.429471,205,0.869445,0.3,0.3,0.170732,0.17561,125,0,0,0,0,0,0,216.07,34.0835,42.427,330.87,293.35,207.21,20.5014,40.498,339.54,960.61
neuromorpho__C_RFP_0002_final.swc,1070,pyramidal,0.996931,0,1069,0,0,0,0,0,0,0,0,0,0,0,0.998349,5.04826e-05,0.998348,0.998348,0.998348,0.998348,0.998348,0,0,0,0,0,0,0,0,0.998348,0.998348,0,0,0,0,144,0.998359,0.998348,0.998348,0,0,13.7,0,0,0,0,0,0,0,0,0,51.35,48.19,0,0,0,0,0
neuromorpho__C_RFP_0003_2final.swc,1154,pyramidal,0.997431,0,1153,0,0,0,0,0,0,0,0,0,0,0,0.998349,4.86123e-05,0.998348,0.998348,0.998348,0.998348,0.998348,0,0,0,0,0,0,0,0,0.998348,0.998348,0,0,0,0,134,0.99836,0.998348,0.998348,0,0,20.7,0,0,0,0,0,0,0,0,0,36.33,62.04,0,0,0,0,0
neuromorpho__C_RFP_0003_final.swc,1010,pyramidal,0.997781,0,1009,0,0,0,0,0,0,0,0,0,0,0,0.99835,5.19591e-05,0.998348,0.998348,0.998348,0.998348,0.998348,0,0,0,0,0,0,0,0,0.998348,0.998348,0,0,0,0,135,0.99836,0.998348,0.998348,0,0,15,0,0,0,0,0,0,0,0,0,44.89,53.17,0,0,0,0,0
neuromorpho__C_RFP_0005_2final.swc,1585,pyramidal,0.997498,0,1584,0,0,0,0,0,0,0,0,0,0,0,0.998349,4.14844e-05,0.998348,0.998348,0.998348,0.998348,0.998348,0,0,0,0,0,0,0,0,0.998348,0.998348,0,0,0,0,237,0.998355,0.998348,0.998348,0,0,14,0,0,0,0,0,0,0,0,0,51.4,77.65,0,0,0,0,0
neuromorpho__C_RFP_0010_final.swc,1498,pyramidal,0.994018,0,1497,0,0,0,0,0,0,0,0,0,0,0,0.998349,4.26713e-05,0.998348,0.998348,0.998348,0.998348,0.998348,0,0,0,0,0,0,0,0,0.998348,0.998348,0,0,0,0,287,0.998354,0.998348,0.998348,0,0,11,0,0,0,0,0,0,0,0,0,41.01,82.95,0,0,0,0,0
neuromorpho__C_RFP_0011_final.swc,1733,pyramidal,0.995756,0,1732,0,0,0,0,0,0,0,0,0,0,0,0.998349,3.96746e-05,0.998348,0.998348,0.998348,0.998348,0.998348,0,0,0,0,0,0,0,0,0.998348,0.998348,0,0,0,0,155,0.998359,0.998348,0.998348,0,0,24,0,0,0,0,0,0,0,0,0,70.59,75.47,0,0,0,0,0
neuromorpho__Canopy_151204_3.swc,9497,interneuron,0.997838,7669,1827,0,0,0,0,0,0,0,0,0,0,0,0.971646,0.130406,0.3,0.973127,0.973127,0.998919,0.999189,0.036222,0.036222,0.036222,0.036222,0.036222,0.965145,0.973127,0.0448559,0.998919,0.998919,0,0,0,0,506,0.982782,0.3,0.973127,0.0177866,0.0197628,46.5,2.45818,170.78,-19.1542,32.4514,154.99,709.69,109.18,-2.2094,19.2558,138.92,227.98,0,0,0,0,0
neuromorpho__Canopy_170307_3.swc,8430,interneuron,0.997718,7282,1147,0,0,0,0,0,0,0,0,0,0,0,0.953752,0.154623,0.3,0.547771,0.973127,0.995725,0.999189,0.041637,0.0641756,0.0696323,0.0696323,0.0696323,0.950661,0.973127,0.0742928,0.973334,0.927978,0.0401046,0,0,0,497,0.964118,0.3,0.973127,0.056338,0.056338,43,1.28111,187.17,-16.568,49.9716,1136.88,322.46,180.7,-14.5476,34.899,186.01,186.69,0,0,0,0,0
neuromorpho__Canopy_171116_2.swc,10614,interneuron,0.999036,9004,1609,0,0,0,0,0,0,0,0,0,0,0,0.962564,0.150772,0.3,0.892857,0.973127,0.998919,0.999189,0.0489919,0.0489919,0.0489919,0.0489919,0.0564349,0.956063,0.973127,0.0577521,0.998919,0.998919,0,0,0,0,497,0.969295,0.3,0.995725,0.0382294,0.0462777,52,1.08727,197.99,-18.9323,43.2846,751.48,493.59,170.47,-12.0294,37.9065,231.58,312.08,0,0,0,0,0
neuromorpho__Cell-1-2_10.swc,377,pyramidal,0.996361,339,37,0,0,0,0,0,0,0,0,0,0,0,0.915913,0.218113,0.3,0.3,0.3,0.993697,0.993697,0.111406,0.111406,0.111406,0.111406,0.111406,0.90692,0.3,0.123894,0.996035,0.984087,0,0,0,0,86,0.961354,0.3,0.993576,0.0465116,0.0465116,11,0,0,0,0,366.12,484.14,0,0,0,45.34,65.65,0,0,0,0,0
neuromorpho__Cell-1-2_6.swc,164,pyramidal,0.966789,0,163,0,0,0,0,0,0,0,0,0,0,0,0.998358,0.000128614,0.998348,0.998348,0.998348,0.998348,0.998348,0,0,0,0,0,0,0,0,0.998348,0.998348,0,0,0,0,19,0.998435,0.998348,0.998348,0,0,18.8,0,0,0,0,0,0,0,0,0,175.39,364.31,0,0,0,0,0
neuromorpho__Cell-1-3_4.swc,305,pyramidal,0.99809,0,304,0,0,0,0,0,0,0,0,0,0,0,0.997652,0.00308649,0.984087,0.998348,0.998348,0.998348,0.998348,0,0,0,0,0,0,0,0,0.997644,0.998348,0,0,0,0,95,0.997915,0.984087,0.998348,0,0,6,0,0,0,0,0,0,0,0,0,419.13,435.93,0,0,0,0,0
neuromorpho__Cell-1-4_1.swc,153,pyramidal,0.99762,0,152,0,0,0,0,0,0,0,0,0,0,0,0.998359,0.000133127,0.998348,0.998348,0.998348,0.998348,0.998348,0,0,0,0,0,0,0,0,0.998348,0.998348,0,0,0,0,56,0.998377,0.998348,0.998348,0,0,6,0,0,0,0,0,0,0,0,0,199.57,265.49,0,0,0,0,0
neuromorpho__Cell-1-4_2.swc,239,pyramidal,0.986809,0,238,0,0,0,0,0,0,0,0,0,0,0,0.998355,0.000106642,0.998348,0.998348,0.998348,0.998348,0.998348,0,0,0,0,0,0,0,0,0.998348,0.998348,0,0,0,0,91,0.998366,0.998348,0.998348,0,0,5,0,0,0,0,0,0,10.49,0.025084,0.552651,192.71,273.59,0,0,0,0,0
neuromorpho__Cell-1-5_1.swc,229,pyramidal,0.989538,0,228,0,0,0,0,0,0,0,0,0,0,0,0.998355,0.000108935,0.998348,0.998348,0.998348,0.998348,0.998348,0,0,0,0,0,0,0,0,0.998348,0.998348,0,0,0,0,99,0.998365,0.998348,0.998348,0,0,4.2,0,0,0,0,0,0,6.98,0.0125439,0.35302,177.3,240.17,0,0,0,0,0
neuromorpho__Cell-10-3_2.swc,118,pyramidal,0.993398,0,117,0,0,0,0,0,0,0,0,0,0,0,0.998362,0.000151443,0.998348,0.998348,0.998348,0.998348,0.998348,0,0,0,0,0,0,0,0,0.998348,0.998348,0,0,0,0,39,0.99839,0.998348,0.998348,0,0,5.2,0,0,0,0,0,0,5.13,-0.00606838,0.451084,153.92,255.74,0,0,0,0,0
neuromorpho__Cell-10-4.swc,362,pyramidal,0.997383,0,361,0,0,0,0,0,0,0,0,0,0,0,0.998352,8.67126e-05,0.998348,0.998348,0.998348,0.998348,0.998348,0,0,0,0,0,0,0,0,0.998348,0.998348,0,0,0,0,100,0.998364,0.998348,0.998348,0,0,8,0,0,0,0,0,0,3.1,-0.00855956,0.155977,263.8,404.39,0,0,0,0,0
neuromorpho__Cell-10_6.swc,186,pyramidal,0.97794,162,23,0,0,0,0,0,0,0,0,0,0,0,0.837338,0.290207,0.3,0.3,0.3,0.985836,0.993697,0.225806,0.225806,0.225806,0.225806,0.225806,0.813475,0.3,0.259259,0.998348,0.998348,0,0,0,0,46,0.953191,0.3,0.980575,0.0652174,0.0652174,7,0,1.79,0.0110494,0.140201,630.16,557.86,1.72,0.138696,0.450934,52.53,95.77,0,0,0,0,0
neuromorpho__Cell-11-2_1.swc,315,pyramidal,0.998549,0,314,0,0,0,0,0,0,0,0,0,0,0,0.998353,9.29376e-05,0.998348,0.998348,0.998348,0.998348,0.998348,0,0,0,0,0,0,0,0,0.998348,0.998348,0,0,0,0,90,0.998366,0.998348,0.998348,0,0,8.1,0,0,0,0,0,0,0,0,0,279.89,273.18,0,0,0,0,0
neuromorpho__Cell-11-2_3.swc,192,pyramidal,0.998361,0,191,0,0,0,0,0,0,0,0,0,0,0,0.998357,0.000118919,0.998348,0.998348,0.998348,0.998348,0.998348,0,0,0,0,0,0,0,0,0.998348,0.998348,0,0,0,0,78,0.998369,0.998348,0.998348,0,0,5,0,0,0,0,0,0,0,0,0,261.04,360.17,0,0,0,0,0
neuromorpho__Cell-11-3_2.swc,165,pyramidal,0.986272,129,35,0,0,0,0,0,0,0,0,0,0,0,0.775764,0.309436,0.3,0.3,0.3,0.3,0.993576,0.278788,0.278788,0.345455,0.345455,0.345455,0.74627,0.3,0.356589,0.878065,0.626746,0.314286,0,0,0,32,0.862228,0.3,0.611743,0.28125,0.3125,20.2,0,0,0,0,519.15,423.2,0,0,0,94.53,107.06,0,0,0,0,0
neuromorpho__Cell-11-4_1.swc,163,pyramidal,0.986258,0,162,0,0,0,0,0,0,0,0,0,0,0,0.998358,0.000129005,0.998348,0.998348,0.998348,0.998348,0.998348,0,0,0,0,0,0,0,0,0.998348,0.998348,0,0,0,0,79,0.998369,0.998348,0.998348,0,0,5,0,0,0,0,0,0,9.47,0.0885185,0.809075,201.26,247.1,0,0,0,0,0
neuromorpho__Cell-11-5.swc,187,pyramidal,0.99522,0,186,0,0,0,0,0,0,0,0,0,0,0,0.998357,0.00012049,0.998348,0.998348,0.998348,0.998348,0.998348,0,0,0,0,0,0,0,0,0.998348,0.998348,0,0,0,0,46,0.998384,0.998348,0.998348,0,0,9.5,0,0,0,0,0,0,4.85,-0.00322581,0.343158,187.87,372.49,0,0,0,0,0
neuromorpho__Cell-12-4_2.swc,284,pyramidal,0.984455,231,52,0,0,0,0,0,0,0,0,0,0,0,0.665116,0.344051,0.3,0.3,0.3,0.3,0.978117,0.464789,0.478873,0.478873,0.478873,0.478873,0.596316,0.3,0.571429,0.964306,0.996335,0.0769231,0,0,0,41,0.905755,0.3,0.560326,0.146341,0.146341,13,0,1.26,-0.925455,0.0827223,763.02,1155.99,5.09,-0.342885,1.03496,65.61,170.69,0,0,0,0,0
neuromorpho__Cell-12_7.swc,355,pyramidal,0.983342,293,61,0,0,0,0,0,0,0,0,0,0,0,0.624226,0.344107,0.3,0.3,0.3,0.3,0.3,0.529577,0.529577,0.529577,0.529577,0.529577,0.545055,0.3,0.641638,0.998348,0.998348,0,0,0,0,59,0.763755,0.3,0.3,0.355932,0.355932,13.2,0,0,0,0,1020.81,698.53,0,0,0,157.34,180.75,0,0,0,0,0
neuromorpho__Cell-13-2.swc,177,pyramidal,0.995653,0,176,0,0,0,0,0,0,0,0,0,0,0,0.998357,0.000123828,0.998348,0.998348,0.998348,0.998348,0.998348,0,0,0,0,0,0,0,0,0.998348,0.998348,0,0,0,0,56,0.998377,0.998348,0.998348,0,0,8.5,0,0,0,0,0,0,5.04,0.00982955,0.481283,237.69,434.15,0,0,0,0,0
neuromorpho__Cell-13-3_1.swc,374,pyramidal,0.98701,0,373,0,0,0,0,0,0,0,0,0,0,0,0.998352,8.53139e-05,0.998348,0.998348,0.998348,0.998348,0.998348,0,0,0,0,0,0,0,0,0.998348,0.998348,0,0,0,0,126,0.998361,0.998348,0.998348,0,0,6,0,0,0,0,0,0,6.38,-0.376488,0.741474,241.58,417.83,0,0,0,0,0
neuromorpho__Cell-13_3.swc,229,pyramidal,0.99382,0,228,0,0,0,0,0,0,0,0,0,0,0,0.998355,0.000108935,0.998348,0.998348,0.998348,0.998348,0.998348,0,0,0,0,0,0,0,0,0.998348,0.998348,0,0,0,0,68,0.998372,0.998348,0.998348,0,0,5.3,0,0,0,0,0,0,8.1,-0.0772807,0.635701,310.38,495.08,0,0,0,0,0
neuromorpho__Cell-14_2.swc,263,pyramidal,0.970476,0,262,0,0,0,0,0,0,0,0,0,0,0,0.998354,0.000101679,0.998348,0.998348,0.998348,0.998348,0.998348,0,0,0,0,0,0,0,0,0.998348,0.998348,0,0,0,0,109,0.998363,0.998348,0.998348,0,0,4,0,0,0,0,0,0,11.03,0.0623664,0.80317,310.99,440.65,0,0,0,0,0
neuromorpho__Cell-14_5.swc,259,pyramidal,0.982419,173,85,0,0,0,0,0,0,0,0,0,0,0,0.922261,0.073329,0.792314,0.805376,0.805376,0.857624,0.950853,0,0,0,0.00772201,0.362934,0.884429,0.805376,0,0.998348,0.998348,0,0,0,0,84,0.93979,0.792314,0.842827,0,0.0119048,6,0,3.15,-0.0173988,0.219154,289.86,484.87,3.01,0.0354118,0.324554,92.34,145.55,0,0,0,0,0
neuromorpho__Cell-16-2_1.swc,382,pyramidal,0.986249,0,381,0,0,0,0,0,0,0,0,0,0,0,0.998352,8.44182e-05,0.998348,0.998348,0.998348,0.998348,0.998348,0,0,0,0,0,0,0,0,0.998348,0.998348,0,0,0,0,91,0.998366,0.998348,0.998348,0,0,11,0,0,0,0,0,0,8.57,-0.0637795,0.673452,454.25,513.45,0,0,0,0,0
neuromorpho__Cell-16-3.swc,251,pyramidal,0.990959,0,250,0,0,0,0,0,0,0,0,0,0,0,0.998354,0.000104072,0.998348,0.998348,0.998348,0.998348,0.998348,0,0,0,0,0,0,0,0,0.998348,0.998348,0,0,0,0,80,0.998369,0.998348,0.998348,0,0,6.1,0,0,0,0,0,0,8.44,0.01148,0.586806,239.37,460.97,0,0,0,0,0
neuromorpho__Cell-17_3.swc,329,pyramidal,0.955461,0,328,0,0,0,0,0,0,0,0,0,0,0,0.998353,9.09448e-05,0.998348,0.998348,0.998348,0.998348,0.998348,0,0,0,0,0,0,0,0,0.998348,0.998348,0,0,0,0,107,0.998363,0.998348,0.998348,0,0,6,0,0,0,0,0,0,15.01,0.0312195,0.765892,243.83,366.11,0,0,0,0,0
neuromorpho__Cell-18-3.swc,276,pyramidal,0.992415,0,275,0,0,0,0,0,0,0,0,0,0,0,0.998354,9.92646e-05,0.998348,0.998348,0.998348,0.998348,0.998348,0,0,0,0,0,0,0,0,0.998348,0.998348,0,0,0,0,78,0.998369,0.998348,0.998348,0,0,9,0,0,0,0,0,0,2.75,0.0314545,0.265901,244.98,370.49,0,0,0,0,0
neuromorpho__Cell-18-4.swc,258,pyramidal,0.991326,86,171,0,0,0,0,0,0,0,0,0,0,0,0.90829,0.153233,0.3,0.75252,0.75252,0.792143,0.998348,0.0348837,0.0348837,0.0348837,0.325581,0.333333,0.728155,0.52626,0.104651,0.998348,0.998348,0,0,0,0,81,0.90991,0.3,0.787136,0.0493827,0.283951,6,0,3.03,0.0726744,0.402329,225.81,318.11,9.55,-0.0926316,0.737171,365.56,270.7,0,0,0,0,0
neuromorpho__Cell-1_10.swc,260,pyramidal,0.997303,0,259,0,0,0,0,0,0,0,0,0,0,0,0.998354,0.000102262,0.998348,0.998348,0.998348,0.998348,0.998348,0,0,0,0,0,0,0,0,0.998348,0.998348,0,0,0,0,103,0.998364,0.998348,0.998348,0,0,5,0,0,0,0,0,0,0,0,0,232.3,496.61,0,0,0,0,0
neuromorpho__Cell-2-2_8.swc,271,pyramidal,0.997548,0,270,0,0,0,0,0,0,0,0,0,0,0,0.998354,0.000100173,0.998348,0.998348,0.998348,0.998348,0.998348,0,0,0,0,0,0,0,0,0.998348,0.998348,0,0,0,0,76,0.99837,0.998348,0.998348,0,0,8.5,0,0,0,0,0,0,0,0,0,309.52,402.91,0,0,0,0,0
neuromorpho__Cell-2-4_3.swc,213,pyramidal,0.989833,177,35,0,0,0,0,0,0,0,0,0,0,0,0.505971,0.317823,0.3,0.3,0.3,0.3,0.3,0.704225,0.704225,0.704225,0.704225,0.704225,0.405818,0.3,0.847458,0.998348,0.998348,0,0,0,0,37,0.695243,0.3,0.3,0.432432,0.432432,12.2,0,1.54,0.00870056,0.115426,504.38,577.34,4.16,-0.0545714,0.603193,56.09,110.96,0,0,0,0,0
neuromorpho__Cell-20111125SC1.swc,14503,interneuron,0.982954,13682,820,0,0,0,0,0,0,0,0,0,0,0,0.562353,0.320719,0.3,0.3,0.3,0.3,0.3,0.575053,0.6318,0.6318,0.632421,0.635868,0.548927,0.3,0.65144,0.785834,0.3,0.304878,0,0,0,663,0.580102,0.3,0.3,0.586727,0.595777,53.6,0,86,6.36367,20.5539,890.36,1442.1,77,-0.878049,22.4682,160.8,345.07,0,0,0,0,0
neuromorpho__Cell-20_2.swc,335,pyramidal,0.995981,0,334,0,0,0,0,0,0,0,0,0,0,0,0.998353,9.01292e-05,0.998348,0.998348,0.998348,0.998348,0.998348,0,0,0,0,0,0,0,0,0.998348,0.998348,0,0,0,0,96,0.998365,0.998348,0.998348,0,0,7,0,0,0,0,0,0,3.52,0.000239521,0.138495,284.91,549.61,0,0,0,0,0
neuromorpho__Cell-3-1.swc,510,pyramidal,0.855439,73,240,196,0,0,0,0,0.0312642,0,0,0,0,0,0.898212,0.214796,0.3,0.3,0.3,0.946805,0.978276,0.107843,0.107843,0.107843,0.182353,0.182353,0.554511,0.3,0.479452,0.998348,0.998348,0,0.903087,0.623402,0.102041,26,0.964437,0.3,0.978056,0.0384615,0.0769231,35,-27.1786,38,-5.53376,9.09234,91.77,227.39,120,46.8244,30.5151,169.03,299.09,183,10.2755,37.9997,267.9,275.95
neuromorpho__Cell-3-2_10.swc,347,pyramidal,0.888049,295,51,0,0,0,0,0,0,0,0,0,0,0,0.578912,0.325822,0.3,0.3,0.3,0.3,0.3,0.576369,0.576369,0.576369,0.576369,0.576369,0.505535,0.3,0.677966,0.995086,0.984087,0,0,0,0,45,0.775154,0.3,0.3,0.333333,0.333333,12.2,0,10.35,-1.09407,2.96068,723.99,371.08,0,0,0,76.08,111.48,0,0,0,0,0
neuromorpho__Cell-3-2_7.swc,153,pyramidal,0.989247,0,152,0,0,0,0,0,0,0,0,0,0,0,0.998359,0.000133127,0.998348,0.998348,0.998348,0.998348,0.998348,0,0,0,0,0,0,0,0,0.998348,0.998348,0,0,0,0,79,0.998369,0.998348,0.998348,0,0,3,0,0,0,0,0,0,4.45,-0.00309211,0.325156,92.22,227.05,0,0,0,0,0
neuromorpho__Cell-3-3_4.swc,300,pyramidal,0.997856,0,299,0,0,0,0,0,0,0,0,0,0,0,0.998353,9.52251e-05,0.998348,0.998348,0.998348,0.998348,0.998348,0,0,0,0,0,0,0,0,0.998348,0.998348,0,0,0,0,101,0.998364,0.998348,0.998348,0,0,6,0,0,0,0,0,0,0,0,0,298.19,389.63,0,0,0,0,0
neuromorpho__Cell-3-4_3.swc,241,pyramidal,0.987152,192,48,0,0,0,0,0,0,0,0,0,0,0,0.685452,0.34447,0.3,0.3,0.3,0.3,0.993576,0.443983,0.443983,0.443983,0.443983,0.443983,0.607099,0.3,0.557292,0.992313,0.972896,0,0,0,0,35,0.913585,0.3,0.557659,0.114286,0.114286,16.2,0,0,0,0,499.28,556.71,0,0,0,162.48,135.49,0,0,0,0,0
neuromorpho__Cell-3_9.swc,99,pyramidal,0.996852,0,98,0,0,0,0,0,0,0,0,0,0,0,0.990938,0.0112424,0.953981,0.973971,0.974178,0.984087,0.998348,0,0,0,0,0,0,0,0,0.990845,0.974178,0,0,0,0,42,0.986821,0.953981,0.972315,0,0,4,0,0,0,0,0,0,0,0,0,148.71,295.5,0,0,0,0,0
neuromorpho__Cell-4_12.swc,132,pyramidal,0.998123,0,131,0,0,0,0,0,0,0,0,0,0,0,0.99836,0.000143251,0.998348,0.998348,0.998348,0.998348,0.998348,0,0,0,0,0,0,0,0,0.998348,0.998348,0,0,0,0,59,0.998376,0.998348,0.998348,0,0,4.4,0,0,0,0,0,0,0,0,0,137.35,300.24,0,0,0,0,0
neuromorpho__Cell-5-2_5.swc,153,pyramidal,0.991487,0,152,0,0,0,0,0,0,0,0,0,0,0,0.998359,0.000133127,0.998348,0.998348,0.998348,0.998348,0.998348,0,0,0,0,0,0,0,0,0.998348,0.998348,0,0,0,0,59,0.998376,0.998348,0.998348,0,0,5.2,0,0,0,0,0,0,5.41,-0.0265132,0.343992,139.19,392.54,0,0,0,0,0
neuromorpho__Cell-5-2_6.swc,380,pyramidal,0.997425,0,379,0,0,0,0,0,0,0,0,0,0,0,0.998352,8.46395e-05,0.998348,0.998348,0.998348,0.998348,0.998348,0,0,0,0,0,0,0,0,0.998348,0.998348,0,0,0,0,108,0.998363,0.998348,0.998348,0,0,7,0,0,0,0,0,0,0.83,-0.00218997,0.042578,315.88,408.62,0,0,0,0,0
neuromorpho__Cell-5-2_7.swc,238,pyramidal,0.99793,0,237,0,0,0,0,0,0,0,0,0,0,0,0.99666,0.00459597,0.984087,0.984087,0.984087,0.998348,0.998348,0,0,0,0,0,0,0,0,0.996646,0.984087,0,0,0,0,110,0.996771,0.984087,0.984087,0,0,4,0,0,0,0,0,0,0,0,0,231.92,352.9,0,0,0,0,0
neuromorpho__Cell-5-4_1.swc,309,pyramidal,0.997113,0,308,0,0,0,0,0,0,0,0,0,0,0,0.996093,0.0396637,0.3,0.998348,0.998348,0.998348,0.998348,0.00323625,0.00323625,0.00323625,0.00323625,0.00323625,0,0,0,0.996081,0.998348,0.00324675,0,0,0,84,0.998006,0.3,0.998348,0,0,7.7,0,0,0,0,0,0,0,0,0,338.59,382.02,0,0,0,0,0
neuromorpho__Cell-6-2_2.swc,69,pyramidal,0.995545,0,68,0,0,0,0,0,0,0,0,0,0,0,0.998372,0.000197443,0.998348,0.998348,0.998348,0.998348,0.998348,0,0,0,0,0,0,0,0,0.998348,0.998348,0,0,0,0,16,0.998451,0.998348,0.998348,0,0,9.5,0,0,0,0,0,0,0,0,0,141.11,193.89,0,0,0,0,0
neuromorpho__Cell-6-2_4.swc,199,pyramidal,0.998451,0,198,0,0,0,0,0,0,0,0,0,0,0,0.998356,0.00011682,0.998348,0.998348,0.998348,0.998348,0.998348,0,0,0,0,0,0,0,0,0.998348,0.998348,0,0,0,0,78,0.998369,0.998348,0.998348,0,0,5,0,0,0,0,0,0,0,0,0,265.7,299.21,0,0,0,0,0
neuromorpho__Cell-6-2_6.swc,375,pyramidal,0.983839,310,64,0,0,0,0,0,0,0,0,0,0,0,0.993878,0.00350387,0.972702,0.993576,0.993697,0.993697,0.993697,0,0,0,0,0,0.993257,0.993697,0,0.996788,0.988365,0,0,0,0,85,0.994335,0.972702,0.993576,0,0,10.6,0,0,0,0,535.14,408.13,0,0,0,53.2,156.02,0,0,0,0,0
neuromorpho__Cell-6-3_4.swc,306,pyramidal,0.997143,0,305,0,0,0,0,0,0,0,0,0,0,0,0.998353,9.429e-05,0.998348,0.998348,0.998348,0.998348,0.998348,0,0,0,0,0,0,0,0,0.998348,0.998348,0,0,0,0,86,0.998367,0.998348,0.998348,0,0,9,0,0,0,0,0,0,0,0,0,333.36,445.25,0,0,0,0,0
neuromorpho__Cell-6-3_5.swc,502,pyramidal,0.990924,431,70,0,0,0,0,0,0,0,0,0,0,0,0.900737,0.233776,0.3,0.3,0.3,0.988216,0.993576,0.131474,0.131474,0.131474,0.131474,0.131474,0.885215,0.3,0.153132,0.994889,0.976994,0,0,0,0,94,0.971867,0.3,0.982698,0.0319149,0.0425532,12.7,0,0,0,0,423.85,571.85,0,0,0,70.83,121.36,0,0,0,0,0
neuromorpho__Cell-7-4_1.swc,232,pyramidal,0.998306,0,231,0,0,0,0,0,0,0,0,0,0,0,0.998355,0.000108232,0.998348,0.998348,0.998348,0.998348,0.998348,0,0,0,0,0,0,0,0,0.998348,0.998348,0,0,0,0,71,0.998371,0.998348,0.998348,0,0,7,0,0,0,0,0,0,0,0,0,195.54,288.7,0,0,0,0,0
neuromorpho__Cell-7-5.swc,235,pyramidal,0.99437,0,234,0,0,0,0,0,0,0,0,0,0,0,0.998355,0.000107542,0.998348,0.998348,0.998348,0.998348,0.998348,0,0,0,0,0,0,0,0,0.998348,0.998348,0,0,0,0,105,0.998364,0.998348,0.998348,0,0,5,0,0,0,0,0,0,2.48,-0.0418376,0.283388,148.01,374.89,0,0,0,0,0
neuromorpho__Cell-7.swc,342,interneuron,0.681162,0,341,0,0,0,0,0,0,0,0,0,0,0,0.998896,0.000129611,0.998374,0.998919,0.998919,0.998919,0.998919,0,0,0,0,0,0,0,0,0.998893,0.998919,0,0,0,0,33,0.998935,0.998374,0.998919,0,0,18.8,-9.5,0,0,0,0,0,115,-11.6994,30.5435,75.01,112.43,0,0,0,0,0
neuromorpho__Cell-7_7.swc,187,pyramidal,0.997589,0,186,0,0,0,0,0,0,0,0,0,0,0,0.998357,0.00012049,0.998348,0.998348,0.998348,0.998348,0.998348,0,0,0,0,0,0,0,0,0.998348,0.998348,0,0,0,0,61,0.998375,0.998348,0.998348,0,0,6,0,0,0,0,0,0,0,0,0,187.62,439.68,0,0,0,0,0
neuromorpho__Cell-8-2_3.swc,108,pyramidal,0.997879,0,107,0,0,0,0,0,0,0,0,0,0,0,0.998363,0.000158236,0.998348,0.998348,0.998348,0.998348,0.998348,0,0,0,0,0,0,0,0,0.998348,0.998348,0,0,0,0,43,0.998386,0.998348,0.998348,0,0,5.8,0,0,0,0,0,0,0,0,0,91.31,354.04,0,0,0,0,0
neuromorpho__Cell-8-3_1.swc,218,pyramidal,0.997416,0,217,0,0,0,0,0,0,0,0,0,0,0,0.998355,0.000111638,0.998348,0.998348,0.998348,0.998348,0.998348,0,0,0,0,0,0,0,0,0.998348,0.998348,0,0,0,0,84,0.998368,0.998348,0.998348,0,0,6,0,0,0,0,0,0,0,0,0,194.17,389.5,0,0,0,0,0
neuromorpho__Cell-8-3_3.swc,345,pyramidal,0.988896,283,61,0,0,0,0,0,0,0,0,0,0,0,0.863896,0.267533,0.3,0.3,0.3,0.993576,0.993576,0.17971,0.17971,0.197101,0.197101,0.197101,0.841627,0.3,0.219081,0.96498,0.996335,0.0983607,0,0,0,78,0.966298,0.3,0.993576,0.0512821,0.0512821,9.6,0,0,0,0,576.74,669.59,0,0,0,104.1,132.85,0,0,0,0,0
neuromorpho__Cell-8-4.swc,371,pyramidal,0.995697,0,370,0,0,0,0,0,0,0,0,0,0,0,0.998352,8.56572e-05,0.998348,0.998348,0.998348,0.998348,0.998348,0,0,0,0,0,0,0,0,0.998348,0.998348,0,0,0,0,108,0.998363,0.998348,0.998348,0,0,8,0,0,0,0,0,0,4.72,0.0118919,0.231747,372.76,445.17,0,0,0,0,0
neuromorpho__Cell-8-4_1.swc,235,pyramidal,0.998442,0,234,0,0,0,0,0,0,0,0,0,0,0,0.997081,0.00407172,0.984087,0.984087,0.998348,0.998348,0.998348,0,0,0,0,0,0,0,0,0.997068,0.998348,0,0,0,0,91,0.997269,0.984087,0.998348,0,0,6,0,0,0,0,0,0,0,0,0,155.06,339.87,0,0,0,0,0
neuromorpho__Cell-8_4.swc,148,pyramidal,0.993964,0,147,0,0,0,0,0,0,0,0,0,0,0,0.998359,0.000135342,0.998348,0.998348,0.998348,0.998348,0.998348,0,0,0,0,0,0,0,0,0.998348,0.998348,0,0,0,0,50,0.998381,0.998348,0.998348,0,0,5.1,0,0,0,0,0,0,3.98,-0.390816,1.16133,210.27,324.35,0,0,0,0,0
neuromorpho__Cell-8_7.swc,224,pyramidal,0.99773,177,46,0,0,0,0,0,0,0,0,0,0,0,0.994366,0.00280611,0.978007,0.993576,0.993576,0.99359,0.993697,0,0,0,0,0,0.9933,0.993576,0,0.998348,0.998348,0,0,0,0,67,0.994257,0.978007,0.993576,0,0,6.4,0,0,0,0,385.52,298.67,0,0,0,44.23,134.68,0,0,0,0,0
neuromorpho__Cell-9-3.swc,219,pyramidal,0.990657,0,218,0,0,0,0,0,0,0,0,0,0,0,0.998355,0.000111384,0.998348,0.998348,0.998348,0.998348,0.998348,0,0,0,0,0,0,0,0,0.998348,0.998348,0,0,0,0,117,0.998362,0.998348,0.998348,0,0,3,0,0,0,0,0,0,2.78,0.0333945,0.244762,243.01,278.04,0,0,0,0,0
neuromorpho__Cell-9-4_1.swc,292,pyramidal,0.997897,0,291,0,0,0,0,0,0,0,0,0,0,0,0.993649,0.00997261,0.970273,0.970273,0.971653,0.998348,0.998348,0,0,0,0,0,0,0,0,0.993627,0.971653,0,0,0,0,78,0.995054,0.970273,0.978151,0,0,8,0,0,0,0,0,0,0,0,0,306.35,351.43,0,0,0,0,0
neuromorpho__Cell-9_6.swc,311,pyramidal,0.994488,0,310,0,0,0,0,0,0,0,0,0,0,0,0.998353,9.35314e-05,0.998348,0.998348,0.998348,0.998348,0.998348,0,0,0,0,0,0,0,0,0.998348,0.998348,0,0,0,0,77,0.998369,0.998348,0.998348,0,0,12,0,0,0,0,0,0,8.14,-0.0245806,0.440289,378.51,420.15,0,0,0,0,0
neuromorpho__Cell15.swc,5186,interneuron,0.988787,2022,3163,0,0,0,0,0,0,0,0,0,0,0,0.997612,0.0058619,0.973127,0.973127,0.998919,0.998919,0.998919,0,0,0,0,0,0.995567,0.973127,0,0.998919,0.998919,0,0,0,0,173,0.998697,0.973127,0.998919,0,0,70.4,0,34.58,0.997226,6.19327,77.33,141.77,33.97,0.341009,5.66593,128.32,162.48,0,0,0,0,0
neuromorpho__Cell18.swc,7073,interneuron,0.997636,3454,3618,0,0,0,0,0,0,0,0,0,0,0,0.986364,0.0149938,0.952625,0.952625,0.973127,0.973127,0.998919,0,0,0,0,0,0.973209,0.952625,0,0.998919,0.998919,0,0,0,0,345,0.994906,0.952625,0.973127,0,0,47.6,0,62.1,-0.138361,10.3951,75.03,430.5,29.9,-0.0812161,3.78404,51.11,106.67,0,0,0,0,0
neuromorpho__Cell25.swc,9088,interneuron,0.995472,4813,4274,0,0,0,0,0,0,0,0,0,0,0,0.998771,0.00271092,0.973127,0.998919,0.998919,0.998919,0.999189,0,0,0,0,0,0.998639,0.999189,0,0.998919,0.998919,0,0,0,0,430,0.998926,0.973127,0.998919,0,0,46.1,0,48.21,2.48355,7.74246,147.39,297.74,14.09,0.498886,1.94082,96.58,106.62,0,0,0,0,0
neuromorpho__Cell29.swc,10783,interneuron,0.998412,6535,4247,0,0,0,0,0,0,0,0,0,0,0,0.999065,0.000578232,0.973127,0.998919,0.998919,0.998919,0.999189,0,0,0,0,0,0.999159,0.999189,0,0.998919,0.998919,0,0,0,0,420,0.998916,0.973127,0.998919,0,0,67,0,73.11,2.17695,10.0618,109.7,189.98,14.32,-1.35664,2.27503,70.55,120.19,0,0,0,0,0
neuromorpho__Cell33.swc,10043,interneuron,0.997424,0,10042,0,0,0,0,0,0,0,0,0,0,0,0.975567,0.0332188,0.927978,0.927978,0.927978,0.927978,0.998919,0,0,0,0,0,0,0,0,0.975565,0.927978,0,0,0,0,784,0.990068,0.927978,0.927978,0,0,26,0,0,0,0,0,0,38.95,-0.265999,5.38875,191.78,189.67,0,0,0,0,0
neuromorpho__Cell42.swc,10414,interneuron,0.995607,3904,6509,0,0,0,0,0,0,0,0,0,0,0,0.938038,0.0878943,0.547771,0.927978,0.927978,0.927978,0.927978,0,0.0232379,0.0472441,0.0472441,0.0472441,0.999189,0.999189,0,0.901351,0.927978,0.0755876,0,0,0,668,0.924172,0.547771,0.927978,0.0479042,0.0479042,35,0,46.81,-8.45724,11.2304,98.08,412.81,22.57,-1.40548,3.94522,145.02,165.92,0,0,0,0,0
neuromorpho__Cell48.swc,10712,interneuron,0.994819,7254,3457,0,0,0,0,0,0,0,0,0,0,0,0.997142,0.00499557,0.973127,0.995725,0.995725,0.995725,0.998919,0,0,0,0,0,0.996294,0.995725,0,0.998919,0.998919,0,0,0,0,415,0.997975,0.973127,0.995725,0,0,60,0,57.86,-0.811947,11.0496,174,182.8,10.63,1.9223,2.03323,95.53,166.15,0,0,0,0,0
neuromorpho__Cell49.swc,7249,interneuron,0.997745,3410,3838,0,0,0,0,0,0,0,0,0,0,0,0.998456,0.00338708,0.973127,0.995725,0.998919,0.998919,0.998919,0,0,0,0,0,0.997934,0.995725,0,0.998919,0.998919,0,0,0,0,648,0.998771,0.973127,0.998919,0,0,25,0,85.19,6.66737,14.6917,302.65,238.14,14.86,0.274018,2.10246,95.2,124.65,0,0,0,0,0
neuromorpho__Cell50.swc,7269,interneuron,0.9868,2869,4399,0,0,0,0,0,0,0,0,0,0,0,0.998885,0.00086415,0.973127,0.998919,0.998919,0.998919,0.998919,0,0,0,0,0,0.998832,0.999189,0,0.998919,0.998919,0,0,0,0,606,0.998801,0.973127,0.998919,0,0,28,0,41.6,3.84396,7.55526,224.8,76.63,18.41,0.911048,2.65254,163.03,163.37,0,0,0,0,0
neuromorpho__Cell54.swc,2797,interneuron,0.995731,1162,1634,0,0,0,0,0,0,0,0,0,0,0,0.99902,0.00042497,0.983947,0.998919,0.998919,0.998919,0.998919,0,0,0,0,0,0.999163,0.999189,0,0.998919,0.998919,0,0,0,0,236,0.998878,0.983947,0.998919,0,0,24,0,38.79,7.00859,6.22074,143.34,68.64,15.69,-0.560037,2.62265,178.37,128.12,0,0,0,0,0
neuromorpho__Cell59.swc,6691,interneuron,0.96136,3162,3528,0,0,0,0,0,0,0,0,0,0,0,0.999042,0.000177329,0.995725,0.998919,0.998919,0.998919,0.998919,0,0,0,0,0,0.99918,0.999189,0,0.998919,0.998919,0,0,0,0,319,0.998962,0.995725,0.998919,0,0,46,0,44.7,-0.264497,8.03989,149.24,155.53,16.94,-1.34251,2.09108,179.06,231.08,0,0,0,0,0
neuromorpho__Cell6.swc,9630,interneuron,0.994519,4736,4893,0,0,0,0,0,0,0,0,0,0,0,0.99898,0.000874276,0.973127,0.998919,0.998919,0.998919,0.998919,0,0,0,0,0,0.999043,0.999189,0,0.998919,0.998919,0,0,0,0,525,0.998712,0.973127,0.998919,0,0,42.6,0,32.54,2.75785,6.12701,210.04,78.03,23.66,-2.1936,3.30223,115.8,194.26,0,0,0,0,0
neuromorpho__Cell61.swc,5250,interneuron,0.996996,2850,2399,0,0,0,0,0,0,0,0,0,0,0,0.998936,0.00182633,0.973127,0.998919,0.998919,0.998919,0.999189,0,0,0,0,0,0.99895,0.999189,0,0.998919,0.998919,0,0,0,0,316,0.998948,0.973127,0.998919,0,0,34.5,0,61.44,-9.39302,9.90738,184.13,147.91,23.18,2.29709,3.39055,151.92,198.62,0,0,0,0,0
neuromorpho__Cell71.swc,5012,interneuron,0.97285,2447,2564,0,0,0,0,0,0,0,0,0,0,0,0.997287,0.00505422,0.973127,0.995725,0.995725,0.998919,0.998919,0,0,0,0,0,0.995577,0.983947,0,0.998919,0.998919,0,0,0,0,366,0.997724,0.973127,0.995725,0,0,32.5,0,44.46,6.92297,8.52533,245.29,312.8,11.95,0.591463,1.53349,82.49,134.39,0,0,0,0,0
neuromorpho__Cell888Spp1.swc,2608,interneuron,0.826227,0,2607,0,0,0,0,0,0,0,0,0,0,0,0.986056,0.093942,0.3,0.998919,0.998919,0.998919,0.998919,0.0184049,0.0184049,0.0184049,0.0184049,0.0184049,0,0,0,0.98605,0.998919,0.018412,0,0,0,40,0.996074,0.3,0.998919,0,0,131.5,0,0,0,0,0,0,63,-9.4391,15.3119,188.69,345.66,0,0,0,0,0
neuromorpho__Cell8_Subiculum_singlecell.swc,490,pyramidal,0.866198,81,408,0,0,0,0,0,0,0,0,0,0,0,0.920572,0.193259,0.3,0.3,0.593129,0.998348,0.998348,0.0693878,0.106122,0.106122,0.163265,0.165306,0.527828,0.3,0.641975,0.998348,0.998348,0,0,0,0,73,0.931709,0.3,0.75252,0.0821918,0.136986,12.8,0,31.12,-221.548,10.027,454.2,307.38,83.69,-16.6351,16.9181,209.34,380.89,0,0,0,0,0
neuromorpho__Chat-IRES-Cre-neo_Ai14-308247-03-02-01_648990126_m.swc,5826,interneuron,0.994338,3224,2601,0,0,0,0,0,0,0,0,0,0,0,0.872265,0.269414,0.3,0.3,0.3,0.998919,0.999189,0.181428,0.181428,0.181428,0.181428,0.181428,0.998104,0.999189,0.00155087,0.716234,0.3,0.40446,0,0,0,193,0.917567,0.3,0.3,0.119171,0.119171,61,0,125.05,7.38702,25.2609,218.11,357.53,110.48,1.85819,19.7952,247.88,576.27,0,0,0,0,0
neuromorpho__Chat-IRES-Cre-neo_Ai14-316042-05-01-01_605541518_m.swc,4878,interneuron,0.997551,2384,2493,0,0,0,0,0,0,0,0,0,0,0,0.918233,0.223538,0.3,0.3,0.3,0.998919,0.998919,0.115621,0.115621,0.115621,0.115621,0.115621,0.999173,0.999189,0,0.8408,0.3,0.226233,0,0,0,164,0.912471,0.3,0.3,0.121951,0.121951,66.7,0,40.1,1.48748,8.30159,206.4,599.09,71.43,-7.13387,15.2851,234.79,596.79,0,0,0,0,0
neuromorpho__Chrna2-Cre_OE25_Ai14_BT_-281693-06-01-01_591276000_m.swc,17650,interneuron,0.998459,15590,2059,0,0,0,0,0,0,0,0,0,0,0,0.987283,0.0894837,0.3,0.998919,0.998919,0.999189,0.999189,0.0166572,0.0166572,0.0166572,0.0166572,0.0166572,0.985746,0.999189,0.0188582,0.998919,0.998919,0,0,0,0,664,0.997696,0.3,0.998919,0.00150602,0.00301205,60.7,0,167.91,-19.2121,28.097,500.86,459.17,58.41,-7.20478,9.95218,138.16,187.51,0,0,0,0,0
neuromorpho__Ctrl_V1B-L23_cell1.swc,625,pyramidal,0.995743,282,342,0,0,0,0,0,0,0,0,0,0,0,0.767447,0.25687,0.421049,0.4441,0.4441,0.467062,0.998348,0.2752,0.4176,0.4512,0.4512,0.4512,0.486594,0.4441,1,0.998348,0.998348,0,0,0,0,91,0.758143,0.421049,0.4441,0.472527,0.472527,14,0,171.17,-6.90121,31.8709,266.51,232.46,110.11,-7.94377,26.2455,268.32,196.74,0,0,0,0,0
neuromorpho__Ctrl_V1B-L23_cell3.swc,708,pyramidal,0.980818,0,707,0,0,0,0,0,0,0,0,0,0,0,0.985332,0.0496523,0.633611,0.978151,0.978151,0.984087,0.998348,0,0,0.0155367,0.0240113,0.0240113,0,0,0,0.985311,0.978151,0.0155587,0,0,0,94,0.986052,0.633611,0.978151,0.0106383,0.0212766,14,-0.00333333,0,0,0,0,0,153.32,0.159217,28.4606,290.57,390.32,0,0,0,0,0
neuromorpho__Ctrl_V1B-L5_cell3.swc,829,pyramidal,0.997029,405,423,0,0,0,0,0,0.00141805,0,0,0,0,0,0.794824,0.241154,0.3,0.3,0.3,0.682676,0.998348,0.133896,0.133896,0.475271,0.48854,0.48854,0.581749,0.3,0.97284,0.998348,0.998348,0,0,0,0,130,0.77274,0.3,0.3,0.523077,0.530769,13.1,0,136.81,2.13657,26.7162,440.34,757.08,142.47,-14.4105,33.5396,384.4,285.38,0,0,0,0,0
neuromorpho__Ctrl_V1B-L5_cell7.swc,866,pyramidal,0.997362,0,865,0,0,0,0,0,0,0,0,0,0,0,0.804067,0.175743,0.597019,0.620185,0.620185,0.624041,0.751136,0,0.0034642,0.448037,0.54157,0.54157,0,0,0,0.803841,0.620185,0.448555,0,0,0,134,0.787143,0.597019,0.620185,0.507463,0.58209,13,0,0,0,0,0,0,119.31,6.68716,22.1658,350.28,906.72,0,0,0,0,0
neuromorpho__Delayed10_2495_biocytin.swc,1330,interneuron,0.971805,439,890,0,0,0,0,0,0,0,0,0,0,0,0.684439,0.316448,0.3,0.3,0.3,0.3,0.547771,0.330075,0.515789,0.515789,0.515789,0.515789,0.3,0.3,1,0.873713,0.547771,0.277528,0,0,0,18,0.935086,0.3,0.863574,0.111111,0.111111,192.4,-0.141176,8.75,2.29159,3.2419,35.37,286.25,29.17,2.27176,5.29134,233.69,245.78,0,0,0,0,0
neuromorpho__Delayed12_2522_biocytin.swc,1634,interneuron,0.979115,0,1633,0,0,0,0,0,0,0,0,0,0,0,0.93647,0.199367,0.3,0.3,0.998919,0.998919,0.998919,0.0893513,0.0893513,0.0893513,0.0893513,0.0893513,0,0,0,0.936431,0.998919,0.089406,0,0,0,19,0.979268,0.3,0.923516,0,0,255.8,0.857143,0,0,0,0,0,21.59,2.71738,4.32296,175.86,394.13,0,0,0,0,0
neuromorpho__Delayed15_2161_biocytin.swc,1396,interneuron,0.99004,0,1395,0,0,0,0,0,0,0,0,0,0,0,0.99892,2.8928e-05,0.998919,0.998919,0.998919,0.998919,0.998919,0,0,0,0,0,0,0,0,0.998919,0.998919,0,0,0,0,11,0.999017,0.998919,0.998919,0,0,290,0,0,0,0,0,0,26.6,0.96129,5.17919,135.69,189.19,0,0,0,0,0
neuromorpho__Delayed3_4197_neurobiotin_TH.swc,14987,interneuron,0.966256,8584,6402,0,0,0,0,0,0,0,0,0,0,0,0.673794,0.343411,0.3,0.3,0.3,0.3,0.973127,0.453326,0.463602,0.463602,0.463602,0.463669,0.520106,0.3,0.682316,0.879812,0.3,0.170415,0,0,0,54,0.758191,0.3,0.3,0.351852,0.351852,798.7,0,21.57,-11.829,4.66375,396.28,747.67,23.2,-4.06478,6.72138,345.99,189.79,0,0,0,0,0
neuromorpho__Delayed4_4224_neurobiotin_TH.swc,6073,interneuron,0.971055,0,6072,0,0,0,0,0,0,0,0,0,0,0,0.780831,0.323827,0.3,0.3,0.3,0.3,0.998919,0.312037,0.312037,0.312037,0.312037,0.312037,0,0,0,0.780794,0.3,0.312088,0,0,0,27,0.872931,0.3,0.3,0.185185,0.222222,500.4,0,0,0,0,0,0,51.2,-13.7169,14.3849,401.24,358.73,0,0,0,0,0
neuromorpho__Delayed5_4287_neurobiotin_TH.swc,10424,interneuron,0.978243,0,10423,0,0,0,0,0,0,0,0,0,0,0,0.890098,0.253406,0.3,0.3,0.3,0.998919,0.998919,0.155698,0.155698,0.155698,0.155698,0.155698,0,0,0,0.890088,0.3,0.155713,0,0,0,37,0.944677,0.3,0.900654,0.0810811,0.0810811,679.2,0,0,0,0,0,0,56,-9.32452,11.409,315.64,617.74,0,0,0,0,0
neuromorpho__Delayed8_241018c6_neurobiotin.swc,4695,interneuron,0.988179,0,4694,0,0,0,0,0,0,0,0,0,0,0,0.998919,1.57781e-05,0.998919,0.998919,0.998919,0.998919,0.998919,0,0,0,0,0,0,0,0,0.998919,0.998919,0,0,0,0,30,0.998955,0.998919,0.998919,0,0,415.7,0,0,0,0,0,0,62.65,-2.27775,12.8498,296.54,425.12,0,0,0,0,0
neuromorpho__EDF1_D4-Fresh-Hippo-1-EDF_crop-6.swc,1530,pyramidal,0.984968,0,1529,0,0,0,0,0,0,0,0,0,0,0,0.998349,4.2223e-05,0.998348,0.998348,0.998348,0.998348,0.998348,0,0,0,0,0,0,0,0,0.998348,0.998348,0,0,0,0,27,0.998409,0.998348,0.998348,0,0,107.6,0,0,0,0,0,0,0,0,0,18.85,23.34,0,0,0,0,0
neuromorpho__EDF1_D4-Fresh-Hippo-1-EDF_crop.swc,658,pyramidal,0.996338,0,657,0,0,0,0,0,0,0,0,0,0,0,0.99835,6.43567e-05,0.998348,0.998348,0.998348,0.998348,0.998348,0,0,0,0,0,0,0,0,0.998348,0.998348,0,0,0,0,7,0.998584,0.998348,0.998348,0,0,153.8,0,0,0,0,0,0,0,0,0,12.18,25.82,0,0,0,0,0
neuromorpho__EDF3_D4-Fresh-Hippo-3-EDF_crop-7.swc,838,pyramidal,0.991372,0,837,0,0,0,0,0,0,0,0,0,0,0,0.99835,5.70369e-05,0.998348,0.998348,0.998348,0.998348,0.998348,0,0,0,0,0,0,0,0,0.998348,0.998348,0,0,0,0,14,0.998466,0.998348,0.998348,0,0,240.2,0,0,0,0,0,0,0,0,0,8.88,28.83,0,0,0,0,0
neuromorpho__EDF3_D4-Fresh-Hippo-3-EDF_crop-8.swc,769,pyramidal,0.997086,0,768,0,0,0,0,0,0,0,0,0,0,0,0.99835,5.95376e-05,0.998348,0.998348,0.998348,0.998348,0.998348,0,0,0,0,0,0,0,0,0.998348,0.998348,0,0,0,0,9,0.998531,0.998348,0.998348,0,0,191.2,0,0,0,0,0,0,0,0,0,18.1,26.77,0,0,0,0,0
neuromorpho__EXP-5_67-188-1001.swc,5520,interneuron,0.965356,0,5519,0,0,0,0,0,0,0,0,0,0,0,0.998508,0.00538567,0.927978,0.998919,0.998919,0.998919,0.998919,0,0,0,0,0,0,0,0,0.998507,0.998919,0,0,0,0,90,0.99499,0.927978,0.998919,0,0,154.7,0,0,0,0,0,0,4.13,-0.662229,0.426509,151.67,163.74,0,0,0,0,0
neuromorpho__EXP-5_67-188-1006.swc,4542,interneuron,0.988467,0,4541,0,0,0,0,0,0,0,0,0,0,0,0.996045,0.0139862,0.927978,0.998919,0.998919,0.998919,0.998919,0,0,0,0,0,0,0,0,0.996044,0.998919,0,0,0,0,55,0.997649,0.927978,0.998919,0,0,168,0,0,0,0,0,0,2.33,0.0972891,0.252345,191.2,199.96,0,0,0,0,0
neuromorpho__EXP-5_67-188-1010.swc,4644,interneuron,0.853343,0,4643,0,0,0,0,0,0,0,0,0,0,0,0.998919,1.58644e-05,0.998919,0.998919,0.998919,0.998919,0.998919,0,0,0,0,0,0,0,0,0.998919,0.998919,0,0,0,0,94,0.99893,0.998919,0.998919,0,0,101.5,0,0,0,0,0,0,2.8,0.227952,0.363382,172.19,170.75,0,0,0,0,0
neuromorpho__EXP-5_67-Scr-1011.swc,1607,interneuron,0.990049,0,1606,0,0,0,0,0,0,0,0,0,0,0,0.996801,0.0120761,0.927978,0.998919,0.998919,0.998919,0.998919,0,0,0,0,0,0,0,0,0.996799,0.998919,0,0,0,0,22,0.995743,0.927978,0.998919,0,0,149.8,0,0,0,0,0,0,3.28,-0.0764633,0.521893,124.62,164.82,0,0,0,0,0
neuromorpho__EXP-5_67-Scr-1013.swc,2534,interneuron,0.973391,426,2107,0,0,0,0,0,0,0,0,0,0,0,0.975266,0.0324078,0.927536,0.927978,0.927978,0.928571,0.998919,0,0,0,0,0,0.936658,0.927536,0,0.983061,0.927978,0,0,0,0,29,0.982688,0.927536,0.927978,0,0,191.6,0,1.51,0.191901,0.294558,95.49,46.78,3.59,0.0742477,0.589808,187.58,186.35,0,0,0,0,0
neuromorpho__EXP-5_67-Scr-1015.swc,2266,interneuron,0.990496,0,2265,0,0,0,0,0,0,0,0,0,0,0,0.998919,2.27087e-05,0.998919,0.998919,0.998919,0.998919,0.998919,0,0,0,0,0,0,0,0,0.998919,0.998919,0,0,0,0,20,0.998973,0.998919,0.998919,0,0,211.4,0,0,0,0,0,0,9.52,-0.74623,1.99315,154.62,187.74,0,0,0,0,0
neuromorpho__Exp_V1B-L5_cell4.swc,1198,pyramidal,0.994231,0,1197,0,0,0,0,0,0,0,0,0,0,0,0.959766,0.0568385,0.590016,0.91994,0.937564,0.949794,0.950709,0,0.00250417,0.0200334,0.0250417,0.0250417,0,0,0,0.959732,0.937564,0.0200501,0,0,0,170,0.935824,0.590016,0.91994,0.0764706,0.0941176,16,0,0,0,0,0,0,140.24,-10.9355,23.5923,271.59,806.42,0,0,0,0,0
neuromorpho__Exp_V1B-L5_cell5.swc,1094,pyramidal,0.997844,12,1081,0,0,0,0,0,0,0,0,0,0,0,0.906331,0.143063,0.3,0.620185,0.633611,0.950314,0.953981,0.00731261,0.0100548,0.171846,0.204753,0.215722,0.842333,0.842333,0,0.906955,0.633611,0.173913,0,0,0,133,0.911424,0.3,0.633611,0.150376,0.203008,17,0,26.43,-30.41,8.33612,67.87,50.05,215.51,-1.93025,37.0035,390,782.41,0,0,0,0,0
neuromorpho__Exp_V1B-L5_cell6.swc,1052,pyramidal,0.996909,0,1051,0,0,0,0,0,0,0,0,0,0,0,0.76315,0.286816,0.3,0.3,0.3,0.590016,0.91994,0.231939,0.372624,0.372624,0.377376,0.377376,0,0,0,0.762924,0.3,0.372978,0,0,0,135,0.74539,0.3,0.3,0.42963,0.437037,17,0,0,0,0,0,0,160.59,-23.7335,33.6108,382.42,823.21,0,0,0,0,0
neuromorpho__Exp_V1B-L5_cell8.swc,907,pyramidal,0.99728,0,463,443,0,0,0,0,0,0,0,0,0,0,0.857566,0.272761,0.3,0.3,0.3,0.978276,0.998348,0.192944,0.192944,0.192944,0.192944,0.192944,0,0,0,0.99813,0.998348,0,0.710334,0.3,0.395034,124,0.868242,0.3,0.3,0.177419,0.177419,15,0,0,0,0,0,0,147.82,-1.12711,25.3721,289.35,160.66,121.32,-4.08133,21.9153,491.81,733.47
neuromorpho__Feb23-IR1-1C.swc,1522,pyramidal,0.989144,0,566,955,0,0,0,0,0,0,0,0,0,0,0.985623,0.00963091,0.978276,0.978276,0.978276,0.978276,0.978276,0,0,0,0,0,0,0,0,0.997995,0.998348,0,0.978276,0.978276,0,88,0.987484,0.978276,0.978276,0,0,37.8,0,0,0,0,0,0,101.05,-1.27655,19.5371,318.25,207.57,84.87,0.145749,13.4728,312.1,366.4
neuromorpho__Feb23IR1L-MM.swc,12261,pyramidal,0.989962,14,4945,7301,0,0,0,0,0,0,0,0,0,0,0.899002,0.23036,0.3,0.3,0.3,0.978276,0.978276,0.128619,0.128619,0.128619,0.128619,0.129761,0.862818,0.842333,0,0.998348,0.998348,0,0.83177,0.3,0.215998,155,0.944717,0.3,0.946645,0.0580645,0.0645161,174.4,0,7.45,9.94429,2.08408,8.88,8.54,87.46,-13.5339,15.8336,376.19,295.28,87.99,-12.6083,16.6181,366.58,835.1
neuromorpho__Fig2c_Rat_78.swc,12423,interneuron,0.992539,10373,2049,0,0,0,0,0,0,0,0,0,0,0,0.960366,0.158827,0.3,0.3,0.995725,0.998919,0.999189,0.0546567,0.0546567,0.0546567,0.0546567,0.0546567,0.961978,0.995725,0.052251,0.952188,0.998919,0.0668619,0,0,0,586,0.975323,0.3,0.983947,0.0290102,0.0307167,50.5,0,226.35,-28.8539,48.4884,660.85,517.98,208.05,-8.90794,43.1781,245.52,392.32,0,0,0,0,0
neuromorpho__Fig2c_cell1_1402022rm.swc,21049,interneuron,0.997897,19935,1113,0,0,0,0,0,0,0,0,0,0,0,0.686777,0.347478,0.3,0.3,0.3,0.3,0.998919,0.446625,0.446625,0.446625,0.446625,0.446625,0.669334,0.3,0.471583,0.998919,0.998919,0,0,0,0,434,0.819192,0.3,0.3,0.267281,0.288018,136.8,0,237.65,56.6954,53.7945,385.24,668.41,81.79,-3.82236,14.0802,101.38,159.71,0,0,0,0,0
neuromorpho__Fig3B344co2_NL_50mu.swc,2815,interneuron,0.894429,1450,1364,0,0,0,0,0,0,0,0,0,0,0,0.542835,0.33281,0.3,0.3,0.3,0.3,0.3,0.652575,0.652575,0.652575,0.652575,0.652575,0.367508,0.3,0.903448,0.728882,0.3,0.386364,0,0,0,50,0.467627,0.3,0.3,0.74,0.8,155.8,0,0,0,0,384.7,520.34,0,0,0,307.47,770.35,0,0,0,0,0
neuromorpho__Fig3c_Rat_87.swc,6098,interneuron,0.994775,4322,1775,0,0,0,0,0,0,0,0,0,0,0,0.932358,0.205406,0.3,0.3,0.995725,0.998919,0.999189,0.0954411,0.0954411,0.0954411,0.0954411,0.0954411,0.981982,0.999189,0.0245257,0.81149,0.3,0.268169,0,0,0,290,0.969027,0.3,0.998919,0.037931,0.0586207,47.1,0,317.68,-35.884,56.3272,574,599.15,254.49,-21.2583,48.4804,446.17,706.69,0,0,0,0,0
neuromorpho__Fig4E387co2_NL_50mu.swc,477,pyramidal,0.797883,197,279,0,0,0,0,0,0,0,0,0,0,0,0.768686,0.314271,0.3,0.3,0.3,0.3,0.970273,0.30608,0.30608,0.320755,0.320755,0.320755,0.545217,0.3,0.639594,0.925647,0.965066,0.0967742,0,0,0,23,0.722886,0.3,0.3,0.391304,0.391304,41.6,0,0,0,0,209.88,230.58,0,0,0,221.29,267.71,0,0,0,0,0
neuromorpho__Fresh-2-2.swc,3304,pyramidal,0.994783,0,3303,0,0,0,0,0,0,0,0,0,0,0,0.998348,2.87377e-05,0.998348,0.998348,0.998348,0.998348,0.998348,0,0,0,0,0,0,0,0,0.998348,0.998348,0,0,0,0,19,0.998435,0.998348,0.998348,0,0,391.2,0,0,0,0,0,0,0,0,0,27.53,76.87,0,0,0,0,0
neuromorpho__Fresh-5-1.swc,7307,pyramidal,0.995631,0,7306,0,0,0,0,0,0,0,0,0,0,0,0.998348,1.93258e-05,0.998348,0.998348,0.998348,0.998348,0.998348,0,0,0,0,0,0,0,0,0.998348,0.998348,0,0,0,0,41,0.998388,0.998348,0.998348,0,0,429,0,0,0,0,0,0,0,0,0,70.75,117.09,0,0,0,0,0
neuromorpho__Fresh-D4-Phall-Tau-Map2-10.swc,3127,pyramidal,0.997213,0,3126,0,0,0,0,0,0,0,0,0,0,0,0.998348,2.95395e-05,0.998348,0.998348,0.998348,0.998348,0.998348,0,0,0,0,0,0,0,0,0.998348,0.998348,0,0,0,0,68,0.998372,0.998348,0.998348,0,0,105.4,0,0,0,0,0,0,0,0,0,34.55,56.35,0,0,0,0,0
neuromorpho__Fresh-D4-Phall-Tau-Map2-16.swc,2045,pyramidal,0.997907,0,2044,0,0,0,0,0,0,0,0,0,0,0,0.998349,3.65245e-05,0.998348,0.998348,0.998348,0.998348,0.998348,0,0,0,0,0,0,0,0,0.998348,0.998348,0,0,0,0,33,0.998398,0.998348,0.998348,0,0,111.8,0,0,0,0,0,0,0,0,0,30.67,71.39,0,0,0,0,0
neuromorpho__Fresh-D4-Phall-Tau-Map2-9.swc,2829,pyramidal,0.996421,0,2828,0,0,0,0.0986214,0.0986214,0.000656057,-0.0986214,0.0986214,0,0,0,0.977907,0.0603787,0.795521,0.795521,0.984087,0.998348,0.998348,0,0,0,0.0986214,0.0986214,0,0,0,0.977899,0.984087,0,0,0,0,33,0.990955,0.795521,0.986939,0,0.030303,190,0,0,0,0,0,0,0,0,0,30.71,63.87,0,0,0,0,0
neuromorpho__Fresh-D4-Phall-Tau-Map2001-5.swc,5243,pyramidal,0.99476,0,5242,0,0,0,0,0,0,0,0,0,0,0,0.998348,2.28142e-05,0.998348,0.998348,0.998348,0.998348,0.998348,0,0,0,0,0,0,0,0,0.998348,0.998348,0,0,0,0,71,0.998371,0.998348,0.998348,0,0,195,0,0,0,0,0,0,0,0,0,44.95,133.41,0,0,0,0,0
neuromorpho__Fresh-D4-Phall-Tau-Map2001-9.swc,752,pyramidal,0.997453,0,751,0,0,0,0,0,0,0,0,0,0,0,0.99835,6.02059e-05,0.998348,0.998348,0.998348,0.998348,0.998348,0,0,0,0,0,0,0,0,0.998348,0.998348,0,0,0,0,8,0.998554,0.998348,0.998348,0,0,226.4,0,0,0,0,0,0,0,0,0,14.19,41.59,0,0,0,0,0
neuromorpho__Fresh-D4-Phall-Tau-Map2002-11.swc,927,pyramidal,0.997127,0,926,0,0,0,0,0,0,0,0,0,0,0,0.99835,5.42329e-05,0.998348,0.998348,0.998348,0.998348,0.998348,0,0,0,0,0,0,0,0,0.998348,0.998348,0,0,0,0,17,0.998445,0.998348,0.998348,0,0,121.2,0,0,0,0,0,0,0,0,0,14.05,39.95,0,0,0,0,0
neuromorpho__Fresh-D4-Phall-Tau-Map2002-15.swc,578,pyramidal,0.997874,0,577,0,0,0,0,0,0,0,0,0,0,0,0.998351,6.86589e-05,0.998348,0.998348,0.998348,0.998348,0.998348,0,0,0,0,0,0,0,0,0.998348,0.998348,0,0,0,0,15,0.998458,0.998348,0.998348,0,0,47.8,0,0,0,0,0,0,0,0,0,11.55,17.57,0,0,0,0,0
neuromorpho__Fresh-D4-Phall-Tau-Map2002-5.swc,682,pyramidal,0.995956,0,681,0,0,0,0,0,0,0,0,0,0,0,0.99835,6.32159e-05,0.998348,0.998348,0.998348,0.998348,0.998348,0,0,0,0,0,0,0,0,0.998348,0.998348,0,0,0,0,10,0.998513,0.998348,0.998348,0,0,114.8,0,0,0,0,0,0,0,0,0,15,25.59,0,0,0,0,0
neuromorpho__Fresh-D4-Phall-Tau-Map2002-7.swc,1417,pyramidal,0.99781,0,1416,0,0,0,0,0,0,0,0,0,0,0,0.998349,4.38731e-05,0.998348,0.998348,0.998348,0.998348,0.998348,0,0,0,0,0,0,0,0,0.998348,0.998348,0,0,0,0,27,0.998409,0.998348,0.998348,0,0,129.6,0,0,0,0,0,0,0,0,0,15.67,38.71,0,0,0,0,0
neuromorpho__Fresh-D4-Phall-Tau-Map2003-18.swc,3176,pyramidal,0.991613,0,3175,0,0,0,0,0,0,0,0,0,0,0,0.998348,2.93108e-05,0.998348,0.998348,0.998348,0.998348,0.998348,0,0,0,0,0,0,0,0,0.998348,0.998348,0,0,0,0,96,0.998365,0.998348,0.998348,0,0,102,0,0,0,0,0,0,0,0,0,48.82,58.99,0,0,0,0,0
neuromorpho__Fresh-D4-Phall-Tau-Map2003-19.swc,349,pyramidal,0.995924,0,348,0,0,0,0,0,0,0,0,0,0,0,0.998353,8.83082e-05,0.998348,0.998348,0.998348,0.998348,0.998348,0,0,0,0,0,0,0,0,0.998348,0.998348,0,0,0,0,5,0.998678,0.998348,0.998348,0,0,148.2,0,0,0,0,0,0,0,0,0,9.35,26.89,0,0,0,0,0
neuromorpho__Fresh-D4-Phall-Tau-Map2003-8.swc,1307,pyramidal,0.996203,0,1306,0,0,0,0,0,0,0,0,0,0,0,0.998349,4.56807e-05,0.998348,0.998348,0.998348,0.998348,0.998348,0,0,0,0,0,0,0,0,0.998348,0.998348,0,0,0,0,22,0.998423,0.998348,0.998348,0,0,71.2,0,0,0,0,0,0,0,0,0,17.52,54.21,0,0,0,0,0
neuromorpho__Fresh-D4-Phall-Tau-Map2003-9.swc,624,pyramidal,0.987136,0,623,0,0,0,0,0,0,0,0,0,0,0,0.998351,6.6084e-05,0.998348,0.998348,0.998348,0.998348,0.998348,0,0,0,0,0,0,0,0,0.998348,0.998348,0,0,0,0,27,0.998409,0.998348,0.998348,0,0,49,0,0,0,0,0,0,0.28,0.0161798,0.0653342,11.82,14.97,0,0,0,0,0
neuromorpho__Fresh-D4-Phall-Tau-Map2004-14.swc,1971,pyramidal,0.996237,0,1970,0,0,0,0,0,0,0,0,0,0,0,0.998349,3.72035e-05,0.998348,0.998348,0.998348,0.998348,0.998348,0,0,0,0,0,0,0,0,0.998348,0.998348,0,0,0,0,25,0.998414,0.998348,0.998348,0,0,221.2,0,0,0,0,0,0,0,0,0,18.71,100.38,0,0,0,0,0
neuromorpho__Fresh-D4-Phall-Tau-Map2004-23.swc,908,pyramidal,0.99668,0,907,0,0,0,0,0,0,0,0,0,0,0,0.99835,5.47968e-05,0.998348,0.998348,0.998348,0.998348,0.998348,0,0,0,0,0,0,0,0,0.998348,0.998348,0,0,0,0,8,0.998554,0.998348,0.998348,0,0,252.1,0,0,0,0,0,0,0,0,0,20.21,42.64,0,0,0,0,0
neuromorpho__Fresh-D4-Phall-Tau-Map2004-9.swc,1688,pyramidal,0.997989,0,1687,0,0,0,0,0,0,0,0,0,0,0,0.998349,4.01996e-05,0.998348,0.998348,0.998348,0.998348,0.998348,0,0,0,0,0,0,0,0,0.998348,0.998348,0,0,0,0,35,0.998395,0.998348,0.998348,0,0,98.4,0,0,0,0,0,0,0,0,0,15.68,54.55,0,0,0,0,0
neuromorpho__Fresh-D4-Phall-Tau-Map2005-4.swc,875,pyramidal,0.99763,0,874,0,0,0,0,0,0,0,0,0,0,0,0.99835,5.58193e-05,0.998348,0.998348,0.998348,0.998348,0.998348,0,0,0,0,0,0,0,0,0.998348,0.998348,0,0,0,0,13,0.998475,0.998348,0.998348,0,0,102.2,0,0,0,0,0,0,0,0,0,21.43,34.46,0,0,0,0,0
neuromorpho__Fresh-D4-Phall-Tau-Map2009-4.swc,1675,pyramidal,0.997603,0,1674,0,0,0,0,0,0,0,0,0,0,0,0.998349,4.03552e-05,0.998348,0.998348,0.998348,0.998348,0.998348,0,0,0,0,0,0,0,0,0.998348,0.998348,0,0,0,0,31,0.998401,0.998348,0.998348,0,0,104,0,0,0,0,0,0,0,0,0,27.26,35.55,0,0,0,0,0
neuromorpho__Fresh-D4-Sholl-Exp-3003-4.swc,959,pyramidal,0.997948,0,958,0,0,0,0,0,0,0,0,0,0,0,0.99835,5.33214e-05,0.998348,0.998348,0.998348,0.998348,0.998348,0,0,0,0,0,0,0,0,0.998348,0.998348,0,0,0,0,14,0.998466,0.998348,0.998348,0,0,146.7,0,0,0,0,0,0,0,0,0,23.23,36.67,0,0,0,0,0
neuromorpho__Fresh-D4-Sholl-Exp-3003-9.swc,1203,pyramidal,0.997867,0,1202,0,0,0,0,0,0,0,0,0,0,0,0.998349,4.76128e-05,0.998348,0.998348,0.998348,0.998348,0.998348,0,0,0,0,0,0,0,0,0.998348,0.998348,0,0,0,0,15,0.998458,0.998348,0.998348,0,0,117.2,0,0,0,0,0,0,0,0,0,17.46,39,0,0,0,0,0
neuromorpho__Fresh-D4-Sholl-Exp-3007-3.swc,932,pyramidal,0.997181,0,931,0,0,0,0,0,0,0,0,0,0,0,0.99835,5.40874e-05,0.998348,0.998348,0.998348,0.998348,0.998348,0,0,0,0,0,0,0,0,0.998348,0.998348,0,0,0,0,8,0.998554,0.998348,0.998348,0,0,222.3,0,0,0,0,0,0,0,0,0,16.56,41.34,0,0,0,0,0
neuromorpho__Fresh-D7-Sholl-Tau-RFP-MAP2001-4.swc,2562,pyramidal,0.996455,0,2561,0,0,0,0,0,0,0,0,0,0,0,0.998349,3.26334e-05,0.998348,0.998348,0.998348,0.998348,0.998348,0,0,0,0,0,0,0,0,0.998348,0.998348,0,0,0,0,37,0.998393,0.998348,0.998348,0,0,138.6,0,0,0,0,0,0,0,0,0,30.54,77.61,0,0,0,0,0
neuromorpho__Fresh-D7-Sholl-Tau-RFP-MAP2002_crop-1.swc,1515,pyramidal,0.997443,0,1514,0,0,0,0,0,0,0,0,0,0,0,0.998349,4.24314e-05,0.998348,0.998348,0.998348,0.998348,0.998348,0,0,0,0,0,0,0,0,0.998348,0.998348,0,0,0,0,26,0.998411,0.998348,0.998348,0,0,105.5,0,0,0,0,0,0,0,0,0,14.18,54.93,0,0,0,0,0
neuromorpho__Fresh-D7-Sholl-Tau-RFP-MAP2003_crop-1.swc,8116,pyramidal,0.991517,0,8115,0,0,0,0,0,0,0,0,0,0,0,0.998348,1.83375e-05,0.998348,0.998348,0.998348,0.998348,0.998348,0,0,0,0,0,0,0,0,0.998348,0.998348,0,0,0,0,86,0.998367,0.998348,0.998348,0,0,242.5,0,0,0,0,0,0,0,0,0,75.59,134.58,0,0,0,0,0
neuromorpho__Fresh-D7-Sholl-Tau-RFP-MAP2006_crop-2.swc,1662,pyramidal,0.995787,0,1661,0,0,0,0,0,0,0,0,0,0,0,0.998349,4.05127e-05,0.998348,0.998348,0.998348,0.998348,0.998348,0,0,0,0,0,0,0,0,0.998348,0.998348,0,0,0,0,18,0.99844,0.998348,0.998348,0,0,199.1,0,0,0,0,0,0,0,0,0,20.32,76.24,0,0,0,0,0
neuromorpho__Fresh-D7-Sholl-Tau-RFP-MAP2007_crop-2.swc,3406,pyramidal,0.997365,0,3405,0,0,0,0,0,0,0,0,0,0,0,0.998348,2.83042e-05,0.998348,0.998348,0.998348,0.998348,0.998348,0,0,0,0,0,0,0,0,0.998348,0.998348,0,0,0,0,38,0.998391,0.998348,0.998348,0,0,222.4,0,0,0,0,0,0,0,0,0,48.2,59.39,0,0,0,0,0
neuromorpho__Fresh-D7-Sholl-Tau-RFP-MAP2007_crop-5.swc,3045,pyramidal,0.997216,0,3044,0,0,0,0,0,0,0,0,0,0,0,0.998348,2.99345e-05,0.998348,0.998348,0.998348,0.998348,0.998348,0,0,0,0,0,0,0,0,0.998348,0.998348,0,0,0,0,34,0.998396,0.998348,0.998348,0,0,187,0,0,0,0,0,0,0,0,0,32.74,60.05,0,0,0,0,0
neuromorpho__Fresh-D7-Sholl-Tau-RFP-MAP2007_crop-7.swc,2616,pyramidal,0.995401,0,2615,0,0,0,0,0,0,0,0,0,0,0,0.998349,3.2295e-05,0.998348,0.998348,0.998348,0.998348,0.998348,0,0,0,0,0,0,0,0,0.998348,0.998348,0,0,0,0,35,0.998395,0.998348,0.998348,0,0,149.6,0,0,0,0,0,0,0,0,0,27.28,72.34,0,0,0,0,0
neuromorpho__Fresh-D7-Sholl-Tau-RFP-MAP2012_crop-3.swc,3413,pyramidal,0.997487,0,3412,0,0,0,0,0,0,0,0,0,0,0,0.998348,2.82752e-05,0.998348,0.998348,0.998348,0.998348,0.998348,0,0,0,0,0,0,0,0,0.998348,0.998348,0,0,0,0,34,0.998396,0.998348,0.998348,0,0,215.7,0,0,0,0,0,0,0,0,0,53.88,86.26,0,0,0,0,0
neuromorpho__Fresh-D7-Sholl-Tau-RFP-MAP2014_crop-3.swc,3128,pyramidal,0.997281,0,3127,0,0,0,0,0,0,0,0,0,0,0,0.998348,2.95348e-05,0.998348,0.998348,0.998348,0.998348,0.998348,0,0,0,0,0,0,0,0,0.998348,0.998348,0,0,0,0,17,0.998445,0.998348,0.998348,0,0,342.6,0,0,0,0,0,0,0,0,0,47.07,107.78,0,0,0,0,0
neuromorpho__Fresh-D7-Sholl-Tau-RFP-MAP2015_crop-6.swc,1316,pyramidal,0.998427,0,1315,0,0,0,0,0,0,0,0,0,0,0,0.998349,4.55244e-05,0.998348,0.998348,0.998348,0.998348,0.998348,0,0,0,0,0,0,0,0,0.998348,0.998348,0,0,0,0,22,0.998423,0.998348,0.998348,0,0,107.2,0,0,0,0,0,0,0,0,0,22.42,43.93,0,0,0,0,0
neuromorpho__Fresh-Sholl-2-D7-Tau-LA-Map2001_crop.swc,2120,pyramidal,0.997661,0,2119,0,0,0,0,0,0,0,0,0,0,0,0.998349,3.58729e-05,0.998348,0.998348,0.998348,0.998348,0.998348,0,0,0,0,0,0,0,0,0.998348,0.998348,0,0,0,0,25,0.998414,0.998348,0.998348,0,0,168.8,0,0,0,0,0,0,0,0,0,21.43,37.03,0,0,0,0,0
neuromorpho__Fresh-Sholl-2-D7-Tau-LA-Map2002_crop-2.swc,5726,pyramidal,0.946295,0,5725,0,0,0,0,0,0,0,0,0,0,0,0.998348,2.1831e-05,0.998348,0.998348,0.998348,0.998348,0.998348,0,0,0,0,0,0,0,0,0.998348,0.998348,0,0,0,0,93,0.998366,0.998348,0.998348,0,0,168.6,0,0,0,0,0,0,0,0,0,47.12,84.13,0,0,0,0,0
neuromorpho__Fresh-Sholl-2-D7-Tau-LA-Map2004_crop-1.swc,1960,pyramidal,0.996749,0,1959,0,0,0,0,0,0,0,0,0,0,0,0.998349,3.73077e-05,0.998348,0.998348,0.998348,0.998348,0.998348,0,0,0,0,0,0,0,0,0.998348,0.998348,0,0,0,0,19,0.998435,0.998348,0.998348,0,0,188.4,0,0,0,0,0,0,0,0,0,23.79,66.39,0,0,0,0,0
neuromorpho__G7-1.swc,793,pyramidal,0.96339,0,584,208,0,0,0.262295,0.262295,0.0482858,0,-0.262295,0.262295,0.262295,0,0.961028,0.0618347,0.78682,0.859671,0.868623,0.885056,0.998348,0,0,0,0.03657,0.262295,0,0,0,0.996673,0.998348,0,0.86076,0.794303,0,120,0.942434,0.78682,0.854645,0,0.0833333,15,0,0,0,0,0,0,114.51,-5.30834,15.8375,154.44,135.95,72.12,-5.90663,17.4583,111.15,60.8
neuromorpho__G7-11.swc,687,pyramidal,0.975864,102,584,0,0,0,0,0,0,0,0,0,0,0,0.960068,0.099814,0.3,0.792143,0.792314,0.998348,0.998348,0.0101892,0.0101892,0.0101892,0.154294,0.161572,0.761544,0.792143,0.0686275,0.994673,0.998348,0,0,0,0,54,0.982646,0.3,0.998348,0,0.0555556,29.9,0,23.31,-3.22627,5.44368,71.15,264.96,139.3,17.2549,27.6265,124.51,177.03,0,0,0,0,0
neuromorpho__G7-19.swc,253,pyramidal,0.823112,0,144,108,0,0,0,0,0.077469,0,0,0,0,0,0.875904,0.186241,0.3,0.3,0.686659,0.884969,0.977851,0.0632411,0.0632411,0.229249,0.229249,0.434783,0,0,0,0.907439,0.686659,0.291667,0.832708,0.3,0.148148,24,0.96643,0.3,0.977851,0.0416667,0.0833333,27.6,0,0,0,0,0,0,72.48,7.07681,22.7033,47.3,97.6,36.63,15.4005,8.87253,38.79,226.98
neuromorpho__G7-6.swc,211,pyramidal,0.965964,0,82,128,0,0,0,0,0,0,0,0,0,0,0.986173,0.00982059,0.978056,0.978276,0.978276,0.978276,0.978276,0,0,0,0,0,0,0,0,0.998348,0.998348,0,0.978266,0.978276,0,34,0.987173,0.978056,0.978276,0,0,11.7,0,0,0,0,0,0,55.28,1.08927,12.0057,45.69,53.65,34.17,0.560312,6.52482,88.45,217.73
neuromorpho__G7-7.swc,1425,pyramidal,0.992963,191,513,720,0,0,0,0,0,0,0,0,0,0,0.979264,0.0558126,0.3,0.971704,0.974601,0.978276,0.978276,0.00631579,0.00631579,0.00631579,0.00631579,0.00631579,0.963587,0.938242,0,0.998348,0.998348,0,0.969797,0.978276,0.0125,121,0.984597,0.3,0.974601,0,0,21,0,48.8,13.6684,9.57781,49.11,361.87,116.44,13.903,26.1491,185.92,141.55,171.13,14.0348,32.9295,236.58,358.62
neuromorpho__G7-8.swc,348,pyramidal,0.990903,37,181,129,0,0,0,0,0.0578649,0,0,0,0,0,0.972129,0.0399181,0.870054,0.870054,0.870054,0.968199,0.998348,0,0,0,0,0.106322,0.870054,0.870054,0,0.998348,0.998348,0,0.964403,0.942098,0,45,0.983088,0.870054,0.949093,0,0,17.2,0,24.32,-16.277,7.41396,40.47,63.94,94.77,-1.85033,22.1716,75.31,82.61,60.79,-3.74659,11.9538,124.16,148.67
neuromorpho__GGN_20170309_sc.swc,36156,interneuron,0.621725,36155,0,0,0,0,0,0,0,0,0,0,0,0,0.302047,0.0338228,0.3,0.3,0.3,0.3,0.3,0.996349,0.996349,0.996349,0.996349,0.999972,0.302028,0.3,0.996377,0,0,0,0,0,0,3646,0.300249,0.3,0.3,0.999726,0.999726,21,0,300.86,160.471,68.4051,643.43,821.76,0,0,0,0,0,0,0,0,0,0
neuromorpho__Gad2-IRES-Cre_Ai14-324791-03-01-01_647493963_m.swc,7868,interneuron,0.997537,6766,1101,0,0,0,0,0,0,0,0,0,0,0,0.981361,0.110041,0.3,0.998919,0.998919,0.999189,0.999189,0.0254194,0.0254194,0.0254194,0.0254194,0.0254194,0.978502,0.999189,0.0295596,0.998919,0.998919,0,0,0,0,201,0.99588,0.3,0.998919,0,0.00995025,90,0,128.4,13.655,22.7266,542.58,364.35,96.82,6.09044,17.8355,204.67,242.48,0,0,0,0,0
neuromorpho__Green_19weeks_Neuron3.swc,41,pyramidal,0.982598,10,30,0,0,0,0,0,0,0,0,0,0,0,0.983728,0.0258358,0.938242,0.938242,0.938242,0.998348,0.998348,0,0,0,0,0,0.938242,0.938242,0,0.998348,0.998348,0,0,0,0,5,0.986657,0.938242,0.962284,0,0,18.4,0,0.88,-1.486,0.403267,6.82,31.75,12.01,6.51967,3.90666,13.27,50.64,0,0,0,0,0
neuromorpho__Green_1week_Neuron3l.swc,44,pyramidal,0.958282,0,43,0,0,0,0,0,0,0,0,0,0,0,0.990741,0.00734778,0.983724,0.983724,0.983724,0.983724,0.983724,0,0,0,0,0,0,0,0,0.990526,0.983724,0,0,0,0,5,0.995754,0.983724,0.989573,0,0,18.2,0,0,0,0,0,0,4.64,1.14884,1.6143,13.02,80.18,0,0,0,0,0
neuromorpho__Green_2weeks_Neuron10add'l.swc,25,pyramidal,0.977029,0,24,0,0,0,0,0,0,0,0,0,0,0,0.690324,0.129974,0.633611,0.633611,0.633611,0.633611,0.633611,0,0,0.84,0.84,0.84,0,0,0,0.677421,0.633611,0.875,0,0,0,3,0.872566,0.633611,0.703706,0.333333,0.333333,17.4,0,0,0,0,0,0,15.69,-8.21875,4.97747,19.52,44.34,0,0,0,0,0
neuromorpho__Green_4weeks_Neuron11.swc,51,pyramidal,0.969567,46,4,0,0,0,0,0,0,0,0,0,0,0,0.626723,0.108636,0.571658,0.571658,0.571658,0.571658,0.612533,0,0.490196,0.901961,0.901961,0.901961,0.591519,0.571658,1,0.938242,0.938242,0,0,0,0,7,0.703864,0.571658,0.576394,0.714286,0.714286,12.6,0,12.2,-8.22674,3.65042,9.68,64.05,0.05,-0.075,0.025,1.79,1.82,0,0,0,0,0
neuromorpho__Green_4weeks_Neuron8.swc,74,pyramidal,0.875801,0,73,0,0,0,0,0,0,0,0,0,0,0,0.99837,0.000190751,0.998348,0.998348,0.998348,0.998348,0.998348,0,0,0,0,0,0,0,0,0.998348,0.998348,0,0,0,0,12,0.998486,0.998348,0.998348,0,0,14.2,0,0,0,0,0,0,6.52,3.10192,1.83719,13.55,95.4,0,0,0,0,0
neuromorpho__Green_4weeks_Neuron8_addl.swc,47,pyramidal,0.97964,25,21,0,0,0,0,0,0,0,0,0,0,0,0.990355,0.00757166,0.983256,0.983256,0.983256,0.983256,0.983256,0,0,0,0,0,0.983256,0.983256,0,0.998348,0.998348,0,0,0,0,8,0.992895,0.983256,0.983256,0,0,11.7,0,8.68,2.2088,2.86974,11.96,59.65,14.5,-1.97286,4.98364,49.58,17,0,0,0,0,0
neuromorpho__Green_6weeks_Neuron4_addl.swc,54,pyramidal,0.989135,2,51,0,0,0,0,0,0,0,0,0,0,0,0.977363,0.0428934,0.764182,0.978151,0.978151,0.978151,0.978151,0,0,0,0.037037,0.037037,0.764182,0.764182,0,0.98528,0.978151,0,0,0,0,11,0.971702,0.764182,0.978151,0,0.0909091,11,0,0,0.57,0,1.56,0.68,11.39,3.15392,2.97365,37.83,109.02,0,0,0,0,0
neuromorpho__Green_8weeks_Neuron5.swc,162,pyramidal,0.789827,0,161,0,0,0,0,0,0,0,0,0,0,0,0.992293,0.0115601,0.970273,0.970273,0.970273,0.998348,0.998348,0,0,0,0,0,0,0,0,0.992245,0.970273,0,0,0,0,17,0.996794,0.970273,0.998348,0,0,20.2,0,0,0,0,0,0,8.32,-0.34441,1.75104,17.72,105.38,0,0,0,0,0
neuromorpho__Green_8weeks_Neuron9.swc,25,interneuron,0.494704,0,24,0,0,0,0,0,0,0,0,0,0,0,0.897596,0.020903,0.89333,0.89333,0.89333,0.89333,0.89333,0,0,0,0,0.96,0,0,0,0.89333,0.89333,0,0,0,0,4,0.919997,0.89333,0.89333,0,0,13.5,0,0,0,0,0,0,2.83,1.72958,0.692252,10.88,61.09,0,0,0,0,0
neuromorpho__Gunnersen_A12b3slice3RHS.swc,818,pyramidal,0.986636,10,807,0,0,0,0,0,0,0,0,0,0,0,0.992688,0.0386101,0.633611,0.984087,0.998348,0.998348,0.998348,0,0,0.0110024,0.0110024,0.0110024,0.938242,0.938242,0,0.993354,0.998348,0.0111524,0,0,0,36,0.982817,0.633611,0.978151,0.0277778,0.0277778,49.5,0,4,2.627,1.4289,39.33,13.18,53.69,-3.0515,13.342,146.6,294.26,0,0,0,0,0
neuromorpho__Gunnersen_A14b4slice2RHS.swc,1391,pyramidal,0.992057,1,1047,342,0,0,0.305536,0.305536,0.109683,0,-0.186197,0.186197,0.245866,0.0596693,0.952095,0.0684519,0.535154,0.817616,0.827315,0.943642,0.998348,0,0.000718907,0.000718907,0.0143781,0.207045,0.535154,0.535154,1,0.985603,0.944408,0,0.850592,0.813996,0,64,0.938187,0.535154,0.81421,0.015625,0.0625,55.7,0,0,-15.14,0,0,0,60.18,-3.12724,14.9724,149.83,303.75,30.87,4.50962,7.30206,96.22,155.26
neuromorpho__Gunnersen_A14b4slice4RHS.swc,273,pyramidal,0.930193,0,272,0,0,0,0,0,0,0,0,0,0,0,0.996869,0.00501737,0.979925,0.979925,0.998348,0.998348,0.998348,0,0,0,0,0,0,0,0,0.996858,0.998348,0,0,0,0,22,0.997586,0.979925,0.998348,0,0,23.8,0,0,0,0,0,0,33.09,-1.97926,7.39844,62.86,155.95,0,0,0,0,0
neuromorpho__Gunnersen_A15b4slice1LHS.swc,1185,pyramidal,0.8891,0,1184,0,0,0,0,0,0,0,0,0,0,0,0.976221,0.0811474,0.597788,0.970503,0.974178,0.989861,0.998348,0,0.00843882,0.0481013,0.0481013,0.0481013,0,0,0,0.976201,0.974178,0.0481419,0,0,0,49,0.97787,0.597788,0.982435,0.0408163,0.0408163,69.8,0,0,0,0,0,0,54.1,-3.61274,14.4895,165.45,292.38,0,0,0,0,0
neuromorpho__Gunnersen_A3b1slice5RHS.swc,1715,pyramidal,0.843119,9,1348,357,0,0,0,0,0.15176,0,0,0,0,0,0.896276,0.184508,0.3,0.567154,0.567154,0.958155,0.971753,0.0483965,0.109621,0.162099,0.213411,0.213411,0.753942,0.753942,0,0.983861,0.964774,0,0.56886,0.3,0.778711,57,0.926002,0.3,0.698162,0.105263,0.175439,62.4,0,2.42,5.36333,1.1408,9.43,3.75,44.48,8.97889,11.5245,217.96,325.53,31.66,10.4467,9.01255,118.74,322.06
neuromorpho__Gunnersen_B15b4slice1RHS.swc,632,pyramidal,0.992669,357,274,0,0,0,0,0,0,0,0,0,0,0,0.732562,0.238111,0.430854,0.469706,0.489621,0.495951,0.636808,0.370253,0.431962,0.564873,0.564873,0.564873,0.52782,0.469706,1,0.998348,0.998348,0,0,0,0,30,0.749676,0.430854,0.48943,0.5,0.5,48.3,-0.00333333,60.4,11.7899,12.3313,140.59,123.17,67.1,6.68592,17.9556,73.44,146.23,0,0,0,0,0
neuromorpho__Gunnersen_B17b5slice3RHS.swc,946,pyramidal,0.848145,0,945,0,0,0,0,0,0,0,0,0,0,0,0.986125,0.0128616,0.953981,0.962577,0.964204,0.978151,0.983537,0,0,0,0,0,0,0,0,0.98611,0.964204,0,0,0,0,41,0.985759,0.953981,0.964204,0,0,44,0,0,0,0,0,0,51.35,-0.486243,11.7227,196.17,217.27,0,0,0,0,0
neuromorpho__Gunnersen_B20b6slice2RHS.swc,1003,pyramidal,0.725942,253,749,0,0,0,0,0,0,0,0,0,0,0,0.812402,0.233982,0.430854,0.446295,0.446295,0.576321,0.998348,0.160518,0.252243,0.400798,0.400798,0.400798,0.471608,0.4441,1,0.927266,0.643406,0.198932,0,0,0,40,0.805906,0.430854,0.446295,0.4,0.4,43.2,0,46.79,2.1832,9.79602,168.43,98.66,48.88,2.40144,15.1975,179.42,263.84,0,0,0,0,0
neuromorpho__Gunnersen_B7b2slice3RHS.swc,1007,pyramidal,0.95247,0,1006,0,0,0,0,0,0,0,0,0,0,0,0.974497,0.118978,0.3,0.998348,0.998348,0.998348,0.998348,0.0258193,0.0258193,0.041708,0.041708,0.041708,0,0,0,0.974472,0.998348,0.0417495,0,0,0,46,0.987983,0.3,0.998348,0.0217391,0.0217391,44,0,0,0,0,0,0,41.99,6.16557,8.44549,205.63,260.34,0,0,0,0,0
neuromorpho__H16-06-013-11-16-01_687434349_m.swc,15898,interneuron,0.983043,13282,2615,0,0,0,0,0,0,0,0,0,0,0,0.914099,0.22854,0.3,0.3,0.3,0.999189,0.999189,0.121651,0.121651,0.121651,0.121651,0.121651,0.932492,0.999189,0.0953923,0.820648,0.3,0.255067,0,0,0,262,0.964576,0.3,0.95721,0.0458015,0.0801527,127,0,126.23,10.1801,17.8065,882.67,800.58,90.72,10.6304,20.9487,335.87,580.87,0,0,0,0,0
neuromorpho__H17-06-003-11-03-03_694168884_m.swc,30285,interneuron,0.929972,24064,6220,0,0,0,0,0,0,0,0,0,0,0,0.816769,0.306995,0.3,0.3,0.3,0.3,0.999189,0.260855,0.260855,0.260855,0.260855,0.260855,0.84505,0.3,0.220454,0.707328,0.3,0.417203,0,0,0,413,0.904458,0.3,0.349759,0.130751,0.157385,172,0,139.74,-0.214003,23.181,1325.17,929.57,111.59,9.80599,22.5658,742.46,848.26,0,0,0,0,0
neuromorpho__H17-06-013-12-03-01_681002938_m.swc,4016,interneuron,0.734506,3417,598,0,0,0,0,0,0,0,0,0,0,0,0.86404,0.276038,0.3,0.3,0.3,0.998919,0.999189,0.193227,0.193227,0.193227,0.193227,0.193227,0.847759,0.3,0.216564,0.956843,0.998919,0.0602007,0,0,0,60,0.929563,0.3,0.773243,0.1,0.116667,186.2,0,99.99,3.69986,20.1771,705.86,848.09,22.36,4.24465,4.15334,127.57,370.37,0,0,0,0,0
neuromorpho__HFF3_4256_neurobiotin.swc,2298,interneuron,0.995851,0,2297,0,0,0,0,0,0,0,0,0,0,0,0.998919,2.25501e-05,0.998919,0.998919,0.998919,0.998919,0.998919,0,0,0,0,0,0,0,0,0.998919,0.998919,0,0,0,0,14,0.998996,0.998919,0.998919,0,0,419.3,0,0,0,0,0,0,7.93,-1.3433,1.80812,102.14,148.75,0,0,0,0,0
neuromorpho__HFF5_231018c5_neurobiotin.swc,1637,interneuron,0.947901,0,1636,0,0,0,0,0,0,0,0,0,0,0,0.943267,0.063783,0.3,0.927978,0.927978,0.927978,0.927978,0.00733048,0.00733048,0.00733048,0.00733048,0.00733048,0,0,0,0.943232,0.927978,0.00733496,0,0,0,21,0.971124,0.3,0.927978,0,0,181,0,0,0,0,0,0,95.5,-30.9983,32.3615,69.65,250.98,0,0,0,0,0
neuromorpho__HFF7_2442_biocytin.swc,1866,interneuron,0.979153,0,1865,0,0,0,0,0,0,0,0,0,0,0,0.998919,2.50233e-05,0.998919,0.998919,0.998919,0.998919,0.998919,0,0,0,0,0,0,0,0,0.998919,0.998919,0,0,0,0,11,0.999017,0.998919,0.998919,0,0,413,0,0,0,0,0,0,38.8,1.58468,10.3202,96.01,132.84,0,0,0,0,0
neuromorpho__HIP_CA1_KO_1.swc,716,pyramidal,0.986791,0,715,0,0,0,0,0,0,0,0,0,0,0,0.839361,0.162854,0.560326,0.620938,0.633611,0.633611,0.952203,0,0.0167598,0.384078,0.388268,0.388268,0,0,0,0.839136,0.633611,0.384615,0,0,0,116,0.851893,0.560326,0.633611,0.344828,0.353448,13,0,0,0,0,0,0,28.14,3.95319,6.63064,248.53,451.56,0,0,0,0,0
neuromorpho__HIP_CA1_KO_11.swc,410,pyramidal,0.965631,0,229,180,0,0,0.439024,0.439024,0.0217884,0,-0.439024,0.439024,0.439024,0,0.857119,0.166915,0.52549,0.597156,0.59863,0.667785,0.998348,0,0.104878,0.27561,0.42439,0.439024,0,0,0,0.998348,0.998348,0,0.676651,0.597156,0.627778,86,0.854564,0.52549,0.600541,0.267442,0.418605,9,0,0,0,0,0,0,18.77,0.927817,4.74489,153.61,118.94,18.78,-0.436389,4.99645,75.07,186.82
neuromorpho__HIP_CA1_KO_20.swc,538,pyramidal,0.990645,291,246,0,0,0,0,0,0,0,0,0,0,0,0.771508,0.205332,0.424655,0.477151,0.522777,0.564766,0.675115,0.0669145,0.265799,0.540892,0.540892,0.540892,0.58861,0.477151,1,0.986934,0.970273,0,0,0,0,80,0.794722,0.424655,0.54825,0.4875,0.4875,12.1,0,18.78,-1.68722,6.31429,109.65,276.04,18.78,-3.4828,6.48936,154.08,120.45,0,0,0,0,0
neuromorpho__HIP_CA1_KO_22.swc,223,pyramidal,0.986645,97,125,0,0,0,0,0,0,0,0,0,0,0,0.978924,0.0223678,0.938242,0.950853,0.950853,0.955815,0.998348,0,0,0,0,0,0.953677,0.950853,0,0.998348,0.998348,0,0,0,0,54,0.979336,0.938242,0.955815,0,0,7.7,0,15.66,-4.50784,4.96725,136.27,218.75,15.66,-0.138,4.26072,173.13,142.49,0,0,0,0,0
neuromorpho__HIP_CA1_WT_12.swc,331,pyramidal,0.992682,0,330,0,0,0,0,0,0,0,0,0,0,0,0.998353,9.06705e-05,0.998348,0.998348,0.998348,0.998348,0.998348,0,0,0,0,0,0,0,0,0.998348,0.998348,0,0,0,0,73,0.998371,0.998348,0.998348,0,0,8,0,0,0,0,0,0,25.01,-7.21603,6.22314,217.75,422.65,0,0,0,0,0
neuromorpho__HIP_CA1_WT_2.swc,457,pyramidal,0.988181,0,172,284,0,0,0,0,0.0703178,0,0,0,0,0,0.875727,0.0918082,0.643406,0.767262,0.799421,0.799421,0.844136,0,0,0.0153173,0.378556,0.636761,0,0,0,0.97661,0.965066,0.0406977,0.814191,0.799421,0,86,0.88041,0.643406,0.799421,0.0232558,0.337209,9,0,0,0,0,0,0,21.91,0.676105,6.95263,228.97,160.65,21.91,1.03796,5.3882,223.47,439.07
neuromorpho__HIP_CA1_WT_22.swc,1021,pyramidal,0.995466,0,871,149,0,0,0,0,0,0,0,0,0,0,0.978011,0.0729614,0.3,0.80518,0.977851,0.998348,0.998348,0.00489716,0.00489716,0.0117532,0.0303624,0.0744368,0,0,0,0.994731,0.998348,0.00803674,0.880124,0.799421,0.033557,100,0.984875,0.3,0.981558,0.01,0.03,21,0,0,0,0,0,0,31.3,-2.92132,6.29202,239.33,202.41,31.3,-6.55456,7.65373,81.51,233.62
neuromorpho__HIV-tg_Neuron2.swc,3244,pyramidal,0.911493,28,2433,782,0,0,0,0,0,0,0,0,0,0,0.888902,0.19374,0.3,0.541057,0.552015,0.998348,0.998348,0.00215783,0.24106,0.24106,0.24106,0.24106,0.955815,0.955815,0,0.998348,0.998348,0,0.54585,0.541057,1,70,0.901268,0.3,0.552015,0.214286,0.214286,98.2,0,43.03,-22.2332,13.017,16.87,101.21,148.89,-2.30379,29.1224,316.87,238,74.47,12.7485,13.3337,147.01,275.19
neuromorpho__HIV-tg_Neuron4.swc,1857,pyramidal,0.886536,926,930,0,0,0,0,0,0,0,0,0,0,0,0.733061,0.264423,0.421049,0.421049,0.4441,0.460719,0.611501,0.338718,0.498654,0.504039,0.504039,0.504039,0.470518,0.421049,1,0.994188,0.998348,0.0107527,0,0,0,57,0.674747,0.421049,0.448077,0.631579,0.631579,67.2,0,101.95,-18.5065,20.3515,179,232.98,49.2,5.74144,8.3828,279.54,180.94,0,0,0,0,0
neuromorpho__HSS-cobalt.swc,2237,interneuron,0.959402,0,2236,0,0,0,0,0,0,0,0,0,0,0,0.915124,0.175166,0.3,0.3,0.927978,0.927978,0.927978,0.0715244,0.0737595,0.0737595,0.0737595,0.0737595,0,0,0,0.915086,0.927978,0.0737925,0,0,0,1006,0.937093,0.3,0.927978,0.0357853,0.0357853,4,-6.76765,0,0,0,0,0,85.9,39.7422,17.2929,771.359,297.924,0,0,0,0,0
neuromorpho__Hcell11-set-2.swc,3765,interneuron,0.994649,0,3764,0,0,0,0,0,0,0,0,0,0,0,0.998919,1.76188e-05,0.998919,0.998919,0.998919,0.998919,0.998919,0,0,0,0,0,0,0,0,0.998919,0.998919,0,0,0,0,88,0.998931,0.998919,0.998919,0,0,96.6,-4,0,0,0,0,0,26,-1.4731,5.58413,50.61,141.01,0,0,0,0,0
neuromorpho__Hcell5.swc,3180,interneuron,0.994664,0,3179,0,0,0,0,0,0,0,0,0,0,0,0.998919,1.91706e-05,0.998919,0.998919,0.998919,0.998919,0.998919,0,0,0,0,0,0,0,0,0.998919,0.998919,0,0,0,0,60,0.998937,0.998919,0.998919,0,0,111.3,-0.5,0,0,0,0,0,44.48,5.84978,8.50099,53.53,186.58,0,0,0,0,0
neuromorpho__Htr3a-Cre_NO152_Ai14-286731-04-02-01_645075254_m.swc,2808,interneuron,0.394572,0,2807,0,0,0,0,0,0,0,0,0,0,0,0.721306,0.281905,0.3,0.3,0.3,0.3,0.925364,0.301638,0.301638,0.301638,0.400285,0.400285,0,0,0,0.721207,0.3,0.301746,0,0,0,56,0.795836,0.3,0.3,0.214286,0.267857,105,0,0,0,0,0,0,70.02,9.04825,13.3897,334.49,640.96,0,0,0,0,0
neuromorpho__Htr3a-Cre_NO152_Ai14-286736-05-01-01_596793143_m.swc,8836,interneuron,0.998156,6119,2716,0,0,0,0,0,0,0,0,0,0,0,0.944208,0.188079,0.3,0.3,0.998919,0.998919,0.999189,0.0785423,0.0785423,0.0785423,0.0785423,0.0785423,0.999184,0.999189,0,0.820329,0.3,0.255523,0,0,0,326,0.980077,0.3,0.998919,0.0276074,0.0306748,62,0,118.44,-2.01381,19.5617,465.19,320.14,71.98,-5.24881,8.45481,340.59,683.29,0,0,0,0,0
neuromorpho__Htr3a-Cre_NO152_Pvalb-T2A-Dre_Ai66-304920-02-02-01_596793163_m.swc,19466,interneuron,0.999055,16499,2966,0,0,0,0,0,0,0,0,0,0,0,0.976451,0.123915,0.3,0.998919,0.998919,0.999189,0.999189,0.0324669,0.0324669,0.0324669,0.0324669,0.0324669,0.984611,0.999189,0.0208497,0.931053,0.998919,0.0971005,0,0,0,518,0.986194,0.3,0.998919,0.015444,0.0173745,84,0,165.04,29.014,29.2262,717.57,415.65,67.67,9.12265,13.2432,312.5,467.27,0,0,0,0,0
neuromorpho__Htr3a-Cre_NO152_Pvalb-T2A-Dre_Ai66-304920-03-02-01_601947850_m.swc,15948,interneuron,0.998507,14154,1793,0,0,0,0,0,0,0,0,0,0,0,0.998495,0.0214325,0.3,0.998919,0.998919,0.999189,0.999189,0.000940557,0.000940557,0.000940557,0.000940557,0.000940557,0.998442,0.999189,0.00105977,0.998919,0.998919,0,0,0,0,458,0.999019,0.3,0.999189,0,0,78,0,169.89,11.4411,26.9422,324.05,674.34,71.07,7.33093,11.421,270.58,331.96,0,0,0,0,0
neuromorpho__I03474.swc,1776,pyramidal,0.98108,1059,225,491,0,0,0,0,0.000599062,0,0,0,0,0,0.643071,0.338672,0.3,0.3,0.3,0.3,0.659779,0.488176,0.488176,0.512387,0.512387,0.520833,0.582981,0.3,0.592068,0.813866,0.3,0.342222,0.693682,0.3,0.419552,128,0.745392,0.3,0.3,0.375,0.429688,33,0,442.22,-146.549,114.754,1792.6,1662.79,324.59,-46.2507,81.6226,313.63,373.3,309.75,-53.7235,67.4712,1195.3,600.2
neuromorpho__I03541.swc,1535,pyramidal,0.987044,811,406,317,0,0,0,0,0.0213895,0,0,0,0,0,0.788842,0.310655,0.3,0.3,0.3,0.3,0.978276,0.287296,0.287296,0.287296,0.287296,0.287296,0.65754,0.3,0.484587,0.982888,0.931353,0,0.875565,0.3,0.15142,134,0.843848,0.3,0.3,0.223881,0.246269,22,0,405.08,-93.2756,90.3324,1702.6,1004.4,297.88,-23.8748,73.3812,271.4,398.4,213.15,-4.82959,44.8699,700.89,424.1
neuromorpho__I101119PYR.swc,3898,pyramidal,0.376514,0,235,3662,0,0,0,0,0.0720512,0,0,0,0,0,0.850816,0.0525953,0.3,0.82837,0.82837,0.82837,0.82837,0.00230888,0.00230888,0.00230888,0.00230888,0.782196,0,0,0,0.862356,0.829531,0.0255319,0.850035,0.82837,0.000819224,89,0.853795,0.3,0.82837,0,0.011236,105.2,0,0,0,0,0,0,44.08,11.5647,8.0715,242.86,195.75,85.41,-6.0314,19.5969,192.71,270.67
neuromorpho__I5-1.swc,567,pyramidal,0.984883,0,422,144,0,0,0,0,0,0,0,0,0,0,0.993253,0.00873892,0.978276,0.978276,0.978276,0.978276,0.998348,0,0,0,0,0,0,0,0,0.998348,0.998348,0,0.978276,0.978276,0,73,0.993696,0.978276,0.978276,0,0,13,0,0,0,0,0,0,140.5,8.49187,30.9895,73.5,137.03,89.83,-4.37257,21.5109,64.42,180.48
neuromorpho__I5-10.swc,593,pyramidal,0.989076,30,345,217,0,0,0,0,0.000757848,0,0,0,0,0,0.980558,0.0444954,0.792314,0.895156,0.978276,0.978276,0.998348,0,0,0,0.0505902,0.0505902,0.792314,0.792314,0,0.998348,0.998348,0,0.978209,0.978276,0,56,0.987628,0.792314,0.978276,0,0.0178571,25,0,13.49,-10.194,3.99514,8.37,48.62,87.04,0.527739,18.0951,108.59,153.6,42.56,1.23668,8.34197,63.4,313.62
neuromorpho__I5-13.swc,253,pyramidal,0.776054,38,151,63,0,0,0.249012,0.249012,0.0519401,0,-0.249012,0.249012,0.249012,0,0.965718,0.0469556,0.872694,0.878324,0.88051,0.950853,0.998348,0,0,0,0,0.209486,0.950853,0.950853,0,0.998348,0.998348,0,0.895934,0.87581,0,32,0.965466,0.872694,0.878756,0,0,13.8,0,24.38,5.91184,6.76234,8.18,87.81,50.76,-0.880199,12.4829,57.99,73.93,33.17,21.0784,6.74014,29.36,73.14
neuromorpho__I5-14.swc,405,pyramidal,0.971927,0,324,80,0,0,0,0,0,0,0,0,0,0,0.977953,0.054332,0.799421,0.8044,0.977851,0.996335,0.998348,0,0,0,0.0222222,0.0938272,0,0,0,0.997328,0.996335,0,0.899209,0.799421,0,41,0.969721,0.799421,0.80518,0,0.0487805,28,0,0,0,0,0,0,70.07,7.17333,15.2305,89.68,121.6,29.28,-11.6774,6.14289,28.77,219.49
neuromorpho__I5-19.swc,284,pyramidal,0.673268,39,244,0,0,0,0,0,0,0,0,0,0,0,0.979446,0.037051,0.852615,0.88736,0.89367,0.955815,0.998348,0,0,0,0,0.116197,0.955815,0.955815,0,0.983139,0.89367,0,0,0,0,36,0.980458,0.852615,0.890515,0,0,15.5,0,6.49,4.73462,1.77018,13.2,74.81,44.74,5.16463,9.02402,82.42,130.23,0,0,0,0,0
neuromorpho__I5-27.swc,502,pyramidal,0.995387,3,385,113,0,0,0,0,0.0132917,0,0,0,0,0,0.990816,0.019868,0.788929,0.978276,0.978276,0.978276,0.998348,0,0,0,0.0059761,0.0059761,0.788929,0.788929,0,0.996046,0.998348,0,0.978276,0.978276,0,40,0.980761,0.788929,0.946587,0,0.025,22.1,0,8.76,13.7233,3.60781,0.94,2,102.47,-15.5487,24.8143,138.47,140.32,146.92,-49.9706,40.915,67.92,107.09
neuromorpho__I5-4.swc,668,pyramidal,0.970317,0,509,158,0,0,0,0,0.0300536,0,0,0,0,0,0.916589,0.130391,0.643406,0.659779,0.659779,0.850954,0.998348,0,0,0.187126,0.187126,0.290419,0,0,0,0.914818,0.659779,0.24558,0.921766,0.843709,0,61,0.922844,0.643406,0.659779,0.147541,0.147541,25,0,0,0,0,0,0,174.92,-3.16303,33.672,192.58,116.97,59.91,15.1179,14.4406,240.81,48.54
neuromorpho__I5-8.swc,523,pyramidal,0.928993,0,319,203,0,0,0,0,0.0157296,0,0,0,0,0,0.990474,0.00990193,0.975784,0.978276,0.978276,0.978276,0.998348,0,0,0,0,0,0,0,0,0.998348,0.998348,0,0.978055,0.978276,0,63,0.991007,0.975784,0.978276,0,0,18,0,0,0,0,0,0,84.18,-8.21608,17.7014,85.68,85.1,87.8,0.0230049,17.9887,63.62,143.54
neuromorpho__IF4_140201.swc,4693,pyramidal,0.85716,3619,825,248,0,0,0.0528447,0.0528447,0.00631473,0,-0.0528447,0.0528447,0.0528447,0,0.671602,0.338939,0.3,0.3,0.3,0.3,0.993697,0.454294,0.46026,0.46026,0.491796,0.491796,0.598831,0.3,0.569218,0.998348,0.998348,0,0.645244,0.459888,0.403226,158,0.816672,0.3,0.3,0.259494,0.35443,80.3,0.12,32.95,-6.17258,6.33717,1334.75,1658.89,16.67,-1.25659,2.71804,333.2,233.84,7.2,0.0525806,1.79297,213.11,277.45
neuromorpho__I_1_16.swc,19944,interneuron,0.998172,8873,11070,0,0,0,0,0,0,0,0,0,0,0,0.996795,0.0275599,0.3,0.995725,0.998919,0.998919,0.998919,0.00150421,0.00150421,0.00150421,0.00150421,0.00150421,0.994145,0.973127,0.00338104,0.998919,0.998919,0,0,0,0,1129,0.997404,0.3,0.998919,0.00177148,0.00177148,41.2,1.08974,31.5,9.6161,6.80452,442.94,375.79,38.5,8.89025,9.74445,399.17,502.07,0,0,0,0,0
neuromorpho__I_1_32.swc,36080,interneuron,0.998562,32966,3113,0,0,0,0,0,0,0,0,0,0,0,0.978843,0.117471,0.3,0.998919,0.999189,0.999189,0.999189,0.0290743,0.0290743,0.0290743,0.0290743,0.0290743,0.993886,0.999189,0.00758357,0.819529,0.3,0.256666,0,0,0,1384,0.989119,0.3,0.999189,0.0144509,0.015896,60.7,2.43837,112.5,-37.2723,23.885,552.08,573.96,115,-19.5149,29.1219,433.77,545.79,0,0,0,0,0
neuromorpho__I_1_40.swc,87238,interneuron,0.998396,70125,17112,0,0,0,0,0,0,0,0,0,0,0,0.965478,0.149684,0.3,0.998919,0.998919,0.999189,0.999189,0.0481556,0.0481556,0.0481556,0.0481556,0.0481556,0.996168,0.999189,0.00432086,0.83971,0.3,0.227793,0,0,0,751,0.982219,0.3,0.999189,0.0226365,0.023968,263,5.21565,434.42,-101.164,70.5362,554.9,356.21,274.61,-35.3485,46.3162,492.87,587.43,0,0,0,0,0
neuromorpho__I_1_52.swc,29130,interneuron,0.998651,23505,5624,0,0,0,0,0,0,0,0,0,0,0,0.989155,0.0829501,0.3,0.998919,0.998919,0.999189,0.999189,0.0142808,0.0142808,0.0142808,0.0142808,0.0142808,0.996155,0.999189,0.0043395,0.959897,0.998919,0.0558321,0,0,0,424,0.991287,0.3,0.998919,0.00943396,0.0117925,162,0.325688,75,-20.6773,19.1996,651.68,322.37,75,-6.81804,16.2587,285.16,554.27,0,0,0,0,0
neuromorpho__I_1_6.swc,29182,interneuron,0.99848,17892,11289,0,0,0,0,0,0,0,0,0,0,0,0.979852,0.11436,0.3,0.998919,0.998919,0.998919,0.999189,0.027517,0.027517,0.027517,0.027517,0.027517,0.997196,0.999189,0.00285044,0.952361,0.998919,0.0666135,0,0,0,877,0.969808,0.3,0.998919,0.041049,0.041049,87,0.237024,52.5,13.09,11.7265,520.97,295.57,52.4,13.6144,11.3241,471,590.78,0,0,0,0,0
neuromorpho__I_1_65.swc,18241,interneuron,0.996084,12131,6109,0,0,0,0,0,0,0,0,0,0,0,0.984848,0.0986783,0.3,0.998919,0.998919,0.998919,0.999189,0.0203388,0.0203388,0.0203388,0.0203388,0.0203388,0.999135,0.999189,0,0.956473,0.998919,0.0607301,0,0,0,451,0.988343,0.3,0.998919,0.0133038,0.0133038,91,1.22565,126,1.24537,22.5854,372.69,397.72,170,22.9706,34.3917,333.94,474.76,0,0,0,0,0
neuromorpho__I_1_7.swc,15305,interneuron,0.99793,11311,3993,0,0,0,0,0,0,0,0,0,0,0,0.998417,0.00401602,0.973127,0.998919,0.998919,0.998919,0.999189,0,0,0,0,0,0.99824,0.999189,0,0.998919,0.998919,0,0,0,0,367,0.998897,0.973127,0.998919,0,0,101.8,0,60.51,23.4925,11.4177,245.67,185.46,57.5,7.31198,12.5375,151.81,304.47,0,0,0,0,0
neuromorpho__I_1_74.swc,10066,interneuron,0.998864,7678,2387,0,0,0,0,0,0,0,0,0,0,0,0.994959,0.0538153,0.3,0.998919,0.998919,0.999189,0.999189,0.00596066,0.00596066,0.00596066,0.00596066,0.00596066,0.999189,0.999189,0,0.981351,0.998919,0.0251362,0,0,0,668,0.998736,0.3,0.998919,0,0,32,0,131.98,13.3323,23.3046,433.13,331.16,132,16.6848,34.8274,316.62,500.03,0,0,0,0,0
neuromorpho__I_2_26.swc,36141,interneuron,0.998466,28034,8106,0,0,0,0,0,0,0,0,0,0,0,0.957014,0.166339,0.3,0.3,0.998919,0.998919,0.999189,0.0602363,0.0602363,0.0602363,0.0602363,0.0602363,0.953348,0.999189,0.0655632,0.969689,0.998919,0.0418209,0,0,0,633,0.968396,0.3,0.998919,0.0410742,0.042654,136.8,-2.23535,205.56,47.6563,47.0977,478.33,465.92,252.21,88.9343,68.8856,346.06,531.52,0,0,0,0,0
neuromorpho__I_2_38.swc,23578,interneuron,0.998311,17148,6429,0,0,0,0,0,0,0,0,0,0,0,0.982938,0.103908,0.3,0.998919,0.998919,0.998919,0.999189,0.0226058,0.0226058,0.0226058,0.0226058,0.0226058,0.99867,0.999189,0,0.940975,0.998919,0.0829056,0,0,0,432,0.997543,0.3,0.998919,0.00231481,0.00462963,149.5,-1.50496,105.6,7.60749,20.0746,443.38,390.89,138.52,3.2506,28.0596,366.35,505.39,0,0,0,0,0
neuromorpho__I_2_39.swc,41186,interneuron,0.998768,34668,6517,0,0,0,0,0,0,0,0,0,0,0,0.961591,0.157652,0.3,0.3,0.998919,0.999189,0.999189,0.0537319,0.0537319,0.0537319,0.0537319,0.0537319,0.996123,0.999189,0.00438445,0.777886,0.3,0.31625,0,0,0,817,0.972494,0.3,0.999189,0.0367197,0.0403917,109,1.65379,143.99,-45.9987,30.3483,606.77,442.22,98.4,-27.5093,22.314,450.69,376.9,0,0,0,0,0
neuromorpho__I_2_42.swc,52104,interneuron,0.998672,51084,1019,0,0,0,0,0,0,0,0,0,0,0,0.987029,0.0193054,0.3,0.973127,0.973127,0.973127,0.999189,0.000441425,0.000441425,0.000441425,0.000441425,0.000441425,0.986792,0.973127,0.000450239,0.998919,0.998919,0,0,0,0,1401,0.988297,0.3,0.973127,0,0,98,-0.676923,120.8,34.7544,25.0581,435.79,631.89,92,31.793,26.5946,98.24,184.78,0,0,0,0,0
neuromorpho__J31a.swc,5997,interneuron,0.955851,0,5996,0,0,0,0,0,0,0,0,0,0,0,0.886973,0.251068,0.3,0.3,0.3,0.998919,0.998919,0.154077,0.154077,0.154077,0.154077,0.154077,0,0,0,0.886954,0.3,0.154103,0,0,0,218,0.869466,0.3,0.3,0.178899,0.183486,75.3,-3.45714,0,0,0,0,0,549.2,-16.7657,124.002,535.24,738.02,0,0,0,0,0
neuromorpho__Jul26IR4c-40x-MM.swc,5101,pyramidal,0.8996,0,2466,2634,0,0,0,0,0,0,0,0,0,0,0.987984,0.010031,0.978276,0.978276,0.978276,0.978276,0.978276,0,0,0,0,0,0,0,0,0.998348,0.998348,0,0.978276,0.978276,0,87,0.987062,0.978276,0.978276,0,0,140.4,0,0,0,0,0,0,61.46,-9.07261,11.6408,316.68,156.38,65.7,-8.95329,10.6021,289.35,340.07
neuromorpho__Jun1IR2c-tgv.swc,1817,pyramidal,0.863681,510,1306,0,0,0,0,0,0,0,0,0,0,0,0.73476,0.204453,0.3,0.558894,0.572333,0.577541,0.633611,0.0401761,0.332966,0.610347,0.642818,0.642818,0.539689,0.3,1,0.810733,0.577561,0.458652,0,0,0,58,0.813749,0.3,0.572333,0.448276,0.482759,70.6,9.36094,39,-8.87841,9.00539,197.23,319.73,59.91,-12.0142,11.9474,238.83,204.44,0,0,0,0,0
neuromorpho__K201221-05_onlydendrites.swc,464,pyramidal,0.925644,170,293,0,0,0,0,0,0,0,0,0,0,0,0.75631,0.27792,0.3,0.3,0.3,0.535154,0.974178,0.172414,0.398707,0.426724,0.426724,0.426724,0.474136,0.3,1,0.919197,0.938242,0.0955631,0,0,0,17,0.830363,0.3,0.500316,0.294118,0.352941,56,0,44.97,8.61512,9.17227,112.27,523.74,45.59,10.1769,10.6794,111.09,391.53,0,0,0,0,0
neuromorpho__KO1-4-1-2.swc,434,pyramidal,0.991508,8,194,231,0,0,0,0,0,0,0,0,0,0,0.984727,0.0218751,0.842333,0.978276,0.978276,0.978276,0.978276,0,0,0,0,0.0184332,0.842333,0.842333,0,0.998201,0.998348,0,0.978276,0.978276,0,60,0.985836,0.842333,0.978276,0,0,16,0,0,-3,0,27.95,31.92,48.5,7.34794,10.7798,114.51,221.32,53.5,3.71212,10.3263,209.67,232.32
neuromorpho__KO1-4-3-9.swc,247,interneuron,0.858795,0,246,0,0,0,0,0,0,0,0,0,0,0,0.980457,0.0310488,0.927978,0.927978,0.927978,0.927978,0.998919,0,0,0,0,0,0,0,0,0.980377,0.927978,0,0,0,0,45,0.982944,0.927978,0.927978,0,0,12.6,0,0,0,0,0,0,44,1.17683,9.96876,71.9,176.94,0,0,0,0,0
neuromorpho__KO1-Neuron11.swc,31,pyramidal,0.990399,24,6,0,0,0,0,0,0,0,0,0,0,0,0.98546,0.0171291,0.950572,0.950572,0.950572,0.993576,0.993576,0,0,0,0,0,0.993576,0.993576,0,0.950572,0.950572,0,0,0,0,7,0.98835,0.950572,0.976374,0,0,6.8,0,5.04,2.94708,2.20608,22.59,66.36,21.62,-13.765,8.35242,2.87,28,0,0,0,0,0
neuromorpho__KO1-Neuron14.swc,25,pyramidal,0.974787,14,10,0,0,0,0,0,0,0,0,0,0,0,0.955598,0.0093751,0.950853,0.950853,0.950853,0.950853,0.955815,0,0,0,0,0,0.955815,0.955815,0,0.950853,0.950853,0,0,0,0,3,0.968889,0.950853,0.951846,0,0,13.2,0,13.75,-8.545,5.47661,9.08,58.1,16.7,7.638,6.2275,3.62,41.25,0,0,0,0,0
neuromorpho__KO1-Neuron2.swc,48,pyramidal,0.95094,38,9,0,0,0,0,0,0,0,0,0,0,0,0.960782,0.0193567,0.950853,0.950853,0.950853,0.950853,0.950853,0,0,0,0,0,0.950853,0.950853,0,0.998348,0.998348,0,0,0,0,4,0.986887,0.950853,0.965102,0,0,28.1,0,16.86,-0.196053,5.30582,117.93,25.14,4.63,-1.15667,1.88157,15.46,9.01,0,0,0,0,0
neuromorpho__KO1-Neuron5.swc,65,pyramidal,0.928569,42,22,0,0,0,0,0,0,0,0,0,0,0,0.967685,0.0227453,0.950853,0.950853,0.950853,0.950853,0.950853,0,0,0,0,0,0.950853,0.950853,0,0.998348,0.998348,0,0,0,0,5,0.989179,0.950853,0.969851,0,0,29.2,0,24.88,13.1414,8.74894,26.96,135.45,3.87,0.187273,0.818647,11.89,21.69,0,0,0,0,0
neuromorpho__KO4-5-1-6.swc,258,interneuron,0.429444,0,257,0,0,0,0,0,0,0,0,0,0,0,0.928479,0.00893261,0.92211,0.92211,0.92211,0.92211,0.92211,0,0,0,0,0,0,0,0,0.928201,0.92211,0,0,0,0,48,0.929829,0.92211,0.92211,0,0,10.3,0,0,0,0,0,0,23.5,1.91634,5.03295,64.42,184.77,0,0,0,0,0
neuromorpho__KO4-5-3-9.swc,367,pyramidal,0.679306,0,223,143,0,0,0,0,0,0,0,0,0,0,0.990528,0.00979703,0.978056,0.978276,0.978276,0.978276,0.998348,0,0,0,0,0,0,0,0,0.998348,0.998348,0,0.978267,0.978276,0,71,0.992431,0.978056,0.978276,0,0,10,0,0,0,0,0,0,24,0.544843,4.69402,85.65,99.47,28,-3.6014,5.0841,25.21,163.95
neuromorpho__KO4-Neuron2.swc,11,pyramidal,0.91969,10,0,0,0,0,0,0,0,0,0,0,0,0,0.939094,0.0192601,0.933004,0.933004,0.933004,0.933004,0.933004,0,0,0,0,0,0.933004,0.933004,0,0,0,0,0,0,0,4,0.949753,0.933004,0.933004,0,0,4.4,0,3.95,-3.531,1.17734,4.09,16.31,0,0,0,0,0,0,0,0,0,0
neuromorpho__KO5-Neuron3.swc,26,pyramidal,0.989644,18,7,0,0,0,0,0,0,0,0,0,0,0,0.984572,0.0135726,0.953981,0.953981,0.953981,0.988216,0.988216,0,0,0,0,0,0.988216,0.988216,0,0.972995,0.953981,0,0,0,0,6,0.986163,0.953981,0.971099,0,0,7,0,0,0,0,13.14,16.55,0.1,-0.0571429,0.0416497,4.07,3.69,0,0,0,0,0
neuromorpho__KO5-Neuron5.swc,38,pyramidal,0.897024,37,0,0,0,0,0,0,0,0,0,0,0,0,0.957419,0.00819695,0.950853,0.950853,0.950853,0.950853,0.959921,0,0,0,0,0,0.956268,0.950853,0,0,0,0,0,0,0,10,0.959891,0.950853,0.950853,0,0,6.1,0,24.72,-11.5265,7.09514,18.26,40.19,0,0,0,0,0,0,0,0,0,0
neuromorpho__KOA-2-13-7.swc,298,pyramidal,0.989391,18,279,0,0,0,0,0,0,0,0,0,0,0,0.969297,0.0486501,0.620938,0.834451,0.950709,0.960774,0.976994,0,0,0.00671141,0.00671141,0.0671141,0.834451,0.834451,0,0.977887,0.953981,0.00716846,0,0,0,58,0.973455,0.620938,0.950709,0.0172414,0.0172414,11,0,6.5,2.02778,1.75967,108.46,37.49,67.5,9.06953,16.211,168.05,259.68,0,0,0,0,0
neuromorpho__KOA-3-2-10.swc,202,pyramidal,0.990824,16,83,102,0,0,0,0,0,0,0,0,0,0,0.944714,0.0695883,0.788929,0.792143,0.834451,0.889189,0.978276,0,0,0,0.0742574,0.277228,0.842333,0.842333,0,0.938783,0.792143,0,0.965058,0.889189,0,27,0.945355,0.788929,0.799965,0,0.111111,13.8,0,65.01,28.9081,23.827,24.45,19.42,108.49,9.61145,18.9497,121.45,77.48,81.99,24.0275,21.2927,102.53,180.31
neuromorpho__KW20180701_Pair2_pre.swc,4917,pyramidal,0.836985,3363,749,804,0,0,0,0,0,0,0,0,0,0,0.857826,0.273049,0.3,0.3,0.3,0.978276,0.993697,0.193207,0.193207,0.193207,0.193207,0.193207,0.803508,0.3,0.27416,0.972241,0.998348,0.0373832,0.978266,0.978276,0,89,0.974715,0.3,0.978276,0.0224719,0.0337079,107.8,-0.00130435,56.84,-6.96455,11.2989,471.93,420.94,44.45,-7.52528,11.8054,289.26,300.84,52.71,-11.5931,11.8434,321.29,631.1
neuromorpho__KW20180712_Pair7_pre.swc,3080,pyramidal,0.974223,1643,643,793,0,0,0,0,0,0,0,0,0,0,0.920993,0.205702,0.3,0.3,0.950853,0.978276,0.993576,0.0987013,0.0987013,0.0987013,0.0987013,0.0987013,0.878711,0.3,0.161899,0.998348,0.998348,0,0.945773,0.978276,0.0479193,86,0.965255,0.3,0.978141,0.0232558,0.0348837,57.5,-0.00210526,40.74,1.02025,7.32108,189.81,433.36,46.32,5.59935,11.2702,254.46,181.02,56,5.19856,11.1264,317.06,396.18
neuromorpho__Kole_MDKL01042019_1_streptavidinA488.swc,2145,interneuron,0.992016,2144,0,0,0,0,0,0,0,0,0,0,0,0,0.990797,0.0565522,0.3,0.973127,0.973127,0.995725,0.999189,0.00652681,0.00652681,0.00652681,0.00652681,0.00652681,0.990792,0.973127,0.00652985,0,0,0,0,0,0,64,0.994317,0.3,0.973127,0,0,85.4,0.734375,33.94,-2.24186,5.94595,368.39,229.44,0,0,0,0,0,0,0,0,0,0
neuromorpho__Kole_MDKL04022019_2_63x.swc,3268,interneuron,0.994904,3267,0,0,0,0,0,0,0,0,0,0,0,0,0.887813,0.220875,0.3,0.3,0.3,0.973127,0.973127,0.123623,0.123623,0.123623,0.123623,0.123623,0.887779,0.3,0.123661,0,0,0,0,0,0,76,0.91083,0.3,0.839981,0.0789474,0.0921053,101.5,-0.00307692,52.98,-2.61505,10.6216,541.48,624.68,0,0,0,0,0,0,0,0,0,0
neuromorpho__Kole_MDKL07022019_3_streptavidinA488_63x.swc,2655,interneuron,0.984282,2654,0,0,0,0,0,0,0,0,0,0,0,0,0.998668,0.00235533,0.973127,0.995725,0.999189,0.999189,0.999189,0,0,0,0,0,0.998668,0.999189,0,0,0,0,0,0,0,70,0.997351,0.973127,0.995725,0,0,86.5,-0.241429,31.67,-4.06327,6.22438,296.35,498.58,0,0,0,0,0,0,0,0,0,0
neuromorpho__Kole_MDKL31012019_3_63x.swc,9756,interneuron,0.99501,9755,0,0,0,0,0,0,0,0,0,0,0,0,0.770812,0.311535,0.3,0.3,0.3,0.3,0.973127,0.304428,0.304428,0.304428,0.304428,0.304428,0.770789,0.3,0.304459,0,0,0,0,0,0,156,0.74763,0.3,0.3,0.333333,0.339744,136.5,0.237,54.24,5.80393,13.6277,399.28,804.38,0,0,0,0,0,0,0,0,0,0
neuromorpho__Kole_MPG05042019_3_StreptavidinA488_63x.swc,1496,interneuron,0.996534,0,1495,0,0,0,0,0,0,0,0,0,0,0,0.959183,0.0351207,0.927978,0.927978,0.927978,0.927978,0.927978,0,0,0,0,0,0,0,0,0.959156,0.927978,0,0,0,0,72,0.964373,0.927978,0.927978,0,0,42.6,2.04806,0,0,0,0,0,69.9,-14.6248,12.9202,121.42,187.32,0,0,0,0,0
neuromorpho__Kole_MPG05042019_7_StreptavidinA488_63x.swc,3015,interneuron,0.994069,3014,0,0,0,0,0,0,0,0,0,0,0,0,0.980016,0.0100245,0.973127,0.973127,0.973127,0.973127,0.973127,0,0,0,0,0,0.98001,0.973127,0,0,0,0,0,0,0,74,0.981792,0.973127,0.973127,0,0,89.8,-2.54478,90.84,13.6883,14.3233,264.66,390.76,0,0,0,0,0,0,0,0,0,0
neuromorpho__L1R4_03_-180-no.swc,41,interneuron,0.788472,12,28,0,0,0,0,0,0,0,0,0,0,0,0.900406,0.115078,0.727273,0.727273,0.727273,0.727273,0.927978,0,0,0,0.292683,0.292683,0.727273,0.727273,0,0.971049,0.927978,0,0,0,0,6,0.942001,0.727273,0.827626,0,0.166667,11.5,0,0,-2.36,0,6.32,37.47,6.6,-0.5725,2.39521,44.54,22.39,0,0,0,0,0
neuromorpho__L1R4_03_-510.swc,148,interneuron,0.919113,0,147,0,0,0,0,0,0,0,0,0,0,0,0.998926,8.85756e-05,0.998919,0.998919,0.998919,0.998919,0.998919,0,0,0,0,0,0,0,0,0.998919,0.998919,0,0,0,0,11,0.999017,0.998919,0.998919,0,0,31,0,0,0,0,0,0,16.2,2.4702,4.48779,116.8,170.82,0,0,0,0,0
neuromorpho__L1R4_05_-420.swc,95,interneuron,0.976761,0,94,0,0,0,0,0,0,0,0,0,0,0,0.985489,0.0278062,0.927978,0.927978,0.927978,0.998919,0.998919,0,0,0,0,0,0,0,0,0.985334,0.927978,0,0,0,0,10,0.991933,0.927978,0.991825,0,0,18.8,0,0,0,0,0,0,27.83,3.97947,8.41952,65.12,143.51,0,0,0,0,0
neuromorpho__L1R4_06_-615.swc,155,interneuron,0.92716,0,154,0,0,0,0,0,0,0,0,0,0,0,0.998926,8.65657e-05,0.998919,0.998919,0.998919,0.998919,0.998919,0,0,0,0,0,0,0,0,0.998919,0.998919,0,0,0,0,17,0.998982,0.998919,0.998919,0,0,20.4,0,0,0,0,0,0,38.44,-1.31325,9.35051,98,165.48,0,0,0,0,0
neuromorpho__L1R4_06_-730.swc,146,interneuron,0.949678,0,145,0,0,0,0,0,0,0,0,0,0,0,0.998926,8.91761e-05,0.998919,0.998919,0.998919,0.998919,0.998919,0,0,0,0,0,0,0,0,0.998919,0.998919,0,0,0,0,18,0.998979,0.998919,0.998919,0,0,14.6,0,0,0,0,0,0,30.06,-2.50262,6.03913,57.3,159.42,0,0,0,0,0
neuromorpho__L1R4_08_-615.swc,122,interneuron,0.974027,0,121,0,0,0,0,0,0,0,0,0,0,0,0.998928,9.74878e-05,0.998919,0.998919,0.998919,0.998919,0.998919,0,0,0,0,0,0,0,0,0.998919,0.998919,0,0,0,0,14,0.998996,0.998919,0.998919,0,0,17.4,0,0,0,0,0,0,22.94,3.37579,5.72579,53.59,145.56,0,0,0,0,0
neuromorpho__L1R4_08_-630.swc,194,interneuron,0.858474,0,193,0,0,0,0,0,0,0,0,0,0,0,0.998924,7.74273e-05,0.998919,0.998919,0.998919,0.998919,0.998919,0,0,0,0,0,0,0,0,0.998919,0.998919,0,0,0,0,21,0.99897,0.998919,0.998919,0,0,16,0,0,0,0,0,0,39.91,1.54197,8.96766,96.56,245.63,0,0,0,0,0
neuromorpho__L2R5_01_-585.swc,384,interneuron,0.99037,0,383,0,0,0,0,0,0,0,0,0,0,0,0.998922,5.51043e-05,0.998919,0.998919,0.998919,0.998919,0.998919,0,0,0,0,0,0,0,0,0.998919,0.998919,0,0,0,0,28,0.998957,0.998919,0.998919,0,0,35.3,0,0,0,0,0,0,28.62,0.484648,4.83191,117.65,206.18,0,0,0,0,0
neuromorpho__L2R5_02_-240.swc,172,interneuron,0.984703,0,171,0,0,0,0,0,0,0,0,0,0,0,0.998925,8.22029e-05,0.998919,0.998919,0.998919,0.998919,0.998919,0,0,0,0,0,0,0,0,0.998919,0.998919,0,0,0,0,14,0.998996,0.998919,0.998919,0,0,20.4,0,0,0,0,0,0,9.21,-2.26602,2.48521,74.86,118.06,0,0,0,0,0
neuromorpho__L2R5_04_-510.swc,191,interneuron,0.896661,0,190,0,0,0,0,0,0,0,0,0,0,0,0.998924,7.80299e-05,0.998919,0.998919,0.998919,0.998919,0.998919,0,0,0,0,0,0,0,0,0.998919,0.998919,0,0,0,0,22,0.998968,0.998919,0.998919,0,0,18,0,0,0,0,0,0,14.59,-4.85111,4.85135,111.23,153.68,0,0,0,0,0
neuromorpho__L3R4_02_-060.swc,89,interneuron,0.892897,0,88,0,0,0,0,0,0,0,0,0,0,0,0.998931,0.000113964,0.998919,0.998919,0.998919,0.998919,0.998919,0,0,0,0,0,0,0,0,0.998919,0.998919,0,0,0,0,14,0.998996,0.998919,0.998919,0,0,10.4,0,0,0,0,0,0,13.5,-2.77466,3.28996,86.49,117.83,0,0,0,0,0
neuromorpho__L3R4_06_-225.swc,410,interneuron,0.992814,0,409,0,0,0,0,0,0,0,0,0,0,0,0.998921,5.33329e-05,0.998919,0.998919,0.998919,0.998919,0.998919,0,0,0,0,0,0,0,0,0.998919,0.998919,0,0,0,0,15,0.998991,0.998919,0.998919,0,0,61.4,0,0,0,0,0,0,11.23,-1.06619,2.04179,80.45,171.03,0,0,0,0,0
neuromorpho__LES6-WT-1187-neuron-1.swc,1328,pyramidal,0.994458,12,579,736,0,0,0.554217,0.554217,0.139901,0,-0.554217,0.554217,0.554217,0,0.963836,0.0398428,0.3,0.917522,0.917522,0.92423,0.978276,0.000753012,0.000753012,0.000753012,0.000753012,0.00150602,0.936276,0.938965,0,0.998348,0.998348,0,0.937086,0.917522,0.0013587,60,0.964736,0.3,0.917315,0,0,44.6,0,8.11,-6.68833,2.31248,48.05,13.18,53.18,-21.1878,11.9159,217.09,99.53,60.02,-32.7607,13.4776,137.38,230.59
neuromorpho__LES6-WT-1193-neuron-1.swc,1394,pyramidal,0.981716,0,663,730,0,0,0,0,0.10359,0,0,0,0,0,0.908028,0.100228,0.638174,0.671093,0.7772,0.798739,0.941066,0,0,0.0703013,0.267575,0.276901,0,0,0,0.858345,0.671093,0.147813,0.953025,0.917578,0,79,0.908554,0.638174,0.750658,0.0759494,0.253165,39.4,0,0,0,0,0,0,76.89,-9.61712,11.928,183.23,113.98,62.48,-22.9353,9.25815,265.24,253.98
neuromorpho__LES6-mut-1195-neuron-2.swc,407,pyramidal,0.991931,158,248,0,0,0,0,0,0,0,0,0,0,0,0.935761,0.077267,0.805376,0.80552,0.80552,0.857003,0.998348,0,0,0,0,0.388206,0.841682,0.80552,0,0.99544,0.998348,0,0,0,0,50,0.921238,0.805376,0.808034,0,0,15.1,0,50.95,9.68259,11.1614,174.62,136.28,69.49,7.50863,15.6745,190.07,218.27,0,0,0,0,0
neuromorpho__LES6-mut-1195-neuron-3.swc,502,pyramidal,0.990683,7,218,276,0,0,0.549801,0.549801,0.136992,0,-0.549801,0.549801,0.549801,0,0.903535,0.0833533,0.792143,0.809272,0.811572,0.826927,0.848255,0,0,0,0.0139442,0.543825,0.792143,0.792143,0,0.993959,0.961128,0,0.83459,0.809524,0,71,0.8976,0.792143,0.81,0,0.0140845,17,0,11.11,6.18571,4.09973,15.7,12.96,56.57,-2.90514,11.8459,232.49,117.61,38.2,-2.05725,9.01762,149.61,205.56
neuromorpho__LVGFP-5wpi-c6-3.swc,2285,interneuron,0.968345,0,2284,0,0,0,0,0,0,0,0,0,0,0,0.998919,2.26141e-05,0.998919,0.998919,0.998919,0.998919,0.998919,0,0,0,0,0,0,0,0,0.998919,0.998919,0,0,0,0,15,0.998991,0.998919,0.998919,0,0,348.4,0,0,0,0,0,0,50.06,-5.85713,10.7157,148.86,305.53,0,0,0,0,0
neuromorpho__Layer-2-3-Ethanol-15.swc,318,pyramidal,0.994055,0,142,175,0,0,0.550314,0.550314,0.175433,0,-0.550314,0.550314,0.550314,0,0.956597,0.0407057,0.899827,0.908165,0.911575,0.912441,0.978276,0,0,0,0,0.0125786,0,0,0,0.998348,0.998348,0,0.922472,0.908165,0,46,0.96057,0.899827,0.907927,0,0,13,0,0,0,0,0,0,34.98,6.85514,7.3954,152.12,149.62,61,0.162571,13.0854,83.91,173.22
neuromorpho__Layer-2-3-Ethanol-2.swc,195,pyramidal,0.984221,0,72,122,0,0,0,0,0,0,0,0,0,0,0.703395,0.232258,0.4441,0.453929,0.460719,0.552015,0.552015,0.2,0.610256,0.610256,0.625641,0.625641,0,0,0,0.998348,0.998348,0,0.526893,0.453929,0.97541,47,0.788369,0.4441,0.460719,0.425532,0.446809,8,0,0,0,0,0,0,44.97,-7.75444,9.74705,106.69,107.71,42.98,-4.56975,9.89199,135.55,131.57
neuromorpho__Layer-2-3-Ethanol-25.swc,494,pyramidal,0.994004,0,369,124,0,0,0,0,0,0,0,0,0,0,0.935251,0.109354,0.676883,0.744306,0.74897,0.818972,0.998348,0,0,0.0101215,0.251012,0.251012,0,0,0,0.998348,0.998348,0,0.746964,0.73244,0.0403226,52,0.92492,0.676883,0.744772,0.0192308,0.288462,19,0,0,0,0,0,0,70.98,1.8593,12.3859,262.3,170.33,35.98,9.43073,8.77616,101.53,128.98
neuromorpho__Layer-2-3-Ethanol-8.swc,289,pyramidal,0.976771,0,173,115,0,0,0.397924,0.397924,0.0545921,0,-0.397924,0.397924,0.397924,0,0.92652,0.0887776,0.727068,0.814405,0.817978,0.823776,0.998348,0,0,0,0.017301,0.397924,0,0,0,0.99806,0.998348,0,0.81826,0.814405,0,69,0.919479,0.727068,0.814343,0,0.057971,9,0,0,0,0,0,0,57.97,-0.993873,14.0967,142.5,157.57,57.98,-3.82939,11.8549,111.37,99.66
neuromorpho__Layer-2-3-Sucrose-11.swc,346,pyramidal,0.995978,0,222,123,0,0,0,0,0,0,0,0,0,0,0.991217,0.00961167,0.978276,0.978276,0.978276,0.978276,0.998348,0,0,0,0,0,0,0,0,0.998348,0.998348,0,0.978276,0.978276,0,54,0.995033,0.978276,0.978276,0,0,12,0,0,0,0,0,0,43.97,-1.6909,8.14983,113.65,115.63,35.26,-3.52602,9.19543,83.33,188.9
neuromorpho__Layer-2-3-Sucrose-6.swc,168,pyramidal,0.97641,0,118,49,0,0,0,0,0,0,0,0,0,0,0.988171,0.0237874,0.889189,0.977851,0.977851,0.978056,0.998348,0,0,0,0,0.047619,0,0,0,0.998348,0.998348,0,0.963422,0.889189,0,26,0.991068,0.889189,0.977851,0,0,11.5,0,0,0,0,0,0,44.99,4.11186,10.4618,121.42,65.4,12.98,1.89347,3.56512,70.87,116.8
neuromorpho__Layer-5-Ethanol-11.swc,384,pyramidal,0.994896,0,240,143,0,0,0,0,0.0207838,0,0,0,0,0,0.877876,0.246839,0.3,0.3,0.3,0.978276,0.998348,0.143229,0.143229,0.182292,0.182292,0.182292,0,0,0,0.97508,0.998348,0.0625,0.713881,0.3,0.384615,58,0.841516,0.3,0.3,0.224138,0.224138,13,0,0,0,0,0,0,62,8.00417,13.2604,214.42,131.54,90.04,-18.3187,19.0992,189.41,456.96
neuromorpho__Layer-5-Ethanol-15.swc,246,pyramidal,0.996887,0,133,112,0,0,0,0,0,0,0,0,0,0,0.984019,0.0410068,0.626067,0.978276,0.978276,0.978276,0.988312,0,0,0.0121951,0.0121951,0.0121951,0,0,0,0.988736,0.998348,0.0225564,0.978276,0.978276,0,41,0.979514,0.626067,0.978276,0.0243902,0.0243902,12,0,0,0,0,0,0,49.97,0.781128,8.98756,121.87,104.48,60.98,-17.33,16.9226,106.72,290.98
neuromorpho__Layer-5-Ethanol-16.swc,873,pyramidal,0.995964,0,296,576,0,0,0,0,0,0,0,0,0,0,0.985008,0.0094488,0.978276,0.978276,0.978276,0.978276,0.978276,0,0,0,0,0,0,0,0,0.998059,0.998348,0,0.978276,0.978276,0,70,0.987558,0.978276,0.978276,0,0,32.1,0,0,0,0,0,0,37.97,-6.4172,10.1295,143.69,149.05,86.99,4.33035,18.6232,214.14,411.53
neuromorpho__Layer-5-Ethanol-17.swc,614,pyramidal,0.991668,0,386,227,0,0,0,0,0.0185408,0,0,0,0,0,0.986906,0.0224235,0.876241,0.951412,0.978276,0.978276,0.998348,0,0,0,0,0.00814332,0,0,0,0.998348,0.998348,0,0.967393,0.901598,0,38,0.981354,0.876241,0.955242,0,0,36.1,0,0,0,0,0,0,61.49,1.2101,13.0837,316.68,141.16,50.97,-10.5018,7.24369,109.99,332.28
neuromorpho__Layer-5-Ethanol-2.swc,785,pyramidal,0.965113,0,422,362,0,0,0,0,0,0,0,0,0,0,0.82217,0.298251,0.3,0.3,0.3,0.978276,0.998348,0.24586,0.24586,0.24586,0.24586,0.24586,0,0,0,0.998044,0.998348,0,0.616654,0.3,0.533149,37,0.768618,0.3,0.3,0.324324,0.324324,45.6,0,0,0,0,0,0,32,6.35578,8.21385,158.82,152.31,27.11,1.01544,5.8727,120.4,418.15
neuromorpho__Layer-5-Ethanol-8.swc,872,pyramidal,0.965796,0,265,606,0,0,0,0,0,0,0,0,0,0,0.984401,0.00924473,0.978276,0.978276,0.978276,0.978276,0.978276,0,0,0,0,0,0,0,0,0.998348,0.998348,0,0.978276,0.978276,0,59,0.985108,0.978276,0.978276,0,0,35.2,0,0,0,0,0,0,50.99,13.7735,12.1138,200.67,136.89,77.98,-22.0411,14.1094,170.28,539.36
neuromorpho__Layer-5-Sucrose-11.swc,382,pyramidal,0.997713,0,164,217,0,0,0,0,0,0,0,0,0,0,0.974719,0.063767,0.638953,0.978276,0.978276,0.978276,0.978276,0,0,0.0340314,0.0340314,0.0340314,0,0,0,0.969859,0.998348,0.0792683,0.978276,0.978276,0,53,0.9791,0.638953,0.978276,0.0188679,0.0188679,13.8,0,0,0,0,0,0,35.98,5.96073,8.33467,216.19,154.86,34.61,-14.5212,8.37511,182.79,381.12
neuromorpho__Layer-5-Sucrose-15.swc,204,pyramidal,0.997142,0,67,136,0,0,0,0,0.0290074,0,0,0,0,0,0.981556,0.0150002,0.934332,0.944488,0.978276,0.978276,0.978276,0,0,0,0,0,0,0,0,0.997284,0.998348,0,0.973672,0.944488,0,47,0.979428,0.934332,0.978276,0,0,11,0,0,0,0,0,0,39.01,8.22537,10.6736,137.37,118.82,69.22,-16.7289,15.4097,147.26,342.75
neuromorpho__Layer-6-Ethanol-10.swc,764,pyramidal,0.9769,0,207,556,0,0,0,0,0,0,0,0,0,0,0.943792,0.161302,0.3,0.3,0.978276,0.978276,0.978276,0.0589005,0.0589005,0.0589005,0.0589005,0.0589005,0,0,0,0.998348,0.998348,0,0.923379,0.978276,0.0809353,37,0.947412,0.3,0.978276,0.0540541,0.0540541,41.2,0,0,0,0,0,0,38,-0.958889,7.70055,148.02,90.75,66.83,-4.14802,9.48198,232.77,481.88
neuromorpho__Layer-6-Ethanol-11.swc,249,pyramidal,0.996505,0,125,123,0,0,0,0,0,0,0,0,0,0,0.930411,0.191553,0.3,0.3,0.977851,0.978276,0.984087,0.0843373,0.0843373,0.0843373,0.0843373,0.0843373,0,0,0,0.996751,0.984087,0,0.862427,0.3,0.170732,29,0.983624,0.3,0.978232,0,0.0344828,13.2,0,0,0,0,0,0,26.95,-0.42832,5.67435,129.67,78.51,36.81,-16.7952,10.6803,122.96,482.37
neuromorpho__Layer-6-Ethanol-23.swc,124,pyramidal,0.989578,0,74,49,0,0,0,0,0,0,0,0,0,0,0.82523,0.296815,0.3,0.3,0.3,0.977851,0.998348,0.241935,0.241935,0.241935,0.241935,0.241935,0,0,0,0.996613,0.984087,0,0.56284,0.3,0.612245,18,0.837734,0.3,0.3,0.222222,0.222222,13.3,0,0,0,0,0,0,40.97,4.94743,8.54494,120.37,94.57,28.12,-6.4902,9.62676,63.6,339.55
neuromorpho__Layer-6-Ethanol-3.swc,317,pyramidal,0.90906,35,194,87,0,0,0,0,0,0,0,0,0,0,0.979555,0.0319112,0.7942,0.938242,0.938242,0.978276,0.984087,0,0,0,0.0189274,0.0189274,0.938242,0.938242,0,0.987477,0.970273,0,0.978276,0.978276,0,24,0.977807,0.7942,0.966628,0,0.0416667,27.1,0,0,-8.01,0,52.26,35.63,22.97,1.67747,6.28823,133.79,77.62,10.99,0.461724,2.52422,51.22,110.32
neuromorpho__Layer-6-Sucrose-11.swc,466,pyramidal,0.9921,0,192,273,0,0,0,0,0.110274,0,0,0,0,0,0.975049,0.048928,0.626067,0.952821,0.952821,0.968161,0.978276,0,0,0.0171674,0.0171674,0.0171674,0,0,0,0.982836,0.998348,0.0416667,0.96948,0.952821,0,47,0.980506,0.626067,0.967371,0.0212766,0.0212766,22,0,0,0,0,0,0,29.22,0.930208,6.66316,91.13,123.78,26,-10.3734,6.30227,147.04,205.61
neuromorpho__M1KO_10.swc,715,pyramidal,0.995697,0,714,0,0,0,0,0,0,0,0,0,0,0,0.99835,6.17419e-05,0.998348,0.998348,0.998348,0.998348,0.998348,0,0,0,0,0,0,0,0,0.998348,0.998348,0,0,0,0,50,0.998381,0.998348,0.998348,0,0,27.4,0,0,0,0,0,0,138.01,-15.5588,25.3129,213.34,266.46,0,0,0,0,0
neuromorpho__M1KO_18.swc,520,pyramidal,0.987233,0,519,0,0,0,0,0,0,0,0,0,0,0,0.998351,7.23798e-05,0.998348,0.998348,0.998348,0.998348,0.998348,0,0,0,0,0,0,0,0,0.998348,0.998348,0,0,0,0,40,0.998389,0.998348,0.998348,0,0,26.2,0,0,0,0,0,0,92.08,-11.2045,17.2545,137.73,179.95,0,0,0,0,0
neuromorpho__M1KO_20.swc,366,pyramidal,0.951751,0,365,0,0,0,0,0,0,0,0,0,0,0,0.998352,8.62387e-05,0.998348,0.998348,0.998348,0.998348,0.998348,0,0,0,0,0,0,0,0,0.998348,0.998348,0,0,0,0,24,0.998417,0.998348,0.998348,0,0,32.1,0,0,0,0,0,0,102.39,-11.5083,21.9212,122.89,232.23,0,0,0,0,0
neuromorpho__M1KO_4.swc,760,pyramidal,0.98992,0,759,0,0,0,0,0,0,0,0,0,0,0,0.99835,5.98886e-05,0.998348,0.998348,0.998348,0.998348,0.998348,0,0,0,0,0,0,0,0,0.998348,0.998348,0,0,0,0,59,0.998376,0.998348,0.998348,0,0,27.2,0,0,0,0,0,0,126.33,-21.3977,27.4988,197.67,200.35,0,0,0,0,0
neuromorpho__M1KO_40.swc,595,pyramidal,0.994906,74,520,0,0,0,0,0,0,0,0,0,0,0,0.983278,0.0417219,0.842333,0.857149,0.933004,0.998348,0.998348,0,0,0,0,0.0957983,0.877541,0.842333,0,0.998293,0.998348,0,0,0,0,48,0.981457,0.842333,0.920475,0,0,24.6,0,86.5,-30.2292,24.733,84.73,76.39,135.12,-32.9004,24.9135,207,212.66,0,0,0,0,0
neuromorpho__M1KO_6.swc,763,pyramidal,0.997538,0,762,0,0,0,0,0,0,0,0,0,0,0,0.99835,5.97709e-05,0.998348,0.998348,0.998348,0.998348,0.998348,0,0,0,0,0,0,0,0,0.998348,0.998348,0,0,0,0,56,0.998377,0.998348,0.998348,0,0,29,0,0,0,0,0,0,118.89,-24.5411,25.4292,203.2,225.24,0,0,0,0,0
neuromorpho__M1_18.swc,1953,pyramidal,0.874584,505,1447,0,0,0,0,0,0,0,0,0,0,0,0.941971,0.0951294,0.764182,0.764182,0.785761,0.792143,0.998348,0,0,0,0.258577,0.258577,0.781115,0.764182,0,0.998069,0.998348,0,0,0,0,46,0.928312,0.764182,0.786096,0,0.326087,98.5,0,91.47,-13.9648,21.1593,117.12,93.61,85.12,-18.8382,18.1979,203.56,205.47,0,0,0,0,0
neuromorpho__M1_2.swc,2290,pyramidal,0.980213,0,2289,0,0,0,0,0,0,0,0,0,0,0,0.998349,3.45163e-05,0.998348,0.998348,0.998348,0.998348,0.998348,0,0,0,0,0,0,0,0,0.998348,0.998348,0,0,0,0,56,0.998377,0.998348,0.998348,0,0,87.5,0,0,0,0,0,0,113.11,-10.8234,15.8667,192.1,190.52,0,0,0,0,0
neuromorpho__M1_20.swc,2550,pyramidal,0.985341,0,2549,0,0,0,0,0,0,0,0,0,0,0,0.998349,3.27101e-05,0.998348,0.998348,0.998348,0.998348,0.998348,0,0,0,0,0,0,0,0,0.998348,0.998348,0,0,0,0,64,0.998374,0.998348,0.998348,0,0,86.4,0,0,0,0,0,0,132.54,-27.5532,25.6789,196.9,249.49,0,0,0,0,0
neuromorpho__M1_23.swc,1520,pyramidal,0.990872,0,1519,0,0,0,0,0,0,0,0,0,0,0,0.998349,4.23616e-05,0.998348,0.998348,0.998348,0.998348,0.998348,0,0,0,0,0,0,0,0,0.998348,0.998348,0,0,0,0,49,0.998382,0.998348,0.998348,0,0,73.8,0,0,0,0,0,0,169.64,-25.6147,30.6269,193.47,220.34,0,0,0,0,0
neuromorpho__M1_26.swc,3235,pyramidal,0.95755,0,3234,0,0,0,0,0,0,0,0,0,0,0,0.998348,2.90424e-05,0.998348,0.998348,0.998348,0.998348,0.998348,0,0,0,0,0,0,0,0,0.998348,0.998348,0,0,0,0,72,0.998371,0.998348,0.998348,0,0,102.8,0,0,0,0,0,0,117.7,-16.5147,21.2801,189.87,194.62,0,0,0,0,0
neuromorpho__M1_29.swc,2611,pyramidal,0.98604,0,2610,0,0,0,0,0,0,0,0,0,0,0,0.997709,0.00295069,0.984087,0.998348,0.998348,0.998348,0.998348,0,0,0,0,0,0,0,0,0.997709,0.998348,0,0,0,0,60,0.9979,0.984087,0.998348,0,0,85,0,0,0,0,0,0,204.96,-31.8348,38.9043,219.52,286.88,0,0,0,0,0
neuromorpho__M1_31.swc,2179,pyramidal,0.992388,0,2178,0,0,0,0,0,0,0,0,0,0,0,0.998349,3.53841e-05,0.998348,0.998348,0.998348,0.998348,0.998348,0,0,0,0,0,0,0,0,0.998348,0.998348,0,0,0,0,67,0.998373,0.998348,0.998348,0,0,74.4,0,0,0,0,0,0,126,-18.1958,23.2272,162.45,211.76,0,0,0,0,0
neuromorpho__M1_34.swc,2597,pyramidal,0.97403,0,2596,0,0,0,0,0,0,0,0,0,0,0,0.998349,3.24129e-05,0.998348,0.998348,0.998348,0.998348,0.998348,0,0,0,0,0,0,0,0,0.998348,0.998348,0,0,0,0,56,0.998377,0.998348,0.998348,0,0,109,0,0,0,0,0,0,130.44,-17.1872,26.6662,203.32,254.27,0,0,0,0,0
neuromorpho__M1_42.swc,2190,pyramidal,0.974438,0,2189,0,0,0,0,0,0,0,0,0,0,0,0.998349,3.52952e-05,0.998348,0.998348,0.998348,0.998348,0.998348,0,0,0,0,0,0,0,0,0.998348,0.998348,0,0,0,0,50,0.998381,0.998348,0.998348,0,0,115,0,0,0,0,0,0,137.53,-22.1318,30.5119,192.73,225.16,0,0,0,0,0
neuromorpho__M1_47.swc,549,pyramidal,0.993768,0,548,0,0,0,0,0,0,0,0,0,0,0,0.998351,7.04458e-05,0.998348,0.998348,0.998348,0.998348,0.998348,0,0,0,0,0,0,0,0,0.998348,0.998348,0,0,0,0,50,0.998381,0.998348,0.998348,0,0,21.1,0,0,0,0,0,0,145.73,-17.6782,25.8135,135.81,201.97,0,0,0,0,0
neuromorpho__M2KO_22.swc,1530,pyramidal,0.995792,0,1529,0,0,0,0,0,0,0,0,0,0,0,0.998349,4.2223e-05,0.998348,0.998348,0.998348,0.998348,0.998348,0,0,0,0,0,0,0,0,0.998348,0.998348,0,0,0,0,75,0.99837,0.998348,0.998348,0,0,41.8,0,0,0,0,0,0,59.83,-12.45,12.5459,185,210.18,0,0,0,0,0
neuromorpho__M2KO_23.swc,1226,pyramidal,0.996948,0,1225,0,0,0,0,0,0,0,0,0,0,0,0.998349,4.71644e-05,0.998348,0.998348,0.998348,0.998348,0.998348,0,0,0,0,0,0,0,0,0.998348,0.998348,0,0,0,0,66,0.998373,0.998348,0.998348,0,0,42.5,0,0,0,0,0,0,67.4,-12.9254,13.7049,202.42,237.82,0,0,0,0,0
neuromorpho__M2KO_33.swc,946,pyramidal,0.995969,0,945,0,0,0,0,0,0,0,0,0,0,0,0.99835,5.36861e-05,0.998348,0.998348,0.998348,0.998348,0.998348,0,0,0,0,0,0,0,0,0.998348,0.998348,0,0,0,0,73,0.998371,0.998348,0.998348,0,0,29.2,0,0,0,0,0,0,62.55,-6.29249,11.3908,192.14,201.05,0,0,0,0,0
neuromorpho__M2_12.swc,778,pyramidal,0.996941,0,777,0,0,0,0,0,0,0,0,0,0,0,0.99835,5.91927e-05,0.998348,0.998348,0.998348,0.998348,0.998348,0,0,0,0,0,0,0,0,0.998348,0.998348,0,0,0,0,59,0.998376,0.998348,0.998348,0,0,31,0,0,0,0,0,0,68.77,-16.1206,15.2097,196.24,237.23,0,0,0,0,0
neuromorpho__M2_13.swc,982,pyramidal,0.996957,0,981,0,0,0,0,0,0,0,0,0,0,0,0.99835,5.26939e-05,0.998348,0.998348,0.998348,0.998348,0.998348,0,0,0,0,0,0,0,0,0.998348,0.998348,0,0,0,0,65,0.998373,0.998348,0.998348,0,0,30,0,0,0,0,0,0,73.76,-20.3198,18.4656,217.15,249.75,0,0,0,0,0
neuromorpho__M2_18.swc,815,pyramidal,0.997247,0,814,0,0,0,0,0,0,0,0,0,0,0,0.99835,5.78351e-05,0.998348,0.998348,0.998348,0.998348,0.998348,0,0,0,0,0,0,0,0,0.998348,0.998348,0,0,0,0,56,0.998377,0.998348,0.998348,0,0,32,0,0,0,0,0,0,83.31,-9.64563,15.9969,206.48,184.54,0,0,0,0,0
neuromorpho__M2_22.swc,882,pyramidal,0.997314,0,881,0,0,0,0,0,0,0,0,0,0,0,0.99835,5.55976e-05,0.998348,0.998348,0.998348,0.998348,0.998348,0,0,0,0,0,0,0,0,0.998348,0.998348,0,0,0,0,55,0.998378,0.998348,0.998348,0,0,32.6,0,0,0,0,0,0,70.44,-11.8304,17.1022,200.07,237.13,0,0,0,0,0
neuromorpho__M2_24.swc,689,pyramidal,0.995227,0,688,0,0,0,0,0,0,0,0,0,0,0,0.99835,6.28944e-05,0.998348,0.998348,0.998348,0.998348,0.998348,0,0,0,0,0,0,0,0,0.998348,0.998348,0,0,0,0,54,0.998378,0.998348,0.998348,0,0,26,0,0,0,0,0,0,71.46,-10.4519,15.3437,192.11,208.68,0,0,0,0,0
neuromorpho__M2_27.swc,955,pyramidal,0.991475,93,654,207,0,0,0.216754,0.216754,0.0237419,0,-0.216754,0.216754,0.216754,0,0.935125,0.107452,0.613606,0.734507,0.735557,0.938242,0.998348,0,0,0.0052356,0.216754,0.219895,0.935701,0.938242,0,0.998348,0.998348,0,0.734805,0.725539,0.0241546,54,0.933374,0.613606,0.734822,0.037037,0.203704,40,0,41.18,-12.2649,11.0548,66.14,62.2,57.54,-8.30341,13.2718,151.44,231.12,50.4,-18.1612,13.7062,106.75,107.42
neuromorpho__M2_32.swc,740,pyramidal,0.996922,0,739,0,0,0,0,0,0,0,0,0,0,0,0.99835,6.06914e-05,0.998348,0.998348,0.998348,0.998348,0.998348,0,0,0,0,0,0,0,0,0.998348,0.998348,0,0,0,0,59,0.998376,0.998348,0.998348,0,0,25.2,0,0,0,0,0,0,79.51,-18.0309,19.7305,217.92,242.72,0,0,0,0,0
neuromorpho__M2_37.swc,1281,pyramidal,0.997564,0,1280,0,0,0,0,0,0,0,0,0,0,0,0.998349,4.61416e-05,0.998348,0.998348,0.998348,0.998348,0.998348,0,0,0,0,0,0,0,0,0.998348,0.998348,0,0,0,0,70,0.998371,0.998348,0.998348,0,0,38.2,0,0,0,0,0,0,92.1,-26.2201,23.5587,238.37,263.48,0,0,0,0,0
neuromorpho__M2_39.swc,1017,pyramidal,0.992231,0,1016,0,0,0,0,0,0,0,0,0,0,0,0.99835,5.17801e-05,0.998348,0.998348,0.998348,0.998348,0.998348,0,0,0,0,0,0,0,0,0.998348,0.998348,0,0,0,0,73,0.998371,0.998348,0.998348,0,0,31,0,0,0,0,0,0,54.06,-11.9371,11.9823,201.25,216.43,0,0,0,0,0
neuromorpho__M2_42.swc,724,pyramidal,0.997384,0,723,0,0,0,0,0,0,0,0,0,0,0,0.99835,6.13575e-05,0.998348,0.998348,0.998348,0.998348,0.998348,0,0,0,0,0,0,0,0,0.998348,0.998348,0,0,0,0,48,0.998382,0.998348,0.998348,0,0,33.2,0,0,0,0,0,0,56.34,-10.4336,11.1097,201.92,182.41,0,0,0,0,0
neuromorpho__M2_46.swc,644,pyramidal,0.997122,0,643,0,0,0,0,0,0,0,0,0,0,0,0.99835,6.50514e-05,0.998348,0.998348,0.998348,0.998348,0.998348,0,0,0,0,0,0,0,0,0.998348,0.998348,0,0,0,0,53,0.998379,0.998348,0.998348,0,0,25.6,0,0,0,0,0,0,66.94,-10.9439,14.1054,143.43,218,0,0,0,0,0
neuromorpho__M2_50.swc,839,pyramidal,0.996772,0,838,0,0,0,0,0,0,0,0,0,0,0,0.99835,5.70029e-05,0.998348,0.998348,0.998348,0.998348,0.998348,0,0,0,0,0,0,0,0,0.998348,0.998348,0,0,0,0,52,0.99838,0.998348,0.998348,0,0,32.9,0,0,0,0,0,0,101.05,-39.7768,24.2037,206.54,266.88,0,0,0,0,0
neuromorpho__M2_66.swc,1055,pyramidal,0.99708,0,1054,0,0,0,0,0,0,0,0,0,0,0,0.998349,5.08399e-05,0.998348,0.998348,0.998348,0.998348,0.998348,0,0,0,0,0,0,0,0,0.998348,0.998348,0,0,0,0,82,0.998368,0.998348,0.998348,0,0,27,0,0,0,0,0,0,68.61,-15.8918,15.9895,219.7,241.56,0,0,0,0,0
neuromorpho__M2_69.swc,573,pyramidal,0.986119,0,572,0,0,0,0,0,0,0,0,0,0,0,0.998351,6.89573e-05,0.998348,0.998348,0.998348,0.998348,0.998348,0,0,0,0,0,0,0,0,0.998348,0.998348,0,0,0,0,30,0.998403,0.998348,0.998348,0,0,49,0,0,0,0,0,0,55.88,-12.2352,12.9317,163.28,191.63,0,0,0,0,0
neuromorpho__M433Spp1.swc,2193,interneuron,0.991048,0,2192,0,0,0,0,0,0,0,0,0,0,0,0.825235,0.293646,0.3,0.3,0.3,0.927978,0.998919,0.237118,0.237118,0.237118,0.237118,0.237118,0,0,0,0.825155,0.3,0.237226,0,0,0,19,0.951357,0.3,0.729266,0.0526316,0.157895,393.4,0,0,0,0,0,0,17.98,-1.12003,3.93243,90.16,538.76,0,0,0,0,0
neuromorpho__M67_F1a.swc,632,interneuron,0.988323,0,631,0,0,0,0,0,0,0,0,0,0,0,0.99892,4.29749e-05,0.998919,0.998919,0.998919,0.998919,0.998919,0,0,0,0,0,0,0,0,0.998919,0.998919,0,0,0,0,80,0.998932,0.998919,0.998919,0,0,19.1,0,0,0,0,0,0,51.82,-2.89815,10.2748,116.59,142.2,0,0,0,0,0
neuromorpho__M720Ecel1.swc,3105,interneuron,0.936098,0,3104,0,0,0,0,0,0,0,0,0,0,0,0.811865,0.309429,0.3,0.3,0.3,0.3,0.998919,0.267633,0.267633,0.267633,0.267633,0.267633,0,0,0,0.811805,0.3,0.267719,0,0,0,27,0.903964,0.3,0.619434,0.185185,0.185185,300,0,0,0,0,0,0,54,-8.30175,12.3502,134.04,698.27,0,0,0,0,0
neuromorpho__M722Ecel1.swc,876,interneuron,0.957479,0,875,0,0,0,0,0,0,0,0,0,0,0,0.99892,3.65105e-05,0.998919,0.998919,0.998919,0.998919,0.998919,0,0,0,0,0,0,0,0,0.998919,0.998919,0,0,0,0,15,0.998991,0.998919,0.998919,0,0,138.6,0,0,0,0,0,0,57,4.52999,9.35818,65.15,349.62,0,0,0,0,0
neuromorpho__M727.swc,1906,interneuron,0.961454,0,1905,0,0,0,0,0,0,0,0,0,0,0,0.936948,0.198677,0.3,0.3,0.998919,0.998919,0.998919,0.0886674,0.0886674,0.0886674,0.0886674,0.0886674,0,0,0,0.936915,0.998919,0.0887139,0,0,0,21,0.978881,0.3,0.930397,0,0.047619,255,0,0,0,0,0,0,54.96,7.04482,12.9769,71.28,560.07,0,0,0,0,0
neuromorpho__M82_S3.swc,596,interneuron,0.971384,0,595,0,0,0,0,0,0,0,0,0,0,0,0.998921,4.42517e-05,0.998919,0.998919,0.998919,0.998919,0.998919,0,0,0,0,0,0,0,0,0.998919,0.998919,0,0,0,0,114,0.998928,0.998919,0.998919,0,0,12.7,0,0,0,0,0,0,85.36,-6.11632,17.3115,102.14,159.04,0,0,0,0,0
neuromorpho__MAM01_Neuron1_CA1_PN_237481_A_Slide3_R1_C1_40x.swc,385,pyramidal,0.950025,0,0,384,0,0,0,0,0,0,0,0,0,0,0.978263,0.00111452,0.977851,0.978056,0.978056,0.978056,0.978276,0,0,0,0,0,0,0,0,0,0,0,0.978207,0.978056,0,36,0.978769,0.977851,0.978056,0,0,23,0,0,0,0,0,0,0,0,0,0,0,124.21,56.2651,32.2698,148.67,340.11
neuromorpho__MAM02_Neuron1_CA1_PN_D_Slide3_R1_C2.swc,202,pyramidal,0.853472,0,0,201,0,0,0,0,0,0,0,0,0,0,0.978249,0.0015428,0.977851,0.977851,0.977851,0.978056,0.978276,0,0,0,0,0,0,0,0,0,0,0,0.978141,0.977851,0,24,0.979019,0.977851,0.977851,0,0,16.1,0,0,0,0,0,0,0,0,0,0,0,50.88,-18.0951,10.2644,186.84,280.82
neuromorpho__MAM03_Neuron1_CA1_PN_E_LH_Slide1_R1_C1_40x.swc,406,pyramidal,0.970389,0,0,405,0,0,0,0,0,0,0,0,0,0,0.976659,0.0336407,0.3,0.978276,0.978276,0.978276,0.978276,0.00246305,0.00246305,0.00246305,0.00246305,0.00246305,0,0,0,0,0,0,0.976601,0.978276,0.00246914,42,0.978345,0.3,0.978276,0,0,17.8,0,0,0,0,0,0,0,0,0,0,0,114.22,-6.85642,18.8206,196.68,271.35
neuromorpho__MAM03_Neuron3_CA1_PN_E_Slide3_R1_C1_40x.swc,313,pyramidal,0.969269,0,0,312,0,0,0,0,0,0,0,0,0,0,0.978345,0.00122596,0.978276,0.978276,0.978276,0.978276,0.978276,0,0,0,0,0,0,0,0,0,0,0,0.978276,0.978276,0,32,0.978955,0.978276,0.978276,0,0,17,0,0,0,0,0,0,0,0,0,0,0,45.22,-20.3505,9.62088,197.64,403.32
neuromorpho__M_F_1.swc,26847,interneuron,0.998967,23738,3108,0,0,0,0,0,0,0,0,0,0,0,0.990615,0.0620668,0.3,0.973127,0.998919,0.999189,0.999189,0.00715164,0.00715164,0.00715164,0.00715164,0.0162774,0.989527,0.999189,0.0080883,0.998919,0.998919,0,0,0,0,669,0.994934,0.3,0.998919,0.00298954,0.0044843,92.2,-4.7925,276.24,-45.2112,57.2065,389.19,505.59,163.98,-4.50113,28.4488,218.9,351.39,0,0,0,0,0
neuromorpho__M_F_10.swc,18607,interneuron,0.998227,15369,3237,0,0,0,0,0,0,0,0,0,0,0,0.961379,0.158035,0.3,0.3,0.998919,0.999189,0.999189,0.0540119,0.0540119,0.0540119,0.0540119,0.0540119,0.958154,0.999189,0.0586896,0.976679,0.998919,0.0318196,0,0,0,441,0.968502,0.3,0.998919,0.0408163,0.0430839,91,7.51268,468.11,-33.0642,68.1428,345.05,425.74,315.44,-0.589426,57.0768,226.77,517.59,0,0,0,0,0
neuromorpho__M_F_2.swc,22325,interneuron,0.998208,17384,4940,0,0,0,0,0,0,0,0,0,0,0,0.867878,0.273043,0.3,0.3,0.3,0.998919,0.999189,0.187772,0.187772,0.187772,0.187772,0.187772,0.952734,0.999189,0.0664404,0.569239,0.3,0.614777,0,0,0,311,0.927302,0.3,0.682175,0.102894,0.11254,148,1.90404,312.6,98.6134,63.1306,466.97,487.83,166.56,38.5166,37.508,436.29,682.64,0,0,0,0,0
neuromorpho__M_F_3.swc,45172,interneuron,0.998583,36268,8903,0,0,0,0,0,0,0,0,0,0,0,0.955716,0.168721,0.3,0.3,0.998919,0.999189,0.999189,0.062096,0.062096,0.062096,0.062096,0.062096,0.993171,0.999189,0.00857505,0.80313,0.3,0.28013,0,0,0,807,0.975378,0.3,0.999189,0.0322181,0.0359356,111.4,0.335,371.07,-65.4223,66.1657,494.65,353.87,287.56,-11.543,37.6073,375.01,596.75,0,0,0,0,0
neuromorpho__M_F_5.swc,36477,interneuron,0.9983,28709,7767,0,0,0,0,0,0,0,0,0,0,0,0.98648,0.0931871,0.3,0.998919,0.998919,0.999189,0.999189,0.0180936,0.0180936,0.0180936,0.0180936,0.0180936,0.983115,0.999189,0.0229893,0.998919,0.998919,0,0,0,0,950,0.992796,0.3,0.998919,0.00842105,0.00947368,100,-0.381429,281.42,43.3337,45.7464,502.13,499.85,237.69,54.9427,45.2903,403.73,341.12,0,0,0,0,0
neuromorpho__Miro1KO230716S3C120X.swc,5450,interneuron,0.997072,4976,473,0,0,0,0,0,0,0,0,0,0,0,0.955853,0.13465,0.3,0.973127,0.973127,0.973127,0.973127,0.0401835,0.0401835,0.0401835,0.0401835,0.0401835,0.961301,0.973127,0.0303457,0.89844,0.3,0.143763,0,0,0,963,0.977456,0.3,0.973127,0.0103842,0.0114226,13,0,84.98,-27.49,17.6075,611.32,645.32,48.96,-16.835,12.314,343.74,744.85,0,0,0,0,0
neuromorpho__Miro1KO250916S1C120X.swc,6148,interneuron,0.991669,5335,812,0,0,0,0,0,0,0,0,0,0,0,0.966517,0.0830712,0.3,0.973127,0.973127,0.973127,0.973127,0.0151269,0.0151269,0.0151269,0.0151269,0.0151269,0.973501,0.973127,0.000374883,0.920592,0.3,0.112069,0,0,0,1071,0.971206,0.3,0.973127,0.00560224,0.00746965,13,0.1,150,-25.7415,31.5914,611.21,365.38,89.22,-5.76993,16.7572,285.17,618.81,0,0,0,0,0
neuromorpho__Mouse-CA1-Pyramidal-Cell.swc,2006,pyramidal,0.838238,0,453,1552,0,0,0,0,0,0,0,0,0,0,0.982649,0.00822663,0.978276,0.978276,0.978276,0.978276,0.978276,0,0,0,0,0,0,0,0,0.997592,0.998348,0,0.978276,0.978276,0,166,0.983883,0.978276,0.978276,0,0,28.5,-4.11333,0,0,0,0,0,27.34,-2.79057,6.78993,94.48,181.87,82.41,-24.8272,22.4714,180.16,425.93
neuromorpho__Mouse-CA2-B-Pyramidal-Cell.swc,645,pyramidal,0.911691,0,199,445,0,0,0,0,0.118389,0,0,0,0,0,0.878674,0.201568,0.3,0.3,0.488045,0.872092,0.977851,0.100775,0.100775,0.100775,0.106977,0.454264,0,0,0,0.998348,0.998348,0,0.824885,0.3,0.146067,32,0.90212,0.3,0.773682,0.0625,0.125,42,15.2102,0,0,0,0,0,111.12,11.0208,21.2339,172.7,257.33,79.15,16.6197,18.8484,323.95,477.17
neuromorpho__Mouse-CA2-Ma-Pyramidal-Cell.swc,2399,interneuron,0.9464,0,2398,0,0,0,0,0,0,0,0,0,0,0,0.961464,0.0646644,0.3,0.927978,0.927978,0.927978,0.998919,0.00666945,0.00666945,0.00666945,0.00666945,0.00666945,0,0,0,0.961448,0.927978,0.00667223,0,0,0,248,0.963412,0.3,0.927978,0.00806452,0.00806452,24,-4.17574,0,0,0,0,0,165.88,5.77063,26.0889,417.33,576.48,0,0,0,0,0
neuromorpho__Mouse-CA2-Mc-Pyramidal-Cell-1.swc,1363,pyramidal,0.746497,0,286,1076,0,0,0,0,0,0,0,0,0,0,0.982501,0.00818721,0.977851,0.978276,0.978276,0.978276,0.978276,0,0,0,0,0,0,0,0,0.998348,0.998348,0,0.978273,0.978276,0,156,0.982015,0.977851,0.978276,0,0,19,7.15187,0,0,0,0,0,85.33,20.4249,17.1413,138.99,147.66,115.97,4.15798,21.2377,237.2,429.63
neuromorpho__Mouse-CA2-Mc-Pyramidal-Cell.swc,766,pyramidal,0.967006,0,243,522,0,0,0,0,0,0,0,0,0,0,0.984672,0.00935509,0.978276,0.978276,0.978276,0.978276,0.978276,0,0,0,0,0,0,0,0,0.998348,0.998348,0,0.978276,0.978276,0,127,0.983662,0.978276,0.978276,0,0,13,10.4026,0,0,0,0,0,55.88,-19.8875,11.2268,196.52,201.01,89.13,-18.2496,17.7347,221.52,518.57
neuromorpho__Mouse_CA2_Ma_Cell_10.swc,7612,pyramidal,0.404353,0,2283,5328,0,0,0,0,0,0,0,0,0,0,0.901937,0.0127776,0.882479,0.882479,0.882479,0.882479,0.910257,0,0,0,0,0.299921,0,0,0,0.882479,0.882479,0,0.910257,0.910257,0,267,0.903414,0.882479,0.882479,0,0,66.4,0,0,0,0,0,0,75.16,21.971,14.6952,248.46,143.86,124.27,12.6493,23.0208,231.75,414.23
neuromorpho__Mouse_CA2_Mc_Cell_11.swc,5387,pyramidal,0.918527,0,450,4936,0,0,0,0,0,0,0,0,0,0,0.979957,0.00556036,0.978276,0.978276,0.978276,0.978276,0.978276,0,0,0,0,0,0,0,0,0.998348,0.998348,0,0.978276,0.978276,0,161,0.980281,0.978276,0.978276,0,0,71,0,0,0,0,0,0,39.85,13.6095,9.09194,79.77,87.2,91.6,21.0704,16.0328,206.81,303.18
neuromorpho__Mouse_CA2_Mc_Cell_12.swc,4626,pyramidal,0.949214,0,2188,2437,0,0,0,0,0.000173282,0,0,0,0,0,0.771471,0.219016,0.3,0.501937,0.531965,0.548747,0.977851,0.00691742,0.468007,0.474276,0.474492,0.474924,0,0,0,0.544163,0.501937,0.998629,0.975459,0.977851,0.00369307,185,0.768317,0.3,0.532648,0.481081,0.486486,47.2,0,0,0,0,0,0,146.49,33.2689,30.1252,287.69,169.46,94.62,29.9467,22.1749,231.09,324.37
neuromorpho__Mouse_CA2_Mc_Cell_8.swc,3044,pyramidal,0.994178,0,690,2353,0,0,0,0,0,0,0,0,0,0,0.906596,0.14801,0.577561,0.584627,0.590304,0.978276,0.978276,0,0.105125,0.191853,0.191853,0.191853,0,0,0,0.662023,0.577561,0.846377,0.978276,0.978276,0,140,0.895878,0.577561,0.589736,0.221429,0.221429,50,0.00333333,0,0,0,0,0,155.54,7.58613,32.9103,81.76,134.69,208.35,-8.50365,31.6673,83.35,360.89
neuromorpho__N002.swc,1424,pyramidal,0.994972,573,378,472,0,0,0,0,0.00416386,0,0,0,0,0,0.702318,0.336232,0.3,0.3,0.3,0.3,0.978056,0.410112,0.410112,0.410112,0.410112,0.433287,0.342365,0.3,0.938918,0.993118,0.998348,0.00529101,0.905776,0.817702,0.0932203,67,0.942899,0.3,0.933634,0.0597015,0.0597015,30.8,0,307.75,181.136,83.8369,959.73,1527.8,195.65,5.40153,38.0862,311.91,192.15,173.11,-3.37672,26.5092,287.41,541.47
neuromorpho__N003.swc,1113,pyramidal,0.991506,367,338,407,0,0,0,0,0.00643639,0,0,0,0,0,0.715609,0.328448,0.3,0.3,0.3,0.3,0.978276,0.380054,0.380054,0.380054,0.418688,0.443845,0.358515,0.3,0.882834,0.998348,0.998348,0,0.802103,0.3,0.243243,66,0.889615,0.3,0.3,0.136364,0.136364,29,0,130.59,44.4888,38.3124,779.65,780.89,161.4,9.11559,32.3804,183.17,162.79,122.02,-3.64138,17.4547,202.7,417.79
neuromorpho__N005.swc,1411,pyramidal,0.992917,653,235,522,0,0,0,0,0,0,0,0,0,0,0.688128,0.339758,0.3,0.3,0.3,0.3,0.978276,0.433735,0.433735,0.433735,0.433735,0.433735,0.366926,0.3,0.903522,0.998348,0.998348,0,0.949681,0.978226,0.0421456,63,0.950755,0.3,0.97809,0.047619,0.0634921,32,0,404.06,-114.265,139.546,712.84,1192.98,164.21,10.3729,40.5294,191.45,118.72,149.81,2.82421,28.4462,226.65,421.14
neuromorpho__N007.swc,2945,pyramidal,0.993141,1828,395,721,0,0,0,0,0,0,0,0,0,0,0.570598,0.332603,0.3,0.3,0.3,0.3,0.3,0.601019,0.601019,0.601019,0.601019,0.621392,0.324487,0.3,0.964442,0.995353,0.984087,0,0.96128,0.962275,0.00970874,110,0.924746,0.3,0.8044,0.0636364,0.0636364,36,0,1777.6,-175.084,486.701,1555.17,2139.48,213.51,7.91334,38.9434,289.91,151.07,235.2,-3.48932,40.8318,323.38,454.49
neuromorpho__N010.swc,2115,pyramidal,0.997434,1182,369,563,0,0,0,0,0.00211084,0,0,0,0,0,0.576916,0.335959,0.3,0.3,0.3,0.3,0.3,0.593381,0.599054,0.599054,0.599054,0.599054,0.320541,0.3,0.970389,0.984894,0.998348,0.0325203,0.847018,0.3,0.191829,70,0.902585,0.3,0.506723,0.128571,0.128571,35.6,0,1679.71,-309.738,583.835,1030.95,2405.63,210.07,-1.77992,36.7927,227.77,158.17,151.75,5.0475,23.3463,605.75,435.34
neuromorpho__N019.swc,726,pyramidal,0.988071,0,352,373,0,0,0,0,0,0,0,0,0,0,0.871848,0.221178,0.3,0.3,0.3,0.8044,0.978276,0.119835,0.119835,0.119835,0.119835,0.286501,0,0,0,0.758706,0.3,0.247159,0.978276,0.978276,0,64,0.960847,0.3,0.856562,0.015625,0.015625,18,0,0,0,0,0,0,149.62,12.9853,31.735,258.18,435.66,56.39,-0.723217,10.948,131.47,443.2
neuromorpho__N021.swc,9582,pyramidal,0.994152,3698,2160,3723,0,0,0,0,0,0,0,0,0,0,0.619169,0.340747,0.3,0.3,0.3,0.3,0.3,0.531309,0.531309,0.531309,0.547172,0.547172,0.323071,0.3,0.966739,0.955696,0.792143,0.0402778,0.717932,0.3,0.38383,153,0.762552,0.3,0.3,0.320261,0.333333,116.8,0,1724.21,143.066,407.759,1007.16,2045,275.69,13.7365,51.1667,289.2,171.25,202.36,-2.78357,38.1138,328.4,524.51
neuromorpho__N024.swc,8288,pyramidal,0.993414,4535,1301,2451,0,0,0,0,0,0,0,0,0,0,0.594867,0.339622,0.3,0.3,0.3,0.3,0.3,0.570101,0.570101,0.570101,0.570101,0.570101,0.313308,0.3,0.980816,0.992432,0.998348,0.00845503,0.904633,0.3,0.108527,114,0.917365,0.3,0.847797,0.0964912,0.0964912,90,0,1424.27,491.467,450.013,2011.3,2913.45,306.58,-9.02246,54.6127,315.67,150,242.98,-9.08007,38.2945,288.66,618.89
neuromorpho__N030.swc,477,pyramidal,0.984517,75,211,190,0,0,0,0,0.0131742,0,0,0,0,0,0.824405,0.258051,0.3,0.3,0.3,0.596247,0.978276,0.144654,0.259958,0.272537,0.272537,0.316562,0.606047,0.3,0.533333,0.87057,0.552015,0.2891,0.858408,0.3,0.152632,64,0.805918,0.3,0.3,0.328125,0.328125,15,0,54.55,-5.43,14.1107,47.96,301.77,141,-12.4752,27.9094,189.71,123.59,125.08,-3.60042,19.7752,108.35,312.25
neuromorpho__N043.swc,2884,pyramidal,0.997568,3,1305,1575,0,0,0,0,0,0,0,0,0,0,0.983869,0.0491981,0.3,0.978276,0.978276,0.978276,0.978276,0.00485437,0.00485437,0.00485437,0.00589459,0.00589459,0.792314,0.792314,0,0.998348,0.998348,0,0.972227,0.978276,0.00888889,129,0.984812,0.3,0.978276,0,0.00775194,51.4,0,0.67,0.846667,0.306848,0.65,5.14,266.38,-3.05577,52.1001,252.79,166.2,191.81,5.065,34.5605,288.77,584.76
neuromorpho__N052.swc,3078,pyramidal,0.995576,1937,512,628,0,0,0,0,0.00599196,0,0,0,0,0,0.540389,0.325509,0.3,0.3,0.3,0.3,0.3,0.643925,0.653021,0.653021,0.653021,0.653021,0.323278,0.3,0.966443,0.969593,0.971794,0.0546875,0.859386,0.3,0.175159,60,0.89758,0.3,0.320951,0.133333,0.133333,42.2,0,1001.97,-47.7548,314.212,2565.13,3334.06,153.46,-1.82471,31.9685,141.57,132.63,105.22,1.13352,19.6373,141.42,510.82
neuromorpho__N064.swc,4006,pyramidal,0.992533,2645,1360,0,0,0,0,0,0,0,0,0,0,0,0.555267,0.336185,0.3,0.3,0.3,0.3,0.3,0.634299,0.634299,0.634299,0.634299,0.634299,0.327276,0.3,0.960681,0.998348,0.998348,0,0,0,0,58,0.866998,0.3,0.3,0.189655,0.189655,75.2,0,2127.69,-658.646,721.795,2133.44,1109.07,182.8,11.9517,33.6697,212.77,205.03,0,0,0,0,0
neuromorpho__N069.swc,1410,pyramidal,0.987347,657,252,500,0,0,0,0,0,0,0,0,0,0,0.681735,0.338241,0.3,0.3,0.3,0.3,0.977851,0.438298,0.438298,0.438298,0.438298,0.458865,0.372854,0.3,0.894977,0.998348,0.998348,0,0.927394,0.80518,0.06,52,0.963369,0.3,0.977851,0.0192308,0.0384615,29,0,219.82,120.895,74.182,545.76,969.01,124.34,-3.38591,27.6294,111.22,80.68,96,6.0194,15.7459,234.07,329.48
neuromorpho__N073.swc,4998,pyramidal,0.996995,2242,1076,1679,0,0,0.348139,0.348139,0.029999,0,-0.323729,0.323729,0.335934,0.0122049,0.674119,0.334438,0.3,0.3,0.3,0.3,0.967549,0.439376,0.45078,0.45078,0.45078,0.467187,0.318874,0.3,0.972792,0.951342,0.827608,0.052974,0.970629,0.967611,0.00893389,124,0.96241,0.3,0.961066,0.0241935,0.0241935,53.1,0,1128.01,-415.818,323.981,1871.77,1836.59,311.2,4.37119,59.1711,264.78,153.4,248.38,-10.7747,43.25,310.16,537.37
neuromorpho__N074.swc,1406,pyramidal,0.988814,497,908,0,0,0,0.757468,0.757468,0.032668,-0.0504979,0.0504979,0,0,0,0.651208,0.3272,0.3,0.3,0.3,0.3,0.799421,0.455903,0.455903,0.455903,0.526316,0.58606,0.722049,0.3,0.293763,0.612049,0.3,0.545154,0,0,0,45,0.835402,0.3,0.3,0.155556,0.311111,32.6,0,111.14,7.04592,17.0248,157.18,392.1,497.88,69.6894,134.333,625.81,1141.84,0,0,0,0,0
neuromorpho__N076.swc,3353,pyramidal,0.996815,1384,540,1428,0,0,0,0,0,0,0,0,0,0,0.656958,0.342318,0.3,0.3,0.3,0.3,0.977851,0.478974,0.478974,0.478974,0.478974,0.478974,0.339096,0.3,0.943642,0.998348,0.998348,0,0.835689,0.3,0.210084,83,0.908071,0.3,0.425192,0.108434,0.120482,67,0,748.91,-402.561,254.111,1297.68,2101.28,187.09,-17.6463,38.4096,169.7,123.77,231.56,-3.75912,36.0706,258.88,611.62
neuromorpho__N079.swc,2625,pyramidal,0.96081,1833,308,483,0,0,0,0,0,0,0,0,0,0,0.499341,0.309435,0.3,0.3,0.3,0.3,0.3,0.700952,0.715048,0.715048,0.715048,0.715048,0.331028,0.3,0.955265,0.944337,0.548747,0.12013,0.853293,0.3,0.184265,58,0.778654,0.3,0.3,0.310345,0.310345,98.5,0,674.97,-158.481,222.704,552.53,1175.16,104.8,-6.50769,23.5553,95.2,80.52,89.2,-1.02474,13.1539,108.04,339.19
neuromorpho__N087.swc,1200,pyramidal,0.954027,195,505,499,0,0,0,0,0.0229819,0,0,0,0,0,0.925015,0.172181,0.3,0.3,0.805376,0.978276,0.978276,0.0641667,0.0641667,0.0641667,0.0641667,0.170833,0.613406,0.3,0.394872,0.996016,0.980914,0,0.974781,0.978056,0,63,0.966873,0.3,0.97586,0.015873,0.015873,37.8,0,75.12,-13.9581,21.081,69.94,276.61,128.25,5.03574,26.0785,125.63,123.99,96.15,0.24493,14.4161,147.36,371.58
neuromorpho__N095.swc,6059,pyramidal,0.99735,2295,1058,2705,0,0,0,0,0,0,0,0,0,0,0.642916,0.339331,0.3,0.3,0.3,0.3,0.8044,0.493646,0.493646,0.493646,0.493646,0.506684,0.361784,0.3,0.905447,0.993765,0.998348,0,0.744078,0.3,0.337523,172,0.799931,0.3,0.3,0.255814,0.261628,47,0,1067.33,-76.7817,296.033,2378.87,2859.95,232.77,-9.449,34.9624,280.9,111.65,198.97,-7.59564,35.3856,213.87,589
neuromorpho__N099.swc,1372,pyramidal,0.958698,564,302,505,0,0,0,0,0,0,0,0,0,0,0.729246,0.326459,0.3,0.3,0.3,0.3,0.978056,0.358601,0.358601,0.389213,0.389213,0.389213,0.388557,0.3,0.87234,0.948366,0.638953,0.139073,0.978165,0.977851,0,36,0.95969,0.3,0.977851,0.0555556,0.0555556,53,0,132.07,49.0812,45.6086,540.58,859.04,85.07,0.502781,17.5717,197.66,115.29,136.18,7.95226,21.1738,133.39,435.19
neuromorpho__N102.swc,566,pyramidal,0.945155,0,353,212,0,0,0,0,0.054849,0,0,0,0,0,0.776913,0.232636,0.3,0.3,0.54347,0.55616,0.957626,0.0671378,0.374558,0.464664,0.464664,0.464664,0,0,0,0.934433,0.638953,0.144476,0.513575,0.3,1,26,0.838377,0.3,0.54347,0.346154,0.346154,40.5,0,0,0,0,0,0,85.03,4.00159,15.8615,127.96,148.13,156.31,-55.1744,48.3082,211.53,99.09
neuromorpho__N103.swc,3911,pyramidal,0.99662,1481,1277,1152,0,0,0.302224,0.302224,0.0227168,0,-0.286883,0.286883,0.294554,0.00767067,0.669578,0.342963,0.3,0.3,0.3,0.3,0.969269,0.462542,0.462542,0.462542,0.462542,0.462542,0.320609,0.3,0.97029,0.993206,0.965617,0,0.759179,0.3,0.322917,155,0.911158,0.3,0.308244,0.109677,0.116129,37,0,933.78,647.289,282.275,2043.34,2477.32,258.07,4.83917,44.5083,220.32,164.09,189.27,-14.1827,30.0406,230.12,539.48
neuromorpho__N104.swc,2401,pyramidal,0.994783,1566,413,421,0,0,0,0,0,0,0,0,0,0,0.516946,0.320373,0.3,0.3,0.3,0.3,0.3,0.685548,0.685548,0.685548,0.685548,0.685548,0.341044,0.3,0.939974,0.994966,0.998348,0.00484262,0.701166,0.3,0.408551,55,0.751514,0.3,0.3,0.345455,0.345455,55.2,0,1153.56,-512.116,380.727,2193.44,2412.13,190.36,-0.269855,37.8128,192.27,126.19,165.91,-4.09245,28.258,170,480.88
neuromorpho__NAS14.swc,2861,interneuron,0.929934,1752,1108,0,0,0,0,0,0,0,0,0,0,0,0.853806,0.263549,0.3,0.3,0.3,0.971264,0.973127,0.178958,0.187697,0.187697,0.196435,0.209717,0.762963,0.3,0.306507,0.997318,0.998919,0,0,0,0,171,0.962789,0.3,0.952625,0.0467836,0.0584795,28,0,104.96,-21.8628,29.0656,184.4,1173.68,69.38,1.24118,18.8997,131.69,130.16,0,0,0,0,0
neuromorpho__NAS17.swc,537,interneuron,0.992527,0,536,0,0,0,0,0,0,0,0,0,0,0,0.992048,0.0209792,0.927978,0.927978,0.998919,0.998919,0.998919,0,0,0,0,0,0,0,0,0.992033,0.998919,0,0,0,0,87,0.996466,0.927978,0.998919,0,0,12,0,0,0,0,0,0,42.85,-15.631,9.32236,45.15,79.54,0,0,0,0,0
neuromorpho__NAS2B.swc,1205,interneuron,0.994188,0,1204,0,0,0,0,0,0,0,0,0,0,0,0.970711,0.0346912,0.927978,0.927978,0.927978,0.927978,0.998919,0,0,0,0,0,0,0,0,0.970687,0.927978,0,0,0,0,104,0.972994,0.927978,0.927978,0,0,29.8,0,0,0,0,0,0,42.58,-15.6476,8.17904,125.93,105.37,0,0,0,0,0
neuromorpho__NAS8.swc,708,interneuron,0.974201,0,707,0,0,0,0,0,0,0,0,0,0,0,0.86269,0.276867,0.3,0.3,0.3,0.998919,0.998919,0.194915,0.194915,0.194915,0.194915,0.194915,0,0,0,0.862496,0.3,0.195191,0,0,0,36,0.910752,0.3,0.459753,0.138889,0.138889,36,0,0,0,0,0,0,99.08,-25.2451,31.662,126.23,252.54,0,0,0,0,0
neuromorpho__NGFC_160308_1M.swc,14006,interneuron,0.997529,11904,2101,0,0,0,0,0,0,0,0,0,0,0,0.94035,0.190977,0.3,0.3,0.973127,0.998919,0.999189,0.0816079,0.0816079,0.0816079,0.0816079,0.0816079,0.930008,0.973127,0.0960181,0.998919,0.998919,0,0,0,0,494,0.987115,0.3,0.998919,0.0101215,0.0202429,72.8,-2.91722,303.86,-30.0095,55.9337,365.38,258.06,78.31,5.00348,11.0051,117.54,149.44,0,0,0,0,0
neuromorpho__Ndnf-IRES2-dgCre_Ai14-255261-05-02-01_556384323_m.swc,11926,interneuron,0.996465,10170,1755,0,0,0,0,0,0,0,0,0,0,0,0.991036,0.0745083,0.3,0.998919,0.998919,0.999189,0.999189,0.0114875,0.0114875,0.0114875,0.0114875,0.0114875,0.989675,0.999189,0.013471,0.998919,0.998919,0,0,0,0,560,0.993319,0.3,0.998919,0.00714286,0.00714286,53.1,0,150.95,14.7212,33.55,140.86,607.48,94.82,-1.12025,13.322,128.35,239.35,0,0,0,0,0
neuromorpho__Ndnf-IRES2-dgCre_Ai14-298343-05-02-02_657812337_m.swc,9304,interneuron,0.998417,7754,1549,0,0,0,0,0,0,0,0,0,0,0,0.958109,0.164012,0.3,0.3,0.998919,0.999189,0.999189,0.0584695,0.0584695,0.0584695,0.0584695,0.0584695,0.951845,0.999189,0.0674491,0.989443,0.998919,0.0135571,0,0,0,337,0.987893,0.3,0.998919,0.0178042,0.0178042,55,0,125.92,-5.59371,22.6726,578.73,406.26,71.19,-6.73802,12.0012,238.01,339.84,0,0,0,0,0
neuromorpho__Ndnf-IRES2-dgCre_Ai14-306261-05-02-01_591276334_m.swc,15925,interneuron,0.998138,13056,2868,0,0,0,0,0,0,0,0,0,0,0,0.909969,0.233211,0.3,0.3,0.3,0.998919,0.999189,0.127535,0.127535,0.127535,0.127535,0.127535,0.890422,0.3,0.155561,0.998919,0.998919,0,0,0,0,410,0.948462,0.3,0.998919,0.0682927,0.0780488,90.1,0,145.4,-11.8333,32.251,736.41,568.4,66.26,1.05217,11.3785,250.52,239.14,0,0,0,0,0
neuromorpho__Ndnf-IRES2-dgCre_Ai14-311164-05-01-01_601947752_m.swc,17626,interneuron,0.998651,15653,1972,0,0,0,0,0,0,0,0,0,0,0,0.982379,0.107002,0.3,0.998919,0.998919,0.999189,0.999189,0.0239986,0.0239986,0.0239986,0.0239986,0.0239986,0.980294,0.999189,0.0270236,0.998919,0.998919,0,0,0,0,510,0.99449,0.3,0.998919,0.00392157,0.00784314,78,0,107.09,-6.9699,18.1151,435.11,581.07,66.47,-6.24218,11.5786,146.04,246.53,0,0,0,0,0
neuromorpho__Neuron-1-E-and-I-synapses.swc,38579,pyramidal,0.958124,24425,14153,0,0,0,0,0,0,0,0,0,0,0,0.967076,0.0470259,0.631972,0.938242,0.938242,0.942198,0.980391,0,0,0.0149045,0.0149045,0.0149045,0.95993,0.938242,0,0.979407,0.974178,0.0406274,0,0,0,84,0.967596,0.631972,0.938242,0.0119048,0.0119048,982.6,1.39584,85.15,-30.5932,16.9939,274.5,364.61,43.86,6.06947,11.6542,245.57,264.95,0,0,0,0,0
neuromorpho__Neuron-3_2_1.swc,2913,pyramidal,0.889174,514,2398,0,0,0,0,0,0,0,0,0,0,0,0.908914,0.189097,0.3,0.3,0.788625,0.984087,0.984087,0.0758668,0.0758668,0.0758668,0.228287,0.228287,0.722245,0.3,0.136187,0.948888,0.984087,0.0629691,0,0,0,29,0.956144,0.3,0.836656,0.0344828,0.103448,219.2,0,46.96,46.2897,11.6203,44.06,172.66,130.37,4.09598,24.4851,230.89,251.89,0,0,0,0,0
neuromorpho__Neuron-4-3.swc,2656,pyramidal,0.960917,0,2655,0,0,0,0,0,0.00273498,0,0,0,0,0,0.939651,0.137713,0.560326,0.620938,0.620938,0.998348,0.998348,0,0.0199548,0.150602,0.150602,0.152485,0,0,0,0.939628,0.620938,0.150659,0,0,0,72,0.950749,0.560326,0.650773,0.111111,0.111111,85.9,0,0,0,0,0,0,137.45,29.505,30.7423,277.11,357.63,0,0,0,0,0
neuromorpho__Neuron-6-E-and-I-synapses.swc,38039,pyramidal,0.967596,23307,14731,0,0,0,0,0,0.00128658,0,0,0,0,0,0.958796,0.0394442,0.829917,0.859482,0.887766,0.938242,0.974601,0,0,0,0,0.106811,0.962762,0.938242,0,0.952517,0.859482,0,0,0,0,115,0.961424,0.829917,0.935099,0,0,724,1.55686,107.37,-9.46766,21.7361,349.16,279.63,71.17,5.62238,12.8651,208.17,166.78,0,0,0,0,0
neuromorpho__Neuron-8-E-and-I-synapses.swc,34572,pyramidal,0.982388,0,34571,0,0,0,0,0,0,0,0,0,0,0,0.997657,0.00350314,0.974178,0.998348,0.998348,0.998348,0.998348,0,0,0,0,0,0,0,0,0.997656,0.998348,0,0,0,0,103,0.997518,0.974178,0.998348,0,0,645.2,0.170493,0,0,0,0,0,82.06,-3.71042,14.2154,224.79,324.99,0,0,0,0,0
neuromorpho__Neuron1_2.swc,1603,pyramidal,0.985904,31,1049,522,0,0,0,0,0.0423676,0,0,0,0,0,0.88273,0.177907,0.539466,0.552015,0.552015,0.827752,0.998348,0,0.204616,0.204616,0.204616,0.344978,0.539466,0.539466,1,0.99794,0.998348,0,0.671368,0.552015,0.568966,54,0.84116,0.539466,0.552015,0.314815,0.314815,70.7,0,20.9,-12.1681,6.69865,18.83,78.52,105.7,-12.8593,21.939,225.57,121.12,53.82,15.7502,11.3291,153.62,166.3
neuromorpho__NeuronFig1C_Parketal_NatComm2019.swc,421,pyramidal,0.996653,242,178,0,0,0,0,0,0,0,0,0,0,0,0.694983,0.263366,0.4441,0.4441,0.4441,0.446622,0.576304,0.484561,0.574822,0.574822,0.574822,0.574822,0.470586,0.4441,1,0.998348,0.998348,0,0,0,0,66,0.650145,0.4441,0.4441,0.651515,0.651515,13,-0.9875,229.18,-0.9525,44.0957,288.3,195.82,254.08,-7.86947,47.5398,256.16,96.33,0,0,0,0,0
neuromorpho__Nkx2-1-CreERT2_Ai14-_IVSCC_-286577-03-01-01_580260086_m.swc,10547,interneuron,0.998937,9033,1513,0,0,0,0,0,0,0,0,0,0,0,0.99776,0.0289385,0.3,0.998919,0.998919,0.999189,0.999189,0.00170665,0.00170665,0.00170665,0.00170665,0.00170665,0.998958,0.999189,0,0.990604,0.998919,0.0118969,0,0,0,542,0.998987,0.3,0.999189,0,0,43,0,100.75,18.1071,17.4675,333.58,326.58,46.87,-1.25479,9.18435,238.81,239.92,0,0,0,0,0
neuromorpho__Nkx2-1-CreERT2_Ai14-_IVSCC_-294488-04-02-01_649553736_m.swc,14791,interneuron,0.998709,13007,1783,0,0,0,0,0,0,0,0,0,0,0,0.977175,0.122001,0.3,0.998919,0.998919,0.999189,0.999189,0.031438,0.031438,0.031438,0.031438,0.031438,0.974193,0.999189,0.03575,0.998919,0.998919,0,0,0,0,517,0.991948,0.3,0.998919,0.00773694,0.0116054,66,0,191.41,-19.7782,31.9889,314.67,731.36,48.08,-6.23079,8.48908,168.54,240.68,0,0,0,0,0
neuromorpho__Nkx2-1-CreERT2_Ai14_BT_-278735-06-02-02_570682084_m.swc,8517,interneuron,0.998485,6505,2011,0,0,0,0,0,0,0,0,0,0,0,0.999082,0.000392233,0.995725,0.998919,0.998919,0.999189,0.999189,0,0,0,0,0,0.999133,0.999189,0,0.998919,0.998919,0,0,0,0,399,0.999139,0.995725,0.998919,0,0,57.2,0,147.88,-13.5718,30.8734,319.53,610.37,76.45,-0.510328,10.3567,214.46,231.44,0,0,0,0,0
neuromorpho__Nos1-CreERT2_Sst-IRES-FlpO_Ai65-271574-05-01-01_587405549_m.swc,40086,interneuron,0.991037,37178,2907,0,0,0,0,0,0,0,0,0,0,0,0.816295,0.307257,0.3,0.3,0.3,0.3,0.999189,0.261538,0.261538,0.261538,0.261538,0.261538,0.803966,0.3,0.279197,0.973914,0.998919,0.0357757,0,0,0,745,0.854273,0.3,0.3,0.201342,0.222819,132.2,0,273.01,21.6907,41.5056,988.6,1081.28,174.06,36.9038,34.4143,298.31,532.78,0,0,0,0,0
neuromorpho__Nov2IR1slice1fo-tgv.swc,2793,pyramidal,0.858914,0,1900,892,0,0,0,0,0,0,0,0,0,0,0.968139,0.127726,0.3,0.978276,0.978276,0.978276,0.998348,0.0350877,0.0350877,0.0350877,0.0350877,0.0350877,0,0,0,0.998348,0.998348,0,0.903757,0.3,0.109865,60,0.987731,0.3,0.978276,0,0.0166667,100.2,11.0582,0,0,0,0,0,74.42,-3.51902,13.1425,246.59,319.96,66.47,-6.11455,14.0422,260.27,350.96
neuromorpho__Nov4IR1e.swc,2386,pyramidal,0.970594,0,1425,960,0,0,0,0,0,0,0,0,0,0,0.937966,0.184646,0.3,0.3,0.978276,0.978276,0.998348,0.0771165,0.0771165,0.0771165,0.0771165,0.0771165,0,0,0,0.998348,0.998348,0,0.848273,0.3,0.191667,64,0.986152,0.3,0.978276,0.015625,0.015625,76.8,6.96333,0,0,0,0,0,75.26,-8.91335,14.4517,235.89,193.4,73.21,-3.81726,10.8357,200.37,432.94
neuromorpho__Nov4IR3e.swc,2827,pyramidal,0.851371,0,1331,1495,0,0,0,0,0,0,0,0,0,0,0.987451,0.016379,0.3,0.977851,0.978056,0.978276,0.978276,0.000353732,0.000353732,0.000353732,0.000353732,0.000353732,0,0,0,0.997823,0.998348,0.000751315,0.978209,0.977933,0,88,0.987532,0.3,0.978056,0,0,62.3,-6.38667,0,0,0,0,0,59.03,1.90603,15.1923,205.89,198.05,55.1,4.59435,9.35034,209.31,366.17
neuromorpho__Nov6IR1d.swc,2822,pyramidal,0.966119,0,1406,1415,0,0,0,0,0,0,0,0,0,0,0.91041,0.220035,0.3,0.3,0.3,0.978276,0.978276,0.114812,0.114812,0.114812,0.114812,0.114812,0,0,0,0.998348,0.998348,0,0.822967,0.3,0.228975,64,0.963604,0.3,0.978276,0.046875,0.046875,90.7,-6.65217,0,0,0,0,0,91.24,5.2114,17.8446,222.34,265.43,87.19,1.31507,14.8564,197.93,583.61
neuromorpho__Oi27rpy2-1.swc,21655,pyramidal,0.738654,18012,1836,1806,0,0,0,0,0,0,0,0,0,0,0.55803,0.333481,0.3,0.3,0.3,0.3,0.3,0.624937,0.624937,0.624937,0.625029,0.635373,0.488089,0.3,0.728792,0.993784,0.998348,0.00653595,0.812346,0.3,0.218162,489,0.669338,0.3,0.3,0.464213,0.474438,88.4,0,2922.02,-292.926,523.175,1772.02,2239.78,274.82,-7.33525,56.896,356.99,286.2,280.63,24.7685,51.0942,299.76,556.83
neuromorpho__P111012-03-AAC.swc,1550,interneuron,0.97768,0,1549,0,0,0,0,0,0,0,0,0,0,0,0.717548,0.342763,0.3,0.3,0.3,0.3,0.998919,0.402581,0.402581,0.402581,0.402581,0.402581,0,0,0,0.717366,0.3,0.402841,0,0,0,52,0.683639,0.3,0.3,0.461538,0.480769,69.8,-7.125,0,0,0,0,0,72,1.80479,15.5093,556.28,668.89,0,0,0,0,0
neuromorpho__P111017-01-AAC.swc,1905,interneuron,0.904505,0,1904,0,0,0,0,0,0,0,0,0,0,0,0.881149,0.261615,0.3,0.3,0.3,0.998919,0.998919,0.168504,0.168504,0.168504,0.168504,0.168504,0,0,0,0.881086,0.3,0.168592,0,0,0,43,0.838808,0.3,0.3,0.186047,0.255814,107,-12.032,0,0,0,0,0,144.47,-42.6318,38.9698,195.03,732.62,0,0,0,0,0
neuromorpho__P111019-03-AAC.swc,1472,interneuron,0.963402,0,1471,0,0,0,0,0,0,0,0,0,0,0,0.465131,0.296281,0.3,0.3,0.3,0.3,0.3,0.762908,0.762908,0.762908,0.762908,0.762908,0,0,0,0.464767,0.3,0.763426,0,0,0,46,0.464014,0.3,0.3,0.782609,0.782609,75.5,-18.0529,0,0,0,0,0,150.49,-46.6387,33.7044,228.38,551.49,0,0,0,0,0
neuromorpho__P111103-01-BC.swc,1714,interneuron,0.87389,0,1713,0,0,0,0,0,0,0,0,0,0,0,0.754038,0.332469,0.3,0.3,0.3,0.3,0.998919,0.348891,0.348891,0.348891,0.348891,0.348891,0,0,0,0.753894,0.3,0.349095,0,0,0,67,0.800693,0.3,0.3,0.268657,0.298507,63.8,-18.18,0,0,0,0,0,190.89,-58.3321,40.28,261.48,702.74,0,0,0,0,0
neuromorpho__P111123-03-AAC.swc,1120,interneuron,0.536472,0,1119,0,0,0,0,0,0,0,0,0,0,0,0.747303,0.28641,0.3,0.3,0.3,0.3,0.928538,0.290179,0.290179,0.290179,0.290179,0.40625,0,0,0,0.747077,0.3,0.290438,0,0,0,63,0.729841,0.3,0.3,0.31746,0.31746,32.6,-15,0,0,0,0,0,120,2.00268,28.6709,395.88,598.16,0,0,0,0,0
neuromorpho__P111123-04n1-AAC.swc,1233,interneuron,0.860958,0,1232,0,0,0,0,0,0,0,0,0,0,0,0.881583,0.26123,0.3,0.3,0.3,0.998919,0.998919,0.167883,0.167883,0.167883,0.167883,0.167883,0,0,0,0.881487,0.3,0.168019,0,0,0,31,0.893571,0.3,0.3,0.129032,0.16129,85,-21,0,0,0,0,0,96,-25.3295,23.3292,375.86,416.58,0,0,0,0,0
neuromorpho__P120115-03-AAC.swc,779,interneuron,0.632901,0,778,0,0,0,0,0,0,0,0,0,0,0,0.867068,0.186714,0.3,0.3,0.920844,0.920844,0.920844,0.097561,0.097561,0.097561,0.097561,0.097561,0,0,0,0.866897,0.920844,0.0976864,0,0,0,47,0.846387,0.3,0.3,0.12766,0.12766,34.2,-21.0625,0,0,0,0,0,114.37,-34.4422,28.7212,171.62,620.34,0,0,0,0,0
neuromorpho__PDE1c_vGluT2-KO_IN01.swc,338,interneuron,0.958712,0,337,0,0,0,0,0,0,0,0,0,0,0,0.998922,5.8724e-05,0.998919,0.998919,0.998919,0.998919,0.998919,0,0,0,0,0,0,0,0,0.998919,0.998919,0,0,0,0,17,0.998982,0.998919,0.998919,0,0,33.4,0.00333333,0,0,0,0,0,107.66,-1.44927,22.4736,205.62,202.2,0,0,0,0,0
neuromorpho__PDE1c_vGluT2-KO_IN02.swc,328,interneuron,0.911562,0,327,0,0,0,0,0,0,0,0,0,0,0,0.998922,5.96098e-05,0.998919,0.998919,0.998919,0.998919,0.998919,0,0,0,0,0,0,0,0,0.998919,0.998919,0,0,0,0,41,0.998945,0.998919,0.998919,0,0,11,0,0,0,0,0,0,46.53,5.76884,8.83256,56.83,96.33,0,0,0,0,0
neuromorpho__PDE1c_vGluT2-KO_IN05.swc,879,interneuron,0.858709,0,878,0,0,0,0,0,0,0,0,0,0,0,0.771824,0.326872,0.3,0.3,0.3,0.3,0.998919,0.324232,0.324232,0.324232,0.324232,0.324232,0,0,0,0.771564,0.3,0.324601,0,0,0,37,0.774063,0.3,0.3,0.324324,0.378378,61.4,0,0,0,0,0,0,144.63,16.9963,24.3689,647.75,421.35,0,0,0,0,0
neuromorpho__PDE1c_vGluT2-KO_IN20.swc,875,interneuron,0.850848,0,874,0,0,0,0,0,0,0,0,0,0,0,0.887183,0.250314,0.3,0.3,0.3,0.998919,0.998919,0.153143,0.153143,0.153143,0.153143,0.153143,0,0,0,0.887054,0.3,0.153318,0,0,0,28,0.936801,0.3,0.844235,0.0714286,0.107143,67,0,0,0,0,0,0,223.63,21.0013,34.534,141.45,505.29,0,0,0,0,0
neuromorpho__PDE1c_vGluT2-KO_IN26.swc,425,interneuron,0.823415,0,424,0,0,0,0,0,0,0,0,0,0,0,0.850915,0.285551,0.3,0.3,0.3,0.998919,0.998919,0.211765,0.211765,0.211765,0.211765,0.211765,0,0,0,0.850563,0.3,0.212264,0,0,0,22,0.858921,0.3,0.3,0.181818,0.181818,48,0,0,0,0,0,0,75.76,-4.68696,12.7,450.25,166.49,0,0,0,0,0
neuromorpho__PDE1c_vGluT2-KO_IN28.swc,1024,interneuron,0.970755,55,968,0,0,0,0,0,0,0,0,0,0,0,0.801083,0.306581,0.3,0.3,0.3,0.3,0.998919,0.271484,0.271484,0.271484,0.271484,0.271484,0.951456,0.951456,0,0.792333,0.3,0.28719,0,0,0,35,0.807121,0.3,0.3,0.257143,0.285714,62.2,0,41.85,9.51382,11.8903,64.84,38.76,110.42,1.12684,21.0071,283.32,544.55,0,0,0,0,0
neuromorpho__PDE1c_vGluT2-KO_IN34.swc,630,interneuron,0.661876,0,629,0,0,0,0,0,0,0,0,0,0,0,0.99892,4.3043e-05,0.998919,0.998919,0.998919,0.998919,0.998919,0,0,0,0,0,0,0,0,0.998919,0.998919,0,0,0,0,54,0.998939,0.998919,0.998919,0,0,24.4,0,0,0,0,0,0,24.71,0.394134,4.74852,125.16,133.78,0,0,0,0,0
neuromorpho__PDE1c_vGluT2-KO_IN35.swc,591,interneuron,0.811178,0,590,0,0,0,0,0,0,0,0,0,0,0,0.993008,0.0640139,0.3,0.998919,0.998919,0.998919,0.998919,0.00846024,0.00846024,0.00846024,0.00846024,0.00846024,0,0,0,0.992996,0.998919,0.00847458,0,0,0,41,0.997423,0.3,0.998919,0,0,30,0,0,0,0,0,0,90.23,6.77758,14.3978,208.09,230.61,0,0,0,0,0
neuromorpho__PDE1c_vGluT2-KO_IN36.swc,912,interneuron,0.988281,0,911,0,0,0,0,0,0,0,0,0,0,0,0.873237,0.268414,0.3,0.3,0.3,0.998919,0.998919,0.179825,0.179825,0.179825,0.179825,0.179825,0,0,0,0.873098,0.3,0.180022,0,0,0,35,0.86967,0.3,0.3,0.171429,0.171429,65.4,0,0,0,0,0,0,112.3,-10.0051,16.5724,253.38,545.7,0,0,0,0,0
neuromorpho__PDE1c_vGluT2-KO_IN38.swc,784,interneuron,0.970196,0,783,0,0,0,0,0,0,0,0,0,0,0,0.99892,3.85907e-05,0.998919,0.998919,0.998919,0.998919,0.998919,0,0,0,0,0,0,0,0,0.998919,0.998919,0,0,0,0,66,0.998935,0.998919,0.998919,0,0,23,0,0,0,0,0,0,52.42,5.45178,7.82676,140.12,206.08,0,0,0,0,0
neuromorpho__PDE1c_vGluT2-KO_IN39.swc,737,interneuron,0.979244,0,736,0,0,0,0,0,0,0,0,0,0,0,0.99892,3.98005e-05,0.998919,0.998919,0.998919,0.998919,0.998919,0,0,0,0,0,0,0,0,0.998919,0.998919,0,0,0,0,70,0.998934,0.998919,0.998919,0,0,24.3,0,0,0,0,0,0,35.29,-6.87022,7.49879,193.59,150.84,0,0,0,0,0
neuromorpho__PDE1c_vGluT2-KO_IN42.swc,691,interneuron,0.986653,0,690,0,0,0,0,0,0,0,0,0,0,0,0.759204,0.331782,0.3,0.3,0.3,0.3,0.998919,0.342981,0.342981,0.342981,0.342981,0.342981,0,0,0,0.758855,0.3,0.343478,0,0,0,18,0.737792,0.3,0.3,0.333333,0.444444,89.8,0,0,0,0,0,0,100.4,-17.6573,22.6342,318.56,393.31,0,0,0,0,0
neuromorpho__PDE1c_vGluT2-ctrl_IN02.swc,727,interneuron,0.87681,0,726,0,0,0,0,0,0,0,0,0,0,0,0.980654,0.111503,0.3,0.998919,0.998919,0.998919,0.998919,0.0261348,0.0261348,0.0261348,0.0261348,0.0261348,0,0,0,0.980628,0.998919,0.0261708,0,0,0,40,0.99469,0.3,0.998919,0,0,37.1,0,0,0,0,0,0,93.02,5.25522,16.0449,300.68,245.57,0,0,0,0,0
neuromorpho__PDE1c_vGluT2-ctrl_IN04.swc,353,interneuron,0.658571,0,352,0,0,0,0,0,0,0,0,0,0,0,0.991285,0.0219882,0.927978,0.927978,0.927978,0.998919,0.998919,0,0,0,0,0,0,0,0,0.99126,0.927978,0,0,0,0,36,0.995008,0.927978,0.998919,0,0,21.5,-0.00333333,0,0,0,0,0,35.52,5.71796,6.76174,83.54,137.75,0,0,0,0,0
neuromorpho__PDE1c_vGluT2-ctrl_IN10.swc,142,interneuron,0.966328,0,141,0,0,0,0,0,0,0,0,0,0,0,0.998926,9.04146e-05,0.998919,0.998919,0.998919,0.998919,0.998919,0,0,0,0,0,0,0,0,0.998919,0.998919,0,0,0,0,16,0.998986,0.998919,0.998919,0,0,21,0,0,0,0,0,0,21.18,-0.914043,4.54997,44.83,103.63,0,0,0,0,0
neuromorpho__PDE1c_vGluT2-ctrl_IN11.swc,823,pyramidal,0.705757,0,822,0,0,0,0,0,0,0,0,0,0,0,0.99835,5.75537e-05,0.998348,0.998348,0.998348,0.998348,0.998348,0,0,0,0,0,0,0,0,0.998348,0.998348,0,0,0,0,43,0.998386,0.998348,0.998348,0,0,39.8,0,0,0,0,0,0,114.6,-16.0689,19.0936,135.2,230.51,0,0,0,0,0
neuromorpho__PDE1c_vGluT2-ctrl_IN17.swc,407,interneuron,0.57491,0,406,0,0,0,0,0,0,0,0,0,0,0,0.901527,0.147294,0.3,0.3,0.934257,0.934257,0.934257,0.0565111,0.0565111,0.0565111,0.0565111,0.0565111,0,0,0,0.901285,0.934257,0.0566502,0,0,0,16,0.929681,0.3,0.922725,0,0.0625,49.5,0,0,0,0,0,0,67.02,-12.3069,13.018,286.29,412.88,0,0,0,0,0
neuromorpho__PDE1c_vGluT2-ctrl_IN22.swc,521,interneuron,0.798731,0,520,0,0,0,0,0,0,0,0,0,0,0,0.878186,0.264211,0.3,0.3,0.3,0.998919,0.998919,0.172745,0.172745,0.172745,0.172745,0.172745,0,0,0,0.877952,0.3,0.173077,0,0,0,14,0.951855,0.3,0.820632,0.0714286,0.0714286,88,0,0,0,0,0,0,85.18,13.7094,18.5605,207.78,499.08,0,0,0,0,0
neuromorpho__PDE1c_vGluT2-ctrl_IN32.swc,442,interneuron,0.774022,0,441,0,0,0,0,0,0,0,0,0,0,0,0.998921,5.13706e-05,0.998919,0.998919,0.998919,0.998919,0.998919,0,0,0,0,0,0,0,0,0.998919,0.998919,0,0,0,0,46,0.998942,0.998919,0.998919,0,0,18,0,0,0,0,0,0,86.95,6.68578,14.1104,103.44,186.39,0,0,0,0,0
neuromorpho__PFC-20130307C_Analysis.swc,22390,interneuron,0.996152,20484,1905,0,0,0,0,0,0,0,0,0,0,0,0.832312,0.297801,0.3,0.3,0.3,0.998919,0.999189,0.238365,0.238365,0.238365,0.238365,0.238365,0.816809,0.3,0.260545,0.998919,0.998919,0,0,0,0,509,0.863668,0.3,0.3,0.188605,0.198428,89.2,0.00333333,381.06,14.6351,62.4205,639.59,1256.11,90.87,1.45386,15.0959,164.67,325.14,0,0,0,0,0
neuromorpho__PFC-20130806A_Analysis.swc,13033,interneuron,0.889591,11076,1956,0,0,0,0,0,0,0,0,0,0,0,0.860363,0.278864,0.3,0.3,0.3,0.998919,0.999189,0.198496,0.198496,0.198496,0.198496,0.198496,0.838216,0.3,0.230228,0.985698,0.998919,0.0189162,0,0,0,250,0.90843,0.3,0.3,0.12,0.132,110,0,98.2,11.213,17.9488,536.81,1573.9,84.8,11.7519,16.2721,291.56,469.12,0,0,0,0,0
neuromorpho__PFC-20130828D_ANalysis.swc,10820,interneuron,0.998227,8415,2404,0,0,0,0,0,0,0,0,0,0,0,0.967335,0.145354,0.3,0.973127,0.998919,0.998919,0.999189,0.0452865,0.0452865,0.0452865,0.0452865,0.0452865,0.973923,0.999189,0.0358883,0.944261,0.998919,0.078203,0,0,0,293,0.992061,0.3,0.998919,0.00682594,0.0136519,81,0,146.86,12.8903,27.9913,1078.41,596.14,121.29,5.39384,21.9526,332.73,591.18,0,0,0,0,0
neuromorpho__PFC-20140306B_Analysis.swc,16222,interneuron,0.998106,14785,1436,0,0,0,0,0,0,0,0,0,0,0,0.893655,0.250271,0.3,0.3,0.3,0.999189,0.999189,0.150906,0.150906,0.150906,0.150906,0.150906,0.888671,0.3,0.158066,0.944894,0.998919,0.0772981,0,0,0,338,0.929689,0.3,0.764922,0.0828402,0.118343,112,0,264.18,21.692,47.7258,602.62,840.05,142.49,10.8554,23.5108,376.77,589.03,0,0,0,0,0
neuromorpho__PFC-20140312B_Analysis.swc,15042,interneuron,0.998886,13486,1555,0,0,0,0,0,0,0,0,0,0,0,0.947721,0.171098,0.3,0.3,0.973127,0.998919,0.999189,0.0569738,0.0755884,0.0755884,0.0757878,0.0785135,0.969178,0.973127,0.0451579,0.761601,0.3,0.33955,0,0,0,341,0.977329,0.3,0.973127,0.0234604,0.0322581,95,0,209.54,-15.5533,37.6664,470.72,961.51,97.12,13.7657,15.6578,324.09,671.52,0,0,0,0,0
neuromorpho__PFC-20170522B_Analysis.swc,26051,interneuron,0.998081,20370,5680,0,0,0,0,0,0,0,0,0,0,0,0.803053,0.313999,0.3,0.3,0.3,0.3,0.999189,0.280373,0.280373,0.280373,0.280373,0.280373,0.778141,0.3,0.316053,0.892358,0.3,0.152465,0,0,0,189,0.870273,0.3,0.3,0.169312,0.216931,294.2,0,363.17,-86.1979,68.5626,949.53,1147.63,363.92,-65.7336,77.0224,250.25,411.58,0,0,0,0,0
neuromorpho__PFC03082016F_Analysis.swc,12093,interneuron,0.994648,8853,3239,0,0,0,0,0,0,0,0,0,0,0,0.793582,0.318001,0.3,0.3,0.3,0.3,0.998919,0.29331,0.29331,0.29331,0.29331,0.29331,0.752301,0.3,0.352197,0.906348,0.3,0.132448,0,0,0,291,0.841498,0.3,0.3,0.219931,0.230241,93,0,451.31,-97.3475,73.7365,631.56,1246.22,184.92,-21.7893,30.0685,382.64,570.22,0,0,0,0,0
neuromorpho__PFC13022019C_Analysis.swc,11581,interneuron,0.905188,10088,1492,0,0,0,0,0,0,0,0,0,0,0,0.708969,0.344098,0.3,0.3,0.3,0.3,0.998919,0.414472,0.414472,0.414472,0.414472,0.414472,0.668967,0.3,0.471649,0.979244,0.998919,0.0281501,0,0,0,101,0.842122,0.3,0.3,0.207921,0.237624,289,0,312.65,-83.5854,60.8696,510.47,1119.54,247.14,-49.9243,54.404,305.42,358.42,0,0,0,0,0
neuromorpho__PFC13092017B_Analysis.swc,12713,interneuron,0.988108,10388,2324,0,0,0,0,0,0,0,0,0,0,0,0.797249,0.316602,0.3,0.3,0.3,0.3,0.999189,0.288445,0.288445,0.288445,0.288445,0.288445,0.784878,0.3,0.306122,0.852459,0.3,0.209552,0,0,0,196,0.867142,0.3,0.3,0.188776,0.22449,156,-0.00333333,729.37,-83.7307,109.291,447.99,713.56,156.93,-3.74363,24.0455,228.52,479.92,0,0,0,0,0
neuromorpho__PFC160115A_Analysis.swc,43283,interneuron,0.997612,35918,7364,0,0,0,0,0,0,0,0,0,0,0,0.934756,0.20216,0.3,0.3,0.998919,0.998919,0.999189,0.0920916,0.0920916,0.0920916,0.0920916,0.0920916,0.929811,0.999189,0.099226,0.958867,0.998919,0.0573058,0,0,0,411,0.960828,0.3,0.976634,0.0486618,0.0632603,255,0,321.05,-32.2041,60.6062,622.19,732.32,226.56,-19.1981,47.6785,381.9,481.97,0,0,0,0,0
neuromorpho__PFC24052016CD_Analysis.swc,58215,interneuron,0.981166,48655,9559,0,0,0,0,0,0,0,0,0,0,0,0.894494,0.248812,0.3,0.3,0.3,0.998919,0.999189,0.149034,0.149034,0.149034,0.149034,0.149034,0.875269,0.3,0.176467,0.992338,0.998919,0.00941521,0,0,0,311,0.958003,0.3,0.916346,0.0546624,0.0836013,423,0,322.03,-66.7919,65.115,682.66,903.09,124.63,-8.92796,21.9858,390.48,425.51,0,0,0,0,0
neuromorpho__PRLKO_19.swc,475,pyramidal,0.940381,0,474,0,0,0,0,0,0,0,0,0,0,0,0.998351,7.57238e-05,0.998348,0.998348,0.998348,0.998348,0.998348,0,0,0,0,0,0,0,0,0.998348,0.998348,0,0,0,0,24,0.998417,0.998348,0.998348,0,0,38,0,0,0,0,0,0,76.79,-26.8958,18.4398,152.68,169.82,0,0,0,0,0
neuromorpho__PRLKO_2.swc,588,pyramidal,0.977585,0,587,0,0,0,0,0,0,0,0,0,0,0,0.993028,0.00741046,0.974178,0.984087,0.984087,0.984087,0.998348,0,0,0,0,0,0,0,0,0.993016,0.984087,0,0,0,0,38,0.992909,0.974178,0.984087,0,0,30.9,0,0,0,0,0,0,70.13,-14.7328,14.0918,182.29,327.04,0,0,0,0,0
neuromorpho__PRLKO_27.swc,596,pyramidal,0.978704,0,595,0,0,0,0,0,0,0,0,0,0,0,0.998351,6.7616e-05,0.998348,0.998348,0.998348,0.998348,0.998348,0,0,0,0,0,0,0,0,0.998348,0.998348,0,0,0,0,38,0.998391,0.998348,0.998348,0,0,27.3,0,0,0,0,0,0,77.68,-10.5428,13.1383,172.77,221.09,0,0,0,0,0
neuromorpho__PRLKO_28.swc,635,pyramidal,0.935149,0,634,0,0,0,0,0,0,0,0,0,0,0,0.99835,6.551e-05,0.998348,0.998348,0.998348,0.998348,0.998348,0,0,0,0,0,0,0,0,0.998348,0.998348,0,0,0,0,32,0.9984,0.998348,0.998348,0,0,34.9,0,0,0,0,0,0,67.71,-14.8238,14.6802,199.19,233.98,0,0,0,0,0
neuromorpho__PRLKO_31.swc,893,pyramidal,0.992395,0,892,0,0,0,0,0,0,0,0,0,0,0,0.99835,5.52545e-05,0.998348,0.998348,0.998348,0.998348,0.998348,0,0,0,0,0,0,0,0,0.998348,0.998348,0,0,0,0,47,0.998383,0.998348,0.998348,0,0,38,0,0,0,0,0,0,73.61,-20.4454,17.4963,234.67,275.95,0,0,0,0,0
neuromorpho__PRLKO_34.swc,428,pyramidal,0.967648,0,427,0,0,0,0,0,0,0,0,0,0,0,0.998352,7.9764e-05,0.998348,0.998348,0.998348,0.998348,0.998348,0,0,0,0,0,0,0,0,0.998348,0.998348,0,0,0,0,28,0.998407,0.998348,0.998348,0,0,39.3,0,0,0,0,0,0,91.96,-21.4591,19.4628,132.02,177.64,0,0,0,0,0
neuromorpho__PRLKO_35.swc,638,pyramidal,0.99074,0,637,0,0,0,0,0,0,0,0,0,0,0,0.99835,6.53561e-05,0.998348,0.998348,0.998348,0.998348,0.998348,0,0,0,0,0,0,0,0,0.998348,0.998348,0,0,0,0,42,0.998387,0.998348,0.998348,0,0,34.6,0,0,0,0,0,0,91.63,-18.6686,18.2071,180.87,200.39,0,0,0,0,0
neuromorpho__PRLKO_36.swc,291,pyramidal,0.995542,0,290,0,0,0,0,0,0,0,0,0,0,0,0.998354,9.66814e-05,0.998348,0.998348,0.998348,0.998348,0.998348,0,0,0,0,0,0,0,0,0.998348,0.998348,0,0,0,0,22,0.998423,0.998348,0.998348,0,0,26.5,0,0,0,0,0,0,83.47,-17.2235,15.7699,116.86,178.51,0,0,0,0,0
neuromorpho__PRL_1.swc,357,pyramidal,0.963303,0,356,0,0,0,0,0,0,0,0,0,0,0,0.998353,8.7316e-05,0.998348,0.998348,0.998348,0.998348,0.998348,0,0,0,0,0,0,0,0,0.998348,0.998348,0,0,0,0,19,0.998435,0.998348,0.998348,0,0,41.8,0,0,0,0,0,0,103.89,-21.0156,19.3935,171.24,256.46,0,0,0,0,0
neuromorpho__PRL_10.swc,787,pyramidal,0.994673,0,786,0,0,0,0,0,0,0,0,0,0,0,0.99835,5.88537e-05,0.998348,0.998348,0.998348,0.998348,0.998348,0,0,0,0,0,0,0,0,0.998348,0.998348,0,0,0,0,36,0.998394,0.998348,0.998348,0,0,40,0,0,0,0,0,0,92.08,-13.0177,21.1965,216.5,282.78,0,0,0,0,0
neuromorpho__PRL_14.swc,308,pyramidal,0.883362,0,307,0,0,0,0,0,0,0,0,0,0,0,0.998353,9.39843e-05,0.998348,0.998348,0.998348,0.998348,0.998348,0,0,0,0,0,0,0,0,0.998348,0.998348,0,0,0,0,21,0.998427,0.998348,0.998348,0,0,31,0,0,0,0,0,0,86.48,-23.5604,21.0366,97.05,149.25,0,0,0,0,0
neuromorpho__PRL_15.swc,260,pyramidal,0.983699,0,259,0,0,0,0,0,0,0,0,0,0,0,0.998354,0.000102262,0.998348,0.998348,0.998348,0.998348,0.998348,0,0,0,0,0,0,0,0,0.998348,0.998348,0,0,0,0,18,0.99844,0.998348,0.998348,0,0,29.1,0,0,0,0,0,0,71.34,-13.2659,15.5966,134.07,132.67,0,0,0,0,0
neuromorpho__PRL_16.swc,682,pyramidal,0.994078,0,681,0,0,0,0,0,0,0,0,0,0,0,0.997894,0.00238365,0.980058,0.998348,0.998348,0.998348,0.998348,0,0,0,0,0,0,0,0,0.997891,0.998348,0,0,0,0,42,0.996625,0.980058,0.990671,0,0,37.8,0,0,0,0,0,0,77.09,-15.4451,15.5771,257.56,290.98,0,0,0,0,0
neuromorpho__PRL_20.swc,362,pyramidal,0.987421,0,361,0,0,0,0,0,0,0,0,0,0,0,0.998352,8.67126e-05,0.998348,0.998348,0.998348,0.998348,0.998348,0,0,0,0,0,0,0,0,0.998348,0.998348,0,0,0,0,27,0.998409,0.998348,0.998348,0,0,26,0,0,0,0,0,0,66.94,-15.8066,16.2126,119.63,182.56,0,0,0,0,0
neuromorpho__PRL_23.swc,571,pyramidal,0.896896,0,570,0,0,0,0,0,0,0,0,0,0,0,0.996134,0.00525544,0.970273,0.984087,0.984087,0.998348,0.998348,0,0,0,0,0,0,0,0,0.996127,0.984087,0,0,0,0,37,0.995438,0.970273,0.984087,0,0,35,0,0,0,0,0,0,102.98,-30.5076,25.8769,183.71,293.24,0,0,0,0,0
neuromorpho__PRL_29.swc,679,pyramidal,0.994528,0,678,0,0,0,0,0,0,0,0,0,0,0,0.99835,6.33552e-05,0.998348,0.998348,0.998348,0.998348,0.998348,0,0,0,0,0,0,0,0,0.998348,0.998348,0,0,0,0,40,0.998389,0.998348,0.998348,0,0,33.2,0,0,0,0,0,0,96.33,-22.0811,21.6842,181.42,224.29,0,0,0,0,0
neuromorpho__PRL_34.swc,560,pyramidal,0.962073,0,559,0,0,0,0,0,0,0,0,0,0,0,0.998351,6.97517e-05,0.998348,0.998348,0.998348,0.998348,0.998348,0,0,0,0,0,0,0,0,0.998348,0.998348,0,0,0,0,26,0.998411,0.998348,0.998348,0,0,47,0,0,0,0,0,0,89.34,-30.2817,20.2976,178.67,244.7,0,0,0,0,0
neuromorpho__PRL_39.swc,477,pyramidal,0.954241,0,476,0,0,0,0,0,0,0,0,0,0,0,0.998351,7.55652e-05,0.998348,0.998348,0.998348,0.998348,0.998348,0,0,0,0,0,0,0,0,0.998348,0.998348,0,0,0,0,21,0.998427,0.998348,0.998348,0,0,55,0,0,0,0,0,0,69.96,-18.2313,16.5725,165.25,199.34,0,0,0,0,0
neuromorpho__PRL_43.swc,221,pyramidal,0.839648,0,220,0,0,0,0,0,0,0,0,0,0,0,0.998355,0.000110881,0.998348,0.998348,0.998348,0.998348,0.998348,0,0,0,0,0,0,0,0,0.998348,0.998348,0,0,0,0,9,0.998531,0.998348,0.998348,0,0,56.2,0,0,0,0,0,0,78.6,-18.5599,21.3017,129.94,200.9,0,0,0,0,0
neuromorpho__PRL_46.swc,460,pyramidal,0.994022,0,459,0,0,0,0,0,0,0,0,0,0,0,0.998351,7.69459e-05,0.998348,0.998348,0.998348,0.998348,0.998348,0,0,0,0,0,0,0,0,0.998348,0.998348,0,0,0,0,30,0.998403,0.998348,0.998348,0,0,31,0,0,0,0,0,0,66.21,-9.4483,16.1817,177.01,186.8,0,0,0,0,0
neuromorpho__PRL_54.swc,536,pyramidal,0.954134,0,535,0,0,0,0,0,0,0,0,0,0,0,0.998351,7.12934e-05,0.998348,0.998348,0.998348,0.998348,0.998348,0,0,0,0,0,0,0,0,0.998348,0.998348,0,0,0,0,34,0.998396,0.998348,0.998348,0,0,29.7,0,0,0,0,0,0,92.69,-21.566,19.866,223.97,291,0,0,0,0,0
neuromorpho__PRL_58.swc,335,pyramidal,0.940848,0,334,0,0,0,0,0,0,0,0,0,0,0,0.998353,9.01292e-05,0.998348,0.998348,0.998348,0.998348,0.998348,0,0,0,0,0,0,0,0,0.998348,0.998348,0,0,0,0,20,0.998431,0.998348,0.998348,0,0,35.2,0,0,0,0,0,0,96.93,-25.3978,23.0059,152.84,148.19,0,0,0,0,0
neuromorpho__PRL_59.swc,358,pyramidal,0.704244,0,357,0,0,0,0,0,0,0,0,0,0,0,0.998353,8.71943e-05,0.998348,0.998348,0.998348,0.998348,0.998348,0,0,0,0,0,0,0,0,0.998348,0.998348,0,0,0,0,23,0.99842,0.998348,0.998348,0,0,28.6,0,0,0,0,0,0,75.11,-17.4609,17.7739,127.69,250.72,0,0,0,0,0
neuromorpho__P_F_9.swc,26208,interneuron,0.997322,22650,3557,0,0,0,0,0,0,0,0,0,0,0,0.995709,0.0460879,0.3,0.998919,0.998919,0.999189,0.999189,0.00434982,0.00434982,0.00434982,0.00434982,0.00434982,0.998722,0.999189,0,0.976519,0.998919,0.0320495,0,0,0,467,0.995714,0.3,0.999189,0.00428266,0.00428266,119,0,177.46,9.43902,28.4939,210.46,389.58,134.67,22.3321,22.7675,251.72,354.87,0,0,0,0,0
neuromorpho__RG2-F8-cell1.swc,520,interneuron,0.995787,0,519,0,0,0,0,0,0,0,0,0,0,0,0.998921,4.73694e-05,0.998919,0.998919,0.998919,0.998919,0.998919,0,0,0,0,0,0,0,0,0.998919,0.998919,0,0,0,0,81,0.998932,0.998919,0.998919,0,0,14,-0.303333,0,0,0,0,0,15.02,-8.28763,3.30817,36.3,36.8,0,0,0,0,0
neuromorpho__Red_19weeks_Neuron4.swc,36,pyramidal,0.985492,0,35,0,0,0,0,0,0,0,0,0,0,0,0.991694,0.00887524,0.965882,0.98099,0.981937,0.982987,0.998348,0,0,0,0,0,0,0,0,0.991457,0.981937,0,0,0,0,10,0.988534,0.965882,0.976924,0,0,6,0,0,0,0,0,0,3.74,-1.06857,0.985959,13.37,34.16,0,0,0,0,0
neuromorpho__Red_1week_Neuron2.swc,56,pyramidal,0.977488,5,50,0,0,0,0,0,0,0,0,0,0,0,0.978388,0.0638494,0.774471,0.774471,0.998348,0.998348,0.998348,0,0,0,0.0892857,0.0892857,0.774471,0.774471,0,0.998348,0.998348,0,0,0,0,13,0.981254,0.774471,0.998348,0,0.0769231,7.8,0,0.03,-0.176,0.012,6.26,1.27,5.03,0.3006,1.1005,15.44,39.12,0,0,0,0,0
neuromorpho__Red_1week_Neuron3_addl.swc,29,pyramidal,0.979617,0,28,0,0,0,0,0,0,0,0,0,0,0,0.784411,0.206797,0.584627,0.584627,0.584627,0.584627,0.584627,0,0.517241,0.517241,0.517241,0.517241,0,0,0,0.776712,0.584627,0.535714,0,0,0,6,0.92967,0.584627,0.791488,0.166667,0.166667,9.5,0,0,0,0,0,0,8.03,-1.98821,3.00984,10.97,59.47,0,0,0,0,0
neuromorpho__Red_1week_Neuron5.swc,23,pyramidal,0.975084,7,15,0,0,0,0,0,0,0,0,0,0,0,0.930755,0.102348,0.77602,0.77602,0.77602,0.77602,0.998348,0,0,0,0.304348,0.304348,0.77602,0.77602,0,0.998348,0.998348,0,0,0,0,5,0.954213,0.77602,0.864951,0,0.2,6.6,0,0.4,2.66571,0.138033,3.2,10.37,0.98,-0.114,0.257444,19.58,10.89,0,0,0,0,0
neuromorpho__Red_2weeks_Neuron2_addl.swc,42,pyramidal,0.989462,0,41,0,0,0,0,0,0,0,0,0,0,0,0.807644,0.20009,0.597788,0.597788,0.597788,0.597788,0.998348,0,0.47619,0.47619,0.47619,0.47619,0,0,0,0.802953,0.597788,0.487805,0,0,0,6,0.931863,0.597788,0.798068,0.166667,0.166667,13.5,0,0,0,0,0,0,5.1,-0.853902,0.92688,11.69,82.02,0,0,0,0,0
neuromorpho__Red_2weeks__Neuron9.swc,20,pyramidal,0.972565,11,8,0,0,0,0,0,0,0,0,0,0,0,0.821416,0.0633149,0.753942,0.753942,0.753942,0.753942,0.854253,0,0,0,0.4,0.95,0.854253,0.854253,0,0.753942,0.753942,0,0,0,0,3,0.869398,0.753942,0.774004,0,0.333333,10.4,0,2.89,2.68818,0.931849,2.41,25.61,0.5,-0.795,0.236538,1.3,15.55,0,0,0,0,0
neuromorpho__Red_4weeks_Neuron4_addl.swc,18,interneuron,0.558718,0,17,0,0,0,0,0,0,0,0,0,0,0,0.93031,0.0212003,0.912244,0.912244,0.912244,0.912244,0.938626,0,0,0,0,0,0,0,0,0.926211,0.912244,0,0,0,0,3,0.95029,0.912244,0.91752,0,0,8.8,0,0,0,0,0,0,12.53,0.0470588,4.04497,4.42,50.07,0,0,0,0,0
neuromorpho__Red_6weeks_Neuron1.swc,23,pyramidal,0.982739,2,20,0,0,0,0,0,0,0,0,0,0,0,0.85358,0.175222,0.620938,0.620938,0.620938,0.620938,0.998348,0,0,0.347826,0.347826,0.434783,0.842333,0.842333,0,0.847384,0.620938,0.4,0,0,0,6,0.909719,0.620938,0.731635,0.166667,0.166667,7,0,0.57,-1.305,0.285,0.05,0.54,10.93,-2.9575,3.57506,2.13,28.48,0,0,0,0,0
neuromorpho__Red_6weeks_Neuron4_addl.swc,78,pyramidal,0.982332,0,77,0,0,0,0,0,0,0,0,0,0,0,0.998369,0.000185861,0.998348,0.998348,0.998348,0.998348,0.998348,0,0,0,0,0,0,0,0,0.998348,0.998348,0,0,0,0,30,0.998403,0.998348,0.998348,0,0,5,0,0,0,0,0,0,8.95,-1.61623,2.24962,23.56,54.59,0,0,0,0,0
neuromorpho__Red_8weeks_Neuron1addl.swc,101,interneuron,0.725807,0,100,0,0,0,0,0,0,0,0,0,0,0,0.998929,0.000107052,0.998919,0.998919,0.998919,0.998919,0.998919,0,0,0,0,0,0,0,0,0.998919,0.998919,0,0,0,0,11,0.999017,0.998919,0.998919,0,0,26,0,0,0,0,0,0,22.92,4.5128,4.84533,18.55,113.37,0,0,0,0,0
neuromorpho__Red_8weeks_Neuron3.swc,93,interneuron,0.621143,0,92,0,0,0,0,0,0,0,0,0,0,0,0.820807,0.122712,0.696921,0.696921,0.696921,0.696921,0.940798,0,0,0.494624,0.494624,0.494624,0,0,0,0.818859,0.696921,0.5,0,0,0,7,0.914416,0.696921,0.843247,0.142857,0.142857,29.8,0,0,0,0,0,0,9.24,-3.08163,2.57742,14.86,125.27,0,0,0,0,0
neuromorpho__Red_8weeks_Neuron4.swc,82,pyramidal,0.934416,0,81,0,0,0,0,0,0,0,0,0,0,0,0.998368,0.000181328,0.998348,0.998348,0.998348,0.998348,0.998348,0,0,0,0,0,0,0,0,0.998348,0.998348,0,0,0,0,10,0.998513,0.998348,0.998348,0,0,14.6,0,0,0,0,0,0,6.12,2.17111,1.59902,16.32,54.61,0,0,0,0,0
neuromorpho__S1KO_10.swc,1067,pyramidal,0.973661,0,1066,0,0,0,0,0,0,0,0,0,0,0,0.998349,5.05535e-05,0.998348,0.998348,0.998348,0.998348,0.998348,0,0,0,0,0,0,0,0,0.998348,0.998348,0,0,0,0,75,0.99837,0.998348,0.998348,0,0,26,0,0,0,0,0,0,71.04,-12.183,16.3685,197.3,239.42,0,0,0,0,0
neuromorpho__S1KO_11.swc,742,pyramidal,0.996669,0,741,0,0,0,0,0,0,0,0,0,0,0,0.99835,6.06097e-05,0.998348,0.998348,0.998348,0.998348,0.998348,0,0,0,0,0,0,0,0,0.998348,0.998348,0,0,0,0,62,0.998375,0.998348,0.998348,0,0,26.8,0,0,0,0,0,0,59.2,-12.0506,11.2508,205.16,204.59,0,0,0,0,0
neuromorpho__S1KO_13.swc,1085,pyramidal,0.99674,0,1084,0,0,0,0,0,0,0,0,0,0,0,0.998349,5.01328e-05,0.998348,0.998348,0.998348,0.998348,0.998348,0,0,0,0,0,0,0,0,0.998348,0.998348,0,0,0,0,76,0.99837,0.998348,0.998348,0,0,29,0,0,0,0,0,0,59.81,-7.31601,11.4762,215.68,249.43,0,0,0,0,0
neuromorpho__S1KO_14.swc,708,pyramidal,0.99611,0,707,0,0,0,0,0,0,0,0,0,0,0,0.99835,6.2046e-05,0.998348,0.998348,0.998348,0.998348,0.998348,0,0,0,0,0,0,0,0,0.998348,0.998348,0,0,0,0,62,0.998375,0.998348,0.998348,0,0,21.9,0,0,0,0,0,0,50.74,-3.0176,11.2096,195.18,214.46,0,0,0,0,0
neuromorpho__S1KO_24.swc,545,pyramidal,0.995346,0,544,0,0,0,0,0,0,0,0,0,0,0,0.998351,7.07033e-05,0.998348,0.998348,0.998348,0.998348,0.998348,0,0,0,0,0,0,0,0,0.998348,0.998348,0,0,0,0,42,0.998387,0.998348,0.998348,0,0,28.7,0,0,0,0,0,0,61.91,-12.4349,14.3074,154.83,252.41,0,0,0,0,0
neuromorpho__S1KO_29.swc,800,pyramidal,0.993392,0,799,0,0,0,0,0,0,0,0,0,0,0,0.99835,5.83741e-05,0.998348,0.998348,0.998348,0.998348,0.998348,0,0,0,0,0,0,0,0,0.998348,0.998348,0,0,0,0,48,0.998382,0.998348,0.998348,0,0,33.3,0,0,0,0,0,0,72.56,-16.3348,14.6453,229,231.55,0,0,0,0,0
neuromorpho__S1KO_32.swc,769,pyramidal,0.997224,0,768,0,0,0,0,0,0,0,0,0,0,0,0.99835,5.95376e-05,0.998348,0.998348,0.998348,0.998348,0.998348,0,0,0,0,0,0,0,0,0.998348,0.998348,0,0,0,0,62,0.998375,0.998348,0.998348,0,0,26.9,0,0,0,0,0,0,58.77,-5.5147,10.2191,199.14,203.09,0,0,0,0,0
neuromorpho__S1KO_36.swc,826,pyramidal,0.99494,0,825,0,0,0,0,0,0,0,0,0,0,0,0.99835,5.74492e-05,0.998348,0.998348,0.998348,0.998348,0.998348,0,0,0,0,0,0,0,0,0.998348,0.998348,0,0,0,0,56,0.998377,0.998348,0.998348,0,0,34.5,0,0,0,0,0,0,39.82,-2.53344,8.08577,245.71,251.09,0,0,0,0,0
neuromorpho__S1KO_41.swc,653,pyramidal,0.986688,0,652,0,0,0,0,0,0,0,0,0,0,0,0.99835,6.46022e-05,0.998348,0.998348,0.998348,0.998348,0.998348,0,0,0,0,0,0,0,0,0.998348,0.998348,0,0,0,0,38,0.998391,0.998348,0.998348,0,0,36.3,0,0,0,0,0,0,43.28,-2.486,9.15731,211.71,252.3,0,0,0,0,0
neuromorpho__S1KO_42.swc,878,pyramidal,0.996668,0,877,0,0,0,0,0,0,0,0,0,0,0,0.99835,5.5724e-05,0.998348,0.998348,0.998348,0.998348,0.998348,0,0,0,0,0,0,0,0,0.998348,0.998348,0,0,0,0,59,0.998376,0.998348,0.998348,0,0,36.6,0,0,0,0,0,0,60.44,-7.72302,11.8846,191.26,206.71,0,0,0,0,0
neuromorpho__S1KO_44.swc,708,pyramidal,0.995928,0,707,0,0,0,0,0,0,0,0,0,0,0,0.99835,6.2046e-05,0.998348,0.998348,0.998348,0.998348,0.998348,0,0,0,0,0,0,0,0,0.998348,0.998348,0,0,0,0,52,0.99838,0.998348,0.998348,0,0,28,0,0,0,0,0,0,58.15,-6.94048,11.365,194.75,236.92,0,0,0,0,0
neuromorpho__S1KO_50.swc,845,pyramidal,0.988406,0,844,0,0,0,0,0,0,0,0,0,0,0,0.99835,5.68004e-05,0.998348,0.998348,0.998348,0.998348,0.998348,0,0,0,0,0,0,0,0,0.998348,0.998348,0,0,0,0,56,0.998377,0.998348,0.998348,0,0,34,0,0,0,0,0,0,88.01,-12.9501,18.5411,223.34,236.16,0,0,0,0,0
neuromorpho__S1KO_9.swc,1059,pyramidal,0.99719,0,1058,0,0,0,0,0,0,0,0,0,0,0,0.998349,5.07439e-05,0.998348,0.998348,0.998348,0.998348,0.998348,0,0,0,0,0,0,0,0,0.998348,0.998348,0,0,0,0,70,0.998371,0.998348,0.998348,0,0,30.1,0,0,0,0,0,0,70.43,-8.57474,14.9849,223.71,230.76,0,0,0,0,0
neuromorpho__S1_14.swc,486,pyramidal,0.994591,0,485,0,0,0,0,0,0,0,0,0,0,0,0.998351,7.48638e-05,0.998348,0.998348,0.998348,0.998348,0.998348,0,0,0,0,0,0,0,0,0.998348,0.998348,0,0,0,0,46,0.998384,0.998348,0.998348,0,0,24,0,0,0,0,0,0,46.5,-8.11452,9.52911,217.5,174.86,0,0,0,0,0
neuromorpho__S1_19.swc,435,pyramidal,0.983891,0,434,0,0,0,0,0,0,0,0,0,0,0,0.998352,7.91212e-05,0.998348,0.998348,0.998348,0.998348,0.998348,0,0,0,0,0,0,0,0,0.998348,0.998348,0,0,0,0,52,0.99838,0.998348,0.998348,0,0,17,0,0,0,0,0,0,53.74,-11.6565,11.3115,137.28,162.06,0,0,0,0,0
neuromorpho__S1_23.swc,720,pyramidal,0.997506,0,719,0,0,0,0,0,0,0,0,0,0,0,0.99835,6.15275e-05,0.998348,0.998348,0.998348,0.998348,0.998348,0,0,0,0,0,0,0,0,0.998348,0.998348,0,0,0,0,59,0.998376,0.998348,0.998348,0,0,27.2,0,0,0,0,0,0,65.87,-13.5898,14.4466,152.26,213.88,0,0,0,0,0
neuromorpho__S1_24.swc,298,pyramidal,0.967677,0,297,0,0,0,0,0,0,0,0,0,0,0,0.998353,9.5543e-05,0.998348,0.998348,0.998348,0.998348,0.998348,0,0,0,0,0,0,0,0,0.998348,0.998348,0,0,0,0,25,0.998414,0.998348,0.998348,0,0,24.2,0,0,0,0,0,0,39.37,-4.51081,10.0217,160.74,213.43,0,0,0,0,0
neuromorpho__S1_30.swc,546,pyramidal,0.99712,0,545,0,0,0,0,0,0,0,0,0,0,0,0.998351,7.06387e-05,0.998348,0.998348,0.998348,0.998348,0.998348,0,0,0,0,0,0,0,0,0.998348,0.998348,0,0,0,0,46,0.998384,0.998348,0.998348,0,0,23.5,0,0,0,0,0,0,49.51,-6.4049,9.30727,147.98,171.74,0,0,0,0,0
neuromorpho__S1_37.swc,219,pyramidal,0.990235,0,218,0,0,0,0,0,0,0,0,0,0,0,0.998355,0.000111384,0.998348,0.998348,0.998348,0.998348,0.998348,0,0,0,0,0,0,0,0,0.998348,0.998348,0,0,0,0,27,0.998409,0.998348,0.998348,0,0,14.2,0,0,0,0,0,0,55.26,-2.54014,10.4453,209,238.48,0,0,0,0,0
neuromorpho__S1_39.swc,363,pyramidal,0.996487,0,362,0,0,0,0,0,0,0,0,0,0,0,0.998352,8.65934e-05,0.998348,0.998348,0.998348,0.998348,0.998348,0,0,0,0,0,0,0,0,0.998348,0.998348,0,0,0,0,41,0.998388,0.998348,0.998348,0,0,18,0,0,0,0,0,0,46.49,-4.94693,8.98585,182.9,204.91,0,0,0,0,0
neuromorpho__S1_42.swc,602,pyramidal,0.995605,0,601,0,0,0,0,0,0,0,0,0,0,0,0.998351,6.72787e-05,0.998348,0.998348,0.998348,0.998348,0.998348,0,0,0,0,0,0,0,0,0.998348,0.998348,0,0,0,0,45,0.998385,0.998348,0.998348,0,0,32.6,0,0,0,0,0,0,57.7,-8.71601,10.6115,135.27,160.1,0,0,0,0,0
neuromorpho__S1_9.swc,276,pyramidal,0.995943,0,275,0,0,0,0,0,0,0,0,0,0,0,0.998354,9.92646e-05,0.998348,0.998348,0.998348,0.998348,0.998348,0,0,0,0,0,0,0,0,0.998348,0.998348,0,0,0,0,36,0.998394,0.998348,0.998348,0,0,15,0,0,0,0,0,0,42.86,-4.16265,7.85364,169.97,189.02,0,0,0,0,0
neuromorpho__S2979-x1-25.swc,12792,interneuron,0.997534,11161,1630,0,0,0,0,0,0,0,0,0,0,0,0.957262,0.16588,0.3,0.3,0.998919,0.999189,0.999189,0.0598812,0.0598812,0.0598812,0.0598812,0.0598812,0.954807,0.999189,0.0634352,0.974049,0.998919,0.0355828,0,0,0,563,0.969479,0.3,0.998919,0.0408526,0.044405,48.8,0,195.13,-39.1192,43.9059,408.08,831.98,141.85,-15.1748,30.591,188.21,365.4,0,0,0,0,0
neuromorpho__S2999_RS-x1-25.swc,5201,pyramidal,0.8965,1780,1524,1896,0,0,0,0,0,0,0,0,0,0,0.953233,0.150106,0.3,0.643406,0.978276,0.978276,0.993697,0.0478754,0.0478754,0.0563353,0.0563353,0.0563353,0.897823,0.3,0.138202,0.9881,0.998348,0.0288714,0.977203,0.978276,0.00158228,135,0.983807,0.3,0.978276,0.0148148,0.0148148,81.6,-0.00333333,319.09,-28.621,63.8099,546.61,430.14,144.83,-11.3058,30.6287,194.86,176.69,165.81,-13.2496,26.5428,211.39,423.55
neuromorpho__S2KO_12.swc,1075,pyramidal,0.991256,0,1074,0,0,0,0,0,0,0,0,0,0,0,0.998349,5.03652e-05,0.998348,0.998348,0.998348,0.998348,0.998348,0,0,0,0,0,0,0,0,0.998348,0.998348,0,0,0,0,68,0.998372,0.998348,0.998348,0,0,35.3,0,0,0,0,0,0,131.45,-20.8241,24.5223,180.5,258.34,0,0,0,0,0
neuromorpho__S2KO_17.swc,608,pyramidal,0.989895,0,607,0,0,0,0,0,0,0,0,0,0,0,0.998351,6.69465e-05,0.998348,0.998348,0.998348,0.998348,0.998348,0,0,0,0,0,0,0,0,0.998348,0.998348,0,0,0,0,37,0.998393,0.998348,0.998348,0,0,33.2,0,0,0,0,0,0,91.93,-12.6492,17.1889,138.82,188.49,0,0,0,0,0
neuromorpho__S2KO_18.swc,569,pyramidal,0.987427,0,568,0,0,0,0,0,0,0,0,0,0,0,0.998351,6.91989e-05,0.998348,0.998348,0.998348,0.998348,0.998348,0,0,0,0,0,0,0,0,0.998348,0.998348,0,0,0,0,34,0.998396,0.998348,0.998348,0,0,36.2,0,0,0,0,0,0,123.47,-19.8246,23.7847,98.87,188.34,0,0,0,0,0
neuromorpho__S2KO_19.swc,594,pyramidal,0.983684,0,593,0,0,0,0,0,0,0,0,0,0,0,0.998351,6.77295e-05,0.998348,0.998348,0.998348,0.998348,0.998348,0,0,0,0,0,0,0,0,0.998348,0.998348,0,0,0,0,41,0.998388,0.998348,0.998348,0,0,31,0,0,0,0,0,0,87.25,-5.20798,17.3144,166.03,183.06,0,0,0,0,0
neuromorpho__S2KO_2.swc,575,pyramidal,0.997689,0,574,0,0,0,0,0,0,0,0,0,0,0,0.998351,6.88375e-05,0.998348,0.998348,0.998348,0.998348,0.998348,0,0,0,0,0,0,0,0,0.998348,0.998348,0,0,0,0,54,0.998378,0.998348,0.998348,0,0,22,0,0,0,0,0,0,99.8,-22.1918,19.9884,178.06,218.03,0,0,0,0,0
neuromorpho__S2KO_20.swc,501,pyramidal,0.978017,0,500,0,0,0,0,0,0,0,0,0,0,0,0.998351,7.37368e-05,0.998348,0.998348,0.998348,0.998348,0.998348,0,0,0,0,0,0,0,0,0.998348,0.998348,0,0,0,0,34,0.998396,0.998348,0.998348,0,0,34.4,0,0,0,0,0,0,72.4,-14.213,17.3632,163.73,219.47,0,0,0,0,0
neuromorpho__S2KO_23.swc,734,pyramidal,0.990213,0,733,0,0,0,0,0,0,0,0,0,0,0,0.99835,6.09387e-05,0.998348,0.998348,0.998348,0.998348,0.998348,0,0,0,0,0,0,0,0,0.998348,0.998348,0,0,0,0,48,0.998382,0.998348,0.998348,0,0,31.2,0,0,0,0,0,0,114.22,-19.6332,20.4478,139.29,184.44,0,0,0,0,0
neuromorpho__S2KO_28.swc,1802,pyramidal,0.993885,0,1801,0,0,0,0,0,0,0,0,0,0,0,0.998349,3.8908e-05,0.998348,0.998348,0.998348,0.998348,0.998348,0,0,0,0,0,0,0,0,0.998348,0.998348,0,0,0,0,65,0.998373,0.998348,0.998348,0,0,66.2,0,0,0,0,0,0,107.55,-18.3183,23.5004,149.8,208.11,0,0,0,0,0
neuromorpho__S2KO_9.swc,697,pyramidal,0.996847,0,696,0,0,0,0,0,0,0,0,0,0,0,0.99835,6.25329e-05,0.998348,0.998348,0.998348,0.998348,0.998348,0,0,0,0,0,0,0,0,0.998348,0.998348,0,0,0,0,52,0.99838,0.998348,0.998348,0,0,27,0,0,0,0,0,0,109.68,-15.4854,19.9632,196.83,177.7,0,0,0,0,0
neuromorpho__S2_13.swc,1953,pyramidal,0.985018,0,1952,0,0,0,0,0,0,0,0,0,0,0,0.998349,3.73744e-05,0.998348,0.998348,0.998348,0.998348,0.998348,0,0,0,0,0,0,0,0,0.998348,0.998348,0,0,0,0,56,0.998377,0.998348,0.998348,0,0,83,0,0,0,0,0,0,154.68,-29.466,29.8039,171.69,189.87,0,0,0,0,0
neuromorpho__S2_15.swc,1760,pyramidal,0.992441,0,1759,0,0,0,0,0,0,0,0,0,0,0,0.998349,3.93693e-05,0.998348,0.998348,0.998348,0.998348,0.998348,0,0,0,0,0,0,0,0,0.998348,0.998348,0,0,0,0,48,0.998382,0.998348,0.998348,0,0,70.6,0,0,0,0,0,0,117.99,-26.2908,28.8336,183.36,180.63,0,0,0,0,0
neuromorpho__S2_19.swc,2793,pyramidal,0.990235,0,2792,0,0,0,0,0,0,0,0,0,0,0,0.998348,3.12553e-05,0.998348,0.998348,0.998348,0.998348,0.998348,0,0,0,0,0,0,0,0,0.998348,0.998348,0,0,0,0,79,0.998369,0.998348,0.998348,0,0,81.4,0,0,0,0,0,0,113.16,-21.32,22.1264,195.06,202.39,0,0,0,0,0
neuromorpho__S2_2.swc,3160,pyramidal,0.942699,0,3159,0,0,0,0,0,0.00259787,0,0,0,0,0,0.87853,0.173778,0.3,0.626746,0.626746,0.633611,0.998348,0.00221519,0.0028481,0.322468,0.322468,0.322468,0,0,0,0.878492,0.626746,0.32257,0,0,0,78,0.868438,0.3,0.626746,0.346154,0.346154,90,0,0,0,0,0,0,156.76,-18.0841,26.8958,183.9,339.79,0,0,0,0,0
neuromorpho__S2_22.swc,1575,pyramidal,0.949487,0,1574,0,0,0,0,0,0,0,0,0,0,0,0.998349,4.16159e-05,0.998348,0.998348,0.998348,0.998348,0.998348,0,0,0,0,0,0,0,0,0.998348,0.998348,0,0,0,0,39,0.99839,0.998348,0.998348,0,0,99.4,0,0,0,0,0,0,100.58,-17.1462,21.4953,195.59,246.87,0,0,0,0,0
neuromorpho__S2_7.swc,1655,pyramidal,0.98865,0,1654,0,0,0,0,0,0,0,0,0,0,0,0.998349,4.05982e-05,0.998348,0.998348,0.998348,0.998348,0.998348,0,0,0,0,0,0,0,0,0.998348,0.998348,0,0,0,0,45,0.998385,0.998348,0.998348,0,0,80.6,0,0,0,0,0,0,115.72,-20.0899,21.9407,175.64,210.02,0,0,0,0,0
neuromorpho__SDGA4_slide2_neuron2.swc,1214,pyramidal,0.996349,15,291,907,0,0,0,0,0,0,0,0,0,0,0.800689,0.293914,0.3,0.3,0.3,0.588668,0.978276,0.247117,0.252059,0.277595,0.277595,0.289951,0.857653,0.857653,0,0.942813,0.620938,0.127148,0.753929,0.3,0.330761,54,0.783252,0.3,0.3,0.296296,0.296296,44.4,-6.22556,0,27.2656,3.55271e-15,18.91,9.19,49.28,14.6119,13.3488,236.85,155.64,78.65,-1.39853,16.3703,275.06,708.62
neuromorpho__SM080902A3-1.swc,7647,interneuron,0.997474,6571,1075,0,0,0,0,0,0,0,0,0,0,0,0.917098,0.224407,0.3,0.3,0.3,0.998919,0.999189,0.116778,0.116778,0.116778,0.116778,0.116778,0.9037,0.3,0.1359,0.998919,0.998919,0,0,0,0,268,0.954827,0.3,0.973127,0.0597015,0.0671642,64.9,0,267.46,-53.0803,54.2976,774.78,550.48,85.76,-20.1476,16.4784,168.11,161.62,0,0,0,0,0
neuromorpho__SM080903A2.swc,1939,interneuron,0.995544,1539,399,0,0,0,0,0,0,0,0,0,0,0,0.997581,0.0173364,0.3,0.998919,0.998919,0.999189,0.999189,0.00051573,0.00051573,0.00051573,0.00051573,0.00051573,0.997786,0.999189,0.000649773,0.996785,0.998919,0,0,0,0,104,0.995919,0.3,0.998919,0,0,42.5,0.00333333,97.87,-6.29142,18.6948,227.77,151.47,34.01,-10.235,6.80892,77.4,136.48,0,0,0,0,0
neuromorpho__SST2A-GFP-SST-VGLUT2-cell-12.swc,101,interneuron,0.647474,0,100,0,0,0,0,0,0,0,0,0,0,0,0.940739,0.00607638,0.93652,0.93652,0.939734,0.939734,0.939734,0,0,0,0,0,0,0,0,0.940146,0.939734,0,0,0,0,8,0.947115,0.93652,0.93877,0,0,24.3,0,0,0,0,0,0,8.49,-2.6169,2.30767,26.55,133.91,0,0,0,0,0
neuromorpho__SST2A-GFP-SST-VGLUT2-cell-15.swc,57,pyramidal,0.766486,0,56,0,0,0,0,0,0,0,0,0,0,0,0.9799,0.00646187,0.960774,0.960774,0.976994,0.978151,0.980058,0,0,0,0,0,0,0,0,0.979542,0.976994,0,0,0,0,8,0.980288,0.960774,0.972128,0,0,11.9,-0.04,0,0,0,0,0,17.49,8.70643,4.67973,9.59,72.46,0,0,0,0,0
neuromorpho__STRESS-1-N2.swc,337,interneuron,0.977692,0,336,0,0,0,0,0,0,0,0,0,0,0,0.998922,5.88108e-05,0.998919,0.998919,0.998919,0.998919,0.998919,0,0,0,0,0,0,0,0,0.998919,0.998919,0,0,0,0,3,0.999279,0.998919,0.998919,0,0,187.8,0,0,0,0,0,0,2,-0.145595,0.497058,27.65,51.27,0,0,0,0,0
neuromorpho__STRESS-1-N3_1.swc,356,interneuron,0.99311,0,355,0,0,0,0,0,0,0,0,0,0,0,0.998922,5.72244e-05,0.998919,0.998919,0.998919,0.998919,0.998919,0,0,0,0,0,0,0,0,0.998919,0.998919,0,0,0,0,5,0.999135,0.998919,0.998919,0,0,127,0,0,0,0,0,0,2.74,-0.0118028,0.618534,34.52,72.3,0,0,0,0,0
neuromorpho__STRESS-1-N6.swc,263,interneuron,0.850837,0,262,0,0,0,0,0,0,0,0,0,0,0,0.998923,6.65445e-05,0.998919,0.998919,0.998919,0.998919,0.998919,0,0,0,0,0,0,0,0,0.998919,0.998919,0,0,0,0,8,0.999054,0.998919,0.998919,0,0,65.6,0,0,0,0,0,0,2.81,-0.460725,0.767781,20.71,43.55,0,0,0,0,0
neuromorpho__STRESS-2-N6.swc,1430,interneuron,0.993151,0,1429,0,0,0,0,0,0,0,0,0,0,0,0.99892,2.85823e-05,0.998919,0.998919,0.998919,0.998919,0.998919,0,0,0,0,0,0,0,0,0.998919,0.998919,0,0,0,0,13,0.999002,0.998919,0.998919,0,0,295.2,0,0,0,0,0,0,11.6,1.90733,2.28033,67.6,191.65,0,0,0,0,0
neuromorpho__STRESS-2-N7_1.swc,544,interneuron,0.994521,0,543,0,0,0,0,0,0,0,0,0,0,0,0.998921,4.63147e-05,0.998919,0.998919,0.998919,0.998919,0.998919,0,0,0,0,0,0,0,0,0.998919,0.998919,0,0,0,0,6,0.999099,0.998919,0.998919,0,0,163.5,0,0,0,0,0,0,5.48,-0.859429,1.45053,36.27,87.74,0,0,0,0,0
neuromorpho__STRESS-3-N1.swc,991,interneuron,0.991268,0,990,0,0,0,0,0,0,0,0,0,0,0,0.99892,3.4329e-05,0.998919,0.998919,0.998919,0.998919,0.998919,0,0,0,0,0,0,0,0,0.998919,0.998919,0,0,0,0,14,0.998996,0.998919,0.998919,0,0,105.3,0,0,0,0,0,0,13.87,-1.53483,2.15373,59.61,82.42,0,0,0,0,0
neuromorpho__STRESS-3-N2.swc,911,interneuron,0.991522,0,910,0,0,0,0,0,0,0,0,0,0,0,0.99892,3.5803e-05,0.998919,0.998919,0.998919,0.998919,0.998919,0,0,0,0,0,0,0,0,0.998919,0.998919,0,0,0,0,9,0.999039,0.998919,0.998919,0,0,282.2,0,0,0,0,0,0,11.77,2.14742,2.54691,45.32,131.46,0,0,0,0,0
neuromorpho__STRESS-3-N3.swc,581,interneuron,0.987458,0,580,0,0,0,0,0,0,0,0,0,0,0,0.998921,4.48183e-05,0.998919,0.998919,0.998919,0.998919,0.998919,0,0,0,0,0,0,0,0,0.998919,0.998919,0,0,0,0,14,0.998996,0.998919,0.998919,0,0,99,0,0,0,0,0,0,10.95,2.43626,3.31852,35.46,97.37,0,0,0,0,0
neuromorpho__STRESS-3-N4.swc,1371,interneuron,0.995722,0,1370,0,0,0,0,0,0,0,0,0,0,0,0.99892,2.91904e-05,0.998919,0.998919,0.998919,0.998919,0.998919,0,0,0,0,0,0,0,0,0.998919,0.998919,0,0,0,0,23,0.998966,0.998919,0.998919,0,0,121,0,0,0,0,0,0,10.22,0.142022,2.01399,89.6,124.96,0,0,0,0,0
neuromorpho__STRESS-3-N6.swc,2825,interneuron,0.992013,0,2824,0,0,0,0,0,0,0,0,0,0,0,0.998919,2.03391e-05,0.998919,0.998919,0.998919,0.998919,0.998919,0,0,0,0,0,0,0,0,0.998919,0.998919,0,0,0,0,29,0.998956,0.998919,0.998919,0,0,227.2,0,0,0,0,0,0,13.17,0.513474,2.83177,175.69,182.83,0,0,0,0,0
neuromorpho__STRESS-4-N5.swc,989,interneuron,0.996691,0,988,0,0,0,0,0,0,0,0,0,0,0,0.99892,3.43637e-05,0.998919,0.998919,0.998919,0.998919,0.998919,0,0,0,0,0,0,0,0,0.998919,0.998919,0,0,0,0,11,0.999017,0.998919,0.998919,0,0,138,0,0,0,0,0,0,8.44,-0.475091,1.5669,64.63,135.22,0,0,0,0,0
neuromorpho__STRESS-5-N2.swc,788,interneuron,0.994619,0,787,0,0,0,0,0,0,0,0,0,0,0,0.99892,3.84927e-05,0.998919,0.998919,0.998919,0.998919,0.998919,0,0,0,0,0,0,0,0,0.998919,0.998919,0,0,0,0,11,0.999017,0.998919,0.998919,0,0,144,0,0,0,0,0,0,6.46,0.917294,0.85288,65.95,92.07,0,0,0,0,0
neuromorpho__STRESS-5-N4.swc,559,interneuron,0.995084,0,558,0,0,0,0,0,0,0,0,0,0,0,0.998921,4.56902e-05,0.998919,0.998919,0.998919,0.998919,0.998919,0,0,0,0,0,0,0,0,0.998919,0.998919,0,0,0,0,6,0.999099,0.998919,0.998919,0,0,165.5,0,0,0,0,0,0,11.05,2.48513,3.06886,56.16,90.3,0,0,0,0,0
neuromorpho__STRESS-5-N5.swc,687,interneuron,0.996539,0,686,0,0,0,0,0,0,0,0,0,0,0,0.99892,4.12214e-05,0.998919,0.998919,0.998919,0.998919,0.998919,0,0,0,0,0,0,0,0,0.998919,0.998919,0,0,0,0,10,0.999027,0.998919,0.998919,0,0,170.6,0,0,0,0,0,0,9.82,0.927843,2.41968,49.8,133.12,0,0,0,0,0
neuromorpho__STRESS-6-N1_1.swc,935,interneuron,0.996839,0,934,0,0,0,0,0,0,0,0,0,0,0,0.99892,3.5341e-05,0.998919,0.998919,0.998919,0.998919,0.998919,0,0,0,0,0,0,0,0,0.998919,0.998919,0,0,0,0,11,0.999017,0.998919,0.998919,0,0,213,0,0,0,0,0,0,10.8,1.12364,2.43013,88.52,134.48,0,0,0,0,0
neuromorpho__STRESS-6-N2_1.swc,1958,interneuron,0.987795,0,1957,0,0,0,0,0,0,0,0,0,0,0,0.998919,2.44287e-05,0.998919,0.998919,0.998919,0.998919,0.998919,0,0,0,0,0,0,0,0,0.998919,0.998919,0,0,0,0,18,0.998979,0.998919,0.998919,0,0,296.5,0,0,0,0,0,0,12.31,-0.816433,2.37296,82.57,280.18,0,0,0,0,0
neuromorpho__STRESS-6-N4.swc,1505,interneuron,0.993989,0,1504,0,0,0,0,0,0,0,0,0,0,0,0.998919,2.78615e-05,0.998919,0.998919,0.998919,0.998919,0.998919,0,0,0,0,0,0,0,0,0.998919,0.998919,0,0,0,0,17,0.998982,0.998919,0.998919,0,0,214.8,0,0,0,0,0,0,4.65,0.865379,1.01814,124.01,187.27,0,0,0,0,0
neuromorpho__STRESS-7-N2.swc,1257,interneuron,0.987179,0,1256,0,0,0,0,0,0,0,0,0,0,0,0.99892,3.04843e-05,0.998919,0.998919,0.998919,0.998919,0.998919,0,0,0,0,0,0,0,0,0.998919,0.998919,0,0,0,0,22,0.998968,0.998919,0.998919,0,0,112.3,0,0,0,0,0,0,12.63,3.13175,3.67915,72,175.5,0,0,0,0,0
neuromorpho__SW150113-01RabiesPHALPFC_x772_y876_z296_10.swc,514,pyramidal,0.994275,123,390,0,0,0,0,0,0,0,0,0,0,0,0.876088,0.212635,0.451195,0.488833,0.500345,0.974178,0.998348,0.0953307,0.2393,0.241245,0.241245,0.241245,0.4987,0.477496,1,0.994793,0.983256,0.0025641,0,0,0,70,0.871641,0.451195,0.500345,0.257143,0.257143,18.1,0,32.43,8.26927,7.17535,120.96,125.13,74.56,-0.681641,14.0069,164.2,225.34,0,0,0,0,0
neuromorpho__SW150113-01RabiesPHALPFC_x772_y876_z296_7.swc,1274,pyramidal,0.989143,11,1261,1,0,0,0.000784929,0.000784929,0.0170275,0,-0.000784929,0.000784929,0.000784929,0,0.719656,0.200203,0.3,0.508043,0.546988,0.554526,0.72805,0.0392465,0.443485,0.455259,0.689953,0.733909,0.89124,0.89124,0,0.717766,0.546988,0.459952,0.935583,0.935583,0,156,0.71184,0.3,0.552015,0.519231,0.730769,15,0,21.31,-9.02545,6.53585,29.64,33.39,171.56,1.53328,26.1974,295.49,482.61,0,0,0,0,0
neuromorpho__Saline03_Neuron2_CA1_PN_F_Slide3_R1_C4.swc,594,pyramidal,0.987068,0,0,593,0,0,0,0,0,0,0,0,0,0,0.978312,0.000890601,0.978276,0.978276,0.978276,0.978276,0.978276,0,0,0,0,0,0,0,0,0,0,0,0.978276,0.978276,0,52,0.978694,0.978276,0.978276,0,0,22.9,0,0,0,0,0,0,0,0,0,0,0,96.99,5.61884,19.7003,277.92,400
neuromorpho__Sept12-IR1d-40x-low-MMcorrect-res.swc,4312,pyramidal,0.969285,0,1788,2523,0,0,0,0,0,0,0,0,0,0,0.986024,0.0158446,0.620938,0.978276,0.978276,0.978276,0.978276,0,0,0.00115955,0.00115955,0.00115955,0,0,0,0.99695,0.998348,0.00279642,0.978276,0.978276,0,71,0.981829,0.620938,0.978276,0.0140845,0.0140845,141,0,0,0,0,0,0,64.16,9.4289,13.0578,242.71,235.83,88.94,8.42599,16.8128,210.66,351.76
neuromorpho__Sept12-IR3f-40x-high-MM-correct-Res.swc,8759,pyramidal,0.994736,13,3700,5045,0,0,0,0,0,0,0,0,0,0,0.885487,0.245123,0.3,0.3,0.3,0.978276,0.978276,0.148419,0.149903,0.149903,0.149903,0.149903,0.573355,0.573355,1,0.998348,0.998348,0,0.803497,0.3,0.257681,93,0.944194,0.3,0.849225,0.0537634,0.0860215,224.2,0,0.94,0.377692,0.291103,4.47,5.57,85.69,6.38971,15.1612,328.08,180.93,62.24,5.26914,9.99873,277.32,465.2
neuromorpho__Sst-IRES-Cre_Ai14-262058-05-02-01_570687314_m.swc,13768,interneuron,0.9986,11120,2647,0,0,0,0,0,0,0,0,0,0,0,0.990852,0.0756195,0.3,0.998919,0.998919,0.999189,0.999189,0.011839,0.011839,0.011839,0.011839,0.011839,0.990125,0.999189,0.0129496,0.993902,0.998919,0.00717794,0,0,0,431,0.9978,0.3,0.998919,0,0,78,0,102.76,-1.79789,18.2165,638.57,646.79,114.77,5.05998,18.5068,255.99,390.33,0,0,0,0,0
neuromorpho__Stroke-Feb23-IR1-3g-40x-low-res.swc,13390,pyramidal,0.981873,0,5723,7666,0,0,0,0,0,0,0,0,0,0,0.911823,0.215719,0.3,0.3,0.3,0.978276,0.978276,0.110381,0.110381,0.110381,0.110381,0.110381,0,0,0,0.984925,0.998348,0.0192207,0.857237,0.3,0.17845,160,0.935536,0.3,0.879466,0.075,0.075,213.2,0,0,0,0,0,0,75.11,-8.33593,15.2893,435.66,324.08,80.36,-8.36111,12.5756,419.19,651
neuromorpho__StrokeDec7IR2-2d.swc,1778,pyramidal,0.983428,0,663,1114,0,0,0,0,0,0,0,0,0,0,0.961739,0.127194,0.3,0.978276,0.978276,0.978276,0.978276,0.0354331,0.0354331,0.0354331,0.0354331,0.0354331,0,0,0,0.998348,0.998348,0,0.939917,0.978276,0.056553,78,0.951851,0.3,0.978276,0.0512821,0.0512821,44,0,0,0,0,0,0,45.53,-5.44347,8.40235,329.07,192.24,43.79,-5.1204,7.1717,274.44,457.48
neuromorpho__Strokefeb23IR3-3i40xlowres.swc,7429,pyramidal,0.690394,0,5353,2075,0,0,0,0,0.00530178,0,0,0,0,0,0.927582,0.15092,0.3,0.633611,0.633611,0.978276,0.998348,0.017499,0.017499,0.159241,0.159241,0.159241,0,0,0,0.908567,0.633611,0.220064,0.976599,0.978056,0.00240964,120,0.94035,0.3,0.624041,0.125,0.125,185.2,0,0,0,0,0,0,68.21,4.40353,12.215,332.15,444.4,66.46,5.29766,13.611,384.66,264.95
neuromorpho__Strokefeb23IR3-3j40xlowres.swc,3639,pyramidal,0.9396,28,1146,2464,0,0,0,0,0.00297542,0,0,0,0,0,0.973451,0.0848696,0.3,0.978276,0.978276,0.978276,0.978276,0.0153888,0.0153888,0.0153888,0.0153888,0.0153888,0.803188,0.3,0.214286,0.982429,0.998348,0.0226876,0.971199,0.978276,0.00974026,126,0.980667,0.3,0.964099,0,0,76.5,0,15.77,-15.8668,6.37873,184.35,144.79,74.42,-10.9227,13.0816,495.29,423.3,57.39,-2.56674,11.3454,369.56,511.45
neuromorpho__T118_NeuronC_40X_Tile_Trace_RK.swc,2752,pyramidal,0.99288,0,1209,1542,0,0,0.148983,0.148983,0.0205668,-0.148983,0.148983,0,0,0,0.874836,0.237074,0.3,0.3,0.3,0.898988,0.978276,0.142442,0.142442,0.142442,0.142442,0.272529,0,0,0,0.924587,0.856429,0.0562448,0.835747,0.3,0.210117,88,0.918328,0.3,0.834655,0.0681818,0.0681818,66.6,0,0,0,0,0,0,21.85,-8.59177,6.22021,279.56,266.57,82.41,46.0034,20.8139,291.79,767.41
neuromorpho__T34_NeuronC_40X_Tile_Trace_RK.swc,1546,pyramidal,0.90269,168,299,1078,0,0,0,0,0.0245327,0,0,0,0,0,0.767801,0.139017,0.3,0.3,0.626746,0.8044,0.8044,0.0737387,0.0737387,0.115783,0.160414,0.994179,0.739958,0.3,0.136905,0.704705,0.3,0.414716,0.789425,0.8044,0.0296846,97,0.808756,0.3,0.792143,0.0515464,0.164948,49.4,0,0.01,-0.0097619,0.00152455,341.51,325.67,0.7,-1.04582,0.326874,300.71,394.94,0.44,0.651327,0.124155,463.93,788.12
neuromorpho__T45_NeuronA_Tile_Trace_MK.swc,2532,pyramidal,0.990181,0,562,1969,0,0,0.777646,0.777646,0.223515,-0.777646,0,0.777646,0.777646,0,0.851381,0.0786492,0.631972,0.790489,0.800107,0.811034,0.823204,0,0,0.0189573,0.0821485,0.796603,0,0,0,0.968763,0.998348,0.0854093,0.817801,0.800107,0,82,0.86863,0.631972,0.793083,0.0365854,0.146341,69.7,0,0,0,0,0,0,0.2,0.151673,0.0770939,38.96,40.66,0.2,-0.340107,0.0237867,30.6,115.03
neuromorpho__T60_B_Trace_RK.swc,352,pyramidal,0.995419,15,66,270,0,0,0,0,0.019635,0,0,0,0,0,0.955545,0.0855005,0.596708,0.82413,0.83385,0.978056,0.978276,0,0.0426136,0.0426136,0.0426136,0.110795,0.596708,0.596708,1,0.998348,0.998348,0,0.964853,0.977851,0,56,0.971155,0.596708,0.978056,0.0178571,0.0178571,12.5,0,0,-0.81,2.22045e-16,9.15,42.29,0,-1.84,0,94.28,73.8,0.04,0.747407,0.00754865,212.43,239.91
neuromorpho__T60_C_Trace_RK.swc,357,pyramidal,0.989908,0,92,264,0,0,0,0,0.014911,0,0,0,0,0,0.981962,0.0125416,0.935789,0.978276,0.978276,0.978276,0.978276,0,0,0,0,0,0,0,0,0.998348,0.998348,0,0.976184,0.978276,0,66,0.982827,0.935789,0.978276,0,0,11.5,0,0,0,0,0,0,0.08,0.169565,0.0269425,85.44,101.77,2.62,1.4978,0.752343,166.06,225.21
neuromorpho__T61_NeuronC_40X_Tile_Trace_MK.swc,2189,pyramidal,0.980876,377,546,1265,0,0,0,0,0.0222468,0,0,0,0,0,0.880329,0.189225,0.3,0.3,0.792204,0.842333,0.978056,0.0849703,0.0849703,0.0849703,0.1672,0.380996,0.752625,0.3,0.135279,0.908115,0.83005,0.0128205,0.906301,0.3,0.101186,90,0.928961,0.3,0.801703,0.0222222,0.1,62.4,0,8.81,-7.19191,2.57998,278.64,243.96,1.89,-0.445549,0.586847,233.18,229.32,11.56,0.431107,1.87117,362.01,710.4
neuromorpho__T77_NeuronC_40X_Tile_Trace_RK.swc,3006,pyramidal,0.964364,0,1878,1127,0,0,0.374917,0.374917,0.102755,0,-0.374917,0.374917,0.374917,0,0.98555,0.017558,0.947597,0.955419,0.957893,0.968354,0.998348,0,0,0,0,0,0,0,0,0.998348,0.998348,0,0.96421,0.953751,0,225,0.98672,0.947597,0.958006,0,0,36.2,0,0,0,0,0,0,0.94,-0.0146805,0.123586,61.62,27.89,0,0,0,36.85,78.25
neuromorpho__T83_A_Trace_RK.swc,542,pyramidal,0.989397,20,224,297,0,0,0,0,0.00929887,0,0,0,0,0,0.949413,0.112582,0.3,0.80518,0.889189,0.977851,0.977851,0.0239852,0.0239852,0.0239852,0.0239852,0.162362,0.78814,0.3,0.25,0.993509,0.984087,0,0.926845,0.823167,0.026936,79,0.934107,0.3,0.80518,0,0.0253165,14.4,0,0,0,0,217.44,106.38,16.27,1.61241,4.57383,354.89,230.21,0,0,0,251.06,575.82
neuromorpho__T97_40X_NeuronC_Tile_Trace_MK.swc,2872,pyramidal,0.984494,343,2528,0,0,0,0,0,0,0,0,0,0,0,0.953864,0.120911,0.602863,0.631045,0.638578,0.998348,0.998348,0,0,0.119429,0.119429,0.119429,0.625873,0.602863,1,0.998348,0.998348,0,0,0,0,147,0.863721,0.602863,0.629537,0.360544,0.360544,44.4,0,0.07,0.016793,0.0168575,45.14,88.23,0.49,-0.0760601,0.107412,72.7,42.92,0,0,0,0,0
neuromorpho__TDI21301008-Cell21_L6_pia.swc,22357,interneuron,0.998561,19007,3349,0,0,0,0,0,0,0,0,0,0,0,0.991252,0.0733797,0.3,0.998919,0.998919,0.999189,0.999189,0.0111375,0.0111375,0.0111375,0.0111375,0.0111375,0.9899,0.999189,0.0131004,0.998919,0.998919,0,0,0,0,1240,0.991007,0.3,0.999189,0.0112903,0.0112903,43,0,193.82,-25.2717,36.9788,345.18,401.9,113.91,-6.00735,20.8147,221.38,357.84,0,0,0,0,0
neuromorpho__TDI21301008_cell19_pia_spine.swc,12805,interneuron,0.9979,10966,1838,0,0,0,0,0,0,0,0,0,0,0,0.99727,0.0359785,0.3,0.998919,0.998919,0.999189,0.999189,0.00265521,0.00265521,0.00265521,0.00265521,0.00265521,0.99916,0.999189,0,0.98599,0.998919,0.0184984,0,0,0,1032,0.998945,0.3,0.999189,0,0,29,0,362.36,54.1578,54.0248,236.93,499.55,158.74,-33.37,32.0547,236.33,252.43,0,0,0,0,0
neuromorpho__TDI21301009_Cell1_pia.swc,40460,interneuron,0.99823,37645,2814,0,0,0,0,0,0,0,0,0,0,0,0.99224,0.0689201,0.3,0.998919,0.999189,0.999189,0.999189,0.00981216,0.00981216,0.00981216,0.00981216,0.00981216,0.995844,0.999189,0.00467526,0.944029,0.998919,0.0785359,0,0,0,2340,0.994567,0.3,0.999189,0.00598291,0.00641026,38,0,442.21,13.588,73.1648,421.6,718.5,177.88,2.25338,34.3905,281.42,351.66,0,0,0,0,0
neuromorpho__TDI21301009_cell5_L6_pia_WM.swc,7179,interneuron,0.998568,6458,720,0,0,0,0,0,0,0,0,0,0,0,0.999144,0.000256093,0.995725,0.998919,0.998919,0.999189,0.999189,0,0,0,0,0,0.999169,0.999189,0,0.998919,0.998919,0,0,0,0,814,0.999171,0.995725,0.999189,0,0,20,0,342.98,-19.8727,68.6186,359.19,258.9,154.18,-2.38878,27.6655,182.11,307.44,0,0,0,0,0
neuromorpho__TDI21301012-cell4_pia.swc,7437,interneuron,0.998149,6540,896,0,0,0,0,0,0,0,0,0,0,0,0.999156,8.84235e-05,0.998919,0.998919,0.998919,0.999189,0.999189,0,0,0,0,0,0.999189,0.999189,0,0.998919,0.998919,0,0,0,0,804,0.999171,0.998919,0.999189,0,0,20,0,201.78,37.7317,35.7887,219.53,291.37,124.6,3.33597,24.1721,171.22,208.03,0,0,0,0,0
neuromorpho__TDI21301012_Cell1_pia.swc,23328,interneuron,0.998608,20945,2382,0,0,0,0,0,0,0,0,0,0,0,0.998232,0.0254702,0.3,0.998919,0.998919,0.999189,0.999189,0.00132888,0.00132888,0.00132888,0.00132888,0.00132888,0.999189,0.999189,0,0.989823,0.998919,0.0130143,0,0,0,2049,0.999107,0.3,0.999189,0,0,27,0,310.48,10.3398,53.5689,350.92,541.26,127.64,12.7077,19.628,280,427.36,0,0,0,0,0
neuromorpho__TDI21301012_Cell9_pia.swc,9839,interneuron,0.998476,8678,1160,0,0,0,0,0,0,0,0,0,0,0,0.999157,8.74758e-05,0.998919,0.998919,0.998919,0.999189,0.999189,0,0,0,0,0,0.999189,0.999189,0,0.998919,0.998919,0,0,0,0,1172,0.999177,0.998919,0.999189,0,0,18,0,193.56,37.7206,31.0548,249.03,261.59,122.36,-17.8322,29.4173,230.51,302.93,0,0,0,0,0
neuromorpho__TDI21301012_cell5_spine_pia.swc,10504,interneuron,0.998484,9378,1125,0,0,0,0,0,0,0,0,0,0,0,0.994367,0.0576862,0.3,0.998919,0.998919,0.999189,0.999189,0.00685453,0.00685453,0.00685453,0.00685453,0.00685453,0.993821,0.999189,0.00767754,0.998919,0.998919,0,0,0,0,818,0.99879,0.3,0.999189,0,0.00122249,29,0,209.26,-2.77697,36.168,228.2,256.04,132.27,3.18714,22.6209,127.73,174.74,0,0,0,0,0
neuromorpho__TDI21301012_cell6_spine_pia.swc,10980,interneuron,0.998378,9756,1223,0,0,0,0,0,0,0,0,0,0,0,0.986999,0.0914076,0.3,0.998919,0.998919,0.999189,0.999189,0.0173953,0.0173953,0.0173953,0.0173953,0.0173953,0.993885,0.999189,0.00758508,0.932056,0.998919,0.0956664,0,0,0,1031,0.996021,0.3,0.999189,0.00387973,0.00581959,24,0,186.36,13.068,31.044,345.17,277.81,120.26,5.84986,21.5342,195.19,206.01,0,0,0,0,0
neuromorpho__TDI21301014_Cell2_pia.swc,21194,interneuron,0.996697,18369,2824,0,0,0,0,0,0,0,0,0,0,0,0.985203,0.0977825,0.3,0.998919,0.998919,0.999189,0.999189,0.0199585,0.0199585,0.0199585,0.0199585,0.0199585,0.998694,0.999189,0.000707714,0.897447,0.3,0.145184,0,0,0,1440,0.9855,0.3,0.999189,0.0194444,0.0194444,33,0,358.42,22.0547,68.5386,395.22,411.86,189.61,3.11601,34.748,272.82,546.83,0,0,0,0,0
neuromorpho__TDI21301015_Cell2_pia.swc,21240,interneuron,0.998606,19064,2175,0,0,0,0,0,0,0,0,0,0,0,0.999161,8.20507e-05,0.998919,0.998919,0.998919,0.999189,0.999189,0,0,0,0,0,0.999189,0.999189,0,0.998919,0.998919,0,0,0,0,1419,0.999174,0.998919,0.999189,0,0,35,0,390.18,3.86211,59.134,260.59,406.23,161.69,-12.9665,26.3374,181.5,265.15,0,0,0,0,0
neuromorpho__TDI21301017-Cell11_pia.swc,14929,interneuron,0.998432,14047,881,0,0,0,0,0,0,0,0,0,0,0,0.99906,0.00811064,0.3,0.998919,0.999189,0.999189,0.999189,0.000133967,0.000133967,0.000133967,0.000133967,0.000133967,0.999168,0.999189,0,0.997332,0.998919,0.00227015,0,0,0,2154,0.999158,0.3,0.999189,0,0,16,0,340.38,-7.8741,57.5038,291.78,512.76,146.38,-11.4359,25.5866,260.23,219.33,0,0,0,0,0
neuromorpho__TDI21301017_cell3_spines_pia.swc,23426,interneuron,0.990063,21445,1980,0,0,0,0,0,0,0,0,0,0,0,0.998654,0.0188282,0.3,0.998919,0.999189,0.999189,0.999189,0.000725689,0.000725689,0.000725689,0.000725689,0.000725689,0.999184,0.999189,0,0.992918,0.998919,0.00858586,0,0,0,2219,0.998533,0.3,0.999189,0.000901307,0.000901307,24,0,291.84,-32.6333,52.4767,287.47,318.93,135.65,2.66267,25.8223,152.9,238.8,0,0,0,0,0
neuromorpho__TDI21301018_Cell3_spine_pia.swc,8998,interneuron,0.997993,8066,931,0,0,0,0,0,0,0,0,0,0,0,0.999161,8.26989e-05,0.998919,0.998919,0.998919,0.999189,0.999189,0,0,0,0,0,0.999189,0.999189,0,0.998919,0.998919,0,0,0,0,1106,0.999179,0.998919,0.999189,0,0,18,0,226.37,37.2029,41.6902,191.31,266.1,134.59,-5.38164,19.4972,147.76,184.19,0,0,0,0,0
neuromorpho__TDI301020_cell2_spine_pia.swc,13019,interneuron,0.998127,11091,1927,0,0,0,0,0,0,0,0,0,0,0,0.987115,0.0909147,0.3,0.998919,0.998919,0.999189,0.999189,0.0172056,0.0172056,0.0172056,0.0172056,0.0172056,0.999178,0.999189,0,0.917674,0.3,0.116243,0,0,0,1410,0.985101,0.3,0.999189,0.0198582,0.0198582,21,0,287.12,1.08982,49.9378,279.18,399.09,197.39,15.0444,36.0799,234.85,252.67,0,0,0,0,0
neuromorpho__TM-02-23-17-m1A-R-253-quant.swc,44375,interneuron,0.998937,40492,3882,0,0,0,0,0,0,0,0,0,0,0,0.968623,0.142848,0.3,0.998919,0.998919,0.999189,0.999189,0.0436507,0.0436507,0.0436507,0.0436507,0.0436507,0.978801,0.999189,0.0291169,0.862448,0.3,0.19526,0,0,0,929,0.984744,0.3,0.999189,0.0193757,0.0236814,113.2,0,151.96,-23.1026,29.9496,570.71,539.97,120.82,-12.1718,22.6259,276.76,490.3,0,0,0,0,0
neuromorpho__TM-11-12-13-ER.swc,20222,interneuron,0.998866,17513,2708,0,0,0,0,0,0,0,0,0,0,0,0.962018,0.156043,0.3,0.3,0.998919,0.999189,0.999189,0.052616,0.052616,0.052616,0.052616,0.052616,0.966886,0.999189,0.0456233,0.930524,0.998919,0.0978582,0,0,0,751,0.975299,0.3,0.998919,0.0319574,0.0332889,63,0,215.79,-46.6116,52.3505,500.58,484.48,97.99,2.85922,18.4422,307.88,466.68,0,0,0,0,0
neuromorpho__TM-12-11-14-ER.swc,22786,interneuron,0.998924,20686,2099,0,0,0,0,0,0,0,0,0,0,0,0.998669,0.00373748,0.927978,0.998919,0.998919,0.999189,0.999189,0,0,0,0,0,0.998716,0.999189,0,0.998209,0.998919,0,0,0,0,2640,0.9981,0.927978,0.999189,0,0,17,0,94.99,-14.5418,21.4867,213.14,200.42,50.48,-1.87192,10.5609,195.59,213.03,0,0,0,0,0
neuromorpho__TO34_LIII_mPFC_rat.swc,7323,pyramidal,0.959712,0,4820,2502,0,0,0,0,0.0451347,0,0,0,0,0,0.952973,0.114781,0.3,0.659779,0.898591,0.959071,0.998348,0.0185716,0.0185716,0.0598116,0.0598116,0.125768,0,0,0,0.966467,0.959071,0.0748963,0.926957,0.89819,0.0307754,93,0.957947,0.3,0.89827,0.0537634,0.0537634,211.2,0.32,0,0,0,0,0,226.37,-14.8177,41.7014,275.09,336.24,214.19,18.9391,47.6211,248.89,370.86
neuromorpho__TT-01-08-14-1R.swc,21664,interneuron,0.99896,19427,2236,0,0,0,0,0,0,0,0,0,0,0,0.990383,0.0770024,0.3,0.998919,0.998919,0.999189,0.999189,0.0122784,0.0122784,0.0122784,0.0122784,0.0122784,0.99897,0.999189,0,0.915774,0.3,0.118962,0,0,0,1312,0.994574,0.3,0.998919,0.00457317,0.00533537,36,0,60.47,-17.8796,11.4621,276.24,466.99,50.96,-5.24303,10.5743,145.42,222.89,0,0,0,0,0
neuromorpho__TT-01-28-14-1R.swc,14871,interneuron,0.996106,9512,5358,0,0,0,0,0,0,0,0,0,0,0,0.974954,0.122687,0.3,0.927978,0.998919,0.998919,0.999189,0.0317396,0.0317396,0.0317396,0.0317396,0.0317396,0.998691,0.999189,0,0.932808,0.927978,0.0880926,0,0,0,158,0.985776,0.3,0.995725,0.0126582,0.0189873,228.2,0,110,-21.2488,26.2505,358.32,411.51,107.5,-21.4123,21.1142,204.45,386.78,0,0,0,0,0
neuromorpho__TT-02-28-14-2R.swc,13977,interneuron,0.999103,11947,2029,0,0,0,0,0,0,0,0,0,0,0,0.993998,0.0597966,0.3,0.998919,0.998919,0.999189,0.999189,0.00736925,0.00736925,0.00736925,0.00736925,0.00736925,0.999188,0.999189,0,0.963439,0.998919,0.0507639,0,0,0,516,0.998623,0.3,0.999189,0,0,67.5,0,179.48,-19.9905,29.4784,687.84,421.82,93.98,-12.2032,17.8585,329.75,380.78,0,0,0,0,0
neuromorpho__TileScan-5_Merged_12N7-8162019_fcfc1a.swc,3430,interneuron,0.984739,0,3429,0,0,0,0,0,0,0,0,0,0,0,0.998919,1.8459e-05,0.998919,0.998919,0.998919,0.998919,0.998919,0,0,0,0,0,0,0,0,0.998919,0.998919,0,0,0,0,60,0.998937,0.998919,0.998919,0,0,133.1,0,0,0,0,0,0,29.95,-4.34683,5.06134,180.09,236.03,0,0,0,0,0
neuromorpho__V1KO_1.swc,1152,pyramidal,0.992052,0,1151,0,0,0,0,0,0,0,0,0,0,0,0.998349,4.86544e-05,0.998348,0.998348,0.998348,0.998348,0.998348,0,0,0,0,0,0,0,0,0.998348,0.998348,0,0,0,0,61,0.998375,0.998348,0.998348,0,0,42,0,0,0,0,0,0,110.89,-27.0579,23.1847,175.72,233.67,0,0,0,0,0
neuromorpho__V1KO_2.swc,689,pyramidal,0.993238,0,688,0,0,0,0,0,0,0,0,0,0,0,0.99835,6.28944e-05,0.998348,0.998348,0.998348,0.998348,0.998348,0,0,0,0,0,0,0,0,0.998348,0.998348,0,0,0,0,37,0.998393,0.998348,0.998348,0,0,41.4,0,0,0,0,0,0,101.03,-17.2293,20.0946,199.91,185.27,0,0,0,0,0
neuromorpho__V1KO_24.swc,1808,pyramidal,0.988079,0,1807,0,0,0,0,0,0,0,0,0,0,0,0.998349,3.88434e-05,0.998348,0.998348,0.998348,0.998348,0.998348,0,0,0,0,0,0,0,0,0.998348,0.998348,0,0,0,0,52,0.99838,0.998348,0.998348,0,0,74.8,0,0,0,0,0,0,121.19,-22.5673,24.6514,148.84,187.54,0,0,0,0,0
neuromorpho__V1KO_3.swc,570,pyramidal,0.880939,0,569,0,0,0,0,0,0,0,0,0,0,0,0.998351,6.91382e-05,0.998348,0.998348,0.998348,0.998348,0.998348,0,0,0,0,0,0,0,0,0.998348,0.998348,0,0,0,0,24,0.998417,0.998348,0.998348,0,0,53.4,0,0,0,0,0,0,80.58,-15.7225,16.827,178.09,258.15,0,0,0,0,0
neuromorpho__V1KO_6.swc,627,pyramidal,0.977264,0,626,0,0,0,0,0,0,0,0,0,0,0,0.998351,6.5926e-05,0.998348,0.998348,0.998348,0.998348,0.998348,0,0,0,0,0,0,0,0,0.998348,0.998348,0,0,0,0,42,0.998387,0.998348,0.998348,0,0,30.9,0,0,0,0,0,0,112.08,-19.5264,24.8787,184.54,244.47,0,0,0,0,0
neuromorpho__V1_17.swc,1681,pyramidal,0.993491,0,1680,0,0,0,0,0,0,0,0,0,0,0,0.998349,4.02832e-05,0.998348,0.998348,0.998348,0.998348,0.998348,0,0,0,0,0,0,0,0,0.998348,0.998348,0,0,0,0,52,0.99838,0.998348,0.998348,0,0,76.6,0,0,0,0,0,0,132.7,-25.5495,25.9306,165.75,208.84,0,0,0,0,0
neuromorpho__V1_2.swc,1788,pyramidal,0.986656,0,1787,0,0,0,0,0,0,0,0,0,0,0,0.998349,3.906e-05,0.998348,0.998348,0.998348,0.998348,0.998348,0,0,0,0,0,0,0,0,0.998348,0.998348,0,0,0,0,58,0.998376,0.998348,0.998348,0,0,69.5,0,0,0,0,0,0,116.02,-20.357,23.3131,173.16,155.89,0,0,0,0,0
neuromorpho__V1_22.swc,1963,pyramidal,0.969305,0,1962,0,0,0,0,0,0,0,0,0,0,0,0.998349,3.72792e-05,0.998348,0.998348,0.998348,0.998348,0.998348,0,0,0,0,0,0,0,0,0.998348,0.998348,0,0,0,0,54,0.998378,0.998348,0.998348,0,0,70.4,0,0,0,0,0,0,142.24,-32.7779,30.244,187.1,218.24,0,0,0,0,0
neuromorpho__V1_34.swc,425,pyramidal,0.98801,0,424,0,0,0,0,0,0,0,0,0,0,0,0.998352,8.00444e-05,0.998348,0.998348,0.998348,0.998348,0.998348,0,0,0,0,0,0,0,0,0.998348,0.998348,0,0,0,0,31,0.998401,0.998348,0.998348,0,0,29,0,0,0,0,0,0,149.03,-40.7636,38.5552,180.66,156.68,0,0,0,0,0
neuromorpho__V1_36.swc,1789,pyramidal,0.980821,0,1788,0,0,0,0,0,0,0,0,0,0,0,0.998349,3.9049e-05,0.998348,0.998348,0.998348,0.998348,0.998348,0,0,0,0,0,0,0,0,0.998348,0.998348,0,0,0,0,57,0.998377,0.998348,0.998348,0,0,76,0,0,0,0,0,0,130.39,-12.3381,26.486,216.02,227.43,0,0,0,0,0
neuromorpho__V1_41.swc,652,pyramidal,0.941699,0,651,0,0,0,0,0,0,0,0,0,0,0,0.99835,6.46517e-05,0.998348,0.998348,0.998348,0.998348,0.998348,0,0,0,0,0,0,0,0,0.998348,0.998348,0,0,0,0,49,0.998382,0.998348,0.998348,0,0,29.2,0,0,0,0,0,0,159.62,-24.4777,33.3834,161.63,201.22,0,0,0,0,0
neuromorpho__V1_42.swc,383,pyramidal,0.99493,0,382,0,0,0,0,0,0,0,0,0,0,0,0.998352,8.43082e-05,0.998348,0.998348,0.998348,0.998348,0.998348,0,0,0,0,0,0,0,0,0.998348,0.998348,0,0,0,0,39,0.99839,0.998348,0.998348,0,0,21.4,0,0,0,0,0,0,136.94,-28.8819,25.457,143.41,182.78,0,0,0,0,0
neuromorpho__V1_9.swc,2079,pyramidal,0.994976,0,2078,0,0,0,0,0,0,0,0,0,0,0,0.998349,3.62247e-05,0.998348,0.998348,0.998348,0.998348,0.998348,0,0,0,0,0,0,0,0,0.998348,0.998348,0,0,0,0,67,0.998373,0.998348,0.998348,0,0,78.8,0,0,0,0,0,0,114.21,-28.7636,29.3083,152.75,189.91,0,0,0,0,0
neuromorpho__V2KO_2.swc,804,pyramidal,0.993747,0,803,0,0,0,0,0,0,0,0,0,0,0,0.99835,5.82289e-05,0.998348,0.998348,0.998348,0.998348,0.998348,0,0,0,0,0,0,0,0,0.998348,0.998348,0,0,0,0,48,0.998382,0.998348,0.998348,0,0,32.2,0,0,0,0,0,0,61.79,-8.60194,12.32,172.14,182.89,0,0,0,0,0
neuromorpho__V2KO_21.swc,1013,pyramidal,0.996585,0,1012,0,0,0,0,0,0,0,0,0,0,0,0.99835,5.18821e-05,0.998348,0.998348,0.998348,0.998348,0.998348,0,0,0,0,0,0,0,0,0.998348,0.998348,0,0,0,0,66,0.998373,0.998348,0.998348,0,0,33,0,0,0,0,0,0,56.49,-8.59091,11.9091,173.87,226.89,0,0,0,0,0
neuromorpho__V2KO_27.swc,785,pyramidal,0.995438,0,784,0,0,0,0,0,0,0,0,0,0,0,0.99835,5.89285e-05,0.998348,0.998348,0.998348,0.998348,0.998348,0,0,0,0,0,0,0,0,0.998348,0.998348,0,0,0,0,48,0.998382,0.998348,0.998348,0,0,32.3,0,0,0,0,0,0,66.33,-7.00709,12.8398,199.54,213.84,0,0,0,0,0
neuromorpho__V2KO_31.swc,659,pyramidal,0.997356,0,658,0,0,0,0,0,0,0,0,0,0,0,0.99835,6.43079e-05,0.998348,0.998348,0.998348,0.998348,0.998348,0,0,0,0,0,0,0,0,0.998348,0.998348,0,0,0,0,52,0.99838,0.998348,0.998348,0,0,27,0,0,0,0,0,0,70.71,-7.18401,14.1105,186.05,237.87,0,0,0,0,0
neuromorpho__V2KO_38.swc,565,pyramidal,0.995773,0,564,0,0,0,0,0,0,0,0,0,0,0,0.998351,6.94429e-05,0.998348,0.998348,0.998348,0.998348,0.998348,0,0,0,0,0,0,0,0,0.998348,0.998348,0,0,0,0,45,0.998385,0.998348,0.998348,0,0,25.8,0,0,0,0,0,0,57.09,-9.28238,11.6491,141.53,196.05,0,0,0,0,0
neuromorpho__V2KO_5.swc,1024,pyramidal,0.99673,0,1023,0,0,0,0,0,0,0,0,0,0,0,0.99835,5.1603e-05,0.998348,0.998348,0.998348,0.998348,0.998348,0,0,0,0,0,0,0,0,0.998348,0.998348,0,0,0,0,65,0.998373,0.998348,0.998348,0,0,33.2,0,0,0,0,0,0,55.88,-11.2455,12.1113,189.3,230.36,0,0,0,0,0
neuromorpho__V2KO_8.swc,1027,pyramidal,0.992514,0,1026,0,0,0,0,0,0,0,0,0,0,0,0.99835,5.15276e-05,0.998348,0.998348,0.998348,0.998348,0.998348,0,0,0,0,0,0,0,0,0.998348,0.998348,0,0,0,0,60,0.998375,0.998348,0.998348,0,0,38.4,0,0,0,0,0,0,81.03,-12.3988,16.8291,194.14,294,0,0,0,0,0
neuromorpho__V2_1.swc,838,pyramidal,0.997715,0,837,0,0,0,0,0,0,0,0,0,0,0,0.99835,5.70369e-05,0.998348,0.998348,0.998348,0.998348,0.998348,0,0,0,0,0,0,0,0,0.998348,0.998348,0,0,0,0,66,0.998373,0.998348,0.998348,0,0,24,0,0,0,0,0,0,67.12,-11.089,14.6709,186.26,240.55,0,0,0,0,0
neuromorpho__V2_24.swc,418,pyramidal,0.997556,0,417,0,0,0,0,0,0,0,0,0,0,0,0.998352,8.07103e-05,0.998348,0.998348,0.998348,0.998348,0.998348,0,0,0,0,0,0,0,0,0.998348,0.998348,0,0,0,0,43,0.998386,0.998348,0.998348,0,0,19.6,0,0,0,0,0,0,63.32,-14.382,15.586,194.87,205.65,0,0,0,0,0
neuromorpho__V2_34.swc,773,pyramidal,0.996572,0,772,0,0,0,0,0,0,0,0,0,0,0,0.99835,5.93836e-05,0.998348,0.998348,0.998348,0.998348,0.998348,0,0,0,0,0,0,0,0,0.998348,0.998348,0,0,0,0,52,0.99838,0.998348,0.998348,0,0,31,0,0,0,0,0,0,57.83,-13.0207,12.8842,181.51,214.7,0,0,0,0,0
neuromorpho__V2_44.swc,702,pyramidal,0.995233,0,701,0,0,0,0,0,0,0,0,0,0,0,0.99835,6.23102e-05,0.998348,0.998348,0.998348,0.998348,0.998348,0,0,0,0,0,0,0,0,0.998348,0.998348,0,0,0,0,45,0.998385,0.998348,0.998348,0,0,36.2,0,0,0,0,0,0,65.88,-5.90964,13.0264,171.79,242.04,0,0,0,0,0
neuromorpho__V2_49.swc,921,pyramidal,0.996762,0,920,0,0,0,0,0,0,0,0,0,0,0,0.99835,5.44091e-05,0.998348,0.998348,0.998348,0.998348,0.998348,0,0,0,0,0,0,0,0,0.998348,0.998348,0,0,0,0,52,0.99838,0.998348,0.998348,0,0,35,0,0,0,0,0,0,63.77,-14.1917,14.0726,198.56,213.45,0,0,0,0,0
neuromorpho__V2_54.swc,476,pyramidal,0.992912,0,475,0,0,0,0,0,0,0,0,0,0,0,0.998351,7.56444e-05,0.998348,0.998348,0.998348,0.998348,0.998348,0,0,0,0,0,0,0,0,0.998348,0.998348,0,0,0,0,51,0.99838,0.998348,0.998348,0,0,20,0,0,0,0,0,0,66.06,-12.927,13.1487,208.73,242.7,0,0,0,0,0
neuromorpho__V2_6.swc,561,pyramidal,0.997077,0,560,0,0,0,0,0,0,0,0,0,0,0,0.998351,6.96896e-05,0.998348,0.998348,0.998348,0.998348,0.998348,0,0,0,0,0,0,0,0,0.998348,0.998348,0,0,0,0,66,0.998373,0.998348,0.998348,0,0,17,0,0,0,0,0,0,58.47,-10.679,12.6352,211.79,277.6,0,0,0,0,0
neuromorpho__VS9-cobalt.swc,327,interneuron,0.785511,51,275,0,0,0,0,0,0,0,0,0,0,0,0.781678,0.251268,0.3,0.3,0.3,0.547771,0.927978,0.171254,0.287462,0.287462,0.287462,0.287462,0.961359,0.952625,0,0.747561,0.3,0.341818,0,0,0,142,0.82613,0.3,0.547771,0.21831,0.225352,4,14.0821,31.1,-111.157,7.77898,89.802,38.396,135.6,-5.81414,36.1536,525.451,484.863,0,0,0,0,0
neuromorpho__Vert-01.swc,482,pyramidal,0.976435,51,344,86,0,0,0.178423,0.178423,0.0265294,0,-0.178423,0.178423,0.178423,0,0.959344,0.0619529,0.85566,0.856908,0.858618,0.870305,0.998348,0,0,0,0,0.284232,0.862538,0.862538,0,0.998348,0.998348,0,0.860261,0.856089,0,35,0.96722,0.85566,0.860186,0,0,25.4,0,27.9,-20.2694,8.23246,6.13,122.6,52.18,-20.5108,12.5855,135.54,85.24,41.99,-6.61047,12.6391,21.36,88.84
neuromorpho__Vip-IRES-Cre_Ai14_IVSCC_-253382-05-01-01_556384349_m.swc,5411,interneuron,0.991315,2326,3084,0,0,0,0,0,0,0,0,0,0,0,0.988282,0.0176645,0.547771,0.973127,0.973127,0.973127,0.998919,0,0.000739235,0.000739235,0.000739235,0.000739235,0.974173,0.973127,0.00171969,0.998919,0.998919,0,0,0,0,210,0.984466,0.547771,0.973127,0.0047619,0.0047619,47.3,0,72.84,7.34834,10.9938,204.53,504.76,83.68,11.9462,14.4399,189.22,550.38,0,0,0,0,0
neuromorpho__Vip-IRES-Cre_Ai14_IVSCC_-264875-06-01-01_653337413_m.swc,5787,interneuron,0.997537,4233,1553,0,0,0,0,0,0,0,0,0,0,0,0.979898,0.113918,0.3,0.998919,0.998919,0.998919,0.999189,0.0273026,0.0273026,0.0273026,0.0273026,0.0273026,0.999003,0.999189,0,0.927812,0.3,0.101739,0,0,0,173,0.981862,0.3,0.998919,0.0231214,0.0231214,81.8,0,71.26,7.45793,13.7021,516.38,358.35,36.95,5.25458,6.57234,147.92,565.48,0,0,0,0,0
neuromorpho__Vipr2-IRES2-Cre_Ai14-304184-04-01-01_601947998_m.swc,23490,interneuron,0.997374,20210,3279,0,0,0,0,0,0,0,0,0,0,0,0.969335,0.141214,0.3,0.998919,0.998919,0.999189,0.999189,0.0426139,0.0426139,0.0426139,0.0426139,0.0426139,0.977122,0.999189,0.031519,0.921332,0.3,0.111009,0,0,0,612,0.990891,0.3,0.998919,0.00816993,0.0163399,90.9,0,172.16,-31.0459,28.544,507.36,758.4,136.67,-15.2161,17.7021,219.5,367.44,0,0,0,0,0
neuromorpho__Vipr2-IRES2-Cre_Slc32a1-T2A-FlpO_Ai65-315069-05-01-01_638206442_m.swc,10597,interneuron,0.998707,9183,1413,0,0,0,0,0,0,0,0,0,0,0,0.996053,0.0464586,0.3,0.998919,0.998919,0.999189,0.999189,0.00443522,0.00443522,0.00443522,0.00443522,0.00443522,0.999189,0.999189,0,0.975671,0.998919,0.0332626,0,0,0,485,0.998816,0.3,0.999189,0,0,44.6,0,95.36,10.5229,19.7224,299.51,335.59,80.8,-0.427863,8.75092,182.95,312.24,0,0,0,0,0
neuromorpho__Vipr2-IRES2-Cre_Slc32a1-T2A-FlpO_Ai65-315072-05-01-01_638976782_m.swc,14339,interneuron,0.99891,12503,1835,0,0,0,0,0,0,0,0,0,0,0,0.98755,0.0893239,0.3,0.998919,0.998919,0.999189,0.999189,0.0165981,0.0165981,0.0165981,0.0165981,0.0165981,0.987222,0.999189,0.0171159,0.989778,0.998919,0.013079,0,0,0,570,0.996049,0.3,0.999189,0.00350877,0.00526316,52,0,164.59,-36.7107,35.1071,472.68,548.38,72.19,1.41472,14.5142,237.16,296.19,0,0,0,0,0
neuromorpho__Vipr2-IRES2-Cre_Slc32a1-T2A-FlpO_Ai65-343382-04-02-01_640109715_m.swc,11067,interneuron,0.998012,10059,1007,0,0,0,0,0,0,0,0,0,0,0,0.994939,0.0533089,0.3,0.998919,0.998919,0.999189,0.999189,0.0056926,0.00605403,0.00605403,0.00605403,0.00605403,0.99454,0.999189,0.0066607,0.998919,0.998919,0,0,0,0,549,0.997649,0.3,0.999189,0.00182149,0.00364299,42.2,0,114.56,-16.9677,21.1768,365.71,380.61,51.24,-3.54197,8.82025,233.92,234.68,0,0,0,0,0
neuromorpho__WT-set1-001.swc,2003,pyramidal,0.994662,0,2002,0,0,0,0,0,0,0,0,0,0,0,0.998349,3.69052e-05,0.998348,0.998348,0.998348,0.998348,0.998348,0,0,0,0,0,0,0,0,0.998348,0.998348,0,0,0,0,102,0.998364,0.998348,0.998348,0,0,40.8,0,0,0,0,0,0,0,0,0,312.13,393.47,0,0,0,0,0
neuromorpho__WT-set1-004.swc,1237,pyramidal,0.994741,0,1236,0,0,0,0,0,0,0,0,0,0,0,0.998349,4.69544e-05,0.998348,0.998348,0.998348,0.998348,0.998348,0,0,0,0,0,0,0,0,0.998348,0.998348,0,0,0,0,72,0.998371,0.998348,0.998348,0,0,32.8,0,0,0,0,0,0,0,0,0,294.03,311.34,0,0,0,0,0
neuromorpho__WT-set1-010.swc,1587,pyramidal,0.997128,0,1586,0,0,0,0,0,0,0,0,0,0,0,0.998349,4.14583e-05,0.998348,0.998348,0.998348,0.998348,0.998348,0,0,0,0,0,0,0,0,0.998348,0.998348,0,0,0,0,112,0.998363,0.998348,0.998348,0,0,26.9,0,0,0,0,0,0,0,0,0,254.76,366.39,0,0,0,0,0
neuromorpho__WT-set2-002.swc,2063,pyramidal,0.995365,0,2062,0,0,0,0,0,0,0,0,0,0,0,0.992084,0.0114347,0.953981,0.965882,0.976994,0.998348,0.998348,0,0,0,0,0,0,0,0,0.99208,0.976994,0,0,0,0,124,0.992288,0.953981,0.976994,0,0,34.4,0,0,0,0,0,0,0,0,0,364.85,335.77,0,0,0,0,0
neuromorpho__WT-set2-003.swc,1615,pyramidal,0.996077,0,1614,0,0,0,0,0,0,0,0,0,0,0,0.987106,0.0878919,0.3,0.998348,0.998348,0.998348,0.998348,0.0160991,0.0160991,0.0160991,0.0160991,0.0160991,0,0,0,0.987098,0.998348,0.016109,0,0,0,67,0.995866,0.3,0.998348,0,0,65.4,0,0,0,0,0,0,0,0,0,370.88,389.69,0,0,0,0,0
neuromorpho__WT-set3-006.swc,991,pyramidal,0.997134,0,990,0,0,0,0,0,0,0,0,0,0,0,0.99835,5.24543e-05,0.998348,0.998348,0.998348,0.998348,0.998348,0,0,0,0,0,0,0,0,0.998348,0.998348,0,0,0,0,52,0.99838,0.998348,0.998348,0,0,40.9,0,0,0,0,0,0,0,0,0,246.85,306.22,0,0,0,0,0
neuromorpho__WT-set3-008.swc,1557,pyramidal,0.996328,0,1556,0,0,0,0,0,0,0,0,0,0,0,0.994348,0.0467852,0.3,0.984087,0.998348,0.998348,0.998348,0.00449583,0.00449583,0.00449583,0.00449583,0.00449583,0,0,0,0.994345,0.998348,0.00449871,0,0,0,100,0.997748,0.3,0.998348,0,0,35,0,0,0,0,0,0,0,0,0,352.57,348.58,0,0,0,0,0
neuromorpho__WT2-N2-2_1.swc,1386,pyramidal,0.995307,0,1385,0,0,0,0,0,0,0,0,0,0,0,0.998349,4.43607e-05,0.998348,0.998348,0.998348,0.998348,0.998348,0,0,0,0,0,0,0,0,0.998348,0.998348,0,0,0,0,60,0.998375,0.998348,0.998348,0,0,45.1,0,0,0,0,0,0,0,0,0,76.28,121.5,0,0,0,0,0
neuromorpho__WT2-Neuron1_a.swc,19,pyramidal,0.97939,10,8,0,0,0,0,0,0,0,0,0,0,0,0.84568,0.173643,0.541549,0.541549,0.541549,0.788929,0.974601,0,0.210526,0.210526,0.421053,0.421053,0.974601,0.974601,0,0.665239,0.541549,0.5,0,0,0,4,0.82627,0.541549,0.615763,0.25,0.5,8.2,0,8.59,-3.154,3.03239,58.09,32.75,16.35,-5.86,7.49437,22.69,28.86,0,0,0,0,0
neuromorpho__WT2-Neuron1_d.swc,23,pyramidal,0.990543,8,14,0,0,0,0,0,0,0,0,0,0,0,0.892398,0.163225,0.586212,0.586212,0.586212,0.933004,0.99196,0,0.217391,0.217391,0.217391,0.217391,0.99196,0.99196,0,0.827819,0.586212,0.357143,0,0,0,5,0.901905,0.586212,0.724929,0.2,0.2,6.8,0,9.67,3.48625,4.51233,7.19,33.22,25.6,-13.7914,8.82426,16.51,26.53,0,0,0,0,0
neuromorpho__WT3-N1-3_final.swc,1456,pyramidal,0.994264,0,1455,0,0,0,0,0,0,0,0,0,0,0,0.998349,4.3282e-05,0.998348,0.998348,0.998348,0.998348,0.998348,0,0,0,0,0,0,0,0,0.998348,0.998348,0,0,0,0,68,0.998372,0.998348,0.998348,0,0,47.3,0,0,0,0,0,0,0,0,0,61.92,99.47,0,0,0,0,0
neuromorpho__WT3-N6-2_final.swc,1056,pyramidal,0.996243,0,1055,0,0,0,0,0,0,0,0,0,0,0,0.998349,5.08159e-05,0.998348,0.998348,0.998348,0.998348,0.998348,0,0,0,0,0,0,0,0,0.998348,0.998348,0,0,0,0,48,0.998382,0.998348,0.998348,0,0,43.3,0,0,0,0,0,0,0,0,0,56.63,85.99,0,0,0,0,0
neuromorpho__WT3-N7-2_final.swc,1478,pyramidal,0.99667,0,1477,0,0,0,0,0,0,0,0,0,0,0,0.998349,4.29589e-05,0.998348,0.998348,0.998348,0.998348,0.998348,0,0,0,0,0,0,0,0,0.998348,0.998348,0,0,0,0,70,0.998371,0.998348,0.998348,0,0,49.1,0,0,0,0,0,0,0,0,0,77.84,81.13,0,0,0,0,0
neuromorpho__WT3-N8-3_final.swc,979,pyramidal,0.997614,0,978,0,0,0,0,0,0,0,0,0,0,0,0.99835,5.27745e-05,0.998348,0.998348,0.998348,0.998348,0.998348,0,0,0,0,0,0,0,0,0.998348,0.998348,0,0,0,0,37,0.998393,0.998348,0.998348,0,0,60,0,0,0,0,0,0,0,0,0,63.45,102.46,0,0,0,0,0
neuromorpho__WT3-n10-5_final.swc,1342,pyramidal,0.996203,0,1341,0,0,0,0,0,0,0,0,0,0,0,0.998349,4.50816e-05,0.998348,0.998348,0.998348,0.998348,0.998348,0,0,0,0,0,0,0,0,0.998348,0.998348,0,0,0,0,40,0.998389,0.998348,0.998348,0,0,68.1,0,0,0,0,0,0,0,0,0,78.28,129.3,0,0,0,0,0
neuromorpho__WT3-n4-2_1.swc,1924,pyramidal,0.994425,0,1923,0,0,0,0,0,0,0,0,0,0,0,0.998349,3.76549e-05,0.998348,0.998348,0.998348,0.998348,0.998348,0,0,0,0,0,0,0,0,0.998348,0.998348,0,0,0,0,52,0.99838,0.998348,0.998348,0,0,84.7,0,0,0,0,0,0,0,0,0,78.77,131.59,0,0,0,0,0
neuromorpho__WT3-n6-3_final.swc,1301,pyramidal,0.993985,0,1300,0,0,0,0,0,0,0,0,0,0,0,0.998349,4.57859e-05,0.998348,0.998348,0.998348,0.998348,0.998348,0,0,0,0,0,0,0,0,0.998348,0.998348,0,0,0,0,44,0.998385,0.998348,0.998348,0,0,66.4,0,0,0,0,0,0,0,0,0,80.44,97.41,0,0,0,0,0
neuromorpho__WT3-neuron3.swc,150,interneuron,0.765844,0,149,0,0,0,0,0,0,0,0,0,0,0,0.998926,8.79872e-05,0.998919,0.998919,0.998919,0.998919,0.998919,0,0,0,0,0,0,0,0,0.998919,0.998919,0,0,0,0,10,0.999027,0.998919,0.998919,0,0,34.6,0,0,0,0,0,0,17.04,-6.3206,3.54071,204.41,130.76,0,0,0,0,0
neuromorpho__WT4-N1-4_final.swc,1178,pyramidal,0.996666,0,1177,0,0,0,0,0,0,0,0,0,0,0,0.998349,4.81149e-05,0.998348,0.998348,0.998348,0.998348,0.998348,0,0,0,0,0,0,0,0,0.998348,0.998348,0,0,0,0,50,0.998381,0.998348,0.998348,0,0,45.2,0,0,0,0,0,0,0,0,0,61.26,94.6,0,0,0,0,0
neuromorpho__WT4-N3-3_final.swc,1276,pyramidal,0.994904,0,1275,0,0,0,0,0,0,0,0,0,0,0,0.998349,4.62319e-05,0.998348,0.998348,0.998348,0.998348,0.998348,0,0,0,0,0,0,0,0,0.998348,0.998348,0,0,0,0,50,0.998381,0.998348,0.998348,0,0,54.2,0,0,0,0,0,0,0,0,0,85.79,117.54,0,0,0,0,0
neuromorpho__WT4-N8-2_final.swc,1360,pyramidal,0.995615,0,1359,0,0,0,0,0,0,0,0,0,0,0,0.998349,4.47824e-05,0.998348,0.998348,0.998348,0.998348,0.998348,0,0,0,0,0,0,0,0,0.998348,0.998348,0,0,0,0,56,0.998377,0.998348,0.998348,0,0,52.5,0,0,0,0,0,0,0,0,0,65.91,100.9,0,0,0,0,0
neuromorpho__WT4-n13-2_final.swc,587,pyramidal,0.994817,0,586,0,0,0,0,0,0,0,0,0,0,0,0.998351,6.81315e-05,0.998348,0.998348,0.998348,0.998348,0.998348,0,0,0,0,0,0,0,0,0.998348,0.998348,0,0,0,0,27,0.998409,0.998348,0.998348,0,0,43,0,0,0,0,0,0,0,0,0,59.47,85.84,0,0,0,0,0
neuromorpho__WT4-n14-3_final.swc,1197,pyramidal,0.997191,0,1196,0,0,0,0,0,0,0,0,0,0,0,0.998349,4.77319e-05,0.998348,0.998348,0.998348,0.998348,0.998348,0,0,0,0,0,0,0,0,0.998348,0.998348,0,0,0,0,52,0.99838,0.998348,0.998348,0,0,54.5,0,0,0,0,0,0,0,0,0,64.08,78.12,0,0,0,0,0
neuromorpho__WT4-n5-1_final.swc,1812,pyramidal,0.99263,0,1811,0,0,0,0,0,0,0,0,0,0,0,0.998349,3.88006e-05,0.998348,0.998348,0.998348,0.998348,0.998348,0,0,0,0,0,0,0,0,0.998348,0.998348,0,0,0,0,74,0.99837,0.998348,0.998348,0,0,49.4,0,0,0,0,0,0,0,0,0,88.76,106,0,0,0,0,0
neuromorpho__WT4-n9-4_final.swc,656,pyramidal,0.996653,0,655,0,0,0,0,0,0,0,0,0,0,0,0.99835,6.44546e-05,0.998348,0.998348,0.998348,0.998348,0.998348,0,0,0,0,0,0,0,0,0.998348,0.998348,0,0,0,0,29,0.998405,0.998348,0.998348,0,0,39.4,0,0,0,0,0,0,0,0,0,45.32,68.31,0,0,0,0,0
neuromorpho__WT_13.swc,2148,pyramidal,0.977032,0,873,1274,0,0,0,0,0,0,0,0,0,0,0.907288,0.162904,0.3,0.628145,0.633611,0.953981,0.978276,0.0344507,0.0344507,0.168063,0.168994,0.168994,0,0,0,0.839328,0.633611,0.360825,0.953784,0.978276,0.0361068,92,0.903647,0.3,0.633611,0.184783,0.217391,59.7,0,0,0,0,0,0,54,-2.77411,12.5151,265.99,212.7,53,-9.29435,11.3586,221.78,658.82
neuromorpho__WT_1_2.swc,2913,pyramidal,0.972713,128,1658,1126,0,0,0,0,0.00787528,0,0,0,0,0,0.960833,0.131692,0.3,0.938242,0.978276,0.978276,0.983724,0.0377618,0.0377618,0.0377618,0.0377618,0.0377618,0.938242,0.938242,0,0.965058,0.983724,0.0458384,0.957145,0.978276,0.0301954,41,0.984086,0.3,0.963925,0,0,166,0,0,0,0,15.57,99.1,0,0,0,231.34,207.09,0,0,0,164.63,431.59
neuromorpho__WT_1_3.swc,2940,pyramidal,0.990737,0,1601,1338,0,0,0.455102,0.455102,0.0641711,0,-0.455102,0.455102,0.455102,0,0.929788,0.133405,0.3,0.870262,0.875175,0.895932,0.998348,0.0367347,0.0367347,0.0367347,0.0367347,0.292517,0,0,0,0.998346,0.998348,0,0.847701,0.870262,0.0807175,40,0.945549,0.3,0.871191,0,0.025,156.9,0,0,0,0,0,0,0,0,0,181.1,334.15,0,0,0,142.35,429.5
neuromorpho__WT_1_4.swc,2623,pyramidal,0.974997,63,1505,1054,0,0,0,0,0.0376195,0,0,0,0,0,0.924792,0.160837,0.3,0.620938,0.620938,0.978276,0.978276,0.037743,0.037743,0.11666,0.140679,0.140679,0.792314,0.792314,0,0.946438,0.620938,0.137542,0.90173,0.92291,0.0939279,36,0.957446,0.3,0.922934,0.0277778,0.0833333,196,0,0,0,0,37.26,16.22,0,0,0,227.7,296.32,0,0,0,199.73,402.13
neuromorpho__WT_4.swc,2480,pyramidal,0.994682,12,681,1786,0,0,0,0,0,0,0,0,0,0,0.929957,0.178031,0.3,0.3,0.978276,0.978276,0.978276,0.0697581,0.0697581,0.0846774,0.0895161,0.0895161,0.792143,0.792143,0,0.97787,0.984087,0.0543319,0.912575,0.978276,0.0968645,116,0.961822,0.3,0.978276,0.0258621,0.0517241,47,0,6.96,-0.3975,2.47453,17.66,24.4,38.98,-11.8808,8.85064,246.27,215.91,71.97,-19.879,15.1365,255.6,492.14
neuromorpho__WT_6.swc,1610,pyramidal,0.995911,0,457,1152,0,0,0,0,0.0162985,0,0,0,0,0,0.976097,0.0590265,0.3,0.978151,0.978276,0.978276,0.978276,0.00496894,0.00931677,0.0130435,0.0130435,0.0130435,0,0,0,0.982425,0.965678,0.0284464,0.973566,0.978276,0.00694444,84,0.973603,0.3,0.978276,0.0238095,0.0238095,41.7,0.0833333,0,0,0,0,0,46,-4.3232,10.5995,215.38,175.73,82.98,-19.137,20.2376,173.94,506.37
neuromorpho__WT_7.swc,2666,pyramidal,0.991463,0,615,2050,0,0,0,0,0,0,0,0,0,0,0.973246,0.0813959,0.3,0.978276,0.978276,0.978276,0.978276,0.0142536,0.0142536,0.0142536,0.0142536,0.0142536,0,0,0,0.998348,0.998348,0,0.965703,0.978276,0.0185366,141,0.982636,0.3,0.978276,0,0.0070922,41,0,0,0,0,0,0,28,-5.4539,6.25337,210.04,184.97,63.7,-23.22,14.3793,325.47,619.75
neuromorpho__WT_8.swc,1568,pyramidal,0.994379,0,475,1092,0,0,0,0,0,0,0,0,0,0,0.971932,0.0829064,0.3,0.978276,0.978276,0.978276,0.978276,0.0114796,0.0114796,0.0242347,0.0242347,0.0242347,0,0,0,0.982991,0.998348,0.0421053,0.967096,0.978276,0.0164835,78,0.978612,0.3,0.978276,0.0128205,0.0128205,40.6,0,0,0,0,0,0,27.98,-3.56019,6.53701,164.36,253.79,60.94,-16.8084,10.8218,198.1,653.79
neuromorpho__Wang_Lefebvre_Cell10.swc,8262,interneuron,0.998046,0,8261,0,0,0,0,0,0,0,0,0,0,0,0.961973,0.0384988,0.6,0.927978,0.927978,0.927978,0.927978,0,0,0.00193658,0.00193658,0.00266279,0,0,0,0.961968,0.927978,0.00193681,0,0,0,486,0.95585,0.6,0.927978,0.00411523,0.00411523,37,0,0,0,0,0,0,76.12,-1.63118,8.69663,161.72,153.16,0,0,0,0,0
neuromorpho__Wang_Lefebvre_Cell76.swc,6984,interneuron,0.998071,2552,4431,0,0,0,0,0,0,0,0,0,0,0,0.996725,0.00690698,0.973127,0.973127,0.995725,0.998919,0.998919,0,0,0,0,0,0.992914,0.973127,0,0.998919,0.998919,0,0,0,0,653,0.998078,0.973127,0.998919,0,0,24,0,58.17,2.02679,12.5728,105.94,149.94,30.56,-1.93585,3.89369,94.36,201.95,0,0,0,0,0
neuromorpho__Wang_Lefebvre_Cell8.swc,9845,interneuron,0.997669,0,9844,0,0,0,0,0,0,0,0,0,0,0,0.977086,0.0327441,0.927978,0.927978,0.927978,0.927978,0.998919,0,0,0,0,0,0,0,0,0.977083,0.927978,0,0,0,0,529,0.989936,0.927978,0.927978,0,0,42.2,0,0,0,0,0,0,34.12,-1.70726,4.01526,160.91,146.28,0,0,0,0,0
neuromorpho__X043_S2_Z2_C01.swc,709,pyramidal,0.992063,0,497,211,0,0,0,0,0,0,0,0,0,0,0.984723,0.073706,0.3,0.978276,0.978276,0.978276,0.998348,0.0112835,0.0112835,0.0112835,0.0112835,0.0112835,0,0,0,0.998348,0.998348,0,0.952559,0.978276,0.0379147,62,0.99286,0.3,0.978276,0,0,27.8,0.336667,0,0,0,0,0,53.29,2.39877,13.6315,181.77,194.73,35.56,4.19494,8.36471,97.34,283.59
neuromorpho__X043_S3_Z4_C02.swc,649,pyramidal,0.982465,0,432,216,0,0,0,0,0.0421928,0,0,0,0,0,0.97768,0.0428045,0.797212,0.910143,0.916346,0.977851,0.998348,0,0,0,0.0338983,0.0338983,0,0,0,0.998348,0.998348,0,0.93624,0.852837,0,50,0.981375,0.797212,0.921275,0,0.02,29.1,0.153333,0,0,0,0,0,33.44,-4.13345,7.46175,252.6,206.18,35.34,-5.25931,8.34042,279.21,175.2
neuromorpho__X043_S4_Z4_C02.swc,692,pyramidal,0.990445,0,304,387,0,0,0,0,0,0,0,0,0,0,0.987125,0.00996819,0.978276,0.978276,0.978276,0.978276,0.978276,0,0,0,0,0,0,0,0,0.998348,0.998348,0,0.978276,0.978276,0,43,0.986717,0.978276,0.978276,0,0,36,1.06,0,0,0,0,0,32.03,9.33237,6.88893,345.81,168.61,34.3,6.54124,8.04177,170.94,423.45
neuromorpho__X043_S4_Z5_C01.swc,648,pyramidal,0.955701,0,355,292,0,0,0,0,0,0,0,0,0,0,0.979801,0.0485902,0.597788,0.978276,0.978276,0.978276,0.984087,0,0.0154321,0.0154321,0.0154321,0.0154321,0,0,0,0.980999,0.984087,0.028169,0.978276,0.978276,0,52,0.979777,0.597788,0.978276,0.0192308,0.0192308,31.3,0.153333,0,0,0,0,0,34.31,-6.33043,8.54135,223.37,295.62,35.74,-9.92775,6.87375,130.22,397.31
neuromorpho__X043_S5_Z2_C05_20x.swc,942,pyramidal,0.988845,0,540,401,0,0,0,0,0,0,0,0,0,0,0.989805,0.00992621,0.978276,0.978276,0.978276,0.978276,0.998348,0,0,0,0,0,0,0,0,0.998348,0.998348,0,0.978276,0.978276,0,58,0.990417,0.978276,0.978276,0,0,38.3,-0.566667,0,0,0,0,0,45.19,-4.58081,8.22498,370.83,252.27,40.9,-5.26211,8.7183,247.19,300.15
neuromorpho__X043_S5_Z5_C02_20x.swc,677,pyramidal,0.990602,0,293,383,0,0,0,0,0,0,0,0,0,0,0.863217,0.118476,0.744306,0.754381,0.754808,0.756097,0.768902,0,0,0,0.565731,0.565731,0,0,0,0.998348,0.998348,0,0.759483,0.754381,0,44,0.884401,0.744306,0.754808,0,0.477273,31.4,5.60333,0,0,0,0,0,50.43,8.97018,10.1072,219.3,199.28,35.74,5.46938,8.76242,281.89,210.37
neuromorpho__X043_S7_Z3_C01.swc,651,pyramidal,0.979197,0,490,160,0,0,0,0,0.00208025,0,0,0,0,0,0.984841,0.0768862,0.3,0.978276,0.978276,0.987306,0.998348,0.0122888,0.0122888,0.0122888,0.0122888,0.0122888,0,0,0,0.998032,0.998348,0,0.944349,0.978276,0.05,44,0.991487,0.3,0.978276,0,0,36.8,-3.10333,0,0,0,0,0,53.09,10.5836,12.795,225.16,327.41,48.01,13.2471,12.1893,72.29,235.67
neuromorpho__X046_S1_Z2_C03.swc,523,pyramidal,0.931324,0,379,143,0,0,0,0,0,0,0,0,0,0,0.872058,0.205927,0.513477,0.528673,0.541057,0.541057,0.998348,0,0.273423,0.273423,0.273423,0.273423,0,0,0,0.998348,0.998348,0,0.536452,0.528673,1,27,0.878372,0.513477,0.541057,0.259259,0.259259,40.2,0.506667,0,0,0,0,0,30.33,3.41766,5.11543,254.27,182.15,21.75,4.95459,4.80633,95.93,283.2
neuromorpho__X046_S1_Z2_C05.swc,660,pyramidal,0.991599,0,355,304,0,0,0.460606,0.460606,0.156622,0,-0.460606,0.460606,0.460606,0,0.967151,0.0276616,0.633611,0.93373,0.937544,0.94314,0.978151,0,0,0.00151515,0.00151515,0.00151515,0,0,0,0.980492,0.938286,0.0028169,0.951463,0.93373,0,58,0.961676,0.633611,0.937135,0.0172414,0.0172414,23.3,1.30667,0,0,0,0,0,28.67,-0.911399,5.94884,298.69,197.34,32.46,-0.462127,8.01332,203.3,218
neuromorpho__X046_S4_Z1_C01_20X.swc,606,pyramidal,0.971068,0,315,290,0,0,0,0,0,0,0,0,0,0,0.988745,0.0100296,0.978276,0.978276,0.978276,0.978276,0.998348,0,0,0,0,0,0,0,0,0.998348,0.998348,0,0.978276,0.978276,0,44,0.99063,0.978276,0.978276,0,0,29.1,-1.54667,0,0,0,0,0,34.91,-8.3514,6.88967,200.47,227.68,34.64,-4.38589,6.19346,177.58,349.43
neuromorpho__X046_S5_Z1_C04_20x.swc,500,pyramidal,0.992164,0,289,210,0,0,0,0,0,0,0,0,0,0,0.989921,0.0099098,0.978276,0.978276,0.978276,0.978276,0.998348,0,0,0,0,0,0,0,0,0.998348,0.998348,0,0.978276,0.978276,0,37,0.99134,0.978276,0.978276,0,0,30.6,0.136667,0,0,0,0,0,39.41,-0.0773587,9.08766,183.55,278.29,29.06,-2.33371,4.98328,296.69,188.2
neuromorpho__X046_S5_Z2.swc,552,pyramidal,0.971738,124,427,0,0,0,0,0,0,0,0,0,0,0,0.789442,0.237569,0.40492,0.446295,0.47843,0.539047,0.998348,0.108696,0.365942,0.442029,0.442029,0.442029,0.529176,0.424817,1,0.86453,0.500366,0.28103,0,0,0,41,0.719775,0.40492,0.446295,0.585366,0.585366,30,0.413333,22.49,-10.4567,5.14434,105.76,177.39,32.04,-2.38022,6.29221,257.88,387.2,0,0,0,0,0
neuromorpho__X046_S5_Z5_C01.swc,271,pyramidal,0.99606,4,169,97,0,0,0,0,0,0,0,0,0,0,0.964618,0.0699211,0.584627,0.953981,0.974178,0.977851,0.978151,0,0.0184502,0.0332103,0.0332103,0.0479705,0.810565,0.810565,0,0.960511,0.953981,0.0532544,0.97776,0.977851,0,41,0.957811,0.584627,0.953981,0.0487805,0.0487805,14,0.49,3.66,5.03,1.32929,0.57,12.12,45.88,-9.50272,8.49366,299.85,130.31,41.8,-8.38103,8.44642,108.65,218.66
neuromorpho__X046_S5_Z6_C02.swc,566,pyramidal,0.993689,0,326,239,0,0,0,0,0,0,0,0,0,0,0.989875,0.00991671,0.978276,0.978276,0.978276,0.978276,0.998348,0,0,0,0,0,0,0,0,0.998348,0.998348,0,0.978276,0.978276,0,38,0.990468,0.978276,0.978276,0,0,35.9,1.495,0,0,0,0,0,35.57,-4.66613,10.1313,224.34,208.85,37.07,-2.92709,7.33323,266.17,211.06
neuromorpho__YG-03-01-18-2-R-390-quant.swc,9837,interneuron,0.998734,7898,1938,0,0,0,0,0,0,0,0,0,0,0,0.976097,0.124581,0.3,0.998919,0.998919,0.999189,0.999189,0.0328352,0.0328352,0.0328352,0.0328352,0.0328352,0.971644,0.999189,0.0392504,0.99423,0.998919,0.00670795,0,0,0,537,0.977512,0.3,0.998919,0.0297952,0.0297952,42,0,125.96,12.2451,21.6036,388.92,675.16,74.22,17.4765,14.9179,218.9,404.51,0,0,0,0,0
neuromorpho__Yin20161227s6_AR.swc,8499,pyramidal,0.740166,6065,1488,945,0,0,0,0,0.000154871,0,0,0,0,0,0.879415,0.256156,0.3,0.3,0.3,0.978276,0.993697,0.163431,0.163431,0.163431,0.163431,0.163431,0.835742,0.3,0.2277,0.994593,0.998348,0.00537634,0.978217,0.978276,0,250,0.979488,0.3,0.978276,0.024,0.028,77.1,0.0715385,87.45,-14.3998,17.4168,456.2,618.7,64.37,-5.1967,11.7719,316.09,259.58,76.19,-3.86575,18.6904,231.26,413.74
neuromorpho__Yin20161228s5_AR.swc,9572,pyramidal,0.940647,7027,1470,1074,0,0,0,0,0.00273857,0,0,0,0,0,0.76188,0.32598,0.3,0.3,0.3,0.3,0.993697,0.332428,0.332428,0.332428,0.332428,0.332428,0.679572,0.3,0.452825,0.99707,0.998348,0,0.978275,0.978276,0,214,0.966042,0.3,0.978276,0.0420561,0.0560748,69.7,0,64.37,-9.20027,16.0877,627.1,665.77,58.21,-5.43561,11.3865,334.55,199.39,64.37,0.741015,13.0415,260.72,403.72
neuromorpho__Yin20161231s3_AR.swc,11060,pyramidal,0.876394,7394,2320,1345,0,0,0,0,0,0,0,0,0,0,0.904369,0.228717,0.3,0.3,0.3,0.978276,0.993697,0.125045,0.125045,0.125045,0.125045,0.125045,0.861429,0.3,0.187044,0.998336,0.998348,0,0.978271,0.978276,0,210,0.980242,0.3,0.978276,0.00952381,0.0190476,143.1,0,69.69,20.8741,15.1084,487.8,601.93,62.01,14.8211,15.2246,297.76,298.1,73.8,6.30114,19.3306,290.67,410.48
neuromorpho__Zs201221-01_dors_20x_onlydendrites.swc,1617,interneuron,0.989393,0,1616,0,0,0,0,0,0,0,0,0,0,0,0.923711,0.216583,0.3,0.3,0.3,0.998919,0.998919,0.107607,0.107607,0.107607,0.107607,0.107607,0,0,0,0.923664,0.3,0.107673,0,0,0,52,0.939739,0.3,0.883374,0.0769231,0.0769231,102.6,0,0,0,0,0,0,63.9,12.4209,16.9597,314.29,481.53,0,0,0,0,0
neuromorpho__Zs201221-01_ventral_20x_onlydendrites.swc,1717,interneuron,0.939037,0,1716,0,0,0,0,0,0,0,0,0,0,0,0.972868,0.132399,0.3,0.998919,0.998919,0.998919,0.998919,0.0372743,0.0372743,0.0372743,0.0372743,0.0372743,0,0,0,0.972852,0.998919,0.037296,0,0,0,37,0.958539,0.3,0.97916,0.0540541,0.0540541,115.8,0,0,0,0,0,0,53.99,9.09336,10.0702,318.58,457.73,0,0,0,0,0
neuromorpho__Zs201221-02_dorsal_20x_kesz_onlydendrites.swc,1955,interneuron,0.705982,0,1954,0,0,0,0,0,0,0,0,0,0,0,0.99852,0.00530639,0.927978,0.998919,0.998919,0.998919,0.998919,0,0,0,0,0,0,0,0,0.998519,0.998919,0,0,0,0,72,0.997949,0.927978,0.998919,0,0,67.9,0,0,0,0,0,0,65.82,11.3271,15.7749,231.99,426.1,0,0,0,0,0
neuromorpho__Zs201222-01_medial_20x_onlydendrites.swc,1972,interneuron,0.414011,0,1971,0,0,0,0,0,0,0,0,0,0,0,0.916668,0.0855747,0.3,0.894293,0.894293,0.894293,0.941271,0.0177485,0.0177485,0.0177485,0.0177485,0.302231,0,0,0,0.916626,0.894293,0.0177575,0,0,0,54,0.928389,0.3,0.894293,0,0,85.8,0,0,0,0,0,0,74.12,12.9313,15.1023,336.33,268.03,0,0,0,0,0
neuromorpho__a151123-1_VIP_IN_only_dendrite.swc,582,interneuron,0.699033,132,449,0,0,0,0,0,0,0,0,0,0,0,0.952651,0.108491,0.547771,0.547771,0.847222,0.952625,0.998919,0,0.0532646,0.0584192,0.0618557,0.116838,0.830311,0.547771,0.234848,0.988512,0.927978,0.00668151,0,0,0,54,0.934081,0.547771,0.752334,0.0925926,0.111111,22,4,6,-1.30303,1.08669,66.07,156.32,70,25.3229,19.6638,170.26,409.51,0,0,0,0,0
neuromorpho__a151124-2_VIP_IN.swc,3213,interneuron,0.991785,2577,635,0,0,0,0,0,0,0,0,0,0,0,0.998935,0.0020726,0.973127,0.998919,0.998919,0.999189,0.999189,0,0,0,0,0,0.998939,0.999189,0,0.998919,0.998919,0,0,0,0,939,0.998835,0.973127,0.998919,0,0,8,1,82,8.09397,18.7125,367.98,402.19,59,6.36961,12.8413,165.35,324.39,0,0,0,0,0
neuromorpho__aIN-000307-1-1-nrn-ns-120504-transl-invX-scaled-straightened.swc,63,interneuron,0.968009,62,0,0,0,0,0,0,0,0,0,0,0,0,0.583201,0.337899,0.3,0.3,0.3,0.3,0.3,0.587302,0.587302,0.587302,0.587302,0.587302,0.576479,0.3,0.596774,0,0,0,0,0,0,4,0.849835,0.3,0.588951,0.25,0.25,34.8,0,0,0,0,49.53,1420.79,0,0,0,0,0,0,0,0,0,0
neuromorpho__alpha-13.swc,153,pyramidal,0.995909,0,152,0,0,0,0,0,0,0,0,0,0,0,0.998359,0.000133127,0.998348,0.998348,0.998348,0.998348,0.998348,0,0,0,0,0,0,0,0,0.998348,0.998348,0,0,0,0,13,0.998475,0.998348,0.998348,0,0,15,0,0,0,0,0,0,0,0,0,170.12,234.62,0,0,0,0,0
neuromorpho__alpha-17.swc,105,pyramidal,0.997359,0,104,0,0,0,0,0,0,0,0,0,0,0,0.998364,0.000160459,0.998348,0.998348,0.998348,0.998348,0.998348,0,0,0,0,0,0,0,0,0.998348,0.998348,0,0,0,0,11,0.998498,0.998348,0.998348,0,0,15,0,0,0,0,0,0,0,0,0,165.83,216.01,0,0,0,0,0
neuromorpho__alpha-3.swc,82,pyramidal,0.995869,0,81,0,0,0,0,0,0,0,0,0,0,0,0.995585,0.00566428,0.984087,0.984087,0.984087,0.998348,0.998348,0,0,0,0,0,0,0,0,0.995531,0.984087,0,0,0,0,9,0.996947,0.984087,0.995496,0,0,13.6,0,0,0,0,0,0,0,0,0,126.28,192.06,0,0,0,0,0
neuromorpho__beta-13.swc,241,pyramidal,0.994027,0,240,0,0,0,0,0,0,0,0,0,0,0,0.92662,0.208454,0.3,0.3,0.984087,0.984087,0.998348,0.0995851,0.0995851,0.0995851,0.0995851,0.0995851,0,0,0,0.926315,0.915678,0.1,0,0,0,27,0.987912,0.3,0.998348,0,0.037037,17.4,0,0,0,0,0,0,0,0,0,280.95,279.11,0,0,0,0,0
neuromorpho__beta-14.swc,200,pyramidal,0.997677,0,199,0,0,0,0,0,0,0,0,0,0,0,0.998356,0.000116529,0.998348,0.998348,0.998348,0.998348,0.998348,0,0,0,0,0,0,0,0,0.998348,0.998348,0,0,0,0,29,0.998405,0.998348,0.998348,0,0,15.2,0,0,0,0,0,0,0,0,0,220.71,233.75,0,0,0,0,0
neuromorpho__beta-8.swc,141,pyramidal,0.997264,0,140,0,0,0,0,0,0,0,0,0,0,0,0.99836,0.000138638,0.998348,0.998348,0.998348,0.998348,0.998348,0,0,0,0,0,0,0,0,0.998348,0.998348,0,0,0,0,24,0.998417,0.998348,0.998348,0,0,10,0,0,0,0,0,0,0,0,0,162.93,215.38,0,0,0,0,0
neuromorpho__beta-9.swc,172,pyramidal,0.997471,0,171,0,0,0,0,0,0,0,0,0,0,0,0.998358,0.000125605,0.998348,0.998348,0.998348,0.998348,0.998348,0,0,0,0,0,0,0,0,0.998348,0.998348,0,0,0,0,27,0.998409,0.998348,0.998348,0,0,13.2,0,0,0,0,0,0,0,0,0,152.2,256.89,0,0,0,0,0
neuromorpho__c2578_LMcone.swc,1121,interneuron,0.997327,0,1120,0,0,0,0,0,0,0,0,0,0,0,0.928043,0.00215014,0.927978,0.927978,0.927978,0.927978,0.927978,0,0,0,0,0,0,0,0,0.927978,0.927978,0,0,0,0,123,0.928564,0.927978,0.927978,0,0,14.8,-0.469802,0,0,0,0,0,12.144,4.17654,2.71756,11.9774,60.99,0,0,0,0,0
neuromorpho__c2973.swc,3532,interneuron,0.993547,0,3531,0,0,0,0,0,0,0,0,0,0,0,0.998919,1.81905e-05,0.998919,0.998919,0.998919,0.998919,0.998919,0,0,0,0,0,0,0,0,0.998919,0.998919,0,0,0,0,241,0.998923,0.998919,0.998919,0,0,37,-2.30007,0,0,0,0,0,17.38,-10.6693,2.45984,129.49,163.97,0,0,0,0,0
neuromorpho__c30.swc,413,interneuron,0.990659,0,412,0,0,0,0,0,0,0,0,0,0,0,0.971738,0.0339332,0.927978,0.927978,0.927978,0.927978,0.998919,0,0,0,0,0,0,0,0,0.971669,0.927978,0,0,0,0,46,0.976728,0.927978,0.927978,0,0,15,-0.932963,0,0,0,0,0,24.62,-2.60104,4.4873,23.95,10.69,0,0,0,0,0
neuromorpho__c32.swc,909,interneuron,0.959666,0,908,0,0,0,0,0,0,0,0,0,0,0,0.978699,0.0320167,0.927978,0.927978,0.927978,0.927978,0.998919,0,0,0,0,0,0,0,0,0.978675,0.927978,0,0,0,0,88,0.986833,0.927978,0.927978,0,0,26.3,-0.228202,0,0,0,0,0,23.18,2.85407,5.63032,43.1,7.49,0,0,0,0,0
neuromorpho__cIN-1294-nrn-ns-111209-transl-invX-scaled-straightened.swc,42,interneuron,0.853761,41,0,0,0,0,0,0,0,0,0,0,0,0,0.508989,0.312166,0.3,0.3,0.3,0.3,0.3,0.690476,0.690476,0.690476,0.690476,0.690476,0.497013,0.3,0.707317,0,0,0,0,0,0,4,0.735647,0.3,0.481694,0.5,0.5,20.4,0,29.38,-22.2922,8.74414,35.76,1415.66,0,0,0,0,0,0,0,0,0,0
neuromorpho__cIN-1360-nrn-ns-111206-transl-invX-scaled-straightened.swc,78,interneuron,0.762739,77,0,0,0,0,0,0,0,0,0,0,0,0,0.62004,0.345761,0.3,0.3,0.3,0.3,0.3,0.538462,0.538462,0.538462,0.538462,0.538462,0.615105,0.3,0.545455,0,0,0,0,0,0,4,0.779503,0.3,0.569549,0.5,0.5,36.7,0,70.84,41.5571,16.9893,26.67,1054.33,0,0,0,0,0,0,0,0,0,0
neuromorpho__cIN-961104-1-4-nrn-ns-100331-V2-scaled-straightened.swc,147,interneuron,0.944228,146,0,0,0,0,0,0,0,0,0,0,0,0,0.396344,0.236003,0.3,0.3,0.3,0.3,0.3,0.857143,0.857143,0.857143,0.857143,0.857143,0.392209,0.3,0.863014,0,0,0,0,0,0,8,0.463992,0.3,0.3,0.75,0.75,42.2,4.98222,112.31,-57.6488,26.4849,60.57,2241.56,0,0,0,0,0,0,0,0,0,0
neuromorpho__cM2p_02.swc,5093,pyramidal,0.993589,21,1608,3463,0,0,0,0,0,0,0,0,0,0,0.947226,0.155394,0.3,0.3,0.978276,0.978276,0.978276,0.0539957,0.0539957,0.0539957,0.058119,0.058119,0.792143,0.792143,0,0.998348,0.998348,0,0.924413,0.978276,0.0794109,120,0.967771,0.3,0.978276,0.025,0.0416667,97,0,48.98,26.3438,17.1024,7.89,14.16,131.18,-2.84838,31.4395,202.91,175.8,156.87,-28.962,31.4415,412.33,340.82
neuromorpho__cM2p_06.swc,4874,pyramidal,0.983029,0,2663,2210,0,0,0,0,0.0666597,0,0,0,0,0,0.985199,0.0177013,0.923919,0.948866,0.955562,0.978276,0.998348,0,0,0,0,0,0,0,0,0.998348,0.998348,0,0.969348,0.941756,0,125,0.987387,0.923919,0.978276,0,0,83.8,0,0,0,0,0,0,146.04,-3.24081,32.8236,308.24,195.49,215.28,-29.6596,53.4531,237.08,217.89
neuromorpho__cM2p_12.swc,3667,pyramidal,0.988022,0,1361,2305,0,0,0,0,0,0,0,0,0,0,0.984252,0.0334308,0.3,0.978276,0.978276,0.978276,0.978276,0.00218162,0.00218162,0.00218162,0.00218162,0.00218162,0,0,0,0.998348,0.998348,0,0.975922,0.978276,0.00347072,84,0.985302,0.3,0.978276,0,0,92.7,0,0,0,0,0,0,144.67,-11.552,27.058,248.85,169.78,166.18,-11.6564,33.0244,357.61,237.66
neuromorpho__cM2p_14.swc,4925,pyramidal,0.96824,0,3139,1785,0,0,0.362437,0.362437,0.0755685,0,-0.362437,0.362437,0.362437,0,0.944649,0.0644271,0.825691,0.839468,0.848146,0.875596,0.984087,0,0,0,0,0.362437,0,0,0,0.992137,0.982987,0,0.86111,0.836437,0,89,0.945917,0.825691,0.839875,0,0,118.8,0,0,0,0,0,0,142.76,-12.8263,32.152,306.84,173.38,151.19,-20.0775,33.1019,204.02,185.07
neuromorpho__cell-8_9.swc,1931,interneuron,0.921641,0,1930,0,0,0,0,0,0,0,0,0,0,0,0.998919,2.45988e-05,0.998919,0.998919,0.998919,0.998919,0.998919,0,0,0,0,0,0,0,0,0.998919,0.998919,0,0,0,0,104,0.998929,0.998919,0.998919,0,0,38.7,3.78857,0,0,0,0,0,42.52,3.1774,6.84223,61.18,127.25,0,0,0,0,0
neuromorpho__cell-pair-20111014sc2a.swc,2801,interneuron,0.973175,2027,773,0,0,0,0,0,0,0,0,0,0,0,0.713721,0.339075,0.3,0.3,0.3,0.3,0.973127,0.401642,0.401642,0.401642,0.401642,0.401642,0.719294,0.3,0.391219,0.698736,0.3,0.429495,0,0,0,171,0.735901,0.3,0.3,0.368421,0.368421,36,0,91,-21.2679,28.8734,921.51,1272.57,92,-24.7283,24.0585,235.02,1091.45,0,0,0,0,0
neuromorpho__cell-pair-20111014sc2b.swc,3341,interneuron,0.962255,2771,569,0,0,0,0,0,0,0,0,0,0,0,0.782365,0.314886,0.3,0.3,0.3,0.3,0.973127,0.298414,0.298414,0.298414,0.298414,0.298414,0.762284,0.3,0.324792,0.879771,0.3,0.170475,0,0,0,185,0.803653,0.3,0.3,0.264865,0.291892,39,0,95,-25.0168,24.3326,384.08,1427.14,87,-29.7856,23.6457,123.27,741.45,0,0,0,0,0
neuromorpho__cell-pair-22-09-11-D1.swc,5120,interneuron,0.990339,4805,314,0,0,0,0,0,0,0,0,0,0,0,0.40721,0.251019,0.3,0.3,0.3,0.3,0.3,0.845703,0.845703,0.845703,0.845703,0.845703,0.371619,0.3,0.896566,0.94995,0.998919,0.0700637,0,0,0,317,0.3884,0.3,0.3,0.870662,0.870662,36.4,0,128,21.7263,30.1393,314.16,1499.16,72,2.0414,16.2424,149.42,701.26,0,0,0,0,0
neuromorpho__cell-pair-22-09-11-D2.swc,3512,interneuron,0.996984,3381,130,0,0,0,0,0,0,0,0,0,0,0,0.371157,0.207173,0.3,0.3,0.3,0.3,0.3,0.894362,0.894362,0.894362,0.894362,0.894362,0.347253,0.3,0.929015,0.988005,0.927978,0,0,0,0,238,0.355598,0.3,0.3,0.915966,0.915966,32.3,0,120,44.8292,20.9395,822.38,545.14,45,6.94615,14.8688,147.65,137.95,0,0,0,0,0
neuromorpho__cell6_wt_traces.swc,4831,interneuron,0.975688,0,4830,0,0,0,0,0,0,0,0,0,0,0,0.998919,1.55544e-05,0.998919,0.998919,0.998919,0.998919,0.998919,0,0,0,0,0,0,0,0,0.998919,0.998919,0,0,0,0,154,0.998926,0.998919,0.998919,0,0,67.7,0,0,0,0,0,0,40,1.23178,8.95292,176.29,234.71,0,0,0,0,0
neuromorpho__cell7_b2ko_traces.swc,6776,interneuron,0.995979,0,6775,0,0,0,0,0,0,0,0,0,0,0,0.998919,1.3134e-05,0.998919,0.998919,0.998919,0.998919,0.998919,0,0,0,0,0,0,0,0,0.998919,0.998919,0,0,0,0,219,0.998924,0.998919,0.998919,0,0,68,0,0,0,0,0,0,23,3.78078,4.21657,234.63,251.26,0,0,0,0,0
neuromorpho__cell8_b2ko_traces.swc,5911,interneuron,0.99487,0,5910,0,0,0,0,0,0,0,0,0,0,0,0.998919,1.40621e-05,0.998919,0.998919,0.998919,0.998919,0.998919,0,0,0,0,0,0,0,0,0.998919,0.998919,0,0,0,0,194,0.998924,0.998919,0.998919,0,0,64,0,0,0,0,0,0,21,1.49525,3.73977,204.02,238.77,0,0,0,0,0
neuromorpho__control-5-N5_1.swc,536,interneuron,0.996421,0,535,0,0,0,0,0,0,0,0,0,0,0,0.998921,4.66584e-05,0.998919,0.998919,0.998919,0.998919,0.998919,0,0,0,0,0,0,0,0,0.998919,0.998919,0,0,0,0,6,0.999099,0.998919,0.998919,0,0,171,0,0,0,0,0,0,6.06,0.659738,1.16145,40.75,91.7,0,0,0,0,0
neuromorpho__cortex-1148-7.swc,58,pyramidal,0.996622,0,57,0,0,0,0,0,0,0,0,0,0,0,0.998376,0.000215053,0.998348,0.998348,0.998348,0.998348,0.998348,0,0,0,0,0,0,0,0,0.998348,0.998348,0,0,0,0,20,0.998431,0.998348,0.998348,0,0,5.3,0,0,0,0,0,0,45.46,-8.34649,14.0968,126.77,150.09,0,0,0,0,0
neuromorpho__cortex-1148-9.swc,49,pyramidal,0.986447,0,48,0,0,0,0,0,0,0,0,0,0,0,0.998382,0.000233594,0.998348,0.998348,0.998348,0.998348,0.998348,0,0,0,0,0,0,0,0,0.998348,0.998348,0,0,0,0,14,0.998466,0.998348,0.998348,0,0,5,0,0,0,0,0,0,12.41,5.45458,3.20188,75.96,96.11,0,0,0,0,0
neuromorpho__cortex-1150-5.swc,53,pyramidal,0.990504,0,52,0,0,0,0,0,0,0,0,0,0,0,0.998379,0.000224783,0.998348,0.998348,0.998348,0.998348,0.998348,0,0,0,0,0,0,0,0,0.998348,0.998348,0,0,0,0,19,0.998435,0.998348,0.998348,0,0,5.2,0,0,0,0,0,0,23.9,4.47635,7.46646,83.24,121.06,0,0,0,0,0
neuromorpho__cortex-1150-6.swc,86,pyramidal,0.995359,0,85,0,0,0,0,0,0,0,0,0,0,0,0.998367,0.000177112,0.998348,0.998348,0.998348,0.998348,0.998348,0,0,0,0,0,0,0,0,0.998348,0.998348,0,0,0,0,21,0.998427,0.998348,0.998348,0,0,8,0,0,0,0,0,0,37.28,-7.32094,9.74361,119.52,176.56,0,0,0,0,0
neuromorpho__cortex-1159-1.swc,94,pyramidal,0.994851,0,93,0,0,0,0,0,0,0,0,0,0,0,0.998365,0.000169493,0.998348,0.998348,0.998348,0.998348,0.998348,0,0,0,0,0,0,0,0,0.998348,0.998348,0,0,0,0,26,0.998411,0.998348,0.998348,0,0,9,0,0,0,0,0,0,47.55,-5.11645,15.1407,134.82,222.97,0,0,0,0,0
neuromorpho__cortex-229-4.swc,91,pyramidal,0.994251,0,90,0,0,0,0,0,0,0,0,0,0,0,0.998366,0.000172233,0.998348,0.998348,0.998348,0.998348,0.998348,0,0,0,0,0,0,0,0,0.998348,0.998348,0,0,0,0,22,0.998423,0.998348,0.998348,0,0,9.8,0,0,0,0,0,0,28.46,-15.7159,5.88787,78,172.96,0,0,0,0,0
neuromorpho__cortex-421-2.swc,37,pyramidal,0.98275,0,36,0,0,0,0,0,0,0,0,0,0,0,0.998393,0.000267909,0.998348,0.998348,0.998348,0.998348,0.998348,0,0,0,0,0,0,0,0,0.998348,0.998348,0,0,0,0,16,0.998451,0.998348,0.998348,0,0,4.5,0,0,0,0,0,0,11.22,-8.74139,4.36084,39.72,41.8,0,0,0,0,0
neuromorpho__cortex-456-1.swc,27,pyramidal,0.993881,0,26,0,0,0,0,0,0,0,0,0,0,0,0.998409,0.000312004,0.998348,0.998348,0.998348,0.998348,0.998348,0,0,0,0,0,0,0,0,0.998348,0.998348,0,0,0,0,14,0.998466,0.998348,0.998348,0,0,4.4,0,0,0,0,0,0,33.94,-3.89654,9.98149,41.31,55.18,0,0,0,0,0
neuromorpho__cortex-456-5.swc,111,pyramidal,0.991425,0,110,0,0,0,0,0,0,0,0,0,0,0,0.998363,0.000156103,0.998348,0.998348,0.998348,0.998348,0.998348,0,0,0,0,0,0,0,0,0.998348,0.998348,0,0,0,0,27,0.998409,0.998348,0.998348,0,0,7,0,0,0,0,0,0,23.29,-10.8195,6.62545,112.95,164.36,0,0,0,0,0
neuromorpho__cortex-456-7.swc,46,pyramidal,0.975846,0,45,0,0,0,0,0,0,0,0,0,0,0,0.998384,0.000240927,0.998348,0.998348,0.998348,0.998348,0.998348,0,0,0,0,0,0,0,0,0.998348,0.998348,0,0,0,0,18,0.99844,0.998348,0.998348,0,0,4.3,0,0,0,0,0,0,36.96,3.82711,11.9319,76.41,133.63,0,0,0,0,0
neuromorpho__cortex-456-8.swc,48,pyramidal,0.994713,0,47,0,0,0,0,0,0,0,0,0,0,0,0.998382,0.000235963,0.998348,0.998348,0.998348,0.998348,0.998348,0,0,0,0,0,0,0,0,0.998348,0.998348,0,0,0,0,12,0.998486,0.998348,0.998348,0,0,8.6,0,0,0,0,0,0,25.43,6.30213,6.49116,103.83,172.26,0,0,0,0,0
neuromorpho__cortex-516-1.swc,98,pyramidal,0.995943,0,97,0,0,0,0,0,0,0,0,0,0,0,0.998365,0.000166034,0.998348,0.998348,0.998348,0.998348,0.998348,0,0,0,0,0,0,0,0,0.998348,0.998348,0,0,0,0,22,0.998423,0.998348,0.998348,0,0,7.9,0,0,0,0,0,0,27.56,2.23309,8.95835,137.36,208.46,0,0,0,0,0
neuromorpho__cortex-516-2.swc,44,pyramidal,0.969063,0,43,0,0,0,0,0,0,0,0,0,0,0,0.998385,0.000246217,0.998348,0.998348,0.998348,0.998348,0.998348,0,0,0,0,0,0,0,0,0.998348,0.998348,0,0,0,0,10,0.998513,0.998348,0.998348,0,0,7.9,0,0,0,0,0,0,16.38,4.08349,5.92767,75.43,110.02,0,0,0,0,0
neuromorpho__cortex-516-8.swc,69,pyramidal,0.995415,0,68,0,0,0,0,0,0,0,0,0,0,0,0.998372,0.000197443,0.998348,0.998348,0.998348,0.998348,0.998348,0,0,0,0,0,0,0,0,0.998348,0.998348,0,0,0,0,16,0.998451,0.998348,0.998348,0,0,8.5,0,0,0,0,0,0,48.46,7.01353,14.3137,83.97,171.23,0,0,0,0,0
neuromorpho__cortex-519-1.swc,78,pyramidal,0.995135,0,77,0,0,0,0,0,0,0,0,0,0,0,0.998369,0.000185861,0.998348,0.998348,0.998348,0.998348,0.998348,0,0,0,0,0,0,0,0,0.998348,0.998348,0,0,0,0,18,0.99844,0.998348,0.998348,0,0,8,0,0,0,0,0,0,39.07,-5.27987,7.65164,121.22,156.79,0,0,0,0,0
neuromorpho__cortex-519-6.swc,47,pyramidal,0.996208,0,46,0,0,0,0,0,0,0,0,0,0,0,0.998383,0.000238406,0.998348,0.998348,0.998348,0.998348,0.998348,0,0,0,0,0,0,0,0,0.998348,0.998348,0,0,0,0,21,0.998427,0.998348,0.998348,0,0,4,0,0,0,0,0,0,27.87,-6.16217,6.42578,57.67,99.63,0,0,0,0,0
neuromorpho__cortex-519-9.swc,47,pyramidal,0.987654,0,46,0,0,0,0,0,0,0,0,0,0,0,0.998383,0.000238406,0.998348,0.998348,0.998348,0.998348,0.998348,0,0,0,0,0,0,0,0,0.998348,0.998348,0,0,0,0,12,0.998486,0.998348,0.998348,0,0,6.8,0,0,0,0,0,0,10.3,-1.92696,3.52774,72.95,136.53,0,0,0,0,0
neuromorpho__cortex-521-4.swc,53,pyramidal,0.994596,0,52,0,0,0,0,0,0,0,0,0,0,0,0.998379,0.000224783,0.998348,0.998348,0.998348,0.998348,0.998348,0,0,0,0,0,0,0,0,0.998348,0.998348,0,0,0,0,21,0.998427,0.998348,0.998348,0,0,5,0,0,0,0,0,0,31.21,3.08327,11.2648,61.67,159.32,0,0,0,0,0
neuromorpho__cortex-521-5.swc,34,pyramidal,0.993066,0,33,0,0,0,0,0,0,0,0,0,0,0,0.998396,0.000279135,0.998348,0.998348,0.998348,0.998348,0.998348,0,0,0,0,0,0,0,0,0.998348,0.998348,0,0,0,0,12,0.998486,0.998348,0.998348,0,0,3.9,0,0,0,0,0,0,24.81,-11.2236,8.76081,39.05,82.06,0,0,0,0,0
neuromorpho__cortex-531-1.swc,95,pyramidal,0.991638,0,94,0,0,0,0,0,0,0,0,0,0,0,0.998365,0.000168608,0.998348,0.998348,0.998348,0.998348,0.998348,0,0,0,0,0,0,0,0,0.998348,0.998348,0,0,0,0,24,0.998417,0.998348,0.998348,0,0,7.7,0,0,0,0,0,0,36.94,-7.47085,9.52089,90.83,137.96,0,0,0,0,0
neuromorpho__cortex-537-6.swc,52,pyramidal,0.993219,0,51,0,0,0,0,0,0,0,0,0,0,0,0.99838,0.000226892,0.998348,0.998348,0.998348,0.998348,0.998348,0,0,0,0,0,0,0,0,0.998348,0.998348,0,0,0,0,17,0.998445,0.998348,0.998348,0,0,6.4,0,0,0,0,0,0,27.87,3.21961,8.47974,116.18,168.01,0,0,0,0,0
neuromorpho__cortex-557-3.swc,50,pyramidal,0.996204,0,49,0,0,0,0,0,0,0,0,0,0,0,0.998381,0.000231294,0.998348,0.998348,0.998348,0.998348,0.998348,0,0,0,0,0,0,0,0,0.998348,0.998348,0,0,0,0,15,0.998458,0.998348,0.998348,0,0,6.6,0,0,0,0,0,0,25.77,2.59837,6.9947,71.58,104.68,0,0,0,0,0
neuromorpho__cortex-557-4.swc,77,pyramidal,0.991444,0,76,0,0,0,0,0,0,0,0,0,0,0,0.998369,0.000187048,0.998348,0.998348,0.998348,0.998348,0.998348,0,0,0,0,0,0,0,0,0.998348,0.998348,0,0,0,0,20,0.998431,0.998348,0.998348,0,0,7.1,0,0,0,0,0,0,51.48,-3.15513,13.8149,101.34,142.82,0,0,0,0,0
neuromorpho__cortex-560-2.swc,39,pyramidal,0.986985,0,38,0,0,0,0,0,0,0,0,0,0,0,0.99839,0.000261134,0.998348,0.998348,0.998348,0.998348,0.998348,0,0,0,0,0,0,0,0,0.998348,0.998348,0,0,0,0,12,0.998486,0.998348,0.998348,0,0,6,0,0,0,0,0,0,20.91,-9.94789,7.37062,58.64,66.85,0,0,0,0,0
neuromorpho__cortex-570-5.swc,55,pyramidal,0.997342,0,54,0,0,0,0,0,0,0,0,0,0,0,0.998378,0.000220735,0.998348,0.998348,0.998348,0.998348,0.998348,0,0,0,0,0,0,0,0,0.998348,0.998348,0,0,0,0,15,0.998458,0.998348,0.998348,0,0,7.2,0,0,0,0,0,0,26.64,3.1063,7.94006,96.19,166.27,0,0,0,0,0
neuromorpho__cortex-858-6.swc,59,pyramidal,0.984732,0,58,0,0,0,0,0,0,0,0,0,0,0,0.998376,0.000213255,0.998348,0.998348,0.998348,0.998348,0.998348,0,0,0,0,0,0,0,0,0.998348,0.998348,0,0,0,0,11,0.998498,0.998348,0.998348,0,0,12,0,0,0,0,0,0,39.98,-2.77017,8.93896,66.41,80.48,0,0,0,0,0
neuromorpho__cortex-858-7.swc,69,pyramidal,0.995642,0,68,0,0,0,0,0,0,0,0,0,0,0,0.998372,0.000197443,0.998348,0.998348,0.998348,0.998348,0.998348,0,0,0,0,0,0,0,0,0.998348,0.998348,0,0,0,0,21,0.998427,0.998348,0.998348,0,0,6,0,0,0,0,0,0,30.28,-3.21559,6.28446,78.09,169.55,0,0,0,0,0
neuromorpho__cortex102-3.swc,87,pyramidal,0.995699,0,86,0,0,0,0,0,0,0,0,0,0,0,0.998367,0.000176103,0.998348,0.998348,0.998348,0.998348,0.998348,0,0,0,0,0,0,0,0,0.998348,0.998348,0,0,0,0,22,0.998423,0.998348,0.998348,0,0,6.9,0,0,0,0,0,0,33.33,-0.0532558,8.53541,104.06,175.32,0,0,0,0,0
neuromorpho__cortex104-1.swc,50,pyramidal,0.992017,0,49,0,0,0,0,0,0,0,0,0,0,0,0.998381,0.000231294,0.998348,0.998348,0.998348,0.998348,0.998348,0,0,0,0,0,0,0,0,0.998348,0.998348,0,0,0,0,17,0.998445,0.998348,0.998348,0,0,5,0,0,0,0,0,0,14.54,-6.2002,6.01845,64.79,78.02,0,0,0,0,0
neuromorpho__cortex104-4.swc,164,pyramidal,0.97452,0,163,0,0,0,0,0,0,0,0,0,0,0,0.998358,0.000128614,0.998348,0.998348,0.998348,0.998348,0.998348,0,0,0,0,0,0,0,0,0.998348,0.998348,0,0,0,0,39,0.99839,0.998348,0.998348,0,0,10,0,0,0,0,0,0,52.4,-9.50264,12.4723,161.66,173.3,0,0,0,0,0
neuromorpho__cortex117-5.swc,110,pyramidal,0.964065,0,109,0,0,0,0,0,0,0,0,0,0,0,0.998363,0.000156804,0.998348,0.998348,0.998348,0.998348,0.998348,0,0,0,0,0,0,0,0,0.998348,0.998348,0,0,0,0,33,0.998398,0.998348,0.998348,0,0,7,0,0,0,0,0,0,52.71,5.92064,16.6908,93.58,150.52,0,0,0,0,0
neuromorpho__cortex134-1.swc,49,pyramidal,0.981206,0,48,0,0,0,0,0,0,0,0,0,0,0,0.998382,0.000233594,0.998348,0.998348,0.998348,0.998348,0.998348,0,0,0,0,0,0,0,0,0.998348,0.998348,0,0,0,0,16,0.998451,0.998348,0.998348,0,0,6,0,0,0,0,0,0,28.48,8.48729,10.1309,47.96,56.8,0,0,0,0,0
neuromorpho__cortex156-1.swc,94,pyramidal,0.995966,0,93,0,0,0,0,0,0,0,0,0,0,0,0.998365,0.000169493,0.998348,0.998348,0.998348,0.998348,0.998348,0,0,0,0,0,0,0,0,0.998348,0.998348,0,0,0,0,24,0.998417,0.998348,0.998348,0,0,7.4,0,0,0,0,0,0,45.42,-3.55473,12.8954,83.97,116.82,0,0,0,0,0
neuromorpho__cortex157-4.swc,81,pyramidal,0.930367,0,80,0,0,0,0,0,0,0,0,0,0,0,0.998368,0.00018243,0.998348,0.998348,0.998348,0.998348,0.998348,0,0,0,0,0,0,0,0,0.998348,0.998348,0,0,0,0,23,0.99842,0.998348,0.998348,0,0,7,0,0,0,0,0,0,32.42,5.24388,11.2169,53,129.5,0,0,0,0,0
neuromorpho__cortex157-7.swc,91,pyramidal,0.99414,0,90,0,0,0,0,0,0,0,0,0,0,0,0.998366,0.000172233,0.998348,0.998348,0.998348,0.998348,0.998348,0,0,0,0,0,0,0,0,0.998348,0.998348,0,0,0,0,18,0.99844,0.998348,0.998348,0,0,10.6,0,0,0,0,0,0,48.15,1.60667,12.9981,81.38,137.81,0,0,0,0,0
neuromorpho__cortex158-4.swc,47,pyramidal,0.991897,0,46,0,0,0,0,0,0,0,0,0,0,0,0.998383,0.000238406,0.998348,0.998348,0.998348,0.998348,0.998348,0,0,0,0,0,0,0,0,0.998348,0.998348,0,0,0,0,17,0.998445,0.998348,0.998348,0,0,4.4,0,0,0,0,0,0,6.36,-6.53457,2.44722,82.55,115.93,0,0,0,0,0
neuromorpho__cortex158-6.swc,43,pyramidal,0.995945,0,42,0,0,0,0,0,0,0,0,0,0,0,0.998386,0.000248996,0.998348,0.998348,0.998348,0.998348,0.998348,0,0,0,0,0,0,0,0,0.998348,0.998348,0,0,0,0,14,0.998466,0.998348,0.998348,0,0,4.7,0,0,0,0,0,0,40.31,-11.996,13.1945,48.84,111.08,0,0,0,0,0
neuromorpho__cortex163-3.swc,174,pyramidal,0.992673,0,173,0,0,0,0,0,0,0,0,0,0,0,0.998357,0.000124885,0.998348,0.998348,0.998348,0.998348,0.998348,0,0,0,0,0,0,0,0,0.998348,0.998348,0,0,0,0,47,0.998383,0.998348,0.998348,0,0,7,0,0,0,0,0,0,52.09,-6.91301,14.9818,221.54,260.35,0,0,0,0,0
neuromorpho__cortex170-5.swc,68,pyramidal,0.994344,0,67,0,0,0,0,0,0,0,0,0,0,0,0.998372,0.000198868,0.998348,0.998348,0.998348,0.998348,0.998348,0,0,0,0,0,0,0,0,0.998348,0.998348,0,0,0,0,15,0.998458,0.998348,0.998348,0,0,7.2,0,0,0,0,0,0,27.84,-1.39612,9.1871,59.83,139.87,0,0,0,0,0
neuromorpho__cortex172-1.swc,51,pyramidal,0.996291,0,50,0,0,0,0,0,0,0,0,0,0,0,0.99838,0.000229061,0.998348,0.998348,0.998348,0.998348,0.998348,0,0,0,0,0,0,0,0,0.998348,0.998348,0,0,0,0,12,0.998486,0.998348,0.998348,0,0,6,0,0,0,0,0,0,45.14,-5.9238,10.5151,103.03,152.52,0,0,0,0,0
neuromorpho__cortex172-5.swc,50,pyramidal,0.990357,0,49,0,0,0,0,0,0,0,0,0,0,0,0.998381,0.000231294,0.998348,0.998348,0.998348,0.998348,0.998348,0,0,0,0,0,0,0,0,0.998348,0.998348,0,0,0,0,15,0.998458,0.998348,0.998348,0,0,7.6,0,0,0,0,0,0,39.08,-4.98898,11.1471,57.65,163.06,0,0,0,0,0
neuromorpho__cortex172-8.swc,80,pyramidal,0.995114,0,79,0,0,0,0,0,0,0,0,0,0,0,0.998369,0.000183553,0.998348,0.998348,0.998348,0.998348,0.998348,0,0,0,0,0,0,0,0,0.998348,0.998348,0,0,0,0,18,0.99844,0.998348,0.998348,0,0,8,0,0,0,0,0,0,31.17,-1.31,8.36323,149.54,169.16,0,0,0,0,0
neuromorpho__cortex195-6.swc,79,pyramidal,0.985463,0,78,0,0,0,0,0,0,0,0,0,0,0,0.998369,0.000184696,0.998348,0.998348,0.998348,0.998348,0.998348,0,0,0,0,0,0,0,0,0.998348,0.998348,0,0,0,0,18,0.99844,0.998348,0.998348,0,0,8.6,0,0,0,0,0,0,27.87,-11.809,8.20277,83.38,125.85,0,0,0,0,0
neuromorpho__cortex218-6.swc,74,pyramidal,0.995795,0,73,0,0,0,0,0,0,0,0,0,0,0,0.99837,0.000190751,0.998348,0.998348,0.998348,0.998348,0.998348,0,0,0,0,0,0,0,0,0.998348,0.998348,0,0,0,0,19,0.998435,0.998348,0.998348,0,0,8.2,0,0,0,0,0,0,45.45,-8.57301,8.24729,101.05,96.03,0,0,0,0,0
neuromorpho__cortex225-2.swc,53,pyramidal,0.993014,0,52,0,0,0,0,0,0,0,0,0,0,0,0.998379,0.000224783,0.998348,0.998348,0.998348,0.998348,0.998348,0,0,0,0,0,0,0,0,0.998348,0.998348,0,0,0,0,14,0.998466,0.998348,0.998348,0,0,6.7,0,0,0,0,0,0,31.18,-0.310192,8.49979,76.01,157.04,0,0,0,0,0
neuromorpho__cortex285-6.swc,87,pyramidal,0.99578,0,86,0,0,0,0,0,0,0,0,0,0,0,0.998367,0.000176103,0.998348,0.998348,0.998348,0.998348,0.998348,0,0,0,0,0,0,0,0,0.998348,0.998348,0,0,0,0,27,0.998409,0.998348,0.998348,0,0,6,0,0,0,0,0,0,29.69,-9.7364,8.42369,62.5,101.45,0,0,0,0,0
neuromorpho__cortex286-3.swc,55,pyramidal,0.984643,0,54,0,0,0,0,0,0,0,0,0,0,0,0.998378,0.000220735,0.998348,0.998348,0.998348,0.998348,0.998348,0,0,0,0,0,0,0,0,0.998348,0.998348,0,0,0,0,18,0.99844,0.998348,0.998348,0,0,6,0,0,0,0,0,0,19.98,-3.30667,5.08889,50.37,82.1,0,0,0,0,0
neuromorpho__cortex303-2.swc,124,pyramidal,0.959584,0,123,0,0,0,0,0,0,0,0,0,0,0,0.998361,0.000147764,0.998348,0.998348,0.998348,0.998348,0.998348,0,0,0,0,0,0,0,0,0.998348,0.998348,0,0,0,0,21,0.998427,0.998348,0.998348,0,0,12,0,0,0,0,0,0,24.82,6.16667,6.22513,147.03,182.13,0,0,0,0,0
neuromorpho__cortex305-3.swc,87,pyramidal,0.985798,0,86,0,0,0,0,0,0,0,0,0,0,0,0.998367,0.000176103,0.998348,0.998348,0.998348,0.998348,0.998348,0,0,0,0,0,0,0,0,0.998348,0.998348,0,0,0,0,23,0.99842,0.998348,0.998348,0,0,7,0,0,0,0,0,0,28.47,-0.575581,9.42662,96.86,127.27,0,0,0,0,0
neuromorpho__cortex361-6.swc,61,pyramidal,0.991985,0,60,0,0,0,0,0,0,0,0,0,0,0,0.998375,0.000209789,0.998348,0.998348,0.998348,0.998348,0.998348,0,0,0,0,0,0,0,0,0.998348,0.998348,0,0,0,0,16,0.998451,0.998348,0.998348,0,0,7,0,0,0,0,0,0,24.53,4.0495,5.74106,60.28,108.49,0,0,0,0,0
neuromorpho__cortex361-7.swc,93,pyramidal,0.990488,0,92,0,0,0,0,0,0,0,0,0,0,0,0.998366,0.000170392,0.998348,0.998348,0.998348,0.998348,0.998348,0,0,0,0,0,0,0,0,0.998348,0.998348,0,0,0,0,23,0.99842,0.998348,0.998348,0,0,8.8,0,0,0,0,0,0,22.4,-0.581957,6.20792,97.33,165.83,0,0,0,0,0
neuromorpho__cortex368-4.swc,97,pyramidal,0.994777,0,96,0,0,0,0,0,0,0,0,0,0,0,0.998365,0.000166879,0.998348,0.998348,0.998348,0.998348,0.998348,0,0,0,0,0,0,0,0,0.998348,0.998348,0,0,0,0,22,0.998423,0.998348,0.998348,0,0,7,0,0,0,0,0,0,35.14,-4.34771,11.2451,124.27,216.77,0,0,0,0,0
neuromorpho__cortex370-2.swc,86,pyramidal,0.99427,0,85,0,0,0,0,0,0,0,0,0,0,0,0.998367,0.000177112,0.998348,0.998348,0.998348,0.998348,0.998348,0,0,0,0,0,0,0,0,0.998348,0.998348,0,0,0,0,15,0.998458,0.998348,0.998348,0,0,9,0,0,0,0,0,0,38.18,-14.6285,10.2455,111.99,125.67,0,0,0,0,0
neuromorpho__cortex401-3.swc,62,pyramidal,0.99536,0,61,0,0,0,0,0,0,0,0,0,0,0,0.998375,0.000208118,0.998348,0.998348,0.998348,0.998348,0.998348,0,0,0,0,0,0,0,0,0.998348,0.998348,0,0,0,0,28,0.998407,0.998348,0.998348,0,0,5,0,0,0,0,0,0,29.38,1.5118,8.17744,78.08,142.31,0,0,0,0,0
neuromorpho__cortex401-5.swc,104,pyramidal,0.992712,0,103,0,0,0,0,0,0,0,0,0,0,0,0.998364,0.000161221,0.998348,0.998348,0.998348,0.998348,0.998348,0,0,0,0,0,0,0,0,0.998348,0.998348,0,0,0,0,32,0.9984,0.998348,0.998348,0,0,6,0,0,0,0,0,0,31.5,11.2462,6.65419,121.62,187.48,0,0,0,0,0
neuromorpho__cortex412-1.swc,116,pyramidal,0.99427,0,115,0,0,0,0,0,0,0,0,0,0,0,0.998362,0.000152731,0.998348,0.998348,0.998348,0.998348,0.998348,0,0,0,0,0,0,0,0,0.998348,0.998348,0,0,0,0,32,0.9984,0.998348,0.998348,0,0,7,0,0,0,0,0,0,32.71,6.22557,9.39258,98.85,109.85,0,0,0,0,0
neuromorpho__cortex412-4.swc,100,pyramidal,0.976845,0,99,0,0,0,0,0,0,0,0,0,0,0,0.998364,0.000164382,0.998348,0.998348,0.998348,0.998348,0.998348,0,0,0,0,0,0,0,0,0.998348,0.998348,0,0,0,0,29,0.998405,0.998348,0.998348,0,0,7.2,0,0,0,0,0,0,13.94,9.79495,3.31155,76.03,132.69,0,0,0,0,0
neuromorpho__cortex412-6.swc,63,pyramidal,0.995649,0,62,0,0,0,0,0,0,0,0,0,0,0,0.998374,0.000206487,0.998348,0.998348,0.998348,0.998348,0.998348,0,0,0,0,0,0,0,0,0.998348,0.998348,0,0,0,0,20,0.998431,0.998348,0.998348,0,0,6.3,0,0,0,0,0,0,44.51,-1.6679,9.52457,62.65,119.88,0,0,0,0,0
neuromorpho__cortex412-7.swc,57,pyramidal,0.986203,0,56,0,0,0,0,0,0,0,0,0,0,0,0.998377,0.000216898,0.998348,0.998348,0.998348,0.998348,0.998348,0,0,0,0,0,0,0,0,0.998348,0.998348,0,0,0,0,20,0.998431,0.998348,0.998348,0,0,5.1,0,0,0,0,0,0,17.55,5.9675,5.19233,80.04,115.83,0,0,0,0,0
neuromorpho__cortex417-5.swc,70,pyramidal,0.990871,0,69,0,0,0,0,0,0,0,0,0,0,0,0.998371,0.000196048,0.998348,0.998348,0.998348,0.998348,0.998348,0,0,0,0,0,0,0,0,0.998348,0.998348,0,0,0,0,20,0.998431,0.998348,0.998348,0,0,6.4,0,0,0,0,0,0,24.52,5.74072,7.53871,54.11,151.62,0,0,0,0,0
neuromorpho__cortex417-6.swc,58,pyramidal,0.995387,0,57,0,0,0,0,0,0,0,0,0,0,0,0.998376,0.000215053,0.998348,0.998348,0.998348,0.998348,0.998348,0,0,0,0,0,0,0,0,0.998348,0.998348,0,0,0,0,16,0.998451,0.998348,0.998348,0,0,8,0,0,0,0,0,0,35.76,-8.5807,8.25446,59.08,97.61,0,0,0,0,0
neuromorpho__cortex417-7.swc,92,pyramidal,0.991519,0,91,0,0,0,0,0,0,0,0,0,0,0,0.998366,0.000171305,0.998348,0.998348,0.998348,0.998348,0.998348,0,0,0,0,0,0,0,0,0.998348,0.998348,0,0,0,0,24,0.998417,0.998348,0.998348,0,0,6.7,0,0,0,0,0,0,38.47,8.37923,12.504,160.86,224.31,0,0,0,0,0
neuromorpho__cortex99-3.swc,117,pyramidal,0.964065,0,116,0,0,0,0,0,0,0,0,0,0,0,0.998362,0.000152083,0.998348,0.998348,0.998348,0.998348,0.998348,0,0,0,0,0,0,0,0,0.998348,0.998348,0,0,0,0,29,0.998405,0.998348,0.998348,0,0,8,0,0,0,0,0,0,46.92,4.24276,13.6411,81.09,267.37,0,0,0,0,0
neuromorpho__crop0_1_seg_split_2_1-55.swc,660,pyramidal,0.660763,0,250,409,0,0,0.619697,0.619697,0.0864209,0,-0.619697,0.619697,0.619697,0,0.835413,0.156655,0.50627,0.525262,0.525833,0.745825,0.836313,0,0.124242,0.124242,0.393939,0.619697,0,0,0,0.998348,0.998348,0,0.735417,0.525833,0.200489,42,0.811138,0.50627,0.51554,0.190476,0.452381,37.7,0,0,0,0,0,0,10.52,0.4738,2.42595,11.63,12.2,11.21,4.18156,2.65347,12.77,61.06
neuromorpho__crop0_2_seg_split_12_1-35.swc,2247,pyramidal,0.756672,1612,634,0,0,0,0,0,2.48857e-05,0,0,0,0,0,0.839377,0.100825,0.620938,0.777085,0.777085,0.777085,0.778518,0,0,0.0195817,0.692034,0.717401,0.777574,0.777085,0.0272953,0.996262,0.998348,0,0,0,0,102,0.829023,0.620938,0.777085,0.0784314,0.696078,63.6,0,37.72,-1.19004,5.13606,35.88,59.27,14.46,-3.53476,2.68822,25.38,26.66,0,0,0,0,0
neuromorpho__crop0_2_seg_split_13_1-4.swc,653,pyramidal,0.804967,231,421,0,0,0,0,0,0,0,0,0,0,0,0.889634,0.12973,0.589449,0.589449,0.767234,0.777085,0.998348,0,0.0597243,0.0826953,0.436447,0.436447,0.782183,0.777085,0,0.948329,0.696166,0.128266,0,0,0,36,0.921106,0.589449,0.77216,0.0555556,0.305556,40,0,12.57,-5.78805,2.28706,32.02,31.54,9.65,-2.46107,1.99672,17.87,54.94,0,0,0,0,0
neuromorpho__crop0_2_seg_split_16_1-1.swc,836,pyramidal,0.750856,42,793,0,0,0,0,0,0,0,0,0,0,0,0.992606,0.0249739,0.884021,0.969766,0.998348,0.998348,0.998348,0,0,0,0,0.0502392,0.884021,0.884021,0,0.998348,0.998348,0,0,0,0,43,0.995728,0.884021,0.998348,0,0,46.2,0,3.51,2.31333,0.921016,2.58,3.88,18.05,2.28396,4.01954,35.79,24.16,0,0,0,0,0
neuromorpho__crop0_2_seg_split_20_1-7.swc,2028,pyramidal,0.732555,0,2027,0,0,0,0,0,0,0,0,0,0,0,0.998349,3.66772e-05,0.998348,0.998348,0.998348,0.998348,0.998348,0,0,0,0,0,0,0,0,0.998348,0.998348,0,0,0,0,116,0.998362,0.998348,0.998348,0,0,48.5,0,0,0,0,0,0,35.53,2.96031,5.63955,43.06,53.97,0,0,0,0,0
neuromorpho__crop0_2_seg_split_23_1-3.swc,3116,pyramidal,0.734822,0,3115,0,0,0,0,0,0,0,0,0,0,0,0.998348,2.95916e-05,0.998348,0.998348,0.998348,0.998348,0.998348,0,0,0,0,0,0,0,0,0.998348,0.998348,0,0,0,0,154,0.998359,0.998348,0.998348,0,0,47.7,0,0,0,0,0,0,38.79,-2.48808,6.50659,50.56,51.96,0,0,0,0,0
neuromorpho__crop0_2_seg_split_2_1-2.swc,772,pyramidal,0.894011,0,771,0,0,0,0,0,0,0,0,0,0,0,0.99835,5.94219e-05,0.998348,0.998348,0.998348,0.998348,0.998348,0,0,0,0,0,0,0,0,0.998348,0.998348,0,0,0,0,46,0.998384,0.998348,0.998348,0,0,33,0,0,0,0,0,0,23.5,1.10761,4.35228,26.14,33.02,0,0,0,0,0
neuromorpho__crop0_2_seg_split_5_1-15.swc,1611,interneuron,0.417952,0,1610,0,0,0,0,0,0,0,0,0,0,0,0.882553,0.0674938,0.805671,0.805671,0.805671,0.805671,0.941643,0,0,0,0,0.435133,0,0,0,0.88248,0.805671,0,0,0,0,77,0.891245,0.805671,0.805671,0,0,48.2,0,0,0,0,0,0,31.32,-0.900354,6.71331,59.32,51.13,0,0,0,0,0
neuromorpho__crop0_4_seg_split_1_0-95.swc,596,pyramidal,0.781438,0,595,0,0,0,0,0,0,0,0,0,0,0,0.996344,0.00686077,0.972896,0.972896,0.998348,0.998348,0.998348,0,0,0,0,0,0,0,0,0.996337,0.998348,0,0,0,0,28,0.997498,0.972896,0.998348,0,0,51.6,0,0,0,0,0,0,11.86,0.949479,2.26452,25.05,51.33,0,0,0,0,0
neuromorpho__ctg_bV1_1.swc,311,pyramidal,0.940786,0,233,77,0,0,0,0,0.0179497,0,0,0,0,0,0.94978,0.162802,0.3,0.3,0.918254,0.998348,0.998348,0.0578778,0.0578778,0.0578778,0.0578778,0.0643087,0,0,0,0.998348,0.998348,0,0.802163,0.3,0.233766,56,0.935152,0.3,0.869532,0.0714286,0.0892857,16.5,0,0,0,0,0,0,51.87,0.280601,10.7324,163.6,188.12,44.21,0.326234,9.70196,79.63,426.64
neuromorpho__ctg_bV1_2.swc,908,pyramidal,0.879187,226,427,254,0,0,0,0,0.0078684,0,0,0,0,0,0.806945,0.222982,0.3,0.3,0.3,0.68266,0.768902,0.115639,0.11674,0.264317,0.508811,0.536344,0.527082,0.3,1,0.9869,0.998348,0.0163934,0.752674,0.74834,0.0275591,65,0.858519,0.3,0.679031,0.153846,0.415385,28.6,0,79.43,-22.4012,15.1745,321.25,677.36,109.26,-26.736,26.9522,329.5,305.26,105.56,-2.29248,24.6003,321.13,298.97
neuromorpho__ctrl_bV1_1.swc,643,pyramidal,0.993177,0,248,394,0,0,0,0,0,0,0,0,0,0,0.870401,0.257867,0.3,0.3,0.3,0.977851,0.977851,0.169518,0.169518,0.169518,0.169518,0.169518,0,0,0,0.986164,0.998348,0.016129,0.797206,0.3,0.266497,52,0.872185,0.3,0.3,0.173077,0.173077,21,0,0,0,0,0,0,82.38,-5.62597,17.6827,208.05,266.69,183.01,12.7361,25.0243,296.59,782.78
neuromorpho__ctrl_bV1_2.swc,426,pyramidal,0.989377,0,316,109,0,0,0,0,0,0,0,0,0,0,0.993216,0.00876103,0.978276,0.978276,0.978276,0.978276,0.998348,0,0,0,0,0,0,0,0,0.998348,0.998348,0,0.978276,0.978276,0,52,0.993362,0.978276,0.978276,0,0,17.9,0,0,0,0,0,0,93.9,-13.4941,15.99,235.02,237.25,60.83,-8.39312,15.3887,193.21,168.64
neuromorpho__dIN-000512-nrn-ns-100412-V2-transl-invX-scaled-straightened.swc,77,interneuron,0.973394,76,0,0,0,0,0,0,0,0,0,0,0,0,0.673897,0.33441,0.3,0.3,0.3,0.3,0.973127,0.441558,0.441558,0.441558,0.454545,0.480519,0.669606,0.3,0.447368,0,0,0,0,0,0,6,0.837278,0.3,0.615096,0.166667,0.333333,31,0,17.28,4.95145,4.44855,29.98,1048.94,0,0,0,0,0,0,0,0,0,0
neuromorpho__dIN-1137-nrn-ns-101028-transl-invX-scaled-straightened.swc,68,interneuron,0.88894,38,29,0,0,0,0,0,0,0,0,0,0,0,0.862071,0.24803,0.3,0.3,0.3,0.927978,0.973127,0.161765,0.161765,0.161765,0.161765,0.161765,0.778274,0.3,0.289474,0.967118,0.927978,0,0,0,0,8,0.922647,0.3,0.818116,0.125,0.125,16.6,-0.371429,12.09,10.0459,3.78998,90.72,642.8,15.55,8.9297,4.45361,14.83,52.6,0,0,0,0,0
neuromorpho__dIN-1354-nrn-ns-100902-transl-invX-scaled-straightened.swc,122,interneuron,0.935902,19,102,0,0,0,0,0,0,0,0,0,0,0,0.805974,0.264942,0.3,0.3,0.3,0.910112,0.927978,0.213115,0.213115,0.213115,0.213115,0.229508,0.936658,0.897534,0,0.779729,0.3,0.254902,0,0,0,15,0.906267,0.3,0.872378,0.0666667,0.0666667,21,4.21667,19.03,-10.594,6.37113,212.8,26.17,73.75,-8.55049,20.4722,1083.59,244.77,0,0,0,0,0
neuromorpho__dIN-1438-nrn-ns-100826-transl-invX-scaled-straightened.swc,96,interneuron,0.733175,31,64,0,0,0,0,0,0,0,0,0,0,0,0.846614,0.264174,0.3,0.3,0.3,0.927978,0.983947,0.1875,0.1875,0.1875,0.1875,0.1875,0.586816,0.3,0.580645,0.970057,0.927978,0,0,0,0,10,0.943574,0.3,0.893862,0.1,0.1,23.8,0,20.73,-1.27065,5.24437,776.17,42.94,22.46,8.69297,5.05424,37.82,37.95,0,0,0,0,0
neuromorpho__dIN-364-nrn-ns-100407-transl-invX-scaled-straightened.swc,78,interneuron,0.974449,54,23,0,0,0,0,0,0,0,0,0,0,0,0.787329,0.275896,0.3,0.3,0.3,0.613531,0.927978,0.230769,0.25641,0.25641,0.25641,0.282051,0.723485,0.3,0.37037,0.927978,0.927978,0,0,0,0,16,0.881397,0.3,0.70125,0.125,0.125,9,1.38,13.84,14.903,3.06151,661.21,164.49,6.89,16.8652,1.94994,20.63,32.39,0,0,0,0,0
neuromorpho__dIN-436-NRN-ONLY-100324-UNPROCESSED-WITHIN-NS.swc,131,interneuron,0.985725,112,18,0,0,0,0,0,0,0,0,0,0,0,0.608763,0.322159,0.3,0.3,0.3,0.3,0.3,0.51145,0.51145,0.549618,0.549618,0.549618,0.553967,0.3,0.642857,0.927978,0.927978,0,0,0,0,10,0.844824,0.3,0.610812,0.2,0.3,25.6,-0.416667,24,10.6918,5.43428,1352.14,485.68,3.01,8.51,0.946937,9.16,17.22,0,0,0,0,0
neuromorpho__dlc-000504-3-2-nrn-ns-120712-comb-transl-invX-scaled-straight.swc,160,interneuron,0.945148,138,21,0,0,0,0,0,0,0,0,0,0,0,0.586459,0.333428,0.3,0.3,0.3,0.3,0.3,0.575,0.575,0.575,0.575,0.575,0.523781,0.3,0.666667,0.97865,0.927978,0,0,0,0,7,0.816564,0.3,0.437631,0.285714,0.285714,49.4,0,105.4,-62.2342,30.409,1918.57,1252.58,10.35,3.53905,2.98145,18.05,46.84,0,0,0,0,0
neuromorpho__dlc-349-nrn-ns-120403-transl-invX-scaled-straightened.swc,71,interneuron,0.95761,70,0,0,0,0,0,0,0,0,0,0,0,0,0.491567,0.306174,0.3,0.3,0.3,0.3,0.3,0.71831,0.71831,0.71831,0.71831,0.71831,0.484303,0.3,0.728571,0,0,0,0,0,0,4,0.831025,0.3,0.574665,0.25,0.25,44.9,0,0,0,0,76.17,1774.74,0,0,0,0,0,0,0,0,0,0
neuromorpho__dysk-10.swc,2183,interneuron,0.871033,0,2182,0,0,0,0,0,0,0,0,0,0,0,0.962476,0.154193,0.3,0.3,0.998919,0.998919,0.998919,0.0513055,0.0513055,0.0513055,0.0513055,0.0513055,0,0,0,0.962459,0.998919,0.0513291,0,0,0,78,0.987668,0.3,0.977637,0,0,76.3,0.997,0,0,0,0,0,65.94,-0.0950202,12.5218,448.72,371.32,0,0,0,0,0
neuromorpho__dysk-12.swc,4671,interneuron,0.943656,0,4670,0,0,0,0,0,0,0,0,0,0,0,0.914977,0.227206,0.3,0.3,0.3,0.998919,0.998919,0.120103,0.120103,0.120103,0.120103,0.120103,0,0,0,0.914959,0.3,0.120128,0,0,0,151,0.953126,0.3,0.913202,0.0596026,0.0662252,70,1.11889,0,0,0,0,0,63.06,-19.7811,11.8103,360.52,575.54,0,0,0,0,0
neuromorpho__dysk-19.swc,1601,interneuron,0.571977,0,1600,0,0,0,0,0,0,0,0,0,0,0,0.852493,0.204588,0.3,0.3,0.3,0.900682,0.93459,0.119925,0.119925,0.119925,0.119925,0.119925,0,0,0,0.852401,0.3,0.12,0,0,0,50,0.909863,0.3,0.82637,0.02,0.08,103.3,-1.86308,0,0,0,0,0,62.34,9.55112,10.7008,185.55,480.02,0,0,0,0,0
neuromorpho__dysk-6.swc,1660,interneuron,0.833212,0,1659,0,0,0,0,0,0,0,0,0,0,0,0.961563,0.155748,0.3,0.3,0.998919,0.998919,0.998919,0.0524096,0.0524096,0.0524096,0.0524096,0.0524096,0,0,0,0.96154,0.998919,0.0524412,0,0,0,56,0.988413,0.3,0.998919,0,0.0178571,66.5,-2.00889,0,0,0,0,0,90.64,25.7811,16.4645,229.02,473.25,0,0,0,0,0
neuromorpho__exp-5-59-188-1006.swc,7084,interneuron,0.952578,0,7083,0,0,0,0,0,0,0,0,0,0,0,0.989706,0.0238474,0.927978,0.927978,0.927978,0.998919,0.998919,0,0,0,0,0,0,0,0,0.989704,0.927978,0,0,0,0,74,0.993181,0.927978,0.998919,0,0,209.5,0,0,0,0,0,0,2.01,0.23133,0.20668,192.53,199.33,0,0,0,0,0
neuromorpho__exp-5-59-188-1012.swc,2685,interneuron,0.99306,0,2684,0,0,0,0,0,0,0,0,0,0,0,0.998919,2.08624e-05,0.998919,0.998919,0.998919,0.998919,0.998919,0,0,0,0,0,0,0,0,0.998919,0.998919,0,0,0,0,25,0.998962,0.998919,0.998919,0,0,225,0,0,0,0,0,0,2.8,0.273014,0.404402,116.35,196.44,0,0,0,0,0
neuromorpho__exp-5-59-Scr-1004.swc,2445,interneuron,0.991818,0,2444,0,0,0,0,0,0,0,0,0,0,0,0.985166,0.0280447,0.927978,0.927978,0.927978,0.998919,0.998919,0,0,0,0,0,0,0,0,0.98516,0.927978,0,0,0,0,17,0.986463,0.927978,0.927978,0,0,232.2,0,0,0,0,0,0,3.5,0.238404,0.408448,142.68,205.97,0,0,0,0,0
neuromorpho__exp-5-59-Scr-1008.swc,2747,interneuron,0.989409,367,2379,0,0,0,0,0,0,0,0,0,0,0,0.937439,0.123773,0.547771,0.547771,0.927536,0.927978,0.998919,0,0.0859119,0.0859119,0.0859119,0.0859119,0.683327,0.547771,0.643052,0.976614,0.927978,0,0,0,0,20,0.887439,0.547771,0.547771,0.2,0.2,264.7,0,2.1,-0.733842,0.419654,90.38,33.22,6.16,0.103489,1.05988,130.8,224.68,0,0,0,0,0
neuromorpho__fig2b_2.swc,1848,pyramidal,0.713103,0,1363,484,0,0,0.261905,0.261905,0.074344,0,-0.261905,0.261905,0.261905,0,0.897706,0.142017,0.3,0.590016,0.799887,0.84767,0.887913,0.0265152,0.0681818,0.0681818,0.122294,0.501082,0,0,0,0.907626,0.794999,0.0924431,0.869559,0.851067,0,90,0.916236,0.3,0.825266,0.0444444,0.0666667,56.5,0,0,0,0,0,0,57.19,-2.79673,9.96439,219.54,306.01,26.47,-13.5652,6.07489,64.09,200.75
neuromorpho__g0437P1.swc,2502,pyramidal,0.976059,1248,676,577,0,0,0,0,0,0,0,0,0,0,0.87535,0.244405,0.3,0.3,0.3,0.978056,0.993697,0.139488,0.139488,0.193845,0.193845,0.193845,0.805814,0.3,0.270833,0.926829,0.641477,0.201183,0.96522,0.978056,0.0190641,195,0.91416,0.3,0.639962,0.148718,0.158974,28.6,-8.26,178.95,-8.09204,35.143,693.7,1142.4,201.39,-11.1025,46.0741,256.7,256.33,240.55,-31.8284,53.7114,239.06,380.36
neuromorpho__g0692P1.swc,2178,pyramidal,0.985709,1044,862,271,0,0,0,0,0,0,0,0,0,0,0.756464,0.329504,0.3,0.3,0.3,0.3,0.993697,0.342516,0.342516,0.342516,0.342516,0.342516,0.624256,0.3,0.532567,0.950434,0.974178,0.0672854,0.647898,0.3,0.487085,175,0.809379,0.3,0.3,0.257143,0.285714,27,0,453.52,68.9378,100.289,2223.06,1762.36,327.54,16.2568,58.6299,336.09,417.51,201.79,-1.35978,37.9456,1046.67,388.33
neuromorpho__g0699P1.swc,3992,pyramidal,0.981737,2278,927,786,0,0,0,0,0,0,0,0,0,0,0.660413,0.345943,0.3,0.3,0.3,0.3,0.978056,0.479459,0.479459,0.479459,0.479459,0.479459,0.524092,0.3,0.67691,0.978761,0.998348,0.0280475,0.679615,0.3,0.440204,244,0.734045,0.3,0.3,0.372951,0.385246,36,0,403.98,-99.5642,105.382,2858,2300,376.68,-38.5969,83.4876,380.3,312.69,314.01,-62.8516,60.987,460.8,1191.3
neuromorpho__g0701P1.swc,1420,pyramidal,0.990445,317,504,598,0,0,0,0,0.0172263,0,0,0,0,0,0.854592,0.270609,0.3,0.3,0.3,0.977851,0.993697,0.191549,0.191549,0.191549,0.191549,0.202817,0.803312,0.3,0.274448,0.994134,0.998348,0.00595238,0.763924,0.3,0.304348,124,0.902963,0.3,0.53845,0.112903,0.145161,26.4,0.06,379.15,-26.9818,71.2653,402.15,945.23,184.45,5.9349,44.1976,361.19,262.7,309.08,-51.9067,69.2589,423.9,1130.5
neuromorpho__g0704P1.swc,2918,pyramidal,0.993382,925,1432,560,0,0,0,0,0,0,0,0,0,0,0.792346,0.312802,0.3,0.3,0.3,0.3,0.993697,0.283413,0.283413,0.29952,0.29952,0.29952,0.674969,0.3,0.459459,0.953039,0.998348,0.0810056,0.57494,0.3,0.594643,151,0.868626,0.3,0.3,0.192053,0.218543,42,0,423.97,113.376,104.589,1135.62,2123.5,317.14,41.9309,67.9674,371.65,340.71,344.27,41.1947,63.5957,372.36,1069.9
neuromorpho__g0724P1.swc,1074,pyramidal,0.995531,52,575,446,0,0,0,0,0.0199099,0,0,0,0,0,0.946219,0.155253,0.3,0.451887,0.907701,0.978276,0.978276,0.0502793,0.0577281,0.0577281,0.0577281,0.08473,0.540126,0.3,0.653846,0.981643,0.907701,0.013913,0.947776,0.977851,0.044843,123,0.974008,0.3,0.977851,0.0162602,0.0325203,17.8,2.2,43.52,-21.2648,15.3635,313.78,632.12,243.39,-18.5191,53.5825,334.3,240.9,189.42,-8.67135,39.5734,513.6,300.68
neuromorpho__gaoCell1.swc,4405,interneuron,0.990738,4069,335,0,0,0,0,0,0,0,0,0,0,0,0.711113,0.332934,0.3,0.3,0.3,0.3,0.973127,0.395914,0.395914,0.395914,0.395914,0.395914,0.712425,0.3,0.392725,0.694315,0.3,0.435821,0,0,0,419,0.738125,0.3,0.3,0.353222,0.357995,22.2,2,90,-30.9078,18.6951,911.19,1043.4,68,-17.2478,14.3827,480.05,668.63,0,0,0,0,0
neuromorpho__group1_cell12.swc,2284,pyramidal,0.69496,0,2283,0,0,0,0,0,0,0,0,0,0,0,0.998349,3.45616e-05,0.998348,0.998348,0.998348,0.998348,0.998348,0,0,0,0,0,0,0,0,0.998348,0.998348,0,0,0,0,31,0.998401,0.998348,0.998348,0,0,179,0,0,0,0,0,0,0,-2.44,4.44089e-16,165.43,219.29,0,0,0,0,0
neuromorpho__group1_cell6.swc,2234,interneuron,0.369801,0,2233,0,0,0,0,0,0,0,0,0,0,0,0.93926,0.00390773,0.934278,0.934278,0.934278,0.934278,0.941944,0,0,0,0,0,0,0,0,0.939233,0.934278,0,0,0,0,35,0.942089,0.934278,0.934278,0,0,171.4,0,0,0,0,0,0,0.03,2.97999,0.000634716,195.51,215.71,0,0,0,0,0
neuromorpho__group2_cell10.swc,1362,pyramidal,0.989738,218,1143,0,0,0,0,0,0,0,0,0,0,0,0.988729,0.0220392,0.938242,0.938242,0.938242,0.998348,0.998348,0,0,0,0,0,0.938242,0.938242,0,0.998348,0.998348,0,0,0,0,8,0.991041,0.938242,0.980316,0,0,290.3,0,0,0,0,56.79,39.37,0,0,0,98.67,220.5,0,0,0,0,0
neuromorpho__group2_cell11.swc,1729,pyramidal,0.993379,0,1728,0,0,0,0,0,0,0,0,0,0,0,0.998349,3.97204e-05,0.998348,0.998348,0.998348,0.998348,0.998348,0,0,0,0,0,0,0,0,0.998348,0.998348,0,0,0,0,37,0.998393,0.998348,0.998348,0,0,112.2,0,0,0,0,0,0,0,0,0,106.51,174.37,0,0,0,0,0
neuromorpho__group2_cell15.swc,1306,pyramidal,0.992689,0,1305,0,0,0,0,0,0,0,0,0,0,0,0.996014,0.00645885,0.978151,0.978151,0.978151,0.998348,0.998348,0,0,0,0,0,0,0,0,0.996011,0.978151,0,0,0,0,11,0.996662,0.978151,0.998348,0,0,198,0,0,0,0,0,0,0,0,0,120.62,215.44,0,0,0,0,0
neuromorpho__group2_cell19.swc,1751,pyramidal,0.995378,0,1750,0,0,0,0,0,0,0,0,0,0,0,0.998056,0.00202419,0.984087,0.998348,0.998348,0.998348,0.998348,0,0,0,0,0,0,0,0,0.998055,0.998348,0,0,0,0,32,0.997954,0.984087,0.998348,0,0,101.8,0,0,0,0,0,0,0,0,0,101.94,219.98,0,0,0,0,0
neuromorpho__group2_cell5.swc,1311,pyramidal,0.994981,117,1193,0,0,0,0,0,0,0,0,0,0,0,0.967519,0.0697811,0.792143,0.792143,0.827372,0.998348,0.998348,0,0,0,0.0755149,0.16476,0.827372,0.827372,0,0.981236,0.998348,0,0,0,0,20,0.979571,0.792143,0.98125,0,0.05,145.6,0,0,0,0,4.94,40.14,0,0,0,124.03,147.37,0,0,0,0,0
neuromorpho__group2_cell6.swc,3853,pyramidal,0.993415,0,3852,0,0,0,0,0,0,0,0,0,0,0,0.998348,2.66122e-05,0.998348,0.998348,0.998348,0.998348,0.998348,0,0,0,0,0,0,0,0,0.998348,0.998348,0,0,0,0,109,0.998363,0.998348,0.998348,0,0,84.4,0,0,0,0,0,0,0,0,0,163.42,232.08,0,0,0,0,0
neuromorpho__hdINE-107-2-1-nrn-ns-120110-transl-invX-scaled-straightened.swc,39,interneuron,0.900481,11,27,0,0,0,0,0,0,0,0,0,0,0,0.873172,0.268078,0.3,0.3,0.3,0.995725,0.998919,0.179487,0.179487,0.179487,0.179487,0.179487,0.552991,0.3,0.636364,0.998919,0.998919,0,0,0,0,15,0.969262,0.3,0.998919,0.0666667,0.0666667,4,0,13.83,-4.17636,4.88707,818.14,249.7,17.27,-7.74778,6.59873,23.79,51.93,0,0,0,0,0
neuromorpho__hdINE-220-1-2-nrn-ns-120118-transl-invX-scaled-straightened.swc,19,interneuron,0.860194,13,5,0,0,0,0,0,0,0,0,0,0,0,0.664757,0.346081,0.3,0.3,0.3,0.3,0.983947,0.473684,0.473684,0.473684,0.473684,0.473684,0.510445,0.3,0.692308,0.998919,0.998919,0,0,0,0,5,0.90144,0.3,0.705835,0.2,0.2,9,0,34.56,19.8877,9.10672,1447.4,409.24,6.91,2.808,2.80848,5.81,44.46,0,0,0,0,0
neuromorpho__hdINE-229-1-1-nrn-ns-111215-transl-invX-scaled-straightened.swc,49,interneuron,0.716484,17,31,0,0,0,0,0,0,0,0,0,0,0,0.840619,0.274917,0.3,0.3,0.3,0.927978,0.973127,0.204082,0.204082,0.204082,0.204082,0.204082,0.575964,0.3,0.588235,0.980612,0.927978,0,0,0,0,21,0.934411,0.3,0.927978,0.0952381,0.0952381,6,-1.38,28.82,-17.1082,8.50722,994.09,217.15,19.13,-17.6939,5.95475,38.56,40.44,0,0,0,0,0
neuromorpho__het-1.swc,411,interneuron,0.832481,237,173,0,0,0,0,0,0,0,0,0,0,0,0.993515,0.0104079,0.973127,0.973127,0.973127,0.995725,0.998919,0,0,0,0,0,0.989544,0.973127,0,0.998919,0.998919,0,0,0,0,161,0.99389,0.973127,0.973127,0,0,5,0,24.97,-5.23241,5.31607,107.92,212.99,20.96,-3.36214,4.29509,96.73,132.52,0,0,0,0,0
neuromorpho__het-7.swc,660,interneuron,0.955069,295,364,0,0,0,0,0,0,0,0,0,0,0,0.996197,0.00788727,0.973127,0.973127,0.983947,0.998919,0.998919,0,0,0,0,0,0.992826,0.973127,0,0.998919,0.998919,0,0,0,0,203,0.995635,0.973127,0.973127,0,0,6,0,28.04,-4.18631,4.42296,143.23,210.97,42.04,-1.42577,8.67053,169.3,344.38,0,0,0,0,0
neuromorpho__het_1-3.swc,221,pyramidal,0.99532,0,220,0,0,0,0,0,0,0,0,0,0,0,0.982876,0.0659608,0.3,0.974178,0.974178,0.978151,0.984087,0.00904977,0.00904977,0.00904977,0.00904977,0.00904977,0,0,0,0.982798,0.974178,0.00909091,0,0,0,15,0.986513,0.3,0.974178,0,0,25.6,0,0,0,0,0,0,0,0,0,232.92,355.94,0,0,0,0,0
neuromorpho__het_10-2.swc,324,pyramidal,0.994878,0,323,0,0,0,0,0,0,0,0,0,0,0,0.998353,9.16417e-05,0.998348,0.998348,0.998348,0.998348,0.998348,0,0,0,0,0,0,0,0,0.998348,0.998348,0,0,0,0,14,0.998466,0.998348,0.998348,0,0,56.3,0,0,0,0,0,0,0,0,0,194.97,185.96,0,0,0,0,0
neuromorpho__het_11_45.swc,102,pyramidal,0.994556,0,101,0,0,0,0,0,0,0,0,0,0,0,0.998364,0.000162779,0.998348,0.998348,0.998348,0.998348,0.998348,0,0,0,0,0,0,0,0,0.998348,0.998348,0,0,0,0,8,0.998554,0.998348,0.998348,0,0,18.9,0,0,0,0,0,0,0,0,0,60.33,184.32,0,0,0,0,0
neuromorpho__het_12_42.swc,373,pyramidal,0.995298,0,372,0,0,0,0,0,0,0,0,0,0,0,0.992176,0.00879401,0.974033,0.974178,0.978151,0.982987,0.998348,0,0,0,0,0,0,0,0,0.992155,0.978151,0,0,0,0,20,0.993219,0.974033,0.977754,0,0,33.1,0,0,0,0,0,0,0,0,0,160.78,241.9,0,0,0,0,0
neuromorpho__het_16-2_2.swc,141,pyramidal,0.99524,58,82,0,0,0,0,0,0,0,0,0,0,0,0.899627,0.120227,0.691432,0.691432,0.691432,0.938242,0.938242,0,0,0.241135,0.241135,0.241135,0.938242,0.938242,0,0.87109,0.691432,0.414634,0,0,0,6,0.937453,0.691432,0.814837,0.166667,0.166667,46,0,0,0,0,59.1,132.11,0,0,0,104.74,30.37,0,0,0,0,0
neuromorpho__het_16_30.swc,71,pyramidal,0.995439,22,48,0,0,0,0,0,0,0,0,0,0,0,0.823112,0.15303,0.638093,0.638093,0.638093,0.638093,0.760244,0,0,0.28169,0.591549,0.591549,0.760244,0.760244,0,0.848242,0.638093,0.416667,0,0,0,4,0.849171,0.638093,0.674738,0.25,0.5,26.2,0,0,0,0,65.01,68.85,0,0,0,63.09,198.44,0,0,0,0,0
neuromorpho__het_3-1.swc,206,pyramidal,0.99614,0,205,0,0,0,0,0,0,0,0,0,0,0,0.960564,0.0924421,0.626067,0.626067,0.953981,0.953981,0.998348,0,0,0.0679612,0.0679612,0.0679612,0,0,0,0.960371,0.953981,0.0682927,0,0,0,10,0.956848,0.626067,0.92119,0.1,0.1,41.8,0,0,0,0,0,0,0,0,0,95.37,174.38,0,0,0,0,0
neuromorpho__het_3-3.swc,248,pyramidal,0.991735,79,168,0,0,0,0,0,0.128139,0,0,0,0,0,0.78178,0.126403,0.620938,0.620938,0.620938,0.620938,0.792314,0,0,0.330645,0.649194,0.729839,0.792314,0.792314,0,0.775528,0.620938,0.488095,0,0,0,9,0.814185,0.620938,0.620938,0.333333,0.444444,59,0,0,0,0,46.78,120.14,0,0,0,104.37,146.86,0,0,0,0,0
neuromorpho__het_4-3.swc,228,pyramidal,0.996654,0,227,0,0,0,0,0,0,0,0,0,0,0,0.991215,0.00797603,0.978151,0.978151,0.978151,0.984087,0.998348,0,0,0,0,0,0,0,0,0.991177,0.978151,0,0,0,0,11,0.993452,0.978151,0.984087,0,0,33,0,0,0,0,0,0,0,0,0,91.76,203.88,0,0,0,0,0
neuromorpho__het_5-2_9.swc,702,pyramidal,0.990896,0,110,591,0,0,0.84188,0.84188,0.0305819,0,-0.84188,0.84188,0.84188,0,0.806191,0.0870451,0.730098,0.737057,0.744968,0.753257,0.769397,0,0,0,0.68661,0.84188,0,0,0,0.998348,0.998348,0,0.770098,0.742635,0,35,0.811702,0.730098,0.739289,0,0.6,41.8,0,0,0,0,0,0,0,0,0,88.55,65.89,0,0,0,163.22,242.14
neuromorpho__het_6-3.swc,182,pyramidal,0.994991,0,181,0,0,0,0,0,0,0,0,0,0,0,0.873389,0.159772,0.584627,0.584627,0.584627,0.654579,0.953981,0,0.164835,0.263736,0.263736,0.263736,0,0,0,0.87269,0.584627,0.265193,0,0,0,12,0.886481,0.584627,0.635708,0.25,0.25,28.5,0,0,0,0,0,0,0,0,0,52.31,176.87,0,0,0,0,0
neuromorpho__het_6_44.swc,262,pyramidal,0.9921,0,261,0,0,0,0,0,0,0,0,0,0,0,0.998354,0.000101872,0.998348,0.998348,0.998348,0.998348,0.998348,0,0,0,0,0,0,0,0,0.998348,0.998348,0,0,0,0,18,0.99844,0.998348,0.998348,0,0,22.6,0,0,0,0,0,0,0,0,0,217.29,221.6,0,0,0,0,0
neuromorpho__het_7_41.swc,252,pyramidal,0.979747,132,119,0,0,0,0,0,0,0,0,0,0,0,0.750465,0.220528,0.3,0.3,0.3,0.702153,0.719718,0.134921,0.134921,0.22619,0.65873,0.65873,0.707898,0.688396,0.174242,0.795584,0.3,0.285714,0,0,0,15,0.714768,0.3,0.455359,0.266667,0.733333,31.6,0,0,0,0,186.19,252.36,0,0,0,367.27,186.72,0,0,0,0,0
neuromorpho__hippo-102-4.swc,83,pyramidal,0.9901,0,82,0,0,0,0,0,0,0,0,0,0,0,0.998368,0.000180246,0.998348,0.998348,0.998348,0.998348,0.998348,0,0,0,0,0,0,0,0,0.998348,0.998348,0,0,0,0,27,0.998409,0.998348,0.998348,0,0,5.4,0,0,0,0,0,0,20.28,-7.25732,7.42473,97.66,199.32,0,0,0,0,0
neuromorpho__hippo-102-6.swc,72,pyramidal,0.997769,0,71,0,0,0,0,0,0,0,0,0,0,0,0.998371,0.000193345,0.998348,0.998348,0.998348,0.998348,0.998348,0,0,0,0,0,0,0,0,0.998348,0.998348,0,0,0,0,24,0.998417,0.998348,0.998348,0,0,6.7,0,0,0,0,0,0,33.31,1.32775,6.68608,146.86,114.07,0,0,0,0,0
neuromorpho__hippo-104-5.swc,142,pyramidal,0.99574,0,141,0,0,0,0,0,0,0,0,0,0,0,0.99836,0.000138152,0.998348,0.998348,0.998348,0.998348,0.998348,0,0,0,0,0,0,0,0,0.998348,0.998348,0,0,0,0,45,0.998385,0.998348,0.998348,0,0,6,0,0,0,0,0,0,41.49,-5.75723,12.4099,106.93,183.23,0,0,0,0,0
neuromorpho__hippo-104-6.swc,70,pyramidal,0.995855,0,0,69,0,0,0,0,0,0,0,0,0,0,0.978586,0.00257792,0.978276,0.978276,0.978276,0.978276,0.978276,0,0,0,0,0,0,0,0,0,0,0,0.978276,0.978276,0,18,0.979483,0.978276,0.978276,0,0,8,0,0,0,0,0,0,0,0,0,0,0,39.36,-10.062,11.2796,78.82,180.19
neuromorpho__hippo-1148-1new.swc,146,pyramidal,0.997825,0,145,0,0,0,0,0,0,0,0,0,0,0,0.998359,0.00013626,0.998348,0.998348,0.998348,0.998348,0.998348,0,0,0,0,0,0,0,0,0.998348,0.998348,0,0,0,0,41,0.998388,0.998348,0.998348,0,0,7,0,0,0,0,0,0,50.9,-9.00986,14.7843,137.34,155.74,0,0,0,0,0
neuromorpho__hippo-1148-2new.swc,124,pyramidal,0.996502,0,123,0,0,0,0,0,0,0,0,0,0,0,0.998361,0.000147764,0.998348,0.998348,0.998348,0.998348,0.998348,0,0,0,0,0,0,0,0,0.998348,0.998348,0,0,0,0,31,0.998401,0.998348,0.998348,0,0,7,0,0,0,0,0,0,34.52,-9.0761,9.16185,60.4,234.7,0,0,0,0,0
neuromorpho__hippo-1150-3new.swc,109,pyramidal,0.996861,0,108,0,0,0,0,0,0,0,0,0,0,0,0.998363,0.000157515,0.998348,0.998348,0.998348,0.998348,0.998348,0,0,0,0,0,0,0,0,0.998348,0.998348,0,0,0,0,25,0.998414,0.998348,0.998348,0,0,8.6,0,0,0,0,0,0,43.91,-0.019537,9.79861,193.91,107.92,0,0,0,0,0
neuromorpho__hippo-1150-5new.swc,115,pyramidal,0.996619,0,114,0,0,0,0,0,0,0,0,0,0,0,0.998362,0.000153388,0.998348,0.998348,0.998348,0.998348,0.998348,0,0,0,0,0,0,0,0,0.998348,0.998348,0,0,0,0,32,0.9984,0.998348,0.998348,0,0,6,0,0,0,0,0,0,45.42,-1.61026,14.771,129.24,168.41,0,0,0,0,0
neuromorpho__hippo-1155-1new.swc,97,pyramidal,0.997578,0,96,0,0,0,0,0,0,0,0,0,0,0,0.998365,0.000166879,0.998348,0.998348,0.998348,0.998348,0.998348,0,0,0,0,0,0,0,0,0.998348,0.998348,0,0,0,0,31,0.998401,0.998348,0.998348,0,0,6,0,0,0,0,0,0,44.51,-2.84073,10.8022,133.67,162.9,0,0,0,0,0
neuromorpho__hippo-1155-2new.swc,86,pyramidal,0.998432,0,85,0,0,0,0,0,0,0,0,0,0,0,0.998367,0.000177112,0.998348,0.998348,0.998348,0.998348,0.998348,0,0,0,0,0,0,0,0,0.998348,0.998348,0,0,0,0,23,0.99842,0.998348,0.998348,0,0,6.8,0,0,0,0,0,0,40.29,-10.6231,9.88031,86.48,133.83,0,0,0,0,0
neuromorpho__hippo-1155-3new.swc,58,pyramidal,0.996993,0,57,0,0,0,0,0,0,0,0,0,0,0,0.998376,0.000215053,0.998348,0.998348,0.998348,0.998348,0.998348,0,0,0,0,0,0,0,0,0.998348,0.998348,0,0,0,0,16,0.998451,0.998348,0.998348,0,0,7.5,0,0,0,0,0,0,48.75,-4.16737,14.1037,105.58,148.97,0,0,0,0,0
neuromorpho__hippo-1159-1new.swc,104,pyramidal,0.997499,0,103,0,0,0,0,0,0,0,0,0,0,0,0.998364,0.000161221,0.998348,0.998348,0.998348,0.998348,0.998348,0,0,0,0,0,0,0,0,0.998348,0.998348,0,0,0,0,33,0.998398,0.998348,0.998348,0,0,6,0,0,0,0,0,0,48.76,-2.03893,13.2839,151.27,203.47,0,0,0,0,0
neuromorpho__hippo-1159-2new.swc,128,pyramidal,0.997142,0,127,0,0,0,0,0,0,0,0,0,0,0,0.998361,0.000145455,0.998348,0.998348,0.998348,0.998348,0.998348,0,0,0,0,0,0,0,0,0.998348,0.998348,0,0,0,0,28,0.998407,0.998348,0.998348,0,0,9.3,0,0,0,0,0,0,53.62,-0.293228,9.44943,190.4,172.88,0,0,0,0,0
neuromorpho__hippo-130-1.swc,102,pyramidal,0.996136,0,101,0,0,0,0,0,0,0,0,0,0,0,0.998364,0.000162779,0.998348,0.998348,0.998348,0.998348,0.998348,0,0,0,0,0,0,0,0,0.998348,0.998348,0,0,0,0,25,0.998414,0.998348,0.998348,0,0,6.6,0,0,0,0,0,0,29.69,-1.1795,7.93147,113.38,137.68,0,0,0,0,0
neuromorpho__hippo-134-5.swc,82,pyramidal,0.997355,0,81,0,0,0,0,0,0,0,0,0,0,0,0.998368,0.000181328,0.998348,0.998348,0.998348,0.998348,0.998348,0,0,0,0,0,0,0,0,0.998348,0.998348,0,0,0,0,27,0.998409,0.998348,0.998348,0,0,5.4,0,0,0,0,0,0,40.9,-13.5799,13.0045,78.32,149.23,0,0,0,0,0
neuromorpho__hippo-157-5.swc,25,pyramidal,0.97643,0,24,0,0,0,0,0,0,0,0,0,0,0,0.998414,0.000323745,0.998348,0.998348,0.998348,0.998348,0.998348,0,0,0,0,0,0,0,0,0.998348,0.998348,0,0,0,0,10,0.998513,0.998348,0.998348,0,0,3.4,0,0,0,0,0,0,16.03,-1.54167,4.42086,36.1,95.75,0,0,0,0,0
neuromorpho__hippo-157-6.swc,76,pyramidal,0.996373,0,75,0,0,0,0,0,0,0,0,0,0,0,0.99837,0.000188258,0.998348,0.998348,0.998348,0.998348,0.998348,0,0,0,0,0,0,0,0,0.998348,0.998348,0,0,0,0,21,0.998427,0.998348,0.998348,0,0,7,0,0,0,0,0,0,33.95,-6.09053,9.94696,113.5,94.32,0,0,0,0,0
neuromorpho__hippo-157-7.swc,60,pyramidal,0.997664,0,59,0,0,0,0,0,0,0,0,0,0,0,0.998375,0.000211501,0.998348,0.998348,0.998348,0.998348,0.998348,0,0,0,0,0,0,0,0,0.998348,0.998348,0,0,0,0,19,0.998435,0.998348,0.998348,0,0,5.2,0,0,0,0,0,0,43.3,-7.52831,13.4169,73.76,122.09,0,0,0,0,0
neuromorpho__hippo-158-1.swc,43,pyramidal,0.99517,0,42,0,0,0,0,0,0,0,0,0,0,0,0.998386,0.000248996,0.998348,0.998348,0.998348,0.998348,0.998348,0,0,0,0,0,0,0,0,0.998348,0.998348,0,0,0,0,13,0.998475,0.998348,0.998348,0,0,5,0,0,0,0,0,0,26,-3.5,7.294,68.35,81.18,0,0,0,0,0
neuromorpho__hippo-163-1.swc,97,pyramidal,0.995942,0,96,0,0,0,0,0,0,0,0,0,0,0,0.998365,0.000166879,0.998348,0.998348,0.998348,0.998348,0.998348,0,0,0,0,0,0,0,0,0.998348,0.998348,0,0,0,0,27,0.998409,0.998348,0.998348,0,0,7,0,0,0,0,0,0,31.21,1.69469,9.03565,157.23,76.81,0,0,0,0,0
neuromorpho__hippo-163-4.swc,106,pyramidal,0.995366,0,105,0,0,0,0,0,0,0,0,0,0,0,0.998363,0.000159708,0.998348,0.998348,0.998348,0.998348,0.998348,0,0,0,0,0,0,0,0,0.998348,0.998348,0,0,0,0,35,0.998395,0.998348,0.998348,0,0,6,0,0,0,0,0,0,53.6,-11.9648,11.4009,105.28,120.47,0,0,0,0,0
neuromorpho__hippo-172-1.swc,134,pyramidal,0.996337,0,133,0,0,0,0,0,0,0,0,0,0,0,0.99836,0.000142186,0.998348,0.998348,0.998348,0.998348,0.998348,0,0,0,0,0,0,0,0,0.998348,0.998348,0,0,0,0,37,0.998393,0.998348,0.998348,0,0,7,0,0,0,0,0,0,43.93,-4.30383,11.5321,107.58,138.18,0,0,0,0,0
neuromorpho__hippo-195-8.swc,80,pyramidal,0.992265,0,79,0,0,0,0,0,0,0,0,0,0,0,0.998369,0.000183553,0.998348,0.998348,0.998348,0.998348,0.998348,0,0,0,0,0,0,0,0,0.998348,0.998348,0,0,0,0,24,0.998417,0.998348,0.998348,0,0,5,0,0,0,0,0,0,17.25,3.25671,3.67404,102.6,84.5,0,0,0,0,0
neuromorpho__hippo-218-1.swc,37,pyramidal,0.938334,0,36,0,0,0,0,0,0,0,0,0,0,0,0.998393,0.000267909,0.998348,0.998348,0.998348,0.998348,0.998348,0,0,0,0,0,0,0,0,0.998348,0.998348,0,0,0,0,12,0.998486,0.998348,0.998348,0,0,5.9,0,0,0,0,0,0,17.25,4.73667,5.01652,49.12,86.43,0,0,0,0,0
neuromorpho__hippo-225-2.swc,124,pyramidal,0.995791,0,123,0,0,0,0,0,0,0,0,0,0,0,0.998361,0.000147764,0.998348,0.998348,0.998348,0.998348,0.998348,0,0,0,0,0,0,0,0,0.998348,0.998348,0,0,0,0,30,0.998403,0.998348,0.998348,0,0,9,0,0,0,0,0,0,38.16,8.33016,9.22308,195.88,119.76,0,0,0,0,0
neuromorpho__hippo-421-2.swc,57,pyramidal,0.992761,0,56,0,0,0,0,0,0,0,0,0,0,0,0.998377,0.000216898,0.998348,0.998348,0.998348,0.998348,0.998348,0,0,0,0,0,0,0,0,0.998348,0.998348,0,0,0,0,23,0.99842,0.998348,0.998348,0,0,4.8,0,0,0,0,0,0,34.19,-2.54054,6.9339,50.13,109.41,0,0,0,0,0
neuromorpho__hippo-421-6.swc,73,pyramidal,0.992993,0,72,0,0,0,0,0,0,0,0,0,0,0,0.998371,0.000192035,0.998348,0.998348,0.998348,0.998348,0.998348,0,0,0,0,0,0,0,0,0.998348,0.998348,0,0,0,0,26,0.998411,0.998348,0.998348,0,0,5,0,0,0,0,0,0,31.8,-9.25889,11.8174,62.24,112.46,0,0,0,0,0
neuromorpho__hippo-456-4.swc,75,pyramidal,0.974499,0,74,0,0,0,0,0,0,0,0,0,0,0,0.99837,0.000189492,0.998348,0.998348,0.998348,0.998348,0.998348,0,0,0,0,0,0,0,0,0.998348,0.998348,0,0,0,0,27,0.998409,0.998348,0.998348,0,0,5.4,0,0,0,0,0,0,34.22,10.4838,10.6559,61.34,115.71,0,0,0,0,0
neuromorpho__hippo-516-3.swc,106,pyramidal,0.995941,0,105,0,0,0,0,0,0,0,0,0,0,0,0.998363,0.000159708,0.998348,0.998348,0.998348,0.998348,0.998348,0,0,0,0,0,0,0,0,0.998348,0.998348,0,0,0,0,25,0.998414,0.998348,0.998348,0,0,8,0,0,0,0,0,0,23.91,-7.43429,6.73776,87.97,163.71,0,0,0,0,0
neuromorpho__hippo-516-6.swc,129,pyramidal,0.994043,0,128,0,0,0,0,0,0,0,0,0,0,0,0.998361,0.000144895,0.998348,0.998348,0.998348,0.998348,0.998348,0,0,0,0,0,0,0,0,0.998348,0.998348,0,0,0,0,30,0.998403,0.998348,0.998348,0,0,8.1,0,0,0,0,0,0,30.3,0.701016,7.48184,134.9,157.09,0,0,0,0,0
neuromorpho__hippo-516-7.swc,48,pyramidal,0.988633,0,47,0,0,0,0,0,0,0,0,0,0,0,0.998382,0.000235963,0.998348,0.998348,0.998348,0.998348,0.998348,0,0,0,0,0,0,0,0,0.998348,0.998348,0,0,0,0,13,0.998475,0.998348,0.998348,0,0,6.8,0,0,0,0,0,0,6.96,-3.98234,3.08917,58.88,91.64,0,0,0,0,0
neuromorpho__hippo-516-8.swc,126,pyramidal,0.994727,0,125,0,0,0,0,0,0,0,0,0,0,0,0.998361,0.000146596,0.998348,0.998348,0.998348,0.998348,0.998348,0,0,0,0,0,0,0,0,0.998348,0.998348,0,0,0,0,31,0.998401,0.998348,0.998348,0,0,9,0,0,0,0,0,0,43.6,5.42912,10.2763,110.34,173.53,0,0,0,0,0
neuromorpho__hippo-519-7.swc,88,pyramidal,0.995989,0,87,0,0,0,0,0,0,0,0,0,0,0,0.998367,0.000175111,0.998348,0.998348,0.998348,0.998348,0.998348,0,0,0,0,0,0,0,0,0.998348,0.998348,0,0,0,0,19,0.998435,0.998348,0.998348,0,0,8,0,0,0,0,0,0,47.88,-4.79402,11.8533,61.31,146.33,0,0,0,0,0
neuromorpho__hippo-521-6.swc,79,pyramidal,0.992684,0,78,0,0,0,0,0,0,0,0,0,0,0,0.998369,0.000184696,0.998348,0.998348,0.998348,0.998348,0.998348,0,0,0,0,0,0,0,0,0.998348,0.998348,0,0,0,0,18,0.99844,0.998348,0.998348,0,0,9,0,0,0,0,0,0,24.24,-1.29833,6.53213,60.21,100.23,0,0,0,0,0
neuromorpho__hippo-521-7.swc,147,pyramidal,0.955602,0,146,0,0,0,0,0,0,0,0,0,0,0,0.998359,0.000135799,0.998348,0.998348,0.998348,0.998348,0.998348,0,0,0,0,0,0,0,0,0.998348,0.998348,0,0,0,0,41,0.998388,0.998348,0.998348,0,0,8,0,0,0,0,0,0,41.18,0.567397,12.2932,82.88,149.17,0,0,0,0,0
neuromorpho__hippo-539-2.swc,114,pyramidal,0.995569,0,113,0,0,0,0,0,0,0,0,0,0,0,0.998362,0.000154053,0.998348,0.998348,0.998348,0.998348,0.998348,0,0,0,0,0,0,0,0,0.998348,0.998348,0,0,0,0,25,0.998414,0.998348,0.998348,0,0,9.2,0,0,0,0,0,0,47.24,13.0857,12.7576,111.04,116.04,0,0,0,0,0
neuromorpho__hippo-557-2.swc,132,pyramidal,0.996638,0,131,0,0,0,0,0,0,0,0,0,0,0,0.99836,0.000143251,0.998348,0.998348,0.998348,0.998348,0.998348,0,0,0,0,0,0,0,0,0.998348,0.998348,0,0,0,0,42,0.998387,0.998348,0.998348,0,0,7.7,0,0,0,0,0,0,43.31,3.17656,9.91575,116.09,205.98,0,0,0,0,0
neuromorpho__hippo-570-2.swc,127,pyramidal,0.997805,0,126,0,0,0,0,0,0,0,0,0,0,0,0.998361,0.000146022,0.998348,0.998348,0.998348,0.998348,0.998348,0,0,0,0,0,0,0,0,0.998348,0.998348,0,0,0,0,40,0.998389,0.998348,0.998348,0,0,7.1,0,0,0,0,0,0,37.86,5.36849,11.9391,109.33,155.98,0,0,0,0,0
neuromorpho__hippo-570-3.swc,56,pyramidal,0.995233,0,55,0,0,0,0,0,0,0,0,0,0,0,0.998377,0.000218791,0.998348,0.998348,0.998348,0.998348,0.998348,0,0,0,0,0,0,0,0,0.998348,0.998348,0,0,0,0,21,0.998427,0.998348,0.998348,0,0,5,0,0,0,0,0,0,25.74,-5.66873,6.91974,46.57,108.22,0,0,0,0,0
neuromorpho__hippo-570-6.swc,79,pyramidal,0.995163,0,78,0,0,0,0,0,0,0,0,0,0,0,0.998369,0.000184696,0.998348,0.998348,0.998348,0.998348,0.998348,0,0,0,0,0,0,0,0,0.998348,0.998348,0,0,0,0,18,0.99844,0.998348,0.998348,0,0,8,0,0,0,0,0,0,14,-5.25641,3.97891,96.06,166.93,0,0,0,0,0
neuromorpho__hippo-858-3.swc,63,pyramidal,0.997173,0,62,0,0,0,0,0,0,0,0,0,0,0,0.998374,0.000206487,0.998348,0.998348,0.998348,0.998348,0.998348,0,0,0,0,0,0,0,0,0.998348,0.998348,0,0,0,0,20,0.998431,0.998348,0.998348,0,0,7,0,0,0,0,0,0,32.09,-0.0193548,7.56288,68.43,119.05,0,0,0,0,0
neuromorpho__hippo-858-4.swc,143,pyramidal,0.99728,0,142,0,0,0,0,0,0,0,0,0,0,0,0.998359,0.000137672,0.998348,0.998348,0.998348,0.998348,0.998348,0,0,0,0,0,0,0,0,0.998348,0.998348,0,0,0,0,40,0.998389,0.998348,0.998348,0,0,7,0,0,0,0,0,0,41.21,-1.79465,10.2527,148.31,236.76,0,0,0,0,0
neuromorpho__hippo-99-3.swc,80,pyramidal,0.997034,0,79,0,0,0,0,0,0,0,0,0,0,0,0.998369,0.000183553,0.998348,0.998348,0.998348,0.998348,0.998348,0,0,0,0,0,0,0,0,0.998348,0.998348,0,0,0,0,25,0.998414,0.998348,0.998348,0,0,5.6,0,0,0,0,0,0,26.97,-5.31734,8.37649,77.09,227.56,0,0,0,0,0
neuromorpho__hippo-99-6.swc,74,pyramidal,0.989689,0,73,0,0,0,0,0,0,0,0,0,0,0,0.99837,0.000190751,0.998348,0.998348,0.998348,0.998348,0.998348,0,0,0,0,0,0,0,0,0.998348,0.998348,0,0,0,0,21,0.998427,0.998348,0.998348,0,0,6,0,0,0,0,0,0,32.09,-2.71096,8.84716,136.05,161.94,0,0,0,0,0
neuromorpho__hippo169-6.swc,64,pyramidal,0.99394,0,63,0,0,0,0,0,0,0,0,0,0,0,0.998374,0.000204893,0.998348,0.998348,0.998348,0.998348,0.998348,0,0,0,0,0,0,0,0,0.998348,0.998348,0,0,0,0,16,0.998451,0.998348,0.998348,0,0,7.5,0,0,0,0,0,0,55.74,24.6729,17.8486,74.37,108.69,0,0,0,0,0
neuromorpho__hippo223-2.swc,153,pyramidal,0.992744,0,152,0,0,0,0,0,0,0,0,0,0,0,0.998359,0.000133127,0.998348,0.998348,0.998348,0.998348,0.998348,0,0,0,0,0,0,0,0,0.998348,0.998348,0,0,0,0,35,0.998395,0.998348,0.998348,0,0,10,0,0,0,0,0,0,46.98,-12.7197,11.1899,157.73,155,0,0,0,0,0
neuromorpho__hippo284-2.swc,135,pyramidal,0.990982,0,134,0,0,0,0,0,0,0,0,0,0,0,0.99836,0.000141663,0.998348,0.998348,0.998348,0.998348,0.998348,0,0,0,0,0,0,0,0,0.998348,0.998348,0,0,0,0,40,0.998389,0.998348,0.998348,0,0,5.2,0,0,0,0,0,0,13.02,-4.20672,4.94967,112.12,188.43,0,0,0,0,0
neuromorpho__hippo284-4.swc,149,pyramidal,0.998397,0,148,0,0,0,0,0,0,0,0,0,0,0,0.998359,0.000134891,0.998348,0.998348,0.998348,0.998348,0.998348,0,0,0,0,0,0,0,0,0.998348,0.998348,0,0,0,0,35,0.998395,0.998348,0.998348,0,0,9.2,0,0,0,0,0,0,48.79,-17.9778,13.7578,138.14,167.93,0,0,0,0,0
neuromorpho__hippo285-3.swc,89,pyramidal,0.998438,0,88,0,0,0,0,0,0,0,0,0,0,0,0.998366,0.000174136,0.998348,0.998348,0.998348,0.998348,0.998348,0,0,0,0,0,0,0,0,0.998348,0.998348,0,0,0,0,27,0.998409,0.998348,0.998348,0,0,7,0,0,0,0,0,0,38.76,-11.752,12.9235,89.22,129.3,0,0,0,0,0
neuromorpho__hippo285-5.swc,149,pyramidal,0.996809,0,148,0,0,0,0,0,0,0,0,0,0,0,0.998359,0.000134891,0.998348,0.998348,0.998348,0.998348,0.998348,0,0,0,0,0,0,0,0,0.998348,0.998348,0,0,0,0,38,0.998391,0.998348,0.998348,0,0,7.3,0,0,0,0,0,0,44.83,5.57284,10.354,154.39,173.44,0,0,0,0,0
neuromorpho__hippo285-6.swc,142,pyramidal,0.997624,0,141,0,0,0,0,0,0,0,0,0,0,0,0.99836,0.000138152,0.998348,0.998348,0.998348,0.998348,0.998348,0,0,0,0,0,0,0,0,0.998348,0.998348,0,0,0,0,37,0.998393,0.998348,0.998348,0,0,9,0,0,0,0,0,0,56.94,-4.62965,13.1425,133.69,137.81,0,0,0,0,0
neuromorpho__hippo286-6.swc,99,pyramidal,0.980587,0,98,0,0,0,0,0,0,0,0,0,0,0,0.998365,0.000165202,0.998348,0.998348,0.998348,0.998348,0.998348,0,0,0,0,0,0,0,0,0.998348,0.998348,0,0,0,0,29,0.998405,0.998348,0.998348,0,0,8,0,0,0,0,0,0,43.34,-2.55602,11.2233,80.23,139.16,0,0,0,0,0
neuromorpho__hippo303-1.swc,73,pyramidal,0.997827,0,72,0,0,0,0,0,0,0,0,0,0,0,0.998371,0.000192035,0.998348,0.998348,0.998348,0.998348,0.998348,0,0,0,0,0,0,0,0,0.998348,0.998348,0,0,0,0,25,0.998414,0.998348,0.998348,0,0,7,0,0,0,0,0,0,29.09,-10.5928,8.50596,69.52,206.26,0,0,0,0,0
neuromorpho__hippo305-3.swc,81,pyramidal,0.993035,0,80,0,0,0,0,0,0,0,0,0,0,0,0.998368,0.00018243,0.998348,0.998348,0.998348,0.998348,0.998348,0,0,0,0,0,0,0,0,0.998348,0.998348,0,0,0,0,25,0.998414,0.998348,0.998348,0,0,6.6,0,0,0,0,0,0,40.3,6.757,11.4844,128.13,68.16,0,0,0,0,0
neuromorpho__hippo305-5.swc,94,pyramidal,0.99726,0,93,0,0,0,0,0,0,0,0,0,0,0,0.998365,0.000169493,0.998348,0.998348,0.998348,0.998348,0.998348,0,0,0,0,0,0,0,0,0.998348,0.998348,0,0,0,0,22,0.998423,0.998348,0.998348,0,0,6.9,0,0,0,0,0,0,49.98,-8.94935,12.4679,67.68,145.06,0,0,0,0,0
neuromorpho__hippo367-7.swc,127,pyramidal,0.99705,0,126,0,0,0,0,0,0,0,0,0,0,0,0.998361,0.000146022,0.998348,0.998348,0.998348,0.998348,0.998348,0,0,0,0,0,0,0,0,0.998348,0.998348,0,0,0,0,33,0.998398,0.998348,0.998348,0,0,7,0,0,0,0,0,0,24.24,-19.4008,8.09204,159.92,107.23,0,0,0,0,0
neuromorpho__hippo368-7.swc,64,pyramidal,0.994625,0,63,0,0,0,0,0,0,0,0,0,0,0,0.998374,0.000204893,0.998348,0.998348,0.998348,0.998348,0.998348,0,0,0,0,0,0,0,0,0.998348,0.998348,0,0,0,0,23,0.99842,0.998348,0.998348,0,0,5,0,0,0,0,0,0,23.34,-5.18032,5.24984,128.34,115.85,0,0,0,0,0
neuromorpho__hippo370-2.swc,148,pyramidal,0.995939,0,147,0,0,0,0,0,0,0,0,0,0,0,0.998359,0.000135342,0.998348,0.998348,0.998348,0.998348,0.998348,0,0,0,0,0,0,0,0,0.998348,0.998348,0,0,0,0,49,0.998382,0.998348,0.998348,0,0,6,0,0,0,0,0,0,26.34,-13.4308,5.23701,160.19,150.6,0,0,0,0,0
neuromorpho__hippo370-5.swc,97,pyramidal,0.997209,0,96,0,0,0,0,0,0,0,0,0,0,0,0.998365,0.000166879,0.998348,0.998348,0.998348,0.998348,0.998348,0,0,0,0,0,0,0,0,0.998348,0.998348,0,0,0,0,27,0.998409,0.998348,0.998348,0,0,6.4,0,0,0,0,0,0,31.81,-18.7241,6.84807,167.8,160.81,0,0,0,0,0
neuromorpho__hippo401-7.swc,117,pyramidal,0.997403,0,116,0,0,0,0,0,0,0,0,0,0,0,0.998362,0.000152083,0.998348,0.998348,0.998348,0.998348,0.998348,0,0,0,0,0,0,0,0,0.998348,0.998348,0,0,0,0,36,0.998394,0.998348,0.998348,0,0,6,0,0,0,0,0,0,34.85,-1.6819,8.20545,202.07,124.66,0,0,0,0,0
neuromorpho__hippo412-2.swc,98,pyramidal,0.997564,0,97,0,0,0,0,0,0,0,0,0,0,0,0.998365,0.000166034,0.998348,0.998348,0.998348,0.998348,0.998348,0,0,0,0,0,0,0,0,0.998348,0.998348,0,0,0,0,29,0.998405,0.998348,0.998348,0,0,6,0,0,0,0,0,0,23.64,-19.1664,7.82725,141.71,101.33,0,0,0,0,0
neuromorpho__hippo417-1.swc,67,pyramidal,0.994618,0,66,0,0,0,0,0,0,0,0,0,0,0,0.998373,0.000200325,0.998348,0.998348,0.998348,0.998348,0.998348,0,0,0,0,0,0,0,0,0.998348,0.998348,0,0,0,0,27,0.998409,0.998348,0.998348,0,0,4,0,0,0,0,0,0,41.21,-2.63697,11.2112,55.71,67.27,0,0,0,0,0
neuromorpho__homo-1.swc,1696,interneuron,0.989187,711,984,0,0,0,0,0,0,0,0,0,0,0,0.997301,0.00976006,0.927978,0.995725,0.998919,0.998919,0.998919,0,0,0,0,0,0.998052,0.999189,0,0.996756,0.998919,0,0,0,0,463,0.997544,0.927978,0.998919,0,0,7.8,0,34.49,6.2099,8.05392,163.92,239,36.24,-1.1036,7.24335,226.87,221.85,0,0,0,0,0
neuromorpho__homo-12.swc,1651,interneuron,0.996602,857,793,0,0,0,0,0,0,0,0,0,0,0,0.998999,0.00104945,0.973127,0.998919,0.998919,0.998919,0.999189,0,0,0,0,0,0.999073,0.999189,0,0.998919,0.998919,0,0,0,0,424,0.998897,0.973127,0.998919,0,0,8,0,54.93,-8.02526,11.5067,184.68,237.39,51.18,-6.13788,10.8687,232.19,417.83,0,0,0,0,0
neuromorpho__homo-3.swc,2338,interneuron,0.996507,1240,1097,0,0,0,0,0,0,0,0,0,0,0,0.998091,0.00826043,0.927978,0.998919,0.998919,0.998919,0.999189,0,0,0,0,0,0.999189,0.999189,0,0.996849,0.998919,0,0,0,0,509,0.998234,0.927978,0.998919,0,0,10,0,36.01,-1.08115,8.76268,210.91,406.01,34.71,-3.44924,7.06278,135.95,363.93,0,0,0,0,0
neuromorpho__i03558.swc,2343,pyramidal,0.970751,1889,453,0,0,0,0,0,0,0,0,0,0,0,0.599959,0.333589,0.3,0.3,0.3,0.3,0.3,0.523261,0.588135,0.588135,0.592403,0.592403,0.544207,0.3,0.647962,0.831557,0.509999,0.339956,0,0,0,176,0.692492,0.3,0.3,0.482955,0.505682,30.5,0,568.77,-33.502,87.3494,1732.92,2167.09,230.49,-23.4933,46.7917,283.19,431.95,0,0,0,0,0
neuromorpho__iPRCp_06.swc,6887,pyramidal,0.951229,0,2920,3966,0,0,0,0,0.0581132,0,0,0,0,0,0.981627,0.0195377,0.910574,0.937911,0.954635,0.978276,0.978276,0,0,0,0,0,0,0,0,0.998348,0.998348,0,0.969311,0.937911,0,105,0.984851,0.910574,0.978246,0,0,147.6,0,0,0,0,0,0,151.85,-0.730199,33.9285,130.4,242.83,184.6,-17.6975,37.4575,198.58,433.43
neuromorpho__iPRCp_10.swc,6882,pyramidal,0.952354,0,2701,4180,0,0,0.00334205,0.00334205,4.33599e-06,-0.00334205,0.00334205,0,0,0,0.980378,0.0610858,0.3,0.978276,0.978276,0.978276,0.978276,0.00755594,0.00755594,0.00755594,0.00755594,0.010898,0,0,0,0.996683,0.998348,0,0.969838,0.978276,0.0124402,103,0.980774,0.3,0.978276,0,0,147.4,0,0,0,0,0,0,122.92,-15.1934,23.6985,170.08,239.88,209.95,-63.1762,50.3485,177.66,485.93
neuromorpho__iPRCp_11.swc,10001,pyramidal,0.983989,43,4051,5906,0,0,0,0,0.029348,0,0,0,0,0,0.981283,0.053699,0.3,0.969891,0.978276,0.978276,0.978276,0.00559944,0.00559944,0.00559944,0.00989901,0.00989901,0.792143,0.792143,0,0.998348,0.998348,0,0.970952,0.970739,0.00948188,118,0.985138,0.3,0.978276,0,0.00847458,183.6,0,29.72,14.0851,8.77004,9.6,5.89,145.08,-7.53993,28.3084,188.1,239.58,181.37,-30.4957,38.1465,301.82,414.46
neuromorpho__iPRCp_12.swc,7830,pyramidal,0.945794,0,4939,2890,0,0,0.369093,0.369093,0.098159,0,-0.369093,0.369093,0.369093,0,0.947113,0.0894602,0.515427,0.852094,0.866916,0.907965,0.998348,0,0.0274585,0.0274585,0.0274585,0.21507,0,0,0,0.97695,0.998348,0.0435311,0.896103,0.85448,0,133,0.941899,0.515427,0.847421,0.0300752,0.0300752,126.6,0,0,0,0,0,0,231.87,-45.4921,66.4898,181.65,237.88,126.39,-2.92696,20.7587,215.42,366.95
neuromorpho__j161128s1c7-rotated.swc,35399,interneuron,0.996951,34787,611,0,0,0,0,0,0,0,0,0,0,0,0.917569,0.224174,0.3,0.3,0.3,0.999189,0.999189,0.116416,0.116416,0.116416,0.116416,0.116416,0.916138,0.3,0.118464,0.998919,0.998919,0,0,0,0,627,0.951769,0.3,0.833248,0.0526316,0.0845295,131.4,0,151.42,-10.4073,19.352,665.16,587.29,21.46,-4.7608,5.30037,130.29,248.96,0,0,0,0,0
neuromorpho__jerry-10.swc,239,pyramidal,0.997069,0,238,0,0,0,0,0,0,0,0,0,0,0,0.998355,0.000106642,0.998348,0.998348,0.998348,0.998348,0.998348,0,0,0,0,0,0,0,0,0.998348,0.998348,0,0,0,0,21,0.998427,0.998348,0.998348,0,0,19,0,0,0,0,0,0,0,0,0,213.02,353.81,0,0,0,0,0
neuromorpho__jerry-12.swc,478,pyramidal,0.996051,0,477,0,0,0,0,0,0,0,0,0,0,0,0.976448,0.0791754,0.633611,0.919774,0.976994,0.987652,0.998348,0,0,0.0502092,0.0502092,0.0502092,0,0,0,0.976398,0.976994,0.0503145,0,0,0,35,0.984479,0.633611,0.977457,0.0285714,0.0285714,25.2,0,0,0,0,0,0,0,0,0,378.33,378.43,0,0,0,0,0
neuromorpho__jerry-17.swc,175,pyramidal,0.996644,0,174,0,0,0,0,0,0,0,0,0,0,0,0.998357,0.00012453,0.998348,0.998348,0.998348,0.998348,0.998348,0,0,0,0,0,0,0,0,0.998348,0.998348,0,0,0,0,19,0.998435,0.998348,0.998348,0,0,16.2,0,0,0,0,0,0,0,0,0,181.01,231.93,0,0,0,0,0
neuromorpho__jerry-9.swc,188,pyramidal,0.997055,0,187,0,0,0,0,0,0,0,0,0,0,0,0.998357,0.000120171,0.998348,0.998348,0.998348,0.998348,0.998348,0,0,0,0,0,0,0,0,0.998348,0.998348,0,0,0,0,25,0.998414,0.998348,0.998348,0,0,13,0,0,0,0,0,0,0,0,0,217.67,257.61,0,0,0,0,0
neuromorpho__jy171228_B_idA.swc,1282,interneuron,0.974957,0,1281,0,0,0,0,0,0,0,0,0,0,0,0.988016,0.0866132,0.3,0.998919,0.998919,0.998919,0.998919,0.0156006,0.0156006,0.0156006,0.0156006,0.0156006,0,0,0,0.988007,0.998919,0.0156128,0,0,0,30,0.99623,0.3,0.998919,0,0,141.7,0,0,0,0,0,0,30.08,-6.13772,5.3836,317.97,319.89,0,0,0,0,0
neuromorpho__jy190506_B_idC.swc,12883,interneuron,0.995106,0,12882,0,0,0,0,0,0,0,0,0,0,0,0.946108,0.176179,0.3,0.3,0.927978,0.998919,0.998919,0.0685399,0.0685399,0.0685399,0.0685399,0.0685399,0,0,0,0.946104,0.927978,0.0685453,0,0,0,354,0.97716,0.3,0.998374,0.0254237,0.0282486,75,0,0,0,0,0,0,175.66,-18.1471,29.8371,463.61,803.62,0,0,0,0,0
neuromorpho__ko20x-14.swc,99,pyramidal,0.994085,3,23,72,0,0,0,0,0,0,0,0,0,0,0.816983,0.28077,0.3,0.3,0.3,0.804092,0.978276,0.222222,0.222222,0.222222,0.222222,0.30303,0.933004,0.933004,0,0.998348,0.998348,0,0.751671,0.3,0.305556,23,0.91768,0.3,0.829874,0.0869565,0.0869565,7.6,0,0,-2,0,11.57,22.12,11,-5.78261,3.99953,163.55,77.99,26,12.6528,9.66402,79.74,556.55
neuromorpho__m1s2s6b-d-deep.swc,399,pyramidal,0.995942,0,169,229,0,0,0.573935,0.573935,0.0761964,0,-0.573935,0.573935,0.573935,0,0.85457,0.162605,0.3,0.695258,0.754916,0.799421,0.804009,0.0501253,0.0501253,0.0501253,0.423559,0.578947,0,0,0,0.990083,0.998348,0.0118343,0.753928,0.739176,0.0786026,50,0.850533,0.3,0.761676,0.04,0.48,17,0,0,0,0,0,0,35.37,-6.34,7.24219,304.55,170.06,46.27,-4.5276,9.82167,279.06,453.89
neuromorpho__m3s4s4b-med-deep.swc,234,interneuron,0.664658,0,233,0,0,0,0,0,0,0,0,0,0,0,0.998923,7.05309e-05,0.998919,0.998919,0.998919,0.998919,0.998919,0,0,0,0,0,0,0,0,0.998919,0.998919,0,0,0,0,30,0.998955,0.998919,0.998919,0,0,19.1,0,0,0,0,0,0,37.02,7.55275,7.04387,126.24,242.88,0,0,0,0,0
neuromorpho__m3s4s4t-vp-mid.swc,256,interneuron,0.678902,0,255,0,0,0,0,0,0,0,0,0,0,0,0.998923,6.74447e-05,0.998919,0.998919,0.998919,0.998919,0.998919,0,0,0,0,0,0,0,0,0.998919,0.998919,0,0,0,0,41,0.998945,0.998919,0.998919,0,0,12,0,0,0,0,0,0,35.87,3.33094,7.25452,109.65,206.28,0,0,0,0,0
neuromorpho__mPFC_w1_L3_01.swc,2540,pyramidal,0.982238,0,1294,1245,0,0,0,0,0,0,0,0,0,0,0.782525,0.244227,0.3,0.3,0.4441,0.531798,0.80518,0.242126,0.276378,0.282677,0.282677,0.545669,0,0,0,0.801642,0.4441,0.377898,0.762481,0.3,0.183936,99,0.835388,0.3,0.460719,0.272727,0.292929,57.2,0,0,0,0,0,0,75,-3.66886,14.6966,247.4,298.4,41,-10.7189,9.51809,698.35,473.5
neuromorpho__mPFC_w1_L3_05.swc,825,pyramidal,0.990074,0,400,424,0,0,0,0,0,0,0,0,0,0,0.983132,0.0319195,0.785507,0.978276,0.978276,0.978276,0.978276,0,0,0,0.0230303,0.0230303,0,0,0,0.988238,0.998348,0,0.978276,0.978276,0,87,0.986461,0.785507,0.978276,0,0.0114943,21.4,0,0,0,0,0,0,26,-1.22125,4.75438,143.48,142.71,51,-10.5142,13.1165,185.42,231.19
neuromorpho__mPFC_w1_L5_09.swc,1108,pyramidal,0.995594,0,321,786,0,0,0,0,0,0,0,0,0,0,0.983619,0.00872187,0.978276,0.978276,0.978276,0.978276,0.978276,0,0,0,0,0,0,0,0,0.996652,0.984087,0,0.978276,0.978276,0,136,0.983806,0.978276,0.978276,0,0,18.5,0,0,0,0,0,0,31,-6.81315,5.92143,96.93,91.53,57.99,-10.1072,11.1237,280.64,404.3
neuromorpho__mPFC_w2_L3_05.swc,1125,pyramidal,0.996273,0,505,619,0,0,0,0,0,0,0,0,0,0,0.977055,0.0844498,0.3,0.978276,0.978276,0.978276,0.978276,0.0151111,0.0151111,0.0151111,0.0151111,0.0151111,0,0,0,0.998348,0.998348,0,0.959647,0.978276,0.0274637,73,0.983994,0.3,0.978276,0,0.0136986,34,0,0,0,0,0,0,45.51,0.955188,6.68799,225.18,146.75,78,-9.78246,17.6005,340.43,291.39
neuromorpho__mPFC_w2_L5_05.swc,1741,pyramidal,0.997535,0,648,1092,0,0,0,0,0,0,0,0,0,0,0.979515,0.0597444,0.3,0.978276,0.978276,0.978276,0.978276,0.00574383,0.00574383,0.012062,0.012062,0.012062,0,0,0,0.99204,0.998348,0.0169753,0.972065,0.978276,0.00915751,123,0.98246,0.3,0.978276,0.00813008,0.00813008,34,0,0,0,0,0,0,66,-1.59336,16.9007,259.61,266.12,95,-9.33929,18.8084,309.89,646.64
neuromorpho__mPFC_w2_L5_09.swc,1716,pyramidal,0.997247,5,590,1120,0,0,0,0,0,0,0,0,0,0,0.959166,0.130752,0.3,0.978276,0.978276,0.978276,0.978276,0.0367133,0.039627,0.039627,0.039627,0.039627,0.593129,0.593129,1,0.998348,0.998348,0,0.940123,0.978276,0.05625,93,0.974722,0.3,0.978276,0.0107527,0.0215054,42,0,3,12,1.26491,2.18,14.05,53,-2.77966,12.4417,302.59,210.31,72,-18.5987,16.0171,447.08,507.4
neuromorpho__mPFC_w4_L3_02.swc,2229,pyramidal,0.988674,93,1024,1111,0,0,0,0,0,0,0,0,0,0,0.972101,0.0806754,0.3,0.933004,0.978276,0.978276,0.978276,0.0098699,0.0098699,0.0152535,0.0480036,0.0480036,0.683783,0.3,0.215054,0.992885,0.998348,0.0117188,0.977055,0.978276,0.00180018,83,0.979695,0.3,0.978276,0.0240964,0.0240964,62,20,23,3.43011,5.1146,56.18,188.97,60,-11.749,13.8098,282.8,226.41,83,3.05131,17.1106,382.6,464.51
neuromorpho__mPFC_w4_L3_05.swc,1500,pyramidal,0.994461,10,725,764,0,0,0,0,0,0,0,0,0,0,0.949438,0.154641,0.3,0.3,0.978276,0.978276,0.978276,0.0513333,0.0513333,0.0573333,0.064,0.064,0.792143,0.792143,0,0.993186,0.998348,0.0124138,0.909916,0.503483,0.100785,60,0.953991,0.3,0.978276,0.05,0.0666667,48.6,0,4.01,8.594,1.43597,15.48,11.81,79,-0.152372,17.3273,261.38,169.46,66.06,4.38668,13.4889,270.66,416.44
neuromorpho__mPFC_w4_L3_07.swc,1037,pyramidal,0.997957,11,348,677,0,0,0,0,0,0,0,0,0,0,0.984229,0.0112317,0.940555,0.978056,0.978226,0.978276,0.978276,0,0,0,0,0,0.955815,0.955815,0,0.998348,0.998348,0,0.97741,0.978056,0,80,0.985034,0.940555,0.978056,0,0,27.2,5.5,9,12.3182,3.06944,23.93,17.99,70,-8.47989,13.8332,239.3,197.66,89,-16.7027,18.1407,292.8,358.52
neuromorpho__mPFC_w4_L5_04.swc,3439,pyramidal,0.993494,0,1312,2126,0,0,0,0,0.00977307,0,0,0,0,0,0.909867,0.177,0.3,0.541549,0.613606,0.978276,0.978276,0.0441989,0.0863623,0.145682,0.145682,0.177086,0,0,0,0.848578,0.541549,0.308689,0.947647,0.978276,0.0451552,129,0.924804,0.3,0.613606,0.124031,0.139535,62,0,0,0,0,0,0,104,-14.7421,18.3829,456.08,369,117,-47.4511,31.0566,501.09,698.33
neuromorpho__mPFC_w4_L5_07.swc,2076,pyramidal,0.995905,0,1046,1029,0,0,0,0,0,0,0,0,0,0,0.982845,0.0628465,0.3,0.978276,0.978276,0.978276,0.998348,0.00818882,0.00818882,0.00818882,0.00818882,0.00818882,0,0,0,0.998348,0.998348,0,0.96707,0.978276,0.0165209,127,0.986774,0.3,0.978276,0,0,39,0,0,0,0,0,0,60,2.98662,13.6069,305.67,312.84,64,6.4966,14.5228,373.93,547.32
neuromorpho__maleCA1pyramidal3.swc,643,pyramidal,0.934386,0,243,399,0,0,0,0,0.00176718,0,0,0,0,0,0.977174,0.0574251,0.52152,0.978276,0.978276,0.978276,0.978276,0,0.00933126,0.0186625,0.0186625,0.0186625,0,0,0,0.97527,0.998348,0.0493827,0.978276,0.978276,0,91,0.975744,0.52152,0.978276,0.021978,0.021978,13,0,0,0,0,0,0,64.58,14.6075,15.7156,116.51,106.83,84.96,-30.2756,21.0304,72.9,178.19
neuromorpho__n120.swc,2619,pyramidal,0.975221,0,1776,842,0,0,0,0,0,0,0,0,0,0,0.705382,0.271175,0.3,0.3,0.3,0.3,0.799421,0.263841,0.310806,0.37648,0.500955,0.631539,0,0,0,0.643823,0.3,0.508446,0.834876,0.799421,0.0985748,154,0.70883,0.3,0.3,0.38961,0.454545,39.7,0,0,0,0,0,0,112.7,32.185,20.2938,257.6,205.19,91.51,24.1642,17.5947,279.6,535.53
neuromorpho__n125.swc,7827,pyramidal,0.911242,0,1755,6071,0,0,0,0,0,0,0,0,0,0,0.758267,0.218554,0.3,0.3,0.3,0.799421,0.799421,0.165964,0.165964,0.165964,0.633704,0.791874,0,0,0,0.945768,0.984087,0.0723647,0.704024,0.3,0.193049,187,0.782062,0.3,0.61815,0.13369,0.59893,82,26.5023,0,0,0,0,0,185.56,-2.13031,38.8142,255.25,138.17,187.88,53.7309,41.1793,306.57,497.95
neuromorpho__n126.swc,4215,pyramidal,0.989717,204,2104,1906,0,0,0,0,8.62404e-05,0,0,0,0,0,0.902097,0.210189,0.3,0.3,0.3,0.978151,0.978276,0.102254,0.108422,0.122183,0.122183,0.135943,0.927393,0.945474,0.0343137,0.851864,0.3,0.210076,0.954789,0.978276,0.0346275,144,0.947607,0.3,0.868551,0.0416667,0.0763889,63.9,-2.13297,81.81,16.7364,14.2992,69.83,121.33,173.43,-32.2895,33.3645,295.82,312.68,90.08,-5.0847,17.5559,290.41,619.74
neuromorpho__n128.swc,3906,pyramidal,0.900231,0,1539,2366,0,0,0,0,0,0,0,0,0,0,0.707099,0.278826,0.3,0.3,0.3,0.3,0.633611,0.254224,0.275218,0.523554,0.539427,0.539427,0,0,0,0.568108,0.3,0.918778,0.797383,0.3,0.266695,194,0.737909,0.3,0.3,0.443299,0.463918,44.4,-11.5491,0,0,0,0,0,192.78,61.6999,39.1979,294,208.01,172.71,-3.41303,24.6829,417.15,626.73
neuromorpho__n16fts.swc,1448,pyramidal,0.975615,127,1320,0,0,0,0,0,0.0334378,0,0,0,0,0,0.900072,0.148802,0.500442,0.584627,0.620938,0.842333,0.998348,0,0.0676796,0.177486,0.18232,0.370856,0.838535,0.829917,0,0.905917,0.620938,0.194697,0,0,0,218,0.893029,0.500442,0.619362,0.188073,0.192661,12,3,1,-0.385827,0.48679,108.7,38.5,3,-0.531818,0.555048,229.9,229.9,0,0,0,0,0
neuromorpho__n180.swc,4385,pyramidal,0.957775,2417,1967,0,0,0,0,0,0.00479387,0,0,0,0,0,0.63899,0.275842,0.3,0.3,0.3,0.3,0.620185,0.316306,0.440137,0.633979,0.672292,0.672292,0.66673,0.3,0.465039,0.60472,0.3,0.841891,0,0,0,164,0.695344,0.3,0.3,0.536585,0.573171,55.7,3.22,467.43,8.29082,83.632,390.87,760.22,354.47,48.7845,75.682,275.49,216.72,0,0,0,0,0
neuromorpho__n25fts.swc,1245,pyramidal,0.983102,0,1244,0,0,0,0,0,0,0,0,0,0,0,0.998315,0.00070082,0.984087,0.998348,0.998348,0.998348,0.998348,0,0,0,0,0,0,0,0,0.998314,0.998348,0,0,0,0,126,0.998248,0.984087,0.998348,0,0,20,4,0,0,0,0,0,4,-0.577974,0.588909,229.05,223.45,0,0,0,0,0
neuromorpho__n27fts.swc,2046,pyramidal,0.940274,0,2045,0,0,0,0,0,0.0210299,0,0,0,0,0,0.958018,0.118746,0.541549,0.584627,0.918059,0.998348,0.998348,0,0.0865103,0.0865103,0.0865103,0.0865103,0,0,0,0.957998,0.918059,0.0865526,0,0,0,193,0.977967,0.541549,0.957848,0.0362694,0.0362694,22,4.07692,0,0,0,0,0,5,-0.850028,0.913555,229.275,223.875,0,0,0,0,0
neuromorpho__n422.swc,5605,pyramidal,0.905309,3046,2558,0,0,0,0,0,0,0,0,0,0,0,0.552013,0.317064,0.3,0.3,0.3,0.3,0.3,0.603747,0.608207,0.636039,0.636218,0.643889,0.533629,0.3,0.662837,0.573729,0.3,0.604378,0,0,0,182,0.630375,0.3,0.3,0.576923,0.637363,65.8,13.173,1008.64,198.607,227.984,601.34,860.42,895.98,0.218986,191.748,488.29,377.22,0,0,0,0,0
neuromorpho__n5fts.swc,954,pyramidal,0.990351,5,948,0,0,0,0,0,0,0,0,0,0,0,0.996181,0.0292668,0.593129,0.998348,0.998348,0.998348,0.998348,0,0.00524109,0.00524109,0.00524109,0.00524109,0.593129,0.593129,1,0.998303,0.998348,0,0,0,0,239,0.9966,0.593129,0.998348,0.0041841,0.0041841,8,3,0,0,0,2.7,2.8,2,-0.137131,0.452575,229.9,205.7,0,0,0,0,0
neuromorpho__n7fts.swc,521,pyramidal,0.968949,0,520,0,0,0,0,0,0,0,0,0,0,0,0.998351,7.23104e-05,0.998348,0.998348,0.998348,0.998348,0.998348,0,0,0,0,0,0,0,0,0.998348,0.998348,0,0,0,0,59,0.998376,0.998348,0.998348,0,0,21,4,0,0,0,0,0,2,-0.407692,0.560853,229.9,217.4,0,0,0,0,0
neuromorpho__n9fts.swc,2166,pyramidal,0.90574,0,2165,0,0,0,0,0,0.00720854,0,0,0,0,0,0.854744,0.193421,0.500442,0.541549,0.584058,0.621397,0.998348,0,0.195291,0.34072,0.344414,0.366574,0,0,0,0.854676,0.584058,0.340878,0,0,0,351,0.860059,0.500442,0.584058,0.327635,0.336182,13,4,0,0,0,0,0,3,-0.0378753,0.489565,229.9,229.9,0,0,0,0,0
neuromorpho__neuron-1_2_3.swc,1024,interneuron,0.369489,0,1023,0,0,0,0,0,0,0,0,0,0,0,0.928094,0.0840385,0.3,0.939144,0.939144,0.939161,0.939161,0.0175781,0.0175781,0.0175781,0.0175781,0.0175781,0,0,0,0.928024,0.939144,0.0175953,0,0,0,27,0.938561,0.3,0.939144,0,0,91.8,0,0,0,0,0,0,57.81,2.46369,9.25568,175.58,245.04,0,0,0,0,0
neuromorpho__omega-1.swc,175,pyramidal,0.997334,0,174,0,0,0,0,0,0,0,0,0,0,0,0.998357,0.00012453,0.998348,0.998348,0.998348,0.998348,0.998348,0,0,0,0,0,0,0,0,0.998348,0.998348,0,0,0,0,22,0.998423,0.998348,0.998348,0,0,14.9,0,0,0,0,0,0,0,0,0,143.94,268.08,0,0,0,0,0
neuromorpho__omega-15.swc,156,pyramidal,0.997429,0,155,0,0,0,0,0,0,0,0,0,0,0,0.998358,0.000131849,0.998348,0.998348,0.998348,0.998348,0.998348,0,0,0,0,0,0,0,0,0.998348,0.998348,0,0,0,0,14,0.998466,0.998348,0.998348,0,0,16.7,0,0,0,0,0,0,0,0,0,175.25,231.4,0,0,0,0,0
neuromorpho__omega-2.swc,237,pyramidal,0.992141,81,155,0,0,0,0,0,0,0,0,0,0,0,0.851241,0.274941,0.3,0.3,0.3,0.938242,0.998348,0.198312,0.198312,0.198312,0.198312,0.198312,0.567904,0.3,0.580247,0.998348,0.998348,0,0,0,0,23,0.979705,0.3,0.998348,0.0434783,0.0434783,14,0,0,0,0,49.83,405.96,0,0,0,235.68,234.42,0,0,0,0,0
neuromorpho__omega-3.swc,276,pyramidal,0.996694,0,275,0,0,0,0,0,0,0,0,0,0,0,0.998354,9.92646e-05,0.998348,0.998348,0.998348,0.998348,0.998348,0,0,0,0,0,0,0,0,0.998348,0.998348,0,0,0,0,30,0.998403,0.998348,0.998348,0,0,19.6,0,0,0,0,0,0,0,0,0,245.55,335.97,0,0,0,0,0
neuromorpho__omega-8.swc,186,pyramidal,0.996758,0,185,0,0,0,0,0,0,0,0,0,0,0,0.934529,0.201249,0.3,0.3,0.998348,0.998348,0.998348,0.0913978,0.0913978,0.0913978,0.0913978,0.0913978,0,0,0,0.934175,0.998348,0.0918919,0,0,0,13,0.980913,0.3,0.998348,0,0.0769231,21.6,0,0,0,0,0,0,0,0,0,188.87,336.09,0,0,0,0,0
neuromorpho__p120107-07-AAC.swc,596,interneuron,0.586689,0,595,0,0,0,0,0,0,0,0,0,0,0,0.78201,0.229705,0.3,0.3,0.3,0.887275,0.887275,0.181208,0.181208,0.181208,0.231544,0.746644,0,0,0,0.781644,0.3,0.181513,0,0,0,34,0.80794,0.3,0.375636,0.147059,0.205882,33.4,12,0,0,0,0,0,144,-12.5345,29.6361,319.41,640.13,0,0,0,0,0
neuromorpho__p73_vGluT2-KO_IN02.swc,1301,interneuron,0.76142,0,1300,0,0,0,0,0,0,0,0,0,0,0,0.88281,0.258748,0.3,0.3,0.3,0.998919,0.998919,0.164489,0.164489,0.164489,0.164489,0.164489,0,0,0,0.88272,0.3,0.164615,0,0,0,37,0.873402,0.3,0.3,0.162162,0.189189,61.2,-0.00333333,0,0,0,0,0,136.89,-4.5719,21.3543,225.2,513.6,0,0,0,0,0
neuromorpho__p73_vGluT2-KO_IN05.swc,520,interneuron,0.966642,0,519,0,0,0,0,0,0,0,0,0,0,0,0.998921,4.73694e-05,0.998919,0.998919,0.998919,0.998919,0.998919,0,0,0,0,0,0,0,0,0.998919,0.998919,0,0,0,0,33,0.998952,0.998919,0.998919,0,0,36.6,0,0,0,0,0,0,31.77,-9.83121,7.51725,64.57,100.23,0,0,0,0,0
neuromorpho__p73_vGluT2-ctrl_IN04.swc,578,interneuron,0.978976,0,577,0,0,0,0,0,0,0,0,0,0,0,0.998921,4.49342e-05,0.998919,0.998919,0.998919,0.998919,0.998919,0,0,0,0,0,0,0,0,0.998919,0.998919,0,0,0,0,40,0.998946,0.998919,0.998919,0,0,31.1,0,0,0,0,0,0,46.35,-5.96563,9.61667,96.36,111.51,0,0,0,0,0
neuromorpho__p73_vGluT2-ctrl_IN05.swc,527,interneuron,0.978334,0,526,0,0,0,0,0,0,0,0,0,0,0,0.998921,4.70543e-05,0.998919,0.998919,0.998919,0.998919,0.998919,0,0,0,0,0,0,0,0,0.998919,0.998919,0,0,0,0,42,0.998945,0.998919,0.998919,0,0,30.3,0,0,0,0,0,0,55.98,-0.684259,8.33031,84.99,103.91,0,0,0,0,0
neuromorpho__p73_vGluT2-ctrl_IN15.swc,673,interneuron,0.429097,0,672,0,0,0,0,0,0,0,0,0,0,0,0.931799,0.073601,0.3,0.938863,0.938863,0.938863,0.940789,0.013373,0.013373,0.013373,0.013373,0.013373,0,0,0,0.931697,0.938863,0.0133929,0,0,0,19,0.940856,0.3,0.938863,0,0,84.8,0,0,0,0,0,0,82.24,-9.47013,14.8402,109.21,179.79,0,0,0,0,0
neuromorpho__p73_vGluT2-ctrl_IN18.swc,511,interneuron,0.941678,0,510,0,0,0,0,0,0,0,0,0,0,0,0.987979,0.0867633,0.3,0.998919,0.998919,0.998919,0.998919,0.0156556,0.0156556,0.0156556,0.0156556,0.0156556,0,0,0,0.987955,0.998919,0.0156863,0,0,0,23,0.996203,0.3,0.998919,0,0,53.4,0,0,0,0,0,0,80.62,-8.66053,12.5666,114.18,170.03,0,0,0,0,0
neuromorpho__p73_vGluT2-ctrl_IN21.swc,371,interneuron,0.895076,0,370,0,0,0,0,0,0,0,0,0,0,0,0.998922,5.60589e-05,0.998919,0.998919,0.998919,0.998919,0.998919,0,0,0,0,0,0,0,0,0.998919,0.998919,0,0,0,0,25,0.998962,0.998919,0.998919,0,0,27.6,0,0,0,0,0,0,46.34,-0.708946,9.87297,124.42,163.64,0,0,0,0,0
neuromorpho__park-4.swc,3264,interneuron,0.901346,0,3263,0,0,0,0,0,0,0,0,0,0,0,0.763037,0.293372,0.3,0.3,0.3,0.3,0.927978,0.28462,0.284926,0.284926,0.284926,0.284926,0,0,0,0.762964,0.3,0.285014,0,0,0,82,0.818737,0.3,0.3,0.182927,0.243902,103,-1.00875,0,0,0,0,0,89.21,14.5948,15.7577,606.22,574.83,0,0,0,0,0
neuromorpho__retina1_petal1_n2.swc,8845,interneuron,0.992624,0,8844,0,0,0,0,0,0,0,0,0,0,0,0.960838,0.0353741,0.927978,0.927978,0.927978,0.927978,0.927978,0,0,0,0,0,0,0,0,0.960834,0.927978,0,0,0,0,297,0.959989,0.927978,0.927978,0,0,69,0,0,0,0,0,0,48.74,-4.44264,7.17633,200.61,153.83,0,0,0,0,0
neuromorpho__retina1_petal2_n3.swc,6527,interneuron,0.993526,4255,2271,0,0,0,0,0,0,0,0,0,0,0,0.999093,0.000227617,0.983947,0.998919,0.998919,0.998919,0.999189,0,0,0,0,0,0.999185,0.999189,0,0.998919,0.998919,0,0,0,0,201,0.999027,0.983947,0.998919,0,0,72,0,42.71,-31.3898,12.2616,229.87,218.77,19.37,-0.992743,3.88247,51.99,84.55,0,0,0,0,0
neuromorpho__retina1_petal3_n1.swc,8326,interneuron,0.98674,6195,2130,0,0,0,0,0,0,0,0,0,0,0,0.979728,0.0112556,0.973127,0.973127,0.973127,0.973127,0.973127,0,0,0,0,0,0.973127,0.973127,0,0.998919,0.998919,0,0,0,0,300,0.97975,0.973127,0.973127,0,0,50.1,0,18.59,-3.76115,3.75675,125.73,354.34,32.14,-2.78712,5.93084,42.5,55.36,0,0,0,0,0
neuromorpho__retina1_petal3_n11.swc,9242,interneuron,0.996771,7399,1842,0,0,0,0,0,0,0,0,0,0,0,0.993237,0.0104497,0.973127,0.973127,0.973127,0.995725,0.998919,0,0,0,0,0,0.991821,0.973127,0,0.998919,0.998919,0,0,0,0,301,0.996002,0.973127,0.983947,0,0,56,0,35.09,-2.73338,7.08199,159.1,301.5,32.55,-8.79761,6.13369,38.13,73.97,0,0,0,0,0
neuromorpho__retina1_petal3_n13.swc,7373,interneuron,0.995687,5151,2221,0,0,0,0,0,0,0,0,0,0,0,0.998645,0.00316648,0.973127,0.998919,0.998919,0.998919,0.999189,0,0,0,0,0,0.998527,0.999189,0,0.998919,0.998919,0,0,0,0,229,0.997859,0.973127,0.998919,0,0,73.2,0,33.6,-2.0592,6.16436,93.35,217.85,23.57,1.82072,3.44068,52.51,76.82,0,0,0,0,0
neuromorpho__retina1_petal3_n9.swc,10061,interneuron,0.995774,7468,2592,0,0,0,0,0,0,0,0,0,0,0,0.999112,0.000392417,0.973127,0.998919,0.998919,0.998919,0.999189,0,0,0,0,0,0.999179,0.999189,0,0.998919,0.998919,0,0,0,0,348,0.999038,0.973127,0.998919,0,0,56,0,21.24,-0.0749223,4.19334,127.04,377.13,18.48,-1.86302,2.54192,54.19,74.75,0,0,0,0,0
neuromorpho__retina3_n2.swc,6853,interneuron,0.980389,4026,2826,0,0,0,0,0,0,0,0,0,0,0,0.685876,0.34394,0.3,0.3,0.3,0.3,0.973127,0.44258,0.44258,0.44258,0.44258,0.44258,0.466062,0.3,0.753353,0.998919,0.998919,0,0,0,0,189,0.657338,0.3,0.3,0.486772,0.486772,63.6,0,25.7,-20.8942,4.99995,206.95,212.52,16.14,-5.8015,2.56331,65.98,120.93,0,0,0,0,0
neuromorpho__retina4_petal1_n12.swc,8692,interneuron,0.996493,6903,1788,0,0,0,0,0,0,0,0,0,0,0,0.998806,0.00289595,0.973127,0.998919,0.998919,0.999189,0.999189,0,0,0,0,0,0.998777,0.999189,0,0.998919,0.998919,0,0,0,0,269,0.998858,0.973127,0.998919,0,0,62.2,0,65.96,-40.5644,17.4246,234.78,238.07,25.6,3.51019,4.94398,48.97,84.13,0,0,0,0,0
neuromorpho__retina4_petal1_n3.swc,6183,interneuron,0.984855,3731,2451,0,0,0,0,0,0,0,0,0,0,0,0.993275,0.0102427,0.973127,0.973127,0.973127,0.995725,0.998919,0,0,0,0,0,0.989566,0.973127,0,0.998919,0.998919,0,0,0,0,152,0.997552,0.973127,0.998919,0,0,80,0,24.05,-17.3955,6.60759,241.87,199,13.03,-2.82491,1.45747,59.28,110.9,0,0,0,0,0
neuromorpho__retina4_petal1_n6.swc,7872,interneuron,0.997318,5280,2591,0,0,0,0,0,0,0,0,0,0,0,0.998584,0.00338541,0.973127,0.998919,0.998919,0.998919,0.999189,0,0,0,0,0,0.99842,0.999189,0,0.998919,0.998919,0,0,0,0,272,0.998799,0.973127,0.998919,0,0,60.8,0,27.51,-10.1133,4.76404,170.26,261.11,18.51,-4.51243,3.28993,57.21,69.69,0,0,0,0,0
neuromorpho__retina4_petal2_n3.swc,6733,interneuron,0.991489,5180,1552,0,0,0,0,0,0,0,0,0,0,0,0.998998,0.00147422,0.973127,0.998919,0.998919,0.999189,0.999189,0,0,0,0,0,0.999021,0.999189,0,0.998919,0.998919,0,0,0,0,190,0.998573,0.973127,0.998919,0,0,63.1,0,19.24,5.21661,3.97617,283.74,263.22,13.95,-1.26834,2.39384,51.57,74.48,0,0,0,0,0
neuromorpho__retina4_petal2_n4.swc,7963,interneuron,0.995828,5578,2384,0,0,0,0,0,0,0,0,0,0,0,0.998829,0.00267337,0.973127,0.998919,0.998919,0.998919,0.999189,0,0,0,0,0,0.99879,0.999189,0,0.998919,0.998919,0,0,0,0,235,0.998746,0.973127,0.998919,0,0,65,0,66.17,39.7394,17.666,183.16,294.85,19.61,-0.221699,3.65073,51,75.61,0,0,0,0,0
neuromorpho__retina4_petal2_n6.swc,7174,interneuron,0.995689,4929,2244,0,0,0,0,0,0,0,0,0,0,0,0.999013,0.00140427,0.973127,0.998919,0.998919,0.998919,0.999189,0,0,0,0,0,0.999056,0.999189,0,0.998919,0.998919,0,0,0,0,231,0.998796,0.973127,0.998919,0,0,64,0,54.47,36.7569,15.3643,248.65,165.96,36.21,-0.0944608,8.51807,50.53,67.79,0,0,0,0,0
neuromorpho__retina4_petal3_n1-very-weird.swc,14769,interneuron,0.968937,11543,3225,0,0,0,0,0,0,0,0,0,0,0,0.6133,0.346019,0.3,0.3,0.3,0.3,0.3,0.549462,0.549462,0.549462,0.549462,0.549462,0.505528,0.3,0.703023,0.998919,0.998919,0,0,0,0,374,0.574304,0.3,0.3,0.604278,0.609626,65,0,78.47,14.6028,14.4386,326.69,444.93,26.2,3.20851,4.47176,70.12,91.61,0,0,0,0,0
neuromorpho__retina4_petal3_n2.swc,6484,interneuron,0.994851,3723,2760,0,0,0,0,0,0,0,0,0,0,0,0.997983,0.00761353,0.927978,0.998919,0.998919,0.998919,0.999189,0,0,0,0,0,0.998613,0.999189,0,0.997133,0.998919,0,0,0,0,200,0.997339,0.927978,0.998919,0,0,69.1,0,39.07,9.30597,9.0546,148.49,205,14.82,0.447576,2.69445,81.54,95.45,0,0,0,0,0
neuromorpho__retina4_petal3_n6.swc,8699,interneuron,0.995644,5481,3217,0,0,0,0,0,0,0,0,0,0,0,0.99908,0.000385728,0.983947,0.998919,0.998919,0.998919,0.999189,0,0,0,0,0,0.999175,0.999189,0,0.998919,0.998919,0,0,0,0,288,0.999032,0.983947,0.998919,0,0,61.3,0,105.08,5.68139,23.8561,83.74,263.35,43.63,-1.2095,7.90122,52.49,71.19,0,0,0,0,0
neuromorpho__retina4_petal4_n12.swc,9604,interneuron,0.992633,6955,2648,0,0,0,0,0,0,0,0,0,0,0,0.64748,0.349512,0.3,0.3,0.3,0.3,0.3,0.502915,0.502915,0.502915,0.502915,0.502915,0.513625,0.3,0.694464,0.998919,0.998919,0,0,0,0,234,0.662999,0.3,0.3,0.482906,0.482906,70.7,0,41.2,-1.85638,5.21936,155.43,409.93,31.14,4.36171,3.49583,54.92,83.9,0,0,0,0,0
neuromorpho__retina4_petal4_n3.swc,9262,interneuron,0.99471,6594,2667,0,0,0,0,0,0,0,0,0,0,0,0.624671,0.348618,0.3,0.3,0.3,0.3,0.3,0.535521,0.535521,0.535521,0.535521,0.535521,0.473247,0.3,0.752199,0.998919,0.998919,0,0,0,0,275,0.631899,0.3,0.3,0.523636,0.527273,56,0,45.69,-30.9979,13.053,345.28,190.3,24.58,-4.18428,4.44621,52.3,91.6,0,0,0,0,0
neuromorpho__retina4_petal4_n9.swc,6442,interneuron,0.995772,4422,2019,0,0,0,0,0,0,0,0,0,0,0,0.998204,0.0045685,0.973127,0.998919,0.998919,0.998919,0.999189,0,0,0,0,0,0.997877,0.999189,0,0.998919,0.998919,0,0,0,0,201,0.998496,0.973127,0.998919,0,0,62,0,52.03,-7.93883,9.29036,303.26,99.56,16.94,-3.05548,2.90627,64.62,60.16,0,0,0,0,0
neuromorpho__retina5_petal1_n7.swc,8453,interneuron,0.96218,6406,2046,0,0,0,0,0,0,0,0,0,0,0,0.998829,0.00253206,0.973127,0.998919,0.998919,0.998919,0.999189,0,0,0,0,0,0.9988,0.999189,0,0.998919,0.998919,0,0,0,0,257,0.998559,0.973127,0.998919,0,0,73.8,0,47.26,-23.8775,11.6215,161.86,380.44,15.81,-1.26678,1.86681,72.39,83.87,0,0,0,0,0
neuromorpho__retina5_petal2_n4.swc,12677,interneuron,0.988022,9229,3447,0,0,0,0,0,0,0,0,0,0,0,0.998776,0.00294032,0.973127,0.998919,0.998919,0.998919,0.999189,0,0,0,0,0,0.998722,0.999189,0,0.998919,0.998919,0,0,0,0,612,0.998592,0.973127,0.998919,0,0,45,0,71.23,-11.3783,15.8536,325.54,299.23,55.35,-0.931883,8.72458,45.41,102.34,0,0,0,0,0
neuromorpho__retina5_petal3_n11.swc,8347,interneuron,0.99655,5502,2844,0,0,0,0,0,0,0,0,0,0,0,0.727848,0.34053,0.3,0.3,0.3,0.3,0.998919,0.387804,0.387804,0.387804,0.387804,0.387804,0.587681,0.3,0.588332,0.998919,0.998919,0,0,0,0,288,0.643991,0.3,0.3,0.506944,0.506944,46,0,151.23,-100.819,42.0319,200.71,251.65,34.1,-0.662672,6.53758,56.8,61.44,0,0,0,0,0
neuromorpho__retina5_petal3_n6.swc,8290,interneuron,0.972576,4885,3404,0,0,0,0,0,0,0,0,0,0,0,0.998124,0.00478352,0.927978,0.995725,0.995725,0.998919,0.998919,0,0,0,0,0,0.997788,0.995725,0,0.998606,0.998919,0,0,0,0,266,0.997611,0.927978,0.998919,0,0,55.5,0,237.59,141.117,74.5318,258.57,371.07,50.05,-0.440435,9.55393,58.83,124.68,0,0,0,0,0
neuromorpho__retina5_petal3_n8.swc,6847,interneuron,0.992657,3591,3255,0,0,0,0,0,0,0,0,0,0,0,0.999009,0.000723705,0.973127,0.998919,0.998919,0.998919,0.999189,0,0,0,0,0,0.999091,0.999189,0,0.998919,0.998919,0,0,0,0,228,0.998869,0.973127,0.998919,0,0,50,0,228.52,-121.976,85.2869,110.49,124.92,43.93,1.93229,8.18774,80.15,108.41,0,0,0,0,0
neuromorpho__retina5_petal4_n1.swc,7959,interneuron,0.97654,4725,3233,0,0,0,0,0,0,0,0,0,0,0,0.997321,0.00586309,0.973127,0.973127,0.995725,0.998919,0.998919,0,0,0,0,0,0.996227,0.995725,0,0.998919,0.998919,0,0,0,0,234,0.998484,0.973127,0.998919,0,0,72,0,40.95,-18.0436,8.96268,182,393.62,20.21,2.98176,4.61674,56.73,78.25,0,0,0,0,0
neuromorpho__retina5_petal4_n12.swc,7355,interneuron,0.993054,4596,2758,0,0,0,0,0,0,0,0,0,0,0,0.999085,0.00015769,0.995725,0.998919,0.998919,0.998919,0.999189,0,0,0,0,0,0.999185,0.999189,0,0.998919,0.998919,0,0,0,0,252,0.999082,0.995725,0.998919,0,0,62.8,0,14.28,6.49745,2.45057,196.42,211.17,27.5,4.37883,5.24476,67.71,72.1,0,0,0,0,0
neuromorpho__retina5_petal4_n14.swc,9716,interneuron,0.995246,7756,1959,0,0,0,0,0,0,0,0,0,0,0,0.998536,0.00389594,0.973127,0.998919,0.998919,0.999189,0.999189,0,0,0,0,0,0.998439,0.999189,0,0.998919,0.998919,0,0,0,0,358,0.999053,0.973127,0.998919,0,0,51.3,0,241.88,149.047,71.2458,279.07,163.62,31.25,-1.18017,6.14142,31.49,70.82,0,0,0,0,0
neuromorpho__retina5_petal4_n16.swc,9589,interneuron,0.993222,6688,2900,0,0,0,0,0,0,0,0,0,0,0,0.599122,0.345807,0.3,0.3,0.3,0.3,0.3,0.57201,0.57201,0.57201,0.57201,0.57201,0.425705,0.3,0.820126,0.998919,0.998919,0,0,0,0,294,0.536923,0.3,0.3,0.659864,0.663265,57.1,0,30.64,4.26616,5.89957,385.74,172.84,22.13,-1.47694,2.56932,74.57,104.27,0,0,0,0,0
neuromorpho__retina5_petal4_n17.swc,8079,interneuron,0.988002,4791,3287,0,0,0,0,0,0,0,0,0,0,0,0.679125,0.34815,0.3,0.3,0.3,0.3,0.998919,0.457482,0.457482,0.457482,0.457482,0.457482,0.459654,0.3,0.771446,0.998919,0.998919,0,0,0,0,210,0.670783,0.3,0.3,0.471429,0.471429,54.4,0,37.53,8.95483,7.42984,347.63,229.84,34.48,4.14556,4.69575,95.35,107.84,0,0,0,0,0
neuromorpho__retina5_petal4_n4.swc,3899,interneuron,0.995044,1660,2238,0,0,0,0,0,0,0,0,0,0,0,0.998996,0.000370209,0.995725,0.998919,0.998919,0.998919,0.998919,0,0,0,0,0,0.999099,0.999189,0,0.998919,0.998919,0,0,0,0,134,0.998948,0.995725,0.998919,0,0,62.7,0,35.72,11.4661,10.0554,59.87,127,34.71,-1.26084,5.74868,52.83,97.84,0,0,0,0,0
neuromorpho__retina5_petal4_n5.swc,7530,interneuron,0.992621,5576,1953,0,0,0,0,0,0,0,0,0,0,0,0.972595,0.0182807,0.952625,0.952625,0.952625,0.952625,0.973127,0,0,0,0,0,0.963371,0.952625,0,0.998919,0.998919,0,0,0,0,272,0.972304,0.952625,0.952625,0,0,57.9,0,34.49,-9.13929,5.40033,111.58,283.61,21.86,-1.09912,3.3816,44,79.61,0,0,0,0,0
neuromorpho__retina6_petal1_n1.swc,6091,interneuron,0.99434,2642,3448,0,0,0,0,0,0,0,0,0,0,0,0.999026,0.000329944,0.983947,0.998919,0.998919,0.998919,0.998919,0,0,0,0,0,0.999165,0.999189,0,0.998919,0.998919,0,0,0,0,196,0.998928,0.983947,0.998919,0,0,68.5,0,33.54,-2.96801,5.54277,94.63,130.92,40.71,2.24289,6.80554,77.69,128.21,0,0,0,0,0
neuromorpho__retina6_petal1_n4.swc,5671,interneuron,0.99502,3266,2404,0,0,0,0,0,0,0,0,0,0,0,0.998688,0.00313734,0.973127,0.998919,0.998919,0.998919,0.999189,0,0,0,0,0,0.998517,0.999189,0,0.998919,0.998919,0,0,0,0,182,0.998915,0.973127,0.998919,0,0,66,0,65.31,36.8394,14.3323,83.8,164.54,34.85,1.71169,7.0634,52.11,83.95,0,0,0,0,0
neuromorpho__retina6_petal1_n8.swc,5813,interneuron,0.996267,2759,3053,0,0,0,0,0,0,0,0,0,0,0,0.999033,0.000248426,0.995725,0.998919,0.998919,0.998919,0.998919,0,0,0,0,0,0.99916,0.999189,0,0.998919,0.998919,0,0,0,0,160,0.999027,0.995725,0.998919,0,0,84.3,0,48.53,-5.73327,12.6665,190.24,91.37,32.12,-3.27415,5.87701,94.72,88.35,0,0,0,0,0
neuromorpho__retina6_petal2_n3.swc,4669,interneuron,0.941111,3195,1473,0,0,0,0,0,0,0,0,0,0,0,0.99747,0.00604429,0.973127,0.973127,0.998919,0.998919,0.999189,0,0,0,0,0,0.996801,0.995725,0,0.998919,0.998919,0,0,0,0,164,0.997822,0.973127,0.998919,0,0,52.1,0,50.4,-35.8778,10.9255,166.3,82.72,51.58,8.29755,6.92236,63.31,73.16,0,0,0,0,0
neuromorpho__retina7_petal3_n1.swc,6793,interneuron,0.997196,4432,2360,0,0,0,0,0,0,0,0,0,0,0,0.996091,0.00827412,0.973127,0.973127,0.973127,0.998919,0.999189,0,0,0,0,0,0.994585,0.973127,0,0.998919,0.998919,0,0,0,0,233,0.997842,0.973127,0.998919,0,0,58.8,0,50.58,-30.4119,12.376,164.35,157.01,39.95,-1.53434,7.966,60.77,65.38,0,0,0,0,0
neuromorpho__retina7_petal3_n9.swc,5003,interneuron,0.995463,2176,2826,0,0,0,0,0,0,0,0,0,0,0,0.99807,0.00455811,0.973127,0.995725,0.998919,0.998919,0.998919,0,0,0,0,0,0.996967,0.995725,0,0.998919,0.998919,0,0,0,0,187,0.998127,0.973127,0.998919,0,0,52.2,0,26,-6.47373,4.07422,198.39,110.22,46.95,-0.849331,5.02478,68.14,79.85,0,0,0,0,0
neuromorpho__retina7_petal4_n1.swc,4173,interneuron,0.945149,1864,2308,0,0,0,0,0,0,0,0,0,0,0,0.99849,0.00340859,0.973127,0.998919,0.998919,0.998919,0.998919,0,0,0,0,0,0.997957,0.995725,0,0.998919,0.998919,0,0,0,0,117,0.998491,0.973127,0.998919,0,0,76.2,0,48.96,-11.558,9.2159,65.27,89.8,37.37,2.48535,6.76265,48.31,74.69,0,0,0,0,0
neuromorpho__retina7_petal4_n4.swc,7071,interneuron,0.995249,4812,2258,0,0,0,0,0,0,0,0,0,0,0,0.683257,0.347865,0.3,0.3,0.3,0.3,0.998919,0.451704,0.451704,0.451704,0.451704,0.451704,0.535069,0.3,0.663757,0.998919,0.998919,0,0,0,0,206,0.638994,0.3,0.3,0.514563,0.514563,69.5,0,57.03,-18.1503,12.5144,272.62,211.04,29.26,-6.3785,3.72889,70.39,93.23,0,0,0,0,0
neuromorpho__sec-2.swc,386,pyramidal,0.684254,96,289,0,0,0,0,0,6.90451e-05,0,0,0,0,0,0.885563,0.139128,0.584627,0.626746,0.63772,0.792314,0.974178,0,0.015544,0.178756,0.331606,0.427461,0.816134,0.792143,0,0.908229,0.633611,0.238754,0,0,0,103,0.896548,0.584627,0.642425,0.135922,0.242718,7,0,31.97,5.31688,5.96741,164.47,142.15,49.95,-0.326574,11.3441,147.34,369.98,0,0,0,0,0
neuromorpho__sigma-4.swc,80,pyramidal,0.995008,0,79,0,0,0,0,0,0,0,0,0,0,0,0.998369,0.000183553,0.998348,0.998348,0.998348,0.998348,0.998348,0,0,0,0,0,0,0,0,0.998348,0.998348,0,0,0,0,9,0.998531,0.998348,0.998348,0,0,19.4,0,0,0,0,0,0,0,0,0,157.04,196.75,0,0,0,0,0
neuromorpho__sigma.swc,143,pyramidal,0.996509,0,142,0,0,0,0,0,0,0,0,0,0,0,0.998359,0.000137672,0.998348,0.998348,0.998348,0.998348,0.998348,0,0,0,0,0,0,0,0,0.998348,0.998348,0,0,0,0,16,0.998451,0.998348,0.998348,0,0,16.5,0,0,0,0,0,0,0,0,0,176.36,275.25,0,0,0,0,0
neuromorpho__tom-5.swc,320,pyramidal,0.996889,0,319,0,0,0,0,0,0,0,0,0,0,0,0.97653,0.121508,0.3,0.998348,0.998348,0.998348,0.998348,0.03125,0.03125,0.03125,0.03125,0.03125,0,0,0,0.976456,0.998348,0.031348,0,0,0,20,0.989328,0.3,0.958059,0,0,36.3,0,0,0,0,0,0,0,0,0,276.1,370.78,0,0,0,0,0
neuromorpho__tom-6.swc,169,pyramidal,0.997223,0,168,0,0,0,0,0,0,0,0,0,0,0,0.966394,0.138645,0.3,0.984087,0.984087,0.984087,0.998348,0.0414201,0.0414201,0.0414201,0.0414201,0.0414201,0,0,0,0.966194,0.984087,0.0416667,0,0,0,11,0.987078,0.3,0.998348,0,0,24,0,0,0,0,0,0,0,0,0,169.96,331.45,0,0,0,0,0
neuromorpho__traced-WT-Female-cortex-122-3.swc,53,pyramidal,0.9606,0,52,0,0,0,0,0,0,0,0,0,0,0,0.998379,0.000224783,0.998348,0.998348,0.998348,0.998348,0.998348,0,0,0,0,0,0,0,0,0.998348,0.998348,0,0,0,0,13,0.998475,0.998348,0.998348,0,0,8.6,0,0,0,0,0,0,29.09,-15.5523,12.1769,56.1,125.43,0,0,0,0,0
neuromorpho__traced-WT-Female-cortex-122-6.swc,69,pyramidal,0.996609,0,68,0,0,0,0,0,0,0,0,0,0,0,0.998372,0.000197443,0.998348,0.998348,0.998348,0.998348,0.998348,0,0,0,0,0,0,0,0,0.998348,0.998348,0,0,0,0,22,0.998423,0.998348,0.998348,0,0,6.9,0,0,0,0,0,0,58.44,-7.0075,11.3872,65.41,110.54,0,0,0,0,0
neuromorpho__traced-WT-Female-cortex-152-2.swc,107,pyramidal,0.993337,0,106,0,0,0,0,0,0,0,0,0,0,0,0.998363,0.000158967,0.998348,0.998348,0.998348,0.998348,0.998348,0,0,0,0,0,0,0,0,0.998348,0.998348,0,0,0,0,21,0.998427,0.998348,0.998348,0,0,10,0,0,0,0,0,0,44.52,-10.5674,8.88293,113,163.35,0,0,0,0,0
neuromorpho__traced-WT-Female-cortex-152-7.swc,48,pyramidal,0.994572,0,47,0,0,0,0,0,0,0,0,0,0,0,0.998382,0.000235963,0.998348,0.998348,0.998348,0.998348,0.998348,0,0,0,0,0,0,0,0,0.998348,0.998348,0,0,0,0,16,0.998451,0.998348,0.998348,0,0,4.5,0,0,0,0,0,0,27.27,5.59106,7.11607,90.9,68.2,0,0,0,0,0
neuromorpho__traced-WT-Female-cortex-181-3.swc,50,pyramidal,0.993176,0,49,0,0,0,0,0,0,0,0,0,0,0,0.998381,0.000231294,0.998348,0.998348,0.998348,0.998348,0.998348,0,0,0,0,0,0,0,0,0.998348,0.998348,0,0,0,0,19,0.998435,0.998348,0.998348,0,0,4.4,0,0,0,0,0,0,27.25,0.524694,8.40964,50.79,135.34,0,0,0,0,0
neuromorpho__traced-WT-male-cortex-124-4a.swc,69,pyramidal,0.993835,0,68,0,0,0,0,0,0,0,0,0,0,0,0.998372,0.000197443,0.998348,0.998348,0.998348,0.998348,0.998348,0,0,0,0,0,0,0,0,0.998348,0.998348,0,0,0,0,19,0.998435,0.998348,0.998348,0,0,7.2,0,0,0,0,0,0,55.11,9.07926,17.8589,75.15,78.31,0,0,0,0,0
neuromorpho__traced-WT-male-cortex-124-4c.swc,102,pyramidal,0.983317,0,101,0,0,0,0,0,0,0,0,0,0,0,0.998364,0.000162779,0.998348,0.998348,0.998348,0.998348,0.998348,0,0,0,0,0,0,0,0,0.998348,0.998348,0,0,0,0,21,0.998427,0.998348,0.998348,0,0,8,0,0,0,0,0,0,51.51,-5.51069,11.8445,84.47,122.72,0,0,0,0,0
neuromorpho__traced-WT-male-cortex-183-3.swc,62,pyramidal,0.95267,0,61,0,0,0,0,0,0,0,0,0,0,0,0.998375,0.000208118,0.998348,0.998348,0.998348,0.998348,0.998348,0,0,0,0,0,0,0,0,0.998348,0.998348,0,0,0,0,19,0.998435,0.998348,0.998348,0,0,6,0,0,0,0,0,0,26.32,-11.93,7.46914,60.98,90.18,0,0,0,0,0
neuromorpho__wt20x-01.swc,226,pyramidal,0.994689,6,98,121,0,0,0,0,0,0,0,0,0,0,0.986479,0.0110854,0.955815,0.978276,0.978276,0.978276,0.978276,0,0,0,0,0,0.955815,0.955815,0,0.998348,0.998348,0,0.978276,0.978276,0,60,0.988634,0.955815,0.978276,0,0,8.1,0,5,3.83333,1.95078,49.82,15.32,22,-0.928571,6.31366,226.23,172.61,37,-14.9917,10.7091,151.19,665.57
neuromorpho__wt20x-09.swc,191,pyramidal,0.998067,8,59,123,0,0,0,0,0,0,0,0,0,0,0.898688,0.101474,0.659779,0.723501,0.804092,0.80518,0.945743,0,0,0.052356,0.0890052,0.465969,0.945743,0.945743,0,0.940963,0.659779,0.169492,0.874526,0.80518,0,46,0.929108,0.659779,0.80518,0.0217391,0.0434783,8,0,1,-2.75,0.433013,16.23,83.83,33,-1.9322,9.23674,239.54,92.63,50,-1.88618,11.1196,151.63,353.82
neuromorpho__wt20x-10.swc,196,pyramidal,0.996324,0,93,102,0,0,0,0,0,0,0,0,0,0,0.974143,0.0869105,0.3,0.967549,0.967766,0.976272,0.978251,0.0153061,0.0153061,0.0153061,0.0204082,0.0255102,0,0,0,0.998348,0.998348,0,0.95182,0.967549,0.0294118,46,0.976526,0.3,0.967688,0,0.0217391,11,0,0,0,0,0,0,27,6.25806,6.292,263.41,210.72,32,-4.57843,7.12278,150.03,409.58
