file,n_nodes_conf,stage1_pred_conf_run,stage1_conf_conf_run,pred_axon_conf_run,pred_basal_conf_run,pred_apical_conf_run,node_label_disagree_frac,node_conf_abs_delta_mean,branch3_changed_frac,branch3_label_disagree_frac,branch3_conf_abs_delta_mean,branch3_axon_delta_frac,branch3_basal_delta_frac,branch3_apical_delta_frac,branch3_to_apical_frac,branch3_from_apical_frac,conf_mean,conf_std,conf_min,conf_p05,conf_p10,conf_p25,conf_median,conf_frac_lt_05,conf_frac_lt_06,conf_frac_lt_07,conf_frac_lt_08,conf_frac_lt_09,axon_conf_mean,axon_conf_p10,axon_conf_frac_lt_07,basal_conf_mean,basal_conf_p10,basal_conf_frac_lt_07,apical_conf_mean,apical_conf_p10,apical_conf_frac_lt_07,n_pred_branches,branch_conf_mean,branch_conf_min,branch_conf_p10,branch_frac_conf_lt_07,branch_frac_conf_lt_08,branch_n_nodes_p90,pred_soma_z,pred_axon_z_extent,pred_axon_z_mean_rel_soma,pred_axon_z_std,pred_axon_x_extent,pred_axon_y_extent,pred_basal_z_extent,pred_basal_z_mean_rel_soma,pred_basal_z_std,pred_basal_x_extent,pred_basal_y_extent,pred_apical_z_extent,pred_apical_z_mean_rel_soma,pred_apical_z_std,pred_apical_x_extent,pred_apical_y_extent
allen__Chat-IRES-Cre-neo_Ai14-308245.04.02.01_577369606.swc,8424,interneuron,0.995132,5782,2641,0,0,0,0,0,0,0,0,0,0,0,0.99829,0.00494843,0.976165,0.993726,0.999596,0.999596,0.999596,0,0,0,0,0,0.999584,0.999596,0,0.995457,0.976165,0,0,0,0,296,0.998517,0.976165,0.999596,0,0,64,22.68,78.3477,3.47167,14.2928,656.407,554.73,62.3129,9.28748,11.0905,469.17,547.851,0,0,0,0,0
allen__Chat-IRES-Cre-neo_Ai14-316042.05.02.01_586072464.swc,6544,interneuron,0.9921,3782,2761,0,0,0,0,0,0,0,0,0,0,0,0.965506,0.102321,0.513514,0.600985,0.972829,0.976165,0.999596,0,0.0181846,0.0553178,0.0757946,0.0757946,0.952244,0.708333,0.0957166,0.98366,0.976165,0,0,0,0,178,0.96089,0.513514,0.972829,0.0674157,0.0898876,80.3,33.32,65.4144,-8.24718,13.3255,296.088,491.909,88.9406,-2.25457,14.4486,389.043,511.668,0,0,0,0,0
allen__Chat-IRES-Cre-neo_Ai14-316042.06.01.01_586072783.swc,9284,interneuron,0.983215,6131,3152,0,0,0,0,0,0,0,0,0,0,0,0.96225,0.140592,0.3,0.766839,0.976165,0.986406,0.999596,0.0403921,0.0403921,0.0445928,0.0560103,0.0590263,0.95558,0.986406,0.0642636,0.975211,0.975174,0.00634518,0,0,0,241,0.951672,0.3,0.972829,0.0622407,0.0788382,92,19.4967,76.2726,6.94998,12.8009,281.462,575.341,70.4894,6.86268,16.0242,313.053,605.958,0,0,0,0,0
allen__Gad2-IRES-Cre_Ai14-324791.03.02.02_593321019.swc,9202,interneuron,0.997499,8286,915,0,0,0,0,0,0,0,0,0,0,0,0.982542,0.105886,0.3,0.986406,0.999596,0.999596,0.999596,0.0234732,0.0234732,0.0234732,0.0234732,0.0234732,0.980631,0.999596,0.0260681,0.999824,0.999824,0,0,0,0,344,0.994581,0.3,0.999596,0.00581395,0.00581395,55,18.5469,152.872,45.9058,35.5054,455.366,392.959,52.9315,2.21139,11.1227,150.29,211.822,0,0,0,0,0
allen__H15.06.016.01.03.02_488386626.swc,19279,interneuron,0.997277,16822,2456,0,0,0,0,0,0,0,0,0,0,0,0.956656,0.167971,0.3,0.3,0.999596,0.999596,0.999596,0.061414,0.061414,0.061414,0.061414,0.061414,0.964911,0.999596,0.0495779,0.900093,0.3,0.142508,0,0,0,498,0.97616,0.3,0.999596,0.0301205,0.0341365,89.6,28.3077,95.1572,19.7323,22.0504,835.179,714.523,69.7698,12.2477,15.8292,434.986,399.996,0,0,0,0,0
allen__H16.03.006.01.03.04_537313600.swc,25936,pyramidal,0.971628,12138,6343,7454,0,0,0,0,0,0,0,0,0,0,0.787027,0.315936,0.3,0.3,0.3,0.3,0.985786,0.296152,0.296152,0.296152,0.296152,0.296152,0.699258,0.3,0.423875,0.926472,0.3,0.100741,0.811258,0.3,0.254494,273,0.883369,0.3,0.33802,0.14652,0.172161,214.4,29.12,115.08,22.5567,26.7172,1001.52,1161.68,114.227,21.5903,27.0461,456.679,470.075,115.111,8.6602,21.9791,747.725,995.722
allen__H16.03.008.11.11.02_542137330.swc,8238,pyramidal,0.953544,3775,1627,2835,0,0,0,0,0,0,0,0,0,0,0.726035,0.320412,0.3,0.3,0.3,0.3,0.985786,0.346929,0.363195,0.379097,0.418427,0.419641,0.776046,0.3,0.303311,0.664713,0.3,0.475722,0.694539,0.3,0.424691,98,0.857376,0.3,0.566047,0.22449,0.27551,209.4,49.84,149.51,7.79368,31.5133,356.125,722.985,133.231,3.60599,25.8864,554.479,305.045,143.881,28.2781,38.1007,395.924,680.433
allen__H16.06.004.01.04.03_508282493.swc,10880,pyramidal,0.937202,5630,2418,2831,0,0,0,0,0,0,0,0,0,0,0.883963,0.250977,0.3,0.3,0.3,0.985786,0.993021,0.155882,0.155882,0.155882,0.155882,0.155882,0.795823,0.3,0.284547,0.992043,0.996653,0.00661704,0.966891,0.985786,0.0275521,163,0.932546,0.3,0.81544,0.0981595,0.0981595,152.6,58.9879,164.043,18.9966,33.1345,815.424,1029.82,144.707,9.54018,26.2618,378.177,245.101,146.533,39.8939,33.6271,262.877,533.771
allen__H16.06.009.01.01.18.03_528687520.swc,12081,interneuron,0.994163,9612,2468,0,0,0,0,0,0,0,0,0,0,0,0.931312,0.207049,0.3,0.3,0.972829,0.999596,0.999596,0.0970946,0.0970946,0.0970946,0.0970946,0.0970946,0.947497,0.999596,0.073762,0.868252,0.3,0.188006,0,0,0,250,0.977262,0.3,0.999596,0.032,0.044,105.3,56.7244,96.0383,-16.2483,19.6348,643.678,870.554,83.8324,3.52748,20.086,403.035,568.63,0,0,0,0,0
allen__H16.06.010.01.01.10.02_529898751.swc,22644,pyramidal,0.858212,14871,4031,3741,0,0,0,0,0,0,0,0,0,0,0.603941,0.331051,0.3,0.3,0.3,0.3,0.3,0.532901,0.534402,0.534402,0.607446,0.607446,0.561179,0.3,0.623092,0.691382,0.3,0.28901,0.679601,0.3,0.446405,165,0.787424,0.3,0.3,0.327273,0.436364,351.2,32.5968,146.05,25.9244,36.2973,1289.31,1520.48,94.4462,5.51865,20.4987,605.836,425.736,139.576,36.0782,33.1708,1072.2,578.459
allen__H17.03.002.11.04.04_569844159.swc,5107,pyramidal,0.89056,491,1568,3047,0,0,0,0,0,0,0,0,0,0,0.844696,0.281458,0.3,0.3,0.3,0.985786,0.985786,0.210691,0.210691,0.210691,0.210691,0.210691,0.524384,0.3,0.676171,0.962887,0.996653,0.0484694,0.83544,0.3,0.219232,60,0.923371,0.3,0.85697,0.0833333,0.1,169.1,24.9939,21.1389,-9.28679,6.2552,190.957,499.881,97.44,9.87282,19.6251,385.147,235.1,97.1552,6.26253,15.5194,370.64,536.641
allen__H17.03.010.11.13.06_601958555.swc,10449,pyramidal,0.983994,2177,3968,4303,0,0,0,0,0,0,0,0,0,0,0.829361,0.293235,0.3,0.3,0.3,0.985786,0.985786,0.234759,0.234759,0.234759,0.234759,0.234759,0.556578,0.3,0.629766,0.97699,0.996653,0.0282258,0.831193,0.3,0.225424,149,0.934621,0.3,0.804477,0.0872483,0.100671,156.4,25.2364,119.253,29.6999,24.8942,606.923,959.747,141.111,38.1122,32.0488,409.237,470.88,141.102,19.708,29.6537,948.409,689.058
allen__H17.06.003.11.03.03_614651270.swc,30285,interneuron,0.827643,24190,6094,0,0,0,0,0,0,0,0,0,0,0,0.816449,0.306827,0.3,0.3,0.3,0.3,0.999596,0.260855,0.260855,0.260855,0.260855,0.260855,0.842359,0.3,0.224473,0.713568,0.3,0.405317,0,0,0,417,0.900789,0.3,0.3,0.136691,0.16307,171.4,50.0763,107.413,0.740211,20.7977,1326.39,920.021,106.283,9.72617,22.8978,731.975,843.83,0,0,0,0,0
allen__H17.06.003.11.05.04_567742660.swc,33040,interneuron,0.993777,27337,5702,0,0,0,0,0,0,0,0,0,0,0,0.506614,0.31917,0.3,0.3,0.3,0.3,0.3,0.704691,0.704691,0.704691,0.704691,0.704691,0.451337,0.3,0.783663,0.77154,0.3,0.326201,0,0,0,567,0.5175,0.3,0.3,0.694885,0.707231,150.8,35.9265,116.2,15.6552,26.9083,872.361,1095.09,110.559,7.01531,23.807,576.662,719.822,0,0,0,0,0
allen__H17.06.005.12.10.04_571435969.swc,2967,pyramidal,0.547769,2074,892,0,0,0,0,0,0,0,0,0,0,0,0.581958,0.225625,0.3,0.3,0.3,0.3,0.688077,0.373778,0.373778,0.740479,0.740479,0.999663,0.503582,0.3,1,0.763724,0.3,0.137892,0,0,0,34,0.729032,0.3,0.566607,0.588235,0.617647,233.2,34.2096,127.643,38.084,34.2724,1053.2,392.322,127.716,25.2708,36.5332,191.112,289.517,0,0,0,0,0
allen__H17.06.005.12.12.03_571525618.swc,8146,interneuron,0.88708,6703,1442,0,0,0,0,0,0,0,0,0,0,0,0.848378,0.285756,0.3,0.3,0.3,0.975174,0.999596,0.213356,0.213356,0.213356,0.214461,0.214461,0.869624,0.3,0.18529,0.749517,0.3,0.343967,0,0,0,130,0.941662,0.3,0.843432,0.0846154,0.1,149.2,22.4,110.972,16.1975,21.7347,705.427,741.777,115.565,32.1741,30.1303,251.19,460.841,0,0,0,0,0
allen__H17.06.005.12.15.01_571427524.swc,29538,interneuron,0.957359,27457,2080,0,0,0,0,0,0,0,0,0,0,0,0.837639,0.294752,0.3,0.3,0.3,0.986406,0.999596,0.231092,0.231092,0.231092,0.231092,0.231092,0.832687,0.3,0.238118,0.902925,0.3,0.138462,0,0,0,392,0.949399,0.3,0.762753,0.0816327,0.109694,202,30.24,133.826,24.3488,31.956,1185.74,1075.67,104.706,6.94841,17.523,221.421,463.852,0,0,0,0,0
allen__H17.06.005.12.15.04_571471295.swc,17244,pyramidal,0.882315,13197,2234,1812,0,0,0,0,0,0,0,0,0,0,0.717445,0.332762,0.3,0.3,0.3,0.3,0.985786,0.383786,0.386801,0.394572,0.403793,0.403793,0.693347,0.3,0.427446,0.740568,0.3,0.376902,0.864294,0.3,0.177152,195,0.888974,0.3,0.59136,0.169231,0.2,254.2,24.7926,128.434,32.4807,32.1595,1137.43,1164.16,111.669,12.3524,22.374,353.05,362.8,121.788,18.2931,30.9254,423.918,241.393
allen__H17.06.005.12.16.03_571527806.swc,8165,pyramidal,0.951109,2100,3924,2140,0,0,0.262094,0.262094,0.0367249,0,-0.262094,0.262094,0.262094,0,0.821806,0.230239,0.3,0.3,0.3,0.750203,0.993021,0.114513,0.15395,0.244336,0.408083,0.45989,0.929659,0.993021,0.0914286,0.831531,0.568477,0.36264,0.698054,0.3,0.17757,117,0.872074,0.3,0.598688,0.205128,0.34188,188.8,25.3078,130.48,34.3727,33.5916,545.312,397.827,114.583,1.97459,20.4001,455.058,531.01,96.0529,27.5135,17.284,346.22,464.815
allen__H17.06.005.13.05.06_571500474.swc,5576,pyramidal,0.953148,943,2135,2497,0,0,0,0,0,0,0,0,0,0,0.939508,0.178445,0.3,0.3,0.964747,0.985786,0.985786,0.0720947,0.0720947,0.0720947,0.0720947,0.0720947,0.971998,0.964747,0.0116649,0.993064,0.996653,0.00515222,0.881421,0.3,0.152183,90,0.964158,0.3,0.964576,0.0222222,0.0444444,147.7,19.88,37.7728,-3.80277,9.34966,400.175,354.082,69.9188,8.64999,15.3721,346.652,367.667,80.6243,4.41307,17.4505,403.536,389.922
allen__H17.06.006.11.08.02_571624532.swc,26161,pyramidal,0.96781,18272,3728,4160,0,0,0,0,0.00241737,0,0,0,0,0,0.667583,0.345377,0.3,0.3,0.3,0.3,0.985786,0.468866,0.468866,0.468866,0.468866,0.468866,0.567051,0.3,0.614656,0.968689,0.996653,0.0391631,0.839232,0.3,0.213702,236,0.796319,0.3,0.3,0.288136,0.313559,244.5,30.8,178.915,43.4657,49.9284,1870.13,1383.11,114.418,8.09248,24.6112,406.921,337.892,160.155,7.91288,28.4158,464.552,479.258
allen__H17.06.006.11.08.07_571709783.swc,3695,interneuron,0.445808,0,3694,0,0,0,0,0,0,0,0,0,0,0,0.776884,0.278407,0.3,0.3,0.3,0.3,0.941158,0.254127,0.254127,0.254127,0.254127,0.254127,0,0,0,0.776823,0.3,0.254196,0,0,0,40,0.883462,0.3,0.712079,0.1,0.225,243.3,37.52,0,0,0,0,0,144.2,12.0298,31.2183,449.621,476.722,0,0,0,0,0
allen__H17.06.012.14.08.05_611610514.swc,26630,interneuron,0.87619,22755,3874,0,0,0,0,0,0,0,0,0,0,0,0.808646,0.31115,0.3,0.3,0.3,0.3,0.999596,0.272287,0.272287,0.272287,0.272287,0.272287,0.813448,0.3,0.265832,0.78039,0.3,0.310274,0,0,0,318,0.886811,0.3,0.3,0.166667,0.198113,213.9,17.9528,140.223,37.0039,33.4552,1069.13,1246.91,117.221,10.9045,19.1171,443.017,688.697,0,0,0,0,0
allen__H17.06.013.12.03.02_643575207.swc,17642,interneuron,0.747164,14234,3407,0,0,0,0,0,0,0,0,0,0,0,0.848055,0.288215,0.3,0.3,0.3,0.999596,0.999596,0.216642,0.216642,0.216642,0.216642,0.216642,0.870766,0.3,0.184137,0.753129,0.3,0.35251,0,0,0,227,0.925652,0.3,0.695009,0.101322,0.118943,169.2,28.84,99.3812,11.5582,19.5726,851.854,1433.11,83.6456,1.79085,13.931,530.221,612.191,0,0,0,0,0
allen__H17.06.013.12.03.03_643582610.swc,13995,interneuron,0.965249,12149,1845,0,0,0,0,0,0,0,0,0,0,0,0.952122,0.175602,0.3,0.3,0.999596,0.999596,0.999596,0.0675956,0.0675956,0.0675956,0.0675956,0.0675956,0.951959,0.999596,0.0679068,0.953171,0.999824,0.0655827,0,0,0,269,0.986424,0.3,0.986529,0.0111524,0.0111524,128.4,30.98,89.4393,5.84245,17.314,731.979,718.2,89.521,7.89543,19.0411,318.146,320.837,0,0,0,0,0
allen__Htr3a-Cre_NO152_Ai14-286731.04.02.01_561553133.swc,2808,interneuron,0.572101,277,2530,0,0,0,0,0,0,0,0,0,0,0,0.716532,0.283044,0.3,0.3,0.3,0.3,0.929117,0.301282,0.301282,0.399929,0.399929,0.399929,0.681441,0.681441,1,0.720262,0.3,0.334387,0,0,0,56,0.794045,0.3,0.3,0.267857,0.267857,105,19.11,48.741,16.1503,13.7574,70.3194,161.067,62.9504,14.5598,15.2638,436.473,534.863,0,0,0,0,0
allen__Htr3a-Cre_NO152_Ai14-286736.05.01.01_561532710.swc,8835,interneuron,0.995598,6119,2715,0,0,0,0,0,0,0,0,0,0,0,0.944682,0.188229,0.3,0.3,0.999596,0.999596,0.999596,0.0785512,0.0785512,0.0785512,0.0785512,0.0785512,0.999579,0.999596,0,0.820937,0.3,0.255617,0,0,0,325,0.980464,0.3,0.999596,0.0276923,0.0307692,62.2,21.4354,95.5461,6.85227,15.5126,472.078,357.198,67.6906,10.1582,12.343,343.76,686.74,0,0,0,0,0
allen__Ndnf-IRES2-dgCre_Ai14-262467.04.01.01_539014038.swc,13849,interneuron,0.996095,11459,2389,0,0,0,0,0,0,0,0,0,0,0,0.968687,0.142999,0.3,0.976165,0.999596,0.999596,0.999596,0.0436855,0.0436855,0.0436855,0.0439743,0.0439743,0.962659,0.999596,0.0527969,0.997588,0.999824,0,0,0,0,417,0.985682,0.3,0.999596,0.0143885,0.0215827,73,12.4575,117.244,21.2032,21.1231,467.659,451.45,35.9193,3.87292,6.98779,236.516,240.391,0,0,0,0,0
allen__Ndnf-IRES2-dgCre_Ai14-290382.04.01.01_562632795.swc,13035,interneuron,0.979673,11548,1486,0,0,0,0,0,0,0,0,0,0,0,0.903419,0.238806,0.3,0.3,0.3,0.999596,0.999596,0.134868,0.135405,0.135405,0.137553,0.137553,0.892795,0.3,0.15284,0.985915,0.975174,0,0,0,0,310,0.948211,0.3,0.845043,0.0516129,0.0967742,107.4,10.36,141.252,22.2655,24.7882,573.303,354.794,43.4,3.94042,7.95496,193.755,130.446,0,0,0,0,0
allen__Ndnf-IRES2-dgCre_Ai14-292670.04.02.01_565120091.swc,18807,interneuron,0.963792,16048,2758,0,0,0,0,0,0,0,0,0,0,0,0.953103,0.174267,0.3,0.3,0.999596,0.999596,0.999596,0.0664646,0.0664646,0.0664646,0.0664646,0.0664646,0.94917,0.999596,0.0720339,0.975972,0.999824,0.0340827,0,0,0,471,0.974618,0.3,0.999596,0.0318471,0.0382166,90,24.3603,132.394,26.632,27.6638,400.139,781.496,71.2891,8.65071,12.7674,290.965,456.455,0,0,0,0,0
allen__Ndnf-IRES2-dgCre_Ai14-292673.04.02.01_564349611.swc,15659,interneuron,0.990864,14349,1309,0,0,0,0,0,0,0,0,0,0,0,0.972951,0.132612,0.3,0.976165,0.999596,0.999596,0.999596,0.0373587,0.0373587,0.0373587,0.0373587,0.0373587,0.971033,0.999596,0.0407694,0.993955,0.976165,0,0,0,0,443,0.988324,0.3,0.999596,0.00902935,0.0158014,88,14.84,102.754,20.4385,20.9974,547.106,388.593,41.0094,2.61132,8.5549,137.944,143.001,0,0,0,0,0
allen__Ndnf-IRES2-dgCre_Ai14-292673.05.01.01_564346637.swc,19022,interneuron,0.996322,16503,2518,0,0,0,0,0,0,0,0,0,0,0,0.991145,0.0764659,0.3,0.999596,0.999596,0.999596,0.999596,0.0120913,0.0120913,0.0120913,0.0120913,0.0120913,0.99211,0.999596,0.0106647,0.984816,0.999824,0.0214456,0,0,0,577,0.996001,0.3,0.999596,0.00519931,0.00519931,75.4,15.96,96.32,20.2775,18.9241,783.728,593.438,79.422,9.17015,14.7184,292.215,363.611,0,0,0,0,0
allen__Ndnf-IRES2-dgCre_Ai14-306261.05.02.01_574734127.swc,15926,interneuron,0.995855,13233,2692,0,0,0,0,0,0,0,0,0,0,0,0.904719,0.234069,0.3,0.3,0.3,0.999596,0.999596,0.127465,0.127653,0.133995,0.136381,0.14423,0.888092,0.3,0.161264,0.986416,0.975174,0,0,0,0,411,0.940321,0.3,0.853528,0.0778589,0.0924574,90,21.28,139.719,23.0693,30.8446,585.289,729.351,67.0566,-0.296823,12.6508,240.662,256.172,0,0,0,0,0
allen__Ndnf-IRES2-dgCre_Ai14-311164.05.01.01_579626068.swc,17629,interneuron,0.996578,15656,1972,0,0,0,0,0,0,0,0,0,0,0,0.982441,0.107057,0.3,0.999596,0.999596,0.999596,0.999596,0.0239946,0.0239946,0.0239946,0.0239946,0.0242215,0.980694,0.999596,0.0270184,0.996302,0.975174,0,0,0,0,511,0.994324,0.3,0.999596,0.00391389,0.00782779,78,21,100.767,8.60773,18.8015,520.551,542.232,69.2779,6.1888,12.0177,177.574,253.385,0,0,0,0,0
allen__Nos1-CreERT2_Sst-IRES-FlpO_Ai65-271577.05.02.01_547262585.swc,12546,interneuron,0.995059,10647,1898,0,0,0,0,0,0,0,0,0,0,0,0.926669,0.212111,0.3,0.3,0.3,0.999596,0.999596,0.102742,0.102742,0.102742,0.102742,0.102742,0.914743,0.3,0.121067,0.993531,0.976165,0,0,0,0,318,0.967521,0.3,0.976165,0.0440252,0.0440252,94.3,12.04,122.732,24.2022,28.1141,504.372,972.036,69.764,18.5147,14.7465,338.178,359.632,0,0,0,0,0
allen__Oxtr-2A-Cre_Ai14-293837.04.02.01_565866518.swc,15202,interneuron,0.996129,12955,2246,0,0,0,0,0,0,0,0,0,0,0,0.988809,0.0863113,0.3,0.999596,0.999596,0.999596,0.999596,0.0154585,0.0154585,0.0154585,0.0154585,0.0154585,0.987331,0.999596,0.0175222,0.997331,0.999824,0.00356189,0,0,0,580,0.994072,0.3,0.999596,0.00689655,0.00862069,55.1,20.16,99.3877,12.4136,19.5441,471.428,614.782,67.228,6.72533,12.8044,256.524,259.725,0,0,0,0,0
allen__Vipr2-IRES2-Cre_Slc32a1-T2A-FlpO_Ai65-315067.05.01.01_585805211.swc,11008,interneuron,0.992301,8891,2116,0,0,0,0,0,0,0,0,0,0,0,0.99964,8.99075e-05,0.999596,0.999596,0.999596,0.999596,0.999596,0,0,0,0,0,0.999596,0.999596,0,0.999824,0.999824,0,0,0,0,530,0.999619,0.999596,0.999596,0,0,46,28.6406,87.5876,12.3183,19.7057,355.196,229.021,75.756,3.49946,13.4531,201.206,257.839,0,0,0,0,0
allen__Vipr2-IRES2-Cre_Slc32a1-T2A-FlpO_Ai65-315069.05.02.01_585952606.swc,10592,interneuron,0.995695,9394,1197,0,0,0,0,0,0,0,0,0,0,0,0.988277,0.0808357,0.3,0.977906,0.999596,0.999596,0.999596,0.0134063,0.0134063,0.0134063,0.0134063,0.0134063,0.986805,0.999596,0.015116,0.999824,0.999824,0,0,0,0,529,0.997799,0.3,0.999596,0.00189036,0.00189036,41.2,24.64,61.1884,-3.34209,12.1337,483.775,525.471,79.1991,8.93055,18.6953,211.012,253.119,0,0,0,0,0
hpf_ca1__201983_012_edited.swc,9410,pyramidal,0.997228,5919,1275,2215,0,0,0,0,0,0,0,0,0,0,0.604197,0.342707,0.3,0.3,0.3,0.3,0.3,0.559299,0.559299,0.559299,0.559299,0.559299,0.409122,0.3,0.842541,0.892292,0.3,0.149804,0.959469,0.985786,0.0383747,205,0.783197,0.3,0.3,0.297561,0.312195,102.6,9099.49,969.01,207.21,251.036,1904.04,2374,251.45,12.7214,47.1549,442.11,355.6,438.19,-146.384,101.777,224.97,553.02
hpf_ca1__201990_029_edited.swc,74990,pyramidal,0.99781,70612,1895,2482,0,0,0,0,0,0,0,0,0,0,0.352368,0.182627,0.3,0.3,0.3,0.3,0.3,0.923763,0.924563,0.924563,0.924563,0.924563,0.313495,0.3,0.980527,0.974511,0.996653,0.0453826,0.983021,0.985786,0.00402901,969,0.45511,0.3,0.3,0.776058,0.77709,205.6,9416.25,5236.22,-2190.42,1359.15,6590.84,4265.66,233.7,34.2773,46.9812,104.63,275.39,545.16,-297.637,149.072,201.23,423.47
hpf_ca1__202217_014_edited.swc,31115,pyramidal,0.998002,28589,916,1609,0,0,0,0,0,0,0,0,0,0,0.414806,0.257079,0.3,0.3,0.3,0.3,0.3,0.833714,0.833714,0.833714,0.833714,0.833714,0.365428,0.3,0.905313,0.986766,0.996653,0.0141921,0.96618,0.985786,0.0285892,478,0.589564,0.3,0.3,0.579498,0.585774,186.5,8866.32,4417.38,-1447.62,1519.16,6919.56,3843.96,200.61,-12.7062,39.4731,177.59,268.38,278.25,-100.441,57.5878,258.51,583.31
hpf_ca1__202217_020_edited.swc,33093,pyramidal,0.997989,30899,658,1535,0,0,0,0,0,0,0,0,0,0,0.390363,0.232876,0.3,0.3,0.3,0.3,0.3,0.869126,0.869126,0.869126,0.869126,0.869126,0.351515,0.3,0.925499,0.996653,0.996653,0,0.91207,0.3,0.107492,470,0.548322,0.3,0.3,0.644681,0.648936,196.2,9158.54,4319,-1433.72,1602.85,6871.36,4867,153.18,40.9419,29.2034,192.37,191.22,420.07,-156.742,94.2779,222.92,516.81
hpf_ca1__202217_022_edited.swc,13624,pyramidal,0.99539,11102,595,1926,0,0,0,0,0.00593521,0,0,0,0,0,0.514206,0.317838,0.3,0.3,0.3,0.3,0.3,0.68739,0.68739,0.68739,0.68739,0.689812,0.410294,0.3,0.840479,0.996653,0.996653,0,0.963893,0.908738,0.0176532,283,0.702382,0.3,0.3,0.416961,0.424028,132.8,9142.23,1297.57,83.4629,232.92,1352.36,1721.96,170.35,36.6345,32.8316,171.28,215.03,340.89,-135.875,87.4234,274.37,456.41
hpf_ca1__202217_023_edited.swc,16882,pyramidal,0.998011,13568,1151,2162,0,0,0,0,0,0,0,0,0,0,0.499191,0.312887,0.3,0.3,0.3,0.3,0.3,0.711586,0.711586,0.711586,0.711586,0.711586,0.382695,0.3,0.880675,0.969328,0.996653,0.0390964,0.979759,0.985786,0.00878816,312,0.664824,0.3,0.3,0.467949,0.477564,120.8,9098.52,1946.58,180.638,467.724,1995.57,3221.28,258.58,33.1233,46.926,245.78,288.11,388.9,-141.041,91.1182,256.17,565.09
hpf_ca1__202219_002_edited.swc,18678,pyramidal,0.998036,15533,1521,1623,0,0,0,0,0.000322509,0,0,0,0,0,0.477174,0.301907,0.3,0.3,0.3,0.3,0.3,0.743816,0.743816,0.743816,0.743816,0.743816,0.37317,0.3,0.894418,0.996239,0.996653,0,0.985786,0.985786,0,516,0.61879,0.3,0.3,0.53876,0.53876,76.5,9026.18,3723.88,-675.786,1185.07,5454.33,2280.87,192.1,18.9013,48.1324,226.47,152.72,413.77,-152.228,88.4004,223.47,412.47
hpf_ca1__202219_010_edited.swc,31281,pyramidal,0.996002,28685,1235,1360,0,0,0,0,0,0,0,0,0,0,0.405837,0.249055,0.3,0.3,0.3,0.3,0.3,0.847032,0.847032,0.847032,0.847032,0.847032,0.353127,0.3,0.92334,0.996653,0.996653,0,0.980631,0.985157,0.00735294,555,0.571278,0.3,0.3,0.609009,0.614414,117.6,8708.62,4970.88,-1777.44,1459.15,6176.16,5152.07,218.46,-4.3673,44.8272,157.8,286.52,356.33,-110.373,69.1372,149.2,513.75
hpf_ca1__202219_020_edited.swc,47591,pyramidal,0.997816,43739,1557,2294,0,0,0,0,0,0,0,0,0,0,0.407109,0.250185,0.3,0.3,0.3,0.3,0.3,0.845097,0.845097,0.845097,0.845097,0.845097,0.357072,0.3,0.917648,0.996653,0.996653,0,0.960752,0.985157,0.0357454,596,0.657157,0.3,0.3,0.488255,0.5,215.5,9112.58,4900.71,-749.141,1614.96,7417.27,4333.76,205.84,4.41542,44.9393,215.53,306.88,343.56,-125.962,74.788,259.51,599.3
hpf_ca1__202219_028_edited.swc,81215,pyramidal,0.99791,74702,4714,1798,0,0,0,0,0,0,0,0,0,0,0.372485,0.207884,0.3,0.3,0.3,0.3,0.3,0.884898,0.900757,0.900757,0.900757,0.90077,0.347823,0.3,0.930992,0.570845,0.3,0.704709,0.876693,0.3,0.159066,1067,0.513695,0.3,0.3,0.708529,0.709466,214,8896.23,5229.55,-1143.42,1571.64,7421.77,5239.06,1054.51,87.8736,199.531,779.68,1080.93,278.84,-64.3531,44.0997,364.35,509.43
hpf_ca1__202219_031_edited.swc,15259,pyramidal,0.887179,13064,815,1379,0,0,0,0,0.0026757,0,0,0,0,0,0.408484,0.24971,0.3,0.3,0.3,0.3,0.3,0.84075,0.84075,0.84075,0.84075,0.852939,0.335224,0.3,0.949173,0.996653,0.996653,0,0.75447,0.3,0.311095,910,0.361411,0.3,0.3,0.908791,0.912088,44,8982.64,1155.4,519.202,260.436,1010.96,2900.89,218.45,30.533,42.8438,233.9,127.97,316.84,-163.276,85.7941,208.44,584.56
hpf_ca1__202220_077_edited.swc,29822,pyramidal,0.996447,27328,1559,934,0,0,0,0,0,0,0,0,0,0,0.552432,0.333215,0.3,0.3,0.3,0.3,0.3,0.635336,0.635336,0.635336,0.635336,0.635336,0.522296,0.3,0.67923,0.883151,0.3,0.162925,0.881683,0.3,0.140257,794,0.621003,0.3,0.3,0.534005,0.542821,90,8506.06,3230.89,-366.136,639.417,4491,2517.45,305.92,57.279,67.9751,269.05,497.59,283.68,-140.291,72.2073,272.13,417.65
hpf_ca1__202224_002_edited.swc,3065,pyramidal,0.925988,1247,1817,0,0,0,0,0,0,0,0,0,0,0,0.748579,0.270822,0.3,0.3,0.3,0.598588,0.843794,0.243719,0.250571,0.27863,0.356281,0.596411,0.647308,0.3,0.348035,0.817942,0.3,0.23115,0,0,0,63,0.799383,0.3,0.542487,0.238095,0.380952,117,9765.29,470.26,-74.7661,118.811,510.04,286.27,306.21,64.2606,54.1858,418.81,600.4,0,0,0,0,0
hpf_ca1__202224_005_edited.swc,15471,pyramidal,0.997496,8066,7404,0,0,0,0,0,0,0,0,0,0,0,0.38929,0.230401,0.3,0.3,0.3,0.3,0.3,0.869304,0.869304,0.869304,0.869304,0.869304,0.311405,0.3,0.982891,0.474056,0.3,0.745678,0,0,0,173,0.555406,0.3,0.3,0.624277,0.630058,170.4,9681.43,3946.93,-2694.9,1204.58,3633.04,4263.91,1652.95,-604.617,456.714,2109,1998.22,0,0,0,0,0
hpf_ca1__202225_004_edited.swc,44311,pyramidal,0.997849,39328,2292,2690,0,0,0,0,0.00376953,0,0,0,0,0,0.376577,0.21629,0.3,0.3,0.3,0.3,0.3,0.888583,0.888583,0.888583,0.888583,0.888583,0.305181,0.3,0.992524,0.980038,0.955645,0.0117801,0.905988,0.3,0.116357,605,0.564166,0.3,0.3,0.613223,0.618182,177.6,9697.16,4194.25,-2808.6,995.189,6042.83,4327.81,204.54,26.8684,37.3537,188.52,395.5,669.76,-365.269,189.741,406.76,544.3
hpf_ca1__202226_005_edited.swc,30905,pyramidal,0.997533,27465,1201,2238,0,0,0,0,0,0,0,0,0,0,0.390394,0.232875,0.3,0.3,0.3,0.3,0.3,0.86905,0.86905,0.86905,0.86905,0.86905,0.318092,0.3,0.973894,0.996653,0.996653,0,0.952079,0.985786,0.049151,275,0.582252,0.3,0.3,0.592727,0.596364,270.6,9779.1,4960.71,-1973.21,1648.02,7671.56,4523.01,231.14,20.218,40.7884,156.74,316.59,492.45,-213.904,126.266,321.28,315.91
hpf_ca1__202226_012_edited.swc,30380,pyramidal,0.996408,27922,2457,0,0,0,0,0,0,0,0,0,0,0,0.759257,0.327958,0.3,0.3,0.3,0.3,0.993021,0.337722,0.337722,0.337722,0.337722,0.337722,0.740181,0.3,0.364838,0.975955,0.996653,0.029711,0,0,0,1081,0.870514,0.3,0.3,0.175763,0.188714,70,9634.13,1204.3,-356.123,178.787,910.57,2259.83,402.21,-17.4089,62.9118,294.49,545.46,0,0,0,0,0
hpf_ca1__202230_009_edited.swc,20282,pyramidal,0.962865,19398,883,0,0,0,0,0,0,0,0,0,0,0,0.691622,0.343709,0.3,0.3,0.3,0.3,0.993021,0.435115,0.435115,0.435115,0.435115,0.435115,0.677722,0.3,0.454944,0.996653,0.996653,0,0,0,0,354,0.856795,0.3,0.478503,0.220339,0.268362,172.1,8280.07,921.36,67.3932,144.179,1023.71,900.39,171.76,0.426195,33.7312,159.81,290.04,0,0,0,0,0
hpf_ca1__202230_010_edited.swc,23971,pyramidal,0.997992,20655,1536,1779,0,0,0,0,0,0,0,0,0,0,0.441347,0.278895,0.3,0.3,0.3,0.3,0.3,0.795628,0.795628,0.795628,0.795628,0.795628,0.354992,0.3,0.920649,0.996653,0.996653,0,0.964195,0.985786,0.0314784,401,0.605446,0.3,0.3,0.561097,0.568579,142,8035.96,4225.95,-813.541,1024.2,6415.67,5247.34,251.03,10.176,43.6918,188.52,247.13,433.54,-84.1904,66.6676,370.47,582.37
hpf_ca1__202232_020_edited.swc,22249,pyramidal,0.996475,19436,1042,1770,0,0,0,0,0,0,0,0,0,0,0.43541,0.274407,0.3,0.3,0.3,0.3,0.3,0.804171,0.804171,0.804171,0.804171,0.804171,0.366143,0.3,0.904559,0.996653,0.996653,0,0.865289,0.3,0.175706,276,0.613528,0.3,0.3,0.550725,0.554348,212,9442.52,4261.33,-1223.29,1568.71,6513.11,3740.05,146.46,35.3323,33.4395,222.05,268.51,478.62,-232.945,120.814,207.66,542.03
hpf_ca1__202232_022_edited.swc,118347,pyramidal,0.996315,113998,1984,2364,0,0,0,0,0,0,0,0,0,0,0.33218,0.145644,0.3,0.3,0.3,0.3,0.3,0.95345,0.95345,0.95345,0.95345,0.95345,0.308097,0.3,0.988307,0.996653,0.996653,0,0.935597,0.985786,0.073181,769,0.460415,0.3,0.3,0.772432,0.773732,400.8,9655.23,4926.59,-1712.45,1559.53,8277.41,4838.84,178.18,24.5059,29.89,260.97,294.15,609.8,-257.038,157.156,181.9,571.88
hpf_ca1__202232_069_edited.swc,14507,pyramidal,0.994554,11413,1454,1639,0,0,0,0,0.0024019,0,0,0,0,0,0.469796,0.295205,0.3,0.3,0.3,0.3,0.3,0.750396,0.750396,0.750396,0.755911,0.762322,0.364563,0.3,0.906773,0.819847,0.3,0.215956,0.89171,0.3,0.136059,233,0.65374,0.3,0.3,0.48927,0.506438,132.4,9502.29,4172.51,-1168.94,1437.7,5746.41,2403.54,297.31,45.1589,58.6276,886.97,438.96,449.28,-232.769,125.268,163.9,480.67
hpf_ca1__202232_071_edited.swc,16712,pyramidal,0.997588,13950,954,1807,0,0,0,0,0,0,0,0,0,0,0.450207,0.284908,0.3,0.3,0.3,0.3,0.3,0.782492,0.782492,0.782492,0.782492,0.782492,0.349331,0.3,0.928817,0.98716,0.996653,0.0136268,0.945178,0.985786,0.0592142,327,0.54287,0.3,0.3,0.651376,0.651376,119.8,9622.7,931.02,-182.562,201.576,1936.38,2077.56,285.55,19.4712,54.4064,157.89,269.71,482.7,-219.395,124.412,281.75,339.19
hpf_ca1__202233_010_edited.swc,89353,pyramidal,0.997505,84940,2726,1686,0,0,0,0,0,0,0,0,0,0,0.349569,0.178386,0.3,0.3,0.3,0.3,0.3,0.928318,0.928318,0.928318,0.928318,0.928318,0.321058,0.3,0.969614,0.882192,0.3,0.160675,0.924366,0.985786,0.0895611,858,0.43428,0.3,0.3,0.805361,0.81352,244.6,9498.83,8509.85,-2447.77,2994.89,4813.31,3181.23,564.56,-21.7377,114.617,632.69,351.32,349.29,-143.058,76.4679,410.32,193.3
hpf_ca1__202233_014_edited.swc,21401,pyramidal,0.997952,18930,1018,1452,0,0,0,0,0,0,0,0,0,0,0.419336,0.261238,0.3,0.3,0.3,0.3,0.3,0.827345,0.827345,0.827345,0.827345,0.827345,0.34481,0.3,0.935341,0.996653,0.996653,0,0.985786,0.985786,0,341,0.57813,0.3,0.3,0.595308,0.604106,152,9666.52,4350.44,-1623.69,1693.77,7446.03,3700.22,128.55,50.0306,32.2186,273.39,181.38,533.08,-293.318,165.316,245.57,434.25
hpf_ca1__202234_014_edited.swc,13715,pyramidal,0.997557,10792,703,2219,0,0,0,0,0,0,0,0,0,0,0.482333,0.304036,0.3,0.3,0.3,0.3,0.3,0.735472,0.735472,0.735472,0.735472,0.735472,0.346492,0.3,0.932913,0.996335,0.996653,0,0.979914,0.985786,0.00856242,269,0.651494,0.3,0.3,0.490706,0.490706,115.2,9592.16,4242.25,-783.565,1003.6,4476.5,1812.61,190.42,46.8121,36.089,135.31,274.21,449.02,-216.074,140.787,355.88,351.67
hpf_ca1__202234_019_edited.swc,32901,pyramidal,0.982661,30728,2172,0,0,0,0,0,0.000128794,0,0,0,0,0,0.332173,0.135868,0.3,0.3,0.3,0.3,0.3,0.939303,0.950853,0.963618,0.964378,0.964378,0.301737,0.3,0.997494,0.762465,0.3,0.484807,0,0,0,1653,0.315829,0.3,0.3,0.981851,0.983666,42.8,9500.95,3599.63,-2321.26,924.884,1806.69,3553.67,385.61,-29.5601,70.3943,756.36,435.16,0,0,0,0,0
hpf_ca1__202234_026_edited.swc,105116,pyramidal,0.997127,101176,1199,2740,0,0,0,0,0.000295058,0,0,0,0,0,0.330204,0.137446,0.3,0.3,0.3,0.3,0.3,0.951939,0.956087,0.956791,0.958408,0.962051,0.30787,0.3,0.988644,0.996653,0.996653,0,0.863014,0.58785,0.199635,736,0.450947,0.3,0.3,0.779891,0.796196,370,9806.9,5000.4,-2373.07,1365.47,8489.26,5897.53,147.53,13.4551,27.6442,168.52,333.34,763.61,-197.447,206.91,302.44,319.5
hpf_ca1__202237_014_edited.swc,82589,pyramidal,0.995992,78059,1757,2772,0,0,0,0,0,0,0,0,0,0,0.36482,0.20162,0.3,0.3,0.3,0.3,0.3,0.906319,0.906319,0.906319,0.906319,0.906319,0.334856,0.3,0.949705,0.996653,0.996653,0,0.807907,0.3,0.25938,1187,0.450963,0.3,0.3,0.785173,0.788543,196.8,9047.19,5769,-1906.52,1371.87,6473.04,4223.22,277.64,29.4178,49.166,142.77,312.69,530.54,-139.201,120.254,373.3,802.78
hpf_ca1__202237_022_edited.swc,37107,pyramidal,0.995304,34871,851,1384,0,0,0,0,0,0,0,0,0,0,0.383335,0.225327,0.3,0.3,0.3,0.3,0.3,0.879672,0.879672,0.879672,0.879672,0.879672,0.357773,0.3,0.916636,0.996653,0.996653,0,0.64983,0.3,0.489884,614,0.4853,0.3,0.3,0.73127,0.736156,151.7,8683.11,3778.03,-1568.03,1173.76,5772.72,3999.78,183.17,19.1517,28.7842,174.34,139.45,380.21,-155.164,92.6548,265.67,604.87
hpf_ca1__202237_028_edited.swc,29490,pyramidal,0.997918,27576,731,1182,0,0,0,0,0,0,0,0,0,0,0.365252,0.202103,0.3,0.3,0.3,0.3,0.3,0.905595,0.905595,0.905595,0.905595,0.905595,0.324905,0.3,0.964063,0.990935,0.996653,0.00820793,0.919048,0.98517,0.0972927,484,0.439033,0.3,0.3,0.799587,0.801653,152.7,8647.58,4043.88,-1996.81,1080.45,5511.81,3501.41,162.43,16.5811,27.7643,101.96,232.59,485.46,-214.962,141.06,213.63,523.61
hpf_ca1__202237_030_edited.swc,37085,pyramidal,0.995742,35560,341,1183,0,0,0,0,0,0,0,0,0,0,0.342445,0.166034,0.3,0.3,0.3,0.3,0.3,0.938654,0.938654,0.938654,0.938654,0.938654,0.327556,0.3,0.960236,0.996653,0.996653,0,0.600865,0.3,0.561285,377,0.449601,0.3,0.3,0.785146,0.793103,236,8579.63,3555.63,-828.872,1243.17,6276.19,4350.02,127.64,11.3527,29.9521,61.2,69.73,319.58,-146.911,90.0935,348.45,653.38
hpf_ca1__202237_148_edited.swc,20025,pyramidal,0.990999,18039,527,1458,0,0,0.072809,0.072809,0.00637464,0,-0.072809,0.072809,0.072809,0,0.381157,0.207859,0.3,0.3,0.3,0.3,0.3,0.863021,0.863021,0.86377,0.907516,0.927191,0.333423,0.3,0.951771,0.963605,0.996653,0.0474383,0.760782,0.715752,0.0706447,663,0.398787,0.3,0.3,0.841629,0.871795,79,8429.18,2161.55,300.223,363.081,3016.72,2353.19,211.54,-43.5524,46.3273,230.31,357.29,340.79,25.6901,71.7702,703.14,378.5
hpf_ca1__202237_155_edited.swc,48853,pyramidal,0.986203,46588,830,1434,0,0,0,0,0,0,0,0,0,0,0.326179,0.126018,0.3,0.3,0.3,0.3,0.3,0.958119,0.958119,0.958119,0.958119,0.979469,0.301101,0.3,0.998412,0.996653,0.996653,0,0.752379,0.3,0.204324,974,0.352579,0.3,0.3,0.916838,0.916838,143,8633.98,4421.74,-2232.35,806.217,5297.02,3948.44,217.71,26.2874,39.2612,140.11,202.08,309.21,-147.004,90.3461,258.66,436.65
hpf_ca1__202238_010_edited.swc,40434,pyramidal,0.997736,37906,1038,1489,0,0,0,0,0,0,0,0,0,0,0.355208,0.187468,0.3,0.3,0.3,0.3,0.3,0.920191,0.920191,0.920191,0.920191,0.920191,0.320751,0.3,0.970058,0.996428,0.996653,0,0.784975,0.3,0.292814,439,0.483581,0.3,0.3,0.735763,0.740319,231.8,8905.08,3472.92,-1508.35,1155.72,8048.44,3914.36,191.56,-2.78043,35.1715,159.01,162.44,386.02,-97.0562,89.8446,210.7,725.86
hpf_ca1__202238_011_edited.swc,31386,pyramidal,0.99799,29038,786,1561,0,0,0,0,0,0,0,0,0,0,0.400579,0.243769,0.3,0.3,0.3,0.3,0.3,0.854521,0.854521,0.854521,0.854521,0.854521,0.355846,0.3,0.919416,0.996653,0.996653,0,0.932189,0.985786,0.078155,433,0.543047,0.3,0.3,0.648961,0.655889,166,8998.5,4013.57,-1158.69,1370.93,6781.09,3170.55,182.28,3.37469,32.8032,137.95,126.98,473.82,-179.963,145.34,247.09,518.29
hpf_ca1__202238_016_edited.swc,19790,pyramidal,0.997723,17459,820,1510,0,0,0,0,0,0,0,0,0,0,0.405901,0.248879,0.3,0.3,0.3,0.3,0.3,0.84669,0.84669,0.84669,0.84669,0.84669,0.333899,0.3,0.951085,0.996653,0.996653,0,0.917208,0.917208,0.1,193,0.622231,0.3,0.3,0.544041,0.544041,234,8737.18,4211.04,-2137.86,1140.23,5949.38,3945.53,187.07,10.1653,38.6239,176.62,143.12,355.07,-122.399,87.7061,254.35,533.81
hpf_ca1__202238_020_edited.swc,57572,pyramidal,0.997607,55075,762,1734,0,0,0,0,0,0,0,0,0,0,0.358027,0.191545,0.3,0.3,0.3,0.3,0.3,0.915931,0.915931,0.915931,0.915931,0.915931,0.330778,0.3,0.955588,0.996653,0.996653,0,0.9425,0.955949,0.0594002,725,0.496281,0.3,0.3,0.715862,0.722759,207.8,8577.8,4011.02,-1722.34,1131.4,5067.51,4005.04,156.59,10.94,30.7859,115.28,170.46,259.01,-98.5408,54.4471,246.82,632.6
hpf_ca1__202238_037_edited.swc,30131,pyramidal,0.997926,27962,2168,0,0,0,0,0,0,0,0,0,0,0,0.483543,0.304453,0.3,0.3,0.3,0.3,0.3,0.731406,0.733895,0.738011,0.738011,0.738011,0.455398,0.3,0.775767,0.846307,0.3,0.251384,0,0,0,1222,0.484822,0.3,0.3,0.734043,0.741408,54.9,8736.45,4582.53,-1306.66,1304.11,5768.84,4141.92,452.01,1.58543,89.8244,216.09,553.75,0,0,0,0,0
hpf_ca1__202239_001_edited.swc,102203,pyramidal,0.997733,98804,3398,0,0,0,0,0,0,0,0,0,0,0,0.387891,0.23077,0.3,0.3,0.3,0.3,0.3,0.873321,0.873321,0.873321,0.873321,0.873321,0.371165,0.3,0.897312,0.874052,0.3,0.175986,0,0,0,2448,0.389362,0.3,0.3,0.872549,0.878268,117,7880.75,3446.2,-383.911,776.311,5892.97,5667.82,654.77,-1.68697,143.551,704.44,375.29,0,0,0,0,0
hpf_ca1__202239_002_edited.swc,53262,pyramidal,0.988373,51555,1706,0,0,0,0,0,0,0,0,0,0,0,0.345878,0.172518,0.3,0.3,0.3,0.3,0.3,0.933949,0.933949,0.933949,0.933949,0.933949,0.324331,0.3,0.964872,0.996653,0.996653,0,0,0,0,3199,0.33744,0.3,0.3,0.945921,0.946233,38,7877.54,1403.53,-14.7777,196.633,1075.88,1095.99,235.74,14.586,44.5916,397.16,222.6,0,0,0,0,0
hpf_ca1__202239_003_edited.swc,66236,pyramidal,0.98673,62143,2250,1842,0,0,0.0278097,0.0278097,0.00331777,0,-0.0278097,0.0278097,0.0278097,0,0.376068,0.210209,0.3,0.3,0.3,0.3,0.3,0.879763,0.886738,0.886753,0.898152,0.907588,0.343169,0.3,0.937708,0.992466,0.996653,0,0.732679,0.525269,0.251357,6745,0.348317,0.3,0.3,0.929133,0.934915,22,7796.39,2053.48,-67.3492,291.797,1608.38,1420.96,400.07,99.9282,80.1193,430.01,202.64,345.24,-63.922,81.8303,308.76,191.28
hpf_ca1__202240_013_edited.swc,61254,pyramidal,0.998046,56167,1692,3394,0,0,0,0,0.000106807,0,0,0,0,0,0.371223,0.209636,0.3,0.3,0.3,0.3,0.3,0.896497,0.896497,0.896497,0.896497,0.896497,0.316361,0.3,0.976392,0.996507,0.996653,0,0.967216,0.955413,0.0215085,1145,0.44917,0.3,0.3,0.782533,0.783406,132,8172.29,5456.47,-1440.38,1284.61,6493.73,5456.21,157.4,8.69203,29.7015,214.46,210.56,315.42,27.5659,58.0244,341.69,652.37
hpf_ca1__202240_017_edited.swc,41036,pyramidal,0.99728,39633,1402,0,0,0,0,0,0,0,0,0,0,0,0.513267,0.319842,0.3,0.3,0.3,0.3,0.3,0.692221,0.692221,0.692221,0.692221,0.692221,0.498528,0.3,0.71332,0.929572,0.996653,0.096291,0,0,0,1734,0.531066,0.3,0.3,0.66609,0.670127,58,8030.12,6196.84,-604.634,1482.71,6914.06,5337.44,438.03,12.239,105.819,398.07,455.84,0,0,0,0,0
hpf_ca1__202240_021_edited.swc,18234,pyramidal,0.997953,14542,1228,2463,0,0,0,0,0,0,0,0,0,0,0.482387,0.303687,0.3,0.3,0.3,0.3,0.3,0.734178,0.734178,0.737523,0.737523,0.737523,0.355901,0.3,0.919337,0.980275,0.996653,0.0496743,0.980735,0.985692,0.00730816,322,0.681281,0.3,0.3,0.456522,0.456522,152,7749.43,4567.03,-178.866,1033.95,3231.77,2093.09,245.09,-13.0274,42.6149,196.33,296.37,377.76,-82.78,75.4905,321.56,420.43
hpf_ca1__202240_038_edited.swc,33672,pyramidal,0.991957,32003,1668,0,0,0,0,0,0,0,0,0,0,0,0.533429,0.327729,0.3,0.3,0.3,0.3,0.3,0.66343,0.66343,0.66343,0.66343,0.66343,0.509619,0.3,0.697528,0.989971,0.996653,0.00959233,0,0,0,670,0.622311,0.3,0.3,0.538806,0.552239,119.1,7727.98,2487.47,-154.264,407.71,1660.7,1080.34,416.78,9.09504,84.7295,259.18,389.27,0,0,0,0,0
hpf_ca1__202240_041_edited.swc,56404,pyramidal,0.997858,53457,2946,0,0,0,0,0,0,0,0,0,0,0,0.484772,0.306621,0.3,0.3,0.3,0.3,0.3,0.7336,0.7336,0.7336,0.7336,0.7336,0.464203,0.3,0.763062,0.857843,0.3,0.199253,0,0,0,1791,0.488442,0.3,0.3,0.72641,0.734227,73,7534.19,4460.38,-517.669,847.482,5935.63,5442.03,557.03,-26.1533,112.011,390.15,508.37,0,0,0,0,0
hpf_ca1__202241_005_edited.swc,22133,pyramidal,0.998012,19292,855,1985,0,0,0,0,0,0,0,0,0,0,0.469145,0.2971,0.3,0.3,0.3,0.3,0.3,0.755207,0.755207,0.755207,0.755207,0.755207,0.393291,0.3,0.865385,0.996653,0.996653,0,0.978876,0.985786,0.0100756,351,0.644125,0.3,0.3,0.512821,0.518519,157,8319.05,4265.04,385.275,806.87,4250.29,3381.67,171.82,16.8838,31.0803,118.73,136.19,419.35,-77.0823,73.7795,222.85,514.22
hpf_ca1__202241_012_edited.swc,12322,pyramidal,0.997985,9695,1114,1512,0,0,0,0,0.00568117,0,0,0,0,0,0.469337,0.296943,0.3,0.3,0.3,0.3,0.3,0.754585,0.754585,0.754585,0.754585,0.754585,0.328593,0.3,0.958742,0.994626,0.983356,0,0.984425,0.985786,0.00198413,284,0.591198,0.3,0.3,0.577465,0.577465,84.5,8201.71,2840.86,-479.775,814.988,4297.98,2639.19,136.29,4.55144,23.8605,181.37,185.53,370.28,-139.758,93.0182,254.71,450.48
hpf_ca1__202242_002_edited.swc,29425,pyramidal,0.997906,23625,1483,4316,0,0,0,0,0,0,0,0,0,0,0.493719,0.310361,0.3,0.3,0.3,0.3,0.3,0.719626,0.719626,0.719626,0.719626,0.719626,0.406923,0.3,0.845714,0.996653,0.996653,0,0.795892,0.3,0.276877,481,0.649284,0.3,0.3,0.49896,0.513514,149,7884.93,4275.91,-250.002,1010.69,5620.28,2839.07,261.43,-10.1944,50.0958,208.71,211.46,673.67,-65.9537,109.065,1033.69,802.23
hpf_ca1__202242_004_edited.swc,11334,pyramidal,0.981441,8923,926,1484,0,0,0,0,0,0,0,0,0,0,0.502355,0.314401,0.3,0.3,0.3,0.3,0.3,0.707076,0.707076,0.707076,0.707076,0.707076,0.37091,0.3,0.89768,0.996653,0.996653,0,0.983938,0.985786,0.00269542,333,0.630942,0.3,0.3,0.51952,0.522523,88.6,8069.61,1609.13,154.743,308.537,1148.87,1304.55,160.59,12.4609,28.8715,159.75,156.22,249.74,-61.0587,46.3284,214.71,434
hpf_ca1__202242_006_edited.swc,25594,pyramidal,0.898283,24117,1476,0,0,0,0,0,0,0,0,0,0,0,0.804825,0.308467,0.3,0.3,0.3,0.3,0.993021,0.271861,0.271861,0.271861,0.271861,0.271861,0.793077,0.3,0.28851,0.996653,0.996653,0,0,0,0,638,0.913503,0.3,0.641764,0.122257,0.15047,110.9,8021.5,697.75,-27.3622,105.767,982.85,467.46,180.99,-4.77104,29.4052,296.39,180.9,0,0,0,0,0
hpf_ca1__202243_005_edited.swc,31496,pyramidal,0.995605,30368,1127,0,0,0,0,0,0,0,0,0,0,0,0.379369,0.219255,0.3,0.3,0.3,0.3,0.3,0.884081,0.884081,0.884081,0.884081,0.884081,0.358344,0.3,0.914186,0.945347,0.996653,0.0736469,0,0,0,1796,0.354824,0.3,0.3,0.919265,0.922049,36,8031.41,3836.67,-359.724,701.21,3158.75,1522.5,444.45,-9.19235,93.5071,365.61,292.97,0,0,0,0,0
hpf_ca1__202243_010_edited.swc,20445,pyramidal,0.99738,16201,1117,3126,0,0,0,0,0.000555132,0,0,0,0,0,0.484532,0.282941,0.3,0.3,0.3,0.3,0.3,0.692247,0.692247,0.692834,0.793348,0.829005,0.403177,0.3,0.85112,0.975254,0.991998,0.0304387,0.730656,0.3,0.109405,364,0.64112,0.3,0.3,0.42033,0.620879,128.7,7860.73,4315.32,-442.717,965.29,5643.72,2992.61,204.67,-35.8108,36.422,161.67,220.38,419.22,-21.3777,81.8596,378.68,523.89
hpf_ca1__202243_015_edited.swc,6058,pyramidal,0.992539,2342,1291,2424,0,0,0,0,0.0298369,0,0,0,0,0,0.704322,0.333886,0.3,0.3,0.3,0.3,0.985786,0.404259,0.404259,0.404259,0.404259,0.446352,0.320122,0.3,0.970965,0.996653,0.996653,0,0.91971,0.879919,0.0721947,150,0.899563,0.3,0.3,0.113333,0.126667,65.2,7821.26,1367.32,-235.307,335.405,1034.68,908.81,236.43,-23.7899,46.8472,175.72,195.46,362.33,-66.3282,78.2673,486.41,472.03
hpf_ca1__202244_004_edited.swc,18757,pyramidal,0.996988,15262,1771,1723,0,0,0,0,0.00458077,0,0,0,0,0,0.380245,0.204221,0.3,0.3,0.3,0.3,0.3,0.853015,0.875726,0.893053,0.902756,0.921789,0.302043,0.3,0.997052,0.532131,0.3,0.808018,0.916466,0.849875,0.0597795,308,0.519366,0.3,0.3,0.704545,0.727273,156.8,8230.41,2238.18,253.605,432.022,2701.01,1311.51,629.07,-72.2581,117.13,476.72,523.48,366.84,-76.2753,66.7695,285.25,489.38
hpf_ca1__202244_005_edited.swc,16774,pyramidal,0.997303,13775,1446,1552,0,0,0,0,0,0,0,0,0,0,0.493659,0.310587,0.3,0.3,0.3,0.3,0.3,0.720043,0.720043,0.720043,0.720043,0.720043,0.385879,0.3,0.87608,0.993763,0.996653,0.00414938,0.984002,0.985786,0.00257732,347,0.654533,0.3,0.3,0.489914,0.495677,114,8259.17,2206.95,368.407,572.284,2919.85,2193.11,149.4,19.4945,24.7619,165.02,418.79,253.34,-31.3529,36.648,250.54,513.59
hpf_ca1__202244_019_edited.swc,2467,pyramidal,0.976902,1601,865,0,0,0,0,0,0,0,0,0,0,0,0.721252,0.334424,0.3,0.3,0.3,0.3,0.993021,0.382651,0.382651,0.382651,0.409404,0.409404,0.623785,0.3,0.532792,0.901328,0.3,0.105202,0,0,0,40,0.879676,0.3,0.477311,0.15,0.175,109.3,8163.86,1103.12,327.495,344.935,834.89,412.79,130.98,13.3835,30.4587,160.2,291,0,0,0,0,0
hpf_ca1__202246_001_edited.swc,32941,pyramidal,0.997526,22162,8583,2195,0,0,0,0,0,0,0,0,0,0,0.545478,0.330712,0.3,0.3,0.3,0.3,0.3,0.644728,0.644728,0.644728,0.644728,0.644728,0.413654,0.3,0.835755,0.776477,0.3,0.311663,0.972975,0.985786,0.0186788,599,0.728328,0.3,0.3,0.378965,0.385643,128,8122.44,4315.74,-122.849,1055.78,5843.6,3141.27,847,47.1045,183.448,1392.03,727.83,284.33,-58.9754,50.844,294.46,446.3
hpf_ca1__202246_024_edited.swc,61272,pyramidal,0.995992,58002,3269,0,0,0,0,0,0,0,0,0,0,0,0.448214,0.2843,0.3,0.3,0.3,0.3,0.3,0.786297,0.786297,0.786297,0.786297,0.786297,0.433641,0.3,0.807162,0.706612,0.3,0.416335,0,0,0,2511,0.427034,0.3,0.3,0.815213,0.818399,58,8867.71,4049.83,-880.734,1275.12,5998.59,5299.18,575.23,31.0547,121.683,714.07,719.72,0,0,0,0,0
hpf_ca1__202246_025_edited.swc,31673,pyramidal,0.997272,28152,1261,2259,0,0,0,0,0,0,0,0,0,0,0.453031,0.287048,0.3,0.3,0.3,0.3,0.3,0.778676,0.778676,0.778676,0.778676,0.778676,0.38808,0.3,0.872904,0.996653,0.996653,0,0.958768,0.985786,0.039398,433,0.60782,0.3,0.3,0.554273,0.568129,166.2,8341.52,3831.82,-140.369,918.784,5614.91,3124.6,212.64,25.8672,41.8833,159.08,158.43,409.64,-38.3973,62.9092,301.2,568.93
hpf_ca1__202248_016_edited.swc,14839,pyramidal,0.997695,12249,1036,1553,0,0,0,0,0,0,0,0,0,0,0.478702,0.302609,0.3,0.3,0.3,0.3,0.3,0.741425,0.741425,0.741425,0.741425,0.741425,0.371345,0.3,0.897053,0.996653,0.996653,0,0.979604,0.985786,0.00901481,262,0.653254,0.3,0.3,0.492366,0.5,135.2,8717.01,3213.88,-70.7056,548.024,3620.1,1695.48,160.94,25.3856,36.1032,124.16,198.67,438.74,-141.036,92.4758,168.22,436.3
hpf_ca1__202248_022_edited.swc,13308,pyramidal,0.996906,10460,1173,1674,0,0,0,0,0,0,0,0,0,0,0.49459,0.310787,0.3,0.3,0.3,0.3,0.3,0.718365,0.718365,0.718365,0.718365,0.718365,0.360156,0.3,0.913193,0.994872,0.996653,0.00255754,0.983738,0.985786,0.00298686,355,0.570087,0.3,0.3,0.608451,0.611268,74,8018.48,2922.85,-70.5581,490.948,2920.29,1126.32,141.82,21.4672,32.9569,187.49,162.64,246.87,-71.9944,52.6344,277.75,471.4
hpf_ca1__202248_024_edited.swc,24732,pyramidal,0.997555,21178,1377,2176,0,0,0,0,0,0,0,0,0,0,0.428234,0.268563,0.3,0.3,0.3,0.3,0.3,0.81433,0.81433,0.81433,0.81433,0.81433,0.333967,0.3,0.950987,0.996653,0.996653,0,0.985729,0.985679,0,449,0.549357,0.3,0.3,0.639198,0.641425,101,7598.1,3313.87,-1389.49,734.873,4328.39,5441.89,221.19,1.2589,44.7616,164.49,200.47,468.71,57.5929,85.1767,380.42,405.88
hpf_ca1__202249_008_edited.swc,24715,pyramidal,0.996935,21894,1016,1804,0,0,0,0,0,0,0,0,0,0,0.431278,0.271093,0.3,0.3,0.3,0.3,0.3,0.810034,0.810034,0.810034,0.810034,0.810034,0.360047,0.3,0.913355,0.996653,0.996653,0,0.977043,0.985786,0.0127494,296,0.63822,0.3,0.3,0.52027,0.523649,186.5,8985.5,4611.12,-167.255,1147.3,5489.75,3170.76,180.19,40.6429,39.1753,164.11,197.1,397.14,-119.749,92.8481,232.57,360.3
hpf_ca1__202250_004_edited.swc,30531,pyramidal,0.997969,28088,1060,1382,0,0,0,0,0.00135364,0,0,0,0,0,0.380956,0.221839,0.3,0.3,0.3,0.3,0.3,0.882382,0.882382,0.882382,0.882382,0.885199,0.336393,0.3,0.947486,0.944076,0.996653,0.0754717,0.854295,0.3,0.178726,776,0.37687,0.3,0.3,0.887887,0.890464,105,8209.08,4174.87,368.659,1155.52,5287.93,3558.74,278.19,21.2197,52.0926,246.16,142.77,424.16,-75.2787,89.2292,518.33,488.29
hpf_ca1__202252_002_edited.swc,25003,pyramidal,0.906297,20040,4962,0,0,0,0,0,0,0,0,0,0,0,0.534999,0.324009,0.3,0.3,0.3,0.3,0.3,0.654042,0.654042,0.654042,0.654042,0.684918,0.515895,0.3,0.688473,0.612063,0.3,0.515115,0,0,0,1262,0.545528,0.3,0.3,0.641046,0.642631,44,3526.26,1088.16,144.217,209.253,1914.94,1015.01,750.03,2.92542,125.643,1217.35,1009.12,0,0,0,0,0
hpf_ca1__202252_010_edited.swc,11173,pyramidal,0.997842,8576,1050,1546,0,0,0,0,0,0,0,0,0,0,0.543561,0.330209,0.3,0.3,0.3,0.3,0.3,0.647633,0.647633,0.647633,0.647633,0.647633,0.411113,0.3,0.839669,0.996653,0.996653,0,0.970261,0.985786,0.0226391,229,0.790714,0.3,0.3,0.28821,0.296943,102.6,3202.27,2969.14,-485.084,755.718,3623.65,2311.33,122.11,-9.87375,23.8903,144.97,140.46,288.16,74.3351,64.3138,270.62,371.63
hpf_ca1__202258_033_edited.swc,32563,pyramidal,0.997933,30581,1981,0,0,0,0,0,0,0,0,0,0,0,0.535367,0.32594,0.3,0.3,0.3,0.3,0.3,0.6547,0.656021,0.663145,0.66766,0.66766,0.511843,0.3,0.69432,0.898284,0.671603,0.182231,0,0,0,1100,0.604816,0.3,0.3,0.563636,0.583636,69,8589.25,4848.25,-446.02,1250.59,6375.63,3457.84,437.61,6.15167,92.8075,226.3,388.54,0,0,0,0,0
hpf_ca1__202259_054_edited.swc,26126,pyramidal,0.997366,24681,567,877,0,0,0,0,0,0,0,0,0,0,0.363155,0.199216,0.3,0.3,0.3,0.3,0.3,0.908673,0.908673,0.908673,0.908673,0.908673,0.329509,0.3,0.957417,0.996653,0.996653,0,0.899764,0.3,0.125428,337,0.500139,0.3,0.3,0.715134,0.718101,173.2,8819.57,4022.31,-2194.22,1222.67,5269.17,3746.48,158.44,21.0071,30.5812,59.48,145.24,454.51,-196.951,120.239,224.42,338.66
hpf_ca1__202259_063_edited.swc,85190,pyramidal,0.99792,81671,1462,2056,0,0,0,0,0.000872899,0,0,0,0,0,0.359663,0.194167,0.3,0.3,0.3,0.3,0.3,0.913722,0.913722,0.913722,0.913722,0.913722,0.334646,0.3,0.950007,0.989774,0.978082,0.00683995,0.905048,0.3,0.117704,2021,0.418522,0.3,0.3,0.827808,0.829787,113,8961.24,5085.41,-1890.69,1221.73,6467,4095.95,191.31,23.4959,40.6054,243.72,253.88,543.9,-215.883,150.211,305.75,845.06
hpf_ca1__202259_070_edited.swc,55269,pyramidal,0.997738,52191,1203,1874,0,0,0,0,0,0,0,0,0,0,0.356939,0.190039,0.3,0.3,0.3,0.3,0.3,0.917621,0.917621,0.917621,0.917621,0.917621,0.321311,0.3,0.969248,0.994916,0.996653,0.00249377,0.9393,0.985786,0.0677695,842,0.429032,0.3,0.3,0.814727,0.81829,174,8779.92,4127.28,-1960.81,1122.72,6087.63,4710.34,176.55,11.4541,32.5577,196.37,284.58,516.66,-196.878,131.184,425.97,604.61
hpf_ca1__202259_079_edited.swc,54665,pyramidal,0.997578,52137,122,2405,0,0,0,0,0,0,0,0,0,0,0.361051,0.195978,0.3,0.3,0.3,0.3,0.3,0.911534,0.911534,0.911534,0.911534,0.911534,0.340488,0.3,0.941577,0.996653,0.996653,0,0.77431,0.3,0.306861,718,0.461175,0.3,0.3,0.766017,0.774373,197,8763.32,5338.24,-1802.99,1231.35,7523.95,4065.68,54.09,13.1492,14.7206,57.4,130.85,727.41,-212.679,168.848,385.01,924.31
hpf_ca1__202259_108_edited.swc,37319,interneuron,0.518084,35782,1536,0,0,0,0,0,0,0,0,0,0,0,0.351298,0.173567,0.3,0.3,0.3,0.3,0.3,0.919666,0.919666,0.919666,0.919666,0.919666,0.333351,0.3,0.947879,0.768962,0.3,0.263021,0,0,0,759,0.374961,0.3,0.3,0.886693,0.888011,118.2,8635.41,2292.64,959.995,598.413,2070.13,2773.71,252,-78.8426,63.4538,434.39,415.9,0,0,0,0,0
hpf_ca1__202261_006_edited.swc,48601,pyramidal,0.996407,45456,1105,2039,0,0,0,0,0.000596642,0,0,0,0,0,0.394455,0.237493,0.3,0.3,0.3,0.3,0.3,0.863418,0.863418,0.863418,0.863418,0.863418,0.359078,0.3,0.914753,0.99513,0.996653,0,0.857306,0.3,0.187347,651,0.555129,0.3,0.3,0.632873,0.637481,200,8665.72,4928.43,-1515.43,1297.63,6665.37,4054.06,169.64,14.9951,29.6784,140.18,305.49,406.34,-132.619,96.399,313.44,456.83
hpf_ca1__202261_023_edited.swc,38659,pyramidal,0.99758,36720,640,1298,0,0,0,0,0.00108616,0,0,0,0,0,0.361708,0.190867,0.3,0.3,0.3,0.3,0.3,0.9038,0.9038,0.9038,0.905248,0.930624,0.33667,0.3,0.947086,0.996653,0.996653,0,0.756442,0.3,0.125578,621,0.437583,0.3,0.3,0.792271,0.800322,153,8495.01,4328.46,-1429.29,1197.69,6109.6,4004.28,191.85,-6.52072,36.251,175.42,234.74,313.53,-103.843,80.5128,269.23,385.75
hpf_ca1__202261_116_edited.swc,27094,pyramidal,0.956192,24504,2589,0,0,0,0,0,0,0,0,0,0,0,0.68191,0.339387,0.3,0.3,0.3,0.3,0.993021,0.437182,0.437182,0.437182,0.469181,0.47206,0.661244,0.3,0.478738,0.877387,0.733192,0.0440324,0,0,0,628,0.736236,0.3,0.3,0.359873,0.423567,105,8813.52,1008.49,23.1945,157.968,550.64,771.85,429.29,19.2386,89.0227,287.96,472.99,0,0,0,0,0
hpf_ca1__202264_036_edited.swc,45110,pyramidal,0.997716,41491,1220,2398,0,0,0,0,0,0,0,0,0,0,0.356391,0.189049,0.3,0.3,0.3,0.3,0.3,0.918289,0.918289,0.918289,0.918289,0.918289,0.306314,0.3,0.99089,0.996653,0.996653,0,0.896846,0.3,0.129691,544,0.478526,0.3,0.3,0.740809,0.740809,220.2,9673.58,4768.29,-3239.35,735.908,6523.2,4449.99,241.91,25.428,46.6717,128.03,273.8,538.64,-287.684,160.091,216.16,397.59
hpf_ca1__202266_009_edited.swc,37480,pyramidal,0.997854,33298,1946,2235,0,0,0,0,0,0,0,0,0,0,0.378203,0.218999,0.3,0.3,0.3,0.3,0.3,0.8869,0.8869,0.8869,0.8869,0.8869,0.308575,0.3,0.987627,0.996653,0.996653,0,0.876793,0.3,0.158837,394,0.557599,0.3,0.3,0.63198,0.63198,247.4,9692.74,4106.57,-2256.79,1522.03,7355.27,2982.6,197.64,15.0529,37.4225,268.22,370.04,586.03,-285.674,173.29,341.52,328.47
hpf_ca1__202271_141_edited.swc,64088,pyramidal,0.99621,60320,3767,0,0,0,0,0,0,0,0,0,0,0,0.537293,0.328973,0.3,0.3,0.3,0.3,0.3,0.657767,0.657767,0.657767,0.657767,0.657767,0.528012,0.3,0.670988,0.685776,0.3,0.446244,0,0,0,1793,0.539156,0.3,0.3,0.656999,0.667596,85,9305.33,1374.44,-118.265,146.645,1439.53,2556.41,513.57,69.858,113.121,718.42,526.39,0,0,0,0,0
hpf_ca1__202271_146_edited.swc,15617,pyramidal,0.996889,13019,624,1973,0,0,0,0,0.00228567,0,0,0,0,0,0.456356,0.288651,0.3,0.3,0.3,0.3,0.3,0.773132,0.773132,0.773132,0.773132,0.773132,0.350304,0.3,0.927414,0.996653,0.996653,0,0.984997,0.985786,0,272,0.643087,0.3,0.3,0.5,0.511029,118.8,9738.08,4121.21,-640.794,957.95,4607.33,1976.93,189.54,47.5417,32.1386,131.74,169.29,579.67,-254.69,175.386,238.02,246.33
hpf_ca1__202271_179_edited.swc,22142,pyramidal,0.989787,20270,1871,0,0,0,0,0,0,0,0,0,0,0,0.738788,0.3343,0.3,0.3,0.3,0.3,0.993021,0.367266,0.367266,0.367266,0.367266,0.367266,0.718445,0.3,0.396201,0.959047,0.996653,0.0539818,0,0,0,597,0.824449,0.3,0.3,0.247906,0.283082,104.4,9590.84,1124.47,-104.138,172.376,992.55,1135.4,383.96,-17.1082,72.8743,288.21,290.8,0,0,0,0,0
hpf_ca1__202272_102_edited.swc,43119,pyramidal,0.99786,39097,1601,2420,0,0,0,0,0,0,0,0,0,0,0.392428,0.235231,0.3,0.3,0.3,0.3,0.3,0.866254,0.866254,0.866254,0.866254,0.866254,0.331959,0.3,0.953884,0.996653,0.996653,0,0.96935,0.985786,0.0239669,509,0.540144,0.3,0.3,0.656189,0.662083,198.2,9416.26,4682.09,-910.465,1356.51,7041.8,3276.54,267.48,36.7127,46.9118,219.28,264.85,470.06,-194.169,118.693,491.3,402.77
hpf_ca1__202273_055_edited.swc,41730,pyramidal,0.993909,39163,969,1597,0,0,0.0382698,0.0382698,0.00054016,0,-0.0382698,0.0382698,0.0382698,0,0.34991,0.17417,0.3,0.3,0.3,0.3,0.3,0.922717,0.922717,0.922717,0.933741,0.941121,0.329959,0.3,0.95677,0.848039,0.3,0.21259,0.536524,0.3,0.519098,694,0.381882,0.3,0.3,0.873199,0.896254,156.7,8581.12,3992.79,-1368.59,1327.12,5953.85,3571.25,289.25,56.3477,67.9665,443.51,591.44,369.67,-45.0541,72.3913,554.37,544.47
hpf_ca1__202274_087_edited.swc,20785,pyramidal,0.997222,18306,605,1873,0,0,0,0,0,0,0,0,0,0,0.383276,0.224557,0.3,0.3,0.3,0.3,0.3,0.879096,0.879096,0.879096,0.879096,0.879096,0.305148,0.3,0.992571,0.996653,0.996653,0,0.948407,0.985157,0.0544581,165,0.72701,0.3,0.3,0.375758,0.381818,401.2,8695.3,3770.32,-2190.08,899.654,4127.88,4186.79,137.63,7.75347,26.4607,149.58,188.16,376.2,-175.934,99.8762,243.48,486.23
hpf_ca1__202274_093_edited.swc,35235,pyramidal,0.997913,32835,1157,1242,0,0,0,0,0,0,0,0,0,0,0.365501,0.202619,0.3,0.3,0.3,0.3,0.3,0.905378,0.905378,0.905378,0.905378,0.905378,0.326108,0.3,0.962327,0.996653,0.996653,0,0.818481,0.3,0.243961,372,0.537493,0.3,0.3,0.66129,0.663978,238,9003.55,3637.04,-2019.46,1055.18,6575.93,4103.66,210.03,17.2241,37.4292,116.62,115.95,351.29,-178.104,100.905,212.51,586.31
hpf_ca1__202274_126_edited.swc,8387,pyramidal,0.995366,5495,626,2265,0,0,0.270061,0.270061,0.0495688,0,-0.270061,0.270061,0.270061,0,0.686385,0.318284,0.3,0.3,0.3,0.3,0.824246,0.395016,0.395016,0.395016,0.403124,0.59163,0.659311,0.3,0.481529,0.888705,0.3,0.154952,0.696012,0.3,0.251656,277,0.72679,0.3,0.3,0.33935,0.379061,88.4,8683.46,870.31,171.036,173.835,954.37,1084.11,231.31,19.1274,45.8601,249.31,179.26,655.19,130,137.358,533.77,559.53
hpf_ca1__202392_001_edited.swc,34301,pyramidal,0.995645,32272,989,1039,0,0,0,0,0,0,0,0,0,0,0.369827,0.208478,0.3,0.3,0.3,0.3,0.3,0.899128,0.899128,0.899128,0.899128,0.899128,0.334359,0.3,0.950421,0.996653,0.996653,0,0.874239,0.3,0.162656,523,0.460079,0.3,0.3,0.768642,0.774379,179.6,9736.83,4927.26,-1779.02,1823.4,5978.92,2769.72,140.9,35.591,27.248,203.17,330.95,382.32,-209.067,88.6524,259.35,430.33
hpf_ca1__202392_002_edited.swc,62170,pyramidal,0.997587,57970,1898,2301,0,0,0,0,0,0,0,0,0,0,0.357006,0.190132,0.3,0.3,0.3,0.3,0.3,0.917516,0.917516,0.917516,0.917516,0.917516,0.311094,0.3,0.983992,0.996653,0.996653,0,0.985783,0.985786,0,746,0.488345,0.3,0.3,0.729223,0.729223,217,9561.81,4670.61,-1725.77,1675.52,8070.05,5442.18,178.13,24.2237,31.772,228.52,293.58,561.34,-261.766,157.88,269.31,569.22
hpf_ca1__202393_002_edited.swc,59225,pyramidal,0.997641,54275,1640,3309,0,0,0,0,0.000549167,0,0,0,0,0,0.38961,0.232071,0.3,0.3,0.3,0.3,0.3,0.870241,0.870241,0.870241,0.870241,0.870241,0.338638,0.3,0.944247,0.994925,0.996653,0,0.925474,0.985679,0.087942,603,0.537781,0.3,0.3,0.66335,0.666667,281.8,9733.98,5251.43,-1516.17,1700.12,7643.48,4448.68,384.08,-8.23486,78.665,238.99,303.66,571.33,-253.092,140.513,331.31,365.53
hpf_ca1__202396_035_edited.swc,48891,pyramidal,0.997764,46010,1104,1776,0,0,0,0,0,0,0,0,0,0,0.355455,0.18773,0.3,0.3,0.3,0.3,0.3,0.91974,0.91974,0.91974,0.91974,0.91974,0.317307,0.3,0.975027,0.996653,0.996653,0,0.9448,0.985157,0.0596847,642,0.453048,0.3,0.3,0.777259,0.780374,202.7,9043.93,4353.68,-1454.49,1426.93,7905.96,4450.87,169.62,24.6067,36.2862,146.01,180.02,368.34,-138.972,89.482,499.37,518.99
hpf_ca1__202396_051_edited.swc,44449,pyramidal,0.996088,41166,1235,2047,0,0,0,0,0,0,0,0,0,0,0.373244,0.212704,0.3,0.3,0.3,0.3,0.3,0.893991,0.893991,0.893991,0.893991,0.893991,0.325033,0.3,0.963878,0.996653,0.996653,0,0.966348,0.985786,0.0283341,651,0.494289,0.3,0.3,0.72043,0.723502,169,9684.47,4443.49,-1847.74,1516.45,6502.97,3861.7,188.36,28.1452,36.28,229.67,210.82,656.84,-309.254,192.279,256.61,363.03
hpf_ca1__202396_173_edited.swc,75572,pyramidal,0.996468,70686,4885,0,0,0,0,0,0.001103,0,0,0,0,0,0.338026,0.136877,0.3,0.3,0.3,0.3,0.3,0.918409,0.942651,0.957855,0.96811,0.97245,0.320314,0.3,0.970687,0.594185,0.3,0.772364,0,0,0,965,0.416909,0.3,0.3,0.870466,0.893264,210.2,9080.31,4238.19,-2031.32,1148.79,5756.12,4339.87,697.18,-124.785,168.932,332.52,868.18,0,0,0,0,0
hpf_ca1__202396_184_edited.swc,45900,pyramidal,0.997795,43446,754,1699,0,0,0,0,0.000234682,0,0,0,0,0,0.33585,0.145765,0.3,0.3,0.3,0.3,0.3,0.942179,0.942179,0.942179,0.942179,0.971808,0.308215,0.3,0.988146,0.996653,0.996653,0,0.748871,0.3,0.185403,480,0.412427,0.3,0.3,0.81875,0.827083,264.1,9572.89,5003.7,-3209.19,783.093,5676.56,3961.34,185.16,58.8656,40.8098,149.35,151.82,539.02,-257.52,125.694,197.6,343.76
hpf_ca1__202399_012_edited.swc,47774,pyramidal,0.998014,43520,1605,2648,0,0,0,0,0,0,0,0,0,0,0.37534,0.215349,0.3,0.3,0.3,0.3,0.3,0.890945,0.890945,0.890945,0.890945,0.890945,0.319635,0.3,0.971668,0.996219,0.996653,0.000623053,0.914307,0.3,0.10423,722,0.474976,0.3,0.3,0.746537,0.752078,171.6,9775.43,4623.61,-1627.21,1719.52,6207.74,3657.54,107.36,34.3077,22.0864,184.08,394.06,441.3,-261.512,114.769,334.83,484.91
hpf_ca1__202400_008_edited.swc,18099,pyramidal,0.997366,15626,1164,1308,0,0,0,0,0,0,0,0,0,0,0.396698,0.239719,0.3,0.3,0.3,0.3,0.3,0.860048,0.860048,0.860048,0.860048,0.860048,0.303371,0.3,0.995136,0.987077,0.996653,0.0137457,0.985786,0.985786,0,194,0.626606,0.3,0.3,0.525773,0.525773,240,9140.69,3433.4,-2303.29,1246.53,6232.48,4119.81,183.37,17.2772,28.107,169.28,239.56,344.88,-141.25,82.2161,132.62,397.93
hpf_ca1__202400_018_edited.swc,74049,pyramidal,0.997865,69903,1266,2879,0,0,0,0,0,0,0,0,0,0,0.36011,0.194701,0.3,0.3,0.3,0.3,0.3,0.912977,0.912977,0.912977,0.912977,0.912977,0.324845,0.3,0.96415,0.996653,0.996653,0,0.936236,0.985786,0.0722473,955,0.455328,0.3,0.3,0.773822,0.780105,216,9243.75,4775.06,-2149.21,1366.7,6926.28,5499.24,184.54,12.1224,29.4806,284.04,225.81,393.11,-141.885,84.552,282.92,475.91
hpf_ca1__202400_033_edited.swc,66082,pyramidal,0.997816,62131,1354,2596,0,0,0,0,0,0,0,0,0,0,0.342923,0.166679,0.3,0.3,0.3,0.3,0.3,0.937805,0.937805,0.937805,0.937805,0.937805,0.305042,0.3,0.992725,0.996653,0.996653,0,0.908332,0.3,0.112866,853,0.414881,0.3,0.3,0.832356,0.835873,216,9306.91,4285.85,-2213.07,1270.69,7004.17,5249.04,174.05,13.547,27.262,282.76,216.65,372.66,-132.865,80.9926,328.42,735.12
hpf_ca1__202400_049_edited.swc,14459,pyramidal,0.996712,11822,985,1651,0,0,0,0,0,0,0,0,0,0,0.496558,0.311753,0.3,0.3,0.3,0.3,0.3,0.71554,0.71554,0.71554,0.71554,0.71554,0.386525,0.3,0.875148,0.996653,0.996653,0,0.985786,0.985786,0,415,0.592065,0.3,0.3,0.578313,0.578313,82,9427.44,831.04,-203.052,185.327,1551.92,1759.04,144.25,45.7556,32.7062,204.46,179.15,368.16,-203.016,102.931,185.34,504.07
hpf_ca1__202400_117_edited.swc,21137,pyramidal,0.99794,18897,829,1410,0,0,0,0,0,0,0,0,0,0,0.402988,0.237734,0.3,0.3,0.3,0.3,0.3,0.840375,0.840375,0.840375,0.840375,0.898283,0.341698,0.3,0.939832,0.996653,0.996653,0,0.874936,0.849285,0.00212766,302,0.596838,0.3,0.3,0.543046,0.543046,151.8,9250.71,3834.96,-2342.7,1173.56,6525.18,4580.41,125.85,16.147,26.6146,179.04,150.68,450.66,-197.77,122.659,249.77,424.77
hpf_ca1__202401_144_edited.swc,50041,pyramidal,0.997934,44963,1443,3634,0,0,0,0,0,0,0,0,0,0,0.412669,0.255163,0.3,0.3,0.3,0.3,0.3,0.836834,0.836834,0.836834,0.836834,0.836834,0.348844,0.3,0.92952,0.996653,0.996653,0,0.97031,0.985786,0.0225647,593,0.554038,0.3,0.3,0.63575,0.645868,226,9536.3,4794.39,-1192.22,1675.07,7158.45,5034.2,288.14,19.6808,50.4058,199.98,303.81,462,-199.104,116.804,275.84,339.89
hpf_ca1__202401_205_edited.swc,68375,pyramidal,0.984293,61969,2691,3714,0,0,0,0,0.00117335,0,0,0,0,0,0.368903,0.205915,0.3,0.3,0.3,0.3,0.3,0.899656,0.899656,0.899656,0.899656,0.903166,0.315086,0.3,0.978231,0.834105,0.3,0.219621,0.929612,0.985157,0.0815832,1101,0.449258,0.3,0.3,0.784741,0.786558,163,9792.96,4911.81,-1786.77,1348.61,6376.14,4368.08,458.32,-49.8286,89.0421,443.72,1306.53,656.39,-336.022,221.18,370.24,913.93
hpf_ca1__202401_229_edited.swc,63673,pyramidal,0.997667,59508,2103,2061,0,0,0,0,0,0,0,0,0,0,0.353221,0.184407,0.3,0.3,0.3,0.3,0.3,0.923107,0.923107,0.923107,0.923107,0.923107,0.313358,0.3,0.980725,0.996653,0.996653,0,0.847354,0.3,0.201844,669,0.467455,0.3,0.3,0.759342,0.760837,245,9744.82,4783.52,-1440.41,1708.86,6706.05,5398.29,150.65,40.446,26.2224,247.23,352.68,591.02,-245.004,161.051,334.78,214.56
hpf_ca1__202402_015_edited.swc,40277,pyramidal,0.997866,37444,768,2064,0,0,0,0,0,0,0,0,0,0,0.367211,0.204635,0.3,0.3,0.3,0.3,0.3,0.902624,0.902624,0.902624,0.902624,0.902624,0.323154,0.3,0.96659,0.996653,0.996653,0,0.93196,0.985786,0.0784884,423,0.518315,0.3,0.3,0.685579,0.690307,253.2,9057.88,4132.11,-1811.4,1426.48,7436.41,5367.45,169.49,20.328,31.864,148.85,188.51,309.08,-139.361,68.9497,335.77,481.19
hpf_ca1__202402_016_edited.swc,15991,pyramidal,0.997492,13749,676,1565,0,0,0,0,0,0,0,0,0,0,0.400744,0.24358,0.3,0.3,0.3,0.3,0.3,0.853918,0.853918,0.853918,0.853918,0.853918,0.311442,0.3,0.98349,0.996653,0.996653,0,0.927505,0.985786,0.084984,175,0.65743,0.3,0.3,0.48,0.485714,195.8,9106.15,3433.14,-2444.61,837.478,5291.78,4279.39,113.82,31.7444,24.0001,159.39,140.45,446.06,-185.507,101.91,242.6,639.2
hpf_ca1__202402_025_edited.swc,52984,pyramidal,0.997202,50080,2903,0,0,0,0,0,0,0,0,0,0,0,0.323129,0.124599,0.3,0.3,0.3,0.3,0.3,0.966688,0.966688,0.966688,0.966688,0.966688,0.305148,0.3,0.992572,0.633105,0.3,0.520496,0,0,0,521,0.371825,0.3,0.3,0.894434,0.898273,295,9026.87,3344.7,-2342.3,648.979,6656.64,4672.19,570.72,-165.952,160.721,322.78,735.17,0,0,0,0,0
hpf_ca1__202402_054_edited.swc,42176,pyramidal,0.997901,37501,1681,2993,0,0,0,0,0.0046315,0,0,0,0,0,0.434056,0.27301,0.3,0.3,0.3,0.3,0.3,0.805719,0.805719,0.805719,0.805719,0.805719,0.367471,0.3,0.902643,0.990646,0.973774,0,0.955541,0.985786,0.0441029,706,0.557082,0.3,0.3,0.628895,0.637394,159,8869.7,5077.13,-1007.87,1449.86,7650.12,4282.22,240.44,-5.11237,47.9591,209.64,276.56,518.5,-140.001,97.161,297.58,432.67
hpf_ca1__202403_125_edited.swc,85402,pyramidal,0.997812,80897,1719,2785,0,0,0,0,0,0,0,0,0,0,0.354814,0.186874,0.3,0.3,0.3,0.3,0.3,0.920775,0.920775,0.920775,0.920775,0.920775,0.326685,0.3,0.961494,0.996653,0.996653,0,0.775495,0.3,0.306643,870,0.41564,0.3,0.3,0.834483,0.845977,222,9556.23,4977.52,-554.133,1332.19,4824.28,3141.98,169.93,39.0091,32.8578,140.45,353.81,497.72,-277.982,113.097,348.42,475.07
hpf_ca1__202403_126_edited.swc,104418,pyramidal,0.997599,99686,1854,2877,0,0,0,0,0,0,0,0,0,0,0.344414,0.169592,0.3,0.3,0.3,0.3,0.3,0.935816,0.935816,0.935816,0.935816,0.935816,0.32071,0.3,0.970116,0.987635,0.996653,0.012945,0.750993,0.3,0.342371,1010,0.393854,0.3,0.3,0.869307,0.875248,241.1,9557.19,5122.19,-642.503,1372.68,5009.81,2976.57,155.73,50.6874,30.3974,192.44,391.76,463.79,-223.695,114.55,382.38,410.39
hpf_ca1__202403_129_edited.swc,119979,pyramidal,0.997228,113284,6510,184,0,0,0,0,0.000138252,0,0,0,0,0,0.347106,0.171066,0.3,0.3,0.3,0.3,0.3,0.928821,0.928846,0.929613,0.930663,0.942532,0.321442,0.3,0.96906,0.775566,0.3,0.269585,0.985157,0.985157,0,1060,0.404199,0.3,0.3,0.849057,0.857547,268.1,9366.36,4256.3,-1201.5,1285.72,8599.21,3923.09,651.41,-118.259,146.587,934.15,1377.39,188.24,-109.563,68.6598,276.85,141.75
hpf_ca1__202404_038_edited.swc,95209,pyramidal,0.988575,90635,2992,1581,0,0,0,0,0,0,0,0,0,0,0.48875,0.305558,0.3,0.3,0.3,0.3,0.3,0.718913,0.727568,0.734689,0.73491,0.73491,0.470382,0.3,0.754146,0.988038,0.996653,0.0123663,0.596522,0.555726,0.986717,4220,0.486908,0.3,0.3,0.734834,0.737915,52,9429.99,4263.28,-1464.97,1517.92,6458.45,5042.55,339.7,26.6033,57.657,570.56,570.96,285.47,-109.016,75.5552,443.18,446.98
hpf_ca1__202404_041_edited.swc,53487,pyramidal,0.99789,47677,2161,3648,0,0,0,0,0,0,0,0,0,0,0.419812,0.261661,0.3,0.3,0.3,0.3,0.3,0.826668,0.826668,0.826668,0.826668,0.826668,0.354567,0.3,0.921262,0.991495,0.996653,0.00740398,0.933712,0.985786,0.075932,628,0.579445,0.3,0.3,0.601911,0.613057,221.3,8966.75,4112.96,-1092.47,1360.12,7056.33,4644.29,283.26,1.23466,50.3091,266.15,435.44,308.08,-65.028,55.1375,288.2,617.03
hpf_ca1__202409_001_edited.swc,60887,pyramidal,0.996606,57665,3221,0,0,0,0,0,0,0,0,0,0,0,0.384186,0.221822,0.3,0.3,0.3,0.3,0.3,0.870498,0.872534,0.882109,0.886462,0.886462,0.356353,0.3,0.918686,0.882291,0.654651,0.227569,0,0,0,2006,0.37917,0.3,0.3,0.890828,0.898305,72.5,7866.21,4507.71,-471.845,1020.39,4988.55,5591,665.99,21.6558,172.117,593.56,521.37,0,0,0,0,0
hpf_ca1__202409_003_edited.swc,23409,pyramidal,0.992017,22502,906,0,0,0,0,0,0,0,0,0,0,0,0.639979,0.346564,0.3,0.3,0.3,0.3,0.3,0.50959,0.50959,0.50959,0.50959,0.50959,0.630834,0.3,0.52262,0.866704,0.3,0.186534,0,0,0,427,0.77076,0.3,0.3,0.334895,0.355972,134.4,7345.94,1895.63,-76.4244,329.031,1235.95,593.14,415.54,6.54212,84.883,336.17,198.32,0,0,0,0,0
hpf_ca1__202410_002_edited.swc,27576,pyramidal,0.992661,26126,1449,0,0,0,0,0,0,0,0,0,0,0,0.62078,0.34566,0.3,0.3,0.3,0.3,0.3,0.537279,0.537279,0.537279,0.537279,0.537279,0.600063,0.3,0.567021,0.994051,0.989047,0.00138026,0,0,0,692,0.695481,0.3,0.3,0.439306,0.455202,100.9,4498.74,1511.13,-98.1553,223.066,1862.98,1253.58,255.57,8.92616,52.0453,377.83,319.99,0,0,0,0,0
hpf_ca1__202410_008_edited.swc,18551,pyramidal,0.992047,14024,1752,2774,0,0,0,0,0.00872352,0,0,0,0,0,0.497275,0.310176,0.3,0.3,0.3,0.3,0.3,0.71166,0.71166,0.71166,0.71166,0.717859,0.341016,0.3,0.940816,0.99546,0.996653,0.00171233,0.972419,0.915509,0.00180245,279,0.731996,0.3,0.3,0.376344,0.379928,187.2,4747.05,2166.47,-54.4724,497.232,1680.57,960.29,310.89,11.7845,71.8389,335.43,299.98,445.76,-38.4984,67.8358,435.99,750.34
hpf_ca1__202410_011_edited.swc,46236,pyramidal,0.984091,44432,1803,0,0,0,0,0,0,0,0,0,0,0,0.538058,0.329251,0.3,0.3,0.3,0.3,0.3,0.656696,0.656696,0.656696,0.656696,0.656696,0.519439,0.3,0.683359,0.996653,0.996653,0,0,0,0,2215,0.579358,0.3,0.3,0.595937,0.599549,52,4374.57,2519.08,-118.151,469.183,2358.1,1322.97,240.43,-18.2808,55.2548,248.3,328.49,0,0,0,0,0
hpf_ca1__202410_017_edited.swc,26447,pyramidal,0.991135,25380,1066,0,0,0,0,0,0,0,0,0,0,0,0.616142,0.345325,0.3,0.3,0.3,0.3,0.3,0.544031,0.544031,0.544031,0.544031,0.544031,0.600145,0.3,0.566903,0.996653,0.996653,0,0,0,0,560,0.718297,0.3,0.3,0.4,0.430357,114,4134.88,1614.2,-97.4451,232.11,956.67,1156.51,277.44,27.4166,61.0103,310.23,238.29,0,0,0,0,0
hpf_ca1__202411_004_edited.swc,17173,pyramidal,0.996515,13245,393,3534,0,0,0,0,0.0133498,0,0,0,0,0,0.455841,0.275047,0.3,0.3,0.3,0.3,0.3,0.752518,0.752518,0.752518,0.788389,0.824375,0.331499,0.3,0.954549,0.996653,0.996653,0,0.861565,0.728215,0.0792303,325,0.652854,0.3,0.3,0.44,0.504615,129.6,4851.26,3332.62,206.763,803.656,1675.02,708.62,130.79,41.4553,32.0166,169.96,120.14,433.38,-3.55248,82.4636,415.54,698.78
hpf_ca1__202411_007_edited.swc,18419,pyramidal,0.996631,15849,427,2142,0,0,0,0,0.00367912,0,0,0,0,0,0.434975,0.265964,0.3,0.3,0.3,0.3,0.3,0.791737,0.792008,0.796514,0.812585,0.833379,0.355058,0.3,0.919995,0.996653,0.996653,0,0.914062,0.775527,0.0420168,382,0.553865,0.3,0.3,0.615183,0.657068,116.9,3737.66,4060.38,-423.018,831.038,4471.87,1668.26,100.89,-35.5562,29.3352,115.08,104.31,496.13,-12.8005,78.0693,359.46,402.85
hpf_ca1__202412_006_edited.swc,9590,pyramidal,0.988008,7117,1049,1423,0,0,0,0,0,0,0,0,0,0,0.513394,0.319225,0.3,0.3,0.3,0.3,0.3,0.691137,0.691137,0.691137,0.691137,0.691137,0.350733,0.3,0.926795,0.994661,0.996653,0.00285987,0.97181,0.985786,0.0203795,148,0.808112,0.3,0.3,0.263514,0.27027,99,9552.94,3689.25,-1359.96,1374.02,5586.31,2977.56,194.77,11.2993,36.7659,167.35,256.95,520.32,-253.263,150.215,212.82,425.81
hpf_ca1__202412_007_edited.swc,78218,pyramidal,0.947128,75711,2506,0,0,0,0,0,0,0,0,0,0,0,0.325084,0.122088,0.3,0.3,0.3,0.3,0.3,0.954013,0.970403,0.970403,0.970403,0.970403,0.310966,0.3,0.984177,0.751364,0.570907,0.554669,0,0,0,451,0.427202,0.3,0.3,0.858093,0.86031,438,9593.09,4561.84,-2222.26,1243.33,7820.3,4381.91,580,-80.9598,159.145,219.43,559.46,0,0,0,0,0
hpf_ca1__202412_009_edited.swc,36311,pyramidal,0.997814,33801,939,1570,0,0,0,0,0,0,0,0,0,0,0.37655,0.216962,0.3,0.3,0.3,0.3,0.3,0.88929,0.88929,0.88929,0.88929,0.88929,0.335614,0.3,0.948611,0.994428,0.996653,0.00319489,0.887941,0.3,0.142675,381,0.487981,0.3,0.3,0.727034,0.742782,236,9588.49,4051.61,-1898.38,1526.14,7807.95,4202.04,242.98,37.6222,39.0734,193.09,229.6,522.89,-235.115,135.64,219.79,288.08
hpf_ca1__202412_013_edited.swc,38894,pyramidal,0.997949,36700,827,1366,0,0,0,0,0,0,0,0,0,0,0.369577,0.208004,0.3,0.3,0.3,0.3,0.3,0.899368,0.899368,0.899368,0.899368,0.899368,0.333801,0.3,0.951226,0.996653,0.996653,0,0.950643,0.985786,0.0512445,463,0.490109,0.3,0.3,0.725702,0.730022,236.8,9487.51,4315.94,-1825.34,1459.11,6550.23,4127.24,182.24,24.2725,36.3409,145.65,208.92,413.79,-177.828,97.9605,236.86,355.99
hpf_ca1__202413_061_edited.swc,77986,pyramidal,0.997371,74338,1981,1666,0,0,0.0213628,0.0213628,0.000975546,0,-0.0213628,0.0213628,0.0213628,0,0.342057,0.164744,0.3,0.3,0.3,0.3,0.3,0.938771,0.938771,0.938771,0.938771,0.939015,0.314916,0.3,0.978477,0.886676,0.3,0.139828,0.905102,0.3,0.117647,698,0.423098,0.3,0.3,0.819484,0.825215,292.3,9563.99,5226.6,-2259.77,1491.04,6517.09,4703.02,448.16,-32.6173,90.5517,400.8,473.63,418.05,-195.928,101.041,474.47,422.44
hpf_ca1__202414_008_edited.swc,81211,pyramidal,0.997749,76287,1906,3017,0,0,0,0,0.000482748,0,0,0,0,0,0.354448,0.186082,0.3,0.3,0.3,0.3,0.3,0.921131,0.921131,0.921131,0.921131,0.921131,0.31449,0.3,0.979092,0.995349,0.996653,0,0.959711,0.985291,0.0377859,1508,0.394929,0.3,0.3,0.862069,0.863395,141.3,2343.48,5746.52,2326.28,1101.05,6348.06,5339.14,254.21,5.05819,45.4281,211.89,336.92,460.97,125.566,83.5055,457.86,817.35
hpf_ca1__202414_260_edited.swc,31302,pyramidal,0.99697,27449,1608,2244,0,0,0,0,0.00394539,0,0,0,0,0,0.458504,0.290096,0.3,0.3,0.3,0.3,0.3,0.770047,0.770047,0.770047,0.770047,0.770047,0.388634,0.3,0.87209,0.949165,0.93453,0.0534826,0.961336,0.985786,0.0356506,713,0.585253,0.3,0.3,0.587658,0.58906,110.8,2031.03,4165.95,679.567,1282.53,5787.73,3171.55,171.52,-9.52979,37.0802,332.97,405.48,385.9,159.202,97.4166,314.98,682.14
hpf_ca1__202414_448_edited.swc,98179,pyramidal,0.99662,93457,1563,3158,0,0,0,0,0.000357917,0,0,0,0,0,0.355009,0.187087,0.3,0.3,0.3,0.3,0.3,0.920421,0.920421,0.920421,0.920421,0.920421,0.328794,0.3,0.958451,0.992196,0.996653,0.00639795,0.815251,0.3,0.247625,844,0.448771,0.3,0.3,0.7891,0.800948,274.7,9551.38,4893.59,-854.804,1328.12,5300.89,2884.92,184.3,74.6489,41.5193,193.26,344.85,450.26,-195.473,111.053,372.81,565.65
hpf_ca1__202414_533_edited.swc,90455,pyramidal,0.997972,85820,1410,3224,0,0,0,0,0,0,0,0,0,0,0.347351,0.174515,0.3,0.3,0.3,0.3,0.3,0.931424,0.931424,0.931424,0.931424,0.931424,0.315585,0.3,0.977511,0.995171,0.996653,0.00212766,0.909414,0.3,0.111352,1126,0.427975,0.3,0.3,0.812611,0.821492,225,9153.52,4829.31,-1703.03,1442.35,7388.68,4915.28,234.97,13.9078,44.0489,253.05,267.85,474.84,-126.477,83.4577,544.52,707.62
hpf_ca1__202414_540_edited.swc,62719,pyramidal,0.998015,57320,2206,3192,0,0,0,0,0.00240677,0,0,0,0,0,0.358732,0.191771,0.3,0.3,0.3,0.3,0.3,0.914189,0.914189,0.914189,0.914189,0.915353,0.302747,0.3,0.996005,0.926477,0.898804,0.0815956,0.971496,0.985786,0.0206767,1201,0.422691,0.3,0.3,0.82015,0.820983,138,8910.86,4012.91,-2490.61,711.465,6142.2,4873.54,432.34,-16.4767,78.489,412.39,468.82,551.92,-100.238,106.973,335.77,776.81
hpf_ca1__202415_026_edited.swc,81121,pyramidal,0.99757,77910,1424,1786,0,0,0,0,0,0,0,0,0,0,0.336255,0.154098,0.3,0.3,0.3,0.3,0.3,0.947547,0.947547,0.947547,0.947547,0.947547,0.309287,0.3,0.9866,0.996653,0.996653,0,0.985782,0.985786,0,617,0.466092,0.3,0.3,0.763371,0.763371,331,9855.32,4846.04,-1261.44,1699.47,7733.42,4301.32,99.21,30.0572,20.1691,240.38,283.68,635.13,-269.439,179.806,115.41,285.61
hpf_ca1__202415_035_edited.swc,39108,pyramidal,0.99753,36409,1321,1377,0,0,0,0,0,0,0,0,0,0,0.344802,0.17032,0.3,0.3,0.3,0.3,0.3,0.935282,0.935282,0.935282,0.935282,0.935282,0.30533,0.3,0.99231,0.996653,0.996653,0,0.762662,0.3,0.325345,367,0.511808,0.3,0.3,0.694823,0.694823,268.4,9858.91,4771.37,-2757.79,1317.15,8162.98,4826.56,156.37,14.7994,25.351,199.94,294.87,691.54,-284.543,218.062,206.7,295.37
hpf_ca1__202417_006_edited.swc,36956,pyramidal,0.997724,32584,1863,2508,0,0,0,0,0,0,0,0,0,0,0.450474,0.285373,0.3,0.3,0.3,0.3,0.3,0.782444,0.782444,0.782444,0.782444,0.782444,0.379481,0.3,0.885312,0.993288,0.996653,0.00483092,0.969378,0.985786,0.0239234,442,0.661045,0.3,0.3,0.477376,0.497738,211.8,8720.7,4714.64,-312.259,1121.33,5572.86,2794.55,269.01,0.698889,55.9649,201.37,370.38,298,-89.3138,55.0265,252.79,417.35
hpf_ca1__202417_047_edited.swc,12723,pyramidal,0.991728,11702,1020,0,0,0,0,0,0,0,0,0,0,0,0.568556,0.337929,0.3,0.3,0.3,0.3,0.3,0.612906,0.612906,0.612906,0.612906,0.612906,0.531204,0.3,0.666382,0.996653,0.996653,0,0,0,0,230,0.692293,0.3,0.3,0.452174,0.465217,139.1,8935.12,1114.05,-4.4659,201.784,880.93,1649.35,267.21,-2.1115,49.3952,281.58,197.56,0,0,0,0,0
hpf_ca1__202422_010_edited.swc,15440,pyramidal,0.998058,12615,1078,1746,0,0,0,0,0,0,0,0,0,0,0.503893,0.3152,0.3,0.3,0.3,0.3,0.3,0.704987,0.704987,0.704987,0.704987,0.704987,0.395974,0.3,0.861514,0.996007,0.996653,0.000927644,0.979502,0.985786,0.0091638,328,0.665983,0.3,0.3,0.472561,0.47561,105.2,9157.03,3564.11,-1116.96,1452.96,5517.55,2341.78,165.1,34.8585,34.7924,270.73,199.37,368.04,-161.478,96.8548,308.17,468.03
hpf_ca1__202423_003_edited.swc,62691,pyramidal,0.991128,59436,1607,1647,0,0,0,0,0,0,0,0,0,0,0.35864,0.192731,0.3,0.3,0.3,0.3,0.3,0.915267,0.915267,0.915267,0.915267,0.915267,0.327343,0.3,0.960546,0.957204,0.996653,0.0566273,0.90368,0.3,0.119611,1377,0.404058,0.3,0.3,0.849673,0.853304,127.8,9811.74,5303.77,-2775.68,1574.53,6921.39,4152.31,235.51,22.3253,42.5351,360.56,431.45,761.1,-334.612,205.304,346.18,495.38
hpf_ca1__202423_004_edited.swc,31408,pyramidal,0.997403,28407,1344,1656,0,0,0,0,0,0,0,0,0,0,0.373446,0.213168,0.3,0.3,0.3,0.3,0.3,0.893881,0.893881,0.893881,0.893881,0.893881,0.321761,0.3,0.968599,0.996653,0.996653,0,0.753878,0.3,0.338164,420,0.501545,0.3,0.3,0.711905,0.711905,182.2,9798.44,4164.56,-2653.25,1570.62,7591.61,3814.16,110.55,30.2896,21.2403,250.79,253.16,562.11,-312.634,151.57,255.68,354.35
hpf_ca1__202423_009_edited.swc,48791,pyramidal,0.997837,46723,2067,0,0,0,0,0,0,0,0,0,0,0,0.360753,0.190299,0.3,0.3,0.3,0.3,0.3,0.905126,0.905126,0.905372,0.925335,0.925335,0.338194,0.3,0.944888,0.870382,0.732585,0.0125786,0,0,0,565,0.486558,0.3,0.3,0.716814,0.778761,231.2,9675.36,4584.75,-1834.8,1694.38,7953.46,4549.18,659.1,-95.6725,170.452,189.67,457.16,0,0,0,0,0
hpf_ca1__202423_013_edited.swc,45777,pyramidal,0.997962,43211,1054,1511,0,0,0,0,0,0,0,0,0,0,0.36795,0.205781,0.3,0.3,0.3,0.3,0.3,0.901676,0.901676,0.901676,0.901676,0.901676,0.336219,0.3,0.947606,0.992027,0.996653,0.00664137,0.839635,0.3,0.213104,660,0.466494,0.3,0.3,0.765152,0.765152,179,9549.34,4694.39,-1969.25,1649.16,7021.15,5254.1,156.17,56.06,33.41,156.37,260.47,514.92,-206.73,135.824,330.4,336.56
hpf_ca1__202423_018_edited.swc,12551,pyramidal,0.997095,9875,974,1701,0,0,0,0,0,0,0,0,0,0,0.4827,0.304966,0.3,0.3,0.3,0.3,0.3,0.735878,0.735878,0.735878,0.735878,0.735878,0.388215,0.3,0.872709,0.996653,0.996653,0,0.736629,0.3,0.363316,373,0.529713,0.3,0.3,0.66756,0.670241,70.8,9775.39,1227.31,-400.235,260.369,2302.63,1494.09,129.71,45.3021,29.0253,302.03,217.43,588.51,-285.608,187.683,240.79,227.03
hpf_ca1__202423_033_edited.swc,59489,pyramidal,0.997518,56119,989,2380,0,0,0,0,0,0,0,0,0,0,0.348806,0.177082,0.3,0.3,0.3,0.3,0.3,0.929399,0.929399,0.929399,0.929399,0.929399,0.32108,0.3,0.969582,0.996653,0.996653,0,0.733078,0.3,0.368487,600,0.451425,0.3,0.3,0.788333,0.791667,266,9586.73,4593.76,-1207.46,1365.2,5767.37,4664.11,224.54,9.15421,37.0735,157.15,265.48,520.57,-219.128,136.911,221.94,529.98
hpf_ca1__202426_023_edited.swc,21107,pyramidal,0.974919,18083,1092,1931,0,0,0.0914862,0.0914862,0.0142975,0,-0.0914862,0.0914862,0.0914862,0,0.911156,0.205199,0.3,0.3,0.770461,0.993021,0.993021,0.095466,0.095466,0.095466,0.118444,0.18193,0.923347,0.3,0.100536,0.938599,0.996653,0.0833333,0.781429,0.770461,0.0548938,840,0.918994,0.3,0.794166,0.0738095,0.107143,57,2196.74,738.49,25.2956,125.972,930.3,1246.07,269.11,40.621,50.0131,305.66,371.03,358.43,54.9682,70.7622,273.88,544.82
hpf_ca1__202426_024_edited.swc,17150,pyramidal,0.99739,13299,1804,2046,0,0,0,0,0.00159714,0,0,0,0,0,0.497253,0.309397,0.3,0.3,0.3,0.3,0.3,0.710496,0.710496,0.710496,0.710496,0.722974,0.384367,0.3,0.878262,0.809371,0.3,0.23337,0.95556,0.985692,0.0410557,370,0.597929,0.3,0.3,0.562162,0.57027,110.5,1862.92,1517.26,232.056,288.697,1920.92,1985.84,487.09,13.3832,101.908,589.13,505.99,475.73,207.283,131.291,284.57,316.78
hpf_ca1__202426_025_edited.swc,29420,pyramidal,0.997714,25729,1014,2676,0,0,0,0,0.00048927,0,0,0,0,0,0.428987,0.269035,0.3,0.3,0.3,0.3,0.3,0.813086,0.813086,0.813086,0.813086,0.813086,0.350665,0.3,0.926892,0.996653,0.996653,0,0.966714,0.985786,0.0272795,529,0.55107,0.3,0.3,0.635161,0.644612,151.4,1940.88,3979.53,260.899,730.503,4369.37,2900.18,197.67,-17.238,34.8109,224.18,310.77,415.58,182.017,94.9487,298.35,441.24
hpf_ca1__202426_026_edited.swc,17563,pyramidal,0.996028,14319,888,2355,0,0,0,0,0,0,0,0,0,0,0.427892,0.247234,0.3,0.3,0.3,0.3,0.3,0.777828,0.787793,0.799237,0.829927,0.889028,0.352755,0.3,0.923877,0.973118,0.996653,0.0337838,0.678915,0.3,0.330361,491,0.449538,0.3,0.3,0.769857,0.806517,81,1892.48,1956.66,189.604,303.44,3190.98,2658.85,264.9,-46.4307,54.1769,240.34,218.8,471.31,202.29,122.703,464.85,603.13
hpf_ca1__202426_044_edited.swc,62280,pyramidal,0.997782,57993,1676,2610,0,0,0,0,0.00103794,0,0,0,0,0,0.393539,0.236468,0.3,0.3,0.3,0.3,0.3,0.864692,0.864692,0.864692,0.864692,0.864692,0.352819,0.3,0.923784,0.993617,0.996653,0.00119332,0.912741,0.3,0.106513,709,0.494338,0.3,0.3,0.722144,0.736248,216.4,1741.53,4349.72,746.695,1318.68,5893.56,4668.21,280.28,-33.9167,48.8067,232.77,268.77,543.48,230.809,109.514,407.64,367.44
hpf_ca1__202426_054_edited.swc,31714,pyramidal,0.993443,30400,1313,0,0,0,0,0,0,0,0,0,0,0,0.624844,0.345932,0.3,0.3,0.3,0.3,0.3,0.531406,0.531406,0.531406,0.531406,0.531406,0.618513,0.3,0.540395,0.771156,0.3,0.323686,0,0,0,1349,0.650399,0.3,0.3,0.492216,0.497405,53.2,9265.16,1087.12,-71.2223,161.893,1101.63,2170.91,400.41,62.3519,94.7226,353.86,634.43,0,0,0,0,0
hpf_ca1__202426_055_edited.swc,104139,pyramidal,0.994853,98024,2700,3414,0,0,0,0,0,0,0,0,0,0,0.363343,0.193748,0.3,0.3,0.3,0.3,0.3,0.902428,0.902428,0.902428,0.902428,0.93357,0.329863,0.3,0.956909,0.989945,0.996653,0.00962963,0.828872,0.849285,0.0445226,2126,0.449489,0.3,0.3,0.775635,0.778928,135,9687.92,5841.23,-2514.11,1390.56,7121.23,4461.86,243.94,22.5078,43.2346,206.45,352.2,709.33,-348.597,220.398,266.66,704.47
hpf_ca1__202426_098_edited.swc,45169,pyramidal,0.997586,41716,1758,1694,0,0,0,0,0,0,0,0,0,0,0.358866,0.19326,0.3,0.3,0.3,0.3,0.3,0.915097,0.915097,0.915097,0.915097,0.915097,0.3235,0.3,0.96608,0.992691,0.996653,0.00568828,0.571622,0.3,0.603896,773,0.399331,0.3,0.3,0.856404,0.858991,156.6,9630.57,5325.28,-2820.49,1188.27,6816.88,5273.02,208.5,16.4153,39.3229,339.09,334.87,624.53,-281.162,198.153,357.04,871.59
hpf_ca1__202426_132_edited.swc,64236,pyramidal,0.997984,59989,1584,2662,0,0,0,0,0,0,0,0,0,0,0.363468,0.19954,0.3,0.3,0.3,0.3,0.3,0.90812,0.90812,0.90812,0.90812,0.90812,0.319524,0.3,0.971828,0.996653,0.996653,0,0.976766,0.985786,0.013148,905,0.494591,0.3,0.3,0.718232,0.721547,178.6,9707.84,4637.77,-1727.57,1433.24,6834.96,4306.51,191.35,36.6394,31.6957,141.06,295.62,661.79,-339.422,200.728,325.7,367.49
hpf_ca1__202427_048_edited.swc,51550,pyramidal,0.997705,47427,1643,2479,0,0,0,0,0,0,0,0,0,0,0.370404,0.209017,0.3,0.3,0.3,0.3,0.3,0.898099,0.898099,0.898099,0.898099,0.898099,0.31828,0.3,0.973623,0.996653,0.996653,0,0.952313,0.985786,0.04881,553,0.545463,0.3,0.3,0.64557,0.650995,247.6,9537.84,4387.91,-2172.25,1223.27,7341.5,4206.58,155.84,24.4469,32.4438,273,279.38,609.52,-242.286,146.632,255.82,503.84
hpf_ca1__202427_096_edited.swc,3506,pyramidal,0.966202,2834,671,0,0,0,0,0,0,0,0,0,0,0,0.789725,0.316298,0.3,0.3,0.3,0.3,0.993021,0.294353,0.294353,0.294353,0.294353,0.294353,0.740657,0.3,0.36415,0.996653,0.996653,0,0,0,0,115,0.954154,0.3,0.94813,0.0521739,0.0695652,71.6,1969.52,496.76,-103.07,103.714,609.7,709.54,301.42,26.6016,52.7665,237.72,178.35,0,0,0,0,0
hpf_ca1__202427_143_edited.swc,84679,pyramidal,0.997498,80787,1711,2180,0,0,0,0,0.000329812,0,0,0,0,0,0.348257,0.175962,0.3,0.3,0.3,0.3,0.3,0.930006,0.930006,0.930006,0.930006,0.931105,0.318109,0.3,0.97387,0.996653,0.996653,0,0.956281,0.985157,0.0348624,518,0.519219,0.3,0.3,0.687259,0.69112,480.2,1668.86,4902.34,1798.06,1595.57,7360.06,5867.12,203.38,-50.9183,37.8531,214.83,332.53,620.88,254.615,173.773,265.25,431.66
hpf_ca1__202428_004_edited.swc,41485,pyramidal,0.993106,39556,1928,0,0,0,0,0,0,0,0,0,0,0,0.492229,0.310401,0.3,0.3,0.3,0.3,0.3,0.722791,0.722791,0.722791,0.722791,0.722791,0.477951,0.3,0.743225,0.784911,0.3,0.303942,0,0,0,764,0.537807,0.3,0.3,0.662304,0.674084,124.4,8294.24,2036.76,251.008,272.333,2162.09,1520.83,482.11,75.7141,109.966,505.24,461.96,0,0,0,0,0
hpf_ca1__202428_037_edited.swc,42644,pyramidal,0.99804,37284,2214,3145,0,0,0,0,0.00405865,0,0,0,0,0,0.409618,0.252104,0.3,0.3,0.3,0.3,0.3,0.840986,0.840986,0.840986,0.840986,0.840986,0.327565,0.3,0.960224,0.986016,0.97396,0.00858175,0.976391,0.985786,0.0136725,797,0.492856,0.3,0.3,0.720201,0.721455,127.8,7395.62,2695.48,-1054.63,560.078,4950.48,5446.37,318.67,-10.2934,55.0922,242.62,346.13,510.06,122.567,106.083,356.88,324.86
hpf_ca1__202461_009_edited.swc,55879,pyramidal,0.983148,53686,2192,0,0,0,0,0,0,0,0,0,0,0,0.422351,0.264282,0.3,0.3,0.3,0.3,0.3,0.823494,0.823494,0.823494,0.823494,0.823494,0.40355,0.3,0.850445,0.882557,0.3,0.163777,0,0,0,2434,0.404446,0.3,0.3,0.849219,0.852095,56,9025.49,5672.24,-1205.09,1481.16,6052.76,5106.48,624.8,1.32559,167.676,455.6,489.27,0,0,0,0,0
hpf_ca1__202461_027_edited.swc,51205,pyramidal,0.997726,46237,2075,2892,0,0,0,0,0,0,0,0,0,0,0.37425,0.213817,0.3,0.3,0.3,0.3,0.3,0.892374,0.892374,0.892374,0.892374,0.892374,0.309742,0.3,0.985942,0.992624,0.996653,0.00578313,0.961699,0.985157,0.0328492,929,0.440547,0.3,0.3,0.795479,0.798708,130.8,7703.66,5971.45,-1103.04,1401.67,5925.25,5616.14,280.56,5.38756,53.8746,253.15,250.67,259.15,13.5264,52.2622,345.38,603.14
hpf_ca1__202497_009_edited.swc,66021,pyramidal,0.997574,61979,2029,2012,0,0,0,0,0,0,0,0,0,0,0.356247,0.189035,0.3,0.3,0.3,0.3,0.3,0.918662,0.918662,0.918662,0.918662,0.918662,0.316292,0.3,0.976492,0.963349,0.996653,0.0478068,0.974504,0.985291,0.0159046,849,0.44226,0.3,0.3,0.792697,0.797409,203.6,9876.85,5584.41,-3261.95,1353.6,7090.41,4934.21,102.38,34.5777,21.7572,382.4,393.08,691.43,-361.358,201.258,285.99,330.3
hpf_ca1__202497_020_edited.swc,32754,pyramidal,0.997346,28455,1931,2367,0,0,0,0,0,0,0,0,0,0,0.404791,0.247891,0.3,0.3,0.3,0.3,0.3,0.848385,0.848385,0.848385,0.848385,0.848385,0.319874,0.3,0.971323,0.996653,0.996653,0,0.94253,0.985157,0.0629489,446,0.605615,0.3,0.3,0.558296,0.565022,165.5,9781.65,4182.1,-2606.98,1450.64,7772.84,3793.98,113.75,43.5798,24.3245,200.12,232.74,645.63,-238.032,150.943,421.23,312.94
hpf_ca1__202497_022_edited.swc,43240,pyramidal,0.997982,40617,724,1898,0,0,0,0,0,0,0,0,0,0,0.364467,0.200926,0.3,0.3,0.3,0.3,0.3,0.90666,0.90666,0.90666,0.90666,0.90666,0.328707,0.3,0.958564,0.996653,0.996653,0,0.88823,0.3,0.142255,647,0.418433,0.3,0.3,0.829985,0.836167,167.8,9695.5,4229.08,-2639.13,1425.02,6935.62,4163.67,192.55,31.3316,33.7659,253.92,184.66,537.15,-280.199,118.624,444.98,393.49
hpf_ca1__202498_003_edited.swc,32575,pyramidal,0.981337,30622,715,1237,0,0,0,0,0,0,0,0,0,0,0.346906,0.170211,0.3,0.3,0.3,0.3,0.3,0.92878,0.92878,0.92878,0.92878,0.94637,0.323831,0.3,0.965613,0.975218,0.996653,0.0307692,0.554438,0.3,0.536783,284,0.42027,0.3,0.3,0.838028,0.841549,249.1,9637.52,4103.62,-1791.46,1694.95,5341.04,2562.57,144.85,38.6328,30.4434,214.01,231.68,502.03,-241.067,117.759,376.84,148.13
hpf_ca1__202498_021_edited.swc,51862,pyramidal,0.993373,49168,2693,0,0,0,0,0,0,0,0,0,0,0,0.785236,0.317654,0.3,0.3,0.3,0.3,0.993021,0.299988,0.299988,0.299988,0.299988,0.299988,0.788771,0.3,0.294724,0.720631,0.3,0.396212,0,0,0,2812,0.855967,0.3,0.3,0.197013,0.200569,46.9,9530.61,1985.1,-209.422,404.073,1926.78,2751.43,541.44,89.6157,133.507,552.14,714.55,0,0,0,0,0
hpf_ca1__202499_016_edited.swc,34267,pyramidal,0.997929,31183,1143,1940,0,0,0,0,0,0,0,0,0,0,0.390465,0.233064,0.3,0.3,0.3,0.3,0.3,0.869058,0.869058,0.869058,0.869058,0.869058,0.332025,0.3,0.953789,0.995434,0.996653,0.00174978,0.97306,0.985786,0.0185567,410,0.551015,0.3,0.3,0.641463,0.643902,203.4,9765.38,4009.32,-1393.1,1564.73,7026.34,4252.87,226.03,64.128,44.1134,200.26,274.88,494.4,-235.596,136.571,299.03,272.36
hpf_ca1__202499_017_edited.swc,22802,pyramidal,0.997968,20690,826,1285,0,0,0,0,0,0,0,0,0,0,0.40136,0.244508,0.3,0.3,0.3,0.3,0.3,0.853346,0.853346,0.853346,0.853346,0.853346,0.341434,0.3,0.940213,0.996653,0.996653,0,0.983118,0.985786,0.00389105,366,0.554251,0.3,0.3,0.63388,0.636612,159,9756.21,4381.35,-1655.35,1642.88,6322.62,3336.17,112.83,46.5206,22.8084,139.96,209.74,529.14,-325.969,155,122.3,324.32
hpf_ca1__202499_020_edited.swc,48925,pyramidal,0.997869,45542,1367,2015,0,0,0,0,0,0,0,0,0,0,0.383849,0.225803,0.3,0.3,0.3,0.3,0.3,0.878815,0.878815,0.878815,0.878815,0.878815,0.346488,0.3,0.932919,0.965057,0.996653,0.0453548,0.833651,0.3,0.221836,615,0.477691,0.3,0.3,0.744715,0.75122,212.6,9672,4625.12,-1334.66,1480.4,6812.18,4380.55,283.63,23.0066,49.6123,219.29,374.07,442.46,-190.072,119.131,275.03,340.66
hpf_ca1__202500_003_edited.swc,58304,pyramidal,0.99769,55205,1180,1918,0,0,0,0,0,0,0,0,0,0,0.337748,0.157114,0.3,0.3,0.3,0.3,0.3,0.945424,0.945424,0.945424,0.945424,0.945424,0.310131,0.3,0.985382,0.996653,0.996653,0,0.726915,0.3,0.377477,548,0.471118,0.3,0.3,0.751825,0.75365,290,9902.53,4808.52,-1559.63,1636.07,7535.96,4608.37,162,15.5629,28.4352,266.108,285.877,727.962,-342.997,235.256,292.232,310.525
hpf_ca1__202500_006_edited.swc,26976,pyramidal,0.997873,24345,902,1728,0,0,0,0,0,0,0,0,0,0,0.399361,0.242462,0.3,0.3,0.3,0.3,0.3,0.856206,0.856206,0.856206,0.856206,0.856206,0.342301,0.3,0.938961,0.970394,0.996653,0.037694,0.904825,0.3,0.118056,299,0.579651,0.3,0.3,0.598662,0.602007,227.4,9740.51,4153.07,-1563.43,1715.41,5835.46,2775,154.083,54.007,35.6549,192.268,310.173,575.869,-295.176,156.847,321.344,282.563
hpf_ca1__202500_007_edited.swc,37389,pyramidal,0.997659,34523,1179,1686,0,0,0,0,0,0,0,0,0,0,0.350973,0.180523,0.3,0.3,0.3,0.3,0.3,0.926155,0.926155,0.926155,0.926155,0.926155,0.301264,0.3,0.998175,0.94761,0.996653,0.0703986,0.951208,0.985786,0.0504152,369,0.457026,0.3,0.3,0.766938,0.766938,275.4,9734.79,4273.88,-1526.02,1709.15,6487.18,3572.1,310.791,50.8597,57.8121,271.883,333.566,621.588,-266.095,166.33,323.445,293.374
hpf_ca1__202501_017_edited.swc,48046,pyramidal,0.997982,45103,1206,1736,0,0,0,0,0,0,0,0,0,0,0.380583,0.221903,0.3,0.3,0.3,0.3,0.3,0.883487,0.883487,0.883487,0.883487,0.883487,0.341655,0.3,0.939893,0.992032,0.996653,0.0066335,0.966824,0.985786,0.0276498,746,0.494947,0.3,0.3,0.719839,0.72252,170,9694.61,4429.79,-1853.92,1665.61,7146.57,4740.83,185.4,30.6725,37.457,237.1,314.11,519.21,-240.594,134.094,448.65,340.54
hpf_ca1__202501_019_edited.swc,48560,pyramidal,0.997397,45986,1169,1404,0,0,0,0,0,0,0,0,0,0,0.36198,0.197575,0.3,0.3,0.3,0.3,0.3,0.9104,0.9104,0.9104,0.9104,0.9104,0.330993,0.3,0.955226,0.996653,0.996653,0,0.848029,0.3,0.200855,549,0.50854,0.3,0.3,0.699454,0.703097,239.2,9824.49,4158.82,-1910.87,1680.19,6946.25,4529.47,144.81,42.2737,28.3752,140.91,245.07,604.97,-329.347,180.748,199.56,208.63
hpf_ca1__202503_021_edited.swc,79598,pyramidal,0.997803,75910,1369,2318,0,0,0,0,0,0,0,0,0,0,0.363595,0.199825,0.3,0.3,0.3,0.3,0.3,0.908025,0.908025,0.908025,0.908025,0.908025,0.333624,0.3,0.951482,0.991564,0.996653,0.0073046,0.973952,0.985786,0.0172563,1154,0.461984,0.3,0.3,0.766031,0.767764,186.7,8891.3,5557.92,-1884.59,1191.4,5807.72,4096.21,237,20.9465,41.9909,126.13,195.55,488.38,-241.022,143.84,264.3,501.45
hpf_ca1__202503_024_edited.swc,95221,pyramidal,0.959571,90880,1688,2652,0,0,0,0,4.12973e-05,0,0,0,0,0,0.364322,0.19624,0.3,0.3,0.3,0.3,0.3,0.902122,0.902122,0.902122,0.902122,0.927432,0.338022,0.3,0.945136,0.996653,0.996653,0,0.862887,0.849285,0.00263952,2071,0.459757,0.3,0.3,0.762434,0.763399,129,8937.26,5840.17,-1858.61,1529.35,6478.64,4130.94,226.39,8.34807,45.6676,261.58,189.23,577.12,-179.418,132.213,371.51,770.49
hpf_ca1__202503_036_edited.swc,51159,pyramidal,0.997552,48394,1002,1762,0,0,0,0,0,0,0,0,0,0,0.389087,0.231744,0.3,0.3,0.3,0.3,0.3,0.871245,0.871245,0.871245,0.871245,0.871245,0.358255,0.3,0.91594,0.996653,0.996653,0,0.890038,0.3,0.139614,748,0.519493,0.3,0.3,0.684492,0.687166,183,8644.06,4831.32,-1235.44,1396.95,6877.97,4511.32,187.42,22.0962,31.7953,148.96,200.63,356.47,-109.686,65.8308,299.6,512.11
hpf_ca1__202506_008_edited.swc,45733,pyramidal,0.997634,43402,777,1553,0,0,0,0,0,0,0,0,0,0,0.364731,0.201427,0.3,0.3,0.3,0.3,0.3,0.906391,0.906391,0.906391,0.906391,0.906391,0.3354,0.3,0.948919,0.996653,0.996653,0,0.867868,0.3,0.171925,580,0.442894,0.3,0.3,0.794828,0.801724,196.1,8658.43,5163.72,-1675.58,1354.74,6422.24,4169.84,160.82,27.8625,30.6821,162.04,222.94,339.01,-117.585,78.9294,322.33,362.08
hpf_ca1__202506_039_edited.swc,66475,pyramidal,0.996646,63793,0,2681,0,0,0,0,0,0,0,0,0,0,0.331723,0.130945,0.3,0.3,0.3,0.3,0.3,0.941557,0.943061,0.948958,0.969838,0.977029,0.313503,0.3,0.980515,0,0,0,0.76501,0.639532,0.198433,928,0.381433,0.3,0.3,0.869612,0.912716,175.3,8752.73,4686.56,-1839.07,1078.71,6766.66,4136.78,0,0,0,0,0,459.91,-80.0039,106.85,307.24,560.08
hpf_ca1__202508_003_edited.swc,46711,pyramidal,0.997604,44084,1100,1526,0,0,0,0,0,0,0,0,0,0,0.348961,0.172197,0.3,0.3,0.3,0.3,0.3,0.924408,0.924408,0.924408,0.924408,0.948749,0.315862,0.3,0.977112,0.97702,0.996653,0.0281818,0.852006,0.849285,0.0484928,637,0.424699,0.3,0.3,0.810047,0.816327,194.4,8769.34,4681.28,-1613.14,1355.93,6400.02,4247.87,205.18,27.6886,37.8465,246.53,277.65,340.25,-67.8366,74.3274,314.88,545.06
hpf_ca1__202508_010_edited.swc,53598,pyramidal,0.99784,50868,955,1774,0,0,0,0,0,0,0,0,0,0,0.347122,0.174115,0.3,0.3,0.3,0.3,0.3,0.931751,0.931751,0.931751,0.931751,0.931751,0.312643,0.3,0.981757,0.996653,0.996653,0,0.985742,0.985786,0,584,0.457326,0.3,0.3,0.77226,0.775685,254.4,8656.34,4902.15,-1488.47,1271.15,7029.4,4115.88,161.57,17.1562,30.2926,196.78,92.4,312.93,-101.887,72.2884,258.99,682.81
hpf_ca1__202544_027_edited.swc,99432,pyramidal,0.994074,95963,1420,2048,0,0,0,0,0,0,0,0,0,0,0.338727,0.15901,0.3,0.3,0.3,0.3,0.3,0.944002,0.944002,0.944002,0.944002,0.944002,0.316805,0.3,0.975751,0.996653,0.996653,0,0.90943,0.3,0.111328,1559,0.401179,0.3,0.3,0.854394,0.855035,173.4,9805.07,5470.98,-2807.92,1492.44,5953.91,4061.63,163.47,28.1115,30.823,215.57,253.82,591.24,-296.916,206.479,287.56,228.12
hpf_ca1__202567_002_edited.swc,31583,pyramidal,0.983826,30247,1335,0,0,0,0,0,0,0,0,0,0,0,0.800444,0.310607,0.3,0.3,0.3,0.3,0.993021,0.278093,0.278093,0.278093,0.278093,0.278093,0.79309,0.3,0.288491,0.966909,0.996653,0.0426966,0,0,0,851,0.849874,0.3,0.3,0.202115,0.225617,91,3203.18,1168.41,-9.5041,180.292,1057.63,836.57,349.85,-40.4365,75.2657,295.1,425.94,0,0,0,0,0
hpf_ca1__202567_006_edited.swc,15168,pyramidal,0.998059,12435,907,1825,0,0,0,0,0,0,0,0,0,0,0.485075,0.30588,0.3,0.3,0.3,0.3,0.3,0.732002,0.732002,0.732002,0.732002,0.732002,0.374959,0.3,0.891838,0.996653,0.996653,0,0.980844,0.985692,0.00712329,306,0.665511,0.3,0.3,0.470588,0.480392,125,3438.16,3955.86,-24.6368,681.885,3672.28,2125.16,135.11,1.65387,24.6611,169.48,277.46,414.07,100.821,90.7922,258.23,314.98
hpf_ca1__202567_011_edited.swc,19332,pyramidal,0.992194,12436,6895,0,0,0,0,0,0,0,0,0,0,0,0.662775,0.346215,0.3,0.3,0.3,0.3,0.992091,0.476567,0.476567,0.476567,0.47724,0.47724,0.649352,0.3,0.495899,0.686937,0.3,0.441769,0,0,0,480,0.739907,0.3,0.3,0.36875,0.3875,101.4,3168.28,1324,95.1201,214.762,993.58,785.27,892.79,97.3418,152.554,1007.66,529.61,0,0,0,0,0
hpf_ca1__202664_003_edited.swc,16562,pyramidal,0.997365,13487,1256,1818,0,0,0,0,0,0,0,0,0,0,0.452426,0.286449,0.3,0.3,0.3,0.3,0.3,0.779314,0.779314,0.779314,0.779314,0.779314,0.333572,0.3,0.951509,0.996653,0.996653,0,0.95787,0.985786,0.0407041,381,0.564057,0.3,0.3,0.619423,0.622047,107,6923.86,2016.09,439.708,391.338,2402.63,950.04,261.7,-30.019,52.0255,149.46,116.02,227.71,24.8,37.2899,373.4,489.18
hpf_ca1__202666_014_edited.swc,12210,pyramidal,0.996255,9256,1640,1313,0,0,0,0,0,0,0,0,0,0,0.490147,0.305714,0.3,0.3,0.3,0.3,0.3,0.71982,0.71982,0.720229,0.720229,0.742424,0.353977,0.3,0.922105,0.994303,0.990708,0.00121951,0.819976,0.3,0.195735,334,0.569483,0.3,0.3,0.601796,0.601796,96.7,4511.98,1365.61,-297.35,234.122,1183.85,884.94,341.56,36.5504,60.1055,319.85,178.63,444.67,-153.005,98.3865,319.46,470.06
hpf_ca1__202668_014_edited.swc,16138,pyramidal,0.996245,14204,1025,908,0,0,0,0,0.000839557,0,0,0,0,0,0.425513,0.266125,0.3,0.3,0.3,0.3,0.3,0.817883,0.817883,0.817883,0.817883,0.821663,0.355035,0.3,0.920586,0.919851,0.3,0.110244,0.969334,0.985291,0.0110132,845,0.392224,0.3,0.3,0.867456,0.869822,47,4143.62,3151.16,406.247,1034.04,4725.29,3265.91,375.19,37.3425,76.1279,231.78,260.35,249.2,-104.512,51.9161,208.82,531.85
hpf_ca1__202668_018_edited.swc,19906,pyramidal,0.992454,17000,2905,0,0,0,0,0,0,0,0,0,0,0,0.88807,0.241227,0.3,0.3,0.3,0.993021,0.993021,0.139054,0.140058,0.144328,0.17231,0.17231,0.910184,0.3,0.119529,0.758622,0.3,0.289501,0,0,0,857,0.92373,0.3,0.721239,0.0980163,0.116686,53.4,4625.32,1169,103.17,229.139,901.06,858.99,501.5,-8.53746,88.3506,356.06,644.6,0,0,0,0,0
hpf_ca1__202668_019_edited.swc,29031,pyramidal,0.997847,27498,1532,0,0,0,0,0,0,0,0,0,0,0,0.341838,0.164449,0.3,0.3,0.3,0.3,0.3,0.938273,0.940546,0.940546,0.940546,0.940546,0.329059,0.3,0.95807,0.570794,0.3,0.626632,0,0,0,1291,0.327418,0.3,0.3,0.959721,0.96282,58,4599.89,3576.17,322.407,858.745,5350.7,3240.47,341.87,-61.929,79.2068,501.26,689.89,0,0,0,0,0
hpf_ca1__202668_023_edited.swc,17879,pyramidal,0.930054,13560,4318,0,0,0,0,0,0.00316216,0,0,0,0,0,0.528925,0.315049,0.3,0.3,0.3,0.3,0.3,0.639353,0.659489,0.676268,0.693383,0.7058,0.519303,0.3,0.683555,0.559031,0.3,0.653543,0,0,0,342,0.583703,0.3,0.3,0.611111,0.652047,119.5,4505.85,1752.85,-19.3193,320.487,1096.94,836.85,764.7,88.9715,136.597,907.31,631.45,0,0,0,0,0
hpf_ca1__202669_007_edited.swc,36337,pyramidal,0.997643,33909,2427,0,0,0,0,0,0,0,0,0,0,0,0.352314,0.182803,0.3,0.3,0.3,0.3,0.3,0.923604,0.925255,0.925255,0.925255,0.925255,0.332292,0.3,0.953405,0.631798,0.3,0.532344,0,0,0,1239,0.343732,0.3,0.3,0.935432,0.937046,84,7180.71,3931.36,-26.128,987.354,5958.41,3964.99,411.65,80.9479,82.5931,401.47,694.78,0,0,0,0,0
hpf_ca1__202669_010_edited.swc,70004,pyramidal,0.997439,66546,3457,0,0,0,0,0,0,0,0,0,0,0,0.391645,0.235002,0.3,0.3,0.3,0.3,0.3,0.867993,0.867993,0.867993,0.867993,0.867993,0.363797,0.3,0.907943,0.927532,0.996653,0.099219,0,0,0,2401,0.393415,0.3,0.3,0.86339,0.866722,75,7506.44,4482.01,11.7818,628.502,3602.5,2039.44,502.77,28.1799,114.597,599.54,189.53,0,0,0,0,0
hpf_ca1__202669_011_edited.swc,47086,pyramidal,0.997967,44312,2773,0,0,0,0,0,0,0,0,0,0,0,0.396303,0.240023,0.3,0.3,0.3,0.3,0.3,0.861339,0.861339,0.861339,0.861339,0.861339,0.359868,0.3,0.913613,0.978314,0.996653,0.0263253,0,0,0,1833,0.392889,0.3,0.3,0.866339,0.867976,56.8,7545.83,3928.34,-248.779,1047.3,5770.57,5548.82,545.9,23.4568,104.379,727.44,429.21,0,0,0,0,0
hpf_ca1__202669_013_edited.swc,20572,pyramidal,0.997725,17488,941,2142,0,0,0,0,0,0,0,0,0,0,0.551764,0.332701,0.3,0.3,0.3,0.3,0.3,0.635864,0.635864,0.635864,0.635864,0.635864,0.474642,0.3,0.747999,0.996584,0.996653,0,0.985786,0.985786,0,376,0.743008,0.3,0.3,0.367021,0.390957,138,4266.1,2665,255.275,660.324,4277.22,3045.59,223.59,27.8222,41.2163,173.18,305.05,356.95,-38.1959,65.0638,306.02,524.88
hpf_ca1__202669_017_edited.swc,28523,pyramidal,0.985928,26469,1111,942,0,0,0,0,0,0,0,0,0,0,0.380145,0.220589,0.3,0.3,0.3,0.3,0.3,0.883112,0.883112,0.883112,0.883112,0.887705,0.360586,0.3,0.912577,0.76778,0.3,0.328533,0.471891,0.3,0.710191,2133,0.335578,0.3,0.3,0.947961,0.950305,35,3875.17,2626.45,-497.817,511.904,1843.69,1519.92,383.91,51.3238,94.3648,371.51,220.89,233.13,22.6323,61.3684,324.25,480.54
hpf_ca1__202674_003_edited.swc,17479,pyramidal,0.967904,15355,2123,0,0,0,0,0,0,0,0,0,0,0,0.837571,0.289522,0.3,0.3,0.3,0.993021,0.993021,0.224841,0.224841,0.224841,0.224841,0.224841,0.829358,0.3,0.236145,0.896897,0.3,0.143194,0,0,0,573,0.861716,0.3,0.3,0.183246,0.202443,72.8,4208.78,1101.89,-49.8466,194.465,607.57,672.87,428.05,22.644,84.2229,209.61,436.58,0,0,0,0,0
hpf_ca1__202674_009_edited.swc,26981,pyramidal,0.997982,22583,1457,2940,0,0,0,0,0,0,0,0,0,0,0.494097,0.310561,0.3,0.3,0.3,0.3,0.3,0.719099,0.719099,0.719099,0.719099,0.719099,0.400748,0.3,0.854625,0.985656,0.996653,0.0157859,0.967358,0.985786,0.0268707,412,0.651368,0.3,0.3,0.492718,0.502427,157.2,3764.83,4007.66,535.244,943.743,6509.83,3736.77,242.19,10.0903,49.2831,224.54,232.48,364.41,12.3852,56.6514,355.41,482.28
hpf_ca1__202674_013_edited.swc,58379,pyramidal,0.996616,53102,2131,3145,0,0,0,0,0.00155225,0,0,0,0,0,0.397258,0.233728,0.3,0.3,0.3,0.3,0.3,0.850991,0.850991,0.850991,0.850991,0.894003,0.345129,0.3,0.93488,0.996653,0.996653,0,0.871098,0.849285,0.0114467,1312,0.48163,0.3,0.3,0.724085,0.729421,116,3277.91,5723.94,1188.09,1278.96,6062.6,5592.33,247.6,-28.6681,43.3923,215.97,223.99,385.92,102.571,88.907,326.41,670.53
hpf_ca1__202674_035_edited.swc,45387,pyramidal,0.996005,42282,3104,0,0,0,0,0,0,0,0,0,0,0,0.646427,0.346711,0.3,0.3,0.3,0.3,0.3,0.500408,0.500408,0.500408,0.500408,0.500408,0.630825,0.3,0.522634,0.858849,0.3,0.197809,0,0,0,1021,0.680713,0.3,0.3,0.449559,0.469148,98,3250.88,1899.11,-17.1886,264.682,2178.17,997.22,468.11,-33.0159,93.8015,656.51,408.09,0,0,0,0,0
hpf_ca1__202679_007_edited.swc,87405,pyramidal,0.996615,85747,1657,0,0,0,0,0,0,0,0,0,0,0,0.422692,0.264603,0.3,0.3,0.3,0.3,0.3,0.823042,0.823042,0.823042,0.823042,0.823042,0.413199,0.3,0.836659,0.913633,0.3,0.11889,0,0,0,3927,0.39514,0.3,0.3,0.861472,0.864273,52,8434.21,4550.76,-1255.04,1110.83,5748.1,5553.93,441.83,29.4161,111.2,359.63,349.21,0,0,0,0,0
hpf_ca1__202679_024_edited.swc,22117,pyramidal,0.997136,19349,1107,1660,0,0,0,0,0,0,0,0,0,0,0.46908,0.297244,0.3,0.3,0.3,0.3,0.3,0.755527,0.755527,0.755527,0.755527,0.755527,0.396347,0.3,0.860975,0.996653,0.996653,0,0.964714,0.985786,0.0307229,413,0.614425,0.3,0.3,0.559322,0.559322,138,3348.78,3411.66,83.6601,549.236,4174.61,1503.74,136.69,-20.2275,24.3828,168,235.14,272.55,34.6379,50.5588,221.58,366.56
hpf_ca1__202679_026_edited.swc,23480,pyramidal,0.9954,20445,1007,2027,0,0,0,0,0,0,0,0,0,0,0.460356,0.291707,0.3,0.3,0.3,0.3,0.3,0.76793,0.76793,0.76793,0.76793,0.76793,0.382912,0.3,0.880362,0.974515,0.996653,0.0317776,0.985786,0.985786,0,331,0.665242,0.3,0.3,0.480363,0.483384,181,3395.71,4319.09,266.396,997.759,5682.74,2414.29,176.11,24.5587,33.1648,197.12,260.89,315.59,49.514,50.3187,299.99,458.83
hpf_ca1__202680_005_edited.swc,43095,pyramidal,0.966207,41101,1993,0,0,0,0,0,0,0,0,0,0,0,0.332957,0.147886,0.3,0.3,0.3,0.3,0.3,0.952686,0.952686,0.952686,0.952686,0.952686,0.300927,0.3,0.998662,0.993158,0.996653,0.00501756,0,0,0,2223,0.336852,0.3,0.3,0.946919,0.947368,44,3142.43,1402.22,186.608,219.286,926.98,1025.51,317.8,16.1533,66.1736,377.73,168.7,0,0,0,0,0
hpf_ca1__202680_013_edited.swc,16285,pyramidal,0.997902,12965,1328,1991,0,0,0,0,0,0,0,0,0,0,0.505338,0.315814,0.3,0.3,0.3,0.3,0.3,0.702855,0.702855,0.702855,0.702855,0.702855,0.381302,0.3,0.882684,0.996653,0.996653,0,0.985075,0.985692,0.00100452,256,0.767618,0.3,0.3,0.328125,0.339844,147,7935.54,3439.09,-945.694,1002.15,4982.13,3376.14,274.94,-12.6839,59.6448,169.9,311.1,374.85,-5.02629,67.7246,224.51,438.77
hpf_ca1__202680_015_edited.swc,16893,pyramidal,0.997207,14428,783,1681,0,0,0,0,0,0,0,0,0,0,0.471986,0.29871,0.3,0.3,0.3,0.3,0.3,0.751021,0.751021,0.751021,0.751021,0.751021,0.383625,0.3,0.879332,0.996442,0.996653,0,0.985786,0.985786,0,336,0.618682,0.3,0.3,0.544643,0.550595,111.5,8167.73,3757.07,-263.36,699.165,4375.5,1763.84,143.81,17.4913,28.6865,140.73,246.29,308.96,-64.4156,61.3557,254.96,381.35
hpf_ca1__202680_018_edited.swc,30856,pyramidal,0.99802,26966,1453,2436,0,0,0,0,0,0,0,0,0,0,0.461948,0.292812,0.3,0.3,0.3,0.3,0.3,0.765751,0.765751,0.765751,0.765751,0.765751,0.386737,0.3,0.874842,0.996174,0.996653,0.000688231,0.975645,0.985786,0.0147783,522,0.587419,0.3,0.3,0.588123,0.595785,134.9,8617.25,4038.79,-70.5462,704.593,4989.12,2410.94,324.6,28.3031,69.3671,214.59,275.12,389.13,-36.3619,67.9655,373.42,611.23
hpf_ca1__202680_025_edited.swc,43293,pyramidal,0.997953,38141,1638,3513,0,0,0,0,0,0,0,0,0,0,0.432189,0.271794,0.3,0.3,0.3,0.3,0.3,0.808699,0.808699,0.808699,0.808699,0.808699,0.363777,0.3,0.907973,0.995377,0.996653,0.0018315,0.91219,0.3,0.107316,550,0.598448,0.3,0.3,0.570909,0.581818,185.1,8407.9,5318.08,-779.987,1463.83,6320.02,4368.59,200.29,16.4897,43.36,204.65,324.97,490.35,-24.6902,63.11,427.35,623.14
hpf_ca1__202680_030_edited.swc,27997,pyramidal,0.997917,23573,1067,3356,0,0,0,0,0,0,0,0,0,0,0.389219,0.214515,0.3,0.3,0.3,0.3,0.3,0.849734,0.849734,0.849734,0.849734,0.940994,0.317169,0.3,0.975226,0.996653,0.996653,0,0.701999,0.3,0.238677,322,0.558111,0.3,0.3,0.57764,0.596273,181.8,8236.45,4735.02,-1660.99,1123.21,6683.63,5408.13,182.58,9.9892,34.1773,212.9,200.5,736.44,-24.7032,111.62,594.36,711.12
hpf_ca1__202680_031_edited.swc,20275,pyramidal,0.995783,17935,2339,0,0,0,0,0,0,0,0,0,0,0,0.381135,0.223437,0.3,0.3,0.3,0.3,0.3,0.883502,0.883502,0.883502,0.883502,0.883502,0.30255,0.3,0.99632,0.983445,0.996653,0.0188115,0,0,0,812,0.391192,0.3,0.3,0.869458,0.869458,56,8188.34,1287.37,46.6865,255.62,1000.31,1204.87,362.8,-11.3218,78.641,301.68,626.55,0,0,0,0,0
hpf_ca1__202681_018_edited.swc,12527,pyramidal,0.998008,10311,900,1315,0,0,0,0,0,0,0,0,0,0,0.461208,0.292222,0.3,0.3,0.3,0.3,0.3,0.766664,0.766664,0.766664,0.766664,0.766664,0.347518,0.3,0.931432,0.996653,0.996653,0,0.985786,0.985786,0,325,0.60886,0.3,0.3,0.553846,0.556923,93.6,8292.08,2621.86,239.663,496.166,3745.61,1813.22,154.65,24.2262,28.9063,117.73,143.4,229.16,-72.1018,56.8926,376.62,341.59
hpf_ca1__202682_004_edited.swc,56403,pyramidal,0.997811,52719,3683,0,0,0,0,0,0,0,0,0,0,0,0.441233,0.279277,0.3,0.3,0.3,0.3,0.3,0.796341,0.796341,0.796341,0.796341,0.796341,0.410778,0.3,0.840153,0.877027,0.3,0.169427,0,0,0,2118,0.444354,0.3,0.3,0.79084,0.793673,60,8069.65,3891.4,-240.532,1012.14,5557.9,5427.34,758.56,25.1119,163.304,531.79,304.37,0,0,0,0,0
hpf_ca1__202682_007_edited.swc,13300,pyramidal,0.997677,11351,798,1150,0,0,0,0,0,0,0,0,0,0,0.434595,0.273642,0.3,0.3,0.3,0.3,0.3,0.805188,0.805188,0.805188,0.805188,0.805188,0.339189,0.3,0.943441,0.996653,0.996653,0,0.985786,0.985786,0,269,0.601088,0.3,0.3,0.565056,0.565056,100.4,8100.06,3034.23,48.691,525.206,3504.3,1198.29,130.55,22.4277,26.8473,113.96,114.48,173.91,-38.3363,33.3466,282.81,427.11
hpf_ca1__202682_014_edited.swc,18206,pyramidal,0.997523,16028,830,1347,0,0,0,0,0,0,0,0,0,0,0.456422,0.289282,0.3,0.3,0.3,0.3,0.3,0.773756,0.773756,0.773756,0.773756,0.773756,0.383925,0.3,0.878899,0.996653,0.996653,0,0.985778,0.985786,0,240,0.717395,0.3,0.3,0.408333,0.416667,184.1,3378.7,4348.99,140.578,1191.99,5697.72,2907.9,99.14,10.7395,20.4766,91.76,202.4,400.38,77.3484,99.2517,296.46,453.94
hpf_ca1__202682_015_edited.swc,38863,pyramidal,0.997206,34976,0,3886,0,0,0,0,2.97857e-05,0,0,0,0,0,0.407154,0.23783,0.3,0.3,0.3,0.3,0.3,0.826956,0.836811,0.857602,0.863958,0.870442,0.367566,0.3,0.902505,0,0,0,0.763314,0.478593,0.45368,480,0.532021,0.3,0.3,0.710417,0.75625,210.3,3379.36,4485.42,539.249,1206.97,7078.17,4124.05,0,0,0,0,0,313.08,9.78598,36.3408,329.89,628.82
hpf_ca1__202682_018_edited.swc,18449,pyramidal,0.997555,15885,1498,1065,0,0,0.0577267,0.0577267,0.00144521,0,-0.0577267,0.0577267,0.0577267,0,0.388058,0.225372,0.3,0.3,0.3,0.3,0.3,0.866551,0.866551,0.866551,0.869857,0.896471,0.302312,0.3,0.996664,0.920031,0.828092,0.0333778,0.918173,0.985786,0.0985915,275,0.574778,0.3,0.3,0.589091,0.603636,179,3148.49,2798.45,-196.728,664.019,3231.29,2661.23,148.33,14.966,31.58,256.97,526.58,216.2,45.0138,42.7294,234.95,474.4
hpf_ca1__202682_019_edited.swc,13959,pyramidal,0.997828,11626,1086,1246,0,0,0,0,0,0,0,0,0,0,0.450415,0.285255,0.3,0.3,0.3,0.3,0.3,0.782434,0.782434,0.782434,0.782434,0.782434,0.341965,0.3,0.939446,0.996653,0.996653,0,0.985786,0.985786,0,244,0.652915,0.3,0.3,0.487705,0.491803,122,3140.91,3383.57,361.918,962.261,5297.92,2779.25,167.85,-16.0293,29.3955,181.25,124.16,243.58,-16.4916,51.7634,210.3,597.37
hpf_ca1__202803_002_edited.swc,58789,pyramidal,0.997719,55646,1252,1890,0,0,0,0,0,0,0,0,0,0,0.361697,0.197316,0.3,0.3,0.3,0.3,0.3,0.910936,0.910936,0.910936,0.910936,0.910936,0.339093,0.3,0.94359,0.996653,0.996653,0,0.606245,0.3,0.553439,523,0.468963,0.3,0.3,0.764818,0.778203,255,9193.49,4000.63,-760.652,1236.13,5225.77,2850.37,247.66,10.0214,46.9445,176.95,224.12,450.28,-187.377,131.662,523.62,438.17
hpf_ca1__202807_027_edited.swc,100541,pyramidal,0.997821,95258,2231,3051,0,0,0,0,0,0,0,0,0,0,0.357399,0.190719,0.3,0.3,0.3,0.3,0.3,0.916939,0.916939,0.916939,0.916939,0.916939,0.32256,0.3,0.967446,0.996653,0.996653,0,0.977471,0.985291,0.0108161,1476,0.427222,0.3,0.3,0.818428,0.820461,180,9351.73,5474.88,-1906.32,1444.47,6308.75,4345.61,232.06,27.9035,39.5644,143.05,234,708.52,-309.682,211.306,224.01,541.33
hpf_ca1__202807_028_edited.swc,38279,pyramidal,0.997343,36460,1818,0,0,0,0,0,0,0,0,0,0,0,0.410208,0.253595,0.3,0.3,0.3,0.3,0.3,0.84114,0.84114,0.84114,0.84114,0.84114,0.392682,0.3,0.866264,0.76137,0.3,0.337734,0,0,0,786,0.449898,0.3,0.3,0.784987,0.791349,121.5,8707.27,2445.3,788.246,735.862,1876.71,2495.36,300.93,-89.2745,76.9016,521.84,464.34,0,0,0,0,0
hpf_ca1__202809_005_edited.swc,42184,pyramidal,0.995292,38018,1323,2842,0,0,0,0,0,0,0,0,0,0,0.409,0.251835,0.3,0.3,0.3,0.3,0.3,0.842215,0.842215,0.842215,0.842215,0.842215,0.348343,0.3,0.930244,0.995074,0.996653,0.00226757,0.947393,0.985679,0.0559465,475,0.605889,0.3,0.3,0.56,0.572632,230.6,7896.48,5090.45,-261.319,1432.94,6199.69,3543.27,137.09,17.0154,27.5678,135.82,322.62,432.03,-5.74382,69.6097,253.36,513.12
hpf_ca1__202829_024_edited.swc,13498,pyramidal,0.998001,9922,1266,2309,0,0,0,0,0,0,0,0,0,0,0.565696,0.335508,0.3,0.3,0.3,0.3,0.3,0.614091,0.614091,0.614091,0.617277,0.617277,0.426772,0.3,0.817073,0.936267,0.72548,0.0734597,0.959297,0.985291,0.0385448,292,0.76168,0.3,0.3,0.342466,0.349315,109.9,7512.88,3681.3,-273.396,952.065,5455.49,2279.87,154.87,-23.4787,27.4077,351.16,227.29,261.01,22.854,58.8838,496.7,450.66
hpf_ca1__202829_027_edited.swc,18712,pyramidal,0.997577,15018,1381,2312,0,0,0,0,0,0,0,0,0,0,0.554716,0.333507,0.3,0.3,0.3,0.3,0.3,0.631573,0.631573,0.631573,0.631573,0.631573,0.449375,0.3,0.784459,0.996653,0.996653,0,0.974811,0.985786,0.0160035,340,0.719813,0.3,0.3,0.388235,0.408824,132.2,7359.28,3064.42,29.0546,715.867,3740.45,2174.84,298.85,-24.4752,61.4973,176.35,382.02,533.33,34.518,87.8166,157.76,445.99
hpf_ca1__202829_049_edited.swc,46877,pyramidal,0.998054,42054,2316,2506,0,0,0,0,0,0,0,0,0,0,0.414125,0.256792,0.3,0.3,0.3,0.3,0.3,0.835058,0.835058,0.835058,0.835058,0.835058,0.350427,0.3,0.927236,0.996653,0.996653,0,0.944464,0.985786,0.0602554,857,0.499689,0.3,0.3,0.710618,0.716453,142.4,7481.57,3687.41,-831.186,749.067,5955.94,5589.18,294.02,-5.71124,51.7241,305.29,171.19,390.52,-6.30742,62.8859,344.33,707.66
hpf_ca1__202829_085_edited.swc,53935,pyramidal,0.98416,51505,2429,0,0,0,0,0,0,0,0,0,0,0,0.511757,0.319406,0.3,0.3,0.3,0.3,0.3,0.69467,0.69467,0.69467,0.69467,0.69467,0.4903,0.3,0.725405,0.966539,0.996653,0.0432277,0,0,0,2463,0.500942,0.3,0.3,0.709704,0.713358,53,3601.64,2466.56,-135.236,329.82,2995.1,2689.05,377.46,-9.35008,67.3869,473.2,174.25,0,0,0,0,0
hpf_ca1__202829_091_edited.swc,20396,pyramidal,0.997494,16792,1648,1955,0,0,0,0,0.000812422,0,0,0,0,0,0.448264,0.283691,0.3,0.3,0.3,0.3,0.3,0.785448,0.785448,0.785448,0.785448,0.785448,0.339702,0.3,0.942711,0.98011,0.996653,0.0224515,0.932116,0.985786,0.0782609,336,0.629525,0.3,0.3,0.52381,0.529762,161,3853.32,4426.71,343.89,967.558,3232.05,1322.04,252.61,37.5605,46.5119,232.54,292.72,520.9,27.8832,79.6753,311.89,493.78
hpf_ca1__202829_094_edited.swc,20062,pyramidal,0.998119,17072,1263,1726,0,0,0,0,0.00149674,0,0,0,0,0,0.447575,0.283141,0.3,0.3,0.3,0.3,0.3,0.786362,0.786362,0.786362,0.786362,0.786362,0.354964,0.3,0.920689,0.995403,0.996653,0,0.96241,0.985157,0.0336037,411,0.633634,0.3,0.3,0.518248,0.518248,123,3565.03,4159.09,-265.446,909.437,4961.27,2293.24,164.9,-11.9901,28.7228,205.87,249.48,253.57,40.3941,45.8239,482.3,443.17
hpf_ca1__202829_110_edited.swc,14780,pyramidal,0.998059,12210,1028,1541,0,0,0.104263,0.104263,0.0052189,0,-0.104263,0.104263,0.104263,0,0.428226,0.268202,0.3,0.3,0.3,0.3,0.3,0.813938,0.813938,0.813938,0.813938,0.813938,0.310784,0.3,0.984439,0.993456,0.977791,0,0.981334,0.985786,0.00648929,285,0.612139,0.3,0.3,0.547368,0.547368,119,3680.44,5483.45,32.3885,1234.87,4032.81,1730.6,212.05,-9.63989,41.4267,181.22,200.5,341.84,85.725,72.7602,323.08,318.18
hpf_ca1__202831_005_edited.swc,54898,pyramidal,0.99491,51949,2948,0,0,0,0,0,0,0,0,0,0,0,0.633898,0.346394,0.3,0.3,0.3,0.3,0.3,0.518361,0.518361,0.518361,0.518361,0.518361,0.630108,0.3,0.523667,0.700552,0.3,0.425034,0,0,0,2275,0.661327,0.3,0.3,0.48,0.490989,61,8222.96,2884.37,4.81012,319.009,2843.43,2140.55,552.49,-7.5536,120.592,693.86,655,0,0,0,0,0
hpf_ca1__210009_021_edited.swc,19813,pyramidal,0.998052,16621,968,2223,0,0,0,0,0.0020879,0,0,0,0,0,0.447508,0.281974,0.3,0.3,0.3,0.3,0.3,0.784737,0.784737,0.784737,0.78827,0.78827,0.345114,0.3,0.934902,0.980014,0.996653,0,0.980962,0.985786,0.00404858,523,0.511744,0.3,0.3,0.692161,0.695985,86.6,2366.4,3645.93,250.139,730.525,4572.9,1949.92,124.16,-43.6711,26.9486,178.37,233.3,426.38,176.308,123.336,315.67,267.58
hpf_ca1__210009_025_edited.swc,31946,pyramidal,0.996961,28783,717,2445,0,0,0,0,0.00562181,0,0,0,0,0,0.446424,0.279859,0.3,0.3,0.3,0.3,0.3,0.784386,0.784386,0.784386,0.784386,0.800695,0.390669,0.3,0.868881,0.996653,0.996653,0,0.941201,0.835284,0.0200409,423,0.586612,0.3,0.3,0.586288,0.588652,197,2256.7,1420.59,86.5713,263.102,3163.64,2915.68,204.15,2.01767,46.2816,212.63,212.94,472.58,108.491,87.4814,284.82,481.59
hpf_ca1__210013_013_edited.swc,53050,pyramidal,0.997042,50306,192,2551,0,0,0.0480867,0.0480867,0.00445815,0,-0.0480867,0.0480867,0.0480867,0,0.35628,0.178039,0.3,0.3,0.3,0.3,0.3,0.905617,0.905617,0.912347,0.929802,0.946447,0.333627,0.3,0.951477,0.996653,0.996653,0,0.754531,0.628987,0.209722,586,0.418794,0.3,0.3,0.812287,0.875427,212.5,2409.75,4513.49,406.672,1039.05,4976.66,2247.62,97.66,31.8978,26.5174,75.97,174.3,541.94,127.425,145.278,501.36,448.52
hpf_ca1__210014_017_edited.swc,62516,pyramidal,0.997585,59587,1027,1901,0,0,0,0,5.09664e-05,0,0,0,0,0,0.352476,0.183212,0.3,0.3,0.3,0.3,0.3,0.924179,0.924179,0.924179,0.924179,0.924179,0.330402,0.3,0.956131,0.996653,0.996653,0,0.696047,0.3,0.422409,642,0.433448,0.3,0.3,0.808411,0.820872,219,2062.82,4969.02,306.075,1212.24,4900.71,2467.72,154.84,-60.3255,34.3465,180.07,240.36,429.42,204.141,90.492,399.95,363.38
hpf_ca1__210014_024_edited.swc,56052,pyramidal,0.997768,53904,915,1232,0,0,0.0219796,0.0219796,6.3514e-05,0,-0.0219796,0.0219796,0.0219796,0,0.335752,0.149575,0.3,0.3,0.3,0.3,0.3,0.941608,0.952098,0.952098,0.95233,0.95233,0.322885,0.3,0.966978,0.97838,0.996653,0.0262295,0.42092,0.3,0.989448,571,0.393473,0.3,0.3,0.872154,0.879159,226,2366.01,4656.55,690.023,1339.3,5278.66,3142.33,142.02,-23.5297,27.4063,284.3,326.58,381.82,179.117,85.3436,430.28,221.51
hpf_ca1__210014_033_edited.swc,73147,pyramidal,0.997747,70424,871,1851,0,0,0,0,0,0,0,0,0,0,0.347611,0.175099,0.3,0.3,0.3,0.3,0.3,0.931152,0.931152,0.931152,0.931152,0.931152,0.326649,0.3,0.961547,0.996653,0.996653,0,0.83941,0.3,0.213398,782,0.437415,0.3,0.3,0.803069,0.81202,248.9,2692.25,5067.51,1470.84,1320.35,7936.32,5489.83,193.59,0.508714,41.6006,189.3,267.21,373.33,52.832,77.6076,397.56,456.05
hpf_ca1__210014_035_edited.swc,22812,pyramidal,0.996615,20099,1084,1628,0,0,0,0,0,0,0,0,0,0,0.405999,0.248997,0.3,0.3,0.3,0.3,0.3,0.846572,0.846572,0.846572,0.846572,0.846572,0.328895,0.3,0.958306,0.99344,0.996653,0.00461255,0.966409,0.985786,0.0282555,265,0.636569,0.3,0.3,0.516981,0.524528,211.6,2488.3,4460.9,1256.84,1572,6592.65,4469.08,128.79,-32.3279,29.8676,189.59,218.72,354.57,115.069,76.8043,355.16,426.35
hpf_ca1__210014_050_edited.swc,25357,pyramidal,0.995929,22518,977,1861,0,0,0,0,0,0,0,0,0,0,0.413176,0.255664,0.3,0.3,0.3,0.3,0.3,0.83614,0.83614,0.83614,0.83614,0.83614,0.341948,0.3,0.939471,0.98881,0.996653,0.011259,0.97252,0.985786,0.0193444,307,0.595134,0.3,0.3,0.57329,0.57329,204.8,2038.61,4271.82,1118.77,1529.03,6526.52,3690.71,188.15,-51.0774,42.7929,205.16,211.04,401.1,189.327,113.468,380.08,458.37
hpf_ca1__210014_061_edited.swc,45975,pyramidal,0.989656,43012,1658,1304,0,0,0.0283632,0.0283632,0.000871194,0,-0.0283632,0.0283632,0.0283632,0,0.416425,0.253747,0.3,0.3,0.3,0.3,0.3,0.819532,0.833649,0.836781,0.843611,0.843611,0.392517,0.3,0.866502,0.907996,0.3,0.127262,0.579555,0.453335,0.759202,2394,0.394611,0.3,0.3,0.865497,0.875104,44,2827.43,5258.81,1494.3,1470.45,6219.3,5208.04,355.55,21.5232,69.2309,304.54,555.58,253.01,100.51,59.5141,262.57,293.77
hpf_ca1__210014_069_edited.swc,17111,pyramidal,0.99804,14830,718,1562,0,0,0,0,0,0,0,0,0,0,0.393788,0.236346,0.3,0.3,0.3,0.3,0.3,0.863947,0.863947,0.863947,0.863947,0.863947,0.303271,0.3,0.99528,0.993742,0.996653,0.00417827,0.977005,0.985786,0.0128041,305,0.522961,0.3,0.3,0.67541,0.67541,139.2,2054.12,2371.55,307.306,333.823,3324.03,2070.35,202.17,-50.6006,40.9439,155.46,257.28,468.39,191.768,135.163,323.31,331.72
hpf_ca1__210014_070_edited.swc,12944,pyramidal,0.996452,10565,788,1590,0,0,0,0,0,0,0,0,0,0,0.437653,0.275833,0.3,0.3,0.3,0.3,0.3,0.800603,0.800603,0.800603,0.800603,0.800603,0.328862,0.3,0.958353,0.996653,0.996653,0,0.883134,0.3,0.149686,291,0.553239,0.3,0.3,0.632302,0.635739,102,1957.42,800.21,155.996,165.618,1562.68,1551.95,221.73,-55.8026,52.3477,259.22,173.42,470.7,222.697,139.596,347.27,396.69
hpf_ca1__210107_014_edited.swc,25819,pyramidal,0.998003,22556,1445,1817,0,0,0,0,0,0,0,0,0,0,0.483202,0.305296,0.3,0.3,0.3,0.3,0.3,0.735234,0.735234,0.735234,0.735234,0.735234,0.412114,0.3,0.838225,0.996653,0.996653,0,0.957073,0.985692,0.0418272,524,0.660186,0.3,0.3,0.479008,0.494275,115,7865.88,3264.99,-465.21,962.661,4586.57,4812.72,182.51,-12.3635,35.1102,218.58,297.6,291.64,-54.1464,50.8719,316.99,487.27
hpf_ca1__210107_018_edited.swc,19372,pyramidal,0.998027,15842,1178,2351,0,0,0,0,0,0,0,0,0,0,0.4767,0.301374,0.3,0.3,0.3,0.3,0.3,0.744167,0.744167,0.744167,0.744167,0.744167,0.369381,0.3,0.899886,0.996062,0.996653,0.000848896,0.939406,0.985786,0.0676308,282,0.695881,0.3,0.3,0.425532,0.443262,186.8,8376.78,3108.51,327.743,618.21,2266.63,2638.84,167,10.2711,34.3773,169.31,325.88,453.18,-76.3224,74.9187,428.14,475.81
hpf_ca1__210107_026_edited.swc,17838,pyramidal,0.998078,15135,868,1834,0,0,0,0,0,0,0,0,0,0,0.479079,0.302737,0.3,0.3,0.3,0.3,0.3,0.740778,0.740778,0.740778,0.740778,0.740778,0.387961,0.3,0.873076,0.996653,0.996653,0,0.985786,0.985786,0,594,0.513017,0.3,0.3,0.691919,0.695286,64,8483.95,2476.35,113.911,383.071,3846.99,1805.65,162.17,20.1394,30.5405,161.58,157.68,236.49,-60.1182,41.0588,332.07,453.07
hpf_ca1__210107_029_edited.swc,12726,pyramidal,0.997793,10765,826,1134,0,0,0,0,0.001454,0,0,0,0,0,0.453063,0.28695,0.3,0.3,0.3,0.3,0.3,0.778485,0.778485,0.778485,0.778485,0.778485,0.355557,0.3,0.919833,0.995941,0.996653,0,0.982762,0.985786,0.00440917,221,0.675073,0.3,0.3,0.461538,0.466063,139,8058.57,2534.3,-465.995,719.959,4047.16,2524.26,128.21,-0.352906,24.1974,186.48,142.76,252.49,-78.1579,44.0463,342.57,504.17
hpf_ca1__210107_034_edited.swc,23453,pyramidal,0.997042,20268,0,3184,0,0,0,0,0.0017199,0,0,0,0,0,0.44974,0.276823,0.3,0.3,0.3,0.3,0.3,0.77069,0.775295,0.787191,0.793971,0.800836,0.379977,0.3,0.884596,0,0,0,0.893647,0.636809,0.167399,405,0.563443,0.3,0.3,0.62963,0.661728,148.6,3778.04,4862.7,-257.933,1026.29,3236.23,2484.25,0,0,0,0,0,429.75,42.9073,72.5737,470.45,534.37
hpf_ca1__210107_053_edited.swc,15647,pyramidal,0.998115,12880,942,1824,0,0,0,0,0.000796776,0,0,0,0,0,0.464411,0.29399,0.3,0.3,0.3,0.3,0.3,0.761743,0.761743,0.761743,0.761743,0.761743,0.351707,0.3,0.925388,0.995311,0.996653,0,0.985786,0.985786,0,497,0.532785,0.3,0.3,0.661972,0.663984,78.4,3173.77,2850.52,-229.86,566.885,2656.65,2259.18,206.59,-22.7812,38.6833,167.07,249.23,257.53,62.8987,45.1739,399.67,405.54
hpf_ca1__210109_005_edited.swc,66088,pyramidal,0.993697,61874,3134,1079,0,0,0.0240134,0.0240134,0.00275577,0,-0.00864,0.00864,0.0163267,0.00768672,0.366926,0.198022,0.3,0.3,0.3,0.3,0.3,0.894247,0.897288,0.899165,0.904869,0.921483,0.33424,0.3,0.950593,0.921373,0.801274,0.0360562,0.63025,0.3,0.457831,615,0.476557,0.3,0.3,0.736585,0.770732,273,8276.53,6336.29,-491.651,1228.2,4247.55,2753.31,351.17,-7.97355,62.8362,591.78,398.45,284.34,-107.517,59.1625,301.82,280.56
hpf_ca1__210109_012_edited.swc,24637,pyramidal,0.997954,21819,1094,1723,0,0,0,0,0,0,0,0,0,0,0.439765,0.277686,0.3,0.3,0.3,0.3,0.3,0.797865,0.797865,0.797865,0.797865,0.797865,0.372252,0.3,0.895733,0.996653,0.996653,0,0.940794,0.985786,0.0655833,624,0.485172,0.3,0.3,0.732372,0.738782,68,3957.66,3346.77,743.018,899.483,4638.74,5054.37,187.47,8.23792,44.1822,200.08,209.47,325.87,42.6722,80.0074,381.69,413.18
hpf_ca1__210109_015_edited.swc,23982,pyramidal,0.99727,20626,0,3355,0,0,0,0,0.0010869,0,0,0,0,0,0.439513,0.265799,0.3,0.3,0.3,0.3,0.3,0.782795,0.793595,0.802602,0.816612,0.821866,0.378824,0.3,0.88626,0,0,0,0.812452,0.444238,0.288525,566,0.515599,0.3,0.3,0.69258,0.724382,79,4147.34,4312.03,743.898,965.023,5288.55,5368.35,0,0,0,0,0,401.21,-13.7737,66.2031,490.67,567.05
hpf_ca1__210109_025_edited.swc,16445,pyramidal,0.998003,13312,1203,1929,0,0,0,0,0,0,0,0,0,0,0.471447,0.298379,0.3,0.3,0.3,0.3,0.3,0.751779,0.751779,0.751779,0.751779,0.751779,0.350186,0.3,0.927584,0.996653,0.996653,0,0.980453,0.985786,0.00777605,346,0.626405,0.3,0.3,0.526012,0.528902,106,3513.79,3295.68,-256.978,655.365,4393.63,1689.51,130.3,-20.3349,25.2442,200.76,165.96,270.04,38.7196,42.1199,356.45,393.94
hpf_ca1__210109_032_edited.swc,53443,pyramidal,0.997961,51461,1981,0,0,0,0,0,0,0,0,0,0,0,0.342937,0.167289,0.3,0.3,0.3,0.3,0.3,0.938196,0.938196,0.938196,0.938196,0.938196,0.323688,0.3,0.965819,0.842623,0.3,0.2211,0,0,0,987,0.352879,0.3,0.3,0.925025,0.927052,143.4,3861.33,5116.25,-1315.18,1136.9,5131.25,5557.65,492.68,-37.6621,93.6624,394.14,198.47,0,0,0,0,0
hpf_ca1__210110_003_edited.swc,26920,pyramidal,0.99755,23621,1109,2189,0,0,0,0,0.00149315,0,0,0,0,0,0.440199,0.277795,0.3,0.3,0.3,0.3,0.3,0.796991,0.796991,0.796991,0.796991,0.796991,0.364047,0.3,0.907582,0.995281,0.996653,0,0.980457,0.985786,0.0077661,450,0.581985,0.3,0.3,0.591111,0.595556,133.2,3882.58,3848.72,414.676,946.479,5810.29,2998.45,220.2,38.8488,44.5198,156.92,271.19,291.43,73.9619,70.4432,324.1,446.85
hpf_ca1__210110_008_edited.swc,15109,pyramidal,0.99794,12806,609,1693,0,0,0,0,0,0,0,0,0,0,0.520713,0.322086,0.3,0.3,0.3,0.3,0.3,0.680455,0.680455,0.680455,0.680455,0.680455,0.436644,0.3,0.802827,0.994841,0.990622,0,0.985785,0.985786,0,268,0.67462,0.3,0.3,0.462687,0.466418,107.3,3915.9,2473.2,706.409,800.75,4581.69,3375.11,163.15,29.5745,36.2888,88.37,169.49,338.91,38.8088,63.5303,266.51,395.72
hpf_ca1__210110_013_edited.swc,19400,pyramidal,0.9978,16244,1069,2086,0,0,0,0,0,0,0,0,0,0,0.448395,0.283606,0.3,0.3,0.3,0.3,0.3,0.785052,0.785052,0.785052,0.785052,0.785052,0.344284,0.3,0.936099,0.996653,0.996653,0,0.977896,0.985786,0.0115053,436,0.584992,0.3,0.3,0.58945,0.591743,117.5,3663.72,2120.93,-298.038,399.464,3108.4,1646.72,145.42,5.96877,28.2038,129.54,211.88,354.28,59.4288,62.4472,212.05,444.27
hpf_ca1__210110_034_edited.swc,21694,pyramidal,0.998047,18918,721,2054,0,0,0,0,0,0,0,0,0,0,0.438081,0.276122,0.3,0.3,0.3,0.3,0.3,0.799945,0.799945,0.799945,0.799945,0.799945,0.357843,0.3,0.916535,0.996653,0.996653,0,0.980755,0.985786,0.00730282,528,0.555388,0.3,0.3,0.628788,0.632576,102,3377,3362.02,-90.729,465.347,4073.73,1819.98,109.89,-11.129,22.3317,117.18,231.35,266.14,78.6779,61.2754,372.12,303.6
hpf_ca1__210110_047_edited.swc,12428,pyramidal,0.996336,9570,950,1907,0,0,0,0,0,0,0,0,0,0,0.522777,0.322788,0.3,0.3,0.3,0.3,0.3,0.677341,0.677341,0.677341,0.677341,0.677341,0.383423,0.3,0.879624,0.996653,0.996653,0,0.985786,0.985786,0,553,0.526782,0.3,0.3,0.670886,0.670886,55.8,8066.3,1047.54,-57.9093,164.689,2332.78,1048.31,167.45,-7.25384,36.3226,166.28,158.96,353.16,-137.828,82.0028,315.64,364.54
hpf_ca1__210110_054_edited.swc,62732,pyramidal,0.99794,57125,2081,3525,0,0,0,0,0.000311694,0,0,0,0,0,0.384147,0.225603,0.3,0.3,0.3,0.3,0.3,0.87767,0.87767,0.87767,0.878993,0.878993,0.327781,0.3,0.959912,0.984873,0.996653,0.000961076,0.942783,0.985786,0.062695,1063,0.463386,0.3,0.3,0.763876,0.768579,153,7937.09,4812.51,-1439.34,1014.45,6052.38,5514.44,316.75,7.62638,53.38,235.18,338.6,661.79,-61.6763,97.4561,336.02,574.61
hpf_ca1__210110_057_edited.swc,26528,pyramidal,0.997924,23098,1131,2298,0,0,0,0,0,0,0,0,0,0,0.453944,0.287543,0.3,0.3,0.3,0.3,0.3,0.777217,0.777217,0.777217,0.777217,0.777217,0.376839,0.3,0.889125,0.996653,0.996653,0,0.961614,0.985786,0.035248,424,0.580801,0.3,0.3,0.599057,0.606132,167.7,8086.86,3817.29,-201.632,632.341,3246.84,1900.43,186.54,2.44832,32.4689,189.46,300.15,305.35,-90.5017,62.3172,352.58,485.6
hpf_ca1__210110_066_edited.swc,34730,pyramidal,0.992703,33234,1495,0,0,0,0,0,0,0,0,0,0,0,0.32284,0.124034,0.3,0.3,0.3,0.3,0.3,0.967204,0.967204,0.967204,0.967204,0.967204,0.301543,0.3,0.997773,0.795812,0.3,0.288294,0,0,0,1112,0.312643,0.3,0.3,0.980216,0.982914,71,7907.01,1672.14,-155.466,216.56,1723.24,551.82,563.83,-17.3499,122.969,524.71,290.47,0,0,0,0,0
hpf_ca1__210111_011_edited.swc,30565,pyramidal,0.997909,27530,1717,1317,0,0,0,0,0,0,0,0,0,0,0.378306,0.215326,0.3,0.3,0.3,0.3,0.3,0.882316,0.882316,0.882316,0.882316,0.906723,0.331341,0.3,0.954777,0.93417,0.996653,0.0896913,0.634875,0.3,0.40167,432,0.443238,0.3,0.3,0.793981,0.800926,183.8,3331.95,3777.85,1157.51,1023.3,6164.34,5162.12,353.95,24.7916,61.9825,392.41,266.97,558.08,160.401,140.175,290.24,505.7
hpf_ca1__210111_014_edited.swc,17850,pyramidal,0.998056,14358,1179,2312,0,0,0,0,0,0,0,0,0,0,0.476348,0.301069,0.3,0.3,0.3,0.3,0.3,0.744538,0.744538,0.744538,0.744538,0.744538,0.352129,0.3,0.924781,0.996653,0.996653,0,0.982224,0.985786,0.00519031,423,0.622503,0.3,0.3,0.534279,0.536643,104.4,3181.06,2116.9,-279.799,510.269,2747.06,2364.32,197.28,-15.9752,39.5628,156.21,235.86,333.84,74.9673,61.1927,295.9,415.18
hpf_ca1__210111_016_edited.swc,25883,pyramidal,0.99701,22269,0,3613,0,0,0,0,0.00069467,0,0,0,0,0,0.409162,0.239673,0.3,0.3,0.3,0.3,0.3,0.827686,0.833443,0.850017,0.86014,0.866669,0.341297,0.3,0.94041,0,0,0,0.827292,0.478593,0.293108,430,0.500924,0.3,0.3,0.723256,0.762791,147.1,3423.92,4208.04,297.279,949.299,5502.23,2601.26,0,0,0,0,0,429.91,52.9398,74.3481,425.71,647.21
hpf_ca1__210111_100_edited.swc,18638,pyramidal,0.996529,15517,1091,2029,0,0,0,0,0,0,0,0,0,0,0.499937,0.31338,0.3,0.3,0.3,0.3,0.3,0.710699,0.710699,0.710699,0.710699,0.710699,0.403661,0.3,0.850422,0.996653,0.996653,0,0.968887,0.985786,0.0246427,478,0.598838,0.3,0.3,0.566946,0.57113,88.6,8606.76,3687.53,104.855,660.613,4467.8,2036.07,178.19,33.7932,40.0984,151.41,174.84,398.7,-107.153,83.4843,316.11,518.55
hpf_ca1__210111_161_edited.swc,23406,pyramidal,0.995613,21480,1925,0,0,0,0,0,0,0,0,0,0,0,0.704597,0.341903,0.3,0.3,0.3,0.3,0.993021,0.416603,0.416603,0.416603,0.416603,0.416603,0.680193,0.3,0.451397,0.976749,0.996653,0.0285714,0,0,0,571,0.77054,0.3,0.3,0.323993,0.33275,99,2840.15,1323.34,-160.125,201.306,2021.85,1343.42,430.95,-48.6745,90.8034,391.86,271.9,0,0,0,0,0
hpf_ca1__210131_004_edited.swc,16567,pyramidal,0.997429,13861,874,1831,0,0,0,0,0,0,0,0,0,0,0.435031,0.273608,0.3,0.3,0.3,0.3,0.3,0.804129,0.804129,0.804129,0.804129,0.804129,0.32722,0.3,0.960537,0.996653,0.996653,0,0.98279,0.985786,0.0043692,346,0.621477,0.3,0.3,0.537572,0.537572,129.5,7280.38,2799.74,878.269,887.067,2978.48,2165.17,152.39,2.06491,26.0069,167.74,161.78,357.34,2.53985,61.903,374.18,414.22
hpf_ca1__210131_005_edited.swc,16445,pyramidal,0.996399,13320,1249,1875,0,0,0,0,0.000361181,0,0,0,0,0,0.549176,0.33199,0.3,0.3,0.3,0.3,0.3,0.639647,0.639647,0.639647,0.639647,0.639647,0.446771,0.3,0.788213,0.996461,0.996653,0,0.978471,0.985786,0.0106667,281,0.738099,0.3,0.3,0.373665,0.3879,133,7142.73,2340.04,-364.343,616.241,3934.17,2821.46,170.95,-12.8609,26.6908,279.7,154.52,268.66,58.0885,51.0212,429.23,482.89
hpf_ca1__210132_003_edited.swc,14079,pyramidal,0.99789,11529,1171,1378,0,0,0,0,0.00759787,0,0,0,0,0,0.485068,0.305502,0.3,0.3,0.3,0.3,0.3,0.731515,0.731515,0.731515,0.731515,0.731515,0.378445,0.3,0.886807,0.98907,0.971903,0,0.948461,0.985786,0.0544267,352,0.653994,0.3,0.3,0.491477,0.491477,103.8,6864.45,3771.48,465.328,722.04,3396.05,1796.56,228.06,-33.3386,36.9113,174.25,165.6,302.05,29.9421,51.516,209.46,556.15
hpf_ca1__210248_017_edited.swc,31064,pyramidal,0.994548,27757,1796,1510,0,0,0,0,0,0,0,0,0,0,0.411134,0.254075,0.3,0.3,0.3,0.3,0.3,0.839396,0.839396,0.839396,0.839396,0.839396,0.346165,0.3,0.933386,0.931875,0.996653,0.0929844,0.985637,0.985692,0,610,0.487938,0.3,0.3,0.729508,0.737705,90,8499.46,4282.42,-1418.64,1253.66,5892.54,5179.62,484.75,-30.5145,95.217,304.13,347.54,497.35,-130.254,98.7263,204.75,488.49
hpf_ca1__210249_002_edited.swc,8538,pyramidal,0.994903,7184,1353,0,0,0,0,0,0,0,0,0,0,0,0.413956,0.257644,0.3,0.3,0.3,0.3,0.3,0.836379,0.836379,0.836379,0.836379,0.836379,0.307139,0.3,0.989699,0.980692,0.996653,0.022912,0,0,0,227,0.430123,0.3,0.3,0.810573,0.814978,99.4,8662.51,1140.28,-81.5617,208.618,1208.23,1250.51,301.34,1.99061,66.0903,395.22,221.82,0,0,0,0,0
hpf_ca1__210249_005_edited.swc,29807,pyramidal,0.992199,26298,1840,1668,0,0,0,0,0,0,0,0,0,0,0.401565,0.244408,0.3,0.3,0.3,0.3,0.3,0.852719,0.852719,0.852719,0.852719,0.852719,0.323645,0.3,0.965359,0.985295,0.996653,0.0163043,0.985786,0.985786,0,591,0.478927,0.3,0.3,0.741117,0.742809,108,7750.38,4951.81,-1096.27,1404.17,5659.63,5131.51,223.55,-53.1584,41.0112,174.11,365.82,458.92,36.3843,97.4362,350.24,601.92
hpf_ca1__210253_001_edited.swc,29412,pyramidal,0.997656,27194,2217,0,0,0,0,0,0,0,0,0,0,0,0.353855,0.185958,0.3,0.3,0.3,0.3,0.3,0.922617,0.922617,0.922617,0.922617,0.922617,0.311213,0.3,0.98382,0.876616,0.3,0.172305,0,0,0,1359,0.326454,0.3,0.3,0.961001,0.96468,47.2,8033.02,2764.66,-1678.14,738.46,1998.51,1880.92,535.25,25.4668,94.6195,592.13,575.96,0,0,0,0,0
hpf_ca1__210253_028_edited.swc,46407,pyramidal,0.997408,40660,1827,3919,0,0,0,0,0,0,0,0,0,0,0.403658,0.246554,0.3,0.3,0.3,0.3,0.3,0.849786,0.849786,0.849786,0.849786,0.849786,0.32347,0.3,0.966134,0.996653,0.996653,0,0.95901,0.985786,0.0390406,406,0.654113,0.3,0.3,0.487685,0.492611,330,8888.23,4452.36,-1139.19,1560.85,8075.52,4310.32,217.18,34.789,39.2862,230.53,384.66,387,-57.7446,66.7981,459.99,641.73
hpf_ca1__210668_015_edited.swc,49748,pyramidal,0.994925,47450,804,1493,0,0,0,0,0,0,0,0,0,0,0.35739,0.184602,0.3,0.3,0.3,0.3,0.3,0.907835,0.910167,0.919635,0.920339,0.930691,0.338704,0.3,0.944152,0.990588,0.996653,0.00870647,0.609848,0.3,0.631614,533,0.418059,0.3,0.3,0.840525,0.855535,199,3110.72,6594.62,112.15,1665.36,3650.19,2863.79,203.14,-21.9782,40.2454,223.94,178.4,336.78,116.294,77.4414,362,323.27
hpf_ca1__210669_016_edited.swc,19240,pyramidal,0.996066,15601,1420,2218,0,0,0,0,0.00311665,0,0,0,0,0,0.50932,0.314704,0.3,0.3,0.3,0.3,0.3,0.690593,0.694387,0.694387,0.698545,0.709304,0.406967,0.3,0.845651,0.912459,0.790662,0.0838028,0.970933,0.985786,0.0216411,394,0.660931,0.3,0.3,0.477157,0.494924,113.5,3314.8,2633.34,296.1,483.662,2554.93,1024.87,222.54,20.185,37.3301,195.77,218.26,650.22,209.26,177.043,209.67,281.39
hpf_ca1__210670_015_edited.swc,10400,pyramidal,0.995507,8505,730,1164,0,0,0,0,0,0,0,0,0,0,0.557536,0.334336,0.3,0.3,0.3,0.3,0.3,0.627596,0.627596,0.627596,0.627596,0.627596,0.46199,0.3,0.766255,0.996653,0.996653,0,0.979895,0.985786,0.00859107,292,0.651471,0.3,0.3,0.489726,0.503425,77,3101.3,1692.65,206.307,296.831,2528.34,883.6,106.82,-7.90974,19.5385,160.43,148.48,263.35,93.7472,55.298,248.94,473.93
hpf_ca1__210670_019_edited.swc,32268,pyramidal,0.998025,30404,1863,0,0,0,0,0,0,0,0,0,0,0,0.458662,0.291419,0.3,0.3,0.3,0.3,0.3,0.771352,0.771352,0.771352,0.771352,0.771352,0.426802,0.3,0.817031,0.97833,0.996653,0.0263017,0,0,0,1087,0.441035,0.3,0.3,0.798528,0.802208,66,2628.36,3614.82,402.72,949.899,4971.01,3018.33,373.66,-27.2188,70.6866,538.12,287.04,0,0,0,0,0
hpf_ca1__210670_023_edited.swc,17822,pyramidal,0.995489,16099,677,1045,0,0,0,0,0,0,0,0,0,0,0.422362,0.263884,0.3,0.3,0.3,0.3,0.3,0.823028,0.823028,0.823028,0.823028,0.823028,0.361902,0.3,0.910678,0.996653,0.996653,0,0.981192,0.985786,0.00669856,421,0.511682,0.3,0.3,0.700713,0.703088,109,2956.53,3821.4,175.204,943.675,4919.09,2557.94,110.2,-3.90062,22.8599,157.86,159.47,282.48,127.48,65.6685,287.07,438.96
hpf_ca1__210670_030_edited.swc,64296,pyramidal,0.997654,60527,1690,2078,0,0,0,0,0,0,0,0,0,0,0.344284,0.169377,0.3,0.3,0.3,0.3,0.3,0.936015,0.936015,0.936015,0.936015,0.936015,0.311954,0.3,0.982751,0.996653,0.996653,0,0.755101,0.3,0.336381,649,0.415053,0.3,0.3,0.836672,0.836672,230,2499.94,7861.33,2216.84,2655.85,4930.58,3416.76,261.29,-66.0578,56.8447,249.83,353.88,399.94,161.287,81.3528,361.89,407.01
hpf_ca1__210671_026_edited.swc,32120,pyramidal,0.994144,29282,1206,1631,0,0,0,0,0,0,0,0,0,0,0.389641,0.23197,0.3,0.3,0.3,0.3,0.3,0.87005,0.87005,0.87005,0.87005,0.87005,0.331619,0.3,0.954375,0.996653,0.996653,0,0.982119,0.955413,0,576,0.503779,0.3,0.3,0.704861,0.710069,134,3222.03,5009.65,1717.54,1187.56,5986.68,5015.51,210.76,24.1321,40.1193,146.18,171.08,293.24,60.4823,59.3013,139.66,626.95
hpf_ca1__210671_033_edited.swc,30989,pyramidal,0.994168,28437,896,1655,0,0,0,0,0,0,0,0,0,0,0.381516,0.22253,0.3,0.3,0.3,0.3,0.3,0.881668,0.881668,0.881668,0.881668,0.881668,0.327173,0.3,0.960791,0.996653,0.996653,0,0.981856,0.955413,0,388,0.574957,0.3,0.3,0.603093,0.60567,212.3,2926.11,4733.82,1415.89,1481.85,6092.27,4741.84,166.16,-19.1484,33.6192,146.11,236.14,274.82,92.0407,63.1794,212.59,469.81
hpf_ca1__210671_036_edited.swc,54496,pyramidal,0.997868,50493,1593,2409,0,0,0,0,0.00192864,0,0,0,0,0,0.386608,0.228492,0.3,0.3,0.3,0.3,0.3,0.874358,0.874358,0.874358,0.874358,0.874358,0.34112,0.3,0.940665,0.98737,0.959689,0,0.942515,0.985786,0.0630967,575,0.571561,0.3,0.3,0.608696,0.62087,263.8,2821.59,3442.21,-656.938,690.616,3565.05,5717.36,181.84,-3.12756,33.0429,177.84,317.7,375.19,109.795,80.5891,307.9,523.88
hpf_ca1__210671_037_edited.swc,16483,pyramidal,0.997935,14031,922,1529,0,0,0,0,0,0,0,0,0,0,0.466458,0.295392,0.3,0.3,0.3,0.3,0.3,0.758964,0.758964,0.758964,0.758964,0.758964,0.378033,0.3,0.887392,0.996653,0.996653,0,0.957834,0.985786,0.0385873,351,0.704287,0.3,0.3,0.410256,0.415954,101,2770.48,3801.74,1617.94,1297.31,6893.72,3649.76,167.6,-21.0841,27.9838,159.26,173.28,288.03,105.477,59.9963,234.18,543.88
hpf_ca1__210671_061_edited.swc,31839,pyramidal,0.997729,27579,2633,1626,0,0,0,0,0,0,0,0,0,0,0.415795,0.256023,0.3,0.3,0.3,0.3,0.3,0.825623,0.835705,0.835705,0.835705,0.835705,0.336261,0.3,0.947678,0.930776,0.531987,0.12951,0.930535,0.985786,0.0805658,429,0.594095,0.3,0.3,0.585082,0.594406,202.2,2671.7,5049.39,-129.496,1389,5626,3278.87,355.74,35.3779,74.2267,259,625.15,399.59,44.8759,75.8886,275.18,558.3
hpf_ca1__210671_062_edited.swc,65754,pyramidal,0.997576,62165,1460,2128,0,0,0,0,0,0,0,0,0,0,0.337602,0.15666,0.3,0.3,0.3,0.3,0.3,0.945524,0.945524,0.945524,0.945524,0.945524,0.300591,0.3,0.999147,0.996176,0.996653,0.000684932,0.966646,0.985291,0.0277256,801,0.427961,0.3,0.3,0.813983,0.813983,226,2818.66,3657.84,2099.64,596.047,6549.01,5998.62,161.52,-17.0796,32.2024,229.52,308.7,311.04,91.5928,61.2374,310.09,497.03
hpf_ca1__210671_066_edited.swc,17967,pyramidal,0.997818,15498,991,1477,0,0,0,0,0,0,0,0,0,0,0.478387,0.302549,0.3,0.3,0.3,0.3,0.3,0.742027,0.742027,0.742027,0.742027,0.742027,0.396857,0.3,0.86024,0.996653,0.996653,0,0.985786,0.985786,0,471,0.61869,0.3,0.3,0.539278,0.545648,85,2760.68,4038.52,1023.06,1363.28,5797.68,3561.5,120.43,-36.9091,26.7617,200.85,161.44,355.02,133.713,90.0666,263.02,489.15
hpf_ca1__210698_006_edited.swc,5408,pyramidal,0.994325,2193,1078,2136,0,0,0,0,0,0,0,0,0,0,0.766807,0.322764,0.3,0.3,0.3,0.3,0.985786,0.32341,0.32341,0.32341,0.32341,0.32341,0.451687,0.3,0.781122,0.996653,0.996653,0,0.974228,0.985786,0.0168539,156,0.910285,0.3,0.421747,0.121795,0.121795,56.5,7543.9,2155.75,-562.02,567.418,1168.32,1003.09,200.73,17.9491,39.193,214.29,207.17,384.68,-50.6475,53.9438,442.75,467.04
hpf_ca1__210698_025_edited.swc,31047,pyramidal,0.981404,29081,1965,0,0,0,0,0,0.0024776,0,0,0,0,0,0.426704,0.266343,0.3,0.3,0.3,0.3,0.3,0.814797,0.814797,0.814797,0.81557,0.82475,0.400041,0.3,0.855645,0.821014,0.3,0.210687,0,0,0,580,0.467068,0.3,0.3,0.756897,0.775862,122.2,6962.55,1649.37,-77.6812,284.159,1395.38,1056.36,378.17,-33.0629,83.694,524.91,573.7,0,0,0,0,0
hpf_ca1__210700_004_edited.swc,10312,pyramidal,0.995614,8126,1038,1147,0,0,0,0,0,0,0,0,0,0,0.488065,0.307673,0.3,0.3,0.3,0.3,0.3,0.727987,0.727987,0.727987,0.727987,0.727987,0.352791,0.3,0.923825,0.996653,0.996653,0,0.985717,0.985291,0,238,0.668213,0.3,0.3,0.470588,0.470588,96.6,7032.46,2142.3,3.97976,364.122,2343.88,1177.08,152.08,-23.0337,25.0266,156.57,155.75,319.62,87.5601,64.0866,213.29,411.94
hpf_ca1__210700_006_edited.swc,20808,pyramidal,0.99507,18560,2247,0,0,0,0,0,0,0,0,0,0,0,0.37144,0.21122,0.3,0.3,0.3,0.3,0.3,0.897347,0.897347,0.897347,0.897347,0.897347,0.315795,0.3,0.977209,0.830783,0.3,0.238095,0,0,0,885,0.339517,0.3,0.3,0.941243,0.946893,49,6855.23,1572.66,220.591,246.591,1117.86,1049.11,466.33,-25.1088,96.1226,605.84,273.09,0,0,0,0,0
hpf_ca1__210701_011_edited.swc,46371,pyramidal,0.996969,32715,13655,0,0,0,0,0,0,0,0,0,0,0,0.400295,0.243292,0.3,0.3,0.3,0.3,0.3,0.854694,0.854694,0.854694,0.854694,0.854694,0.400496,0.3,0.853859,0.399769,0.3,0.856756,0,0,0,1650,0.401588,0.3,0.3,0.852121,0.855152,75,4543.18,1905.57,-108.436,394.977,1614.08,1278.55,1482.35,6.08382,266.745,2408.03,1148.27,0,0,0,0,0
hpf_ca1__210701_016_edited.swc,17884,pyramidal,0.997906,15509,666,1708,0,0,0,0,0,0,0,0,0,0,0.478395,0.3025,0.3,0.3,0.3,0.3,0.3,0.741948,0.741948,0.741948,0.741948,0.741948,0.412964,0.3,0.836998,0.996653,0.996653,0,0.870135,0.3,0.168618,260,0.736842,0.3,0.3,0.376923,0.384615,178.2,3834.55,4563.65,-203.974,1405.33,5673.48,3477.9,205.64,-10.5514,36.8244,124.46,165.75,234.43,-33.8028,48.159,412.31,487.24
hpf_ca1__210701_018_edited.swc,12621,pyramidal,0.997949,10182,939,1499,0,0,0,0,0.00922583,0,0,0,0,0,0.450313,0.284596,0.3,0.3,0.3,0.3,0.3,0.781871,0.781871,0.781871,0.781871,0.781871,0.345943,0.3,0.933707,0.990295,0.977714,0,0.82063,0.3,0.240827,424,0.483834,0.3,0.3,0.733491,0.733491,69.7,3780.3,3552.63,-189.688,707.771,3268.3,1919.64,161.17,-14.3296,34.586,158.26,133.5,244.31,7.4332,35.1886,267.1,532.22
hpf_ca1__210703_021_edited.swc,16838,pyramidal,0.994386,16002,835,0,0,0,0,0,0,0,0,0,0,0,0.678409,0.345206,0.3,0.3,0.3,0.3,0.993021,0.454211,0.454211,0.454211,0.454211,0.454211,0.664786,0.3,0.473628,0.939086,0.996653,0.0826347,0,0,0,424,0.711988,0.3,0.3,0.410377,0.429245,91,4620.86,1203.31,106.602,194.789,1214.48,815.56,350.46,27.4007,78.999,297.62,261.64,0,0,0,0,0
hpf_ca1__210703_025_edited.swc,22735,pyramidal,0.994905,21434,1300,0,0,0,0,0,0,0,0,0,0,0,0.351383,0.181964,0.3,0.3,0.3,0.3,0.3,0.926149,0.926149,0.926149,0.926149,0.926149,0.313159,0.3,0.981011,0.981113,0.996653,0.0223077,0,0,0,916,0.348755,0.3,0.3,0.930131,0.931223,61,4443.96,1546.04,-345.799,252.78,1184.56,932.6,185.45,-12.8011,35.9413,366.01,322.61,0,0,0,0,0
hpf_ca1__210705_003_edited.swc,44365,pyramidal,0.989444,42693,1671,0,0,0,0,0,0,0,0,0,0,0,0.582167,0.340603,0.3,0.3,0.3,0.3,0.3,0.593013,0.593013,0.593013,0.593013,0.593013,0.569981,0.3,0.610428,0.89326,0.3,0.148414,0,0,0,655,0.726472,0.3,0.3,0.407634,0.432061,184,3975.51,2001.62,-249.504,389.495,1587.3,1110.8,402.58,-32.058,97.1893,452.48,584.96,0,0,0,0,0
hpf_ca1__210705_006_edited.swc,7450,pyramidal,0.994154,5698,641,1110,0,0,0,0,0,0,0,0,0,0,0.507637,0.316577,0.3,0.3,0.3,0.3,0.3,0.699195,0.699195,0.699195,0.699195,0.699195,0.360494,0.3,0.912601,0.986872,0.996653,0.0140406,0.985784,0.985786,0,182,0.707384,0.3,0.3,0.406593,0.412088,92.8,4049.93,1504.81,-73.1505,277.781,1032.86,820.14,187.65,19.2364,36.5527,146.45,187.49,228.69,-41.9044,42.1904,161.48,510.18
hpf_ca1__210705_011_edited.swc,12317,pyramidal,0.997896,9120,1085,2111,0,0,0,0,0,0,0,0,0,0,0.505469,0.314935,0.3,0.3,0.3,0.3,0.3,0.701388,0.701388,0.701388,0.701388,0.701388,0.346835,0.3,0.93136,0.996653,0.996653,0,0.938111,0.985157,0.0686878,328,0.643986,0.3,0.3,0.496951,0.503049,92.6,3780.66,2895.82,-944.036,998.584,2406.47,2528.1,200.39,-0.103014,34.6758,192.75,129.28,438.52,26.743,70.6754,466.35,552.33
hpf_ca1__210711_018_edited.swc,22248,pyramidal,0.998078,19017,1046,2184,0,0,0,0,0,0,0,0,0,0,0.444883,0.281172,0.3,0.3,0.3,0.3,0.3,0.790183,0.790183,0.790183,0.790183,0.790183,0.354007,0.3,0.92207,0.996653,0.996653,0,0.971656,0.985786,0.0206044,493,0.539866,0.3,0.3,0.651116,0.659229,113,7884.28,4882.24,-232.205,1028.86,3387.93,2210.49,183.53,4.19605,35.1899,210.04,265.24,343.45,-55.1788,58.6934,395.38,324.54
hpf_ca1__210711_026_edited.swc,17814,pyramidal,0.998035,15249,840,1724,0,0,0,0,0,0,0,0,0,0,0.447835,0.283292,0.3,0.3,0.3,0.3,0.3,0.785955,0.785955,0.785955,0.785955,0.785955,0.359581,0.3,0.914027,0.996653,0.996653,0,0.960726,0.985786,0.0365429,373,0.594422,0.3,0.3,0.579088,0.581769,127.6,8503.58,4130.93,-148.67,786.682,4960.15,1660.31,149.34,25.4808,32.1365,156.04,125.59,288.66,-108.595,69.9935,432.18,446.51
neuromorpho__020315-3-ST.swc,7033,interneuron,0.994359,6595,437,0,0,0,0,0,0,0,0,0,0,0,0.928307,0.211536,0.3,0.3,0.3,0.999596,0.999596,0.101806,0.101806,0.101806,0.101806,0.101806,0.923557,0.3,0.108567,0.999824,0.999824,0,0,0,0,1219,0.924999,0.3,0.3,0.105824,0.109106,12,2.929,98.5,16.8018,20.7854,747.3,1069.8,59,3.7369,11.6767,234.39,210.74,0,0,0,0,0
neuromorpho__020414-pos-div13-cs3.swc,1490,interneuron,0.957116,0,1489,0,0,0,0,0,0,0,0,0,0,0,0.999824,4.56449e-06,0.999824,0.999824,0.999824,0.999824,0.999824,0,0,0,0,0,0,0,0,0.999824,0.999824,0,0,0,0,44,0.999828,0.999824,0.999824,0,0,60,0,0,0,0,0,0,5,0.515782,0.95002,79.12,151.1,0,0,0,0,0
neuromorpho__020414-pos-div14-cs2.swc,1693,interneuron,0.917327,0,1692,0,0,0,0,0,0,0,0,0,0,0,0.999824,4.28228e-06,0.999824,0.999824,0.999824,0.999824,0.999824,0,0,0,0,0,0,0,0,0.999824,0.999824,0,0,0,0,38,0.999828,0.999824,0.999824,0,0,95.1,0,0,0,0,0,0,2,0.17435,0.495587,109.6,186.06,0,0,0,0,0
neuromorpho__020414-pos-div14-cs4.swc,1393,interneuron,0.650083,0,1392,0,0,0,0,0,0,0,0,0,0,0,0.999824,4.72063e-06,0.999824,0.999824,0.999824,0.999824,0.999824,0,0,0,0,0,0,0,0,0.999824,0.999824,0,0,0,0,20,0.999833,0.999824,0.999824,0,0,108.1,0,0,0,0,0,0,1,0.206897,0.405081,89.92,192.69,0,0,0,0,0
neuromorpho__020726-3-NPY.swc,4743,interneuron,0.9956,4102,640,0,0,0,0,0,0,0,0,0,0,0,0.998585,0.0204768,0.3,0.999596,0.999596,0.999596,0.999596,0.000843348,0.000843348,0.000843348,0.000843348,0.000843348,0.998391,0.999596,0.000975134,0.999824,0.999824,0,0,0,0,585,0.998779,0.3,0.999596,0,0,17,-1.5,70.5,8.26468,13.9198,500.8,570.2,34.5,4.53984,7.62251,201.66,157.46,0,0,0,0,0
neuromorpho__02a_pyramidal2aFI.swc,1512,pyramidal,0.808521,779,732,0,0,0,0,0,0,0,0,0,0,0,0.71952,0.250004,0.3,0.3,0.3,0.604018,0.649416,0.16336,0.236111,0.555556,0.616402,0.616402,0.555737,0.3,0.8819,0.893435,0.630131,0.209016,0,0,0,33,0.787245,0.3,0.581804,0.424242,0.575758,112.2,-0.15,160.02,62.1172,32.8498,263.16,213.84,76.88,6.71869,18.0438,154,299.2,0,0,0,0,0
neuromorpho__03-22-01-2doubleBouquet.swc,9637,interneuron,0.996904,8019,1617,0,0,0,0,0,0,0,0,0,0,0,0.943124,0.190588,0.3,0.3,0.999596,0.999596,0.999596,0.0807305,0.0807305,0.0807305,0.0807305,0.0807305,0.95324,0.999596,0.0662177,0.892924,0.3,0.152752,0,0,0,557,0.950794,0.3,0.999596,0.0682226,0.070018,38,0,115.24,-24.7257,26.2805,399.71,889.72,93.99,-13.297,22.7274,196.71,514.37,0,0,0,0,0
neuromorpho__03-27-01-3wideArbor.swc,21099,interneuron,0.987608,19285,1813,0,0,0,0,0,0,0,0,0,0,0,0.861106,0.278774,0.3,0.3,0.3,0.999596,0.999596,0.197971,0.197971,0.197971,0.197971,0.197971,0.85332,0.3,0.209074,0.943853,0.999824,0.0799779,0,0,0,764,0.896006,0.3,0.3,0.145288,0.163613,66.7,0,219.16,45.0606,45.0532,1469.83,1529.51,58.91,4.36719,10.5972,281.84,504.37,0,0,0,0,0
neuromorpho__030915-2_20x.swc,4679,interneuron,0.99753,3650,1028,0,0,0,0,0,0,0,0,0,0,0,0.997906,0.0307244,0.3,0.999596,0.999596,0.999596,0.999596,0.00192349,0.00192349,0.00192349,0.00192349,0.00192349,0.999091,0.999596,0,0.993697,0.999824,0.00875486,0,0,0,625,0.999069,0.3,0.999596,0,0,16,0,101,-24.963,26.1906,592.37,139.95,101,-35.6089,23.2365,329.65,364.24,0,0,0,0,0
neuromorpho__031115-1_20x.swc,5224,interneuron,0.994372,3873,1350,0,0,0,0,0,0,0,0,0,0,0,0.999594,0.000901496,0.986406,0.999596,0.999596,0.999596,0.999596,0,0,0,0,0,0.999514,0.999596,0,0.999824,0.999824,0,0,0,0,546,0.999545,0.986406,0.999596,0,0,20,0,105.99,-42.7209,27.627,672.66,245.85,95.99,-31.5115,24.7044,462.09,217.42,0,0,0,0,0
neuromorpho__032118Ac1_nNOS-1.swc,11037,interneuron,0.8717,9565,1471,0,0,0,0,0,0,0,0,0,0,0,0.554161,0.332696,0.3,0.3,0.3,0.3,0.3,0.631422,0.631422,0.631422,0.631422,0.631603,0.499258,0.3,0.709043,0.910859,0.3,0.127124,0,0,0,77,0.754098,0.3,0.3,0.376623,0.402597,352.2,0,12.98,4.73548,2.15247,1350.26,1296.09,19.98,7.59368,4.84089,340.87,551.62,0,0,0,0,0
neuromorpho__03b_pyramidal4aFI.swc,971,pyramidal,0.920918,124,388,458,0,0,0,0,0,0,0,0,0,0,0.811138,0.299573,0.3,0.3,0.3,0.3,0.985786,0.255407,0.255407,0.255407,0.255407,0.255407,0.796619,0.3,0.241935,0.925515,0.781284,0.100515,0.717761,0.3,0.39083,16,0.914859,0.3,0.729023,0.125,0.1875,139.5,0,29.24,24.3624,8.72498,99.3,116.09,94.69,-7.08933,22.4106,251.99,228.2,180.4,42.8374,53.6922,221.39,294.68
neuromorpho__042315C_ECA.swc,9209,pyramidal,0.740681,0,2752,6456,0,0,0,0,0,0,0,0,0,0,0.983587,0.0613056,0.3,0.985786,0.985786,0.985786,0.985786,0.00792703,0.00792703,0.00792703,0.00792703,0.00792703,0,0,0,0.996615,0.996653,0,0.978032,0.985786,0.0113073,118,0.987876,0.3,0.985786,0,0.00847458,148.2,0,0,0,0,0,0,90.58,-8.3886,18.81,165.05,153.05,125.28,-4.83327,24.9792,329.08,551.83
neuromorpho__04b_pyramidal6aFI.swc,1038,pyramidal,0.706304,12,516,509,0,0,0,0,0,0,0,0,0,0,0.981892,0.0439853,0.738253,0.985786,0.985786,0.985786,0.985786,0,0,0,0.0327553,0.044316,0.856001,0.856001,0,0.980943,0.996653,0,0.985786,0.985786,0,451,0.98443,0.738253,0.985786,0,0.0243902,5,0,4.62,-3.395,2.00052,21.98,2.53,46.75,-20.1354,8.61448,206.99,137.26,68.93,-20.7722,15.679,312.96,219.8
neuromorpho__05-26-00-s2localArbor.swc,14894,interneuron,0.996289,11598,3295,0,0,0,0,0,0,0,0,0,0,0,0.920546,0.211981,0.3,0.3,0.3,0.979266,0.999596,0.104337,0.104337,0.104337,0.104337,0.104337,0.925834,0.972829,0.0942404,0.901912,0.3,0.139909,0,0,0,201,0.956591,0.3,0.972829,0.039801,0.0547264,169,0,27.59,3.73913,5.31783,409.23,794.02,25.09,2.01606,5.33521,105.45,493.92,0,0,0,0,0
neuromorpho__051217_cell4_L23.swc,5927,interneuron,0.997686,5625,301,0,0,0,0,0,0,0,0,0,0,0,0.989643,0.0826935,0.3,0.999596,0.999596,0.999596,0.999596,0.0141724,0.0141724,0.0141724,0.0141724,0.0141724,0.989096,0.999596,0.0149333,0.999824,0.999824,0,0,0,0,1163,0.994613,0.3,0.999596,0.00687876,0.00687876,11,0,75.96,-4.03218,9.80985,390.98,429.71,12.13,1.11542,2.68731,63.5,155.67,0,0,0,0,0
neuromorpho__051217_cell6_L1.swc,3309,interneuron,0.996233,3212,96,0,0,0,0,0,0,0,0,0,0,0,0.999319,0.0019128,0.986301,0.999596,0.999596,0.999596,0.999596,0,0,0,0,0,0.999304,0.999596,0,0.999824,0.999824,0,0,0,0,394,0.999404,0.986301,0.999596,0,0,21,0,76.52,-21.1727,13.8221,146.14,567.09,12.23,-3.41615,2.86584,37.6,81.66,0,0,0,0,0
neuromorpho__05a_pyramidal10aACC.swc,716,interneuron,0.647749,0,715,0,0,0,0,0,0,0,0,0,0,0,0.867044,0.0750667,0.790529,0.790529,0.790529,0.790529,0.940059,0,0,0,0.490223,0.490223,0,0,0,0.866858,0.790529,0,0,0,0,203,0.857301,0.790529,0.790529,0,0.55665,9,0,0,0,0,0,0,44.31,9.07134,11.6885,307.1,326.04,0,0,0,0,0
neuromorpho__06-02-19A-02-cell-1.swc,1243,interneuron,0.985289,0,1242,0,0,0,0,0,0,0,0,0,0,0,0.999824,4.99714e-06,0.999824,0.999824,0.999824,0.999824,0.999824,0,0,0,0,0,0,0,0,0.999824,0.999824,0,0,0,0,34,0.999829,0.999824,0.999824,0,0,93.3,3.5,0,0,0,0,0,61.5,-7.24235,14.2975,73.98,192.17,0,0,0,0,0
neuromorpho__06-11-15-B.swc,16105,interneuron,0.99579,13048,3056,0,0,0,0,0,0,0,0,0,0,0,0.976532,0.0465567,0.3,0.972829,0.972829,0.972829,0.972829,0.00447066,0.00447066,0.00447066,0.00447066,0.00447066,0.971075,0.972829,0.00551809,0.999824,0.999824,0,0,0,0,317,0.990563,0.3,0.972829,0,0,134.4,-0.5,40,13.5289,10.0096,86.28,745.58,28.7,-9.12642,6.2968,36.83,271.78,0,0,0,0,0
neuromorpho__060315A_ECA.swc,13811,interneuron,0.482586,12032,1778,0,0,0,0,0,0,0,0,0,0,0,0.913061,0.0782192,0.3,0.922239,0.922239,0.922239,0.922239,0.0159293,0.0159293,0.0159293,0.0159293,0.0293245,0.910862,0.922239,0.0182846,0.927895,0.889531,0,0,0,0,131,0.920605,0.3,0.922239,0,0.00763359,197,0,184.44,25.8213,31.7638,355.79,595.22,97.63,-14.9287,19.777,180.73,204.83,0,0,0,0,0
neuromorpho__0604018001.swc,665,pyramidal,0.967254,0,664,0,0,0,0.369925,0.369925,0.109795,0,0.369925,-0.369925,0,0.369925,0.914607,0.0556826,0.757784,0.832231,0.849222,0.868729,0.931118,0,0,0,0.0135338,0.484211,0,0,0,0.914478,0.849222,0,0,0,0,65,0.919564,0.757784,0.849017,0,0.0307692,21,0,0,0,0,0,0,66.21,-15.5852,12.1474,179,376.37,0,0,0,0,0
neuromorpho__06050180003.swc,619,pyramidal,0.694215,0,222,396,0,0,0,0,0.0134164,0,0,0,0,0,0.983798,0.0299595,0.819445,0.985671,0.985692,0.985786,0.985786,0,0,0,0,0.0420032,0,0,0,0.996653,0.996653,0,0.976551,0.985671,0,39,0.972428,0.819445,0.878575,0,0,35.2,0,0,0,0,0,0,35.24,-6.33707,5.04044,294.59,142.47,36.47,-2.0272,8.40307,253.01,107.85
neuromorpho__061217_cell4_L23.swc,1794,interneuron,0.996448,1495,298,0,0,0,0,0,0,0,0,0,0,0,0.999135,0.00266572,0.979266,0.999596,0.999596,0.999596,0.999596,0,0,0,0,0,0.998997,0.999596,0,0.999824,0.999824,0,0,0,0,264,0.998662,0.979266,0.999596,0,0,14,0,41.77,-11.2022,8.77179,160.78,200.44,25.62,-1.09779,5.60649,84.88,120.42,0,0,0,0,0
neuromorpho__061218Ac1_dendrites.swc,4285,interneuron,0.955058,0,4284,0,0,0,0,0,0,0,0,0,0,0,0.49631,0.314396,0.3,0.3,0.3,0.3,0.3,0.719487,0.719487,0.719487,0.719487,0.719487,0,0,0,0.496192,0.3,0.719655,0,0,0,45,0.578267,0.3,0.3,0.622222,0.622222,268,0,0,0,0,0,0,34,-18.0063,6.10875,855.54,1187.86,0,0,0,0,0
neuromorpho__061615B_ECA.swc,7911,pyramidal,0.954368,0,2166,5744,0,0,0,0,0,0,0,0,0,0,0.988763,0.00484725,0.985786,0.985786,0.985786,0.985786,0.985786,0,0,0,0,0,0,0,0,0.996653,0.996653,0,0.985786,0.985786,0,114,0.989724,0.985786,0.985786,0,0,156.6,0,0,0,0,0,0,69.26,-15.3489,16.331,181.03,223.82,121.01,-15.61,20.0177,276.29,455.67
neuromorpho__062817B_VentralCA1.swc,8934,pyramidal,0.969541,0,2238,6695,0,0,0,0,0,0,0,0,0,0,0.960855,0.135494,0.3,0.985786,0.985786,0.985786,0.985786,0.0402955,0.0402955,0.0402955,0.0402955,0.0402955,0,0,0,0.996568,0.996653,0,0.94891,0.985786,0.0537715,91,0.968088,0.3,0.985786,0.021978,0.032967,236,0,0,0,0,0,0,148.74,-4.56353,27.3746,108.62,262.17,216.06,1.20732,38.5287,243.1,444.79
neuromorpho__07-07-00-3mediumArbor.swc,8928,interneuron,0.996639,7803,1124,0,0,0,0,0,0,0,0,0,0,0,0.928863,0.210949,0.3,0.3,0.3,0.999596,0.999596,0.101142,0.101142,0.101142,0.101142,0.101142,0.927601,0.3,0.102909,0.937562,0.999824,0.088968,0,0,0,454,0.922387,0.3,0.424865,0.101322,0.112335,43,0,76.24,-13.2491,15.8596,826.05,1258.15,39.99,-6.60428,7.14452,255.37,432.22,0,0,0,0,0
neuromorpho__07-16-2018-slice-1-cell-2-rotate.swc,16981,interneuron,0.997602,16780,200,0,0,0,0,0,0,0,0,0,0,0,0.971252,0.137226,0.3,0.979266,0.999596,0.999596,0.999596,0.0401036,0.0401036,0.0401036,0.0401036,0.0401036,0.97091,0.999596,0.040584,0.999824,0.999824,0,0,0,0,427,0.973163,0.3,0.999596,0.028103,0.0444965,78,0,90.38,-3.91199,11.5353,739.66,534.21,36.44,-8.5747,7.03038,91.14,177.8,0,0,0,0,0
neuromorpho__071217_cell3_L1.swc,3399,interneuron,0.996509,3301,97,0,0,0,0,0,0,0,0,0,0,0,0.903572,0.239425,0.3,0.3,0.3,0.999596,0.999596,0.135922,0.135922,0.135922,0.135922,0.135922,0.900715,0.3,0.139958,0.999824,0.999824,0,0,0,0,325,0.949617,0.3,0.972829,0.0676923,0.0676923,25,0,65.12,-20.8562,16.1144,232.85,862.45,9.23,-2.2868,2.1517,26.54,52.43,0,0,0,0,0
neuromorpho__07b_pyramidal14aACC.swc,1116,pyramidal,0.957826,188,927,0,0,0,0,0,0.018979,0,0,0,0,0,0.881742,0.222107,0.3,0.424115,0.453335,0.983548,0.996653,0.16129,0.199821,0.199821,0.199821,0.199821,0.468407,0.424115,1,0.965441,0.983548,0.0377562,0,0,0,54,0.885168,0.3,0.487416,0.203704,0.222222,62.4,0.07,22.49,-6.77314,5.16355,244.07,88.04,160.54,10.8487,29.7347,217.95,282.1,0,0,0,0,0
neuromorpho__081017Bc1_OFF-OS-AC.swc,3757,interneuron,0.95616,0,3756,0,0,0,0,0,0,0,0,0,0,0,0.63359,0.346797,0.3,0.3,0.3,0.3,0.3,0.519297,0.519297,0.519297,0.519297,0.519297,0,0,0,0.633492,0.3,0.519436,0,0,0,37,0.676483,0.3,0.3,0.513514,0.513514,294.2,0,0,0,0,0,0,41,20.3659,6.0535,196.3,601.68,0,0,0,0,0
neuromorpho__081103a.swc,8029,interneuron,0.952685,4127,3901,0,0,0,0,0,0,0,0,0,0,0,0.804939,0.31294,0.3,0.3,0.3,0.3,0.999596,0.277494,0.277494,0.277494,0.277494,0.277494,0.854519,0.3,0.205718,0.752437,0.3,0.353499,0,0,0,133,0.857648,0.3,0.3,0.203008,0.218045,117.4,1.22926,54.48,-10.9796,11.2289,799.08,563.3,71.606,-19.0643,18.7854,439.54,788.59,0,0,0,0,0
neuromorpho__081718A_DorsalCA1.swc,8636,pyramidal,0.986148,0,2981,5654,0,0,0,0,0,0,0,0,0,0,0.985886,0.0504565,0.3,0.985786,0.985786,0.985786,0.985786,0.00532654,0.00532654,0.00532654,0.00532654,0.00532654,0,0,0,0.996653,0.996653,0,0.980207,0.985786,0.00813583,131,0.98806,0.3,0.985786,0,0,139,0,0,0,0,0,0,182.86,-22.4633,30.4153,121.01,137.66,266.87,-4.40034,37.1447,150.75,449.96
neuromorpho__09-06-01-4neurogliaform.swc,11239,interneuron,0.996265,9588,1650,0,0,0,0,0,0,0,0,0,0,0,0.503084,0.31758,0.3,0.3,0.3,0.3,0.3,0.709761,0.709761,0.709761,0.709761,0.709761,0.417548,0.3,0.831977,0.999824,0.999824,0,0,0,0,597,0.639691,0.3,0.3,0.512563,0.522613,47.4,-24.37,133.8,-18.9466,25.8043,497.3,754.9,49.5,0.136024,7.48306,111.32,146.82,0,0,0,0,0
neuromorpho__092017A_ECA.swc,11121,pyramidal,0.863862,0,1682,9438,0,0,0,0,0,0,0,0,0,0,0.987393,0.00382657,0.985786,0.985786,0.985786,0.985786,0.985786,0,0,0,0,0,0,0,0,0.996401,0.996653,0,0.985786,0.985786,0,121,0.987393,0.985786,0.985786,0,0,190,0,0,0,0,0,0,156.67,-1.49703,35.6439,122,140.96,172.4,8.7452,29.6298,269.78,553.77
neuromorpho__092303a.swc,3983,interneuron,0.761955,0,3982,0,0,0,0,0,0,0,0,0,0,0,0.705279,0.336566,0.3,0.3,0.3,0.3,0.975174,0.407984,0.407984,0.407984,0.407984,0.407984,0,0,0,0.705205,0.3,0.408086,0,0,0,36,0.736434,0.3,0.3,0.416667,0.472222,305,-3.65096,0,0,0,0,0,61.22,-17.2032,15.6315,526.77,540.97,0,0,0,0,0
neuromorpho__092317A_ECA.swc,7204,pyramidal,0.949985,0,3502,3701,0,0,0,0,0,0,0,0,0,0,0.929016,0.197989,0.3,0.3,0.985786,0.985786,0.985786,0.0900888,0.0900888,0.0900888,0.0900888,0.0900888,0,0,0,0.981013,0.996653,0.0219874,0.879796,0.3,0.154553,71,0.966712,0.3,0.985786,0.028169,0.0422535,210,0,0,0,0,0,0,156.02,-27.5493,32.3577,221.59,211.61,149.88,-8.47036,28.3522,201.91,495.93
neuromorpho__1-ENU2-veichle-neuron3_2.swc,172,pyramidal,0.960158,0,39,132,0,0,0,0,0,0,0,0,0,0,0.988333,0.00463316,0.985786,0.985786,0.985786,0.985786,0.985786,0,0,0,0,0,0,0,0,0.996653,0.996653,0,0.985786,0.985786,0,17,0.98854,0.985786,0.985786,0,0,15,0,0,0,0,0,0,11.86,1.11615,3.57987,116.57,52.57,28.08,0.0122727,5.05161,99.57,196.86
neuromorpho__10-04-01-4doubleBouquet.swc,6020,interneuron,0.979674,5132,887,0,0,0,0,0,0,0,0,0,0,0,0.972615,0.118386,0.3,0.972829,0.972829,0.986406,0.999596,0.0290698,0.0290698,0.0290698,0.0337209,0.0352159,0.971998,0.972829,0.0282541,0.976154,0.999824,0.0338219,0,0,0,404,0.985253,0.3,0.972829,0.0049505,0.0123762,34.7,0,151.49,-45.9905,44.1074,207.3,915.11,87.49,-21.2863,21.1058,68.54,402.2,0,0,0,0,0
neuromorpho__10-07-15-A.swc,11201,interneuron,0.996264,10076,1124,0,0,0,0,0,0,0,0,0,0,0,0.810875,0.303339,0.3,0.3,0.3,0.3,0.986406,0.260512,0.260512,0.260512,0.260512,0.260512,0.789779,0.3,0.289599,0.999824,0.999824,0,0,0,0,121,0.867651,0.3,0.3,0.173554,0.190083,235,0,142,-25.8905,33.5894,111.4,880.18,47.79,-7.15311,10.9938,78.3,169.14,0,0,0,0,0
neuromorpho__100A_3_r_Ngr2KO_2.swc,565,pyramidal,0.976398,0,16,548,0,0,0,0,0,0,0,0,0,0,0.985963,0.00134615,0.981854,0.985786,0.985786,0.985786,0.985786,0,0,0,0,0,0,0,0,0.99113,0.983911,0,0.985786,0.985786,0,43,0.986544,0.981854,0.985786,0,0,27,0,0,0,0,0,0,6.56,10.9944,2.20658,19.86,9.12,68.11,-6.27712,14.3209,132.53,299.46
neuromorpho__100A_3_r_Ngr2KO_4.swc,838,pyramidal,0.969745,0,256,581,0,0,0,0,0,0,0,0,0,0,0.989012,0.00489813,0.985786,0.985786,0.985786,0.985786,0.985786,0,0,0,0,0,0,0,0,0.99629,0.996653,0,0.985786,0.985786,0,69,0.989235,0.985786,0.985786,0,0,29,0,0,0,0,0,0,66.73,18.2475,14.3264,164.51,113.79,81.29,4.78126,15.8286,136.94,279.25
neuromorpho__100C_2_r_Ngr2KO_1.swc,908,pyramidal,0.917516,0,253,654,0,0,0,0,0,0,0,0,0,0,0.97599,0.0935008,0.3,0.985786,0.985786,0.985786,0.985786,0.0187225,0.0187225,0.0187225,0.0187225,0.0187225,0,0,0,0.996653,0.996653,0,0.96796,0.985786,0.0259939,53,0.963661,0.3,0.985786,0.0377358,0.0377358,33,0,0,0,0,0,0,66.41,-7.85747,13.5155,215.19,75.94,105.56,-6.6163,18.6505,172.37,353.65
neuromorpho__101A_1_r_Ngr2KO_3.swc,1000,pyramidal,0.950839,0,266,733,0,0,0,0,0,0,0,0,0,0,0.986488,0.0379479,0.3,0.985786,0.985786,0.985786,0.985786,0.003,0.003,0.003,0.003,0.003,0,0,0,0.996107,0.996653,0,0.982979,0.985786,0.00409277,87,0.988153,0.3,0.985786,0,0,25,0.00333333,0,0,0,0,0,69.41,0.691404,14.5956,151.44,101.54,101.25,-8.98561,16.8013,162.74,323.37
neuromorpho__101C_1_l_Ngr2KO_2.swc,1397,pyramidal,0.974626,0,289,1107,0,0,0,0,0,0,0,0,0,0,0.988044,0.00441308,0.985786,0.985786,0.985786,0.985786,0.985786,0,0,0,0,0,0,0,0,0.996653,0.996653,0,0.985786,0.985786,0,101,0.989047,0.985786,0.985786,0,0,29,0,0,0,0,0,0,124.08,-13.0609,27.2039,180.96,113.39,138.65,-7.30195,23.248,188.92,307.46
neuromorpho__101C_1_r_Ngr2KO.swc,1315,pyramidal,0.991348,0,615,699,0,0,0,0,0,0,0,0,0,0,0.990879,0.00542623,0.985786,0.985786,0.985786,0.985786,0.985786,0,0,0,0,0,0,0,0,0.996653,0.996653,0,0.985786,0.985786,0,101,0.990338,0.985786,0.985786,0,0,27,0.00333333,0,0,0,0,0,104.53,1.26751,23.6194,191.43,130.13,125.11,6.83439,19.5079,218.05,241.23
neuromorpho__10209c1.swc,1935,pyramidal,0.86404,415,889,630,0,0,0,0,0,0,0,0,0,0,0.975301,0.0613407,0.3,0.947713,0.947713,0.985786,0.985786,0.00620155,0.00620155,0.00620155,0.00620155,0.048062,0.951111,0.947713,0.0144578,0.979136,0.996653,0.00674916,0.985784,0.985786,0,70,0.979652,0.3,0.947713,0,0,59.2,0,60.49,4.40451,10.8543,198.59,214.84,141,22.9465,26.5085,175.36,192.45,127.99,20.9683,29.5737,164.33,347.06
neuromorpho__10223c4.swc,1944,pyramidal,0.92727,0,1170,773,0,0,0,0,0,0,0,0,0,0,0.990923,0.0318197,0.3,0.985786,0.985786,0.985786,0.996653,0.00205761,0.00205761,0.00205761,0.00205761,0.00205761,0,0,0,0.996653,0.996653,0,0.982237,0.985786,0.00517464,61,0.992398,0.3,0.985786,0,0,79,0,0,0,0,0,0,113.37,23.2172,23.2304,241.75,257.57,150.54,31.3889,33.6651,333.76,316.69
neuromorpho__1028ir2x-40x-NL.swc,3164,pyramidal,0.701839,0,3163,0,0,0,0,0,0,0,0,0,0,0,0.995306,0.027681,0.3,0.992226,0.996653,0.996653,0.996653,0.00158028,0.00158028,0.00158028,0.00158028,0.00158028,0,0,0,0.995305,0.996653,0.00158078,0,0,0,61,0.995782,0.3,0.992226,0,0,133,-7.348,0,0,0,0,0,57.88,8.56475,12.1098,198.93,386.27,0,0,0,0,0
neuromorpho__102A_4_r_Ngr2KO_1.swc,155,pyramidal,0.653735,0,90,64,0,0,0,0,0,0,0,0,0,0,0.992188,0.00537526,0.985786,0.985786,0.985786,0.985786,0.996653,0,0,0,0,0,0,0,0,0.996653,0.996653,0,0.985786,0.985786,0,16,0.992108,0.985786,0.985786,0,0,18.5,0,0,0,0,0,0,48.08,6.76933,11.6005,72.45,95.2,43.39,11.5531,10.7537,61.17,76.82
neuromorpho__102B_1_l_Ngr2KO_2.swc,391,pyramidal,0.974572,0,98,292,0,0,0,0,0,0,0,0,0,0,0.988421,0.00458356,0.985786,0.985786,0.985786,0.985786,0.985786,0,0,0,0,0,0,0,0,0.996154,0.992226,0,0.985786,0.985786,0,52,0.989145,0.985786,0.985786,0,0,14,0,0,0,0,0,0,31.39,-1.83327,6.19194,52.42,106.9,56.99,-2.9226,12.4894,102.8,196.12
neuromorpho__102B_1_l_Ngr2KO_4.swc,670,pyramidal,0.965703,0,232,437,0,0,0,0,0,0,0,0,0,0,0.98957,0.00518403,0.985786,0.985786,0.985786,0.985786,0.985786,0,0,0,0,0,0,0,0,0.996653,0.996653,0,0.985786,0.985786,0,57,0.989658,0.985786,0.985786,0,0,17,0,0,0,0,0,0,108.22,-4.48289,25.3398,149.69,121.59,87.9,-1.85723,15.499,143.94,225.13
neuromorpho__10315c1.swc,915,interneuron,0.363403,0,914,0,0,0,0,0,0,0,0,0,0,0,0.843953,0.19338,0.3,0.3,0.3,0.784766,0.931213,0.103825,0.103825,0.103825,0.272131,0.272131,0,0,0,0.843783,0.3,0.103939,0,0,0,98,0.883202,0.3,0.784766,0.0510204,0.214286,22.3,0,0,0,0,0,0,116.63,15.4256,20.3162,312.17,734.63,0,0,0,0,0
neuromorpho__10331c1.swc,1597,interneuron,0.35699,0,1596,0,0,0,0,0,0,0,0,0,0,0,0.836468,0.0805648,0.773823,0.773823,0.773823,0.773823,0.773823,0,0,0,0.623043,0.623043,0,0,0,0.836366,0.773823,0,0,0,0,43,0.85248,0.773823,0.773823,0,0.534884,90,0,0,0,0,0,0,145.53,45.3019,42.9195,133.49,381.9,0,0,0,0,0
neuromorpho__103A_3_l_WT.swc,896,pyramidal,0.987569,0,446,449,0,0,0,0,0,0,0,0,0,0,0.991211,0.00543844,0.985786,0.985786,0.985786,0.985786,0.985786,0,0,0,0,0,0,0,0,0.996653,0.996653,0,0.985786,0.985786,0,65,0.992191,0.985786,0.985786,0,0,25.6,0,0,0,0,0,0,88.71,-5.80632,18.2815,163.75,102.03,93.83,-8.06381,15.4821,155.08,201.27
neuromorpho__103D_2_r_WT_1.swc,426,pyramidal,0.971417,0,128,297,0,0,0,0,0,0,0,0,0,0,0.988959,0.00489896,0.985786,0.985786,0.985786,0.985786,0.985786,0,0,0,0,0,0,0,0,0.996234,0.996653,0,0.985786,0.985786,0,41,0.989945,0.985786,0.985786,0,0,22,0,0,0,0,0,0,25.31,6.11758,6.58158,84.17,63.23,61.82,-1.80458,13.5527,116.41,226.83
neuromorpho__104A_2_r_WT.swc,1029,pyramidal,0.988511,0,427,601,0,0,0,0,0,0,0,0,0,0,0.990266,0.00532767,0.985786,0.985786,0.985786,0.985786,0.985786,0,0,0,0,0,0,0,0,0.99655,0.996653,0,0.985786,0.985786,0,101,0.990294,0.985786,0.985786,0,0,19,0,0,0,0,0,0,72.92,8.20192,13.562,189.85,190.61,90.87,8.03118,16.9254,174.81,257.77
neuromorpho__10506c3.swc,3175,interneuron,0.507019,1768,1406,0,0,0,0,0,0,0,0,0,0,0,0.710362,0.267122,0.3,0.3,0.3,0.3,0.861571,0.295118,0.295118,0.295118,0.295118,0.816378,0.825678,0.861571,0.063914,0.565149,0.3,0.58606,0,0,0,113,0.763888,0.3,0.3,0.20354,0.20354,60.6,0,117.13,21.1677,21.2084,607.75,833.69,109.17,21.037,19.5131,329.39,630.89,0,0,0,0,0
neuromorpho__10507c1.swc,3315,interneuron,0.650354,1491,1823,0,0,0,0,0,0,0,0,0,0,0,0.97607,0.122937,0.3,0.986406,0.986406,0.999596,0.999824,0.0319759,0.0319759,0.0319759,0.0319759,0.0319759,0.970949,0.986406,0.036888,0.980246,0.999824,0.0279759,0,0,0,118,0.993171,0.3,0.986406,0,0.00847458,70.3,0,128.4,20.0476,27.2968,281.52,357.78,187.79,32.8662,43.1414,213.03,398.85,0,0,0,0,0
neuromorpho__105B_2_r_WT.swc,874,pyramidal,0.989607,0,193,680,0,0,0,0,0,0,0,0,0,0,0.988202,0.00452463,0.985786,0.985786,0.985786,0.985786,0.985786,0,0,0,0,0,0,0,0,0.996653,0.996653,0,0.985786,0.985786,0,76,0.988833,0.985786,0.985786,0,0,23.5,0,0,0,0,0,0,110.89,11.4906,23.8282,74.6,117.39,107.89,6.70793,19.4868,176.02,203.96
neuromorpho__105E_4_l_WT_2.swc,625,pyramidal,0.950057,0,168,456,0,0,0,0,7.83089e-05,0,0,0,0,0,0.966254,0.0839371,0.598588,0.720746,0.985786,0.985786,0.985786,0,0.04,0.04,0.0528,0.0688,0,0,0,0.913037,0.598588,0.14881,0.985786,0.985786,0,55,0.974506,0.598588,0.985786,0.0181818,0.0363636,25.6,0,0,0,0,0,0,72.18,-2.63494,12.6646,125.79,73.94,95.47,-2.82958,16.622,155.29,163.41
neuromorpho__1075-2-Sec6-LTL4.swc,1501,pyramidal,0.940319,0,962,538,0,0,0,0,0,0,0,0,0,0,0.953466,0.161175,0.3,0.3,0.985786,0.985786,0.996653,0.0572951,0.0572951,0.0572951,0.0572951,0.0572951,0,0,0,0.996653,0.996653,0,0.876156,0.3,0.159851,41,0.988795,0.3,0.985786,0,0.0243902,82,0,0,0,0,0,0,107.46,-12.5691,16.4739,218.39,159.49,67.78,14.5301,17.9718,78,282.62
neuromorpho__1086-2-Sec4-BSL1.swc,2926,pyramidal,0.766927,0,2014,911,0,0,0,0,0,0,0,0,0,0,0.992317,0.0261049,0.3,0.985786,0.985786,0.985786,0.996653,0.00136705,0.00136705,0.00136705,0.00136705,0.00136705,0,0,0,0.99527,0.996653,0.0019861,0.985782,0.985786,0,54,0.993082,0.3,0.985786,0,0,152.1,0,0,0,0,0,0,69.79,-12.034,13.8447,173.64,262.96,72.06,-5.78888,15.4294,108.63,318.86
neuromorpho__1086-2-Sec6-BSL2.swc,849,pyramidal,0.97896,22,826,0,0,0,0,0,0,0,0,0,0,0,0.956467,0.15509,0.3,0.3,0.990196,0.996653,0.996653,0.0518257,0.0518257,0.0518257,0.0518257,0.0777385,0.856001,0.856001,0,0.95909,0.990196,0.0532688,0,0,0,43,0.960635,0.3,0.996653,0.0465116,0.0465116,38.4,0,123.54,80.8855,40.2693,8.54,26.95,170.7,3.25042,27.673,225.04,290.29,0,0,0,0,0
neuromorpho__1086-4-Sec2-LTL2.swc,2303,pyramidal,0.942994,7,1258,1037,0,0,0,0,0,0,0,0,0,0,0.783933,0.237089,0.3,0.465493,0.520562,0.527862,0.996653,0.0733825,0.447677,0.453322,0.453322,0.453322,0.648814,0.648814,1,0.996547,0.996653,0,0.526712,0.465493,1,43,0.842091,0.3,0.509403,0.325581,0.325581,113.4,0,3.33,-19.6914,1.2768,4.36,2.91,71.83,13.0067,15.8697,237.49,167.63,33.21,18.4701,6.94753,139.15,258.63
neuromorpho__108A_1_r_WT_2.swc,639,pyramidal,0.787557,6,72,560,0,0,0,0,0,0,0,0,0,0,0.983641,0.0363286,0.55317,0.985786,0.985786,0.985786,0.985786,0,0.00625978,0.00625978,0.00938967,0.00938967,0.627058,0.55317,0.666667,0.996444,0.996653,0,0.985786,0.985786,0,52,0.971411,0.55317,0.985786,0.0192308,0.0576923,23.9,0,4.69,-4.65333,1.5356,7.86,8.06,65.05,-8.52847,17.1348,48.98,97.02,108.68,-4.68461,18.5749,194.67,465.57
neuromorpho__108A_2_l_WT_1.swc,444,interneuron,0.411075,0,443,0,0,0,0,0,0,0,0,0,0,0,0.927913,0.00835306,0.923485,0.923485,0.923485,0.923485,0.923485,0,0,0,0,0,0,0,0,0.92775,0.923485,0,0,0,0,32,0.930313,0.923485,0.923485,0,0,30.5,0,0,0,0,0,0,96.26,-6.67591,17.68,188.86,342.98,0,0,0,0,0
neuromorpho__108A_2_l_WT_4.swc,325,pyramidal,0.919507,0,0,324,0,0,0,0,0,0,0,0,0,0,0.98583,0.000787229,0.985786,0.985786,0.985786,0.985786,0.985786,0,0,0,0,0,0,0,0,0,0,0,0.985786,0.985786,0,28,0.986294,0.985786,0.985786,0,0,24.1,0,0,0,0,0,0,0,0,0,0,0,102.81,-9.4904,19.4467,114.59,250.86
neuromorpho__108A_2_l_WT_6.swc,311,pyramidal,0.814693,8,44,258,0,0,0,0,0,0,0,0,0,0,0.983497,0.024395,0.83524,0.985786,0.985786,0.985786,0.985786,0,0,0,0,0.0257235,0.83524,0.83524,0,0.996653,0.996653,0,0.985786,0.985786,0,34,0.983374,0.83524,0.985786,0,0,19.2,0,15.22,10.4225,5.02033,14.01,13.66,30.14,-14.4207,8.11125,47.76,17.3,95.96,6.24163,19.0816,64.12,193.69
neuromorpho__109A_1_r_Ngr2KO_2.swc,960,pyramidal,0.987742,0,261,698,0,0,0,0,0,0,0,0,0,0,0.988755,0.00484775,0.985786,0.985786,0.985786,0.985786,0.985786,0,0,0,0,0,0,0,0,0.996653,0.996653,0,0.985786,0.985786,0,110,0.989472,0.985786,0.985786,0,0,18.2,-0.00333333,0,0,0,0,0,129.37,-16.0307,29.2611,153.18,108.27,138.99,-4.4467,27.7793,202.7,261.72
neuromorpho__109C_1_r_Ngr2KO_1.swc,678,pyramidal,0.992108,0,309,368,0,0,0,0,0,0,0,0,0,0,0.986525,0.0531614,0.3,0.985786,0.985786,0.985786,0.985786,0.00589971,0.00589971,0.00589971,0.00589971,0.00589971,0,0,0,0.996238,0.996653,0,0.978332,0.985786,0.0108696,67,0.989338,0.3,0.985786,0,0,25,-0.00333333,0,0,0,0,0,101.32,7.0122,20.2522,208.05,201.8,133.66,5.77681,22.8355,94.25,334.3
neuromorpho__109F_1_l_Ngr2KO_2.swc,942,pyramidal,0.989074,0,266,675,0,0,0,0,0,0,0,0,0,0,0.977926,0.0863729,0.3,0.985786,0.985786,0.985786,0.985786,0.0159236,0.0159236,0.0159236,0.0159236,0.0159236,0,0,0,0.99657,0.996653,0,0.970546,0.985786,0.0222222,77,0.987278,0.3,0.985786,0,0,27.4,0,0,0,0,0,0,75.04,-24.1327,19.3463,164.12,155.1,76.03,-17.3631,14.6708,187.67,372.06
neuromorpho__10N1-8162019-fcfc2a.swc,2877,interneuron,0.98607,0,2876,0,0,0,0,0,0,0,0,0,0,0,0.999824,3.28538e-06,0.999824,0.999824,0.999824,0.999824,0.999824,0,0,0,0,0,0,0,0,0.999824,0.999824,0,0,0,0,37,0.999829,0.999824,0.999824,0,0,218.4,0,0,0,0,0,0,21.94,0.2896,4.28411,171.55,243.43,0,0,0,0,0
neuromorpho__10N1-8162019-fcfc3a.swc,1752,interneuron,0.985167,0,1751,0,0,0,0,0,0,0,0,0,0,0,0.999824,4.2096e-06,0.999824,0.999824,0.999824,0.999824,0.999824,0,0,0,0,0,0,0,0,0.999824,0.999824,0,0,0,0,33,0.999829,0.999824,0.999824,0,0,119.6,0,0,0,0,0,0,22.95,-0.77325,4.1143,91.93,159.87,0,0,0,0,0
neuromorpho__10N1-8162019-wt5a.swc,1772,interneuron,0.98255,0,1771,0,0,0,0,0,0,0,0,0,0,0,0.999824,4.18579e-06,0.999824,0.999824,0.999824,0.999824,0.999824,0,0,0,0,0,0,0,0,0.999824,0.999824,0,0,0,0,46,0.999828,0.999824,0.999824,0,0,86,0,0,0,0,0,0,23.94,0.193874,4.83488,121.22,175.74,0,0,0,0,0
neuromorpho__10N23DAT8-50717GFPwta_fcfc3a.swc,3249,interneuron,0.992577,0,3248,0,0,0,0,0,0,0,0,0,0,0,0.999824,3.09165e-06,0.999824,0.999824,0.999824,0.999824,0.999824,0,0,0,0,0,0,0,0,0.999824,0.999824,0,0,0,0,61,0.999827,0.999824,0.999824,0,0,113,0,0,0,0,0,0,23.97,-3.41108,5.21707,88.59,183.69,0,0,0,0,0
neuromorpho__10N23DAT8-50717GFPwta_wt4a.swc,4608,interneuron,0.989892,0,4607,0,0,0,0,0,0,0,0,0,0,0,0.999824,2.59614e-06,0.999824,0.999824,0.999824,0.999824,0.999824,0,0,0,0,0,0,0,0,0.999824,0.999824,0,0,0,0,48,0.999827,0.999824,0.999824,0,0,204.4,0,0,0,0,0,0,22.94,-3.01015,5.22822,133.2,228.69,0,0,0,0,0
neuromorpho__10N23DAT8-50717GFPwta_wt61.swc,1687,interneuron,0.96617,0,1686,0,0,0,0,0,0,0,0,0,0,0,0.999824,4.28988e-06,0.999824,0.999824,0.999824,0.999824,0.999824,0,0,0,0,0,0,0,0,0.999824,0.999824,0,0,0,0,47,0.999827,0.999824,0.999824,0,0,83.6,0,0,0,0,0,0,12.97,0.112011,2.69958,141.9,229.2,0,0,0,0,0
neuromorpho__10N23DAT8-50717GFPwta_wt62.swc,4083,interneuron,0.989311,0,4082,0,0,0,0,0,0,0,0,0,0,0,0.999824,2.75796e-06,0.999824,0.999824,0.999824,0.999824,0.999824,0,0,0,0,0,0,0,0,0.999824,0.999824,0,0,0,0,77,0.999826,0.999824,0.999824,0,0,128.6,0,0,0,0,0,0,18.96,-3.43314,4.31475,107.72,237.22,0,0,0,0,0
neuromorpho__10N23DAT8-50717GFPwta_wt8a.swc,2501,interneuron,0.969085,0,2500,0,0,0,0,0,0,0,0,0,0,0,0.999824,3.52361e-06,0.999824,0.999824,0.999824,0.999824,0.999824,0,0,0,0,0,0,0,0,0.999824,0.999824,0,0,0,0,65,0.999826,0.999824,0.999824,0,0,85.2,0,0,0,0,0,0,19.95,-1.79672,3.93142,158.59,166.79,0,0,0,0,0
neuromorpho__10N4-8162019-b_wt7a.swc,2681,interneuron,0.994904,0,2680,0,0,0,0,0,0,0,0,0,0,0,0.999824,3.40331e-06,0.999824,0.999824,0.999824,0.999824,0.999824,0,0,0,0,0,0,0,0,0.999824,0.999824,0,0,0,0,51,0.999827,0.999824,0.999824,0,0,135,0,0,0,0,0,0,14.98,-1.4711,3.39304,84,168.79,0,0,0,0,0
neuromorpho__10N4-8162019-b_wt9a.swc,1079,interneuron,0.980962,0,1078,0,0,0,0,0,0,0,0,0,0,0,0.999824,5.36314e-06,0.999824,0.999824,0.999824,0.999824,0.999824,0,0,0,0,0,0,0,0,0.999824,0.999824,0,0,0,0,19,0.999833,0.999824,0.999824,0,0,141.8,0,0,0,0,0,0,15.98,-3.84923,4.60794,80.19,200.55,0,0,0,0,0
neuromorpho__10month-Arctic-44-LR_1.swc,418,pyramidal,0.985232,0,0,417,0,0,0,0,0,0,0,0,0,0,0.98582,0.000694391,0.985786,0.985786,0.985786,0.985786,0.985786,0,0,0,0,0,0,0,0,0,0,0,0.985786,0.985786,0,44,0.986109,0.985786,0.985786,0,0,20,0,0,0,0,0,0,0,0,0,0,0,21.43,-3.4524,3.86951,154.39,422.09
neuromorpho__10month-Arctic-44-LR_2.swc,458,pyramidal,0.986896,0,0,457,0,0,0,0,0,0,0,0,0,0,0.985817,0.000663445,0.985786,0.985786,0.985786,0.985786,0.985786,0,0,0,0,0,0,0,0,0,0,0,0.985786,0.985786,0,44,0.986109,0.985786,0.985786,0,0,22.1,0,0,0,0,0,0,0,0,0,0,0,35.94,-6.45263,7.31231,126.47,357.45
neuromorpho__10month-Arctic-45-N_2.swc,257,pyramidal,0.995062,0,0,256,0,0,0,0,0,0,0,0,0,0,0.985841,0.00088491,0.985786,0.985786,0.985786,0.985786,0.985786,0,0,0,0,0,0,0,0,0,0,0,0.985786,0.985786,0,36,0.986181,0.985786,0.985786,0,0,14.5,0,0,0,0,0,0,0,0,0,0,0,66.97,12.7887,14.4761,107.78,200.52
neuromorpho__10month-Arctic-72144-R_1.swc,338,pyramidal,0.983924,0,0,337,0,0,0,0,0,0,0,0,0,0,0.985828,0.000771988,0.985786,0.985786,0.985786,0.985786,0.985786,0,0,0,0,0,0,0,0,0,0,0,0.985786,0.985786,0,36,0.986181,0.985786,0.985786,0,0,23,0,0,0,0,0,0,0,0,0,0,0,25.77,4.42033,3.91146,106.62,198.26
neuromorpho__10month-Arctic-C5aR1-KO-52280-R_1.swc,781,pyramidal,0.991513,0,0,780,0,0,0,0,0,0,0,0,0,0,0.985804,0.000508286,0.985786,0.985786,0.985786,0.985786,0.985786,0,0,0,0,0,0,0,0,0,0,0,0.985786,0.985786,0,70,0.985989,0.985786,0.985786,0,0,24.4,0,0,0,0,0,0,0,0,0,0,0,34.54,4.62797,6.56943,181.65,223.29
neuromorpho__10month-Arctic-C5aR1-KO-52280-R_2.swc,547,pyramidal,0.983146,0,0,546,0,0,0,0,0,0,0,0,0,0,0.985812,0.000607185,0.985786,0.985786,0.985786,0.985786,0.985786,0,0,0,0,0,0,0,0,0,0,0,0.985786,0.985786,0,74,0.985978,0.985786,0.985786,0,0,18,0,0,0,0,0,0,0,0,0,0,0,25.92,-3.29897,4.59909,164.11,174.97
neuromorpho__10month-Arctic-C5aR1-KO-52280-R_3.swc,699,pyramidal,0.99118,0,0,698,0,0,0,0,0,0,0,0,0,0,0.985806,0.000537233,0.985786,0.985786,0.985786,0.985786,0.985786,0,0,0,0,0,0,0,0,0,0,0,0.985786,0.985786,0,90,0.985944,0.985786,0.985786,0,0,17.3,0,0,0,0,0,0,0,0,0,0,0,36,-0.116347,6.13807,149.04,256.13
neuromorpho__10month-Arctic-C5aR1-KO-52280-R_5.swc,486,pyramidal,0.994146,0,0,485,0,0,0,0,0,0,0,0,0,0,0.985815,0.00064409,0.985786,0.985786,0.985786,0.985786,0.985786,0,0,0,0,0,0,0,0,0,0,0,0.985786,0.985786,0,56,0.98604,0.985786,0.985786,0,0,20.5,0,0,0,0,0,0,0,0,0,0,0,22.94,0.278371,4.62948,99.62,316.86
neuromorpho__10month-C5aR1-KO-52280-N_2.swc,406,pyramidal,0.98164,0,0,405,0,0,0,0,0,0,0,0,0,0,0.985821,0.000704553,0.985786,0.985786,0.985786,0.985786,0.985786,0,0,0,0,0,0,0,0,0,0,0,0.985786,0.985786,0,54,0.986049,0.985786,0.985786,0,0,18.8,0,0,0,0,0,0,0,0,0,0,0,19.69,-5.59474,4.8488,140.52,191.28
neuromorpho__10month-C5aR1-KO-52280-N_3.swc,605,pyramidal,0.992383,0,0,604,0,0,0,0,0,0,0,0,0,0,0.985757,0.000593359,0.985291,0.985291,0.985671,0.985786,0.985786,0,0,0,0,0,0,0,0,0,0,0,0.985733,0.985671,0,58,0.985996,0.985291,0.985679,0,0,25,0,0,0,0,0,0,0,0,0,0,0,30.59,2.43901,4.94656,138.73,243.61
neuromorpho__10month-wt-44-LL_1.swc,280,pyramidal,0.980793,0,0,279,0,0,0,0,0,0,0,0,0,0,0.985837,0.000847923,0.985786,0.985786,0.985786,0.985786,0.985786,0,0,0,0,0,0,0,0,0,0,0,0.985786,0.985786,0,38,0.98616,0.985786,0.985786,0,0,15.2,0,0,0,0,0,0,0,0,0,0,0,34.62,6.99839,7.97587,124.82,286.99
neuromorpho__10month-wt-45-L-2_1.swc,255,pyramidal,0.95223,0,0,254,0,0,0,0,0,0,0,0,0,0,0.985842,0.00088836,0.985786,0.985786,0.985786,0.985786,0.985786,0,0,0,0,0,0,0,0,0,0,0,0.985786,0.985786,0,34,0.986204,0.985786,0.985786,0,0,15.4,0,0,0,0,0,0,0,0,0,0,0,22.58,-1.85791,5.55023,107.53,213.35
neuromorpho__10month-wt-8_1.swc,334,pyramidal,0.967976,0,0,333,0,0,0,0,0,0,0,0,0,0,0.985829,0.000776583,0.985786,0.985786,0.985786,0.985786,0.985786,0,0,0,0,0,0,0,0,0,0,0,0.985786,0.985786,0,28,0.986294,0.985786,0.985786,0,0,25.3,0,0,0,0,0,0,0,0,0,0,0,30.07,-1.2648,5.05792,222.16,226.62
neuromorpho__10month-wt-8_2.swc,512,pyramidal,0.993889,0,0,511,0,0,0,0,0,0,0,0,0,0,0.985814,0.000627556,0.985786,0.985786,0.985786,0.985786,0.985786,0,0,0,0,0,0,0,0,0,0,0,0.985786,0.985786,0,56,0.98604,0.985786,0.985786,0,0,22,0,0,0,0,0,0,0,0,0,0,0,24.86,0.265753,5.08092,187.72,323.56
neuromorpho__10month-wt-8_4.swc,505,pyramidal,0.989078,0,0,504,0,0,0,0,0,0,0,0,0,0,0.985814,0.000631882,0.985786,0.985786,0.985786,0.985786,0.985786,0,0,0,0,0,0,0,0,0,0,0,0.985786,0.985786,0,54,0.986049,0.985786,0.985786,0,0,21.7,0,0,0,0,0,0,0,0,0,0,0,29.75,2.66885,6.31978,137.39,221.8
neuromorpho__10month-wt-H364-2-4_1.swc,477,pyramidal,0.980702,0,0,476,0,0,0,0,0,0,0,0,0,0,0.985816,0.000650126,0.985786,0.985786,0.985786,0.985786,0.985786,0,0,0,0,0,0,0,0,0,0,0,0.985786,0.985786,0,58,0.986031,0.985786,0.985786,0,0,18.6,0,0,0,0,0,0,0,0,0,0,0,25.39,-0.949181,4.71086,177.86,261.08
neuromorpho__10month-wt-H364-2-5_1.swc,211,pyramidal,0.982122,0,0,210,0,0,0,0,0,0,0,0,0,0,0.985853,0.000976201,0.985786,0.985786,0.985786,0.985786,0.985786,0,0,0,0,0,0,0,0,0,0,0,0.985786,0.985786,0,34,0.986204,0.985786,0.985786,0,0,11,0,0,0,0,0,0,0,0,0,0,0,20.17,3.4859,4.0543,100.01,244.56
neuromorpho__10month-wt-H364-2_1.swc,736,pyramidal,0.9898,0,0,735,0,0,0,0,0,0,0,0,0,0,0.985805,0.000523574,0.985786,0.985786,0.985786,0.985786,0.985786,0,0,0,0,0,0,0,0,0,0,0,0.985786,0.985786,0,54,0.986049,0.985786,0.985786,0,0,29,0,0,0,0,0,0,0,0,0,0,0,25.75,-3.61133,5.40323,131.46,260.72
neuromorpho__10n03c4.swc,815,pyramidal,0.949385,303,511,0,0,0,0,0,0,0,0,0,0,0,0.829108,0.218418,0.3,0.510337,0.543702,0.554457,0.996653,0.00122699,0.371779,0.371779,0.371779,0.371779,0.545983,0.510337,1,0.996653,0.996653,0,0,0,0,39,0.894649,0.3,0.549153,0.230769,0.230769,44.2,0,89.49,15.5969,22.307,88.26,456.48,94.49,14.9023,17.5627,199.59,148.27,0,0,0,0,0
neuromorpho__10n12c1.swc,1878,interneuron,0.646832,0,1877,0,0,0,0,0,0,0,0,0,0,0,0.911427,0.0352539,0.3,0.890705,0.890705,0.890705,0.890705,0.00159744,0.00159744,0.00159744,0.00159744,0.578275,0,0,0,0.911379,0.890705,0.0015983,0,0,0,53,0.91659,0.3,0.890705,0,0,72,0,0,0,0,0,0,109.54,30.0758,26.533,293.38,607.02,0,0,0,0,0
neuromorpho__10o27c2.swc,1687,interneuron,0.54991,982,704,0,0,0,0,0,0,0,0,0,0,0,0.475978,0.238482,0.3,0.3,0.3,0.3,0.3,0.624778,0.624778,0.878483,0.878483,0.878483,0.468536,0.3,1,0.485613,0.3,0.710227,0,0,0,34,0.497781,0.3,0.3,0.882353,0.911765,122.2,0,75.72,20.8648,20.9814,423.35,1457.65,73.45,15.3546,21.9614,192.84,1135.23,0,0,0,0,0
neuromorpho__10o27c3.swc,1315,pyramidal,0.664871,683,631,0,0,0,0,0,0,0,0,0,0,0,0.585992,0.274364,0.3,0.3,0.3,0.3,0.63798,0.454753,0.454753,0.55057,0.675285,0.892015,0.498282,0.3,0.669107,0.680275,0.3,0.423138,0,0,0,27,0.608105,0.3,0.3,0.481481,0.703704,106,0,33,5.66078,8.28958,241.06,568.52,108.25,27.2971,26.6453,306.06,278.5,0,0,0,0,0
neuromorpho__1103-1-Sec6-LTL2.swc,1747,pyramidal,0.992257,950,796,0,0,0,0,0,0,0,0,0,0,0,0.813872,0.168563,0.594674,0.594674,0.608791,0.659812,0.73776,0,0.0532341,0.410418,0.543789,0.555238,0.663485,0.608791,0.754737,0.993119,0.996653,0,0,0,0,64,0.840478,0.594674,0.636295,0.3125,0.484375,61.4,0,81.2,-4.02828,16.6982,194.04,185.06,69.98,-5.42281,14.4289,184.46,204.67,0,0,0,0,0
neuromorpho__1104-2-Sec2-LTL1.swc,1575,pyramidal,0.991913,0,671,903,0,0,0,0,0,0,0,0,0,0,0.684931,0.272398,0.397679,0.397679,0.397679,0.453335,0.506204,0.448254,0.543492,0.573333,0.573333,0.573333,0,0,0,0.996613,0.996653,0,0.452977,0.397679,1,49,0.74807,0.397679,0.397679,0.469388,0.469388,82.2,0,0,0,0,0,0,92.94,-7.13613,18.7406,189.43,139.75,61.57,-6.13913,10.5107,127.37,212.47
neuromorpho__110E_1_L_Ngr2KO_1.swc,182,pyramidal,0.650839,0,0,181,0,0,0,0,0,0,0,0,0,0,0.985864,0.0010507,0.985786,0.985786,0.985786,0.985786,0.985786,0,0,0,0,0,0,0,0,0,0,0,0.985786,0.985786,0,22,0.986432,0.985786,0.985786,0,0,15.9,0,0,0,0,0,0,0,0,0,0,0,72.3,34.6175,16.6075,100.86,286.38
neuromorpho__110E_1_L_Ngr2KO_2.swc,261,pyramidal,0.972034,0,0,260,0,0,0,0,0,0,0,0,0,0,0.985841,0.000878129,0.985786,0.985786,0.985786,0.985786,0.985786,0,0,0,0,0,0,0,0,0,0,0,0.985786,0.985786,0,30,0.98626,0.985786,0.985786,0,0,25.9,0,0,0,0,0,0,0,0,0,0,0,108.32,35.7539,25.7911,89.87,354.78
neuromorpho__1115-07-23-R1.swc,151,pyramidal,0.992357,0,150,0,0,0,0,0,0,0,0,0,0,0,0.996675,0.00027145,0.996653,0.996653,0.996653,0.996653,0.996653,0,0,0,0,0,0,0,0,0.996653,0.996653,0,0,0,0,49,0.996722,0.996653,0.996653,0,0,6.2,0.00333333,0,0,0,0,0,97.75,-3.257,20.1571,107.33,163.09,0,0,0,0,0
neuromorpho__1116-3-Sec2-LTL1.swc,817,pyramidal,0.906913,105,711,0,0,0,0,0,0,0,0,0,0,0,0.977206,0.0477669,0.856001,0.856001,0.856001,0.996653,0.996653,0,0,0,0,0.135863,0.856001,0.856001,0,0.995073,0.996653,0,0,0,0,32,0.98716,0.856001,0.990202,0,0,66.2,0,42.36,-16.9153,16.3715,61.38,20.32,112.01,-2.18089,26.7321,88.43,187.53,0,0,0,0,0
neuromorpho__1117-2-Sec6-LTL2.swc,1230,pyramidal,0.905604,0,1229,0,0,0,0,0,0,0,0,0,0,0,0.87723,0.182995,0.3,0.52009,0.622296,0.72548,0.996653,0.0390244,0.0569106,0.134146,0.347967,0.347967,0,0,0,0.87713,0.622296,0.134255,0,0,0,26,0.8598,0.3,0.627797,0.269231,0.384615,122,0,0,0,0,0,0,98.78,-20.8182,18.7623,311,291.55,0,0,0,0,0
neuromorpho__1117-2-Sec7-LTL3.swc,1464,pyramidal,0.978611,30,1019,414,0,0,0,0,0,0,0,0,0,0,0.939984,0.0860784,0.806591,0.806591,0.806591,0.806591,0.996653,0,0,0,0,0.303279,0.856001,0.856001,0,0.996592,0.996653,0,0.806591,0.806591,0,58,0.944957,0.806591,0.806591,0,0,52.4,0,25.54,36.6367,8.29165,26.22,8.11,89.96,-0.957056,16.242,148.18,160.44,63.48,5.918,12.3233,69.93,154.46
neuromorpho__111C_2_r_Ngr2KO.swc,651,pyramidal,0.97917,0,401,249,0,0,0,0,0,0,0,0,0,0,0.973486,0.113686,0.3,0.985786,0.985786,0.985786,0.996653,0.0276498,0.0276498,0.0276498,0.0276498,0.0276498,0,0,0,0.996565,0.996653,0,0.936211,0.985786,0.0722892,54,0.98866,0.3,0.985786,0,0.0185185,25.4,0,0,0,0,0,0,123.97,-10.1877,18.1975,177.71,132.84,91.27,-8.03229,18.7521,234.01,304.16
neuromorpho__11220c3.swc,879,interneuron,0.712435,0,878,0,0,0,0,0,0,0,0,0,0,0,0.693541,0.337985,0.3,0.3,0.3,0.3,0.976165,0.424346,0.424346,0.424346,0.424346,0.424346,0,0,0,0.693192,0.3,0.424829,0,0,0,31,0.811886,0.3,0.3,0.258065,0.290323,89,0,0,0,0,0,0,51.99,20.8364,13.7791,690.07,880.58,0,0,0,0,0
neuromorpho__11224c3.swc,1239,pyramidal,0.734798,223,286,729,0,0,0,0,0,0,0,0,0,0,0.97472,0.0759911,0.3,0.947713,0.958402,0.985786,0.985786,0.0121065,0.0121065,0.0121065,0.0121065,0.0121065,0.910619,0.938416,0.0672646,0.996406,0.996653,0,0.985786,0.985786,0,68,0.976875,0.3,0.947713,0.0147059,0.0147059,40.9,0,40.49,15.0887,11.8168,350.49,240.7,19.5,-1.46329,4.40572,183.49,275.35,51.48,24.159,14.0429,619.56,600.2
neuromorpho__1128-2-Sec1-BSL2.swc,1880,pyramidal,0.942639,60,1819,0,0,0,0,0,0,0,0,0,0,0,0.993593,0.0168633,0.900718,0.996653,0.996653,0.996653,0.996653,0,0,0,0,0,0.900718,0.900718,0,0.996653,0.996653,0,0,0,0,53,0.994906,0.900718,0.996653,0,0,95.2,0,8.43,-0.426833,2.64267,30.77,31.83,69.23,-7.95951,12.7027,164.94,246.23,0,0,0,0,0
neuromorpho__112A_1_R_WT.swc,541,pyramidal,0.98811,0,177,363,0,0,0,0,0,0,0,0,0,0,0.989368,0.00511685,0.985786,0.985786,0.985786,0.985786,0.985786,0,0,0,0,0,0,0,0,0.996653,0.996653,0,0.985786,0.985786,0,62,0.990573,0.985786,0.985786,0,0,20.7,0,0,0,0,0,0,54.98,-14.3577,11.2385,138.84,65.58,76.96,-19.9769,14.1569,169.03,220.52
neuromorpho__112F_2_R_WT.swc,350,pyramidal,0.983335,0,145,204,0,0,0,0,0,0,0,0,0,0,0.990228,0.00529374,0.985786,0.985786,0.985786,0.985786,0.985786,0,0,0,0,0,0,0,0,0.996409,0.996653,0,0.985786,0.985786,0,37,0.990456,0.985786,0.985786,0,0,18,0,0,0,0,0,0,41.88,1.2929,8.66303,148.88,86.29,46.58,-27.3755,9.92862,102.38,223.22
neuromorpho__11324c1.swc,1490,pyramidal,0.865017,826,663,0,0,0,0,0,0.000819021,0,0,0,0,0,0.857324,0.275766,0.3,0.3,0.3,0.99291,0.993021,0.196644,0.196644,0.196644,0.196644,0.196644,0.914729,0.3,0.112591,0.78559,0.3,0.301659,0,0,0,83,0.884868,0.3,0.3,0.156627,0.168675,41,0,94,28.0011,24.7911,887.49,427.59,80.5,16.6652,16.9997,259.19,545.1,0,0,0,0,0
neuromorpho__113C_2_L_WT_2.swc,471,pyramidal,0.988133,245,225,0,0,0,0,0,0,0,0,0,0,0,0.819655,0.172361,0.618664,0.618664,0.629815,0.64407,0.745958,0,0,0.454352,0.52017,0.52017,0.656369,0.618664,0.873469,0.996653,0.996653,0,0,0,0,30,0.879701,0.618664,0.64407,0.266667,0.366667,30.4,0,45.85,-14.2357,10.3429,73.09,231.97,39.6,7.09702,11.6171,108.05,117.33,0,0,0,0,0
neuromorpho__115-04-23-R1.swc,125,pyramidal,0.996259,0,124,0,0,0,0,0,0,0,0,0,0,0,0.99668,0.000298141,0.996653,0.996653,0.996653,0.996653,0.996653,0,0,0,0,0,0,0,0,0.996653,0.996653,0,0,0,0,27,0.996777,0.996653,0.996653,0,0,10,0,0,0,0,0,0,58.37,-17.0751,12.8297,155.3,217.36,0,0,0,0,0
neuromorpho__115-04-25-L1.swc,236,pyramidal,0.993553,0,235,0,0,0,0,0,0,0,0,0,0,0,0.996667,0.000217391,0.996653,0.996653,0.996653,0.996653,0.996653,0,0,0,0,0,0,0,0,0.996653,0.996653,0,0,0,0,51,0.996719,0.996653,0.996653,0,0,10,-0.00333333,0,0,0,0,0,115.44,5.92478,23.283,170.62,256.11,0,0,0,0,0
neuromorpho__11501-21-R1.swc,230,pyramidal,0.995998,0,229,0,0,0,0,0,0,0,0,0,0,0,0.996668,0.000220196,0.996653,0.996653,0.996653,0.996653,0.996653,0,0,0,0,0,0,0,0,0.996653,0.996653,0,0,0,0,52,0.996718,0.996653,0.996653,0,0,8.9,0,0,0,0,0,0,103.41,-0.108865,19.5011,158.12,194.67,0,0,0,0,0
neuromorpho__11501-23-R1.swc,206,pyramidal,0.995405,0,205,0,0,0,0,0,0,0,0,0,0,0,0.996584,0.000655874,0.992226,0.996653,0.996653,0.996653,0.996653,0,0,0,0,0,0,0,0,0.996567,0.996653,0,0,0,0,47,0.996536,0.992226,0.996653,0,0,10,0,0,0,0,0,0,92.8,-1.07278,16.2381,136.77,177.83,0,0,0,0,0
neuromorpho__11502-23-L1.swc,234,pyramidal,0.991351,0,233,0,0,0,0,0,0,0,0,0,0,0,0.996668,0.000218315,0.996653,0.996653,0.996653,0.996653,0.996653,0,0,0,0,0,0,0,0,0.996653,0.996653,0,0,0,0,65,0.996705,0.996653,0.996653,0,0,8.6,0,0,0,0,0,0,110.51,-1.81094,24.7552,174.28,192.24,0,0,0,0,0
neuromorpho__11503-23R1.swc,304,pyramidal,0.894669,0,303,0,0,0,0,0,0,0,0,0,0,0,0.996664,0.000191632,0.996653,0.996653,0.996653,0.996653,0.996653,0,0,0,0,0,0,0,0,0.996653,0.996653,0,0,0,0,60,0.996709,0.996653,0.996653,0,0,8.2,0,0,0,0,0,0,111.62,2.54257,22.9814,151.25,144.36,0,0,0,0,0
neuromorpho__11505-24-L1.swc,180,pyramidal,0.995374,0,179,0,0,0,0,0,0,0,0,0,0,0,0.996672,0.000248757,0.996653,0.996653,0.996653,0.996653,0.996653,0,0,0,0,0,0,0,0,0.996653,0.996653,0,0,0,0,49,0.996722,0.996653,0.996653,0,0,7.2,0,0,0,0,0,0,108,-6.85112,22.53,171.17,196.61,0,0,0,0,0
neuromorpho__11505-28-L1.swc,219,pyramidal,0.993782,0,218,0,0,0,0,0,0,0,0,0,0,0,0.996669,0.000225634,0.996653,0.996653,0.996653,0.996653,0.996653,0,0,0,0,0,0,0,0,0.996653,0.996653,0,0,0,0,55,0.996714,0.996653,0.996653,0,0,8.6,0,0,0,0,0,0,127.61,-8.74385,22.4038,131.83,183.96,0,0,0,0,0
neuromorpho__11506-19-L1.swc,273,pyramidal,0.991168,0,272,0,0,0,0,0,0,0,0,0,0,0,0.996666,0.000202182,0.996653,0.996653,0.996653,0.996653,0.996653,0,0,0,0,0,0,0,0,0.996653,0.996653,0,0,0,0,60,0.996709,0.996653,0.996653,0,0,10,0,0,0,0,0,0,120.66,5.52338,22.6161,157.43,176.67,0,0,0,0,0
neuromorpho__11508-20-R1.swc,239,pyramidal,0.994477,0,238,0,0,0,0,0,0,0,0,0,0,0,0.996501,0.000872792,0.992226,0.996653,0.996653,0.996653,0.996653,0,0,0,0,0,0,0,0,0.996486,0.996653,0,0,0,0,61,0.996563,0.992226,0.996653,0,0,10,0,0,0,0,0,0,99.37,-8.90433,18.2217,151.55,170.36,0,0,0,0,0
neuromorpho__11509-22-L1.swc,146,pyramidal,0.995883,0,145,0,0,0,0,0,0,0,0,0,0,0,0.996676,0.000276027,0.996653,0.996653,0.996653,0.996653,0.996653,0,0,0,0,0,0,0,0,0.996653,0.996653,0,0,0,0,43,0.996731,0.996653,0.996653,0,0,6,0,0,0,0,0,0,118.9,0.208897,18.383,125.69,174.5,0,0,0,0,0
neuromorpho__11615c1.swc,2048,pyramidal,0.656213,1096,951,0,0,0,0,0,0,0,0,0,0,0,0.835138,0.287694,0.3,0.3,0.3,0.989951,0.993021,0.222168,0.222168,0.222168,0.241211,0.241211,0.756533,0.3,0.341241,0.925555,0.765117,0.0851735,0,0,0,69,0.936068,0.3,0.746073,0.101449,0.130435,69.2,0,78.99,27.964,17.9824,812.97,587.79,89,19.7434,21.5564,337.43,555.38,0,0,0,0,0
neuromorpho__11615c3.swc,1101,pyramidal,0.947556,0,626,474,0,0,0,0,0.0272779,0,0,0,0,0,0.987009,0.0244582,0.810557,0.973964,0.985291,0.985671,0.996653,0,0,0,0,0.0145322,0,0,0,0.99023,0.996653,0,0.982728,0.985291,0,70,0.981029,0.810557,0.950373,0,0,36.6,0,0,0,0,0,0,101.93,9.58768,25.0881,170.2,205.31,90.48,59.1076,28.7109,157.56,400.17
neuromorpho__11C3neuron3.swc,3716,pyramidal,0.861973,0,2752,963,0,0,0.395048,0.395048,0.0721459,-0.135899,-0.123251,0.25915,0.25915,0,0.896539,0.104687,0.693926,0.734365,0.756844,0.817628,0.870107,0,0,0.0409042,0.202906,0.502153,0,0,0,0.923625,0.738927,0.0552326,0.819027,0.792695,0,69,0.899159,0.693926,0.756844,0.0289855,0.202899,113.6,0,0,0,0,0,0,100.63,0.655011,21.3048,243.17,293.95,43.28,-10.6856,8.65688,236.7,203
neuromorpho__11_51.swc,2873,pyramidal,0.994283,10,2862,0,0,0,0,0,0,0,0,0,0,0,0.996165,0.00828393,0.856001,0.996653,0.996653,0.996653,0.996653,0,0,0,0,0.00348068,0.856001,0.856001,0,0.996653,0.996653,0,0,0,0,209,0.995996,0.856001,0.996653,0,0,26.2,0,0,0,0,2.06,4.35,0,0,0,87.19,118.78,0,0,0,0,0
neuromorpho__11c_3.swc,427,pyramidal,0.966293,0,426,0,0,0,0,0,0,0,0,0,0,0,0.995416,0.00231434,0.990146,0.990146,0.991637,0.996653,0.996653,0,0,0,0,0,0,0,0,0.995405,0.991637,0,0,0,0,20,0.996244,0.990146,0.996152,0,0,41.1,0,0,0,0,0,0,78.85,-21.7587,15.9527,200.45,211.21,0,0,0,0,0
neuromorpho__121012V1-3Slice6Cell6.swc,542,pyramidal,0.984205,0,212,329,0,0,0,0,0,0,0,0,0,0,0.990063,0.00531727,0.985786,0.985786,0.985786,0.985786,0.985786,0,0,0,0,0,0,0,0,0.996653,0.996653,0,0.985786,0.985786,0,46,0.990347,0.985786,0.985786,0,0,24.5,0,0,0,0,0,0,46.01,5.26986,8.7711,282.41,189.32,75.98,-9.67082,14.7374,237.93,314.49
neuromorpho__1232.swc,767,interneuron,0.961774,523,243,0,0,0,0,0,0,0,0,0,0,0,0.99435,0.00707426,0.972829,0.986406,0.986406,0.986406,0.999596,0,0,0,0,0,0.991796,0.986406,0,0.999824,0.999824,0,0,0,0,97,0.996271,0.972829,0.986406,0,0,17,0.262778,32.44,24.7034,9.60325,12.02,12.76,3.4,-4.56516,0.590383,13.91,24.32,0,0,0,0,0
neuromorpho__1243.swc,739,interneuron,0.970688,621,117,0,0,0,0,0,0,0,0,0,0,0,0.961006,0.109289,0.513514,0.600985,0.926606,0.986406,0.999596,0,0.0202977,0.0717185,0.0717185,0.0798376,0.965376,0.926606,0.0611916,0.937476,0.513514,0.128205,0,0,0,94,0.978915,0.513514,0.979266,0.0319149,0.0319149,16.7,0.119626,40.13,22.1672,12.2157,17.54,34.01,4.83,-2.25458,0.831024,20.3,5.38,0,0,0,0,0
neuromorpho__12B3neuron1Layers.swc,2808,interneuron,0.656196,0,2807,0,0,0,0,0,0,0,0,0,0,0,0.999824,3.32549e-06,0.999824,0.999824,0.999824,0.999824,0.999824,0,0,0,0,0,0,0,0,0.999824,0.999824,0,0,0,0,58,0.999827,0.999824,0.999824,0,0,111.9,0,0,0,0,0,0,90.25,-9.14755,20.5286,225.47,244.11,0,0,0,0,0
neuromorpho__12C2neuron1Layers.swc,1162,interneuron,0.669031,117,1044,0,0,0,0,0,0,0,0,0,0,0,0.865346,0.242582,0.3,0.3,0.321351,0.700695,0.999824,0.100688,0.149742,0.25043,0.25043,0.25043,0.600985,0.600985,1,0.894844,0.3,0.166667,0,0,0,16,0.901439,0.3,0.600985,0.1875,0.25,120,0,100.46,125.429,36.5738,64.26,34.11,272.94,73.3514,83.0482,197.16,360.08,0,0,0,0,0
neuromorpho__12N5-8162019-b-fcfc1.swc,5116,interneuron,0.661904,0,5115,0,0,0,0,0,0,0,0,0,0,0,0.999824,2.4639e-06,0.999824,0.999824,0.999824,0.999824,0.999824,0,0,0,0,0,0,0,0,0.999824,0.999824,0,0,0,0,126,0.999825,0.999824,0.999824,0,0,110,0,0,0,0,0,0,20.97,-2.23047,4.07276,194.46,289.19,0,0,0,0,0
neuromorpho__12N5-8162019-b-fcfc21.swc,5116,interneuron,0.661904,0,5115,0,0,0,0,0,0,0,0,0,0,0,0.999824,2.4639e-06,0.999824,0.999824,0.999824,0.999824,0.999824,0,0,0,0,0,0,0,0,0.999824,0.999824,0,0,0,0,126,0.999825,0.999824,0.999824,0,0,110,0,0,0,0,0,0,20.97,-2.23047,4.07276,194.46,289.19,0,0,0,0,0
neuromorpho__12N5-8162019-b-fcfc2a.swc,2605,interneuron,0.983876,0,2604,0,0,0,0,0,0,0,0,0,0,0,0.957915,0.16605,0.3,0.3,0.999824,0.999824,0.999824,0.0598848,0.0598848,0.0598848,0.0598848,0.0598848,0,0,0,0.957899,0.999824,0.0599078,0,0,0,33,0.9911,0.3,0.999824,0,0.030303,219.6,0,0,0,0,0,0,17.98,-6.64199,4.25579,148.13,317.99,0,0,0,0,0
neuromorpho__12N5-8162019-b-fcfc42.swc,2605,interneuron,0.984148,0,2604,0,0,0,0,0,0,0,0,0,0,0,0.957915,0.16605,0.3,0.3,0.999824,0.999824,0.999824,0.0598848,0.0598848,0.0598848,0.0598848,0.0598848,0,0,0,0.957899,0.999824,0.0599078,0,0,0,33,0.9911,0.3,0.999824,0,0.030303,219.6,0,0,0,0,0,0,17.98,-6.64199,4.25579,148.13,317.99,0,0,0,0,0
neuromorpho__12N5-8162019-b-wt10a.swc,2988,interneuron,0.987713,0,2987,0,0,0,0,0,0,0,0,0,0,0,0.999824,3.2238e-06,0.999824,0.999824,0.999824,0.999824,0.999824,0,0,0,0,0,0,0,0,0.999824,0.999824,0,0,0,0,100,0.999826,0.999824,0.999824,0,0,63.1,0,0,0,0,0,0,16.95,0.214761,3.20457,111.85,180.07,0,0,0,0,0
neuromorpho__12N5-8162019-b-wt1a.swc,4908,interneuron,0.931363,0,4907,0,0,0,0,0,0,0,0,0,0,0,0.999824,2.51556e-06,0.999824,0.999824,0.999824,0.999824,0.999824,0,0,0,0,0,0,0,0,0.999824,0.999824,0,0,0,0,102,0.999825,0.999824,0.999824,0,0,105.5,0,0,0,0,0,0,17.95,-2.36111,3.73705,96.46,271.6,0,0,0,0,0
neuromorpho__12N5-8162019-b_tile3-fcfc4A.swc,1238,interneuron,0.990188,0,1237,0,0,0,0,0,0,0,0,0,0,0,0.999824,5.00721e-06,0.999824,0.999824,0.999824,0.999824,0.999824,0,0,0,0,0,0,0,0,0.999824,0.999824,0,0,0,0,24,0.999831,0.999824,0.999824,0,0,98.5,0,0,0,0,0,0,24.94,3.71918,3.75083,81.87,244.03,0,0,0,0,0
neuromorpho__12N5-8162019-b_tile3-fcfc5a.swc,1411,interneuron,0.938151,0,1410,0,0,0,0,0,0,0,0,0,0,0,0.999824,4.69044e-06,0.999824,0.999824,0.999824,0.999824,0.999824,0,0,0,0,0,0,0,0,0.999824,0.999824,0,0,0,0,29,0.99983,0.999824,0.999824,0,0,108,0,0,0,0,0,0,22.96,-7.58977,5.14159,100.09,156.23,0,0,0,0,0
neuromorpho__12N7-8162019-b-TILE1-n7dat12_tile1_fcfc2a.swc,2481,interneuron,0.984414,0,2480,0,0,0,0,0,0,0,0,0,0,0,0.999824,3.53778e-06,0.999824,0.999824,0.999824,0.999824,0.999824,0,0,0,0,0,0,0,0,0.999824,0.999824,0,0,0,0,56,0.999827,0.999824,0.999824,0,0,104,0,0,0,0,0,0,42.94,-4.41881,8.02919,94.79,144.13,0,0,0,0,0
neuromorpho__12N7-8162019-b-TILE1-wt3a1.swc,4332,interneuron,0.985744,0,4331,0,0,0,0,0,0,0,0,0,0,0,0.999824,2.67755e-06,0.999824,0.999824,0.999824,0.999824,0.999824,0,0,0,0,0,0,0,0,0.999824,0.999824,0,0,0,0,79,0.999826,0.999824,0.999824,0,0,136.2,0,0,0,0,0,0,40.92,-2.53445,8.40214,164.37,158.97,0,0,0,0,0
neuromorpho__12N7-8162019-b-TILE1-wt4a.swc,2389,interneuron,0.96201,0,2388,0,0,0,0,0,0,0,0,0,0,0,0.999824,3.60523e-06,0.999824,0.999824,0.999824,0.999824,0.999824,0,0,0,0,0,0,0,0,0.999824,0.999824,0,0,0,0,78,0.999826,0.999824,0.999824,0,0,68.3,0,0,0,0,0,0,41.93,-1.32126,8.58186,135.33,158.68,0,0,0,0,0
neuromorpho__12N7-8162019-b-TILE1-wt7a.swc,1363,interneuron,0.871598,0,1362,0,0,0,0,0,0,0,0,0,0,0,0.999824,4.77226e-06,0.999824,0.999824,0.999824,0.999824,0.999824,0,0,0,0,0,0,0,0,0.999824,0.999824,0,0,0,0,46,0.999828,0.999824,0.999824,0,0,59.5,0,0,0,0,0,0,39.92,0.084141,7.92709,71.3,101.98,0,0,0,0,0
neuromorpho__12N7-8162019-b-wt1a.swc,3276,interneuron,0.974571,0,3275,0,0,0,0,0,0,0,0,0,0,0,0.999824,3.07888e-06,0.999824,0.999824,0.999824,0.999824,0.999824,0,0,0,0,0,0,0,0,0.999824,0.999824,0,0,0,0,47,0.999827,0.999824,0.999824,0,0,190.2,0,0,0,0,0,0,23.91,0.856977,4.96899,141.05,159.24,0,0,0,0,0
neuromorpho__12N7-8162019-b_fcfc2a.swc,4014,interneuron,0.942934,0,4013,0,0,0,0,0,0,0,0,0,0,0,0.999824,2.78156e-06,0.999824,0.999824,0.999824,0.999824,0.999824,0,0,0,0,0,0,0,0,0.999824,0.999824,0,0,0,0,42,0.999828,0.999824,0.999824,0,0,224.8,0,0,0,0,0,0,20.81,-4.37546,4.67195,258.83,300.13,0,0,0,0,0
neuromorpho__12N7-8162019-b_fcfc3a.swc,2837,interneuron,0.989921,0,2836,0,0,0,0,0,0,0,0,0,0,0,0.955175,0.171034,0.3,0.3,0.999824,0.999824,0.999824,0.0637998,0.0637998,0.0637998,0.0637998,0.0637998,0,0,0,0.955159,0.999824,0.0638223,0,0,0,42,0.994072,0.3,0.999824,0,0.0238095,173.4,0,0,0,0,0,0,32.22,-0.455857,5.73535,114.67,241.61,0,0,0,0,0
neuromorpho__12_46.swc,2409,pyramidal,0.983353,1197,1211,0,0,0,0,0,0,0,0,0,0,0,0.908536,0.0906192,0.662567,0.805407,0.805407,0.815715,0.996653,0,0,0.00539643,0.011208,0.496887,0.819311,0.805407,0.0108605,0.996653,0.996653,0,0,0,0,114,0.934123,0.662567,0.805407,0.0175439,0.0263158,35.8,0,0,0,0,44.81,44.58,0,0,0,30.97,118.61,0,0,0,0,0
neuromorpho__12_47.swc,4416,pyramidal,0.988491,48,4367,0,0,0,0,0,0,0,0,0,0,0,0.950158,0.0771402,0.680101,0.824952,0.824952,0.895988,0.996653,0,0,0.00883152,0.0405344,0.272645,0.710851,0.680101,0.8125,0.952777,0.824952,0,0,0,0,219,0.943897,0.680101,0.824952,0.00456621,0.0593607,41.2,0,0,0,0,3.14,7.85,0.05,-0.00738264,0.0136409,111.1,101.8,0,0,0,0,0
neuromorpho__12_den_ax.swc,81086,pyramidal,0.995437,72360,8725,0,0,0,0,0,0,0,0,0,0,0,0.551384,0.333574,0.3,0.3,0.3,0.3,0.3,0.63778,0.63778,0.63778,0.63778,0.63778,0.497689,0.3,0.71469,0.996653,0.996653,0,0,0,0,906,0.656525,0.3,0.3,0.484547,0.488962,219,0,2734.89,-959.117,796.562,6373.4,1603.74,109.34,12.9496,20.5654,240.3,281.2,0,0,0,0,0
neuromorpho__13-01-15-B.swc,12679,interneuron,0.995106,6282,6396,0,0,0,0,0,0,0,0,0,0,0,0.99904,0.0032517,0.972829,0.999596,0.999596,0.999596,0.999824,0,0,0,0,0,0.998241,0.999596,0,0.999824,0.999824,0,0,0,0,383,0.999175,0.972829,0.999596,0,0,85,2,45,6.37639,10.9174,89.15,314.17,43,-19.0857,9.67528,50.81,222.89,0,0,0,0,0
neuromorpho__139-05-cell-1-analysis.swc,532,interneuron,0.932908,101,430,0,0,0,0,0,0,0,0,0,0,0,0.952714,0.120819,0.513514,0.600985,0.900302,0.999824,0.999824,0,0.0432331,0.075188,0.0808271,0.0864662,0.761841,0.513514,0.39604,0.997436,0.999824,0,0,0,0,30,0.926096,0.513514,0.600985,0.133333,0.166667,35.9,0,14.49,-8.40198,4.01272,13.17,56.63,20.19,2.0803,2.81554,31.38,90.22,0,0,0,0,0
neuromorpho__139-06-cell-1-analysis.swc,587,interneuron,0.933254,184,402,0,0,0,0,0,0,0,0,0,0,0,0.948865,0.0975279,0.600985,0.600985,0.888889,0.888889,0.999824,0,0,0.0562181,0.0562181,0.313458,0.837254,0.600985,0.179348,0.999824,0.999824,0,0,0,0,18,0.921034,0.600985,0.600985,0.166667,0.166667,83.6,-1,16,-6.5388,4.73963,21.56,63.45,20.77,-7.20035,7.00501,46.84,188.53,0,0,0,0,0
neuromorpho__13B1neuron2.swc,2744,pyramidal,0.862267,0,2743,0,0,0,0,0,0,0,0,0,0,0,0.996488,0.000844233,0.992226,0.996653,0.996653,0.996653,0.996653,0,0,0,0,0,0,0,0,0.996487,0.996653,0,0,0,0,55,0.996473,0.992226,0.996653,0,0,104.2,0,0,0,0,0,0,96.6,-15.6421,25.2714,211.5,275.79,0,0,0,0,0
neuromorpho__13_08_13_-2_Cell_-2.swc,31729,pyramidal,0.957688,9329,10027,12372,0,0,0,0,0,0,0,0,0,0,0.675348,0.290375,0.3,0.3,0.3,0.3,0.708842,0.319518,0.378203,0.49034,0.595701,0.616156,0.853697,0.3,0.197449,0.651718,0.530187,0.601875,0.559989,0.3,0.620837,168,0.713775,0.3,0.3,0.434524,0.553571,405.3,0,213.97,-26.2481,40.2766,650,559.18,179.2,-23.0941,33.5658,387.8,363.4,251.65,-54.8291,46.9527,548.39,1144.92
neuromorpho__13_41.swc,1154,pyramidal,0.979272,0,1153,0,0,0,0,0,0,0,0,0,0,0,0.996656,9.84758e-05,0.996653,0.996653,0.996653,0.996653,0.996653,0,0,0,0,0,0,0,0,0.996653,0.996653,0,0,0,0,58,0.996711,0.996653,0.996653,0,0,49.3,0,0,0,0,0,0,0.25,0.0231483,0.0723828,122.38,132.11,0,0,0,0,0
neuromorpho__14-1-15-A-A1.swc,7904,interneuron,0.9967,7251,652,0,0,0,0,0,0,0,0,0,0,0,0.972467,0.0303565,0.3,0.972829,0.972829,0.972829,0.972829,0.00113866,0.00113866,0.00202429,0.00771761,0.00771761,0.970004,0.972829,0.00220659,0.999824,0.999824,0,0,0,0,169,0.978999,0.3,0.972829,0.00591716,0.0118343,132,0,57.5,-5.03658,12.2507,130.06,580.29,29.55,-8.8898,7.18968,39.44,140.72,0,0,0,0,0
neuromorpho__14-1-15-A-A4.swc,3584,interneuron,0.992593,0,3583,0,0,0,0,0,0,0,0,0,0,0,0.988771,0.0153618,0.890625,0.975174,0.975174,0.975174,0.999824,0,0,0,0,0.00948661,0,0,0,0.988768,0.975174,0,0,0,0,84,0.986311,0.890625,0.975174,0,0,86.7,0.5,0,0,0,0,0,21.67,0.989224,4.7588,42.49,163.07,0,0,0,0,0
neuromorpho__14-1-15-A-B1.swc,599,interneuron,0.919897,45,553,0,0,0,0,0,0,0,0,0,0,0,0.969861,0.105131,0.600985,0.600985,0.999824,0.999824,0.999824,0,0,0.0751252,0.0751252,0.0751252,0.600985,0.600985,1,0.999824,0.999824,0,0,0,0,27,0.985058,0.600985,0.999824,0.037037,0.037037,51,1.56083,3.5,7.39694,0.942547,2.47,7.28,34.47,5.61018,6.66422,27.24,114.46,0,0,0,0,0
neuromorpho__141012_Pair1SAC.swc,4172,interneuron,0.989372,0,4171,0,0,0,0,0,0,0,0,0,0,0,0.999824,2.72839e-06,0.999824,0.999824,0.999824,0.999824,0.999824,0,0,0,0,0,0,0,0,0.999824,0.999824,0,0,0,0,146,0.999825,0.999824,0.999824,0,0,69.5,0,0,0,0,0,0,16.5,6.67579,4.14846,48.99,69.8,0,0,0,0,0
neuromorpho__143-06-cell-1-analysis.swc,1699,interneuron,0.96563,0,1698,0,0,0,0,0,0,0,0,0,0,0,0.999824,4.27471e-06,0.999824,0.999824,0.999824,0.999824,0.999824,0,0,0,0,0,0,0,0,0.999824,0.999824,0,0,0,0,33,0.999829,0.999824,0.999824,0,0,144.4,1,0,0,0,0,0,25.72,-1.71006,5.07272,55.86,244.87,0,0,0,0,0
neuromorpho__143-06-cell-2-analysis.swc,998,interneuron,0.979755,0,997,0,0,0,0,0,0,0,0,0,0,0,0.999824,5.57633e-06,0.999824,0.999824,0.999824,0.999824,0.999824,0,0,0,0,0,0,0,0,0.999824,0.999824,0,0,0,0,19,0.999833,0.999824,0.999824,0,0,147.8,0,0,0,0,0,0,19.99,-3.83121,5.44361,45.72,225.31,0,0,0,0,0
neuromorpho__143-07-cell-1-analysis.swc,1827,interneuron,0.983183,0,1826,0,0,0,0,0,0,0,0,0,0,0,0.999578,0.00197259,0.983766,0.999824,0.999824,0.999824,0.999824,0,0,0,0,0,0,0,0,0.999578,0.999824,0,0,0,0,35,0.99937,0.983766,0.999824,0,0,122.8,0,0,0,0,0,0,24.99,6.26899,7.65212,40.43,221.13,0,0,0,0,0
neuromorpho__1451-1-Sec1-BSL2.swc,1227,pyramidal,0.945441,41,1185,0,0,0,0,0,0,0,0,0,0,0,0.968643,0.0830048,0.3,0.753381,0.856001,0.990146,0.996653,0.00488998,0.00488998,0.00488998,0.0757946,0.105134,0.788196,0.3,0.121951,0.97486,0.985968,0.000843882,0,0,0,49,0.958887,0.3,0.753381,0,0.142857,62.2,0,165.2,-92.4822,63.8724,13.57,16.15,198.65,-6.71356,31.652,204.24,274.67,0,0,0,0,0
neuromorpho__1460-2-Sec5-LTL2.swc,3189,pyramidal,0.909269,1170,1805,213,0,0,0,0,0,0,0,0,0,0,0.750372,0.216526,0.3,0.453335,0.502307,0.538843,0.819338,0.0733772,0.40232,0.432738,0.435873,0.648166,0.529936,0.453335,1,0.869022,0.614845,0.116343,0.954586,0.954277,0,75,0.761881,0.3,0.503149,0.426667,0.466667,118.4,0,351.54,-3.11769,49.8004,148.78,283.22,262.91,-5.18652,38.3368,191.49,380.87,81.57,-1.73869,16.4356,85.91,254.22
neuromorpho__1463-2-Sec4-LTL2.swc,1190,pyramidal,0.92581,0,831,358,0,0,0.30084,0.30084,0.0109376,0,-0.30084,0.30084,0.30084,0,0.854054,0.139106,0.500278,0.518848,0.790429,0.801427,0.8021,0,0.0865546,0.0865546,0.215966,0.602521,0,0,0,0.877388,0.520815,0.123947,0.799483,0.792375,0,51,0.831592,0.500278,0.540657,0.117647,0.372549,52,0,0,0,0,0,0,99.29,-1.44657,17.3151,137.11,345.96,29.86,15.284,6.54329,110.75,174.03
neuromorpho__14Feb2019-exp-5_53-rpt-188-1006.swc,4922,interneuron,0.963876,0,4921,0,0,0,0,0,0,0,0,0,0,0,0.999814,0.000496797,0.975174,0.999824,0.999824,0.999824,0.999824,0,0,0,0,0,0,0,0,0.999814,0.999824,0,0,0,0,78,0.99951,0.975174,0.999824,0,0,158,0,0,0,0,0,0,2.97,0.073353,0.549467,166.34,198.59,0,0,0,0,0
neuromorpho__14Feb2019-exp-5_53-rpt-scr-1002.swc,4301,interneuron,0.944064,0,4300,0,0,0,0,0,0,0,0,0,0,0,0.999824,2.68718e-06,0.999824,0.999824,0.999824,0.999824,0.999824,0,0,0,0,0,0,0,0,0.999824,0.999824,0,0,0,0,52,0.999827,0.999824,0.999824,0,0,216.5,0,0,0,0,0,0,2.92,3.31123,0.36456,217.19,220.44,0,0,0,0,0
neuromorpho__14Feb2019-exp-5_53-rpt-scr-1006.swc,1867,interneuron,0.927348,0,1866,0,0,0,0,0,0,0,0,0,0,0,0.999824,4.07796e-06,0.999824,0.999824,0.999824,0.999824,0.999824,0,0,0,0,0,0,0,0,0.999824,0.999824,0,0,0,0,23,0.999831,0.999824,0.999824,0,0,177.2,0,0,0,0,0,0,1.81,-0.823023,0.349033,200.6,232.92,0,0,0,0,0
neuromorpho__14_37.swc,2421,pyramidal,0.989161,0,2420,0,0,0,0,0,0,0,0,0,0,0,0.996655,6.80038e-05,0.996653,0.996653,0.996653,0.996653,0.996653,0,0,0,0,0,0,0,0,0.996653,0.996653,0,0,0,0,116,0.996682,0.996653,0.996653,0,0,48,0,0,0,0,0,0,0,0,0,107.26,110.03,0,0,0,0,0
neuromorpho__150206_1.swc,3970,interneuron,0.923192,0,3969,0,0,0,0,0,0,0,0,0,0,0,0.940418,0.19505,0.3,0.3,0.999824,0.999824,0.999824,0.0848866,0.0848866,0.0848866,0.0848866,0.0848866,0,0,0,0.940403,0.999824,0.084908,0,0,0,124,0.97725,0.3,0.999824,0.0322581,0.0322581,76.4,0.00333333,0,0,0,0,0,66,-2.65794,13.8535,80.78,273.58,0,0,0,0,0
neuromorpho__150504_2.swc,10757,interneuron,0.88535,9954,802,0,0,0,0,0,0,0,0,0,0,0,0.998899,0.00298848,0.986406,0.986406,0.999596,0.999596,0.999596,0,0,0,0,0,0.998825,0.999596,0,0.999824,0.999824,0,0,0,0,278,0.99766,0.986406,0.986406,0,0,94,0,83,-40.104,14.0096,70.21,110.68,43,-11.4364,10.1614,108.9,33.88,0,0,0,0,0
neuromorpho__150504_pair2sac.swc,8928,interneuron,0.993182,0,8927,0,0,0,0,0,0,0,0,0,0,0,0.999824,1.86522e-06,0.999824,0.999824,0.999824,0.999824,0.999824,0,0,0,0,0,0,0,0,0.999824,0.999824,0,0,0,0,369,0.999824,0.999824,0.999824,0,0,64,10.9889,0,0,0,0,0,30,9.51875,3.24088,74.15,83.15,0,0,0,0,0
neuromorpho__15_33.swc,1026,pyramidal,0.972856,0,1025,0,0,0,0,0,0,0,0,0,0,0,0.996657,0.000104432,0.996653,0.996653,0.996653,0.996653,0.996653,0,0,0,0,0,0,0,0,0.996653,0.996653,0,0,0,0,64,0.996706,0.996653,0.996653,0,0,31.4,0,0,0,0,0,0,0,0,0,109.6,109.18,0,0,0,0,0
neuromorpho__16-06-15-C.swc,11914,interneuron,0.994977,11447,466,0,0,0,0,0,0,0,0,0,0,0,0.94303,0.186112,0.3,0.3,0.979266,0.999596,0.999596,0.0772201,0.0772201,0.0772201,0.0772201,0.0772201,0.940713,0.979266,0.0803704,0.999824,0.999824,0,0,0,0,98,0.989856,0.3,0.986406,0,0.0204082,298.9,-1.5,89.48,-21.7666,18.1952,135.91,425.88,28.5,-5.95483,6.6618,39.47,76.38,0,0,0,0,0
neuromorpho__160727_SAC3_006.swc,1121,interneuron,0.958523,0,1120,0,0,0,0,0,0,0,0,0,0,0,0.999824,5.26181e-06,0.999824,0.999824,0.999824,0.999824,0.999824,0,0,0,0,0,0,0,0,0.999824,0.999824,0,0,0,0,36,0.999829,0.999824,0.999824,0,0,77,-1.4,0,0,0,0,0,33,-4.66344,9.49602,67.23,91.11,0,0,0,0,0
neuromorpho__160817_SAC4_006_avgupdated.swc,4477,interneuron,0.98808,0,4476,0,0,0,0,0,0,0,0,0,0,0,0.995867,0.00805006,0.976165,0.976165,0.976165,0.993726,0.999824,0,0,0,0,0,0,0,0,0.995866,0.976165,0,0,0,0,246,0.998903,0.976165,0.999824,0,0,61.5,0.545455,0,0,0,0,0,40,27.5746,5.36971,131.17,103.92,0,0,0,0,0
neuromorpho__160826_FusedSAC3_avgupdated.swc,3496,interneuron,0.989856,0,3495,0,0,0,0,0,0,0,0,0,0,0,0.9995,0.00260551,0.976165,0.999824,0.999824,0.999824,0.999824,0,0,0,0,0,0,0,0,0.9995,0.999824,0,0,0,0,192,0.99934,0.976165,0.999824,0,0,41,3.53333,0,0,0,0,0,16,16.2846,2.59952,111.45,105.18,0,0,0,0,0
neuromorpho__161012_08.swc,19111,interneuron,0.786174,17134,1976,0,0,0,0,0,0,0,0,0,0,0,0.904328,0.23836,0.3,0.3,0.3,0.999596,0.999596,0.134582,0.134582,0.134582,0.134582,0.134582,0.91418,0.3,0.120287,0.818847,0.3,0.258603,0,0,0,289,0.959271,0.3,0.887771,0.0484429,0.0692042,166,-6.98241,126.28,-32.7747,28.6631,703.39,793.96,118.97,-13.0039,21.1062,381.35,723.11,0,0,0,0,0
neuromorpho__161014_SAC1_avgupdated.swc,2900,interneuron,0.994714,0,2899,0,0,0,0,0,0,0,0,0,0,0,0.999824,3.27233e-06,0.999824,0.999824,0.999824,0.999824,0.999824,0,0,0,0,0,0,0,0,0.999824,0.999824,0,0,0,0,236,0.999824,0.999824,0.999824,0,0,29.5,3.13043,0,0,0,0,0,26,19.0104,4.60411,69.5,103.47,0,0,0,0,0
neuromorpho__161027_SAC5.swc,3779,interneuron,0.988579,0,3778,0,0,0,0,0,0,0,0,0,0,0,0.999824,2.86672e-06,0.999824,0.999824,0.999824,0.999824,0.999824,0,0,0,0,0,0,0,0,0.999824,0.999824,0,0,0,0,169,0.999825,0.999824,0.999824,0,0,56.2,-4.35714,0,0,0,0,0,17,15.9048,2.07971,122.72,93.26,0,0,0,0,0
neuromorpho__161220_2.swc,27273,interneuron,0.623148,20132,7140,0,0,0,0,0,0,0,0,0,0,0,0.779315,0.196706,0.3,0.3,0.3,0.815731,0.815731,0.134749,0.134749,0.134749,0.134749,0.738166,0.721587,0.3,0.182545,0.942056,0.942052,0,0,0,0,151,0.850506,0.3,0.815731,0.0529801,0.0794702,514,0,64,19.3841,16.291,323.18,293.95,32,1.35588,5.55457,135,206.78,0,0,0,0,0
neuromorpho__16_34.swc,2988,pyramidal,0.985568,0,2987,0,0,0,0,0,0,0,0,0,0,0,0.996654,6.1215e-05,0.996653,0.996653,0.996653,0.996653,0.996653,0,0,0,0,0,0,0,0,0.996653,0.996653,0,0,0,0,106,0.996685,0.996653,0.996653,0,0,65.5,0,0,0,0,0,0,0,0,0,98.76,106.43,0,0,0,0,0
neuromorpho__170313_2.swc,29884,interneuron,0.993635,28647,1236,0,0,0,0,0,0,0,0,0,0,0,0.8947,0.242027,0.3,0.3,0.3,0.986301,0.999596,0.141748,0.141748,0.141748,0.141748,0.141748,0.890161,0.3,0.147869,0.999824,0.999824,0,0,0,0,215,0.888996,0.3,0.3,0.139535,0.144186,414.6,0,79,21.1475,20.4012,389.2,386.68,8,0.0610841,2.27368,90.24,71.83,0,0,0,0,0
neuromorpho__170321_1.swc,4529,interneuron,0.993091,4504,24,0,0,0,0,0,0,0,0,0,0,0,0.957584,0.162408,0.3,0.3,0.972829,0.999596,0.999596,0.0574078,0.0574078,0.0574078,0.0574078,0.0574078,0.95735,0.972829,0.0577265,0.999824,0.999824,0,0,0,0,243,0.985586,0.3,0.999596,0.0164609,0.0164609,63.8,0,70,22.5584,18.6909,367.75,384.4,0,0,0,17.14,4.63,0,0,0,0,0
neuromorpho__170426_02.swc,11982,interneuron,0.980308,10177,1804,0,0,0,0,0,0,0,0,0,0,0,0.97829,0.119731,0.3,0.999596,0.999596,0.999596,0.999596,0.030212,0.030212,0.030212,0.030212,0.030212,0.978666,0.999596,0.0295765,0.97616,0.999824,0.0338137,0,0,0,381,0.995749,0.3,0.999596,0.00262467,0.00524934,80,6.72607,133.57,36.8709,26.9604,462.11,527.43,101.74,13.6636,15.0482,268.29,286.6,0,0,0,0,0
neuromorpho__170602_sac2_updated170801.swc,5056,interneuron,0.954587,0,5055,0,0,0,0,0,0,0,0,0,0,0,0.999824,2.47848e-06,0.999824,0.999824,0.999824,0.999824,0.999824,0,0,0,0,0,0,0,0,0.999824,0.999824,0,0,0,0,271,0.999824,0.999824,0.999824,0,0,40,1.16667,0,0,0,0,0,16,11.6629,1.48524,181.88,126.54,0,0,0,0,0
neuromorpho__17302_00032-semi_f.swc,2851,interneuron,0.987846,2561,289,0,0,0,0,0,0,0,0,0,0,0,0.587858,0.344291,0.3,0.3,0.3,0.3,0.3,0.588565,0.588565,0.588565,0.588565,0.588565,0.5505,0.3,0.641937,0.917492,0.3,0.117647,0,0,0,259,0.673206,0.3,0.3,0.467181,0.478764,26,0,410.42,-74.0886,68.9792,1227.79,1328.5,56.9,-6.2401,8.54719,181.71,519.96,0,0,0,0,0
neuromorpho__17302_00045-semi_r.swc,1756,interneuron,0.990204,1531,224,0,0,0,0,0,0,0,0,0,0,0,0.809188,0.311406,0.3,0.3,0.3,0.3,0.999596,0.27221,0.27221,0.27221,0.27221,0.27221,0.781172,0.3,0.312214,0.999824,0.999824,0,0,0,0,263,0.840341,0.3,0.3,0.228137,0.235741,14,0,1936.44,-276.179,486.064,1920.07,1269.52,126.25,2.65201,24.4495,231.67,269.25,0,0,0,0,0
neuromorpho__17302_00046-semi_r.swc,1791,interneuron,0.994818,1558,232,0,0,0,0,0,0,0,0,0,0,0,0.534791,0.330383,0.3,0.3,0.3,0.3,0.3,0.664433,0.664433,0.664433,0.664433,0.664433,0.465245,0.3,0.7638,0.999824,0.999824,0,0,0,0,159,0.627865,0.3,0.3,0.528302,0.553459,30.2,0,1723.28,414.241,525.814,928.44,1776.24,87.68,-12.4993,17.442,202.83,251.18,0,0,0,0,0
neuromorpho__17302_00047-semi_f.swc,3714,interneuron,0.994849,3613,100,0,0,0,0,0,0,0,0,0,0,0,0.568427,0.338891,0.3,0.3,0.3,0.3,0.3,0.614432,0.614432,0.614432,0.614432,0.614432,0.556368,0.3,0.631608,0.999824,0.999824,0,0,0,0,262,0.650486,0.3,0.3,0.507634,0.515267,33.9,0,1579.96,-147.294,325.058,2048.56,1208.86,46.42,12.243,8.77979,109.43,159.22,0,0,0,0,0
neuromorpho__17302_00050-semi_r.swc,2756,interneuron,0.995485,2432,323,0,0,0,0,0,0,0,0,0,0,0,0.691516,0.346385,0.3,0.3,0.3,0.3,0.986406,0.439042,0.439042,0.439042,0.439042,0.439042,0.655046,0.3,0.490954,0.965158,0.999824,0.0495356,0,0,0,312,0.715728,0.3,0.3,0.403846,0.416667,19.9,0,1855.92,50.7205,323.912,1567.28,1352.59,171.21,4.33916,26.963,209.52,373.04,0,0,0,0,0
neuromorpho__17302_00055-semi_r.swc,2171,interneuron,0.995177,1939,231,0,0,0,0,0,0,0,0,0,0,0,0.746277,0.336196,0.3,0.3,0.3,0.3,0.999596,0.362045,0.362045,0.362045,0.362045,0.362045,0.71594,0.3,0.405364,0.999824,0.999824,0,0,0,0,276,0.784291,0.3,0.3,0.300725,0.318841,20.5,0,1423.1,-74.0503,197.11,754.57,1384.43,120.37,-12.4161,19.2386,181.07,253.52,0,0,0,0,0
neuromorpho__17302_00063-semi_r.swc,1774,interneuron,0.935354,1590,183,0,0,0,0,0,0,0,0,0,0,0,0.596976,0.345809,0.3,0.3,0.3,0.3,0.3,0.575536,0.575536,0.575536,0.575536,0.575536,0.555198,0.3,0.63522,0.957758,0.999824,0.0601093,0,0,0,161,0.645529,0.3,0.3,0.521739,0.540373,23,0,2289.35,288.192,520.436,854.73,1602.43,119.66,12.1115,20.1285,236.16,359.24,0,0,0,0,0
neuromorpho__17302_00099-semi_r.swc,1472,interneuron,0.993275,1176,295,0,0,0,0,0,0,0,0,0,0,0,0.602189,0.346463,0.3,0.3,0.3,0.3,0.3,0.567935,0.567935,0.567935,0.567935,0.567935,0.502103,0.3,0.710884,0.999824,0.999824,0,0,0,0,258,0.68311,0.3,0.3,0.453488,0.453488,12,0,639.16,-40.7964,119.914,678.96,634.16,121.6,8.44224,22.9711,139.32,202.96,0,0,0,0,0
neuromorpho__17302_00101-semi_r.swc,2237,interneuron,0.995647,2022,214,0,0,0,0,0,0,0,0,0,0,0,0.741862,0.337428,0.3,0.3,0.3,0.3,0.999596,0.36835,0.36835,0.36835,0.36835,0.36835,0.714433,0.3,0.407517,0.999824,0.999824,0,0,0,0,270,0.810268,0.3,0.3,0.266667,0.277778,20,0,1895.51,194.875,422.695,1669.66,648.34,140.94,2.01846,24.5227,194.39,306.19,0,0,0,0,0
neuromorpho__17545_00029-semi_r.swc,3755,interneuron,0.994219,3427,327,0,0,0,0,0,0,0,0,0,0,0,0.557176,0.337194,0.3,0.3,0.3,0.3,0.3,0.632224,0.632224,0.632224,0.632224,0.632224,0.51481,0.3,0.692734,0.999824,0.999824,0,0,0,0,358,0.589402,0.3,0.3,0.589385,0.597765,26,0,1770.24,-176.606,392.339,1165.61,1544.02,194.26,7.06492,33.6066,233.14,261.13,0,0,0,0,0
neuromorpho__17545_00059-semi_r.swc,2701,interneuron,0.995484,2450,250,0,0,0,0,0,0,0,0,0,0,0,0.443515,0.282526,0.3,0.3,0.3,0.3,0.3,0.794891,0.794891,0.794891,0.794891,0.794891,0.386521,0.3,0.876327,0.999824,0.999824,0,0,0,0,391,0.4425,0.3,0.3,0.795396,0.800512,16,0,2546.39,-534.1,694.323,1445.26,792.31,114.27,-23.326,23.0701,197.18,286.49,0,0,0,0,0
neuromorpho__17545_00064-semi_r.swc,2664,interneuron,0.992483,2352,311,0,0,0,0,0,0,0,0,0,0,0,0.482919,0.306117,0.3,0.3,0.3,0.3,0.3,0.736862,0.736862,0.736862,0.736862,0.736862,0.41435,0.3,0.834609,0.999824,0.999824,0,0,0,0,153,0.578126,0.3,0.3,0.607843,0.627451,37.8,0,1976.28,294.003,555.493,2064.49,1154.57,236,0.946688,45.9172,155.13,335.6,0,0,0,0,0
neuromorpho__17545_00066-semi_r.swc,2292,interneuron,0.995211,2082,209,0,0,0,0,0,0,0,0,0,0,0,0.751555,0.334167,0.3,0.3,0.3,0.3,0.999596,0.353839,0.353839,0.353839,0.353839,0.353839,0.726513,0.3,0.389529,0.999824,0.999824,0,0,0,0,382,0.810405,0.3,0.3,0.267016,0.269634,14,0,1652.04,14.182,241.134,973.24,2385.66,135.97,1.93273,22.915,189.27,243.49,0,0,0,0,0
neuromorpho__17545_00068-semi_r.swc,1891,interneuron,0.994627,1700,190,0,0,0,0,0,0,0,0,0,0,0,0.749134,0.335399,0.3,0.3,0.3,0.3,0.999596,0.358012,0.358012,0.358012,0.358012,0.358012,0.720969,0.3,0.398235,0.999824,0.999824,0,0,0,0,279,0.7949,0.3,0.3,0.283154,0.304659,16,0,2030.01,273.157,498.909,1435.65,1344.09,99.86,-3.67279,14.966,152.51,235.87,0,0,0,0,0
neuromorpho__17545_00073-semi_r.swc,993,interneuron,0.951251,651,341,0,0,0,0,0,0,0,0,0,0,0,0.554413,0.336623,0.3,0.3,0.3,0.3,0.3,0.636455,0.636455,0.636455,0.636455,0.636455,0.320418,0.3,0.970814,0.999824,0.999824,0,0,0,0,218,0.485085,0.3,0.3,0.733945,0.738532,10.3,0,861.12,-631.684,203.729,374.33,895.09,128.09,-5.58475,23.4271,163.09,309.47,0,0,0,0,0
neuromorpho__17545_00147-semi_r.swc,2555,interneuron,0.986907,2211,343,0,0,0,0,0,0,0,0,0,0,0,0.590674,0.34465,0.3,0.3,0.3,0.3,0.3,0.584344,0.584344,0.584344,0.584344,0.584344,0.527016,0.3,0.67526,0.999824,0.999824,0,0,0,0,198,0.651796,0.3,0.3,0.494949,0.515152,30.9,0,1289.38,83.7584,270.638,896.52,1406.05,212.26,-11.6152,40.9044,175.77,385.78,0,0,0,0,0
neuromorpho__180608_morpho4_d4_hippo_D4-Hippo-Fresh-4_crop-2.swc,893,pyramidal,0.994816,0,892,0,0,0,0,0,0,0,0,0,0,0,0.996657,0.000111931,0.996653,0.996653,0.996653,0.996653,0.996653,0,0,0,0,0,0,0,0,0.996653,0.996653,0,0,0,0,6,0.997211,0.996653,0.996653,0,0,379,0,0,0,0,0,0,0.11,0.0773206,0.0502672,12.94,30.46,0,0,0,0,0
neuromorpho__180608_morpho4_d4_hippo_D4-Hippo-Fresh-4_crop-4.swc,1620,pyramidal,0.802656,0,1619,0,0,0,0,0,0,0,0,0,0,0,0.996655,8.31245e-05,0.996653,0.996653,0.996653,0.996653,0.996653,0,0,0,0,0,0,0,0,0.996653,0.996653,0,0,0,0,7,0.997131,0.996653,0.996653,0,0,552.6,0,0,0,0,0,0,0.79,-0.0600185,0.209314,26.97,31.69,0,0,0,0,0
neuromorpho__180608_morpho4_d4_hippo_D4-Hippo-Fresh-4_crop.swc,670,pyramidal,0.919831,0,669,0,0,0,0,0,0,0,0,0,0,0,0.996658,0.000129199,0.996653,0.996653,0.996653,0.996653,0.996653,0,0,0,0,0,0,0,0,0.996653,0.996653,0,0,0,0,6,0.997211,0.996653,0.996653,0,0,281.5,0,0,0,0,0,0,0.27,-0.190897,0.122884,9.54,28.13,0,0,0,0,0
neuromorpho__180702_morpho-6_hippo_tau488_trfp_map2647_Fresh-4_crop-2.swc,1980,pyramidal,0.99633,0,1979,0,0,0,0,0,0,0,0,0,0,0,0.996655,7.51931e-05,0.996653,0.996653,0.996653,0.996653,0.996653,0,0,0,0,0,0,0,0,0.996653,0.996653,0,0,0,0,15,0.996876,0.996653,0.996653,0,0,284.6,0,0,0,0,0,0,0,0,0,24.03,49.16,0,0,0,0,0
neuromorpho__180702_morpho-6_hippo_tau488_trfp_map2647_Fresh-6_crop-3.swc,1360,pyramidal,0.992836,0,1359,0,0,0,0,0,0,0,0,0,0,0,0.996656,9.07176e-05,0.996653,0.996653,0.996653,0.996653,0.996653,0,0,0,0,0,0,0,0,0.996653,0.996653,0,0,0,0,24,0.996793,0.996653,0.996653,0,0,109.4,0,0,0,0,0,0,0,0,0,14,41.78,0,0,0,0,0
neuromorpho__180702_morpho-6_hippo_tau488_trfp_map2647_Fresh-6_crop.swc,1895,pyramidal,0.992583,0,1894,0,0,0,0,0,0,0,0,0,0,0,0.996655,7.68602e-05,0.996653,0.996653,0.996653,0.996653,0.996653,0,0,0,0,0,0,0,0,0.996653,0.996653,0,0,0,0,19,0.996829,0.996653,0.996653,0,0,264.6,0,0,0,0,0,0,0,0,0,19.86,45.32,0,0,0,0,0
neuromorpho__180702_morpho-6_hippo_tau488_trfp_map2647_Fresh-9_crop-4.swc,2628,pyramidal,0.995651,0,2627,0,0,0,0,0,0,0,0,0,0,0,0.996655,6.52717e-05,0.996653,0.996653,0.996653,0.996653,0.996653,0,0,0,0,0,0,0,0,0.996653,0.996653,0,0,0,0,30,0.996765,0.996653,0.996653,0,0,203.8,0,0,0,0,0,0,0,0,0,30.15,37.13,0,0,0,0,0
neuromorpho__180702_morpho-6_hippo_tau488_trfp_map2647_Hippo-1-10_crop-2.swc,1180,pyramidal,0.995648,0,1179,0,0,0,0,0,0,0,0,0,0,0,0.996656,9.73857e-05,0.996653,0.996653,0.996653,0.996653,0.996653,0,0,0,0,0,0,0,0,0.996653,0.996653,0,0,0,0,10,0.996988,0.996653,0.996653,0,0,214.6,0,0,0,0,0,0,0,0,0,17.09,30.11,0,0,0,0,0
neuromorpho__180702_morpho-6_hippo_tau488_trfp_map2647_Hippo-1-10_crop-4.swc,5179,pyramidal,0.993869,0,5178,0,0,0,0,0,0,0,0,0,0,0,0.996654,4.65003e-05,0.996653,0.996653,0.996653,0.996653,0.996653,0,0,0,0,0,0,0,0,0.996653,0.996653,0,0,0,0,63,0.996706,0.996653,0.996653,0,0,235,0,0,0,0,0,0,0,0,0,31.6,63.57,0,0,0,0,0
neuromorpho__180702_morpho-6_hippo_tau488_trfp_map2648_Hippo-3-10_crop-1.swc,2371,pyramidal,0.99565,0,2370,0,0,0,0,0,0,0,0,0,0,0,0.996655,6.87168e-05,0.996653,0.996653,0.996653,0.996653,0.996653,0,0,0,0,0,0,0,0,0.996653,0.996653,0,0,0,0,16,0.996862,0.996653,0.996653,0,0,336.5,0,0,0,0,0,0,0,0,0,19.71,68.35,0,0,0,0,0
neuromorpho__180702_morpho-6_hippo_tau488_trfp_map2648_Hippo-3-10_crop-2.swc,2316,pyramidal,0.99551,0,2315,0,0,0,0,0,0,0,0,0,0,0,0.996655,6.95276e-05,0.996653,0.996653,0.996653,0.996653,0.996653,0,0,0,0,0,0,0,0,0.996653,0.996653,0,0,0,0,25,0.996787,0.996653,0.996653,0,0,176,0,0,0,0,0,0,0,0,0,21.82,36.77,0,0,0,0,0
neuromorpho__180702_morpho-6_hippo_tau488_trfp_map2648_Hippo-3-1_crop-2.swc,2100,pyramidal,0.994845,0,2099,0,0,0,0,0,0,0,0,0,0,0,0.996655,7.30142e-05,0.996653,0.996653,0.996653,0.996653,0.996653,0,0,0,0,0,0,0,0,0.996653,0.996653,0,0,0,0,33,0.996755,0.996653,0.996653,0,0,147,0,0,0,0,0,0,0,0,0,22.72,35.69,0,0,0,0,0
neuromorpho__180702_morpho-6_hippo_tau488_trfp_map2648_Hippo-3-4_crop-6.swc,2513,pyramidal,0.983614,0,2512,0,0,0,0,0,0,0,0,0,0,0,0.996655,6.67479e-05,0.996653,0.996653,0.996653,0.996653,0.996653,0,0,0,0,0,0,0,0,0.996653,0.996653,0,0,0,0,48,0.996723,0.996653,0.996653,0,0,134.9,0,0,0,0,0,0,0,0,0,12.61,56.07,0,0,0,0,0
neuromorpho__180702_morpho-6_hippo_tau488_trfp_map2648_Hippo-3-6_crop-5.swc,723,pyramidal,0.919973,0,722,0,0,0,0,0,0,0,0,0,0,0,0.996658,0.00012438,0.996653,0.996653,0.996653,0.996653,0.996653,0,0,0,0,0,0,0,0,0.996653,0.996653,0,0,0,0,19,0.996829,0.996653,0.996653,0,0,85,0,0,0,0,0,0,0.73,0.0596537,0.199972,11.58,17.01,0,0,0,0,0
neuromorpho__180702_morpho-6_hippo_tau488_trfp_map2648_Hippo-3-8_crop-1.swc,721,pyramidal,0.994843,0,720,0,0,0,0,0,0,0,0,0,0,0,0.996658,0.000124552,0.996653,0.996653,0.996653,0.996653,0.996653,0,0,0,0,0,0,0,0,0.996653,0.996653,0,0,0,0,9,0.997025,0.996653,0.996653,0,0,121.2,0,0,0,0,0,0,0,0,0,12.71,16.65,0,0,0,0,0
neuromorpho__180702_morpho-6_hippo_tau488_trfp_map2648_Hippo-3-8_crop.swc,3073,pyramidal,0.920583,317,2755,0,0,0,0,0,0,0,0,0,0,0,0.977524,0.0429101,0.840875,0.856001,0.856001,0.991998,0.992167,0,0,0,0,0.103157,0.851182,0.840875,0,0.992053,0.991637,0,0,0,0,45,0.970718,0.840875,0.856001,0,0,129,0,0.43,-0.0319874,0.108014,4.79,11.28,0.4,-0.000540835,0.0125958,23.89,47.99,0,0,0,0,0
neuromorpho__180702_morpho-6_hippo_tau488_trfp_map2648_Hippo-3-9_crop-2.swc,2714,pyramidal,0.986542,0,2713,0,0,0,0,0,0,0,0,0,0,0,0.996655,6.42296e-05,0.996653,0.996653,0.996653,0.996653,0.996653,0,0,0,0,0,0,0,0,0.996653,0.996653,0,0,0,0,32,0.996758,0.996653,0.996653,0,0,203.5,0,0,0,0,0,0,0,0,0,22.06,44.14,0,0,0,0,0
neuromorpho__180702_morpho-6_hippo_tau488_trfp_map2648_Hippo-3-9_crop-4.swc,2044,pyramidal,0.996045,0,2043,0,0,0,0,0,0,0,0,0,0,0,0.996655,7.40072e-05,0.996653,0.996653,0.996653,0.996653,0.996653,0,0,0,0,0,0,0,0,0.996653,0.996653,0,0,0,0,19,0.996829,0.996653,0.996653,0,0,412,0,0,0,0,0,0,0,0,0,26.82,37.16,0,0,0,0,0
neuromorpho__180702_morpho-6_hippo_tau488_trfp_map2648_Hippo-4-3_crop-2.swc,707,pyramidal,0.973385,0,706,0,0,0,0,0,0,0,0,0,0,0,0.996658,0.000125778,0.996653,0.996653,0.996653,0.996653,0.996653,0,0,0,0,0,0,0,0,0.996653,0.996653,0,0,0,0,15,0.996876,0.996653,0.996653,0,0,106,0,0,0,0,0,0,0,0,0,9.62,18.26,0,0,0,0,0
neuromorpho__180702_morpho-6_hippo_tau488_trfp_map2648_Hippo-4-6_crop-1.swc,1049,pyramidal,0.994659,0,1048,0,0,0,0,0,0,0,0,0,0,0,0.996656,0.000103282,0.996653,0.996653,0.996653,0.996653,0.996653,0,0,0,0,0,0,0,0,0.996653,0.996653,0,0,0,0,9,0.997025,0.996653,0.996653,0,0,256.8,0,0,0,0,0,0,0,0,0,11.39,32.85,0,0,0,0,0
neuromorpho__180702_morpho-6_hippo_tau488_trfp_map2648_Hippo-4-6_crop-2.swc,1085,pyramidal,0.994617,0,1084,0,0,0,0,0,0,0,0,0,0,0,0.996656,0.000101556,0.996653,0.996653,0.996653,0.996653,0.996653,0,0,0,0,0,0,0,0,0.996653,0.996653,0,0,0,0,17,0.99685,0.996653,0.996653,0,0,145.4,0,0,0,0,0,0,0,0,0,12.08,32.21,0,0,0,0,0
neuromorpho__180702_morpho-6_hippo_tau488_trfp_map2648_Hippo-4-7_crop-1.swc,1009,pyramidal,0.980131,0,1008,0,0,0,0,0,0,0,0,0,0,0,0.996657,0.000105308,0.996653,0.996653,0.996653,0.996653,0.996653,0,0,0,0,0,0,0,0,0.996653,0.996653,0,0,0,0,17,0.99685,0.996653,0.996653,0,0,103.6,0,0,0,0,0,0,0,0,0,9.6,20.57,0,0,0,0,0
neuromorpho__180702_morpho-6_hippo_tau488_trfp_map2648_Hippo-4-7_crop-4.swc,935,pyramidal,0.989199,0,934,0,0,0,0,0,0,0,0,0,0,0,0.996657,0.000109391,0.996653,0.996653,0.996653,0.996653,0.996653,0,0,0,0,0,0,0,0,0.996653,0.996653,0,0,0,0,19,0.996829,0.996653,0.996653,0,0,116,0,0,0,0,0,0,0,0,0,9.24,17.1,0,0,0,0,0
neuromorpho__180702_morpho-6_hippo_tau488_trfp_map2648_Hippo-4-7_crop-5.swc,2423,pyramidal,0.99494,0,2422,0,0,0,0,0,0,0,0,0,0,0,0.996655,6.79758e-05,0.996653,0.996653,0.996653,0.996653,0.996653,0,0,0,0,0,0,0,0,0.996653,0.996653,0,0,0,0,21,0.996813,0.996653,0.996653,0,0,201,0,0,0,0,0,0,0,0,0,16.78,46.41,0,0,0,0,0
neuromorpho__180803_s1c1_Lstellate.swc,636,interneuron,0.990691,0,635,0,0,0,0,0,0,0,0,0,0,0,0.997322,0.00689498,0.976165,0.976165,0.993726,0.999824,0.999824,0,0,0,0,0,0,0,0,0.997318,0.993726,0,0,0,0,86,0.998646,0.976165,0.999824,0,0,14.5,0,0,0,0,0,0,20.96,2.61972,4.86433,170.23,273.38,0,0,0,0,0
neuromorpho__18414_slide2_cell1.swc,998,pyramidal,0.993778,9,514,474,0,0,0,0,0,0,0,0,0,0,0.990765,0.00594889,0.963042,0.985786,0.985786,0.985786,0.985968,0,0,0,0,0,0.963042,0.963042,0,0.995823,0.992226,0,0.985786,0.985786,0,116,0.990973,0.963042,0.985786,0,0,21,0,3.69,2.19222,1.11601,7.15,24.53,107.6,-18.5751,25.9014,282.03,167.39,113.77,-20.7886,29.336,312.37,262.8
neuromorpho__18454_00016-semi_r.swc,2895,interneuron,0.988951,2631,263,0,0,0,0,0,0,0,0,0,0,0,0.558212,0.337231,0.3,0.3,0.3,0.3,0.3,0.630397,0.630397,0.630397,0.630397,0.630397,0.5139,0.3,0.693653,0.999824,0.999824,0,0,0,0,209,0.635711,0.3,0.3,0.535885,0.564593,35.4,0,1640.98,-15.0672,298.3,2558.63,1289.08,193.28,2.6157,28.4661,265.28,314.5,0,0,0,0,0
neuromorpho__18455_00008-semi_r.swc,2172,interneuron,0.996027,1965,206,0,0,0,0,0,0,0,0,0,0,0,0.622119,0.348723,0.3,0.3,0.3,0.3,0.3,0.539595,0.539595,0.539595,0.539595,0.539595,0.58233,0.3,0.596438,0.999824,0.999824,0,0,0,0,277,0.674907,0.3,0.3,0.458484,0.465704,18.4,0,2417.38,291.564,561.976,1117.37,1668.94,126.62,23.0199,19.9426,223.32,255.64,0,0,0,0,0
neuromorpho__18455_00030-semi_r.swc,2999,interneuron,0.981663,2752,246,0,0,0,0,0,0,0,0,0,0,0,0.625424,0.348951,0.3,0.3,0.3,0.3,0.3,0.534845,0.534845,0.534845,0.534845,0.534845,0.592074,0.3,0.582485,0.996979,0.999824,0.00406504,0,0,0,209,0.744937,0.3,0.3,0.373206,0.38756,31,0,2770.59,506.481,801.047,1140.14,1387.45,187.29,-19.8909,32.1579,231.7,370.46,0,0,0,0,0
neuromorpho__18455_00041-semi_r.swc,721,interneuron,0.970403,502,218,0,0,0,0,0,0,0,0,0,0,0,0.788119,0.321344,0.3,0.3,0.3,0.3,0.999596,0.302358,0.302358,0.302358,0.302358,0.302358,0.695761,0.3,0.434263,0.999824,0.999824,0,0,0,0,96,0.845916,0.3,0.3,0.21875,0.229167,15,0,1011.39,127.869,241.559,472.58,1057.72,90.74,5.19541,19.004,192.39,309.85,0,0,0,0,0
neuromorpho__18455_00106-semi_r.swc,2426,interneuron,0.60852,2184,241,0,0,0,0,0,0,0,0,0,0,0,0.606254,0.320737,0.3,0.3,0.3,0.3,0.3,0.523083,0.523083,0.523083,0.523083,0.523083,0.569025,0.3,0.581044,0.942006,0.941942,0,0,0,0,166,0.72902,0.3,0.3,0.349398,0.379518,34,0,927.68,10.9159,157.317,948.2,1546.11,150.24,-21.3543,27.1852,176.3,327.03,0,0,0,0,0
neuromorpho__18462_00043-semi_r.swc,2502,interneuron,0.987752,2271,230,0,0,0,0,0,0,0,0,0,0,0,0.639473,0.349667,0.3,0.3,0.3,0.3,0.3,0.514788,0.514788,0.514788,0.514788,0.514788,0.602819,0.3,0.567151,0.999824,0.999824,0,0,0,0,259,0.72192,0.3,0.3,0.393822,0.409266,22,0,2197.18,-220.548,482.722,1308.56,2424.64,165.1,-5.9803,31.2339,258.25,234.53,0,0,0,0,0
neuromorpho__18463_00051-semi_f.swc,3883,interneuron,0.993861,3263,619,0,0,0,0,0,0,0,0,0,0,0,0.487399,0.309841,0.3,0.3,0.3,0.3,0.3,0.732166,0.732166,0.732166,0.732166,0.732166,0.437218,0.3,0.803861,0.751098,0.3,0.355412,0,0,0,295,0.478452,0.3,0.3,0.759322,0.783051,36,0,1511.42,299.926,414.254,1937.74,1013.57,75.95,8.74381,12.7534,243.21,762.99,0,0,0,0,0
neuromorpho__18463_00075-semi_r.swc,1724,interneuron,0.978665,1484,239,0,0,0,0,0,0,0,0,0,0,0,0.607655,0.346514,0.3,0.3,0.3,0.3,0.3,0.559165,0.559165,0.559165,0.559165,0.559165,0.544232,0.3,0.649596,0.999824,0.999824,0,0,0,0,300,0.629263,0.3,0.3,0.526667,0.526667,12,0,576.43,-162.056,126.597,863.78,713.65,114.75,-19.4791,21.7239,171.72,193.25,0,0,0,0,0
neuromorpho__18465_00213-semi_r.swc,1868,interneuron,0.986643,1512,355,0,0,0,0,0,0,0,0,0,0,0,0.627696,0.349094,0.3,0.3,0.3,0.3,0.3,0.531585,0.531585,0.531585,0.531585,0.531585,0.540078,0.3,0.656746,0.999824,0.999824,0,0,0,0,366,0.622695,0.3,0.3,0.535519,0.543716,13,0,1319.65,242.541,300.959,1176.6,1381.66,201.94,15.411,35.1916,337.11,385.38,0,0,0,0,0
neuromorpho__1857-10-cell-1-analysis.swc,534,interneuron,0.977907,0,533,0,0,0,0,0,0,0,0,0,0,0,0.999824,7.61998e-06,0.999824,0.999824,0.999824,0.999824,0.999824,0,0,0,0,0,0,0,0,0.999824,0.999824,0,0,0,0,10,0.999841,0.999824,0.999824,0,0,137.8,0,0,0,0,0,0,13.13,-0.774409,3.09606,46.24,149.22,0,0,0,0,0
neuromorpho__18867_7584_x10560_y5816-auto_r.swc,2425,interneuron,0.990397,1983,441,0,0,0,0,0,0,0,0,0,0,0,0.95059,0.178632,0.3,0.3,0.999596,0.999596,0.999596,0.0701031,0.0701031,0.0701031,0.0701031,0.0701031,0.954791,0.999596,0.0640444,0.931587,0.999824,0.0975057,0,0,0,481,0.966263,0.3,0.999596,0.04158,0.0519751,11,0,821.09,-12.2127,119.489,580.75,1065.52,364.43,-39.8149,56.5878,387.22,618.1,0,0,0,0,0
neuromorpho__18868_2601_x23273_y17306-auto_r.swc,3628,interneuron,0.996527,3270,357,0,0,0,0,0,0,0,0,0,0,0,0.997264,0.040174,0.3,0.999596,0.999596,0.999596,0.999596,0.00330761,0.00330761,0.00330761,0.00330761,0.00330761,0.996984,0.999596,0.00366972,0.999824,0.999824,0,0,0,0,1079,0.996842,0.3,0.999596,0.00370714,0.00370714,7,0,486.14,12.8396,78.6587,723.18,477.09,162.94,-11.9787,22.9397,236.49,461,0,0,0,0,0
neuromorpho__18868_2924_x10668_y9719-auto_r.swc,3385,interneuron,0.976365,2844,540,0,0,0,0,0,0,0,0,0,0,0,0.701188,0.346034,0.3,0.3,0.3,0.3,0.999596,0.426588,0.426588,0.426588,0.426588,0.426588,0.663573,0.3,0.480309,0.898738,0.3,0.144444,0,0,0,506,0.703335,0.3,0.3,0.416996,0.434783,17,0,1325.08,75.5425,233.516,1022.09,1229,373.57,-12.6332,75.1806,579.72,754.64,0,0,0,0,0
neuromorpho__18869_5123_x17555_y3609-semi_r.swc,2336,interneuron,0.995584,1962,373,0,0,0,0,0,0,0,0,0,0,0,0.990048,0.081323,0.3,0.999596,0.999596,0.999596,0.999596,0.0136986,0.0136986,0.0136986,0.0136986,0.0136986,0.990325,0.999596,0.0132518,0.988567,0.999824,0.0160858,0,0,0,551,0.995918,0.3,0.999596,0.00362976,0.00725953,10,0,932.14,-87.7516,130.698,359.34,955.98,239.31,-21.1523,36.2249,296.37,478.71,0,0,0,0,0
neuromorpho__18869_5692_x6534_y3440-semi_r.swc,5265,interneuron,0.929806,4742,522,0,0,0,0,0,0,0,0,0,0,0,0.964666,0.152409,0.3,0.999596,0.999596,0.999596,0.999596,0.0499525,0.0499525,0.0499525,0.0499525,0.0499525,0.980269,0.999596,0.0276255,0.822857,0.3,0.252874,0,0,0,885,0.989418,0.3,0.999596,0.00903955,0.020339,13,0,701.55,-26.0265,89.4001,740.37,1152.97,392.55,-9.8672,67.0818,436.79,692.6,0,0,0,0,0
neuromorpho__18869_6732_x9649_y3919-semi_r.swc,4503,interneuron,0.995325,3894,608,0,0,0,0,0,0,0,0,0,0,0,0.981892,0.109898,0.3,0.999596,0.999596,0.999596,0.999596,0.0253165,0.0253165,0.0253165,0.0253165,0.0253165,0.989152,0.999596,0.0148947,0.935366,0.999824,0.0921053,0,0,0,993,0.985844,0.3,0.999596,0.0181269,0.0191339,10,0,326.55,-45.7327,57.5077,1162.43,862.78,381.8,25.5784,54.5594,383.77,531.98,0,0,0,0,0
neuromorpho__19-02-19A-01-cell-1.swc,1258,interneuron,0.97461,0,1257,0,0,0,0,0,0,0,0,0,0,0,0.999824,4.96728e-06,0.999824,0.999824,0.999824,0.999824,0.999824,0,0,0,0,0,0,0,0,0.999824,0.999824,0,0,0,0,15,0.999835,0.999824,0.999824,0,0,200.2,4,0,0,0,0,0,40.5,-8.40294,8.86409,62.6,352.22,0,0,0,0,0
neuromorpho__19-02-19A-03-cell-2.swc,6497,interneuron,0.958619,0,6496,0,0,0,0,0,0,0,0,0,0,0,0.919038,0.223628,0.3,0.3,0.3,0.999824,0.999824,0.115438,0.115438,0.115438,0.115438,0.115438,0,0,0,0.919025,0.3,0.115456,0,0,0,52,0.959142,0.3,0.943114,0.0576923,0.0576923,323.5,5.25,0,0,0,0,0,53.5,6.21436,12.9065,53.69,617.48,0,0,0,0,0
neuromorpho__19-02-19A-11-cell-2.swc,2242,interneuron,0.978151,76,2165,0,0,0,0,0,0,0,0,0,0,0,0.925906,0.210334,0.3,0.3,0.3,0.999824,0.999824,0.100803,0.100803,0.100803,0.100803,0.100803,0.900302,0.900302,0,0.926771,0.3,0.104388,0,0,0,34,0.947561,0.3,0.930159,0.0588235,0.0882353,133.1,5.5,20,-12.9868,5.96259,5.99,30.1,58,9.41409,14.0049,101.39,406.3,0,0,0,0,0
neuromorpho__19-02-19A-14-cell-2.swc,2129,interneuron,0.853037,0,2128,0,0,0,0,0,0,0,0,0,0,0,0.999824,3.81893e-06,0.999824,0.999824,0.999824,0.999824,0.999824,0,0,0,0,0,0,0,0,0.999824,0.999824,0,0,0,0,73,0.999826,0.999824,0.999824,0,0,55.8,3.5,0,0,0,0,0,47,9.43914,10.2,68.96,295.15,0,0,0,0,0
neuromorpho__19-02-19B-01-cell2.swc,4895,interneuron,0.946093,0,4894,0,0,0,0,0,0,0,0,0,0,0,0.99096,0.0782601,0.3,0.999824,0.999824,0.999824,0.999824,0.012666,0.012666,0.012666,0.012666,0.012666,0,0,0,0.990958,0.999824,0.0126686,0,0,0,66,0.997689,0.3,0.999824,0,0,175.5,6,0,0,0,0,0,55,-4.65774,13.0057,83,462.11,0,0,0,0,0
neuromorpho__19-02-19B-02-cell1.swc,3524,interneuron,0.991942,0,3523,0,0,0,0,0,0,0,0,0,0,0,0.999824,2.9686e-06,0.999824,0.999824,0.999824,0.999824,0.999824,0,0,0,0,0,0,0,0,0.999824,0.999824,0,0,0,0,129,0.999825,0.999824,0.999824,0,0,57,4,0,0,0,0,0,36,2.48708,6.50746,53.07,287.03,0,0,0,0,0
neuromorpho__196_1_C2.swc,46419,interneuron,0.997303,36926,9492,0,0,0,0,0,0,0,0,0,0,0,0.981266,0.109875,0.3,0.999596,0.999596,0.999596,0.999596,0.0251837,0.0251837,0.0251837,0.0251837,0.0302247,0.980911,0.999596,0.025348,0.982645,0.999824,0.024547,0,0,0,1528,0.99834,0.3,0.999596,0.0013089,0.0013089,77,0,41.78,7.96954,9.18117,661.16,1072.84,40.75,8.37579,11.967,370.26,704.33,0,0,0,0,0
neuromorpho__19_26.swc,1956,pyramidal,0.989736,0,1955,0,0,0,0,0,0,0,0,0,0,0,0.994773,0.00871329,0.810557,0.990708,0.990708,0.991432,0.996653,0,0,0,0,0.00204499,0,0,0,0.99477,0.990708,0,0,0,0,107,0.993876,0.810557,0.990977,0,0,36.4,0,0,0,0,0,0,0,0,0,66.98,120.25,0,0,0,0,0
neuromorpho__19_den_ax.swc,119039,pyramidal,0.993519,112566,3903,2569,0,0,0,0,0.0017149,0,0,0,0,0,0.443,0.271617,0.3,0.3,0.3,0.3,0.3,0.774763,0.78371,0.794689,0.81328,0.818522,0.424635,0.3,0.820381,0.80673,0.591446,0.185755,0.694883,0.573431,0.594395,1182,0.52365,0.3,0.3,0.670051,0.720812,274.8,0,3247.29,620.097,830.869,3208.17,2643.32,210.46,-11.961,37.8552,213.65,438.84,304.98,-81.5578,75.1697,114.53,251.35
neuromorpho__1A4.swc,2338,pyramidal,0.794888,1352,985,0,0,0,0,0,0,0,0,0,0,0,0.733992,0.246292,0.3,0.3,0.3,0.553946,0.742626,0.115483,0.40633,0.471343,0.578272,0.578272,0.545275,0.3,0.815089,0.992752,0.991104,0,0,0,0,46,0.750489,0.3,0.50884,0.5,0.543478,107,0,110.78,-25.243,23.8982,236.5,396.79,73.38,-3.92988,13.7044,193.75,158.36,0,0,0,0,0
neuromorpho__1_56.swc,9629,pyramidal,0.930011,0,9628,0,0,0,0,0,0,0,0,0,0,0,0.996654,3.41042e-05,0.996653,0.996653,0.996653,0.996653,0.996653,0,0,0,0,0,0,0,0,0.996653,0.996653,0,0,0,0,634,0.996659,0.996653,0.996653,0,0,31,0,0,0,0,0,0,1.7,-0.0165258,0.47581,65.69,118.86,0,0,0,0,0
neuromorpho__1a_4.swc,1700,pyramidal,0.873078,317,1382,0,0,0,0,0,0,0,0,0,0,0,0.884788,0.237401,0.3,0.3,0.490394,0.996653,0.996653,0.17,0.186471,0.186471,0.186471,0.186471,0.396736,0.3,1,0.996653,0.996653,0,0,0,0,44,0.93031,0.3,0.659464,0.113636,0.113636,87.1,0.00333333,76.01,6.13591,15.1228,46.34,292.87,119.6,14.6392,25.2009,309.35,165.16,0,0,0,0,0
neuromorpho__2-ENU2-treated-neuron1_2.swc,478,pyramidal,0.888552,0,291,186,0,0,0,0,0,0,0,0,0,0,0.973855,0.064389,0.741995,0.741995,0.985157,0.985157,0.996653,0,0,0,0.0711297,0.0711297,0,0,0,0.966542,0.741995,0,0.985157,0.985157,0,20,0.979738,0.741995,0.985157,0,0.05,42.2,0,0,0,0,0,0,60.77,-3.24069,12.0652,138.64,76.16,11.18,-0.946882,2.45947,21.59,305.64
neuromorpho__2-ENU2-veichle-neuron1_2.swc,198,interneuron,0.664185,0,197,0,0,0,0,0,0,0,0,0,0,0,0.999825,1.24939e-05,0.999824,0.999824,0.999824,0.999824,0.999824,0,0,0,0,0,0,0,0,0.999824,0.999824,0,0,0,0,19,0.999833,0.999824,0.999824,0,0,17,0,0,0,0,0,0,21.41,-1.40756,4.28474,61.5,229.54,0,0,0,0,0
neuromorpho__2-ENU2-veichle-neuron3.swc,209,pyramidal,0.991309,0,208,0,0,0,0,0,0,0,0,0,0,0,0.996028,0.00165666,0.991637,0.991637,0.99221,0.996653,0.996653,0,0,0,0,0,0,0,0,0.996009,0.99221,0,0,0,0,36,0.996237,0.991637,0.994439,0,0,12,-0.00333333,0,0,0,0,0,34.32,-2.90104,6.80782,245.23,117.28,0,0,0,0,0
neuromorpho__2-wild-type-veichle-neuron3.swc,288,pyramidal,0.994916,0,287,0,0,0,0,0,0,0,0,0,0,0,0.995386,0.00242048,0.989259,0.991056,0.991382,0.996653,0.996653,0,0,0,0,0,0,0,0,0.99537,0.991382,0,0,0,0,41,0.995266,0.989259,0.991163,0,0,13,0,0,0,0,0,0,67.49,0.111707,11.3744,163.84,220.5,0,0,0,0,0
neuromorpho__20120320sc4.swc,26082,interneuron,0.993414,24904,1177,0,0,0,0,0,0,0,0,0,0,0,0.884707,0.258328,0.3,0.3,0.3,0.999596,0.999596,0.163293,0.163293,0.163293,0.163293,0.163293,0.881285,0.3,0.168126,0.957014,0.999824,0.0611725,0,0,0,1446,0.907901,0.3,0.3,0.128631,0.128631,46,0,108.95,24.8198,30.7853,638.05,1605.64,89.09,10.3098,22.2399,151.92,568.44,0,0,0,0,0
neuromorpho__2016-08-11-slice-3-cell-7-rotated.swc,19344,interneuron,0.994989,16433,2910,0,0,0,0,0,0,0,0,0,0,0,0.98259,0.107833,0.3,0.999596,0.999596,0.999596,0.999596,0.0243486,0.0243486,0.0243486,0.0243486,0.0243486,0.999596,0.999596,0,0.886553,0.3,0.161856,0,0,0,200,0.995851,0.3,0.999596,0,0.01,182.1,0,97.28,-20.6518,16.3651,334.8,364.13,55.54,2.41174,8.67076,317.38,452.58,0,0,0,0,0
neuromorpho__2016-09-06-slice-C-cell-7-rotated.swc,21108,interneuron,0.995764,20161,946,0,0,0,0,0,0,0,0,0,0,0,0.990326,0.0800404,0.3,0.999596,0.999596,0.999596,0.999596,0.0132651,0.0132651,0.0132651,0.0132651,0.0132651,0.98988,0.999596,0.0138882,0.999824,0.999824,0,0,0,0,557,0.995257,0.3,0.999596,0.00359066,0.00718133,78.4,0,107.29,-20.9261,14.8341,496.67,586.07,51.59,-8.65297,9.89695,180.24,253.38,0,0,0,0,0
neuromorpho__2016-16-12-slice-e-cell-3-rotated.swc,16851,interneuron,0.996987,14971,1879,0,0,0,0,0,0,0,0,0,0,0,0.958769,0.164053,0.3,0.3,0.999596,0.999596,0.999596,0.0583942,0.0583942,0.0583942,0.0583942,0.0583942,0.953613,0.999596,0.0657271,0.999824,0.999824,0,0,0,0,246,0.972319,0.3,0.999596,0.0365854,0.0406504,156.5,0,172.08,-31.0077,29.5379,425.75,352.77,35.33,-1.77267,6.12677,138.97,195.2,0,0,0,0,0
neuromorpho__2016-30-09-slice-4-cell-8-rotated.swc,4380,interneuron,0.983573,0,4379,0,0,0,0,0,0,0,0,0,0,0,0.93799,0.198619,0.3,0.3,0.999824,0.999824,0.999824,0.0883562,0.0883562,0.0883562,0.0883562,0.0883562,0,0,0,0.937976,0.999824,0.0883763,0,0,0,49,0.941582,0.3,0.988874,0.0816327,0.0816327,177.2,0,0,0,0,0,0,76.07,-16.0138,17.7969,177.6,510.17,0,0,0,0,0
neuromorpho__2017-01-08-slice-4-cell-7-rotated.swc,43838,interneuron,0.992408,34713,9124,0,0,0,0,0,0,0,0,0,0,0,0.959915,0.161502,0.3,0.3,0.999596,0.999596,0.999596,0.0565035,0.0565035,0.0565035,0.0565035,0.0565035,0.953295,0.999596,0.0658255,0.985097,0.999824,0.0210434,0,0,0,301,0.954193,0.3,0.945299,0.0564784,0.0564784,344,0,80.63,-31.0212,14.5621,574.05,742.17,80.09,-18.6527,15.6015,269.86,478.61,0,0,0,0,0
neuromorpho__2017-01-09-slice-2-cell-2-rotated.swc,6461,interneuron,0.993506,4931,1529,0,0,0,0,0,0,0,0,0,0,0,0.889175,0.225176,0.3,0.3,0.3,0.956911,0.979266,0.122272,0.122272,0.122272,0.178455,0.178455,0.854842,0.3,0.160211,0.999824,0.999824,0,0,0,0,57,0.898387,0.3,0.487274,0.140351,0.140351,233.6,0,138.6,-19.6198,33.0539,207.11,538.68,48.94,1.95542,8.23155,121.81,201.88,0,0,0,0,0
neuromorpho__2017-02-08-slice-3-cell-2-rotated.swc,27194,interneuron,0.997205,26380,813,0,0,0,0,0,0,0,0,0,0,0,0.946787,0.184827,0.3,0.3,0.999596,0.999596,0.999596,0.0754946,0.0754946,0.0754946,0.0754946,0.0754946,0.94515,0.999596,0.0778241,0.999824,0.999824,0,0,0,0,241,0.941773,0.3,0.907069,0.0788382,0.0829876,230,0,74.76,-11.5433,12.6851,483.34,564.48,52.77,-7.90749,12.7535,82,213.03,0,0,0,0,0
neuromorpho__2017-03-05-slice-3-cell-7-rotated.swc,26232,interneuron,0.995819,23206,3025,0,0,0,0,0,0,0,0,0,0,0,0.967576,0.145485,0.3,0.976244,0.999596,0.999596,0.999596,0.0453263,0.0453263,0.0453263,0.0453263,0.0453263,0.968286,0.999596,0.0442127,0.962114,0.999824,0.0538843,0,0,0,407,0.981202,0.3,0.999596,0.022113,0.029484,140,0,120.16,-24.4635,22.3596,443.5,704.7,43.17,-3.89813,9.27072,238.29,443.89,0,0,0,0,0
neuromorpho__2017-03-07-slice-1-cell-7-rotated.swc,8903,interneuron,0.996916,8607,295,0,0,0,0,0,0,0,0,0,0,0,0.991487,0.0744509,0.3,0.999596,0.999596,0.999596,0.999596,0.0114568,0.0114568,0.0114568,0.0114568,0.0114568,0.991201,0.999596,0.0118508,0.999824,0.999824,0,0,0,0,170,0.997207,0.3,0.999596,0,0,107.1,0,89.38,-11.3084,16.2823,254.46,414.43,24.94,3.608,4.24046,56.12,166.55,0,0,0,0,0
neuromorpho__2017-03-07-slice-2-cell-3-rotated.swc,16504,interneuron,0.995484,15879,624,0,0,0,0,0,0,0,0,0,0,0,0.997953,0.0331006,0.3,0.999596,0.999596,0.999596,0.999596,0.00224188,0.00224188,0.00224188,0.00224188,0.00224188,0.997879,0.999596,0.00233012,0.999824,0.999824,0,0,0,0,136,0.998931,0.3,0.999596,0,0,252.5,0,94.85,-10.5016,15.9579,265.11,307.16,9.24,-4.31527,2.31523,90.8,133.92,0,0,0,0,0
neuromorpho__2017-04-07-slice-2-cell-6-rotated.swc,30629,interneuron,0.995498,25547,5081,0,0,0,0,0,0,0,0,0,0,0,0.892486,0.251966,0.3,0.3,0.3,0.999596,0.999596,0.153156,0.153156,0.153156,0.153156,0.153156,0.87127,0.3,0.183427,0.999135,0.999824,0.000984058,0,0,0,222,0.926425,0.3,0.75895,0.0900901,0.112613,296.9,0,103.47,-22.5224,19.4108,427.25,715.84,60,-14.3965,12.3499,170.94,325,0,0,0,0,0
neuromorpho__2017-06-08-slice-3-cell-7-rotated.swc,12953,interneuron,0.987675,6090,6862,0,0,0,0,0,0,0,0,0,0,0,0.772673,0.319751,0.3,0.3,0.3,0.3,0.979266,0.31375,0.31375,0.31375,0.31375,0.31375,0.957154,0.972829,0.037931,0.608914,0.3,0.558584,0,0,0,76,0.829014,0.3,0.3,0.210526,0.236842,316,0,50.3,-2.83139,8.32447,214.84,443.97,94.01,-17.4824,17.3297,182.41,554.46,0,0,0,0,0
neuromorpho__2017-09-02-slice-3-cell-2-roteted.swc,53409,interneuron,0.995103,49209,4199,0,0,0,0,0,0,0,0,0,0,0,0.98951,0.0833408,0.3,0.999596,0.999596,0.999596,0.999596,0.0143983,0.0143983,0.0143983,0.0143983,0.0143983,0.995285,0.999596,0.00611677,0.921825,0.3,0.111455,0,0,0,499,0.994736,0.3,0.999596,0.00400802,0.00601202,232,0,91.69,-13.3261,17.4751,488.89,427.68,72.72,-12.0018,11.3299,280.37,648.67,0,0,0,0,0
neuromorpho__2017-12-02-slice-3-cell-2-rotated.swc,21351,interneuron,0.996969,19498,1852,0,0,0,0,0,0,0,0,0,0,0,0.967744,0.145678,0.3,0.986406,0.999596,0.999596,0.999596,0.0454311,0.0454311,0.0454311,0.0454311,0.0454311,0.969182,0.999596,0.0433378,0.952589,0.999824,0.0674946,0,0,0,354,0.988966,0.3,0.999596,0.0112994,0.0141243,117.1,0,75,-6.45074,12.1927,589.97,754.2,71.6,-12.6048,11.5341,330.93,429.27,0,0,0,0,0
neuromorpho__2017-12-02-slice-3-cell-3-rotated.swc,26518,interneuron,0.984545,22924,3593,0,0,0,0,0,0,0,0,0,0,0,0.954695,0.170928,0.3,0.3,0.999596,0.999596,0.999596,0.0638057,0.0638057,0.0638057,0.0638057,0.0638057,0.96673,0.999596,0.0465015,0.877895,0.3,0.174228,0,0,0,223,0.967432,0.3,0.989044,0.0403587,0.0493274,247,0,66.42,-2.92505,9.78638,523.81,706.84,107.18,-7.29898,21.2866,274.34,526.85,0,0,0,0,0
neuromorpho__2017-16-05-slice-1-cell-6-rotated.swc,25907,interneuron,0.994635,24452,1454,0,0,0,0,0,0,0,0,0,0,0,0.947497,0.180932,0.3,0.3,0.976244,0.999596,0.999596,0.0723743,0.0723743,0.0723743,0.0723743,0.0723743,0.944384,0.976244,0.0766808,0.999824,0.999824,0,0,0,0,205,0.958585,0.3,0.976244,0.0487805,0.0682927,262.6,0,97.89,-22.7541,16.1048,359.28,735.19,37.63,-5.83329,8.00344,110.58,389.43,0,0,0,0,0
neuromorpho__2017-16-10-slice-3-cell-2-rotated.swc,16910,interneuron,0.997859,16389,520,0,0,0,0,0,0,0,0,0,0,0,0.949703,0.17981,0.3,0.3,0.999596,0.999596,0.999596,0.0711413,0.0711413,0.0711413,0.0711413,0.0711413,0.94811,0.999596,0.0734029,0.999824,0.999824,0,0,0,0,318,0.961893,0.3,0.999596,0.0503145,0.0597484,104.3,0,165.66,38.5689,23.7724,623.32,741.59,34,-3.90573,8.2149,158.64,213.61,0,0,0,0,0
neuromorpho__2017-18-10-slice-1-cell-2-rotated.swc,31085,interneuron,0.996228,26608,4476,0,0,0,0,0,0,0,0,0,0,0,0.974193,0.130591,0.3,0.999596,0.999596,0.999596,0.999596,0.0361589,0.0361589,0.0361589,0.0361589,0.0361589,0.973931,0.999596,0.0364552,0.975746,0.999824,0.0344057,0,0,0,270,0.985685,0.3,0.999596,0.0148148,0.0185185,274.3,0,74.99,-7.88152,12.1284,507.79,633.87,37.39,4.96009,7.71791,347.14,338.25,0,0,0,0,0
neuromorpho__2017-18-10-slice-1-cell-6-rotated.swc,38823,interneuron,0.994415,35155,3667,0,0,0,0,0,0,0,0,0,0,0,0.96105,0.159316,0.3,0.3,0.999596,0.999596,0.999596,0.0548901,0.0548901,0.0548901,0.0548901,0.0548901,0.959314,0.999596,0.0573176,0.977686,0.999824,0.0316335,0,0,0,268,0.979457,0.3,0.999596,0.0186567,0.0298507,313.8,0,96.8,-9.46295,14.5466,554.54,656.51,48.66,2.42939,8.45204,277.07,400.75,0,0,0,0,0
neuromorpho__2017-23-10-slice-2-cell-7-rotated.swc,22847,interneuron,0.997267,22379,467,0,0,0,0,0,0,0,0,0,0,0,0.966544,0.145835,0.3,0.972829,0.986406,0.999596,0.999596,0.0456077,0.0456077,0.0456077,0.0456077,0.0456077,0.965848,0.986406,0.0465615,0.999824,0.999824,0,0,0,0,359,0.977057,0.3,0.979266,0.0222841,0.0278552,131,0,114.32,-4.09358,19.6458,594.31,587.12,43.91,0.823084,10.0272,69.2,283,0,0,0,0,0
neuromorpho__2017-23-10-slice-3-cell-6-rotated.swc,24300,interneuron,0.996385,23848,451,0,0,0,0,0,0,0,0,0,0,0,0.999397,0.00232239,0.972829,0.999596,0.999596,0.999596,0.999596,0,0,0,0,0,0.999389,0.999596,0,0.999824,0.999824,0,0,0,0,293,0.999282,0.972829,0.999596,0,0,176.8,0,116.15,-19.9201,17.6581,225.04,345.86,21.86,0.754102,5.51218,35.68,120.59,0,0,0,0,0
neuromorpho__2017-29-03-slice-2-cell-2-rotated.swc,24223,interneuron,0.995525,22782,1440,0,0,0,0,0,0,0,0,0,0,0,0.985502,0.0804019,0.3,0.986406,0.999596,0.999596,0.999596,0.00747224,0.00747224,0.0237378,0.0306733,0.0307146,0.985547,0.999596,0.0252392,0.984777,0.999824,0,0,0,0,501,0.991056,0.3,0.999596,0.011976,0.0199601,103,0,120.73,-12.5125,18.5343,440.46,447.12,54.89,0.395694,11.0134,175.33,231.3,0,0,0,0,0
neuromorpho__20171005C01.swc,3089,interneuron,0.666005,0,3088,0,0,0,0,0,0,0,0,0,0,0,0.9271,0.191252,0.3,0.3,0.975174,0.975174,0.975845,0.0848171,0.0848171,0.0848171,0.0848171,0.0848171,0,0,0,0.927077,0.975174,0.0848446,0,0,0,52,0.975841,0.3,0.975174,0.0192308,0.0384615,168.8,0,0,0,0,0,0,111.73,-5.6477,22.5185,467.56,548.33,0,0,0,0,0
neuromorpho__20180109B01.swc,3155,interneuron,0.54174,0,3154,0,0,0,0,0,0,0,0,0,0,0,0.787175,0.200068,0.3,0.3,0.3,0.838858,0.838858,0.138827,0.138827,0.138827,0.138827,0.775911,0,0,0,0.787107,0.3,0.138871,0,0,0,69,0.850514,0.3,0.838858,0.0724638,0.0724638,86.2,0,0,0,0,0,0,77.18,0.511994,17.2332,218.96,747.23,0,0,0,0,0
neuromorpho__20180207A01.swc,1997,interneuron,0.824295,164,1832,0,0,0,0,0,0,0,0,0,0,0,0.754147,0.330542,0.3,0.3,0.3,0.3,0.999824,0.346019,0.346019,0.346019,0.346019,0.346019,0.956911,0.956911,0,0.735862,0.3,0.377183,0,0,0,33,0.805958,0.3,0.3,0.272727,0.30303,164.8,0,5.92,-2.62854,1.96707,58.23,72.38,61.35,-7.30372,10.9871,278.56,808.76,0,0,0,0,0
neuromorpho__20180404_sample_5.swc,4886,interneuron,0.997674,4635,250,0,0,0,0,0,0,0,0,0,0,0,0.96825,0.144758,0.3,0.999596,0.999596,0.999596,0.999596,0.0448219,0.0448219,0.0448219,0.0448219,0.0448219,0.96654,0.999596,0.0472492,0.999824,0.999824,0,0,0,0,320,0.971238,0.3,0.999596,0.0375,0.040625,28,0,184.76,-21.7331,27.7871,687.7,614.36,73.61,-2.63912,12.5403,152.86,343.4,0,0,0,0,0
neuromorpho__20180515_sample_1.swc,4479,interneuron,0.960972,3489,989,0,0,0,0,0,0,0,0,0,0,0,0.976053,0.120292,0.3,0.972829,0.986406,0.999596,0.999596,0.0305872,0.0305872,0.0305872,0.0305872,0.0305872,0.975727,0.986406,0.0300946,0.97718,0.999824,0.0323559,0,0,0,147,0.990883,0.3,0.98355,0,0.0136054,53,0,51.33,0.523531,9.49523,304.65,474.24,59.3,-2.52514,10.8188,252.52,428.48,0,0,0,0,0
neuromorpho__20180607-60L5-2-1-428-03-249-80-46.swc,411,interneuron,0.742296,0,410,0,0,0,0,0,0,0,0,0,0,0,0.999824,8.68323e-06,0.999824,0.999824,0.999824,0.999824,0.999824,0,0,0,0,0,0,0,0,0.999824,0.999824,0,0,0,0,21,0.999832,0.999824,0.999824,0,0,40,0,0,0,0,0,0,57.94,7.20559,13.6786,131.52,208.8,0,0,0,0,0
neuromorpho__20180607-L1R2-2-3-451-09-113-14-40.swc,308,interneuron,0.987168,0,307,0,0,0,0,0,0,0,0,0,0,0,0.999824,1.00265e-05,0.999824,0.999824,0.999824,0.999824,0.999824,0,0,0,0,0,0,0,0,0.999824,0.999824,0,0,0,0,6,0.999853,0.999824,0.999824,0,0,98.5,0,0,0,0,0,0,22.4,-1.07958,6.0653,67.33,105.85,0,0,0,0,0
neuromorpho__20180607-L1R2-3-1-276-15-298-35-46.swc,633,interneuron,0.77642,0,632,0,0,0,0,0,0,0,0,0,0,0,0.999824,6.99981e-06,0.999824,0.999824,0.999824,0.999824,0.999824,0,0,0,0,0,0,0,0,0.999824,0.999824,0,0,0,0,16,0.999835,0.999824,0.999824,0,0,77,0,0,0,0,0,0,60.91,5.22188,12.6926,111.25,143.56,0,0,0,0,0
neuromorpho__20180607-L1R2-6-1-526-18-132-17-27.swc,298,interneuron,0.985339,0,297,0,0,0,0,0,0,0,0,0,0,0,0.983386,0.105991,0.3,0.999824,0.999824,0.999824,0.999824,0.0234899,0.0234899,0.0234899,0.0234899,0.0234899,0,0,0,0.98333,0.999824,0.023569,0,0,0,8,0.995472,0.3,0.989326,0,0,82.6,0,0,0,0,0,0,36.84,-1.90192,8.5873,58.08,195.45,0,0,0,0,0
neuromorpho__20180621_sample_7.swc,4665,interneuron,0.973476,2854,1810,0,0,0,0,0,0,0,0,0,0,0,0.991544,0.0713604,0.3,0.986406,0.999596,0.999596,0.999596,0.0105038,0.0105038,0.0105038,0.0105038,0.0105038,0.987025,0.999596,0.0161177,0.998664,0.999824,0.00165746,0,0,0,161,0.99611,0.3,0.986406,0,0.00621118,61,0,141.16,-13.2968,23.9956,409.13,358.54,106.21,-5.34773,19.4245,189.27,393.11,0,0,0,0,0
neuromorpho__20180711_sample_1.swc,5003,interneuron,0.358592,2564,2438,0,0,0,0,0,0,0,0,0,0,0,0.910356,0.136414,0.3,0.939911,0.939911,0.939911,0.939911,0.0475715,0.0475715,0.0475715,0.0475715,0.0475715,0.912208,0.939911,0.0432917,0.908371,0.941127,0.0520919,0,0,0,176,0.935036,0.3,0.939911,0.0113636,0.0170455,67.5,0,98.46,7.554,21.1101,400.61,671.93,126.53,16.0921,23.1647,349.46,550.76,0,0,0,0,0
neuromorpho__20180717_sample_3.swc,5524,interneuron,0.996323,4849,674,0,0,0,0,0,0,0,0,0,0,0,0.980403,0.113693,0.3,0.999596,0.999596,0.999596,0.999596,0.0271542,0.0271542,0.0271542,0.0271542,0.0271542,0.979575,0.999596,0.0282532,0.986326,0.999824,0.0192878,0,0,0,313,0.989059,0.3,0.999596,0.00638978,0.0127796,34,0,219.36,-4.69221,32.5144,424.93,651.54,197.88,3.2778,27.6264,237.18,404.4,0,0,0,0,0
neuromorpho__20180725_sample_9.swc,3349,interneuron,0.957566,2638,710,0,0,0,0,0,0,0,0,0,0,0,0.993686,0.0637128,0.3,0.999596,0.999596,0.999596,0.999596,0.0083607,0.0083607,0.0083607,0.0083607,0.0083607,0.992031,0.999596,0.0106141,0.999824,0.999824,0,0,0,0,90,0.998119,0.3,0.999596,0,0,78.3,0,63.01,-6.71205,10.6091,120.8,202.74,51.81,-3.76497,8.21647,73.07,81.78,0,0,0,0,0
neuromorpho__20180820_sample_1.swc,4441,interneuron,0.997367,4417,23,0,0,0,0,0,0,0,0,0,0,0,0.960958,0.159715,0.3,0.3,0.999596,0.999596,0.999596,0.0551678,0.0551678,0.0551678,0.0551678,0.0551678,0.960747,0.999596,0.0554675,0.999824,0.999824,0,0,0,0,313,0.968181,0.3,0.999596,0.0383387,0.0479233,27,0,296.1,29.4742,44.9899,725.57,521.02,7.91,-1.5313,2.24437,20.85,66.15,0,0,0,0,0
neuromorpho__20180828_sample_5.swc,10975,interneuron,0.997852,10872,102,0,0,0,0,0,0,0,0,0,0,0,0.996281,0.0471276,0.3,0.999596,0.999596,0.999596,0.999596,0.00455581,0.00455581,0.00455581,0.00455581,0.00455581,0.996248,0.999596,0.00459897,0.999824,0.999824,0,0,0,0,789,0.998525,0.3,0.999596,0.00126743,0.00126743,28,0,161.55,-11.474,27.3945,497.44,479.68,14.74,-1.76667,3.21051,121.79,128.77,0,0,0,0,0
neuromorpho__20180830_sample_1.swc,6293,interneuron,0.9969,6093,199,0,0,0,0,0,0,0,0,0,0,0,0.997174,0.040363,0.3,0.999596,0.999596,0.999596,0.999596,0.00333704,0.00333704,0.00333704,0.00333704,0.00333704,0.997087,0.999596,0.00344658,0.999824,0.999824,0,0,0,0,528,0.998936,0.3,0.999596,0,0,25,-0.00333333,233.1,-4.63296,30.0574,416.93,381.58,27.56,3.62926,5.32026,120.26,160.38,0,0,0,0,0
neuromorpho__20180904_sample_3.swc,9597,interneuron,0.989901,9013,583,0,0,0,0,0,0,0,0,0,0,0,0.997706,0.0363663,0.3,0.999596,0.999596,0.999596,0.999596,0.00270918,0.00270918,0.00270918,0.00270918,0.00270918,0.997569,0.999596,0.00288472,0.999824,0.999824,0,0,0,0,610,0.999328,0.3,0.999596,0,0,33,0,136.4,-8.10767,25.7504,428.96,436.17,61.34,2.4019,11.4434,247.44,291.21,0,0,0,0,0
neuromorpho__20180904_sample_5.swc,10350,interneuron,0.997256,9209,1140,0,0,0,0,0,0,0,0,0,0,0,0.998404,0.0291509,0.3,0.999596,0.999596,0.999596,0.999596,0.00173913,0.00173913,0.00173913,0.00173913,0.00173913,0.998228,0.999596,0.00195461,0.999824,0.999824,0,0,0,0,591,0.999368,0.3,0.999596,0,0,38,0,160.39,-10.0844,24.9531,461.85,837.16,95.68,-3.91741,20.1748,277.92,241.22,0,0,0,0,0
neuromorpho__20180911_sample_6.swc,3643,interneuron,0.963942,2114,1528,0,0,0,0,0,0,0,0,0,0,0,0.960505,0.16087,0.3,0.3,0.999596,0.999596,0.999596,0.0559978,0.0559978,0.0559978,0.0559978,0.0559978,0.986689,0.999596,0.0184484,0.924254,0.3,0.107984,0,0,0,197,0.980062,0.3,0.999596,0.0203046,0.0253807,41.8,0,206.1,-53.1056,36.0914,340.35,600.89,173.56,-40.6246,41.0292,338.48,466.01,0,0,0,0,0
neuromorpho__20180918_sample_1.swc,2959,interneuron,0.997787,2770,188,0,0,0,0,0,0,0,0,0,0,0,0.999251,0.00227407,0.977316,0.999596,0.999596,0.999596,0.999596,0,0,0,0,0,0.999212,0.999596,0,0.999824,0.999824,0,0,0,0,252,0.999126,0.977316,0.999596,0,0,24,0,154.47,-11.3424,29.7984,348.52,534.25,43.09,4.31713,8.96443,86.02,305.97,0,0,0,0,0
neuromorpho__20180920_sample_2.swc,4424,interneuron,0.996999,4333,90,0,0,0,0,0,0,0,0,0,0,0,0.965219,0.151083,0.3,0.986406,0.999596,0.999596,0.999596,0.0490506,0.0490506,0.0490506,0.0490506,0.0490506,0.964492,0.999596,0.0500808,0.999824,0.999824,0,0,0,0,301,0.975604,0.3,0.999596,0.0265781,0.0365449,26,-0.00333333,294.47,-27.0908,52.7518,776.4,436.03,44.12,8.05944,10.4599,116.65,160.06,0,0,0,0,0
neuromorpho__20181004_sample_8.swc,2523,interneuron,0.991981,2386,136,0,0,0,0,0,0,0,0,0,0,0,0.981216,0.111657,0.3,0.999596,0.999596,0.999596,0.999596,0.0261593,0.0261593,0.0261593,0.0261593,0.0261593,0.980148,0.999596,0.0276614,0.999824,0.999824,0,0,0,0,154,0.985453,0.3,0.999596,0.0194805,0.0194805,31,0,145.3,20.8063,24.5799,355.34,422.22,40.1,4.15265,7.58425,179.66,150.26,0,0,0,0,0
neuromorpho__20181009_sample_7.swc,2602,interneuron,0.995286,2076,525,0,0,0,0,0,0,0,0,0,0,0,0.957936,0.165591,0.3,0.3,0.999596,0.999596,0.999596,0.0595696,0.0595696,0.0595696,0.0595696,0.0595696,0.947323,0.999596,0.0746628,0.999824,0.999824,0,0,0,0,164,0.960462,0.3,0.999596,0.0487805,0.0609756,30,0,122.12,-0.606652,23.1551,483.59,437.47,79.12,-14.5124,13.5724,248.39,305.39,0,0,0,0,0
neuromorpho__20181109_sample_7.swc,9620,interneuron,0.997145,8794,825,0,0,0,0,0,0,0,0,0,0,0,0.923528,0.217443,0.3,0.3,0.3,0.999596,0.999596,0.10842,0.10842,0.10842,0.10842,0.10842,0.920818,0.3,0.112236,0.952321,0.999824,0.0678788,0,0,0,474,0.937326,0.3,0.833052,0.0801688,0.092827,43,0,217.68,-15.2107,31.6374,878.25,898.13,117.17,-9.48373,17.6674,388.15,421.83,0,0,0,0,0
neuromorpho__20181112_sample_6.swc,1396,interneuron,0.915137,1213,182,0,0,0,0,0,0,0,0,0,0,0,0.97593,0.126174,0.3,0.999596,0.999596,0.999596,0.999596,0.0336676,0.0336676,0.0336676,0.0336676,0.0336676,0.972325,0.999596,0.0387469,0.999824,0.999824,0,0,0,0,253,0.979889,0.3,0.999596,0.027668,0.0316206,10,0,253.64,-27.3592,47.8156,889.4,1104.74,80.85,2.2439,12.6871,340.69,238.81,0,0,0,0,0
neuromorpho__20181116_sample_5.swc,6911,interneuron,0.997062,6872,38,0,0,0,0,0,0,0,0,0,0,0,0.993136,0.062209,0.3,0.986406,0.999596,0.999596,0.999596,0.00795833,0.00795833,0.00795833,0.00795833,0.00795833,0.993129,0.999596,0.00800349,0.99422,0.976165,0,0,0,0,458,0.988621,0.3,0.995639,0.0131004,0.0131004,30,0,219.82,0.272059,29.1277,528.23,477.52,6.47,1.90842,1.56994,21.78,77.12,0,0,0,0,0
neuromorpho__20181121_sample_6.swc,5071,interneuron,0.985412,4557,513,0,0,0,0,0,0,0,0,0,0,0,0.870417,0.270526,0.3,0.3,0.3,0.999596,0.999596,0.183593,0.183593,0.183593,0.183593,0.183593,0.859045,0.3,0.199693,0.971176,0.999824,0.0409357,0,0,0,271,0.929896,0.3,0.787218,0.0922509,0.110701,40,0,314.55,31.921,52.2032,632.76,1053.57,104.38,2.48415,17.7003,268.26,386.36,0,0,0,0,0
neuromorpho__20190122_sample_5.swc,4379,interneuron,0.992827,4129,249,0,0,0,0,0,0,0,0,0,0,0,0.993218,0.0665588,0.3,0.999596,0.999596,0.999596,0.999596,0.00913451,0.00913451,0.00913451,0.00913451,0.00913451,0.992818,0.999596,0.00968758,0.999824,0.999824,0,0,0,0,265,0.993104,0.3,0.999596,0.00754717,0.00754717,31.6,0,144.42,23.3996,22.7458,571.21,476.98,47.3,1.63683,10.1225,131.29,172.3,0,0,0,0,0
neuromorpho__20190122_sample_9.swc,10502,interneuron,0.997676,10397,104,0,0,0,0,0,0,0,0,0,0,0,0.999588,0.000364679,0.986406,0.999596,0.999596,0.999596,0.999596,0,0,0,0,0,0.999586,0.999596,0,0.999824,0.999824,0,0,0,0,753,0.999581,0.986406,0.999596,0,0,28,0,273.17,33.6212,42.074,344.31,495.24,19.27,2.76298,3.71315,55.21,123.18,0,0,0,0,0
neuromorpho__20190128_sample_12.swc,4505,interneuron,0.997349,4311,193,0,0,0,0,0,0,0,0,0,0,0,0.997511,0.036089,0.3,0.999596,0.999596,0.999596,0.999596,0.00266371,0.00266371,0.00266371,0.00266371,0.00266371,0.997407,0.999596,0.00278358,0.999824,0.999824,0,0,0,0,313,0.998647,0.3,0.999596,0,0,26,0,130.48,39.5925,18.6017,496.4,459.49,51.56,1.63207,9.46694,273.44,166.44,0,0,0,0,0
neuromorpho__20190128_sample_2.swc,3559,interneuron,0.996634,2994,564,0,0,0,0,0,0,0,0,0,0,0,0.992114,0.0719057,0.3,0.999596,0.999596,0.999596,0.999596,0.0106772,0.0106772,0.0106772,0.0106772,0.0106772,0.991127,0.999596,0.012024,0.997342,0.999824,0.0035461,0,0,0,282,0.993142,0.3,0.999596,0.0070922,0.0106383,24.9,0,146.82,22.2033,24.3429,424.31,383.89,78.44,10.08,15.3202,233.18,257.63,0,0,0,0,0
neuromorpho__20190128_sample_7.swc,10538,interneuron,0.997775,10440,97,0,0,0,0,0,0,0,0,0,0,0,0.995433,0.0535069,0.3,0.999596,0.999596,0.999596,0.999596,0.00588347,0.00588347,0.00588347,0.00588347,0.00588347,0.995392,0.999596,0.0059387,0.999824,0.999824,0,0,0,0,647,0.998842,0.3,0.999596,0,0,35,0,132.32,-9.47155,22.8095,387.88,597.14,21.23,3.04289,4.66266,54.91,190.86,0,0,0,0,0
neuromorpho__20190130_sample_10.swc,7003,interneuron,0.990633,6901,101,0,0,0,0,0,0,0,0,0,0,0,0.941531,0.192785,0.3,0.3,0.999596,0.999596,0.999596,0.0828216,0.0828216,0.0828216,0.0828216,0.0828216,0.94067,0.999596,0.0840458,0.999824,0.999824,0,0,0,0,300,0.961743,0.3,0.950878,0.0466667,0.0566667,49.3,0,237.55,4.77327,41.1752,458.96,685.19,48.3,-13.0811,11.1558,82.84,107.32,0,0,0,0,0
neuromorpho__20190130_sample_3.swc,13391,interneuron,0.996132,12409,981,0,0,0,0,0,0,0,0,0,0,0,0.916146,0.226571,0.3,0.3,0.3,0.999596,0.999596,0.11911,0.11911,0.11911,0.11911,0.11911,0.909524,0.3,0.128536,0.999824,0.999824,0,0,0,0,506,0.962432,0.3,0.979266,0.0513834,0.0652174,62.5,0,203.4,-26.3861,30.6781,665.69,679.61,106.75,-15.9359,18.1036,168.32,227.91,0,0,0,0,0
neuromorpho__20190131_sample_5.swc,3633,interneuron,0.992687,3269,363,0,0,0,0,0,0,0,0,0,0,0,0.984702,0.100765,0.3,0.999596,0.999596,0.999596,0.999596,0.0211946,0.0211946,0.0211946,0.0211946,0.0211946,0.990511,0.999596,0.012848,0.932348,0.999824,0.0964187,0,0,0,221,0.988339,0.3,0.999596,0.00904977,0.0135747,32,0,152.85,27.2531,29.8038,377.81,407.83,59.13,-3.03694,8.03433,299.54,353.6,0,0,0,0,0
neuromorpho__20190201_sample_3.swc,3938,interneuron,0.997669,3629,308,0,0,0,0,0,0,0,0,0,0,0,0.973673,0.132188,0.3,0.999596,0.999596,0.999596,0.999596,0.0370747,0.0370747,0.0370747,0.0370747,0.0370747,0.973181,0.999596,0.0377514,0.979374,0.999824,0.0292208,0,0,0,284,0.981507,0.3,0.999596,0.0246479,0.028169,26,0,191.27,-45.4499,35.457,710.57,513.77,93.85,-8.06282,15.4459,153.21,331.81,0,0,0,0,0
neuromorpho__20190204_sample_7.swc,6489,interneuron,0.995161,4411,2077,0,0,0,0,0,0,0,0,0,0,0,0.997404,0.0397384,0.3,0.999596,0.999596,0.999596,0.999596,0.00323625,0.00323625,0.00323625,0.00323625,0.00323625,0.999596,0.999596,0,0.992748,0.999824,0.0101107,0,0,0,371,0.999235,0.3,0.999596,0,0,40,0,152.03,-20.8727,26.1365,396.3,358.59,122.86,-8.44378,19.1851,241.21,320.88,0,0,0,0,0
neuromorpho__20190204_sample_9.swc,3707,interneuron,0.9955,3205,501,0,0,0,0,0,0,0,0,0,0,0,0.992852,0.0676703,0.3,0.999596,0.999596,0.999596,0.999596,0.0094416,0.0094416,0.0094416,0.0094416,0.0094416,0.99307,0.999596,0.00904836,0.991443,0.999824,0.011976,0,0,0,247,0.99702,0.3,0.999596,0,0.00404858,29,0,156.94,11.0869,28.1507,393.88,382.43,106.29,3.90056,17.9576,215.8,240.74,0,0,0,0,0
neuromorpho__20190211_sample_6.swc,4479,interneuron,0.987058,3084,1394,0,0,0,0,0,0,0,0,0,0,0,0.953391,0.173813,0.3,0.3,0.999596,0.999596,0.999596,0.0660862,0.0660862,0.0660862,0.0660862,0.0660862,0.962568,0.999596,0.0528534,0.933054,0.999824,0.0954089,0,0,0,259,0.975229,0.3,0.999596,0.034749,0.034749,34,0,123.84,25.3621,21.2021,405.48,815.71,80.72,3.94552,14.8538,324.17,400.89,0,0,0,0,0
neuromorpho__20190212_sample_4.swc,9754,interneuron,0.997267,9682,71,0,0,0,0,0,0,0,0,0,0,0,0.957472,0.166374,0.3,0.3,0.999596,0.999596,0.999596,0.0601804,0.0601804,0.0601804,0.0601804,0.0601804,0.957158,0.999596,0.060628,0.999824,0.999824,0,0,0,0,525,0.967155,0.3,0.999596,0.0419048,0.0514286,43.6,0,363.08,46.2888,53.4842,680.18,571.53,24.48,-2.34901,5.47397,105.39,184.54,0,0,0,0,0
neuromorpho__20190212_sample_7.swc,1633,interneuron,0.979054,1239,393,0,0,0,0,0,0,0,0,0,0,0,0.940327,0.193139,0.3,0.3,0.972829,0.999596,0.999596,0.0832823,0.0832823,0.0832823,0.0832823,0.0832823,0.971111,0.999596,0.0387409,0.84312,0.3,0.223919,0,0,0,244,0.96979,0.3,0.96016,0.0286885,0.0491803,13,0,208.8,49.1591,37.4509,536.71,645.78,124.86,7.01198,23.0119,352.07,581.69,0,0,0,0,0
neuromorpho__20190213_sample_7.swc,9194,interneuron,0.997155,8210,983,0,0,0,0,0,0,0,0,0,0,0,0.967813,0.145745,0.3,0.999596,0.999596,0.999596,0.999596,0.0454644,0.0454644,0.0454644,0.0454644,0.0454644,0.964573,0.999596,0.0500609,0.99484,0.999824,0.00712106,0,0,0,398,0.990926,0.3,0.999596,0.0100503,0.0175879,49,0,308.06,-32.0934,41.5344,527.23,622.88,150.16,-11.4104,25.5347,183.88,444.95,0,0,0,0,0
neuromorpho__20190214_sample_1.swc,4239,interneuron,0.997879,4080,158,0,0,0,0,0,0,0,0,0,0,0,0.999592,0.000407577,0.986406,0.999596,0.999596,0.999596,0.999596,0,0,0,0,0,0.999583,0.999596,0,0.999824,0.999824,0,0,0,0,314,0.999561,0.986406,0.999596,0,0,27.7,0,240.25,22.174,48.865,383.86,375.67,29.22,4.17804,6.35162,107.06,179.81,0,0,0,0,0
neuromorpho__20190221_sample_4.swc,2725,interneuron,0.832541,1978,746,0,0,0,0,0,0,0,0,0,0,0,0.97835,0.120234,0.3,0.999596,0.999596,0.999596,0.999596,0.0304587,0.0304587,0.0304587,0.0304587,0.0304587,0.97024,0.999596,0.0419616,0.999824,0.999824,0,0,0,0,139,0.994614,0.3,0.999596,0.00719424,0.00719424,42.2,0,269.21,23.9487,45.2198,259.04,495.82,170.95,-1.2767,33.3583,167.41,223.23,0,0,0,0,0
neuromorpho__20190327_sample_7.swc,628,interneuron,0.99035,441,186,0,0,0,0,0,0,0,0,0,0,0,0.977075,0.122822,0.3,0.991022,0.999596,0.999596,0.999596,0.0318471,0.0318471,0.0318471,0.0318471,0.0318471,0.967428,0.999596,0.0453515,0.999824,0.999824,0,0,0,0,122,0.964037,0.3,0.999596,0.0491803,0.0491803,8,0,86.25,-0.531678,14.7856,380.85,358.91,58.02,5.94602,10.8051,178.05,244.1,0,0,0,0,0
neuromorpho__20190408_sample_1.swc,4548,interneuron,0.997131,3955,592,0,0,0,0,0,0,0,0,0,0,0,0.995748,0.0517301,0.3,0.999596,0.999596,0.999596,0.999596,0.00549692,0.00549692,0.00549692,0.00549692,0.00549692,0.995137,0.999596,0.00632111,0.999824,0.999824,0,0,0,0,266,0.994034,0.3,0.999596,0.0075188,0.0075188,35,0.00333333,225.4,-19.5666,40.0461,615.85,356.22,109.54,11.8395,17.2849,253.45,261.55,0,0,0,0,0
neuromorpho__20190408_sample_6.swc,3688,interneuron,0.99617,3301,386,0,0,0,0,0,0,0,0,0,0,0,0.982934,0.106163,0.3,0.999596,0.999596,0.999596,0.999596,0.02359,0.02359,0.02359,0.02359,0.02359,0.980954,0.999596,0.0263556,0.999824,0.999824,0,0,0,0,292,0.99163,0.3,0.999596,0.010274,0.0171233,24,0,182.54,-42.8813,29.4217,396.02,444.69,62.59,-5.33244,11.6254,238.29,182.9,0,0,0,0,0
neuromorpho__20190430_sample_1.swc,5735,interneuron,0.964433,3376,2358,0,0,0,0,0,0,0,0,0,0,0,0.994444,0.0603587,0.3,0.999596,0.999596,0.999596,0.999596,0.00749782,0.00749782,0.00749782,0.00749782,0.00749782,0.990685,0.999596,0.012737,0.999824,0.999824,0,0,0,0,242,0.987606,0.3,0.999596,0.0165289,0.0165289,55.8,0,131.08,-36.591,24.8374,165.05,412.95,94.77,-9.8476,18.3715,159.36,377.02,0,0,0,0,0
neuromorpho__20190430_sample_6.swc,6923,interneuron,0.99634,4944,1978,0,0,0,0,0,0,0,0,0,0,0,0.996996,0.0420006,0.3,0.999596,0.999596,0.999596,0.999596,0.00361115,0.00361115,0.00361115,0.00361115,0.00361115,0.999403,0.999596,0,0.990979,0.999824,0.012639,0,0,0,344,0.998982,0.3,0.999596,0,0,43,0,121.41,26.7119,23.1775,214.54,343.28,86.58,2.28144,13.4698,195.76,456.66,0,0,0,0,0
neuromorpho__20190508_sample_4.swc,2466,interneuron,0.987198,1833,632,0,0,0,0,0,0,0,0,0,0,0,0.960175,0.161352,0.3,0.3,0.999596,0.999596,0.999596,0.0563666,0.0563666,0.0563666,0.0563666,0.0563666,0.957173,0.999596,0.0605565,0.968819,0.999824,0.0443038,0,0,0,132,0.970852,0.3,0.98479,0.030303,0.0454545,38.9,0,186.51,27.3498,36.8269,453.66,542.73,128.89,10.6886,26.3003,327.25,415.43,0,0,0,0,0
neuromorpho__20190509_sample_2.swc,2756,interneuron,0.993483,1565,1190,0,0,0,0,0,0,0,0,0,0,0,0.961196,0.159196,0.3,0.3,0.999596,0.999596,0.999596,0.0547896,0.0547896,0.0547896,0.0547896,0.0547896,0.983225,0.999596,0.0230032,0.932194,0.999824,0.0966387,0,0,0,169,0.97074,0.3,0.999596,0.035503,0.0414201,34,0,106.19,-11.3111,14.5083,187.9,376.43,134.17,-15.4336,19.2228,215.54,603.01,0,0,0,0,0
neuromorpho__20190513_sample_5.swc,5009,interneuron,0.381754,4160,848,0,0,0,0,0,0,0,0,0,0,0,0.927707,0.0957964,0.3,0.942034,0.942039,0.942376,0.942376,0.022759,0.022759,0.022759,0.022759,0.022759,0.924772,0.942376,0.0274038,0.94202,0.942029,0,0,0,0,218,0.93908,0.3,0.942039,0.00458716,0.00917431,53.5,0,346.48,34.5532,59.7745,461.51,300.62,109.83,15.5669,23.3429,129.67,210.85,0,0,0,0,0
neuromorpho__20190515_sample_12.swc,2007,interneuron,0.986394,0,2006,0,0,0,0,0,0,0,0,0,0,0,0.932114,0.202166,0.3,0.3,0.976165,0.999824,0.999824,0.0926756,0.0926756,0.0926756,0.0926756,0.0926756,0,0,0,0.932081,0.976165,0.0927218,0,0,0,71,0.915176,0.3,0.3,0.112676,0.112676,49,0,0,0,0,0,0,130.5,-44.3516,35.0504,214.58,431.3,0,0,0,0,0
neuromorpho__20190606_sample_3.swc,7652,interneuron,0.996965,7344,307,0,0,0,0,0,0,0,0,0,0,0,0.999506,0.00146859,0.972829,0.999596,0.999596,0.999596,0.999596,0,0,0,0,0,0.999492,0.999596,0,0.999824,0.999824,0,0,0,0,447,0.999451,0.972829,0.999596,0,0,35,0,142.53,-34.5708,21.3547,227.57,406.68,55.61,-10.4223,13.3925,75.82,164.43,0,0,0,0,0
neuromorpho__20190610_sample_3.swc,5376,interneuron,0.992079,4443,932,0,0,0,0,0,0,0,0,0,0,0,0.984101,0.102495,0.3,0.999596,0.999596,0.999596,0.999596,0.0219494,0.0219494,0.0219494,0.0219494,0.0219494,0.980799,0.999596,0.0265586,0.999824,0.999824,0,0,0,0,216,0.989394,0.3,0.999596,0.00925926,0.0138889,54,0,154.11,-6.74434,25.4803,474.35,220.97,64.22,1.0572,10.2162,107.57,159.71,0,0,0,0,0
neuromorpho__20190613_sample_2.swc,8970,interneuron,0.997005,7931,1038,0,0,0,0,0,0,0,0,0,0,0,0.9797,0.116268,0.3,0.999596,0.999596,0.999596,0.999596,0.0284281,0.0284281,0.0284281,0.0284281,0.0284281,0.978122,0.999596,0.0306393,0.991733,0.999824,0.0115607,0,0,0,546,0.988313,0.3,0.999596,0.0128205,0.018315,37,0,300.21,-44.3373,43.0673,633.05,524.78,134.63,-6.57498,24.9425,242.32,290.99,0,0,0,0,0
neuromorpho__20190617_sample_1.swc,2091,interneuron,0.895664,988,1102,0,0,0,0,0,0,0,0,0,0,0,0.99738,0.0071675,0.972829,0.976165,0.999596,0.999596,0.999596,0,0,0,0,0,0.997907,0.999596,0,0.996904,0.976165,0,0,0,0,142,0.997252,0.972829,0.999596,0,0,28,0,90.06,-8.61817,13.9619,134.11,192.12,121.48,0.478975,18.694,139.93,171.76,0,0,0,0,0
neuromorpho__20190617_sample_5.swc,7559,interneuron,0.993032,6188,1370,0,0,0,0,0,0,0,0,0,0,0,0.939217,0.196396,0.3,0.3,0.999596,0.999596,0.999596,0.0862548,0.0862548,0.0862548,0.0862548,0.0862548,0.925789,0.3,0.105365,0.999824,0.999824,0,0,0,0,348,0.972722,0.3,0.999596,0.0344828,0.0373563,49.6,0,184.01,-3.89602,32.3849,345.23,756.79,123.73,-7.5137,19.4942,166.82,287.9,0,0,0,0,0
neuromorpho__20190619_sample_5.swc,6806,interneuron,0.997419,6151,654,0,0,0,0,0,0,0,0,0,0,0,0.999284,0.00243307,0.972829,0.999596,0.999596,0.999596,0.999596,0,0,0,0,0,0.999227,0.999596,0,0.999824,0.999824,0,0,0,0,370,0.999126,0.972829,0.999596,0,0,37,0,117.9,-32.8375,18.1934,287.71,319.44,89.85,-10.8187,17.1224,192.26,137.47,0,0,0,0,0
neuromorpho__20190625_sample_10.swc,2859,pyramidal,0.928092,663,633,1562,0,0,0,0,0,0,0,0,0,0,0.949154,0.136591,0.3,0.85671,0.947713,0.947713,0.985786,0.0412732,0.0412732,0.0412732,0.0412732,0.0549143,0.947713,0.947713,0,0.988031,0.996653,0,0.933979,0.985786,0.0755442,74,0.953837,0.3,0.947713,0.027027,0.027027,102.4,0,92.32,-11.1553,24.1109,114.27,296.28,105.17,-29.6284,22.525,88.05,207.94,136.1,-46.563,33.2879,83.17,297.06
neuromorpho__20190625_sample_12.swc,1451,interneuron,0.693942,0,1450,0,0,0,0,0,0,0,0,0,0,0,0.99693,0.0449087,0.3,0.999824,0.999824,0.999824,0.999824,0.00413508,0.00413508,0.00413508,0.00413508,0.00413508,0,0,0,0.996928,0.999824,0.00413793,0,0,0,50,0.998924,0.3,0.999824,0,0,59,0,0,0,0,0,0,85.66,-16.1003,19.6014,188.01,321.38,0,0,0,0,0
neuromorpho__20190628_sample_1.swc,3877,interneuron,0.75856,2564,1312,0,0,0,0,0,0,0,0,0,0,0,0.934213,0.20323,0.3,0.3,0.986406,0.999596,0.999596,0.0931132,0.0931132,0.0931132,0.0931132,0.0931132,0.945923,0.986406,0.076053,0.911279,0.3,0.126524,0,0,0,179,0.969615,0.3,0.958901,0.027933,0.0446927,53.6,0,258.78,28.288,34.0751,334.72,573.37,149.43,18.0493,29.6808,364.27,682.57,0,0,0,0,0
neuromorpho__20190703_sample_12.swc,3204,interneuron,0.935922,2832,371,0,0,0,0,0,0,0,0,0,0,0,0.952827,0.174653,0.3,0.3,0.999596,0.999596,0.999596,0.0667915,0.0667915,0.0667915,0.0667915,0.0667915,0.946653,0.999596,0.075565,0.999824,0.999824,0,0,0,0,142,0.988556,0.3,0.999596,0,0.028169,50.6,0,179.65,-5.29796,30.0964,464.67,498.02,96.22,-12.5019,20.6029,144.4,282.69,0,0,0,0,0
neuromorpho__20190703_sample_13.swc,4097,interneuron,0.995437,3098,998,0,0,0,0,0,0,0,0,0,0,0,0.981665,0.110557,0.3,0.999596,0.999596,0.999596,0.999596,0.0256285,0.0256285,0.0256285,0.0256285,0.0256285,0.975809,0.999596,0.0338928,0.999824,0.999824,0,0,0,0,220,0.996542,0.3,0.999596,0,0.00909091,40.2,0,185.51,55.2605,34.6495,478.72,464.26,124.7,20.3988,23.5278,303.13,321.62,0,0,0,0,0
neuromorpho__20190708_sample_12.swc,3588,interneuron,0.962488,2313,1274,0,0,0,0,0,0,0,0,0,0,0,0.993827,0.0637103,0.3,0.999596,0.999596,0.999596,0.999596,0.0083612,0.0083612,0.0083612,0.0083612,0.0083612,0.990522,0.999596,0.0129702,0.999824,0.999824,0,0,0,0,122,0.998415,0.3,0.999596,0,0,61.7,0,145.02,47.0264,34.4587,288.41,341.8,94.84,25.4148,19.6003,208.58,293.27,0,0,0,0,0
neuromorpho__20190709_sample_1.swc,2124,interneuron,0.993849,1443,680,0,0,0,0,0,0,0,0,0,0,0,0.915225,0.227757,0.3,0.3,0.3,0.999596,0.999596,0.120527,0.120527,0.120527,0.120527,0.120527,0.928647,0.3,0.101178,0.886617,0.3,0.161765,0,0,0,130,0.919664,0.3,0.3,0.115385,0.115385,33.2,0,154.47,-18.927,27.3798,351.99,559.06,119.13,10.366,18.7698,335.01,396.89,0,0,0,0,0
neuromorpho__20190710_sample_6.swc,2762,interneuron,0.994548,2039,722,0,0,0,0,0,0,0,0,0,0,0,0.921625,0.220225,0.3,0.3,0.3,0.999596,0.999596,0.111513,0.111513,0.111513,0.111513,0.111513,0.960482,0.999596,0.0559098,0.811782,0.3,0.268698,0,0,0,268,0.951205,0.3,0.974539,0.0634328,0.0783582,21,0,335.7,19.9372,54.8515,455.36,970.36,152.16,9.75111,29.899,519.73,688.51,0,0,0,0,0
neuromorpho__20190712_sample_6.swc,3264,interneuron,0.984179,2070,1193,0,0,0,0,0,0,0,0,0,0,0,0.998373,0.0299747,0.3,0.999596,0.999596,0.999596,0.999596,0.00183824,0.00183824,0.00183824,0.00183824,0.00183824,0.997536,0.999596,0.00289855,0.999824,0.999824,0,0,0,0,234,0.999284,0.3,0.999596,0,0,29,0,181.44,-10.8232,27.1891,298.67,252,62.68,-0.641953,10.3729,166.26,231.08,0,0,0,0,0
neuromorpho__20190718_sample_5.swc,3856,interneuron,0.360251,3168,687,0,0,0,0,0,0,0,0,0,0,0,0.887367,0.176701,0.3,0.3,0.9402,0.9402,0.9402,0.0829876,0.0829876,0.0829876,0.0829876,0.0829876,0.891094,0.9402,0.0767045,0.870019,0.3,0.112082,0,0,0,69,0.925764,0.3,0.9402,0.0289855,0.057971,125,0,209.41,-31.5209,31.7463,315.7,360.49,85.7,0.766856,13.8152,52.41,352.62,0,0,0,0,0
neuromorpho__20190718_sample_8.swc,2796,interneuron,0.978037,1688,1107,0,0,0,0,0,0,0,0,0,0,0,0.9118,0.231438,0.3,0.3,0.3,0.999596,0.999596,0.125179,0.125179,0.125179,0.125179,0.125179,0.992079,0.999596,0.0100711,0.789308,0.3,0.300813,0,0,0,94,0.930122,0.3,0.75889,0.0957447,0.117021,56.8,0,78.91,-12.8716,14.0817,211.01,256.12,177.99,-48.1291,48.2329,162.49,514.26,0,0,0,0,0
neuromorpho__20190729_sample_2.swc,3448,interneuron,0.997639,2822,625,0,0,0,0,0,0,0,0,0,0,0,0.992533,0.0701305,0.3,0.999596,0.999596,0.999596,0.999596,0.0101508,0.0101508,0.0101508,0.0101508,0.0101508,0.999596,0.999596,0,0.960634,0.999824,0.056,0,0,0,305,0.994508,0.3,0.999596,0.00655738,0.00655738,24,0,172.35,-27.4415,33.2566,430.14,420.3,95.72,-9.50163,19.7404,365.19,209.49,0,0,0,0,0
neuromorpho__20190730_sample_2.swc,2402,interneuron,0.642009,0,2401,0,0,0,0,0,0,0,0,0,0,0,0.87866,0.156835,0.3,0.3,0.899311,0.899311,0.899311,0.0674438,0.0674438,0.0674438,0.0674438,0.509575,0,0,0,0.878609,0.899311,0.0674719,0,0,0,22,0.91274,0.3,0.899311,0,0.0909091,179.6,0,0,0,0,0,0,136.97,-37.355,27.4795,208.65,311.91,0,0,0,0,0
neuromorpho__20190730_sample_9.swc,3615,interneuron,0.984236,3464,150,0,0,0,0,0,0,0,0,0,0,0,0.993197,0.0665373,0.3,0.999596,0.999596,0.999596,0.999596,0.00912863,0.00912863,0.00912863,0.00912863,0.00912863,0.992908,0.999596,0.00952656,0.999824,0.999824,0,0,0,0,246,0.992871,0.3,0.999596,0.00813008,0.00813008,30.5,0,165.58,2.31059,22.8721,518.62,284.74,67.44,-3.28367,12.4711,104.19,132.08,0,0,0,0,0
neuromorpho__20190924_sample_7.swc,3323,interneuron,0.99452,2567,755,0,0,0,0,0,0,0,0,0,0,0,0.951644,0.176867,0.3,0.3,0.999596,0.999596,0.999596,0.0686127,0.0686127,0.0686127,0.0686127,0.0686127,0.946179,0.999596,0.0763537,0.970162,0.999824,0.0423841,0,0,0,185,0.970409,0.3,0.999596,0.0378378,0.0432432,40.6,0,197.04,-21.085,33.9962,583.87,775.16,121.38,-17.4954,22.7248,283.3,344.96,0,0,0,0,0
neuromorpho__20191001_sample_4.swc,6182,interneuron,0.997558,5150,1031,0,0,0,0,0,0,0,0,0,0,0,0.977432,0.122583,0.3,0.999596,0.999596,0.999596,0.999596,0.0317049,0.0317049,0.0317049,0.0317049,0.0317049,0.978109,0.999596,0.0306796,0.97403,0.999824,0.0368574,0,0,0,318,0.990598,0.3,0.999596,0.00628931,0.00628931,42,0,246.84,-11.3915,34.6087,359.57,792.89,139.24,6.15018,22.2421,223.57,327.98,0,0,0,0,0
neuromorpho__20191028_sample_2.swc,9971,interneuron,0.997072,9287,683,0,0,0,0,0,0,0,0,0,0,0,0.91739,0.225003,0.3,0.3,0.3,0.999596,0.999596,0.11724,0.11724,0.11724,0.11724,0.11724,0.911846,0.3,0.125121,0.992651,0.999824,0.0102489,0,0,0,367,0.945207,0.3,0.952082,0.0735695,0.0735695,55.8,0,192.61,0.252257,33.0687,477.1,826.19,114.66,1.40078,21.7637,281.19,351.79,0,0,0,0,0
neuromorpho__20191105_sample_4.swc,6049,interneuron,0.996175,4913,1135,0,0,0,0,0,0,0,0,0,0,0,0.901789,0.242663,0.3,0.3,0.3,0.999596,0.999596,0.139858,0.139858,0.139858,0.139858,0.139858,0.892083,0.3,0.153674,0.943715,0.999824,0.0801762,0,0,0,216,0.928876,0.3,0.727005,0.0972222,0.12037,58,0,169.66,-43.6755,30.8683,737.46,562.63,122.96,-18.9019,24.7028,279.5,510.06,0,0,0,0,0
neuromorpho__20191114_sample_1.swc,10095,interneuron,0.992745,8719,1375,0,0,0,0,0,0,0,0,0,0,0,0.947578,0.183589,0.3,0.3,0.999596,0.999596,0.999596,0.0743933,0.0743933,0.0743933,0.0743933,0.0743933,0.942383,0.999596,0.0817754,0.980483,0.999824,0.0276364,0,0,0,249,0.98047,0.3,0.999596,0.0240964,0.0361446,92.2,0,216.3,-39.4986,37.7292,370.74,737.28,135.58,-16.1574,23.3529,189.48,347.5,0,0,0,0,0
neuromorpho__20191114_sample_4.swc,582,pyramidal,0.679067,0,581,0,0,0,0,0,0,0,0,0,0,0,0.916135,0.136191,0.3,0.731243,0.731243,0.784554,0.990048,0.0189003,0.0189003,0.0189003,0.283505,0.283505,0,0,0,0.915991,0.731243,0.0189329,0,0,0,16,0.89813,0.3,0.74818,0,0.375,59,0,0,0,0,0,0,98.77,-32.7102,24.1241,138.85,270.35,0,0,0,0,0
neuromorpho__2020-03-11_13-01-38SST-MORF3Mb01-1V5-647SST488-30x02Str_b.swc,280,interneuron,0.644045,23,256,0,0,0,0,0,0,0,0,0,0,0,0.751894,0.222285,0.3,0.3,0.3,0.643978,0.826805,0.175,0.175,0.257143,0.257143,0.717857,0.643978,0.643978,1,0.760621,0.3,0.191406,0,0,0,7,0.830419,0.3,0.640054,0.285714,0.285714,78.8,0,36.9,26.5339,11.4072,37.9,71.87,80.29,15.6764,18.2879,146.11,361.24,0,0,0,0,0
neuromorpho__20200524_E_63X_zstack_tile_2_stitched.swc,6146,interneuron,0.947162,0,6145,0,0,0,0,0,0,0,0,0,0,0,0.948021,0.145592,0.3,0.766839,0.766839,0.976165,0.999824,0.0401887,0.0401887,0.0401887,0.114709,0.114709,0,0,0,0.948013,0.766839,0.0401953,0,0,0,69,0.970665,0.3,0.975711,0.0434783,0.0434783,205.4,0,0,0,0,0,0,45.99,7.89584,8.81314,360.36,518.61,0,0,0,0,0
neuromorpho__203B-4-L3.swc,1225,pyramidal,0.975305,0,855,369,0,0,0,0,0.0315955,0,0,0,0,0,0.979276,0.0420074,0.827277,0.858239,0.874005,0.985786,0.996653,0,0,0,0,0.10449,0,0,0,0.992983,0.991163,0,0.94746,0.858239,0,62,0.976839,0.827277,0.885183,0,0,53.6,0,0,0,0,0,0,80.07,6.73247,13.3524,178.88,219.69,72.53,9.55331,18.7369,160.22,125.56
neuromorpho__204B-3-L4.swc,1036,pyramidal,0.844546,0,621,414,0,0,0,0,0,0,0,0,0,0,0.992218,0.00528811,0.985786,0.985786,0.985786,0.985786,0.996653,0,0,0,0,0,0,0,0,0.996494,0.996653,0,0.985786,0.985786,0,42,0.991603,0.985786,0.985786,0,0,59,0,0,0,0,0,0,93.29,-21.5579,19.3413,174.97,197.75,93.56,-29.305,17.968,103.93,164.42
neuromorpho__207B-1-L3.swc,1389,pyramidal,0.9549,77,701,610,0,0,0,0,0,0,0,0,0,0,0.979226,0.0390956,0.856001,0.856001,0.985786,0.985786,0.985786,0,0,0,0,0.0899928,0.856001,0.856001,0,0.987022,0.996653,0,0.985786,0.985786,0,68,0.986972,0.856001,0.985786,0,0,48.6,0,36.1,7.61818,11.4053,87.5,67.89,85.68,2.43068,19.3225,126.47,163.34,83.71,1.37793,20.8002,146.82,147.94
neuromorpho__207B-2-L2.swc,1548,pyramidal,0.908142,0,1267,280,0,0,0,0,0.0279959,0,0,0,0,0,0.958824,0.0784365,0.745844,0.783679,0.8021,0.996653,0.996653,0,0,0,0.0807494,0.180879,0,0,0,0.995406,0.996653,0,0.793147,0.764329,0,70,0.951148,0.745844,0.8021,0,0.0714286,46.8,0,0,0,0,0,0,50.66,-6.48256,10.7192,182.61,244.32,47.5,-6.02929,12.5512,103.24,120.44
neuromorpho__20_den_ax.swc,110088,pyramidal,0.996506,105445,4642,0,0,0,0,0,0,0,0,0,0,0,0.481054,0.303827,0.3,0.3,0.3,0.3,0.3,0.737637,0.737637,0.737637,0.739863,0.741652,0.45898,0.3,0.76952,0.982371,0.990146,0.0135717,0,0,0,902,0.631367,0.3,0.3,0.51663,0.529933,311.9,0,4655.25,-2017.97,1552.83,1713.8,2805.03,162.2,22.5945,25.239,282.01,447.4,0,0,0,0,0
neuromorpho__21_22.swc,1668,pyramidal,0.982802,0,1667,0,0,0,0,0,0,0,0,0,0,0,0.994096,0.0268708,0.712017,0.996653,0.996653,0.996653,0.996653,0,0,0,0.00899281,0.00899281,0,0,0,0.994092,0.996653,0,0,0,0,87,0.99342,0.712017,0.996653,0,0.0114943,34.6,0,0,0,0,0,0,0,0,0,123.59,82.38,0,0,0,0,0
neuromorpho__22--OTC-300-pM-CRF-9-weeks-20x.swc,4728,interneuron,0.740898,0,4727,0,0,0,0,0,0,0,0,0,0,0,0.944332,0.171006,0.3,0.3,0.975174,0.976165,0.993726,0.0655668,0.0655668,0.0655668,0.0655668,0.0655668,0,0,0,0.944321,0.975174,0.0655807,0,0,0,115,0.987185,0.3,0.976165,0.00869565,0.00869565,97,0,0,0,0,0,0,7.01,0.875997,1.22916,360.56,450.11,0,0,0,0,0
neuromorpho__22315_cell1.swc,900,pyramidal,0.986238,0,572,327,0,0,0,0,0,0,0,0,0,0,0.992709,0.00523065,0.985786,0.985786,0.985786,0.985786,0.996653,0,0,0,0,0,0,0,0,0.996653,0.996653,0,0.985786,0.985786,0,77,0.992039,0.985786,0.985786,0,0,25.8,0,0,0,0,0,0,141.79,-1.86203,35.0542,296.33,146.45,85.02,22.9955,18.9737,219.71,358.54
neuromorpho__22315_cell3.swc,1549,pyramidal,0.987562,0,920,628,0,0,0,0,0,0,0,0,0,0,0.992249,0.00533831,0.985692,0.985786,0.985786,0.985786,0.996653,0,0,0,0,0,0,0,0,0.996653,0.996653,0,0.985785,0.985786,0,112,0.991925,0.985692,0.985786,0,0,31.9,0,0,0,0,0,0,135.38,-12.0825,26.3935,270.21,210.63,124.65,-14.7717,26.8659,198.44,383.55
neuromorpho__22315_cell4.swc,1024,pyramidal,0.992846,31,535,457,0,0,0,0,0,0,0,0,0,0,0.991697,0.00534294,0.985786,0.985786,0.985786,0.985786,0.996653,0,0,0,0,0,0.993021,0.993021,0,0.996653,0.996653,0,0.985786,0.985786,0,74,0.991216,0.985786,0.985786,0,0,31,0,13.05,-6.77129,5.22422,6.17,101.31,132.48,-17.066,27.8276,240.97,177.06,149.44,-14.7975,28.4996,168.65,392.91
neuromorpho__22315_cell5.swc,1143,pyramidal,0.995224,15,589,538,0,0,0,0,0.00673643,0,0,0,0,0,0.991178,0.00563764,0.976711,0.985786,0.985786,0.985786,0.993021,0,0,0,0,0,0.993021,0.993021,0,0.996041,0.996653,0,0.985786,0.985786,0,118,0.991467,0.976711,0.985786,0,0,24.3,0,1.81,0.312667,0.747444,6.93,80.42,103.73,-15.103,26.9925,293.78,182.76,120.28,-16.1236,27.0711,280.92,337.51
neuromorpho__22411_cell12.swc,979,pyramidal,0.994668,11,647,320,0,0,0,0,0,0,0,0,0,0,0.993063,0.0050869,0.985786,0.985786,0.985786,0.985786,0.996653,0,0,0,0,0,0.99291,0.99291,0,0.996653,0.996653,0,0.985786,0.985786,0,114,0.992741,0.985786,0.985786,0,0,20.7,0,13.19,-28.0182,5.24273,14.65,100.08,143.29,-22.7607,32.071,299.3,290.29,106.04,-0.446063,25.4077,200.71,283.73
neuromorpho__22411_cell5.swc,2270,pyramidal,0.991574,49,1271,949,0,0,0,0,0.0365501,0,0,0,0,0,0.983216,0.0617957,0.3,0.964747,0.971212,0.985786,0.985786,0.00792952,0.00792952,0.00792952,0.00792952,0.00792952,0.937614,0.964747,0.0408163,0.985201,0.969378,0.00944138,0.982896,0.985786,0.00421496,120,0.986719,0.3,0.970533,0,0,52.1,0,15.74,-20.3369,5.60634,118.02,142.54,152.04,-6.86124,34.1313,417.23,275.69,142.73,-3.74305,33.1954,314.66,473.7
neuromorpho__22_19.swc,1513,pyramidal,0.986997,0,1512,0,0,0,0,0,0,0,0,0,0,0,0.996143,0.00141947,0.992226,0.992226,0.992226,0.996653,0.996653,0,0,0,0,0,0,0,0,0.996141,0.992226,0,0,0,0,91,0.996593,0.992226,0.996653,0,0,31,0,0,0,0,0,0,0.58,-0.0749339,0.12169,111.53,114.28,0,0,0,0,0
neuromorpho__22_21.swc,2421,pyramidal,0.993452,0,2420,0,0,0,0,0,0,0,0,0,0,0,0.996655,6.80038e-05,0.996653,0.996653,0.996653,0.996653,0.996653,0,0,0,0,0,0,0,0,0.996653,0.996653,0,0,0,0,107,0.996685,0.996653,0.996653,0,0,43,0,0,0,0,0,0,0,0,0,55.34,107.72,0,0,0,0,0
neuromorpho__23-04-18B-08-cell-1.swc,1118,interneuron,0.920867,0,1117,0,0,0,0,0,0,0,0,0,0,0,0.999824,5.26885e-06,0.999824,0.999824,0.999824,0.999824,0.999824,0,0,0,0,0,0,0,0,0.999824,0.999824,0,0,0,0,29,0.99983,0.999824,0.999824,0,0,80.8,-2.9375,0,0,0,0,0,39,-3.02893,8.84093,25.33,268.37,0,0,0,0,0
neuromorpho__23-04-18B-09-cell-2.swc,2387,interneuron,0.986982,0,2386,0,0,0,0,0,0,0,0,0,0,0,0.999824,3.60673e-06,0.999824,0.999824,0.999824,0.999824,0.999824,0,0,0,0,0,0,0,0,0.999824,0.999824,0,0,0,0,41,0.999828,0.999824,0.999824,0,0,120,2.75,0,0,0,0,0,33.5,3.30029,5.16975,54.68,358.32,0,0,0,0,0
neuromorpho__23-04-18C-01-cell-1.swc,5795,interneuron,0.953099,0,5794,0,0,0,0,0,0,0,0,0,0,0,0.984829,0.0217216,0.890625,0.975174,0.975174,0.976165,0.999824,0,0,0,0,0.0364107,0,0,0,0.984826,0.975174,0,0,0,0,184,0.986864,0.890625,0.976165,0,0,73.7,-3.07143,0,0,0,0,0,49,-3.69265,13.522,57.03,388.33,0,0,0,0,0
neuromorpho__236-1-10LS.swc,767,pyramidal,0.975761,344,422,0,0,0,0,0,0.0148038,0,0,0,0,0,0.776934,0.242341,0.3,0.423604,0.424115,0.49362,0.936386,0.265971,0.284224,0.359844,0.473272,0.473272,0.550836,0.423604,0.747093,0.960713,0.936386,0.0450237,0,0,0,50,0.791696,0.3,0.458197,0.38,0.42,37.6,0,136.9,14.186,29.2658,294.33,194.48,93.66,9.57408,21.4671,258.32,230.86,0,0,0,0,0
neuromorpho__236-1-24LS.swc,505,pyramidal,0.996449,293,131,80,0,0,0,0,0.00907889,0,0,0,0,0,0.822891,0.212597,0.3,0.3,0.504995,0.850675,0.938416,0.0772277,0.227723,0.227723,0.233663,0.435644,0.872451,0.856001,0.0716724,0.865989,0.503811,0.21374,0.568595,0.504995,0.825,44,0.852088,0.3,0.50768,0.181818,0.25,33.1,0,128.8,-26.4242,29.6784,205.88,382.31,109.08,-27.4921,29.4761,273.26,400.33,98.87,-26.4756,22.2624,206.25,303.21
neuromorpho__236-1-9LS.swc,835,pyramidal,0.990492,0,591,243,0,0,0,0,0,0,0,0,0,0,0.973215,0.110865,0.3,0.983548,0.985786,0.985786,0.990146,0.0263473,0.0263473,0.0263473,0.0263473,0.0263473,0,0,0,0.99353,0.985968,0,0.923699,0.985786,0.090535,76,0.972606,0.3,0.985786,0.0263158,0.0263158,24,0,0,0,0,0,0,114.48,-2.68628,25.8085,363.45,328.61,95.58,5.03012,20.2215,187.09,394.49
neuromorpho__236-1a-10-AW.swc,374,pyramidal,0.935609,0,252,121,0,0,0,0,0,0,0,0,0,0,0.9912,0.0361665,0.3,0.985291,0.985291,0.985679,0.996653,0.0026738,0.0026738,0.0026738,0.0026738,0.0026738,0,0,0,0.993889,0.996653,0.00396825,0.985528,0.985291,0,54,0.992309,0.3,0.985291,0,0,15.4,0,0,0,0,0,0,101.18,31.2623,25.9046,296.38,211.47,113.87,34.3241,28.3715,184.96,314.61
neuromorpho__236-1a-12-AW.swc,289,pyramidal,0.992437,6,173,109,0,0,0,0,0.0146367,0,0,0,0,0,0.986407,0.0579229,0.3,0.985692,0.985786,0.985786,0.996653,0.00692042,0.00692042,0.00692042,0.00692042,0.00692042,0.99291,0.99291,0,0.987781,0.996653,0.0115607,0.983743,0.985692,0,40,0.987905,0.3,0.984108,0,0,12.3,0,10.42,-6.58,4.71733,3.96,33.79,94.36,-8.05509,21.5161,426.98,210.45,84.97,1.17275,22.079,248.45,223.73
neuromorpho__236-2-100LS.swc,407,pyramidal,0.989135,7,290,109,0,0,0,0,0,0,0,0,0,0,0.985803,0.0643599,0.3,0.985786,0.985786,0.985786,0.996653,0.00737101,0.00737101,0.00737101,0.019656,0.019656,0.99291,0.99291,0,0.992683,0.996653,0,0.966911,0.985786,0.0275229,42,0.986312,0.3,0.985786,0,0.0238095,19.8,0,2.25,0.854286,0.824255,4.39,26.69,203.99,21.8823,31.0414,261.65,239.72,150.38,15.9359,25.481,169.71,255.55
neuromorpho__236-2-13LS.swc,931,pyramidal,0.990962,0,532,398,0,0,0,0,0,0,0,0,0,0,0.89728,0.237438,0.3,0.3,0.3,0.985786,0.985786,0.136412,0.136412,0.136412,0.136412,0.136412,0,0,0,0.91853,0.3,0.110902,0.868617,0.3,0.170854,61,0.942713,0.3,0.761856,0.0491803,0.114754,44,0,0,0,0,0,0,132.29,-12.2367,26.8301,349.24,403.91,101.33,-5.19085,24.8597,378.28,684.4
neuromorpho__236-2-16LS.swc,645,pyramidal,0.979523,14,449,181,0,0,0,0,0,0,0,0,0,0,0.983895,0.0720727,0.3,0.985786,0.985786,0.985786,0.992226,0.0108527,0.0108527,0.0108527,0.0108527,0.0108527,0.947713,0.947713,0,0.984225,0.992091,0.0155902,0.985786,0.985786,0,45,0.988202,0.3,0.985786,0,0,32,0,9.3,0.402143,3.0619,5.55,50.91,126.38,21.8473,23.724,246,202.63,98.16,30.3771,22.0317,204.43,354.89
neuromorpho__236-2-21LS.swc,581,pyramidal,0.941441,9,379,192,0,0,0,0,0,0,0,0,0,0,0.930859,0.19785,0.3,0.3,0.985786,0.985786,0.996653,0.0895009,0.0895009,0.0895009,0.0895009,0.0895009,0.99291,0.99291,0,0.930329,0.992226,0.0949868,0.928637,0.985786,0.0833333,35,0.971003,0.3,0.91595,0,0.0571429,37.6,0,12.09,6.73778,5.1448,18.18,29.15,218.53,19.3436,34.0018,445.5,336.66,188.34,23.6154,30.9634,187.14,499.51
neuromorpho__236-2-23LS.swc,537,pyramidal,0.983484,0,383,153,0,0,0,0,0,0,0,0,0,0,0.723873,0.289232,0.3,0.3,0.3,0.3,0.765117,0.281192,0.286778,0.458101,0.515829,0.515829,0,0,0,0.793998,0.3,0.386423,0.546524,0.3,0.640523,35,0.830738,0.3,0.599552,0.257143,0.4,37.2,0,0,0,0,0,0,254.43,18.7279,55.2228,342.02,735.55,321.7,11.9024,62.5986,221.09,988.23
neuromorpho__236-2-42LS.swc,430,pyramidal,0.993643,0,357,72,0,0,0,0,0,0,0,0,0,0,0.919502,0.161435,0.513899,0.525269,0.566323,0.985968,0.987549,0,0.167442,0.167442,0.167442,0.167442,0,0,0,0.991611,0.985968,0,0.560844,0.513899,1,45,0.923856,0.513899,0.566323,0.155556,0.155556,20.2,0,0,0,0,0,0,116.8,7.86188,27.1894,286.04,237.66,103.16,6.36042,27.078,89.81,291.27
neuromorpho__236-2-45LS.swc,544,pyramidal,0.972699,10,309,224,0,0,0,0,0,0,0,0,0,0,0.957899,0.150436,0.3,0.985786,0.985786,0.985786,0.996653,0.0496324,0.0496324,0.0496324,0.0496324,0.0496324,0.99291,0.99291,0,0.976362,0.996653,0.0291262,0.930678,0.985786,0.0803571,43,0.984252,0.3,0.985786,0,0.0232558,29.4,0,13.3,7.355,4.53692,25.92,7.65,143.6,-1.28233,23.1388,252.4,368.55,161.75,-8.96446,40.2073,253.73,221.9
neuromorpho__236-2-47LS.swc,755,pyramidal,0.994883,11,540,203,0,0,0,0,0,0,0,0,0,0,0.960001,0.149893,0.3,0.985786,0.985786,0.985786,0.996653,0.0490066,0.0490066,0.0490066,0.0490066,0.0490066,0.99291,0.99291,0,0.990203,0.996653,0.00925926,0.877682,0.3,0.157635,83,0.955185,0.3,0.985786,0.0481928,0.0481928,19.8,0,3.84,-1.97,1.31142,8.9,45.05,148.5,16.1286,31.1162,345.15,409.65,96.12,10.2688,18.1772,237.1,495.11
neuromorpho__236-2-4LS.swc,357,pyramidal,0.989731,8,188,160,0,0,0.448179,0.448179,0.0729214,0,-0.448179,0.448179,0.448179,0,0.828302,0.155468,0.3,0.678549,0.68524,0.800726,0.810284,0.047619,0.047619,0.114846,0.232493,0.691877,0.99291,0.99291,0,0.835974,0.68524,0.12766,0.809984,0.3,0.10625,32,0.877475,0.3,0.688415,0.125,0.1875,23.7,0,7.7,-13.225,2.95608,2.88,39.83,73.61,-14.1048,12.8772,134.91,527,214.05,-18.3496,35.7004,170.07,266.87
neuromorpho__236-2-51LS.swc,506,pyramidal,0.988515,11,241,253,0,0,0,0,0,0,0,0,0,0,0.989027,0.0077797,0.947713,0.985786,0.985786,0.985786,0.985786,0,0,0,0,0,0.947713,0.947713,0,0.99427,0.989259,0,0.985786,0.985786,0,48,0.989588,0.947713,0.985786,0,0,22.6,0,1.85,-0.109091,0.478225,3.27,30.49,139.48,-18.9741,31.0356,167.77,133.98,85.37,-12.6534,16.7454,238.51,245.33
neuromorpho__236-2-5LS.swc,354,pyramidal,0.98989,72,181,100,0,0,0.282486,0.282486,0.082466,0,-0.282486,0.282486,0.282486,0,0.749224,0.286734,0.3,0.3,0.3,0.45554,0.952429,0.282486,0.387006,0.387006,0.387006,0.387006,0.714401,0.3,0.375,0.937183,0.946526,0.0552486,0.431581,0.3,1,24,0.89733,0.3,0.591577,0.125,0.166667,46.5,0,67.53,25.4975,15.0462,184.81,226.01,126.9,27.0057,29.6461,79.18,513.71,60.73,2.7369,12.1608,87.37,293.88
neuromorpho__236-2-61LS.swc,602,pyramidal,0.995396,9,440,152,0,0,0,0,0,0,0,0,0,0,0.968552,0.130283,0.3,0.985786,0.985786,0.985786,0.996653,0.0365449,0.0365449,0.0365449,0.0365449,0.0365449,0.99291,0.99291,0,0.991642,0.996653,0.00681818,0.900063,0.3,0.125,58,0.981481,0.3,0.985786,0.0344828,0.0344828,23.3,0,5.84,-3.17444,2.16431,6.1,47.99,146.64,6.90291,29.8317,288.75,382.41,90.16,7.86539,21.0623,270.55,564.03
neuromorpho__236-2-62LS.swc,378,pyramidal,0.994744,0,257,120,0,0,0,0,0,0,0,0,0,0,0.97665,0.105787,0.3,0.985786,0.985786,0.985786,0.996653,0.0238095,0.0238095,0.0238095,0.0238095,0.0238095,0,0,0,0.996309,0.996653,0,0.934352,0.985786,0.075,35,0.986297,0.3,0.985786,0,0.0285714,22,0,0,0,0,0,0,102.49,-7.56856,17.808,228.45,344.25,82.61,-0.265,17.2188,91.13,283.88
neuromorpho__236-2-63LS.swc,506,pyramidal,0.989651,8,294,203,0,0,0,0,0,0,0,0,0,0,0.965135,0.135027,0.3,0.985786,0.985786,0.985786,0.996653,0.0395257,0.0395257,0.0395257,0.0395257,0.0395257,0.99291,0.99291,0,0.996653,0.996653,0,0.918221,0.985786,0.0985222,46,0.984585,0.3,0.985786,0,0,29,0,7.63,1.6475,3.15884,13.59,30.46,130.84,-1.3416,25.449,282.44,343.38,145.78,16.3071,26.4673,266.33,294.98
neuromorpho__236-2-66LS.swc,461,pyramidal,0.9912,6,454,0,0,0,0,0,0,0,0,0,0,0,0.778401,0.316219,0.3,0.3,0.3,0.3,0.991998,0.301518,0.301518,0.301518,0.329718,0.329718,0.964747,0.964747,0,0.77545,0.3,0.306167,0,0,0,30,0.854246,0.3,0.3,0.2,0.266667,37.2,0,5.16,-3.29,2.24276,1.09,17.43,128.55,-11.079,25.7598,246.46,696.52,0,0,0,0,0
neuromorpho__236-2-68LS.swc,573,pyramidal,0.991977,6,250,316,0,0,0,0,0,0,0,0,0,0,0.978247,0.0905922,0.3,0.985786,0.985786,0.985786,0.985786,0.017452,0.017452,0.017452,0.017452,0.017452,0.963042,0.963042,0,0.985454,0.996653,0.016,0.972765,0.985786,0.0189873,62,0.986693,0.3,0.985786,0,0,22.8,0,3.65,-2.51,1.50116,7.28,20.54,116.54,-23.4264,27.2364,246.42,298.25,115.61,-24.5109,24.8982,251.43,557.98
neuromorpho__236-2-69LS.swc,570,pyramidal,0.989392,0,363,206,0,0,0,0,0.0502561,0,0,0,0,0,0.9743,0.083409,0.3,0.918997,0.941246,0.985786,0.992226,0.0140351,0.0140351,0.0140351,0.0140351,0.0140351,0,0,0,0.982824,0.921263,0,0.959154,0.985786,0.038835,70,0.981411,0.3,0.936947,0,0,16.2,0,0,0,0,0,0,133.42,-22.1397,33.1584,312.09,207.44,131.35,-10.6078,29.536,327.13,230.72
neuromorpho__236-2-71LS.swc,200,pyramidal,0.973851,40,78,81,0,0,0,0,0,0,0,0,0,0,0.60505,0.234751,0.3,0.3,0.3,0.503329,0.524358,0.23,0.62,0.62,0.62,0.92,0.856001,0.856001,0,0.514134,0.503329,1,0.563797,0.3,0.567901,32,0.654938,0.3,0.320333,0.5625,0.5625,10.9,0,104.41,-46.5405,28.7016,111.87,195.71,116.91,-21.3237,28.7061,144.95,202.04,97.4,-30.6737,22.1702,151.22,1067.98
neuromorpho__236-2-78LS.swc,371,pyramidal,0.976546,0,242,128,0,0,0,0,0,0,0,0,0,0,0.95953,0.149014,0.3,0.985679,0.985692,0.985692,0.996653,0.0485175,0.0485175,0.0485175,0.0485175,0.0485175,0,0,0,0.988017,0.996653,0.0123967,0.905354,0.3,0.117188,40,0.981271,0.3,0.98569,0,0.025,19.2,0.00333333,0,0,0,0,0,138.63,18.3896,23.2196,351.12,370.25,186.88,9.45745,43.772,199.88,275.22
neuromorpho__236-2-82LS.swc,555,pyramidal,0.992715,123,431,0,0,0,0,0,0,0,0,0,0,0,0.769373,0.25924,0.3,0.3,0.3,0.525345,0.989259,0.162162,0.288288,0.464865,0.464865,0.464865,0.494981,0.3,1,0.847145,0.3,0.313225,0,0,0,40,0.75139,0.3,0.505082,0.55,0.6,34.1,0.00333333,68.54,-5.98049,21.5411,228.82,224.35,131.2,-24.6242,23.4724,306.2,486.15,0,0,0,0,0
neuromorpho__236-2-87LS.swc,414,pyramidal,0.991641,6,233,174,0,0,0,0,0,0,0,0,0,0,0.941908,0.176263,0.3,0.3,0.984219,0.985786,0.990146,0.0700483,0.0700483,0.0700483,0.0700483,0.0700483,0.964076,0.964076,0,0.993676,0.990146,0,0.871488,0.3,0.166667,58,0.93714,0.3,0.881427,0.0689655,0.0689655,17.6,-0.00333333,4.99,2.46333,1.78491,3.96,41.8,195.05,-2.01611,30.0156,306.85,119.3,107.56,6.14839,19.1078,272.43,423.75
neuromorpho__236-2-92LS.swc,54,pyramidal,0.935494,7,7,39,0,0,0,0,0,0,0,0,0,0,0.824353,0.220631,0.3,0.3,0.3,0.899571,0.899571,0.148148,0.148148,0.148148,0.148148,0.62963,0.95426,0.95426,0,0.938416,0.938416,0,0.77606,0.3,0.205128,10,0.866501,0.3,0.751984,0.1,0.2,9.4,0,11.65,-7.13571,4.74632,23.11,65.42,28.72,7.63429,11.6729,30.83,24.19,94.22,10.0638,25.9862,128.08,649.26
neuromorpho__236-2-94LS.swc,108,pyramidal,0.857641,0,0,107,0,0,0,0,0,0,0,0,0,0,0.677082,0.338001,0.3,0.3,0.3,0.3,0.985157,0.444444,0.444444,0.444444,0.444444,0.472222,0,0,0,0,0,0,0.674064,0.3,0.448598,14,0.824997,0.3,0.375382,0.214286,0.285714,15.2,0,0,0,0,0,0,0,0,0,0,0,117.69,-0.766636,30.4793,209.85,1037.29
neuromorpho__236-2-96LS.swc,456,pyramidal,0.995899,7,258,190,0,0,0,0,0,0,0,0,0,0,0.991391,0.0062765,0.963554,0.985786,0.985786,0.985786,0.996653,0,0,0,0,0,0.963554,0.963554,0,0.996241,0.996653,0,0.985786,0.985786,0,63,0.992833,0.963554,0.985786,0,0,15,0,1.41,-1.13286,0.481774,3.44,27.19,151.62,-6.43357,25.3175,263.11,190.44,162.62,9.20905,32.6891,209.36,540.47
neuromorpho__236-2-99LS.swc,241,pyramidal,0.996508,10,128,102,0,0,0,0,0,0,0,0,0,0,0.982415,0.0382041,0.807749,0.985786,0.985786,0.985786,0.985968,0,0,0,0,0.0456432,0.99291,0.99291,0,0.978772,0.985968,0,0.985786,0.985786,0,40,0.981909,0.807749,0.985786,0,0,13.1,0,6.92,-0.432,2.3626,9.24,42.43,56.56,-5.86609,13.8746,178.82,80.72,58.87,-4.17922,12.4292,137.69,205.15
neuromorpho__236-2a-13-AW.swc,577,pyramidal,0.997174,162,414,0,0,0,0,0,0,0,0,0,0,0,0.837603,0.241548,0.3,0.3,0.3,0.692819,0.996653,0.12305,0.155979,0.259965,0.334489,0.363951,0.60543,0.3,0.62963,0.928061,0.560534,0.115942,0,0,0,75,0.875155,0.3,0.558386,0.16,0.253333,17,0,84.82,10.4537,18.1364,184.2,354.17,135.35,17.5617,26.345,426.46,414.07,0,0,0,0,0
neuromorpho__236-2a-25-AW.swc,452,pyramidal,0.994575,7,288,156,0,0,0.345133,0.345133,0.158246,0,-0.345133,0.345133,0.345133,0,0.902054,0.164316,0.3,0.3,0.811213,0.830851,0.959989,0.0575221,0.0575221,0.0575221,0.0575221,0.30531,0.99291,0.99291,0,0.934587,0.942467,0.0659722,0.837287,0.810852,0.0448718,54,0.926602,0.3,0.818991,0,0.0185185,20.7,0,16.34,-9.77714,6.80507,6.87,28.23,114.3,-17.7588,25.6418,300.93,545.61,87.15,-26.8847,25.1276,226.16,301.25
neuromorpho__236-2a-26-AW.swc,349,pyramidal,0.993355,0,194,154,0,0,0,0,0,0,0,0,0,0,0.940072,0.179073,0.3,0.3,0.985786,0.985786,0.985786,0.0716332,0.0716332,0.0716332,0.0802292,0.0802292,0,0,0,0.928219,0.767156,0.0927835,0.954614,0.985786,0.0454545,53,0.973079,0.3,0.959661,0,0.0377358,18,0,0,0,0,0,0,133.45,-25.172,32.1458,520.08,314.75,106.18,-9.94052,28.2668,376.2,361.44
neuromorpho__236-2a-3-AW.swc,337,pyramidal,0.987378,25,147,164,0,0,0,0,0,0,0,0,0,0,0.975688,0.0919239,0.3,0.938416,0.985786,0.985786,0.985786,0.0178042,0.0178042,0.0178042,0.0178042,0.0178042,0.785196,0.3,0.24,0.996653,0.996653,0,0.985786,0.985786,0,47,0.986445,0.3,0.985786,0,0.0212766,16.8,0,23.16,17.014,4.967,18.4,205.05,128.72,5.90939,29.0585,387.38,341.57,118.15,9.25866,29.4969,192.4,370.74
neuromorpho__236-2a-40-AW.swc,248,pyramidal,0.986661,6,171,70,0,0,0,0,0,0,0,0,0,0,0.987925,0.0302293,0.80289,0.985786,0.985786,0.985786,0.996653,0,0,0,0,0.0241935,0.80289,0.80289,0,0.995222,0.996653,0,0.985786,0.985786,0,38,0.987209,0.80289,0.985786,0,0,11.2,0,32.84,22.5833,11.1496,11.5,3.49,97.29,12.6523,23.8457,254.36,131.38,54.41,-1.37829,14.2806,109.16,285.9
neuromorpho__236-2a-41-AW.swc,428,pyramidal,0.995539,7,229,191,0,0,0,0,0,0,0,0,0,0,0.943607,0.176776,0.3,0.3,0.985786,0.985786,0.996653,0.0700935,0.0700935,0.0700935,0.0700935,0.0700935,0.993021,0.993021,0,0.987527,0.996653,0.0131004,0.888843,0.3,0.141361,66,0.964972,0.3,0.985786,0.030303,0.0454545,15.5,0,15.96,9.92143,5.39499,6.06,33.99,118.73,11.0485,31.1485,348.2,218.01,101.4,-4.44874,20.878,239.82,497.42
neuromorpho__236-2a-5-AW.swc,592,pyramidal,0.994738,9,359,223,0,0,0,0,0,0,0,0,0,0,0.963218,0.139356,0.3,0.985786,0.985786,0.985786,0.996653,0.0422297,0.0422297,0.0422297,0.0422297,0.0422297,0.993021,0.993021,0,0.969362,0.996653,0.0389972,0.951958,0.985786,0.0493274,70,0.983594,0.3,0.985786,0,0.0142857,21.1,0,11.29,3.44,4.38784,14.55,37.37,140.15,-9.99613,31.8256,384.31,299.1,110.02,-19.4902,23.4368,239.18,449.52
neuromorpho__236-2a-52-AW.swc,402,pyramidal,0.996092,6,194,201,0,0,0,0,0,0,0,0,0,0,0.894568,0.239243,0.3,0.3,0.3,0.985679,0.985786,0.139303,0.139303,0.139303,0.139303,0.139303,0.99291,0.99291,0,0.959126,0.990146,0.0515464,0.828797,0.3,0.228856,61,0.95346,0.3,0.926055,0.0491803,0.0655738,13,0,6.2,-4.055,2.90628,6.74,43.66,125.17,17.1932,34.5003,452.79,228.58,93.44,13.6916,20.0926,406.45,578.35
neuromorpho__236-2a-53-AW.swc,292,pyramidal,0.993858,6,179,106,0,0,0,0,0,0,0,0,0,0,0.973857,0.113212,0.3,0.985786,0.985786,0.985786,0.996653,0.0273973,0.0273973,0.0273973,0.0273973,0.0273973,0.993021,0.993021,0,0.996653,0.996653,0,0.934029,0.985786,0.0754717,37,0.98851,0.3,0.985786,0,0.027027,18.8,0,17.38,-8.325,6.73615,11.81,26.66,103.89,8.58693,22.8259,312.38,173.02,135.02,0.548396,31.2202,160.27,397.09
neuromorpho__236-2a-57-AW.swc,497,pyramidal,0.991534,9,319,168,0,0,0,0,0,0,0,0,0,0,0.973404,0.114759,0.3,0.985786,0.985786,0.985786,0.996653,0.028169,0.028169,0.028169,0.028169,0.028169,0.99291,0.99291,0,0.976998,0.996653,0.0282132,0.965376,0.985786,0.0297619,67,0.98763,0.3,0.985786,0,0,17.4,0,24.28,-10.5267,9.49336,13.15,40.19,147.95,12.9875,31.7537,394.39,347.79,141.4,12.4698,31.5341,303.81,416.57
neuromorpho__236-2a-59-AW.swc,565,pyramidal,0.996287,3,318,243,0,0,0,0,0,0,0,0,0,0,0.962545,0.1397,0.3,0.985786,0.985786,0.985786,0.996653,0.0424779,0.0424779,0.0424779,0.0424779,0.0424779,0.938416,0.938416,0,0.996653,0.996653,0,0.918054,0.985786,0.0987654,58,0.984637,0.3,0.985786,0,0.0172414,19.3,0,22.6,-15.0667,10.6537,5.57,7.49,116.8,32.4729,28.1612,308.75,345.55,107.54,27.9811,25.6463,218.32,462.43
neuromorpho__236-2a-6-AW.swc,532,pyramidal,0.989101,8,341,182,0,0,0,0,0,0,0,0,0,0,0.991578,0.0304487,0.3,0.985786,0.985786,0.985786,0.996653,0.0018797,0.0018797,0.0018797,0.0018797,0.0018797,0.993021,0.993021,0,0.99461,0.996653,0.00293255,0.985786,0.985786,0,68,0.992547,0.3,0.985786,0,0,19.3,0,3.94,-0.47125,1.32067,8.02,42.89,142.09,-12.5994,28.9093,362.62,284.43,93.92,-11.5247,17.5006,271.83,377.08
neuromorpho__236-2a-7-AW.swc,381,pyramidal,0.989357,9,181,190,0,0,0,0,0,0,0,0,0,0,0.983269,0.0707705,0.3,0.985786,0.985786,0.985786,0.985786,0.0104987,0.0104987,0.0104987,0.0104987,0.0104987,0.96388,0.947713,0,0.996653,0.996653,0,0.971349,0.985786,0.0210526,53,0.988678,0.3,0.985786,0,0,17.8,0,5.73,4.26333,2.04611,4.24,36.16,112.53,30.7035,28.6278,379.12,288.58,106.95,22.7535,28.561,298.57,416.61
neuromorpho__236-3-10LS.swc,495,pyramidal,0.976757,0,320,174,0,0,0,0,0,0,0,0,0,0,0.99284,0.00519559,0.985786,0.985786,0.985786,0.985786,0.996653,0,0,0,0,0,0,0,0,0.996653,0.996653,0,0.985786,0.985786,0,63,0.993084,0.985786,0.985786,0,0,16.8,0,0,0,0,0,0,136.91,-18.7513,31.9835,374.94,166.07,69.48,-10.0483,16.1551,172.26,384.65
neuromorpho__236-3-31LS.swc,900,pyramidal,0.994788,0,590,309,0,0,0,0,0,0,0,0,0,0,0.977295,0.102234,0.3,0.985786,0.985786,0.985786,0.996653,0.0222222,0.0222222,0.0222222,0.0222222,0.0222222,0,0,0,0.972809,0.996653,0.0338983,0.985786,0.985786,0,56,0.988871,0.3,0.985786,0,0,34.5,0,0,0,0,0,0,155.64,30.5829,33.9036,263.17,276.82,150.36,43.579,32.3724,276.45,474.23
neuromorpho__236-3-40LS.swc,544,pyramidal,0.994515,35,508,0,0,0,0.0845588,0.0845588,0.109538,0,0.0845588,-0.0845588,0,0.0845588,0.881173,0.159571,0.3,0.590757,0.617797,0.836385,0.935572,0.0330882,0.0661765,0.139706,0.227941,0.277574,0.552169,0.3,1,0.903606,0.714394,0.0807087,0,0,0,82,0.901191,0.3,0.631033,0.134146,0.195122,16.6,0.00333333,97.18,14.903,24.7412,211.17,205.35,171.6,19.6519,28.4846,459.19,430.27,0,0,0,0,0
neuromorpho__236-3-41LS.swc,568,pyramidal,0.994668,0,320,247,0,0,0,0,0.0114587,0,0,0,0,0,0.905709,0.116682,0.3,0.752999,0.814166,0.819338,0.996653,0.0123239,0.0123239,0.0123239,0.084507,0.447183,0,0,0,0.981414,0.996653,0.021875,0.807248,0.752999,0,75,0.9001,0.3,0.819338,0,0.04,17.2,0,0,0,0,0,0,158.48,-4.48694,27.2033,200.96,329.82,97.89,-13.3089,19.3751,168.87,213.23
neuromorpho__236-3-44LS.swc,434,pyramidal,0.992143,12,329,92,0,0,0.513825,0.513825,0.060828,0,0.0898618,-0.0898618,0.211982,0.301843,0.963168,0.0521596,0.86033,0.862143,0.865929,0.985157,0.987549,0,0,0,0,0.232719,0.99291,0.99291,0,0.955782,0.865865,0,0.9853,0.985157,0,58,0.958734,0.86033,0.871679,0,0,14.6,0,8.97,-4.59083,3.36963,8.47,53.43,107.53,-4.23663,19.7038,240.63,267.53,76.49,0.4075,19.0295,95.98,170.96
neuromorpho__236-3-47LS.swc,449,pyramidal,0.995509,19,223,206,0,0,0,0,0,0,0,0,0,0,0.966436,0.119014,0.3,0.964747,0.985786,0.985786,0.985786,0.0289532,0.0289532,0.0289532,0.0423163,0.0423163,0.964747,0.964747,0,0.963931,0.990146,0.0358744,0.969141,0.985786,0.0242718,53,0.978334,0.3,0.985786,0,0.0188679,19.8,0,20.44,-4.72632,5.13733,91.07,128.83,118.72,-8.37583,25.2146,203.06,409.32,119.29,-2.92748,20.6511,160.28,379.81
neuromorpho__236-3-51LS.swc,300,pyramidal,0.992153,7,292,0,0,0,0,0,0,0,0,0,0,0,0.966193,0.0759707,0.731243,0.756844,0.800932,0.993021,0.996653,0,0,0,0.08,0.133333,0.993021,0.993021,0,0.965434,0.800932,0,0,0,0,50,0.964398,0.731243,0.79735,0,0.1,11.1,0,8.46,3.42143,3.15789,4.41,28.86,131.96,0.292226,29.0514,258.4,371.72,0,0,0,0,0
neuromorpho__236-3-56LS.swc,605,pyramidal,0.995225,9,204,391,0,0,0,0,0,0,0,0,0,0,0.988927,0.00572912,0.964747,0.985786,0.985786,0.985786,0.985786,0,0,0,0,0,0.964747,0.964747,0,0.995959,0.992226,0,0.985786,0.985786,0,60,0.989905,0.964747,0.985786,0,0,20,0,2.36,-2.24889,0.820751,7.34,40.63,105.61,-2.81127,20.4109,210.12,157.66,141.66,13.857,28.6187,245.49,603.05
neuromorpho__236-3-58LS.swc,577,pyramidal,0.993529,11,434,131,0,0,0,0,0,0,0,0,0,0,0.926766,0.129771,0.3,0.668941,0.680922,0.989871,0.996555,0.00519931,0.00519931,0.110919,0.207972,0.227036,0.964747,0.964747,0,0.995319,0.991169,0,0.695901,0.668941,0.48855,60,0.929621,0.3,0.722621,0.0666667,0.166667,23,0,4.36,-1.74636,1.71135,6.77,49.35,149.61,-19.8958,31.1712,313.6,249.81,87.16,-15.3808,19.9825,156.3,272.88
neuromorpho__236-3-59LS.swc,415,pyramidal,0.964564,0,414,0,0,0,0,0,0,0,0,0,0,0,0.964569,0.0954913,0.3,0.784554,0.981854,0.981854,0.983548,0.0144578,0.0144578,0.0144578,0.0554217,0.0939759,0,0,0,0.964483,0.981854,0.0144928,0,0,0,49,0.96815,0.3,0.865486,0,0.0612245,18.6,0,0,0,0,0,0,107.77,7.39338,21.5064,276.26,479.4,0,0,0,0,0
neuromorpho__236-3-65LS.swc,633,pyramidal,0.99259,8,396,228,0,0,0,0,0,0,0,0,0,0,0.992698,0.00520385,0.985786,0.985786,0.985786,0.985786,0.996653,0,0,0,0,0,0.993021,0.993021,0,0.996653,0.996653,0,0.985786,0.985786,0,82,0.993072,0.985786,0.985786,0,0,17,0,10.2,-5.5675,3.87331,1.8,30.58,124.32,20.2585,27.3753,285.65,272.14,134.84,18.6772,27.7229,225.21,304.09
neuromorpho__236-3-67LS.swc,820,pyramidal,0.996918,5,566,248,0,0,0,0,0,0,0,0,0,0,0.942896,0.119515,0.3,0.772848,0.809415,0.985786,0.996653,0.0207317,0.0207317,0.0207317,0.0878049,0.209756,0.99291,0.99291,0,0.942947,0.806179,0.00176678,0.941542,0.985786,0.0645161,103,0.947779,0.3,0.784986,0.00970874,0.135922,17,0,1.8,0.316,0.643696,4.84,27.14,134.02,-1.27731,28.4279,368.88,332.29,131.04,-7.1448,23.4943,301.08,471.05
neuromorpho__236-3-69LS.swc,478,pyramidal,0.990019,6,331,140,0,0,0,0,0.0418794,0,0,0,0,0,0.949517,0.157547,0.3,0.3,0.936338,0.985786,0.996653,0.0543933,0.0543933,0.0543933,0.0543933,0.0669456,0.847546,0.847546,0,0.996653,0.996653,0,0.842084,0.3,0.185714,54,0.960752,0.3,0.985786,0.037037,0.0555556,19.4,0,1.39,-0.82,0.510555,3.9,22.26,124.95,-13.0305,26.4902,185.97,381.57,52.53,-7.51507,11.5455,176.44,303.74
neuromorpho__236-3-7LS.swc,392,pyramidal,0.988838,16,189,186,0,0,0,0,0,0,0,0,0,0,0.731968,0.331783,0.3,0.3,0.3,0.3,0.985786,0.369898,0.369898,0.369898,0.369898,0.395408,0.947713,0.947713,0,0.970486,0.991437,0.026455,0.469603,0.3,0.752688,33,0.888313,0.3,0.354863,0.151515,0.151515,26.6,0,32.36,5.47187,9.66744,40.79,54.81,109.71,-5.64624,18.2773,280.11,202.8,63.52,-4.97306,10.8752,128.78,1121.78
neuromorpho__236-3-8LS.swc,731,pyramidal,0.97482,0,559,171,0,0,0,0,0,0,0,0,0,0,0.765882,0.273775,0.3,0.3,0.3,0.529405,0.985786,0.213406,0.383037,0.435021,0.435021,0.435021,0,0,0,0.743586,0.3,0.502683,0.837399,0.3,0.216374,48,0.817732,0.3,0.488977,0.333333,0.333333,47.3,0,0,0,0,0,0,98.68,-2.6859,19.7391,381.99,306.6,82.24,-3.40211,14.5701,69.91,429.95
neuromorpho__240914RF1_3m.swc,598,interneuron,0.834598,0,597,0,0,0,0,0,0,0,0,0,0,0,0.625394,0.333561,0.3,0.3,0.3,0.3,0.3,0.508361,0.508361,0.508361,0.550167,0.550167,0,0,0,0.624767,0.3,0.509213,0,0,0,52,0.585747,0.3,0.3,0.596154,0.634615,29,0,0,0,0,0,0,116.66,-26.4954,24.4891,262.99,988.94,0,0,0,0,0
neuromorpho__241-1-22-AW.swc,464,pyramidal,0.996608,284,179,0,0,0,0,0,0,0,0,0,0,0,0.841974,0.160628,0.3,0.584791,0.591259,0.798852,0.825401,0.0344828,0.114224,0.118534,0.275862,0.62069,0.747718,0.591259,0.193662,0.990638,0.996653,0,0,0,0,50,0.826494,0.3,0.591259,0.24,0.38,21.3,0,144.54,-7.26954,29.4238,338.27,387.92,96.93,-16.3036,17.0338,426.34,290.74,0,0,0,0,0
neuromorpho__241-1-2VN.swc,1077,pyramidal,0.985011,188,611,277,0,0,0,0,0,0,0,0,0,0,0.856944,0.268604,0.3,0.3,0.3,0.964747,0.985786,0.188487,0.188487,0.188487,0.188487,0.188487,0.881169,0.3,0.12766,0.867169,0.3,0.181669,0.817431,0.3,0.245487,93,0.928326,0.3,0.783976,0.0752688,0.129032,30.2,0,119.67,-16.7416,28.6531,375.47,374.14,128.37,-6.41286,31.2331,540.38,277.06,129.27,-10.1564,35.4762,336.77,796.2
neuromorpho__241-1-40VN.swc,914,pyramidal,0.994414,3,485,425,0,0,0,0,0,0,0,0,0,0,0.780525,0.318556,0.3,0.3,0.3,0.3,0.985786,0.305252,0.305252,0.305252,0.305252,0.305252,0.947713,0.947713,0,0.922975,0.3,0.103093,0.616268,0.3,0.538824,86,0.862551,0.3,0.3,0.174419,0.209302,23.5,0,4.02,-2.68,1.74534,0.41,9.28,117.58,1.81695,31.2489,674.32,399,125.45,-2.64536,27.0269,445.02,773.14
neuromorpho__241-1-43VN.swc,360,pyramidal,0.943269,159,117,83,0,0,0.230556,0.230556,0.0176854,0,-0.230556,0.230556,0.230556,0,0.827587,0.270326,0.3,0.3,0.3,0.756298,0.993021,0.194444,0.194444,0.194444,0.283333,0.336111,0.887644,0.3,0.150943,0.913293,0.3,0.119658,0.589646,0.3,0.385542,37,0.917371,0.3,0.731283,0.108108,0.189189,21.8,0,222.07,-25.5943,70.0708,569.94,311.76,112.81,-15.2762,26.833,342.27,337,90.32,-12.069,22.0578,197.79,382.94
neuromorpho__241-1-44VN.swc,774,pyramidal,0.991802,72,390,311,0,0,0,0,0,0,0,0,0,0,0.82131,0.282883,0.3,0.3,0.3,0.853349,0.985786,0.222222,0.222222,0.222222,0.237726,0.322997,0.830846,0.744208,0,0.86905,0.3,0.176923,0.758661,0.3,0.33119,71,0.864408,0.3,0.3,0.140845,0.197183,26,0,103.1,-20.7838,31.1262,213.72,171.8,120.33,-22.6344,31.4768,571.17,380.44,89.07,-23.7677,22.7715,487.95,708.08
neuromorpho__241-1-45VN.swc,490,pyramidal,0.992928,39,230,220,0,0,0,0,0.00172821,0,0,0,0,0,0.651307,0.306409,0.3,0.3,0.3,0.3,0.738253,0.402041,0.45102,0.481633,0.514286,0.665306,0.562584,0.3,0.538462,0.702701,0.3,0.413043,0.611721,0.3,0.545455,56,0.745156,0.3,0.3,0.410714,0.5,19.5,0,28.74,-19.6051,8.8473,396.15,102.83,111.86,-5.04587,26.0216,635.74,405.85,116.75,5.82959,24.7579,397.84,1106.7
neuromorpho__241-1-4VN.swc,719,pyramidal,0.993115,0,501,217,0,0,0,0,0.0322643,0,0,0,0,0,0.897604,0.225467,0.3,0.3,0.3,0.985786,0.990146,0.122392,0.122392,0.122392,0.122392,0.208623,0,0,0,0.931753,0.872279,0.0698603,0.81829,0.3,0.24424,58,0.960143,0.3,0.873002,0.0517241,0.0517241,31,-0.00333333,0,0,0,0,0,137.08,-0.145968,31.0593,481.85,506.3,132.78,8.1955,33.9402,289.55,540.52
neuromorpho__241-1-50VN.swc,391,pyramidal,0.986073,0,296,94,0,0,0,0,0,0,0,0,0,0,0.910304,0.195586,0.3,0.3,0.756844,0.985786,0.989259,0.0818414,0.0818414,0.0818414,0.184143,0.184143,0,0,0,0.927733,0.756844,0.0472973,0.854465,0.3,0.191489,52,0.941702,0.3,0.757671,0.0384615,0.173077,18.9,0,0,0,0,0,0,108.98,43.5848,30.3893,392.64,387.55,103.34,34.7772,28.9922,378.53,614.01
neuromorpho__241-1-6VN.swc,651,pyramidal,0.994962,3,395,252,0,0,0,0,0.0918136,0,0,0,0,0,0.966579,0.104511,0.3,0.932254,0.932526,0.985786,0.996653,0.0230415,0.0230415,0.0230415,0.0230415,0.0230415,0.963042,0.963042,0,0.984001,0.964113,0.0101266,0.939181,0.932254,0.0436508,79,0.976524,0.3,0.934115,0,0.0126582,20.2,0,5.6,4.01,2.31786,15.45,4.5,134.84,-13.1446,30.6627,201.1,365.08,115.15,-12.403,22.6287,172.59,487.17
neuromorpho__241-2-101-AW.swc,349,pyramidal,0.992305,84,58,206,0,0,0,0,0,0,0,0,0,0,0.892025,0.194279,0.3,0.3,0.766353,0.856001,0.985786,0.0888252,0.0888252,0.0888252,0.103152,0.34384,0.856001,0.856001,0,0.916743,0.766353,0.0862069,0.89923,0.3,0.126214,41,0.934333,0.3,0.856001,0.0243902,0.0731707,21,0,56.19,11.1918,12.2506,183.51,238.67,56.24,11.9362,13.5184,222.83,192.15,105.39,16.17,26.0234,327.35,326.81
neuromorpho__241-2-11VN.swc,520,pyramidal,0.995923,5,330,184,0,0,0,0,0,0,0,0,0,0,0.895563,0.239181,0.3,0.3,0.3,0.985786,0.996653,0.138462,0.138462,0.138462,0.138462,0.146154,0.938416,0.938416,0,0.964824,0.996653,0.0424242,0.769614,0.3,0.315217,90,0.974018,0.3,0.981979,0.0222222,0.0333333,12.1,0,27.1,17.984,9.62343,45.05,8.95,143.35,-11.1524,34.4849,541.61,513.05,138.4,-7.37245,32.707,295.23,1090.96
neuromorpho__241-2-15VN.swc,342,pyramidal,0.996217,2,339,0,0,0,0.365497,0.365497,0.182537,-0.353801,0.353801,0,0,0,0.771946,0.254949,0.3,0.3,0.3,0.670564,0.896877,0.207602,0.207602,0.251462,0.327485,0.502924,0.77254,0.77254,0,0.771269,0.3,0.253687,0,0,0,50,0.823763,0.3,0.617586,0.2,0.3,15.3,0,20.2,-9.15,10.1,10.49,12.28,128.62,20.7526,25.3751,361.34,1247.21,0,0,0,0,0
neuromorpho__241-2-18VN.swc,918,pyramidal,0.86017,0,673,244,0,0,0,0,0,0,0,0,0,0,0.923748,0.163006,0.3,0.693926,0.756844,0.985786,0.990146,0.046841,0.046841,0.0577342,0.176471,0.202614,0,0,0,0.94496,0.765117,0.0148588,0.86493,0.3,0.17623,85,0.933601,0.3,0.734451,0.0470588,0.211765,27,0,0,0,0,0,0,121.53,-21.1999,32.4542,301.88,225.5,125.49,-6.58029,25.937,277.07,406.75
neuromorpho__241-2-22VN.swc,682,pyramidal,0.995583,7,408,266,0,0,0,0,0,0,0,0,0,0,0.87848,0.253699,0.3,0.3,0.3,0.985786,0.991528,0.159824,0.159824,0.159824,0.175953,0.175953,0.99291,0.99291,0,0.94577,0.985968,0.0637255,0.7718,0.3,0.31203,58,0.907867,0.3,0.639188,0.103448,0.12069,26.3,0,10.21,7.10286,3.50527,1.54,38.97,135.26,24.8889,31.5245,383.56,257.07,116.43,28.0785,26.6429,272.09,558.71
neuromorpho__241-2-2VN.swc,392,pyramidal,0.994356,8,287,96,0,0,0.244898,0.244898,0.0582234,0,-0.244898,0.244898,0.244898,0,0.881953,0.186622,0.3,0.3,0.765117,0.823523,0.969089,0.0790816,0.0790816,0.0790816,0.114796,0.367347,0.928991,0.900718,0,0.910135,0.765117,0.087108,0.79255,0.823523,0.0625,49,0.916731,0.3,0.823523,0.0204082,0.0612245,21.8,0,41.38,30.8613,13.2519,56.64,13.24,137.67,-20.5682,29.8089,296.62,433.86,152.47,-29.1802,41.4551,162.33,233.77
neuromorpho__241-2-33VN.swc,853,pyramidal,0.993825,0,607,245,0,0,0.287222,0.287222,0.0653093,0,-0.287222,0.287222,0.287222,0,0.919137,0.190239,0.3,0.3,0.912489,0.927608,0.985786,0.084408,0.084408,0.084408,0.084408,0.084408,0,0,0,0.901141,0.3,0.105437,0.963393,0.985786,0.0326531,75,0.963865,0.3,0.909735,0.0133333,0.0266667,30.8,0,0,0,0,0,0,133.04,-34.1576,32.2442,506.48,449.38,124.18,-42.1267,29.2571,318.49,293.23
neuromorpho__241-2-35VN.swc,411,pyramidal,0.994634,5,197,208,0,0,0,0,0,0,0,0,0,0,0.839648,0.285786,0.3,0.3,0.3,0.985786,0.985786,0.218978,0.218978,0.218978,0.218978,0.218978,0.99291,0.99291,0,0.823374,0.3,0.248731,0.850607,0.3,0.197115,37,0.930004,0.3,0.728114,0.108108,0.189189,27,0,12.78,-8.394,4.80862,6.1,20.18,109.83,10.5515,22.7017,430.96,340.89,130.5,3.10188,28.7459,312.03,515.6
neuromorpho__241-2-3VN.swc,896,pyramidal,0.994034,68,679,148,0,0,0,0,0.0169067,0,0,0,0,0,0.913371,0.198012,0.3,0.3,0.649145,0.985786,0.992226,0.0837054,0.0837054,0.103795,0.141741,0.177455,0.628633,0.3,0.397059,0.926985,0.779645,0.095729,0.981152,0.985786,0.00675676,93,0.951336,0.3,0.796764,0.0430108,0.11828,23.2,0,72.19,-6.34691,19.562,404.71,147.92,164.51,35.3553,38.2535,528.6,616.13,127.47,42.9757,31.2763,255.14,487.53
neuromorpho__241-2-49-AW.swc,347,pyramidal,0.916546,0,188,158,0,0,0,0,0,0,0,0,0,0,0.903899,0.219227,0.3,0.3,0.3,0.985786,0.985786,0.112392,0.112392,0.118156,0.118156,0.158501,0,0,0,0.96224,0.827277,0.0319149,0.833871,0.3,0.221519,29,0.944684,0.3,0.808537,0.0344828,0.103448,24.4,0,0,0,0,0,0,93.94,41.5076,24.0908,449.99,261.45,101.52,44.4101,26.8368,268.59,358.05
neuromorpho__241-2-74LU.swc,304,pyramidal,0.987857,3,216,84,0,0,0,0,0,0,0,0,0,0,0.759438,0.305354,0.3,0.3,0.3,0.366508,0.99291,0.302632,0.384868,0.384868,0.384868,0.384868,0.99291,0.99291,0,0.888888,0.3,0.152778,0.415364,0.3,1,38,0.841595,0.3,0.405225,0.236842,0.289474,19.2,0,7.55,2.51667,3.5591,10.96,47.87,93.23,27.5042,26.7711,320.58,763.26,81.66,22.3845,15.8181,119.7,471.07
neuromorpho__241-2-77LU.swc,500,pyramidal,0.992517,94,247,158,0,0,0,0,0,0,0,0,0,0,0.649004,0.309242,0.3,0.3,0.3,0.3,0.721081,0.412,0.446,0.462,0.56,0.666,0.673179,0.3,0.308511,0.70615,0.3,0.404858,0.543062,0.3,0.64557,48,0.855184,0.3,0.577159,0.208333,0.270833,33.3,0,102.63,60.574,25.0749,522.44,306.67,129.75,47.1945,31.4977,520.21,623.95,124.22,46.5376,33.3035,332.78,905.59
neuromorpho__241-2-7VN.swc,438,pyramidal,0.983695,0,437,0,0,0,0.3379,0.3379,0.215315,0,0.3379,-0.3379,0,0.3379,0.919023,0.143904,0.3,0.60812,0.864159,0.943004,0.95905,0.0410959,0.0502283,0.0570776,0.086758,0.148402,0,0,0,0.918838,0.864062,0.0572082,0,0,0,85,0.915949,0.3,0.785954,0.0470588,0.141176,15,0,0,0,0,0,0,131.04,54.6623,35.4875,364.07,493.83,0,0,0,0,0
neuromorpho__241-2-85LU.swc,175,pyramidal,0.935814,0,161,13,0,0,0.514286,0.514286,0.138849,-0.44,0.365714,0.0742857,0.0742857,0,0.727949,0.288292,0.3,0.3,0.3,0.444238,0.898285,0.32,0.36,0.388571,0.388571,0.571429,0,0,0,0.73899,0.3,0.341615,0.570279,0.579355,1,23,0.862328,0.3,0.59518,0.26087,0.26087,23.6,0,0,0,0,0,0,107.44,42.5932,28.3724,270.09,608.18,90.23,33.3892,33.993,252.2,64.11
neuromorpho__241-2-87LU.swc,551,pyramidal,0.982719,7,543,0,0,0,0,0,0,0,0,0,0,0,0.742321,0.24263,0.3,0.3,0.3,0.622982,0.646621,0.132486,0.183303,0.562613,0.562613,0.562613,0.99291,0.99291,0,0.738616,0.3,0.570902,0,0,0,45,0.771441,0.3,0.3,0.466667,0.466667,28.8,0,1.4,-1.18,0.489898,31.14,7.45,114.93,29.2135,27.863,295.08,713.98,0,0,0,0,0
neuromorpho__241-2-88LU.swc,323,pyramidal,0.993785,104,181,37,0,0,0.114551,0.114551,0.0540732,0,-0.114551,0.114551,0.114551,0,0.693887,0.266265,0.3,0.3,0.3,0.3,0.80301,0.294118,0.312693,0.448916,0.486068,0.708978,0.597998,0.3,0.625,0.711239,0.3,0.414365,0.870253,0.3,0.135135,38,0.809609,0.3,0.597242,0.315789,0.421053,18.8,0,97.04,-5.84375,32.5292,228.42,556.21,112.33,15.0918,31.5222,308.33,596.92,112.92,6.14649,33.6367,345.52,111.81
neuromorpho__241-2-92LU.swc,385,pyramidal,0.996382,0,272,112,0,0,0,0,0,0,0,0,0,0,0.989868,0.0500954,0.3,0.985786,0.985786,0.985786,0.996653,0.00519481,0.00519481,0.00519481,0.00519481,0.00519481,0,0,0,0.994033,0.996653,0.00367647,0.979663,0.985786,0.00892857,44,0.990248,0.3,0.985786,0,0,21.7,0,0,0,0,0,0,112.84,3.1829,26.0606,291.14,244.41,115.33,-53.074,30.0778,110.73,304.18
neuromorpho__241-2-93LU.swc,586,pyramidal,0.994277,0,263,322,0,0,0,0,0,0,0,0,0,0,0.675768,0.315387,0.3,0.3,0.3,0.3,0.707887,0.399317,0.460751,0.482935,0.523891,0.53413,0,0,0,0.649596,0.3,0.558935,0.696137,0.3,0.42236,54,0.783467,0.3,0.325571,0.37037,0.407407,35.4,0,0,0,0,0,0,95.54,7.08513,24.9171,496.94,551.89,110.76,-4.52472,24.1166,450.15,662.57
neuromorpho__241-2-96LU.swc,462,pyramidal,0.995124,7,346,108,0,0,0,0,0.0493103,0,0,0,0,0,0.880505,0.178771,0.3,0.579355,0.693926,0.765117,0.989259,0.0497835,0.0649351,0.106061,0.320346,0.339827,0.963042,0.963042,0,0.933454,0.765117,0.0491329,0.704414,0.3,0.296296,62,0.907577,0.3,0.706218,0.0967742,0.290323,18.9,0,20.03,-9.59714,6.6754,56.33,61.48,132.13,-14.6521,34.8863,426.76,339.43,137.72,-27.3892,33.4445,351.38,324.33
neuromorpho__241-3-15LU.swc,619,pyramidal,0.990009,7,429,182,0,0,0,0,0,0,0,0,0,0,0.970155,0.125673,0.3,0.985786,0.985786,0.985786,0.996653,0.0339257,0.0339257,0.0339257,0.0339257,0.0339257,0.99291,0.99291,0,0.996653,0.996653,0,0.906657,0.3,0.115385,69,0.971911,0.3,0.985786,0.0289855,0.0289855,19,0,15.39,11.1343,4.94825,7.71,33.43,119.93,-26.6266,31.778,366.82,272.74,107.94,-30.1216,25.8965,230.61,439.72
neuromorpho__241-3-20LU.swc,416,pyramidal,0.99665,5,282,128,0,0,0,0,0,0,0,0,0,0,0.96811,0.129344,0.3,0.985786,0.985786,0.985786,0.996653,0.0360577,0.0360577,0.0360577,0.0360577,0.0360577,0.964747,0.964747,0,0.996511,0.996653,0,0.905421,0.3,0.117188,68,0.971149,0.3,0.985786,0.0294118,0.0294118,13,0,4.45,-2.696,2.16056,11.92,33.06,124.37,10.6946,35.9132,388.56,262.1,125.48,-6.63219,30.0318,254.6,439.31
neuromorpho__241-3-24LU.swc,628,pyramidal,0.994072,4,473,150,0,0,0,0,0,0,0,0,0,0,0.853798,0.236706,0.3,0.3,0.3,0.648507,0.985786,0.109873,0.119427,0.283439,0.283439,0.289809,0.856001,0.856001,0,0.826113,0.3,0.35518,0.940066,0.985786,0.0666667,60,0.891254,0.3,0.623911,0.216667,0.216667,28,0,13.84,-8.245,5.31174,10.9,28.15,122.62,2.98055,24.7228,530.73,577.75,118.67,0.457733,33.8462,216.32,317.46
neuromorpho__241-3-29LU.swc,494,pyramidal,0.992045,5,337,151,0,0,0,0,0,0,0,0,0,0,0.932203,0.195748,0.3,0.3,0.985786,0.985786,0.996653,0.0870445,0.0870445,0.0870445,0.0870445,0.097166,0.856001,0.856001,0,0.996627,0.996653,0,0.790496,0.3,0.284768,62,0.983956,0.3,0.985786,0.016129,0.016129,18,0,3.34,2.776,1.1484,13.12,28.87,126.74,44.8869,28.7984,372.24,283.17,88.6,33.9365,26.5663,229.45,692.6
neuromorpho__241-3-32LU.swc,575,pyramidal,0.995933,7,329,238,0,0,0,0,0.00155523,0,0,0,0,0,0.968207,0.126955,0.3,0.985786,0.985786,0.985786,0.996653,0.0347826,0.0347826,0.0347826,0.0347826,0.0347826,0.993021,0.993021,0,0.996555,0.996653,0,0.928157,0.985786,0.0840336,78,0.974019,0.3,0.985786,0.025641,0.025641,18,0,3.88,-3.36143,1.28443,19.54,31.03,123.9,-22.7353,27.615,432.94,223.77,109.15,-25.3026,26.4851,350.95,446.36
neuromorpho__241-3-35LU.swc,524,pyramidal,0.996987,4,397,122,0,0,0,0,0.00846508,0,0,0,0,0,0.871468,0.224796,0.3,0.383872,0.453335,0.969174,0.996653,0.118321,0.234733,0.234733,0.242366,0.242366,0.776902,0.776902,0,0.994193,0.996653,0.00251889,0.474156,0.366508,1,71,0.885105,0.3,0.502307,0.211268,0.225352,16,0,2.12,-0.435,0.877083,9.4,24.02,117.84,-7.28141,27.5598,256.56,379.52,84.94,-16.6244,20.8884,182.87,290.44
neuromorpho__241-3-41LU.swc,617,pyramidal,0.995427,4,353,259,0,0,0,0,0.0347133,0,0,0,0,0,0.983864,0.0499426,0.3,0.945531,0.963042,0.985786,0.985786,0.00486224,0.00486224,0.00486224,0.00486224,0.00486224,0.963042,0.963042,0,0.988472,0.947915,0,0.977843,0.985786,0.011583,100,0.988134,0.3,0.962635,0,0,17.1,0,5.1,-3.9325,1.98016,34.04,25.52,133.92,14.2972,38.8481,404.24,406.18,103.16,6.54467,19.6052,299.92,308.41
neuromorpho__241-3-43LU.swc,701,pyramidal,0.995941,3,563,134,0,0,0.216833,0.216833,0.0522755,0,-0.165478,0.165478,0.191155,0.0256776,0.853336,0.260588,0.3,0.3,0.3,0.948552,0.985786,0.175464,0.175464,0.175464,0.221113,0.249643,0.948552,0.948552,0,0.852714,0.3,0.172291,0.852723,0.3,0.19403,74,0.936309,0.3,0.765461,0.0405405,0.148649,24.8,0,4.5,-2.46333,1.8534,43.25,17.2,126.05,-21.1375,29.6332,657.98,642.61,120.85,-5.60366,22.4287,579.31,289.22
neuromorpho__241-3-51VN.swc,817,pyramidal,0.995471,4,621,191,0,0,0,0,0,0,0,0,0,0,0.98975,0.0543558,0.3,0.985786,0.985786,0.996653,0.996653,0.00611995,0.00611995,0.00611995,0.00611995,0.00611995,0.964747,0.964747,0,0.995531,0.996653,0.00161031,0.971424,0.985786,0.0209424,114,0.992777,0.3,0.985786,0,0,16,0,4.39,2.5675,1.81735,6.63,14.39,132.44,-8.50676,32.8623,346.85,352.95,124.93,-19.4016,25.8013,273.12,388.46
neuromorpho__241-3-53VN.swc,593,pyramidal,0.996331,4,400,188,0,0,0,0,0,0,0,0,0,0,0.939844,0.185608,0.3,0.3,0.985786,0.985786,0.996653,0.0775717,0.0775717,0.0775717,0.0775717,0.0775717,0.99291,0.99291,0,0.98272,0.996653,0.02,0.84717,0.3,0.202128,86,0.957905,0.3,0.985786,0.0465116,0.0465116,14.5,0.00333333,2.7,-3.02833,1.05438,6.6,36.58,136.51,14.8188,34.2005,406.02,333.36,145.7,4.49975,25.5381,295.26,516.14
neuromorpho__241-3-70VN.swc,513,pyramidal,0.994192,5,282,225,0,0,0,0,0,0,0,0,0,0,0.947742,0.169917,0.3,0.3,0.985786,0.985786,0.996653,0.0643275,0.0643275,0.0643275,0.0643275,0.0643275,0.99291,0.99291,0,0.996653,0.996653,0,0.885204,0.3,0.146667,61,0.963794,0.3,0.985786,0.0327869,0.0655738,19,0,3.8,0.086,1.54435,25.66,26.73,131.83,-34.2632,29.6251,257.96,334.95,136.49,-35.5307,30.4245,329.18,625.16
neuromorpho__242-1-10VN.swc,421,pyramidal,0.996962,8,269,143,0,0,0,0,0,0,0,0,0,0,0.992552,0.00637491,0.947713,0.985786,0.985786,0.985786,0.996653,0,0,0,0,0,0.993021,0.993021,0,0.996107,0.996653,0,0.985786,0.985786,0,86,0.991911,0.947713,0.985786,0,0,9,0,24.06,16.0362,8.31828,15.92,54.37,135.13,-15.3348,31.0166,281.82,284.46,122.72,-34.9597,30.0227,170.42,400.26
neuromorpho__242-1-13VN.swc,261,pyramidal,0.992216,26,190,44,0,0,0,0,0.0843942,0,0,0,0,0,0.784127,0.177315,0.3,0.501944,0.516882,0.600673,0.819338,0.0268199,0.229885,0.291188,0.360153,0.708812,0.913612,0.964747,0.0769231,0.756754,0.508098,0.389474,0.820911,0.806206,0,45,0.784671,0.3,0.557555,0.333333,0.4,11,0,34.46,24.6638,8.00841,78.1,157.82,156.13,9.984,33.5475,319.12,470.03,53.83,15.3998,16.1419,172.62,205.14
neuromorpho__242-1-18VN.swc,345,pyramidal,0.991751,12,247,85,0,0,0,0,0,0,0,0,0,0,0.935737,0.192638,0.3,0.3,0.985786,0.985786,0.996653,0.084058,0.084058,0.084058,0.084058,0.084058,0.99291,0.99291,0,0.954346,0.996653,0.0607287,0.872833,0.3,0.164706,43,0.97653,0.3,0.985786,0.0232558,0.0697674,20.2,0,6.21,2.37917,1.86803,15.86,98.75,136.82,-13.2395,29.5445,338.98,570.9,51.61,-0.693412,11.1514,173.57,625.18
neuromorpho__242-1-4VN.swc,108,pyramidal,0.967918,17,38,52,0,0,0,0,0,0,0,0,0,0,0.901964,0.232359,0.3,0.3,0.3,0.985786,0.99291,0.12963,0.12963,0.12963,0.12963,0.12963,0.99291,0.99291,0,0.996653,0.996653,0,0.801151,0.3,0.269231,10,0.959064,0.3,0.951497,0.1,0.1,20.8,0.00333333,18.99,-10.1698,6.38855,16.3,100.96,32.77,18.4759,8.46062,116.84,116.65,21.49,14.8124,6.04771,161.02,446.26
neuromorpho__242-1-5VN.swc,554,pyramidal,0.995798,18,388,147,0,0,0,0,0.0477568,0,0,0,0,0,0.972902,0.104951,0.3,0.947713,0.96606,0.985786,0.996653,0.0234657,0.0234657,0.0234657,0.0234657,0.0234657,0.947713,0.947713,0,0.96912,0.96606,0.0335052,0.985786,0.985786,0,80,0.985463,0.3,0.974096,0,0.0125,18,0,14.12,-7.74111,4.75303,24.05,125.15,121.17,-21.7161,34.2707,441.2,317.41,122.1,-19.9346,30.3228,175.17,346.5
neuromorpho__242-1-6VN.swc,369,pyramidal,0.990888,109,259,0,0,0,0,0,0,0,0,0,0,0,0.80286,0.184253,0.503073,0.553578,0.554309,0.659812,0.724235,0,0.205962,0.417344,0.542005,0.547425,0.696317,0.659812,0.577982,0.846938,0.554309,0.351351,0,0,0,73,0.822231,0.503073,0.578242,0.424658,0.479452,10,0,129.88,-18.509,30.9898,193.39,257.6,119.07,-17.8937,23.9699,336.02,282.52,0,0,0,0,0
neuromorpho__242-2-10VN.swc,475,pyramidal,0.997043,5,233,236,0,0,0,0,0.00990633,0,0,0,0,0,0.945381,0.157157,0.3,0.3,0.827295,0.985786,0.985786,0.0526316,0.0526316,0.0526316,0.0526316,0.107368,0.99291,0.99291,0,0.973839,0.827295,0.00429185,0.916045,0.642893,0.101695,73,0.978698,0.3,0.985786,0.0136986,0.0136986,12.8,0,4.28,-3.324,1.41214,2.31,33.87,132.68,-15.2694,27.5731,259.33,350.37,111.97,-13.8693,20.289,471.66,409.28
neuromorpho__242-2-15VN.swc,354,pyramidal,0.981824,187,166,0,0,0,0,0,0,0,0,0,0,0,0.677603,0.217582,0.3,0.3,0.3,0.583526,0.720309,0.183616,0.259887,0.387006,0.816384,0.816384,0.686525,0.659812,0.187166,0.665609,0.3,0.614458,0,0,0,33,0.740972,0.3,0.580071,0.333333,0.818182,24.4,0,127.83,-18.5083,29.1424,338.97,415.73,119.2,-20.2087,26.975,226.12,603.91,0,0,0,0,0
neuromorpho__242-2-16VN.swc,242,pyramidal,0.989814,22,138,81,0,0,0,0,0,0,0,0,0,0,0.981275,0.0366189,0.856001,0.856001,0.985157,0.985692,0.996653,0,0,0,0,0.0661157,0.868197,0.856001,0,0.996653,0.996653,0,0.985556,0.985157,0,38,0.983604,0.856001,0.985157,0,0,12,0,14.42,-8.95818,4.34119,67.72,51.25,95.97,-5.9121,21.1454,182.21,239.65,70.61,-3.89852,19.0326,127.55,299.49
neuromorpho__242-2-37LU.swc,535,pyramidal,0.995118,15,325,194,0,0,0,0,0,0,0,0,0,0,0.953177,0.159346,0.3,0.3,0.985786,0.985786,0.996653,0.0560748,0.0560748,0.0560748,0.0560748,0.0560748,0.964747,0.964747,0,0.979457,0.996653,0.0246154,0.908017,0.3,0.113402,51,0.97903,0.3,0.964747,0,0.0392157,28,0,22.12,-11.882,7.38149,17.26,77.48,122.12,28.3352,28.5916,386.71,238.02,108.28,45.5521,28.8466,383.76,359.87
neuromorpho__242-2-38LU.swc,564,pyramidal,0.994674,8,357,198,0,0,0,0,0,0,0,0,0,0,0.951975,0.162611,0.3,0.3,0.985786,0.985786,0.996653,0.0585106,0.0585106,0.0585106,0.0585106,0.0585106,0.993021,0.993021,0,0.936011,0.992226,0.0868347,0.978859,0.985786,0.010101,79,0.983937,0.3,0.985786,0,0.0253165,19,0,9.05,2.8025,3.7277,10.26,49.84,115.82,-0.435406,30.7388,508.39,360.26,108.2,-3.98409,26.9657,343.37,378.14
neuromorpho__242-3-14-AW.swc,272,pyramidal,0.996114,7,141,123,0,0,0,0,0,0,0,0,0,0,0.991658,0.00536938,0.985786,0.985786,0.985786,0.985786,0.996653,0,0,0,0,0,0.993021,0.993021,0,0.996653,0.996653,0,0.985786,0.985786,0,46,0.992158,0.985786,0.985786,0,0,13,0,9.77,5.60571,3.58752,2.53,37.03,102.36,-20.0695,26.1432,227.85,158.91,91.42,-8.23423,21.6789,137.62,510.45
neuromorpho__242-3-18LU.swc,368,pyramidal,0.987418,0,126,241,0,0,0,0,0,0,0,0,0,0,0.989546,0.00518172,0.985786,0.985786,0.985786,0.985786,0.985786,0,0,0,0,0,0,0,0,0.996653,0.996653,0,0.985786,0.985786,0,62,0.990573,0.985786,0.985786,0,0,15,0,0,0,0,0,0,120.19,-27.6814,34.9594,223.23,245.15,121.04,-25.4832,35.3578,229.05,342.85
neuromorpho__242-3-20LU.swc,192,pyramidal,0.938835,10,123,58,0,0,0.354167,0.354167,0.0669395,-0.25,-0.0520833,0.302083,0.302083,0,0.927711,0.110409,0.49466,0.776732,0.790715,0.812874,0.996653,0.0208333,0.0208333,0.0208333,0.171875,0.302083,0.964747,0.964747,0,0.996652,0.996653,0,0.773875,0.738077,0.0689655,25,0.893907,0.49466,0.755508,0.04,0.2,18.8,0,17.94,11.378,5.43192,31,18.22,61.54,22.6015,17.6451,132.54,223.8,21.71,-6.66241,6.11311,97.17,150.5
neuromorpho__242-3-3-AW.swc,322,pyramidal,0.995195,0,118,203,0,0,0,0,0,0,0,0,0,0,0.915271,0.214922,0.3,0.3,0.3,0.985786,0.985786,0.108696,0.108696,0.108696,0.108696,0.108696,0,0,0,0.996653,0.996653,0,0.867547,0.3,0.172414,36,0.933327,0.3,0.822635,0.0555556,0.0833333,20.5,0,0,0,0,0,0,86.13,-5.50712,23.5628,381.89,234.62,156.5,-25.7959,31.1962,334.18,332.93
neuromorpho__243-2-14VN.swc,172,pyramidal,0.996843,0,93,78,0,0,0,0,0.0158134,0,0,0,0,0,0.911964,0.172292,0.3,0.3,0.765117,0.977583,0.985786,0.0581395,0.0581395,0.0581395,0.215116,0.22093,0,0,0,0.922842,0.765117,0,0.897865,0.3,0.128205,42,0.954589,0.3,0.799493,0,0.119048,9,0,0,0,0,0,0,117.63,-0.733118,24.3268,208.43,257.39,76.83,-5.79474,17.2078,171.93,374.79
neuromorpho__243-2-16VN.swc,375,pyramidal,0.997246,38,198,138,0,0,0,0,0,0,0,0,0,0,0.916889,0.189878,0.3,0.3,0.856001,0.985786,0.985786,0.0773333,0.0933333,0.0933333,0.0933333,0.197333,0.797475,0.689201,0.105263,0.964103,0.990708,0.0505051,0.881427,0.3,0.152174,58,0.961286,0.3,0.856001,0.0172414,0.0689655,18.3,0,52.81,-23.535,15.6232,226.61,285.75,130.77,-14.3633,36.3146,312.6,312.15,107.09,-6.08536,23.4826,410.59,347.85
neuromorpho__243-2-17VN.swc,335,pyramidal,0.995254,7,256,71,0,0,0.21194,0.21194,0.0714476,0,-0.21194,0.21194,0.21194,0,0.950909,0.129552,0.3,0.913566,0.913566,0.928935,0.996653,0.0358209,0.0358209,0.0358209,0.0358209,0.038806,0.989453,0.989453,0,0.947626,0.913566,0.0390625,0.958257,0.92493,0.028169,49,0.964073,0.3,0.913108,0,0.0204082,19.4,0,13.56,9.58571,4.43112,10.57,48.75,116.73,14.2215,25.3473,402.36,348.68,113.32,27.8627,28.8321,118.12,270.64
neuromorpho__243-2-18VN.swc,452,pyramidal,0.995697,7,360,84,0,0,0,0,0,0,0,0,0,0,0.987557,0.0660672,0.3,0.985786,0.985786,0.996653,0.996653,0.00884956,0.00884956,0.00884956,0.00884956,0.0154867,0.99291,0.99291,0,0.993546,0.996653,0.00277778,0.961294,0.985786,0.0357143,65,0.989736,0.3,0.985786,0,0,15.6,0,8.78,-4.46429,2.85833,38.86,9.22,130.11,-16.0007,30.1712,488.01,418.15,109.1,-17.0793,22.8855,362.23,217.25
neuromorpho__243-2-20VN.swc,470,pyramidal,0.997338,5,276,188,0,0,0,0,0,0,0,0,0,0,0.982403,0.0777508,0.3,0.985786,0.985786,0.985786,0.991432,0.012766,0.012766,0.012766,0.012766,0.012766,0.99291,0.99291,0,0.982329,0.990937,0.0181159,0.982138,0.985786,0.00531915,70,0.988354,0.3,0.985786,0,0,16.1,0.00333333,12.03,7.46867,4.485,12.89,31.9,116.99,3.79087,31.2159,376.74,284.84,117.93,5.25879,25.5691,362.2,405.46
neuromorpho__243-2-25VN.swc,169,pyramidal,0.99726,12,81,75,0,0,0,0,0,0,0,0,0,0,0.958383,0.11961,0.3,0.856001,0.900718,0.985786,0.985786,0.0295858,0.0295858,0.0295858,0.0295858,0.0650888,0.900718,0.900718,0,0.974905,0.987549,0.0123457,0.949211,0.985786,0.0533333,30,0.976772,0.3,0.945261,0,0,15.2,-0.00333333,35.06,-14.7442,11.3992,85.23,93.43,76.45,16.0228,23.4098,271.58,233.99,81.61,8.96173,14.7344,193.27,399.32
neuromorpho__243-2-26VN.swc,310,pyramidal,0.996729,20,181,108,0,0,0,0,0,0,0,0,0,0,0.958226,0.108458,0.3,0.742049,0.938416,0.985786,0.985786,0.016129,0.016129,0.0516129,0.0516129,0.0935484,0.963042,0.963042,0,0.941019,0.856001,0.0883978,0.985786,0.985786,0,50,0.976948,0.3,0.983512,0.02,0.02,13,0,50.77,24.133,14.2383,107.05,68.52,116.49,8.25414,27.9523,397.46,286.98,75.12,9.89731,17.9197,266.73,539.4
neuromorpho__243-3-13VN.swc,510,pyramidal,0.993317,24,281,204,0,0,0,0,0,0,0,0,0,0,0.990333,0.00964296,0.948552,0.985786,0.985786,0.985786,0.996653,0,0,0,0,0,0.954589,0.948552,0,0.996653,0.996653,0,0.985786,0.985786,0,82,0.990095,0.948552,0.985786,0,0,13,0,21.74,-12.675,6.01592,39.36,133.31,123.07,15.4899,29.5024,237.61,234.97,112.18,5.06353,24.1709,296.3,280.69
neuromorpho__243-3-16VN.swc,377,pyramidal,0.995281,7,266,103,0,0,0,0,0,0,0,0,0,0,0.980377,0.0937808,0.3,0.985786,0.985786,0.985786,0.996653,0.0185676,0.0185676,0.0185676,0.0185676,0.0185676,0.96526,0.96526,0,0.996653,0.996653,0,0.939179,0.985786,0.0679612,43,0.988755,0.3,0.985786,0,0.0232558,19,0,4.81,-3.03714,1.46822,2.95,45.75,131.64,28.7733,32.57,280.88,312.75,98.02,6.72786,24.4141,173.99,549.1
neuromorpho__243-3-17VN.swc,597,pyramidal,0.995885,10,344,242,0,0,0,0,0,0,0,0,0,0,0.919787,0.212939,0.3,0.3,0.3,0.985786,0.996653,0.105528,0.105528,0.105528,0.105528,0.105528,0.993021,0.993021,0,0.992603,0.996653,0.00581395,0.812923,0.3,0.252066,80,0.967899,0.3,0.985786,0.0375,0.0375,17.1,0,12.69,3.895,4.03142,12.42,64.52,141.89,-29.1153,34.8877,405.39,241.21,108.71,-26.0102,22.8886,332.07,709.55
neuromorpho__243-3-19VN.swc,483,pyramidal,0.995261,103,379,0,0,0,0,0,0,0,0,0,0,0,0.728143,0.255684,0.3,0.3,0.3,0.506613,0.837132,0.231884,0.333333,0.349896,0.484472,0.699793,0.634049,0.3,0.378641,0.752998,0.3,0.343008,0,0,0,58,0.779568,0.3,0.508976,0.396552,0.5,21.9,0,93.61,-7.15097,22.2605,187.07,495.48,140.08,-1.59982,31.0487,361.1,886.77,0,0,0,0,0
neuromorpho__243-3-1VN.swc,408,pyramidal,0.994995,7,140,260,0,0,0,0,0,0,0,0,0,0,0.952623,0.155886,0.3,0.3,0.985786,0.985786,0.985786,0.0539216,0.0539216,0.0539216,0.0539216,0.0539216,0.99291,0.99291,0,0.991551,0.996653,0.00714286,0.930396,0.985786,0.0807692,59,0.982166,0.3,0.985786,0.0169492,0.0169492,15,0,2.44,1.94429,0.796651,18.92,48.79,107.3,28.2632,27.1702,434.6,137.61,133.65,24.9713,28.4697,370.53,528.84
neuromorpho__243-3-24VN.swc,301,pyramidal,0.988348,25,163,112,0,0,0,0,0,0,0,0,0,0,0.926763,0.197188,0.3,0.3,0.947713,0.985786,0.992226,0.089701,0.089701,0.089701,0.089701,0.089701,0.947713,0.947713,0,0.99614,0.993111,0,0.820463,0.3,0.241071,59,0.984886,0.3,0.985786,0.0169492,0.0169492,8.8,0,63.83,3.0812,17.9692,38.78,74.4,108.4,5.33104,22.8336,157.13,131.64,140.93,14.0396,25.6114,97.75,553.98
neuromorpho__243-3-28VN.swc,609,pyramidal,0.99332,27,357,224,0,0,0,0,0,0,0,0,0,0,0.795075,0.306753,0.3,0.3,0.3,0.3,0.996653,0.270936,0.270936,0.270936,0.310345,0.310345,0.665074,0.546425,0.111111,0.95745,0.995156,0.0560224,0.551047,0.3,0.633929,58,0.834528,0.3,0.3,0.224138,0.241379,27,0,95.71,56.2641,31.396,22.28,161.14,134.32,31.8841,24.9913,302.84,369.11,137.64,43.6713,28.4775,252.39,1029.67
neuromorpho__243-3-33VN.swc,217,pyramidal,0.996843,7,154,55,0,0,0,0,0.0122231,0,0,0,0,0,0.898536,0.153868,0.3,0.657059,0.712017,0.731243,0.985786,0.0184332,0.0506912,0.078341,0.271889,0.281106,0.964747,0.964747,0,0.872612,0.712017,0.0974026,0.960848,0.985786,0.0363636,39,0.924264,0.3,0.712017,0.0769231,0.153846,13,0,5.51,-3.39571,1.70843,41.69,10.83,127.5,6.36448,31.2985,191.82,391.36,102.47,-1.95836,24.4887,289.41,232.76
neuromorpho__243-3-35VN.swc,364,pyramidal,0.994743,14,225,124,0,0,0,0,0,0,0,0,0,0,0.949423,0.168728,0.3,0.3,0.985786,0.985786,0.996653,0.0631868,0.0631868,0.0631868,0.0631868,0.0631868,0.99291,0.99291,0,0.996555,0.996653,0,0.858584,0.3,0.185484,66,0.9842,0.3,0.985786,0.0151515,0.030303,11,0,7.7,5.34286,1.78526,17.92,92.79,127.4,-27.9264,28.383,347.12,182.35,93.41,-19.2192,19.6225,182.13,539.74
neuromorpho__243-3-4VN.swc,462,pyramidal,0.988064,0,270,191,0,0,0,0,0,0,0,0,0,0,0.94403,0.176147,0.3,0.3,0.985786,0.985786,0.996653,0.0692641,0.0692641,0.0692641,0.0714286,0.0714286,0,0,0,0.995563,0.996653,0,0.87089,0.3,0.167539,58,0.958984,0.3,0.985786,0.0517241,0.0689655,18.3,0,0,0,0,0,0,123.65,10.3613,30.1665,223.08,367.83,127.68,6.96487,28.6926,640.53,230.84
neuromorpho__243-3-8VN.swc,582,pyramidal,0.996028,5,396,180,0,0,0.309278,0.309278,0.046704,0,-0.309278,0.309278,0.309278,0,0.913292,0.175713,0.3,0.3,0.835893,0.855054,0.992226,0.0670103,0.0670103,0.0670103,0.0670103,0.300687,0.99291,0.99291,0,0.937865,0.991298,0.0808081,0.856538,0.835893,0.0388889,54,0.941332,0.3,0.836116,0,0.037037,25.1,0,15.22,10.762,5.48163,3.37,30.71,119.33,-3.34851,18.369,373.02,371.09,128.67,-10.0094,25.9542,194.36,281.75
neuromorpho__24_17.swc,2923,pyramidal,0.989176,0,2922,0,0,0,0,0,0,0,0,0,0,0,0.996654,6.18916e-05,0.996653,0.996653,0.996653,0.996653,0.996653,0,0,0,0,0,0,0,0,0.996653,0.996653,0,0,0,0,205,0.99667,0.996653,0.996653,0,0,32.6,0,0,0,0,0,0,0.03,-0.000451745,0.00365353,112.19,117.34,0,0,0,0,0
neuromorpho__25-02-15-C2.swc,3275,interneuron,0.966753,1497,1777,0,0,0,0,0,0,0,0,0,0,0,0.964327,0.151581,0.3,0.986406,0.986406,0.999596,0.999824,0.0494656,0.0494656,0.0494656,0.0494656,0.0494656,0.922166,0.3,0.108216,0.999824,0.999824,0,0,0,0,70,0.996455,0.3,0.999596,0,0,88.1,-0.5,64.46,-2.22242,17.6181,131,118.01,80.85,-8.32595,19.9341,37.49,208.93,0,0,0,0,0
neuromorpho__25_15.swc,1393,pyramidal,0.98905,0,1392,0,0,0,0,0,0,0,0,0,0,0,0.996656,8.96373e-05,0.996653,0.996653,0.996653,0.996653,0.996653,0,0,0,0,0,0,0,0,0.996653,0.996653,0,0,0,0,115,0.996682,0.996653,0.996653,0,0,30.6,0,0,0,0,0,0,0.1,-0.0053592,0.0190285,70.42,130.19,0,0,0,0,0
neuromorpho__25_16.swc,3979,pyramidal,0.990947,0,3978,0,0,0,0,0,0,0,0,0,0,0,0.996654,5.30492e-05,0.996653,0.996653,0.996653,0.996653,0.996653,0,0,0,0,0,0,0,0,0.996653,0.996653,0,0,0,0,197,0.99667,0.996653,0.996653,0,0,39,0,0,0,0,0,0,0.5,0.0117672,0.0610234,67.08,104.26,0,0,0,0,0
neuromorpho__25o_pyramidal18aFI.swc,752,interneuron,0.423911,0,751,0,0,0,0,0,0,0,0,0,0,0,0.774012,0.272235,0.3,0.3,0.3,0.89934,0.941085,0.24734,0.24734,0.24734,0.24734,0.457447,0,0,0,0.773711,0.3,0.24767,0,0,0,16,0.892607,0.3,0.719149,0.125,0.1875,142,-3.64,0,0,0,0,0,116.73,-12.0834,27.5759,407,283.93,0,0,0,0,0
neuromorpho__26-11-14-A-A4b.swc,30568,interneuron,0.996794,25645,4922,0,0,0,0,0,0,0,0,0,0,0,0.834299,0.278464,0.3,0.3,0.3,0.972829,0.972829,0.213393,0.213393,0.213393,0.213393,0.213393,0.802523,0.3,0.254358,0.999824,0.999824,0,0,0,0,322,0.881384,0.3,0.3,0.145963,0.149068,229.7,0.5,54.5,4.10021,12.5945,95.71,871.07,18.5,-1.74823,2.96658,38.5,224.62,0,0,0,0,0
neuromorpho__26-2-15-C.swc,16762,interneuron,0.995938,15651,1110,0,0,0,0,0,0,0,0,0,0,0,0.707489,0.341175,0.3,0.3,0.3,0.3,0.979266,0.412003,0.412003,0.412003,0.412003,0.412003,0.686737,0.3,0.44125,0.999824,0.999824,0,0,0,0,155,0.829536,0.3,0.3,0.23871,0.23871,269.8,-0.5,135.51,-11.6035,23.3579,126.81,652.46,33.47,2.11989,6.43341,44.33,159.69,0,0,0,0,0
neuromorpho__261015c2.swc,1506,interneuron,0.976531,668,837,0,0,0,0,0,0,0,0,0,0,0,0.966394,0.146098,0.3,0.972829,0.986406,0.999596,0.999824,0.0458167,0.0458167,0.0458167,0.0458167,0.0458167,0.977887,0.986406,0.0269461,0.957182,0.999824,0.0609319,0,0,0,165,0.984839,0.3,0.986406,0.0121212,0.030303,20,0,97.88,-35.1142,19.014,708.46,305.57,143.03,4.8278,30.3442,352.97,426.78,0,0,0,0,0
neuromorpho__262_1a.swc,1424,interneuron,0.967621,0,1423,0,0,0,0,0,0,0,0,0,0,0,0.994168,0.0100753,0.975174,0.975174,0.976165,0.999824,0.999824,0,0,0,0,0,0,0,0,0.994164,0.976165,0,0,0,0,64,0.995303,0.975174,0.976165,0,0,51.3,0,0,0,0,0,0,111.73,8.55505,23.4438,218.52,236.62,0,0,0,0,0
neuromorpho__268_On_C.swc,8677,interneuron,0.99265,6657,2019,0,0,0,0,0,0,0,0,0,0,0,0.87429,0.267325,0.3,0.3,0.3,0.999596,0.999596,0.178057,0.178057,0.178057,0.178057,0.178057,0.915042,0.3,0.119423,0.73986,0.3,0.371471,0,0,0,437,0.936305,0.3,0.911308,0.0915332,0.0938215,46,5.09,346.53,-8.28024,58.7507,714.94,1165.92,449.99,28.6387,105.294,497.79,554.07,0,0,0,0,0
neuromorpho__282_On_C_commissural.swc,8766,interneuron,0.571684,8149,616,0,0,0,0,0,0,0,0,0,0,0,0.334329,0.141424,0.3,0.3,0.3,0.3,0.3,0.94433,0.94433,0.94433,0.94433,0.94433,0.30288,0.3,0.99546,0.749277,0.3,0.269481,0,0,0,1049,0.333944,0.3,0.3,0.943756,0.945663,15,5.501,1584.69,300.18,441.387,3024.05,6452.37,291.09,44.384,76.2676,285.34,511.4,0,0,0,0,0
neuromorpho__29_den_ax.swc,98142,pyramidal,0.983693,93102,1297,3742,0,0,0,0,0.00256203,0,0,0,0,0,0.49881,0.309422,0.3,0.3,0.3,0.3,0.3,0.706354,0.70667,0.70667,0.709187,0.737859,0.475805,0.3,0.744828,0.996653,0.996653,0,0.898482,0.834958,0.00240513,1153,0.619962,0.3,0.3,0.525585,0.54033,231.8,0,2710.35,681.194,859.344,2382.46,4532.12,122.54,12.0503,18.164,147.8,144.26,208.28,-40.4255,34.5418,381.64,294.17
neuromorpho__3-Som-3d-trace.swc,1145,interneuron,0.447534,0,1144,0,0,0,0,0,0,0,0,0,0,0,0.937803,0.0378537,0.3,0.937564,0.937564,0.937564,0.941005,0.00349345,0.00349345,0.00349345,0.00349345,0.00349345,0,0,0,0.937749,0.937564,0.0034965,0,0,0,22,0.941729,0.3,0.937564,0,0,124.3,-0.00333333,0,0,0,0,0,106.55,20.6719,22.8728,198.72,201.59,0,0,0,0,0
neuromorpho__3-wild-type-veichle-neuron1_2.swc,852,pyramidal,0.825212,49,314,488,0,0,0,0,0,0,0,0,0,0,0.981847,0.031455,0.856001,0.856001,0.985786,0.985786,0.985786,0,0,0,0,0.0575117,0.856001,0.856001,0,0.995306,0.990146,0,0.985786,0.985786,0,33,0.985183,0.856001,0.985786,0,0,47.2,0,12.1,5.19551,2.87603,72.64,13.08,39.29,2.91124,7.21429,135.04,135.86,37.47,-5.17416,8.77409,147.95,185.93
neuromorpho__3-wild-type-veichle-neuron2.swc,564,pyramidal,0.995579,0,563,0,0,0,0,0,0,0,0,0,0,0,0.996604,0.000510655,0.992226,0.996653,0.996653,0.996653,0.996653,0,0,0,0,0,0,0,0,0.996598,0.996653,0,0,0,0,81,0.996585,0.992226,0.996653,0,0,13,0,0,0,0,0,0,97.49,0.050373,15.6076,151.01,288.66,0,0,0,0,0
neuromorpho__3057_20140409-x1-25.swc,4326,interneuron,0.50815,2256,2069,0,0,0,0,0,0,0,0,0,0,0,0.778844,0.278084,0.3,0.3,0.3,0.3,0.938745,0.252196,0.252196,0.252196,0.252196,0.252196,0.769715,0.3,0.264628,0.78869,0.3,0.238763,0,0,0,79,0.769222,0.3,0.3,0.265823,0.329114,139.2,0,501.66,12.5807,81.691,325.4,502.79,123.51,8.55502,25.7659,242.14,519.92,0,0,0,0,0
neuromorpho__3073_20140421-x1-25.swc,9454,interneuron,0.97045,7703,1750,0,0,0,0,0,0,0,0,0,0,0,0.914686,0.228522,0.3,0.3,0.3,0.999596,0.999596,0.12143,0.12143,0.12143,0.12143,0.12143,0.895333,0.3,0.149033,0.999824,0.999824,0,0,0,0,258,0.953835,0.3,0.91745,0.0503876,0.0852713,93,0,262.37,-8.9722,48.3341,482.95,582.36,144.51,-5.4161,24.3015,172.47,186.38,0,0,0,0,0
neuromorpho__3080_20140430-x1-25.swc,9128,interneuron,0.87992,6425,2702,0,0,0,0,0,0,0,0,0,0,0,0.919475,0.222859,0.3,0.3,0.3,0.999596,0.999596,0.114592,0.114592,0.114592,0.114592,0.114592,0.974552,0.999596,0.0357977,0.788478,0.3,0.301999,0,0,0,265,0.976739,0.3,0.999596,0.0339623,0.045283,75.6,0,496.94,-19.4281,76.1502,331.06,386.84,363.12,-42.2946,56.8969,337.7,554.76,0,0,0,0,0
neuromorpho__30_den_ax.swc,122122,pyramidal,0.994905,117497,4624,0,0,0,0,0,0,0,0,0,0,0,0.498422,0.310388,0.3,0.3,0.3,0.3,0.3,0.707538,0.707825,0.709307,0.722147,0.72358,0.482976,0.3,0.7363,0.890801,0.701609,0.0235727,0,0,0,1009,0.612974,0.3,0.3,0.538157,0.576809,310,0,2873.89,-972.85,752.366,2531.77,3560.61,168.19,25.2413,30.1719,226.23,405.23,0,0,0,0,0
neuromorpho__31991_cell9.swc,1589,pyramidal,0.989883,49,1105,434,0,0,0,0,0,0,0,0,0,0,0.993575,0.00481608,0.985786,0.985786,0.985786,0.985786,0.996653,0,0,0,0,0,0.993021,0.993021,0,0.996653,0.996653,0,0.985786,0.985786,0,110,0.992798,0.985786,0.985786,0,0,39,0,10.5,3.87061,2.96366,29.27,124.2,111.63,-20.1909,31.4462,269.09,192.04,101.87,-5.65747,26.3284,238.24,303.21
neuromorpho__31995_slide1_cell3.swc,248,pyramidal,0.947319,0,0,247,0,0,0,0,0,0,0,0,0,0,0.985843,0.00090076,0.985786,0.985786,0.985786,0.985786,0.985786,0,0,0,0,0,0,0,0,0,0,0,0.985786,0.985786,0,28,0.986294,0.985786,0.985786,0,0,20.6,0,0,0,0,0,0,0,0,0,0,0,73.66,20.1239,17.4606,215.83,160.94
neuromorpho__31995_slide2_cell9.swc,1366,pyramidal,0.992536,247,1118,0,0,0,0,0,0.00331921,0,0,0,0,0,0.919447,0.166216,0.490451,0.550006,0.56177,0.996653,0.996653,0.0190337,0.15959,0.15959,0.18082,0.18082,0.570314,0.49309,0.882591,0.996509,0.996653,0,0,0,0,120,0.870903,0.490451,0.54751,0.266667,0.275,29.1,0,116.74,5.24721,28.4399,176.02,207.46,143.87,-7.56174,31.2424,296.56,308.31,0,0,0,0,0
neuromorpho__31_10.swc,770,pyramidal,0.989537,531,238,0,0,0,0,0,0.000102383,0,0,0,0,0,0.887191,0.0741731,0.745428,0.805407,0.815715,0.849129,0.849129,0,0,0,0.0142857,0.68961,0.839151,0.805407,0,0.9939,0.992226,0,0,0,0,28,0.892928,0.745428,0.815715,0,0.0357143,51.5,0,0,0,0,87.17,57.53,0,0,0,93.32,35.81,0,0,0,0,0
neuromorpho__32315-V1-3Slice2Cell1.swc,904,pyramidal,0.971475,58,609,236,0,0,0,0,0,0,0,0,0,0,0.949136,0.0969888,0.627489,0.731243,0.731243,0.985786,0.992226,0,0,0.0210177,0.141593,0.179204,0.816841,0.792901,0,0.947451,0.731243,0.0311987,0.985781,0.985786,0,73,0.958533,0.627489,0.794708,0.0136986,0.109589,25,0,7.62,-2.86638,2.16167,70.52,116.13,54.35,3.42445,8.52885,210.82,263.99,51.45,-28.4996,12.4359,162.37,178.82
neuromorpho__32315-V1-3Slice8Cell1.swc,1886,pyramidal,0.968407,0,1183,702,0,0,0,0,0,0,0,0,0,0,0.910535,0.20914,0.3,0.3,0.732585,0.985786,0.985786,0.0986214,0.0986214,0.0986214,0.145811,0.145811,0,0,0,0.897108,0.3,0.111581,0.933033,0.985786,0.0769231,82,0.951266,0.3,0.807188,0.0121951,0.097561,53.9,0,0,0,0,0,0,136.43,1.55555,20.5328,443.72,563.38,87.72,2.50664,18.4279,360.4,419.7
neuromorpho__32315-V1-4Slice6Cell2.swc,2028,pyramidal,0.989724,0,1468,559,0,0,0.0261341,0.0261341,0.0185641,0,-0.0261341,0.0261341,0.0261341,0,0.860906,0.266195,0.3,0.3,0.3,0.985786,0.985786,0.183432,0.183432,0.183432,0.183432,0.183432,0,0,0,0.814514,0.3,0.253406,0.982486,0.985786,0,155,0.860279,0.3,0.3,0.180645,0.187097,27,0,0,0,0,0,0,69.82,-0.504905,12.2752,490.42,704.77,85.58,4.93081,16.8619,367.28,581.79
neuromorpho__32315V1-3Slice7Cell1.swc,1068,pyramidal,0.976676,0,360,707,0,0,0,0,0,0,0,0,0,0,0.980109,0.0627314,0.3,0.985786,0.985786,0.985786,0.985786,0.00561798,0.00561798,0.00561798,0.0271536,0.0271536,0,0,0,0.980335,0.996653,0,0.979966,0.985786,0.00848656,77,0.985222,0.3,0.985786,0,0.012987,29.4,0,0,0,0,0,0,82.04,-1.06378,16.5054,140.86,182.71,70.7,-2.89076,12.7762,250.07,614.82
neuromorpho__32315V1-3Slice8Cell2.swc,945,pyramidal,0.981094,0,471,473,0,0,0,0,0.0199261,0,0,0,0,0,0.80907,0.303883,0.3,0.3,0.3,0.3,0.985786,0.262434,0.262434,0.262434,0.262434,0.262434,0,0,0,0.996653,0.996653,0,0.621876,0.3,0.524313,82,0.886343,0.3,0.3,0.146341,0.158537,24,0,0,0,0,0,0,92.85,-0.996624,17.8473,185.37,255.06,61.95,-9.27732,11.6862,176.35,810.3
neuromorpho__32315V1-4Slice5Cell1.swc,876,pyramidal,0.991394,0,516,359,0,0,0,0,0,0,0,0,0,0,0.992204,0.00534883,0.985786,0.985786,0.985786,0.985786,0.996653,0,0,0,0,0,0,0,0,0.996653,0.996653,0,0.985786,0.985786,0,74,0.991852,0.985786,0.985786,0,0,25.4,0,0,0,0,0,0,81.46,-4.15903,15.6684,217.07,222.38,45.12,-5.88766,9.11964,174.05,455.92
neuromorpho__32368_slide1_cell8.swc,1678,pyramidal,0.992975,25,1021,631,0,0,0,0,0,0,0,0,0,0,0.99047,0.0381074,0.3,0.985786,0.985786,0.985786,0.996653,0.00297974,0.00297974,0.00297974,0.00297974,0.00297974,0.99291,0.99291,0,0.996653,0.996653,0,0.980352,0.985786,0.00792393,116,0.991762,0.3,0.985786,0,0,34.5,0,27,16.4464,8.98229,5.7,73.54,135.06,-17.9583,28.6189,317.87,265.12,122.98,-19.0641,28.6667,311.23,434.47
neuromorpho__33_11.swc,1627,pyramidal,0.992946,47,1579,0,0,0,0,0,0,0,0,0,0,0,0.990526,0.0297222,0.733192,0.938416,0.996653,0.996653,0.996653,0,0,0,0.00245851,0.0245851,0.938416,0.938416,0,0.992071,0.996653,0,0,0,0,85,0.990888,0.733192,0.996653,0,0.0117647,31.8,0,0,0,0,3.53,4.53,0.28,0.0319126,0.0562386,110.43,89.52,0,0,0,0,0
neuromorpho__33_den_ax.swc,134606,pyramidal,0.996547,129824,4781,0,0,0,0,0,0,0,0,0,0,0,0.503852,0.313799,0.3,0.3,0.3,0.3,0.3,0.701833,0.701841,0.701841,0.712115,0.712791,0.488504,0.3,0.7276,0.920529,0.72801,0.00250994,0,0,0,1116,0.647188,0.3,0.3,0.488351,0.517025,289,0,5688.83,-933.911,1366.52,6453.12,2876.93,207.82,19.9777,37.5098,294.86,292.34,0,0,0,0,0
neuromorpho__340_1a.swc,1158,interneuron,0.960848,0,1157,0,0,0,0,0,0,0,0,0,0,0,0.967893,0.134551,0.3,0.976165,0.976165,0.993726,0.999824,0.0388601,0.0388601,0.0388601,0.0388601,0.0388601,0,0,0,0.967866,0.976165,0.0388937,0,0,0,92,0.97513,0.3,0.976165,0.0217391,0.0326087,31.9,0,0,0,0,0,0,172.26,34.1003,32.1886,360.21,413.07,0,0,0,0,0
neuromorpho__340_1b.swc,2693,interneuron,0.995676,2175,517,0,0,0,0,0,0,0,0,0,0,0,0.790703,0.319309,0.3,0.3,0.3,0.3,0.999596,0.297438,0.297438,0.297438,0.297438,0.297438,0.88215,0.3,0.166437,0.405583,0.3,0.84913,0,0,0,209,0.83986,0.3,0.3,0.22488,0.23445,30,0,294.88,-69.6024,56.2927,309.92,497.21,99.56,12.3979,19.2799,219.59,169.08,0,0,0,0,0
neuromorpho__34_9.swc,2194,pyramidal,0.987903,0,2193,0,0,0,0,0,0,0,0,0,0,0,0.995929,0.0138608,0.731243,0.996653,0.996653,0.996653,0.996653,0,0,0,0.00273473,0.00273473,0,0,0,0.995927,0.996653,0,0,0,0,126,0.994573,0.731243,0.996653,0,0.00793651,34.5,0,0,0,0,0,0,0.1,0.00129959,0.0117815,90.82,101.04,0,0,0,0,0
neuromorpho__350R.swc,1687,pyramidal,0.813661,1333,353,0,0,0,0,0,0,0,0,0,0,0,0.803161,0.309926,0.3,0.3,0.3,0.3,0.993021,0.275044,0.275044,0.275044,0.275044,0.275044,0.751777,0.3,0.348087,0.996641,0.996653,0,0,0,0,281,0.870204,0.3,0.3,0.177936,0.177936,14,0,332.46,-103.598,72.9247,1110.82,1007.74,87.25,0.236572,19.034,286.12,316.22,0,0,0,0,0
neuromorpho__35_11.swc,1440,pyramidal,0.975344,0,1439,0,0,0,0,0,0,0,0,0,0,0,0.994424,0.0225189,0.767156,0.996653,0.996653,0.996653,0.996653,0,0,0,0.00972222,0.00972222,0,0,0,0.99442,0.996653,0,0,0,0,119,0.994753,0.767156,0.996653,0,0.00840336,24.6,0,0,0,0,0,0,0.3,0.0106324,0.0554677,125.03,127.16,0,0,0,0,0
neuromorpho__36_10.swc,2167,pyramidal,0.98718,0,2166,0,0,0,0,0,0,0,0,0,0,0,0.995486,0.0163668,0.766353,0.996653,0.996653,0.996653,0.996653,0,0,0,0.00507614,0.00507614,0,0,0,0.995484,0.996653,0,0,0,0,110,0.99459,0.766353,0.996653,0,0.00909091,38.2,0,0,0,0,0,0,0.32,-0.000512465,0.0112868,93.94,106.79,0,0,0,0,0
neuromorpho__36_den_ax.swc,108426,pyramidal,0.996353,103974,4451,0,0,0,0,0,0,0,0,0,0,0,0.554339,0.333662,0.3,0.3,0.3,0.3,0.3,0.632053,0.632072,0.633372,0.634211,0.635327,0.5354,0.3,0.660492,0.996653,0.996653,0,0,0,0,1147,0.683074,0.3,0.3,0.447254,0.452485,240,0,6237.51,788.873,1328.41,3800.34,4683.55,256.19,-21.9889,42.258,231.37,326.75,0,0,0,0,0
neuromorpho__37112_slide1_cell10.swc,1682,pyramidal,0.990543,31,1139,511,0,0,0,0,0,0,0,0,0,0,0.993287,0.00497942,0.985786,0.985786,0.985786,0.985786,0.996653,0,0,0,0,0,0.993021,0.993021,0,0.996653,0.996653,0,0.985786,0.985786,0,113,0.993092,0.985786,0.985786,0,0,34.8,0,9.79,-9.18645,3.81506,5.22,92.02,111.46,-13.5144,27.462,315.57,291.17,112.7,-14.9987,27.1195,193.12,222.9
neuromorpho__37112_slide1_cell4.swc,1880,pyramidal,0.994044,20,1181,678,0,0,0,0,0,0,0,0,0,0,0.984927,0.0729815,0.3,0.985786,0.985786,0.985786,0.996653,0.0111702,0.0111702,0.0111702,0.0111702,0.0111702,0.993021,0.993021,0,0.985445,0.996653,0.0160881,0.983763,0.985786,0.00294985,142,0.990134,0.3,0.985786,0,0,32.9,0,2.35,6.455,0.965829,17.51,65.52,137.63,-1.61695,27.3064,337.01,340.11,105.88,-4.8535,21.9642,300.2,484.09
neuromorpho__37112_slide2_cell2.swc,1479,pyramidal,0.992074,25,1048,405,0,0,0,0,0,0,0,0,0,0,0.990373,0.0478495,0.3,0.985786,0.985786,0.985786,0.996653,0.00473293,0.00473293,0.00473293,0.00473293,0.00473293,0.993021,0.993021,0,0.996653,0.996653,0,0.973933,0.985786,0.017284,128,0.992425,0.3,0.985786,0,0,31,0,7.59,-4.3344,2.94926,8.93,92.4,133.58,-7.22393,34.2392,346.68,252.13,133.94,-4.91993,32.1702,303.54,233.89
neuromorpho__37112_slide2_cell7.swc,1698,pyramidal,0.993423,0,1071,626,0,0,0,0,0,0,0,0,0,0,0.973668,0.0852736,0.3,0.784554,0.985786,0.985786,0.996653,0.0100118,0.0100118,0.0100118,0.0606596,0.0606596,0,0,0,0.972324,0.996653,0.00746965,0.975927,0.985786,0.014377,151,0.980689,0.3,0.985786,0.00662252,0.0397351,28,0,0,0,0,0,0,148.15,-8.9909,37.419,330.27,374.48,147.91,-4.13201,35.5792,449.11,415.35
neuromorpho__37_9.swc,3549,pyramidal,0.990847,0,3548,0,0,0,0,0,0,0,0,0,0,0,0.996654,5.61702e-05,0.996653,0.996653,0.996653,0.996653,0.996653,0,0,0,0,0,0,0,0,0.996653,0.996653,0,0,0,0,218,0.996669,0.996653,0.996653,0,0,35.3,0,0,0,0,0,0,0.61,-0.00107666,0.019324,123.44,119.29,0,0,0,0,0
neuromorpho__389-01-01.swc,779,interneuron,0.48232,0,778,0,0,0,0,0,0,0,0,0,0,0,0.847322,0.186788,0.3,0.3,0.3,0.905401,0.905401,0.103979,0.103979,0.103979,0.103979,0.103979,0,0,0,0.847125,0.3,0.104113,0,0,0,22,0.894669,0.3,0.795256,0,0.136364,76.2,0,0,0,0,0,0,62,33.8997,14.0881,393.41,255.95,0,0,0,0,0
neuromorpho__389-01-02.swc,672,pyramidal,0.898716,0,164,507,0,0,0,0,0,0,0,0,0,0,0.984463,0.027328,0.739262,0.985671,0.985671,0.985671,0.985671,0,0,0,0.016369,0.016369,0,0,0,0.980541,0.985968,0,0.985701,0.985671,0,51,0.97578,0.739262,0.985671,0,0.0588235,27,0,0,0,0,0,0,38,-0.5,8.21324,88.69,85.9,53,18.0414,13.4411,125.54,257.74
neuromorpho__38_8.swc,3141,pyramidal,0.984268,0,3140,0,0,0,0,0,0,0,0,0,0,0,0.996617,0.000487216,0.988575,0.996653,0.996653,0.996653,0.996653,0,0,0,0,0,0,0,0,0.996616,0.996653,0,0,0,0,217,0.996589,0.988575,0.996653,0,0,29,0,0,0,0,0,0,0.27,4.24289e-19,0.0278016,101.95,133.13,0,0,0,0,0
neuromorpho__38d.swc,1201,interneuron,0.625546,0,1200,0,0,0,0,0,0,0,0,0,0,0,0.929476,0.0352452,0.711794,0.931393,0.931393,0.931393,0.931393,0,0,0,0.0249792,0.0249792,0,0,0,0.929417,0.931393,0,0,0,0,16,0.923953,0.711794,0.931393,0,0.0625,151.5,0,0,0,0,0,0,40.86,18.247,10.4413,117.44,245.61,0,0,0,0,0
neuromorpho__391-01.swc,570,pyramidal,0.927912,0,139,430,0,0,0,0,0,0,0,0,0,0,0.954719,0.148881,0.3,0.985786,0.985786,0.985786,0.985786,0.0491228,0.0491228,0.0491228,0.0491228,0.0491228,0,0,0,0.99643,0.996653,0,0.94113,0.985786,0.0651163,31,0.984524,0.3,0.985786,0,0,34,0,0,0,0,0,0,17,2.94245,4.41998,69.46,136.29,61,-16.4256,15.8591,261.08,230.41
neuromorpho__391-05.swc,1025,pyramidal,0.752067,0,150,874,0,0,0,0,0,0,0,0,0,0,0.987317,0.0037236,0.985786,0.985786,0.985786,0.985786,0.985786,0,0,0,0,0,0,0,0,0.996151,0.992226,0,0.985786,0.985786,0,60,0.987398,0.985786,0.985786,0,0,41.2,0,0,0,0,0,0,32,8.02667,7.74162,131.68,64.05,49,16.7792,10.2323,283.4,252.19
neuromorpho__391-06.swc,2320,interneuron,0.374104,1569,750,0,0,0,0,0,0,0,0,0,0,0,0.81807,0.140971,0.3,0.3,0.802158,0.802158,0.802158,0.0560345,0.0560345,0.0560345,0.0560345,0.676293,0.760551,0.802158,0.0828553,0.938157,0.937747,0,0,0,0,107,0.847875,0.3,0.802158,0.0186916,0.046729,51,0,82,24.1421,19.4872,277.78,513.5,33,4.284,6.78906,238.23,163.04,0,0,0,0,0
neuromorpho__3PO1_1.swc,1008,pyramidal,0.985737,55,952,0,0,0,0,0,0,0,0,0,0,0,0.684777,0.289795,0.3,0.3,0.3,0.3,0.598355,0.290675,0.511905,0.511905,0.60119,0.60119,0.792901,0.792901,0,0.6782,0.3,0.542017,0,0,0,9,0.879189,0.3,0.655402,0.111111,0.333333,199.2,0,0,0,0,40.81,8.61,0,0,0,151.54,435.31,0,0,0,0,0
neuromorpho__3PO2_1.swc,845,pyramidal,0.978474,68,776,0,0,0,0,0,0,0,0,0,0,0,0.606373,0.243055,0.3,0.3,0.3,0.3,0.579053,0.287574,0.545562,0.742012,0.742012,0.822485,0.856001,0.856001,0,0.583992,0.3,0.80799,0,0,0,10,0.854056,0.3,0.597524,0.3,0.3,136.1,0,0,0,0,33.7,26.72,0,0,0,94.15,472.47,0,0,0,0,0
neuromorpho__3PO2_2.swc,417,pyramidal,0.979337,0,416,0,0,0,0,0,0,0,0,0,0,0,0.752244,0.194338,0.3,0.3,0.693926,0.693926,0.693926,0.0863309,0.0863309,0.693046,0.693046,0.693046,0,0,0,0.751649,0.693926,0.694712,0,0,0,7,0.946242,0.3,0.853278,0.142857,0.142857,149.8,0,0,0,0,0,0,0,0,0,38.49,240.04,0,0,0,0,0
neuromorpho__3PO2_3.swc,1052,pyramidal,0.99259,0,205,846,0,0,0,0,0,0,0,0,0,0,0.987274,0.00437237,0.985157,0.985157,0.985157,0.985157,0.985157,0,0,0,0,0,0,0,0,0.99595,0.992226,0,0.985157,0.985157,0,31,0.987879,0.985157,0.985157,0,0,101,0,0,0,0,0,0,0,0,0,78.95,32.21,0,0,0,19.7,314.99
neuromorpho__3_53.swc,1606,pyramidal,0.985548,16,1589,0,0,0,0,0,0.0153543,0,0,0,0,0,0.958047,0.0863898,0.72548,0.731243,0.731243,0.990146,0.996653,0,0,0,0.115193,0.129514,0.856001,0.856001,0,0.959048,0.731243,0,0,0,0,124,0.967745,0.72548,0.881747,0,0.0806452,27,0,0,0,0,0.67,2.5,0,0,0,90.76,115.05,0,0,0,0,0
neuromorpho__3_54.swc,2117,pyramidal,0.826804,0,2116,0,0,0,0,0,0,0,0,0,0,0,0.959159,0.076995,0.753381,0.756844,0.824952,0.981854,0.996653,0,0,0,0.0977799,0.17572,0,0,0,0.959139,0.824952,0,0,0,0,92,0.964819,0.753381,0.837321,0,0.0869565,37.8,0,0,0,0,0,0,0.1,0.00586011,0.0234877,97.45,98.54,0,0,0,0,0
neuromorpho__3b.swc,766,pyramidal,0.932339,0,765,0,0,0,0,0,0.00394916,0,0,0,0,0,0.880635,0.116909,0.737781,0.750844,0.750844,0.759885,0.996653,0,0,0,0.497389,0.497389,0,0,0,0.880479,0.750844,0,0,0,0,20,0.888862,0.737781,0.749846,0,0.45,104.2,0,0,0,0,0,0,80.82,-16.047,21.1131,102.51,219.66,0,0,0,0,0
neuromorpho__3d_1.swc,3054,pyramidal,0.802555,6,2483,564,0,0,0,0,0,0,0,0,0,0,0.942903,0.165996,0.3,0.3,0.898632,0.990196,0.996653,0.059594,0.0615586,0.0615586,0.0615586,0.14702,0.598688,0.598688,1,0.948542,0.991637,0.0680628,0.921639,0.828027,0.0230496,69,0.960504,0.3,0.865227,0.0289855,0.0289855,112.2,0,0.5,-7.47667,0.186339,2.22,1.51,195.53,8.94,41.3368,231.88,328.64,159.13,47.1162,37.7537,150.32,221.5
neuromorpho__4-ENU2-treated-neuron2.swc,846,pyramidal,0.994859,0,610,235,0,0,0,0,0,0,0,0,0,0,0.861311,0.220653,0.423604,0.44554,0.475117,0.602874,0.996653,0.120567,0.238771,0.277778,0.277778,0.277778,0,0,0,0.996602,0.996653,0,0.50954,0.44554,1,96,0.873394,0.423604,0.502307,0.260417,0.260417,19.5,0,0,0,0,0,0,75.4,-4.68651,13.3675,226.43,215.19,70.14,-23.7945,15.4352,166.63,169.94
neuromorpho__4-ENU2-treated-neuron3.swc,457,pyramidal,0.975209,0,249,207,0,0,0.452954,0.452954,0.0111651,0,-0.452954,0.452954,0.452954,0,0.852411,0.165548,0.484757,0.61295,0.633875,0.691497,0.996653,0.0350109,0.0459519,0.286652,0.452954,0.452954,0,0,0,0.996653,0.996653,0,0.678189,0.605605,0.63285,47,0.822728,0.484757,0.521029,0.319149,0.489362,21.4,0,0,0,0,0,0,49.14,2.17181,10.8255,180.58,189.4,20.75,-14.116,6.03291,192.64,177.66
neuromorpho__43-07-cell-1-analysis.swc,861,interneuron,0.958754,0,860,0,0,0,0,0,0,0,0,0,0,0,0.999824,6.00313e-06,0.999824,0.999824,0.999824,0.999824,0.999824,0,0,0,0,0,0,0,0,0.999824,0.999824,0,0,0,0,21,0.999832,0.999824,0.999824,0,0,97,1,0,0,0,0,0,19.43,-0.804314,4.84992,30.44,225.17,0,0,0,0,0
neuromorpho__4314ARCHV1-2Slice8Cell2.swc,851,pyramidal,0.97458,0,427,423,0,0,0,0,0,0,0,0,0,0,0.991256,0.00543859,0.985786,0.985786,0.985786,0.985786,0.996653,0,0,0,0,0,0,0,0,0.996653,0.996653,0,0.985786,0.985786,0,63,0.991359,0.985786,0.985786,0,0,33.2,0,0,0,0,0,0,47.27,1.65143,9.23017,251.82,139.67,47.81,1.42728,8.5633,216.96,312.24
neuromorpho__46-Neurone-1.swc,483,pyramidal,0.883278,20,273,189,0,0,0.391304,0.391304,0.0687214,0,-0.391304,0.391304,0.391304,0,0.917384,0.10144,0.608801,0.8021,0.8021,0.844134,0.992091,0,0,0.0414079,0.0414079,0.432712,0.608801,0.608801,1,0.995751,0.992091,0,0.836406,0.8021,0,31,0.890341,0.608801,0.8021,0.0322581,0.0322581,37,0,3.91,-5.3495,0.765183,26.63,31.09,38.1,2.86469,9.46153,156.95,183.67,27,14.7638,6.86071,93.36,184.77
neuromorpho__46-Neurone-2.swc,708,pyramidal,0.916565,58,649,0,0,0,0,0,0,0,0,0,0,0,0.9895,0.0328315,0.756844,0.989313,0.990196,0.991637,0.996653,0,0,0,0.019774,0.019774,0.99291,0.99291,0,0.989179,0.990146,0,0,0,0,40,0.982317,0.756844,0.989171,0,0.05,36.5,0,4.2,-4.23345,1.29438,33.43,144.07,51.29,-0.794715,13.4289,280.19,260.42,0,0,0,0,0
neuromorpho__464R.swc,730,interneuron,0.94212,708,21,0,0,0,0,0,0,0,0,0,0,0,0.349841,0.179971,0.3,0.3,0.3,0.3,0.3,0.928767,0.928767,0.928767,0.928767,0.928767,0.329644,0.3,0.957627,0.999824,0.999824,0,0,0,0,39,0.388599,0.3,0.3,0.871795,0.871795,47.2,0,541.68,-5.40384,161.568,296.6,384.65,20.81,6.62952,8.08515,16.51,61.28,0,0,0,0,0
neuromorpho__4_52.swc,1103,pyramidal,0.989795,185,917,0,0,0,0,0,0,0,0,0,0,0,0.987177,0.0229027,0.827277,0.947713,0.947713,0.996653,0.996653,0,0,0,0,0.00725295,0.947461,0.947713,0,0.995176,0.996653,0,0,0,0,79,0.990097,0.827277,0.986865,0,0,38.4,0,0,0,0,9.9,8.91,0,0,0,94.52,112.12,0,0,0,0,0
neuromorpho__4_J2a.swc,3050,interneuron,0.994965,2501,548,0,0,0,0,0,0,0,0,0,0,0,0.98806,0.0870728,0.3,0.999596,0.999596,0.999596,0.999596,0.0157377,0.0157377,0.0157377,0.0157377,0.0157377,0.987436,0.999596,0.0163934,0.990884,0.999824,0.0127737,0,0,0,218,0.996577,0.3,0.999596,0.00458716,0.00458716,30,0,188.88,39.897,29.8371,634.91,466.97,95.95,3.12299,17.6079,191,384.93,0,0,0,0,0
neuromorpho__4_J2b.swc,3072,interneuron,0.996382,2448,623,0,0,0,0,0,0,0,0,0,0,0,0.976127,0.119685,0.3,0.972829,0.976244,0.999596,0.999596,0.0302734,0.0302734,0.0302734,0.0302734,0.0302734,0.970087,0.972829,0.0379902,0.999824,0.999824,0,0,0,0,197,0.98707,0.3,0.972829,0.0101523,0.0101523,32,0,107.8,-39.2959,23.2601,408.48,425.18,92.68,-13.2974,19.7349,260.33,271.51,0,0,0,0,0
neuromorpho__4a_2.swc,2265,pyramidal,0.704197,0,2264,0,0,0,0,0,0,0,0,0,0,0,0.996655,7.03057e-05,0.996653,0.996653,0.996653,0.996653,0.996653,0,0,0,0,0,0,0,0,0.996653,0.996653,0,0,0,0,35,0.996749,0.996653,0.996653,0,0,140,0,0,0,0,0,0,82,-2.26958,14.3357,196.86,240.65,0,0,0,0,0
neuromorpho__4c.swc,2657,pyramidal,0.919277,0,1662,994,0,0,0.374106,0.374106,0.0209816,0,-0.374106,0.374106,0.374106,0,0.835364,0.217103,0.3,0.502307,0.503674,0.514461,0.996653,0.00188182,0.27324,0.27324,0.374106,0.374106,0,0,0,0.996653,0.996653,0,0.565517,0.502307,0.730382,34,0.902614,0.3,0.510801,0.176471,0.205882,183.8,0,0,0,0,0,0,126.36,-3.7992,25.097,156.88,163.99,45.75,9.03504,12.7022,96.78,235.71
neuromorpho__500_1_C5.swc,41319,interneuron,0.990915,18909,22409,0,0,0,0,0,0,0,0,0,0,0,0.885175,0.255135,0.3,0.3,0.3,0.976165,0.999596,0.159612,0.159612,0.159612,0.159612,0.159612,0.930996,0.976244,0.0977841,0.846505,0.3,0.21179,0,0,0,1282,0.939015,0.3,0.966283,0.0819033,0.0889236,87,0,140.96,39.514,35.3177,773.67,745.54,141.73,32.9644,33.8938,688.69,935.69,0,0,0,0,0
neuromorpho__517s1c1.swc,3728,pyramidal,0.655666,921,2806,0,0,0,0,0,0.00208625,0,0,0,0,0,0.798526,0.202558,0.512858,0.533329,0.548183,0.60982,0.819338,0,0.246513,0.457082,0.457082,0.506706,0.608153,0.554783,1,0.86094,0.533329,0.279045,0,0,0,102,0.823507,0.512858,0.548843,0.382353,0.382353,76.7,0,31.03,-5.46403,5.34955,257.12,277.36,40.49,-4.65405,7.55015,217.89,218.87,0,0,0,0,0
neuromorpho__53-Neurone1.swc,783,pyramidal,0.941131,53,413,316,0,0,0.403576,0.403576,0.102135,0,-0.403576,0.403576,0.403576,0,0.976215,0.0298561,0.911997,0.920486,0.925493,0.944752,0.996653,0,0,0,0,0,0.993021,0.993021,0,0.996653,0.996653,0,0.946608,0.920486,0,60,0.974117,0.911997,0.925241,0,0,32.4,0,5.03,4.1483,1.42556,36.37,120.62,68.37,6.25872,18.4427,185.44,158.92,70.58,7.65896,14.7537,160.6,115.04
neuromorpho__535_2_C4.swc,48000,interneuron,0.991038,25254,22745,0,0,0,0,0,0,0,0,0,0,0,0.896924,0.237924,0.3,0.3,0.3,0.975174,0.999596,0.136854,0.136854,0.136854,0.136854,0.136854,0.885665,0.3,0.162311,0.909419,0.3,0.108595,0,0,0,1288,0.915682,0.3,0.3,0.104814,0.115683,91.6,0,59.97,11.2164,13.537,859.75,977.59,66.1,4.27453,11.2025,731.61,1098.62,0,0,0,0,0
neuromorpho__536_3_C8.swc,38069,interneuron,0.957425,30532,7536,0,0,0,0,0,0,0,0,0,0,0,0.770697,0.327677,0.3,0.3,0.3,0.3,0.999596,0.326407,0.326407,0.326407,0.326407,0.326407,0.764768,0.3,0.334633,0.794687,0.3,0.293126,0,0,0,1626,0.83144,0.3,0.3,0.237392,0.244772,58,0,65.36,4.76165,13.445,1364.01,1889.92,49.99,2.55365,9.70312,1185.1,1949.36,0,0,0,0,0
neuromorpho__536_4_C7.swc,52983,interneuron,0.985902,20267,32715,0,0,0,0,0,0,0,0,0,0,0,0.875333,0.261463,0.3,0.3,0.3,0.975174,0.999596,0.170885,0.170885,0.170885,0.170885,0.176302,0.893588,0.3,0.151428,0.86402,0.3,0.182944,0,0,0,1351,0.928204,0.3,0.799711,0.0917839,0.100666,103,0,59,12.2022,13.2993,1144.26,961.1,59,10.7405,13.9006,1307.8,1492.04,0,0,0,0,0
neuromorpho__536_7_C8.swc,34640,interneuron,0.983301,29300,5339,0,0,0,0,0,0,0,0,0,0,0,0.75933,0.33209,0.3,0.3,0.3,0.3,0.999596,0.343274,0.343274,0.343274,0.343274,0.343274,0.772082,0.3,0.324983,0.689301,0.3,0.443716,0,0,0,659,0.81346,0.3,0.3,0.264036,0.280728,122.6,0,59.98,14.7002,13.751,1578.1,1031.73,62.96,8.73897,11.9558,888.83,915.76,0,0,0,0,0
neuromorpho__5515-12-cell-2-analysis.swc,474,interneuron,0.95291,0,473,0,0,0,0,0,0,0,0,0,0,0,0.999325,0.00340006,0.976165,0.999824,0.999824,0.999824,0.999824,0,0,0,0,0,0,0,0,0.999324,0.999824,0,0,0,0,14,0.998146,0.976165,0.999824,0,0,61.2,0,0,0,0,0,0,13.9,1.89619,2.69723,55.05,146.09,0,0,0,0,0
neuromorpho__5515-13-cell-1-analysis.swc,1273,interneuron,0.959117,0,1272,0,0,0,0,0,0,0,0,0,0,0,0.979483,0.117563,0.3,0.999824,0.999824,0.999824,0.999824,0.0290652,0.0290652,0.0290652,0.0290652,0.0290652,0,0,0,0.979467,0.999824,0.0290881,0,0,0,18,0.994873,0.3,0.999824,0,0,147.6,-1.5,0,0,0,0,0,27.04,1.34952,5.65519,81.92,390.98,0,0,0,0,0
neuromorpho__554-1-R4.swc,593,pyramidal,0.985909,4,285,303,0,0,0,0,0,0,0,0,0,0,0.990245,0.0113722,0.868932,0.985786,0.985786,0.985786,0.985786,0,0,0,0,0.00674536,0.868932,0.868932,0,0.996653,0.996653,0,0.985786,0.985786,0,35,0.987821,0.868932,0.985786,0,0,44.6,0,3.84,-0.8175,1.52786,1.75,3.77,52.04,-25.8416,11.8041,147.51,87.65,55.31,-20.7002,13.2972,102.16,124.38
neuromorpho__554-2-L1.swc,986,pyramidal,0.973044,0,985,0,0,0,0,0,0,0,0,0,0,0,0.996657,0.000106527,0.996653,0.996653,0.996653,0.996653,0.996653,0,0,0,0,0,0,0,0,0.996653,0.996653,0,0,0,0,46,0.996726,0.996653,0.996653,0,0,55.5,0,0,0,0,0,0,71.86,-22.7603,16.2845,163.38,205.57,0,0,0,0,0
neuromorpho__554-2-L3.swc,1623,pyramidal,0.907367,0,1329,293,0,0,0.18053,0.18053,0.0220463,0,-0.18053,0.18053,0.18053,0,0.960198,0.0756428,0.732425,0.798183,0.804582,0.996653,0.996653,0,0,0,0.0868762,0.18854,0,0,0,0.993842,0.996653,0,0.807461,0.797632,0,62,0.964563,0.732425,0.805137,0,0.0806452,54.9,0,0,0,0,0,0,87.88,27.3189,19.7273,151.14,255.03,52.34,29.3062,12.4116,150.82,99.72
neuromorpho__554-2-R3.swc,1731,pyramidal,0.950095,68,907,755,0,0,0,0,0.062853,0,0,0,0,0,0.968025,0.0439134,0.859853,0.89378,0.894493,0.955949,0.996653,0,0,0,0,0.200462,0.859853,0.859853,0,0.996653,0.996653,0,0.943334,0.894158,0,79,0.976258,0.859853,0.898263,0,0,58,0,6.39,0.941912,1.80426,85.14,13.47,90.02,7.27735,20.7292,122.63,214.74,97.03,10.5874,17.8977,158,254.88
neuromorpho__557-2-L5.swc,1262,pyramidal,0.832043,0,1261,0,0,0,0,0,0,0,0,0,0,0,0.902813,0.134947,0.693926,0.693926,0.693926,0.707887,0.996653,0,0,0.137084,0.325674,0.327258,0,0,0,0.902736,0.693926,0.137193,0,0,0,61,0.925067,0.693926,0.693926,0.114754,0.245902,53,0,0,0,0,0,0,103.81,-23.4269,22.7233,241.1,225.59,0,0,0,0,0
neuromorpho__557-3-R2.swc,1221,pyramidal,0.985239,102,830,288,0,0,0,0,0.0204138,0,0,0,0,0,0.932183,0.108486,0.668941,0.685444,0.691375,0.947713,0.996653,0,0,0.123669,0.135954,0.235872,0.947713,0.947713,0,0.993317,0.964076,0,0.750261,0.668941,0.524306,60,0.955887,0.668941,0.814906,0.0833333,0.1,51.9,0,11.7,0.266471,3.28934,23.1,126.93,83.44,-6.53186,20.6393,109.9,211.89,33.87,-14.2073,7.60657,116,153.91
neuromorpho__560-3-R1.swc,1348,pyramidal,0.881353,0,1347,0,0,0,0,0,0,0,0,0,0,0,0.985964,0.0482115,0.732585,0.983548,0.996653,0.996653,0.996653,0,0,0,0.0393175,0.0437685,0,0,0,0.985954,0.996653,0,0,0,0,74,0.98378,0.732585,0.996653,0,0.0405405,45.4,0,0,0,0,0,0,92.05,31.7008,17.0827,173.42,251.18,0,0,0,0,0
neuromorpho__560-4-L1.swc,938,pyramidal,0.965974,97,517,323,0,0,0,0,0,0,0,0,0,0,0.972832,0.0574274,0.7976,0.7976,0.856001,0.985786,0.996653,0,0,0,0.0895522,0.103412,0.805427,0.7976,0,0.996095,0.996653,0,0.985786,0.985786,0,47,0.982259,0.7976,0.985786,0,0.0212766,41.8,0,22.91,-16.9177,7.20032,53.63,105.81,48.4,-9.82685,12.6109,131.24,132.51,67.64,-3.26582,10.8453,135.36,119.27
neuromorpho__560-4-R2.swc,1209,pyramidal,0.97917,76,798,334,0,0,0,0,0,0,0,0,0,0,0.984544,0.0337611,0.856001,0.856001,0.985786,0.985786,0.996653,0,0,0,0,0.0628619,0.856001,0.856001,0,0.996247,0.996653,0,0.985786,0.985786,0,65,0.990874,0.856001,0.985786,0,0,63,0,6.93,-4.07974,2.13295,36.86,89.39,66.4,8.56102,13.9579,184.25,187.61,64.24,3.215,14.2435,122.42,178.69
neuromorpho__5_42.swc,62,pyramidal,0.983324,0,61,0,0,0,0,0,0,0,0,0,0,0,0.996707,0.000421593,0.996653,0.996653,0.996653,0.996653,0.996653,0,0,0,0,0,0,0,0,0.996653,0.996653,0,0,0,0,12,0.996932,0.996653,0.996653,0,0,8.8,0,0,0,0,0,0,0.8,-18.932,0.240906,67.34,139.27,0,0,0,0,0
neuromorpho__5b_1.swc,3946,pyramidal,0.667325,0,3945,0,0,0,0,0,0,0,0,0,0,0,0.979072,0.0716013,0.3,0.783733,0.996653,0.996653,0.996653,0.00506842,0.00506842,0.00506842,0.0707045,0.0707045,0,0,0,0.979066,0.996653,0.00506971,0,0,0,43,0.990567,0.3,0.993111,0,0.0232558,216.6,0,0,0,0,0,0,73.83,5.29595,13.4842,240.49,372.83,0,0,0,0,0
neuromorpho__60L4_03_-165.swc,376,interneuron,0.4636,0,375,0,0,0,0,0,0,0,0,0,0,0,0.860607,0.211924,0.3,0.3,0.3,0.936115,0.941861,0.125,0.125,0.125,0.125,0.125,0,0,0,0.860235,0.3,0.125333,0,0,0,25,0.934324,0.3,0.941846,0.04,0.04,35.4,0,0,0,0,0,0,20.37,0.0526933,4.51254,115.05,382.97,0,0,0,0,0
neuromorpho__60L4_03_-330.swc,142,interneuron,0.873081,0,141,0,0,0,0,0,0,0,0,0,0,0,0.958193,0.0845737,0.766839,0.766839,0.766839,0.976165,0.999824,0,0,0,0.161972,0.161972,0,0,0,0.957897,0.766839,0,0,0,0,10,0.969346,0.766839,0.95434,0,0.1,25.9,0,0,0,0,0,0,25.49,2.72433,6.23063,81.16,141.59,0,0,0,0,0
neuromorpho__60L4_07_-180-right.swc,433,interneuron,0.81699,0,432,0,0,0,0,0,0,0,0,0,0,0,0.999824,8.46029e-06,0.999824,0.999824,0.999824,0.999824,0.999824,0,0,0,0,0,0,0,0,0.999824,0.999824,0,0,0,0,19,0.999833,0.999824,0.999824,0,0,69.6,0,0,0,0,0,0,13.83,-2.1144,3.59064,99.23,198.94,0,0,0,0,0
neuromorpho__60R5_01_-480.swc,479,pyramidal,0.692702,0,250,228,0,0,0.475992,0.475992,0.0881153,0,-0.475992,0.475992,0.475992,0,0.924289,0.0758286,0.836491,0.837726,0.837726,0.841038,0.991382,0,0,0,0,0.475992,0,0,0,0.996283,0.996653,0,0.845016,0.837355,0,21,0.93036,0.836491,0.839092,0,0,47,0,0,0,0,0,0,25.49,-8.22976,5.99009,114.28,102.74,32.98,0.341053,8.25227,85.84,117.64
neuromorpho__60R5_01_-525.swc,390,interneuron,0.626674,0,389,0,0,0,0,0,0,0,0,0,0,0,0.935872,0.0149231,0.90087,0.90087,0.90087,0.941697,0.941756,0,0,0,0,0,0,0,0,0.935707,0.90087,0,0,0,0,19,0.934083,0.90087,0.90087,0,0,41.8,0,0,0,0,0,0,45.57,2.90388,8.65525,99.39,197.98,0,0,0,0,0
neuromorpho__60R5_06_-285.swc,438,interneuron,0.814349,0,437,0,0,0,0,0,0,0,0,0,0,0,0.999824,8.41198e-06,0.999824,0.999824,0.999824,0.999824,0.999824,0,0,0,0,0,0,0,0,0.999824,0.999824,0,0,0,0,10,0.999841,0.999824,0.999824,0,0,82.6,0,0,0,0,0,0,45.56,-0.645652,9.10057,157.79,197.48,0,0,0,0,0
neuromorpho__614_4_C4.swc,14912,interneuron,0.992156,0,14911,0,0,0,0,0,0,0,0,0,0,0,0.942709,0.187222,0.3,0.3,0.975845,0.999824,0.999824,0.078125,0.078125,0.078125,0.078125,0.078125,0,0,0,0.942705,0.975845,0.0781302,0,0,0,420,0.973413,0.3,0.976165,0.0380952,0.0380952,87.6,0,0,0,0,0,0,34.83,5.17271,7.19748,522.52,709.44,0,0,0,0,0
neuromorpho__614_6_C4.swc,38382,interneuron,0.995524,18039,20342,0,0,0,0,0,0,0,0,0,0,0,0.947994,0.183068,0.3,0.3,0.999596,0.999596,0.999596,0.0739149,0.0739149,0.0739149,0.0739149,0.0739149,0.967135,0.999596,0.0463995,0.931018,0.999824,0.0983187,0,0,0,1032,0.955877,0.3,0.999596,0.0610465,0.0629845,93.9,0,42.41,8.51501,10.3867,703.47,539.12,43.19,12.3942,10.2114,591.04,762.49,0,0,0,0,0
neuromorpho__6N1-5072019_TileScan-3_Merged_fcfc1a.swc,1117,interneuron,0.988723,0,1116,0,0,0,0,0,0,0,0,0,0,0,0.999824,5.27121e-06,0.999824,0.999824,0.999824,0.999824,0.999824,0,0,0,0,0,0,0,0,0.999824,0.999824,0,0,0,0,25,0.999831,0.999824,0.999824,0,0,88,0,0,0,0,0,0,18.95,0.925323,4.18928,25.29,127.48,0,0,0,0,0
neuromorpho__6N1-5072019_TileScan-3_Merged_fcfc2a.swc,460,interneuron,0.973037,0,459,0,0,0,0,0,0,0,0,0,0,0,0.999824,8.20881e-06,0.999824,0.999824,0.999824,0.999824,0.999824,0,0,0,0,0,0,0,0,0.999824,0.999824,0,0,0,0,14,0.999836,0.999824,0.999824,0,0,77,0,0,0,0,0,0,21.95,-3.68993,4.63199,29.2,63.07,0,0,0,0,0
neuromorpho__6N1-5072019_TileScan-3_Merged_fcfc4a.swc,734,interneuron,0.991346,0,733,0,0,0,0,0,0,0,0,0,0,0,0.999824,6.50111e-06,0.999824,0.999824,0.999824,0.999824,0.999824,0,0,0,0,0,0,0,0,0.999824,0.999824,0,0,0,0,15,0.999835,0.999824,0.999824,0,0,104.8,0,0,0,0,0,0,11.99,-2.57154,2.4583,26.1,102.31,0,0,0,0,0
neuromorpho__6N1-5072019_TileScan-3_Merged_fcfc5a.swc,702,interneuron,0.992561,0,701,0,0,0,0,0,0,0,0,0,0,0,0.999824,6.64742e-06,0.999824,0.999824,0.999824,0.999824,0.999824,0,0,0,0,0,0,0,0,0.999824,0.999824,0,0,0,0,13,0.999837,0.999824,0.999824,0,0,123,0,0,0,0,0,0,10.97,2.08719,1.79594,41.33,125.46,0,0,0,0,0
neuromorpho__6N1-5072019_TileScan-3_Merged_wt10a.swc,358,interneuron,0.990631,0,357,0,0,0,0,0,0,0,0,0,0,0,0.999824,9.30213e-06,0.999824,0.999824,0.999824,0.999824,0.999824,0,0,0,0,0,0,0,0,0.999824,0.999824,0,0,0,0,6,0.999853,0.999824,0.999824,0,0,119,0,0,0,0,0,0,15.97,-1.5807,3.79316,11.36,95.41,0,0,0,0,0
neuromorpho__6N1-5072019_TileScan-3_Merged_wt4a.swc,803,interneuron,0.941859,0,802,0,0,0,0,0,0,0,0,0,0,0,0.999824,6.21589e-06,0.999824,0.999824,0.999824,0.999824,0.999824,0,0,0,0,0,0,0,0,0.999824,0.999824,0,0,0,0,19,0.999833,0.999824,0.999824,0,0,90.8,0,0,0,0,0,0,15.95,2.1209,4.11982,46.19,116.71,0,0,0,0,0
neuromorpho__6N1-5072019_TileScan-3_Merged_wt5a.swc,544,interneuron,0.989978,0,543,0,0,0,0,0,0,0,0,0,0,0,0.999824,7.54975e-06,0.999824,0.999824,0.999824,0.999824,0.999824,0,0,0,0,0,0,0,0,0.999824,0.999824,0,0,0,0,20,0.999833,0.999824,0.999824,0,0,55,0,0,0,0,0,0,16.97,1.57667,3.5876,25.61,124.06,0,0,0,0,0
neuromorpho__6N5DAT6-50717GFPwtb_012-wt3a.swc,1285,interneuron,0.985523,0,1284,0,0,0,0,0,0,0,0,0,0,0,0.999824,4.91486e-06,0.999824,0.999824,0.999824,0.999824,0.999824,0,0,0,0,0,0,0,0,0.999824,0.999824,0,0,0,0,11,0.99984,0.999824,0.999824,0,0,157,0,0,0,0,0,0,9.98,-1.20255,1.8174,25.03,239.35,0,0,0,0,0
neuromorpho__6N5DAT6-50717GFPwtb_013-FCON3mutTdt10a.swc,52,interneuron,0.563959,0,51,0,0,0,0,0,0,0,0,0,0,0,0.936928,0.0098567,0.930409,0.930409,0.930409,0.930409,0.939388,0,0,0,0,0,0,0,0,0.935691,0.930409,0,0,0,0,7,0.944199,0.930409,0.930409,0,0,11.8,0,0,0,0,0,0,16.95,2.33039,4.38156,11.1,64.97,0,0,0,0,0
neuromorpho__6N5DAT6-50717GFPwtb_013-FCON3mutTdt11a.swc,105,pyramidal,0.793133,0,104,0,0,0,0,0,0,0,0,0,0,0,0.986615,0.0346937,0.784554,0.990556,0.991998,0.991998,0.992226,0,0,0,0.0285714,0.0285714,0,0,0,0.986486,0.991998,0,0,0,0,13,0.976626,0.784554,0.988078,0,0.0769231,12.6,0,0,0,0,0,0,12.97,-1.54288,3.61583,35.14,126.98,0,0,0,0,0
neuromorpho__6N5DAT6-50717GFPwtb_013-FCON3mutTdt18a.swc,94,pyramidal,0.668184,0,93,0,0,0,0,0,0,0,0,0,0,0,0.99408,0.00259697,0.990708,0.9909,0.991004,0.992091,0.992226,0,0,0,0,0,0,0,0,0.994017,0.991004,0,0,0,0,17,0.994301,0.990708,0.9916,0,0,10.8,0,0,0,0,0,0,19.98,-0.476667,4.68994,30.59,140.53,0,0,0,0,0
neuromorpho__6N5DAT6-50717GFPwtb_013-FCON3mutTdt1a.swc,92,interneuron,0.659362,0,91,0,0,0,0,0,0,0,0,0,0,0,0.999826,1.82753e-05,0.999824,0.999824,0.999824,0.999824,0.999824,0,0,0,0,0,0,0,0,0.999824,0.999824,0,0,0,0,12,0.999838,0.999824,0.999824,0,0,22,0,0,0,0,0,0,14.98,0.414505,3.49684,35.28,121.27,0,0,0,0,0
neuromorpho__6N5DAT6-50717GFPwtb_013-FCON3mutTdt21a.swc,39,pyramidal,0.769874,0,38,0,0,0,0,0,0,0,0,0,0,0,0.918261,0.117228,0.731243,0.731243,0.731243,0.731243,0.991004,0,0,0,0.282051,0.282051,0,0,0,0.91611,0.731243,0,0,0,0,7,0.955579,0.731243,0.887099,0,0.142857,9.8,0,0,0,0,0,0,16.96,-5.29737,4.84948,7.61,119.63,0,0,0,0,0
neuromorpho__6N5DAT6-50717GFPwtb_013-FCON3mutTdt24a.swc,74,pyramidal,0.964383,0,73,0,0,0,0,0,0,0,0,0,0,0,0.995993,0.00175496,0.991637,0.991637,0.992226,0.996653,0.996653,0,0,0,0,0,0,0,0,0.995938,0.992226,0,0,0,0,23,0.996196,0.991637,0.993111,0,0,6,0,0,0,0,0,0,5.98,1.92795,1.6112,34.64,99.03,0,0,0,0,0
neuromorpho__6N5DAT6-50717GFPwtb_013-FCON3mutTdt26a.swc,107,pyramidal,0.866088,0,106,0,0,0,0,0,0,0,0,0,0,0,0.996478,0.000994943,0.992226,0.996653,0.996653,0.996653,0.996653,0,0,0,0,0,0,0,0,0.996444,0.996653,0,0,0,0,21,0.996602,0.992226,0.996653,0,0,9,0,0,0,0,0,0,17.95,2.41972,3.96119,38.74,147.61,0,0,0,0,0
neuromorpho__6N5DAT6-50717GFPwtb_013-GFPwt14a.swc,184,interneuron,0.760953,0,183,0,0,0,0,0,0,0,0,0,0,0,0.999825,1.2958e-05,0.999824,0.999824,0.999824,0.999824,0.999824,0,0,0,0,0,0,0,0,0.999824,0.999824,0,0,0,0,16,0.999835,0.999824,0.999824,0,0,25.5,0,0,0,0,0,0,12.98,0.866557,3.46345,84.78,161.8,0,0,0,0,0
neuromorpho__6N5DAT6-50717GFPwtb_013-GFPwt1a.swc,256,interneuron,0.918344,0,255,0,0,0,0,0,0,0,0,0,0,0,0.999824,1.09941e-05,0.999824,0.999824,0.999824,0.999824,0.999824,0,0,0,0,0,0,0,0,0.999824,0.999824,0,0,0,0,28,0.99983,0.999824,0.999824,0,0,20.5,0,0,0,0,0,0,17.97,3.4951,3.11148,69.76,174.97,0,0,0,0,0
neuromorpho__6N5DAT6-50717GFPwtb_013-GFPwt6a.swc,425,interneuron,0.465451,0,424,0,0,0,0,0,0,0,0,0,0,0,0.941152,0.00324279,0.938427,0.938427,0.938427,0.938427,0.941791,0,0,0,0,0,0,0,0,0.941013,0.938427,0,0,0,0,26,0.942947,0.938427,0.938427,0,0,40,0,0,0,0,0,0,19.97,2.47528,3.34503,95,142.42,0,0,0,0,0
neuromorpho__6_J2.swc,6474,interneuron,0.997157,5237,1236,0,0,0,0,0,0,0,0,0,0,0,0.875506,0.266777,0.3,0.3,0.3,0.999596,0.999596,0.176861,0.176861,0.176861,0.176861,0.176861,0.846676,0.3,0.217873,0.997559,0.999824,0.00323625,0,0,0,350,0.885576,0.3,0.3,0.165714,0.168571,41.1,0,223.97,-25.7176,43.7537,700.46,600.65,67.27,5.82827,13.0443,304.21,412.56,0,0,0,0,0
neuromorpho__70R3_02_-390.swc,128,interneuron,0.778673,0,127,0,0,0,0,0,0,0,0,0,0,0,0.999825,1.55176e-05,0.999824,0.999824,0.999824,0.999824,0.999824,0,0,0,0,0,0,0,0,0.999824,0.999824,0,0,0,0,19,0.999833,0.999824,0.999824,0,0,12,0,0,0,0,0,0,24.03,-1.26772,5.29875,100.45,178.75,0,0,0,0,0
neuromorpho__70R3_03_-345.swc,120,interneuron,0.683864,0,119,0,0,0,0,0,0,0,0,0,0,0,0.999825,1.60223e-05,0.999824,0.999824,0.999824,0.999824,0.999824,0,0,0,0,0,0,0,0,0.999824,0.999824,0,0,0,0,15,0.999835,0.999824,0.999824,0,0,13.4,0,0,0,0,0,0,17.14,-1.08714,3.97075,115.82,156.6,0,0,0,0,0
neuromorpho__70R3_03_-660.swc,158,interneuron,0.863533,0,157,0,0,0,0,0,0,0,0,0,0,0,0.999825,1.39773e-05,0.999824,0.999824,0.999824,0.999824,0.999824,0,0,0,0,0,0,0,0,0.999824,0.999824,0,0,0,0,16,0.999835,0.999824,0.999824,0,0,25,0,0,0,0,0,0,26.15,0.576752,6.24742,59.19,180.54,0,0,0,0,0
neuromorpho__70R3_04_-345.swc,205,interneuron,0.536837,0,204,0,0,0,0,0,0,0,0,0,0,0,0.941916,0.00410554,0.940415,0.940415,0.940415,0.941766,0.941817,0,0,0,0,0,0,0,0,0.941631,0.940415,0,0,0,0,27,0.943986,0.940415,0.941766,0,0,12.4,0,0,0,0,0,0,35.68,0.918873,5.87583,103.56,243.8,0,0,0,0,0
neuromorpho__70R3_06_-150.swc,185,interneuron,0.718324,0,184,0,0,0,0,0,0,0,0,0,0,0,0.999825,1.29232e-05,0.999824,0.999824,0.999824,0.999824,0.999824,0,0,0,0,0,0,0,0,0.999824,0.999824,0,0,0,0,19,0.999833,0.999824,0.999824,0,0,17.2,0,0,0,0,0,0,34.06,-3.83484,7.29041,101.91,172.69,0,0,0,0,0
neuromorpho__70R3_07_-255.swc,97,interneuron,0.405125,0,96,0,0,0,0,0,0,0,0,0,0,0,0.940511,0.00652886,0.93661,0.93661,0.93661,0.93661,0.941238,0,0,0,0,0,0,0,0,0.939891,0.93661,0,0,0,0,8,0.946927,0.93661,0.93661,0,0,20.6,0,0,0,0,0,0,24,1.7325,3.88504,61.7,148.46,0,0,0,0,0
neuromorpho__72513V1-4Slice2Cell1.swc,1523,pyramidal,0.987033,0,562,960,0,0,0,0,0,0,0,0,0,0,0.988004,0.035693,0.3,0.985786,0.985786,0.985786,0.985786,0.0026264,0.0026264,0.0026264,0.0026264,0.0026264,0,0,0,0.996653,0.996653,0,0.982929,0.985786,0.00416667,91,0.989227,0.3,0.985786,0,0,34,0,0,0,0,0,0,89.11,-8.1842,18.4555,281.91,149.51,85.03,-4.87836,16.9881,293.78,399.66
neuromorpho__72513V1-4Slice3Cell2.swc,917,pyramidal,0.98254,0,404,512,0,0,0,0,0,0,0,0,0,0,0.937491,0.184753,0.3,0.3,0.985786,0.985786,0.985786,0.0774264,0.0774264,0.0774264,0.0774264,0.0774264,0,0,0,0.996653,0.996653,0,0.890687,0.3,0.138672,50,0.982267,0.3,0.985786,0.02,0.02,32.2,0,0,0,0,0,0,59.24,10.44,14.3248,224.61,115.74,80.09,1.05662,17.4427,177.2,822.38
neuromorpho__72513V1-5Slice2Cell1.swc,1419,pyramidal,0.983468,0,534,884,0,0,0,0,0.0188193,0,0,0,0,0,0.964681,0.126063,0.3,0.95016,0.985157,0.985786,0.985786,0.0345314,0.0345314,0.0345314,0.0345314,0.0345314,0,0,0,0.996653,0.996653,0,0.945328,0.950452,0.0554299,74,0.981295,0.3,0.985157,0.0135135,0.0135135,36.7,0,0,0,0,0,0,74.68,5.41118,14.41,187.18,251.11,78.4,-0.5975,13.215,230.31,768.53
neuromorpho__72715-V1-2slice10.swc,580,pyramidal,0.995026,0,215,364,0,0,0,0,0,0,0,0,0,0,0.983589,0.0558455,0.3,0.985786,0.985786,0.985786,0.985786,0.00517241,0.00517241,0.00517241,0.0155172,0.0155172,0,0,0,0.989377,0.996653,0,0.980125,0.985786,0.00824176,49,0.980158,0.3,0.985786,0,0.0408163,23.6,0,0,0,0,0,0,52.72,-8.44153,10.127,144.96,136.93,45.03,-3.26181,9.03892,175.99,536.82
neuromorpho__72715-V1-2slice5.swc,767,pyramidal,0.990101,0,329,437,0,0,0,0,0,0,0,0,0,0,0.990466,0.00538681,0.985786,0.985786,0.985786,0.985786,0.985786,0,0,0,0,0,0,0,0,0.996653,0.996653,0,0.985786,0.985786,0,61,0.990829,0.985786,0.985786,0,0,25,-2.805,0,0,0,0,0,59.14,-4.74293,11.1806,192.7,143.24,60.6,-0.174405,10.8529,185.86,329.61
neuromorpho__72715-V1-2slice5cell3.swc,872,pyramidal,0.988525,0,507,364,0,0,0,0,0,0,0,0,0,0,0.991949,0.00531956,0.985786,0.985786,0.985786,0.985786,0.996653,0,0,0,0,0,0,0,0,0.996358,0.996653,0,0.985786,0.985786,0,69,0.99204,0.985786,0.985786,0,0,24,0,0,0,0,0,0,50.95,-0.886272,8.29806,208.06,233.27,51.99,-0.960879,11.3653,219.16,265.46
neuromorpho__72715-V1-2slice9.swc,1017,pyramidal,0.992444,0,598,418,0,0,0,0,0,0,0,0,0,0,0.972218,0.104695,0.3,0.985786,0.985786,0.985786,0.996653,0.0216323,0.0216323,0.0216323,0.0412979,0.0471976,0,0,0,0.989286,0.996653,0,0.947733,0.985786,0.0526316,77,0.985675,0.3,0.985786,0,0.025974,27.4,0,0,0,0,0,0,74.47,4.17418,15.2637,207.94,201.44,50.84,4.66414,10.4465,146.31,559.58
neuromorpho__72715-V1-5Slice4Cell1.swc,738,pyramidal,0.985706,0,737,0,0,0,0,0,0,0,0,0,0,0,0.983953,0.0879567,0.3,0.992217,0.992226,0.992226,0.996653,0.0162602,0.0162602,0.0162602,0.0162602,0.0162602,0,0,0,0.983931,0.992226,0.0162822,0,0,0,67,0.992222,0.3,0.992202,0,0,25.8,0,0,0,0,0,0,71.68,1.98798,13.336,234.66,356.26,0,0,0,0,0
neuromorpho__72715.swc,414,pyramidal,0.885816,0,148,265,0,0,0,0,0.0494445,0,0,0,0,0,0.863567,0.162284,0.3,0.3,0.828027,0.828027,0.83099,0.0603865,0.0603865,0.0603865,0.0603865,0.567633,0,0,0,0.996534,0.996653,0,0.788792,0.828027,0.0943396,44,0.892848,0.3,0.828027,0.0227273,0.0227273,19,0,0,0,0,0,0,32.33,8.93892,7.54811,172.31,75.98,25.36,3.82958,5.13577,178.68,740.66
neuromorpho__7_44.swc,2432,pyramidal,0.992224,0,2431,0,0,0,0,0,0,0,0,0,0,0,0.994099,0.0224256,0.765117,0.990708,0.996653,0.996653,0.996653,0,0,0,0.00945724,0.00945724,0,0,0,0.994097,0.996653,0,0,0,0,117,0.994367,0.765117,0.996653,0,0.00854701,39.4,0,0,0,0,0,0,0,0,0,15.93,110.25,0,0,0,0,0
neuromorpho__7_J2a.swc,2360,interneuron,0.987581,1455,904,0,0,0,0,0,0,0,0,0,0,0,0.789766,0.319365,0.3,0.3,0.3,0.3,0.999596,0.298305,0.298305,0.298305,0.298305,0.298305,0.659111,0.3,0.483849,0.999824,0.999824,0,0,0,0,143,0.760083,0.3,0.3,0.342657,0.342657,37,-0.00333333,130.64,-21.7478,25.2034,506.65,508.41,119.56,-4.15468,25.2418,274.01,387.82,0,0,0,0,0
neuromorpho__7month-Arctic-13_2.swc,511,pyramidal,0.983796,0,0,510,0,0,0,0,0,0,0,0,0,0,0.985814,0.000628169,0.985786,0.985786,0.985786,0.985786,0.985786,0,0,0,0,0,0,0,0,0,0,0,0.985786,0.985786,0,44,0.986109,0.985786,0.985786,0,0,27,0,0,0,0,0,0,0,0,0,0,0,33.04,4.49386,7.33956,93.22,221.55
neuromorpho__7month-Arctic-13_3.swc,244,pyramidal,0.667439,0,0,243,0,0,0,0,0,0,0,0,0,0,0.985844,0.000908083,0.985786,0.985786,0.985786,0.985786,0.985786,0,0,0,0,0,0,0,0,0,0,0,0.985786,0.985786,0,16,0.986675,0.985786,0.985786,0,0,29.5,0,0,0,0,0,0,0,0,0,0,0,27.78,0.694815,5.34943,143.96,274.24
neuromorpho__7month-Arctic-13_8.swc,737,pyramidal,0.986185,0,0,736,0,0,0,0,0,0,0,0,0,0,0.985805,0.000523219,0.985786,0.985786,0.985786,0.985786,0.985786,0,0,0,0,0,0,0,0,0,0,0,0.985786,0.985786,0,58,0.986031,0.985786,0.985786,0,0,30.2,0,0,0,0,0,0,0,0,0,0,0,44.48,0.711861,8.17872,153.8,288.95
neuromorpho__7month-Arctic-17_4.swc,428,pyramidal,0.956583,0,0,427,0,0,0,0,0,0,0,0,0,0,0.985819,0.00068625,0.985786,0.985786,0.985786,0.985786,0.985786,0,0,0,0,0,0,0,0,0,0,0,0.985786,0.985786,0,68,0.985995,0.985786,0.985786,0,0,15,0,0,0,0,0,0,0,0,0,0,0,27.79,20.2693,4.53267,139.32,278.77
neuromorpho__7month-Arctic-20_5.swc,285,pyramidal,0.986241,0,0,284,0,0,0,0,0,0,0,0,0,0,0.985836,0.000840478,0.985786,0.985786,0.985786,0.985786,0.985786,0,0,0,0,0,0,0,0,0,0,0,0.985786,0.985786,0,44,0.986109,0.985786,0.985786,0,0,13,0,0,0,0,0,0,0,0,0,0,0,28.07,-3.22025,4.81478,232.91,223.34
neuromorpho__7month-Arctic-9_1.swc,1230,pyramidal,0.984551,0,0,1229,0,0,0,0,0,0,0,0,0,0,0.985798,0.000405119,0.985786,0.985786,0.985786,0.985786,0.985786,0,0,0,0,0,0,0,0,0,0,0,0.985786,0.985786,0,110,0.985915,0.985786,0.985786,0,0,25.1,0,0,0,0,0,0,0,0,0,0,0,30.06,-3.92277,6.56819,192.44,321.89
neuromorpho__7month-Arctic-C5aR1-KO-24_3.swc,518,pyramidal,0.984515,0,0,517,0,0,0,0,0,0,0,0,0,0,0.985814,0.000623918,0.985786,0.985786,0.985786,0.985786,0.985786,0,0,0,0,0,0,0,0,0,0,0,0.985786,0.985786,0,54,0.986049,0.985786,0.985786,0,0,20.4,0,0,0,0,0,0,0,0,0,0,0,28.15,5.97466,6.09729,163.47,277.27
neuromorpho__7month-Arctic-C5aR1-KO-24_5.swc,582,pyramidal,0.990263,0,0,581,0,0,0,0,0,0,0,0,0,0,0.985811,0.000588677,0.985786,0.985786,0.985786,0.985786,0.985786,0,0,0,0,0,0,0,0,0,0,0,0.985786,0.985786,0,68,0.985995,0.985786,0.985786,0,0,18.3,0,0,0,0,0,0,0,0,0,0,0,55.14,-2.85329,8.08735,150.16,241
neuromorpho__7month-C5aR1-KO-18-3.swc,427,pyramidal,0.9618,0,0,426,0,0,0,0,0,0,0,0,0,0,0.985819,0.000687051,0.985786,0.985786,0.985786,0.985786,0.985786,0,0,0,0,0,0,0,0,0,0,0,0.985786,0.985786,0,68,0.985995,0.985786,0.985786,0,0,15,0,0,0,0,0,0,0,0,0,0,0,27.79,20.2612,4.53717,139.33,278.76
neuromorpho__7month-C5aR1-KO-18-4.swc,544,pyramidal,0.994841,0,0,543,0,0,0,0,0,0,0,0,0,0,0.985812,0.000608854,0.985786,0.985786,0.985786,0.985786,0.985786,0,0,0,0,0,0,0,0,0,0,0,0.985786,0.985786,0,78,0.985968,0.985786,0.985786,0,0,18,0,0,0,0,0,0,0,0,0,0,0,36.18,7.79427,6.0269,183.83,345.47
neuromorpho__7month-wt-16_1.swc,891,pyramidal,0.982935,0,0,890,0,0,0,0,0,0,0,0,0,0,0.985802,0.000475915,0.985786,0.985786,0.985786,0.985786,0.985786,0,0,0,0,0,0,0,0,0,0,0,0.985786,0.985786,0,78,0.985968,0.985786,0.985786,0,0,28.6,0,0,0,0,0,0,0,0,0,0,0,41.99,4.60602,8.566,181.15,245.28
neuromorpho__7month-wt-16_2.swc,702,pyramidal,0.983459,0,0,701,0,0,0,0,0,0,0,0,0,0,0.985806,0.000536086,0.985786,0.985786,0.985786,0.985786,0.985786,0,0,0,0,0,0,0,0,0,0,0,0.985786,0.985786,0,60,0.986023,0.985786,0.985786,0,0,27.4,0,0,0,0,0,0,0,0,0,0,0,49.08,2.6682,9.12127,196.87,180.3
neuromorpho__822.swc,960,interneuron,0.990868,0,959,0,0,0,0,0,0,0,0,0,0,0,0.984236,0.0118358,0.975174,0.975174,0.975174,0.975174,0.975174,0,0,0,0,0,0,0,0,0.984219,0.975174,0,0,0,0,134,0.983876,0.975174,0.975174,0,0,15.7,-0.311146,0,0,0,0,0,20.32,-2.89328,4.74396,47.69,34.18,0,0,0,0,0
neuromorpho__8N22DAT8-50717GFPwta-fcfc-9a.swc,1161,interneuron,0.97269,0,1160,0,0,0,0,0,0,0,0,0,0,0,0.999824,5.17045e-06,0.999824,0.999824,0.999824,0.999824,0.999824,0,0,0,0,0,0,0,0,0.999824,0.999824,0,0,0,0,29,0.99983,0.999824,0.999824,0,0,108.2,0,0,0,0,0,0,17.95,-0.0692845,3.24017,104,107.78,0,0,0,0,0
neuromorpho__8N22DAT8-50717GFPwta-wt10a.swc,206,interneuron,0.888476,0,205,0,0,0,0,0,0,0,0,0,0,0,0.999825,1.22501e-05,0.999824,0.999824,0.999824,0.999824,0.999824,0,0,0,0,0,0,0,0,0.999824,0.999824,0,0,0,0,14,0.999836,0.999824,0.999824,0,0,34.9,0,0,0,0,0,0,17.95,2.27034,4.13639,36.21,251.99,0,0,0,0,0
neuromorpho__8N22DAT8-50717GFPwta-wt15a.swc,405,interneuron,0.626581,0,404,0,0,0,0,0,0,0,0,0,0,0,0.939629,0.00382319,0.936533,0.936533,0.936533,0.936533,0.939695,0,0,0,0,0,0,0,0,0.93948,0.936533,0,0,0,0,56,0.940039,0.936533,0.936533,0,0,17.5,0,0,0,0,0,0,17.95,-1.94614,4.19873,86.2,285.28,0,0,0,0,0
neuromorpho__8N22DAT8-50717GFPwta-wt4a.swc,174,interneuron,0.501723,0,173,0,0,0,0,0,0,0,0,0,0,0,0.940433,0.00464386,0.939119,0.939119,0.939119,0.939119,0.939787,0,0,0,0,0,0,0,0,0.940089,0.939119,0,0,0,0,30,0.942134,0.939119,0.939119,0,0,12.1,0,0,0,0,0,0,18.95,3.1726,3.32025,45.59,131.4,0,0,0,0,0
neuromorpho__8N22DAT8-50717GFPwta-wt5a.swc,164,pyramidal,0.669157,0,163,0,0,0,0,0,0,0,0,0,0,0,0.996674,0.000260538,0.996653,0.996653,0.996653,0.996653,0.996653,0,0,0,0,0,0,0,0,0.996653,0.996653,0,0,0,0,15,0.996876,0.996653,0.996653,0,0,25.4,0,0,0,0,0,0,10.98,0.102086,2.85386,61.79,181.06,0,0,0,0,0
neuromorpho__8N22DAT8-50717GFPwta-wt9a.swc,237,interneuron,0.450831,0,236,0,0,0,0,0,0,0,0,0,0,0,0.938949,0.00672479,0.926848,0.926848,0.926848,0.939455,0.941711,0,0,0,0,0,0,0,0,0.93869,0.926848,0,0,0,0,24,0.942724,0.926848,0.939455,0,0,31.8,0,0,0,0,0,0,16.95,-1.06725,4.76533,41.03,201.21,0,0,0,0,0
neuromorpho__8N3-8162019-b-fcfc7a.swc,2532,interneuron,0.864474,0,2531,0,0,0,0,0,0,0,0,0,0,0,0.999824,3.50198e-06,0.999824,0.999824,0.999824,0.999824,0.999824,0,0,0,0,0,0,0,0,0.999824,0.999824,0,0,0,0,49,0.999827,0.999824,0.999824,0,0,116.4,0,0,0,0,0,0,16.95,-1.01214,3.13493,80,266.84,0,0,0,0,0
neuromorpho__8N3-8162019-b-fcfc9-10a.swc,2353,interneuron,0.993692,0,2352,0,0,0,0,0,0,0,0,0,0,0,0.999824,3.63269e-06,0.999824,0.999824,0.999824,0.999824,0.999824,0,0,0,0,0,0,0,0,0.999824,0.999824,0,0,0,0,36,0.999829,0.999824,0.999824,0,0,141,0,0,0,0,0,0,15.95,1.81312,3.03873,88.84,172.74,0,0,0,0,0
neuromorpho__8N3-8162019-b-wt2a.swc,795,interneuron,0.992405,0,794,0,0,0,0,0,0,0,0,0,0,0,0.999824,6.24704e-06,0.999824,0.999824,0.999824,0.999824,0.999824,0,0,0,0,0,0,0,0,0.999824,0.999824,0,0,0,0,14,0.999836,0.999824,0.999824,0,0,99.9,0,0,0,0,0,0,15.98,-1.09322,4.66585,30.17,107.01,0,0,0,0,0
neuromorpho__8N6-8162019-b-fcfc3a.swc,2006,interneuron,0.974693,0,2005,0,0,0,0,0,0,0,0,0,0,0,0.999824,3.93421e-06,0.999824,0.999824,0.999824,0.999824,0.999824,0,0,0,0,0,0,0,0,0.999824,0.999824,0,0,0,0,68,0.999826,0.999824,0.999824,0,0,75,0,0,0,0,0,0,14.98,-1.21088,3.09108,73.26,276.44,0,0,0,0,0
neuromorpho__8N6-8162019-b-fcfc6a.swc,2925,interneuron,0.955519,0,2924,0,0,0,0,0,0,0,0,0,0,0,0.999824,3.25832e-06,0.999824,0.999824,0.999824,0.999824,0.999824,0,0,0,0,0,0,0,0,0.999824,0.999824,0,0,0,0,52,0.999827,0.999824,0.999824,0,0,125.4,0,0,0,0,0,0,15.96,0.867445,3.49463,104.06,161.82,0,0,0,0,0
neuromorpho__8N6-8162019-b-wT3a.swc,1802,interneuron,0.966761,0,1801,0,0,0,0,0,0,0,0,0,0,0,0.999824,4.15082e-06,0.999824,0.999824,0.999824,0.999824,0.999824,0,0,0,0,0,0,0,0,0.999824,0.999824,0,0,0,0,48,0.999827,0.999824,0.999824,0,0,95.9,0,0,0,0,0,0,18.95,6.59481,4.53605,105.04,210.75,0,0,0,0,0
neuromorpho__8N6-8162019-b-wt6a.swc,2173,interneuron,0.878068,0,2172,0,0,0,0,0,0,0,0,0,0,0,0.999824,3.78009e-06,0.999824,0.999824,0.999824,0.999824,0.999824,0,0,0,0,0,0,0,0,0.999824,0.999824,0,0,0,0,67,0.999826,0.999824,0.999824,0,0,82.6,0,0,0,0,0,0,14.98,2.83889,2.85362,150.99,217.02,0,0,0,0,0
neuromorpho__8_den_ax.swc,114475,pyramidal,0.995049,109716,2500,2258,0,0,0,0,0.00172947,0,0,0,0,0,0.521656,0.320498,0.3,0.3,0.3,0.3,0.3,0.675213,0.675213,0.675213,0.675222,0.694955,0.50474,0.3,0.704501,0.996653,0.996653,0,0.817489,0.806591,0,941,0.676075,0.3,0.3,0.44102,0.451647,328,0,5201.64,1337.27,1548.08,4345.74,7907.04,112.45,-14.5684,21.7627,181.17,307.05,88.59,-9.71001,15.8373,272.1,316.49
neuromorpho__8may2015c1.swc,3626,interneuron,0.942798,2143,1482,0,0,0,0,0,0,0,0,0,0,0,0.880528,0.260861,0.3,0.3,0.3,0.986406,0.999596,0.167954,0.167954,0.167954,0.167954,0.167954,0.797972,0.3,0.284181,0.999824,0.999824,0,0,0,0,450,0.851799,0.3,0.3,0.208889,0.211111,18,0,109.48,-12.3754,25.4873,700.55,596.1,91.74,-6.57655,19.7302,155.47,511.77,0,0,0,0,0
neuromorpho__9-10-14-B.swc,12562,interneuron,0.991013,11177,1384,0,0,0,0,0,0,0,0,0,0,0,0.995976,0.00735676,0.972829,0.972829,0.986406,0.999596,0.999596,0,0,0,0,0,0.9955,0.986406,0,0.999824,0.999824,0,0,0,0,113,0.995766,0.972829,0.986406,0,0,261.8,-3,46.5,8.37958,10.1824,125.68,404.25,12,4.75867,3.54527,37.65,112.98,0,0,0,0,0
neuromorpho__908s3c3.swc,3922,pyramidal,0.835073,207,2146,1568,0,0,0,0,0,0,0,0,0,0,0.97694,0.091842,0.3,0.947713,0.985786,0.985786,0.996653,0.0175931,0.0175931,0.0175931,0.0175931,0.0242223,0.847583,0.3,0.154589,0.983263,0.996653,0.0167754,0.985349,0.985786,0.000637755,105,0.988542,0.3,0.985786,0,0,78,0,21.93,-9.38357,6.10754,48.98,194.44,39.39,-3.46525,7.73726,266.36,195.6,41.52,-3.67058,7.58134,402.45,309.66
neuromorpho__A1-N1-1_final.swc,1360,pyramidal,0.992243,0,1359,0,0,0,0,0,0,0,0,0,0,0,0.996656,9.07176e-05,0.996653,0.996653,0.996653,0.996653,0.996653,0,0,0,0,0,0,0,0,0.996653,0.996653,0,0,0,0,67,0.996703,0.996653,0.996653,0,0,47.4,0,0,0,0,0,0,0,0,0,53.11,99.86,0,0,0,0,0
neuromorpho__A1-N2-1_final.swc,1179,pyramidal,0.995892,0,1178,0,0,0,0,0,0,0,0,0,0,0,0.996656,9.7427e-05,0.996653,0.996653,0.996653,0.996653,0.996653,0,0,0,0,0,0,0,0,0.996653,0.996653,0,0,0,0,55,0.996714,0.996653,0.996653,0,0,41.6,0,0,0,0,0,0,0,0,0,68.51,90.88,0,0,0,0,0
neuromorpho__A1-N3-1_13jun-5-_final.swc,1382,pyramidal,0.9882,0,1381,0,0,0,0,0,0,0,0,0,0,0,0.996656,8.99931e-05,0.996653,0.996653,0.996653,0.996653,0.996653,0,0,0,0,0,0,0,0,0.996653,0.996653,0,0,0,0,56,0.996713,0.996653,0.996653,0,0,52,0,0,0,0,0,0,0,0,0,78.22,118.67,0,0,0,0,0
neuromorpho__A110111PYR.swc,5737,pyramidal,0.847384,386,869,4481,0,0,0,0,0.00636959,0,0,0,0,0,0.91074,0.192936,0.3,0.3,0.767118,0.985786,0.985786,0.084539,0.084539,0.0946488,0.100401,0.179013,0.913123,0.856001,0,0.903582,0.767118,0.0701956,0.911902,0.3,0.107565,106,0.92125,0.3,0.824022,0.0471698,0.0754717,150,0,57.84,-25.9022,16.1831,120.89,241.15,48.48,-12.7826,11.7322,295.61,211.02,148.81,-7.38617,31.4748,265.52,250.84
neuromorpho__A151218-02_VIP_IN.swc,4353,interneuron,0.996045,3374,978,0,0,0,0,0,0,0,0,0,0,0,0.999293,0.00290127,0.972829,0.999596,0.999596,0.999596,0.999596,0,0,0,0,0,0.999139,0.999596,0,0.999824,0.999824,0,0,0,0,1277,0.999231,0.972829,0.999596,0,0,8,-1.09636,264.79,-37.8077,40.0816,248.09,405.1,160.95,29.0626,25.6406,210.68,284.03,0,0,0,0,0
neuromorpho__A1_slide1_neuron1.swc,537,pyramidal,0.992596,13,320,203,0,0,0,0,0,0,0,0,0,0,0.907714,0.162717,0.3,0.535141,0.615939,0.954277,0.985786,0.00931099,0.0986965,0.178771,0.210428,0.210428,0.947713,0.947713,0,0.856273,0.535141,0.3,0.985786,0.985786,0,69,0.925032,0.3,0.637233,0.144928,0.15942,14.2,1.91889,43.7,-44.1612,13.7018,13,96.2,122.68,-14.3713,26.8606,377.07,351.68,127.66,3.69343,26.1482,197.46,510.92
neuromorpho__A1_slide2_10.swc,1876,pyramidal,0.994788,12,598,1265,0,0,0,0,0,0,0,0,0,0,0.982069,0.0430127,0.3,0.985786,0.985786,0.985786,0.985786,0.0010661,0.0010661,0.0010661,0.0282516,0.0282516,0.960207,0.960207,0,0.976907,0.996653,0,0.984702,0.985786,0.00158103,95,0.985697,0.3,0.985786,0,0.0105263,44.6,-26.0956,9.88,25.499,3.77381,2.86,24.76,69.97,17.5691,13.7399,216.84,179.24,86.02,-37.0201,18.8701,171.88,694.95
neuromorpho__A1_slide2_11.swc,927,pyramidal,0.981501,46,489,391,0,0,0,0,0,0,0,0,0,0,0.838854,0.287522,0.3,0.3,0.3,0.985786,0.996653,0.218986,0.225458,0.225458,0.225458,0.225458,0.993021,0.993021,0,0.991228,0.996653,0.0122699,0.629739,0.3,0.519182,33,0.895217,0.3,0.350898,0.151515,0.151515,54,-19.555,22.82,19.4396,6.50717,74.2,47.24,87.56,4.34909,14.6576,221.35,211.03,98.26,27.0061,19.735,96.09,438.74
neuromorpho__A1_slide2_14.swc,364,pyramidal,0.970628,61,155,147,0,0,0,0,0.0386857,0,0,0,0,0,0.888484,0.214936,0.3,0.3,0.3,0.856001,0.985786,0.112637,0.112637,0.112637,0.112637,0.255495,0.482296,0.3,0.672131,0.966745,0.856001,0,0.97376,0.924484,0,48,0.93985,0.3,0.856001,0.0625,0.0625,14.3,-15.813,25.84,12.7353,8.08793,152.8,481.72,68.07,-10.299,15.9864,227.02,217.37,86.68,12.9061,19.0548,174.68,143.4
neuromorpho__A1_slide2_16.swc,348,pyramidal,0.971755,0,202,145,0,0,0,0,0,0,0,0,0,0,0.990164,0.0374354,0.3,0.985786,0.985786,0.985786,0.996653,0.00287356,0.00287356,0.00287356,0.00287356,0.00287356,0,0,0,0.996653,0.996653,0,0.981057,0.985786,0.00689655,43,0.991595,0.3,0.985786,0,0,15.8,-13.0567,0,0,0,0,0,92.45,-9.04244,21.5632,196.26,275.49,90.62,-8.25864,19.8527,190.39,270.42
neuromorpho__A1_slide2_19.swc,455,pyramidal,0.992901,32,201,221,0,0,0,0,0,0,0,0,0,0,0.962987,0.113308,0.3,0.814255,0.985786,0.985786,0.985786,0.0241758,0.0241758,0.0241758,0.0417582,0.0835165,0.841336,0.3,0.21875,0.957104,0.814255,0.0199005,0.985786,0.985786,0,50,0.978431,0.3,0.985786,0,0.02,14.3,-17.8778,39.51,-13.036,11.3169,40.76,219.88,88.77,-2.27834,19.858,278.59,223.67,70.7,4.9952,13.3758,210.78,646.32
neuromorpho__A1_slide2_4.swc,446,pyramidal,0.97829,10,192,243,0,0,0,0,0,0,0,0,0,0,0.97225,0.107208,0.3,0.985786,0.985786,0.985786,0.985786,0.0246637,0.0246637,0.0246637,0.0246637,0.0246637,0.947713,0.947713,0,0.956251,0.991432,0.0572917,0.985786,0.985786,0,61,0.984111,0.3,0.985786,0,0,14,-12.64,27.58,4.178,8.15001,8.75,67.23,78.24,-11.985,14.999,280.24,184.89,88.67,-26.5781,16.4766,210.3,527.21
neuromorpho__A1_slide2_neuron2.swc,561,pyramidal,0.98483,27,211,322,0,0,0,0,0,0,0,0,0,0,0.987557,0.0414364,0.3,0.985786,0.985786,0.985786,0.985786,0.00356506,0.00356506,0.00356506,0.00356506,0.00356506,0.941583,0.99291,0.0740741,0.996083,0.991637,0,0.985786,0.985786,0,75,0.989376,0.3,0.985786,0,0,13.6,-18.708,0.86,14.9361,0.385141,9.89,183.1,60.86,20.5473,12.3303,220.45,121.54,101.11,-3.79964,20.0778,279.93,224.05
neuromorpho__A1_slide2_neuron3.swc,530,pyramidal,0.994734,41,132,356,0,0,0,0,0,0,0,0,0,0,0.96001,0.125179,0.3,0.810557,0.985786,0.985786,0.985786,0.0301887,0.0301887,0.0433962,0.0433962,0.0622642,0.722574,0.3,0.390244,0.963939,0.810557,0.0530303,0.985786,0.985786,0,66,0.977003,0.3,0.985786,0.0151515,0.030303,14,-16.4425,19.09,14.8069,7.07274,33.79,260.98,40.55,26.0618,9.13415,173.68,134.68,87.6,6.35098,13.8763,219.46,197.95
neuromorpho__A1_slide3_5.swc,576,pyramidal,0.938855,264,311,0,0,0,0,0,0,0,0,0,0,0,0.721517,0.3329,0.3,0.3,0.3,0.3,0.985786,0.378472,0.378472,0.395833,0.395833,0.395833,0.419493,0.3,0.825758,0.977002,0.964747,0.0321543,0,0,0,31,0.710785,0.3,0.3,0.419355,0.419355,36,-27.766,41.49,-23.4609,10.3862,77.48,498.54,67.13,9.56024,18.2033,140.35,165.82,0,0,0,0,0
neuromorpho__A1_slide3_neuron1.swc,626,pyramidal,0.979423,22,329,274,0,0,0,0,0,0,0,0,0,0,0.991774,0.0053262,0.985786,0.985786,0.985786,0.985786,0.996653,0,0,0,0,0,0.993021,0.993021,0,0.996653,0.996653,0,0.985786,0.985786,0,78,0.992052,0.985786,0.985786,0,0,17.3,-14.856,14.48,14.1828,4.95827,81.74,91.04,73.42,18.8282,20.17,192.83,246.58,85.97,-2.50769,20.5006,201.93,261.2
neuromorpho__A1_slide3_neuron4.swc,536,pyramidal,0.996604,20,232,283,0,0,0,0,0,0,0,0,0,0,0.982516,0.0423923,0.727455,0.963554,0.985786,0.985786,0.985786,0,0,0,0.0261194,0.0261194,0.963554,0.963554,0,0.980087,0.992226,0,0.985786,0.985786,0,65,0.98603,0.727455,0.985786,0,0.0153846,16,-15.0033,5.02,13.4383,1.70358,29.3,158.01,77.7,0.604411,19.6057,245.95,166.89,68.9,13.6402,14.1667,271.67,339.36
neuromorpho__A1_slide4_neuron1.swc,1091,pyramidal,0.994317,37,478,575,0,0,0,0,0,0,0,0,0,0,0.990646,0.0052286,0.985786,0.985786,0.985786,0.985786,0.985786,0,0,0,0,0,0.99291,0.99291,0,0.996298,0.996653,0,0.985786,0.985786,0,79,0.99062,0.985786,0.985786,0,0,25.2,-24.5145,5.99,-4.28275,1.5998,16.66,86.64,78.57,-9.58979,15.2807,203.3,186.71,80.11,-6.84053,16.7674,191.04,502.36
neuromorpho__A2-N2-3_final.swc,1462,pyramidal,0.994233,0,1461,0,0,0,0,0,0,0,0,0,0,0,0.996656,8.7498e-05,0.996653,0.996653,0.996653,0.996653,0.996653,0,0,0,0,0,0,0,0,0.996653,0.996653,0,0,0,0,61,0.996708,0.996653,0.996653,0,0,58,0,0,0,0,0,0,0,0,0,67.05,121.24,0,0,0,0,0
neuromorpho__A2-N4-2_1.swc,1159,pyramidal,0.991034,0,1158,0,0,0,0,0,0,0,0,0,0,0,0.996656,9.82633e-05,0.996653,0.996653,0.996653,0.996653,0.996653,0,0,0,0,0,0,0,0,0.996653,0.996653,0,0,0,0,54,0.996715,0.996653,0.996653,0,0,50,0,0,0,0,0,0,0,0,0,68.58,72.01,0,0,0,0,0
neuromorpho__A2-N9-2_final.swc,1291,pyramidal,0.994395,0,1290,0,0,0,0,0,0,0,0,0,0,0,0.996656,9.31085e-05,0.996653,0.996653,0.996653,0.996653,0.996653,0,0,0,0,0,0,0,0,0.996653,0.996653,0,0,0,0,43,0.996731,0.996653,0.996653,0,0,58.4,0,0,0,0,0,0,0,0,0,58.17,86.14,0,0,0,0,0
neuromorpho__A2_slide1_4.swc,663,pyramidal,0.986086,11,302,349,0,0,0,0,0,0,0,0,0,0,0.910344,0.205028,0.3,0.3,0.570411,0.985786,0.985786,0.0889894,0.113122,0.113122,0.13273,0.15083,0.938416,0.938416,0,0.903591,0.570411,0.129139,0.915046,0.3,0.103152,63,0.93893,0.3,0.797039,0.0634921,0.111111,20.8,-14.7438,18.95,-28.4099,7.54374,75.33,46.61,110.24,-0.932243,24.5161,301.49,464.76,85.76,7.72358,17.6526,252.95,893.98
neuromorpho__A2_slide1_neuron2.swc,636,pyramidal,0.995477,10,333,292,0,0,0,0,0,0,0,0,0,0,0.985327,0.049865,0.3,0.985786,0.985786,0.985786,0.990146,0.00471698,0.00471698,0.00471698,0.00471698,0.0125786,0.947713,0.947713,0,0.98601,0.991637,0.00900901,0.985786,0.985786,0,80,0.986761,0.3,0.985786,0,0,15.1,-21.434,10.49,13.126,4.04167,11.83,106.76,83.75,-8.34618,19.4688,231.77,246.56,85.63,-7.44569,18.9522,286.48,572.11
neuromorpho__A2_slide2_1.swc,556,pyramidal,0.989472,19,304,232,0,0,0,0,0.0131093,0,0,0,0,0,0.87892,0.231528,0.3,0.3,0.3,0.960418,0.985786,0.125899,0.154676,0.154676,0.17446,0.232014,0.826738,0.856001,0.0526316,0.901741,0.596203,0.131579,0.852767,0.3,0.193966,61,0.891459,0.3,0.596203,0.131148,0.196721,19,-13.305,15.43,44.0476,3.98839,63.09,167.75,91.51,5.38266,19.0918,256.18,332.58,62.83,3.75802,15.3712,312.93,590.08
neuromorpho__A2_slide2_17.swc,610,pyramidal,0.991415,13,377,219,0,0,0,0,0.00214844,0,0,0,0,0,0.866573,0.254705,0.3,0.3,0.3,0.985786,0.996653,0.162295,0.162295,0.162295,0.216393,0.227869,0.964946,0.964946,0,0.92091,0.766353,0.0769231,0.766585,0.3,0.319635,74,0.903406,0.3,0.628557,0.108108,0.148649,18.4,-17.7213,7.92,12.9028,2.48161,11.78,185.64,84.19,-22.5687,20.3628,342.49,495.94,87.26,-19.7217,20.7052,188.02,721.63
neuromorpho__A2_slide2_neuron4.swc,639,pyramidal,0.99218,28,193,417,0,0,0,0,0,0,0,0,0,0,0.983981,0.060947,0.3,0.985786,0.985786,0.985786,0.985786,0.00782473,0.00782473,0.00782473,0.00782473,0.00782473,0.869176,0.3,0.178571,0.996653,0.996653,0,0.985786,0.985786,0,87,0.987857,0.3,0.985786,0,0,14.4,-17.6745,59.76,-21.8851,22.5819,178.36,78.69,69.55,-12.0754,21.3107,131.83,188.83,70.03,-0.559603,15.7056,187.35,325.44
neuromorpho__A2_slide3_12.swc,2249,pyramidal,0.991045,10,1240,998,0,0,0,0,0.0123351,0,0,0,0,0,0.960447,0.139685,0.3,0.952831,0.985786,0.985786,0.985786,0.0426856,0.0426856,0.0426856,0.0426856,0.0426856,0.99291,0.99291,0,0.939759,0.952831,0.0774194,0.985786,0.985786,0,109,0.985379,0.3,0.985786,0.00917431,0.00917431,48.8,-18.4217,0,28.5217,1.77636e-15,9.59,29.29,102.56,23.1794,21.3644,309.43,398.37,89.72,17.8199,11.9715,268.24,468.78
neuromorpho__A2_slide3_4.swc,290,pyramidal,0.968026,0,152,137,0,0,0,0,0,0,0,0,0,0,0.745168,0.332895,0.3,0.3,0.3,0.3,0.990146,0.358621,0.358621,0.358621,0.358621,0.358621,0,0,0,0.995841,0.992226,0,0.465189,0.3,0.759124,32,0.863672,0.3,0.3,0.1875,0.1875,19.5,0.537143,0,0,0,0,0,98.36,15.5006,20.3809,207.98,152.67,73.79,23.5222,20.4887,282.59,874.29
neuromorpho__A3-N8-2_final.swc,1330,pyramidal,0.994221,0,1329,0,0,0,0,0,0,0,0,0,0,0,0.996656,9.17342e-05,0.996653,0.996653,0.996653,0.996653,0.996653,0,0,0,0,0,0,0,0,0.996653,0.996653,0,0,0,0,58,0.996711,0.996653,0.996653,0,0,44.2,0,0,0,0,0,0,0,0,0,66.48,108.84,0,0,0,0,0
neuromorpho__A3-n11-2_final.swc,682,pyramidal,0.99324,0,681,0,0,0,0,0,0,0,0,0,0,0,0.996658,0.000128059,0.996653,0.996653,0.996653,0.996653,0.996653,0,0,0,0,0,0,0,0,0.996653,0.996653,0,0,0,0,34,0.996752,0.996653,0.996653,0,0,35.2,0,0,0,0,0,0,0,0,0,32.05,131.4,0,0,0,0,0
neuromorpho__A3-n12-2_final.swc,884,pyramidal,0.995827,0,883,0,0,0,0,0,0,0,0,0,0,0,0.996657,0.000112499,0.996653,0.996653,0.996653,0.996653,0.996653,0,0,0,0,0,0,0,0,0.996653,0.996653,0,0,0,0,35,0.996749,0.996653,0.996653,0,0,50,0,0,0,0,0,0,0,0,0,76.84,85.08,0,0,0,0,0
neuromorpho__A3-n8-2_1.swc,861,pyramidal,0.995085,0,860,0,0,0,0,0,0,0,0,0,0,0,0.996657,0.00011399,0.996653,0.996653,0.996653,0.996653,0.996653,0,0,0,0,0,0,0,0,0.996653,0.996653,0,0,0,0,36,0.996746,0.996653,0.996653,0,0,47,0,0,0,0,0,0,0,0,0,60.17,118.6,0,0,0,0,0
neuromorpho__A3_slide2_1.swc,582,pyramidal,0.993993,11,281,289,0,0,0,0,0,0,0,0,0,0,0.875864,0.255237,0.3,0.3,0.3,0.985786,0.985786,0.16323,0.16323,0.16323,0.16323,0.187285,0.856001,0.856001,0,0.985235,0.996653,0.0142349,0.769847,0.3,0.314879,65,0.901646,0.3,0.3,0.123077,0.123077,19,-15.4056,24.88,-10.5426,7.46253,24.92,82.34,83.11,13.9205,19.9809,295.81,315.17,73.22,15.6002,14.6151,284.43,727.23
neuromorpho__A3_slide2_11.swc,1191,pyramidal,0.979979,36,788,366,0,0,0,0,0,0,0,0,0,0,0.99146,0.00926064,0.947713,0.985786,0.985786,0.985786,0.996653,0,0,0,0,0,0.947713,0.947713,0,0.996084,0.996653,0,0.985786,0.985786,0,67,0.992407,0.947713,0.985786,0,0,36.4,-20.9036,20.5,14.652,7.42474,28.84,66.4,66.54,4.1987,13.9681,297.57,234,44.68,-6.57369,8.9109,146.4,368.52
neuromorpho__A3_slide2_13.swc,1671,pyramidal,0.772627,34,604,1032,0,0,0,0,0,0,0,0,0,0,0.873342,0.253608,0.3,0.3,0.3,0.985786,0.985786,0.156792,0.16936,0.16936,0.16936,0.189707,0.856001,0.856001,0,0.979461,0.996653,0.0347682,0.811682,0.3,0.253876,99,0.912369,0.3,0.468432,0.111111,0.121212,36,0,12.55,-3.48765,3.333,3.08,79.05,86.56,0.580464,15.8543,229.2,265.89,89.37,-3.36085,15.7584,228.82,811.81
neuromorpho__A3_slide2_16.swc,404,pyramidal,0.993045,106,128,169,0,0,0,0,0,0,0,0,0,0,0.879894,0.238621,0.3,0.3,0.3,0.938416,0.985786,0.143564,0.143564,0.143564,0.143564,0.15099,0.828308,0.3,0.169811,0.985457,0.996653,0.015625,0.831586,0.3,0.224852,51,0.887797,0.3,0.3,0.137255,0.137255,15,-15.7744,85.7,1.70048,22.3737,129.27,383.55,61.45,-3.65501,16.6741,276.38,160.5,77.47,9.93024,16.4032,283.58,339.34
neuromorpho__A3_slide2_4.swc,685,pyramidal,0.995889,16,263,405,0,0,0,0,0,0,0,0,0,0,0.984329,0.0424658,0.3,0.985786,0.985786,0.985786,0.985786,0.00291971,0.00291971,0.00291971,0.00291971,0.020438,0.99291,0.99291,0,0.986718,0.990146,0,0.9824,0.985786,0.00493827,90,0.98593,0.3,0.985786,0,0,16,-16.3362,37.96,-13.0063,12.889,51.86,106.16,70.17,-4.05128,18.37,340.15,276.35,80.27,12.1295,17.8859,293.95,624.45
neuromorpho__A3_slide2_8.swc,1934,pyramidal,0.817228,29,1011,893,0,0,0,0,0,0,0,0,0,0,0.991429,0.00530306,0.985786,0.985786,0.985786,0.985786,0.993021,0,0,0,0,0,0.993021,0.993021,0,0.99636,0.996653,0,0.985786,0.985786,0,68,0.991949,0.985786,0.985786,0,0,57.9,-12.1264,0,-13.6536,3.55271e-15,7.48,57.39,67.55,14.6226,11.0558,206.78,250.1,62.14,9.47089,15.5604,205.28,269.02
neuromorpho__A3_slide2_neuron3.swc,469,pyramidal,0.996353,6,218,244,0,0,0,0,0,0,0,0,0,0,0.979908,0.0518757,0.659556,0.962942,0.985786,0.985786,0.985786,0,0,0.0127932,0.0383795,0.0383795,0.947713,0.947713,0,0.974123,0.992226,0.0275229,0.985786,0.985786,0,64,0.977967,0.659556,0.985786,0.015625,0.046875,14,-20.5946,10.04,-21.7721,3.46771,30.37,39.69,74.42,-8.91621,16.9171,250.4,134.67,79.74,-19.8291,21.1943,203.17,243.36
neuromorpho__A3_slide3_24.swc,715,pyramidal,0.975882,12,401,301,0,0,0,0,0,0,0,0,0,0,0.989706,0.026908,0.3,0.985786,0.985786,0.985786,0.990146,0.0013986,0.0013986,0.0013986,0.0013986,0.0013986,0.947713,0.947713,0,0.99388,0.990146,0.00249377,0.985786,0.985786,0,49,0.989771,0.3,0.985786,0,0,37,-27.7656,10.11,1.11479,3.80803,3.4,29.63,78.35,4.5943,15.1323,114.28,259.95,41.81,14.4607,8.95705,82.71,321.52
neuromorpho__A3_slide3_4.swc,448,pyramidal,0.978889,17,166,264,0,0,0,0,0,0,0,0,0,0,0.874274,0.252464,0.3,0.3,0.3,0.985786,0.985786,0.158482,0.158482,0.176339,0.176339,0.176339,0.947713,0.947713,0,0.981971,0.996653,0.0481928,0.801351,0.3,0.268939,54,0.904402,0.3,0.417596,0.12963,0.12963,17.7,-12.4933,12.81,0.173922,3.38673,34.71,92.66,89.4,-1.97131,22.5054,222.11,187.07,138.09,11.1299,29.0912,288.58,739.4
neuromorpho__A3_slide3_7.swc,1515,pyramidal,0.908966,22,923,569,0,0,0,0,0,0,0,0,0,0,0.991474,0.0075776,0.947713,0.985786,0.985786,0.985786,0.996653,0,0,0,0,0,0.947713,0.947713,0,0.996014,0.996653,0,0.985786,0.985786,0,77,0.991234,0.947713,0.985786,0,0,46,-14.2245,18.18,-10.1055,6.40622,34.82,10.99,64.57,7.97668,14.4142,224.94,204.15,78.66,21.0302,21.2591,100.46,214.31
neuromorpho__A3_slide3_9.swc,991,pyramidal,0.925764,0,342,648,0,0,0,0,0,0,0,0,0,0,0.743886,0.331661,0.3,0.3,0.3,0.3,0.985786,0.358224,0.358224,0.358224,0.358224,0.358224,0,0,0,0.996653,0.996653,0,0.610085,0.3,0.54784,70,0.774327,0.3,0.3,0.314286,0.314286,30.1,-19.5442,0,0,0,0,0,39.12,11.6599,8.62565,195.78,104.3,84.66,34.4103,19.6758,211.84,560.06
neuromorpho__A3_slide3_Neuron4.swc,384,pyramidal,0.994727,31,184,168,0,0,0,0,0,0,0,0,0,0,0.956738,0.121339,0.3,0.7976,0.947713,0.985786,0.985786,0.0286458,0.0286458,0.0286458,0.0833333,0.0833333,0.947713,0.947713,0,0.9315,0.7976,0.0597826,0.985786,0.985786,0,52,0.978946,0.3,0.985786,0.0192308,0.0192308,14,-18.4427,17.75,3.94628,5.25663,31.69,200.45,94.36,2.96523,19.0507,284.93,434.26,81.65,10.0992,15.5794,180.32,253.91
neuromorpho__A3_slide3_neuron1.swc,408,pyramidal,0.997581,4,244,159,0,0,0,0,0,0,0,0,0,0,0.982882,0.0574491,0.3,0.985786,0.985786,0.985786,0.996653,0.00490196,0.00490196,0.00490196,0.0147059,0.0416667,0.756266,0.756266,0,0.984635,0.996653,0.00819672,0.985786,0.985786,0,58,0.984877,0.3,0.985786,0,0.0172414,13.3,-22.07,0.04,26.38,0.0173205,5.8,9.59,63.44,5.9598,14.7185,161.73,220.12,70.63,14.0582,19.1775,211.09,316.85
neuromorpho__A3_slide3_neuron5.swc,1251,interneuron,0.505713,186,1064,0,0,0,0,0,0,0,0,0,0,0,0.880318,0.175661,0.3,0.3,0.817472,0.941671,0.941671,0.0815348,0.0815348,0.0815348,0.0815348,0.148681,0.533697,0.3,0.548387,0.940799,0.941671,0,0,0,0,70,0.93579,0.3,0.941671,0.0142857,0.0142857,32.1,-13.0089,35.4,-18.0854,11.2256,22.11,387.74,96.35,-1.92446,19.559,179.6,250.01,0,0,0,0,0
neuromorpho__A3_slide3_neuron6.swc,579,pyramidal,0.994867,15,289,274,0,0,0,0,0.00234659,0,0,0,0,0,0.945223,0.16769,0.3,0.3,0.964747,0.985786,0.985786,0.0621762,0.0621762,0.0621762,0.0673575,0.0777202,0.964747,0.964747,0,0.976752,0.996653,0.0207612,0.9107,0.3,0.109489,75,0.973631,0.3,0.973162,0.0266667,0.04,15,-16.6582,24.34,24.5048,8.99928,36.45,135.24,71.63,1.32451,17.8647,320.27,378.17,84.12,4.58647,17.0786,352.91,394.5
neuromorpho__A4-N1-3_final.swc,1010,pyramidal,0.994274,0,1009,0,0,0,0,0,0,0,0,0,0,0,0.996657,0.000105255,0.996653,0.996653,0.996653,0.996653,0.996653,0,0,0,0,0,0,0,0,0.996653,0.996653,0,0,0,0,34,0.996752,0.996653,0.996653,0,0,60.7,0,0,0,0,0,0,0,0,0,63.58,95.24,0,0,0,0,0
neuromorpho__A4-N11-4_final.swc,1122,pyramidal,0.995274,0,1121,0,0,0,0,0,0,0,0,0,0,0,0.996656,9.98689e-05,0.996653,0.996653,0.996653,0.996653,0.996653,0,0,0,0,0,0,0,0,0.996653,0.996653,0,0,0,0,50,0.99672,0.996653,0.996653,0,0,43.1,0,0,0,0,0,0,0,0,0,53.21,89.05,0,0,0,0,0
neuromorpho__A4-N14-1_final.swc,1113,pyramidal,0.99424,0,1112,0,0,0,0,0,0,0,0,0,0,0,0.996656,0.000100272,0.996653,0.996653,0.996653,0.996653,0.996653,0,0,0,0,0,0,0,0,0.996653,0.996653,0,0,0,0,38,0.996741,0.996653,0.996653,0,0,54.1,0,0,0,0,0,0,0,0,0,54.31,107.49,0,0,0,0,0
neuromorpho__A4-N5-2_final.swc,1607,pyramidal,0.989992,0,1606,0,0,0,0,0,0,0,0,0,0,0,0.996655,8.34598e-05,0.996653,0.996653,0.996653,0.996653,0.996653,0,0,0,0,0,0,0,0,0.996653,0.996653,0,0,0,0,72,0.9967,0.996653,0.996653,0,0,48,0,0,0,0,0,0,0,0,0,63.47,102.98,0,0,0,0,0
neuromorpho__A4_slide1_1.swc,288,pyramidal,0.938626,6,118,163,0,0,0,0,0,0,0,0,0,0,0.925079,0.201203,0.3,0.3,0.947713,0.985786,0.985786,0.09375,0.09375,0.09375,0.09375,0.09375,0.947713,0.947713,0,0.996353,0.996653,0,0.87219,0.3,0.165644,34,0.941787,0.3,0.959135,0.0588235,0.0882353,15.7,14.08,6.35,-3.195,3.175,6.53,16.22,75.41,30.6033,20.9594,225.16,187.02,76.52,38.9353,18.0709,286.11,633.33
neuromorpho__A4_slide1_neuron1.swc,1481,pyramidal,0.978159,81,428,971,0,0,0,0,0,0,0,0,0,0,0.984337,0.0157651,0.856001,0.947713,0.985786,0.985786,0.985786,0,0,0,0,0.00405132,0.934147,0.938416,0,0.99051,0.947713,0,0.985786,0.985786,0,83,0.985333,0.856001,0.985786,0,0,37.2,-3.14,22.7,4.00568,4.66106,67.28,127.55,70.28,11.6502,17.6845,161.04,237.27,64.52,38.7,15.093,239.97,672.33
neuromorpho__A4_slide2_10.swc,941,pyramidal,0.985865,11,338,591,0,0,0,0,0,0,0,0,0,0,0.975941,0.0971716,0.3,0.985786,0.985786,0.985786,0.985786,0.0201913,0.0201913,0.0201913,0.0201913,0.0201913,0.99291,0.99291,0,0.996653,0.996653,0,0.963739,0.985786,0.0321489,44,0.987105,0.3,0.985786,0,0,45.7,-26.984,2.33,9.37309,0.828958,4.07,15.83,65.99,29.0446,13.8803,201.13,194.27,57.57,27.5476,14.3742,114.83,465.51
neuromorpho__A4_slide2_13.swc,418,pyramidal,0.900371,52,228,137,0,0,0,0,0.013714,0,0,0,0,0,0.930871,0.188969,0.3,0.3,0.905775,0.985786,0.993021,0.0813397,0.0813397,0.0813397,0.0813397,0.0813397,0.593201,0.3,0.576923,0.983986,0.993021,0.0175439,0.970137,0.905775,0,47,0.976095,0.3,0.958581,0.0212766,0.0212766,17,-10.1662,65.87,-13.7951,19.2633,12.65,455.5,70.81,-8.10274,14.8928,243.2,242.15,64.49,18.0047,12.024,224.84,154.69
neuromorpho__A4_slide2_17.swc,484,pyramidal,0.987732,21,158,304,0,0,0,0,0,0,0,0,0,0,0.98102,0.0701617,0.3,0.985786,0.985786,0.985786,0.985786,0.0103306,0.0103306,0.0103306,0.0103306,0.0103306,0.793495,0.3,0.238095,0.996653,0.996653,0,0.985786,0.985786,0,74,0.986757,0.3,0.985786,0,0.0135135,12,-12.4971,54.9,-15.9976,17.8057,89.1,164.25,88.46,-5.84033,23.6134,236.84,191.44,84.77,-1.86391,16.4757,228.57,346.67
neuromorpho__A4_slide2_19.swc,752,pyramidal,0.987651,14,347,390,0,0,0,0,0,0,0,0,0,0,0.931295,0.187757,0.3,0.3,0.856001,0.985786,0.985786,0.0797872,0.0797872,0.0797872,0.0797872,0.109043,0.856001,0.856001,0,0.981589,0.996653,0.0144092,0.889073,0.3,0.141026,99,0.941734,0.3,0.923505,0.0606061,0.0707071,14.2,-13.3675,38.74,-7.14179,13.291,64.5,49.84,91.25,-27.5967,22.5132,326.39,255.93,110.66,-10.8991,24.9268,264.25,781.42
neuromorpho__A4_slide2_24.swc,530,pyramidal,0.978941,19,199,311,0,0,0,0,0,0,0,0,0,0,0.989777,0.00497455,0.985786,0.985786,0.985786,0.985786,0.985786,0,0,0,0,0,0.99291,0.99291,0,0.995664,0.991004,0,0.985786,0.985786,0,46,0.989901,0.985786,0.985786,0,0,21.5,-27.9069,11.67,2.77109,4.56081,23.84,37.81,19.61,7.19205,4.27653,93.47,120.78,37.85,17.3598,7.73095,95.06,383.16
neuromorpho__A4_slide2_25.swc,666,pyramidal,0.932609,18,199,448,0,0,0,0,0,0,0,0,0,0,0.963507,0.131128,0.3,0.985786,0.985786,0.985786,0.985786,0.0375375,0.0375375,0.0375375,0.0375375,0.0375375,0.993021,0.993021,0,0.996653,0.996653,0,0.947517,0.985786,0.0558036,36,0.984742,0.3,0.985786,0,0,31.5,-25.4053,0,2.78529,0,2.88,33.42,86.1,-13.8175,19.3123,101.99,157.61,78.74,39.7324,18.325,114.61,533.66
neuromorpho__A4_slide2_8.swc,416,pyramidal,0.927058,13,223,179,0,0,0,0,0,0,0,0,0,0,0.969603,0.0606976,0.591688,0.954277,0.954277,0.954277,0.992226,0,0.00480769,0.0240385,0.0240385,0.0240385,0.99291,0.99291,0,0.994897,0.992226,0,0.936229,0.954277,0.0558659,58,0.967627,0.591688,0.954277,0.0344828,0.0344828,14.3,-14.9964,0,11.1764,0,62.54,35.86,44.29,10.3138,12.2456,174.41,229.81,46.66,8.91631,13.7259,138.85,172.27
neuromorpho__A4_slide2_neuron2_II_III.swc,725,pyramidal,0.991791,103,389,232,0,0,0,0,0,0,0,0,0,0,0.984551,0.0300859,0.784493,0.964747,0.964747,0.985786,0.996653,0,0,0,0.0193103,0.0193103,0.964747,0.964747,0,0.989018,0.996653,0,0.985786,0.985786,0,64,0.985678,0.784493,0.964747,0,0.015625,22.4,-21.7585,86.74,-37.4279,18.9412,80.12,205.98,78.95,0.170775,14.3903,198.24,113.02,58.04,17.231,16.6713,121.33,171.64
neuromorpho__A4_slide2_neuron4.swc,563,pyramidal,0.987582,44,247,271,0,0,0,0,0,0,0,0,0,0,0.971403,0.114947,0.3,0.985786,0.985786,0.985786,0.985786,0.0284192,0.0284192,0.0284192,0.0284192,0.0284192,0.741013,0.3,0.363636,0.996548,0.996653,0,0.985786,0.985786,0,63,0.987543,0.3,0.985786,0,0.015873,15,-21.5818,33.93,30.7566,12.9261,162.83,317.77,67.23,16.5776,13.9862,210.06,234.84,79.9,21.5198,20.088,238.84,298
neuromorpho__A4_slide2_neuron5.swc,543,pyramidal,0.993395,36,233,273,0,0,0,0,0,0,0,0,0,0,0.987919,0.011918,0.947713,0.947713,0.985786,0.985786,0.985786,0,0,0,0,0,0.947713,0.947713,0,0.996577,0.996653,0,0.985786,0.985786,0,67,0.989093,0.947713,0.985786,0,0,16,-23.53,27.23,-3.845,7.58975,46.03,173.22,69.77,21.1065,15.5615,231.7,213.16,85.01,13.02,21.1842,152.45,246.38
neuromorpho__A4_slide3_16.swc,378,pyramidal,0.984609,65,209,103,0,0,0,0,0.0298298,0,0,0,0,0,0.897209,0.228849,0.3,0.3,0.3,0.947713,0.996653,0.126984,0.126984,0.126984,0.126984,0.126984,0.481223,0.3,0.738462,0.993141,0.996653,0,0.964068,0.918925,0,52,0.978239,0.3,0.95152,0.0192308,0.0192308,12.9,-16.8078,31.66,-9.11515,10.5653,336.73,641.77,93.94,-26.2851,20.0717,241.53,168.37,94.1,-16.3546,25.6135,148.61,165.65
neuromorpho__A4_slide3_20.swc,636,pyramidal,0.975201,61,337,237,0,0,0,0,0.0175037,0,0,0,0,0,0.88499,0.210519,0.3,0.3,0.523724,0.95244,0.985786,0.0660377,0.171384,0.171384,0.196541,0.196541,0.955415,0.947713,0,0.803595,0.3,0.323442,0.982116,0.95244,0,48,0.925515,0.3,0.619698,0.125,0.145833,21.9,13.81,57.77,-26.9228,17.0626,40.54,155.31,109.18,-12.7473,24.4907,197.61,356.27,53.02,6.3411,16.4969,127.81,228.81
neuromorpho__A4_slide3_21.swc,591,pyramidal,0.992139,9,361,220,0,0,0,0,0,0,0,0,0,0,0.991868,0.00758676,0.947713,0.985786,0.985786,0.985786,0.996653,0,0,0,0,0,0.947713,0.947713,0,0.996653,0.996653,0,0.985786,0.985786,0,44,0.991418,0.947713,0.985786,0,0,25.4,-20.0631,3.83,-2.02248,1.57168,4.71,27.83,47.99,6.33538,10.8627,193.33,128.4,80.47,30.3569,22.6551,96.75,220.58
neuromorpho__A4_slide3_9.swc,1599,pyramidal,0.98894,3,917,678,0,0,0,0,0,0,0,0,0,0,0.98447,0.0631297,0.3,0.985786,0.985786,0.985786,0.992226,0.00750469,0.00750469,0.00750469,0.0156348,0.0156348,0.947713,0.947713,0,0.992575,0.992226,0,0.973648,0.985786,0.0176991,86,0.971296,0.3,0.985786,0.0232558,0.0348837,40,-22.9285,0.79,6.15179,0.363349,3.85,18.52,81.6,1.57629,17.6712,228.91,287.58,65.95,4.58615,10.2635,133.21,454.55
neuromorpho__A586_NeuronC_40x_Tile_Trace_MK.swc,785,pyramidal,0.994945,0,393,391,0,0,0,0,0.0992607,0,0,0,0,0,0.98092,0.0211153,0.935987,0.939521,0.939678,0.964448,0.992226,0,0,0,0,0,0,0,0,0.996541,0.996653,0,0.96517,0.939521,0,56,0.983833,0.935987,0.943631,0,0,30.5,0,0,0,0,0,0,0,0,0,44.18,36.76,0,0,0,40.4,54.37
neuromorpho__A952_NeuronA_40X_Tile_Trace_RK.swc,714,pyramidal,0.992807,0,407,306,0,0,0,0,0.0508539,0,0,0,0,0,0.97962,0.0311193,0.897644,0.902439,0.90428,0.985786,0.992226,0,0,0,0,0.00420168,0,0,0,0.99527,0.992091,0,0.958738,0.901284,0,65,0.971372,0.897644,0.904011,0,0,18.6,0,0,0,0,0,0,0,0,0,28.41,39.67,0,0,0,45.79,77.12
neuromorpho__AA0314.swc,3854,pyramidal,0.995778,3262,591,0,0,0,0,0,0,0,0,0,0,0,0.408448,0.252555,0.3,0.3,0.3,0.3,0.3,0.844318,0.844318,0.844318,0.844318,0.844318,0.301698,0.3,0.997548,0.996653,0.996653,0,0,0,0,1145,0.399979,0.3,0.3,0.856769,0.856769,7,0,2981.06,-1782.75,356.131,2322.27,2736.4,207.87,-8.96381,32.6988,341.97,419.31,0,0,0,0,0
neuromorpho__AA0323.swc,1850,pyramidal,0.997302,1407,442,0,0,0,0,0,0,0,0,0,0,0,0.465673,0.296575,0.3,0.3,0.3,0.3,0.3,0.762162,0.762162,0.762162,0.762162,0.762162,0.304926,0.3,0.992893,0.976163,0.996653,0.0294118,0,0,0,204,0.638999,0.3,0.3,0.514706,0.514706,22.7,0,1884.97,-316.752,336.374,4943.88,3124.72,207.47,6.90882,34.2227,340.05,609.97,0,0,0,0,0
neuromorpho__AA0327.swc,3807,pyramidal,0.996906,3259,547,0,0,0,0,0,0,0,0,0,0,0,0.401186,0.245453,0.3,0.3,0.3,0.3,0.3,0.854741,0.854741,0.854741,0.854741,0.854741,0.301699,0.3,0.997545,0.992833,0.996653,0.00548446,0,0,0,479,0.47161,0.3,0.3,0.753653,0.753653,16,0,5189.71,739.706,986.507,7389.63,4657.15,168.62,-1.24793,28.1516,338.14,574.79,0,0,0,0,0
neuromorpho__AA0331.swc,4335,pyramidal,0.996512,3946,388,0,0,0,0,0,0,0,0,0,0,0,0.364271,0.201584,0.3,0.3,0.3,0.3,0.3,0.907728,0.907728,0.907728,0.907728,0.907728,0.302459,0.3,0.996452,0.991267,0.996653,0.00773196,0,0,0,749,0.41003,0.3,0.3,0.842457,0.842457,14,0,4037.89,2531.23,618.31,4165.3,3556.89,197.32,-15.4873,30.8463,334.03,412.56,0,0,0,0,0
neuromorpho__AA0335.swc,5699,pyramidal,0.996899,5317,381,0,0,0,0,0,0,0,0,0,0,0,0.348034,0.176498,0.3,0.3,0.3,0.3,0.3,0.931041,0.931041,0.931041,0.931041,0.931041,0.301434,0.3,0.997931,0.996653,0.996653,0,0,0,0,1292,0.372871,0.3,0.3,0.895511,0.895511,9,0,4548.5,-447.839,932.208,2876.88,3595.51,165.03,-4.76764,29.7918,199.89,338.88,0,0,0,0,0
neuromorpho__AA0337.swc,4031,pyramidal,0.996848,3507,523,0,0,0,0,0,0,0,0,0,0,0,0.391936,0.235777,0.3,0.3,0.3,0.3,0.3,0.868023,0.868023,0.868023,0.868023,0.868023,0.301581,0.3,0.997719,0.996653,0.996653,0,0,0,0,776,0.415897,0.3,0.3,0.833763,0.833763,10,0,3243.12,1951.6,583.651,4243.07,3602.33,217.48,10.1386,36.5655,251.99,301.11,0,0,0,0,0
neuromorpho__AA0342.swc,5842,pyramidal,0.996911,5466,375,0,0,0,0,0,0,0,0,0,0,0,0.346499,0.173856,0.3,0.3,0.3,0.3,0.3,0.933242,0.933242,0.933242,0.933242,0.933242,0.301775,0.3,0.997439,0.996653,0.996653,0,0,0,0,908,0.399172,0.3,0.3,0.85793,0.85793,15,0,4398.65,3080.09,773.945,2900.53,2995.33,191.77,-5.67619,31.213,265.1,320.76,0,0,0,0,0
neuromorpho__AA0345.swc,3937,pyramidal,0.996986,3333,603,0,0,0,0,0,0,0,0,0,0,0,0.408111,0.252238,0.3,0.3,0.3,0.3,0.3,0.844806,0.844806,0.844806,0.844806,0.844806,0.301455,0.3,0.9979,0.996653,0.996653,0,0,0,0,1012,0.427425,0.3,0.3,0.817194,0.817194,8,0,5125.12,2723.5,1324.42,3307.67,3800.92,206.28,-5.52411,36.7697,314.87,387.21,0,0,0,0,0
neuromorpho__AA0347.swc,4986,pyramidal,0.996948,4246,739,0,0,0,0,0,0,0,0,0,0,0,0.404646,0.248892,0.3,0.3,0.3,0.3,0.3,0.849779,0.849779,0.849779,0.849779,0.849779,0.301469,0.3,0.99788,0.996653,0.996653,0,0,0,0,851,0.426139,0.3,0.3,0.819036,0.819036,13,0,4214.59,2843.17,643.379,2828.62,2153.23,278.25,-21.1839,43.6514,307.06,319.91,0,0,0,0,0
neuromorpho__AA0348.swc,4144,pyramidal,0.997028,3035,1108,0,0,0,0,0,0,0,0,0,0,0,0.48744,0.30894,0.3,0.3,0.3,0.3,0.3,0.730936,0.730936,0.730936,0.730936,0.730936,0.30137,0.3,0.998023,0.996653,0.996653,0,0,0,0,936,0.513875,0.3,0.3,0.693376,0.693376,9,0,3704.42,-1451.83,693.759,3392.41,4493.59,227.98,-4.89893,38.7005,271.07,364.95,0,0,0,0,0
neuromorpho__AA0349.swc,4555,pyramidal,0.996819,3848,706,0,0,0,0,0,0,0,0,0,0,0,0.409957,0.253979,0.3,0.3,0.3,0.3,0.3,0.842151,0.842151,0.842151,0.842151,0.842151,0.302161,0.3,0.996881,0.996653,0.996653,0,0,0,0,940,0.441863,0.3,0.3,0.796809,0.796809,10,0,3362.75,877.12,946.336,1856.62,3560.32,260.28,-1.71215,42.4363,288.18,369.47,0,0,0,0,0
neuromorpho__AA0350.swc,4792,pyramidal,0.996915,4256,535,0,0,0,0,0,0,0,0,0,0,0,0.378356,0.220102,0.3,0.3,0.3,0.3,0.3,0.887521,0.887521,0.887521,0.887521,0.887521,0.300814,0.3,0.998825,0.994049,0.996653,0.00373832,0,0,0,829,0.424371,0.3,0.3,0.821472,0.821472,13,0,4759.46,3460.96,1037.59,4173.39,3327.21,266.13,6.61895,41.2,342.58,429.7,0,0,0,0,0
neuromorpho__AA0351.swc,857,pyramidal,0.995723,624,232,0,0,0,0,0,0,0,0,0,0,0,0.495069,0.31277,0.3,0.3,0.3,0.3,0.3,0.719953,0.719953,0.719953,0.719953,0.719953,0.307773,0.3,0.988782,0.996653,0.996653,0,0,0,0,149,0.608946,0.3,0.3,0.557047,0.557047,12,0,3853.74,-2869.57,905.213,1882.6,1813.7,190.49,1.05082,32.2729,304.97,370.15,0,0,0,0,0
neuromorpho__AA0352.swc,3348,pyramidal,0.997004,2899,448,0,0,0,0,0,0,0,0,0,0,0,0.395292,0.239372,0.3,0.3,0.3,0.3,0.3,0.863202,0.863202,0.863202,0.863202,0.863202,0.302151,0.3,0.996895,0.996653,0.996653,0,0,0,0,548,0.456503,0.3,0.3,0.775547,0.775547,13,0,4220.06,2591.43,1138.93,3503.54,4646.1,218.04,-3.61877,36.5981,325.4,398.41,0,0,0,0,0
neuromorpho__AA0358.swc,5381,pyramidal,0.997025,4698,682,0,0,0,0,0,0,0,0,0,0,0,0.3901,0.233762,0.3,0.3,0.3,0.3,0.3,0.870656,0.870656,0.870656,0.870656,0.870656,0.301918,0.3,0.997233,0.996653,0.996653,0,0,0,0,743,0.448288,0.3,0.3,0.787349,0.787349,17,0.00333333,5230.63,-2372.3,1125.86,4044.64,4225.4,240.19,-16.8969,39.0901,329.37,401.3,0,0,0,0,0
neuromorpho__AA0359.swc,2511,pyramidal,0.996761,2275,235,0,0,0,0,0,0,0,0,0,0,0,0.366025,0.204042,0.3,0.3,0.3,0.3,0.3,0.905217,0.905217,0.905217,0.905217,0.905217,0.301523,0.3,0.997802,0.98776,0.996653,0.012766,0,0,0,719,0.369432,0.3,0.3,0.899861,0.899861,7,0,3326.39,1453.99,522.178,4260.34,3807.04,311.57,-23.1636,64.4013,338.38,471.52,0,0,0,0,0
neuromorpho__AA0363.swc,2673,pyramidal,0.996592,2157,515,0,0,0,0,0,0,0,0,0,0,0,0.435516,0.275747,0.3,0.3,0.3,0.3,0.3,0.805462,0.805462,0.805462,0.805462,0.805462,0.30257,0.3,0.996291,0.991242,0.996653,0.00776699,0,0,0,722,0.416564,0.3,0.3,0.83241,0.833795,8,0,3738.32,2494.68,628.437,2548.67,3488.27,257.55,8.32649,45.5157,342.21,402,0,0,0,0,0
neuromorpho__AA0366.swc,4502,pyramidal,0.996985,3435,1066,0,0,0,0,0,0,0,0,0,0,0,0.466189,0.296907,0.3,0.3,0.3,0.3,0.3,0.761439,0.761439,0.761439,0.761439,0.761439,0.301412,0.3,0.997962,0.996653,0.996653,0,0,0,0,827,0.527525,0.3,0.3,0.673519,0.673519,12,0,5184.72,-3237.27,1164.42,3904.59,4182.68,252.9,-10.4083,50.0635,322.08,384.94,0,0,0,0,0
neuromorpho__AA0367.swc,4858,pyramidal,0.996934,4514,343,0,0,0,0,0,0,0,0,0,0,0,0.350472,0.180582,0.3,0.3,0.3,0.3,0.3,0.927542,0.927542,0.927542,0.927542,0.927542,0.301382,0.3,0.998006,0.994622,0.996653,0.00291545,0,0,0,1034,0.368042,0.3,0.3,0.902321,0.902321,10,0,5803.86,591.9,1565.14,5405.63,5832.14,243.84,6.64778,48.2132,333.14,460.2,0,0,0,0,0
neuromorpho__AA0372.swc,2802,pyramidal,0.996073,2580,221,0,0,0,0,0,0,0,0,0,0,0,0.357175,0.191196,0.3,0.3,0.3,0.3,0.3,0.917916,0.917916,0.917916,0.917916,0.917916,0.302149,0.3,0.996899,0.996653,0.996653,0,0,0,0,611,0.405059,0.3,0.3,0.849427,0.849427,11,0,3427.7,-244.844,833.565,4494.66,2286.06,148.3,-2.02661,28.8538,202.2,329.92,0,0,0,0,0
neuromorpho__AA0377.swc,7405,pyramidal,0.992665,7045,359,0,0,0,0,0,0,0,0,0,0,0,0.36232,0.198566,0.3,0.3,0.3,0.3,0.3,0.910331,0.910331,0.910331,0.910331,0.910331,0.329905,0.3,0.956849,0.996653,0.996653,0,0,0,0,390,0.506673,0.3,0.3,0.707692,0.710256,35.1,0,4672.56,-62.1313,1383.69,3583.13,7186.53,240.62,2.85368,33.3034,244.18,425.79,0,0,0,0,0
neuromorpho__AA0384.swc,3137,pyramidal,0.976561,2967,169,0,0,0,0,0,0,0,0,0,0,0,0.395187,0.23883,0.3,0.3,0.3,0.3,0.3,0.862926,0.862926,0.862926,0.862926,0.862926,0.361898,0.3,0.910684,0.976042,0.996653,0.0295858,0,0,0,227,0.475167,0.3,0.3,0.744493,0.76652,26.8,0,874.48,45.8993,151.987,1908.66,997.61,234.47,-0.27284,43.841,301.56,368.5,0,0,0,0,0
neuromorpho__AA0396.swc,33005,pyramidal,0.997045,32774,230,0,0,0,0,0,0,0,0,0,0,0,0.337023,0.1559,0.3,0.3,0.3,0.3,0.3,0.946614,0.946614,0.946614,0.946614,0.946614,0.332374,0.3,0.953286,0.996653,0.996653,0,0,0,0,668,0.46516,0.3,0.3,0.769461,0.778443,129.3,0,7717.24,285.99,1695.93,7947.17,6648.09,227.46,6.18257,45.841,230.56,883.18,0,0,0,0,0
neuromorpho__AA0400.swc,20014,pyramidal,0.996844,19469,544,0,0,0,0,0,0,0,0,0,0,0,0.319004,0.113478,0.3,0.3,0.3,0.3,0.3,0.972719,0.972719,0.972719,0.972719,0.972719,0.300285,0.3,0.999589,0.987689,0.996653,0.0128676,0,0,0,417,0.461191,0.3,0.3,0.767386,0.767386,140.6,0,4617.35,-1095.11,982.243,6153.79,5091.46,234.53,-8.54322,39.0261,390.58,669.23,0,0,0,0,0
neuromorpho__AA0408.swc,17231,pyramidal,0.997577,16878,352,0,0,0,0,0,0,0,0,0,0,0,0.322557,0.123189,0.3,0.3,0.3,0.3,0.3,0.967558,0.967558,0.967558,0.967558,0.967558,0.3085,0.3,0.987736,0.994674,0.996653,0.00284091,0,0,0,437,0.446392,0.3,0.3,0.789474,0.789474,110.4,0,3776.3,-27.4676,590.765,7703.07,4674.71,241.35,-0.68625,40.2787,382.89,483.8,0,0,0,0,0
neuromorpho__AA0409.swc,15876,pyramidal,0.997566,15339,536,0,0,0,0,0,0,0,0,0,0,0,0.323911,0.126818,0.3,0.3,0.3,0.3,0.3,0.965671,0.965671,0.965671,0.965671,0.965671,0.300904,0.3,0.998696,0.981057,0.996653,0.0223881,0,0,0,364,0.504044,0.3,0.3,0.708791,0.708791,123.7,0,5213.6,2250.95,1454.56,5704.86,4742.6,417.41,0.638843,71.2819,411.33,576.14,0,0,0,0,0
neuromorpho__AA0417.swc,14252,pyramidal,0.997745,13766,485,0,0,0,0,0,0,0,0,0,0,0,0.325019,0.129609,0.3,0.3,0.3,0.3,0.3,0.964075,0.964075,0.964075,0.964075,0.964075,0.301561,0.3,0.997748,0.989471,0.996653,0.0103093,0,0,0,458,0.454702,0.3,0.3,0.777293,0.779476,88,0,3614.2,-864.507,618.044,5223.06,5461.16,261.95,2.042,46.9303,639.92,420.59,0,0,0,0,0
neuromorpho__AA0426.swc,15313,pyramidal,0.996839,15009,303,0,0,0,0,0,0,0,0,0,0,0,0.314328,0.0988675,0.3,0.3,0.3,0.3,0.3,0.979429,0.979429,0.979429,0.979429,0.979429,0.300508,0.3,0.999267,0.996653,0.996653,0,0,0,0,314,0.471341,0.3,0.3,0.754777,0.754777,124,0,3367.98,-1017.14,680.562,6170.71,5706.86,164.72,-2.4869,26.8711,337.16,532.16,0,0,0,0,0
neuromorpho__AA0433.swc,2179,pyramidal,0.995165,2002,176,0,0,0,0,0,0,0,0,0,0,0,0.348884,0.177885,0.3,0.3,0.3,0.3,0.3,0.929784,0.929784,0.929784,0.929784,0.929784,0.303808,0.3,0.994505,0.857924,0.3,0.198864,0,0,0,316,0.399671,0.3,0.3,0.85443,0.863924,14,0,3004.69,793.689,584.872,3322.61,4765.96,451.57,43.8924,83.0528,599.26,803.75,0,0,0,0,0
neuromorpho__AA0442.swc,57368,pyramidal,0.997595,56759,608,0,0,0,0,0,0,0,0,0,0,0,0.329573,0.140165,0.3,0.3,0.3,0.3,0.3,0.95738,0.95738,0.95738,0.95738,0.95738,0.322723,0.3,0.967212,0.968008,0.996653,0.0411184,0,0,0,1075,0.437453,0.3,0.3,0.804651,0.813023,134.2,0,5583.49,-949.5,1233.95,6758.6,5724.49,220.64,7.96319,40.4662,419.04,795.34,0,0,0,0,0
neuromorpho__AA0445.swc,16811,pyramidal,0.997346,16362,448,0,0,0,0,0,0,0,0,0,0,0,0.331673,0.144961,0.3,0.3,0.3,0.3,0.3,0.954435,0.954435,0.954435,0.954435,0.954435,0.313766,0.3,0.980137,0.984213,0.996653,0.0178571,0,0,0,1548,0.387259,0.3,0.3,0.877261,0.879845,27,0,7003.8,-1491.66,1550.35,8649.42,6191.25,392.67,2.56792,75.6799,578.37,710.28,0,0,0,0,0
neuromorpho__AA0453.swc,2339,pyramidal,0.996641,1924,414,0,0,0,0,0,0,0,0,0,0,0,0.426273,0.268356,0.3,0.3,0.3,0.3,0.3,0.818726,0.818726,0.818726,0.818726,0.818726,0.303242,0.3,0.995322,0.996653,0.996653,0,0,0,0,642,0.429558,0.3,0.3,0.814642,0.814642,7,0,3525.65,587.173,806.993,3961.19,3518,282.78,6.25751,51.34,367.27,442.04,0,0,0,0,0
neuromorpho__AA0464.swc,2184,pyramidal,0.996453,1925,258,0,0,0,0,0,0,0,0,0,0,0,0.56968,0.338172,0.3,0.3,0.3,0.3,0.3,0.611264,0.611264,0.611264,0.611264,0.611264,0.535807,0.3,0.65974,0.820748,0.3,0.251938,0,0,0,342,0.58469,0.3,0.3,0.593567,0.628655,16.9,0,1851.31,-233.759,322.107,3093.73,4686.65,379.41,3.10744,59.3194,388.36,604.31,0,0,0,0,0
neuromorpho__AA0473.swc,4345,pyramidal,0.99718,4022,322,0,0,0,0,0,0,0,0,0,0,0,0.380818,0.222857,0.3,0.3,0.3,0.3,0.3,0.883774,0.883774,0.883774,0.883774,0.883774,0.33136,0.3,0.954749,0.996653,0.996653,0,0,0,0,518,0.479606,0.3,0.3,0.745174,0.752896,19,0,8122.55,1076.76,1693.5,5612.15,5206.5,249.31,-6.67214,41.8708,366.06,697.13,0,0,0,0,0
neuromorpho__AA0478.swc,522,pyramidal,0.979501,384,137,0,0,0,0,0,0,0,0,0,0,0,0.466733,0.291726,0.3,0.3,0.3,0.3,0.3,0.745211,0.772031,0.772031,0.772031,0.772031,0.325266,0.3,0.963542,0.859359,0.3,0.240876,0,0,0,83,0.511886,0.3,0.3,0.698795,0.698795,10.8,0,1887.55,171.365,573.118,2397.08,6068.25,139.18,11.3993,24.3494,192.72,657.77,0,0,0,0,0
neuromorpho__AA0479.swc,734,pyramidal,0.9918,508,225,0,0,0,0,0,0,0,0,0,0,0,0.51061,0.319843,0.3,0.3,0.3,0.3,0.3,0.697548,0.697548,0.697548,0.697548,0.697548,0.327284,0.3,0.96063,0.922344,0.3,0.106667,0,0,0,88,0.642425,0.3,0.3,0.488636,0.511364,21.3,0,914.37,251.846,208.367,2022.57,1130.29,239.04,6.56022,39.4006,594.48,767.66,0,0,0,0,0
neuromorpho__AA0489.swc,1095,pyramidal,0.9373,504,590,0,0,0,0,0,0,0,0,0,0,0,0.713932,0.341847,0.3,0.3,0.3,0.3,0.996653,0.405479,0.405479,0.405479,0.405479,0.405479,0.401753,0.3,0.853175,0.980123,0.996653,0.0237288,0,0,0,149,0.967946,0.3,0.993021,0.033557,0.0536913,10,0,2646.42,-639.299,866.537,3723.4,5652.19,204.86,0.481678,38.0185,614.19,578.8,0,0,0,0,0
neuromorpho__AA0494.swc,1173,pyramidal,0.996445,944,228,0,0,0,0,0,0,0,0,0,0,0,0.552982,0.334385,0.3,0.3,0.3,0.3,0.3,0.635976,0.635976,0.635976,0.635976,0.635976,0.446826,0.3,0.788136,0.990542,0.996653,0.00877193,0,0,0,323,0.607572,0.3,0.3,0.563467,0.575851,7,0,1910.89,-137.206,353.927,3634.99,5195.54,177.75,24.2475,26.0691,302.55,767.71,0,0,0,0,0
neuromorpho__AA0500.swc,531,pyramidal,0.98935,261,269,0,0,0,0,0,0,0,0,0,0,0,0.659223,0.3459,0.3,0.3,0.3,0.3,0.990708,0.480226,0.480226,0.480226,0.483992,0.497175,0.358416,0.3,0.915709,0.949817,0.990708,0.0594796,0,0,0,114,0.745149,0.3,0.3,0.359649,0.368421,8.7,0,829.9,-383.801,261.653,2055.41,1118.14,209.65,1.0419,41.6683,323.64,700.59,0,0,0,0,0
neuromorpho__AA0511.swc,1687,pyramidal,0.996036,1611,75,0,0,0,0,0,0,0,0,0,0,0,0.361786,0.197779,0.3,0.3,0.3,0.3,0.3,0.911085,0.911085,0.911085,0.911085,0.911085,0.331833,0.3,0.954066,0.996653,0.996653,0,0,0,0,95,0.483771,0.3,0.3,0.747368,0.747368,47.2,0,5077.95,186.08,1177.16,10071.6,6860.86,143.8,-8.18093,25.169,362.78,410.68,0,0,0,0,0
neuromorpho__AA0519.swc,4648,pyramidal,0.997199,4171,476,0,0,0,0,0,0,0,0,0,0,0,0.372837,0.213148,0.3,0.3,0.3,0.3,0.3,0.895439,0.895439,0.895439,0.895439,0.895439,0.301495,0.3,0.997842,0.996653,0.996653,0,0,0,0,808,0.413186,0.3,0.3,0.837871,0.837871,13,0,5113.57,1880.75,1307.57,3540.45,3084.91,158.56,1.12126,25.6442,203.12,343.35,0,0,0,0,0
neuromorpho__AA0525.swc,1280,pyramidal,0.997117,812,467,0,0,0,0,0,0,0,0,0,0,0,0.582611,0.335614,0.3,0.3,0.3,0.3,0.3,0.575781,0.596094,0.599219,0.608594,0.608594,0.366571,0.3,0.903941,0.957358,0.985968,0.0706638,0,0,0,418,0.563241,0.3,0.3,0.626794,0.633971,6,0,6341.78,-1938.76,2209.6,6326.96,6309.91,184.95,-14.4494,27.3847,990.22,861.87,0,0,0,0,0
neuromorpho__AA0530.swc,1366,pyramidal,0.996625,1137,228,0,0,0,0,0,0,0,0,0,0,0,0.421865,0.264631,0.3,0.3,0.3,0.3,0.3,0.825037,0.825037,0.825037,0.825037,0.825037,0.306095,0.3,0.991205,0.996653,0.996653,0,0,0,0,300,0.414898,0.3,0.3,0.836667,0.836667,8,0,3944.55,-2240.94,762.806,3264.1,3451.75,162.85,-9.35711,30.5028,138.64,317.26,0,0,0,0,0
neuromorpho__AA0540.swc,1905,pyramidal,0.996974,1466,438,0,0,0,0,0,0,0,0,0,0,0,0.461629,0.294055,0.3,0.3,0.3,0.3,0.3,0.767979,0.767979,0.767979,0.767979,0.767979,0.302836,0.3,0.995907,0.991882,0.996653,0.00684932,0,0,0,501,0.42836,0.3,0.3,0.814371,0.816367,8,0,3755.28,540.976,519.131,4510.85,3659.35,211.13,9.15256,42.7387,456.27,582.13,0,0,0,0,0
neuromorpho__AA0543.swc,1496,pyramidal,0.996836,1273,222,0,0,0,0,0,0,0,0,0,0,0,0.404758,0.248982,0.3,0.3,0.3,0.3,0.3,0.849599,0.849599,0.849599,0.849599,0.849599,0.3049,0.3,0.99293,0.974687,0.996653,0.0315315,0,0,0,282,0.465128,0.3,0.3,0.758865,0.765957,11,0,4576.66,-57.945,874.085,4162.54,4062.16,235.76,-0.772523,40.7514,294.18,564.45,0,0,0,0,0
neuromorpho__AA0564.swc,984,pyramidal,0.995597,506,477,0,0,0,0,0,0,0,0,0,0,0,0.754596,0.331055,0.3,0.3,0.3,0.3,0.993021,0.346545,0.346545,0.346545,0.346545,0.346545,0.53694,0.3,0.658103,0.984969,0.996653,0.0167715,0,0,0,333,0.745714,0.3,0.3,0.36036,0.369369,6,0,1175.66,-223.978,319.747,4973.58,2925.4,366.19,1.17736,52.0921,473.11,663.3,0,0,0,0,0
neuromorpho__AA0565.swc,1275,pyramidal,0.996641,946,328,0,0,0,0,0,0,0,0,0,0,0,0.522698,0.324636,0.3,0.3,0.3,0.3,0.3,0.68,0.68,0.68,0.68,0.68,0.360071,0.3,0.913319,0.990281,0.996653,0.00914634,0,0,0,462,0.530917,0.3,0.3,0.670996,0.67316,5,0,3518.71,75.3935,697.912,4195.1,6093.59,178.9,-1.04573,34.6445,381,626.14,0,0,0,0,0
neuromorpho__AA0574.swc,2185,pyramidal,0.996708,1746,438,0,0,0,0,0,0,0,0,0,0,0,0.511015,0.319717,0.3,0.3,0.3,0.3,0.3,0.696568,0.696568,0.696568,0.696568,0.696568,0.389307,0.3,0.871134,0.995063,0.996653,0.00228311,0,0,0,317,0.685108,0.3,0.3,0.444795,0.454259,15,0,1939.43,-48.2216,438.206,4636.03,4406.23,257.12,-22.8742,46.5855,429.94,671.72,0,0,0,0,0
neuromorpho__AA0584.swc,2955,pyramidal,0.996129,2199,755,0,0,0,0,0,0,0,0,0,0,0,0.477047,0.303302,0.3,0.3,0.3,0.3,0.3,0.745854,0.745854,0.745854,0.745854,0.745854,0.30126,0.3,0.998181,0.988349,0.996653,0.0119205,0,0,0,617,0.503635,0.3,0.3,0.706645,0.708266,10.4,0,5488.06,469.526,999.124,7042.83,9473.08,214.19,0.404649,40.0564,487.39,740.51,0,0,0,0,0
neuromorpho__AA0601.swc,3272,pyramidal,0.996692,3040,231,0,0,0,0,0,0,0,0,0,0,0,0.351515,0.182284,0.3,0.3,0.3,0.3,0.3,0.926039,0.926039,0.926039,0.926039,0.926039,0.30228,0.3,0.996711,0.996653,0.996653,0,0,0,0,592,0.381529,0.3,0.3,0.883446,0.883446,12,0,2596.76,928.744,680.286,2996.33,4749.66,121.81,1.27991,26.8299,185.54,411.63,0,0,0,0,0
neuromorpho__AA0612.swc,23987,pyramidal,0.997433,23044,942,0,0,0,0,0,0,0,0,0,0,0,0.328225,0.137345,0.3,0.3,0.3,0.3,0.3,0.959478,0.959478,0.959478,0.959478,0.959478,0.300872,0.3,0.998742,0.996653,0.996653,0,0,0,0,1430,0.41649,0.3,0.3,0.832867,0.832867,40,0,4208.54,676.435,731.458,2601.43,4060.44,174.38,-17.3952,29.5689,242.29,287.35,0,0,0,0,0
neuromorpho__AA0622.swc,45803,pyramidal,0.997568,45172,630,0,0,0,0,0,0,0,0,0,0,0,0.315801,0.103612,0.3,0.3,0.3,0.3,0.3,0.977272,0.977272,0.977272,0.977272,0.977272,0.306305,0.3,0.990901,0.995547,0.996653,0.0015873,0,0,0,923,0.421434,0.3,0.3,0.826652,0.828819,118.8,0,8077.58,930.028,1805.31,5931.9,7061.68,247.86,-8.10975,42.6019,370.87,416.81,0,0,0,0,0
neuromorpho__AA0626.swc,11290,pyramidal,0.997333,10939,350,0,0,0,0,0,0,0,0,0,0,0,0.325771,0.131433,0.3,0.3,0.3,0.3,0.3,0.962976,0.962976,0.962976,0.962976,0.962976,0.304308,0.3,0.993784,0.994663,0.996653,0.00285714,0,0,0,358,0.474129,0.3,0.3,0.748603,0.751397,75,0,3452.98,-823.638,722.389,1734.87,4862.29,236.08,17.0923,41.5753,325.52,490.01,0,0,0,0,0
neuromorpho__AA0658.swc,2642,pyramidal,0.996864,2189,452,0,0,0,0,0,0,0,0,0,0,0,0.534604,0.328605,0.3,0.3,0.3,0.3,0.3,0.662377,0.662377,0.662377,0.662377,0.662377,0.438984,0.3,0.799452,0.996653,0.996653,0,0,0,0,545,0.581353,0.3,0.3,0.598165,0.611009,10,0,4993.78,-851.097,1167.15,2730.53,2972.63,275.07,-6.44544,50.3259,353.31,399.3,0,0,0,0,0
neuromorpho__AA0659.swc,3018,pyramidal,0.991961,2485,532,0,0,0,0,0,0,0,0,0,0,0,0.534175,0.328478,0.3,0.3,0.3,0.3,0.3,0.663022,0.663022,0.663022,0.663022,0.663022,0.434979,0.3,0.805231,0.996653,0.996653,0,0,0,0,448,0.675577,0.3,0.3,0.46875,0.477679,16.3,0,3455.76,-302.038,498.768,4691.8,6097.67,216.35,14.2443,38.8113,484,280.35,0,0,0,0,0
neuromorpho__AA0661.swc,4130,pyramidal,0.991829,3806,323,0,0,0,0,0,0,0,0,0,0,0,0.38116,0.223279,0.3,0.3,0.3,0.3,0.3,0.883293,0.883293,0.883293,0.883293,0.883293,0.330044,0.3,0.956647,0.981556,0.996653,0.0216718,0,0,0,380,0.483701,0.3,0.3,0.744737,0.75,24,0,5601.88,49.8305,1185.41,4246.5,2097.75,343.51,-13.3083,53.087,323.62,465.79,0,0,0,0,0
neuromorpho__AA0678.swc,3051,pyramidal,0.994842,2723,327,0,0,0,0,0,0,0,0,0,0,0,0.41895,0.261535,0.3,0.3,0.3,0.3,0.3,0.828581,0.828581,0.828581,0.828581,0.828581,0.352937,0.3,0.923614,0.966873,0.996653,0.0397554,0,0,0,305,0.514249,0.3,0.3,0.695082,0.708197,23.6,0,2015.08,-157.267,374.691,1961.64,3705.88,222.43,1.95673,37.9218,254.5,806.79,0,0,0,0,0
neuromorpho__AA0685.swc,2787,pyramidal,0.997116,2344,442,0,0,0,0,0,0,0,0,0,0,0,0.423162,0.265676,0.3,0.3,0.3,0.3,0.3,0.823107,0.823107,0.823107,0.823107,0.823107,0.316261,0.3,0.976536,0.988773,0.996653,0.0113122,0,0,0,418,0.509619,0.3,0.3,0.698565,0.700957,14,0,4807.46,-1818.97,1434.34,3151.81,6643.07,335.51,-24.8719,44.4823,573.28,523.8,0,0,0,0,0
neuromorpho__AA0710.swc,911,pyramidal,0.997144,755,155,0,0,0,0,0,0,0,0,0,0,0,0.424616,0.266951,0.3,0.3,0.3,0.3,0.3,0.821076,0.821076,0.821076,0.821076,0.821076,0.308261,0.3,0.988079,0.987664,0.996653,0.0129032,0,0,0,229,0.47249,0.3,0.3,0.751092,0.751092,7,0,4018.49,-1713.29,1195.27,5630.21,5815.05,225.35,-11.531,38.0203,219.53,472.41,0,0,0,0,0
neuromorpho__AA0711.swc,2522,pyramidal,0.996798,2019,502,0,0,0,0,0,0,0,0,0,0,0,0.459983,0.292416,0.3,0.3,0.3,0.3,0.3,0.769627,0.769627,0.769627,0.769627,0.769627,0.338787,0.3,0.944032,0.946344,0.990146,0.0697211,0,0,0,235,0.518243,0.3,0.3,0.685106,0.689362,27.2,0,2562.59,-237.247,505.95,978.86,3502.74,165.64,-9.23446,31.792,212.89,839.94,0,0,0,0,0
neuromorpho__AA0713.swc,1402,pyramidal,0.996699,1156,245,0,0,0,0,0,0,0,0,0,0,0,0.437061,0.276841,0.3,0.3,0.3,0.3,0.3,0.803138,0.803138,0.803138,0.803138,0.803138,0.319783,0.3,0.971453,0.988123,0.996653,0.0122449,0,0,0,250,0.494908,0.3,0.3,0.72,0.72,9,0,4363.7,594.186,1136.72,5352.44,7568.76,224.02,-1.63069,32.4785,317.12,498.82,0,0,0,0,0
neuromorpho__AA0732.swc,3449,pyramidal,0.996971,3191,257,0,0,0,0,0,0,0,0,0,0,0,0.358529,0.193173,0.3,0.3,0.3,0.3,0.3,0.915918,0.915918,0.915918,0.915918,0.915918,0.30999,0.3,0.985584,0.958703,0.996653,0.0544747,0,0,0,321,0.430311,0.3,0.3,0.813084,0.816199,26,0,5196.57,865.953,956.685,5331.16,7199.93,200.87,-5.91549,37.0919,262.49,639.9,0,0,0,0,0
neuromorpho__AA0735.swc,27249,pyramidal,0.99703,26980,268,0,0,0,0,0,0,0,0,0,0,0,0.319034,0.113374,0.3,0.3,0.3,0.3,0.3,0.972586,0.972586,0.972586,0.972586,0.972586,0.312329,0.3,0.982209,0.991454,0.996653,0.00746269,0,0,0,1293,0.382265,0.3,0.3,0.885538,0.887858,53,0,5071.64,1173.29,964.25,8634.27,7112.69,241.32,7.58149,38.9625,412.69,742.28,0,0,0,0,0
neuromorpho__AA0736.swc,2039,pyramidal,0.996266,1710,328,0,0,0,0,0,0,0,0,0,0,0,0.412363,0.256167,0.3,0.3,0.3,0.3,0.3,0.838646,0.838646,0.838646,0.838646,0.838646,0.310537,0.3,0.984795,0.941431,0.996653,0.0792683,0,0,0,465,0.383019,0.3,0.3,0.877419,0.883871,9,0,2614.11,1482.69,357.147,4115.76,2102.75,322.87,-1.11271,54.4065,471.21,636.91,0,0,0,0,0
neuromorpho__AA0751.swc,2854,pyramidal,0.990986,2656,197,0,0,0,0,0,0,0,0,0,0,0,0.327331,0.135233,0.3,0.3,0.3,0.3,0.3,0.960757,0.960757,0.960757,0.960757,0.960757,0.301826,0.3,0.997364,0.667776,0.3,0.472081,0,0,0,840,0.319071,0.3,0.3,0.972619,0.975,7,0,3169.89,-1153.48,679.699,2612.72,5074.43,267.2,15.7539,52.4637,734.53,1029.16,0,0,0,0,0
neuromorpho__AA0757.swc,1676,pyramidal,0.996156,1452,223,0,0,0,0,0,0,0,0,0,0,0,0.396005,0.240116,0.3,0.3,0.3,0.3,0.3,0.862172,0.862172,0.862172,0.862172,0.862172,0.30334,0.3,0.995179,0.996653,0.996653,0,0,0,0,576,0.378822,0.3,0.3,0.887153,0.887153,6,0,3417.62,-2677.32,531.705,1703.26,2137.63,91.83,1.12188,17.669,326.1,462.66,0,0,0,0,0
neuromorpho__AA0767.swc,12578,pyramidal,0.996844,11931,646,0,0,0,0,0,0,0,0,0,0,0,0.339471,0.161017,0.3,0.3,0.3,0.3,0.3,0.943314,0.943314,0.943314,0.943314,0.943314,0.30395,0.3,0.994301,0.994496,0.996653,0.00309598,0,0,0,1279,0.397033,0.3,0.3,0.861611,0.861611,23,0,7571.25,1649.47,1661.59,7835.17,7095.08,258.54,-10.6044,43.1655,445.71,671.29,0,0,0,0,0
neuromorpho__AA0772.swc,10738,pyramidal,0.995213,10108,629,0,0,0,0,0,0,0,0,0,0,0,0.342343,0.166404,0.3,0.3,0.3,0.3,0.3,0.939188,0.939188,0.939188,0.939188,0.939188,0.304387,0.3,0.993668,0.951243,0.996653,0.0651828,0,0,0,794,0.431048,0.3,0.3,0.811083,0.812343,35,0,5413.64,-3361.05,951.916,6197.49,7314.76,470.64,12.1365,57.1475,436.38,669.46,0,0,0,0,0
neuromorpho__AA0776.swc,3143,pyramidal,0.995101,2912,230,0,0,0,0,0,0,0,0,0,0,0,0.380058,0.221098,0.3,0.3,0.3,0.3,0.3,0.883869,0.883869,0.883869,0.883869,0.887687,0.341172,0.3,0.940591,0.869689,0.3,0.169565,0,0,0,158,0.553002,0.3,0.3,0.651899,0.651899,56.6,0.00333333,3709.69,-158.018,743.78,3431.02,3848.83,313.61,59.3687,55.277,530.65,902.31,0,0,0,0,0
neuromorpho__AA0781.swc,2977,pyramidal,0.993701,2760,216,0,0,0,0,0,0,0,0,0,0,0,0.374046,0.214494,0.3,0.3,0.3,0.3,0.3,0.893517,0.893517,0.893517,0.893517,0.893517,0.328123,0.3,0.95942,0.95795,0.996653,0.0555556,0,0,0,194,0.563442,0.3,0.3,0.628866,0.628866,39.7,0,2466.33,-333.576,626.927,1511.11,5856.7,249.78,2.83218,33.6123,266.33,841.65,0,0,0,0,0
neuromorpho__AA0791.swc,5495,pyramidal,0.996821,4695,799,0,0,0,0,0,0,0,0,0,0,0,0.422738,0.265261,0.3,0.3,0.3,0.3,0.3,0.823658,0.823658,0.823658,0.823658,0.823658,0.325093,0.3,0.963791,0.995781,0.996653,0.00125156,0,0,0,1244,0.41867,0.3,0.3,0.831994,0.833601,10,0,5666.82,526.771,916.386,8517.97,6854.7,301.72,0.410188,54.3456,398.4,849.81,0,0,0,0,0
neuromorpho__AA0792.swc,3153,pyramidal,0.997088,2737,415,0,0,0,0,0,0,0,0,0,0,0,0.393674,0.23765,0.3,0.3,0.3,0.3,0.3,0.865525,0.865525,0.865525,0.865525,0.865525,0.302025,0.3,0.997077,0.996653,0.996653,0,0,0,0,720,0.459815,0.3,0.3,0.770833,0.770833,9,0,4651.91,-2889.19,937.486,6625.14,3525.12,466.39,-13.8041,69.8979,497.61,630.86,0,0,0,0,0
neuromorpho__AA0794.swc,7576,pyramidal,0.994245,7086,489,0,0,0,0,0,0,0,0,0,0,0,0.358962,0.193775,0.3,0.3,0.3,0.3,0.3,0.915259,0.915259,0.915259,0.915259,0.915259,0.315061,0.3,0.978267,0.993804,0.996653,0.00408998,0,0,0,957,0.42668,0.3,0.3,0.819227,0.819227,15,0,4858.12,-1504.68,1093.13,6259.98,4812.72,449.51,-2.5965,71.3021,678.4,577.25,0,0,0,0,0
neuromorpho__AA0798.swc,11996,pyramidal,0.997273,11637,358,0,0,0,0,0,0,0,0,0,0,0,0.335811,0.153659,0.3,0.3,0.3,0.3,0.3,0.948483,0.948483,0.948483,0.948483,0.948483,0.315484,0.3,0.977657,0.994707,0.996653,0.0027933,0,0,0,1022,0.402123,0.3,0.3,0.855186,0.858121,25,0,9605.81,-609.086,2428.27,8700.82,5530.19,225.75,-12.9573,39.0807,386.53,936,0,0,0,0,0
neuromorpho__AA0806.swc,4367,pyramidal,0.996768,4105,261,0,0,0,0,0,0,0,0,0,0,0,0.372874,0.2129,0.3,0.3,0.3,0.3,0.3,0.895123,0.895123,0.895123,0.895123,0.895123,0.338492,0.3,0.944458,0.91124,0.3,0.122605,0,0,0,294,0.494343,0.3,0.3,0.727891,0.731293,37,0,3232.35,783.924,714.292,2694.34,4107.12,226.17,9.36586,42.7479,267.11,597.57,0,0,0,0,0
neuromorpho__AA0813.swc,991,pyramidal,0.992737,823,167,0,0,0,0,0,0,0,0,0,0,0,0.484539,0.307028,0.3,0.3,0.3,0.3,0.3,0.734612,0.734612,0.734612,0.734612,0.734612,0.379996,0.3,0.884569,0.996653,0.996653,0,0,0,0,263,0.460092,0.3,0.3,0.775665,0.775665,8,0,1051.51,-24.2102,144.598,2795.7,2347.86,157.27,-20.0903,28.5567,252.64,356.79,0,0,0,0,0
neuromorpho__AA0820.swc,1858,pyramidal,0.996675,1460,397,0,0,0,0,0,0,0,0,0,0,0,0.570081,0.338779,0.3,0.3,0.3,0.3,0.3,0.61141,0.61141,0.61141,0.61141,0.61141,0.453794,0.3,0.778082,0.996653,0.996653,0,0,0,0,265,0.827431,0.3,0.3,0.241509,0.25283,14.6,0,4210.21,-713.147,1289.94,4021.48,2328.33,194.41,3.8096,28.7114,213.99,453.17,0,0,0,0,0
neuromorpho__AA0823.swc,3906,pyramidal,0.996446,3481,424,0,0,0,0,0,0,0,0,0,0,0,0.387512,0.230792,0.3,0.3,0.3,0.3,0.3,0.874296,0.874296,0.874296,0.874296,0.874296,0.31314,0.3,0.98104,0.996653,0.996653,0,0,0,0,618,0.451494,0.3,0.3,0.783172,0.783172,10,0,3322.11,-92.9562,848.327,4790.63,5854.67,161.53,-14.2263,32.9516,437.62,424.29,0,0,0,0,0
neuromorpho__AA0824.swc,2107,pyramidal,0.994303,1827,279,0,0,0,0,0,0,0,0,0,0,0,0.402775,0.246979,0.3,0.3,0.3,0.3,0.3,0.852397,0.852397,0.852397,0.852397,0.852397,0.312138,0.3,0.982485,0.994156,0.996653,0.00358423,0,0,0,343,0.413641,0.3,0.3,0.836735,0.836735,11,0,1646.71,1052.27,276.361,1904.55,4975.87,238.19,-8.79581,38.2985,491.2,486.13,0,0,0,0,0
neuromorpho__AA0843.swc,1155,pyramidal,0.984321,921,233,0,0,0,0,0,0,0,0,0,0,0,0.472937,0.300751,0.3,0.3,0.3,0.3,0.3,0.751515,0.751515,0.751515,0.751515,0.751515,0.341384,0.3,0.940282,0.990673,0.996653,0.00858369,0,0,0,231,0.47575,0.3,0.3,0.753247,0.753247,11,0,1360.88,7.78806,227.829,2180.93,995.71,227.8,-2.5376,33.8423,437.93,492.47,0,0,0,0,0
neuromorpho__AA0850.swc,2407,pyramidal,0.995308,1916,490,0,0,0,0,0,0,0,0,0,0,0,0.467732,0.297696,0.3,0.3,0.3,0.3,0.3,0.759036,0.759036,0.759036,0.759036,0.759036,0.332915,0.3,0.952505,0.99381,0.996653,0.00408163,0,0,0,419,0.56623,0.3,0.3,0.618138,0.622912,12,0,3712.98,334.475,507.973,4416.3,4915.35,187.23,24.5814,34.051,469.8,445.65,0,0,0,0,0
neuromorpho__AA0852.swc,2073,pyramidal,0.996532,1812,260,0,0,0,0,0,0,0,0,0,0,0,0.414122,0.25765,0.3,0.3,0.3,0.3,0.3,0.835986,0.835986,0.835986,0.835986,0.835986,0.330597,0.3,0.95585,0.993974,0.996653,0.00384615,0,0,0,290,0.658079,0.3,0.3,0.489655,0.496552,19,0,4971.64,-2873.57,1333.39,5158.56,3078.39,266.83,-14.9124,43.962,636.16,761.61,0,0,0,0,0
neuromorpho__AA0863.swc,1084,pyramidal,0.996139,799,284,0,0,0,0,0,0,0,0,0,0,0,0.484416,0.307317,0.3,0.3,0.3,0.3,0.3,0.73524,0.73524,0.73524,0.73524,0.73524,0.308674,0.3,0.987484,0.977029,0.996653,0.028169,0,0,0,200,0.524629,0.3,0.3,0.675,0.68,11,0,2690.77,1080.48,636.282,2985.91,4161.34,157.34,-0.832289,25.3795,430.59,782.55,0,0,0,0,0
neuromorpho__AA0865.swc,4937,pyramidal,0.996696,4477,459,0,0,0,0,0,0,0,0,0,0,0,0.448432,0.284729,0.3,0.3,0.3,0.3,0.3,0.786307,0.786307,0.786307,0.786307,0.786307,0.392103,0.3,0.867099,0.996653,0.996653,0,0,0,0,613,0.608655,0.3,0.3,0.5677,0.577488,20,0.00333333,5911.7,1974.22,1771.45,4065.02,8883.82,183.63,-23.0232,32.2209,392.21,486.84,0,0,0,0,0
neuromorpho__AA0870.swc,3636,pyramidal,0.99682,3370,265,0,0,0,0,0,0,0,0,0,0,0,0.46971,0.298323,0.3,0.3,0.3,0.3,0.3,0.755501,0.755501,0.755501,0.755501,0.755501,0.428116,0.3,0.815134,0.996653,0.996653,0,0,0,0,471,0.604068,0.3,0.3,0.573248,0.590234,20,0,6078.56,-351.485,1056.95,3248.82,2678.59,252.52,55.2297,52.6748,491.4,561.58,0,0,0,0,0
neuromorpho__AA0873.swc,3447,pyramidal,0.99681,3053,393,0,0,0,0,0,0,0,0,0,0,0,0.442358,0.280501,0.3,0.3,0.3,0.3,0.3,0.795184,0.795184,0.795184,0.795184,0.795184,0.370823,0.3,0.897805,0.996653,0.996653,0,0,0,0,484,0.521071,0.3,0.3,0.68595,0.690083,16,0,2199,-99.177,476.215,3670.49,4250.03,219.69,5.58005,34.5365,315.31,411.7,0,0,0,0,0
neuromorpho__AA0876.swc,5531,pyramidal,0.997373,5310,220,0,0,0,0,0,0,0,0,0,0,0,0.347506,0.1754,0.3,0.3,0.3,0.3,0.3,0.931658,0.931658,0.931658,0.931658,0.931658,0.321012,0.3,0.96968,0.983987,0.996653,0.0181818,0,0,0,519,0.404595,0.3,0.3,0.851638,0.855491,27,0,7868.57,579.141,2074.48,3905.95,5801.83,276.96,9.42477,39.8285,364.24,656.03,0,0,0,0,0
neuromorpho__AA0884.swc,1116,pyramidal,0.997153,943,172,0,0,0,0,0,0,0,0,0,0,0,0.413586,0.257313,0.3,0.3,0.3,0.3,0.3,0.836918,0.836918,0.836918,0.836918,0.836918,0.306614,0.3,0.990456,0.996653,0.996653,0,0,0,0,280,0.474162,0.3,0.3,0.75,0.75,8,0,5217.43,-835.918,1757.45,2993.75,1737.72,204.78,4.89372,36.7342,522.17,297.34,0,0,0,0,0
neuromorpho__AA0891.swc,1526,pyramidal,0.991536,1405,120,0,0,0,0,0,0,0,0,0,0,0,0.392929,0.236568,0.3,0.3,0.3,0.3,0.3,0.866317,0.866317,0.866317,0.866317,0.866317,0.341925,0.3,0.939502,0.985042,0.996653,0.0166667,0,0,0,291,0.43389,0.3,0.3,0.80756,0.80756,9,0,7130.82,-88.1308,2271.63,3869.72,5906.2,121.87,20.1158,23.6947,274.66,479.77,0,0,0,0,0
neuromorpho__AA0899.swc,1272,pyramidal,0.992629,1014,257,0,0,0,0,0,0,0,0,0,0,0,0.421571,0.264392,0.3,0.3,0.3,0.3,0.3,0.825472,0.825472,0.825472,0.825472,0.825472,0.304101,0.3,0.994083,0.882803,0.3,0.163424,0,0,0,167,0.533097,0.3,0.3,0.664671,0.664671,15.4,0,3641.09,-2706.96,720.077,1776.48,3930.82,181.55,5.99712,36.4926,297.62,843.06,0,0,0,0,0
neuromorpho__AA0902.swc,361,pyramidal,0.983333,150,210,0,0,0,0,0,0,0,0,0,0,0,0.902115,0.232986,0.3,0.3,0.3,0.985968,0.993021,0.130194,0.130194,0.130194,0.130194,0.130194,0.780491,0.3,0.306667,0.988523,0.985968,0.0047619,0,0,0,115,0.935649,0.3,0.795015,0.0782609,0.113043,6,0,524.99,-49.6131,104.628,1152,757.03,315.85,-30.3996,52.482,436.07,484.91,0,0,0,0,0
neuromorpho__AA0906.swc,2717,pyramidal,0.99724,2325,391,0,0,0,0,0,0,0,0,0,0,0,0.403318,0.247574,0.3,0.3,0.3,0.3,0.3,0.851675,0.851675,0.851675,0.851675,0.851675,0.303279,0.3,0.995269,0.996653,0.996653,0,0,0,0,265,0.518196,0.3,0.3,0.686792,0.686792,23,0,3992.06,-2039.45,1126.01,5926.22,4558.59,222.61,-14.425,43.2705,375.84,700.11,0,0,0,0,0
neuromorpho__AA0913.swc,1101,pyramidal,0.987158,874,226,0,0,0,0,0,0,0,0,0,0,0,0.865956,0.269091,0.3,0.3,0.3,0.993021,0.993021,0.184378,0.184378,0.184378,0.184378,0.184378,0.839978,0.3,0.220824,0.965828,0.996653,0.0442478,0,0,0,293,0.912958,0.3,0.525676,0.116041,0.133106,7,0,936.09,60.7161,118.512,782.64,1548.24,216.7,6.42938,41.8619,630.1,645.89,0,0,0,0,0
neuromorpho__AA0914.swc,1705,pyramidal,0.996904,1443,261,0,0,0,0,0,0,0,0,0,0,0,0.541876,0.330803,0.3,0.3,0.3,0.3,0.3,0.651613,0.651613,0.651613,0.651613,0.651613,0.463647,0.3,0.763687,0.972631,0.996653,0.0344828,0,0,0,275,0.682878,0.3,0.3,0.458182,0.48,15,0,5623.24,1142.08,1565.92,3409.45,4015.47,273.55,-40.4009,42.6675,412.08,577.59,0,0,0,0,0
neuromorpho__AA0919.swc,2851,pyramidal,0.996363,2420,430,0,0,0,0,0,0,0,0,0,0,0,0.444795,0.282134,0.3,0.3,0.3,0.3,0.3,0.791301,0.791301,0.791301,0.792704,0.792704,0.346965,0.3,0.932231,0.994082,0.996653,0,0,0,0,421,0.600595,0.3,0.3,0.567696,0.577197,16,0,3960.53,277.477,1055.45,3578.02,5243.88,242.92,-0.813535,45.9545,331.27,578.21,0,0,0,0,0
neuromorpho__AA0926.swc,5649,pyramidal,0.996707,4817,831,0,0,0,0,0,0,0,0,0,0,0,0.388565,0.231912,0.3,0.3,0.3,0.3,0.3,0.872721,0.872721,0.872721,0.872721,0.872721,0.323451,0.3,0.966162,0.765274,0.3,0.33213,0,0,0,872,0.42583,0.3,0.3,0.821101,0.822248,14,0,2952.75,-637.651,602.262,5947.55,6263.16,366.49,-3.2733,60.8306,379.06,838.54,0,0,0,0,0
neuromorpho__AA0945.swc,5457,pyramidal,0.996598,4982,474,0,0,0,0,0,0,0,0,0,0,0,0.39404,0.2378,0.3,0.3,0.3,0.3,0.3,0.864761,0.864761,0.864761,0.864761,0.864761,0.336585,0.3,0.94721,0.996653,0.996653,0,0,0,0,978,0.429279,0.3,0.3,0.816973,0.817996,12,0,5709.39,-871.951,1431.66,4377.46,5319.51,270.76,6.64181,52.4872,379.88,792.11,0,0,0,0,0
neuromorpho__AA0953.swc,2550,pyramidal,0.997133,2191,358,0,0,0,0,0,0,0,0,0,0,0,0.396976,0.24114,0.3,0.3,0.3,0.3,0.3,0.860784,0.860784,0.860784,0.860784,0.860784,0.302214,0.3,0.996805,0.975248,0.996653,0.0307263,0,0,0,420,0.446635,0.3,0.3,0.788095,0.788095,12,0,2671.33,622.787,654.301,6292.77,6421.38,354.93,12.3509,73.2079,442.59,470.54,0,0,0,0,0
neuromorpho__AA0994.swc,745,pyramidal,0.993593,550,194,0,0,0,0,0,0,0,0,0,0,0,0.499833,0.314781,0.3,0.3,0.3,0.3,0.3,0.712752,0.712752,0.712752,0.712752,0.712752,0.37308,0.3,0.894545,0.856604,0.3,0.201031,0,0,0,137,0.649924,0.3,0.3,0.49635,0.50365,15,0,1445.79,911.681,379.057,1366.05,3270.11,151.61,10.038,28.0682,202.3,727.66,0,0,0,0,0
neuromorpho__AAS17.swc,437,interneuron,0.934071,47,389,0,0,0,0,0,0,0,0,0,0,0,0.98701,0.0349081,0.873239,0.888889,0.888889,0.999824,0.999824,0,0,0,0,0.107551,0.887224,0.882629,0,0.999033,0.999824,0,0,0,0,33,0.98183,0.873239,0.888889,0,0,24,0,7.03,-6.75596,2.84316,51.95,17.57,56.07,-20.3494,14.4202,63.17,126.33,0,0,0,0,0
neuromorpho__AAS3.swc,6098,interneuron,0.993915,5449,648,0,0,0,0,0,0,0,0,0,0,0,0.801694,0.298362,0.3,0.3,0.3,0.3,0.972829,0.260413,0.260413,0.260905,0.263857,0.263857,0.778096,0.3,0.29198,0.999824,0.999824,0,0,0,0,140,0.85659,0.3,0.3,0.185714,0.2,114.4,0,138.96,-44.5218,31.9864,215.7,1129.09,43.91,-8.67114,9.07961,131.24,126.72,0,0,0,0,0
neuromorpho__ADP10_2491_biocytin.swc,1901,interneuron,0.969791,0,1900,0,0,0,0,0,0,0,0,0,0,0,0.999824,4.04135e-06,0.999824,0.999824,0.999824,0.999824,0.999824,0,0,0,0,0,0,0,0,0.999824,0.999824,0,0,0,0,13,0.999837,0.999824,0.999824,0,0,338.6,0,0,0,0,0,0,39.87,6.50288,10.8073,233.08,329.29,0,0,0,0,0
neuromorpho__ADP1_4339_neurobiotin.swc,9678,interneuron,0.976465,0,9677,0,0,0,0,0,0,0,0,0,0,0,0.699972,0.314599,0.3,0.3,0.3,0.3,0.890625,0.371874,0.371874,0.371874,0.456396,0.638148,0,0,0,0.699941,0.3,0.371913,0,0,0,24,0.756875,0.3,0.3,0.333333,0.375,1062.1,0,0,0,0,0,0,39.19,-9.29932,10.0598,385.06,748.65,0,0,0,0,0
neuromorpho__AIMR.swc,14,interneuron,0.951632,13,0,0,0,0,0,0,0,0,0,0,0,0,0.97477,0.00699756,0.972829,0.972829,0.972829,0.972829,0.972829,0,0,0,0,0,0.972829,0.972829,0,0,0,0,0,0,0,2,0.986415,0.972829,0.975546,0,0,11.8,0,6.93,-0.499231,1.84492,11,32.85,0,0,0,0,0,0,0,0,0,0
neuromorpho__AIYL.swc,14,interneuron,0.959129,13,0,0,0,0,0,0,0,0,0,0,0,0,0.987377,0.00350096,0.986406,0.986406,0.986406,0.986406,0.986406,0,0,0,0,0,0.986406,0.986406,0,0,0,0,0,0,0,2,0.993203,0.986406,0.987766,0,0,11.8,0,7.36,0.416923,2.01075,11.1,34.53,0,0,0,0,0,0,0,0,0,0
neuromorpho__AIZL.swc,22,interneuron,0.974762,21,0,0,0,0,0,0,0,0,0,0,0,0,0.974064,0.00565965,0.972829,0.972829,0.972829,0.972829,0.972829,0,0,0,0,0,0.972829,0.972829,0,0,0,0,0,0,0,2,0.986415,0.972829,0.975546,0,0,19,0,7.6,-1.65857,1.76296,27.85,16.02,0,0,0,0,0,0,0,0,0,0
neuromorpho__APPKO-set1-010.swc,1015,pyramidal,0.99308,0,1014,0,0,0,0,0,0,0,0,0,0,0,0.996613,0.000450058,0.992226,0.996653,0.996653,0.996653,0.996653,0,0,0,0,0,0,0,0,0.99661,0.996653,0,0,0,0,60,0.996635,0.992226,0.996653,0,0,36.2,0,0,0,0,0,0,0.05,-0.000276134,0.00825641,200.86,303.41,0,0,0,0,0
neuromorpho__APPKO-set2-004.swc,1097,pyramidal,0.99507,0,1096,0,0,0,0,0,0,0,0,0,0,0,0.996624,0.000390282,0.992226,0.996653,0.996653,0.996653,0.996653,0,0,0,0,0,0,0,0,0.996621,0.996653,0,0,0,0,72,0.996638,0.992226,0.996653,0,0,31.9,0,0,0,0,0,0,0,0,0,239.29,329.28,0,0,0,0,0
neuromorpho__APPKO-set3-001.swc,1469,pyramidal,0.992128,0,1468,0,0,0,0,0,0,0,0,0,0,0,0.996656,8.72894e-05,0.996653,0.996653,0.996653,0.996653,0.996653,0,0,0,0,0,0,0,0,0.996653,0.996653,0,0,0,0,66,0.996704,0.996653,0.996653,0,0,45.5,0,0,0,0,0,0,0,0,0,299.53,324.15,0,0,0,0,0
neuromorpho__APPKO-set3-002.swc,1168,pyramidal,0.994491,0,1167,0,0,0,0,0,0,0,0,0,0,0,0.996656,9.78843e-05,0.996653,0.996653,0.996653,0.996653,0.996653,0,0,0,0,0,0,0,0,0.996653,0.996653,0,0,0,0,60,0.996709,0.996653,0.996653,0,0,37.1,0,0,0,0,0,0,0,0,0,252.35,374.66,0,0,0,0,0
neuromorpho__A_RFP_0004_final.swc,711,pyramidal,0.996679,0,710,0,0,0,0,0,0,0,0,0,0,0,0.996658,0.000125424,0.996653,0.996653,0.996653,0.996653,0.996653,0,0,0,0,0,0,0,0,0.996653,0.996653,0,0,0,0,77,0.996697,0.996653,0.996653,0,0,20,0,0,0,0,0,0,0,0,0,29.44,60.17,0,0,0,0,0
neuromorpho__A_RFP_0005_2final.swc,926,pyramidal,0.993931,0,925,0,0,0,0,0,0,0,0,0,0,0,0.996657,0.000109921,0.996653,0.996653,0.996653,0.996653,0.996653,0,0,0,0,0,0,0,0,0.996653,0.996653,0,0,0,0,137,0.996678,0.996653,0.996653,0,0,13.4,0,0,0,0,0,0,0,0,0,30.3,59.22,0,0,0,0,0
neuromorpho__A_RFP_0006_2final.swc,571,pyramidal,0.995431,0,570,0,0,0,0,0,0,0,0,0,0,0,0.996659,0.000139934,0.996653,0.996653,0.996653,0.996653,0.996653,0,0,0,0,0,0,0,0,0.996653,0.996653,0,0,0,0,53,0.996716,0.996653,0.996653,0,0,27.8,0,0,0,0,0,0,0,0,0,26.07,51.99,0,0,0,0,0
neuromorpho__A_RFP_0006_final2.swc,1284,pyramidal,0.995617,0,1283,0,0,0,0,0,0,0,0,0,0,0,0.996656,9.33617e-05,0.996653,0.996653,0.996653,0.996653,0.996653,0,0,0,0,0,0,0,0,0.996653,0.996653,0,0,0,0,131,0.996679,0.996653,0.996653,0,0,19,0,0,0,0,0,0,0,0,0,42.89,105.47,0,0,0,0,0
neuromorpho__A_RFP_0007_final2.swc,730,pyramidal,0.995993,0,729,0,0,0,0,0,0,0,0,0,0,0,0.996658,0.000123783,0.996653,0.996653,0.996653,0.996653,0.996653,0,0,0,0,0,0,0,0,0.996653,0.996653,0,0,0,0,51,0.996719,0.996653,0.996653,0,0,30,0,0,0,0,0,0,0,0,0,37.51,70.95,0,0,0,0,0
neuromorpho__A_RFP_0008_2final.swc,844,pyramidal,0.996551,0,843,0,0,0,0,0,0,0,0,0,0,0,0.996657,0.000115131,0.996653,0.996653,0.996653,0.996653,0.996653,0,0,0,0,0,0,0,0,0.996653,0.996653,0,0,0,0,85,0.996693,0.996653,0.996653,0,0,21.6,0,0,0,0,0,0,0,0,0,62.09,60.82,0,0,0,0,0
neuromorpho__A_RFP_0014_2final.swc,854,pyramidal,0.996584,0,853,0,0,0,0,0,0,0,0,0,0,0,0.996657,0.000114456,0.996653,0.996653,0.996653,0.996653,0.996653,0,0,0,0,0,0,0,0,0.996653,0.996653,0,0,0,0,117,0.996682,0.996653,0.996653,0,0,18.2,0,0,0,0,0,0,0,0,0,45.37,58.06,0,0,0,0,0
neuromorpho__A_RFP_0016_final2.swc,1157,pyramidal,0.995436,98,1058,0,0,0,0,0,0,0,0,0,0,0,0.971462,0.0833757,0.666947,0.710708,0.996653,0.996653,0.996653,0,0,0.0345722,0.0847018,0.0847018,0.699213,0.666947,0.408163,0.996653,0.996653,0,0,0,0,172,0.967715,0.666947,0.996653,0.0290698,0.0988372,14,0,0,0,0,16.55,14.7,0,0,0,33.38,38.94,0,0,0,0,0
neuromorpho__A_RFP_0018_final2.swc,1211,pyramidal,0.99616,0,1210,0,0,0,0,0,0,0,0,0,0,0,0.996656,9.61322e-05,0.996653,0.996653,0.996653,0.996653,0.996653,0,0,0,0,0,0,0,0,0.996653,0.996653,0,0,0,0,161,0.996674,0.996653,0.996653,0,0,14,0,0,0,0,0,0,0,0,0,52.24,50.38,0,0,0,0,0
neuromorpho__Anstoetz_PV-IN12.swc,1500,interneuron,0.707698,0,1499,0,0,0,0,0,0,0,0,0,0,0,0.887386,0.256992,0.3,0.3,0.3,0.999824,0.999824,0.160667,0.160667,0.160667,0.160667,0.160667,0,0,0,0.88731,0.3,0.160774,0,0,0,25,0.958306,0.3,0.8349,0.04,0.08,133.8,0,0,0,0,0,0,139.39,-32.6767,27.2008,398.22,476.75,0,0,0,0,0
neuromorpho__Anstoetz_PV-IN13.swc,6209,interneuron,0.996656,4277,1931,0,0,0,0,0,0,0,0,0,0,0,0.998418,0.0294251,0.3,0.999596,0.999596,0.999596,0.999596,0.00177162,0.00177162,0.00177162,0.00177162,0.00177162,0.999583,0.999596,0,0.995837,0.999824,0.00569653,0,0,0,256,0.999407,0.3,0.999596,0,0,53.5,0,186.47,-8.87069,32.8516,365.7,160.35,164.64,7.35183,26.9272,241.78,145.28,0,0,0,0,0
neuromorpho__Anstoetz_PV-IN15.swc,6927,interneuron,0.99694,4748,2178,0,0,0,0,0,0,0,0,0,0,0,0.93249,0.206114,0.3,0.3,0.999596,0.999596,0.999596,0.0960012,0.0960012,0.0960012,0.0960012,0.0960012,0.97219,0.999596,0.0391744,0.845914,0.3,0.219927,0,0,0,370,0.980693,0.3,0.999596,0.0297297,0.0297297,36,0,240.04,43.0888,49.726,406.28,323.2,132.55,33.7806,26.7323,450.6,516.81,0,0,0,0,0
neuromorpho__Anstoetz_PV-IN16.swc,2149,interneuron,0.491968,0,2148,0,0,0,0,0,0,0,0,0,0,0,0.919379,0.116169,0.3,0.93482,0.93482,0.941167,0.941878,0.0339693,0.0339693,0.0339693,0.0339693,0.0339693,0,0,0,0.919342,0.93482,0.0339851,0,0,0,45,0.938617,0.3,0.941167,0,0.0222222,93.4,0,0,0,0,0,0,66.91,12.6901,13.056,213.24,441.27,0,0,0,0,0
neuromorpho__Anstoetz_PV-IN7.swc,3881,interneuron,0.989611,2414,1466,0,0,0,0,0,0,0,0,0,0,0,0.978468,0.119625,0.3,0.999596,0.999596,0.999596,0.999596,0.0301469,0.0301469,0.0301469,0.0301469,0.0301469,0.969839,0.999596,0.0422535,0.992663,0.999824,0.0102319,0,0,0,178,0.982974,0.3,0.999596,0.0224719,0.0224719,44.9,0,148.19,-34.2295,22.9446,187.02,312.06,95.73,-14.3619,19.6781,214.2,242.03,0,0,0,0,0
neuromorpho__Anstoetz_SLM_IN4.swc,474,interneuron,0.880809,37,436,0,0,0,0,0,0,0,0,0,0,0,0.997429,0.00634061,0.976165,0.976165,0.986406,0.999824,0.999824,0,0,0,0,0,0.986406,0.986406,0,0.998359,0.999824,0,0,0,0,45,0.999004,0.976165,0.999824,0,0,20.6,-0.00333333,27.76,4.35225,8.40639,101.51,116.7,33.02,0.0964985,5.89321,76.4,136.22,0,0,0,0,0
neuromorpho__Anstoetz_SLM_IN5.swc,1994,interneuron,0.992942,1254,739,0,0,0,0,0,0,0,0,0,0,0,0.988115,0.0879043,0.3,0.999596,0.999596,0.999596,0.999596,0.0160481,0.0160481,0.0160481,0.0160481,0.0160481,0.98567,0.999596,0.0191388,0.992248,0.999824,0.0108254,0,0,0,147,0.988232,0.3,0.999596,0.0136054,0.0136054,32,0,135.42,-45.0291,23.8797,215.92,305.87,75.79,-16.1292,14.9901,121.16,315.44,0,0,0,0,0
neuromorpho__Anstoetz_SLM_IN9.swc,396,interneuron,0.74656,0,395,0,0,0,0,0,0,0,0,0,0,0,0.999824,8.84575e-06,0.999824,0.999824,0.999824,0.999824,0.999824,0,0,0,0,0,0,0,0,0.999824,0.999824,0,0,0,0,15,0.999835,0.999824,0.999824,0,0,61,0,0,0,0,0,0,42.81,-2.91577,9.63531,141.56,354.05,0,0,0,0,0
neuromorpho__Anstoetz_Toolbox-IN2.swc,6314,interneuron,0.968024,5508,805,0,0,0,0,0,0,0,0,0,0,0,0.789519,0.312458,0.3,0.3,0.3,0.3,0.979266,0.289357,0.289357,0.289357,0.289357,0.289357,0.779287,0.3,0.30374,0.859269,0.3,0.191304,0,0,0,168,0.768951,0.3,0.3,0.315476,0.327381,85.9,0,205.23,-52.7308,36.2047,467.59,700.59,157.94,-58.496,42.3194,155.66,370.1,0,0,0,0,0
neuromorpho__Anstoetz_Toolbox-IN4.swc,3373,interneuron,0.994006,3064,308,0,0,0,0,0,0,0,0,0,0,0,0.983591,0.103804,0.3,0.999596,0.999596,0.999596,0.999596,0.0225319,0.0225319,0.0225319,0.0225319,0.0225319,0.981954,0.999596,0.0248042,0.999824,0.999824,0,0,0,0,176,0.988861,0.3,0.999596,0.0113636,0.0113636,45,0,214.34,3.7579,34.9044,351.21,343.7,33.4,5.83688,7.48084,81.7,113.98,0,0,0,0,0
neuromorpho__Anstoetz_Toolbox-IN9.swc,448,interneuron,0.954637,0,447,0,0,0,0,0,0,0,0,0,0,0,0.999824,8.31778e-06,0.999824,0.999824,0.999824,0.999824,0.999824,0,0,0,0,0,0,0,0,0.999824,0.999824,0,0,0,0,31,0.999829,0.999824,0.999824,0,0,35,0.00333333,0,0,0,0,0,46.66,-6.92544,8.72387,116.75,108.37,0,0,0,0,0
neuromorpho__B1-F1-cell1.swc,327,interneuron,0.913731,0,326,0,0,0,0,0,0,0,0,0,0,0,0.999824,9.73178e-06,0.999824,0.999824,0.999824,0.999824,0.999824,0,0,0,0,0,0,0,0,0.999824,0.999824,0,0,0,0,58,0.999827,0.999824,0.999824,0,0,11,1.8,0,0,0,0,0,25.64,-5.73439,3.6501,73.62,92.51,0,0,0,0,0
neuromorpho__B1-F2-cell2.swc,345,interneuron,0.943805,0,344,0,0,0,0,0,0,0,0,0,0,0,0.999824,9.47527e-06,0.999824,0.999824,0.999824,0.999824,0.999824,0,0,0,0,0,0,0,0,0.999824,0.999824,0,0,0,0,69,0.999826,0.999824,0.999824,0,0,10,-11.695,0,0,0,0,0,9.81,7.37602,2.47833,49.18,70.32,0,0,0,0,0
neuromorpho__B15a.swc,6786,interneuron,0.949088,0,6785,0,0,0,0,0,0,0,0,0,0,0,0.852647,0.280868,0.3,0.3,0.3,0.976165,0.999824,0.205128,0.205128,0.205128,0.205128,0.205128,0,0,0,0.852625,0.3,0.205158,0,0,0,332,0.891242,0.3,0.3,0.150602,0.150602,57.8,-2.3896,0,0,0,0,0,272.47,-25.9036,49.5797,375.61,641.25,0,0,0,0,0
neuromorpho__B1_Slide3_1.swc,451,pyramidal,0.981606,36,187,227,0,0,0,0,0.0302943,0,0,0,0,0,0.8631,0.25374,0.3,0.3,0.3,0.961539,0.985786,0.152993,0.195122,0.195122,0.195122,0.195122,0.650839,0.3,0.472222,0.882657,0.567042,0.192513,0.880048,0.3,0.154185,45,0.922518,0.3,0.73358,0.0888889,0.133333,22,-12.1889,48.73,19.8058,15.6971,83.8,273.79,100.77,-1.9456,19.6288,265.79,391.72,123.65,-17.9388,24.4157,243.16,420.21
neuromorpho__B1_slide1_1.swc,286,pyramidal,0.984477,22,100,163,0,0,0,0,0,0,0,0,0,0,0.963239,0.113163,0.3,0.700794,0.985786,0.985786,0.985786,0.020979,0.020979,0.020979,0.0629371,0.0629371,0.804015,0.3,0.272727,0.96115,0.700794,0,0.985786,0.985786,0,37,0.976198,0.3,0.985786,0,0.027027,12,-20.0818,49.18,-19.0936,15.4016,71.02,285.4,50.87,-3.73488,10.9535,210.74,139.67,66.97,-12.6012,16.484,154.97,323.95
neuromorpho__B1_slide1_2.swc,389,pyramidal,0.968952,31,99,258,0,0,0,0,0,0,0,0,0,0,0.962479,0.132759,0.3,0.985786,0.985786,0.985786,0.985786,0.0385604,0.0385604,0.0385604,0.0385604,0.0385604,0.702399,0.3,0.419355,0.996653,0.996653,0,0.98047,0.985786,0.00775194,51,0.982957,0.3,0.985786,0,0.0196078,16,-11.1512,52.49,22.1713,15.6825,42.66,282.23,101.47,5.76943,23.2905,127.8,161.84,97.29,11.858,25.5525,156.63,282.73
neuromorpho__B1_slide2_10.swc,377,pyramidal,0.995084,28,142,206,0,0,0,0,0,0,0,0,0,0,0.947103,0.161084,0.3,0.3,0.985786,0.985786,0.985786,0.0557029,0.0557029,0.0557029,0.0742706,0.0742706,0.819682,0.3,0.25,0.983351,0.996653,0,0.939179,0.985786,0.0679612,44,0.974896,0.3,0.985786,0,0.0454545,16.4,-21.4378,33.68,8.16671,7.63283,84.99,215.41,86.72,-1.81955,21.4324,128.94,209.68,101.14,-27.6364,25.9369,160.37,598
neuromorpho__B1_slide2_3.swc,810,pyramidal,0.963066,16,448,345,0,0,0,0,0,0,0,0,0,0,0.934057,0.190569,0.3,0.3,0.947713,0.985786,0.996653,0.082716,0.082716,0.082716,0.082716,0.082716,0.947713,0.947713,0,0.968594,0.996653,0.0401786,0.888385,0.3,0.142029,42,0.952955,0.3,0.95152,0.047619,0.047619,36.9,-20.8517,10,-17.2146,4.24709,26.13,3.61,69.47,-0.53811,14.786,107.15,261.99,67.56,5.67338,16.3435,148.91,358.73
neuromorpho__B1_slide2_neuron1_II_III.swc,1099,pyramidal,0.991556,84,411,603,0,0,0,0,0,0,0,0,0,0,0.965217,0.119112,0.3,0.947713,0.985786,0.985786,0.985786,0.0300273,0.0300273,0.0300273,0.0391265,0.0391265,0.754941,0.3,0.297619,0.977931,0.996653,0.0194647,0.985786,0.985786,0,62,0.961209,0.3,0.985786,0.0322581,0.0483871,40,-17.1993,30.89,25.541,9.77763,15.1,181.84,94.12,14.1769,20.8399,277.24,262.32,103.65,-6.03531,17.0265,282.5,325.13
neuromorpho__B1_slide3_5.swc,178,pyramidal,0.989607,15,85,77,0,0,0,0,0,0,0,0,0,0,0.987529,0.0519321,0.3,0.985786,0.985786,0.985786,0.99291,0.00561798,0.00561798,0.00561798,0.00561798,0.00561798,0.946716,0.99291,0.0666667,0.996164,0.996653,0,0.985786,0.985786,0,26,0.990035,0.3,0.985786,0,0,13,-19.1808,11.11,-7.0825,4.25862,77.95,180.3,54.04,0.77401,11.9753,147.56,165.59,68.61,13.5188,14.7741,160.06,142.05
neuromorpho__B1_slide3_6.swc,385,pyramidal,0.992424,4,219,161,0,0,0,0,0,0,0,0,0,0,0.986301,0.0353903,0.3,0.985786,0.985786,0.985786,0.987549,0.0025974,0.0025974,0.0025974,0.0025974,0.0025974,0.947713,0.947713,0,0.990454,0.987549,0,0.981527,0.985786,0.00621118,56,0.987695,0.3,0.985786,0,0,16.5,-15.678,15.44,-3.352,7.72,6.82,37.07,90.01,-2.8578,17.9372,180.93,209.15,97.05,19.3498,17.8353,128.6,214.76
neuromorpho__B1_slide3_9.swc,306,pyramidal,0.996859,14,95,196,0,0,0,0,0,0,0,0,0,0,0.980535,0.0509629,0.670683,0.985786,0.985786,0.985786,0.985786,0,0,0.0261438,0.0261438,0.0261438,0.993021,0.993021,0,0.967683,0.989851,0.0842105,0.985773,0.985786,0,45,0.982508,0.670683,0.985786,0.0222222,0.0222222,13.6,-16.5929,23.28,4.025,4.915,40.59,144.69,52.35,-2.86114,10.9197,111.34,118.66,80.86,-15.1718,19.6241,276.81,196.75
neuromorpho__B1_slide3_neuron1.swc,465,pyramidal,0.959279,32,228,204,0,0,0,0,0,0,0,0,0,0,0.990153,0.0324679,0.3,0.985786,0.985786,0.985786,0.993021,0.00215054,0.00215054,0.00215054,0.00215054,0.00215054,0.971364,0.993021,0.03125,0.996653,0.996653,0,0.985786,0.985786,0,62,0.991917,0.3,0.985786,0,0,14,-13.318,15.75,14.8699,5.24512,9.1,172.45,120.78,4.44778,24.4851,222.31,197.74,111.48,3.28619,19.7954,190.74,239.19
neuromorpho__B1_slide3_neuron1_II_III.swc,239,pyramidal,0.935149,35,203,0,0,0,0,0,0,0,0,0,0,0,0.991107,0.0112381,0.964747,0.964747,0.964747,0.996653,0.996653,0,0,0,0,0,0.964747,0.964747,0,0.995608,0.987549,0,0,0,0,15,0.993746,0.964747,0.988813,0,0,33.8,-23.4469,40.53,26.4466,12.6041,14.31,80.16,54.3,13.611,11.7711,65.49,181.05,0,0,0,0,0
neuromorpho__B1_slide4_4.swc,661,pyramidal,0.991125,25,273,362,0,0,0,0,0,0,0,0,0,0,0.914156,0.214945,0.3,0.3,0.3,0.985786,0.985786,0.108926,0.108926,0.108926,0.108926,0.108926,0.947713,0.947713,0,0.996653,0.996653,0,0.849387,0.3,0.198895,36,0.908172,0.3,0.547834,0.111111,0.138889,33.5,-26.3079,25.41,8.97586,8.45838,42.58,5.03,76.02,1.28529,21.9362,166.88,258.27,83.51,23.1691,18.1473,78.58,443.11
neuromorpho__B1_slide4_neuron1_II_III.swc,909,pyramidal,0.984301,131,368,409,0,0,0,0,0,0,0,0,0,0,0.991199,0.00506599,0.985786,0.985786,0.985786,0.985786,0.993021,0,0,0,0,0,0.993021,0.993021,0,0.996544,0.996653,0,0.985786,0.985786,0,54,0.992003,0.985786,0.985786,0,0,35.7,-19.3536,40.53,-0.877432,10.5842,104.9,386.95,94.1,16.6808,22.0664,156.77,154.87,82.29,18.7062,16.8498,173.61,231.4
neuromorpho__B1_slide4_neuron4.swc,504,pyramidal,0.981995,25,246,232,0,0,0,0,0,0,0,0,0,0,0.866451,0.2643,0.3,0.3,0.3,0.985786,0.985786,0.178571,0.178571,0.178571,0.178571,0.178571,0.869987,0.559085,0.12,0.984388,0.992226,0.0162602,0.74044,0.3,0.357759,54,0.882682,0.3,0.3,0.148148,0.148148,20.2,-11.145,10.33,16.351,3.62458,55.71,195.58,101.38,15.437,20.9789,285.79,338.28,110.33,8.41991,18.062,219.3,470.9
neuromorpho__B1_slide4_neuron5.swc,1862,pyramidal,0.986123,19,583,1259,0,0,0,0,0,0,0,0,0,0,0.969286,0.114696,0.3,0.985786,0.985786,0.985786,0.985786,0.028464,0.028464,0.028464,0.028464,0.028464,0.963042,0.963042,0,0.96439,0.996653,0.0463122,0.971624,0.985786,0.0206513,92,0.982191,0.3,0.985786,0,0,44.9,-20.4358,34.61,-27.0416,12.5705,26.12,11.48,118.26,-32.1541,22.142,321.8,210.55,146.7,-61.3941,35.83,401.2,633.19
neuromorpho__B2_slide1_7.swc,385,pyramidal,0.994457,11,152,221,0,0,0,0,0,0,0,0,0,0,0.988996,0.00882428,0.947713,0.985786,0.985786,0.985786,0.985786,0,0,0,0,0,0.947713,0.947713,0,0.996595,0.996653,0,0.985775,0.985786,0,58,0.988847,0.947713,0.985786,0,0,12,-17.617,24.37,35.5997,7.36988,45.83,71.84,64.29,27.1755,13.7482,216.07,215.09,57.49,11.4899,13.3657,271.93,246.26
neuromorpho__B2_slide1_neuron4_II_III.swc,394,pyramidal,0.952928,68,195,130,0,0,0,0,0.0145802,0,0,0,0,0,0.91667,0.150457,0.3,0.598588,0.795738,0.947713,0.985786,0.0279188,0.0964467,0.0964467,0.154822,0.182741,0.842936,0.3,0.161765,0.895878,0.598588,0.138462,0.985786,0.985786,0,22,0.925007,0.3,0.798893,0.0909091,0.136364,27.5,-22.2207,14.55,12.1149,4.03358,39.21,165.08,76.7,5.35759,18.6443,166.91,117.06,20.37,14.0921,6.18524,34.81,181.56
neuromorpho__B2_slide2_17.swc,333,pyramidal,0.867945,25,193,114,0,0,0,0,0,0,0,0,0,0,0.925567,0.204034,0.3,0.3,0.983548,0.985786,0.993021,0.0960961,0.0960961,0.0960961,0.0960961,0.0960961,0.771254,0.3,0.32,0.955793,0.983548,0.0569948,0.907582,0.3,0.114035,35,0.966628,0.3,0.902114,0.0285714,0.0857143,19.8,-7.53167,67.22,-29.0979,21.1216,14.82,233.23,108.58,3.7513,23.9372,262.86,248.6,91.17,0.937456,28.3305,230.8,555.49
neuromorpho__B2_slide2_5.swc,705,pyramidal,0.981322,35,334,335,0,0,0,0,0,0,0,0,0,0,0.98329,0.0299777,0.856001,0.964747,0.985786,0.985786,0.985786,0,0,0,0,0.0496454,0.856001,0.856001,0,0.994074,0.996653,0,0.985786,0.985786,0,50,0.98827,0.856001,0.985786,0,0,29,-17.7189,12.34,-7.25254,4.37192,33.84,88.02,83.98,2.80883,17.8767,198.75,262.14,73.51,-0.168723,16.1772,167.41,258.17
neuromorpho__B2_slide2_7.swc,400,pyramidal,0.99328,10,189,200,0,0,0,0,0,0,0,0,0,0,0.990005,0.00864577,0.947713,0.985786,0.985786,0.985786,0.985786,0,0,0,0,0,0.947713,0.947713,0,0.996653,0.996653,0,0.985786,0.985786,0,54,0.990778,0.947713,0.985786,0,0,14,-19.1825,6.23,3.6575,1.61024,25.37,100.34,88.21,-1.09813,17.416,183.75,308.75,73.25,25.8736,18.5943,317.09,242.35
neuromorpho__B2_slide2_9a.swc,1802,pyramidal,0.956498,36,1225,540,0,0,0,0,0,0,0,0,0,0,0.982886,0.0843678,0.3,0.985786,0.985786,0.985786,0.996653,0.0149834,0.0149834,0.0149834,0.0149834,0.0149834,0.99291,0.99291,0,0.981298,0.996653,0.0220408,0.985786,0.985786,0,65,0.99115,0.3,0.985786,0,0,68.4,-12.6757,7.22,6.1071,3.05081,38.74,45.74,91.59,13.3309,16.354,230.72,374.28,68.72,-1.0736,11.5742,185.85,413.18
neuromorpho__B2_slide2_neuron2.swc,483,pyramidal,0.992815,27,202,253,0,0,0,0,0,0,0,0,0,0,0.962733,0.111687,0.3,0.856001,0.938416,0.985786,0.985786,0.0248447,0.0248447,0.0248447,0.0372671,0.0807453,0.842174,0.793776,0,0.94979,0.938416,0.0594059,0.985786,0.985786,0,58,0.976915,0.3,0.985786,0.0172414,0.0344828,15,-16.0275,66.73,47.8205,19.025,94.26,107.21,88.72,7.41007,17.6317,260.36,369.38,89.46,11.2941,20.7217,232.69,354.46
neuromorpho__B2_slide2_neuron3.swc,478,pyramidal,0.985408,40,217,220,0,0,0,0,0,0,0,0,0,0,0.944928,0.170197,0.3,0.3,0.985786,0.985786,0.985786,0.0648536,0.0648536,0.0648536,0.0648536,0.0648536,0.611859,0.3,0.55,0.970967,0.996653,0.0322581,0.979552,0.985786,0.00909091,52,0.977659,0.3,0.985786,0.0192308,0.0192308,20.8,-13.6155,54.14,27.8485,15.2727,77.71,446.58,92.1,13.861,21.2757,357.89,267.24,116.63,-24.6025,27.1046,222.54,290.39
neuromorpho__B2_slide2_neuron5.swc,447,pyramidal,0.997611,6,214,226,0,0,0,0,0,0,0,0,0,0,0.988767,0.0334087,0.3,0.985786,0.985786,0.985786,0.985786,0.00223714,0.00223714,0.00223714,0.00223714,0.00223714,0.947713,0.947713,0,0.996217,0.996653,0,0.982752,0.985786,0.00442478,62,0.990055,0.3,0.985786,0,0,12.9,-17.1518,5.2,-17.8382,1.93205,11.99,33.34,70.59,-8.01898,14.2526,246.89,222.96,118.65,18.5436,25.5953,210.84,265.24
neuromorpho__B2_slide3_16.swc,1646,pyramidal,0.994767,17,370,1258,0,0,0,0,0.010022,0,0,0,0,0,0.984058,0.0353151,0.3,0.985786,0.985786,0.985786,0.985786,0.0018226,0.0018226,0.0018226,0.0018226,0.018226,0.82729,0.82729,0,0.99168,0.990146,0,0.983923,0.985786,0.00238474,119,0.984541,0.3,0.985786,0,0,30,-17.7854,6.47,-0.624615,2.33051,4.94,40.59,59.31,3.91009,11.8796,202.39,293.54,94.7,0.339168,19.7465,252.92,807.52
neuromorpho__B2_slide3_8.swc,742,pyramidal,0.820203,319,422,0,0,0,0,0,0,0,0,0,0,0,0.988484,0.0453105,0.3,0.963042,0.991104,0.991104,0.996653,0.00404313,0.00404313,0.00404313,0.00404313,0.00404313,0.977959,0.947713,0.00940439,0.996414,0.996653,0,0,0,0,30,0.991594,0.3,0.988298,0,0,42.1,-13.124,48.58,9.59181,10.0249,116.87,401.5,46.54,13.5854,10.0228,192.5,157.91,0,0,0,0,0
neuromorpho__B2_slide3_neuron3.swc,372,pyramidal,0.974325,88,159,124,0,0,0,0,0,0,0,0,0,0,0.892366,0.18776,0.3,0.3,0.656427,0.80289,0.985786,0.0591398,0.0591398,0.126344,0.247312,0.255376,0.634593,0.3,0.454545,0.991692,0.992091,0,0.947072,0.985786,0.0564516,47,0.931384,0.3,0.730943,0.0851064,0.170213,14.4,-13.0587,59.5,-10.4558,13.839,91.63,329.5,105.42,8.66372,26.179,157.69,135.08,78.51,-13.773,18.9692,164.31,346.99
neuromorpho__B3_slide1_4.swc,1101,pyramidal,0.96999,9,389,702,0,0,0,0,0,0,0,0,0,0,0.95521,0.146107,0.3,0.783733,0.985786,0.985786,0.985786,0.0463215,0.0463215,0.0463215,0.0572207,0.0572207,0.947713,0.947713,0,0.984712,0.996653,0.00771208,0.938895,0.985786,0.0683761,50,0.977793,0.3,0.983269,0,0.04,47,-23.5931,0,3.80308,0,8.98,20.69,48.37,25.8999,13.3161,342.44,177.86,77.88,44.1189,16.1703,258.18,593.75
neuromorpho__B3_slide1_neuron2.swc,516,pyramidal,0.994408,17,249,249,0,0,0,0,0,0,0,0,0,0,0.948157,0.128767,0.3,0.72548,0.868932,0.985786,0.985786,0.0251938,0.0348837,0.0348837,0.0968992,0.112403,0.900718,0.900718,0,0.949362,0.731243,0.0200803,0.949982,0.985786,0.0522088,55,0.965828,0.3,0.934745,0.0181818,0.0727273,17.6,-11.06,26.64,3.74706,7.42279,45.21,96.49,109.28,14.8024,24.8351,242.56,224.18,133.81,-19.0787,25.6624,152.52,657.21
neuromorpho__B3_slide1_neuron5.swc,1599,pyramidal,0.988589,0,750,848,0,0,0,0,0,0,0,0,0,0,0.939426,0.182211,0.3,0.3,0.985786,0.985786,0.985786,0.0750469,0.0750469,0.0750469,0.0750469,0.0750469,0,0,0,0.996653,0.996653,0,0.888741,0.3,0.141509,76,0.967116,0.3,0.985786,0.0394737,0.0394737,47.5,-19.8808,0,0,0,0,0,73.31,19.4885,14.1101,297.7,184.1,96.59,25.1044,21.5087,218.68,571.03
neuromorpho__B3_slide2_10.swc,621,pyramidal,0.987719,46,371,203,0,0,0,0,0,0,0,0,0,0,0.971454,0.0834793,0.3,0.83099,0.985157,0.985157,0.996653,0.00483092,0.0305958,0.0305958,0.0305958,0.0933977,0.947824,0.993021,0.0652174,0.979486,0.996653,0.0431267,0.961987,0.865227,0,39,0.966729,0.3,0.88639,0.025641,0.025641,29.4,-29.8136,36.76,-10.6014,9.71068,14.16,156.97,71.15,-3.71324,16.3574,179.66,100.15,111.52,0.830385,27.7892,109.92,164.41
neuromorpho__B3_slide2_11.swc,1461,pyramidal,0.966205,24,726,710,0,0,0,0,0,0,0,0,0,0,0.871617,0.262889,0.3,0.3,0.3,0.985786,0.99291,0.174538,0.174538,0.174538,0.174538,0.174538,0.99291,0.99291,0,0.996653,0.996653,0,0.739483,0.3,0.359155,72,0.914379,0.3,0.358562,0.111111,0.111111,39.6,-12.7444,4.74,-14.4381,1.48715,35.85,29.79,94.56,1.40329,17.6588,217.14,205.79,84.83,15.2633,18.8123,183.95,585.17
neuromorpho__B3_slide2_12.swc,1168,pyramidal,0.935018,98,617,452,0,0,0,0,0,0,0,0,0,0,0.859409,0.249425,0.3,0.3,0.3,0.856001,0.985786,0.151541,0.17637,0.17637,0.218322,0.27226,0.65743,0.3,0.357143,0.929837,0.756844,0.0858995,0.806753,0.3,0.261062,47,0.877642,0.3,0.3,0.191489,0.191489,51.2,-18.7264,17.86,11.5572,4.71578,14.74,247.27,76.24,6.15189,18.3343,222.62,398.63,100.05,14.6259,20.0262,140.58,479.05
neuromorpho__B3_slide2_15.swc,311,pyramidal,0.979753,30,93,187,0,0,0,0,0,0,0,0,0,0,0.975227,0.0902183,0.3,0.985786,0.985786,0.985786,0.985786,0.0160772,0.0160772,0.0160772,0.0321543,0.0321543,0.877517,0.3,0.166667,0.985247,0.996653,0,0.985786,0.985786,0,42,0.981341,0.3,0.985786,0,0.0238095,15.7,-12.5378,14.08,0.0527778,3.61987,16.18,230.94,65.62,-14.6073,16.921,290.92,167.39,97.19,-14.0509,20.6353,152.6,283.04
neuromorpho__B3_slide2_4.swc,474,pyramidal,0.96517,108,180,185,0,0,0,0,0,0,0,0,0,0,0.880488,0.199714,0.3,0.534802,0.58501,0.985786,0.985786,0.0379747,0.14346,0.246835,0.246835,0.246835,0.56508,0.534802,1,0.960847,0.990146,0.05,0.985786,0.985786,0,44,0.901599,0.3,0.592574,0.204545,0.227273,20,-6.085,98.15,-14.3288,20.6386,188.17,258.85,113.88,14.058,26.6134,342.66,327.99,92.56,-10.9912,21.9667,244.77,525.99
neuromorpho__B3_slide2_5.swc,551,pyramidal,0.995608,32,294,224,0,0,0,0,0,0,0,0,0,0,0.846816,0.273374,0.3,0.3,0.3,0.860193,0.985968,0.197822,0.197822,0.197822,0.197822,0.255898,0.856656,0.856001,0,0.95161,0.985968,0.0612245,0.707186,0.3,0.40625,48,0.859753,0.3,0.3,0.166667,0.166667,24.6,-15.4463,29.16,-10.3881,8.18902,154.12,93.9,107.36,1.64979,19.5536,374.19,318.77,79.65,1.89571,18.2077,197.5,693
neuromorpho__B3_slide2_neuron4_.swc,410,pyramidal,0.979099,40,224,145,0,0,0,0,0,0,0,0,0,0,0.951897,0.16263,0.3,0.3,0.985786,0.985786,0.996653,0.0585366,0.0585366,0.0585366,0.0585366,0.0585366,0.577208,0.3,0.6,0.996653,0.996653,0,0.985786,0.985786,0,47,0.983869,0.3,0.985786,0.0212766,0.0212766,18,-16.795,63.18,33.9012,20.1914,79.84,377.26,75.12,6.59951,14.9134,316.73,273.18,74.19,1.48879,14.7071,164.52,304.95
neuromorpho__B3_slide3_neuron4.swc,422,pyramidal,0.995003,25,236,160,0,0,0,0,0,0,0,0,0,0,0.981648,0.082002,0.3,0.985786,0.985786,0.985786,0.992226,0.014218,0.014218,0.014218,0.014218,0.014218,0.826696,0.3,0.24,0.995179,0.992226,0,0.985786,0.985786,0,53,0.98786,0.3,0.985786,0,0,14,-14.8427,17.4,-8.28207,6.26624,45.75,231.05,104.63,-11.3113,21.356,248.24,205,107.83,17.6917,28.5417,196.89,236.56
neuromorpho__B3_slide4_neuron1.swc,1721,pyramidal,0.978507,0,733,987,0,0,0,0,0.0155836,0,0,0,0,0,0.813274,0.301343,0.3,0.3,0.3,0.3,0.985786,0.256246,0.256246,0.256246,0.256246,0.256246,0,0,0,0.991451,0.990146,0.00272851,0.680761,0.3,0.444782,80,0.843116,0.3,0.3,0.2,0.225,43.1,-20.135,0,0,0,0,0,80.15,16.69,16.1645,204.85,442.25,100.52,15.9984,21.8692,313.87,733.9
neuromorpho__B4_slide2_8.swc,1385,pyramidal,0.987311,16,643,725,0,0,0,0,0,0,0,0,0,0,0.796695,0.312105,0.3,0.3,0.3,0.3,0.985786,0.283032,0.283032,0.283032,0.283032,0.283032,0.993021,0.993021,0,0.988907,0.996653,0.0108865,0.62161,0.3,0.531034,57,0.868405,0.3,0.3,0.175439,0.175439,50.4,-17.0709,0,9.27091,0,5.49,23.72,90.4,3.79111,18.04,154.7,270.03,96.4,16.0813,22.7084,179.77,588.9
neuromorpho__B4_slide2_neuron2_II_III.swc,1050,pyramidal,0.976197,29,352,668,0,0,0,0,0,0,0,0,0,0,0.988391,0.00854587,0.947713,0.985786,0.985786,0.985786,0.985786,0,0,0,0,0,0.947713,0.947713,0,0.996653,0.996653,0,0.985786,0.985786,0,60,0.98883,0.947713,0.985786,0,0,39.2,-18.2531,15.47,13.6286,5.49562,43.93,38.17,85.44,-9.0884,21.3208,259.28,135.32,98.92,-21.4086,19.7625,199.99,294.09
neuromorpho__B4_slide3_11.swc,417,pyramidal,0.969076,18,181,217,0,0,0,0,0,0,0,0,0,0,0.985864,0.0586267,0.3,0.985786,0.985786,0.985786,0.985786,0.00719424,0.00719424,0.00719424,0.00719424,0.00719424,0.877517,0.3,0.166667,0.996653,0.996653,0,0.985786,0.985786,0,63,0.989123,0.3,0.985786,0,0,11,-13.6956,16.39,2.37611,5.29945,10.33,198.7,104.13,5.07716,22.1485,209.78,213.24,81.78,-10.9203,24.2741,268.76,277.05
neuromorpho__B4_slide3_12.swc,429,pyramidal,0.941502,19,76,333,0,0,0,0,0,0,0,0,0,0,0.958334,0.127385,0.3,0.861534,0.978086,0.985786,0.985786,0.034965,0.034965,0.034965,0.034965,0.0652681,0.811352,0.3,0.210526,0.973541,0.861534,0,0.963125,0.985679,0.033033,46,0.976332,0.3,0.985786,0,0.0217391,17,-8.73429,3.8,8.98113,1.58616,55.37,237.93,91.26,-22.7405,17.6983,221.59,259.26,125.73,-16.548,28.4448,300.43,550.43
neuromorpho__B4_slide3_13.swc,496,pyramidal,0.991454,17,160,318,0,0,0,0,0,0,0,0,0,0,0.979775,0.0715358,0.3,0.985786,0.985786,0.985786,0.985786,0.0100806,0.0100806,0.0100806,0.016129,0.016129,0.789191,0.3,0.294118,0.98795,0.989951,0,0.985786,0.985786,0,73,0.981792,0.3,0.985786,0,0.0273973,14.8,-11.9763,8.86,12.228,3.76377,37.01,264.33,98.99,6.965,22.1879,210.48,167.97,113.07,9.13248,19.8235,280.33,308.02
neuromorpho__B4_slide3_20.swc,753,pyramidal,0.992209,55,332,365,0,0,0,0,0,0,0,0,0,0,0.927149,0.194878,0.3,0.3,0.947713,0.985786,0.985786,0.0876494,0.0876494,0.0876494,0.0876494,0.0876494,0.943441,0.947713,0,0.960981,0.996653,0.0512048,0.893722,0.3,0.134247,45,0.917957,0.3,0.895318,0.0888889,0.0888889,37.6,-34.66,9.83,21.19,2.80141,79.33,67.92,62.64,-2.5309,13.7543,170.87,194.37,93.1,-17.1484,20.755,179.66,457.05
neuromorpho__B4_slide3_5.swc,912,pyramidal,0.989793,76,411,424,0,0,0,0,0,0,0,0,0,0,0.926511,0.192051,0.3,0.3,0.856001,0.985786,0.985786,0.0844298,0.0844298,0.0844298,0.0844298,0.119518,0.71946,0.3,0.394737,0.981892,0.947713,0,0.909767,0.3,0.110849,50,0.97248,0.3,0.981979,0.02,0.04,32.1,-18.0809,22.12,22.3903,7.10811,119.02,291.03,92.85,12.6099,17.538,161.34,213.1,94.97,-0.104964,23.0164,222.37,374.56
neuromorpho__B4_slide3_neuron2.swc,348,pyramidal,0.976453,18,131,198,0,0,0,0,0,0,0,0,0,0,0.988316,0.037319,0.3,0.985786,0.985786,0.985786,0.985786,0.00287356,0.00287356,0.00287356,0.00287356,0.00287356,0.99291,0.99291,0,0.996653,0.996653,0,0.982323,0.985786,0.00505051,45,0.989108,0.3,0.985786,0,0,15.6,-9.60125,7.62,-5.80986,3.43345,30.76,158.05,68.7,-2.83005,18.9958,246.78,145.26,89.55,7.7364,22.0677,186.59,215.42
neuromorpho__B4_slide3_neuron2_II_III.swc,586,pyramidal,0.719902,193,225,167,0,0,0,0,0.022817,0,0,0,0,0,0.958763,0.128093,0.3,0.880702,0.880702,0.985786,0.99291,0.0341297,0.0341297,0.0341297,0.0341297,0.127986,0.931876,0.99291,0.0880829,0.996299,0.996653,0,0.939016,0.880702,0.0179641,34,0.977413,0.3,0.910238,0,0,38.9,-14.0213,19.73,17.7744,6.13074,149.06,463.5,76.63,6.62792,21.2247,166.8,179.91,68.8,-2.28809,15.9051,113.64,220.58
neuromorpho__B4_slide3_neuron4.swc,407,pyramidal,0.972326,14,119,273,0,0,0,0,0,0,0,0,0,0,0.985818,0.048449,0.3,0.985786,0.985786,0.985786,0.985786,0.004914,0.004914,0.004914,0.004914,0.004914,0.893314,0.50766,0.142857,0.996653,0.996653,0,0.985786,0.985786,0,54,0.987758,0.3,0.985786,0,0,14,-14.0089,16.51,-16.2061,4.88565,48.86,199,42.96,-18.4681,10.3998,150.87,204.96,104.36,10.3615,20.7039,262.59,232.7
neuromorpho__B4_slide4_1.swc,333,pyramidal,0.995434,26,177,129,0,0,0,0,0,0,0,0,0,0,0.920902,0.118441,0.3,0.731243,0.758499,0.83524,0.985786,0.015015,0.015015,0.015015,0.162162,0.309309,0.732309,0.3,0.192308,0.90087,0.731243,0,0.985786,0.985786,0,50,0.939955,0.3,0.764289,0,0.18,12.2,-17.7933,18.05,7.14795,5.2337,56.72,180.37,86.8,-3.88153,23.77,116.58,213.02,94.51,-1.22271,20.3728,246.48,207.38
neuromorpho__B4_slide4_neuron3.swc,474,pyramidal,0.991968,0,251,222,0,0,0,0,0.0271651,0,0,0,0,0,0.936321,0.179586,0.3,0.3,0.971579,0.985786,0.985786,0.07173,0.07173,0.07173,0.0907173,0.0907173,0,0,0,0.927835,0.767156,0.0836653,0.945627,0.985786,0.0585586,52,0.974349,0.3,0.983206,0.0192308,0.0576923,16.9,-15.4344,0,0,0,0,0,133.83,21.4838,21.7293,321.24,454.78,78.6,-0.472898,13.1302,208.07,558.05
neuromorpho__B4_slide4_neuron4_II_III.swc,654,pyramidal,0.992105,55,182,416,0,0,0,0,0,0,0,0,0,0,0.978615,0.0342657,0.866543,0.866543,0.985786,0.985786,0.985786,0,0,0,0,0.0840979,0.866543,0.866543,0,0.995974,0.99291,0,0.985786,0.985786,0,39,0.986898,0.866543,0.985786,0,0,33.4,-19.5636,14.65,10.7949,3.99897,18.97,139.64,51.64,14.6347,14.011,188.9,123.3,102.93,30.7189,22.6319,176.15,166.31
neuromorpho__B913_NeuronC_40x_Tile_Trace_MK.swc,1414,pyramidal,0.996755,0,1413,0,0,0,0,0,0,0,0,0,0,0,0.995737,0.00179993,0.991998,0.992226,0.992226,0.996653,0.996653,0,0,0,0,0,0,0,0,0.995734,0.992226,0,0,0,0,62,0.995847,0.991998,0.992226,0,0,51.2,0,0,0,0,0,0,0,0,0,41.55,100.28,0,0,0,0,0
neuromorpho__B924_NeuronA_40X_Tile_Trace_RK.swc,1330,pyramidal,0.996403,0,456,873,0,0,0,0,0.0488451,0,0,0,0,0,0.847286,0.120527,0.501969,0.727405,0.74132,0.774299,0.8021,0,0.0330827,0.0330827,0.32406,0.656391,0,0,0,0.996653,0.996653,0,0.769091,0.735741,0.0504009,45,0.874849,0.501969,0.767849,0.0222222,0.222222,68.8,0,0,0,0,0,0,0,0,0,24.29,16.93,0,0,0,39.62,77.23
neuromorpho__B949_NeuronC_40x_Tile_Trace_RK.swc,796,pyramidal,0.995747,490,305,0,0,0,0,0,0,0,0,0,0,0,0.714613,0.223677,0.51771,0.51771,0.521058,0.521058,0.550842,0,0.545226,0.615578,0.615578,0.615578,0.538728,0.51771,1,0.996247,0.996653,0,0,0,0,37,0.767195,0.51771,0.530502,0.513514,0.513514,51.2,0,0,0,0,84.76,176.84,0,0,0,129.63,82.96,0,0,0,0,0
neuromorpho__BC150112A_27.swc,98757,interneuron,0.996976,88282,10474,0,0,0,0,0,0,0,0,0,0,0,0.991806,0.0735237,0.3,0.999596,0.999596,0.999596,0.999596,0.0111688,0.0111688,0.0111688,0.0111688,0.0111688,0.990855,0.999596,0.0124941,0.999824,0.999824,0,0,0,0,1107,0.994084,0.3,0.999596,0.00722674,0.00722674,209.4,0,212.18,-57.1158,43.19,541.67,821.08,134.35,-25.0237,27.5593,292.61,322.82,0,0,0,0,0
neuromorpho__BC160201B_36.swc,54582,interneuron,0.997186,45528,9053,0,0,0,0,0,0,0,0,0,0,0,0.995185,0.0556066,0.3,0.999596,0.999596,0.999596,0.999596,0.00635741,0.00635741,0.00635741,0.00635741,0.00635741,0.994263,0.999596,0.00762168,0.999824,0.999824,0,0,0,0,678,0.998795,0.3,0.999596,0,0.00147493,182.3,0,371.26,-22.7282,57.1613,616.71,855.87,222.66,-19.9397,43.4449,282.01,341.01,0,0,0,0,0
neuromorpho__BC160620B_39.swc,88903,interneuron,0.996584,78468,10434,0,0,0,0,0,0,0,0,0,0,0,0.871718,0.270405,0.3,0.3,0.3,0.999596,0.999596,0.182806,0.182806,0.182806,0.182806,0.182806,0.877585,0.3,0.17439,0.827584,0.3,0.246118,0,0,0,1235,0.880202,0.3,0.3,0.17085,0.17166,166.6,0,443.6,-91.3031,85.6811,1172.66,724.56,232.66,-14.7856,43.3882,279.14,373.94,0,0,0,0,0
neuromorpho__B_GFP_0003_final.swc,757,pyramidal,0.9962,0,756,0,0,0,0,0,0,0,0,0,0,0,0.996658,0.000121559,0.996653,0.996653,0.996653,0.996653,0.996653,0,0,0,0,0,0,0,0,0.996653,0.996653,0,0,0,0,37,0.996744,0.996653,0.996653,0,0,41.4,0,0,0,0,0,0,0,0,0,59.57,89.64,0,0,0,0,0
neuromorpho__B_GFP_0007_final.swc,776,pyramidal,0.996312,0,775,0,0,0,0,0,0,0,0,0,0,0,0.996658,0.000120063,0.996653,0.996653,0.996653,0.996653,0.996653,0,0,0,0,0,0,0,0,0.996653,0.996653,0,0,0,0,75,0.996698,0.996653,0.996653,0,0,20,0,0,0,0,0,0,0,0,0,31.8,94.74,0,0,0,0,0
neuromorpho__B_GFP_0017_final.swc,742,pyramidal,0.996484,0,741,0,0,0,0,0,0,0,0,0,0,0,0.996658,0.000122779,0.996653,0.996653,0.996653,0.996653,0.996653,0,0,0,0,0,0,0,0,0.996653,0.996653,0,0,0,0,67,0.996703,0.996653,0.996653,0,0,26.8,0,0,0,0,0,0,0,0,0,43.88,49.44,0,0,0,0,0
neuromorpho__B_RFP_0001_final.swc,1073,pyramidal,0.994824,0,1072,0,0,0,0,0,0,0,0,0,0,0,0.996656,0.000102122,0.996653,0.996653,0.996653,0.996653,0.996653,0,0,0,0,0,0,0,0,0.996653,0.996653,0,0,0,0,88,0.996691,0.996653,0.996653,0,0,32,0,0,0,0,0,0,0,0,0,54.71,60.65,0,0,0,0,0
neuromorpho__B_RFP_0001_final2.swc,952,pyramidal,0.996488,0,951,0,0,0,0,0,0,0,0,0,0,0,0.996657,0.000108411,0.996653,0.996653,0.996653,0.996653,0.996653,0,0,0,0,0,0,0,0,0.996653,0.996653,0,0,0,0,90,0.99669,0.996653,0.996653,0,0,23.1,0,0,0,0,0,0,0,0,0,32.82,65.66,0,0,0,0,0
neuromorpho__B_RFP_0002_final.swc,924,pyramidal,0.980324,0,923,0,0,0,0,0,0,0,0,0,0,0,0.996657,0.00011004,0.996653,0.996653,0.996653,0.996653,0.996653,0,0,0,0,0,0,0,0,0.996653,0.996653,0,0,0,0,106,0.996685,0.996653,0.996653,0,0,18,0,0,0,0,0,0,0,0,0,35.6,113.69,0,0,0,0,0
neuromorpho__B_RFP_0006_final.swc,790,pyramidal,0.996556,0,789,0,0,0,0,0,0,0,0,0,0,0,0.996658,0.000118996,0.996653,0.996653,0.996653,0.996653,0.996653,0,0,0,0,0,0,0,0,0.996653,0.996653,0,0,0,0,103,0.996686,0.996653,0.996653,0,0,15,0,0,0,0,0,0,0,0,0,29.18,68.7,0,0,0,0,0
neuromorpho__B_RFP_0008_final.swc,1195,pyramidal,0.995437,0,1194,0,0,0,0,0,0,0,0,0,0,0,0.996656,9.67731e-05,0.996653,0.996653,0.996653,0.996653,0.996653,0,0,0,0,0,0,0,0,0.996653,0.996653,0,0,0,0,132,0.996679,0.996653,0.996653,0,0,20,0,0,0,0,0,0,0,0,0,36.22,81.95,0,0,0,0,0
neuromorpho__B_RFP_0011_final.swc,872,pyramidal,0.995596,0,871,0,0,0,0,0,0,0,0,0,0,0,0.996657,0.00011327,0.996653,0.996653,0.996653,0.996653,0.996653,0,0,0,0,0,0,0,0,0.996653,0.996653,0,0,0,0,104,0.996685,0.996653,0.996653,0,0,18.7,0,0,0,0,0,0,0,0,0,27.44,54.3,0,0,0,0,0
neuromorpho__B_RFP_0015_final.swc,1034,pyramidal,0.995543,0,1033,0,0,0,0,0,0,0,0,0,0,0,0.996657,0.000104028,0.996653,0.996653,0.996653,0.996653,0.996653,0,0,0,0,0,0,0,0,0.996653,0.996653,0,0,0,0,96,0.996688,0.996653,0.996653,0,0,24,0,0,0,0,0,0,0,0,0,37.4,124.44,0,0,0,0,0
neuromorpho__C-02-04-14-F-14-04-14-cs4-cell1.swc,2977,interneuron,0.849886,0,2976,0,0,0,0,0,0,0,0,0,0,0,0.999824,3.22975e-06,0.999824,0.999824,0.999824,0.999824,0.999824,0,0,0,0,0,0,0,0,0.999824,0.999824,0,0,0,0,38,0.999828,0.999824,0.999824,0,0,145.9,0,0,0,0,0,0,2,-0.0265457,0.236818,187.18,232.32,0,0,0,0,0
neuromorpho__C-14-01-15-DIV15-CS2.swc,11171,interneuron,0.992136,0,11170,0,0,0,0,0,0,0,0,0,0,0,0.923814,0.210798,0.3,0.3,0.3,0.976165,0.999824,0.102319,0.102319,0.102319,0.102319,0.102319,0,0,0,0.923807,0.3,0.102328,0,0,0,110,0.914968,0.3,0.3,0.109091,0.127273,235.4,0,0,0,0,0,0,10.39,0.917477,1.06726,613.81,772.38,0,0,0,0,0
neuromorpho__C-15-10-14-DIV15-CS2-Cell1.swc,3522,interneuron,0.956793,0,3521,0,0,0,0,0,0,0,0,0,0,0,0.999824,2.96944e-06,0.999824,0.999824,0.999824,0.999824,0.999824,0,0,0,0,0,0,0,0,0.999824,0.999824,0,0,0,0,80,0.999826,0.999824,0.999824,0,0,85.1,0,0,0,0,0,0,5,-0.218688,1.06846,263.38,409.55,0,0,0,0,0
neuromorpho__C10-17.swc,364,pyramidal,0.983156,0,178,185,0,0,0,0,0.0239398,0,0,0,0,0,0.94601,0.155586,0.3,0.382389,0.860936,0.985786,0.985786,0.0521978,0.0521978,0.0521978,0.0521978,0.126374,0,0,0,0.996653,0.996653,0,0.89699,0.519703,0.102703,43,0.940208,0.3,0.859445,0.0465116,0.0465116,18.8,0,0,0,0,0,0,47.29,2.10135,9.03322,100.56,104.05,38.43,-7.23011,10.8316,47.88,321.45
neuromorpho__C10-23.swc,310,pyramidal,0.992736,0,244,65,0,0,0.209677,0.209677,0.0541,0,-0.209677,0.209677,0.209677,0,0.980354,0.0358889,0.893381,0.89911,0.89911,0.996653,0.996653,0,0,0,0,0.135484,0,0,0,0.996653,0.996653,0,0.918869,0.893381,0,40,0.984423,0.893381,0.910807,0,0,13.1,0,0,0,0,0,0,87.66,-0.959754,17.6345,103.37,136.44,38.85,8.46585,9.33992,126.56,57.09
neuromorpho__C10-3.swc,448,pyramidal,0.99128,0,447,0,0,0,0,0,0,0,0,0,0,0,0.996068,0.00160636,0.990937,0.992091,0.992226,0.996653,0.996653,0,0,0,0,0,0,0,0,0.996059,0.992226,0,0,0,0,49,0.996032,0.990937,0.992226,0,0,22.2,0,0,0,0,0,0,94.05,-2.82754,19.8601,143.42,271.35,0,0,0,0,0
neuromorpho__C10-31.swc,480,pyramidal,0.977076,0,242,237,0,0,0,0,0,0,0,0,0,0,0.91555,0.216924,0.3,0.3,0.3,0.985786,0.996653,0.110417,0.110417,0.110417,0.110417,0.110417,0,0,0,0.993775,0.996653,0.00413223,0.835318,0.3,0.219409,44,0.958864,0.3,0.985786,0.0454545,0.0454545,19.7,0,0,0,0,0,0,71.15,-2.23008,15.094,103.28,224.83,78.51,-0.884093,15.0948,328.25,162.36
neuromorpho__C10-5.swc,608,pyramidal,0.991311,0,364,243,0,0,0,0,0.00293625,0,0,0,0,0,0.959915,0.135735,0.3,0.765117,0.985786,0.985786,0.996653,0.0378289,0.0378289,0.0378289,0.0625,0.0625,0,0,0,0.986764,0.996653,0,0.919532,0.921303,0.0946502,54,0.978398,0.3,0.985786,0,0.037037,24.8,0,0,0,0,0,0,89.25,5.86516,13.2364,185.47,160.06,103.1,1.9537,16.3293,126.75,324.06
neuromorpho__C1005-2KO-whole-8.swc,153,pyramidal,0.985802,0,114,38,0,0,0.248366,0.248366,0.0602751,0,-0.248366,0.248366,0.248366,0,0.968873,0.0484294,0.878922,0.879668,0.881764,0.996653,0.996653,0,0,0,0,0.248366,0,0,0,0.996653,0.996653,0,0.884713,0.878922,0,25,0.965412,0.878922,0.883166,0,0,10,0,0,0,0,0,0,48,5.50289,9.98026,123.62,141.1,25.5,5.32711,7.50387,110.82,118.33
neuromorpho__C1042-whole-2.swc,61,pyramidal,0.991412,0,60,0,0,0,0,0,0,0,0,0,0,0,0.828757,0.16217,0.61592,0.618945,0.618945,0.701609,0.712017,0,0,0.213115,0.52459,0.52459,0,0,0,0.825903,0.618945,0.216667,0,0,0,15,0.846383,0.61592,0.632722,0.2,0.466667,6,0,0,0,0,0,0,93.5,17.0323,27.7147,59.65,147.66,0,0,0,0,0
neuromorpho__C1046-ap1-3.swc,81,pyramidal,0.477449,0,0,80,0,0,0,0,0,0,0,0,0,0,0.719265,0.0313872,0.715755,0.715755,0.715755,0.715755,0.715755,0,0,0,0.987654,0.987654,0,0,0,0,0,0,0.715755,0.715755,0,14,0.736059,0.715755,0.715755,0,0.928571,12.7,0,0,0,0,0,0,0,0,0,0,0,310,-42,70.5408,156.21,182.3
neuromorpho__C1046-whole-4-ap-1.swc,56,pyramidal,0.976749,0,0,55,0,0,0,0,0,0,0,0,0,0,0.98604,0.00188237,0.985786,0.985786,0.985786,0.985786,0.985786,0,0,0,0,0,0,0,0,0,0,0,0.985786,0.985786,0,12,0.986971,0.985786,0.985786,0,0,10.6,0,0,0,0,0,0,0,0,0,0,0,180.02,-37.6811,41.6865,104.78,127.61
neuromorpho__C1054-whole-3.swc,50,pyramidal,0.948741,49,0,0,0,0,0,0,0,0,0,0,0,0,0.626768,0.0894756,0.3,0.576884,0.576884,0.626908,0.628356,0.04,0.18,0.98,0.98,0.98,0.619151,0.576884,1,0,0,0,0,0,0,10,0.668024,0.3,0.615753,0.9,0.9,9,0,189.95,-45.6465,38.975,81.14,108.3,0,0,0,0,0,0,0,0,0,0
neuromorpho__C14-01-15DIV13CS1.swc,57603,interneuron,0.985693,55872,1730,0,0,0,0,0,0,0,0,0,0,0,0.946742,0.180453,0.3,0.3,0.972829,0.999596,0.999596,0.0713505,0.0713505,0.0715241,0.076871,0.0799438,0.945097,0.972829,0.07374,0.999824,0.999824,0,0,0,0,1175,0.980871,0.3,0.991682,0.0221277,0.0280851,121,0.384,10.37,0.497741,1.29601,1122.42,1184.5,2.4,0.760855,0.545888,200.74,286.02,0,0,0,0,0
neuromorpho__C15-10-14DIV15CS1Cell1.swc,90544,interneuron,0.993351,85001,5542,0,0,0,0,0,0,0,0,0,0,0,0.676375,0.348694,0.3,0.3,0.3,0.3,0.999596,0.461875,0.461875,0.461875,0.461875,0.461875,0.655282,0.3,0.491994,0.999824,0.999824,0,0,0,0,1732,0.733484,0.3,0.3,0.379908,0.380485,124,0.0869091,11.18,1.27687,1.1596,1129.94,1358.81,4,1.31887,0.630677,252.48,443.83,0,0,0,0,0
neuromorpho__C3_3.swc,663,pyramidal,0.992731,0,662,0,0,0,0,0,0,0,0,0,0,0,0.995756,0.00297572,0.985968,0.985968,0.996653,0.996653,0.996653,0,0,0,0,0,0,0,0,0.995749,0.996653,0,0,0,0,15,0.996164,0.985968,0.996653,0,0,75,0,0,0,0,0,0,0,0,0,101.28,185.68,0,0,0,0,0
neuromorpho__C912-WT-basal-2.swc,72,pyramidal,0.930407,0,0,71,0,0,0,0,0,0,0,0,0,0,0.786801,0.0379406,0.70231,0.70231,0.768111,0.770918,0.8021,0,0,0,0.416667,0.986111,0,0,0,0,0,0,0.783798,0.768111,0,16,0.801079,0.70231,0.768111,0,0.3125,7,0,0,0,0,0,0,0,0,0,0,0,35.99,-5.41549,8.45897,100.61,68.85
neuromorpho__C916-WT-M8-123-3.swc,95,pyramidal,0.966357,0,0,94,0,0,0,0,0,0,0,0,0,0,0.985936,0.00145062,0.985786,0.985786,0.985786,0.985786,0.985786,0,0,0,0,0,0,0,0,0,0,0,0.985786,0.985786,0,16,0.986675,0.985786,0.985786,0,0,9.5,0,0,0,0,0,0,0,0,0,0,0,37.5,-16.516,8.59875,89.83,203.89
neuromorpho__C916-WT-M8base-whole-5.swc,202,pyramidal,0.989382,0,201,0,0,0,0,0,0,0,0,0,0,0,0.99667,0.000234891,0.996653,0.996653,0.996653,0.996653,0.996653,0,0,0,0,0,0,0,0,0.996653,0.996653,0,0,0,0,28,0.996773,0.996653,0.996653,0,0,15.9,0,0,0,0,0,0,42.87,1.27114,8.71639,126.88,215.93,0,0,0,0,0
neuromorpho__C916-WT-ap1.swc,66,pyramidal,0.982885,0,0,65,0,0,0,0,0,0,0,0,0,0,0.986001,0.0017363,0.985786,0.985786,0.985786,0.985786,0.985786,0,0,0,0,0,0,0,0,0,0,0,0.985786,0.985786,0,12,0.986971,0.985786,0.985786,0,0,10.6,0,0,0,0,0,0,0,0,0,0,0,49.53,-3.89123,11.1959,108.89,174.63
neuromorpho__CA1_slide2_neuron1.swc,842,pyramidal,0.9694,45,345,451,0,0,0,0,0,0,0,0,0,0,0.883725,0.248494,0.3,0.3,0.3,0.985786,0.985786,0.153207,0.153207,0.153207,0.153207,0.155582,0.992199,0.992199,0,0.896848,0.3,0.13913,0.862605,0.3,0.179601,30,0.92411,0.3,0.794507,0.0666667,0.1,60.4,-19.74,3.81,11.7411,1.63384,26.24,68.11,32.87,24.1498,7.72862,167.72,266.7,62.08,6.47823,13.2006,110.06,457.55
neuromorpho__CA1_slide2_neuron2.swc,1861,pyramidal,0.923441,102,1177,581,0,0,0,0,0.00244031,0,0,0,0,0,0.80481,0.28487,0.3,0.3,0.3,0.662405,0.985786,0.222998,0.240193,0.254702,0.34014,0.350887,0.768733,0.3,0.323529,0.865848,0.3,0.159728,0.687156,0.3,0.435456,49,0.831762,0.3,0.3,0.204082,0.346939,77.2,0.953333,36.39,41.6527,8.33725,182.89,81.07,70.31,26.7042,18.6933,521.5,425.81,60.69,-2.12834,15.5615,313.6,584.77
neuromorpho__CA3_slide2_neuron3.swc,1584,pyramidal,0.991716,21,545,1017,0,0,0.0454545,0.0454545,0.0251965,-0.0189394,0.0189394,0,0,0,0.967078,0.0792782,0.3,0.766353,0.968149,0.985786,0.985786,0.00568182,0.00568182,0.0214646,0.0580808,0.0795455,0.908668,0.856001,0,0.936798,0.766353,0.0623853,0.984479,0.985786,0,85,0.971947,0.3,0.968642,0.0235294,0.0352941,40.6,-31.1419,5.75,51.5714,2.05273,30.23,27.07,68.6,39.0126,13.1965,379.77,415.03,100.01,35.9615,20.7856,270.55,697.7
neuromorpho__CA3_slide2_neuron5.swc,1463,pyramidal,0.992663,18,625,819,0,0,0,0,0,0,0,0,0,0,0.974059,0.10206,0.3,0.985786,0.985786,0.985786,0.985786,0.0218729,0.0218729,0.0218729,0.0273411,0.0273411,0.99291,0.99291,0,0.991025,0.992167,0.0032,0.960666,0.985786,0.03663,73,0.98448,0.3,0.985786,0,0.0136986,41.8,-37.8475,4.06,5.8925,1.82361,15.48,26.58,74.14,2.59108,14.5168,277.28,201.67,90.14,-2.65908,14.3136,315.86,326.6
neuromorpho__CA4_slide3_neuron3.swc,709,pyramidal,0.938369,43,424,241,0,0,0,0,0,0,0,0,0,0,0.824441,0.299101,0.3,0.3,0.3,0.985786,0.996653,0.245416,0.245416,0.245416,0.245416,0.245416,0.993021,0.993021,0,0.996653,0.996653,0,0.490654,0.3,0.721992,29,0.888625,0.3,0.3,0.172414,0.172414,36,-32.2083,21.28,12.7137,7.15723,39.28,41.25,79.95,6.23574,17.9838,208.45,172.6,74.7,45.5504,21.2737,99.89,390.77
neuromorpho__CONTROL-2-N3.swc,891,interneuron,0.99435,0,890,0,0,0,0,0,0,0,0,0,0,0,0.999824,5.90131e-06,0.999824,0.999824,0.999824,0.999824,0.999824,0,0,0,0,0,0,0,0,0.999824,0.999824,0,0,0,0,14,0.999836,0.999824,0.999824,0,0,143.4,0,0,0,0,0,0,8.89,1.38548,2.26323,72.55,90.43,0,0,0,0,0
neuromorpho__CONTROL-3-N1_1.swc,696,interneuron,0.991974,0,695,0,0,0,0,0,0,0,0,0,0,0,0.999824,6.67597e-06,0.999824,0.999824,0.999824,0.999824,0.999824,0,0,0,0,0,0,0,0,0.999824,0.999824,0,0,0,0,14,0.999836,0.999824,0.999824,0,0,122.6,0,0,0,0,0,0,6.84,0.508647,1.1617,55.84,103.1,0,0,0,0,0
neuromorpho__CONTROL-3-N2.swc,819,interneuron,0.993877,0,818,0,0,0,0,0,0,0,0,0,0,0,0.999824,6.15495e-06,0.999824,0.999824,0.999824,0.999824,0.999824,0,0,0,0,0,0,0,0,0.999824,0.999824,0,0,0,0,13,0.999837,0.999824,0.999824,0,0,113.4,0,0,0,0,0,0,6.77,-0.725905,1.39217,65.95,102.08,0,0,0,0,0
neuromorpho__CONTROL-3-N3.swc,532,interneuron,0.989305,0,531,0,0,0,0,0,0,0,0,0,0,0,0.999824,7.63426e-06,0.999824,0.999824,0.999824,0.999824,0.999824,0,0,0,0,0,0,0,0,0.999824,0.999824,0,0,0,0,6,0.999853,0.999824,0.999824,0,0,184,0,0,0,0,0,0,4.75,-1.32798,1.27483,50.23,81.72,0,0,0,0,0
neuromorpho__CONTROL-4-N6.swc,1319,interneuron,0.993363,0,1318,0,0,0,0,0,0,0,0,0,0,0,0.999824,4.85115e-06,0.999824,0.999824,0.999824,0.999824,0.999824,0,0,0,0,0,0,0,0,0.999824,0.999824,0,0,0,0,11,0.99984,0.999824,0.999824,0,0,203,0,0,0,0,0,0,14.35,2.68233,2.57821,106.61,138.55,0,0,0,0,0
neuromorpho__CONTROL-6-N1.swc,1522,interneuron,0.992917,0,1521,0,0,0,0,0,0,0,0,0,0,0,0.999824,4.51629e-06,0.999824,0.999824,0.999824,0.999824,0.999824,0,0,0,0,0,0,0,0,0.999824,0.999824,0,0,0,0,14,0.999836,0.999824,0.999824,0,0,204.6,0,0,0,0,0,0,8.3,1.0642,1.69596,107.08,215.79,0,0,0,0,0
neuromorpho__CONTROL-6-N3.swc,1797,interneuron,0.994386,0,1796,0,0,0,0,0,0,0,0,0,0,0,0.999824,4.15658e-06,0.999824,0.999824,0.999824,0.999824,0.999824,0,0,0,0,0,0,0,0,0.999824,0.999824,0,0,0,0,21,0.999832,0.999824,0.999824,0,0,165,0,0,0,0,0,0,13,-3.05987,3.06478,91.05,133.99,0,0,0,0,0
neuromorpho__CONTROL-6-N3_1.swc,2653,interneuron,0.991278,0,2652,0,0,0,0,0,0,0,0,0,0,0,0.999824,3.42122e-06,0.999824,0.999824,0.999824,0.999824,0.999824,0,0,0,0,0,0,0,0,0.999824,0.999824,0,0,0,0,20,0.999833,0.999824,0.999824,0,0,322.1,0,0,0,0,0,0,11.52,1.95467,2.5157,128.29,219.84,0,0,0,0,0
neuromorpho__CSp0302-1.swc,12269,pyramidal,0.970401,70,4281,7917,0,0,0,0,0,0,0,0,0,0,0.739804,0.332361,0.3,0.3,0.3,0.3,0.985786,0.363436,0.363436,0.363436,0.363436,0.363436,0.947713,0.947713,0,0.940999,0.996653,0.0798879,0.629139,0.3,0.52002,167,0.755644,0.3,0.3,0.317365,0.341317,168,0,91.44,-54.814,28.9349,9.3,20.08,274.8,3.12145,55.7669,320.92,352.98,342.98,16.7642,69.227,536.18,821.81
neuromorpho__C_GFP_0014_final.swc,760,pyramidal,0.99593,0,759,0,0,0,0,0,0,0,0,0,0,0,0.996658,0.000121319,0.996653,0.996653,0.996653,0.996653,0.996653,0,0,0,0,0,0,0,0,0.996653,0.996653,0,0,0,0,97,0.996688,0.996653,0.996653,0,0,17,0,0,0,0,0,0,0,0,0,35.51,41.29,0,0,0,0,0
neuromorpho__C_RFP_0004_final.swc,662,pyramidal,0.995537,0,661,0,0,0,0,0,0,0,0,0,0,0,0.996658,0.000129976,0.996653,0.996653,0.996653,0.996653,0.996653,0,0,0,0,0,0,0,0,0.996653,0.996653,0,0,0,0,62,0.996707,0.996653,0.996653,0,0,19.8,0,0,0,0,0,0,0,0,0,28.81,65.73,0,0,0,0,0
neuromorpho__C_RFP_0010_final.swc,1498,pyramidal,0.989098,0,1497,0,0,0,0,0,0,0,0,0,0,0,0.996656,8.6441e-05,0.996653,0.996653,0.996653,0.996653,0.996653,0,0,0,0,0,0,0,0,0.996653,0.996653,0,0,0,0,287,0.996665,0.996653,0.996653,0,0,11,0,0,0,0,0,0,0,0,0,41.01,82.95,0,0,0,0,0
neuromorpho__Canopy_151204_3.swc,9497,interneuron,0.997302,7669,1827,0,0,0,0,0,0,0,0,0,0,0,0.971252,0.131143,0.3,0.890625,0.986406,0.999596,0.999596,0.036222,0.036222,0.036222,0.036222,0.0530694,0.967128,0.986406,0.0448559,0.988548,0.972222,0,0,0,0,506,0.984764,0.3,0.999596,0.0177866,0.0197628,46.5,2.45818,170.78,-19.1542,32.4514,154.99,709.69,109.18,-2.2094,19.2558,138.92,227.98,0,0,0,0,0
neuromorpho__Canopy_161007_2.swc,13714,interneuron,0.997889,11936,1777,0,0,0,0,0,0,0,0,0,0,0,0.963122,0.145427,0.3,0.873239,0.979266,0.999596,0.999596,0.0438967,0.0438967,0.0487093,0.0487093,0.0553449,0.957654,0.972829,0.0559651,0.999824,0.999824,0,0,0,0,660,0.97433,0.3,0.986406,0.0318182,0.0318182,50,3.50524,177.11,-55.9212,44.1501,650.58,242.48,142.79,-8.1159,29.6786,237.68,225.35,0,0,0,0,0
neuromorpho__Cell-1-2_10.swc,377,pyramidal,0.976816,339,37,0,0,0,0,0,0,0,0,0,0,0,0.915954,0.218101,0.3,0.3,0.3,0.99291,0.993021,0.111406,0.111406,0.111406,0.111406,0.111406,0.907048,0.3,0.123894,0.99528,0.992226,0,0,0,0,86,0.960763,0.3,0.992568,0.0465116,0.0465116,11,0,0,0,0,366.12,484.14,0,0,0,45.34,65.65,0,0,0,0,0
neuromorpho__Cell-1-2_8.swc,369,pyramidal,0.986988,0,368,0,0,0,0,0,0,0,0,0,0,0,0.996662,0.000173987,0.996653,0.996653,0.996653,0.996653,0.996653,0,0,0,0,0,0,0,0,0.996653,0.996653,0,0,0,0,99,0.996687,0.996653,0.996653,0,0,8,0,0,0,0,0,0,0,0,0,286.71,417.67,0,0,0,0,0
neuromorpho__Cell-10-3.swc,148,pyramidal,0.991546,0,147,0,0,0,0,0,0,0,0,0,0,0,0.996676,0.000274168,0.996653,0.996653,0.996653,0.996653,0.996653,0,0,0,0,0,0,0,0,0.996653,0.996653,0,0,0,0,49,0.996722,0.996653,0.996653,0,0,6.2,0,0,0,0,0,0,6.61,0.012449,0.450079,243.01,373.43,0,0,0,0,0
neuromorpho__Cell-10-4_1.swc,458,interneuron,0.396807,88,369,0,0,0,0,0,0,0,0,0,0,0,0.515302,0.159151,0.3,0.3,0.3,0.519547,0.519547,0.19214,0.91048,0.91048,0.91048,0.91048,0.3,0.3,1,0.565334,0.519547,0.891599,0,0,0,109,0.549854,0.3,0.3,0.853211,0.853211,9.2,0,0,-11.89,1.77636e-15,142.47,213.86,14.74,-5.42444,6.05079,475.84,628.2,0,0,0,0,0
neuromorpho__Cell-11-3_1.swc,364,pyramidal,0.996462,0,363,0,0,0,0,0,0,0,0,0,0,0,0.995281,0.00210027,0.991637,0.991998,0.992091,0.992226,0.996653,0,0,0,0,0,0,0,0,0.995268,0.992091,0,0,0,0,78,0.995522,0.991637,0.992091,0,0,11.3,0,0,0,0,0,0,0,0,0,341.93,498.17,0,0,0,0,0
neuromorpho__Cell-12-2_2.swc,256,pyramidal,0.996996,0,255,0,0,0,0,0,0,0,0,0,0,0,0.996666,0.000208762,0.996653,0.996653,0.996653,0.996653,0.996653,0,0,0,0,0,0,0,0,0.996653,0.996653,0,0,0,0,73,0.996699,0.996653,0.996653,0,0,8,0,0,0,0,0,0,2.65,0.0442353,0.229424,229.93,398.21,0,0,0,0,0
neuromorpho__Cell-12_7.swc,355,pyramidal,0.973452,293,61,0,0,0,0,0,0,0,0,0,0,0,0.626464,0.346385,0.3,0.3,0.3,0.3,0.3,0.529577,0.529577,0.529577,0.529577,0.529577,0.54833,0.3,0.641638,0.995637,0.992226,0,0,0,0,59,0.765875,0.3,0.3,0.355932,0.355932,13.2,0,0,0,0,1020.81,698.53,0,0,0,157.34,180.75,0,0,0,0,0
neuromorpho__Cell-12_8.swc,176,pyramidal,0.894185,142,33,0,0,0,0,0,0,0,0,0,0,0,0.602806,0.258235,0.3,0.3,0.3,0.3,0.645076,0.363636,0.363636,0.647727,0.806818,0.806818,0.508674,0.3,0.802817,0.995825,0.993003,0,0,0,0,32,0.771736,0.3,0.3,0.34375,0.46875,9.9,0,5.6,-0.0372535,0.452597,479.43,541.26,7.32,0.0445455,0.923744,44.82,92.83,0,0,0,0,0
neuromorpho__Cell-13-4_1.swc,186,pyramidal,0.989631,0,185,0,0,0,0,0,0,0,0,0,0,0,0.996671,0.000244733,0.996653,0.996653,0.996653,0.996653,0.996653,0,0,0,0,0,0,0,0,0.996653,0.996653,0,0,0,0,79,0.996696,0.996653,0.996653,0,0,4,0,0,0,0,0,0,12.64,-0.0609189,1.00161,136.06,227.1,0,0,0,0,0
neuromorpho__Cell-14_5.swc,259,pyramidal,0.931674,173,85,0,0,0,0,0,0,0,0,0,0,0,0.902717,0.0662583,0.856001,0.856001,0.856001,0.856001,0.856001,0,0,0,0,0.667954,0.856001,0.856001,0,0.996653,0.996653,0,0,0,0,84,0.914646,0.856001,0.856001,0,0,6,0,3.15,-0.0173988,0.219154,289.86,484.87,3.01,0.0354118,0.324554,92.34,145.55,0,0,0,0,0
neuromorpho__Cell-15-2.swc,434,pyramidal,0.985968,0,433,0,0,0,0,0,0,0,0,0,0,0,0.996661,0.000160463,0.996653,0.996653,0.996653,0.996653,0.996653,0,0,0,0,0,0,0,0,0.996653,0.996653,0,0,0,0,136,0.996678,0.996653,0.996653,0,0,6.5,0,0,0,0,0,0,6.59,0.0145497,0.338209,236.14,463.46,0,0,0,0,0
neuromorpho__Cell-15-3.swc,311,pyramidal,0.995037,0,310,0,0,0,0,0,0,0,0,0,0,0,0.996664,0.00018947,0.996653,0.996653,0.996653,0.996653,0.996653,0,0,0,0,0,0,0,0,0.996653,0.996653,0,0,0,0,103,0.996686,0.996653,0.996653,0,0,6,0,0,0,0,0,0,0,0,0,227.24,458.73,0,0,0,0,0
neuromorpho__Cell-16_4.swc,145,pyramidal,0.989506,0,144,0,0,0,0,0,0,0,0,0,0,0,0.996676,0.000276971,0.996653,0.996653,0.996653,0.996653,0.996653,0,0,0,0,0,0,0,0,0.996653,0.996653,0,0,0,0,67,0.996703,0.996653,0.996653,0,0,4,0,0,0,0,0,0,8.89,0.08125,0.837389,145.53,232.97,0,0,0,0,0
neuromorpho__Cell-16_5.swc,152,pyramidal,0.994873,0,151,0,0,0,0,0,0,0,0,0,0,0,0.996675,0.000270561,0.996653,0.996653,0.996653,0.996653,0.996653,0,0,0,0,0,0,0,0,0.996653,0.996653,0,0,0,0,61,0.996708,0.996653,0.996653,0,0,6,0,0,0,0,0,0,7.65,-0.045894,0.606824,146.55,250.48,0,0,0,0,0
neuromorpho__Cell-17-2.swc,173,pyramidal,0.98642,0,172,0,0,0,0,0,0,0,0,0,0,0,0.898775,0.213561,0.3,0.3,0.741995,0.996653,0.996653,0.0982659,0.0982659,0.0982659,0.213873,0.213873,0,0,0,0.898187,0.741995,0.0988372,0,0,0,38,0.982631,0.3,0.996653,0.0263158,0.0263158,10.3,0,0,0,0,0,0,10.98,0.0659302,0.795484,295.08,521.07,0,0,0,0,0
neuromorpho__Cell-17_3.swc,329,pyramidal,0.938237,0,328,0,0,0,0,0,0,0,0,0,0,0,0.996663,0.00018423,0.996653,0.996653,0.996653,0.996653,0.996653,0,0,0,0,0,0,0,0,0.996653,0.996653,0,0,0,0,107,0.996685,0.996653,0.996653,0,0,6,0,0,0,0,0,0,15.01,0.0312195,0.765892,243.83,366.11,0,0,0,0,0
neuromorpho__Cell-17_5.swc,114,pyramidal,0.994494,0,113,0,0,0,0,0,0,0,0,0,0,0,0.996683,0.000312072,0.996653,0.996653,0.996653,0.996653,0.996653,0,0,0,0,0,0,0,0,0.996653,0.996653,0,0,0,0,50,0.99672,0.996653,0.996653,0,0,4.1,0,0,0,0,0,0,3.45,-0.0338053,0.290118,148.79,243.26,0,0,0,0,0
neuromorpho__Cell-18-3.swc,276,pyramidal,0.992098,0,275,0,0,0,0,0,0,0,0,0,0,0,0.996665,0.000201084,0.996653,0.996653,0.996653,0.996653,0.996653,0,0,0,0,0,0,0,0,0.996653,0.996653,0,0,0,0,78,0.996696,0.996653,0.996653,0,0,9,0,0,0,0,0,0,2.75,0.0314545,0.265901,244.98,370.49,0,0,0,0,0
neuromorpho__Cell-18-4.swc,258,pyramidal,0.98292,86,171,0,0,0,0,0,0,0,0,0,0,0,0.934323,0.133785,0.3,0.856001,0.869803,0.870368,0.996653,0.0348837,0.0348837,0.0348837,0.0348837,0.333333,0.809622,0.578001,0.104651,0.996653,0.996653,0,0,0,0,81,0.928985,0.3,0.868932,0.0493827,0.0493827,6,0,3.03,0.0726744,0.402329,225.81,318.11,9.55,-0.0926316,0.737171,365.56,270.7,0,0,0,0,0
neuromorpho__Cell-18_03.swc,179,pyramidal,0.982788,0,178,0,0,0,0,0,0,0,0,0,0,0,0.996672,0.000249447,0.996653,0.996653,0.996653,0.996653,0.996653,0,0,0,0,0,0,0,0,0.996653,0.996653,0,0,0,0,73,0.996699,0.996653,0.996653,0,0,4.8,0,0,0,0,0,0,10.08,0.245506,1.07743,135.65,480.78,0,0,0,0,0
neuromorpho__Cell-19_2.swc,300,pyramidal,0.98768,0,299,0,0,0,0,0,0,0,0,0,0,0,0.996664,0.000192901,0.996653,0.996653,0.996653,0.996653,0.996653,0,0,0,0,0,0,0,0,0.996653,0.996653,0,0,0,0,88,0.996691,0.996653,0.996653,0,0,8.3,0,0,0,0,0,0,9.28,0.10214,0.685471,350.83,459.55,0,0,0,0,0
neuromorpho__Cell-1_13.swc,142,pyramidal,0.99475,0,141,0,0,0,0,0,0,0,0,0,0,0,0.996677,0.000279861,0.996653,0.996653,0.996653,0.996653,0.996653,0,0,0,0,0,0,0,0,0.996653,0.996653,0,0,0,0,59,0.99671,0.996653,0.996653,0,0,4.4,0,0,0,0,0,0,0,0,0,177.31,276.69,0,0,0,0,0
neuromorpho__Cell-2-4_1.swc,300,pyramidal,0.995031,0,299,0,0,0,0,0,0,0,0,0,0,0,0.996664,0.000192901,0.996653,0.996653,0.996653,0.996653,0.996653,0,0,0,0,0,0,0,0,0.996653,0.996653,0,0,0,0,100,0.996687,0.996653,0.996653,0,0,7,0,0,0,0,0,0,0,0,0,296.59,345.03,0,0,0,0,0
neuromorpho__Cell-22.swc,264,interneuron,0.477029,0,263,0,0,0,0,0,0,0,0,0,0,0,0.901992,0.048223,0.841902,0.841902,0.841902,0.841902,0.938209,0,0,0,0,0.390152,0,0,0,0.90162,0.841902,0,0,0,0,29,0.918066,0.841902,0.841902,0,0,13.2,-6,0,0,0,0,0,39,-1.92015,9.18325,136.3,179.3,0,0,0,0,0
neuromorpho__Cell-3-2_10.swc,347,pyramidal,0.678647,295,51,0,0,0,0,0,0.0171683,0,0,0,0,0,0.505612,0.266505,0.3,0.3,0.3,0.3,0.3,0.576369,0.691643,0.752161,0.760807,0.850144,0.419217,0.3,0.884746,0.995655,0.991998,0,0,0,0,45,0.727138,0.3,0.3,0.4,0.422222,12.2,0,10.35,-1.09407,2.96068,723.99,371.08,0,0,0,76.08,111.48,0,0,0,0,0
neuromorpho__Cell-3-2_5.swc,154,pyramidal,0.982989,0,153,0,0,0,0,0,0,0,0,0,0,0,0.980801,0.0447349,0.765117,0.926938,0.985968,0.990158,0.990708,0,0,0,0.038961,0.0519481,0,0,0,0.980676,0.985968,0,0,0,0,40,0.95621,0.765117,0.784554,0,0.125,8.6,0,0,0,0,0,0,2.54,-0.0166013,0.204675,311.11,266.63,0,0,0,0,0
neuromorpho__Cell-3-2_6.swc,246,pyramidal,0.996344,0,245,0,0,0,0,0,0,0,0,0,0,0,0.985339,0.0881108,0.3,0.996653,0.996653,0.996653,0.996653,0.0162602,0.0162602,0.0162602,0.0162602,0.0162602,0,0,0,0.985279,0.996653,0.0163265,0,0,0,63,0.994937,0.3,0.996653,0,0,8,0,0,0,0,0,0,0,0,0,205.5,310.92,0,0,0,0,0
neuromorpho__Cell-3-2_7.swc,153,pyramidal,0.990728,0,152,0,0,0,0,0,0,0,0,0,0,0,0.996299,0.00127099,0.992206,0.992226,0.996653,0.996653,0.996653,0,0,0,0,0,0,0,0,0.996274,0.996653,0,0,0,0,79,0.996471,0.992206,0.996653,0,0,3,0,0,0,0,0,0,4.45,-0.00309211,0.325156,92.22,227.05,0,0,0,0,0
neuromorpho__Cell-3_10.swc,168,pyramidal,0.995297,0,167,0,0,0,0,0,0,0,0,0,0,0,0.996673,0.000257436,0.996653,0.996653,0.996653,0.996653,0.996653,0,0,0,0,0,0,0,0,0.996653,0.996653,0,0,0,0,79,0.996696,0.996653,0.996653,0,0,4,0,0,0,0,0,0,1.36,0.00335329,0.0929272,311.03,337.04,0,0,0,0,0
neuromorpho__Cell-3_14.swc,198,pyramidal,0.990995,158,39,0,0,0,0,0,0,0,0,0,0,0,0.953444,0.0332156,0.732425,0.947713,0.947713,0.947713,0.947713,0,0,0,0.0151515,0.0151515,0.947713,0.947713,0,0.975469,0.989951,0,0,0,0,73,0.956115,0.732425,0.947713,0,0.0136986,6,0,0,0,0,221.97,286.4,2.26,-0.014359,0.263242,38.8,68.11,0,0,0,0,0
neuromorpho__Cell-4-2_6.swc,208,pyramidal,0.996331,0,207,0,0,0,0,0,0,0,0,0,0,0,0.996669,0.000231495,0.996653,0.996653,0.996653,0.996653,0.996653,0,0,0,0,0,0,0,0,0.996653,0.996653,0,0,0,0,45,0.996728,0.996653,0.996653,0,0,10,0,0,0,0,0,0,0,0,0,338.99,445.5,0,0,0,0,0
neuromorpho__Cell-4-2_7.swc,216,pyramidal,0.993769,0,215,0,0,0,0,0,0,0,0,0,0,0,0.996669,0.000227188,0.996653,0.996653,0.996653,0.996653,0.996653,0,0,0,0,0,0,0,0,0.996653,0.996653,0,0,0,0,94,0.996689,0.996653,0.996653,0,0,5,0,0,0,0,0,0,0,0,0,167.26,321.63,0,0,0,0,0
neuromorpho__Cell-4-2_8.swc,266,pyramidal,0.996116,0,265,0,0,0,0,0,0,0,0,0,0,0,0.996666,0.000204815,0.996653,0.996653,0.996653,0.996653,0.996653,0,0,0,0,0,0,0,0,0.996653,0.996653,0,0,0,0,77,0.996697,0.996653,0.996653,0,0,8,0,0,0,0,0,0,1.74,-0.012566,0.146311,255.51,314.42,0,0,0,0,0
neuromorpho__Cell-4-2_9.swc,317,pyramidal,0.976545,254,62,0,0,0,0,0,0,0,0,0,0,0,0.623918,0.346146,0.3,0.3,0.3,0.3,0.3,0.533123,0.533123,0.533123,0.533123,0.533123,0.531652,0.3,0.665354,0.995844,0.991637,0,0,0,0,55,0.775226,0.3,0.3,0.327273,0.345455,15.4,0,0,0,0,802.73,433.32,5.27,0.085,0.663871,104.54,162.6,0,0,0,0,0
neuromorpho__Cell-4-3_2.swc,92,pyramidal,0.997282,0,91,0,0,0,0,0,0,0,0,0,0,0,0.99669,0.000347019,0.996653,0.996653,0.996653,0.996653,0.996653,0,0,0,0,0,0,0,0,0.996653,0.996653,0,0,0,0,42,0.996733,0.996653,0.996653,0,0,4,0,0,0,0,0,0,0,0,0,90.91,299.85,0,0,0,0,0
neuromorpho__Cell-4-4_2.swc,148,pyramidal,0.995503,0,147,0,0,0,0,0,0,0,0,0,0,0,0.996676,0.000274168,0.996653,0.996653,0.996653,0.996653,0.996653,0,0,0,0,0,0,0,0,0.996653,0.996653,0,0,0,0,62,0.996707,0.996653,0.996653,0,0,5,0,0,0,0,0,0,1.32,0.00897959,0.108501,133.71,268.68,0,0,0,0,0
neuromorpho__Cell-4-5_1.swc,233,pyramidal,0.995654,0,232,0,0,0,0,0,0,0,0,0,0,0,0.996668,0.00021878,0.996653,0.996653,0.996653,0.996653,0.996653,0,0,0,0,0,0,0,0,0.996653,0.996653,0,0,0,0,108,0.996684,0.996653,0.996653,0,0,4,0,0,0,0,0,0,0,0,0,257.41,342.81,0,0,0,0,0
neuromorpho__Cell-4_10.swc,125,pyramidal,0.997136,0,124,0,0,0,0,0,0,0,0,0,0,0,0.99668,0.000298141,0.996653,0.996653,0.996653,0.996653,0.996653,0,0,0,0,0,0,0,0,0.996653,0.996653,0,0,0,0,57,0.996712,0.996653,0.996653,0,0,4,0,0,0,0,0,0,0,0,0,137.51,289.19,0,0,0,0,0
neuromorpho__Cell-4_13.swc,228,pyramidal,0.993793,0,227,0,0,0,0,0,0,0,0,0,0,0,0.996668,0.000221156,0.996653,0.996653,0.996653,0.996653,0.996653,0,0,0,0,0,0,0,0,0.996653,0.996653,0,0,0,0,75,0.996698,0.996653,0.996653,0,0,5.6,0,0,0,0,0,0,6.37,0.00030837,0.298977,226.45,378.47,0,0,0,0,0
neuromorpho__Cell-5-1.swc,557,pyramidal,0.729853,76,480,0,0,0,0,0,0,0,0,0,0,0,0.987451,0.0196347,0.938416,0.938416,0.938416,0.990622,0.996653,0,0,0,0,0,0.938416,0.938416,0,0.995189,0.990622,0,0,0,0,35,0.994311,0.938416,0.992035,0,0,41.4,-8.82632,14.33,11.8793,4.25323,46.17,153.11,73.71,6.40973,10.8602,219.35,346.38,0,0,0,0,0
neuromorpho__Cell-5-3_2.swc,207,pyramidal,0.996094,0,206,0,0,0,0,0,0,0,0,0,0,0,0.996669,0.000232051,0.996653,0.996653,0.996653,0.996653,0.996653,0,0,0,0,0,0,0,0,0.996653,0.996653,0,0,0,0,69,0.996702,0.996653,0.996653,0,0,6.2,0,0,0,0,0,0,0,0,0,224.05,313.01,0,0,0,0,0
neuromorpho__Cell-5-4_1.swc,309,pyramidal,0.995832,0,308,0,0,0,0,0,0,0,0,0,0,0,0.99441,0.0395681,0.3,0.996653,0.996653,0.996653,0.996653,0.00323625,0.00323625,0.00323625,0.00323625,0.00323625,0,0,0,0.994391,0.996653,0.00324675,0,0,0,84,0.996333,0.3,0.996653,0,0,7.7,0,0,0,0,0,0,0,0,0,338.59,382.02,0,0,0,0,0
neuromorpho__Cell-5_10.swc,244,pyramidal,0.996611,0,243,0,0,0,0,0,0,0,0,0,0,0,0.996667,0.000213813,0.996653,0.996653,0.996653,0.996653,0.996653,0,0,0,0,0,0,0,0,0.996653,0.996653,0,0,0,0,81,0.996695,0.996653,0.996653,0,0,7,0,0,0,0,0,0,1.3,-0.00534979,0.0832233,243.99,259.99,0,0,0,0,0
neuromorpho__Cell-5_9.swc,250,pyramidal,0.996744,0,249,0,0,0,0,0,0,0,0,0,0,0,0.996667,0.000211242,0.996653,0.996653,0.996653,0.996653,0.996653,0,0,0,0,0,0,0,0,0.996653,0.996653,0,0,0,0,97,0.996688,0.996653,0.996653,0,0,4,0,0,0,0,0,0,0,0,0,260.04,413.04,0,0,0,0,0
neuromorpho__Cell-6-4_2.swc,323,pyramidal,0.988598,281,41,0,0,0,0,0,0,0,0,0,0,0,0.912321,0.218034,0.3,0.3,0.3,0.993021,0.993021,0.105263,0.123839,0.123839,0.123839,0.123839,0.909164,0.3,0.120996,0.931813,0.55929,0.146341,0,0,0,55,0.929231,0.3,0.79471,0.0909091,0.109091,13.6,0,0,0,0,285.24,470.59,0,0,0,89.44,96.44,0,0,0,0,0
neuromorpho__Cell-6_10.swc,161,pyramidal,0.994882,93,67,0,0,0,0,0,0,0,0,0,0,0,0.96131,0.0429285,0.870595,0.870595,0.874424,0.955379,0.965017,0,0,0,0,0.167702,0.935867,0.870595,0,0.996048,0.992226,0,0,0,0,55,0.972815,0.870595,0.955379,0,0,5,0,0,0,0,218.7,306.06,0,0,0,77.21,139.28,0,0,0,0,0
neuromorpho__Cell-7-2_3.swc,254,pyramidal,0.996789,0,253,0,0,0,0,0,0,0,0,0,0,0,0.996666,0.000209579,0.996653,0.996653,0.996653,0.996653,0.996653,0,0,0,0,0,0,0,0,0.996653,0.996653,0,0,0,0,86,0.996692,0.996653,0.996653,0,0,7,0,0,0,0,0,0,0,0,0,198.41,475.62,0,0,0,0,0
neuromorpho__Cell-7-2_4.swc,346,pyramidal,0.990467,0,345,0,0,0,0,0,0,0,0,0,0,0,0.996637,0.000381361,0.992226,0.996653,0.996653,0.996653,0.996653,0,0,0,0,0,0,0,0,0.996628,0.996653,0,0,0,0,114,0.996644,0.992226,0.996653,0,0,7,0,0,0,0,0,0,5.53,0.0914493,0.6309,296.5,369.13,0,0,0,0,0
neuromorpho__Cell-7_6.swc,112,pyramidal,0.984791,0,111,0,0,0,0,0,0,0,0,0,0,0,0.996683,0.000314821,0.996653,0.996653,0.996653,0.996653,0.996653,0,0,0,0,0,0,0,0,0.996653,0.996653,0,0,0,0,59,0.99671,0.996653,0.996653,0,0,3,0,0,0,0,0,0,0.91,0.0081982,0.0859834,121.58,421.72,0,0,0,0,0
neuromorpho__Cell-7_7.swc,187,pyramidal,0.996092,0,186,0,0,0,0,0,0,0,0,0,0,0,0.996671,0.000244082,0.996653,0.996653,0.996653,0.996653,0.996653,0,0,0,0,0,0,0,0,0.996653,0.996653,0,0,0,0,61,0.996708,0.996653,0.996653,0,0,6,0,0,0,0,0,0,0,0,0,187.62,439.68,0,0,0,0,0
neuromorpho__Cell-8-2_1.swc,176,pyramidal,0.996922,0,175,0,0,0,0,0,0,0,0,0,0,0,0.996672,0.000251551,0.996653,0.996653,0.996653,0.996653,0.996653,0,0,0,0,0,0,0,0,0.996653,0.996653,0,0,0,0,66,0.996704,0.996653,0.996653,0,0,5,0,0,0,0,0,0,0,0,0,226.47,393,0,0,0,0,0
neuromorpho__Cell-8_03.swc,169,pyramidal,0.995918,0,168,0,0,0,0,0,0,0,0,0,0,0,0.996673,0.000256678,0.996653,0.996653,0.996653,0.996653,0.996653,0,0,0,0,0,0,0,0,0.996653,0.996653,0,0,0,0,72,0.9967,0.996653,0.996653,0,0,4,0,0,0,0,0,0,0,0,0,212.95,300.56,0,0,0,0,0
neuromorpho__Cell-8_5.swc,269,pyramidal,0.996312,0,268,0,0,0,0,0,0,0,0,0,0,0,0.996666,0.000203674,0.996653,0.996653,0.996653,0.996653,0.996653,0,0,0,0,0,0,0,0,0.996653,0.996653,0,0,0,0,66,0.996704,0.996653,0.996653,0,0,9,0,0,0,0,0,0,1.8,0.00649254,0.0999609,277.26,374.15,0,0,0,0,0
neuromorpho__Cell-9-2_5.swc,310,pyramidal,0.815799,269,40,0,0,0,0,0,0,0,0,0,0,0,0.564272,0.334133,0.3,0.3,0.3,0.3,0.3,0.612903,0.612903,0.612903,0.629032,0.629032,0.503526,0.3,0.70632,0.961895,0.731243,0,0,0,0,33,0.758934,0.3,0.3,0.333333,0.363636,28.6,0,0,0,0,990.69,517.6,0,0,0,87.96,154.09,0,0,0,0,0
neuromorpho__Cell1042Ecel1.swc,883,interneuron,0.932301,0,882,0,0,0,0,0,0,0,0,0,0,0,0.760473,0.331986,0.3,0.3,0.3,0.3,0.999824,0.342016,0.342016,0.342016,0.342016,0.342016,0,0,0,0.760202,0.3,0.342404,0,0,0,7,0.940994,0.3,0.835031,0.142857,0.142857,279.6,0,0,0,0,0,0,70.5,-2.33673,14.4829,65.14,502.92,0,0,0,0,0
neuromorpho__Cell19.swc,11287,interneuron,0.995638,5180,6106,0,0,0,0,0,0,0,0,0,0,0,0.997885,0.00514537,0.976244,0.986406,0.986406,0.999596,0.999824,0,0,0,0,0,0.995599,0.986406,0,0.999824,0.999824,0,0,0,0,460,0.99868,0.976244,0.999596,0,0,55.1,0.00333333,65.25,2.47205,11.0048,171.4,81.44,18.29,2.00398,2.91742,116.92,145.5,0,0,0,0,0
neuromorpho__Cell1biorxiv.swc,1327,interneuron,0.429587,951,375,0,0,0,0,0,0,0,0,0,0,0,0.420729,0.245163,0.3,0.3,0.3,0.3,0.3,0.804069,0.804069,0.804069,0.804069,0.860588,0.343861,0.3,0.921136,0.614124,0.3,0.509333,0,0,0,106,0.391599,0.3,0.3,0.858491,0.867925,32,1.77778,185,-42.2659,48.933,1964.06,1100.8,92,-23.7551,23.7792,383.83,1032.41,0,0,0,0,0
neuromorpho__Cell22.swc,10276,interneuron,0.996718,0,10275,0,0,0,0,0,0,0,0,0,0,0,0.996543,0.00806759,0.976165,0.976165,0.976165,0.999824,0.999824,0,0,0,0,0,0,0,0,0.996542,0.976165,0,0,0,0,407,0.998887,0.976165,0.999824,0,0,58,0.00333333,0,0,0,0,0,55.05,2.65144,7.83058,290.47,188.15,0,0,0,0,0
neuromorpho__Cell29.swc,10783,interneuron,0.996125,6535,4247,0,0,0,0,0,0,0,0,0,0,0,0.999055,0.00314007,0.972829,0.999596,0.999596,0.999596,0.999596,0,0,0,0,0,0.998555,0.999596,0,0.999824,0.999824,0,0,0,0,420,0.999312,0.972829,0.999596,0,0,67,0,73.11,2.17695,10.0618,109.7,189.98,14.32,-1.35664,2.27503,70.55,120.19,0,0,0,0,0
neuromorpho__Cell2biorxiv.swc,2082,interneuron,0.778958,767,1314,0,0,0,0,0,0,0,0,0,0,0,0.678344,0.344392,0.3,0.3,0.3,0.3,0.972829,0.45293,0.45293,0.45293,0.45293,0.45293,0.639954,0.3,0.496741,0.700508,0.3,0.427702,0,0,0,126,0.827247,0.3,0.3,0.238095,0.261905,37.5,-0.928571,146,-20.0206,29.6742,2230.9,1291.41,156,-41.9892,47.2896,336.68,1457.23,0,0,0,0,0
neuromorpho__Cell31.swc,8304,interneuron,0.992472,4403,3900,0,0,0,0,0,0,0,0,0,0,0,0.973211,0.0141695,0.766839,0.972829,0.972829,0.972829,0.972829,0,0,0,0.00409441,0.00698459,0.97353,0.972829,0,0.972844,0.975174,0,0,0,0,357,0.972521,0.766839,0.972829,0,0.00840336,53.4,0,56.14,1.60275,9.49815,265.43,344.13,62.06,1.54667,4.49042,122.75,58.64,0,0,0,0,0
neuromorpho__Cell37.swc,5378,interneuron,0.994835,1601,3776,0,0,0,0,0,0,0,0,0,0,0,0.999254,0.00298819,0.972829,0.999596,0.999596,0.999596,0.999824,0,0,0,0,0,0.99791,0.986406,0,0.999824,0.999824,0,0,0,0,340,0.999397,0.972829,0.999596,0,0,33,-0.00333333,43.4,1.96702,8.98743,136.3,88.77,15.49,0.483712,2.58584,129.23,156.14,0,0,0,0,0
neuromorpho__Cell39.swc,5674,interneuron,0.997017,3095,2578,0,0,0,0,0,0,0,0,0,0,0,0.999699,0.000113586,0.999596,0.999596,0.999596,0.999596,0.999596,0,0,0,0,0,0.999596,0.999596,0,0.999824,0.999824,0,0,0,0,345,0.99973,0.999596,0.999596,0,0,39,0,77.11,1.49372,10.5478,232.99,145.37,13.88,-0.0501086,1.97006,90.7,148.9,0,0,0,0,0
neuromorpho__Cell3biorxiv.swc,2190,interneuron,0.560539,848,1341,0,0,0,0,0,0,0,0,0,0,0,0.441111,0.263483,0.3,0.3,0.3,0.3,0.3,0.772146,0.783105,0.783105,0.783105,0.783105,0.305901,0.3,1,0.526196,0.3,0.646532,0,0,0,57,0.523531,0.3,0.3,0.701754,0.719298,82.4,1.8,180,-70.3884,42.9856,2067.95,1276.98,158,-42.4779,33.3893,851.99,1559.51,0,0,0,0,0
neuromorpho__Cell41.swc,6260,interneuron,0.993245,0,6259,0,0,0,0,0,0,0,0,0,0,0,0.986329,0.0221012,0.766839,0.975174,0.975174,0.975174,0.999824,0,0,0,0.00702875,0.00702875,0,0,0,0.986327,0.975174,0,0,0,0,340,0.991548,0.766839,0.975174,0,0.00588235,41,0,0,0,0,0,0,66.86,-6.56526,12.5241,146.41,128.79,0,0,0,0,0
neuromorpho__Cell47.swc,6445,interneuron,0.995062,2428,4016,0,0,0,0,0,0,0,0,0,0,0,0.999738,0.000110524,0.999596,0.999596,0.999596,0.999596,0.999824,0,0,0,0,0,0.999596,0.999596,0,0.999824,0.999824,0,0,0,0,316,0.999763,0.999596,0.999596,0,0,49,0,30.87,-3.0532,5.31068,139.47,136.26,11.9,1.1181,2.12108,111.89,121.77,0,0,0,0,0
neuromorpho__Cell4_Hippocampus_singlecell.swc,573,pyramidal,0.704778,205,367,0,0,0,0,0,0.0136298,0,0,0,0,0,0.788099,0.317209,0.3,0.3,0.3,0.3,0.996653,0.296684,0.296684,0.296684,0.296684,0.30192,0.41499,0.3,0.829268,0.995934,0.996653,0,0,0,0,71,0.847009,0.3,0.3,0.211268,0.225352,15,0,81.65,4.72717,20.5538,533.81,296.23,63.07,-1.24199,13.6492,140.29,380.81,0,0,0,0,0
neuromorpho__Cell50.swc,7269,interneuron,0.984533,2869,4399,0,0,0,0,0,0,0,0,0,0,0,0.999494,0.00187089,0.972829,0.999596,0.999596,0.999596,0.999824,0,0,0,0,0,0.998989,0.999596,0,0.999824,0.999824,0,0,0,0,606,0.999588,0.972829,0.999596,0,0,28,0,41.6,3.84396,7.55526,224.8,76.63,18.41,0.911048,2.65254,163.03,163.37,0,0,0,0,0
neuromorpho__Cell51.swc,3436,interneuron,0.952445,1890,1545,0,0,0,0,0,0,0,0,0,0,0,0.999419,0.00201539,0.979266,0.999596,0.999596,0.999596,0.999596,0,0,0,0,0,0.999087,0.999596,0,0.999824,0.999824,0,0,0,0,271,0.999441,0.979266,0.999596,0,0,29,0,38.25,-0.164085,6.82283,139.79,136.07,11.4,-0.0368803,1.86897,71.27,180.4,0,0,0,0,0
neuromorpho__Cell58.swc,10631,interneuron,0.995852,5174,5456,0,0,0,0,0,0,0,0,0,0,0,0.999713,0.000113988,0.999596,0.999596,0.999596,0.999596,0.999824,0,0,0,0,0,0.999596,0.999596,0,0.999824,0.999824,0,0,0,0,350,0.999753,0.999596,0.999596,0,0,65.2,0,50.65,-3.87886,9.70051,183.95,150.3,15.29,1.34332,2.48546,130.81,177.96,0,0,0,0,0
neuromorpho__Cell59.swc,6691,interneuron,0.960343,3162,3528,0,0,0,0,0,0,0,0,0,0,0,0.999716,0.000113874,0.999596,0.999596,0.999596,0.999596,0.999824,0,0,0,0,0,0.999596,0.999596,0,0.999824,0.999824,0,0,0,0,319,0.999745,0.999596,0.999596,0,0,46,0,44.7,-0.264497,8.03989,149.24,155.53,16.94,-1.34251,2.09108,179.06,231.08,0,0,0,0,0
neuromorpho__Cell5_Hippocampus_singlecell.swc,446,pyramidal,0.811697,141,304,0,0,0,0,0,0,0,0,0,0,0,0.857501,0.265972,0.3,0.3,0.3,0.905329,0.991637,0.183857,0.183857,0.183857,0.183857,0.251121,0.58974,0.3,0.539007,0.981224,0.991056,0.0197368,0,0,0,48,0.914962,0.3,0.721037,0.104167,0.145833,16.9,0,20.53,-10.0077,5.83789,548.75,190.01,87.85,14.6432,22.6161,148.55,643.54,0,0,0,0,0
neuromorpho__Cell60.swc,7809,interneuron,0.994129,2929,4879,0,0,0,0,0,0,0,0,0,0,0,0.999731,0.000321221,0.986406,0.999596,0.999596,0.999596,0.999824,0,0,0,0,0,0.999578,0.999596,0,0.999824,0.999824,0,0,0,0,469,0.999666,0.986406,0.999596,0,0,39,0,57.75,-0.305138,10.0548,263.87,102.24,22.93,2.95645,3.56783,168.99,187.42,0,0,0,0,0
neuromorpho__Cell6_Hippocampus_singlecell.swc,345,pyramidal,0.801174,0,220,124,0,0,0,0,0.0272345,0,0,0,0,0,0.785084,0.316581,0.3,0.3,0.3,0.3,0.996653,0.298551,0.298551,0.298551,0.298551,0.298551,0,0,0,0.951631,0.96542,0.0590909,0.487865,0.3,0.725806,42,0.84496,0.3,0.3,0.214286,0.214286,16,0,0,0,0,0,0,95.17,-0.828818,19.7394,99.12,465.44,44.61,34.0827,10.5025,520.22,209.91
neuromorpho__Cell73.swc,5447,interneuron,0.992069,2191,3255,0,0,0,0,0,0,0,0,0,0,0,0.998985,0.00367887,0.979266,0.999596,0.999596,0.999596,0.999824,0,0,0,0,0,0.997738,0.986406,0,0.999824,0.999824,0,0,0,0,435,0.999279,0.979266,0.999596,0,0,28,0,57,1.4796,13.7005,98.89,208.51,21.03,-1.59744,2.31116,62.79,145.12,0,0,0,0,0
neuromorpho__Cell9.swc,8773,interneuron,0.96387,3887,4885,0,0,0,0,0,0,0,0,0,0,0,0.999723,0.000113292,0.999596,0.999596,0.999596,0.999596,0.999824,0,0,0,0,0,0.999596,0.999596,0,0.999824,0.999824,0,0,0,0,384,0.999756,0.999596,0.999596,0,0,50,0,43.48,-4.38428,6.52509,137.67,218.05,18.15,0.807879,3.33469,124.25,257.37,0,0,0,0,0
neuromorpho__Chat-IRES-Cre-neo_Ai14-316043-04-02-01_626158141_m.swc,5672,interneuron,0.995236,3675,1996,0,0,0,0,0,0,0,0,0,0,0,0.999577,0.00163418,0.972829,0.999596,0.999596,0.999596,0.999596,0,0,0,0,0,0.999443,0.999596,0,0.999824,0.999824,0,0,0,0,183,0.99951,0.972829,0.999596,0,0,67,0,69.84,-11.8112,13.1164,381.11,662.49,71.86,-3.73549,11.459,243.08,504.4,0,0,0,0,0
neuromorpho__Chat-IRES-Cre-neo_Ai14-316043-05-01-01_610886034_m.swc,7465,interneuron,0.989946,4597,2867,0,0,0,0,0,0,0,0,0,0,0,0.999474,0.00200959,0.972829,0.999596,0.999596,0.999596,0.999596,0,0,0,0,0,0.999255,0.999596,0,0.999824,0.999824,0,0,0,0,287,0.999529,0.972829,0.999596,0,0,57.4,0,87.11,-15.8345,13.9414,399.45,596.23,71.31,8.27728,11.5202,138.31,625.8,0,0,0,0,0
neuromorpho__Chrna2-Cre_OE25_Ai14_BT_-281693-06-01-01_591276000_m.swc,17650,interneuron,0.997402,15590,2059,0,0,0,0,0,0,0,0,0,0,0,0.987969,0.0895402,0.3,0.999596,0.999596,0.999596,0.999596,0.0166572,0.0166572,0.0166572,0.0166572,0.0166572,0.986403,0.999596,0.0188582,0.999824,0.999824,0,0,0,0,664,0.998235,0.3,0.999596,0.00150602,0.00301205,60.7,0,167.91,-19.2121,28.097,500.86,459.17,58.41,-7.20478,9.95218,138.16,187.51,0,0,0,0,0
neuromorpho__Chrna2-Cre_OE25_Pvalb-T2A-Dre_Ai66-312583-02-02-01_651087073_m.swc,18770,interneuron,0.997172,16517,2252,0,0,0,0,0,0,0,0,0,0,0,0.970849,0.138938,0.3,0.999596,0.999596,0.999596,0.999596,0.0411295,0.0411295,0.0411295,0.0411295,0.0411295,0.968888,0.999596,0.0438942,0.985218,0.999824,0.0208703,0,0,0,453,0.986334,0.3,0.999596,0.013245,0.0220751,99.8,0,241.6,-33.1478,42.4863,377.28,658.42,62.08,-9.88993,12.6046,297.9,379.3,0,0,0,0,0
neuromorpho__Ctrl_V1B-L23_cell4.swc,807,pyramidal,0.958007,0,806,0,0,0,0,0,0,0,0,0,0,0,0.993516,0.0035272,0.981854,0.985968,0.989259,0.992226,0.992226,0,0,0,0,0,0,0,0,0.993508,0.989259,0,0,0,0,122,0.99367,0.981854,0.990738,0,0,12,-0.00333333,0,0,0,0,0,146.6,3.07616,27.7074,510.82,325.24,0,0,0,0,0
neuromorpho__Delayed17_2089_biocytin.swc,4543,interneuron,0.930881,813,3729,0,0,0,0,0,0,0,0,0,0,0,0.886286,0.163965,0.3,0.600985,0.600985,0.766839,0.999824,0.00484262,0.00484262,0.183799,0.348228,0.348228,0.600985,0.600985,1,0.948457,0.766839,0.00589971,0,0,0,22,0.938212,0.3,0.78774,0.0909091,0.136364,561.7,0,17.13,6.53668,5.20674,85.64,99.45,51.15,20.4186,14.9943,197.27,212.15,0,0,0,0,0
neuromorpho__Delayed18_2477_biocytin.swc,1251,interneuron,0.984305,0,1250,0,0,0,0,0,0,0,0,0,0,0,0.880669,0.263039,0.3,0.3,0.3,0.999824,0.999824,0.170264,0.170264,0.170264,0.170264,0.170264,0,0,0,0.880574,0.3,0.1704,0,0,0,15,0.984011,0.3,0.999824,0,0.0666667,101.6,0,0,0,0,0,0,27.99,0.274112,6.23532,92.07,285.7,0,0,0,0,0
neuromorpho__Diego-02-27-13-BR.swc,27082,interneuron,0.9975,22936,4145,0,0,0,0,0,0,0,0,0,0,0,0.9773,0.122953,0.3,0.999596,0.999596,0.999596,0.999596,0.0319031,0.0319031,0.0319031,0.0319031,0.0319031,0.980186,0.999596,0.0277293,0.961329,0.999824,0.055006,0,0,0,719,0.983784,0.3,0.999596,0.0194715,0.0236439,87,0,233,-48.0262,47.6978,628.58,523.28,162.55,-36.1198,34.6119,225.28,463.28,0,0,0,0,0
neuromorpho__EDF1_D4-Fresh-Hippo-1-EDF_crop-1.swc,736,pyramidal,0.984241,0,735,0,0,0,0,0,0,0,0,0,0,0,0.996658,0.000123278,0.996653,0.996653,0.996653,0.996653,0.996653,0,0,0,0,0,0,0,0,0.996653,0.996653,0,0,0,0,6,0.997211,0.996653,0.996653,0,0,306,0,0,0,0,0,0,0,0,0,15.15,36.38,0,0,0,0,0
neuromorpho__EDF1_D4-Fresh-Hippo-1-EDF_crop-3.swc,1170,pyramidal,0.995848,0,1169,0,0,0,0,0,0,0,0,0,0,0,0.996656,9.78007e-05,0.996653,0.996653,0.996653,0.996653,0.996653,0,0,0,0,0,0,0,0,0.996653,0.996653,0,0,0,0,11,0.996958,0.996653,0.996653,0,0,217,0,0,0,0,0,0,0,0,0,19.37,37.93,0,0,0,0,0
neuromorpho__EDF1_D4-Fresh-Hippo-1-EDF_crop-9.swc,1232,pyramidal,0.973676,0,1231,0,0,0,0,0,0,0,0,0,0,0,0.996656,9.53101e-05,0.996653,0.996653,0.996653,0.996653,0.996653,0,0,0,0,0,0,0,0,0.996653,0.996653,0,0,0,0,28,0.996773,0.996653,0.996653,0,0,96.8,0,0,0,0,0,0,0,0,0,14.7,35.67,0,0,0,0,0
neuromorpho__EDF2_D4-Fresh-Hippo-2-EDF_crop-6.swc,2313,pyramidal,0.989615,0,2312,0,0,0,0,0,0,0,0,0,0,0,0.996655,6.95727e-05,0.996653,0.996653,0.996653,0.996653,0.996653,0,0,0,0,0,0,0,0,0.996653,0.996653,0,0,0,0,52,0.996718,0.996653,0.996653,0,0,86.8,0,0,0,0,0,0,0,0,0,27.28,40.22,0,0,0,0,0
neuromorpho__EXP-5_67-188-1003.swc,1051,interneuron,0.978509,0,1050,0,0,0,0,0,0,0,0,0,0,0,0.998017,0.00629424,0.975174,0.976165,0.999824,0.999824,0.999824,0,0,0,0,0,0,0,0,0.998015,0.999824,0,0,0,0,19,0.99729,0.975174,0.995092,0,0,122,0,0,0,0,0,0,4.57,-0.452057,0.497742,115.97,163.69,0,0,0,0,0
neuromorpho__EXP-5_67-188-1004.swc,4681,interneuron,0.987584,0,4680,0,0,0,0,0,0,0,0,0,0,0,0.993256,0.0105922,0.976165,0.976165,0.976165,0.976165,0.999824,0,0,0,0,0,0,0,0,0.993255,0.976165,0,0,0,0,53,0.994167,0.976165,0.976165,0,0,221.4,0,0,0,0,0,0,2.18,0.0578632,0.194949,165.99,170.1,0,0,0,0,0
neuromorpho__EXP-5_67-Scr-1004.swc,2288,interneuron,0.99083,0,2287,0,0,0,0,0,0,0,0,0,0,0,0.999824,3.68391e-06,0.999824,0.999824,0.999824,0.999824,0.999824,0,0,0,0,0,0,0,0,0.999824,0.999824,0,0,0,0,36,0.999829,0.999824,0.999824,0,0,138,0,0,0,0,0,0,5.54,0.381963,1.07784,86.83,191.87,0,0,0,0,0
neuromorpho__EXP-5_67-Scr-1010.swc,2036,interneuron,0.525688,0,2035,0,0,0,0,0,0,0,0,0,0,0,0.857897,0.127686,0.3,0.855219,0.855219,0.855219,0.855219,0.0451866,0.0451866,0.0451866,0.0451866,0.675835,0,0,0,0.857828,0.855219,0.0452088,0,0,0,19,0.90793,0.3,0.855219,0,0.0526316,191.2,0,0,0,0,0,0,2.52,-0.763823,0.319792,186.25,184.63,0,0,0,0,0
neuromorpho__EXP-5_67-Scr-1011.swc,1607,interneuron,0.98747,0,1606,0,0,0,0,0,0,0,0,0,0,0,0.999824,4.3953e-06,0.999824,0.999824,0.999824,0.999824,0.999824,0,0,0,0,0,0,0,0,0.999824,0.999824,0,0,0,0,22,0.999832,0.999824,0.999824,0,0,149.8,0,0,0,0,0,0,3.28,-0.0764633,0.521893,124.62,164.82,0,0,0,0,0
neuromorpho__Exp_V1B-L23_cell1.swc,617,pyramidal,0.989059,0,396,220,0,0,0,0,0,0,0,0,0,0,0.992783,0.005212,0.985692,0.985786,0.985786,0.985786,0.996653,0,0,0,0,0,0,0,0,0.996653,0.996653,0,0.985784,0.985786,0,93,0.992832,0.985692,0.985786,0,0,13,0,0,0,0,0,0,87.75,-2.23058,18.6391,218.42,254.19,83.22,-8.24636,20.9524,285.02,236.75
neuromorpho__Exp_V1B-L23_cell3.swc,568,pyramidal,0.982601,0,342,225,0,0,0,0,0.0247056,0,0,0,0,0,0.982949,0.0551556,0.3,0.897992,0.985786,0.985786,0.996653,0.00528169,0.00528169,0.00528169,0.00528169,0.0633803,0,0,0,0.996653,0.996653,0,0.962043,0.897992,0.0133333,70,0.987225,0.3,0.985786,0,0,17.1,0,0,0,0,0,0,125.96,-16.8788,23.2287,206.72,370.37,110.45,0.500667,20.4258,315.85,249.31
neuromorpho__Exp_V1B-L5_cell1.swc,1042,pyramidal,0.992956,0,444,597,0,0,0.572937,0.572937,0.108676,0,-0.572937,0.572937,0.572937,0,0.926542,0.0796291,0.7782,0.804942,0.817258,0.845447,0.985786,0,0,0,0.0335893,0.427063,0,0,0,0.996653,0.996653,0,0.874276,0.80618,0,144,0.919385,0.7782,0.823349,0,0.0277778,15,0,0,0,0,0,0,161.62,-6.89809,38.4118,317.27,198.9,164.05,-14.3498,31.0918,397.76,688.75
neuromorpho__Exp_V1B-L5_cell8.swc,907,pyramidal,0.995101,0,463,443,0,0,0,0,0.0347912,0,0,0,0,0,0.85587,0.272113,0.3,0.3,0.3,0.949402,0.996653,0.192944,0.192944,0.192944,0.192944,0.192944,0,0,0,0.996653,0.996653,0,0.708404,0.3,0.395034,124,0.867288,0.3,0.3,0.177419,0.177419,15,0,0,0,0,0,0,147.82,-1.12711,25.3721,289.35,160.66,121.32,-4.08133,21.9153,491.81,733.47
neuromorpho__Fig1b_140312-1rm6_int.swc,61212,interneuron,0.991621,56995,4216,0,0,0,0,0,0,0,0,0,0,0,0.755405,0.333126,0.3,0.3,0.3,0.3,0.999596,0.348559,0.348559,0.348559,0.348559,0.348559,0.751957,0.3,0.353435,0.801961,0.3,0.282732,0,0,0,755,0.800713,0.3,0.3,0.280795,0.30596,214.6,0,273.64,99.9097,69.3031,1531.96,740.18,248,38.8101,52.8993,434.38,596.86,0,0,0,0,0
neuromorpho__Fig1f_140909-2mg_int.swc,30815,interneuron,0.990892,26850,3964,0,0,0,0,0,0,0,0,0,0,0,0.94134,0.193254,0.3,0.3,0.999596,0.999596,0.999596,0.0832387,0.0832387,0.0832387,0.0832387,0.0832387,0.934241,0.999596,0.0933333,0.989408,0.999824,0.014884,0,0,0,1067,0.958645,0.3,0.999596,0.0571696,0.0609185,66,0,262.93,42.8445,54.0504,653.68,1109.27,183.03,13.6379,35.0821,336.57,329.17,0,0,0,0,0
neuromorpho__Fig2a_cell2_1404163rm.swc,10848,interneuron,0.970918,8949,1898,0,0,0,0,0,0,0,0,0,0,0,0.831479,0.298929,0.3,0.3,0.3,0.999596,0.999596,0.240321,0.240321,0.240321,0.240321,0.240321,0.829382,0.3,0.243267,0.841276,0.3,0.226554,0,0,0,242,0.931856,0.3,0.728999,0.0909091,0.119835,119.9,0,231.54,-44.1692,51.0158,730.11,774.53,190.92,-49.5376,49.4101,270.8,595.62,0,0,0,0,0
neuromorpho__Fig2a_cell5_141009_2og.swc,7949,interneuron,0.997748,6946,1002,0,0,0,0,0,0,0,0,0,0,0,0.996192,0.0488848,0.3,0.999596,0.999596,0.999596,0.999596,0.00490628,0.00490628,0.00490628,0.00490628,0.00490628,0.995668,0.999596,0.00561474,0.999824,0.999824,0,0,0,0,463,0.999177,0.3,0.999596,0,0,40,0,125.34,16.2521,20.2784,352.67,391.86,44.73,0.610539,10.0474,136.97,243.26,0,0,0,0,0
neuromorpho__Fig4A331co2_NL_50mu.swc,2633,interneuron,0.85764,2186,446,0,0,0,0,0,0,0,0,0,0,0,0.38292,0.226162,0.3,0.3,0.3,0.3,0.3,0.881504,0.881504,0.881504,0.881504,0.881504,0.323363,0.3,0.966606,0.673449,0.3,0.466368,0,0,0,106,0.362641,0.3,0.3,0.90566,0.915094,62,0,0,0,0,1137.07,2326.6,0,0,0,180.73,314.1,0,0,0,0,0
neuromorpho__Fig4C443co4_top_NL_50mu.swc,1146,interneuron,0.8999,617,528,0,0,0,0,0,0,0,0,0,0,0,0.791341,0.317835,0.3,0.3,0.3,0.3,0.999596,0.294939,0.294939,0.294939,0.294939,0.294939,0.716942,0.3,0.398703,0.877885,0.3,0.174242,0,0,0,51,0.792595,0.3,0.3,0.27451,0.313725,59,0,0,0,0,559.76,647.11,0,0,0,287.92,516.07,0,0,0,0,0
neuromorpho__Fig5a_4cell.swc,1857,pyramidal,0.977807,1086,770,0,0,0,0,0,0,0,0,0,0,0,0.678341,0.269002,0.3,0.419498,0.423604,0.44554,0.478593,0.584814,0.584814,0.584814,0.584814,0.584814,0.452353,0.419498,1,0.996653,0.996653,0,0,0,0,85,0.73172,0.3,0.42487,0.482353,0.482353,47,0,314.99,14.8967,61.5337,342.18,189.17,144.09,6.29591,24.993,171.87,152.97,0,0,0,0,0
neuromorpho__Fig5a_8cell.swc,1930,pyramidal,0.662849,0,870,1059,0,0,0,0,0,0,0,0,0,0,0.984201,0.0666035,0.3,0.985786,0.985786,0.985786,0.985786,0.00932642,0.00932642,0.00932642,0.00932642,0.00932642,0,0,0,0.983041,0.996653,0.0195402,0.985139,0.985786,0.000944287,45,0.98823,0.3,0.985786,0,0,92,0,0,0,0,0,0,182.45,-15.1949,44.032,313.18,217.61,168.15,-32.1073,37.0423,213.88,447.74
neuromorpho__Fresh-2-2.swc,3304,pyramidal,0.992343,0,3303,0,0,0,0,0,0,0,0,0,0,0,0.996654,5.8215e-05,0.996653,0.996653,0.996653,0.996653,0.996653,0,0,0,0,0,0,0,0,0.996653,0.996653,0,0,0,0,19,0.996829,0.996653,0.996653,0,0,391.2,0,0,0,0,0,0,0,0,0,27.53,76.87,0,0,0,0,0
neuromorpho__Fresh-3-1.swc,5612,pyramidal,0.994793,0,5611,0,0,0,0,0,0,0,0,0,0,0,0.996654,4.46707e-05,0.996653,0.996653,0.996653,0.996653,0.996653,0,0,0,0,0,0,0,0,0.996653,0.996653,0,0,0,0,38,0.996741,0.996653,0.996653,0,0,300.6,0,0,0,0,0,0,0,0,0,46.46,87.53,0,0,0,0,0
neuromorpho__Fresh-8-2.swc,2614,pyramidal,0.992335,0,2613,0,0,0,0,0,0,0,0,0,0,0,0.996655,6.54462e-05,0.996653,0.996653,0.996653,0.996653,0.996653,0,0,0,0,0,0,0,0,0.996653,0.996653,0,0,0,0,24,0.996793,0.996653,0.996653,0,0,290.9,0,0,0,0,0,0,0,0,0,25.8,52.7,0,0,0,0,0
neuromorpho__Fresh-D4-Phall-Tau-Map2-16.swc,2045,pyramidal,0.99472,0,2044,0,0,0,0,0,0,0,0,0,0,0,0.996655,7.39891e-05,0.996653,0.996653,0.996653,0.996653,0.996653,0,0,0,0,0,0,0,0,0.996653,0.996653,0,0,0,0,33,0.996755,0.996653,0.996653,0,0,111.8,0,0,0,0,0,0,0,0,0,30.67,71.39,0,0,0,0,0
neuromorpho__Fresh-D4-Phall-Tau-Map2-5.swc,866,pyramidal,0.996246,0,865,0,0,0,0,0,0,0,0,0,0,0,0.996657,0.000113661,0.996653,0.996653,0.996653,0.996653,0.996653,0,0,0,0,0,0,0,0,0.996653,0.996653,0,0,0,0,13,0.996911,0.996653,0.996653,0,0,126.2,0,0,0,0,0,0,0,0,0,16.52,27.75,0,0,0,0,0
neuromorpho__Fresh-D4-Phall-Tau-Map2-9.swc,2829,pyramidal,0.994556,279,2549,0,0,0,0,0,0,0,0,0,0,0,0.962605,0.102938,0.651403,0.651403,0.996653,0.996653,0.996653,0,0,0.0986214,0.0986214,0.0986214,0.651403,0.651403,1,0.996653,0.996653,0,0,0,0,33,0.986293,0.651403,0.996653,0.030303,0.030303,190,0,0,0,0,8.77,18.25,0,0,0,30.71,63.87,0,0,0,0,0
neuromorpho__Fresh-D4-Phall-Tau-Map2001-10.swc,2538,pyramidal,0.995207,0,2537,0,0,0,0,0,0,0,0,0,0,0,0.996655,6.64185e-05,0.996653,0.996653,0.996653,0.996653,0.996653,0,0,0,0,0,0,0,0,0.996653,0.996653,0,0,0,0,33,0.996755,0.996653,0.996653,0,0,97.6,0,0,0,0,0,0,0,0,0,35.93,50.53,0,0,0,0,0
neuromorpho__Fresh-D4-Phall-Tau-Map2001-11.swc,2008,pyramidal,0.990608,0,2007,0,0,0,0,0,0,0,0,0,0,0,0.996655,7.46673e-05,0.996653,0.996653,0.996653,0.996653,0.996653,0,0,0,0,0,0,0,0,0.996653,0.996653,0,0,0,0,27,0.996777,0.996653,0.996653,0,0,187,0,0,0,0,0,0,0,0,0,37.87,72.31,0,0,0,0,0
neuromorpho__Fresh-D4-Phall-Tau-Map2001-6.swc,521,pyramidal,0.994944,0,520,0,0,0,0,0,0,0,0,0,0,0,0.99666,0.000146482,0.996653,0.996653,0.996653,0.996653,0.996653,0,0,0,0,0,0,0,0,0.996653,0.996653,0,0,0,0,9,0.997025,0.996653,0.996653,0,0,100.6,0,0,0,0,0,0,0.05,0.00298077,0.0118386,10.85,29.57,0,0,0,0,0
neuromorpho__Fresh-D4-Phall-Tau-Map2001-7.swc,1200,pyramidal,0.994821,0,1199,0,0,0,0,0,0,0,0,0,0,0,0.996656,9.65715e-05,0.996653,0.996653,0.996653,0.996653,0.996653,0,0,0,0,0,0,0,0,0.996653,0.996653,0,0,0,0,19,0.996829,0.996653,0.996653,0,0,110.8,0,0,0,0,0,0,0,0,0,17.37,35.23,0,0,0,0,0
neuromorpho__Fresh-D4-Phall-Tau-Map2003-14.swc,1587,pyramidal,0.994061,0,1586,0,0,0,0,0,0,0,0,0,0,0,0.996655,8.39837e-05,0.996653,0.996653,0.996653,0.996653,0.996653,0,0,0,0,0,0,0,0,0.996653,0.996653,0,0,0,0,34,0.996752,0.996653,0.996653,0,0,123.4,0,0,0,0,0,0,0,0,0,14.32,55.69,0,0,0,0,0
neuromorpho__Fresh-D4-Phall-Tau-Map2003-22.swc,1048,pyramidal,0.99598,0,1047,0,0,0,0,0,0,0,0,0,0,0,0.996656,0.000103331,0.996653,0.996653,0.996653,0.996653,0.996653,0,0,0,0,0,0,0,0,0.996653,0.996653,0,0,0,0,16,0.996862,0.996653,0.996653,0,0,215,0,0,0,0,0,0,0,0,0,13.18,46.54,0,0,0,0,0
neuromorpho__Fresh-D4-Phall-Tau-Map2003-3.swc,1489,pyramidal,0.987862,0,1488,0,0,0,0,0,0,0,0,0,0,0,0.996656,8.67016e-05,0.996653,0.996653,0.996653,0.996653,0.996653,0,0,0,0,0,0,0,0,0.996653,0.996653,0,0,0,0,25,0.996787,0.996653,0.996653,0,0,102.8,0,0,0,0,0,0,0,0,0,22.48,32.25,0,0,0,0,0
neuromorpho__Fresh-D4-Phall-Tau-Map2003-6.swc,887,pyramidal,0.996102,0,886,0,0,0,0,0,0,0,0,0,0,0,0.996657,0.000112309,0.996653,0.996653,0.996653,0.996653,0.996653,0,0,0,0,0,0,0,0,0.996653,0.996653,0,0,0,0,12,0.996932,0.996653,0.996653,0,0,141.1,0,0,0,0,0,0,0,0,0,20.09,38.17,0,0,0,0,0
neuromorpho__Fresh-D4-Phall-Tau-Map2003-7.swc,1044,pyramidal,0.996339,0,1043,0,0,0,0,0,0,0,0,0,0,0,0.996656,0.000103529,0.996653,0.996653,0.996653,0.996653,0.996653,0,0,0,0,0,0,0,0,0.996653,0.996653,0,0,0,0,12,0.996932,0.996653,0.996653,0,0,173,0,0,0,0,0,0,0,0,0,17.65,27.32,0,0,0,0,0
neuromorpho__Fresh-D4-Phall-Tau-Map2004-10.swc,2358,pyramidal,0.989706,0,2357,0,0,0,0,0,0,0,0,0,0,0,0.996655,6.89059e-05,0.996653,0.996653,0.996653,0.996653,0.996653,0,0,0,0,0,0,0,0,0.996653,0.996653,0,0,0,0,37,0.996744,0.996653,0.996653,0,0,157.2,0,0,0,0,0,0,0,0,0,29.52,75.2,0,0,0,0,0
neuromorpho__Fresh-D4-Phall-Tau-Map2004-12.swc,995,pyramidal,0.995807,0,994,0,0,0,0,0,0,0,0,0,0,0,0.996657,0.000106045,0.996653,0.996653,0.996653,0.996653,0.996653,0,0,0,0,0,0,0,0,0.996653,0.996653,0,0,0,0,16,0.996862,0.996653,0.996653,0,0,98,0,0,0,0,0,0,0,0,0,15.43,34.62,0,0,0,0,0
neuromorpho__Fresh-D4-Phall-Tau-Map2004-3.swc,1470,pyramidal,0.995325,0,1469,0,0,0,0,0,0,0,0,0,0,0,0.996656,8.72598e-05,0.996653,0.996653,0.996653,0.996653,0.996653,0,0,0,0,0,0,0,0,0.996653,0.996653,0,0,0,0,31,0.996761,0.996653,0.996653,0,0,89,0,0,0,0,0,0,0,0,0,18.46,34.32,0,0,0,0,0
neuromorpho__Fresh-D4-Phall-Tau-Map2005-3.swc,1159,pyramidal,0.996442,0,1158,0,0,0,0,0,0,0,0,0,0,0,0.996656,9.82633e-05,0.996653,0.996653,0.996653,0.996653,0.996653,0,0,0,0,0,0,0,0,0.996653,0.996653,0,0,0,0,19,0.996829,0.996653,0.996653,0,0,122.4,0,0,0,0,0,0,0,0,0,20.95,30.64,0,0,0,0,0
neuromorpho__Fresh-D4-Phall-Tau-Map2009-6.swc,3148,pyramidal,0.994137,0,3147,0,0,0,0,0,0,0,0,0,0,0,0.996654,5.96395e-05,0.996653,0.996653,0.996653,0.996653,0.996653,0,0,0,0,0,0,0,0,0.996653,0.996653,0,0,0,0,38,0.996741,0.996653,0.996653,0,0,221.1,0,0,0,0,0,0,0,0,0,33.38,57.75,0,0,0,0,0
neuromorpho__Fresh-D4-Sholl-Exp-3001-4.swc,1552,pyramidal,0.996103,0,1551,0,0,0,0,0,0,0,0,0,0,0,0.996655,8.49248e-05,0.996653,0.996653,0.996653,0.996653,0.996653,0,0,0,0,0,0,0,0,0.996653,0.996653,0,0,0,0,15,0.996876,0.996653,0.996653,0,0,250.6,0,0,0,0,0,0,0,0,0,26.41,73.55,0,0,0,0,0
neuromorpho__Fresh-D4-Sholl-Exp-3003-2.swc,354,pyramidal,0.994545,0,353,0,0,0,0,0,0,0,0,0,0,0,0.996663,0.000177625,0.996653,0.996653,0.996653,0.996653,0.996653,0,0,0,0,0,0,0,0,0.996653,0.996653,0,0,0,0,5,0.997323,0.996653,0.996653,0,0,165.6,0,0,0,0,0,0,0,0,0,9.78,21.34,0,0,0,0,0
neuromorpho__Fresh-D4-Sholl-Exp-3003-8.swc,1107,pyramidal,0.995832,0,1106,0,0,0,0,0,0,0,0,0,0,0,0.996656,0.000100543,0.996653,0.996653,0.996653,0.996653,0.996653,0,0,0,0,0,0,0,0,0.996653,0.996653,0,0,0,0,11,0.996958,0.996653,0.996653,0,0,178,0,0,0,0,0,0,0,0,0,11.38,60.78,0,0,0,0,0
neuromorpho__Fresh-D4-Sholl-Exp-3005-5.swc,1699,pyramidal,0.996168,0,1698,0,0,0,0,0,0,0,0,0,0,0,0.996655,8.11701e-05,0.996653,0.996653,0.996653,0.996653,0.996653,0,0,0,0,0,0,0,0,0.996653,0.996653,0,0,0,0,19,0.996829,0.996653,0.996653,0,0,174.4,0,0,0,0,0,0,0,0,0,21.66,54.07,0,0,0,0,0
neuromorpho__Fresh-D4-Sholl-Exp-3006-3.swc,1638,pyramidal,0.99526,0,1637,0,0,0,0,0,0,0,0,0,0,0,0.996655,8.26668e-05,0.996653,0.996653,0.996653,0.996653,0.996653,0,0,0,0,0,0,0,0,0.996653,0.996653,0,0,0,0,13,0.996911,0.996653,0.996653,0,0,417,0,0,0,0,0,0,0,0,0,17.97,89.49,0,0,0,0,0
neuromorpho__Fresh-D4-Sholl-Exp-3007-2.swc,596,pyramidal,0.996707,0,595,0,0,0,0,0,0,0,0,0,0,0,0.996659,0.000136972,0.996653,0.996653,0.996653,0.996653,0.996653,0,0,0,0,0,0,0,0,0.996653,0.996653,0,0,0,0,13,0.996911,0.996653,0.996653,0,0,97.8,0,0,0,0,0,0,0,0,0,17.76,22.07,0,0,0,0,0
neuromorpho__Fresh-D4-Sholl-Exp-3007-3.swc,932,pyramidal,0.995398,0,931,0,0,0,0,0,0,0,0,0,0,0,0.996657,0.000109567,0.996653,0.996653,0.996653,0.996653,0.996653,0,0,0,0,0,0,0,0,0.996653,0.996653,0,0,0,0,8,0.997072,0.996653,0.996653,0,0,222.3,0,0,0,0,0,0,0,0,0,16.56,41.34,0,0,0,0,0
neuromorpho__Fresh-D7-Sholl-Tau-RFP-MAP2001-1.swc,2359,pyramidal,0.996033,0,2358,0,0,0,0,0,0,0,0,0,0,0,0.996655,6.88913e-05,0.996653,0.996653,0.996653,0.996653,0.996653,0,0,0,0,0,0,0,0,0.996653,0.996653,0,0,0,0,46,0.996726,0.996653,0.996653,0,0,146.5,0,0,0,0,0,0,0,0,0,31.91,52.02,0,0,0,0,0
neuromorpho__Fresh-D7-Sholl-Tau-RFP-MAP2001-2.swc,1550,pyramidal,0.995855,0,1549,0,0,0,0,0,0,0,0,0,0,0,0.996655,8.49796e-05,0.996653,0.996653,0.996653,0.996653,0.996653,0,0,0,0,0,0,0,0,0.996653,0.996653,0,0,0,0,15,0.996876,0.996653,0.996653,0,0,270.6,0,0,0,0,0,0,0,0,0,28.78,51.31,0,0,0,0,0
neuromorpho__Fresh-D7-Sholl-Tau-RFP-MAP2002_crop-1.swc,1515,pyramidal,0.994877,0,1514,0,0,0,0,0,0,0,0,0,0,0,0.996655,8.59549e-05,0.996653,0.996653,0.996653,0.996653,0.996653,0,0,0,0,0,0,0,0,0.996653,0.996653,0,0,0,0,26,0.996782,0.996653,0.996653,0,0,105.5,0,0,0,0,0,0,0,0,0,14.18,54.93,0,0,0,0,0
neuromorpho__Fresh-D7-Sholl-Tau-RFP-MAP2003_crop-3.swc,1642,pyramidal,0.994164,0,1641,0,0,0,0,0,0,0,0,0,0,0,0.996655,8.25661e-05,0.996653,0.996653,0.996653,0.996653,0.996653,0,0,0,0,0,0,0,0,0.996653,0.996653,0,0,0,0,9,0.997025,0.996653,0.996653,0,0,399.6,0,0,0,0,0,0,0,0,0,18.37,97.3,0,0,0,0,0
neuromorpho__Fresh-D7-Sholl-Tau-RFP-MAP2005_crop-2.swc,4251,pyramidal,0.980675,0,4250,0,0,0,0,0,0,0,0,0,0,0,0.996654,5.13244e-05,0.996653,0.996653,0.996653,0.996653,0.996653,0,0,0,0,0,0,0,0,0.996653,0.996653,0,0,0,0,43,0.996731,0.996653,0.996653,0,0,226.6,0,0,0,0,0,0,0,0,0,33.17,86.94,0,0,0,0,0
neuromorpho__Fresh-D7-Sholl-Tau-RFP-MAP2006_crop-4.swc,1858,pyramidal,0.995843,0,1857,0,0,0,0,0,0,0,0,0,0,0,0.996655,7.76213e-05,0.996653,0.996653,0.996653,0.996653,0.996653,0,0,0,0,0,0,0,0,0.996653,0.996653,0,0,0,0,20,0.996821,0.996653,0.996653,0,0,220.9,0,0,0,0,0,0,0,0,0,33.18,47.72,0,0,0,0,0
neuromorpho__Fresh-D7-Sholl-Tau-RFP-MAP2006_crop.swc,5980,pyramidal,0.987098,0,5979,0,0,0,0,0,0,0,0,0,0,0,0.996654,4.32747e-05,0.996653,0.996653,0.996653,0.996653,0.996653,0,0,0,0,0,0,0,0,0.996653,0.996653,0,0,0,0,36,0.996746,0.996653,0.996653,0,0,354.5,0,0,0,0,0,0,0,0,0,91.57,163.05,0,0,0,0,0
neuromorpho__Fresh-D7-Sholl-Tau-RFP-MAP2007_crop-5.swc,3045,pyramidal,0.994325,0,3044,0,0,0,0,0,0,0,0,0,0,0,0.996654,6.06395e-05,0.996653,0.996653,0.996653,0.996653,0.996653,0,0,0,0,0,0,0,0,0.996653,0.996653,0,0,0,0,34,0.996752,0.996653,0.996653,0,0,187,0,0,0,0,0,0,0,0,0,32.74,60.05,0,0,0,0,0
neuromorpho__Fresh-D7-Sholl-Tau-RFP-MAP2014_crop-6.swc,2493,pyramidal,0.995814,0,2492,0,0,0,0,0,0,0,0,0,0,0,0.996655,6.7015e-05,0.996653,0.996653,0.996653,0.996653,0.996653,0,0,0,0,0,0,0,0,0.996653,0.996653,0,0,0,0,26,0.996782,0.996653,0.996653,0,0,213,0,0,0,0,0,0,0,0,0,39.48,43.63,0,0,0,0,0
neuromorpho__Fresh-D7-Sholl-Tau-RFP-MAP2015_crop-3.swc,3144,pyramidal,0.992741,0,3143,0,0,0,0,0,0,0,0,0,0,0,0.996654,5.96774e-05,0.996653,0.996653,0.996653,0.996653,0.996653,0,0,0,0,0,0,0,0,0.996653,0.996653,0,0,0,0,31,0.996761,0.996653,0.996653,0,0,204,0,0,0,0,0,0,0,0,0,54.47,71.72,0,0,0,0,0
neuromorpho__Fresh-D7-Sholl-Tau-RFP-MAP2015_crop-6.swc,1316,pyramidal,0.996754,0,1315,0,0,0,0,0,0,0,0,0,0,0,0.996656,9.22205e-05,0.996653,0.996653,0.996653,0.996653,0.996653,0,0,0,0,0,0,0,0,0.996653,0.996653,0,0,0,0,22,0.996805,0.996653,0.996653,0,0,107.2,0,0,0,0,0,0,0,0,0,22.42,43.93,0,0,0,0,0
neuromorpho__Fresh-D7-Sholl-Tau-RFP-MAP2015_crop.swc,2781,pyramidal,0.996173,0,2780,0,0,0,0,0,0,0,0,0,0,0,0.996654,6.34515e-05,0.996653,0.996653,0.996653,0.996653,0.996653,0,0,0,0,0,0,0,0,0.996653,0.996653,0,0,0,0,21,0.996813,0.996653,0.996653,0,0,420,0,0,0,0,0,0,0,0,0,30.37,63.31,0,0,0,0,0
neuromorpho__Fresh-Sholl-2-D7-Tau-LA-Map2001_crop-1.swc,1568,pyramidal,0.996127,0,1567,0,0,0,0,0,0,0,0,0,0,0,0.996655,8.44907e-05,0.996653,0.996653,0.996653,0.996653,0.996653,0,0,0,0,0,0,0,0,0.996653,0.996653,0,0,0,0,23,0.996799,0.996653,0.996653,0,0,149.8,0,0,0,0,0,0,0,0,0,24.32,44.38,0,0,0,0,0
neuromorpho__Fresh-Sholl-2-D7-Tau-LA-Map2006_crop.swc,3045,pyramidal,0.992004,0,3044,0,0,0,0,0,0,0,0,0,0,0,0.992643,0.00215289,0.985968,0.991004,0.991432,0.991437,0.991637,0,0,0,0,0,0,0,0,0.99264,0.991432,0,0,0,0,41,0.992011,0.985968,0.985968,0,0,173,0,0,0,0,0,0,0,0,0,79.62,205.69,0,0,0,0,0
neuromorpho__Fresh-Sholl-2-D7-Tau-LA-Map2008_crop.swc,4040,pyramidal,0.99186,0,4039,0,0,0,0,0,0,0,0,0,0,0,0.996654,5.26473e-05,0.996653,0.996653,0.996653,0.996653,0.996653,0,0,0,0,0,0,0,0,0.996653,0.996653,0,0,0,0,77,0.996697,0.996653,0.996653,0,0,158,0,0,0,0,0,0,0.11,0.00413964,0.0209338,28.84,64.85,0,0,0,0,0
neuromorpho__Fresh-Sholl-2-D7-Tau-LA-Map2012_crop.swc,1969,pyramidal,0.995445,0,1968,0,0,0,0,0,0,0,0,0,0,0,0.996655,7.54028e-05,0.996653,0.996653,0.996653,0.996653,0.996653,0,0,0,0,0,0,0,0,0.996653,0.996653,0,0,0,0,24,0.996793,0.996653,0.996653,0,0,243.7,0,0,0,0,0,0,0,0,0,34.95,57.83,0,0,0,0,0
neuromorpho__Fresh-Sholl-2-D7-Tau-LA-Map2015_crop.swc,2627,pyramidal,0.989314,0,2626,0,0,0,0,0,0,0,0,0,0,0,0.996655,6.52842e-05,0.996653,0.996653,0.996653,0.996653,0.996653,0,0,0,0,0,0,0,0,0.996653,0.996653,0,0,0,0,53,0.996716,0.996653,0.996653,0,0,120.6,0,0,0,0,0,0,0,0,0,27.71,51.4,0,0,0,0,0
neuromorpho__G7-19.swc,253,pyramidal,0.894824,0,144,108,0,0,0,0,0,0,0,0,0,0,0.920451,0.172317,0.3,0.3,0.827277,0.985291,0.985692,0.0632411,0.0632411,0.0632411,0.0632411,0.229249,0,0,0,0.947252,0.827277,0,0.883981,0.3,0.148148,24,0.97786,0.3,0.985291,0,0,27.6,0,0,0,0,0,0,72.48,7.07681,22.7033,47.3,97.6,36.63,15.4005,8.87253,38.79,226.98
neuromorpho__GGB-01-10-2019-2-R532.swc,78363,interneuron,0.997373,69441,8921,0,0,0,0,0,0,0,0,0,0,0,0.978073,0.120761,0.3,0.999596,0.999596,0.999596,0.999596,0.0307415,0.0307415,0.0307415,0.0307415,0.0307415,0.996885,0.999596,0.00381619,0.831634,0.3,0.240332,0,0,0,1231,0.996512,0.3,0.999596,0.00406174,0.00487409,149,0,119.96,-16.1246,22.4449,597.49,640.66,57.99,-10.4101,12.8141,407.81,766.44,0,0,0,0,0
neuromorpho__GGB-7-24-15-1R.swc,24074,interneuron,0.997699,21590,2483,0,0,0,0,0,0,0,0,0,0,0,0.999189,0.00297223,0.956911,0.999596,0.999596,0.999596,0.999596,0,0,0,0,0,0.999116,0.999596,0,0.999824,0.999824,0,0,0,0,1753,0.99903,0.956911,0.999596,0,0,33,-0.103333,84.99,-7.75243,15.034,437.77,403.89,45.99,0.419258,8.60002,299.56,202.67,0,0,0,0,0
neuromorpho__Gad2-IRES-Cre_Ai14-324791-03-02-02_648138988_m.swc,9203,interneuron,0.997768,8287,915,0,0,0,0,0,0,0,0,0,0,0,0.982585,0.105883,0.3,0.986406,0.999596,0.999596,0.999596,0.0234706,0.0234706,0.0234706,0.0234706,0.0234706,0.98068,0.999596,0.0260649,0.999824,0.999824,0,0,0,0,346,0.994649,0.3,0.999596,0.00578035,0.00578035,55,0,173.26,-42.2999,35.2368,285.36,520.09,45.43,-1.62776,8.85782,132.58,196.34,0,0,0,0,0
neuromorpho__Green_19weeks_Neuron6.swc,116,interneuron,0.768057,0,115,0,0,0,0,0,0,0,0,0,0,0,0.99493,0.00958461,0.976165,0.976165,0.976165,0.999824,0.999824,0,0,0,0,0,0,0,0,0.994886,0.976165,0,0,0,0,18,0.997205,0.976165,0.992726,0,0,14.9,0,0,0,0,0,0,37.89,8.70626,12.0449,62.91,179.68,0,0,0,0,0
neuromorpho__Green_1week_Neuron2.swc,31,pyramidal,0.982074,0,30,0,0,0,0,0,0,0,0,0,0,0,0.914603,0.110864,0.765117,0.765117,0.765117,0.765117,0.996653,0,0,0,0.354839,0.354839,0,0,0,0.911756,0.765117,0,0,0,0,5,0.951015,0.765117,0.857731,0,0.2,10.6,0,0,0,0,0,0,3.35,1.527,0.926794,7.39,45.39,0,0,0,0,0
neuromorpho__Green_2w_Neuron7_add'l.swc,22,pyramidal,0.984999,15,6,0,0,0,0,0,0,0,0,0,0,0,0.785521,0.133151,0.573574,0.573574,0.573574,0.644181,0.856001,0,0.272727,0.272727,0.272727,0.954545,0.856001,0.856001,0,0.573574,0.573574,1,0,0,0,5,0.828316,0.573574,0.686545,0.2,0.2,7.8,0,3.52,-2.59067,0.97839,4.54,23.33,0.82,0.506667,0.275358,3.05,14.18,0,0,0,0,0
neuromorpho__Green_2weeks_Neuron11add'l.swc,30,pyramidal,0.992914,0,29,0,0,0,0,0,0,0,0,0,0,0,0.994576,0.00267606,0.991163,0.991163,0.991163,0.991637,0.996653,0,0,0,0,0,0,0,0,0.994389,0.991163,0,0,0,0,7,0.994965,0.991163,0.991447,0,0,7,0,0,0,0,0,0,2.08,-0.902759,0.47389,19.1,39.78,0,0,0,0,0
neuromorpho__Green_2weeks_Neuron9add'l.swc,34,pyramidal,0.70772,0,33,0,0,0,0,0,0,0,0,0,0,0,0.995981,0.00315918,0.983548,0.992066,0.996653,0.996653,0.996653,0,0,0,0,0,0,0,0,0.995859,0.996653,0,0,0,0,8,0.995433,0.983548,0.992722,0,0,7.1,0,0,0,0,0,0,7.72,-3.76182,2.23171,17.31,38.59,0,0,0,0,0
neuromorpho__Green_4weeks_Neuron1.swc,137,pyramidal,0.702247,86,50,0,0,0,0,0,0,0,0,0,0,0,0.962192,0.031675,0.856001,0.942006,0.947713,0.947713,0.947713,0,0,0,0,0.0364964,0.941717,0.947713,0,0.996653,0.996653,0,0,0,0,9,0.967351,0.856001,0.906545,0,0,36.6,0,3.46,1.74628,0.867931,23.25,175.28,0.78,0.2306,0.249226,24.17,77.07,0,0,0,0,0
neuromorpho__Green_4weeks_Neuron11_addl.swc,24,pyramidal,0.874184,0,23,0,0,0,0,0,0,0,0,0,0,0,0.991196,0.00185411,0.990146,0.990146,0.990315,0.990937,0.990937,0,0,0,0,0,0,0,0,0.990814,0.990258,0,0,0,0,4,0.992948,0.990146,0.990315,0,0,13.5,0,0,0,0,0,0,14.64,-9.4213,5.37662,14.42,74.82,0,0,0,0,0
neuromorpho__Green_4weeks_Neuron14.swc,36,pyramidal,0.882519,0,35,0,0,0,0,0,0,0,0,0,0,0,0.837927,0.0397141,0.783733,0.783733,0.783733,0.833772,0.850452,0,0,0,0.25,0.972222,0,0,0,0.833296,0.783733,0,0,0,0,3,0.878062,0.783733,0.797077,0,0.333333,22.6,0,0,0,0,0,0,12.33,2.02343,3.99665,7.02,53.84,0,0,0,0,0
neuromorpho__Green_4weeks_Neuron9.swc,48,pyramidal,0.927674,0,47,0,0,0,0,0,0,0,0,0,0,0,0.996723,0.000478,0.996653,0.996653,0.996653,0.996653,0.996653,0,0,0,0,0,0,0,0,0.996653,0.996653,0,0,0,0,6,0.997211,0.996653,0.996653,0,0,14.5,0,0,0,0,0,0,20.37,-8.06553,6.18388,6.78,55.4,0,0,0,0,0
neuromorpho__Green_6Weeks_Neuron4.swc,47,pyramidal,0.979272,0,46,0,0,0,0,0,0,0,0,0,0,0,0.996724,0.000482949,0.996653,0.996653,0.996653,0.996653,0.996653,0,0,0,0,0,0,0,0,0.996653,0.996653,0,0,0,0,13,0.996911,0.996653,0.996653,0,0,5.8,0,0,0,0,0,0,3.46,0.734783,0.887443,17.94,30.5,0,0,0,0,0
neuromorpho__Green_6weeks_Neuron2_addl.swc,73,pyramidal,0.838431,47,25,0,0,0,0,0,0,0,0,0,0,0,0.756999,0.148545,0.618638,0.618638,0.618638,0.618638,0.688664,0,0,0.589041,0.643836,0.643836,0.649606,0.618638,0.914894,0.949178,0.938416,0,0,0,0,14,0.77875,0.618638,0.630991,0.5,0.642857,10.1,0,14.09,0.71766,3.41017,31.86,73.56,2.65,-0.5196,0.736052,10.63,48.28,0,0,0,0,0
neuromorpho__Green_7-5weeks_Neuron3.swc,48,pyramidal,0.955929,0,47,0,0,0,0,0,0,0,0,0,0,0,0.995339,0.00215249,0.992226,0.992226,0.992226,0.992226,0.996653,0,0,0,0,0,0,0,0,0.99524,0.992226,0,0,0,0,8,0.995965,0.992226,0.992226,0,0,11.1,0,0,0,0,0,0,10.9,-0.495532,2.28337,17.33,117.58,0,0,0,0,0
neuromorpho__Green_7-5weeks_Neuron7.swc,94,pyramidal,0.800037,66,27,0,0,0,0,0,0,0,0,0,0,0,0.962362,0.0224162,0.947713,0.947713,0.947713,0.947713,0.947713,0,0,0,0,0,0.947764,0.947713,0,0.996653,0.996653,0,0,0,0,10,0.972602,0.947713,0.947713,0,0,18.4,0,25.11,1.39091,6.47418,9.18,208.31,15.95,-0.852222,3.9852,10.85,33.02,0,0,0,0,0
neuromorpho__Green_8weeks_Neuron9.swc,25,pyramidal,0.937768,0,24,0,0,0,0,0,0,0,0,0,0,0,0.996787,0.000655822,0.996653,0.996653,0.996653,0.996653,0.996653,0,0,0,0,0,0,0,0,0.996653,0.996653,0,0,0,0,4,0.99749,0.996653,0.996653,0,0,13.5,0,0,0,0,0,0,2.83,1.72958,0.692252,10.88,61.09,0,0,0,0,0
neuromorpho__Gunnersen_A12b3slice1LHS.swc,996,interneuron,0.377734,0,995,0,0,0,0,0,0,0,0,0,0,0,0.938946,0.00304659,0.937028,0.937028,0.937028,0.937028,0.937028,0,0,0,0,0,0,0,0,0.938885,0.937028,0,0,0,0,34,0.941095,0.937028,0.937028,0,0,74.3,0,0,0,0,0,0,62,-13.0209,14.1432,146.18,419.2,0,0,0,0,0
neuromorpho__Gunnersen_A14b4slice4RHS.swc,273,pyramidal,0.828636,0,272,0,0,0,0,0,0,0,0,0,0,0,0.996245,0.00143913,0.991432,0.991432,0.996653,0.996653,0.996653,0,0,0,0,0,0,0,0,0.996231,0.996653,0,0,0,0,22,0.996568,0.991432,0.996653,0,0,23.8,0,0,0,0,0,0,33.09,-1.97926,7.39844,62.86,155.95,0,0,0,0,0
neuromorpho__Gunnersen_A15b4slice4LHS.swc,159,pyramidal,0.881083,0,158,0,0,0,0,0,0,0,0,0,0,0,0.94016,0.0932424,0.784554,0.784554,0.784554,0.784554,0.996653,0,0,0,0.264151,0.264151,0,0,0,0.939782,0.784554,0,0,0,0,9,0.972394,0.784554,0.95022,0,0.111111,40.4,0,0,0,0,0,0,27.52,10.663,5.88249,122.71,121.28,0,0,0,0,0
neuromorpho__Gunnersen_A3b1slice5RHS.swc,1715,pyramidal,0.770736,357,1357,0,0,0,0,0,0,0,0,0,0,0,0.91452,0.177984,0.3,0.547613,0.720309,0.996653,0.996653,0.0483965,0.051312,0.0938776,0.208163,0.208163,0.602858,0.3,0.45098,0.99645,0.996653,0,0,0,0,57,0.942271,0.3,0.720309,0.0877193,0.157895,62.4,0,31.66,10.4467,9.01255,118.74,322.06,44.48,8.95491,11.4903,217.96,325.53,0,0,0,0,0
neuromorpho__Gunnersen_B15b4slice1RHS.swc,632,pyramidal,0.980882,357,274,0,0,0,0,0,0,0,0,0,0,0,0.78271,0.190003,0.549919,0.549919,0.58387,0.599166,0.668482,0,0.27057,0.564873,0.564873,0.564873,0.618023,0.549919,1,0.996492,0.996653,0,0,0,0,30,0.816198,0.549919,0.616691,0.5,0.5,48.3,-0.00333333,60.4,11.7899,12.3313,140.59,123.17,67.1,6.68592,17.9556,73.44,146.23,0,0,0,0,0
neuromorpho__Gunnersen_B15b4slice2RHS.swc,579,pyramidal,0.957088,23,555,0,0,0,0,0,0,0,0,0,0,0,0.994346,0.0113764,0.938416,0.996653,0.996653,0.996653,0.996653,0,0,0,0,0,0.938416,0.938416,0,0.996653,0.996653,0,0,0,0,31,0.994883,0.938416,0.996653,0,0,37,0,2.99,6.84957,1.24739,2.92,20.61,44.29,7.29342,10.5143,136.16,201.68,0,0,0,0,0
neuromorpho__Gunnersen_B17b5slice3RHS.swc,946,pyramidal,0.850394,28,917,0,0,0,0,0,0,0,0,0,0,0,0.983708,0.0699721,0.583228,0.987549,0.992226,0.996653,0.996653,0,0.0295983,0.0295983,0.0295983,0.0295983,0.583228,0.583228,1,0.995918,0.992226,0,0,0,0,41,0.986055,0.583228,0.992226,0.0243902,0.0243902,44,0,6.63,7.21679,1.80626,33.15,2.66,51.35,-0.72145,11.8174,196.17,217.27,0,0,0,0,0
neuromorpho__Gunnersen_B3b1slice2LHS.swc,961,interneuron,0.572526,0,960,0,0,0,0,0,0,0,0,0,0,0,0.941054,0.00211992,0.940082,0.940082,0.940082,0.940082,0.940082,0,0,0,0,0,0,0,0,0.940993,0.940082,0,0,0,0,29,0.943091,0.940082,0.940082,0,0,86.2,0,0,0,0,0,0,33.13,4.59686,6.17359,154.81,177.87,0,0,0,0,0
neuromorpho__H17-06-003-11-03-03_694168884_m.swc,30285,interneuron,0.828058,24064,6220,0,0,0,0,0,0,0,0,0,0,0,0.817119,0.307203,0.3,0.3,0.3,0.3,0.999596,0.260855,0.260855,0.260855,0.260855,0.260855,0.845353,0.3,0.220454,0.707855,0.3,0.417203,0,0,0,413,0.904825,0.3,0.349824,0.130751,0.157385,172,0,139.74,-0.214003,23.181,1325.17,929.57,111.59,9.80599,22.5658,742.46,848.26,0,0,0,0,0
neuromorpho__H17-06-006-11-10-03_639632757_m.swc,8684,interneuron,0.978125,6283,2400,0,0,0,0,0,0,0,0,0,0,0,0.923917,0.217374,0.3,0.3,0.3,0.999596,0.999596,0.108245,0.108245,0.108245,0.108245,0.108245,0.956393,0.999596,0.0617539,0.838864,0.3,0.23,0,0,0,162,0.956351,0.3,0.999596,0.0617284,0.0617284,115,0,91.81,-1.13031,11.2305,227.34,618.45,77.7,6.22726,12.5491,243.97,468.98,0,0,0,0,0
neuromorpho__H17-06-013-12-03-01_681002938_m.swc,4016,interneuron,0.826585,3417,598,0,0,0,0,0,0,0,0,0,0,0,0.864447,0.276237,0.3,0.3,0.3,0.999596,0.999596,0.193227,0.193227,0.193227,0.193227,0.193227,0.848088,0.3,0.216564,0.957694,0.999824,0.0602007,0,0,0,60,0.93012,0.3,0.773518,0.1,0.116667,186.2,0,99.99,3.69986,20.1771,705.86,848.09,22.36,4.24465,4.15334,127.57,370.37,0,0,0,0,0
neuromorpho__HFF1_4125_neurobiotin.swc,4500,interneuron,0.969501,0,4499,0,0,0,0,0,0,0,0,0,0,0,0.526278,0.321845,0.3,0.3,0.3,0.3,0.3,0.669111,0.669111,0.669111,0.669111,0.669111,0,0,0,0.526173,0.3,0.66926,0,0,0,14,0.795303,0.3,0.3,0.285714,0.285714,1148.2,0,0,0,0,0,0,14.72,-2.41196,2.01843,49.12,568.32,0,0,0,0,0
neuromorpho__HIP_CA1_KO_13.swc,706,pyramidal,0.992998,457,248,0,0,0,0,0,0,0,0,0,0,0,0.715703,0.2121,0.3,0.508644,0.516236,0.536816,0.602304,0.00283286,0.470255,0.637394,0.647309,0.647309,0.562618,0.508644,0.984683,0.996653,0.996653,0,0,0,0,129,0.748369,0.3,0.536816,0.565891,0.596899,11,0,31.28,-5.99646,6.92639,191.39,333.01,34.41,-0.514718,8.77123,212.8,132.16,0,0,0,0,0
neuromorpho__HIP_CA1_KO_14.swc,656,pyramidal,0.979985,393,262,0,0,0,0,0,0,0,0,0,0,0,0.663489,0.273029,0.410397,0.424115,0.424115,0.427149,0.466884,0.591463,0.599085,0.599085,0.599085,0.599085,0.440523,0.424115,1,0.996653,0.996653,0,0,0,0,99,0.620974,0.410397,0.424115,0.676768,0.676768,12.2,0,28.17,-4.15763,8.01832,174.77,292.85,28.17,-6.94004,7.38599,201.14,249.55,0,0,0,0,0
neuromorpho__HIP_CA1_KO_17.swc,1047,pyramidal,0.98954,563,483,0,0,0,0,0,0,0,0,0,0,0,0.80111,0.17682,0.561865,0.59508,0.610207,0.633051,0.692635,0,0.0592168,0.534862,0.546323,0.553964,0.640514,0.59508,0.994671,0.987894,0.988575,0,0,0,0,150,0.776184,0.561865,0.604018,0.6,0.613333,14,0,22.91,-1.28396,6.07798,228.74,316.58,21.91,0.648033,6.13447,214.91,278.75,0,0,0,0,0
neuromorpho__HIP_CA1_KO_19.swc,624,pyramidal,0.993094,0,258,365,0,0,0.584936,0.584936,0.0333978,0,-0.584936,0.584936,0.584936,0,0.810578,0.17779,0.519161,0.541879,0.549799,0.606266,0.806591,0,0.235577,0.258013,0.439103,0.584936,0,0,0,0.996653,0.996653,0,0.678533,0.546952,0.441096,85,0.797074,0.519161,0.551438,0.270588,0.458824,15,0,0,0,0,0,0,21.91,-0.0572481,5.05271,222.85,146.09,21.91,-0.846685,5.63683,188.51,260.43
neuromorpho__HIP_CA1_KO_20.swc,538,pyramidal,0.991417,0,246,291,0,0,0,0,0.0730749,0,0,0,0,0,0.903731,0.100849,0.707887,0.746153,0.753381,0.820833,0.985786,0,0,0,0.144981,0.447955,0,0,0,0.911198,0.742708,0,0.897087,0.814883,0,80,0.918631,0.707887,0.756844,0,0.125,12.1,0,0,0,0,0,0,18.78,-3.4828,6.48936,154.08,120.45,18.78,-1.68722,6.31429,109.65,276.04
neuromorpho__HIP_CA1_KO_4.swc,445,pyramidal,0.971215,0,202,242,0,0,0,0,0,0,0,0,0,0,0.805019,0.182936,0.475459,0.559175,0.591446,0.633438,0.748593,0.0269663,0.132584,0.433708,0.54382,0.54382,0,0,0,0.996653,0.996653,0,0.644254,0.559825,0.797521,70,0.78631,0.475459,0.572655,0.485714,0.585714,13.1,0,0,0,0,0,0,21.9,-3.79074,5.98291,208.32,101.42,21.79,-1.98302,6.62111,145.28,195.19
neuromorpho__HIP_CA1_KO_7.swc,322,pyramidal,0.983196,0,321,0,0,0,0,0,0,0,0,0,0,0,0.996664,0.000186216,0.996653,0.996653,0.996653,0.996653,0.996653,0,0,0,0,0,0,0,0,0.996653,0.996653,0,0,0,0,59,0.99671,0.996653,0.996653,0,0,11,0,0,0,0,0,0,15.64,-2.2981,4.51376,176.62,422.91,0,0,0,0,0
neuromorpho__HIP_CA1_KO_8.swc,315,pyramidal,0.972606,0,314,0,0,0,0,0,0,0,0,0,0,0,0.996664,0.000188267,0.996653,0.996653,0.996653,0.996653,0.996653,0,0,0,0,0,0,0,0,0.996653,0.996653,0,0,0,0,58,0.996711,0.996653,0.996653,0,0,12,0,0,0,0,0,0,19.78,1.62669,6.05517,141.65,311.9,0,0,0,0,0
neuromorpho__HIP_CA1_WT_1.swc,440,pyramidal,0.987829,0,439,0,0,0,0,0,0,0,0,0,0,0,0.99499,0.0021579,0.992226,0.992226,0.992226,0.992226,0.996653,0,0,0,0,0,0,0,0,0.994979,0.992226,0,0,0,0,78,0.994936,0.992226,0.992226,0,0,11.3,0,0,0,0,0,0,21.91,1.10993,6.17893,244.55,588.6,0,0,0,0,0
neuromorpho__HIP_CA1_WT_12.swc,331,pyramidal,0.994705,0,330,0,0,0,0,0,0,0,0,0,0,0,0.996596,0.00057162,0.992226,0.996653,0.996653,0.996653,0.996653,0,0,0,0,0,0,0,0,0.996586,0.996653,0,0,0,0,73,0.996638,0.992226,0.996653,0,0,8,0,0,0,0,0,0,25.01,-7.21603,6.22314,217.75,422.65,0,0,0,0,0
neuromorpho__HIP_CA1_WT_3.swc,299,pyramidal,0.96739,0,298,0,0,0,0,0,0,0,0,0,0,0,0.996664,0.000193222,0.996653,0.996653,0.996653,0.996653,0.996653,0,0,0,0,0,0,0,0,0.996653,0.996653,0,0,0,0,56,0.996713,0.996653,0.996653,0,0,10.5,0,0,0,0,0,0,21.91,1.63255,6.08379,162.75,369.13,0,0,0,0,0
neuromorpho__HIP_CA1_WT_8.swc,358,pyramidal,0.97913,0,357,0,0,0,0,0,0,0,0,0,0,0,0.729647,0.242623,0.377764,0.401803,0.419999,0.470853,0.680956,0.265363,0.421788,0.541899,0.578212,0.578212,0,0,0,0.72889,0.418628,0.543417,0,0,0,63,0.719351,0.377764,0.429571,0.539683,0.619048,12,0,0,0,0,0,0,27.88,10.433,5.53828,223.41,622.27,0,0,0,0,0
neuromorpho__Hcell13-set-2.swc,2107,interneuron,0.943887,0,2106,0,0,0,0,0,0,0,0,0,0,0,0.999824,3.83881e-06,0.999824,0.999824,0.999824,0.999824,0.999824,0,0,0,0,0,0,0,0,0.999824,0.999824,0,0,0,0,54,0.999827,0.999824,0.999824,0,0,81.1,0.5,0,0,0,0,0,28.18,-0.00280152,4.75166,57.85,90.81,0,0,0,0,0
neuromorpho__Hcell16-set-2.swc,3641,interneuron,0.987992,0,3640,0,0,0,0,0,0,0,0,0,0,0,0.999031,0.00425762,0.976165,0.999824,0.999824,0.999824,0.999824,0,0,0,0,0,0,0,0,0.999031,0.999824,0,0,0,0,146,0.999663,0.976165,0.999824,0,0,52.5,-1,0,0,0,0,0,21.4,1.90695,3.86787,47.1,103.68,0,0,0,0,0
neuromorpho__Hcell2.swc,3119,interneuron,0.950871,0,3118,0,0,0,0,0,0,0,0,0,0,0,0.999824,3.1554e-06,0.999824,0.999824,0.999824,0.999824,0.999824,0,0,0,0,0,0,0,0,0.999824,0.999824,0,0,0,0,82,0.999826,0.999824,0.999824,0,0,91.1,0,0,0,0,0,0,23.11,3.64882,4.73289,39.08,156.71,0,0,0,0,0
neuromorpho__Hcell7.swc,1551,interneuron,0.984041,0,1550,0,0,0,0,0,0,0,0,0,0,0,0.999824,4.47389e-06,0.999824,0.999824,0.999824,0.999824,0.999824,0,0,0,0,0,0,0,0,0.999824,0.999824,0,0,0,0,56,0.999827,0.999824,0.999824,0,0,62.5,0.125,0,0,0,0,0,18.5,-2.43709,3.96902,30.14,104.51,0,0,0,0,0
neuromorpho__Htr3a-Cre_NO152_Pvalb-T2A-Dre_Ai66-313949-04-02-01_671531778_m.swc,15218,interneuron,0.996808,12326,2891,0,0,0,0,0,0,0,0,0,0,0,0.998536,0.0277626,0.3,0.999596,0.999596,0.999596,0.999596,0.00157708,0.00157708,0.00157708,0.00157708,0.00157708,0.998404,0.999596,0.00170372,0.999098,0.999824,0.0010377,0,0,0,419,0.999402,0.3,0.999596,0,0,81,0,140.98,-30.0006,30.6767,485.29,560.46,86.33,-5.56508,13.5617,388.5,392.14,0,0,0,0,0
neuromorpho__I03192A.swc,2959,interneuron,0.419878,2220,738,0,0,0,0,0,0,0,0,0,0,0,0.593872,0.319304,0.3,0.3,0.3,0.3,0.3,0.541399,0.541399,0.541399,0.541399,0.541399,0.501097,0.3,0.685586,0.872401,0.3,0.108401,0,0,0,200,0.66938,0.3,0.3,0.42,0.465,30.1,0,1083.18,-179.069,236.864,1320.21,1727.02,376.19,-17.2403,69.8737,475.98,580.08,0,0,0,0,0
neuromorpho__I0319_5B.swc,1587,pyramidal,0.857816,1299,287,0,0,0,0,0,0,0,0,0,0,0,0.709991,0.340619,0.3,0.3,0.3,0.3,0.993021,0.408318,0.408318,0.408318,0.408318,0.408318,0.646479,0.3,0.498845,0.996442,0.996653,0,0,0,0,139,0.853942,0.3,0.3,0.223022,0.251799,27.4,0,605.95,-1.44156,102.272,489.09,1975.31,211.67,-13.6519,38.6432,228.09,295.07,0,0,0,0,0
neuromorpho__I03471.swc,2645,interneuron,0.489827,2323,321,0,0,0,0,0,0,0,0,0,0,0,0.511759,0.301953,0.3,0.3,0.3,0.3,0.3,0.670321,0.670321,0.670321,0.670321,0.670321,0.452092,0.3,0.763237,0.942031,0.942027,0,0,0,0,202,0.594939,0.3,0.3,0.549505,0.574257,29,0,1767.75,119.323,219.728,1097.51,1824.27,208.16,42.2957,44.1301,292.37,397.87,0,0,0,0,0
neuromorpho__I03485.swc,2436,interneuron,0.660927,1877,558,0,0,0,0,0,0,0,0,0,0,0,0.597171,0.345747,0.3,0.3,0.3,0.3,0.3,0.575123,0.575123,0.575123,0.575123,0.575123,0.494033,0.3,0.722429,0.943386,0.999824,0.0806452,0,0,0,188,0.704367,0.3,0.3,0.420213,0.446809,26.3,0,599.3,84.6131,116.358,1115.24,1400.12,374.96,-5.36444,73.2164,435.72,855.37,0,0,0,0,0
neuromorpho__I03539.swc,2326,pyramidal,0.844505,1874,451,0,0,0,0,0,0,0,0,0,0,0,0.702933,0.342606,0.3,0.3,0.3,0.3,0.993021,0.419604,0.419604,0.419604,0.419604,0.419604,0.632088,0.3,0.520811,0.996653,0.996653,0,0,0,0,147,0.812867,0.3,0.3,0.272109,0.306122,34,-0.13,389.22,-74.9718,78.8461,1310.6,1808.5,212.42,-23.0517,40.4479,286.2,389.4,0,0,0,0,0
neuromorpho__I5-16.swc,298,pyramidal,0.969508,0,233,64,0,0,0.214765,0.214765,0.0517337,-0.214765,0,0.214765,0.214765,0,0.932045,0.0989619,0.735121,0.753868,0.773191,0.827277,0.996653,0,0,0,0.214765,0.305369,0,0,0,0.977026,0.827277,0,0.767225,0.735121,0,38,0.924705,0.735121,0.75849,0,0.289474,14.2,0,0,0,0,0,0,85.2,4.14738,17.9392,33.95,123.73,41.74,-5.71109,8.53868,18.21,112.85
neuromorpho__I5-23.swc,288,pyramidal,0.97879,0,167,120,0,0,0,0,0,0,0,0,0,0,0.992137,0.00537099,0.985786,0.985786,0.985786,0.985786,0.996653,0,0,0,0,0,0,0,0,0.996653,0.996653,0,0.985786,0.985786,0,37,0.992926,0.985786,0.985786,0,0,15.8,0,0,0,0,0,0,45.62,-1.52874,9.11941,76.1,134.27,95.19,-38.4203,34.0799,59.82,229.71
neuromorpho__I5-28.swc,371,pyramidal,0.98956,0,259,111,0,0,0,0,0,0,0,0,0,0,0.993411,0.00498501,0.985786,0.985786,0.985786,0.985786,0.996653,0,0,0,0,0,0,0,0,0.996653,0.996653,0,0.985786,0.985786,0,43,0.993951,0.985786,0.985786,0,0,17.8,0,0,0,0,0,0,132.88,-4.30062,32.9935,70.45,79.24,65.94,2.58378,16.0988,64.91,173.95
neuromorpho__IF1_190301.swc,6044,interneuron,0.404272,5301,742,0,0,0,0,0,0,0,0,0,0,0,0.611993,0.306488,0.3,0.3,0.3,0.3,0.903535,0.490735,0.490735,0.490735,0.490735,0.490735,0.567782,0.3,0.55631,0.92732,0.942014,0.0229111,0,0,0,173,0.737766,0.3,0.3,0.317919,0.346821,86,0,59.46,3.25236,8.75097,1318.54,1740.44,24.61,-0.958302,5.44736,233.16,426.63,0,0,0,0,0
neuromorpho__IF3_040400.swc,4893,pyramidal,0.729587,3997,895,0,0,0,0,0,0.00200951,0,0,0,0,0,0.682018,0.332889,0.3,0.3,0.3,0.3,0.993021,0.410587,0.469242,0.469242,0.474147,0.477212,0.657693,0.3,0.483863,0.790298,0.506613,0.404469,0,0,0,184,0.734419,0.3,0.3,0.413043,0.451087,55.4,0,45.06,-7.5492,8.06133,1211.19,1668.67,18.55,1.79523,3.13149,213.15,392.37,0,0,0,0,0
neuromorpho__IF4_140201.swc,4693,pyramidal,0.676065,3619,1073,0,0,0,0,0,0,0,0,0,0,0,0.675978,0.337276,0.3,0.3,0.3,0.3,0.99291,0.438952,0.438952,0.438952,0.491796,0.491796,0.598539,0.3,0.569218,0.936858,0.731243,0,0,0,0,158,0.822126,0.3,0.3,0.227848,0.35443,80.3,0.12,32.95,-6.17258,6.33717,1334.75,1658.89,16.67,-0.954007,2.5938,333.2,427.84,0,0,0,0,0
neuromorpho__I_1_39.swc,29675,interneuron,0.996811,24144,5530,0,0,0,0,0,0,0,0,0,0,0,0.985996,0.0966864,0.3,0.999596,0.999596,0.999596,0.999596,0.0194777,0.0194777,0.0194777,0.0194777,0.0194777,0.997524,0.999596,0.00294069,0.935663,0.999824,0.0916817,0,0,0,647,0.986081,0.3,0.999596,0.0185471,0.0200927,114,-0.611607,53.5,10.484,9.91746,401.29,533.09,67.5,8.58019,13.5276,465.64,545.39,0,0,0,0,0
neuromorpho__I_1_53.swc,25730,interneuron,0.997368,17835,7894,0,0,0,0,0,0,0,0,0,0,0,0.976781,0.122919,0.3,0.986406,0.999596,0.999596,0.999596,0.0319083,0.0319083,0.0319083,0.0319083,0.0319083,0.977685,0.999596,0.0301654,0.974735,0.999824,0.03585,0,0,0,734,0.98708,0.3,0.999596,0.0163488,0.0177112,97,-0.221154,77,14.8119,14.7185,541.14,468.56,61,10.7446,13.867,400.54,475.94,0,0,0,0,0
neuromorpho__I_1_65.swc,18241,interneuron,0.991357,12131,6109,0,0,0,0,0,0,0,0,0,0,0,0.985437,0.0987627,0.3,0.999596,0.999596,0.999596,0.999596,0.0203388,0.0203388,0.0203388,0.0203388,0.0203388,0.999594,0.999596,0,0.957323,0.999824,0.0607301,0,0,0,451,0.988798,0.3,0.999596,0.0133038,0.0133038,91,1.22565,126,1.24537,22.5854,372.69,397.72,170,22.9706,34.3917,333.94,474.76,0,0,0,0,0
neuromorpho__I_1_7.swc,15305,interneuron,0.995408,11311,3993,0,0,0,0,0,0,0,0,0,0,0,0.999131,0.00313843,0.979266,0.999596,0.999596,0.999596,0.999596,0,0,0,0,0,0.998887,0.999596,0,0.999824,0.999824,0,0,0,0,367,0.999458,0.979266,0.999596,0,0,101.8,0,60.51,23.4925,11.4177,245.67,185.46,57.5,7.31198,12.5375,151.81,304.47,0,0,0,0,0
neuromorpho__I_2_42.swc,52104,interneuron,0.997414,51084,1019,0,0,0,0,0,0,0,0,0,0,0,0.997178,0.0161192,0.3,0.972829,0.999596,0.999596,0.999596,0.000441425,0.000441425,0.000441425,0.000441425,0.000441425,0.997125,0.986406,0.000450239,0.999824,0.999824,0,0,0,0,1401,0.998315,0.3,0.999596,0,0,98,-0.676923,120.8,34.7544,25.0581,435.79,631.89,92,31.793,26.5946,98.24,184.78,0,0,0,0,0
neuromorpho__I_2_8.swc,22241,interneuron,0.988502,17320,4920,0,0,0,0,0,0,0,0,0,0,0,0.633313,0.349422,0.3,0.3,0.3,0.3,0.3,0.523583,0.523583,0.523583,0.523583,0.523583,0.676134,0.3,0.462356,0.482495,0.3,0.739228,0,0,0,419,0.667799,0.3,0.3,0.479714,0.4821,123.4,1.28185,369.48,106.468,78.6939,769.79,840.79,220,30.804,45.2132,735.79,1180.79,0,0,0,0,0
neuromorpho__J31a.swc,5997,interneuron,0.943955,3528,2468,0,0,0,0,0,0,0,0,0,0,0,0.879183,0.248178,0.3,0.3,0.3,0.971132,0.986406,0.154077,0.154077,0.154077,0.154077,0.175421,0.810821,0.3,0.238946,0.976855,0.999824,0.0328201,0,0,0,218,0.866671,0.3,0.3,0.178899,0.183486,75.3,-3.45714,343.96,67.7905,69.0202,396.51,688.94,290.77,-137.639,75.6081,333.24,685.87,0,0,0,0,0
neuromorpho__Jul26-IR2-2F.swc,889,pyramidal,0.993107,0,550,338,0,0,0,0,0,0,0,0,0,0,0.992525,0.00527944,0.985786,0.985786,0.985786,0.985786,0.996653,0,0,0,0,0,0,0,0,0.996653,0.996653,0,0.985786,0.985786,0,67,0.992324,0.985786,0.985786,0,0,29.4,0,0,0,0,0,0,68.27,-9.89855,11.2642,249.08,196.16,72.88,-2.74636,13.389,239.54,448.07
neuromorpho__Jul26-IR2-2H.swc,1889,interneuron,0.441896,0,1888,0,0,0,0,0,0,0,0,0,0,0,0.895098,0.0188048,0.887485,0.887485,0.887485,0.887485,0.887485,0,0,0,0,0.858126,0,0,0,0.895043,0.887485,0,0,0,0,52,0.908186,0.887485,0.887485,0,0,100.9,0,0,0,0,0,0,80.82,3.0768,15.1407,230.23,534.3,0,0,0,0,0
neuromorpho__Jul26-IR3-3E.swc,7172,pyramidal,0.98418,0,2842,4329,0,0,0,0,0,0,0,0,0,0,0.990094,0.00531638,0.985786,0.985786,0.985786,0.985786,0.985786,0,0,0,0,0,0,0,0,0.996653,0.996653,0,0.985786,0.985786,0,187,0.990918,0.985786,0.985786,0,0,102,0,0,0,0,0,0,81.18,-1.44944,14.8135,250.34,133.53,104.94,-3.43759,16.7417,285.45,309.69
neuromorpho__Jul26IR4e-40x-low-MM.swc,3666,pyramidal,0.738014,0,1403,2262,0,0,0,0,0,0,0,0,0,0,0.977882,0.0905105,0.3,0.985786,0.985786,0.985786,0.985786,0.0174577,0.0174577,0.0174577,0.0174577,0.0174577,0,0,0,0.980764,0.996653,0.0228083,0.976084,0.985786,0.0141468,64,0.988062,0.3,0.985786,0,0,133.2,0,0,0,0,0,0,87.86,-17.9864,20.0028,217.19,205.48,60.08,-14.8459,11.1199,221.1,424.35
neuromorpho__Jun1IR2h.swc,1972,pyramidal,0.949028,2,1073,896,0,0,0,0,0,0,0,0,0,0,0.98775,0.0461053,0.3,0.985786,0.985786,0.985786,0.996653,0.0040568,0.0040568,0.0040568,0.0040568,0.0121704,0.8273,0.8273,0,0.991459,0.996653,0.00745573,0.983653,0.985786,0,60,0.986773,0.3,0.985786,0,0,89.2,-6.89917,0.07,-4.89583,0.035,0.11,0.01,84.76,-2.25671,15.5761,271.72,295.47,68.17,-6.20865,12.254,178.72,416.14
neuromorpho__KO1-4-1-3.swc,421,interneuron,0.689095,48,372,0,0,0,0,0,0,0,0,0,0,0,0.975203,0.0717907,0.600985,0.766839,0.926606,0.993726,0.999824,0,0,0.0190024,0.0546318,0.0760095,0.849025,0.600985,0.166667,0.991418,0.993726,0,0,0,0,67,0.97618,0.600985,0.955746,0.0149254,0.0597015,16.4,0,11.5,-5.64583,4.36363,43.04,79.18,41.5,-6.68548,10.9709,172.39,216.86,0,0,0,0,0
neuromorpho__KO1-Neuron2.swc,48,pyramidal,0.722703,38,9,0,0,0,0,0,0,0,0,0,0,0,0.970921,0.0121478,0.964747,0.964747,0.964747,0.964747,0.964747,0,0,0,0,0,0.964747,0.964747,0,0.993761,0.990146,0,0,0,0,4,0.987886,0.964747,0.972366,0,0,28.1,0,16.86,-0.196053,5.30582,117.93,25.14,4.63,-1.15667,1.88157,15.46,9.01,0,0,0,0,0
neuromorpho__KO1-Neuron6.swc,25,pyramidal,0.802174,17,7,0,0,0,0,0,0,0,0,0,0,0,0.924125,0.0436812,0.856001,0.856001,0.856001,0.856001,0.947713,0,0,0,0,0.28,0.947713,0.947713,0,0.856001,0.856001,0,0,0,0,3,0.934571,0.856001,0.874344,0,0,15,0,36,12.8771,10.4575,32.07,63.19,9.06,-7.76571,3.17034,3.47,21.9,0,0,0,0,0
neuromorpho__KO2-neuron10.swc,106,interneuron,0.70981,30,75,0,0,0,0,0,0,0,0,0,0,0,0.971659,0.0448321,0.900302,0.900302,0.900302,0.900302,0.999824,0,0,0,0,0,0.900302,0.900302,0,0.999824,0.999824,0,0,0,0,6,0.983266,0.900302,0.950063,0,0,27,0,18.85,-17.7453,5.47417,5.89,63.28,8.4,-4.78853,3.15472,25.44,82.6,0,0,0,0,0
neuromorpho__KO2-neuron5_a.swc,107,pyramidal,0.752235,62,44,0,0,0,0,0,0,0,0,0,0,0,0.978031,0.0156185,0.964747,0.964747,0.964747,0.964747,0.964747,0,0,0,0,0,0.964747,0.964747,0,0.996251,0.996653,0,0,0,0,8,0.99253,0.964747,0.983982,0,0,29.1,0,17.19,-12.2763,6.06141,19.76,97.34,13.29,2.50955,5.5828,13.67,84.8,0,0,0,0,0
neuromorpho__KO4-5-1-6.swc,258,interneuron,0.395171,0,257,0,0,0,0,0,0,0,0,0,0,0,0.923188,0.0154971,0.910818,0.910818,0.910818,0.910818,0.910818,0,0,0,0,0,0,0,0,0.922889,0.910818,0,0,0,0,48,0.925226,0.910818,0.910818,0,0,10.3,0,0,0,0,0,0,23.5,1.91634,5.03295,64.42,184.77,0,0,0,0,0
neuromorpho__KO5-Neuron6.swc,45,pyramidal,0.99533,23,21,0,0,0,0,0,0,0,0,0,0,0,0.988947,0.00770075,0.981431,0.981431,0.981431,0.981431,0.981431,0,0,0,0,0,0.981431,0.981431,0,0.996653,0.996653,0,0,0,0,7,0.990608,0.981431,0.981431,0,0,11.6,0,0,0,0,16.23,42.82,0,0,0,12.21,20.45,0,0,0,0,0
neuromorpho__KOA-2-13-5.swc,469,pyramidal,0.871328,19,200,249,0,0,0,0,0.0472271,0,0,0,0,0,0.968988,0.0639465,0.679112,0.806574,0.932915,0.985786,0.985786,0,0,0.0234542,0.0511727,0.0511727,0.964076,0.964076,0,0.961937,0.731243,0.055,0.974902,0.933745,0,92,0.977321,0.679112,0.935644,0.0108696,0.0217391,11,0,12,-5.63158,5.03629,100.97,55.17,63.5,-3.78,16.4021,126.64,266.73,65.5,1.75502,15.1533,119.17,191.19
neuromorpho__KOA-3-2-9.swc,399,pyramidal,0.901795,0,271,127,0,0,0,0,0,0,0,0,0,0,0.983602,0.0416333,0.741995,0.969082,0.985786,0.985786,0.996653,0,0,0,0.0175439,0.0501253,0,0,0,0.982517,0.996653,0,0.985786,0.985786,0,60,0.981803,0.741995,0.985786,0,0.0333333,14.1,0,0,0,0,0,0,63.5,-18.1799,13.5953,190.67,245.81,80.5,-3.8878,18.6953,85.4,242.9
neuromorpho__L1R4_05_-390.swc,129,interneuron,0.591328,0,128,0,0,0,0,0,0,0,0,0,0,0,0.941905,0.00514214,0.941021,0.941021,0.941021,0.941399,0.941399,0,0,0,0,0,0,0,0,0.941451,0.941021,0,0,0,0,10,0.947258,0.941021,0.941021,0,0,23.6,0,0,0,0,0,0,28.99,4.22094,7.33302,99.21,199.55,0,0,0,0,0
neuromorpho__L1R4_06_-615.swc,155,interneuron,0.700883,0,154,0,0,0,0,0,0,0,0,0,0,0,0.999825,1.41111e-05,0.999824,0.999824,0.999824,0.999824,0.999824,0,0,0,0,0,0,0,0,0.999824,0.999824,0,0,0,0,17,0.999834,0.999824,0.999824,0,0,20.4,0,0,0,0,0,0,38.44,-1.31325,9.35051,98,165.48,0,0,0,0,0
neuromorpho__L1R4_07_-240.swc,133,interneuron,0.951614,0,132,0,0,0,0,0,0,0,0,0,0,0,0.989301,0.0851704,0.3,0.999824,0.999824,0.999824,0.999824,0.0150376,0.0150376,0.0150376,0.0150376,0.0150376,0,0,0,0.98922,0.999824,0.0151515,0,0,0,10,0.996586,0.3,0.996569,0,0,32.2,0,0,0,0,0,0,27.15,6.53144,7.04695,81.29,198.98,0,0,0,0,0
neuromorpho__L2R5_01_-550.swc,231,interneuron,0.95849,0,230,0,0,0,0,0,0,0,0,0,0,0,0.999825,1.15713e-05,0.999824,0.999824,0.999824,0.999824,0.999824,0,0,0,0,0,0,0,0,0.999824,0.999824,0,0,0,0,24,0.999831,0.999824,0.999824,0,0,19,0,0,0,0,0,0,15.11,-0.0925217,3.92864,94.66,139.74,0,0,0,0,0
neuromorpho__L2R5_01_-585.swc,384,interneuron,0.942678,0,383,0,0,0,0,0,0,0,0,0,0,0,0.999824,8.98255e-06,0.999824,0.999824,0.999824,0.999824,0.999824,0,0,0,0,0,0,0,0,0.999824,0.999824,0,0,0,0,28,0.99983,0.999824,0.999824,0,0,35.3,0,0,0,0,0,0,28.62,0.484648,4.83191,117.65,206.18,0,0,0,0,0
neuromorpho__L2R5_06_-360.swc,327,interneuron,0.837785,0,326,0,0,0,0,0,0,0,0,0,0,0,0.999824,9.73178e-06,0.999824,0.999824,0.999824,0.999824,0.999824,0,0,0,0,0,0,0,0,0.999824,0.999824,0,0,0,0,23,0.999831,0.999824,0.999824,0,0,32.6,0,0,0,0,0,0,23.61,-0.695736,5.92188,117.5,302.06,0,0,0,0,0
neuromorpho__L2R5_06_-525.swc,249,interneuron,0.77685,0,248,0,0,0,0,0,0,0,0,0,0,0,0.999824,1.1147e-05,0.999824,0.999824,0.999824,0.999824,0.999824,0,0,0,0,0,0,0,0,0.999824,0.999824,0,0,0,0,21,0.999832,0.999824,0.999824,0,0,17,0,0,0,0,0,0,36.32,4.03661,8.69328,109.6,221.08,0,0,0,0,0
neuromorpho__L2R5_07_-345.swc,181,interneuron,0.980522,0,180,0,0,0,0,0,0,0,0,0,0,0,0.999825,1.30644e-05,0.999824,0.999824,0.999824,0.999824,0.999824,0,0,0,0,0,0,0,0,0.999824,0.999824,0,0,0,0,18,0.999834,0.999824,0.999824,0,0,19,0,0,0,0,0,0,11.88,-1.44883,3.84576,86.11,116.8,0,0,0,0,0
neuromorpho__L3R4_01_-315.swc,194,interneuron,0.93926,0,193,0,0,0,0,0,0,0,0,0,0,0,0.999825,1.26214e-05,0.999824,0.999824,0.999824,0.999824,0.999824,0,0,0,0,0,0,0,0,0.999824,0.999824,0,0,0,0,17,0.999834,0.999824,0.999824,0,0,22.6,0,0,0,0,0,0,15.67,0.746062,2.73945,79.33,135.47,0,0,0,0,0
neuromorpho__L3R4_01_-525.swc,731,interneuron,0.414539,0,730,0,0,0,0,0,0,0,0,0,0,0,0.939252,0.00318033,0.937393,0.937393,0.937393,0.937393,0.937393,0,0,0,0,0,0,0,0,0.939169,0.937393,0,0,0,0,34,0.940595,0.937393,0.937393,0,0,56.5,0,0,0,0,0,0,24.68,-0.281973,5.42152,170.86,271.61,0,0,0,0,0
neuromorpho__L3R4_02_-240.swc,215,interneuron,0.851159,81,133,0,0,0,0,0,0,0,0,0,0,0,0.717057,0.204222,0.513514,0.513514,0.513514,0.513514,0.600985,0,0.260465,0.637209,0.637209,0.637209,0.600985,0.600985,1,0.78562,0.513514,0.421053,0,0,0,12,0.849045,0.513514,0.600985,0.333333,0.333333,52.2,0,1.91,1.72988,0.412144,34.27,68.41,6.56,0.670376,2.10064,36.02,96.54,0,0,0,0,0
neuromorpho__L3R4_03_-330.swc,311,interneuron,0.952845,0,310,0,0,0,0,0,0,0,0,0,0,0,0.999824,9.97819e-06,0.999824,0.999824,0.999824,0.999824,0.999824,0,0,0,0,0,0,0,0,0.999824,0.999824,0,0,0,0,20,0.999833,0.999824,0.999824,0,0,31.4,0,0,0,0,0,0,35.18,-2.77448,7.73632,101.59,101.93,0,0,0,0,0
neuromorpho__L3R4_05_-240.swc,380,interneuron,0.948106,0,379,0,0,0,0,0,0,0,0,0,0,0,0.999824,9.02958e-06,0.999824,0.999824,0.999824,0.999824,0.999824,0,0,0,0,0,0,0,0,0.999824,0.999824,0,0,0,0,22,0.999832,0.999824,0.999824,0,0,47.6,0,0,0,0,0,0,27.32,-1.39385,5.96661,58.73,130.16,0,0,0,0,0
neuromorpho__L3R4_05_-300.swc,851,interneuron,0.75375,0,850,0,0,0,0,0,0,0,0,0,0,0,0.990851,0.0117086,0.975174,0.975174,0.975174,0.976165,0.999824,0,0,0,0,0,0,0,0,0.99084,0.975174,0,0,0,0,26,0.996076,0.975174,0.975669,0,0,88,0,0,0,0,0,0,38.66,1.35934,6.05417,139.83,394.46,0,0,0,0,0
neuromorpho__L3R4_06_-150.swc,345,interneuron,0.984176,0,344,0,0,0,0,0,0,0,0,0,0,0,0.999824,9.47527e-06,0.999824,0.999824,0.999824,0.999824,0.999824,0,0,0,0,0,0,0,0,0.999824,0.999824,0,0,0,0,11,0.99984,0.999824,0.999824,0,0,50,0,0,0,0,0,0,10.36,0.666948,2.27778,82.12,145.81,0,0,0,0,0
neuromorpho__L3R4_06_-195.swc,423,interneuron,0.850932,0,422,0,0,0,0,0,0,0,0,0,0,0,0.999824,8.55948e-06,0.999824,0.999824,0.999824,0.999824,0.999824,0,0,0,0,0,0,0,0,0.999824,0.999824,0,0,0,0,25,0.999831,0.999824,0.999824,0,0,33.8,0,0,0,0,0,0,41.98,-2.4455,7.62906,87.35,121.29,0,0,0,0,0
neuromorpho__L3R4_06_-450.swc,287,interneuron,0.983494,0,286,0,0,0,0,0,0,0,0,0,0,0,0.999824,1.03856e-05,0.999824,0.999824,0.999824,0.999824,0.999824,0,0,0,0,0,0,0,0,0.999824,0.999824,0,0,0,0,18,0.999834,0.999824,0.999824,0,0,29.1,0,0,0,0,0,0,8.21,0.529825,2.15053,51.83,116.28,0,0,0,0,0
neuromorpho__L5FS4.swc,1660,interneuron,0.873749,0,1659,0,0,0,0,0,0,0,0,0,0,0,0.841731,0.29265,0.3,0.3,0.3,0.999824,0.999824,0.225904,0.225904,0.225904,0.225904,0.225904,0,0,0,0.841636,0.3,0.22604,0,0,0,21,0.892522,0.3,0.635095,0.142857,0.190476,152,0,0,0,0,0,0,137.04,29.1473,24.1544,277.52,538.13,0,0,0,0,0
neuromorpho__LES6-MUT-1117-Neuron-1.swc,813,pyramidal,0.970672,0,309,503,0,0,0,0,0,0,0,0,0,0,0.989852,0.00534914,0.985291,0.985671,0.985671,0.985671,0.985671,0,0,0,0,0,0,0,0,0.996653,0.996653,0,0.985654,0.985671,0,75,0.988905,0.985291,0.985588,0,0,20.6,0,0,0,0,0,0,74.55,5.54874,14.885,155.33,197.76,78.99,7.80596,15.9105,236.99,475.83
neuromorpho__LES6-WT-1204-neuron-1.swc,794,pyramidal,0.987097,0,382,411,0,0,0,0,0,0,0,0,0,0,0.991016,0.00542533,0.985786,0.985786,0.985786,0.985786,0.985786,0,0,0,0,0,0,0,0,0.996618,0.996653,0,0.985786,0.985786,0,68,0.989446,0.985786,0.985786,0,0,22.9,0,0,0,0,0,0,87.61,6.21537,16.2227,199.34,153.41,81.55,6.75526,15.0351,180.14,322.08
neuromorpho__LES6-mut-1203-neuron-2.swc,365,pyramidal,0.977321,15,181,168,0,0,0,0,0,0,0,0,0,0,0.834476,0.164878,0.60348,0.624946,0.646621,0.669821,0.80289,0,0,0.460274,0.460274,0.50137,0.80289,0.80289,0,0.996653,0.996653,0,0.661584,0.624946,1,46,0.806788,0.60348,0.633694,0.543478,0.543478,15,0,6.62,3.93067,1.82069,9.03,48.24,57.98,4.18182,13.1266,182.25,89.42,37.41,3.87649,8.56339,149.94,146.36
neuromorpho__Layer-2-3-Ethanol-18.swc,207,pyramidal,0.996683,0,87,119,0,0,0,0,0,0,0,0,0,0,0.990422,0.00539605,0.985786,0.985786,0.985786,0.985786,0.985786,0,0,0,0,0,0,0,0,0.996653,0.996653,0,0.985786,0.985786,0,36,0.990407,0.985786,0.985786,0,0,12.5,0,0,0,0,0,0,27,-11.2563,6.44743,153.37,95.31,88,3.29613,18.7189,180.4,196.54
neuromorpho__Layer-2-3-Ethanol-21.swc,459,pyramidal,0.988958,13,168,277,0,0,0,0,0,0,0,0,0,0,0.986149,0.0206292,0.868932,0.985786,0.985786,0.985786,0.985786,0,0,0,0,0.0283224,0.868932,0.868932,0,0.995735,0.988938,0,0.985786,0.985786,0,59,0.987231,0.868932,0.985786,0,0,16.6,0,2.98,-0.466923,0.839994,45.7,85.37,42.98,-0.0156548,10.4199,211.11,137.48,47.98,-1.19563,11.3254,166.63,219.28
neuromorpho__Layer-2-3-Ethanol-22.swc,460,pyramidal,0.990477,0,339,120,0,0,0,0,0.0109719,0,0,0,0,0,0.993366,0.00623327,0.966562,0.985786,0.985786,0.985786,0.996653,0,0,0,0,0,0,0,0,0.996653,0.996653,0,0.984024,0.985786,0,69,0.992486,0.966562,0.985786,0,0,14.2,0,0,0,0,0,0,79,-9.59478,14.1022,278.72,232.49,61.99,-5.38283,12.9364,126.76,255.81
neuromorpho__Layer-2-3-Ethanol-23.swc,183,pyramidal,0.991503,0,96,86,0,0,0,0,0,0,0,0,0,0,0.933837,0.129539,0.58575,0.598588,0.693926,0.985786,0.985786,0,0.0819672,0.163934,0.163934,0.163934,0,0,0,0.886611,0.598588,0.3125,0.985786,0.985786,0,41,0.957089,0.58575,0.985786,0.097561,0.097561,10,0,0,0,0,0,0,30,-14.6374,7.62012,102.48,61.27,32.21,6.18442,5.86627,102.71,193.69
neuromorpho__Layer-2-3-Ethanol-7.swc,345,pyramidal,0.974759,0,217,127,0,0,0,0,0,0,0,0,0,0,0.992663,0.00525163,0.985786,0.985786,0.985786,0.985786,0.996653,0,0,0,0,0,0,0,0,0.996653,0.996653,0,0.985786,0.985786,0,34,0.993875,0.985786,0.985786,0,0,20.4,0,0,0,0,0,0,44.02,6.10304,9.45379,188.43,200.49,42.97,6.21772,13.8138,231.14,195.82
neuromorpho__Layer-2-3-Sucrose-3.swc,202,pyramidal,0.971987,0,94,107,0,0,0,0,0.117527,0,0,0,0,0,0.982278,0.0175812,0.948325,0.954111,0.955956,0.956295,0.985786,0,0,0,0,0,0,0,0,0.996653,0.996653,0,0.969484,0.954111,0,36,0.986958,0.948325,0.956125,0,0,12,0,0,0,0,0,0,29.99,-0.0260638,8.30492,104.15,62.24,43.98,-2.30159,10.4185,130.33,151.75
neuromorpho__Layer-5-Ethanol-20.swc,332,pyramidal,0.99723,0,213,118,0,0,0,0,0,0,0,0,0,0,0.992801,0.00521216,0.985786,0.985786,0.985786,0.985786,0.996653,0,0,0,0,0,0,0,0,0.996653,0.996653,0,0.985786,0.985786,0,61,0.99368,0.985786,0.985786,0,0,12,0,0,0,0,0,0,54,3.61291,10.1384,196.44,154.2,62.99,-26.2485,14.159,135.59,429.91
neuromorpho__Layer-5-Ethanol-23.swc,332,pyramidal,0.991931,0,195,136,0,0,0,0,0,0,0,0,0,0,0.992212,0.00535563,0.985786,0.985786,0.985786,0.985786,0.996653,0,0,0,0,0,0,0,0,0.996653,0.996653,0,0.985786,0.985786,0,61,0.992254,0.985786,0.985786,0,0,10,0,0,0,0,0,0,83.97,-5.46754,19.191,250.46,177.83,45.99,-7.75169,8.42963,156.77,362.35
neuromorpho__Layer-5-Ethanol-3.swc,804,pyramidal,0.971924,26,215,562,0,0,0,0,0,0,0,0,0,0,0.951297,0.154958,0.3,0.3,0.985786,0.985786,0.985786,0.0534826,0.0534826,0.0534826,0.0534826,0.0534826,0.963042,0.963042,0,0.996653,0.996653,0,0.933315,0.985786,0.0765125,43,0.954603,0.3,0.985786,0.0465116,0.0465116,42.8,0,9.97,3.75615,3.77692,33.66,60.44,54.97,-5.9846,11.72,147.52,75.25,77.97,-10.0042,12.6161,231.17,477.38
neuromorpho__Layer-5-Ethanol-7.swc,1134,pyramidal,0.911863,0,553,580,0,0,0,0,0,0,0,0,0,0,0.833862,0.291215,0.3,0.3,0.3,0.985786,0.985786,0.229277,0.229277,0.229277,0.229277,0.229277,0,0,0,0.996653,0.996653,0,0.678363,0.3,0.448276,73,0.857684,0.3,0.3,0.191781,0.205479,31.6,0,0,0,0,0,0,68.99,-7.69669,12.8827,307.07,257.15,43.58,24.9341,9.76364,280.87,589.58
neuromorpho__Layer-5-Ethanol-8.swc,872,pyramidal,0.972047,0,265,606,0,0,0,0,0,0,0,0,0,0,0.98908,0.00498342,0.985786,0.985786,0.985786,0.985786,0.985786,0,0,0,0,0,0,0,0,0.99657,0.996653,0,0.985786,0.985786,0,59,0.989452,0.985786,0.985786,0,0,35.2,0,0,0,0,0,0,50.99,13.7735,12.1138,200.67,136.89,77.98,-22.0411,14.1094,170.28,539.36
neuromorpho__Layer-5-Sucrose-8.swc,782,pyramidal,0.926865,0,309,472,0,0,0,0,0,0,0,0,0,0,0.779475,0.31909,0.3,0.3,0.3,0.3,0.985679,0.306905,0.306905,0.306905,0.306905,0.306905,0,0,0,0.996324,0.996653,0,0.637045,0.3,0.508475,68,0.808796,0.3,0.3,0.264706,0.264706,24.3,0,0,0,0,0,0,46.34,0.526893,8.09146,162.14,108.95,44.42,-8.32305,6.88096,152.23,429.52
neuromorpho__Layer-6-Ethanol-15.swc,223,pyramidal,0.899231,0,99,123,0,0,0,0,0,0,0,0,0,0,0.808136,0.30249,0.3,0.3,0.3,0.3,0.985786,0.26009,0.26009,0.26009,0.26009,0.282511,0,0,0,0.987254,0.996653,0,0.662407,0.3,0.471545,23,0.854939,0.3,0.3,0.173913,0.217391,18.4,0,0,0,0,0,0,48.98,10.7799,12.0934,101.82,118.38,22.51,7.25122,6.29232,62.8,346.16
neuromorpho__Layer-6-Ethanol-16.swc,353,pyramidal,0.99174,0,243,109,0,0,0,0,0,0,0,0,0,0,0.854122,0.274601,0.3,0.3,0.3,0.985786,0.996653,0.189802,0.212465,0.212465,0.212465,0.212465,0,0,0,0.983548,0.996653,0.0329218,0.564245,0.3,0.614679,42,0.909452,0.3,0.563026,0.142857,0.142857,14.9,0,0,0,0,0,0,95.98,4.50082,13.6191,172.39,232.76,59.9,-33.7502,16.4785,110.19,634.25
neuromorpho__Layer-6-Ethanol-19.swc,187,pyramidal,0.98211,0,87,99,0,0,0,0,0,0,0,0,0,0,0.875957,0.253193,0.3,0.3,0.3,0.985786,0.985786,0.15508,0.15508,0.176471,0.176471,0.176471,0,0,0,0.978163,0.994882,0.045977,0.784887,0.3,0.292929,36,0.932008,0.3,0.792591,0.111111,0.111111,9.5,0,0,0,0,0,0,52.96,3.56736,10.8184,141.59,59.31,67.89,-17.8729,17.9422,120.5,575.7
neuromorpho__Layer-6-Ethanol-20.swc,223,pyramidal,0.991506,0,86,136,0,0,0,0,0.0528343,0,0,0,0,0,0.98701,0.0104186,0.961127,0.961127,0.964445,0.985786,0.985786,0,0,0,0,0,0,0,0,0.996138,0.992226,0,0.981142,0.961197,0,35,0.987743,0.961127,0.968337,0,0,12.2,0,0,0,0,0,0,27,4.39477,7.54152,133.14,98.56,85.81,-44.8899,23.6273,135.22,572.62
neuromorpho__Layer-6-Ethanol-22.swc,204,pyramidal,0.992722,0,92,111,0,0,0,0,0,0,0,0,0,0,0.990757,0.0054353,0.985786,0.985786,0.985786,0.985786,0.985786,0,0,0,0,0,0,0,0,0.996653,0.996653,0,0.985786,0.985786,0,38,0.990164,0.985786,0.985786,0,0,9.6,0,0,0,0,0,0,36.97,-2.79446,10.4165,153.95,131.1,50.08,-12.5156,13.6716,96.53,383.81
neuromorpho__Layer-6-Ethanol-5.swc,351,pyramidal,0.971277,0,209,141,0,0,0,0,0,0,0,0,0,0,0.992294,0.00534276,0.985671,0.985786,0.985786,0.985786,0.996653,0,0,0,0,0,0,0,0,0.996653,0.996653,0,0.985777,0.985786,0,25,0.99287,0.985671,0.985786,0,0,32.4,0,0,0,0,0,0,79.96,-3.61756,15.9884,130.79,83.55,58.98,-37.0604,13.0204,71.9,156.19
neuromorpho__Layer-6-Sucrose-14.swc,153,pyramidal,0.993578,7,95,50,0,0,0,0,0,0,0,0,0,0,0.945699,0.0677701,0.828027,0.828027,0.83524,0.891681,0.996653,0,0,0,0,0.372549,0.83524,0.83524,0,0.996374,0.996653,0,0.863796,0.828027,0,27,0.955372,0.828027,0.849285,0,0,10.2,0,12,22.2557,4.71212,2.84,50.8,42.98,4.41632,9.33336,136.41,94.91,50.72,-33.7554,14.4308,77.27,258.31
neuromorpho__Layer-6-Sucrose-2.swc,433,pyramidal,0.971377,0,174,258,0,0,0,0,0,0,0,0,0,0,0.989934,0.00524734,0.985786,0.985786,0.985786,0.985786,0.985786,0,0,0,0,0,0,0,0,0.996025,0.996653,0,0.985786,0.985786,0,31,0.989807,0.985786,0.985786,0,0,29,0,0,0,0,0,0,17.3,5.26103,3.7562,50.11,68.53,40.97,-1.68349,7.49894,113.05,188.15
neuromorpho__Layer-6-Sucrose-3.swc,703,pyramidal,0.957752,0,381,321,0,0,0,0,0,0,0,0,0,0,0.829026,0.247272,0.3,0.3,0.3,0.806591,0.996653,0.163585,0.163585,0.163585,0.163585,0.456615,0,0,0,0.996653,0.996653,0,0.629533,0.3,0.358255,37,0.845116,0.3,0.3,0.189189,0.189189,39.8,0,0,0,0,0,0,37.98,12.363,8.00152,114.56,82.99,70.23,-44.0987,20.02,37.97,298.76
neuromorpho__Layer-6-Sucrose-8.swc,472,pyramidal,0.987284,0,281,190,0,0,0,0,0,0,0,0,0,0,0.992286,0.00533739,0.985786,0.985786,0.985786,0.985786,0.996653,0,0,0,0,0,0,0,0,0.996653,0.996653,0,0.985786,0.985786,0,42,0.992852,0.985786,0.985786,0,0,18,0,0,0,0,0,0,38.99,-4.48021,8.47833,154.54,101.93,47.06,-36.2703,11.877,90.49,396.97
neuromorpho__Layer-6-Sucrose-9.swc,600,pyramidal,0.961553,0,320,279,0,0,0,0,0,0,0,0,0,0,0.991318,0.0053384,0.985786,0.985786,0.985786,0.985786,0.991432,0,0,0,0,0,0,0,0,0.996114,0.996653,0,0.985786,0.985786,0,42,0.99185,0.985786,0.985786,0,0,27,0,0,0,0,0,0,79.21,-1.18063,12.9676,165.09,77.8,57.79,-14.6054,8.70849,139.66,304.37
neuromorpho__M1KO_10.swc,715,pyramidal,0.992658,0,714,0,0,0,0,0,0,0,0,0,0,0,0.996658,0.000125073,0.996653,0.996653,0.996653,0.996653,0.996653,0,0,0,0,0,0,0,0,0.996653,0.996653,0,0,0,0,50,0.99672,0.996653,0.996653,0,0,27.4,0,0,0,0,0,0,138.01,-15.5588,25.3129,213.34,266.46,0,0,0,0,0
neuromorpho__M1KO_13.swc,892,pyramidal,0.994462,0,891,0,0,0,0,0,0,0,0,0,0,0,0.996657,0.000111994,0.996653,0.996653,0.996653,0.996653,0.996653,0,0,0,0,0,0,0,0,0.996653,0.996653,0,0,0,0,53,0.996716,0.996653,0.996653,0,0,39.8,0,0,0,0,0,0,138.72,-21.6828,28.5509,181.32,208.9,0,0,0,0,0
neuromorpho__M1KO_19.swc,527,pyramidal,0.994028,0,526,0,0,0,0,0,0,0,0,0,0,0,0.99666,0.000145647,0.996653,0.996653,0.996653,0.996653,0.996653,0,0,0,0,0,0,0,0,0.996653,0.996653,0,0,0,0,42,0.996733,0.996653,0.996653,0,0,27.7,0,0,0,0,0,0,96.33,-19.2412,19.7258,129.9,201.68,0,0,0,0,0
neuromorpho__M1KO_25.swc,2625,pyramidal,0.986399,0,2624,0,0,0,0,0,0,0,0,0,0,0,0.996655,6.5309e-05,0.996653,0.996653,0.996653,0.996653,0.996653,0,0,0,0,0,0,0,0,0.996653,0.996653,0,0,0,0,68,0.996702,0.996653,0.996653,0,0,88.3,0,0,0,0,0,0,112.4,-22.9788,22.2304,180.32,204.1,0,0,0,0,0
neuromorpho__M1KO_28.swc,3285,pyramidal,0.91634,0,3284,0,0,0,0,0,0,0,0,0,0,0,0.996654,5.8383e-05,0.996653,0.996653,0.996653,0.996653,0.996653,0,0,0,0,0,0,0,0,0.996653,0.996653,0,0,0,0,92,0.99669,0.996653,0.996653,0,0,70.9,0,0,0,0,0,0,168.01,-42.3841,34.2996,233.36,309.63,0,0,0,0,0
neuromorpho__M1KO_3.swc,1089,pyramidal,0.986819,0,1088,0,0,0,0,0,0,0,0,0,0,0,0.996494,0.0009445,0.990146,0.996653,0.996653,0.996653,0.996653,0,0,0,0,0,0,0,0,0.99649,0.996653,0,0,0,0,80,0.996448,0.990146,0.996653,0,0,26.1,0,0,0,0,0,0,142.53,-40.8774,29.3013,222.92,288.13,0,0,0,0,0
neuromorpho__M1KO_33.swc,2271,pyramidal,0.985739,0,2270,0,0,0,0,0,0,0,0,0,0,0,0.996655,7.02128e-05,0.996653,0.996653,0.996653,0.996653,0.996653,0,0,0,0,0,0,0,0,0.996653,0.996653,0,0,0,0,65,0.996705,0.996653,0.996653,0,0,76,0,0,0,0,0,0,134.37,-28.764,28.3493,157.21,190.81,0,0,0,0,0
neuromorpho__M1KO_39.swc,601,pyramidal,0.992107,97,503,0,0,0,0,0,0,0,0,0,0,0,0.83291,0.229352,0.423414,0.426662,0.444238,0.566398,0.996653,0.202995,0.282862,0.282862,0.282862,0.334443,0.901845,0.860193,0,0.819285,0.444238,0.337972,0,0,0,51,0.831893,0.423414,0.444238,0.27451,0.27451,26,0,91.19,-35.6073,26.3941,134.93,92.18,134.36,-16.2177,24.6876,213.46,211.94,0,0,0,0,0
neuromorpho__M1KO_41.swc,624,pyramidal,0.993009,0,623,0,0,0,0,0,0,0,0,0,0,0,0.996659,0.000133869,0.996653,0.996653,0.996653,0.996653,0.996653,0,0,0,0,0,0,0,0,0.996653,0.996653,0,0,0,0,53,0.996716,0.996653,0.996653,0,0,22.8,0,0,0,0,0,0,134.95,-25.3341,26.006,146.98,180.51,0,0,0,0,0
neuromorpho__M1KO_45.swc,423,pyramidal,0.993876,0,422,0,0,0,0,0,0,0,0,0,0,0,0.996661,0.000162531,0.996653,0.996653,0.996653,0.996653,0.996653,0,0,0,0,0,0,0,0,0.996653,0.996653,0,0,0,0,39,0.996739,0.996653,0.996653,0,0,21.8,0,0,0,0,0,0,149.5,-23.7943,23.6759,167.93,198.18,0,0,0,0,0
neuromorpho__M1KO_46.swc,428,pyramidal,0.989397,0,427,0,0,0,0,0,0,0,0,0,0,0,0.996661,0.000161581,0.996653,0.996653,0.996653,0.996653,0.996653,0,0,0,0,0,0,0,0,0.996653,0.996653,0,0,0,0,52,0.996718,0.996653,0.996653,0,0,18,0,0,0,0,0,0,95.87,-9.8685,18.5858,128.67,163.69,0,0,0,0,0
neuromorpho__M1_13.swc,1874,pyramidal,0.990049,0,1873,0,0,0,0,0,0,0,0,0,0,0,0.996655,7.72894e-05,0.996653,0.996653,0.996653,0.996653,0.996653,0,0,0,0,0,0,0,0,0.996653,0.996653,0,0,0,0,57,0.996712,0.996653,0.996653,0,0,70.2,0,0,0,0,0,0,115.28,-31.2505,24.2251,196.18,198.67,0,0,0,0,0
neuromorpho__M1_16.swc,2466,pyramidal,0.972694,0,2465,0,0,0,0,0,0,0,0,0,0,0,0.996655,6.73808e-05,0.996653,0.996653,0.996653,0.996653,0.996653,0,0,0,0,0,0,0,0,0.996653,0.996653,0,0,0,0,54,0.996715,0.996653,0.996653,0,0,102.1,0,0,0,0,0,0,107.56,-14.4555,18.2431,186.92,207.78,0,0,0,0,0
neuromorpho__M1_21.swc,2396,pyramidal,0.940945,0,2395,0,0,0,0,0,0,0,0,0,0,0,0.996655,6.83575e-05,0.996653,0.996653,0.996653,0.996653,0.996653,0,0,0,0,0,0,0,0,0.996653,0.996653,0,0,0,0,61,0.996708,0.996653,0.996653,0,0,80,0,0,0,0,0,0,194.78,-38.2168,42.5251,235.72,295.82,0,0,0,0,0
neuromorpho__M1_23.swc,1520,pyramidal,0.984554,0,1519,0,0,0,0,0,0,0,0,0,0,0,0.996655,8.58135e-05,0.996653,0.996653,0.996653,0.996653,0.996653,0,0,0,0,0,0,0,0,0.996653,0.996653,0,0,0,0,49,0.996722,0.996653,0.996653,0,0,73.8,0,0,0,0,0,0,169.64,-25.6147,30.6269,193.47,220.34,0,0,0,0,0
neuromorpho__M1_32.swc,726,pyramidal,0.9537,0,725,0,0,0,0,0,0,0,0,0,0,0,0.996658,0.000124123,0.996653,0.996653,0.996653,0.996653,0.996653,0,0,0,0,0,0,0,0,0.996653,0.996653,0,0,0,0,69,0.996702,0.996653,0.996653,0,0,18.2,0,0,0,0,0,0,123.44,-30.9921,28.9325,255.23,292.57,0,0,0,0,0
neuromorpho__M1_34.swc,2597,pyramidal,0.976809,0,2596,0,0,0,0,0,0,0,0,0,0,0,0.996655,6.566e-05,0.996653,0.996653,0.996653,0.996653,0.996653,0,0,0,0,0,0,0,0,0.996653,0.996653,0,0,0,0,56,0.996713,0.996653,0.996653,0,0,109,0,0,0,0,0,0,130.44,-17.1872,26.6662,203.32,254.27,0,0,0,0,0
neuromorpho__M1_35.swc,2548,pyramidal,0.808529,0,2547,0,0,0,0,0,0,0,0,0,0,0,0.996655,6.62881e-05,0.996653,0.996653,0.996653,0.996653,0.996653,0,0,0,0,0,0,0,0,0.996653,0.996653,0,0,0,0,63,0.996706,0.996653,0.996653,0,0,85.2,0,0,0,0,0,0,171.64,-33.4279,31.4569,235.77,277.28,0,0,0,0,0
neuromorpho__M1_36.swc,2539,pyramidal,0.982328,0,2538,0,0,0,0,0,0,0,0,0,0,0,0.996655,6.64054e-05,0.996653,0.996653,0.996653,0.996653,0.996653,0,0,0,0,0,0,0,0,0.996653,0.996653,0,0,0,0,60,0.996709,0.996653,0.996653,0,0,82.5,0,0,0,0,0,0,135.72,-31.1384,30.1573,204.6,230.93,0,0,0,0,0
neuromorpho__M1_42.swc,2190,pyramidal,0.978088,0,2189,0,0,0,0,0,0,0,0,0,0,0,0.996655,7.14989e-05,0.996653,0.996653,0.996653,0.996653,0.996653,0,0,0,0,0,0,0,0,0.996653,0.996653,0,0,0,0,50,0.99672,0.996653,0.996653,0,0,115,0,0,0,0,0,0,137.53,-22.1318,30.5119,192.73,225.16,0,0,0,0,0
neuromorpho__M1_43.swc,1477,pyramidal,0.984209,0,1476,0,0,0,0,0,0,0,0,0,0,0,0.996656,8.70529e-05,0.996653,0.996653,0.996653,0.996653,0.996653,0,0,0,0,0,0,0,0,0.996653,0.996653,0,0,0,0,41,0.996735,0.996653,0.996653,0,0,79,0,0,0,0,0,0,108.91,-11.7356,17.6044,193.65,232.3,0,0,0,0,0
neuromorpho__M1_5.swc,3097,pyramidal,0.948633,0,3096,0,0,0,0,0,0,0,0,0,0,0,0.99553,0.0279693,0.3,0.996653,0.996653,0.996653,0.996653,0.00161447,0.00161447,0.00161447,0.00161447,0.00161447,0,0,0,0.995528,0.996653,0.00161499,0,0,0,63,0.996297,0.3,0.996653,0,0,108.2,0,0,0,0,0,0,188.44,-37.7608,40.2523,234.82,248.72,0,0,0,0,0
neuromorpho__M282Ecel1.swc,1353,interneuron,0.976068,0,1352,0,0,0,0,0,0,0,0,0,0,0,0.902583,0.242065,0.3,0.3,0.3,0.999824,0.999824,0.13895,0.13895,0.13895,0.13895,0.13895,0,0,0,0.902511,0.3,0.139053,0,0,0,10,0.961642,0.3,0.850761,0,0.1,309.5,0,0,0,0,0,0,22.96,-4.28798,5.24862,56.94,503.74,0,0,0,0,0
neuromorpho__M2KO_1.swc,880,pyramidal,0.962055,0,879,0,0,0,0,0,0,0,0,0,0,0,0.996657,0.000112754,0.996653,0.996653,0.996653,0.996653,0.996653,0,0,0,0,0,0,0,0,0.996653,0.996653,0,0,0,0,47,0.996724,0.996653,0.996653,0,0,36.8,0,0,0,0,0,0,52.53,-5.52455,10.1787,147.55,152.97,0,0,0,0,0
neuromorpho__M2KO_11.swc,1095,pyramidal,0.991715,0,1094,0,0,0,0,0,0,0,0,0,0,0,0.996656,0.000101092,0.996653,0.996653,0.996653,0.996653,0.996653,0,0,0,0,0,0,0,0,0.996653,0.996653,0,0,0,0,78,0.996696,0.996653,0.996653,0,0,31.3,0,0,0,0,0,0,60.57,-5.5476,14.0075,214.65,226.14,0,0,0,0,0
neuromorpho__M2KO_13.swc,736,pyramidal,0.991592,0,735,0,0,0,0,0,0,0,0,0,0,0,0.996658,0.000123278,0.996653,0.996653,0.996653,0.996653,0.996653,0,0,0,0,0,0,0,0,0.996653,0.996653,0,0,0,0,57,0.996712,0.996653,0.996653,0,0,24.4,0,0,0,0,0,0,71.19,-13.0725,15.8328,164.94,219.95,0,0,0,0,0
neuromorpho__M2KO_27.swc,636,pyramidal,0.990369,0,635,0,0,0,0,0,0,0,0,0,0,0,0.996659,0.000132602,0.996653,0.996653,0.996653,0.996653,0.996653,0,0,0,0,0,0,0,0,0.996653,0.996653,0,0,0,0,46,0.996726,0.996653,0.996653,0,0,29.5,0,0,0,0,0,0,43.31,-4.78866,7.20831,206.1,214.57,0,0,0,0,0
neuromorpho__M2KO_8.swc,932,pyramidal,0.98722,0,931,0,0,0,0,0,0,0,0,0,0,0,0.996657,0.000109567,0.996653,0.996653,0.996653,0.996653,0.996653,0,0,0,0,0,0,0,0,0.996653,0.996653,0,0,0,0,66,0.996704,0.996653,0.996653,0,0,29,0,0,0,0,0,0,66.18,-6.10603,14.4175,227.46,257.94,0,0,0,0,0
neuromorpho__M2_14.swc,743,pyramidal,0.995232,0,742,0,0,0,0,0,0,0,0,0,0,0,0.996658,0.000122697,0.996653,0.996653,0.996653,0.996653,0.996653,0,0,0,0,0,0,0,0,0.996653,0.996653,0,0,0,0,47,0.996724,0.996653,0.996653,0,0,31.8,0,0,0,0,0,0,64.65,-12.3151,15.2196,248.19,291.63,0,0,0,0,0
neuromorpho__M2_15.swc,873,pyramidal,0.995304,0,872,0,0,0,0,0,0,0,0,0,0,0,0.996657,0.000113205,0.996653,0.996653,0.996653,0.996653,0.996653,0,0,0,0,0,0,0,0,0.996653,0.996653,0,0,0,0,54,0.996715,0.996653,0.996653,0,0,31.7,0,0,0,0,0,0,66.94,-14.5878,15.5879,194.17,268.8,0,0,0,0,0
neuromorpho__M2_19.swc,1399,pyramidal,0.996004,0,1398,0,0,0,0,0,0,0,0,0,0,0,0.996656,8.94451e-05,0.996653,0.996653,0.996653,0.996653,0.996653,0,0,0,0,0,0,0,0,0.996653,0.996653,0,0,0,0,79,0.996696,0.996653,0.996653,0,0,43.2,0,0,0,0,0,0,55.56,-9.51886,11.7351,213.93,252.85,0,0,0,0,0
neuromorpho__M2_20.swc,716,pyramidal,0.996967,0,715,0,0,0,0,0,0,0,0,0,0,0,0.996658,0.000124986,0.996653,0.996653,0.996653,0.996653,0.996653,0,0,0,0,0,0,0,0,0.996653,0.996653,0,0,0,0,49,0.996722,0.996653,0.996653,0,0,31.8,0,0,0,0,0,0,70.4,-13.3963,16.2741,206.15,234.85,0,0,0,0,0
neuromorpho__M2_21.swc,1072,pyramidal,0.990664,0,1071,0,0,0,0,0,0,0,0,0,0,0,0.996656,0.000102169,0.996653,0.996653,0.996653,0.996653,0.996653,0,0,0,0,0,0,0,0,0.996653,0.996653,0,0,0,0,82,0.996694,0.996653,0.996653,0,0,30,0,0,0,0,0,0,68.6,-10.3692,16.3931,224.06,247.88,0,0,0,0,0
neuromorpho__M2_22.swc,882,pyramidal,0.996471,0,881,0,0,0,0,0,0,0,0,0,0,0,0.996657,0.000112626,0.996653,0.996653,0.996653,0.996653,0.996653,0,0,0,0,0,0,0,0,0.996653,0.996653,0,0,0,0,55,0.996714,0.996653,0.996653,0,0,32.6,0,0,0,0,0,0,70.44,-11.8304,17.1022,200.07,237.13,0,0,0,0,0
neuromorpho__M2_23.swc,1166,pyramidal,0.992897,0,1165,0,0,0,0,0,0,0,0,0,0,0,0.996656,9.79681e-05,0.996653,0.996653,0.996653,0.996653,0.996653,0,0,0,0,0,0,0,0,0.996653,0.996653,0,0,0,0,63,0.996706,0.996653,0.996653,0,0,41,0,0,0,0,0,0,78.16,-11.8262,16.9113,227.13,259.84,0,0,0,0,0
neuromorpho__M2_27.swc,955,pyramidal,0.993355,93,861,0,0,0,0,0,0,0,0,0,0,0,0.989274,0.0140735,0.947713,0.947713,0.985968,0.989871,0.996653,0,0,0,0,0,0.947713,0.947713,0,0.993751,0.989259,0,0,0,0,54,0.989493,0.947713,0.985968,0,0,40,0,41.18,-12.2649,11.0548,66.14,62.2,61.17,-10.6734,14.0251,169.09,231.12,0,0,0,0,0
neuromorpho__M2_3.swc,1077,pyramidal,0.992558,0,1076,0,0,0,0,0,0,0,0,0,0,0,0.996656,0.000101932,0.996653,0.996653,0.996653,0.996653,0.996653,0,0,0,0,0,0,0,0,0.996653,0.996653,0,0,0,0,52,0.996718,0.996653,0.996653,0,0,40,0,0,0,0,0,0,66.81,-18.9194,16.2049,248.82,281.59,0,0,0,0,0
neuromorpho__M2_34.swc,889,pyramidal,0.992544,0,888,0,0,0,0,0,0,0,0,0,0,0,0.996657,0.000112183,0.996653,0.996653,0.996653,0.996653,0.996653,0,0,0,0,0,0,0,0,0.996653,0.996653,0,0,0,0,61,0.996708,0.996653,0.996653,0,0,31,0,0,0,0,0,0,79.84,-12.1051,17.8756,204.87,240.03,0,0,0,0,0
neuromorpho__M2_36.swc,542,pyramidal,0.991758,0,541,0,0,0,0,0,0,0,0,0,0,0,0.996659,0.000143622,0.996653,0.996653,0.996653,0.996653,0.996653,0,0,0,0,0,0,0,0,0.996653,0.996653,0,0,0,0,32,0.996758,0.996653,0.996653,0,0,35.8,0,0,0,0,0,0,57.09,-14.4411,12.8832,172.26,167.83,0,0,0,0,0
neuromorpho__M2_37.swc,1281,pyramidal,0.994177,0,1280,0,0,0,0,0,0,0,0,0,0,0,0.996656,9.34709e-05,0.996653,0.996653,0.996653,0.996653,0.996653,0,0,0,0,0,0,0,0,0.996653,0.996653,0,0,0,0,70,0.996701,0.996653,0.996653,0,0,38.2,0,0,0,0,0,0,92.1,-26.2201,23.5587,238.37,263.48,0,0,0,0,0
neuromorpho__M2_38.swc,659,pyramidal,0.992151,0,658,0,0,0,0,0,0,0,0,0,0,0,0.996658,0.000130271,0.996653,0.996653,0.996653,0.996653,0.996653,0,0,0,0,0,0,0,0,0.996653,0.996653,0,0,0,0,50,0.99672,0.996653,0.996653,0,0,27.1,0,0,0,0,0,0,71.03,-9.94938,13.5161,190.6,263.99,0,0,0,0,0
neuromorpho__M2_40.swc,716,pyramidal,0.997348,0,715,0,0,0,0,0,0,0,0,0,0,0,0.996658,0.000124986,0.996653,0.996653,0.996653,0.996653,0.996653,0,0,0,0,0,0,0,0,0.996653,0.996653,0,0,0,0,48,0.996723,0.996653,0.996653,0,0,34,0,0,0,0,0,0,69.38,-8.7812,14.4432,171.17,238.07,0,0,0,0,0
neuromorpho__M2_45.swc,866,pyramidal,0.997078,0,865,0,0,0,0,0,0,0,0,0,0,0,0.996657,0.000113661,0.996653,0.996653,0.996653,0.996653,0.996653,0,0,0,0,0,0,0,0,0.996653,0.996653,0,0,0,0,50,0.99672,0.996653,0.996653,0,0,38.3,0,0,0,0,0,0,65.59,-14.0674,13.2245,195.57,194.88,0,0,0,0,0
neuromorpho__M2_46.swc,644,pyramidal,0.996933,0,643,0,0,0,0,0,0,0,0,0,0,0,0.996658,0.000131777,0.996653,0.996653,0.996653,0.996653,0.996653,0,0,0,0,0,0,0,0,0.996653,0.996653,0,0,0,0,53,0.996716,0.996653,0.996653,0,0,25.6,0,0,0,0,0,0,66.94,-10.9439,14.1054,143.43,218,0,0,0,0,0
neuromorpho__M2_47.swc,789,pyramidal,0.994474,0,788,0,0,0,0,0,0,0,0,0,0,0,0.996658,0.000119071,0.996653,0.996653,0.996653,0.996653,0.996653,0,0,0,0,0,0,0,0,0.996653,0.996653,0,0,0,0,41,0.996735,0.996653,0.996653,0,0,42,0,0,0,0,0,0,68.9,-13.3342,16.8431,186,236.94,0,0,0,0,0
neuromorpho__M2_55.swc,1343,pyramidal,0.993416,0,1342,0,0,0,0,0,0,0,0,0,0,0,0.996656,9.12895e-05,0.996653,0.996653,0.996653,0.996653,0.996653,0,0,0,0,0,0,0,0,0.996653,0.996653,0,0,0,0,59,0.99671,0.996653,0.996653,0,0,55.2,0,0,0,0,0,0,71.79,-13.7638,15.8993,288.1,323.54,0,0,0,0,0
neuromorpho__M2_58.swc,992,pyramidal,0.993564,0,991,0,0,0,0,0,0,0,0,0,0,0,0.996657,0.000106205,0.996653,0.996653,0.996653,0.996653,0.996653,0,0,0,0,0,0,0,0,0.996653,0.996653,0,0,0,0,68,0.996702,0.996653,0.996653,0,0,28,0,0,0,0,0,0,61.63,-17.7828,13.7126,230.65,262.62,0,0,0,0,0
neuromorpho__M2_6.swc,1064,pyramidal,0.993924,0,1063,0,0,0,0,0,0,0,0,0,0,0,0.996656,0.000102552,0.996653,0.996653,0.996653,0.996653,0.996653,0,0,0,0,0,0,0,0,0.996653,0.996653,0,0,0,0,62,0.996707,0.996653,0.996653,0,0,35.9,0,0,0,0,0,0,65.42,-11.2315,12.7651,255.38,277.1,0,0,0,0,0
neuromorpho__M67_F2_a.swc,596,interneuron,0.993957,0,595,0,0,0,0,0,0,0,0,0,0,0,0.999824,7.21346e-06,0.999824,0.999824,0.999824,0.999824,0.999824,0,0,0,0,0,0,0,0,0.999824,0.999824,0,0,0,0,93,0.999826,0.999824,0.999824,0,0,16.8,0,0,0,0,0,0,49.84,5.98079,10.8387,53.8,130.96,0,0,0,0,0
neuromorpho__M720Ecel1.swc,3105,interneuron,0.947732,0,3104,0,0,0,0,0,0,0,0,0,0,0,0.805903,0.30595,0.3,0.3,0.3,0.3,0.993726,0.267633,0.267633,0.267633,0.267633,0.267633,0,0,0,0.805841,0.3,0.267719,0,0,0,27,0.898871,0.3,0.615968,0.185185,0.185185,300,0,0,0,0,0,0,54,-8.30175,12.3502,134.04,698.27,0,0,0,0,0
neuromorpho__M723Spp1.swc,871,interneuron,0.837654,0,870,0,0,0,0,0,0,0,0,0,0,0,0.753962,0.334084,0.3,0.3,0.3,0.3,0.999824,0.35132,0.35132,0.35132,0.35132,0.35132,0,0,0,0.753679,0.3,0.351724,0,0,0,7,0.940562,0.3,0.833819,0.142857,0.142857,297.6,0,0,0,0,0,0,91.49,2.62499,21.1126,205.69,389.28,0,0,0,0,0
neuromorpho__M727.swc,1906,interneuron,0.926051,0,1905,0,0,0,0,0,0,0,0,0,0,0,0.937772,0.198934,0.3,0.3,0.999824,0.999824,0.999824,0.0886674,0.0886674,0.0886674,0.0886674,0.0886674,0,0,0,0.93774,0.999824,0.0887139,0,0,0,21,0.979717,0.3,0.931214,0,0.047619,255,0,0,0,0,0,0,54.96,7.04482,12.9769,71.28,560.07,0,0,0,0,0
neuromorpho__M82_F2_S1.swc,415,interneuron,0.973087,0,414,0,0,0,0,0,0,0,0,0,0,0,0.999824,8.64139e-06,0.999824,0.999824,0.999824,0.999824,0.999824,0,0,0,0,0,0,0,0,0.999824,0.999824,0,0,0,0,82,0.999826,0.999824,0.999824,0,0,12,0,0,0,0,0,0,94.15,-2.2599,18.0089,108.59,123.19,0,0,0,0,0
neuromorpho__M_F_10.swc,18607,interneuron,0.994992,15369,3237,0,0,0,0,0,0,0,0,0,0,0,0.961848,0.158147,0.3,0.3,0.999596,0.999596,0.999596,0.0540119,0.0540119,0.0540119,0.0540119,0.0540119,0.958537,0.999596,0.0586896,0.977556,0.999824,0.0318196,0,0,0,441,0.968954,0.3,0.999596,0.0408163,0.0430839,91,7.51268,468.11,-33.0642,68.1428,345.05,425.74,315.44,-0.589426,57.0768,226.77,517.59,0,0,0,0,0
neuromorpho__M_F_2.swc,22325,interneuron,0.995417,17384,4940,0,0,0,0,0,0,0,0,0,0,0,0.868251,0.273222,0.3,0.3,0.3,0.999596,0.999596,0.187772,0.187772,0.187772,0.187772,0.187772,0.953114,0.999596,0.0664404,0.569588,0.3,0.614777,0,0,0,311,0.927683,0.3,0.68267,0.102894,0.11254,148,1.90404,312.6,98.6134,63.1306,466.97,487.83,166.56,38.5166,37.508,436.29,682.64,0,0,0,0,0
neuromorpho__Mouse-CA2-Mb-Pyramidal-Cell.swc,1486,pyramidal,0.974129,0,641,844,0,0,0,0,0.096022,0,0,0,0,0,0.815911,0.176896,0.3,0.521219,0.559108,0.58575,0.882789,0.0222073,0.274563,0.291386,0.351279,0.609017,0,0,0,0.641042,0.521219,0.669267,0.948502,0.878949,0.00473934,167,0.833654,0.3,0.58575,0.263473,0.329341,19,2.14217,0,0,0,0,0,101.78,19.5919,20.6664,248.6,190.53,112.1,15.8403,23.2857,305.2,472.5
neuromorpho__Mouse-CA2-Mc-Pyramidal-Cell-1.swc,1363,pyramidal,0.719118,0,286,1076,0,0,0,0,0,0,0,0,0,0,0.988077,0.00443632,0.985786,0.985786,0.985786,0.985786,0.985786,0,0,0,0,0,0,0,0,0.996653,0.996653,0,0.985786,0.985786,0,156,0.987828,0.985786,0.985786,0,0,19,7.15187,0,0,0,0,0,85.33,20.4249,17.1413,138.99,147.66,115.97,4.15798,21.2377,237.2,429.63
neuromorpho__Mouse_CA2_B_Cell.swc,6055,interneuron,0.754139,18,6036,0,0,0,0,0,0,0,0,0,0,0,0.947637,0.180246,0.3,0.3,0.976165,0.999824,0.999824,0.0706854,0.0706854,0.0736581,0.0736581,0.0827415,0.600985,0.600985,1,0.948662,0.976165,0.0709079,0,0,0,80,0.936677,0.3,0.875158,0.0875,0.1,141.4,0,9.03,5.94,2.75483,2.31,11.66,179.63,29.569,28.3122,481.55,596.61,0,0,0,0,0
neuromorpho__Mouse_CA2_Ma_Cell.swc,3718,pyramidal,0.974636,0,487,3230,0,0,0,0,0.00223132,0,0,0,0,0,0.986939,0.00332141,0.985786,0.985786,0.985786,0.985786,0.985786,0,0,0,0,0,0,0,0,0.99456,0.985968,0,0.985786,0.985786,0,168,0.986542,0.985786,0.985786,0,0,47.3,0,0,0,0,0,0,147.06,4.86651,34.6843,94.8,124.68,155.32,1.80965,30.7433,143.48,406.74
neuromorpho__Mouse_CA2_Ma_Cell_1.swc,3251,pyramidal,0.93785,0,213,3037,0,0,0,0,0,0,0,0,0,0,0.986503,0.00269932,0.985786,0.985786,0.985786,0.985786,0.985786,0,0,0,0,0,0,0,0,0.996653,0.996653,0,0.985786,0.985786,0,115,0.986571,0.985786,0.985786,0,0,55,0.00333333,0,0,0,0,0,41.25,10.2597,8.72242,88.74,55.07,169.3,20.1037,27.6324,234.54,379.77
neuromorpho__Mouse_CA2_Ma_Cell_2.swc,6385,pyramidal,0.948247,0,541,5843,0,0,0,0,0,0,0,0,0,0,0.845001,0.0452938,0.707887,0.828027,0.83099,0.831746,0.831746,0,0,0,0.0108066,0.92592,0,0,0,0.959824,0.707887,0,0.834343,0.83099,0,275,0.842706,0.707887,0.828027,0,0.00363636,53.6,0,0,0,0,0,0,83.07,-17.4138,19.0607,115.61,127.77,152.3,-21.3752,25.0635,262.02,445.56
neuromorpho__Mouse_CA2_Ma_Cell_5.swc,5333,pyramidal,0.596268,0,1944,3388,0,0,0,0,0,0,0,0,0,0,0.802706,0.109329,0.3,0.737893,0.737893,0.737893,0.867649,0.0311269,0.0311269,0.0311269,0.39565,0.999812,0,0,0,0.737893,0.737893,0,0.839836,0.867649,0.0489965,141,0.809078,0.3,0.737893,0.0141844,0.453901,91,0,0,0,0,0,0,183.74,34.0949,30.3733,330.98,177.43,165.32,37.0032,29.2996,368.36,548.73
neuromorpho__Mouse_CA2_Ma_Cell_6.swc,6587,pyramidal,0.947782,1133,0,5453,0,0,0,0,0,0,0,0,0,0,0.838735,0.011467,0.828027,0.83099,0.83099,0.831746,0.831746,0,0,0,0,0.999848,0.858913,0.856001,0,0,0,0,0.834513,0.83099,0,267,0.836616,0.828027,0.828027,0,0,53.4,0,133.93,-58.0752,31.0424,109.35,239.84,0,0,0,0,0,209.41,-27.8202,32.375,275.17,489.01
neuromorpho__Mouse_CA2_Ma_Cell_7.swc,8053,pyramidal,0.825461,0,2809,5243,0,0,0,0,0,0,0,0,0,0,0.862599,0.194165,0.3,0.497899,0.511669,0.804295,0.985786,0.052527,0.202285,0.212219,0.237551,0.343226,0,0,0,0.632622,0.491299,0.608402,0.985786,0.985786,0,366,0.862205,0.3,0.506613,0.234973,0.26776,44.5,0,0,0,0,0,0,300.55,10.9822,51.3244,220.99,235.3,267.43,24.1886,58.8711,137.7,584.67
neuromorpho__Mouse_CA2_Ma_Cell_8.swc,5769,pyramidal,0.859894,1241,1041,3486,0,0,0,0,0,0,0,0,0,0,0.803796,0.279131,0.3,0.3,0.3,0.856001,0.985786,0.228982,0.228982,0.228982,0.228982,0.441151,0.853103,0.856001,0.0136986,0.994442,0.987549,0,0.729256,0.3,0.374068,193,0.807142,0.3,0.3,0.207254,0.207254,69,0,203.03,-17.4988,38.3767,228.29,156.73,197.68,-27.9635,40.2856,135.32,159.57,121.66,-25.4857,20.1872,202.2,530.09
neuromorpho__Mouse_CA2_Ma_Cell_9_Mc_Cell_4-2.swc,3232,pyramidal,0.406102,0,327,2904,0,0,0,0,0,0,0,0,0,0,0.906834,0.00184808,0.906519,0.906519,0.906519,0.906519,0.906519,0,0,0,0,0,0,0,0,0.90935,0.90935,0,0.906519,0.906519,0,141,0.907322,0.906519,0.906519,0,0,48,0.00333333,0,0,0,0,0,76.36,-29.3418,20.2714,54.34,162.78,95.06,-23.153,17.5819,230.99,346.58
neuromorpho__Mouse_CA2_Mb_Cell.swc,2961,pyramidal,0.98037,0,312,2648,0,0,0,0,0,0,0,0,0,0,0.966091,0.117981,0.3,0.985786,0.985786,0.985786,0.985786,0.0303951,0.0303951,0.0303951,0.0303951,0.0303951,0,0,0,0.996653,0.996653,0,0.962478,0.985786,0.0339879,97,0.983521,0.3,0.985786,0,0.0103093,62.8,0,0,0,0,0,0,71.95,-25.9704,14.6102,99.96,74.28,149.32,-22.1878,26.378,222.6,402.65
neuromorpho__Mouse_CA2_Mb_Cell_9.swc,5205,pyramidal,0.943601,0,1348,3856,0,0,0,0,0,0,0,0,0,0,0.988603,0.00476309,0.985786,0.985786,0.985786,0.985786,0.985786,0,0,0,0,0,0,0,0,0.996653,0.996653,0,0.985786,0.985786,0,130,0.988403,0.985786,0.985786,0,0,99.3,0,0,0,0,0,0,115.89,13.0964,28.8689,86.59,114.44,185.33,-1.59395,31.6901,100.76,363.28
neuromorpho__N001.swc,2311,pyramidal,0.986987,1411,401,498,0,0,0,0,0.00479213,0,0,0,0,0,0.573579,0.336534,0.3,0.3,0.3,0.3,0.3,0.601039,0.603635,0.603635,0.603635,0.603635,0.318173,0.3,0.973777,0.990505,0.996653,0.0149626,0.960658,0.985157,0.0301205,81,0.942459,0.3,0.985157,0.0740741,0.0740741,28,0,501.18,247.206,130.225,1882.48,2121.96,168.99,9.31292,35.4238,91.19,265.65,197.44,9.49155,32.157,397.09,323.17
neuromorpho__N011.swc,3142,pyramidal,0.995519,2167,478,496,0,0,0,0,0,0,0,0,0,0,0.487616,0.307846,0.3,0.3,0.3,0.3,0.3,0.729153,0.729153,0.729153,0.729153,0.729153,0.331341,0.3,0.954776,0.996653,0.996653,0,0.678779,0.3,0.447581,86,0.79865,0.3,0.3,0.27907,0.27907,35,0,2550.53,-479.374,703.393,2024.58,3363.49,231.32,9.34167,52.4795,235.92,159.65,194.28,5.22319,38.0603,264.23,479.48
neuromorpho__N018.swc,2262,pyramidal,0.990083,1137,406,718,0,0,0,0,0,0,0,0,0,0,0.656378,0.344038,0.3,0.3,0.3,0.3,0.963959,0.482317,0.482317,0.482317,0.482317,0.482317,0.328038,0.3,0.959543,0.99619,0.992226,0,0.983697,0.985157,0,90,0.980751,0.3,0.985157,0.0111111,0.0111111,27.1,0,1987.08,751.139,694.751,1619.47,2338.05,205.8,-13.2829,41.4142,252.82,118.83,200.66,-8.31092,30.7923,262.76,517.84
neuromorpho__N019.swc,726,pyramidal,0.782444,208,144,373,0,0,0,0,0,0,0,0,0,0,0.871178,0.226843,0.3,0.3,0.3,0.835704,0.985786,0.119835,0.126722,0.162534,0.195592,0.286501,0.578169,0.3,0.567308,0.996653,0.996653,0,0.985786,0.985786,0,64,0.952379,0.3,0.839312,0.09375,0.109375,18,0,108.94,30.1992,27.8528,245.71,400.11,83.67,-11.8792,17.1756,114.75,100.61,56.39,-0.723217,10.948,131.47,443.2
neuromorpho__N020.swc,5460,pyramidal,0.991963,3601,613,1245,0,0,0,0,0.00539776,0,0,0,0,0,0.567027,0.333255,0.3,0.3,0.3,0.3,0.3,0.608242,0.608242,0.608242,0.608242,0.630586,0.35831,0.3,0.915301,0.969994,0.859218,0,0.971957,0.985291,0.0200803,82,0.962851,0.3,0.963212,0.0243902,0.0243902,56.9,0,4288.87,-397.286,1192.29,1312.59,2405.1,130.69,2.15018,24.0769,201.72,148.56,195.32,-4.58973,32.9262,192.52,434.26
neuromorpho__N023.swc,7346,pyramidal,0.990695,3156,416,3773,0,0,0,0,0.00617552,0,0,0,0,0,0.643211,0.302349,0.3,0.3,0.3,0.3,0.823523,0.427444,0.427444,0.427444,0.427444,0.72856,0.322614,0.3,0.967364,0.979748,0.856001,0,0.87418,0.823523,0.0230586,124,0.892578,0.3,0.823523,0.0403226,0.0483871,88.4,0,1602.04,94.9966,487.68,1333.7,2104.85,132.13,48.6325,35.0211,148.15,102.64,252.54,-9.8834,38.3325,342.5,558.97
neuromorpho__N027.swc,1579,pyramidal,0.968374,911,160,507,0,0,0,0,0,0,0,0,0,0,0.525787,0.323616,0.3,0.3,0.3,0.3,0.3,0.672578,0.672578,0.672578,0.672578,0.672578,0.347926,0.3,0.930845,0.995149,0.991056,0,0.696317,0.3,0.422091,36,0.814114,0.3,0.3,0.277778,0.277778,121,0,334.9,-40.8823,74.3612,657,1379.31,44.21,12.7738,12.7415,109,22.33,140.23,3.18919,21.6113,100.39,450.57
neuromorpho__N030.swc,477,pyramidal,0.955682,75,211,190,0,0,0,0,0.00877003,0,0,0,0,0,0.858668,0.246523,0.3,0.3,0.3,0.873805,0.985786,0.144654,0.174004,0.178197,0.220126,0.293501,0.567776,0.3,0.533333,0.95964,0.950015,0.0758294,0.860619,0.3,0.152632,64,0.858439,0.3,0.3,0.203125,0.265625,15,0,54.55,-5.43,14.1107,47.96,301.77,141,-12.4752,27.9094,189.71,123.59,125.08,-3.60042,19.7752,108.35,312.25
neuromorpho__N040.swc,2500,pyramidal,0.958571,1478,438,583,0,0,0,0,0,0,0,0,0,0,0.494246,0.278815,0.3,0.3,0.3,0.3,0.3,0.6212,0.7888,0.7888,0.7888,0.7908,0.341731,0.3,0.939783,0.995048,0.996653,0,0.503784,0.3,1,41,0.735152,0.3,0.434377,0.536585,0.536585,69,0,1010.09,-520.809,331.045,1214.28,1534.16,111.58,-2.306,25.9443,141.17,92.34,103.42,0.0015952,19.3749,137.92,321.65
neuromorpho__N042.swc,1663,pyramidal,0.990602,55,674,933,0,0,0,0,0.00305134,0,0,0,0,0,0.832782,0.285141,0.3,0.3,0.3,0.803513,0.985786,0.220084,0.220084,0.220084,0.221287,0.25436,0.803513,0.803513,0,0.995523,0.996653,0,0.716764,0.3,0.392283,82,0.848129,0.3,0.3,0.207317,0.219512,41,0,20.84,11.412,5.51264,58.55,71.8,162.38,5.09835,29.0781,223.13,107.83,148.88,5.70054,20.6045,254.17,472.45
neuromorpho__N046.swc,2246,pyramidal,0.745228,515,259,1471,0,0,0,0,0.000199017,0,0,0,0,0,0.62874,0.307477,0.3,0.3,0.3,0.3,0.722621,0.45236,0.45236,0.45236,0.524488,0.68789,0.399389,0.3,0.850485,0.996653,0.996653,0,0.644005,0.3,0.39293,67,0.727504,0.3,0.3,0.283582,0.328358,56.2,0,197,-96.5922,75.6598,599.32,571.03,160,-30.4903,39.8882,174.07,65.94,209,17.8972,36.7208,350.03,568.31
neuromorpho__N049.swc,4506,pyramidal,0.998063,2209,895,1401,0,0,0.342876,0.342876,0.0198352,0,-0.278961,0.278961,0.310919,0.0319574,0.608165,0.34162,0.3,0.3,0.3,0.3,0.3,0.551265,0.551265,0.551265,0.551265,0.551265,0.314431,0.3,0.979176,0.987919,0.964075,0,0.828427,0.3,0.229122,133,0.787623,0.3,0.3,0.285714,0.285714,55.4,0,2121.55,-373.706,628.804,2663.5,2289.29,246.58,3.09282,50.4789,267.67,169.9,236.88,0.494554,39.9662,266.38,669.45
neuromorpho__N053.swc,5082,pyramidal,0.987508,1478,1108,2495,0,0,0.49449,0.49449,0.0239172,0,-0.487407,0.487407,0.490948,0.00354191,0.717527,0.335165,0.3,0.3,0.3,0.3,0.985679,0.391775,0.391775,0.391775,0.391775,0.391775,0.363769,0.3,0.907984,0.986902,0.96477,0,0.807349,0.3,0.26012,171,0.800837,0.3,0.3,0.269006,0.269006,56,0,1764.32,209.544,489.458,2771.63,1621.18,269.16,-3.56646,54.7003,322.86,159.07,351.1,8.45754,53.4896,329.67,640.82
neuromorpho__N056.swc,1775,pyramidal,0.853072,164,735,875,0,0,0,0,0.0540408,0,0,0,0,0,0.898514,0.194093,0.3,0.3,0.789735,0.822525,0.985786,0.0828169,0.0828169,0.0828169,0.108732,0.280563,0.583079,0.3,0.591463,0.990018,0.996653,0.00952381,0.880656,0.795316,0.0491429,62,0.938885,0.3,0.801198,0.016129,0.0967742,57.8,0,52.32,26.3463,13.9638,410.69,135.33,241.11,-19.1252,52.6435,213.72,146.43,230.29,-4.40002,39.139,334.88,302.94
neuromorpho__N063.swc,3307,pyramidal,0.988587,2115,490,701,0,0,0,0,0,0,0,0,0,0,0.518152,0.320378,0.3,0.3,0.3,0.3,0.3,0.681585,0.681585,0.686725,0.686725,0.686725,0.330468,0.3,0.956028,0.982987,0.996653,0.0346939,0.75881,0.3,0.330956,55,0.766368,0.3,0.3,0.345455,0.345455,190.8,0,1128.19,14.264,359.813,662.18,1316.97,123.85,-7.7931,20.313,140.47,130.89,94.39,-1.93116,16.2729,108.34,479.24
neuromorpho__N069.swc,1410,pyramidal,0.935206,657,252,500,0,0,0,0,0,0,0,0,0,0,0.684729,0.340194,0.3,0.3,0.3,0.3,0.985786,0.438298,0.438298,0.438298,0.438298,0.446809,0.369743,0.3,0.894977,0.988996,0.996653,0,0.944639,0.985786,0.06,52,0.97079,0.3,0.985786,0.0192308,0.0384615,29,0,219.82,120.895,74.182,545.76,969.01,124.34,-3.38591,27.6294,111.22,80.68,96,6.0194,15.7459,234.07,329.48
neuromorpho__N084.swc,3064,pyramidal,0.959657,2122,415,526,0,0,0,0,0,0,0,0,0,0,0.519605,0.321703,0.3,0.3,0.3,0.3,0.3,0.682115,0.682115,0.682115,0.682115,0.682115,0.337225,0.3,0.946277,0.996205,0.993997,0,0.878429,0.3,0.155894,65,0.810618,0.3,0.3,0.261538,0.276923,54.2,0,1645.03,-125.43,464.727,1100.7,2165.93,108.19,-2.33316,22.5352,130.59,109.31,114.38,0.802814,20.6871,100.75,452.68
neuromorpho__N089.swc,2570,pyramidal,0.983293,1083,719,767,0,0,0,0,0,0,0,0,0,0,0.591311,0.336406,0.3,0.3,0.3,0.3,0.3,0.568872,0.568872,0.568872,0.592996,0.592996,0.339674,0.3,0.942752,0.756243,0.3,0.311544,0.791477,0.3,0.28292,59,0.870932,0.3,0.3,0.186441,0.186441,51.6,0,913.99,-7.8817,223.093,733.82,2020.95,141.56,-2.26896,23.7062,184.15,652.49,110.29,0.934016,16.1696,154.01,608.29
neuromorpho__N092.swc,1291,pyramidal,0.938353,548,317,425,0,0,0,0,0,0,0,0,0,0,0.682208,0.309023,0.3,0.3,0.3,0.3,0.684053,0.336948,0.401239,0.522851,0.529822,0.539117,0.441495,0.3,0.793796,0.996653,0.996653,0,0.7573,0.53675,0.564706,77,0.782698,0.3,0.524883,0.467532,0.493506,24.2,0,552.99,-114.012,151.008,623.54,1137.41,152.97,0.0197476,33.2384,154.34,136.6,102.45,3.42887,18.6489,177.92,527.67
neuromorpho__N097.swc,6769,pyramidal,0.998035,3211,1015,2542,0,0,0,0,0.00960697,0,0,0,0,0,0.583544,0.334307,0.3,0.3,0.3,0.3,0.3,0.579997,0.579997,0.579997,0.579997,0.632737,0.360863,0.3,0.912177,0.996169,0.996653,0,0.699908,0.3,0.392211,163,0.725545,0.3,0.3,0.355828,0.361963,62.8,0,2513,-820.363,948.407,1060.3,3607.86,260.57,-3.93683,48.1336,279.72,126.99,270.16,1.83967,41.792,364.97,636.52
neuromorpho__N098.swc,5646,pyramidal,0.870867,3825,249,1571,0,0,0,0,0,0,0,0,0,0,0.476826,0.30067,0.3,0.3,0.3,0.3,0.3,0.743004,0.743004,0.743004,0.743004,0.743004,0.314132,0.3,0.979608,0.996653,0.996653,0,0.790221,0.3,0.285169,82,0.688923,0.3,0.3,0.439024,0.439024,124.3,0,1440.27,-802.872,377.981,1976.83,1978.98,198.43,3.2288,41.9824,188.97,69.76,327.1,10.0757,47.3379,278.97,693.06
neuromorpho__N101.swc,3540,pyramidal,0.930333,2860,405,274,0,0,0,0,0,0,0,0,0,0,0.42882,0.257906,0.3,0.3,0.3,0.3,0.3,0.796045,0.796045,0.796045,0.814972,0.863559,0.318658,0.3,0.973077,0.996653,0.996653,0,0.737287,0.3,0.127737,51,0.816347,0.3,0.3,0.196078,0.196078,102,0,2059.65,327.96,617.958,1601.78,2894.24,162.31,-1.67884,27.2978,160.62,131.62,110.75,-18.5269,19.2116,88.67,312.88
neuromorpho__N105.swc,2138,pyramidal,0.993688,1154,470,513,0,0,0,0,0,0,0,0,0,0,0.632871,0.345264,0.3,0.3,0.3,0.3,0.3,0.518241,0.518241,0.518241,0.518241,0.518241,0.332429,0.3,0.953206,0.984569,0.996653,0.0170213,0.985786,0.985786,0,57,0.978153,0.3,0.985786,0.0175439,0.0175439,39.2,0,2224.55,592.669,719.265,2158.94,2075.34,189.48,-13.7061,38.9405,295.91,129.61,192.04,-29.4639,37.0206,215.23,409.17
neuromorpho__N107.swc,2735,pyramidal,0.993742,1792,360,582,0,0,0,0,0,0,0,0,0,0,0.545267,0.32921,0.3,0.3,0.3,0.3,0.3,0.642413,0.642413,0.645704,0.645704,0.645704,0.339953,0.3,0.940848,0.989085,0.996653,0.025,0.902125,0.3,0.121993,84,0.861941,0.3,0.3,0.190476,0.190476,32.1,0,1185.59,633.353,274.634,1801.07,2564.43,221.07,-10.9342,38.6241,287.81,135.85,193.79,8.9956,32.6332,295.95,523.06
neuromorpho__NAS3.swc,1291,interneuron,0.811161,33,1257,0,0,0,0,0,0,0,0,0,0,0,0.938793,0.107856,0.3,0.766839,0.890625,0.976005,0.976165,0.0201394,0.0201394,0.0201394,0.074361,0.238575,0.831111,0.714286,0,0.941571,0.890625,0.0206842,0,0,0,116,0.96152,0.3,0.890625,0,0.0517241,21.5,0,11.57,-15.4294,3.44554,12.08,27.48,62.8,-14.6011,14.8056,78.21,349.93,0,0,0,0,0
neuromorpho__NAS5.swc,1254,interneuron,0.518863,0,1253,0,0,0,0,0,0,0,0,0,0,0,0.772008,0.244359,0.3,0.3,0.3,0.898673,0.898673,0.211324,0.211324,0.211324,0.211324,0.999203,0,0,0,0.771826,0.3,0.211492,0,0,0,65,0.860715,0.3,0.881242,0.0615385,0.0769231,50,0,0,0,0,0,0,142.37,-37.0456,34.5406,178.04,259.86,0,0,0,0,0
neuromorpho__NAS7.swc,1345,interneuron,0.99247,0,1344,0,0,0,0,0,0,0,0,0,0,0,0.988058,0.011707,0.976165,0.976165,0.976165,0.976165,0.983766,0,0,0,0,0,0,0,0,0.988049,0.976165,0,0,0,0,162,0.989314,0.976165,0.976165,0,0,18,0,0,0,0,0,0,72.23,-33.5351,15.9243,111.31,120.62,0,0,0,0,0
neuromorpho__NGFC_160209_1M.swc,8767,interneuron,0.99764,7229,1537,0,0,0,0,0,0,0,0,0,0,0,0.99189,0.0632408,0.3,0.979266,0.986406,0.999596,0.999596,0.00821262,0.00821262,0.00821262,0.00821262,0.00821262,0.990203,0.986406,0.00995988,0.999824,0.999824,0,0,0,0,387,0.996475,0.3,0.986406,0,0,56.2,0.694762,189.68,-16.0216,40.523,496.78,455.48,130.15,-7.54592,22.9135,167.53,199.5,0,0,0,0,0
neuromorpho__NGFC_160324_1M.swc,25296,interneuron,0.997809,22205,3090,0,0,0,0,0,0,0,0,0,0,0,0.983622,0.102261,0.3,0.986406,0.999596,0.999596,0.999596,0.0218612,0.0218612,0.0218612,0.0218612,0.0218612,0.981366,0.999596,0.0249043,0.999824,0.999824,0,0,0,0,783,0.98454,0.3,0.999596,0.0178799,0.0191571,82,-3.142,187.59,-38.0209,45.6276,318.38,328.28,130.89,6.4652,25.0741,121.12,168.27,0,0,0,0,0
neuromorpho__NGFC_171116_4.swc,17166,interneuron,0.996968,15713,1452,0,0,0,0,0,0,0,0,0,0,0,0.977252,0.119353,0.3,0.972829,0.999596,0.999596,0.999596,0.0300594,0.0300594,0.0300594,0.0300594,0.0300594,0.975165,0.999596,0.0328391,0.999824,0.999824,0,0,0,0,715,0.980911,0.3,0.986406,0.0223776,0.0223776,55.6,5.48714,176,-5.81602,40.7219,532.38,259.03,178.19,6.68183,38.8035,205.59,205.16,0,0,0,0,0
neuromorpho__Ndnf-IRES2-dgCre_Ai14-306261-05-02-01_591276334_m.swc,15925,interneuron,0.996938,13056,2868,0,0,0,0,0,0,0,0,0,0,0,0.910402,0.233377,0.3,0.3,0.3,0.999596,0.999596,0.127535,0.127535,0.127535,0.127535,0.127535,0.890752,0.3,0.155561,0.999824,0.999824,0,0,0,0,410,0.94888,0.3,0.997005,0.0682927,0.0780488,90.1,0,145.4,-11.8333,32.251,736.41,568.4,66.26,1.05217,11.3785,250.52,239.14,0,0,0,0,0
neuromorpho__Neuron-2-E-and-I-synapses.swc,37032,pyramidal,0.96664,0,17769,19262,0,0,0,0,0,0,0,0,0,0,0.991001,0.00542949,0.985679,0.985786,0.985786,0.985786,0.985786,0,0,0,0,0,0,0,0,0.996653,0.996653,0,0.985786,0.985786,0,96,0.991819,0.985679,0.985786,0,0,815,-2.14882,0,0,0,0,0,84.23,-0.546558,17.5523,197.18,209.46,78.08,2.65863,17.3961,204.73,405.34
neuromorpho__Neuron-3_2_2.swc,1575,pyramidal,0.924248,0,1574,0,0,0,0,0,0,0,0,0,0,0,0.996324,0.00116928,0.992226,0.992226,0.996653,0.996653,0.996653,0,0,0,0,0,0,0,0,0.996321,0.996653,0,0,0,0,23,0.996606,0.992226,0.996653,0,0,137.2,0,0,0,0,0,0,129.21,-6.30572,31.6123,148.08,182.41,0,0,0,0,0
neuromorpho__Neuron-7-E-and-I-synapses.swc,35727,pyramidal,0.94919,0,17794,17932,0,0,0,0,0,0,0,0,0,0,0.983311,0.0583296,0.3,0.985786,0.985786,0.985786,0.985786,0.00461836,0.00461836,0.00461836,0.0220282,0.0220282,0,0,0,0.987174,0.996653,0,0.979476,0.985786,0.00920143,94,0.988111,0.3,0.985786,0,0.0106383,794.4,1.48685,0,0,0,0,0,66.83,2.6226,11.6004,190.27,211.43,62.88,-21.1436,13.5028,240.04,311.57
neuromorpho__Nkx2-1-CreERT2_Ai14-_IVSCC_-294488-04-02-01_649553736_m.swc,14791,interneuron,0.997014,13007,1783,0,0,0,0,0,0,0,0,0,0,0,0.977629,0.122083,0.3,0.999596,0.999596,0.999596,0.999596,0.031438,0.031438,0.031438,0.031438,0.031438,0.974585,0.999596,0.03575,0.999824,0.999824,0,0,0,0,517,0.992393,0.3,0.999596,0.00773694,0.0116054,66,0,191.41,-19.7782,31.9889,314.67,731.36,48.08,-6.23079,8.48908,168.54,240.68,0,0,0,0,0
neuromorpho__Nos1-CreERT2_Ai14_BT_-251975-06-01-01_563819177_m.swc,16660,interneuron,0.997782,15523,1136,0,0,0,0,0,0,0,0,0,0,0,0.994754,0.0579262,0.3,0.999596,0.999596,0.999596,0.999596,0.00690276,0.00690276,0.00690276,0.00690276,0.00690276,0.994382,0.999596,0.00740836,0.999824,0.999824,0,0,0,0,931,0.999022,0.3,0.999596,0,0,46,0,99.39,24.3213,22.0929,376.67,362.95,56.07,5.55143,9.32468,131.89,149.52,0,0,0,0,0
neuromorpho__Nos1-CreERT2_Ai14_BT_-260226-04-02-01_596793240_m.swc,10703,interneuron,0.996419,8084,2618,0,0,0,0,0,0,0,0,0,0,0,0.966249,0.149182,0.3,0.999596,0.999596,0.999596,0.999596,0.0477436,0.0477436,0.0477436,0.0477436,0.0477436,0.958922,0.999596,0.0581395,0.988864,0.999824,0.0156608,0,0,0,253,0.98059,0.3,0.999596,0.0237154,0.0237154,100.2,0,170.03,-5.81146,30.5508,464.51,572.43,118.15,19.5472,20.0435,354.08,430.58,0,0,0,0,0
neuromorpho__Nos1-CreERT2_Ai14_BT_-286854-04-01-01_596793070_m.swc,15550,interneuron,0.994467,12969,2580,0,0,0,0,0,0,0,0,0,0,0,0.914797,0.228341,0.3,0.3,0.3,0.999596,0.999596,0.121222,0.121222,0.121222,0.121222,0.121222,0.901113,0.3,0.14072,0.983549,0.999824,0.0232558,0,0,0,305,0.950716,0.3,0.86486,0.0622951,0.0786885,131.6,0,208.62,83.0847,42.5064,559.92,816.68,106.25,8.09162,16.879,229.05,509.66,0,0,0,0,0
neuromorpho__Nos1-CreERT2_Sst-IRES-FlpO_Ai65-271577-05-02-01_601947916_m.swc,12545,interneuron,0.99693,10646,1898,0,0,0,0,0,0,0,0,0,0,0,0.92749,0.212443,0.3,0.3,0.3,0.999596,0.999596,0.10283,0.10283,0.10283,0.10283,0.10283,0.914587,0.3,0.121172,0.999824,0.999824,0,0,0,0,317,0.96853,0.3,0.999596,0.044164,0.044164,94.4,0,150.22,11.9289,30.3693,595.26,904.18,72.93,12.0364,12.3463,318.29,350.83,0,0,0,0,0
neuromorpho__Nov-9-IR-1-4d-40x-low-res.swc,1881,interneuron,0.53146,0,1880,0,0,0,0,0,0,0,0,0,0,0,0.795624,0.190533,0.3,0.3,0.3,0.856273,0.856273,0.126528,0.126528,0.126528,0.126528,0.885167,0,0,0,0.795515,0.3,0.126596,0,0,0,77,0.850565,0.3,0.729956,0.0649351,0.12987,51.2,0,0,0,0,0,0,44.69,-12.1507,11.3002,435.09,927.99,0,0,0,0,0
neuromorpho__Nov4IR1e.swc,2386,pyramidal,0.930778,0,1425,960,0,0,0,0,0,0,0,0,0,0,0.939397,0.184897,0.3,0.3,0.985786,0.985786,0.996653,0.0771165,0.0771165,0.0771165,0.0771165,0.0771165,0,0,0,0.996653,0.996653,0,0.854344,0.3,0.191667,64,0.987441,0.3,0.985786,0.015625,0.015625,76.8,6.96333,0,0,0,0,0,75.26,-8.91335,14.4517,235.89,193.4,73.21,-3.81726,10.8357,200.37,432.94
neuromorpho__Oct28IR1b-40x-NL.swc,5169,pyramidal,0.715528,0,3506,1662,0,0,0,0,0,0,0,0,0,0,0.967236,0.132203,0.3,0.985786,0.985786,0.985786,0.996653,0.0377249,0.0377249,0.0377249,0.0377249,0.0377249,0,0,0,0.991686,0.996653,0.00713063,0.91564,0.3,0.102286,51,0.960596,0.3,0.985786,0.0392157,0.0588235,248,-5.09943,0,0,0,0,0,89.97,2.05278,12.7308,331.58,249.05,70.19,2.71088,12.9993,274.49,579.43
neuromorpho__Oct9-IR2-5s-40x-MM.swc,5090,pyramidal,0.957958,0,3041,2048,0,0,0,0,0,0,0,0,0,0,0.978766,0.095743,0.3,0.985786,0.985786,0.985786,0.996653,0.0194499,0.0194499,0.0194499,0.0194499,0.0194499,0,0,0,0.977639,0.996653,0.0272937,0.980428,0.985786,0.0078125,88,0.987894,0.3,0.985786,0,0,153.9,0,0,0,0,0,0,92.33,-13.1473,16.6009,350.06,269.31,81.49,-17.0506,17.2344,284.92,495.26
neuromorpho__Oct9-IR3-4H.swc,2831,pyramidal,0.989992,17,688,2125,0,0,0,0,0,0,0,0,0,0,0.986221,0.0299023,0.3,0.985786,0.985786,0.985786,0.985786,0.0010597,0.0010597,0.0010597,0.00706464,0.00706464,0.738506,0.738506,0,0.996653,0.996653,0,0.984818,0.985786,0.00141176,104,0.987835,0.3,0.985786,0,0.00961538,63.8,0,3.62,0.984706,1.14453,9.82,44.97,101.53,-2.7036,18.0789,261.08,199.44,117.36,0.516579,18.9337,210.52,450.4
neuromorpho__Oct9-IR3-4fo.swc,1523,pyramidal,0.992261,0,557,965,0,0,0,0,0,0,0,0,0,0,0.984666,0.051605,0.3,0.985786,0.985786,0.985786,0.985786,0.00459619,0.00459619,0.00459619,0.0118188,0.0118188,0,0,0,0.98393,0.996653,0.010772,0.985075,0.985786,0.00103627,80,0.985352,0.3,0.985786,0,0.0125,44.1,0,0,0,0,0,0,96.34,10.9261,17.9931,338.73,266.47,120.58,15.3421,20.141,328.18,527.47
neuromorpho__Oi27rpy1-1.swc,62146,interneuron,0.456146,54660,7485,0,0,0,0,0,0,0,0,0,0,0,0.417633,0.248359,0.3,0.3,0.3,0.3,0.3,0.81677,0.81677,0.81677,0.81677,0.81677,0.360304,0.3,0.906129,0.836202,0.3,0.164329,0,0,0,661,0.479686,0.3,0.3,0.723147,0.744327,222,0,3173.28,136.912,507.914,3106.44,2387.9,434.56,-31.2711,71.3119,483.34,666.06,0,0,0,0,0
neuromorpho__Oxtr-2A-Cre_Ai14-293841-05-02-01_614432108_m.swc,16820,interneuron,0.996106,14964,1855,0,0,0,0,0,0,0,0,0,0,0,0.99926,0.00756658,0.784091,0.999596,0.999596,0.999596,0.999596,0,0,0,0.00118906,0.00118906,0.99919,0.999596,0,0.999824,0.999824,0,0,0,0,611,0.999226,0.784091,0.999596,0,0.00163666,59,0,97.31,-10.6648,17.6847,485.47,630.03,34.26,1.04126,7.44058,210.02,342.38,0,0,0,0,0
neuromorpho__P110715-02-BC.swc,999,interneuron,0.487603,0,998,0,0,0,0,0,0,0,0,0,0,0,0.871372,0.15337,0.3,0.3,0.805077,0.908029,0.908029,0.0620621,0.0620621,0.0620621,0.0620621,0.196196,0,0,0,0.871243,0.805077,0.0621242,0,0,0,56,0.894183,0.3,0.805077,0.0535714,0.0535714,41.5,-15,0,0,0,0,0,78,-3.86573,17.2166,317.95,588.6,0,0,0,0,0
neuromorpho__P111106-02-BC.swc,2443,interneuron,0.696413,0,2442,0,0,0,0,0,0,0,0,0,0,0,0.943391,0.190547,0.3,0.3,0.999824,0.999824,0.999824,0.0806386,0.0806386,0.0806386,0.0806386,0.0806386,0,0,0,0.943368,0.999824,0.0806716,0,0,0,73,0.955034,0.3,0.941725,0.0547945,0.0547945,70.4,-15,0,0,0,0,0,132,-37.4679,37.1915,576.61,560.7,0,0,0,0,0
neuromorpho__P111123-01-AAC.swc,2647,interneuron,0.954253,144,2502,0,0,0,0,0,0,0,0,0,0,0,0.875174,0.262284,0.3,0.3,0.3,0.999824,0.999824,0.164337,0.164337,0.188515,0.188515,0.188515,0.433771,0.3,1,0.900528,0.3,0.141886,0,0,0,76,0.881679,0.3,0.3,0.171053,0.184211,79.5,3,18,-3.66667,5.10446,66.71,287.08,90,-7.96403,19.3898,574.05,852.88,0,0,0,0,0
neuromorpho__P111123-03-AAC.swc,1120,interneuron,0.482931,0,1119,0,0,0,0,0,0,0,0,0,0,0,0.749522,0.287581,0.3,0.3,0.3,0.3,0.927935,0.290179,0.290179,0.290179,0.290179,0.290179,0,0,0,0.749298,0.3,0.290438,0,0,0,63,0.731242,0.3,0.3,0.31746,0.31746,32.6,-15,0,0,0,0,0,120,2.00268,28.6709,395.88,598.16,0,0,0,0,0
neuromorpho__P111123-04n1-AAC.swc,1233,interneuron,0.861727,0,1232,0,0,0,0,0,0,0,0,0,0,0,0.882335,0.261568,0.3,0.3,0.3,0.999824,0.999824,0.167883,0.167883,0.167883,0.167883,0.167883,0,0,0,0.88224,0.3,0.168019,0,0,0,31,0.894311,0.3,0.3,0.129032,0.16129,85,-21,0,0,0,0,0,96,-25.3295,23.3292,375.86,416.58,0,0,0,0,0
neuromorpho__P111123-04n2-AAC.swc,1300,interneuron,0.927417,0,1299,0,0,0,0,0,0,0,0,0,0,0,0.57993,0.342842,0.3,0.3,0.3,0.3,0.3,0.6,0.6,0.6,0.6,0.6,0,0,0,0.579606,0.3,0.600462,0,0,0,21,0.536588,0.3,0.3,0.666667,0.714286,131,-3,0,0,0,0,0,108,-26.1132,25.7231,265.31,650.67,0,0,0,0,0
neuromorpho__PDE1c_vGluT2-KO_IN01.swc,338,interneuron,0.895124,0,337,0,0,0,0,0,0,0,0,0,0,0,0.999824,9.57259e-06,0.999824,0.999824,0.999824,0.999824,0.999824,0,0,0,0,0,0,0,0,0.999824,0.999824,0,0,0,0,17,0.999834,0.999824,0.999824,0,0,33.4,0.00333333,0,0,0,0,0,107.66,-1.44927,22.4736,205.62,202.2,0,0,0,0,0
neuromorpho__PDE1c_vGluT2-KO_IN05.swc,879,interneuron,0.824893,0,878,0,0,0,0,0,0,0,0,0,0,0,0.759909,0.321073,0.3,0.3,0.3,0.3,0.975174,0.324232,0.331058,0.331058,0.331058,0.331058,0,0,0,0.759636,0.3,0.331435,0,0,0,37,0.753175,0.3,0.3,0.351351,0.405405,61.4,0,0,0,0,0,0,144.63,16.9963,24.3689,647.75,421.35,0,0,0,0,0
neuromorpho__PDE1c_vGluT2-KO_IN06.swc,604,interneuron,0.73504,0,603,0,0,0,0,0,0,0,0,0,0,0,0.97741,0.0841359,0.3,0.976165,0.976165,0.976165,0.976165,0.0149007,0.0149007,0.0149007,0.0149007,0.0149007,0,0,0,0.977373,0.976165,0.0149254,0,0,0,32,0.986703,0.3,0.976165,0,0,35.8,0,0,0,0,0,0,134.11,-6.26479,24.1823,218.75,526.72,0,0,0,0,0
neuromorpho__PDE1c_vGluT2-KO_IN07.swc,691,interneuron,0.84876,0,690,0,0,0,0,0,0,0,0,0,0,0,0.991722,0.0748628,0.3,0.999824,0.999824,0.999824,0.999824,0.0115774,0.0115774,0.0115774,0.0115774,0.0115774,0,0,0,0.99171,0.999824,0.0115942,0,0,0,44,0.997,0.3,0.999824,0,0,28.4,0,0,0,0,0,0,68.61,-8.82542,13.8465,172.02,284.06,0,0,0,0,0
neuromorpho__PDE1c_vGluT2-KO_IN14.swc,261,interneuron,0.924671,0,260,0,0,0,0,0,0,0,0,0,0,0,0.863077,0.277488,0.3,0.3,0.3,0.999824,0.999824,0.195402,0.195402,0.195402,0.195402,0.195402,0,0,0,0.862551,0.3,0.196154,0,0,0,9,0.970249,0.3,0.946554,0,0.111111,78,0,0,0,0,0,0,30.94,3.06288,6.82695,81.15,403.13,0,0,0,0,0
neuromorpho__PDE1c_vGluT2-KO_IN23.swc,455,interneuron,0.918675,0,454,0,0,0,0,0,0,0,0,0,0,0,0.999824,8.25369e-06,0.999824,0.999824,0.999824,0.999824,0.999824,0,0,0,0,0,0,0,0,0.999824,0.999824,0,0,0,0,61,0.999827,0.999824,0.999824,0,0,15,-0.00333333,0,0,0,0,0,42.73,-0.103275,8.20836,60.75,77.38,0,0,0,0,0
neuromorpho__PDE1c_vGluT2-KO_IN33.swc,968,interneuron,0.830845,0,967,0,0,0,0,0,0,0,0,0,0,0,0.876198,0.266895,0.3,0.3,0.3,0.999824,0.999824,0.176653,0.176653,0.176653,0.176653,0.176653,0,0,0,0.87607,0.3,0.176836,0,0,0,34,0.928911,0.3,0.733891,0.0882353,0.147059,73.9,0,0,0,0,0,0,98.39,33.471,21.896,298.35,543.47,0,0,0,0,0
neuromorpho__PDE1c_vGluT2-KO_IN38.swc,784,interneuron,0.950871,0,783,0,0,0,0,0,0,0,0,0,0,0,0.999824,6.29066e-06,0.999824,0.999824,0.999824,0.999824,0.999824,0,0,0,0,0,0,0,0,0.999824,0.999824,0,0,0,0,66,0.999826,0.999824,0.999824,0,0,23,0,0,0,0,0,0,52.42,5.45178,7.82676,140.12,206.08,0,0,0,0,0
neuromorpho__PDE1c_vGluT2-KO_IN42.swc,691,interneuron,0.982606,0,690,0,0,0,0,0,0,0,0,0,0,0,0.759798,0.33221,0.3,0.3,0.3,0.3,0.999824,0.342981,0.342981,0.342981,0.342981,0.342981,0,0,0,0.75945,0.3,0.343478,0,0,0,18,0.738309,0.3,0.3,0.333333,0.444444,89.8,0,0,0,0,0,0,100.4,-17.6573,22.6342,318.56,393.31,0,0,0,0,0
neuromorpho__PDE1c_vGluT2-ctrl_IN01.swc,574,interneuron,0.854058,0,573,0,0,0,0,0,0,0,0,0,0,0,0.999824,7.35016e-06,0.999824,0.999824,0.999824,0.999824,0.999824,0,0,0,0,0,0,0,0,0.999824,0.999824,0,0,0,0,46,0.999828,0.999824,0.999824,0,0,23.5,0,0,0,0,0,0,64.38,-11.689,12.1041,88.24,101.64,0,0,0,0,0
neuromorpho__PDE1c_vGluT2-ctrl_IN03.swc,551,interneuron,0.935795,0,550,0,0,0,0,0,0,0,0,0,0,0,0.999824,7.50173e-06,0.999824,0.999824,0.999824,0.999824,0.999824,0,0,0,0,0,0,0,0,0.999824,0.999824,0,0,0,0,45,0.999828,0.999824,0.999824,0,0,24.8,0,0,0,0,0,0,76.17,-0.563273,12.6558,145.44,191.25,0,0,0,0,0
neuromorpho__PDE1c_vGluT2-ctrl_IN08.swc,259,pyramidal,0.680577,78,9,171,0,0,0,0,0,0,0,0,0,0,0.897419,0.20931,0.3,0.3,0.3,0.947713,0.985786,0.108108,0.108108,0.108108,0.108108,0.108108,0.937105,0.91918,0,0.996653,0.996653,0,0.873494,0.3,0.163743,18,0.748272,0.3,0.3,0.333333,0.333333,31.3,0,58.38,-6.56333,14.0528,108,119.83,5.18,-3.11778,1.64695,9.51,12.39,72.76,-1.3007,10.7933,273.02,186.1
neuromorpho__PDE1c_vGluT2-ctrl_IN18.swc,614,interneuron,0.910601,0,613,0,0,0,0,0,0,0,0,0,0,0,0.999824,7.10711e-06,0.999824,0.999824,0.999824,0.999824,0.999824,0,0,0,0,0,0,0,0,0.999824,0.999824,0,0,0,0,29,0.99983,0.999824,0.999824,0,0,37.2,0,0,0,0,0,0,103.47,-14.6274,19.701,203.46,332.43,0,0,0,0,0
neuromorpho__PDE1c_vGluT2-ctrl_IN20.swc,455,interneuron,0.955871,0,454,0,0,0,0,0,0,0,0,0,0,0,0.992134,0.0729573,0.3,0.999824,0.999824,0.999824,0.999824,0.010989,0.010989,0.010989,0.010989,0.010989,0,0,0,0.992116,0.999824,0.0110132,0,0,0,25,0.997331,0.3,0.999824,0,0,41.8,0,0,0,0,0,0,51.76,6.12313,10.1291,131.36,299.14,0,0,0,0,0
neuromorpho__PDE1c_vGluT2-ctrl_IN26.swc,446,interneuron,0.924449,0,445,0,0,0,0,0,0,0,0,0,0,0,0.999241,0.00366954,0.976165,0.999824,0.999824,0.999824,0.999824,0,0,0,0,0,0,0,0,0.999239,0.999824,0,0,0,0,40,0.999237,0.976165,0.999824,0,0,22,0.00333333,0,0,0,0,0,45.72,-0.825783,8.67905,76.08,88.53,0,0,0,0,0
neuromorpho__PDE1c_vGluT2-ctrl_IN33.swc,529,pyramidal,0.734363,0,528,0,0,0,0,0,0,0,0,0,0,0,0.99666,0.000145372,0.996653,0.996653,0.996653,0.996653,0.996653,0,0,0,0,0,0,0,0,0.996653,0.996653,0,0,0,0,28,0.996773,0.996653,0.996653,0,0,39.2,0.00333333,0,0,0,0,0,56.48,-5.48991,11.7405,104.26,196.85,0,0,0,0,0
neuromorpho__PDE1c_vGluT2-ctrl_IN34.swc,507,interneuron,0.94171,0,506,0,0,0,0,0,0,0,0,0,0,0,0.999824,7.81986e-06,0.999824,0.999824,0.999824,0.999824,0.999824,0,0,0,0,0,0,0,0,0.999824,0.999824,0,0,0,0,53,0.999827,0.999824,0.999824,0,0,20.8,0,0,0,0,0,0,65.74,2.7751,9.15139,67.07,120.21,0,0,0,0,0
neuromorpho__PDE1c_vGluT2-ctrl_IN35.swc,737,pyramidal,0.71967,0,736,0,0,0,0,0,0,0,0,0,0,0,0.996658,0.000123195,0.996653,0.996653,0.996653,0.996653,0.996653,0,0,0,0,0,0,0,0,0.996653,0.996653,0,0,0,0,46,0.996726,0.996653,0.996653,0,0,40.5,0,0,0,0,0,0,49.36,-2.86594,8.16166,155.31,233.08,0,0,0,0,0
neuromorpho__PFC-20140312B_Analysis.swc,15042,interneuron,0.997536,13486,1555,0,0,0,0,0,0,0,0,0,0,0,0.951596,0.165999,0.3,0.3,0.972829,0.999596,0.999596,0.0569738,0.0569738,0.0630235,0.0738599,0.0755884,0.973431,0.972829,0.0311434,0.762199,0.3,0.33955,0,0,0,341,0.980398,0.3,0.972829,0.0205279,0.026393,95,0,209.54,-15.5533,37.6664,470.72,961.51,97.12,13.7657,15.6578,324.09,671.52,0,0,0,0,0
neuromorpho__PFC07072016D_Analysis.swc,22362,interneuron,0.995081,18318,4043,0,0,0,0,0,0,0,0,0,0,0,0.940531,0.194565,0.3,0.3,0.999596,0.999596,0.999596,0.0844737,0.0844737,0.0844737,0.0844737,0.0844737,0.94723,0.999596,0.0748444,0.91016,0.3,0.128123,0,0,0,461,0.968182,0.3,0.999596,0.0433839,0.0542299,105,0,657.12,-15.4424,85.2189,594.38,1018.41,207.44,0.906963,38.2428,416.28,642.83,0,0,0,0,0
neuromorpho__PFC13022019C_Analysis.swc,11581,interneuron,0.919454,10088,1492,0,0,0,0,0,0,0,0,0,0,0,0.70866,0.343846,0.3,0.3,0.3,0.3,0.999596,0.414472,0.414472,0.414472,0.414472,0.414472,0.668482,0.3,0.471649,0.980124,0.999824,0.0281501,0,0,0,101,0.842235,0.3,0.3,0.207921,0.237624,289,0,312.65,-83.5854,60.8696,510.47,1119.54,247.14,-49.9243,54.404,305.42,358.42,0,0,0,0,0
neuromorpho__PFC160308A_Analysis.swc,20183,interneuron,0.840861,11887,8295,0,0,0,0,0,0,0,0,0,0,0,0.819416,0.305997,0.3,0.3,0.3,0.3,0.999596,0.257643,0.257643,0.257643,0.257643,0.257643,0.838454,0.3,0.230336,0.792112,0.3,0.296805,0,0,0,191,0.870839,0.3,0.3,0.17801,0.188482,247,0,241.81,-21.7698,48.8828,681.91,721.65,192.56,-48.838,40.0321,673.38,815.91,0,0,0,0,0
neuromorpho__PFC160621A_Analysis.swc,72435,interneuron,0.996778,60255,12179,0,0,0,0,0,0,0,0,0,0,0,0.942839,0.191039,0.3,0.3,0.999596,0.999596,0.999596,0.0811486,0.0811486,0.0811486,0.0811486,0.0811486,0.98981,0.999596,0.0139739,0.710448,0.3,0.413499,0,0,0,1020,0.988308,0.3,0.999596,0.0156863,0.0196078,142,0,423.98,-30.3535,81.1606,861.64,855.87,397.16,-31.2492,76.084,412.9,834.8,0,0,0,0,0
neuromorpho__PRLKO_10.swc,686,pyramidal,0.993477,0,685,0,0,0,0,0,0,0,0,0,0,0,0.996658,0.000127686,0.996653,0.996653,0.996653,0.996653,0.996653,0,0,0,0,0,0,0,0,0.996653,0.996653,0,0,0,0,37,0.996744,0.996653,0.996653,0,0,36.4,0,0,0,0,0,0,120.42,-33.7856,29.306,193.38,212.33,0,0,0,0,0
neuromorpho__PRLKO_12.swc,635,pyramidal,0.989513,0,634,0,0,0,0,0,0,0,0,0,0,0,0.996659,0.000132706,0.996653,0.996653,0.996653,0.996653,0.996653,0,0,0,0,0,0,0,0,0.996653,0.996653,0,0,0,0,41,0.996735,0.996653,0.996653,0,0,33,0,0,0,0,0,0,72.72,-16.6796,13.9227,239.51,234.9,0,0,0,0,0
neuromorpho__PRLKO_22.swc,905,pyramidal,0.989673,0,904,0,0,0,0,0,0,0,0,0,0,0,0.98885,0.0728194,0.3,0.996653,0.996653,0.996653,0.996653,0.0110497,0.0110497,0.0110497,0.0110497,0.0110497,0,0,0,0.988838,0.996653,0.0110619,0,0,0,54,0.993829,0.3,0.996653,0,0,37.8,0,0,0,0,0,0,129.05,-32.3114,29.5686,248.31,287.14,0,0,0,0,0
neuromorpho__PRLKO_29.swc,710,pyramidal,0.971072,0,446,263,0,0,0,0,0.0152407,0,0,0,0,0,0.927706,0.0906326,0.765495,0.765495,0.819338,0.819338,0.996653,0,0,0,0.0535211,0.370423,0,0,0,0.996653,0.996653,0,0.810509,0.765495,0,43,0.924175,0.765495,0.819338,0,0.0232558,31.6,0,0,0,0,0,0,78.77,-24.0282,17.8697,254.88,169.87,75.41,-24.1496,19.5728,136.91,237.92
neuromorpho__PRLKO_3.swc,297,pyramidal,0.967416,0,296,0,0,0,0,0,0,0,0,0,0,0,0.996665,0.00019387,0.996653,0.996653,0.996653,0.996653,0.996653,0,0,0,0,0,0,0,0,0.996653,0.996653,0,0,0,0,21,0.996813,0.996653,0.996653,0,0,24,0,0,0,0,0,0,47.85,-13.551,11.7166,159.09,174.82,0,0,0,0,0
neuromorpho__PRLKO_8.swc,394,pyramidal,0.980696,0,393,0,0,0,0,0,0,0,0,0,0,0,0.996662,0.000168392,0.996653,0.996653,0.996653,0.996653,0.996653,0,0,0,0,0,0,0,0,0.996653,0.996653,0,0,0,0,21,0.996813,0.996653,0.996653,0,0,42,0,0,0,0,0,0,107.54,-37.8802,26.8943,147.21,154.46,0,0,0,0,0
neuromorpho__PRL_10.swc,787,pyramidal,0.985623,0,786,0,0,0,0,0,0,0,0,0,0,0,0.996658,0.000119222,0.996653,0.996653,0.996653,0.996653,0.996653,0,0,0,0,0,0,0,0,0.996653,0.996653,0,0,0,0,36,0.996746,0.996653,0.996653,0,0,40,0,0,0,0,0,0,92.08,-13.0177,21.1965,216.5,282.78,0,0,0,0,0
neuromorpho__PRL_17.swc,301,pyramidal,0.884179,0,300,0,0,0,0,0,0,0,0,0,0,0,0.996664,0.000192582,0.996653,0.996653,0.996653,0.996653,0.996653,0,0,0,0,0,0,0,0,0.996653,0.996653,0,0,0,0,17,0.99685,0.996653,0.996653,0,0,36,0,0,0,0,0,0,92.71,-28.2288,19.1012,119.23,180.76,0,0,0,0,0
neuromorpho__PRL_2.swc,527,pyramidal,0.95516,0,526,0,0,0,0,0,0,0,0,0,0,0,0.99666,0.000145647,0.996653,0.996653,0.996653,0.996653,0.996653,0,0,0,0,0,0,0,0,0.996653,0.996653,0,0,0,0,31,0.996761,0.996653,0.996653,0,0,30,0,0,0,0,0,0,81.47,-24.0965,15.4296,210.3,204.43,0,0,0,0,0
neuromorpho__PRL_21.swc,500,pyramidal,0.971956,0,499,0,0,0,0,0,0,0,0,0,0,0,0.99666,0.000149521,0.996653,0.996653,0.996653,0.996653,0.996653,0,0,0,0,0,0,0,0,0.996653,0.996653,0,0,0,0,27,0.996777,0.996653,0.996653,0,0,41.4,0,0,0,0,0,0,66.94,-18.9036,13.4279,109.48,143.99,0,0,0,0,0
neuromorpho__PRL_22.swc,498,pyramidal,0.993677,0,497,0,0,0,0,0,0,0,0,0,0,0,0.99666,0.00014982,0.996653,0.996653,0.996653,0.996653,0.996653,0,0,0,0,0,0,0,0,0.996653,0.996653,0,0,0,0,32,0.996758,0.996653,0.996653,0,0,30,0,0,0,0,0,0,86.78,-23.2868,19.9007,182.46,192.24,0,0,0,0,0
neuromorpho__PRL_32.swc,362,pyramidal,0.975422,0,361,0,0,0,0,0,0,0,0,0,0,0,0.996663,0.000175657,0.996653,0.996653,0.996653,0.996653,0.996653,0,0,0,0,0,0,0,0,0.996653,0.996653,0,0,0,0,23,0.996799,0.996653,0.996653,0,0,28.6,0,0,0,0,0,0,60.72,-15.5561,12.3399,125.37,198.2,0,0,0,0,0
neuromorpho__PRL_37.swc,845,pyramidal,0.977608,0,548,296,0,0,0,0,0,0,0,0,0,0,0.840918,0.212475,0.503757,0.52542,0.540522,0.565675,0.996653,0,0.338462,0.350296,0.350296,0.350296,0,0,0,0.996653,0.996653,0,0.55206,0.52542,1,48,0.838515,0.503757,0.535991,0.354167,0.354167,38.9,0,0,0,0,0,0,97.39,-24.5052,23.1377,249.97,279.26,92.22,-27.8667,19.9833,156.14,254.52
neuromorpho__PRL_39.swc,477,pyramidal,0.968605,0,476,0,0,0,0,0,0,0,0,0,0,0,0.99666,0.000153075,0.996653,0.996653,0.996653,0.996653,0.996653,0,0,0,0,0,0,0,0,0.996653,0.996653,0,0,0,0,21,0.996813,0.996653,0.996653,0,0,55,0,0,0,0,0,0,69.96,-18.2313,16.5725,165.25,199.34,0,0,0,0,0
neuromorpho__PRL_4.swc,378,pyramidal,0.971651,0,377,0,0,0,0,0,0,0,0,0,0,0,0.996662,0.000171909,0.996653,0.996653,0.996653,0.996653,0.996653,0,0,0,0,0,0,0,0,0.996653,0.996653,0,0,0,0,19,0.996829,0.996653,0.996653,0,0,37.2,0,0,0,0,0,0,73.77,-19.541,21.1197,145.42,231.38,0,0,0,0,0
neuromorpho__PRL_45.swc,760,pyramidal,0.985402,0,759,0,0,0,0,0,0,0,0,0,0,0,0.988256,0.0753489,0.3,0.996653,0.996653,0.996653,0.996653,0.0118421,0.0118421,0.0118421,0.0118421,0.0118421,0,0,0,0.988241,0.996653,0.0118577,0,0,0,36,0.994135,0.3,0.996653,0,0,52,0,0,0,0,0,0,110.88,-18.1133,23.4494,249.48,331.57,0,0,0,0,0
neuromorpho__PRL_49.swc,271,pyramidal,0.863658,0,270,0,0,0,0,0,0,0,0,0,0,0,0.995685,0.00185602,0.992226,0.992226,0.992226,0.996653,0.996653,0,0,0,0,0,0,0,0,0.995669,0.992226,0,0,0,0,14,0.99626,0.992226,0.993554,0,0,39.9,0,0,0,0,0,0,62.72,-12.7365,13.3656,86.78,280.04,0,0,0,0,0
neuromorpho__PRL_6.swc,652,pyramidal,0.989291,0,651,0,0,0,0,0,0,0,0,0,0,0,0.996216,0.00135069,0.992091,0.992091,0.996653,0.996653,0.996653,0,0,0,0,0,0,0,0,0.99621,0.996653,0,0,0,0,37,0.996142,0.992091,0.992226,0,0,40,0,0,0,0,0,0,74.96,-18.2302,15.9273,229.84,318.86,0,0,0,0,0
neuromorpho__PRL_8.swc,517,pyramidal,0.994802,0,516,0,0,0,0,0,0,0,0,0,0,0,0.99666,0.000147047,0.996653,0.996653,0.996653,0.996653,0.996653,0,0,0,0,0,0,0,0,0.996653,0.996653,0,0,0,0,29,0.996769,0.996653,0.996653,0,0,35.6,0,0,0,0,0,0,84.05,-17.4816,17.446,181.47,222.03,0,0,0,0,0
neuromorpho__PSD24-F2b-S1.swc,464,interneuron,0.987087,0,463,0,0,0,0,0,0,0,0,0,0,0,0.999824,8.17342e-06,0.999824,0.999824,0.999824,0.999824,0.999824,0,0,0,0,0,0,0,0,0.999824,0.999824,0,0,0,0,60,0.999827,0.999824,0.999824,0,0,16.4,3.786,0,0,0,0,0,16.04,-0.201076,3.72346,48.05,37.92,0,0,0,0,0
neuromorpho__PSD29-F1-S1.swc,655,interneuron,0.971179,0,654,0,0,0,0,0,0,0,0,0,0,0,0.999824,6.88143e-06,0.999824,0.999824,0.999824,0.999824,0.999824,0,0,0,0,0,0,0,0,0.999824,0.999824,0,0,0,0,136,0.999825,0.999824,0.999824,0,0,9,-9.295,0,0,0,0,0,28.32,2.25506,5.95143,46.85,146.96,0,0,0,0,0
neuromorpho__PVCre_cell4.swc,1231,pyramidal,0.933976,40,679,511,0,0,0,0,0,0,0,0,0,0,0.982973,0.0761488,0.3,0.985786,0.985786,0.985786,0.996653,0.0121852,0.0121852,0.0121852,0.0121852,0.0121852,0.714401,0.3,0.375,0.996653,0.996653,0,0.985786,0.985786,0,108,0.990348,0.3,0.985786,0,0.00925926,25,0,13.4,-6.725,2.91178,175.52,213.72,58.39,-10.4643,13.2977,216.55,303.66,96.95,-26.7389,18.8659,222.55,308
neuromorpho__P_F_3.swc,38607,interneuron,0.995188,31668,6938,0,0,0,0,0,0,0,0,0,0,0,0.99459,0.0585211,0.3,0.999596,0.999596,0.999596,0.999596,0.00704535,0.00704535,0.00704535,0.00704535,0.00704535,0.999455,0.999596,0,0.972388,0.999824,0.0392044,0,0,0,678,0.997138,0.3,0.999596,0.00294985,0.00294985,134.9,0,248.03,2.24618,42.0585,268.52,353.11,224.17,-9.35334,43.6023,216.05,483.4,0,0,0,0,0
neuromorpho__P_F_6.swc,31739,interneuron,0.995181,26236,5502,0,0,0,0,0,0,0,0,0,0,0,0.990195,0.0805073,0.3,0.999596,0.999596,0.999596,0.999596,0.013422,0.013422,0.013422,0.013422,0.013422,0.999538,0.999596,0,0.945639,0.999824,0.0774264,0,0,0,581,0.998653,0.3,0.999596,0,0.00172117,117,3.71206,310.78,38.6009,50.5507,191.12,382.97,190.8,11.3478,32.3766,238.88,480.19,0,0,0,0,0
neuromorpho__Pvalb-IRES-Cre_Ai14-198335-04-01-01_653182186_m.swc,10340,interneuron,0.996096,8077,2262,0,0,0,0,0,0,0,0,0,0,0,0.916853,0.220958,0.3,0.3,0.3,0.999596,0.999596,0.112573,0.112573,0.11499,0.115571,0.116441,0.908321,0.3,0.126408,0.947281,0.999824,0.0742706,0,0,0,262,0.935589,0.3,0.846707,0.0839695,0.0877863,88.9,0,72.05,-1.81431,12.9214,716.48,571.39,31.86,-0.0990584,5.26512,416.47,428.38,0,0,0,0,0
neuromorpho__Pvalb-IRES-Cre_Ai14-296193-03-01-02_650175812_m.swc,18692,interneuron,0.994252,17215,1476,0,0,0,0,0,0,0,0,0,0,0,0.998523,0.0250959,0.3,0.999596,0.999596,0.999596,0.999596,0.00128397,0.00128397,0.00128397,0.00128397,0.00128397,0.999387,0.999596,0,0.988445,0.999824,0.0162602,0,0,0,733,0.999418,0.3,0.999596,0,0,58.8,0,145.77,15.2371,25.1371,486.46,385.54,56.32,3.02719,8.95568,193.14,278.26,0,0,0,0,0
neuromorpho__Pvalb-IRES-Cre_Ai14-296193-04-01-01_596792650_m.swc,32682,interneuron,0.980583,29670,3011,0,0,0,0,0,0,0,0,0,0,0,0.951879,0.175867,0.3,0.3,0.999596,0.999596,0.999596,0.0677743,0.0677743,0.0679579,0.0679579,0.0679579,0.948191,0.999596,0.0731716,0.988203,0.999824,0.0166058,0,0,0,753,0.977383,0.3,0.999596,0.0305445,0.0332005,99.8,0,159.37,-27.8776,28.2561,1001.69,909.99,52.82,-1.4962,9.16198,312.48,427.18,0,0,0,0,0
neuromorpho__Pvalb-IRES-Cre_Ai14-305768-04-02-01_656999337_m.swc,15273,interneuron,0.997459,12973,2299,0,0,0,0,0,0,0,0,0,0,0,0.987993,0.0894707,0.3,0.999596,0.999596,0.999596,0.999596,0.0166307,0.0166307,0.0166307,0.0166307,0.0166307,0.992639,0.999596,0.00994373,0.961773,0.999824,0.0543715,0,0,0,613,0.998363,0.3,0.999596,0.00163132,0.00163132,57,0,105.42,-3.56274,19.5171,568.96,513.56,45.61,4.73358,8.11641,202.42,374.6,0,0,0,0,0
neuromorpho__RG2-F9-cell1.swc,600,interneuron,0.926564,0,599,0,0,0,0,0,0,0,0,0,0,0,0.999824,7.18942e-06,0.999824,0.999824,0.999824,0.999824,0.999824,0,0,0,0,0,0,0,0,0.999824,0.999824,0,0,0,0,91,0.999826,0.999824,0.999824,0,0,13,0.9,0,0,0,0,0,5.85,-1.65755,1.54316,35.61,57.88,0,0,0,0,0
neuromorpho__RG3-F1.swc,1105,interneuron,0.968965,0,1104,0,0,0,0,0,0,0,0,0,0,0,0.999824,5.29973e-06,0.999824,0.999824,0.999824,0.999824,0.999824,0,0,0,0,0,0,0,0,0.999824,0.999824,0,0,0,0,206,0.999825,0.999824,0.999824,0,0,10.5,3.595,0,0,0,0,0,40.36,-16.7392,12.8711,34.31,123.37,0,0,0,0,0
neuromorpho__Red_19weeks_Neuron5.swc,61,pyramidal,0.891101,0,60,0,0,0,0,0,0,0,0,0,0,0,0.995641,0.00247015,0.990146,0.990146,0.990146,0.996653,0.996653,0,0,0,0,0,0,0,0,0.995569,0.990146,0,0,0,0,16,0.996456,0.990146,0.996653,0,0,8.5,0,0,0,0,0,0,6.99,0.584333,2.04313,24.56,88.85,0,0,0,0,0
neuromorpho__Red_19weeks_Neuron6.swc,49,pyramidal,0.94194,0,48,0,0,0,0,0,0.0115333,0,0,0,0,0,0.915247,0.129052,0.616693,0.660208,0.72548,0.765117,0.996653,0,0,0.0612245,0.265306,0.306122,0,0,0,0.913482,0.72548,0.0625,0,0,0,13,0.898393,0.616693,0.726632,0.0769231,0.307692,10.8,0,0,0,0,0,0,18.77,-3.47729,5.56849,14.88,84.05,0,0,0,0,0
neuromorpho__Red_1week_Neuron3_addl.swc,29,pyramidal,0.961781,0,28,0,0,0,0,0,0,0,0,0,0,0,0.996769,0.000610663,0.996653,0.996653,0.996653,0.996653,0.996653,0,0,0,0,0,0,0,0,0.996653,0.996653,0,0,0,0,6,0.997211,0.996653,0.996653,0,0,9.5,0,0,0,0,0,0,8.03,-1.98821,3.00984,10.97,59.47,0,0,0,0,0
neuromorpho__Red_2weeks_Neuron5.swc,63,pyramidal,0.768453,0,62,0,0,0,0,0,0,0,0,0,0,0,0.827144,0.171692,0.64708,0.64708,0.64708,0.64708,0.990146,0,0,0.47619,0.47619,0.47619,0,0,0,0.824356,0.64708,0.483871,0,0,0,4,0.90847,0.64708,0.749999,0.25,0.25,30,0,0,0,0,0,0,10.03,4.51065,3.11311,13.38,123.14,0,0,0,0,0
neuromorpho__Red_2weeks__Neuron3.swc,47,pyramidal,0.966678,0,46,0,0,0,0,0,0,0,0,0,0,0,0.99211,0.00674539,0.950015,0.987607,0.991555,0.991926,0.992091,0,0,0,0,0,0,0,0,0.991939,0.991534,0,0,0,0,17,0.990412,0.950015,0.989246,0,0,5,0,0,0,0,0,0,3.22,0.188478,0.835716,18.53,83.64,0,0,0,0,0
neuromorpho__Red_4weeks_Neuron12_addl.swc,79,interneuron,0.404516,0,78,0,0,0,0,0,0,0,0,0,0,0,0.941488,0.00664406,0.940502,0.940502,0.940502,0.940502,0.940502,0,0,0,0,0,0,0,0,0.940738,0.940502,0,0,0,0,12,0.945679,0.940502,0.940502,0,0,9.8,0,0,0,0,0,0,13.33,5.40654,3.9578,16.85,81.44,0,0,0,0,0
neuromorpho__Red_6weeks_Neuron1_addl.swc,32,pyramidal,0.963693,0,31,0,0,0,0,0,0,0,0,0,0,0,0.996758,0.000582306,0.996653,0.996653,0.996653,0.996653,0.996653,0,0,0,0,0,0,0,0,0.996653,0.996653,0,0,0,0,10,0.996988,0.996653,0.996653,0,0,4.3,0,0,0,0,0,0,4.05,0.63129,0.965504,8.2,65.42,0,0,0,0,0
neuromorpho__Red_7-5w_Neuron6.swc,27,pyramidal,0.990258,0,26,0,0,0,0,0,0,0,0,0,0,0,0.99509,0.00299166,0.990146,0.990146,0.990146,0.9934,0.996653,0,0,0,0,0,0,0,0,0.994901,0.990146,0,0,0,0,7,0.996202,0.990146,0.99405,0,0,6.4,0,0,0,0,0,0,3.58,-0.888846,1.02162,15.47,42.1,0,0,0,0,0
neuromorpho__Red_7-5week_Neuron5.swc,68,pyramidal,0.97397,0,67,0,0,0,0,0,0,0,0,0,0,0,0.92052,0.118428,0.693926,0.723973,0.744086,0.751574,0.996653,0,0,0.0294118,0.294118,0.294118,0,0,0,0.919333,0.743397,0.0298507,0,0,0,18,0.894296,0.693926,0.728611,0.0555556,0.388889,7.3,0,0,0,0,0,0,12.34,1.02716,2.89333,42.93,65.62,0,0,0,0,0
neuromorpho__Red_7-5weeks_Neuron2.swc,16,pyramidal,0.984722,5,10,0,0,0,0,0,0,0,0,0,0,0,0.952909,0.0653397,0.856001,0.856001,0.856001,0.856001,0.996653,0,0,0,0,0.3125,0.856001,0.856001,0,0.996653,0.996653,0,0,0,0,6,0.973769,0.856001,0.926327,0,0,4.5,0,5.25,-1.818,1.78617,3.99,14.07,4.79,1.287,1.46801,5.3,11.53,0,0,0,0,0
neuromorpho__Red_8weeks_Neuron6.swc,28,pyramidal,0.87272,0,27,0,0,0,0,0,0,0,0,0,0,0,0.996773,0.000621075,0.996653,0.996653,0.996653,0.996653,0.996653,0,0,0,0,0,0,0,0,0.996653,0.996653,0,0,0,0,6,0.997211,0.996653,0.996653,0,0,6.5,0,0,0,0,0,0,11.55,3.74074,4.07416,5.33,36.13,0,0,0,0,0
neuromorpho__S1KO_10.swc,1067,pyramidal,0.960531,0,1066,0,0,0,0,0,0,0,0,0,0,0,0.996656,0.000102408,0.996653,0.996653,0.996653,0.996653,0.996653,0,0,0,0,0,0,0,0,0.996653,0.996653,0,0,0,0,75,0.996698,0.996653,0.996653,0,0,26,0,0,0,0,0,0,71.04,-12.183,16.3685,197.3,239.42,0,0,0,0,0
neuromorpho__S1KO_11.swc,742,pyramidal,0.995378,0,741,0,0,0,0,0,0,0,0,0,0,0,0.996658,0.000122779,0.996653,0.996653,0.996653,0.996653,0.996653,0,0,0,0,0,0,0,0,0.996653,0.996653,0,0,0,0,62,0.996707,0.996653,0.996653,0,0,26.8,0,0,0,0,0,0,59.2,-12.0506,11.2508,205.16,204.59,0,0,0,0,0
neuromorpho__S1KO_15.swc,677,pyramidal,0.991962,0,676,0,0,0,0,0,0,0,0,0,0,0,0.996658,0.00012853,0.996653,0.996653,0.996653,0.996653,0.996653,0,0,0,0,0,0,0,0,0.996653,0.996653,0,0,0,0,47,0.996724,0.996653,0.996653,0,0,28.8,0,0,0,0,0,0,61.64,-17.4193,13.2438,163.81,217.74,0,0,0,0,0
neuromorpho__S1KO_22.swc,1181,pyramidal,0.996277,0,1180,0,0,0,0,0,0,0,0,0,0,0,0.996656,9.73445e-05,0.996653,0.996653,0.996653,0.996653,0.996653,0,0,0,0,0,0,0,0,0.996653,0.996653,0,0,0,0,73,0.996699,0.996653,0.996653,0,0,34.4,0,0,0,0,0,0,80.28,-14.1245,15.7161,196.66,233.7,0,0,0,0,0
neuromorpho__S1KO_24.swc,545,pyramidal,0.996303,0,544,0,0,0,0,0,0,0,0,0,0,0,0.996659,0.000143227,0.996653,0.996653,0.996653,0.996653,0.996653,0,0,0,0,0,0,0,0,0.996653,0.996653,0,0,0,0,42,0.996733,0.996653,0.996653,0,0,28.7,0,0,0,0,0,0,61.91,-12.4349,14.3074,154.83,252.41,0,0,0,0,0
neuromorpho__S1KO_3.swc,516,pyramidal,0.994203,0,515,0,0,0,0,0,0,0,0,0,0,0,0.99666,0.000147189,0.996653,0.996653,0.996653,0.996653,0.996653,0,0,0,0,0,0,0,0,0.996653,0.996653,0,0,0,0,43,0.996731,0.996653,0.996653,0,0,25.8,0,0,0,0,0,0,59.37,-2.66037,11.4853,183.22,198.28,0,0,0,0,0
neuromorpho__S1KO_34.swc,960,pyramidal,0.983819,0,959,0,0,0,0,0,0,0,0,0,0,0,0.996657,0.000107959,0.996653,0.996653,0.996653,0.996653,0.996653,0,0,0,0,0,0,0,0,0.996653,0.996653,0,0,0,0,67,0.996703,0.996653,0.996653,0,0,29,0,0,0,0,0,0,52.72,-6.07226,10.8441,232.69,243.48,0,0,0,0,0
neuromorpho__S1KO_38.swc,817,pyramidal,0.987968,0,816,0,0,0,0,0,0,0,0,0,0,0,0.996657,0.000117016,0.996653,0.996653,0.996653,0.996653,0.996653,0,0,0,0,0,0,0,0,0.996653,0.996653,0,0,0,0,58,0.996711,0.996653,0.996653,0,0,29.6,0,0,0,0,0,0,51.17,-6.27484,10.7627,223.45,240.85,0,0,0,0,0
neuromorpho__S1KO_4.swc,699,pyramidal,0.995718,0,698,0,0,0,0,0,0,0,0,0,0,0,0.996658,0.000126494,0.996653,0.996653,0.996653,0.996653,0.996653,0,0,0,0,0,0,0,0,0.996653,0.996653,0,0,0,0,60,0.996709,0.996653,0.996653,0,0,28.2,0,0,0,0,0,0,53.77,-14.0546,13.1646,185.3,194.67,0,0,0,0,0
neuromorpho__S1KO_45.swc,978,pyramidal,0.994775,0,977,0,0,0,0,0,0,0,0,0,0,0,0.996657,0.000106962,0.996653,0.996653,0.996653,0.996653,0.996653,0,0,0,0,0,0,0,0,0.996653,0.996653,0,0,0,0,76,0.996697,0.996653,0.996653,0,0,30.5,0,0,0,0,0,0,60.27,-8.7891,12.3296,212.02,224.62,0,0,0,0,0
neuromorpho__S1KO_7.swc,1108,pyramidal,0.992018,0,1107,0,0,0,0,0,0,0,0,0,0,0,0.996656,0.000100497,0.996653,0.996653,0.996653,0.996653,0.996653,0,0,0,0,0,0,0,0,0.996653,0.996653,0,0,0,0,77,0.996697,0.996653,0.996653,0,0,29,0,0,0,0,0,0,59.39,-9.76922,13.371,239.55,235.81,0,0,0,0,0
neuromorpho__S1_21.swc,291,pyramidal,0.996014,0,290,0,0,0,0,0,0,0,0,0,0,0,0.9963,0.00123703,0.992226,0.992226,0.996653,0.996653,0.996653,0,0,0,0,0,0,0,0,0.996287,0.996653,0,0,0,0,37,0.996624,0.992226,0.996653,0,0,19.2,0,0,0,0,0,0,54.52,-3.28303,10.3107,159.68,196.94,0,0,0,0,0
neuromorpho__S1_23.swc,720,pyramidal,0.994962,0,719,0,0,0,0,0,0,0,0,0,0,0,0.996658,0.000124639,0.996653,0.996653,0.996653,0.996653,0.996653,0,0,0,0,0,0,0,0,0.996653,0.996653,0,0,0,0,59,0.99671,0.996653,0.996653,0,0,27.2,0,0,0,0,0,0,65.87,-13.5898,14.4466,152.26,213.88,0,0,0,0,0
neuromorpho__S1_29.swc,749,pyramidal,0.996923,0,748,0,0,0,0,0,0,0,0,0,0,0,0.996658,0.000122205,0.996653,0.996653,0.996653,0.996653,0.996653,0,0,0,0,0,0,0,0,0.996653,0.996653,0,0,0,0,57,0.996712,0.996653,0.996653,0,0,33.8,0,0,0,0,0,0,72.08,-10.6603,13.276,141.26,220.09,0,0,0,0,0
neuromorpho__S1_32.swc,419,pyramidal,0.987707,0,418,0,0,0,0,0,0,0,0,0,0,0,0.996661,0.000163303,0.996653,0.996653,0.996653,0.996653,0.996653,0,0,0,0,0,0,0,0,0.996653,0.996653,0,0,0,0,64,0.996706,0.996653,0.996653,0,0,13.7,0,0,0,0,0,0,34.06,-6.22361,7.99756,170.49,225.46,0,0,0,0,0
neuromorpho__S1_36.swc,449,pyramidal,0.994644,0,448,0,0,0,0,0,0,0,0,0,0,0,0.996661,0.000157766,0.996653,0.996653,0.996653,0.996653,0.996653,0,0,0,0,0,0,0,0,0.996653,0.996653,0,0,0,0,34,0.996752,0.996653,0.996653,0,0,30.4,0,0,0,0,0,0,48.47,-8.68873,8.8996,153.43,166,0,0,0,0,0
neuromorpho__S1_39.swc,363,pyramidal,0.995397,0,362,0,0,0,0,0,0,0,0,0,0,0,0.996662,0.000175416,0.996653,0.996653,0.996653,0.996653,0.996653,0,0,0,0,0,0,0,0,0.996653,0.996653,0,0,0,0,41,0.996735,0.996653,0.996653,0,0,18,0,0,0,0,0,0,46.49,-4.94693,8.98585,182.9,204.91,0,0,0,0,0
neuromorpho__S1_46.swc,602,pyramidal,0.996692,0,601,0,0,0,0,0,0,0,0,0,0,0,0.996659,0.000136289,0.996653,0.996653,0.996653,0.996653,0.996653,0,0,0,0,0,0,0,0,0.996653,0.996653,0,0,0,0,49,0.996722,0.996653,0.996653,0,0,27.2,0,0,0,0,0,0,56.03,-5.98845,11.8358,185.6,177.28,0,0,0,0,0
neuromorpho__S1_6.swc,589,pyramidal,0.994833,0,588,0,0,0,0,0,0,0,0,0,0,0,0.996659,0.000137782,0.996653,0.996653,0.996653,0.996653,0.996653,0,0,0,0,0,0,0,0,0.996653,0.996653,0,0,0,0,48,0.996723,0.996653,0.996653,0,0,24.3,0,0,0,0,0,0,78.75,-12.1248,16.206,166.92,207.6,0,0,0,0,0
neuromorpho__S2979-x1-25.swc,12792,interneuron,0.99431,11161,1630,0,0,0,0,0,0,0,0,0,0,0,0.957731,0.165998,0.3,0.3,0.999596,0.999596,0.999596,0.0598812,0.0598812,0.0598812,0.0598812,0.0598812,0.955217,0.999596,0.0634352,0.974922,0.999824,0.0355828,0,0,0,563,0.969948,0.3,0.999596,0.0408526,0.044405,48.8,0,195.13,-39.1192,43.9059,408.08,831.98,141.85,-15.1748,30.591,188.21,365.4,0,0,0,0,0
neuromorpho__S2999_RS-x1-25.swc,5201,pyramidal,0.861101,1780,1524,1896,0,0,0,0,0,0,0,0,0,0,0.956028,0.149089,0.3,0.731243,0.985786,0.985786,0.993021,0.0478754,0.0478754,0.0478754,0.0563353,0.0563353,0.897239,0.3,0.138202,0.98899,0.996653,0,0.984701,0.985786,0.00158228,135,0.985956,0.3,0.985786,0.00740741,0.0148148,81.6,-0.00333333,319.09,-28.621,63.8099,546.61,430.14,144.83,-11.3058,30.6287,194.86,176.69,165.81,-13.2496,26.5428,211.39,423.55
neuromorpho__S2KO_11.swc,461,pyramidal,0.978822,0,460,0,0,0,0,0,0,0,0,0,0,0,0.996661,0.000155704,0.996653,0.996653,0.996653,0.996653,0.996653,0,0,0,0,0,0,0,0,0.996653,0.996653,0,0,0,0,28,0.996773,0.996653,0.996653,0,0,36.3,0,0,0,0,0,0,127.99,-31.4486,29.066,144.54,164.04,0,0,0,0,0
neuromorpho__S2KO_12.swc,1075,pyramidal,0.984384,0,1074,0,0,0,0,0,0,0,0,0,0,0,0.996656,0.000102027,0.996653,0.996653,0.996653,0.996653,0.996653,0,0,0,0,0,0,0,0,0.996653,0.996653,0,0,0,0,68,0.996702,0.996653,0.996653,0,0,35.3,0,0,0,0,0,0,131.45,-20.8241,24.5223,180.5,258.34,0,0,0,0,0
neuromorpho__S2KO_15.swc,530,pyramidal,0.994395,0,529,0,0,0,0,0,0,0,0,0,0,0,0.99666,0.000145235,0.996653,0.996653,0.996653,0.996653,0.996653,0,0,0,0,0,0,0,0,0.996653,0.996653,0,0,0,0,38,0.996741,0.996653,0.996653,0,0,35.3,0,0,0,0,0,0,100.13,-25.5871,21.139,105.58,199.26,0,0,0,0,0
neuromorpho__S2KO_32.swc,1700,pyramidal,0.9791,0,1699,0,0,0,0,0,0,0,0,0,0,0,0.991234,0.0288609,0.827277,0.991437,0.996211,0.996653,0.996653,0,0,0,0,0.03,0,0,0,0.991229,0.995768,0,0,0,0,52,0.99319,0.827277,0.996653,0,0,74.9,0,0,0,0,0,0,134.08,-28.8239,29.7161,126.06,165.36,0,0,0,0,0
neuromorpho__S2KO_34.swc,1684,pyramidal,0.972916,0,1683,0,0,0,0,0,0,0,0,0,0,0,0.995995,0.00161565,0.991004,0.992226,0.992226,0.996653,0.996653,0,0,0,0,0,0,0,0,0.995993,0.992226,0,0,0,0,56,0.995942,0.991004,0.992112,0,0,64,0,0,0,0,0,0,104.63,-16.5456,22.9427,179.68,201.5,0,0,0,0,0
neuromorpho__S2_10.swc,1932,pyramidal,0.986046,0,1931,0,0,0,0,0,0,0,0,0,0,0,0.996655,7.6121e-05,0.996653,0.996653,0.996653,0.996653,0.996653,0,0,0,0,0,0,0,0,0.996653,0.996653,0,0,0,0,58,0.996711,0.996653,0.996653,0,0,74.3,0,0,0,0,0,0,127.37,-17.4863,23.8266,207.52,227.26,0,0,0,0,0
neuromorpho__S2_13.swc,1953,pyramidal,0.983706,0,1952,0,0,0,0,0,0,0,0,0,0,0,0.996655,7.57109e-05,0.996653,0.996653,0.996653,0.996653,0.996653,0,0,0,0,0,0,0,0,0.996653,0.996653,0,0,0,0,56,0.996713,0.996653,0.996653,0,0,83,0,0,0,0,0,0,154.68,-29.466,29.8039,171.69,189.87,0,0,0,0,0
neuromorpho__S2_15.swc,1760,pyramidal,0.981207,0,1759,0,0,0,0,0,0,0,0,0,0,0,0.996655,7.97518e-05,0.996653,0.996653,0.996653,0.996653,0.996653,0,0,0,0,0,0,0,0,0.996653,0.996653,0,0,0,0,48,0.996723,0.996653,0.996653,0,0,70.6,0,0,0,0,0,0,117.99,-26.2908,28.8336,183.36,180.63,0,0,0,0,0
neuromorpho__S2_19.swc,2793,pyramidal,0.984896,0,2792,0,0,0,0,0,0,0,0,0,0,0,0.996654,6.33151e-05,0.996653,0.996653,0.996653,0.996653,0.996653,0,0,0,0,0,0,0,0,0.996653,0.996653,0,0,0,0,79,0.996696,0.996653,0.996653,0,0,81.4,0,0,0,0,0,0,113.16,-21.32,22.1264,195.06,202.39,0,0,0,0,0
neuromorpho__S2_7.swc,1655,pyramidal,0.983151,0,1654,0,0,0,0,0,0,0,0,0,0,0,0.996655,8.22414e-05,0.996653,0.996653,0.996653,0.996653,0.996653,0,0,0,0,0,0,0,0,0.996653,0.996653,0,0,0,0,45,0.996728,0.996653,0.996653,0,0,80.6,0,0,0,0,0,0,115.72,-20.0899,21.9407,175.64,210.02,0,0,0,0,0
neuromorpho__S3117_20140612-x1-25.swc,8936,interneuron,0.964863,7781,1154,0,0,0,0,0,0,0,0,0,0,0,0.951553,0.176978,0.3,0.3,0.999596,0.999596,0.999596,0.0687108,0.0687108,0.0687108,0.0687108,0.0687108,0.952213,0.999596,0.0677291,0.947064,0.999824,0.0753899,0,0,0,274,0.991156,0.3,0.999596,0.0109489,0.0145985,74.7,0,251.24,-23.0413,44.8383,600.02,504.32,123.65,-11.7021,26.3855,231.32,278.21,0,0,0,0,0
neuromorpho__SDGA1_slide2_neuron1.swc,1244,pyramidal,0.840234,120,572,551,0,0,0,0,0,0,0,0,0,0,0.780753,0.302362,0.3,0.3,0.3,0.3,0.985786,0.261254,0.305466,0.330386,0.330386,0.357717,0.677658,0.598588,0.716667,0.950981,0.990622,0.0629371,0.626091,0.3,0.524501,34,0.823798,0.3,0.3,0.235294,0.235294,77.2,-26.657,44.82,24.0729,10.5419,30.11,246.67,75.91,11.6788,18.8021,317.5,249.09,47.8,11.8432,10.6345,175.73,637.19
neuromorpho__SDGA1_slide2_neuron4.swc,2516,pyramidal,0.98023,13,996,1506,0,0,0,0,0,0,0,0,0,0,0.88639,0.247016,0.3,0.3,0.3,0.985786,0.985786,0.150636,0.150636,0.150636,0.150636,0.150636,0.947713,0.947713,0,0.963779,0.996653,0.0471888,0.834604,0.3,0.220452,111,0.899148,0.3,0.3,0.126126,0.135135,46,-30.2705,17.34,29.2113,6.5582,8.67,10.46,144.59,28.2521,25.6316,300.49,296.48,128.66,23.1545,19.3763,282.65,817.25
neuromorpho__SDGA2_slide2_neuron3.swc,1615,pyramidal,0.966798,13,678,923,0,0,0,0,0,0,0,0,0,0,0.928836,0.197565,0.3,0.3,0.985786,0.985786,0.985786,0.0897833,0.0897833,0.0897833,0.0897833,0.0897833,0.99291,0.99291,0,0.995626,0.996653,0.00147493,0.878795,0.3,0.156013,54,0.953903,0.3,0.976554,0.0555556,0.0555556,57.7,-24.1154,1.17,3.26615,0.518154,7.86,36.21,114.72,20.6268,15.8814,323.9,201.98,96.24,36.7174,25.461,369.63,570.3
neuromorpho__SDGA2_slide3_neuron1.swc,1627,pyramidal,0.991163,46,665,915,0,0,0,0,0,0,0,0,0,0,0.948094,0.158472,0.3,0.3,0.985786,0.985786,0.985786,0.0553165,0.0553165,0.0553165,0.0553165,0.0835894,0.856001,0.856001,0,0.919024,0.3,0.111278,0.973794,0.985786,0.0174863,92,0.955206,0.3,0.985786,0.0434783,0.0543478,39.9,29.2737,15.58,32.5445,5.65409,105.12,32.72,139.65,2.47506,30.7951,280.9,310.56,146.6,37.9998,30.0941,277.01,705.96
neuromorpho__SDGA4_slide2_neuron2.swc,1214,pyramidal,0.989774,0,306,907,0,0,0,0,0,0,0,0,0,0,0.812264,0.298518,0.3,0.3,0.3,0.494328,0.985786,0.259473,0.259473,0.259473,0.259473,0.259473,0,0,0,0.969662,0.990622,0.0490196,0.758955,0.3,0.330761,54,0.794947,0.3,0.3,0.277778,0.277778,44.4,-6.22556,0,0,0,0,0,49.28,15.2322,13.3011,236.85,155.64,78.65,-1.39853,16.3703,275.06,708.62
neuromorpho__SM080618A2.swc,14569,interneuron,0.996546,12507,2061,0,0,0,0,0,0,0,0,0,0,0,0.907959,0.236081,0.3,0.3,0.3,0.999596,0.999596,0.131032,0.131032,0.131032,0.131032,0.131032,0.892813,0.3,0.152635,0.999824,0.999824,0,0,0,0,316,0.951406,0.3,0.981323,0.0632911,0.0791139,108,0,255.51,-59.3818,52.1282,704.39,641.7,138.8,-11.3103,25.7012,173.83,200.77,0,0,0,0,0
neuromorpho__SST2A-GFP-SST-VGLUT2-cell-3.swc,123,interneuron,0.773703,0,122,0,0,0,0,0,0,0,0,0,0,0,0.991746,0.0112202,0.976165,0.976165,0.976165,0.976165,0.999824,0,0,0,0,0,0,0,0,0.991679,0.976165,0,0,0,0,15,0.995104,0.976165,0.976165,0,0,16.8,0,0,0,0,0,0,6,1.34426,1.52987,12.45,81.09,0,0,0,0,0
neuromorpho__SST2A-GFP-SST-VGLUT2-cell-4.swc,132,interneuron,0.807902,0,131,0,0,0,0,0,0,0,0,0,0,0,0.991552,0.0288954,0.890625,0.890625,0.999824,0.999824,0.999824,0,0,0,0,0.0757576,0,0,0,0.991488,0.999824,0,0,0,0,13,0.991437,0.890625,0.999824,0,0,23.8,0,0,0,0,0,0,13.99,5.21412,5.04734,17.31,81.14,0,0,0,0,0
neuromorpho__STRESS-1-N3_1.swc,356,interneuron,0.9917,0,355,0,0,0,0,0,0,0,0,0,0,0,0.999824,9.32815e-06,0.999824,0.999824,0.999824,0.999824,0.999824,0,0,0,0,0,0,0,0,0.999824,0.999824,0,0,0,0,5,0.999859,0.999824,0.999824,0,0,127,0,0,0,0,0,0,2.74,-0.0118028,0.618534,34.52,72.3,0,0,0,0,0
neuromorpho__STRESS-1-N4.swc,338,interneuron,0.987623,0,337,0,0,0,0,0,0,0,0,0,0,0,0.999824,9.57259e-06,0.999824,0.999824,0.999824,0.999824,0.999824,0,0,0,0,0,0,0,0,0.999824,0.999824,0,0,0,0,3,0.999882,0.999824,0.999824,0,0,190.4,0,0,0,0,0,0,5.48,0.786944,1.33903,38.38,46.47,0,0,0,0,0
neuromorpho__STRESS-1-N4_1.swc,664,interneuron,0.991908,0,663,0,0,0,0,0,0,0,0,0,0,0,0.999824,6.83471e-06,0.999824,0.999824,0.999824,0.999824,0.999824,0,0,0,0,0,0,0,0,0.999824,0.999824,0,0,0,0,6,0.999853,0.999824,0.999824,0,0,198.5,0,0,0,0,0,0,3.13,0.21089,0.636978,40.99,97.41,0,0,0,0,0
neuromorpho__STRESS-1-N5_1.swc,602,interneuron,0.993329,0,601,0,0,0,0,0,0,0,0,0,0,0,0.999824,7.17748e-06,0.999824,0.999824,0.999824,0.999824,0.999824,0,0,0,0,0,0,0,0,0.999824,0.999824,0,0,0,0,8,0.999846,0.999824,0.999824,0,0,134.7,0,0,0,0,0,0,6.55,0.769035,1.01149,38.01,98.71,0,0,0,0,0
neuromorpho__STRESS-2-N2.swc,1069,interneuron,0.992272,0,1068,0,0,0,0,0,0,0,0,0,0,0,0.999824,5.38815e-06,0.999824,0.999824,0.999824,0.999824,0.999824,0,0,0,0,0,0,0,0,0.999824,0.999824,0,0,0,0,11,0.99984,0.999824,0.999824,0,0,325,0,0,0,0,0,0,8.17,-0.372257,1.72895,73.98,136.6,0,0,0,0,0
neuromorpho__STRESS-2-N4_1.swc,1211,interneuron,0.995723,0,1210,0,0,0,0,0,0,0,0,0,0,0,0.999824,5.06267e-06,0.999824,0.999824,0.999824,0.999824,0.999824,0,0,0,0,0,0,0,0,0.999824,0.999824,0,0,0,0,11,0.99984,0.999824,0.999824,0,0,285,0,0,0,0,0,0,10.13,0.0756116,1.8217,81.86,190.52,0,0,0,0,0
neuromorpho__STRESS-2-N7_1.swc,544,interneuron,0.992324,0,543,0,0,0,0,0,0,0,0,0,0,0,0.999824,7.54975e-06,0.999824,0.999824,0.999824,0.999824,0.999824,0,0,0,0,0,0,0,0,0.999824,0.999824,0,0,0,0,6,0.999853,0.999824,0.999824,0,0,163.5,0,0,0,0,0,0,5.48,-0.859429,1.45053,36.27,87.74,0,0,0,0,0
neuromorpho__STRESS-3-N1.swc,991,interneuron,0.990731,0,990,0,0,0,0,0,0,0,0,0,0,0,0.999824,5.59597e-06,0.999824,0.999824,0.999824,0.999824,0.999824,0,0,0,0,0,0,0,0,0.999824,0.999824,0,0,0,0,14,0.999836,0.999824,0.999824,0,0,105.3,0,0,0,0,0,0,13.87,-1.53483,2.15373,59.61,82.42,0,0,0,0,0
neuromorpho__STRESS-3-N4.swc,1371,interneuron,0.99393,0,1370,0,0,0,0,0,0,0,0,0,0,0,0.999824,4.75833e-06,0.999824,0.999824,0.999824,0.999824,0.999824,0,0,0,0,0,0,0,0,0.999824,0.999824,0,0,0,0,23,0.999831,0.999824,0.999824,0,0,121,0,0,0,0,0,0,10.22,0.142022,2.01399,89.6,124.96,0,0,0,0,0
neuromorpho__STRESS-4-N1.swc,702,interneuron,0.990027,0,701,0,0,0,0,0,0,0,0,0,0,0,0.999824,6.64742e-06,0.999824,0.999824,0.999824,0.999824,0.999824,0,0,0,0,0,0,0,0,0.999824,0.999824,0,0,0,0,11,0.99984,0.999824,0.999824,0,0,191,0,0,0,0,0,0,6.06,0.462525,1.66252,56.4,99.71,0,0,0,0,0
neuromorpho__STRESS-4-N3.swc,455,interneuron,0.991041,0,454,0,0,0,0,0,0,0,0,0,0,0,0.999824,8.25369e-06,0.999824,0.999824,0.999824,0.999824,0.999824,0,0,0,0,0,0,0,0,0.999824,0.999824,0,0,0,0,6,0.999853,0.999824,0.999824,0,0,147,0,0,0,0,0,0,4.88,-0.661123,0.969204,22.48,89.45,0,0,0,0,0
neuromorpho__STRESS-5-N2.swc,788,interneuron,0.990998,0,787,0,0,0,0,0,0,0,0,0,0,0,0.999824,6.27469e-06,0.999824,0.999824,0.999824,0.999824,0.999824,0,0,0,0,0,0,0,0,0.999824,0.999824,0,0,0,0,11,0.99984,0.999824,0.999824,0,0,144,0,0,0,0,0,0,6.46,0.917294,0.85288,65.95,92.07,0,0,0,0,0
neuromorpho__STRESS-5-N5.swc,687,interneuron,0.995841,0,686,0,0,0,0,0,0,0,0,0,0,0,0.999824,6.7195e-06,0.999824,0.999824,0.999824,0.999824,0.999824,0,0,0,0,0,0,0,0,0.999824,0.999824,0,0,0,0,10,0.999841,0.999824,0.999824,0,0,170.6,0,0,0,0,0,0,9.82,0.927843,2.41968,49.8,133.12,0,0,0,0,0
neuromorpho__STRESS-6-N2_1.swc,1958,interneuron,0.990548,0,1957,0,0,0,0,0,0,0,0,0,0,0,0.999824,3.98212e-06,0.999824,0.999824,0.999824,0.999824,0.999824,0,0,0,0,0,0,0,0,0.999824,0.999824,0,0,0,0,18,0.999834,0.999824,0.999824,0,0,296.5,0,0,0,0,0,0,12.31,-0.816433,2.37296,82.57,280.18,0,0,0,0,0
neuromorpho__STRESS-7-N6.swc,1818,interneuron,0.99447,0,1817,0,0,0,0,0,0,0,0,0,0,0,0.999824,4.13252e-06,0.999824,0.999824,0.999824,0.999824,0.999824,0,0,0,0,0,0,0,0,0.999824,0.999824,0,0,0,0,22,0.999832,0.999824,0.999824,0,0,224.8,0,0,0,0,0,0,11.63,-0.870292,2.06934,133.15,170.63,0,0,0,0,0
neuromorpho__SW150113-01RabiesPHALPFC_x772_y876_z296_14.swc,311,pyramidal,0.807722,208,102,0,0,0,0,0,0.00253127,0,0,0,0,0,0.653024,0.140445,0.465466,0.465466,0.499479,0.547411,0.587669,0.102894,0.508039,0.655949,0.73955,0.983923,0.565294,0.483549,0.980769,0.828524,0.727697,0,0,0,0,40,0.68242,0.465466,0.508965,0.575,0.7,17.4,0,90.67,1.87736,16.3048,166.25,182.21,42.45,12.6774,9.94577,92.43,117.75,0,0,0,0,0
neuromorpho__SW150113-01RabiesPHALPFC_x772_y876_z296_15.swc,676,pyramidal,0.988116,11,664,0,0,0,0,0,0,0,0,0,0,0,0.981426,0.0398704,0.765117,0.856001,0.964747,0.987549,0.992226,0,0,0,0.00887574,0.0576923,0.964747,0.964747,0,0.981675,0.983548,0,0,0,0,92,0.983699,0.765117,0.983548,0,0.0108696,15,0,0,0,0,10.46,8.98,94.2,-8.95914,19.6638,183.71,266.82,0,0,0,0,0
neuromorpho__SW150113-01RabiesPHALPFC_x772_y876_z296_4.swc,1044,pyramidal,0.995792,707,336,0,0,0,0,0,0,0,0,0,0,0,0.714455,0.19632,0.450844,0.524179,0.536703,0.576771,0.608791,0.00670498,0.464559,0.677203,0.677203,0.68295,0.581259,0.536163,1,0.993872,0.996653,0,0,0,0,156,0.685411,0.450844,0.533123,0.75,0.75,13,0,113.16,11.3756,22.48,221.43,255.01,85.03,1.45372,16.9877,259.01,208.86,0,0,0,0,0
neuromorpho__SW150113-01RabiesPHALPFC_x772_y876_z296_7.swc,1274,pyramidal,0.965669,11,911,351,0,0,0,0,0,0,0,0,0,0,0.776046,0.174838,0.3,0.523091,0.595916,0.663677,0.823523,0.0392465,0.112245,0.410518,0.470958,0.729199,0.859853,0.859853,0,0.778271,0.595916,0.526894,0.767006,0.3,0.122507,156,0.77433,0.3,0.599989,0.397436,0.544872,15,0,21.31,-9.02545,6.53585,29.64,33.39,107.75,-5.69878,18.2362,295.49,335.19,171.56,20.2993,33.3852,192.2,291.85
neuromorpho__SW150113-01RabiesPHALPFC_x772_y876_z296_8.swc,390,pyramidal,0.985181,7,147,235,0,0,0,0,0,0,0,0,0,0,0.775895,0.181947,0.554189,0.616073,0.616073,0.616073,0.622283,0,0.0487179,0.551282,0.602564,0.602564,0.99291,0.99291,0,0.995525,0.996653,0,0.631092,0.616073,0.914894,56,0.795623,0.554189,0.616073,0.482143,0.553571,13,0,0,0,0,6.63,28.37,37.43,-1.01272,6.69272,134.73,114,71.1,3.96579,14.6442,130.07,187.13
neuromorpho__Saline02_Neuron1_CA1_PN_C_Slide3_R2_C4.swc,612,pyramidal,0.972645,0,0,611,0,0,0,0,0,0,0,0,0,0,0.985809,0.000574092,0.985786,0.985786,0.985786,0.985786,0.985786,0,0,0,0,0,0,0,0,0,0,0,0.985786,0.985786,0,82,0.985959,0.985786,0.985786,0,0,14.9,0,0,0,0,0,0,0,0,0,0,0,107.98,16.5282,27.7307,192.02,507.11
neuromorpho__Saline02_Neuron2_CA1_PN_C_Slide3_R2_C1.swc,459,pyramidal,0.861774,0,0,458,0,0,0,0,0,0,0,0,0,0,0.97237,0.0950898,0.3,0.985786,0.985786,0.985786,0.985786,0.0196078,0.0196078,0.0196078,0.0196078,0.0196078,0,0,0,0,0,0,0.97231,0.985786,0.0196507,44,0.981858,0.3,0.985786,0,0,23.2,0,0,0,0,0,0,0,0,0,0,0,134.5,-9.77537,23.2354,371.55,466.61
neuromorpho__Saline03_Neuron1_CA1_PN_F_Slide3_R2_C4.swc,658,pyramidal,0.99365,0,0,657,0,0,0,0,0,0,0,0,0,0,0.985808,0.000553693,0.985786,0.985786,0.985786,0.985786,0.985786,0,0,0,0,0,0,0,0,0,0,0,0.985786,0.985786,0,76,0.985973,0.985786,0.985786,0,0,16.5,0,0,0,0,0,0,0,0,0,0,0,102.76,-17.0775,20.9951,225.43,340.13
neuromorpho__Saline03_Neuron3_CA1_PN_F_Slide4_R2_C1_40x.swc,621,pyramidal,0.978696,0,0,620,0,0,0,0,0,0,0,0,0,0,0.985809,0.000569923,0.985786,0.985786,0.985786,0.985786,0.985786,0,0,0,0,0,0,0,0,0,0,0,0.985786,0.985786,0,66,0.986001,0.985786,0.985786,0,0,19.5,0,0,0,0,0,0,0,0,0,0,0,118.51,-7.37442,16.7159,329.15,367.57
neuromorpho__Sept12-IR3e-40x-low-AG-AT-MM.swc,4958,pyramidal,0.949887,353,1851,2753,0,0,0,0,0,0,0,0,0,0,0.940372,0.176368,0.3,0.3,0.964747,0.985786,0.985786,0.0703913,0.0703913,0.0703913,0.0703913,0.0703913,0.74442,0.3,0.331445,0.962404,0.996653,0.0491626,0.950662,0.985786,0.0512169,78,0.979109,0.3,0.985786,0,0.0384615,139.7,0,14.12,9.44448,5.00754,11.6,237.88,50.94,2.05387,9.80287,257.49,254.87,89.66,-11.6367,16.906,253.06,369.27
neuromorpho__SstCre_cell7.swc,1315,interneuron,0.663006,0,1314,0,0,0,0,0,0,0,0,0,0,0,0.98403,0.0790037,0.3,0.976165,0.976165,0.976165,0.999824,0.0129278,0.0129278,0.0129278,0.0129278,0.0129278,0,0,0,0.984018,0.976165,0.0129376,0,0,0,101,0.9919,0.3,0.976165,0,0.00990099,24,0,0,0,0,0,0,163.61,15.6543,25.7175,554.77,438.99,0,0,0,0,0
neuromorpho__Stroke-Dec-7-IR-2-2c.swc,1034,pyramidal,0.793181,0,488,545,0,0,0,0,0,0,0,0,0,0,0.990265,0.0221519,0.3,0.985786,0.985786,0.985786,0.985786,0.000967118,0.000967118,0.000967118,0.000967118,0.000967118,0,0,0,0.996653,0.996653,0,0.984528,0.985786,0.00183486,57,0.991973,0.3,0.985786,0,0,35.8,0,0,0,0,0,0,42.16,-3.80727,8.42544,218.05,212.24,43.89,0.785211,7.62425,189.67,430.02
neuromorpho__Stroke-Feb23-IR-3h-40x-low-res_zcorrections.swc,5129,pyramidal,0.984502,0,2762,2366,0,0,0,0,0,0,0,0,0,0,0.981367,0.083735,0.3,0.985786,0.985786,0.985786,0.996653,0.0148177,0.0148177,0.0148177,0.0148177,0.0148177,0,0,0,0.986016,0.996653,0.0152064,0.975931,0.985786,0.0143702,128,0.977057,0.3,0.985786,0.015625,0.015625,116.3,0,0,0,0,0,0,78.68,-3.74249,14.2287,482.99,298.7,77.72,-3.54142,10.7346,408.5,658.34
neuromorpho__Strokefeb23IR1-3L40xlowres.swc,8480,pyramidal,0.981059,0,2961,5518,0,0,0,0,0,0,0,0,0,0,0.889464,0.243768,0.3,0.3,0.3,0.985786,0.985786,0.145991,0.145991,0.145991,0.145991,0.145991,0,0,0,0.996653,0.996653,0,0.831925,0.3,0.224357,154,0.932864,0.3,0.969784,0.0844156,0.0909091,121.7,0,0,0,0,0,0,86.36,-8.65638,14.3494,375.79,294.72,88.62,-7.87309,14.5075,361,830.14
neuromorpho__T22_NeuronB_Tile_Trace_MK.swc,2894,pyramidal,0.99411,0,1687,1206,0,0,0.416724,0.416724,0.126543,0,-0.416724,0.416724,0.416724,0,0.970739,0.0308742,0.924597,0.925909,0.931761,0.935598,0.996653,0,0,0,0,0,0,0,0,0.996653,0.996653,0,0.934465,0.925909,0,83,0.972589,0.924597,0.927991,0,0,79.4,0,0,0,0,0,0,0.02,0.000320095,0.00250987,44,33.74,0,0,0,35.73,50.41
neuromorpho__T44a.swc,4278,interneuron,0.938013,0,4277,0,0,0,0,0,0,0,0,0,0,0,0.655197,0.347701,0.3,0.3,0.3,0.3,0.976165,0.489247,0.489247,0.489247,0.489247,0.489247,0,0,0,0.655116,0.3,0.489362,0,0,0,59,0.705814,0.3,0.3,0.457627,0.491525,269.4,-2.75083,0,0,0,0,0,305.16,-33.2715,51.6845,356.82,772.72,0,0,0,0,0
neuromorpho__T61_NeuronA_40X_Trace_CH.swc,695,pyramidal,0.95854,0,304,390,0,0,0,0,0.0175133,0,0,0,0,0,0.850195,0.156282,0.3,0.3,0.731243,0.849285,0.849285,0.0517986,0.0877698,0.0877698,0.128058,0.667626,0,0,0,0.883395,0.598588,0.141447,0.823933,0.849285,0.0461538,97,0.866038,0.3,0.826166,0.0515464,0.103093,15.4,0,0,0,0,0,0,3.94,-0.041875,0.353277,648.56,331.51,0.19,0.684154,0.0328115,554.52,856.59
neuromorpho__T66_NeuronA_Tile_Trace_MK.swc,2479,pyramidal,0.972742,0,1530,948,0,0,0,0,0.0377539,0,0,0,0,0,0.991402,0.00785059,0.960568,0.97684,0.985786,0.985786,0.996653,0,0,0,0,0,0,0,0,0.996653,0.996653,0,0.982919,0.976442,0,93,0.990687,0.960568,0.985786,0,0,58.4,0,0,0,0,0,0,0.56,0.158013,0.176451,46.36,21.13,0.06,0.0448734,0.0139576,18.23,48.93
neuromorpho__T72_60X_NeuronC_Tile_Trace_RK.swc,2937,pyramidal,0.981864,0,1172,1764,0,0,0,0,0,0,0,0,0,0,0.990127,0.00532418,0.985786,0.985786,0.985786,0.985786,0.985786,0,0,0,0,0,0,0,0,0.996653,0.996653,0,0.985786,0.985786,0,117,0.98953,0.985786,0.985786,0,0,65,0,0,0,0,0,0,0.37,-0.285683,0.1526,81.23,52.36,0.33,0.698878,0.0192132,50.12,158.98
neuromorpho__T72_NeuronB_Trace_MK.swc,970,pyramidal,0.947062,0,517,452,0,0,0.465979,0.465979,0.0689548,-0.465979,0,0.465979,0.465979,0,0.875848,0.130294,0.72053,0.722084,0.723422,0.728424,0.996653,0,0,0,0.465979,0.465979,0,0,0,0.996653,0.996653,0,0.737397,0.722084,0,31,0.86986,0.72053,0.723422,0,0.483871,62,0,0,0,0,0,0,0.54,-0.156151,0.178851,23.73,15.95,0.05,0.00349558,0.00729847,8.75,36.33
neuromorpho__T75.swc,2112,interneuron,0.796028,0,2111,0,0,0,0,0,0,0,0,0,0,0,0.828513,0.300899,0.3,0.3,0.3,0.999824,0.999824,0.244792,0.244792,0.244792,0.244792,0.244792,0,0,0,0.828432,0.3,0.244908,0,0,0,64,0.814239,0.3,0.3,0.25,0.265625,75.7,7.62,0,0,0,0,0,345.48,-4.09533,59.9777,364.14,592.14,0,0,0,0,0
neuromorpho__T80_NeuronC_40X_Tile_Trace_MB2.swc,686,pyramidal,0.974291,0,354,331,0,0,0,0,0.00464354,0,0,0,0,0,0.991201,0.00606675,0.959065,0.985786,0.985786,0.985786,0.996653,0,0,0,0,0,0,0,0,0.996653,0.996653,0,0.985343,0.985786,0,126,0.991118,0.959065,0.985786,0,0,12,0,0,0,0,0,0,1.03,0.0611017,0.243313,64.79,68.73,0.1,-0.00755287,0.0264243,85.85,138.69
neuromorpho__T84_NeuronC_Tile_Trace_MB.swc,391,pyramidal,0.993885,0,206,184,0,0,0,0,0.00567577,0,0,0,0,0,0.799459,0.212255,0.566323,0.566323,0.566323,0.566323,0.996653,0,0.452685,0.452685,0.452685,0.470588,0,0,0,0.996481,0.996653,0,0.577791,0.566323,0.961957,96,0.854911,0.566323,0.566323,0.322917,0.322917,9,0,0,0,0,0,0,1.08,-0.103447,0.238739,46.08,22.87,0.43,0.0373913,0.121162,34.43,63.59
neuromorpho__T91_40X_NeuronB_Tile_Trace_MK.swc,3785,pyramidal,0.862312,0,1434,2350,0,0,0,0,0.00799981,0,0,0,0,0,0.98955,0.00616415,0.960817,0.985786,0.985786,0.985786,0.985786,0,0,0,0,0,0,0,0,0.996653,0.996653,0,0.985211,0.985786,0,115,0.989562,0.960817,0.985786,0,0,67,0,0,0,0,0,0,0.5,-0.0358717,0.112625,39.8,30.01,0.88,0.249336,0.212461,44.01,68.1
neuromorpho__TDI21301009_cell5_L6_pia_WM.swc,7179,interneuron,0.997724,6458,720,0,0,0,0,0,0,0,0,0,0,0,0.999613,0.000278624,0.986406,0.999596,0.999596,0.999596,0.999596,0,0,0,0,0,0.99959,0.999596,0,0.999824,0.999824,0,0,0,0,814,0.999592,0.986406,0.999596,0,0,20,0,342.98,-19.8727,68.6186,359.19,258.9,154.18,-2.38878,27.6655,182.11,307.44,0,0,0,0,0
neuromorpho__TDI21301010_Cell6_pia.swc,12183,interneuron,0.997524,10795,1387,0,0,0,0,0,0,0,0,0,0,0,0.985556,0.0915021,0.3,0.972829,0.999596,0.999596,0.999596,0.0174013,0.0174013,0.0174013,0.0174013,0.0174013,0.983722,0.986406,0.0196387,0.999824,0.999824,0,0,0,0,571,0.980902,0.3,0.999596,0.0245184,0.0245184,56,0,401.44,50.6788,64.4121,325.14,294.14,105.65,0.427138,19.5814,134.96,185.94,0,0,0,0,0
neuromorpho__TDI21301012_Cell11_pia.swc,18817,interneuron,0.997906,17313,1503,0,0,0,0,0,0,0,0,0,0,0,0.999614,6.18744e-05,0.999596,0.999596,0.999596,0.999596,0.999596,0,0,0,0,0,0.999596,0.999596,0,0.999824,0.999824,0,0,0,0,1574,0.999613,0.999596,0.999596,0,0,30,0,326.13,7.05413,46.6212,418.67,262.69,151.8,1.19959,22.7907,204.17,245.8,0,0,0,0,0
neuromorpho__TDI21301012_Cell1_pia.swc,23328,interneuron,0.997758,20945,2382,0,0,0,0,0,0,0,0,0,0,0,0.998689,0.0254869,0.3,0.999596,0.999596,0.999596,0.999596,0.00132888,0.00132888,0.00132888,0.00132888,0.00132888,0.999596,0.999596,0,0.990716,0.999824,0.0130143,0,0,0,2049,0.999547,0.3,0.999596,0,0,27,0,310.48,10.3398,53.5689,350.92,541.26,127.64,12.7077,19.628,280,427.36,0,0,0,0,0
neuromorpho__TDI21301013_cell2_spines_pia.swc,27195,interneuron,0.99765,24415,2779,0,0,0,0,0,0,0,0,0,0,0,0.999619,6.90985e-05,0.999596,0.999596,0.999596,0.999596,0.999596,0,0,0,0,0,0.999596,0.999596,0,0.999824,0.999824,0,0,0,0,1902,0.999609,0.999596,0.999596,0,0,33,0,320.1,27.1978,50.5914,291.78,295.53,148.59,7.64922,24.639,175.35,207.41,0,0,0,0,0
neuromorpho__TDI21301015_Cell1_pia.swc,22332,interneuron,0.997734,19741,2590,0,0,0,0,0,0,0,0,0,0,0,0.999618,0.000245087,0.986406,0.999596,0.999596,0.999596,0.999596,0,0,0,0,0,0.999591,0.999596,0,0.999824,0.999824,0,0,0,0,1557,0.999607,0.986406,0.999596,0,0,35,0,408.9,-15.1427,57.1949,392.73,337.28,152.73,-5.95753,27.3359,218.32,325.73,0,0,0,0,0
neuromorpho__TDI21301019_Cell3_spine_pia.swc,14471,interneuron,0.997393,12306,2164,0,0,0,0,0,0,0,0,0,0,0,0.99963,8.1367e-05,0.999596,0.999596,0.999596,0.999596,0.999596,0,0,0,0,0,0.999596,0.999596,0,0.999824,0.999824,0,0,0,0,1423,0.999614,0.999596,0.999596,0,0,23,0,416.35,-55.6708,81.5226,602.54,605.1,149.45,3.1034,27.7239,226.41,230.94,0,0,0,0,0
neuromorpho__TDI21302012_cell3_pia.swc,14049,interneuron,0.997749,11802,2246,0,0,0,0,0,0,0,0,0,0,0,0.997939,0.0343765,0.3,0.999596,0.999596,0.999596,0.999596,0.0024201,0.0024201,0.0024201,0.0024201,0.0024201,0.999596,0.999596,0,0.98923,0.999824,0.015138,0,0,0,1057,0.996954,0.3,0.999596,0.0037843,0.0037843,30,0,276.34,-13.7476,49.4154,372.58,207.05,135.46,10.1065,23.8574,142.54,301.93,0,0,0,0,0
neuromorpho__TM-10-02-15-AR.swc,45789,interneuron,0.979716,41592,4196,0,0,0,0,0,0,0,0,0,0,0,0.999578,0.000716632,0.986406,0.999596,0.999596,0.999596,0.999596,0,0,0,0,0,0.999553,0.999596,0,0.999824,0.999824,0,0,0,0,2862,0.999535,0.986406,0.999596,0,0,34,0,77.47,4.74326,17.492,251.36,269.26,61.47,4.71201,13.9679,175.29,276.3,0,0,0,0,0
neuromorpho__TM-12-19-13-DR.swc,9279,interneuron,0.996978,6682,2596,0,0,0,0,0,0,0,0,0,0,0,0.9996,0.000917438,0.972829,0.999596,0.999596,0.999596,0.999596,0,0,0,0,0,0.999513,0.999596,0,0.999824,0.999824,0,0,0,0,667,0.999364,0.972829,0.999596,0,0,29,0,105.5,-28.9759,23.4932,328.16,170.69,74.49,-8.39862,13.662,230.51,202.97,0,0,0,0,0
neuromorpho__TO34_LIII_mPFC_rat.swc,7323,pyramidal,0.907004,0,4820,2502,0,0,0,0,0.0474681,0,0,0,0,0,0.964463,0.101807,0.3,0.93211,0.940805,0.955413,0.996653,0.0185716,0.0214393,0.0214393,0.0382357,0.0397378,0,0,0,0.97926,0.996653,0.0165975,0.935942,0.93211,0.0307754,93,0.969398,0.3,0.933638,0.0107527,0.0215054,211.2,0.32,0,0,0,0,0,226.37,-14.8177,41.7014,275.09,336.24,214.19,18.9391,47.6211,248.89,370.86
neuromorpho__TT-3-20-14-1R.swc,30744,interneuron,0.996318,29068,1675,0,0,0,0,0,0,0,0,0,0,0,0.997952,0.0331199,0.3,0.999596,0.999596,0.999596,0.999596,0.00224434,0.00224434,0.00224434,0.00224434,0.00224434,0.998061,0.999596,0.00206413,0.996064,0.999824,0.00537313,0,0,0,1304,0.99915,0.3,0.999596,0,0,54.7,0,241.49,-121.895,31.4929,487.02,519.93,122.49,-20.1644,29.5478,242.01,271.58,0,0,0,0,0
neuromorpho__Tile1-2_12N5-8162019-b-tile2fcfc2-2a.swc,2872,interneuron,0.979545,0,2871,0,0,0,0,0,0,0,0,0,0,0,0.999824,3.28824e-06,0.999824,0.999824,0.999824,0.999824,0.999824,0,0,0,0,0,0,0,0,0.999824,0.999824,0,0,0,0,39,0.999828,0.999824,0.999824,0,0,156,0,0,0,0,0,0,34.95,5.57951,7.90524,117.99,259.27,0,0,0,0,0
neuromorpho__TileScan-5_Merged_12N7-8162019_fcfc3a.swc,751,interneuron,0.958954,0,750,0,0,0,0,0,0,0,0,0,0,0,0.999824,6.4272e-06,0.999824,0.999824,0.999824,0.999824,0.999824,0,0,0,0,0,0,0,0,0.999824,0.999824,0,0,0,0,21,0.999832,0.999824,0.999824,0,0,70,0,0,0,0,0,0,28.94,-7.67329,7.42338,65.21,96.88,0,0,0,0,0
neuromorpho__V1KO_10.swc,655,pyramidal,0.993925,0,654,0,0,0,0,0,0,0,0,0,0,0,0.996658,0.000130668,0.996653,0.996653,0.996653,0.996653,0.996653,0,0,0,0,0,0,0,0,0.996653,0.996653,0,0,0,0,48,0.996723,0.996653,0.996653,0,0,31.3,0,0,0,0,0,0,110.57,-16.1324,20.4591,142.62,175.07,0,0,0,0,0
neuromorpho__V1KO_16.swc,1811,pyramidal,0.987917,0,1810,0,0,0,0,0,0,0,0,0,0,0,0.996655,7.86215e-05,0.996653,0.996653,0.996653,0.996653,0.996653,0,0,0,0,0,0,0,0,0.996653,0.996653,0,0,0,0,68,0.996702,0.996653,0.996653,0,0,57.3,0,0,0,0,0,0,96.93,-15.6779,17.2634,165.27,168.97,0,0,0,0,0
neuromorpho__V1KO_18.swc,1009,pyramidal,0.861875,0,1008,0,0,0,0,0,0,0,0,0,0,0,0.996657,0.000105308,0.996653,0.996653,0.996653,0.996653,0.996653,0,0,0,0,0,0,0,0,0.996653,0.996653,0,0,0,0,39,0.996739,0.996653,0.996653,0,0,50.2,0,0,0,0,0,0,101.93,-19.5761,19.9819,154.38,185.17,0,0,0,0,0
neuromorpho__V1KO_23.swc,1477,pyramidal,0.965544,0,1476,0,0,0,0,0,0,0,0,0,0,0,0.996656,8.70529e-05,0.996653,0.996653,0.996653,0.996653,0.996653,0,0,0,0,0,0,0,0,0.996653,0.996653,0,0,0,0,38,0.996741,0.996653,0.996653,0,0,86.1,0,0,0,0,0,0,93.9,-12.937,18.3983,164.27,176.34,0,0,0,0,0
neuromorpho__V1KO_25.swc,1070,pyramidal,0.949854,0,1069,0,0,0,0,0,0,0,0,0,0,0,0.995573,0.00192171,0.991998,0.992091,0.992226,0.996653,0.996653,0,0,0,0,0,0,0,0,0.995569,0.992226,0,0,0,0,28,0.995645,0.991998,0.992185,0,0,75,0,0,0,0,0,0,102.67,-18.5208,18.6572,128.35,176.74,0,0,0,0,0
neuromorpho__V1KO_26.swc,1149,pyramidal,0.976789,0,1148,0,0,0,0,0,0,0,0,0,0,0,0.996656,9.86896e-05,0.996653,0.996653,0.996653,0.996653,0.996653,0,0,0,0,0,0,0,0,0.996653,0.996653,0,0,0,0,43,0.996731,0.996653,0.996653,0,0,59.8,0,0,0,0,0,0,152.09,-36.5775,34.3828,138.71,179.96,0,0,0,0,0
neuromorpho__V1_10.swc,1006,pyramidal,0.982361,0,1005,0,0,0,0,0,0,0,0,0,0,0,0.996657,0.000105464,0.996653,0.996653,0.996653,0.996653,0.996653,0,0,0,0,0,0,0,0,0.996653,0.996653,0,0,0,0,31,0.996761,0.996653,0.996653,0,0,71,0,0,0,0,0,0,97.09,-13.7588,17.64,162.03,184.09,0,0,0,0,0
neuromorpho__V1_11.swc,1675,pyramidal,0.979564,0,1674,0,0,0,0,0,0,0,0,0,0,0,0.996655,8.17492e-05,0.996653,0.996653,0.996653,0.996653,0.996653,0,0,0,0,0,0,0,0,0.996653,0.996653,0,0,0,0,50,0.99672,0.996653,0.996653,0,0,75.5,0,0,0,0,0,0,156.17,-29.523,36.9869,147.11,196.33,0,0,0,0,0
neuromorpho__V1_14.swc,401,pyramidal,0.990322,0,400,0,0,0,0,0,0,0,0,0,0,0,0.996662,0.000166919,0.996653,0.996653,0.996653,0.996653,0.996653,0,0,0,0,0,0,0,0,0.996653,0.996653,0,0,0,0,42,0.996733,0.996653,0.996653,0,0,20.8,0,0,0,0,0,0,96.51,-12.4238,20.2807,133.45,199.82,0,0,0,0,0
neuromorpho__V1_23.swc,2240,pyramidal,0.988684,0,2239,0,0,0,0,0,0,0,0,0,0,0,0.996655,7.06968e-05,0.996653,0.996653,0.996653,0.996653,0.996653,0,0,0,0,0,0,0,0,0.996653,0.996653,0,0,0,0,55,0.996714,0.996653,0.996653,0,0,83.8,0,0,0,0,0,0,127.39,-24.0758,23.6104,181.41,189.88,0,0,0,0,0
neuromorpho__V1_24.swc,1359,pyramidal,0.989241,0,1358,0,0,0,0,0,0,0,0,0,0,0,0.996656,9.07509e-05,0.996653,0.996653,0.996653,0.996653,0.996653,0,0,0,0,0,0,0,0,0.996653,0.996653,0,0,0,0,39,0.996739,0.996653,0.996653,0,0,74,0,0,0,0,0,0,120.4,-20.4353,24.336,200.61,183.53,0,0,0,0,0
neuromorpho__V1_5.swc,2322,pyramidal,0.985351,0,2321,0,0,0,0,0,0,0,0,0,0,0,0.996655,6.94378e-05,0.996653,0.996653,0.996653,0.996653,0.996653,0,0,0,0,0,0,0,0,0.996653,0.996653,0,0,0,0,64,0.996706,0.996653,0.996653,0,0,76,0,0,0,0,0,0,145.89,-28.2694,29.9942,153.31,183.24,0,0,0,0,0
neuromorpho__V2KO_1.swc,829,pyramidal,0.970259,0,828,0,0,0,0,0,0,0,0,0,0,0,0.996657,0.000116167,0.996653,0.996653,0.996653,0.996653,0.996653,0,0,0,0,0,0,0,0,0.996653,0.996653,0,0,0,0,64,0.996706,0.996653,0.996653,0,0,30.7,0,0,0,0,0,0,44.06,-3.99592,8.32858,152.57,186.94,0,0,0,0,0
neuromorpho__V2KO_11.swc,775,pyramidal,0.983141,0,774,0,0,0,0,0,0,0,0,0,0,0,0.996658,0.00012014,0.996653,0.996653,0.996653,0.996653,0.996653,0,0,0,0,0,0,0,0,0.996653,0.996653,0,0,0,0,42,0.996733,0.996653,0.996653,0,0,37.9,0,0,0,0,0,0,93.31,-12.1283,17.684,229.97,258.06,0,0,0,0,0
neuromorpho__V2KO_12.swc,780,pyramidal,0.835862,0,779,0,0,0,0,0,0,0,0,0,0,0,0.996658,0.000119755,0.996653,0.996653,0.996653,0.996653,0.996653,0,0,0,0,0,0,0,0,0.996653,0.996653,0,0,0,0,42,0.996733,0.996653,0.996653,0,0,37.5,0,0,0,0,0,0,63.77,-9.79607,12.166,255.85,229.81,0,0,0,0,0
neuromorpho__V2KO_27.swc,785,pyramidal,0.995256,0,784,0,0,0,0,0,0,0,0,0,0,0,0.996658,0.000119374,0.996653,0.996653,0.996653,0.996653,0.996653,0,0,0,0,0,0,0,0,0.996653,0.996653,0,0,0,0,48,0.996723,0.996653,0.996653,0,0,32.3,0,0,0,0,0,0,66.33,-7.00709,12.8398,199.54,213.84,0,0,0,0,0
neuromorpho__V2KO_33.swc,725,pyramidal,0.995125,0,724,0,0,0,0,0,0,0,0,0,0,0,0.996658,0.000124209,0.996653,0.996653,0.996653,0.996653,0.996653,0,0,0,0,0,0,0,0,0.996653,0.996653,0,0,0,0,40,0.996737,0.996653,0.996653,0,0,43,0,0,0,0,0,0,64.34,-10.727,14.382,157.38,238.66,0,0,0,0,0
neuromorpho__V2KO_8.swc,1027,pyramidal,0.986281,0,1026,0,0,0,0,0,0,0,0,0,0,0,0.996657,0.000104382,0.996653,0.996653,0.996653,0.996653,0.996653,0,0,0,0,0,0,0,0,0.996653,0.996653,0,0,0,0,60,0.996709,0.996653,0.996653,0,0,38.4,0,0,0,0,0,0,81.03,-12.3988,16.8291,194.14,294,0,0,0,0,0
neuromorpho__V2_14.swc,621,pyramidal,0.995785,0,620,0,0,0,0,0,0,0,0,0,0,0,0.996659,0.000134191,0.996653,0.996653,0.996653,0.996653,0.996653,0,0,0,0,0,0,0,0,0.996653,0.996653,0,0,0,0,41,0.996735,0.996653,0.996653,0,0,33,0,0,0,0,0,0,74.49,-19.1228,13.8548,149.84,207.59,0,0,0,0,0
neuromorpho__V2_18.swc,465,pyramidal,0.997083,0,464,0,0,0,0,0,0,0,0,0,0,0,0.99666,0.000155034,0.996653,0.996653,0.996653,0.996653,0.996653,0,0,0,0,0,0,0,0,0.996653,0.996653,0,0,0,0,52,0.996718,0.996653,0.996653,0,0,20,0,0,0,0,0,0,63.76,-13.5172,12.6041,190.26,192.38,0,0,0,0,0
neuromorpho__V2_2.swc,543,pyramidal,0.977696,0,542,0,0,0,0,0,0,0,0,0,0,0,0.996659,0.00014349,0.996653,0.996653,0.996653,0.996653,0.996653,0,0,0,0,0,0,0,0,0.996653,0.996653,0,0,0,0,38,0.996741,0.996653,0.996653,0,0,32.3,0,0,0,0,0,0,64.98,-11.2481,14.231,183.1,162.67,0,0,0,0,0
neuromorpho__V2_20.swc,862,pyramidal,0.996499,0,861,0,0,0,0,0,0,0,0,0,0,0,0.996657,0.000113924,0.996653,0.996653,0.996653,0.996653,0.996653,0,0,0,0,0,0,0,0,0.996653,0.996653,0,0,0,0,47,0.996724,0.996653,0.996653,0,0,42.4,0,0,0,0,0,0,76.33,-9.6012,14.0868,194.7,198.87,0,0,0,0,0
neuromorpho__V2_21.swc,613,pyramidal,0.99341,0,612,0,0,0,0,0,0,0,0,0,0,0,0.996659,0.000135063,0.996653,0.996653,0.996653,0.996653,0.996653,0,0,0,0,0,0,0,0,0.996653,0.996653,0,0,0,0,56,0.996713,0.996653,0.996653,0,0,21.5,0,0,0,0,0,0,71.94,-13.268,16.7215,232.75,225.08,0,0,0,0,0
neuromorpho__V2_27.swc,715,pyramidal,0.995205,0,714,0,0,0,0,0,0,0,0,0,0,0,0.996658,0.000125073,0.996653,0.996653,0.996653,0.996653,0.996653,0,0,0,0,0,0,0,0,0.996653,0.996653,0,0,0,0,65,0.996705,0.996653,0.996653,0,0,24,0,0,0,0,0,0,71.94,-15.1966,13.7839,250.68,247.66,0,0,0,0,0
neuromorpho__V2_30.swc,424,pyramidal,0.991977,0,423,0,0,0,0,0,0,0,0,0,0,0,0.996661,0.00016234,0.996653,0.996653,0.996653,0.996653,0.996653,0,0,0,0,0,0,0,0,0.996653,0.996653,0,0,0,0,54,0.996715,0.996653,0.996653,0,0,17.7,0,0,0,0,0,0,62.54,-13.8004,13.5246,205.28,209.15,0,0,0,0,0
neuromorpho__V2_31.swc,702,pyramidal,0.974787,0,701,0,0,0,0,0,0,0,0,0,0,0,0.996658,0.000126224,0.996653,0.996653,0.996653,0.996653,0.996653,0,0,0,0,0,0,0,0,0.996653,0.996653,0,0,0,0,40,0.996737,0.996653,0.996653,0,0,40.2,0,0,0,0,0,0,50.41,-9.3171,11.2831,211.94,214.67,0,0,0,0,0
neuromorpho__V2_32.swc,721,pyramidal,0.996644,0,720,0,0,0,0,0,0,0,0,0,0,0,0.996658,0.000124552,0.996653,0.996653,0.996653,0.996653,0.996653,0,0,0,0,0,0,0,0,0.996653,0.996653,0,0,0,0,48,0.996723,0.996653,0.996653,0,0,33.3,0,0,0,0,0,0,49.8,-12.3086,11.7832,182.45,239.08,0,0,0,0,0
neuromorpho__V2_49.swc,921,pyramidal,0.994081,0,920,0,0,0,0,0,0,0,0,0,0,0,0.996657,0.000110219,0.996653,0.996653,0.996653,0.996653,0.996653,0,0,0,0,0,0,0,0,0.996653,0.996653,0,0,0,0,52,0.996718,0.996653,0.996653,0,0,35,0,0,0,0,0,0,63.77,-14.1917,14.0726,198.56,213.45,0,0,0,0,0
neuromorpho__VIP_170223_1A.swc,6997,interneuron,0.994521,5420,1576,0,0,0,0,0,0,0,0,0,0,0,0.827976,0.296269,0.3,0.3,0.3,0.976244,0.986406,0.239388,0.239388,0.239388,0.239388,0.239388,0.777976,0.3,0.309041,0.999824,0.999824,0,0,0,0,489,0.802137,0.3,0.3,0.276074,0.276074,33.2,-1.10923,188.09,-35.5794,42.2029,397.98,1194.98,159.48,-15.9906,30.713,198.88,262.84,0,0,0,0,0
neuromorpho__VS1-cobalt.swc,1007,interneuron,0.882425,21,985,0,0,0,0,0,0,0,0,0,0,0,0.941192,0.170049,0.3,0.3,0.975174,0.976165,0.999824,0.0625621,0.0625621,0.0635551,0.0844091,0.0963257,0.821135,0.708333,0.047619,0.943692,0.976165,0.0639594,0,0,0,651,0.963773,0.3,0.976165,0.0399386,0.0460829,3,-43.6795,34.1,8.02948,8.88455,210.598,101.48,145.3,29.0616,39.1647,685.651,527.327,0,0,0,0,0
neuromorpho__VS4-cobalt.swc,989,interneuron,0.980862,59,929,0,0,0,0,0,0,0,0,0,0,0,0.912209,0.188984,0.3,0.3,0.708333,0.976165,0.976165,0.0788675,0.0889788,0.0899899,0.10819,0.10819,0.851534,0.708333,0.0169492,0.915968,0.974583,0.0947255,0,0,0,517,0.963559,0.3,0.976165,0.0212766,0.0251451,3,-69.9206,37.2,24.6689,12.8056,233.365,127.209,127.9,60.4134,25.8194,709.03,471.008,0,0,0,0,0
neuromorpho__Vert-01.swc,482,pyramidal,0.982311,51,344,86,0,0,0.284232,0.284232,0.0168202,-0.0726141,-0.105809,0.178423,0.178423,0,0.940014,0.111561,0.550842,0.724816,0.742337,0.938416,0.996653,0,0.0186722,0.0414938,0.178423,0.178423,0.938416,0.938416,0,0.996653,0.996653,0,0.713705,0.580331,0.232558,35,0.932643,0.550842,0.731249,0.0857143,0.2,25.4,0,27.9,-20.2694,8.23246,6.13,122.6,52.18,-20.5108,12.5855,135.54,85.24,41.99,-6.61047,12.6391,21.36,88.84
neuromorpho__Vert-03.swc,405,pyramidal,0.980997,47,357,0,0,0,0,0,0.00147504,0,0,0,0,0,0.944534,0.113177,0.680773,0.687983,0.687983,0.993021,0.996653,0,0,0.123457,0.17284,0.17284,0.993021,0.993021,0,0.937995,0.687983,0.140056,0,0,0,24,0.933278,0.680773,0.686126,0.166667,0.208333,38.2,0,15.9,-9.98681,5.81589,74.82,96.79,58.18,-8.82608,16.593,184.77,234.35,0,0,0,0,0
neuromorpho__Vip-IRES-Cre_Ai14-287858-04-01-01_596793095_m.swc,13697,interneuron,0.996325,10048,3648,0,0,0,0,0,0,0,0,0,0,0,0.929217,0.209947,0.3,0.3,0.3,0.999596,0.999596,0.100168,0.100168,0.100168,0.100168,0.100168,0.907754,0.3,0.130573,0.988313,0.999824,0.0164474,0,0,0,447,0.932869,0.3,0.971751,0.0939597,0.0939597,68,0,127.81,20.2099,24.3455,431.97,688.35,74.03,-0.675047,11.0503,339.26,647.17,0,0,0,0,0
neuromorpho__Vip-IRES-Cre_Ai14-294013-04-02-01_591275914_m.swc,8105,interneuron,0.996026,6477,1627,0,0,0,0,0,0,0,0,0,0,0,0.976152,0.125999,0.3,0.999596,0.999596,0.999596,0.999596,0.0335595,0.0335595,0.0335595,0.0335595,0.0335595,0.975065,0.999596,0.0350471,0.980468,0.999824,0.0276583,0,0,0,218,0.989937,0.3,0.999596,0.00917431,0.0137615,94.9,0,175.85,21.9772,34.5178,602.47,369.62,83.6,10.9965,12.7677,326.98,532.49,0,0,0,0,0
neuromorpho__Vipr2-IRES2-Cre_Ai14-316908-04-02-01_648577094_m.swc,19130,interneuron,0.997991,17278,1851,0,0,0,0,0,0,0,0,0,0,0,0.983063,0.106261,0.3,0.999596,0.999596,0.999596,0.999596,0.0236278,0.0236278,0.0236278,0.0236278,0.0236278,0.982522,0.999596,0.0243662,0.988103,0.999824,0.0167477,0,0,0,522,0.989743,0.3,0.999596,0.01341,0.01341,82.9,0,158.84,-34.7891,32.9569,487.35,659.02,69.37,-11.4264,10.658,210.58,373.35,0,0,0,0,0
neuromorpho__Vipr2-IRES2-Cre_Pvalb-T2A-FlpO_Ai65-344474-05-01-01_645075400_m.swc,14474,interneuron,0.996313,11797,2676,0,0,0,0,0,0,0,0,0,0,0,0.993308,0.0637378,0.3,0.999596,0.999596,0.999596,0.999596,0.00835982,0.00835982,0.00835982,0.00835982,0.00835982,0.993134,0.999596,0.00839196,0.99407,0.999824,0.00822123,0,0,0,491,0.995185,0.3,0.999596,0.00407332,0.00407332,65,0,105.72,-19.4878,23.6283,286.55,392.26,123.75,-2.47917,19.7119,219.02,274.06,0,0,0,0,0
neuromorpho__Vipr2-IRES2-Cre_Slc32a1-T2A-FlpO_Ai65-315067-04-02-01_610886090_m.swc,8241,interneuron,0.997401,6620,1620,0,0,0,0,0,0,0,0,0,0,0,0.985183,0.0991517,0.3,0.999596,0.999596,0.999596,0.999596,0.0205072,0.0205072,0.0205072,0.0205072,0.0205072,0.986461,0.999596,0.0185801,0.979952,0.999824,0.0283951,0,0,0,316,0.985836,0.3,0.999596,0.0189873,0.0189873,56,0,110.71,-17.2238,21.3461,322.99,227.81,68.99,-0.248031,12.6792,176.75,260.9,0,0,0,0,0
neuromorpho__Vipr2-IRES2-Cre_Slc32a1-T2A-FlpO_Ai65-315067-05-02-01_610886173_m.swc,10490,interneuron,0.996503,8761,1728,0,0,0,0,0,0,0,0,0,0,0,0.99849,0.0281438,0.3,0.999596,0.999596,0.999596,0.999596,0.00162059,0.00162059,0.00162059,0.00162059,0.00162059,0.999585,0.999596,0,0.992939,0.999824,0.00983796,0,0,0,432,0.999424,0.3,0.999596,0,0,53,-0.00333333,186.16,-34.4722,34.6397,229.47,283.49,61.94,-0.4693,14.529,167.82,246.51,0,0,0,0,0
neuromorpho__Vipr2-IRES2-Cre_Slc32a1-T2A-FlpO_Ai65-315072-05-01-01_638976782_m.swc,14339,interneuron,0.997287,12503,1835,0,0,0,0,0,0,0,0,0,0,0,0.988013,0.0893841,0.3,0.999596,0.999596,0.999596,0.999596,0.0165981,0.0165981,0.0165981,0.0165981,0.0165981,0.987622,0.999596,0.0171159,0.990671,0.999824,0.013079,0,0,0,570,0.996482,0.3,0.999596,0.00350877,0.00526316,52,0,164.59,-36.7107,35.1071,472.68,548.38,72.19,1.41472,14.5142,237.16,296.19,0,0,0,0,0
neuromorpho__WT-set1-009.swc,1314,pyramidal,0.992772,0,1313,0,0,0,0,0,0,0,0,0,0,0,0.996656,9.22906e-05,0.996653,0.996653,0.996653,0.996653,0.996653,0,0,0,0,0,0,0,0,0.996653,0.996653,0,0,0,0,87,0.996692,0.996653,0.996653,0,0,31,0,0,0,0,0,0,0,0,0,253.99,337.69,0,0,0,0,0
neuromorpho__WT-set2-003.swc,1615,pyramidal,0.992286,0,1614,0,0,0,0,0,0,0,0,0,0,0,0.98544,0.0876787,0.3,0.996653,0.996653,0.996653,0.996653,0.0160991,0.0160991,0.0160991,0.0160991,0.0160991,0,0,0,0.985431,0.996653,0.016109,0,0,0,67,0.994203,0.3,0.996653,0,0,65.4,0,0,0,0,0,0,0,0,0,370.88,389.69,0,0,0,0,0
neuromorpho__WT-set3-004.swc,1200,pyramidal,0.9907,0,1199,0,0,0,0,0,0,0,0,0,0,0,0.996656,9.65715e-05,0.996653,0.996653,0.996653,0.996653,0.996653,0,0,0,0,0,0,0,0,0.996653,0.996653,0,0,0,0,50,0.99672,0.996653,0.996653,0,0,45,0,0,0,0,0,0,0,0,0,269.46,355.05,0,0,0,0,0
neuromorpho__WT-set3-006.swc,991,pyramidal,0.995102,0,990,0,0,0,0,0,0,0,0,0,0,0,0.996657,0.000106259,0.996653,0.996653,0.996653,0.996653,0.996653,0,0,0,0,0,0,0,0,0.996653,0.996653,0,0,0,0,52,0.996718,0.996653,0.996653,0,0,40.9,0,0,0,0,0,0,0,0,0,246.85,306.22,0,0,0,0,0
neuromorpho__WT-set3-007.swc,1085,pyramidal,0.994948,0,1084,0,0,0,0,0,0,0,0,0,0,0,0.996656,0.000101556,0.996653,0.996653,0.996653,0.996653,0.996653,0,0,0,0,0,0,0,0,0.996653,0.996653,0,0,0,0,63,0.996706,0.996653,0.996653,0,0,31.8,0,0,0,0,0,0,0,0,0,306.76,336.03,0,0,0,0,0
neuromorpho__WT2-N11-2_final.swc,1045,pyramidal,0.995037,0,1044,0,0,0,0,0,0,0,0,0,0,0,0.996656,0.00010348,0.996653,0.996653,0.996653,0.996653,0.996653,0,0,0,0,0,0,0,0,0.996653,0.996653,0,0,0,0,37,0.996744,0.996653,0.996653,0,0,60.8,0,0,0,0,0,0,0,0,0,59.95,99.83,0,0,0,0,0
neuromorpho__WT2-N3-2_final.swc,1884,pyramidal,0.992244,0,1883,0,0,0,0,0,0,0,0,0,0,0,0.996655,7.70841e-05,0.996653,0.996653,0.996653,0.996653,0.996653,0,0,0,0,0,0,0,0,0.996653,0.996653,0,0,0,0,65,0.996705,0.996653,0.996653,0,0,53.6,0,0,0,0,0,0,0,0,0,80.43,131.16,0,0,0,0,0
neuromorpho__WT2-N4-1_final.swc,800,pyramidal,0.988514,0,799,0,0,0,0,0,0,0,0,0,0,0,0.996657,0.000118251,0.996653,0.996653,0.996653,0.996653,0.996653,0,0,0,0,0,0,0,0,0.996653,0.996653,0,0,0,0,23,0.996799,0.996653,0.996653,0,0,73.2,0,0,0,0,0,0,0,0,0,74.9,110,0,0,0,0,0
neuromorpho__WT2-N5-1_final.swc,799,pyramidal,0.99505,0,798,0,0,0,0,0,0,0,0,0,0,0,0.996657,0.000118325,0.996653,0.996653,0.996653,0.996653,0.996653,0,0,0,0,0,0,0,0,0.996653,0.996653,0,0,0,0,31,0.996761,0.996653,0.996653,0,0,50,0,0,0,0,0,0,0,0,0,60.35,133.04,0,0,0,0,0
neuromorpho__WT2-Neuron-10.swc,64,pyramidal,0.926251,30,33,0,0,0,0,0,0,0,0,0,0,0,0.852802,0.169826,0.3,0.3,0.72548,0.856001,0.909718,0.078125,0.078125,0.078125,0.125,0.421875,0.940585,0.938416,0,0.768538,0.3,0.151515,0,0,0,12,0.895916,0.3,0.742274,0,0.166667,11.9,0,19.76,-9.56333,8.05342,103,41.81,24.21,4.36788,6.71242,31.25,233.8,0,0,0,0,0
neuromorpho__WT2-Neuron-3.swc,14,pyramidal,0.788162,13,0,0,0,0,0,0,0,0,0,0,0,0,0.958261,0.0138784,0.947713,0.947713,0.947713,0.947713,0.955377,0,0,0,0,0,0.95505,0.947713,0,0,0,0,0,0,0,4,0.968875,0.947713,0.952311,0,0,6.1,0,7.92,-1.75077,2.6048,6.78,41.35,0,0,0,0,0,0,0,0,0,0
neuromorpho__WT2-Neuron1_e.swc,14,pyramidal,0.964726,7,6,0,0,0,0,0,0,0,0,0,0,0,0.821971,0.153299,0.645601,0.645601,0.645601,0.645601,0.947713,0,0,0.428571,0.428571,0.428571,0.947713,0.947713,0,0.645601,0.645601,1,0,0,0,3,0.864438,0.645601,0.706024,0.333333,0.333333,6.8,0,11.88,-7.84286,5.20129,8.19,32.04,13.92,-11.2483,5.04824,18.64,10.25,0,0,0,0,0
neuromorpho__WT3-n3-6_final.swc,1263,pyramidal,0.99081,0,1262,0,0,0,0,0,0,0,0,0,0,0,0.996656,9.41341e-05,0.996653,0.996653,0.996653,0.996653,0.996653,0,0,0,0,0,0,0,0,0.996653,0.996653,0,0,0,0,61,0.996708,0.996653,0.996653,0,0,42,0,0,0,0,0,0,0,0,0,53.68,111.54,0,0,0,0,0
neuromorpho__WT3-n7-5_final.swc,1062,pyramidal,0.993014,0,1061,0,0,0,0,0,0,0,0,0,0,0,0.996656,0.000102649,0.996653,0.996653,0.996653,0.996653,0.996653,0,0,0,0,0,0,0,0,0.996653,0.996653,0,0,0,0,50,0.99672,0.996653,0.996653,0,0,46.2,0,0,0,0,0,0,0,0,0,43.8,94.03,0,0,0,0,0
neuromorpho__WT3-n8-2_1.swc,988,pyramidal,0.994059,0,987,0,0,0,0,0,0,0,0,0,0,0,0.996657,0.00010642,0.996653,0.996653,0.996653,0.996653,0.996653,0,0,0,0,0,0,0,0,0.996653,0.996653,0,0,0,0,27,0.996777,0.996653,0.996653,0,0,77.4,0,0,0,0,0,0,0,0,0,60.36,127.92,0,0,0,0,0
neuromorpho__WT3-neuron2.swc,136,interneuron,0.46193,0,135,0,0,0,0,0,0,0,0,0,0,0,0.878319,0.0551087,0.829575,0.829575,0.829575,0.829575,0.829575,0,0,0,0,0.558824,0,0,0,0.877418,0.829575,0,0,0,0,6,0.894722,0.829575,0.829575,0,0,46.5,0,0,0,0,0,0,33.88,-8.40007,7.24528,35.99,235.19,0,0,0,0,0
neuromorpho__WT3-neuron8.swc,164,interneuron,0.574779,0,163,0,0,0,0,0,0,0,0,0,0,0,0.939478,0.00491195,0.938507,0.938507,0.938507,0.938507,0.938507,0,0,0,0,0,0,0,0,0.939107,0.938507,0,0,0,0,18,0.942292,0.938507,0.938507,0,0,17.6,0,0,0,0,0,0,11.17,0.42816,3.02365,93.41,161.95,0,0,0,0,0
neuromorpho__WT343PFCL320XNeuron9.swc,1013,interneuron,0.524161,300,712,0,0,0,0,0,0,0,0,0,0,0,0.596697,0.297778,0.3,0.3,0.3,0.3,0.706998,0.48766,0.48766,0.48766,0.611056,0.638697,0.469582,0.3,0.583333,0.64969,0.3,0.448034,0,0,0,39,0.70686,0.3,0.3,0.410256,0.589744,54.8,0,0,0,0,712.3,622.36,0,0,0,738.85,890.07,0,0,0,0,0
neuromorpho__WT4-7-1---2_final.swc,992,pyramidal,0.994724,0,991,0,0,0,0,0,0,0,0,0,0,0,0.996657,0.000106205,0.996653,0.996653,0.996653,0.996653,0.996653,0,0,0,0,0,0,0,0,0.996653,0.996653,0,0,0,0,33,0.996755,0.996653,0.996653,0,0,54.8,0,0,0,0,0,0,0,0,0,67.85,83.96,0,0,0,0,0
neuromorpho__WT4-N1-4_final.swc,1178,pyramidal,0.995687,0,1177,0,0,0,0,0,0,0,0,0,0,0,0.996656,9.74683e-05,0.996653,0.996653,0.996653,0.996653,0.996653,0,0,0,0,0,0,0,0,0.996653,0.996653,0,0,0,0,50,0.99672,0.996653,0.996653,0,0,45.2,0,0,0,0,0,0,0,0,0,61.26,94.6,0,0,0,0,0
neuromorpho__WT4-N3-4_final.swc,1498,pyramidal,0.990203,0,1497,0,0,0,0,0,0,0,0,0,0,0,0.996656,8.6441e-05,0.996653,0.996653,0.996653,0.996653,0.996653,0,0,0,0,0,0,0,0,0.996653,0.996653,0,0,0,0,70,0.996701,0.996653,0.996653,0,0,46.1,0,0,0,0,0,0,0,0,0,51.34,90.67,0,0,0,0,0
neuromorpho__WT4-N4-3_final.swc,1432,pyramidal,0.993397,0,1431,0,0,0,0,0,0,0,0,0,0,0,0.996656,8.84092e-05,0.996653,0.996653,0.996653,0.996653,0.996653,0,0,0,0,0,0,0,0,0.996653,0.996653,0,0,0,0,70,0.996701,0.996653,0.996653,0,0,45,0,0,0,0,0,0,0,0,0,58.31,100.51,0,0,0,0,0
neuromorpho__WT4-n1-2_final.swc,1290,pyramidal,0.99185,0,1289,0,0,0,0,0,0,0,0,0,0,0,0.996656,9.31445e-05,0.996653,0.996653,0.996653,0.996653,0.996653,0,0,0,0,0,0,0,0,0.996653,0.996653,0,0,0,0,57,0.996712,0.996653,0.996653,0,0,44.6,0,0,0,0,0,0,0,0,0,63.48,92.12,0,0,0,0,0
neuromorpho__WT4-n11-3_final.swc,846,pyramidal,0.993567,0,845,0,0,0,0,0,0,0,0,0,0,0,0.996657,0.000114995,0.996653,0.996653,0.996653,0.996653,0.996653,0,0,0,0,0,0,0,0,0.996653,0.996653,0,0,0,0,44,0.996729,0.996653,0.996653,0,0,42.5,0,0,0,0,0,0,0,0,0,56.39,95.95,0,0,0,0,0
neuromorpho__WT4-n12-4_final.swc,848,pyramidal,0.995694,0,847,0,0,0,0,0,0,0,0,0,0,0,0.996657,0.000114859,0.996653,0.996653,0.996653,0.996653,0.996653,0,0,0,0,0,0,0,0,0.996653,0.996653,0,0,0,0,32,0.996758,0.996653,0.996653,0,0,53,0,0,0,0,0,0,0,0,0,56.66,117.87,0,0,0,0,0
neuromorpho__WT_13.swc,2148,pyramidal,0.963615,0,873,1274,0,0,0,0,0,0,0,0,0,0,0.966442,0.125994,0.3,0.985786,0.985786,0.985786,0.985786,0.0344507,0.0344507,0.0344507,0.0344507,0.0344507,0,0,0,0.974309,0.996653,0.0320733,0.961025,0.985786,0.0361068,92,0.983071,0.3,0.985786,0,0.0108696,59.7,0,0,0,0,0,0,54,-2.77411,12.5151,265.99,212.7,53,-9.29435,11.3586,221.78,658.82
neuromorpho__WT_1_3.swc,2940,pyramidal,0.987288,0,1601,1338,0,0,0.455102,0.455102,0.0910416,0,-0.455102,0.455102,0.455102,0,0.890729,0.152499,0.3,0.600025,0.733192,0.874536,0.915352,0.0367347,0.0367347,0.0928571,0.115986,0.408844,0,0,0,0.933238,0.600025,0.103061,0.839782,0.857304,0.0807175,40,0.915213,0.3,0.852773,0.025,0.075,156.9,0,0,0,0,0,0,0,0,0,181.1,334.15,0,0,0,142.35,429.5
neuromorpho__WT_1_4.swc,2623,pyramidal,0.983543,63,1505,1054,0,0,0,0,0.00913709,0,0,0,0,0,0.925086,0.153138,0.3,0.663472,0.7433,0.985786,0.985786,0.037743,0.037743,0.065955,0.206252,0.206252,0.797639,0.797639,0,0.934032,0.733192,0.0491694,0.91986,0.955722,0.0939279,36,0.958047,0.3,0.790686,0.0277778,0.138889,196,0,0,0,0,37.26,16.22,0,0,0,227.7,296.32,0,0,0,199.73,402.13
neuromorpho__WT_1_5.swc,2710,pyramidal,0.947788,150,1024,1535,0,0,0,0,0.0313896,0,0,0,0,0,0.964044,0.0731169,0.630131,0.741995,0.920522,0.985786,0.985786,0,0,0.0236162,0.0623616,0.0623616,0.947713,0.947713,0,0.94716,0.733192,0.0625,0.97688,0.943297,0,62,0.961478,0.630131,0.913601,0.016129,0.0645161,110.9,0,0,0,0,77.49,71.45,0,0,0,229.2,145.36,0,0,0,194.16,403.74
neuromorpho__WT_2.swc,2246,pyramidal,0.995046,0,856,1389,0,0,0,0,0,0,0,0,0,0,0.955703,0.150306,0.3,0.985786,0.985786,0.985786,0.985786,0.0498664,0.0498664,0.0498664,0.0498664,0.0498664,0,0,0,0.996565,0.996653,0,0.930489,0.985786,0.0806335,115,0.97425,0.3,0.985786,0.026087,0.026087,42,0,0,0,0,0,0,49.99,-5.43876,10.3883,261.45,190.93,47.99,0.741915,8.23708,307.95,512.78
neuromorpho__WT_2_2.swc,2805,pyramidal,0.990073,0,1295,1509,0,0,0,0,0,0,0,0,0,0,0.990418,0.00518162,0.985786,0.985786,0.985786,0.985786,0.985786,0,0,0,0,0,0,0,0,0.995809,0.991163,0,0.985786,0.985786,0,49,0.991836,0.985786,0.985786,0,0,113.4,0,0,0,0,0,0,0,0,0,301.6,110.6,0,0,0,189.61,395.9
neuromorpho__WT_3_3.swc,2013,pyramidal,0.978774,164,525,1323,0,0,0,0,0,0,0,0,0,0,0.896745,0.227125,0.3,0.3,0.3,0.963042,0.985786,0.12618,0.12618,0.12618,0.12618,0.12618,0.947713,0.947713,0,0.988032,0.963042,0,0.854123,0.3,0.191988,30,0.973043,0.3,0.963042,0.0333333,0.0333333,129,0,0,0,0,101.5,18.49,0,0,0,181.66,129.76,0,0,0,157.24,478.24
neuromorpho__WT_8.swc,1568,pyramidal,0.991718,0,475,1092,0,0,0,0,0,0,0,0,0,0,0.978156,0.0777407,0.3,0.985786,0.985786,0.985786,0.985786,0.0114796,0.0114796,0.0114796,0.0242347,0.0242347,0,0,0,0.986556,0.996653,0,0.974482,0.985786,0.0164835,78,0.984538,0.3,0.985786,0,0.0128205,40.6,0,0,0,0,0,0,27.98,-3.56019,6.53701,164.36,253.79,60.94,-16.8084,10.8218,198.1,653.79
neuromorpho__Wang_Lefebvre_Cell26.swc,6102,interneuron,0.992853,2167,3934,0,0,0,0,0,0,0,0,0,0,0,0.999743,0.000109155,0.999596,0.999596,0.999596,0.999596,0.999824,0,0,0,0,0,0.999596,0.999596,0,0.999824,0.999824,0,0,0,0,306,0.999758,0.999596,0.999596,0,0,41,0,28.75,-4.71814,6.35515,142.77,88.56,19.44,0.751139,2.58098,129.24,133.17,0,0,0,0,0
neuromorpho__Wang_Lefebvre_Cell4.swc,9405,interneuron,0.917894,5332,4072,0,0,0,0,0,0,0,0,0,0,0,0.999695,0.00011301,0.999596,0.999596,0.999596,0.999596,0.999596,0,0,0,0,0,0.999596,0.999596,0,0.999824,0.999824,0,0,0,0,569,0.999749,0.999596,0.999596,0,0,43,0,70.38,-1.16848,14.6768,190.68,123.97,21.89,-2.06477,3.58566,150.27,165.6,0,0,0,0,0
neuromorpho__X043_S2_Z2_C01.swc,709,pyramidal,0.987076,0,497,211,0,0,0,0,0,0,0,0,0,0,0.985686,0.0734147,0.3,0.985786,0.985786,0.985786,0.996653,0.0112835,0.0112835,0.0112835,0.0112835,0.0112835,0,0,0,0.996653,0.996653,0,0.959785,0.985786,0.0379147,62,0.993108,0.3,0.985786,0,0,27.8,0.336667,0,0,0,0,0,53.29,2.39877,13.6315,181.77,194.73,35.56,4.19494,8.36471,97.34,283.59
neuromorpho__X043_S2_Z4_C01_20x.swc,394,pyramidal,0.956191,0,149,244,0,0,0,0,0,0,0,0,0,0,0.958497,0.144175,0.3,0.985291,0.985291,0.985679,0.985692,0.0456853,0.0456853,0.0456853,0.0456853,0.0456853,0,0,0,0.996653,0.996653,0,0.935027,0.985291,0.0737705,34,0.985153,0.3,0.985291,0,0,20.7,-0.16,0,0,0,0,0,33.09,-5.46255,7.91847,130.46,126.73,40.76,-4.96857,7.52477,337.17,142.65
neuromorpho__X043_S2_Z4_C03_20x.swc,685,pyramidal,0.983717,0,307,377,0,0,0,0,0,0,0,0,0,0,0.990677,0.00541284,0.985786,0.985786,0.985786,0.985786,0.985786,0,0,0,0,0,0,0,0,0.996653,0.996653,0,0.985786,0.985786,0,60,0.991094,0.985786,0.985786,0,0,25.1,0.39,0,0,0,0,0,34.64,2.26221,6.86267,129.08,206.86,42.19,1.78236,9.42371,183.58,281.37
neuromorpho__X043_S2_Z5_C01.swc,521,pyramidal,0.963797,7,341,172,0,0,0,0,0,0,0,0,0,0,0.875897,0.217491,0.3,0.3,0.3,0.806591,0.996653,0.109405,0.109405,0.109405,0.228407,0.330134,0.947713,0.947713,0,0.996653,0.996653,0,0.632847,0.3,0.331395,36,0.860916,0.3,0.3,0.166667,0.222222,29.5,7.96333,16.04,-20.9562,4.6925,5.58,17.65,41.29,-4.87489,9.29492,267.33,160.83,24.42,-1.71432,4.56506,150.32,271.29
neuromorpho__X043_S3_Z4_C03.swc,746,pyramidal,0.974255,0,389,356,0,0,0,0,0,0,0,0,0,0,0.991472,0.00543359,0.985786,0.985786,0.985786,0.985786,0.996653,0,0,0,0,0,0,0,0,0.996653,0.996653,0,0.985786,0.985786,0,47,0.991407,0.985786,0.985786,0,0,36.4,-0.01,0,0,0,0,0,33.47,-8.55003,7.27531,272.47,198.7,34.93,-5.73289,8.77433,201.11,341.4
neuromorpho__X043_S4_Z1_C01.swc,526,pyramidal,0.983157,11,201,313,0,0,0,0,0,0,0,0,0,0,0.957436,0.14695,0.3,0.985786,0.985786,0.985786,0.985786,0.0475285,0.0475285,0.0475285,0.0475285,0.0475285,0.99291,0.99291,0,0.996433,0.996653,0,0.931011,0.985786,0.0798722,38,0.954425,0.3,0.985786,0.0526316,0.0526316,32.3,0.953333,3.58,5.32576,1.04467,22.02,20.8,34.04,-7.19796,9.05925,250.62,89.31,39.98,-6.86247,8.74566,199.75,271.45
neuromorpho__X043_S4_Z2_C03.swc,674,pyramidal,0.983211,0,424,249,0,0,0,0,0,0,0,0,0,0,0.992499,0.00519875,0.985786,0.985786,0.985786,0.985786,0.996653,0,0,0,0,0,0,0,0,0.996424,0.996653,0,0.985786,0.985786,0,42,0.993264,0.985786,0.985786,0,0,39.7,2.14,0,0,0,0,0,40.88,-12.8063,9.43965,270.57,186,39.62,-12.5333,9.75169,245.68,239.72
neuromorpho__X043_S4_Z5_C02.swc,460,pyramidal,0.875867,0,260,199,0,0,0,0,0,0,0,0,0,0,0.976396,0.101022,0.3,0.985157,0.985157,0.985157,0.996653,0.0217391,0.0217391,0.0217391,0.0217391,0.0217391,0,0,0,0.969791,0.996653,0.0384615,0.984908,0.985157,0,25,0.985536,0.3,0.985157,0,0,38.6,0.166667,0,0,0,0,0,39.73,-1.13767,8.02532,194.87,375.62,23.43,2.03012,4.92857,134.81,263.69
neuromorpho__X043_S5_Z1_C01.swc,484,pyramidal,0.975995,0,306,177,0,0,0,0,0,0,0,0,0,0,0.897009,0.143945,0.538843,0.573431,0.679321,0.8021,0.996653,0,0.0950413,0.121901,0.18595,0.365702,0,0,0,0.996526,0.996653,0,0.72438,0.573431,0.333333,35,0.897101,0.538843,0.691894,0.114286,0.228571,33.6,-6.96,0,0,0,0,0,42.38,8.54719,9.24115,271.83,184.36,23.31,11.2254,3.45248,159.13,281.01
neuromorpho__X043_S5_Z1_C02_20x.swc,397,pyramidal,0.976768,4,156,236,0,0,0,0,0,0,0,0,0,0,0.943038,0.101815,0.707887,0.707887,0.721258,0.985786,0.985786,0,0,0,0.163728,0.166247,0.947713,0.947713,0,0.877884,0.707887,0,0.985786,0.985786,0,20,0.952222,0.707887,0.825715,0,0.1,40.5,8.75,0.4,5.215,0.146544,8.1,6.76,37.94,-8.08013,10.1026,149.28,154.25,28.57,-4.96657,4.65263,257.9,290.25
neuromorpho__X043_S5_Z2_C01_20x.swc,651,pyramidal,0.981705,0,219,431,0,0,0,0,0,0,0,0,0,0,0.989411,0.00518825,0.985157,0.985671,0.985679,0.985692,0.985786,0,0,0,0,0,0,0,0,0.996653,0.996653,0,0.985707,0.985671,0,48,0.990131,0.985157,0.985688,0,0,27.3,-4.43,0,0,0,0,0,19.8,-2.36863,5.07682,231.4,177.23,39.99,-1.95125,7.51381,252.94,266.52
neuromorpho__X043_S7_Z2_C01.swc,813,pyramidal,0.954439,0,551,261,0,0,0,0,0.0465025,0,0,0,0,0,0.966203,0.060371,0.817978,0.817978,0.826871,0.985786,0.990146,0,0,0,0,0.153752,0,0,0,0.956866,0.826871,0,0.985786,0.985786,0,49,0.982556,0.817978,0.985786,0,0,40.2,-0.513333,0,0,0,0,0,43.13,7.80881,9.20814,315.17,452.29,41.82,10.862,7.52768,171.32,321.32
neuromorpho__X043_S7_Z4_C01.swc,631,pyramidal,0.966363,13,396,221,0,0,0,0,0.0537366,0,0,0,0,0,0.913162,0.157541,0.3,0.768111,0.768111,0.855602,0.985786,0.0491284,0.0491284,0.0491284,0.104596,0.307448,0.868932,0.868932,0,0.876622,0.768111,0.0782828,0.980844,0.985786,0,35,0.944067,0.3,0.8192,0.0285714,0.0571429,41,0.00333333,1.45,-4.34333,0.439685,17.8,32.91,61.55,13.3893,13.9843,242.94,435.94,70.99,14.133,11.6131,202.84,205.28
neuromorpho__X046_S1_Z2_C04.swc,562,pyramidal,0.717748,0,351,210,0,0,0.373665,0.373665,0.0666969,0,-0.373665,0.373665,0.373665,0,0.936417,0.0732029,0.77377,0.808939,0.824899,0.857504,0.965746,0,0,0,0.044484,0.311388,0,0,0,0.988606,0.965338,0,0.848884,0.776163,0,48,0.932819,0.77377,0.828984,0,0.0416667,25.3,-0.21,0,0,0,0,0,29.54,-3.71695,6.85738,210.88,155.51,32.53,-7.06595,8.05969,169.08,103.68
neuromorpho__X046_S1_Z2_C05.swc,660,pyramidal,0.987867,0,355,304,0,0,0,0,0.0439166,0,0,0,0,0,0.989836,0.00674376,0.96408,0.979501,0.985291,0.985671,0.985786,0,0,0,0,0,0,0,0,0.993834,0.979501,0,0.985133,0.985291,0,58,0.990291,0.96408,0.985291,0,0,23.3,1.30667,0,0,0,0,0,28.67,-0.911399,5.94884,298.69,197.34,32.46,-0.462127,8.01332,203.3,218
neuromorpho__X046_S4_Z1_C01_20X.swc,606,pyramidal,0.96895,0,315,290,0,0,0,0,0,0,0,0,0,0,0.991458,0.00543555,0.985786,0.985786,0.985786,0.985786,0.996653,0,0,0,0,0,0,0,0,0.996653,0.996653,0,0.985786,0.985786,0,44,0.992531,0.985786,0.985786,0,0,29.1,-1.54667,0,0,0,0,0,34.91,-8.3514,6.88967,200.47,227.68,34.64,-4.38589,6.19346,177.58,349.43
neuromorpho__X046_S4_Z4_C01_20X.swc,442,pyramidal,0.967222,0,213,228,0,0,0,0,0,0,0,0,0,0,0.991054,0.00544244,0.985157,0.985786,0.985786,0.985786,0.985786,0,0,0,0,0,0,0,0,0.996653,0.996653,0,0.985783,0.985786,0,35,0.991453,0.985157,0.985786,0,0,32,-1.01,0,0,0,0,0,39.2,-3.9416,9.65221,215.73,214.56,45.91,-4.85728,6.72784,180.37,215.46
neuromorpho__X046_S4_Z4_C03_20X.swc,578,pyramidal,0.987178,6,269,302,0,0,0,0,0,0,0,0,0,0,0.990634,0.00603386,0.964747,0.985692,0.985692,0.985786,0.985786,0,0,0,0,0,0.964747,0.964747,0,0.996653,0.996653,0,0.985755,0.985692,0,38,0.989874,0.964747,0.985733,0,0,35.9,-0.09,1.9,-5.86833,0.578573,1.64,16.21,35.84,11.3148,8.43237,232.21,207.21,37.28,10.7652,8.25532,204.53,310.89
neuromorpho__X046_S4_Z5_C01.swc,569,pyramidal,0.971548,0,316,252,0,0,0,0,0,0,0,0,0,0,0.991846,0.00540506,0.985786,0.985786,0.985786,0.985786,0.996653,0,0,0,0,0,0,0,0,0.996653,0.996653,0,0.985786,0.985786,0,39,0.992002,0.985786,0.985786,0,0,34,0.03,0,0,0,0,0,31.43,-3.52522,7.03355,226.02,237.42,27.94,-0.294524,5.07264,144.1,360.86
neuromorpho__X046_S6_Z1_C01.swc,484,pyramidal,0.984292,170,313,0,0,0,0,0,0,0,0,0,0,0,0.834513,0.222866,0.442502,0.454104,0.504051,0.569491,0.996653,0.0805785,0.278926,0.35124,0.35124,0.35124,0.535802,0.454104,1,0.996224,0.996653,0,0,0,0,40,0.834427,0.442502,0.522166,0.375,0.375,24.9,2.37333,19.77,-3.55475,4.22357,74.39,256.86,34.5,-4.14474,7.14036,111.68,245.75,0,0,0,0,0
neuromorpho__X046_S6_Z6_C01.swc,468,pyramidal,0.964367,0,309,158,0,0,0,0,0,0,0,0,0,0,0.992992,0.00514642,0.985786,0.985786,0.985786,0.985786,0.996653,0,0,0,0,0,0,0,0,0.996653,0.996653,0,0.985786,0.985786,0,27,0.99396,0.985786,0.985786,0,0,47.4,0.573333,0,0,0,0,0,34.84,-1.77699,9.14939,233.24,287.8,34.31,-3.68264,10.4603,187.35,206.34
neuromorpho__YG-03-01-18-2-R-390-quant.swc,9837,interneuron,0.99757,7898,1938,0,0,0,0,0,0,0,0,0,0,0,0.976452,0.124654,0.3,0.999596,0.999596,0.999596,0.999596,0.0328352,0.0328352,0.0328352,0.0328352,0.0328352,0.971866,0.999596,0.0392504,0.995129,0.999824,0.00670795,0,0,0,537,0.977719,0.3,0.999596,0.0297952,0.0297952,42,0,125.96,12.2451,21.6036,388.92,675.16,74.22,17.4765,14.9179,218.9,404.51,0,0,0,0,0
neuromorpho__Yin20161228s5_AR.swc,9572,pyramidal,0.91834,7027,1470,1074,0,0,0,0,0.00100167,0,0,0,0,0,0.76193,0.325997,0.3,0.3,0.3,0.3,0.993021,0.332428,0.332428,0.332428,0.332428,0.332428,0.678849,0.3,0.452825,0.995364,0.996653,0,0.985786,0.985786,0,214,0.967232,0.3,0.967299,0.0420561,0.0560748,69.7,0,64.37,-9.20027,16.0877,627.1,665.77,58.21,-5.43561,11.3865,334.55,199.39,64.37,0.741015,13.0415,260.72,403.72
neuromorpho__Zs201221-01_dors_20x_onlydendrites.swc,1617,interneuron,0.98793,0,1616,0,0,0,0,0,0,0,0,0,0,0,0.924382,0.216823,0.3,0.3,0.3,0.999824,0.999824,0.107607,0.107607,0.107607,0.107607,0.107607,0,0,0,0.924335,0.3,0.107673,0,0,0,52,0.939978,0.3,0.883802,0.0769231,0.0769231,102.6,0,0,0,0,0,0,63.9,12.4209,16.9597,314.29,481.53,0,0,0,0,0
neuromorpho__Zs201221-01_ventral_20x_onlydendrites.swc,1717,interneuron,0.886918,0,1716,0,0,0,0,0,0,0,0,0,0,0,0.970336,0.132172,0.3,0.975174,0.975174,0.999824,0.999824,0.0372743,0.0372743,0.0372743,0.0372743,0.0372743,0,0,0,0.970319,0.975174,0.037296,0,0,0,37,0.957409,0.3,0.964895,0.0540541,0.0540541,115.8,0,0,0,0,0,0,53.99,9.09336,10.0702,318.58,457.73,0,0,0,0,0
neuromorpho__Zs201221-02_ventral_20x_onlydendrites.swc,2423,interneuron,0.721624,0,2422,0,0,0,0,0,0,0,0,0,0,0,0.996358,0.0491275,0.3,0.999824,0.999824,0.999824,0.999824,0.00495254,0.00495254,0.00495254,0.00495254,0.00495254,0,0,0,0.996356,0.999824,0.00495458,0,0,0,63,0.998604,0.3,0.999824,0,0,86.6,0,0,0,0,0,0,66.29,12.1474,15.7281,285.98,423.48,0,0,0,0,0
neuromorpho__Zs201222-02_ventral_medial_20x_onlydendrites.swc,1168,interneuron,0.854929,0,1167,0,0,0,0,0,0,0,0,0,0,0,0.999824,5.15494e-06,0.999824,0.999824,0.999824,0.999824,0.999824,0,0,0,0,0,0,0,0,0.999824,0.999824,0,0,0,0,32,0.999829,0.999824,0.999824,0,0,81.7,0,0,0,0,0,0,67.84,7.98948,17.8524,220.94,348.71,0,0,0,0,0
neuromorpho__Zs210113-0302_ventral_onlydendrites.swc,812,interneuron,0.538469,0,811,0,0,0,0,0,0,0,0,0,0,0,0.926413,0.0595848,0.3,0.911316,0.911316,0.926527,0.930663,0.00862069,0.00862069,0.00862069,0.00862069,0.00862069,0,0,0,0.926322,0.911316,0.00863132,0,0,0,23,0.934729,0.3,0.914358,0,0,73.6,0,0,0,0,0,0,82.88,13.4202,15.5825,153.91,324.4,0,0,0,0,0
neuromorpho__a151124-2_VIP_IN.swc,3213,interneuron,0.996327,2577,635,0,0,0,0,0,0,0,0,0,0,0,0.999298,0.00240259,0.972829,0.999596,0.999596,0.999596,0.999596,0,0,0,0,0,0.999168,0.999596,0,0.999824,0.999824,0,0,0,0,939,0.999194,0.972829,0.999596,0,0,8,1,82,8.09397,18.7125,367.98,402.19,59,6.36961,12.8413,165.35,324.39,0,0,0,0,0
neuromorpho__a7_170216_2.swc,15444,interneuron,0.9949,13290,2153,0,0,0,0,0,0,0,0,0,0,0,0.912691,0.227088,0.3,0.3,0.3,0.999596,0.999596,0.119788,0.121147,0.121147,0.123543,0.123543,0.900904,0.3,0.137923,0.985408,0.999824,0.0176498,0,0,0,484,0.919804,0.3,0.3,0.109504,0.115702,80,0.707143,189.67,-50.6136,53.3832,1213.48,1102.99,188.98,-11.5779,42.0249,273.98,312.98,0,0,0,0,0
neuromorpho__a7_170216_4.swc,14087,interneuron,0.997441,11540,2546,0,0,0,0,0,0,0,0,0,0,0,0.980889,0.112759,0.3,0.999596,0.999596,0.999596,0.999596,0.0266913,0.0266913,0.0266913,0.0266913,0.0266913,0.983199,0.999596,0.0233102,0.970412,0.999824,0.0420267,0,0,0,655,0.974985,0.3,0.999596,0.0335878,0.0335878,54.6,-1.42346,396.9,-0.643595,69.6004,464.15,650.53,197.2,-7.56948,40.7728,268.27,192.68,0,0,0,0,0
neuromorpho__aIN-000307-1-1-nrn-ns-120504-transl-invX-scaled-straightened.swc,63,interneuron,0.96421,62,0,0,0,0,0,0,0,0,0,0,0,0,0.580524,0.33467,0.3,0.3,0.3,0.3,0.3,0.587302,0.587302,0.587302,0.587302,0.587302,0.573758,0.3,0.596774,0,0,0,0,0,0,4,0.846322,0.3,0.58751,0.25,0.25,34.8,0,0,0,0,49.53,1420.79,0,0,0,0,0,0,0,0,0,0
neuromorpho__aIN-390-nrn-ns-120508-transl-invX-scaled-straightened.swc,108,interneuron,0.939165,107,0,0,0,0,0,0,0,0,0,0,0,0,0.513499,0.314983,0.3,0.3,0.3,0.3,0.3,0.685185,0.685185,0.685185,0.685185,0.685185,0.508952,0.3,0.691589,0,0,0,0,0,0,4,0.727498,0.3,0.463117,0.5,0.5,52.2,0,0,1.62,6.66134e-16,52.59,1636.25,0,0,0,0,0,0,0,0,0,0
neuromorpho__aIN-524-nrn-ns-100407-transl-invX-scaled-straightened.swc,146,interneuron,0.802174,106,39,0,0,0,0,0,0,0,0,0,0,0,0.808038,0.262157,0.3,0.3,0.3,0.600985,0.972829,0.178082,0.184932,0.267123,0.321918,0.328767,0.758381,0.3,0.367925,0.938079,0.766839,0,0,0,0,23,0.876341,0.3,0.600985,0.217391,0.26087,14.6,2.30667,41.46,7.19909,7.52174,919.79,495.03,10.35,7.65692,2.60424,53.77,29.37,0,0,0,0,0
neuromorpho__alpha-15.swc,70,pyramidal,0.994016,0,69,0,0,0,0,0,0,0,0,0,0,0,0.993801,0.0047972,0.985968,0.985968,0.985968,0.985968,0.996653,0,0,0,0,0,0,0,0,0.993711,0.985968,0,0,0,0,6,0.99543,0.985968,0.991311,0,0,17,0,0,0,0,0,0,0,0,0,110.75,200.56,0,0,0,0,0
neuromorpho__alpha-17.swc,105,pyramidal,0.9945,0,104,0,0,0,0,0,0,0,0,0,0,0,0.996685,0.000325048,0.996653,0.996653,0.996653,0.996653,0.996653,0,0,0,0,0,0,0,0,0.996653,0.996653,0,0,0,0,11,0.996958,0.996653,0.996653,0,0,15,0,0,0,0,0,0,0,0,0,165.83,216.01,0,0,0,0,0
neuromorpho__alpha-5.swc,62,pyramidal,0.994998,0,61,0,0,0,0,0,0,0,0,0,0,0,0.996707,0.000421593,0.996653,0.996653,0.996653,0.996653,0.996653,0,0,0,0,0,0,0,0,0.996653,0.996653,0,0,0,0,12,0.996932,0.996653,0.996653,0,0,7.9,0,0,0,0,0,0,0,0,0,108.47,154.32,0,0,0,0,0
neuromorpho__august5s1-cell-1.swc,822,interneuron,0.788437,0,821,0,0,0,0,0,0,0,0,0,0,0,0.999824,6.14372e-06,0.999824,0.999824,0.999824,0.999824,0.999824,0,0,0,0,0,0,0,0,0.999824,0.999824,0,0,0,0,25,0.999831,0.999824,0.999824,0,0,56,0,0,0,0,0,0,63.95,-1.54246,15.1366,85.47,179.31,0,0,0,0,0
neuromorpho__august8s1-cell-3.swc,898,interneuron,0.731925,75,822,0,0,0,0,0,0,0,0,0,0,0,0.990198,0.0320628,0.873239,0.888889,0.999824,0.999824,0.999824,0,0,0,0,0.0601336,0.884573,0.873239,0,0.999824,0.999824,0,0,0,0,31,0.988957,0.873239,0.999824,0,0,46,0,12.1,7.29333,2.57008,50.16,23.92,63.44,-8.42343,18.7705,107.32,269.02,0,0,0,0,0
neuromorpho__beta-13.swc,241,pyramidal,0.990676,0,240,0,0,0,0,0,0,0,0,0,0,0,0.927291,0.208615,0.3,0.3,0.996653,0.996653,0.996653,0.0995851,0.0995851,0.0995851,0.0995851,0.0995851,0,0,0,0.926988,0.926988,0.1,0,0,0,27,0.986626,0.3,0.996653,0,0.037037,17.4,0,0,0,0,0,0,0,0,0,280.95,279.11,0,0,0,0,0
neuromorpho__beta-19.swc,140,pyramidal,0.992597,0,139,0,0,0,0,0,0,0,0,0,0,0,0.996677,0.000281838,0.996653,0.996653,0.996653,0.996653,0.996653,0,0,0,0,0,0,0,0,0.996653,0.996653,0,0,0,0,12,0.996932,0.996653,0.996653,0,0,21.7,0,0,0,0,0,0,0,0,0,169.94,306.23,0,0,0,0,0
neuromorpho__beta-4.swc,142,pyramidal,0.99227,0,141,0,0,0,0,0,0,0,0,0,0,0,0.996677,0.000279861,0.996653,0.996653,0.996653,0.996653,0.996653,0,0,0,0,0,0,0,0,0.996653,0.996653,0,0,0,0,23,0.996799,0.996653,0.996653,0,0,10.8,0,0,0,0,0,0,0,0,0,130.73,183.17,0,0,0,0,0
neuromorpho__beta-6.swc,127,pyramidal,0.993495,0,126,0,0,0,0,0,0,0,0,0,0,0,0.99668,0.000295803,0.996653,0.996653,0.996653,0.996653,0.996653,0,0,0,0,0,0,0,0,0.996653,0.996653,0,0,0,0,17,0.99685,0.996653,0.996653,0,0,13.4,0,0,0,0,0,0,0,0,0,118.93,249.07,0,0,0,0,0
neuromorpho__beta.swc,93,pyramidal,0.993442,0,92,0,0,0,0,0,0,0,0,0,0,0,0.996689,0.000345169,0.996653,0.996653,0.996653,0.996653,0.996653,0,0,0,0,0,0,0,0,0.996653,0.996653,0,0,0,0,9,0.997025,0.996653,0.996653,0,0,15.2,0,0,0,0,0,0,0,0,0,129.15,218.81,0,0,0,0,0
neuromorpho__c1411_Scone.swc,892,interneuron,0.993394,0,891,0,0,0,0,0,0,0,0,0,0,0,0.999824,5.89801e-06,0.999824,0.999824,0.999824,0.999824,0.999824,0,0,0,0,0,0,0,0,0.999824,0.999824,0,0,0,0,83,0.999826,0.999824,0.999824,0,0,15,-0.135747,0,0,0,0,0,14.69,0.812895,2.74852,6.02,64.41,0,0,0,0,0
neuromorpho__c1412.swc,1065,interneuron,0.992552,0,1064,0,0,0,0,0,0,0,0,0,0,0,0.989217,0.0118674,0.975845,0.975845,0.975845,0.975845,0.999824,0,0,0,0,0,0,0,0,0.989207,0.975845,0,0,0,0,75,0.990674,0.975845,0.976165,0,0,21.2,-0.0598165,0,0,0,0,0,17.18,2.62056,2.74987,43.248,86.61,0,0,0,0,0
neuromorpho__c3271015.swc,1516,interneuron,0.971366,798,717,0,0,0,0,0,0,0,0,0,0,0,0.966036,0.148759,0.3,0.972829,0.999596,0.999596,0.999596,0.0474934,0.0474934,0.0474934,0.0474934,0.0474934,0.997023,0.999596,0.00250627,0.931501,0.999824,0.097629,0,0,0,213,0.975096,0.3,0.999596,0.028169,0.0375587,16,0,80,-24.3576,15.0063,466.53,397.72,53.13,-16.0051,12.3233,328.36,584.17,0,0,0,0,0
neuromorpho__c4612_Scone.swc,834,interneuron,0.986591,0,833,0,0,0,0,0,0,0,0,0,0,0,0.999824,6.09941e-06,0.999824,0.999824,0.999824,0.999824,0.999824,0,0,0,0,0,0,0,0,0.999824,0.999824,0,0,0,0,73,0.999826,0.999824,0.999824,0,0,23.2,0.310777,0,0,0,0,0,6.91,1.60126,1.62655,13.73,57.99,0,0,0,0,0
neuromorpho__c8039.swc,2745,interneuron,0.982531,18,2726,0,0,0,0,0,0,0,0,0,0,0,0.991956,0.0121586,0.926606,0.976165,0.976165,0.976165,0.999824,0,0,0,0,0,0.926606,0.926606,0,0.992384,0.976165,0,0,0,0,268,0.996352,0.926606,0.976165,0,0,26.3,-3.50129,2.04,5.82852,0.639164,1.09,2.48,27.73,4.79742,5.21754,128.97,134.19,0,0,0,0,0
neuromorpho__cIN-1356-nrn-ns-111206-transl-invX-scaled-straightened.swc,56,interneuron,0.948053,55,0,0,0,0,0,0,0,0,0,0,0,0,0.503891,0.308972,0.3,0.3,0.3,0.3,0.3,0.696429,0.696429,0.696429,0.696429,0.696429,0.494871,0.3,0.709091,0,0,0,0,0,0,4,0.733933,0.3,0.47557,0.5,0.5,30.3,0,32.8,-12.8773,9.86632,29.61,1573.45,0,0,0,0,0,0,0,0,0,0
neuromorpho__cIN-1375-nrn-ns-101206-transl-invX-scaled-straightened.swc,172,interneuron,0.950675,41,130,0,0,0,0,0,0,0,0,0,0,0,0.690445,0.262112,0.3,0.3,0.3,0.3,0.766839,0.267442,0.30814,0.313953,0.680233,0.680233,0.927144,0.75,0.0243902,0.613413,0.3,0.407692,0,0,0,26,0.771716,0.3,0.513514,0.230769,0.615385,12.5,1.48286,77.74,17.9598,18.7197,412.1,54.93,50.64,17.6005,11.0263,1929.03,208.46,0,0,0,0,0
neuromorpho__cM2p_11.swc,4698,pyramidal,0.979835,0,2199,2498,0,0,0,0,0,0,0,0,0,0,0.990876,0.0054236,0.985786,0.985786,0.985786,0.985786,0.985786,0,0,0,0,0,0,0,0,0.996653,0.996653,0,0.985786,0.985786,0,136,0.992123,0.985786,0.985786,0,0,80,0,0,0,0,0,0,153.41,-21.8997,33.5772,260.22,156.37,194.68,-19.527,44.3999,254.51,300.39
neuromorpho__cM2p_12.swc,3667,pyramidal,0.970803,0,1361,2305,0,0,0,0,0,0,0,0,0,0,0.988327,0.0326106,0.3,0.985786,0.985786,0.985786,0.985786,0.00218162,0.00218162,0.00218162,0.00218162,0.00218162,0,0,0,0.996653,0.996653,0,0.983406,0.985786,0.00347072,84,0.989431,0.3,0.985786,0,0,92.7,0,0,0,0,0,0,144.67,-11.552,27.058,248.85,169.78,166.18,-11.6564,33.0244,357.61,237.66
neuromorpho__cell-10_8.swc,2158,interneuron,0.797825,0,2157,0,0,0,0,0,0,0,0,0,0,0,0.996842,0.00785241,0.976165,0.976165,0.976165,0.999824,0.999824,0,0,0,0,0,0,0,0,0.99684,0.976165,0,0,0,0,106,0.995585,0.976165,0.976165,0,0,41.5,-0.5,0,0,0,0,0,42.55,-1.95061,6.93467,91.23,117.44,0,0,0,0,0
neuromorpho__cell-12_9.swc,1631,interneuron,0.914295,0,1630,0,0,0,0,0,0,0,0,0,0,0,0.999824,4.36286e-06,0.999824,0.999824,0.999824,0.999824,0.999824,0,0,0,0,0,0,0,0,0.999824,0.999824,0,0,0,0,74,0.999826,0.999824,0.999824,0,0,51.8,0.333333,0,0,0,0,0,27.39,2.26602,5.19346,60.85,120.85,0,0,0,0,0
neuromorpho__cell-13_8.swc,2009,interneuron,0.964565,0,2008,0,0,0,0,0,0,0,0,0,0,0,0.994353,0.00996962,0.976165,0.976165,0.976165,0.999824,0.999824,0,0,0,0,0,0,0,0,0.994351,0.976165,0,0,0,0,76,0.996322,0.976165,0.976165,0,0,52.5,-3.27273,0,0,0,0,0,39,6.6358,8.51379,57.59,138.78,0,0,0,0,0
neuromorpho__cell-7_11.swc,1403,interneuron,0.942991,0,1402,0,0,0,0,0,0,0,0,0,0,0,0.999824,4.70379e-06,0.999824,0.999824,0.999824,0.999824,0.999824,0,0,0,0,0,0,0,0,0.999824,0.999824,0,0,0,0,40,0.999828,0.999824,0.999824,0,0,101,-4.47059,0,0,0,0,0,32,3.91282,5.97355,52.59,208.39,0,0,0,0,0
neuromorpho__cell3_wt_traces.swc,6733,interneuron,0.985104,162,6570,0,0,0,0,0,0,0,0,0,0,0,0.854584,0.154074,0.513514,0.513514,0.600985,0.766839,0.890625,0,0.0956483,0.119709,0.42314,0.538244,0.600985,0.600985,1,0.860815,0.733333,0.0980213,0,0,0,201,0.887485,0.513514,0.766839,0.0646766,0.338308,73,0,7,-6.48148,1.92922,72.24,61.06,24,-4.74627,2.65785,229.13,239.73,0,0,0,0,0
neuromorpho__cell5_wt_traces.swc,6212,interneuron,0.989526,0,6211,0,0,0,0,0,0,0,0,0,0,0,0.999824,2.23605e-06,0.999824,0.999824,0.999824,0.999824,0.999824,0,0,0,0,0,0,0,0,0.999824,0.999824,0,0,0,0,185,0.999825,0.999824,0.999824,0,0,84,0,0,0,0,0,0,45,-5.19732,11.1761,202.64,254.33,0,0,0,0,0
neuromorpho__cell6_wt_traces.swc,4831,interneuron,0.969491,0,4830,0,0,0,0,0,0,0,0,0,0,0,0.999824,2.53553e-06,0.999824,0.999824,0.999824,0.999824,0.999824,0,0,0,0,0,0,0,0,0.999824,0.999824,0,0,0,0,154,0.999825,0.999824,0.999824,0,0,67.7,0,0,0,0,0,0,40,1.23178,8.95292,176.29,234.71,0,0,0,0,0
neuromorpho__cell9_b2ko_swc_traces.swc,6323,interneuron,0.99329,0,6322,0,0,0,0,0,0,0,0,0,0,0,0.999824,2.21634e-06,0.999824,0.999824,0.999824,0.999824,0.999824,0,0,0,0,0,0,0,0,0.999824,0.999824,0,0,0,0,187,0.999825,0.999824,0.999824,0,0,77.4,0,0,0,0,0,0,36,5.30064,7.9845,264.1,239.39,0,0,0,0,0
neuromorpho__control-4-N5_1.swc,669,interneuron,0.989037,0,668,0,0,0,0,0,0,0,0,0,0,0,0.999824,6.80916e-06,0.999824,0.999824,0.999824,0.999824,0.999824,0,0,0,0,0,0,0,0,0.999824,0.999824,0,0,0,0,7,0.999849,0.999824,0.999824,0,0,151,0,0,0,0,0,0,5.46,-0.403473,1.33644,34.83,141.93,0,0,0,0,0
neuromorpho__cortex-1148-1.swc,72,pyramidal,0.989194,0,71,0,0,0,0,0,0,0,0,0,0,0,0.9967,0.000391667,0.996653,0.996653,0.996653,0.996653,0.996653,0,0,0,0,0,0,0,0,0.996653,0.996653,0,0,0,0,22,0.996805,0.996653,0.996653,0,0,6,0,0,0,0,0,0,38.15,-5.61732,7.3179,86.29,97.15,0,0,0,0,0
neuromorpho__cortex-1148-6.swc,56,pyramidal,0.9909,0,55,0,0,0,0,0,0,0,0,0,0,0,0.996713,0.000443214,0.996653,0.996653,0.996653,0.996653,0.996653,0,0,0,0,0,0,0,0,0.996653,0.996653,0,0,0,0,18,0.996839,0.996653,0.996653,0,0,5.9,0,0,0,0,0,0,24.49,-3.56182,6.59594,105.03,136.06,0,0,0,0,0
neuromorpho__cortex-1155-3.swc,67,pyramidal,0.980977,0,66,0,0,0,0,0,0,0,0,0,0,0,0.980814,0.0559686,0.783733,0.783733,0.996653,0.996653,0.996653,0,0,0,0.0746269,0.0746269,0,0,0,0.980523,0.996653,0,0,0,0,15,0.982682,0.783733,0.996653,0,0.0666667,10,0,0,0,0,0,0,50.26,2.15682,14.9785,80.46,104.02,0,0,0,0,0
neuromorpho__cortex-1159-7.swc,81,pyramidal,0.967044,0,80,0,0,0,0,0,0,0,0,0,0,0,0.996695,0.000369556,0.996653,0.996653,0.996653,0.996653,0.996653,0,0,0,0,0,0,0,0,0.996653,0.996653,0,0,0,0,26,0.996782,0.996653,0.996653,0,0,7.5,0,0,0,0,0,0,33.03,-5.8845,8.22097,89.34,147.93,0,0,0,0,0
neuromorpho__cortex-1159-8.swc,80,pyramidal,0.992612,0,79,0,0,0,0,0,0,0,0,0,0,0,0.996695,0.00037183,0.996653,0.996653,0.996653,0.996653,0.996653,0,0,0,0,0,0,0,0,0.996653,0.996653,0,0,0,0,24,0.996793,0.996653,0.996653,0,0,6.7,0,0,0,0,0,0,34.5,-0.521519,9.78475,96.53,107.55,0,0,0,0,0
neuromorpho__cortex-229-7.swc,54,pyramidal,0.988782,0,53,0,0,0,0,0,0,0,0,0,0,0,0.996715,0.000451195,0.996653,0.996653,0.996653,0.996653,0.996653,0,0,0,0,0,0,0,0,0.996653,0.996653,0,0,0,0,15,0.996876,0.996653,0.996653,0,0,6.6,0,0,0,0,0,0,6.95,-10.8842,2.39794,68.89,109.6,0,0,0,0,0
neuromorpho__cortex-420-4.swc,85,pyramidal,0.983473,0,84,0,0,0,0,0,0,0,0,0,0,0,0.996693,0.000360862,0.996653,0.996653,0.996653,0.996653,0.996653,0,0,0,0,0,0,0,0,0.996653,0.996653,0,0,0,0,23,0.996799,0.996653,0.996653,0,0,7,0,0,0,0,0,0,37.25,-2.77369,8.75249,71.62,102.33,0,0,0,0,0
neuromorpho__cortex-456-5.swc,111,pyramidal,0.980541,0,110,0,0,0,0,0,0,0,0,0,0,0,0.996683,0.000316223,0.996653,0.996653,0.996653,0.996653,0.996653,0,0,0,0,0,0,0,0,0.996653,0.996653,0,0,0,0,27,0.996777,0.996653,0.996653,0,0,7,0,0,0,0,0,0,23.29,-10.8195,6.62545,112.95,164.36,0,0,0,0,0
neuromorpho__cortex-516-1.swc,98,pyramidal,0.991844,0,97,0,0,0,0,0,0,0,0,0,0,0,0.996687,0.000336341,0.996653,0.996653,0.996653,0.996653,0.996653,0,0,0,0,0,0,0,0,0.996653,0.996653,0,0,0,0,22,0.996805,0.996653,0.996653,0,0,7.9,0,0,0,0,0,0,27.56,2.23309,8.95835,137.36,208.46,0,0,0,0,0
neuromorpho__cortex-516-2.swc,44,pyramidal,0.968821,0,43,0,0,0,0,0,0,0,0,0,0,0,0.996729,0.000498772,0.996653,0.996653,0.996653,0.996653,0.996653,0,0,0,0,0,0,0,0,0.996653,0.996653,0,0,0,0,10,0.996988,0.996653,0.996653,0,0,7.9,0,0,0,0,0,0,16.38,4.08349,5.92767,75.43,110.02,0,0,0,0,0
neuromorpho__cortex-519-1.swc,78,pyramidal,0.992053,0,77,0,0,0,0,0,0,0,0,0,0,0,0.996696,0.000376505,0.996653,0.996653,0.996653,0.996653,0.996653,0,0,0,0,0,0,0,0,0.996653,0.996653,0,0,0,0,18,0.996839,0.996653,0.996653,0,0,8,0,0,0,0,0,0,39.07,-5.27987,7.65164,121.22,156.79,0,0,0,0,0
neuromorpho__cortex-519-5.swc,30,pyramidal,0.873032,0,29,0,0,0,0,0,0,0,0,0,0,0,0.996765,0.000600756,0.996653,0.996653,0.996653,0.996653,0.996653,0,0,0,0,0,0,0,0,0.996653,0.996653,0,0,0,0,17,0.99685,0.996653,0.996653,0,0,3,0,0,0,0,0,0,12.11,0.0375862,3.44956,27.85,99.46,0,0,0,0,0
neuromorpho__cortex-519-9.swc,47,pyramidal,0.980726,0,46,0,0,0,0,0,0,0,0,0,0,0,0.996724,0.000482949,0.996653,0.996653,0.996653,0.996653,0.996653,0,0,0,0,0,0,0,0,0.996653,0.996653,0,0,0,0,12,0.996932,0.996653,0.996653,0,0,6.8,0,0,0,0,0,0,10.3,-1.92696,3.52774,72.95,136.53,0,0,0,0,0
neuromorpho__cortex-521-4.swc,53,pyramidal,0.991541,0,52,0,0,0,0,0,0,0,0,0,0,0,0.996716,0.000455351,0.996653,0.996653,0.996653,0.996653,0.996653,0,0,0,0,0,0,0,0,0.996653,0.996653,0,0,0,0,21,0.996813,0.996653,0.996653,0,0,5,0,0,0,0,0,0,31.21,3.08327,11.2648,61.67,159.32,0,0,0,0,0
neuromorpho__cortex-521-5.swc,34,pyramidal,0.990719,0,33,0,0,0,0,0,0,0,0,0,0,0,0.996752,0.000565456,0.996653,0.996653,0.996653,0.996653,0.996653,0,0,0,0,0,0,0,0,0.996653,0.996653,0,0,0,0,12,0.996932,0.996653,0.996653,0,0,3.9,0,0,0,0,0,0,24.81,-11.2236,8.76081,39.05,82.06,0,0,0,0,0
neuromorpho__cortex-537-6.swc,52,pyramidal,0.98823,0,51,0,0,0,0,0,0,0,0,0,0,0,0.996718,0.000459624,0.996653,0.996653,0.996653,0.996653,0.996653,0,0,0,0,0,0,0,0,0.996653,0.996653,0,0,0,0,17,0.99685,0.996653,0.996653,0,0,6.4,0,0,0,0,0,0,27.87,3.21961,8.47974,116.18,168.01,0,0,0,0,0
neuromorpho__cortex-539-1.swc,53,pyramidal,0.986998,0,52,0,0,0,0,0,0,0,0,0,0,0,0.996716,0.000455351,0.996653,0.996653,0.996653,0.996653,0.996653,0,0,0,0,0,0,0,0,0.996653,0.996653,0,0,0,0,15,0.996876,0.996653,0.996653,0,0,6.6,0,0,0,0,0,0,25.76,-1.21212,7.40988,71.1,170.64,0,0,0,0,0
neuromorpho__cortex-557-6.swc,54,pyramidal,0.987561,0,53,0,0,0,0,0,0,0,0,0,0,0,0.996715,0.000451195,0.996653,0.996653,0.996653,0.996653,0.996653,0,0,0,0,0,0,0,0,0.996653,0.996653,0,0,0,0,12,0.996932,0.996653,0.996653,0,0,8,0,0,0,0,0,0,21.21,-6.42094,6.09919,92.87,115.17,0,0,0,0,0
neuromorpho__cortex-570-4.swc,104,pyramidal,0.995284,0,103,0,0,0,0,0,0,0,0,0,0,0,0.996685,0.000326592,0.996653,0.996653,0.996653,0.996653,0.996653,0,0,0,0,0,0,0,0,0.996653,0.996653,0,0,0,0,34,0.996752,0.996653,0.996653,0,0,6.7,0,0,0,0,0,0,44.22,-4.15136,11.6497,124.96,222.68,0,0,0,0,0
neuromorpho__cortex-858-3.swc,47,pyramidal,0.957678,0,46,0,0,0,0,0,0,0,0,0,0,0,0.996724,0.000482949,0.996653,0.996653,0.996653,0.996653,0.996653,0,0,0,0,0,0,0,0,0.996653,0.996653,0,0,0,0,15,0.996876,0.996653,0.996653,0,0,5,0,0,0,0,0,0,39.39,-8.38087,12.0337,59.25,119.27,0,0,0,0,0
neuromorpho__cortex-858-4.swc,63,pyramidal,0.988392,0,62,0,0,0,0,0,0,0,0,0,0,0,0.996706,0.000418288,0.996653,0.996653,0.996653,0.996653,0.996653,0,0,0,0,0,0,0,0,0.996653,0.996653,0,0,0,0,24,0.996793,0.996653,0.996653,0,0,4.4,0,0,0,0,0,0,26.35,-7.89581,9.55297,79.49,152.58,0,0,0,0,0
neuromorpho__cortex-858-5.swc,45,pyramidal,0.987202,0,44,0,0,0,0,0,0,0,0,0,0,0,0.996728,0.000493326,0.996653,0.996653,0.996653,0.996653,0.996653,0,0,0,0,0,0,0,0,0.996653,0.996653,0,0,0,0,18,0.996839,0.996653,0.996653,0,0,4.6,0,0,0,0,0,0,17.25,-3.65364,3.67714,67.66,129.35,0,0,0,0,0
neuromorpho__cortex-858-6.swc,59,pyramidal,0.965012,0,58,0,0,0,0,0,0,0,0,0,0,0,0.99671,0.000431999,0.996653,0.996653,0.996653,0.996653,0.996653,0,0,0,0,0,0,0,0,0.996653,0.996653,0,0,0,0,11,0.996958,0.996653,0.996653,0,0,12,0,0,0,0,0,0,39.98,-2.77017,8.93896,66.41,80.48,0,0,0,0,0
neuromorpho__cortex102-2.swc,106,pyramidal,0.977589,0,105,0,0,0,0,0,0,0,0,0,0,0,0.996685,0.000323526,0.996653,0.996653,0.996653,0.996653,0.996653,0,0,0,0,0,0,0,0,0.996653,0.996653,0,0,0,0,27,0.996777,0.996653,0.996653,0,0,8.2,0,0,0,0,0,0,29.4,-12.5449,8.73516,79.22,227.33,0,0,0,0,0
neuromorpho__cortex102-3.swc,87,pyramidal,0.988667,0,86,0,0,0,0,0,0,0,0,0,0,0,0.996692,0.000356739,0.996653,0.996653,0.996653,0.996653,0.996653,0,0,0,0,0,0,0,0,0.996653,0.996653,0,0,0,0,22,0.996805,0.996653,0.996653,0,0,6.9,0,0,0,0,0,0,33.33,-0.0532558,8.53541,104.06,175.32,0,0,0,0,0
neuromorpho__cortex102-5.swc,149,pyramidal,0.920548,0,148,0,0,0,0,0,0,0,0,0,0,0,0.996676,0.000273253,0.996653,0.996653,0.996653,0.996653,0.996653,0,0,0,0,0,0,0,0,0.996653,0.996653,0,0,0,0,36,0.996746,0.996653,0.996653,0,0,8,0,0,0,0,0,0,46.04,-5.82615,16.0924,207.26,189.43,0,0,0,0,0
neuromorpho__cortex104-4.swc,164,pyramidal,0.943226,0,163,0,0,0,0,0,0,0,0,0,0,0,0.996674,0.000260538,0.996653,0.996653,0.996653,0.996653,0.996653,0,0,0,0,0,0,0,0,0.996653,0.996653,0,0,0,0,39,0.996739,0.996653,0.996653,0,0,10,0,0,0,0,0,0,52.4,-9.50264,12.4723,161.66,173.3,0,0,0,0,0
neuromorpho__cortex117-7.swc,88,pyramidal,0.991852,0,87,0,0,0,0,0,0,0,0,0,0,0,0.996691,0.00035473,0.996653,0.996653,0.996653,0.996653,0.996653,0,0,0,0,0,0,0,0,0.996653,0.996653,0,0,0,0,20,0.996821,0.996653,0.996653,0,0,8.1,0,0,0,0,0,0,44.23,4.07782,11.6736,148.69,239.98,0,0,0,0,0
neuromorpho__cortex134-3.swc,81,pyramidal,0.983973,0,80,0,0,0,0,0,0,0,0,0,0,0,0.996695,0.000369556,0.996653,0.996653,0.996653,0.996653,0.996653,0,0,0,0,0,0,0,0,0.996653,0.996653,0,0,0,0,22,0.996805,0.996653,0.996653,0,0,8,0,0,0,0,0,0,19.98,-4.43187,6.3214,93.92,138.12,0,0,0,0,0
neuromorpho__cortex156-3.swc,115,pyramidal,0.992815,0,114,0,0,0,0,0,0,0,0,0,0,0,0.996682,0.000310724,0.996653,0.996653,0.996653,0.996653,0.996653,0,0,0,0,0,0,0,0,0.996653,0.996653,0,0,0,0,27,0.996777,0.996653,0.996653,0,0,8.8,0,0,0,0,0,0,48.17,-6.11982,11.7267,94.86,163.28,0,0,0,0,0
neuromorpho__cortex156-6.swc,101,pyramidal,0.977849,0,100,0,0,0,0,0,0,0,0,0,0,0,0.996686,0.000331359,0.996653,0.996653,0.996653,0.996653,0.996653,0,0,0,0,0,0,0,0,0.996653,0.996653,0,0,0,0,26,0.996782,0.996653,0.996653,0,0,7,0,0,0,0,0,0,27,-0.5,6.39609,88.15,166.81,0,0,0,0,0
neuromorpho__cortex157-7.swc,91,pyramidal,0.971077,0,90,0,0,0,0,0,0,0,0,0,0,0,0.99669,0.0003489,0.996653,0.996653,0.996653,0.996653,0.996653,0,0,0,0,0,0,0,0,0.996653,0.996653,0,0,0,0,18,0.996839,0.996653,0.996653,0,0,10.6,0,0,0,0,0,0,48.15,1.60667,12.9981,81.38,137.81,0,0,0,0,0
neuromorpho__cortex158-1.swc,43,pyramidal,0.993552,0,42,0,0,0,0,0,0,0,0,0,0,0,0.996731,0.000504402,0.996653,0.996653,0.996653,0.996653,0.996653,0,0,0,0,0,0,0,0,0.996653,0.996653,0,0,0,0,20,0.996821,0.996653,0.996653,0,0,4,0,0,0,0,0,0,22.43,-0.714286,5.62115,53.73,113.8,0,0,0,0,0
neuromorpho__cortex158-6.swc,43,pyramidal,0.989187,0,42,0,0,0,0,0,0,0,0,0,0,0,0.996731,0.000504402,0.996653,0.996653,0.996653,0.996653,0.996653,0,0,0,0,0,0,0,0,0.996653,0.996653,0,0,0,0,14,0.996892,0.996653,0.996653,0,0,4.7,0,0,0,0,0,0,40.31,-11.996,13.1945,48.84,111.08,0,0,0,0,0
neuromorpho__cortex163-3.swc,174,pyramidal,0.981066,0,173,0,0,0,0,0,0,0,0,0,0,0,0.996673,0.000252985,0.996653,0.996653,0.996653,0.996653,0.996653,0,0,0,0,0,0,0,0,0.996653,0.996653,0,0,0,0,47,0.996724,0.996653,0.996653,0,0,7,0,0,0,0,0,0,52.09,-6.91301,14.9818,221.54,260.35,0,0,0,0,0
neuromorpho__cortex168-2.swc,48,pyramidal,0.989871,0,47,0,0,0,0,0,0,0,0,0,0,0,0.996723,0.000478,0.996653,0.996653,0.996653,0.996653,0.996653,0,0,0,0,0,0,0,0,0.996653,0.996653,0,0,0,0,21,0.996813,0.996653,0.996653,0,0,5,0,0,0,0,0,0,25.76,4.10936,7.73785,49.5,93.9,0,0,0,0,0
neuromorpho__cortex168-6.swc,78,pyramidal,0.994438,0,77,0,0,0,0,0,0,0,0,0,0,0,0.996696,0.000376505,0.996653,0.996653,0.996653,0.996653,0.996653,0,0,0,0,0,0,0,0,0.996653,0.996653,0,0,0,0,28,0.996773,0.996653,0.996653,0,0,6.3,0,0,0,0,0,0,53.6,-4.19169,14.011,82.04,97.33,0,0,0,0,0
neuromorpho__cortex169-1.swc,92,pyramidal,0.990498,0,91,0,0,0,0,0,0,0,0,0,0,0,0.99669,0.000347019,0.996653,0.996653,0.996653,0.996653,0.996653,0,0,0,0,0,0,0,0,0.996653,0.996653,0,0,0,0,26,0.996782,0.996653,0.996653,0,0,6.5,0,0,0,0,0,0,43.91,-10.952,13.3498,80.17,157.53,0,0,0,0,0
neuromorpho__cortex170-5.swc,68,pyramidal,0.980758,0,67,0,0,0,0,0,0,0,0,0,0,0,0.996702,0.000402855,0.996653,0.996653,0.996653,0.996653,0.996653,0,0,0,0,0,0,0,0,0.996653,0.996653,0,0,0,0,15,0.996876,0.996653,0.996653,0,0,7.2,0,0,0,0,0,0,27.84,-1.39612,9.1871,59.83,139.87,0,0,0,0,0
neuromorpho__cortex170-6.swc,69,pyramidal,0.985099,0,68,0,0,0,0,0,0,0,0,0,0,0,0.996702,0.000399969,0.996653,0.996653,0.996653,0.996653,0.996653,0,0,0,0,0,0,0,0,0.996653,0.996653,0,0,0,0,22,0.996805,0.996653,0.996653,0,0,5.9,0,0,0,0,0,0,49.98,0.901471,12.6513,72.85,108.6,0,0,0,0,0
neuromorpho__cortex172-1.swc,51,pyramidal,0.99483,0,50,0,0,0,0,0,0,0,0,0,0,0,0.996719,0.000464019,0.996653,0.996653,0.996653,0.996653,0.996653,0,0,0,0,0,0,0,0,0.996653,0.996653,0,0,0,0,12,0.996932,0.996653,0.996653,0,0,6,0,0,0,0,0,0,45.14,-5.9238,10.5151,103.03,152.52,0,0,0,0,0
neuromorpho__cortex223-5.swc,93,pyramidal,0.970134,0,92,0,0,0,0,0,0,0,0,0,0,0,0.996689,0.000345169,0.996653,0.996653,0.996653,0.996653,0.996653,0,0,0,0,0,0,0,0,0.996653,0.996653,0,0,0,0,24,0.996793,0.996653,0.996653,0,0,6.7,0,0,0,0,0,0,27.86,-7.32761,9.23791,158.41,254.66,0,0,0,0,0
neuromorpho__cortex285-2.swc,129,pyramidal,0.980232,0,128,0,0,0,0,0,0,0,0,0,0,0,0.996679,0.000293519,0.996653,0.996653,0.996653,0.996653,0.996653,0,0,0,0,0,0,0,0,0.996653,0.996653,0,0,0,0,34,0.996752,0.996653,0.996653,0,0,8.7,0,0,0,0,0,0,42.39,3.66016,12.2095,126.39,196.58,0,0,0,0,0
neuromorpho__cortex285-4.swc,110,pyramidal,0.991981,0,109,0,0,0,0,0,0,0,0,0,0,0,0.996684,0.000317644,0.996653,0.996653,0.996653,0.996653,0.996653,0,0,0,0,0,0,0,0,0.996653,0.996653,0,0,0,0,26,0.996782,0.996653,0.996653,0,0,8,0,0,0,0,0,0,35.74,-15.1832,12.1881,115.52,211.64,0,0,0,0,0
neuromorpho__cortex286-1.swc,101,pyramidal,0.995497,0,100,0,0,0,0,0,0,0,0,0,0,0,0.996686,0.000331359,0.996653,0.996653,0.996653,0.996653,0.996653,0,0,0,0,0,0,0,0,0.996653,0.996653,0,0,0,0,25,0.996787,0.996653,0.996653,0,0,8.6,0,0,0,0,0,0,35.14,-10.1529,11.2094,69.81,225.66,0,0,0,0,0
neuromorpho__cortex286-3.swc,55,pyramidal,0.983576,0,54,0,0,0,0,0,0,0,0,0,0,0,0.996714,0.000447151,0.996653,0.996653,0.996653,0.996653,0.996653,0,0,0,0,0,0,0,0,0.996653,0.996653,0,0,0,0,18,0.996839,0.996653,0.996653,0,0,6,0,0,0,0,0,0,19.98,-3.30667,5.08889,50.37,82.1,0,0,0,0,0
neuromorpho__cortex286-4.swc,59,pyramidal,0.9944,0,58,0,0,0,0,0,0,0,0,0,0,0,0.996335,0.00132278,0.992226,0.992226,0.996653,0.996653,0.996653,0,0,0,0,0,0,0,0,0.996272,0.996653,0,0,0,0,15,0.996581,0.992226,0.996653,0,0,8.2,0,0,0,0,0,0,25.74,-3.02448,9.26779,58.53,103.75,0,0,0,0,0
neuromorpho__cortex286-5.swc,100,pyramidal,0.995036,0,99,0,0,0,0,0,0,0,0,0,0,0,0.996687,0.000332995,0.996653,0.996653,0.996653,0.996653,0.996653,0,0,0,0,0,0,0,0,0.996653,0.996653,0,0,0,0,27,0.996777,0.996653,0.996653,0,0,7,0,0,0,0,0,0,37.56,3.93808,14.0115,91.72,149.21,0,0,0,0,0
neuromorpho__cortex303-1.swc,104,pyramidal,0.989736,0,103,0,0,0,0,0,0,0,0,0,0,0,0.996685,0.000326592,0.996653,0.996653,0.996653,0.996653,0.996653,0,0,0,0,0,0,0,0,0.996653,0.996653,0,0,0,0,21,0.996813,0.996653,0.996653,0,0,8,0,0,0,0,0,0,31.49,-0.295534,8.77397,71.98,164.16,0,0,0,0,0
neuromorpho__cortex303-4.swc,78,pyramidal,0.976497,0,77,0,0,0,0,0,0,0,0,0,0,0,0.996696,0.000376505,0.996653,0.996653,0.996653,0.996653,0.996653,0,0,0,0,0,0,0,0,0.996653,0.996653,0,0,0,0,14,0.996892,0.996653,0.996653,0,0,9.7,0,0,0,0,0,0,38.47,-8.2261,13.6877,147.34,189.47,0,0,0,0,0
neuromorpho__cortex305-3.swc,87,pyramidal,0.920861,0,86,0,0,0,0,0,0,0,0,0,0,0,0.996692,0.000356739,0.996653,0.996653,0.996653,0.996653,0.996653,0,0,0,0,0,0,0,0,0.996653,0.996653,0,0,0,0,23,0.996799,0.996653,0.996653,0,0,7,0,0,0,0,0,0,28.47,-0.575581,9.42662,96.86,127.27,0,0,0,0,0
neuromorpho__cortex305-7.swc,49,pyramidal,0.986198,0,48,0,0,0,0,0,0,0,0,0,0,0,0.996722,0.0004732,0.996653,0.996653,0.996653,0.996653,0.996653,0,0,0,0,0,0,0,0,0.996653,0.996653,0,0,0,0,16,0.996862,0.996653,0.996653,0,0,6.5,0,0,0,0,0,0,22.1,-0.370417,8.07587,51.26,105.16,0,0,0,0,0
neuromorpho__cortex367-3.swc,113,pyramidal,0.968651,0,112,0,0,0,0,0,0,0,0,0,0,0,0.996683,0.000313438,0.996653,0.996653,0.996653,0.996653,0.996653,0,0,0,0,0,0,0,0,0.996653,0.996653,0,0,0,0,25,0.996787,0.996653,0.996653,0,0,7.6,0,0,0,0,0,0,26.36,-11.5487,8.08212,99.86,149.47,0,0,0,0,0
neuromorpho__cortex367-5.swc,69,pyramidal,0.990309,0,68,0,0,0,0,0,0,0,0,0,0,0,0.996702,0.000399969,0.996653,0.996653,0.996653,0.996653,0.996653,0,0,0,0,0,0,0,0,0.996653,0.996653,0,0,0,0,18,0.996839,0.996653,0.996653,0,0,7.3,0,0,0,0,0,0,23.94,-2.98588,7.15766,55.77,123.88,0,0,0,0,0
neuromorpho__cortex368-4.swc,97,pyramidal,0.990165,0,96,0,0,0,0,0,0,0,0,0,0,0,0.996688,0.000338053,0.996653,0.996653,0.996653,0.996653,0.996653,0,0,0,0,0,0,0,0,0.996653,0.996653,0,0,0,0,22,0.996805,0.996653,0.996653,0,0,7,0,0,0,0,0,0,35.14,-4.34771,11.2451,124.27,216.77,0,0,0,0,0
neuromorpho__cortex368-5.swc,85,pyramidal,0.996794,0,84,0,0,0,0,0,0,0,0,0,0,0,0.996693,0.000360862,0.996653,0.996653,0.996653,0.996653,0.996653,0,0,0,0,0,0,0,0,0.996653,0.996653,0,0,0,0,21,0.996813,0.996653,0.996653,0,0,7,0,0,0,0,0,0,35.13,-1.24917,9.62428,114.46,166.51,0,0,0,0,0
neuromorpho__cortex370-1.swc,34,pyramidal,0.977167,0,33,0,0,0,0,0,0,0,0,0,0,0,0.996752,0.000565456,0.996653,0.996653,0.996653,0.996653,0.996653,0,0,0,0,0,0,0,0,0.996653,0.996653,0,0,0,0,12,0.996932,0.996653,0.996653,0,0,4.9,0,0,0,0,0,0,23.03,-1.09,6.44206,37.12,113.44,0,0,0,0,0
neuromorpho__cortex370-5.swc,44,pyramidal,0.986834,0,43,0,0,0,0,0,0,0,0,0,0,0,0.996729,0.000498772,0.996653,0.996653,0.996653,0.996653,0.996653,0,0,0,0,0,0,0,0,0.996653,0.996653,0,0,0,0,13,0.996911,0.996653,0.996653,0,0,6,0,0,0,0,0,0,23.62,-2.51767,4.01814,66.56,129.98,0,0,0,0,0
neuromorpho__cortex370-6.swc,53,pyramidal,0.986494,0,52,0,0,0,0,0,0,0,0,0,0,0,0.996716,0.000455351,0.996653,0.996653,0.996653,0.996653,0.996653,0,0,0,0,0,0,0,0,0.996653,0.996653,0,0,0,0,15,0.996876,0.996653,0.996653,0,0,7.6,0,0,0,0,0,0,16.64,-0.351731,2.26702,79.08,111.55,0,0,0,0,0
neuromorpho__cortex412-2.swc,58,pyramidal,0.992367,0,57,0,0,0,0,0,0,0,0,0,0,0,0.996711,0.000435642,0.996653,0.996653,0.996653,0.996653,0.996653,0,0,0,0,0,0,0,0,0.996653,0.996653,0,0,0,0,22,0.996805,0.996653,0.996653,0,0,5.9,0,0,0,0,0,0,21.5,-2.07439,5.76881,87.36,128.5,0,0,0,0,0
neuromorpho__cortex412-6.swc,63,pyramidal,0.991936,0,62,0,0,0,0,0,0,0,0,0,0,0,0.996706,0.000418288,0.996653,0.996653,0.996653,0.996653,0.996653,0,0,0,0,0,0,0,0,0.996653,0.996653,0,0,0,0,20,0.996821,0.996653,0.996653,0,0,6.3,0,0,0,0,0,0,44.51,-1.6679,9.52457,62.65,119.88,0,0,0,0,0
neuromorpho__cortex417-1.swc,49,pyramidal,0.907375,0,48,0,0,0,0,0,0,0,0,0,0,0,0.996722,0.0004732,0.996653,0.996653,0.996653,0.996653,0.996653,0,0,0,0,0,0,0,0,0.996653,0.996653,0,0,0,0,7,0.997131,0.996653,0.996653,0,0,11,0,0,0,0,0,0,40.91,8.05583,11.0408,66.44,123.22,0,0,0,0,0
neuromorpho__cortex417-2.swc,70,pyramidal,0.975831,0,69,0,0,0,0,0,0,0,0,0,0,0,0.996701,0.000397143,0.996653,0.996653,0.996653,0.996653,0.996653,0,0,0,0,0,0,0,0,0.996653,0.996653,0,0,0,0,15,0.996876,0.996653,0.996653,0,0,8,0,0,0,0,0,0,52.4,15.7575,15.6256,102.04,142.81,0,0,0,0,0
neuromorpho__cortex99-6.swc,54,pyramidal,0.931609,0,53,0,0,0,0,0,0,0,0,0,0,0,0.996715,0.000451195,0.996653,0.996653,0.996653,0.996653,0.996653,0,0,0,0,0,0,0,0,0.996653,0.996653,0,0,0,0,14,0.996892,0.996653,0.996653,0,0,6.4,0,0,0,0,0,0,36.63,4.24698,12.6819,104.86,150.17,0,0,0,0,0
neuromorpho__crop0_1_seg_split_9_1-1.swc,837,interneuron,0.446157,0,836,0,0,0,0,0,0,0,0,0,0,0,0.923627,0.0179432,0.905711,0.905711,0.905711,0.905711,0.935101,0,0,0,0,0,0,0,0,0.923535,0.905711,0,0,0,0,32,0.937348,0.905711,0.905711,0,0,46.3,0,0,0,0,0,0,13.14,-0.49451,1.99674,24.95,73.92,0,0,0,0,0
neuromorpho__crop0_2_seg_split_16_1-1.swc,836,pyramidal,0.837796,0,835,0,0,0,0,0,0,0,0,0,0,0,0.996524,0.000782783,0.991855,0.996653,0.996653,0.996653,0.996653,0,0,0,0,0,0,0,0,0.99652,0.996653,0,0,0,0,43,0.996414,0.991855,0.996653,0,0,46.2,0,0,0,0,0,0,18.05,2.28544,3.92259,35.79,24.16,0,0,0,0,0
neuromorpho__crop0_2_seg_split_4_1-2.swc,758,pyramidal,0.841282,0,757,0,0,0,0,0,0,0,0,0,0,0,0.941037,0.102679,0.746153,0.746153,0.753381,0.996653,0.996653,0,0,0,0.226913,0.226913,0,0,0,0.940959,0.753381,0,0,0,0,46,0.969969,0.746153,0.875017,0,0.108696,38.5,0,0,0,0,0,0,15.33,-3.69129,3.86371,31.17,40.23,0,0,0,0,0
neuromorpho__crop0_2_seg_split_5_1-15.swc,1611,interneuron,0.500049,0,1610,0,0,0,0,0,0,0,0,0,0,0,0.868181,0.083338,0.773245,0.773245,0.773245,0.773245,0.940855,0,0,0,0.435133,0.435133,0,0,0,0.868099,0.773245,0,0,0,0,77,0.878708,0.773245,0.773245,0,0.376623,48.2,0,0,0,0,0,0,31.32,-0.900354,6.71331,59.32,51.13,0,0,0,0,0
neuromorpho__crop0_2_seg_split_6_1-35.swc,545,interneuron,0.375168,0,544,0,0,0,0,0,0,0,0,0,0,0,0.89629,0.054974,0.813004,0.813004,0.831258,0.831258,0.93921,0,0,0,0,0.394495,0,0,0,0.8961,0.831258,0,0,0,0,36,0.917165,0.813004,0.831258,0,0,39,0,0,0,0,0,0,18.65,1.21033,4.21946,34.12,29.65,0,0,0,0,0
neuromorpho__ctg_bV1_6.swc,365,pyramidal,0.990974,0,217,147,0,0,0,0,0.112171,0,0,0,0,0,0.962778,0.0461134,0.804979,0.885645,0.90175,0.927278,0.985786,0,0,0,0,0.090411,0,0,0,0.970116,0.891837,0,0.951693,0.906779,0,54,0.962296,0.804979,0.895362,0,0,13,0,0,0,0,0,0,114.43,-15.5478,20.061,287.2,254.37,84.16,-11.2963,18,221.63,175.3
neuromorpho__ctrl_bV1_3.swc,669,pyramidal,0.994766,21,368,279,0,0,0,0,0,0,0,0,0,0,0.981665,0.058759,0.598588,0.947713,0.985786,0.985786,0.996653,0,0.0224215,0.0224215,0.0224215,0.0224215,0.947713,0.947713,0,0.980428,0.996653,0.0407609,0.985786,0.985786,0,79,0.985259,0.598588,0.985786,0.0126582,0.0126582,17,0.00333333,12.41,-5.20476,2.88721,35.03,72,70.34,12.7325,16.7832,214.42,228.57,61.89,3.88724,15.0013,230.83,445.47
neuromorpho__ctrl_bV1_6.swc,857,pyramidal,0.98964,0,407,449,0,0,0,0,0.015318,0,0,0,0,0,0.783027,0.30678,0.3,0.3,0.3,0.3,0.985671,0.281214,0.281214,0.281214,0.330222,0.352392,0,0,0,0.993143,0.996653,0.004914,0.592082,0.3,0.532294,109,0.771455,0.3,0.3,0.293578,0.33945,17,0,0,0,0,0,0,82.32,-15.4195,17.1968,254.46,218.57,89.55,-4.92303,17.6662,259.28,720.43
neuromorpho__ctrl_bV1_7.swc,392,pyramidal,0.969398,0,220,171,0,0,0,0,0.0223406,0,0,0,0,0,0.840947,0.283095,0.3,0.3,0.3,0.917273,0.996653,0.214286,0.214286,0.214286,0.214286,0.214286,0,0,0,0.996653,0.996653,0,0.639694,0.3,0.491228,53,0.908236,0.3,0.359155,0.132075,0.132075,14,0,0,0,0,0,0,47.69,-1.62845,10.7616,264.3,161.17,54.89,-0.684503,13.2668,260.79,642.58
neuromorpho__dCH-cobalt.swc,6167,interneuron,0.958469,27,6139,0,0,0,0,0,0,0,0,0,0,0,0.333992,0.147287,0.3,0.3,0.3,0.3,0.3,0.949408,0.949408,0.949408,0.949408,0.949408,0.926606,0.926606,0,0.331277,0.3,0.953738,0,0,0,4777,0.317829,0.3,0.3,0.973624,0.973624,2,25.1268,40.5,-95.8602,11.2699,136.3,86.1,123.6,-74.6557,28.1697,622.2,401.6,0,0,0,0,0
neuromorpho__dIN-000516-nrn-ns-100624-transl-invX-scaled-straightened.swc,80,interneuron,0.911635,63,16,0,0,0,0,0,0,0,0,0,0,0,0.653375,0.25922,0.3,0.3,0.3,0.3,0.667159,0.2625,0.375,0.5,0.7,0.725,0.617254,0.3,0.634921,0.773939,0.750086,0,0,0,0,20,0.713609,0.3,0.513514,0.45,0.75,6,0.346,50.07,0.498444,12.3438,969.71,492.05,12.1,15.304,3.68955,10.8,16.07,0,0,0,0,0
neuromorpho__dIN-1436-nrn-ns-100901-transl-invX-scaled-straightened.swc,98,interneuron,0.814071,31,66,0,0,0,0,0,0,0,0,0,0,0,0.853429,0.280378,0.3,0.3,0.3,0.972829,0.999824,0.204082,0.204082,0.204082,0.204082,0.204082,0.538746,0.3,0.645161,0.999014,0.999824,0,0,0,0,13,0.860109,0.3,0.367283,0.230769,0.230769,20.4,1.92,48.39,-33.6887,18.6591,615.05,42.14,13.84,15.7942,3.6869,35.72,38.08,0,0,0,0,0
neuromorpho__dIN-446-nrn-ns-100408-transl-invX-scaled-straightened.swc,64,interneuron,0.965757,63,0,0,0,0,0,0,0,0,0,0,0,0,0.670287,0.337098,0.3,0.3,0.3,0.3,0.972829,0.453125,0.453125,0.453125,0.453125,0.453125,0.665054,0.3,0.460317,0,0,0,0,0,0,4,0.802362,0.3,0.570697,0.25,0.5,27.7,0,19.01,4.0254,4.80911,26.81,1090.95,0,0,0,0,0,0,0,0,0,0
neuromorpho__dlc-1367-nrn-ns-110116-combined-transl-invX-scaled-straightened.swc,128,interneuron,0.904493,97,30,0,0,0,0,0,0,0,0,0,0,0,0.721911,0.314068,0.3,0.3,0.3,0.3,0.956911,0.335938,0.367188,0.367188,0.445312,0.445312,0.635318,0.3,0.484536,0.992627,0.976066,0,0,0,0,15,0.874301,0.3,0.520382,0.2,0.266667,20.2,0,62.21,24.1164,15.3484,175.2,1350.6,9.73,0.863667,3.16311,10.97,36.46,0,0,0,0,0
neuromorpho__dysk-10.swc,2183,interneuron,0.703254,0,2182,0,0,0,0,0,0,0,0,0,0,0,0.963919,0.154395,0.3,0.3,0.999824,0.999824,0.999824,0.0513055,0.0513055,0.0513055,0.0513055,0.0513055,0,0,0,0.963902,0.999824,0.0513291,0,0,0,78,0.990368,0.3,0.999824,0,0,76.3,0.997,0,0,0,0,0,65.94,-0.0950202,12.5218,448.72,371.32,0,0,0,0,0
neuromorpho__dysk-11.swc,1811,interneuron,0.979842,0,1810,0,0,0,0,0,0,0,0,0,0,0,0.896647,0.248113,0.3,0.3,0.3,0.999824,0.999824,0.147432,0.147432,0.147432,0.147432,0.147432,0,0,0,0.89659,0.3,0.147514,0,0,0,60,0.920606,0.3,0.71552,0.1,0.133333,66.3,0.0155556,0,0,0,0,0,71.19,8.70007,13.2346,300.55,535.85,0,0,0,0,0
neuromorpho__dysk-13.swc,2937,interneuron,0.874941,0,2936,0,0,0,0,0,0,0,0,0,0,0,0.907372,0.236966,0.3,0.3,0.3,0.999824,0.999824,0.132108,0.132108,0.132108,0.132108,0.132108,0,0,0,0.90734,0.3,0.132153,0,0,0,79,0.945954,0.3,0.836383,0.0632911,0.0886076,100.2,1.34,0,0,0,0,0,47.94,6.08497,9.05257,414.99,498.77,0,0,0,0,0
neuromorpho__dysk-14.swc,2210,interneuron,0.874108,0,2209,0,0,0,0,0,0,0,0,0,0,0,0.941241,0.193818,0.3,0.3,0.999824,0.999824,0.999824,0.0837104,0.0837104,0.0837104,0.0837104,0.0837104,0,0,0,0.941215,0.999824,0.0837483,0,0,0,69,0.987506,0.3,0.999824,0,0.0289855,73.2,1.0025,0,0,0,0,0,53.09,7.2031,11.4807,390.84,400.98,0,0,0,0,0
neuromorpho__dysk-19.swc,1601,interneuron,0.442704,0,1600,0,0,0,0,0,0,0,0,0,0,0,0.855376,0.205207,0.3,0.3,0.3,0.918662,0.929395,0.119925,0.119925,0.119925,0.119925,0.119925,0,0,0,0.855286,0.3,0.12,0,0,0,50,0.912887,0.3,0.822512,0.02,0.08,103.3,-1.86308,0,0,0,0,0,62.34,9.55112,10.7008,185.55,480.02,0,0,0,0,0
neuromorpho__dysk-4.swc,1870,interneuron,0.840019,0,1869,0,0,0,0,0,0,0,0,0,0,0,0.969747,0.128628,0.3,0.976165,0.976165,0.999824,0.999824,0.0342246,0.0342246,0.0342246,0.0454545,0.0454545,0,0,0,0.969731,0.976165,0.0342429,0,0,0,53,0.985757,0.3,0.97053,0,0.0188679,85.4,-1.91222,0,0,0,0,0,93.62,23.7618,23.2184,261.9,436.85,0,0,0,0,0
neuromorpho__dysk-9-GT1.swc,1204,interneuron,0.900322,0,1203,0,0,0,0,0,0,0,0,0,0,0,0.973668,0.132743,0.3,0.999824,0.999824,0.999824,0.999824,0.0373754,0.0373754,0.0373754,0.0373754,0.0373754,0,0,0,0.973646,0.999824,0.0374065,0,0,0,41,0.962413,0.3,0.999824,0.0487805,0.0487805,73,-0.8425,0,0,0,0,0,86.86,10.8331,16.8871,395.69,430.04,0,0,0,0,0
neuromorpho__exp-5-59-188-1006.swc,7084,interneuron,0.944442,0,7083,0,0,0,0,0,0,0,0,0,0,0,0.975952,0.0517944,0.766839,0.766839,0.975174,0.976165,0.983766,0,0,0,0.0554771,0.0554771,0,0,0,0.975948,0.975174,0,0,0,0,74,0.984824,0.766839,0.976165,0,0.0135135,209.5,0,0,0,0,0,0,2.01,0.23133,0.20668,192.53,199.33,0,0,0,0,0
neuromorpho__exp-5-59-188-1014.swc,4506,interneuron,0.950409,0,4505,0,0,0,0,0,0,0,0,0,0,0,0.999824,2.62535e-06,0.999824,0.999824,0.999824,0.999824,0.999824,0,0,0,0,0,0,0,0,0.999824,0.999824,0,0,0,0,74,0.999826,0.999824,0.999824,0,0,141.6,0,0,0,0,0,0,5.11,0.339827,1.00198,146.63,204.19,0,0,0,0,0
neuromorpho__exp-5-59-188-1015.swc,3857,interneuron,0.992395,0,3856,0,0,0,0,0,0,0,0,0,0,0,0.999824,2.83759e-06,0.999824,0.999824,0.999824,0.999824,0.999824,0,0,0,0,0,0,0,0,0.999824,0.999824,0,0,0,0,57,0.999827,0.999824,0.999824,0,0,164.4,0,0,0,0,0,0,4.8,0.290949,0.683073,121.84,168.46,0,0,0,0,0
neuromorpho__exp-5-59-Scr-1004.swc,2445,interneuron,0.986292,0,2444,0,0,0,0,0,0,0,0,0,0,0,0.99216,0.0110718,0.976165,0.976165,0.976165,0.976165,0.999824,0,0,0,0,0,0,0,0,0.992157,0.976165,0,0,0,0,17,0.990092,0.976165,0.976165,0,0,232.2,0,0,0,0,0,0,3.5,0.238404,0.408448,142.68,205.97,0,0,0,0,0
neuromorpho__exp-5-59-Scr-1010.swc,1777,interneuron,0.988346,303,1473,0,0,0,0,0,0,0,0,0,0,0,0.963039,0.0811333,0.784091,0.784091,0.784091,0.999824,0.999824,0,0,0,0.170512,0.170512,0.784091,0.784091,0,0.999824,0.999824,0,0,0,0,17,0.987144,0.784091,0.999824,0,0.0588235,269,0,2.47,0.00656766,0.466865,16.09,102.31,3.73,0.36184,0.779542,112.15,153.28,0,0,0,0,0
neuromorpho__exp-5-59-Scr-1013.swc,3554,interneuron,0.988985,0,3553,0,0,0,0,0,0,0,0,0,0,0,0.999824,2.95605e-06,0.999824,0.999824,0.999824,0.999824,0.999824,0,0,0,0,0,0,0,0,0.999824,0.999824,0,0,0,0,61,0.999827,0.999824,0.999824,0,0,146,0,0,0,0,0,0,4.65,0.413943,0.964939,194.59,126.84,0,0,0,0,0
neuromorpho__g0445-7_cellA.swc,837,interneuron,0.530419,576,260,0,0,0,0,0,0,0,0,0,0,0,0.831083,0.133363,0.3,0.817581,0.817581,0.817581,0.817581,0.0489845,0.0489845,0.0489845,0.0489845,0.688172,0.780739,0.817581,0.0711806,0.941965,0.941937,0,0,0,0,96,0.872596,0.3,0.817581,0.0416667,0.0416667,19.5,0,269.75,35.0442,38.1731,436.36,624.04,115.45,23.2216,25.8043,150.06,219.8,0,0,0,0,0
neuromorpho__g0697P1.swc,3760,pyramidal,0.878539,2452,717,590,0,0,0,0,0.00577099,0,0,0,0,0,0.642703,0.345719,0.3,0.3,0.3,0.3,0.3,0.504255,0.504255,0.504255,0.504255,0.504255,0.521868,0.3,0.679853,0.982079,0.996653,0.0209205,0.731852,0.3,0.362712,212,0.734827,0.3,0.3,0.382075,0.391509,35,0,767.91,45.2256,146.425,2262.78,2276.1,298.38,39.8899,66.2554,399.03,303.67,266.92,25.1734,47.2131,342.94,1041.93
neuromorpho__g0759_b2.swc,1630,pyramidal,0.822769,1359,156,114,0,0,0.0699387,0.0699387,0.00230377,0,-0.0699387,0.0699387,0.0699387,0,0.50273,0.307881,0.3,0.3,0.3,0.3,0.3,0.691411,0.691411,0.709202,0.709202,0.733129,0.457064,0.3,0.773363,0.855807,0.3,0.192308,0.559592,0.3,0.657895,101,0.666502,0.3,0.3,0.50495,0.50495,44,0,448.81,103.256,99.2877,1225.31,1748.53,142.23,2.82917,35.5632,268.55,392.25,153.96,6.82658,27.1121,177.85,524.54
neuromorpho__group1_cell11.swc,2908,pyramidal,0.958603,165,2742,0,0,0,0,0,0,0,0,0,0,0,0.944162,0.0958891,0.693926,0.753381,0.756844,0.947713,0.996653,0,0,0.00103164,0.190509,0.211142,0.947713,0.947713,0,0.943928,0.756844,0.00109409,0,0,0,66,0.908674,0.693926,0.749767,0.030303,0.333333,91,0,0,-3.47,0,17.6,50.43,0,-3.47,8.88178e-16,156.19,207.46,0,0,0,0,0
neuromorpho__group1_cell17.swc,2458,interneuron,0.827624,0,2457,0,0,0,0,0,0,0,0,0,0,0,0.993654,0.0103878,0.976165,0.976165,0.976165,0.976165,0.999824,0,0,0,0,0,0,0,0,0.993651,0.976165,0,0,0,0,35,0.996449,0.976165,0.976165,0,0,129.2,0,0,0,0,0,0,7.47,-4.12198,2.03332,191.09,225.96,0,0,0,0,0
neuromorpho__group1_cell22.swc,1937,pyramidal,0.990231,0,1936,0,0,0,0,0,0,0,0,0,0,0,0.937488,0.161069,0.494328,0.494328,0.494328,0.996653,0.996653,0.116675,0.116675,0.116675,0.116675,0.116675,0,0,0,0.937455,0.494328,0.116736,0,0,0,13,0.957848,0.494328,0.992261,0.0769231,0.0769231,278.8,0,0,0,0,0,0,0,-0.22,8.32667e-17,158.07,215.94,0,0,0,0,0
neuromorpho__group2_cell10.swc,1362,pyramidal,0.990002,0,1361,0,0,0,0,0,0,0,0,0,0,0,0.995363,0.00296427,0.988575,0.988575,0.988575,0.996653,0.996653,0,0,0,0,0,0,0,0,0.995359,0.988575,0,0,0,0,8,0.996062,0.988575,0.99423,0,0,290.3,0,0,0,0,0,0,0,0,0,98.67,220.5,0,0,0,0,0
neuromorpho__group2_cell6.swc,3853,pyramidal,0.992602,248,3604,0,0,0,0,0,0,0,0,0,0,0,0.936159,0.129841,0.593735,0.593735,0.656427,0.996653,0.996653,0,0.0643654,0.116792,0.186348,0.186348,0.593735,0.593735,1,0.959704,0.756844,0.0560488,0,0,0,109,0.987574,0.593735,0.996653,0.0183486,0.0275229,84.4,0,0,0,0,23.22,76.2,0,0,0,163.42,232.08,0,0,0,0,0
neuromorpho__hdINE-208-1-2-nrn-ns-120110-transl-invX-scaled-straightened.swc,53,interneuron,0.919222,28,24,0,0,0,0,0,0,0,0,0,0,0,0.767622,0.321813,0.3,0.3,0.3,0.3,0.979266,0.320755,0.320755,0.320755,0.320755,0.320755,0.560293,0.3,0.607143,0.999824,0.999824,0,0,0,0,13,0.922605,0.3,0.664549,0.153846,0.153846,8.6,0,44.92,-14.9204,12.7842,2013.74,88.36,8.66,-16.0508,2.66855,19.25,37.34,0,0,0,0,0
neuromorpho__het-10.swc,308,interneuron,0.759115,122,185,0,0,0,0,0,0,0,0,0,0,0,0.995617,0.00789234,0.972829,0.972829,0.986406,0.999596,0.999824,0,0,0,0,0,0.989202,0.972829,0,0.999824,0.999824,0,0,0,0,81,0.994561,0.972829,0.979798,0,0,8,0,35.03,7.57238,6.56492,122.93,134.85,26.27,0.563297,5.78298,134.34,217.65,0,0,0,0,0
neuromorpho__het-7.swc,660,interneuron,0.902033,295,364,0,0,0,0,0,0,0,0,0,0,0,0.999468,0.00211223,0.979266,0.999596,0.999596,0.999596,0.999824,0,0,0,0,0,0.999028,0.999596,0,0.999824,0.999824,0,0,0,0,203,0.99949,0.979266,0.999596,0,0,6,0,28.04,-4.18631,4.42296,143.23,210.97,42.04,-1.42577,8.67053,169.3,344.38,0,0,0,0,0
neuromorpho__het_1-2_21.swc,127,pyramidal,0.988395,0,126,0,0,0,0,0,0,0,0,0,0,0,0.995076,0.00216813,0.992226,0.992226,0.992226,0.992226,0.996653,0,0,0,0,0,0,0,0,0.995037,0.992226,0,0,0,0,6,0.996473,0.992226,0.994439,0,0,40,0,0,0,0,0,0,0,0,0,130.21,179.57,0,0,0,0,0
neuromorpho__het_1-3.swc,221,pyramidal,0.980787,0,220,0,0,0,0,0,0,0,0,0,0,0,0.990364,0.0659741,0.3,0.996653,0.996653,0.996653,0.996653,0.00904977,0.00904977,0.00904977,0.00904977,0.00904977,0,0,0,0.99032,0.996653,0.00909091,0,0,0,15,0.994366,0.3,0.996653,0,0,25.6,0,0,0,0,0,0,0,0,0,232.92,355.94,0,0,0,0,0
neuromorpho__het_10-2.swc,324,pyramidal,0.984168,0,323,0,0,0,0,0,0,0,0,0,0,0,0.996664,0.000185642,0.996653,0.996653,0.996653,0.996653,0.996653,0,0,0,0,0,0,0,0,0.996653,0.996653,0,0,0,0,14,0.996892,0.996653,0.996653,0,0,56.3,0,0,0,0,0,0,0,0,0,194.97,185.96,0,0,0,0,0
neuromorpho__het_13_37.swc,153,pyramidal,0.962879,0,152,0,0,0,0,0,0,0,0,0,0,0,0.996125,0.00149297,0.992226,0.992226,0.992226,0.996653,0.996653,0,0,0,0,0,0,0,0,0.9961,0.992226,0,0,0,0,9,0.996533,0.992226,0.995768,0,0,29.6,0,0,0,0,0,0,0,0,0,155.38,342.34,0,0,0,0,0
neuromorpho__het_16_30.swc,71,pyramidal,0.99095,0,70,0,0,0,0,0,0,0,0,0,0,0,0.928396,0.096498,0.784493,0.784493,0.784493,0.784493,0.987549,0,0,0,0.309859,0.309859,0,0,0,0.927373,0.784493,0,0,0,0,4,0.942174,0.784493,0.84541,0,0.25,26.2,0,0,0,0,0,0,0,0,0,129.79,198.44,0,0,0,0,0
neuromorpho__het_1_51.swc,303,pyramidal,0.956058,200,102,0,0,0,0,0,0,0,0,0,0,0,0.797133,0.158475,0.483234,0.549919,0.551314,0.707723,0.765801,0.019802,0.122112,0.217822,0.660066,0.660066,0.694363,0.551174,0.33,0.996653,0.996653,0,0,0,0,20,0.815611,0.483234,0.551174,0.25,0.55,32,0,0,0,0,176.03,353.45,0,0,0,93.02,100.56,0,0,0,0,0
neuromorpho__het_3-1.swc,206,pyramidal,0.991057,0,205,0,0,0,0,0,0,0,0,0,0,0,0.979826,0.057462,0.767156,0.767156,0.992226,0.992226,0.996653,0,0,0,0.0679612,0.0679612,0,0,0,0.979728,0.992226,0,0,0,0,10,0.973595,0.767156,0.969719,0,0.1,41.8,0,0,0,0,0,0,0,0,0,95.37,174.38,0,0,0,0,0
neuromorpho__het_3-2.swc,230,pyramidal,0.987051,102,127,0,0,0,0,0,0,0,0,0,0,0,0.850777,0.241939,0.3,0.3,0.3,0.662405,0.964747,0.134783,0.134783,0.26087,0.26087,0.26087,0.762716,0.3,0.303922,0.920329,0.662405,0.228346,0,0,0,8,0.926048,0.3,0.732623,0.125,0.25,59.3,0,0,0,0,97.54,241.28,0,0,0,110.36,80.8,0,0,0,0,0
neuromorpho__het_4-6.swc,585,pyramidal,0.981122,0,584,0,0,0,0,0,0,0,0,0,0,0,0.996659,0.000138252,0.996653,0.996653,0.996653,0.996653,0.996653,0,0,0,0,0,0,0,0,0.996653,0.996653,0,0,0,0,23,0.996799,0.996653,0.996653,0,0,41.2,0,0,0,0,0,0,0,0,0,182.62,399.95,0,0,0,0,0
neuromorpho__het_6_43.swc,45,pyramidal,0.989315,0,44,0,0,0,0,0,0,0,0,0,0,0,0.949754,0.101057,0.732425,0.732425,0.732425,0.996653,0.996653,0,0,0,0.177778,0.177778,0,0,0,0.948612,0.732425,0,0,0,0,4,0.931433,0.732425,0.811693,0,0.25,20,0,0,0,0,0,0,0,0,0,20.15,166.9,0,0,0,0,0
neuromorpho__het_8-2.swc,213,pyramidal,0.977662,0,212,0,0,0,0,0,0,0,0,0,0,0,0.996378,0.00112486,0.992226,0.992226,0.996653,0.996653,0.996653,0,0,0,0,0,0,0,0,0.996361,0.996653,0,0,0,0,10,0.996545,0.992226,0.996211,0,0,36.9,0,0,0,0,0,0,0,0,0,94.66,167.87,0,0,0,0,0
neuromorpho__het_8_38.swc,361,pyramidal,0.798845,175,49,136,0,0,0,0,0.0332938,0,0,0,0,0,0.839367,0.181341,0.506878,0.521173,0.547968,0.60348,0.963042,0,0.246537,0.265928,0.376731,0.376731,0.963059,0.963042,0,0.996653,0.996653,0,0.622353,0.521173,0.705882,24,0.843696,0.506878,0.54922,0.25,0.375,26.4,0,0,0,0,337.89,189.25,0,0,0,122.04,76.11,0,0,0,204.92,260.98
neuromorpho__het_9-2.swc,285,pyramidal,0.910055,0,284,0,0,0,0,0,0,0,0,0,0,0,0.99317,0.00279671,0.989313,0.989313,0.990622,0.991004,0.991432,0,0,0,0,0,0,0,0,0.993146,0.990622,0,0,0,0,21,0.993831,0.989313,0.990708,0,0,23,0,0,0,0,0,0,0,0,0,177.71,434.05,0,0,0,0,0
neuromorpho__hippo-104-2.swc,104,pyramidal,0.993679,0,103,0,0,0,0,0,0,0,0,0,0,0,0.996685,0.000326592,0.996653,0.996653,0.996653,0.996653,0.996653,0,0,0,0,0,0,0,0,0.996653,0.996653,0,0,0,0,33,0.996755,0.996653,0.996653,0,0,6,0,0,0,0,0,0,46.33,1.60427,8.95997,135.11,188.37,0,0,0,0,0
neuromorpho__hippo-104-6.swc,70,pyramidal,0.986405,0,0,69,0,0,0,0,0,0,0,0,0,0,0.98597,0.00169116,0.985291,0.985692,0.985786,0.985786,0.985786,0,0,0,0,0,0,0,0,0,0,0,0.985766,0.985786,0,18,0.986538,0.985291,0.985692,0,0,8,0,0,0,0,0,0,0,0,0,0,0,39.36,-10.062,11.2796,78.82,180.19
neuromorpho__hippo-1150-7new.swc,78,pyramidal,0.993828,0,77,0,0,0,0,0,0,0,0,0,0,0,0.996696,0.000376505,0.996653,0.996653,0.996653,0.996653,0.996653,0,0,0,0,0,0,0,0,0.996653,0.996653,0,0,0,0,17,0.99685,0.996653,0.996653,0,0,8,0,0,0,0,0,0,43.29,-9.77805,11.1801,100.35,132.79,0,0,0,0,0
neuromorpho__hippo-1159-3new.swc,105,pyramidal,0.994499,0,104,0,0,0,0,0,0,0,0,0,0,0,0.996685,0.000325048,0.996653,0.996653,0.996653,0.996653,0.996653,0,0,0,0,0,0,0,0,0.996653,0.996653,0,0,0,0,24,0.996793,0.996653,0.996653,0,0,9.1,0,0,0,0,0,0,44.55,-8.54317,12.511,129.42,147.3,0,0,0,0,0
neuromorpho__hippo-116-5.swc,71,pyramidal,0.993367,0,70,0,0,0,0,0,0,0,0,0,0,0,0.9967,0.000394377,0.996653,0.996653,0.996653,0.996653,0.996653,0,0,0,0,0,0,0,0,0.996653,0.996653,0,0,0,0,21,0.996813,0.996653,0.996653,0,0,6,0,0,0,0,0,0,39.66,3.24243,13.6353,90.02,160.91,0,0,0,0,0
neuromorpho__hippo-117-1.swc,131,pyramidal,0.993776,0,130,0,0,0,0,0,0,0,0,0,0,0,0.996679,0.000291287,0.996653,0.996653,0.996653,0.996653,0.996653,0,0,0,0,0,0,0,0,0.996653,0.996653,0,0,0,0,42,0.996733,0.996653,0.996653,0,0,6.9,0,0,0,0,0,0,52.71,-3.95231,12.7098,120.63,195.11,0,0,0,0,0
neuromorpho__hippo-130-1.swc,102,pyramidal,0.992994,0,101,0,0,0,0,0,0,0,0,0,0,0,0.996686,0.000329747,0.996653,0.996653,0.996653,0.996653,0.996653,0,0,0,0,0,0,0,0,0.996653,0.996653,0,0,0,0,25,0.996787,0.996653,0.996653,0,0,6.6,0,0,0,0,0,0,29.69,-1.1795,7.93147,113.38,137.68,0,0,0,0,0
neuromorpho__hippo-130-3.swc,105,pyramidal,0.992508,0,104,0,0,0,0,0,0,0,0,0,0,0,0.996685,0.000325048,0.996653,0.996653,0.996653,0.996653,0.996653,0,0,0,0,0,0,0,0,0.996653,0.996653,0,0,0,0,35,0.996749,0.996653,0.996653,0,0,6,0,0,0,0,0,0,44.53,9.70221,15.6031,114.04,193.12,0,0,0,0,0
neuromorpho__hippo-130-4.swc,85,pyramidal,0.991415,0,84,0,0,0,0,0,0,0,0,0,0,0,0.996693,0.000360862,0.996653,0.996653,0.996653,0.996653,0.996653,0,0,0,0,0,0,0,0,0.996653,0.996653,0,0,0,0,21,0.996813,0.996653,0.996653,0,0,7,0,0,0,0,0,0,28.45,6.89333,8.53342,160.23,99.9,0,0,0,0,0
neuromorpho__hippo-130-5.swc,90,pyramidal,0.994914,0,89,0,0,0,0,0,0,0,0,0,0,0,0.99669,0.000350811,0.996653,0.996653,0.996653,0.996653,0.996653,0,0,0,0,0,0,0,0,0.996653,0.996653,0,0,0,0,30,0.996765,0.996653,0.996653,0,0,5.1,0,0,0,0,0,0,41.49,-5.65191,11.4812,143.57,75.62,0,0,0,0,0
neuromorpho__hippo-134-5.swc,82,pyramidal,0.994896,0,81,0,0,0,0,0,0,0,0,0,0,0,0.996694,0.000367324,0.996653,0.996653,0.996653,0.996653,0.996653,0,0,0,0,0,0,0,0,0.996653,0.996653,0,0,0,0,27,0.996777,0.996653,0.996653,0,0,5.4,0,0,0,0,0,0,40.9,-13.5799,13.0045,78.32,149.23,0,0,0,0,0
neuromorpho__hippo-156-3.swc,93,pyramidal,0.993762,0,92,0,0,0,0,0,0,0,0,0,0,0,0.996689,0.000345169,0.996653,0.996653,0.996653,0.996653,0.996653,0,0,0,0,0,0,0,0,0.996653,0.996653,0,0,0,0,37,0.996744,0.996653,0.996653,0,0,5.4,0,0,0,0,0,0,46.95,-4.76054,12.4444,104.85,203.82,0,0,0,0,0
neuromorpho__hippo-156-6.swc,94,pyramidal,0.995616,0,93,0,0,0,0,0,0,0,0,0,0,0,0.996689,0.000343348,0.996653,0.996653,0.996653,0.996653,0.996653,0,0,0,0,0,0,0,0,0.996653,0.996653,0,0,0,0,31,0.996761,0.996653,0.996653,0,0,7,0,0,0,0,0,0,44.53,-0.297634,12.0396,138.24,208.66,0,0,0,0,0
neuromorpho__hippo-157-3.swc,55,pyramidal,0.993726,0,54,0,0,0,0,0,0,0,0,0,0,0,0.996714,0.000447151,0.996653,0.996653,0.996653,0.996653,0.996653,0,0,0,0,0,0,0,0,0.996653,0.996653,0,0,0,0,21,0.996813,0.996653,0.996653,0,0,4,0,0,0,0,0,0,46.66,-11.6156,15.0922,69.25,76.18,0,0,0,0,0
neuromorpho__hippo-157-4.swc,55,pyramidal,0.994771,0,54,0,0,0,0,0,0,0,0,0,0,0,0.996714,0.000447151,0.996653,0.996653,0.996653,0.996653,0.996653,0,0,0,0,0,0,0,0,0.996653,0.996653,0,0,0,0,18,0.996839,0.996653,0.996653,0,0,5.9,0,0,0,0,0,0,36.32,4.75093,9.77868,78.19,102.85,0,0,0,0,0
neuromorpho__hippo-158-2.swc,103,pyramidal,0.99401,0,102,0,0,0,0,0,0,0,0,0,0,0,0.996686,0.000328158,0.996653,0.996653,0.996653,0.996653,0.996653,0,0,0,0,0,0,0,0,0.996653,0.996653,0,0,0,0,28,0.996773,0.996653,0.996653,0,0,8,0,0,0,0,0,0,40.29,-6.79569,9.71002,123.64,132.12,0,0,0,0,0
neuromorpho__hippo-163-1.swc,97,pyramidal,0.994605,0,96,0,0,0,0,0,0,0,0,0,0,0,0.996688,0.000338053,0.996653,0.996653,0.996653,0.996653,0.996653,0,0,0,0,0,0,0,0,0.996653,0.996653,0,0,0,0,27,0.996777,0.996653,0.996653,0,0,7,0,0,0,0,0,0,31.21,1.69469,9.03565,157.23,76.81,0,0,0,0,0
neuromorpho__hippo-168-3.swc,79,pyramidal,0.995018,0,78,0,0,0,0,0,0,0,0,0,0,0,0.996696,0.000374146,0.996653,0.996653,0.996653,0.996653,0.996653,0,0,0,0,0,0,0,0,0.996653,0.996653,0,0,0,0,21,0.996813,0.996653,0.996653,0,0,7,0,0,0,0,0,0,39.35,-12.0603,9.51071,75.99,133.01,0,0,0,0,0
neuromorpho__hippo-168-6.swc,85,pyramidal,0.995253,0,84,0,0,0,0,0,0,0,0,0,0,0,0.996693,0.000360862,0.996653,0.996653,0.996653,0.996653,0.996653,0,0,0,0,0,0,0,0,0.996653,0.996653,0,0,0,0,26,0.996782,0.996653,0.996653,0,0,6,0,0,0,0,0,0,41.8,-5.63869,12.4942,76.81,112.91,0,0,0,0,0
neuromorpho__hippo-171-1.swc,58,pyramidal,0.995832,0,57,0,0,0,0,0,0,0,0,0,0,0,0.996711,0.000435642,0.996653,0.996653,0.996653,0.996653,0.996653,0,0,0,0,0,0,0,0,0.996653,0.996653,0,0,0,0,16,0.996862,0.996653,0.996653,0,0,8,0,0,0,0,0,0,49.67,-6.83825,10.6135,58.14,97.54,0,0,0,0,0
neuromorpho__hippo-171-6.swc,58,pyramidal,0.989246,0,57,0,0,0,0,0,0,0,0,0,0,0,0.996711,0.000435642,0.996653,0.996653,0.996653,0.996653,0.996653,0,0,0,0,0,0,0,0,0.996653,0.996653,0,0,0,0,16,0.996862,0.996653,0.996653,0,0,7,0,0,0,0,0,0,18.79,-5.08263,5.88738,65.65,95.79,0,0,0,0,0
neuromorpho__hippo-172-1.swc,134,pyramidal,0.990148,0,133,0,0,0,0,0,0,0,0,0,0,0,0.996678,0.000288033,0.996653,0.996653,0.996653,0.996653,0.996653,0,0,0,0,0,0,0,0,0.996653,0.996653,0,0,0,0,37,0.996744,0.996653,0.996653,0,0,7,0,0,0,0,0,0,43.93,-4.30383,11.5321,107.58,138.18,0,0,0,0,0
neuromorpho__hippo-172-3.swc,111,pyramidal,0.993872,0,110,0,0,0,0,0,0,0,0,0,0,0,0.996683,0.000316223,0.996653,0.996653,0.996653,0.996653,0.996653,0,0,0,0,0,0,0,0,0.996653,0.996653,0,0,0,0,31,0.996761,0.996653,0.996653,0,0,6,0,0,0,0,0,0,35.12,-5.56918,12.5675,94.56,104.26,0,0,0,0,0
neuromorpho__hippo-195-3.swc,57,pyramidal,0.994538,0,56,0,0,0,0,0,0,0,0,0,0,0,0.996712,0.000439379,0.996653,0.996653,0.996653,0.996653,0.996653,0,0,0,0,0,0,0,0,0.996653,0.996653,0,0,0,0,16,0.996862,0.996653,0.996653,0,0,6,0,0,0,0,0,0,48.43,-0.687857,14.0305,66.77,90.38,0,0,0,0,0
neuromorpho__hippo-195-4.swc,79,pyramidal,0.99232,0,78,0,0,0,0,0,0,0,0,0,0,0,0.996696,0.000374146,0.996653,0.996653,0.996653,0.996653,0.996653,0,0,0,0,0,0,0,0,0.996653,0.996653,0,0,0,0,24,0.996793,0.996653,0.996653,0,0,8,0,0,0,0,0,0,26.95,-0.378205,8.38014,65,126.25,0,0,0,0,0
neuromorpho__hippo-195-5.swc,162,pyramidal,0.992026,0,161,0,0,0,0,0,0,0,0,0,0,0,0.996674,0.000262131,0.996653,0.996653,0.996653,0.996653,0.996653,0,0,0,0,0,0,0,0,0.996653,0.996653,0,0,0,0,50,0.99672,0.996653,0.996653,0,0,7.1,0,0,0,0,0,0,42.41,-0.444969,10.7557,135.24,227.69,0,0,0,0,0
neuromorpho__hippo-218-1.swc,37,pyramidal,0.938316,0,36,0,0,0,0,0,0,0,0,0,0,0,0.996744,0.000542713,0.996653,0.996653,0.996653,0.996653,0.996653,0,0,0,0,0,0,0,0,0.996653,0.996653,0,0,0,0,12,0.996932,0.996653,0.996653,0,0,5.9,0,0,0,0,0,0,17.25,4.73667,5.01652,49.12,86.43,0,0,0,0,0
neuromorpho__hippo-218-3.swc,122,pyramidal,0.991526,0,121,0,0,0,0,0,0,0,0,0,0,0,0.996681,0.000301754,0.996653,0.996653,0.996653,0.996653,0.996653,0,0,0,0,0,0,0,0,0.996653,0.996653,0,0,0,0,35,0.996749,0.996653,0.996653,0,0,7.2,0,0,0,0,0,0,55.73,-3.69876,11.9,158.94,193.45,0,0,0,0,0
neuromorpho__hippo-225-1.swc,60,pyramidal,0.993335,0,59,0,0,0,0,0,0,0,0,0,0,0,0.996709,0.000428445,0.996653,0.996653,0.996653,0.996653,0.996653,0,0,0,0,0,0,0,0,0.996653,0.996653,0,0,0,0,23,0.996799,0.996653,0.996653,0,0,4.8,0,0,0,0,0,0,34.2,0.848814,8.48563,59.35,122.89,0,0,0,0,0
neuromorpho__hippo-225-5.swc,116,pyramidal,0.992818,0,115,0,0,0,0,0,0,0,0,0,0,0,0.996682,0.000309394,0.996653,0.996653,0.996653,0.996653,0.996653,0,0,0,0,0,0,0,0,0.996653,0.996653,0,0,0,0,36,0.996746,0.996653,0.996653,0,0,7.5,0,0,0,0,0,0,47.87,1.21852,9.56238,109.11,180.81,0,0,0,0,0
neuromorpho__hippo-229-1.swc,47,pyramidal,0.983746,0,46,0,0,0,0,0,0,0,0,0,0,0,0.996724,0.000482949,0.996653,0.996653,0.996653,0.996653,0.996653,0,0,0,0,0,0,0,0,0.996653,0.996653,0,0,0,0,16,0.996862,0.996653,0.996653,0,0,4.5,0,0,0,0,0,0,15.75,-2.19478,4.70173,87.84,105.9,0,0,0,0,0
neuromorpho__hippo-420-4.swc,87,pyramidal,0.993146,0,86,0,0,0,0,0,0,0,0,0,0,0,0.996692,0.000356739,0.996653,0.996653,0.996653,0.996653,0.996653,0,0,0,0,0,0,0,0,0.996653,0.996653,0,0,0,0,29,0.996769,0.996653,0.996653,0,0,6.2,0,0,0,0,0,0,30.56,0.162558,6.84105,67.05,91.76,0,0,0,0,0
neuromorpho__hippo-516-6.swc,129,pyramidal,0.987223,0,128,0,0,0,0,0,0,0,0,0,0,0,0.996679,0.000293519,0.996653,0.996653,0.996653,0.996653,0.996653,0,0,0,0,0,0,0,0,0.996653,0.996653,0,0,0,0,30,0.996765,0.996653,0.996653,0,0,8.1,0,0,0,0,0,0,30.3,0.701016,7.48184,134.9,157.09,0,0,0,0,0
neuromorpho__hippo-519-4.swc,80,pyramidal,0.996833,0,79,0,0,0,0,0,0,0,0,0,0,0,0.996695,0.00037183,0.996653,0.996653,0.996653,0.996653,0.996653,0,0,0,0,0,0,0,0,0.996653,0.996653,0,0,0,0,21,0.996813,0.996653,0.996653,0,0,6,0,0,0,0,0,0,26.66,-12.1243,8.99957,88.94,126.88,0,0,0,0,0
neuromorpho__hippo-519-6.swc,130,pyramidal,0.984014,0,129,0,0,0,0,0,0,0,0,0,0,0,0.996679,0.000292396,0.996653,0.996653,0.996653,0.996653,0.996653,0,0,0,0,0,0,0,0,0.996653,0.996653,0,0,0,0,35,0.996749,0.996653,0.996653,0,0,7.2,0,0,0,0,0,0,33.02,4.03605,8.2361,179.08,105.34,0,0,0,0,0
neuromorpho__hippo-519-8.swc,97,pyramidal,0.996664,0,96,0,0,0,0,0,0,0,0,0,0,0,0.996688,0.000338053,0.996653,0.996653,0.996653,0.996653,0.996653,0,0,0,0,0,0,0,0,0.996653,0.996653,0,0,0,0,28,0.996773,0.996653,0.996653,0,0,7,0,0,0,0,0,0,42.68,-5.86427,9.28706,83.86,125.83,0,0,0,0,0
neuromorpho__hippo-521-4.swc,117,pyramidal,0.992841,0,116,0,0,0,0,0,0,0,0,0,0,0,0.996682,0.00030808,0.996653,0.996653,0.996653,0.996653,0.996653,0,0,0,0,0,0,0,0,0.996653,0.996653,0,0,0,0,35,0.996749,0.996653,0.996653,0,0,5,0,0,0,0,0,0,51.81,-1.3125,11.4135,151.2,204.37,0,0,0,0,0
neuromorpho__hippo-531-7.swc,74,pyramidal,0.94967,0,73,0,0,0,0,0,0,0,0,0,0,0,0.996698,0.000386412,0.996653,0.996653,0.996653,0.996653,0.996653,0,0,0,0,0,0,0,0,0.996653,0.996653,0,0,0,0,24,0.996793,0.996653,0.996653,0,0,5.7,0,0,0,0,0,0,22.73,-4.38452,7.17286,68.19,125.67,0,0,0,0,0
neuromorpho__hippo-531-8.swc,83,pyramidal,0.99528,0,82,0,0,0,0,0,0,0,0,0,0,0,0.996694,0.000365132,0.996653,0.996653,0.996653,0.996653,0.996653,0,0,0,0,0,0,0,0,0.996653,0.996653,0,0,0,0,23,0.996799,0.996653,0.996653,0,0,9.2,0,0,0,0,0,0,18.18,-9.64476,7.09829,132.61,97.86,0,0,0,0,0
neuromorpho__hippo-537-6.swc,91,pyramidal,0.990762,0,90,0,0,0,0,0,0,0,0,0,0,0,0.99669,0.0003489,0.996653,0.996653,0.996653,0.996653,0.996653,0,0,0,0,0,0,0,0,0.996653,0.996653,0,0,0,0,23,0.996799,0.996653,0.996653,0,0,7.4,0,0,0,0,0,0,28.13,0.439444,10.1638,84.18,117.13,0,0,0,0,0
neuromorpho__hippo-557-7.swc,114,pyramidal,0.993742,0,113,0,0,0,0,0,0,0,0,0,0,0,0.996683,0.000312072,0.996653,0.996653,0.996653,0.996653,0.996653,0,0,0,0,0,0,0,0,0.996653,0.996653,0,0,0,0,32,0.996758,0.996653,0.996653,0,0,5.9,0,0,0,0,0,0,27.87,-2.77221,7.46014,187.57,85.36,0,0,0,0,0
neuromorpho__hippo-560-3.swc,84,pyramidal,0.979088,0,83,0,0,0,0,0,0,0,0,0,0,0,0.996693,0.000362978,0.996653,0.996653,0.996653,0.996653,0.996653,0,0,0,0,0,0,0,0,0.996653,0.996653,0,0,0,0,19,0.996829,0.996653,0.996653,0,0,7.4,0,0,0,0,0,0,33,6.25133,10.1143,95.9,128.03,0,0,0,0,0
neuromorpho__hippo-560-5.swc,117,pyramidal,0.993556,0,116,0,0,0,0,0,0,0,0,0,0,0,0.996682,0.00030808,0.996653,0.996653,0.996653,0.996653,0.996653,0,0,0,0,0,0,0,0,0.996653,0.996653,0,0,0,0,29,0.996769,0.996653,0.996653,0,0,9,0,0,0,0,0,0,33.63,2.49845,7.47528,139.03,186.05,0,0,0,0,0
neuromorpho__hippo-570-2.swc,127,pyramidal,0.996174,0,126,0,0,0,0,0,0,0,0,0,0,0,0.99668,0.000295803,0.996653,0.996653,0.996653,0.996653,0.996653,0,0,0,0,0,0,0,0,0.996653,0.996653,0,0,0,0,40,0.996737,0.996653,0.996653,0,0,7.1,0,0,0,0,0,0,37.86,5.36849,11.9391,109.33,155.98,0,0,0,0,0
neuromorpho__hippo-570-3.swc,56,pyramidal,0.994917,0,55,0,0,0,0,0,0,0,0,0,0,0,0.996713,0.000443214,0.996653,0.996653,0.996653,0.996653,0.996653,0,0,0,0,0,0,0,0,0.996653,0.996653,0,0,0,0,21,0.996813,0.996653,0.996653,0,0,5,0,0,0,0,0,0,25.74,-5.66873,6.91974,46.57,108.22,0,0,0,0,0
neuromorpho__hippo-570-6.swc,79,pyramidal,0.987485,0,78,0,0,0,0,0,0,0,0,0,0,0,0.996696,0.000374146,0.996653,0.996653,0.996653,0.996653,0.996653,0,0,0,0,0,0,0,0,0.996653,0.996653,0,0,0,0,18,0.996839,0.996653,0.996653,0,0,8,0,0,0,0,0,0,14,-5.25641,3.97891,96.06,166.93,0,0,0,0,0
neuromorpho__hippo-570-7.swc,93,pyramidal,0.982672,0,92,0,0,0,0,0,0,0,0,0,0,0,0.996689,0.000345169,0.996653,0.996653,0.996653,0.996653,0.996653,0,0,0,0,0,0,0,0,0.996653,0.996653,0,0,0,0,33,0.996755,0.996653,0.996653,0,0,5.8,0,0,0,0,0,0,23.94,-8.98261,6.69696,111.77,172.68,0,0,0,0,0
neuromorpho__hippo-858-3.swc,63,pyramidal,0.993428,0,62,0,0,0,0,0,0,0,0,0,0,0,0.996706,0.000418288,0.996653,0.996653,0.996653,0.996653,0.996653,0,0,0,0,0,0,0,0,0.996653,0.996653,0,0,0,0,20,0.996821,0.996653,0.996653,0,0,7,0,0,0,0,0,0,32.09,-0.0193548,7.56288,68.43,119.05,0,0,0,0,0
neuromorpho__hippo-858-8.swc,91,pyramidal,0.996452,0,90,0,0,0,0,0,0,0,0,0,0,0,0.99669,0.0003489,0.996653,0.996653,0.996653,0.996653,0.996653,0,0,0,0,0,0,0,0,0.996653,0.996653,0,0,0,0,34,0.996752,0.996653,0.996653,0,0,5,0,0,0,0,0,0,35.43,5.98656,9.442,168.88,140.56,0,0,0,0,0
neuromorpho__hippo218-4.swc,76,pyramidal,0.986062,0,75,0,0,0,0,0,0,0,0,0,0,0,0.996697,0.000381362,0.996653,0.996653,0.996653,0.996653,0.996653,0,0,0,0,0,0,0,0,0.996653,0.996653,0,0,0,0,24,0.996793,0.996653,0.996653,0,0,6.4,0,0,0,0,0,0,29.69,-3.5916,6.38625,70.34,171.68,0,0,0,0,0
neuromorpho__hippo223-5.swc,86,pyramidal,0.977138,0,85,0,0,0,0,0,0,0,0,0,0,0,0.996692,0.000358783,0.996653,0.996653,0.996653,0.996653,0.996653,0,0,0,0,0,0,0,0,0.996653,0.996653,0,0,0,0,17,0.99685,0.996653,0.996653,0,0,10,0,0,0,0,0,0,9.09,-4.37682,3.32526,92.45,82.59,0,0,0,0,0
neuromorpho__hippo284-1.swc,220,pyramidal,0.944887,0,219,0,0,0,0,0,0,0,0,0,0,0,0.996668,0.000225123,0.996653,0.996653,0.996653,0.996653,0.996653,0,0,0,0,0,0,0,0,0.996653,0.996653,0,0,0,0,64,0.996706,0.996653,0.996653,0,0,6.7,0,0,0,0,0,0,62.68,-18.8258,14.9189,130.58,216.56,0,0,0,0,0
neuromorpho__hippo285-3.swc,89,pyramidal,0.996156,0,88,0,0,0,0,0,0,0,0,0,0,0,0.996691,0.000352754,0.996653,0.996653,0.996653,0.996653,0.996653,0,0,0,0,0,0,0,0,0.996653,0.996653,0,0,0,0,27,0.996777,0.996653,0.996653,0,0,7,0,0,0,0,0,0,38.76,-11.752,12.9235,89.22,129.3,0,0,0,0,0
neuromorpho__hippo303-2.swc,109,pyramidal,0.945347,0,108,0,0,0,0,0,0,0,0,0,0,0,0.996684,0.000319085,0.996653,0.996653,0.996653,0.996653,0.996653,0,0,0,0,0,0,0,0,0.996653,0.996653,0,0,0,0,35,0.996749,0.996653,0.996653,0,0,6.6,0,0,0,0,0,0,50.26,-17.1168,10.9663,126.24,140.9,0,0,0,0,0
neuromorpho__hippo303-3.swc,81,pyramidal,0.992509,0,80,0,0,0,0,0,0,0,0,0,0,0,0.996695,0.000369556,0.996653,0.996653,0.996653,0.996653,0.996653,0,0,0,0,0,0,0,0,0.996653,0.996653,0,0,0,0,24,0.996793,0.996653,0.996653,0,0,6.7,0,0,0,0,0,0,45.45,-1.744,14.2478,70.93,134.4,0,0,0,0,0
neuromorpho__hippo303-4.swc,115,pyramidal,0.994427,0,114,0,0,0,0,0,0,0,0,0,0,0,0.996682,0.000310724,0.996653,0.996653,0.996653,0.996653,0.996653,0,0,0,0,0,0,0,0,0.996653,0.996653,0,0,0,0,30,0.996765,0.996653,0.996653,0,0,6.1,0,0,0,0,0,0,44.5,-2.79719,12.4669,118.16,141.84,0,0,0,0,0
neuromorpho__hippo305-7.swc,87,pyramidal,0.990476,0,86,0,0,0,0,0,0,0,0,0,0,0,0.996692,0.000356739,0.996653,0.996653,0.996653,0.996653,0.996653,0,0,0,0,0,0,0,0,0.996653,0.996653,0,0,0,0,31,0.996761,0.996653,0.996653,0,0,4,0,0,0,0,0,0,59.39,-5.23012,13.8539,65.01,127.95,0,0,0,0,0
neuromorpho__hippo361-4.swc,103,pyramidal,0.987885,0,102,0,0,0,0,0,0,0,0,0,0,0,0.996686,0.000328158,0.996653,0.996653,0.996653,0.996653,0.996653,0,0,0,0,0,0,0,0,0.996653,0.996653,0,0,0,0,26,0.996782,0.996653,0.996653,0,0,8,0,0,0,0,0,0,22.7,-4.99441,7.13482,124.06,165.66,0,0,0,0,0
neuromorpho__hippo367-5.swc,115,pyramidal,0.995584,0,114,0,0,0,0,0,0,0,0,0,0,0,0.996682,0.000310724,0.996653,0.996653,0.996653,0.996653,0.996653,0,0,0,0,0,0,0,0,0.996653,0.996653,0,0,0,0,29,0.996769,0.996653,0.996653,0,0,8.4,0,0,0,0,0,0,28.15,-6.93667,7.54087,160.27,182.12,0,0,0,0,0
neuromorpho__hippo367-7.swc,127,pyramidal,0.992992,0,126,0,0,0,0,0,0,0,0,0,0,0,0.99668,0.000295803,0.996653,0.996653,0.996653,0.996653,0.996653,0,0,0,0,0,0,0,0,0.996653,0.996653,0,0,0,0,33,0.996755,0.996653,0.996653,0,0,7,0,0,0,0,0,0,24.24,-19.4008,8.09204,159.92,107.23,0,0,0,0,0
neuromorpho__hippo368-3.swc,70,pyramidal,0.986121,0,69,0,0,0,0,0,0,0,0,0,0,0,0.996701,0.000397143,0.996653,0.996653,0.996653,0.996653,0.996653,0,0,0,0,0,0,0,0,0.996653,0.996653,0,0,0,0,28,0.996773,0.996653,0.996653,0,0,4.3,0,0,0,0,0,0,31.49,-0.401159,9.14399,109.93,100.99,0,0,0,0,0
neuromorpho__hippo401-1.swc,72,pyramidal,0.891552,0,71,0,0,0,0,0,0,0,0,0,0,0,0.9967,0.000391667,0.996653,0.996653,0.996653,0.996653,0.996653,0,0,0,0,0,0,0,0,0.996653,0.996653,0,0,0,0,21,0.996813,0.996653,0.996653,0,0,6,0,0,0,0,0,0,13.31,-3.41493,4.96449,69.86,132.11,0,0,0,0,0
neuromorpho__hippo401-3.swc,94,pyramidal,0.986622,0,93,0,0,0,0,0,0,0,0,0,0,0,0.996689,0.000343348,0.996653,0.996653,0.996653,0.996653,0.996653,0,0,0,0,0,0,0,0,0.996653,0.996653,0,0,0,0,38,0.996741,0.996653,0.996653,0,0,5,0,0,0,0,0,0,38.15,-1.47591,12.7953,91.41,135.94,0,0,0,0,0
neuromorpho__hippo401-7.swc,117,pyramidal,0.995157,0,116,0,0,0,0,0,0,0,0,0,0,0,0.996682,0.00030808,0.996653,0.996653,0.996653,0.996653,0.996653,0,0,0,0,0,0,0,0,0.996653,0.996653,0,0,0,0,36,0.996746,0.996653,0.996653,0,0,6,0,0,0,0,0,0,34.85,-1.6819,8.20545,202.07,124.66,0,0,0,0,0
neuromorpho__hippo412-2.swc,98,pyramidal,0.9945,0,97,0,0,0,0,0,0,0,0,0,0,0,0.996687,0.000336341,0.996653,0.996653,0.996653,0.996653,0.996653,0,0,0,0,0,0,0,0,0.996653,0.996653,0,0,0,0,29,0.996769,0.996653,0.996653,0,0,6,0,0,0,0,0,0,23.64,-19.1664,7.82725,141.71,101.33,0,0,0,0,0
neuromorpho__hippo412-4.swc,165,pyramidal,0.995577,0,164,0,0,0,0,0,0,0,0,0,0,0,0.996674,0.000259752,0.996653,0.996653,0.996653,0.996653,0.996653,0,0,0,0,0,0,0,0,0.996653,0.996653,0,0,0,0,50,0.99672,0.996653,0.996653,0,0,7,0,0,0,0,0,0,45.45,-13.1932,12.8736,186.74,131.07,0,0,0,0,0
neuromorpho__homo-3.swc,2338,interneuron,0.991432,1240,1097,0,0,0,0,0,0,0,0,0,0,0,0.992774,0.0107099,0.975174,0.976165,0.976165,0.976165,0.999596,0,0,0,0,0,0.999596,0.999596,0,0.985056,0.976165,0,0,0,0,509,0.992983,0.975174,0.976165,0,0,10,0,36.01,-1.08115,8.76268,210.91,406.01,34.71,-3.44924,7.06278,135.95,363.93,0,0,0,0,0
neuromorpho__homo-6.swc,1661,interneuron,0.988458,962,698,0,0,0,0,0,0,0,0,0,0,0,0.999668,0.000575268,0.986406,0.999596,0.999596,0.999596,0.999596,0,0,0,0,0,0.999555,0.999596,0,0.999824,0.999824,0,0,0,0,455,0.99966,0.986406,0.999596,0,0,7.6,0,34.51,0.320842,7.83704,206.52,251.56,33.01,-0.598481,7.63482,188.16,320.68,0,0,0,0,0
neuromorpho__homo-7.swc,2137,interneuron,0.994923,1829,307,0,0,0,0,0,0,0,0,0,0,0,0.993108,0.0088804,0.972829,0.976244,0.979266,0.986406,0.999596,0,0,0,0,0,0.991977,0.979266,0,0.999824,0.999824,0,0,0,0,627,0.991097,0.972829,0.979266,0,0,7,0,34.46,-14.1604,8.04689,302.58,345.31,30.05,-23.2437,6.16968,168.81,131,0,0,0,0,0
neuromorpho__homo-9.swc,1178,interneuron,0.965336,684,493,0,0,0,0,0,0,0,0,0,0,0,0.998569,0.00380942,0.979266,0.986406,0.999596,0.999596,0.999596,0,0,0,0,0,0.997663,0.986406,0,0.999824,0.999824,0,0,0,0,333,0.99846,0.979266,0.999596,0,0,7,0,37.92,-7.6933,9.74254,171.22,191.99,33.87,-4.87095,8.34654,157.15,208.54,0,0,0,0,0
neuromorpho__iPRCp_02.swc,7076,pyramidal,0.948473,0,4526,2549,0,0,0,0,0.0107136,0,0,0,0,0,0.988307,0.0407001,0.3,0.985786,0.985786,0.985786,0.996653,0.0031091,0.0031091,0.0031091,0.0031091,0.0031091,0,0,0,0.993057,0.996653,0,0.979867,0.985786,0.00863084,145,0.988298,0.3,0.985786,0,0,123,0,0,0,0,0,0,200.95,-24.8661,47.6008,228.34,189.84,175.29,-34.0653,39.1841,162.36,277.21
neuromorpho__iPRCp_05.swc,10230,pyramidal,0.919705,0,6396,3833,0,0,0,0,0.00872637,0,0,0,0,0,0.980433,0.0755122,0.3,0.985786,0.985786,0.985786,0.985786,0.0120235,0.0120235,0.0120235,0.0120235,0.0120235,0,0,0,0.977223,0.985786,0.0192308,0.985786,0.985786,0,167,0.988762,0.3,0.985786,0,0.00598802,139,0,0,0,0,0,0,170.29,-2.1743,37.0833,264.67,461.3,144.32,14.7536,27.3647,171.82,324.69
neuromorpho__iPRCp_08.swc,7508,pyramidal,0.957098,0,3686,3821,0,0,0,0,0.0255048,0,0,0,0,0,0.98939,0.0100597,0.947901,0.974966,0.985786,0.985786,0.985786,0,0,0,0,0,0,0,0,0.996653,0.996653,0,0.98238,0.974966,0,105,0.989718,0.947901,0.985786,0,0,142.6,0,0,0,0,0,0,155.66,-16.2077,31.3931,158.11,213.92,125.63,-12.5863,28.3984,284.03,343.23
neuromorpho__iPRCp_11.swc,10001,pyramidal,0.971335,0,4094,5906,0,0,0,0,0.0272767,0,0,0,0,0,0.984967,0.0521086,0.3,0.962102,0.985786,0.985786,0.985786,0.00559944,0.00559944,0.00559944,0.00559944,0.00559944,0,0,0,0.996653,0.996653,0,0.976864,0.965758,0.00948188,118,0.988975,0.3,0.985786,0,0,183.6,0,0,0,0,0,0,145.08,-7.3128,28.2598,188.1,239.58,181.37,-30.4957,38.1465,301.82,414.46
neuromorpho__iPRCp_13.swc,8119,pyramidal,0.902545,0,2206,5912,0,0,0,0,0.186917,0,0,0,0,0,0.960451,0.0820609,0.3,0.918978,0.928682,0.944205,0.985786,0.0136716,0.0136716,0.0136716,0.0136716,0.0136716,0,0,0,0.996653,0.996653,0,0.946936,0.923392,0.0187754,95,0.968116,0.3,0.924381,0,0,202.6,0,0,0,0,0,0,130.69,-17.2059,25.5704,107.59,224.86,192.84,-38.9115,37.1261,233.91,415.38
neuromorpho__interneuronEX.swc,7317,interneuron,0.972692,6881,435,0,0,0,0,0,0,0,0,0,0,0,0.960151,0.109525,0.3,0.900302,0.926606,0.972829,0.986406,0.0236436,0.0236436,0.0278803,0.0355337,0.0496105,0.957637,0.926606,0.0296469,0.999824,0.999824,0,0,0,0,122,0.970787,0.3,0.956911,0.00819672,0.0245902,129,-10.104,111.33,22.6332,20.3885,302.4,415.58,60.2,-6.84067,15.0091,123.89,279.44,0,0,0,0,0
neuromorpho__j161128s1c7-rotated.swc,35399,interneuron,0.994741,34787,611,0,0,0,0,0,0,0,0,0,0,0,0.917565,0.224201,0.3,0.3,0.3,0.999596,0.999596,0.116416,0.116416,0.116416,0.116416,0.116416,0.916118,0.3,0.118464,0.999824,0.999824,0,0,0,0,627,0.951603,0.3,0.83485,0.0526316,0.0845295,131.4,0,151.42,-10.4073,19.352,665.16,587.29,21.46,-4.7608,5.30037,130.29,248.96,0,0,0,0,0
neuromorpho__j161128s2c6-rotated.swc,11686,interneuron,0.836351,11337,348,0,0,0,0,0,0,0,0,0,0,0,0.804368,0.312558,0.3,0.3,0.3,0.3,0.999596,0.277426,0.277426,0.277426,0.277426,0.277426,0.798351,0.3,0.285966,0.999824,0.999824,0,0,0,0,292,0.868962,0.3,0.3,0.167808,0.205479,86.7,0,90.78,-4.55764,13.1395,669,787.46,36.21,-2.77534,9.59773,125.23,199.9,0,0,0,0,0
neuromorpho__jerry-14.swc,250,pyramidal,0.996239,0,249,0,0,0,0,0,0,0,0,0,0,0,0.996667,0.000211242,0.996653,0.996653,0.996653,0.996653,0.996653,0,0,0,0,0,0,0,0,0.996653,0.996653,0,0,0,0,24,0.996793,0.996653,0.996653,0,0,21.7,0,0,0,0,0,0,0,0,0,208.87,347.68,0,0,0,0,0
neuromorpho__jy190506_B_idC.swc,12883,interneuron,0.991669,0,12882,0,0,0,0,0,0,0,0,0,0,0,0.946393,0.175618,0.3,0.3,0.976165,0.976165,0.999824,0.0685399,0.0685399,0.0685399,0.0685399,0.0685399,0,0,0,0.946389,0.976165,0.0685453,0,0,0,354,0.977756,0.3,0.976165,0.0254237,0.0282486,75,0,0,0,0,0,0,175.66,-18.1471,29.8371,463.61,803.62,0,0,0,0,0
neuromorpho__ko20x-05.swc,83,pyramidal,0.977553,0,49,33,0,0,0,0,0,0,0,0,0,0,0.930531,0.166862,0.3,0.352803,0.828027,0.985157,0.987549,0.060241,0.060241,0.060241,0.060241,0.168675,0,0,0,0.990232,0.987549,0,0.83978,0.3,0.151515,18,0.965979,0.3,0.847224,0,0,7.6,0,0,0,0,0,0,17,-6.38776,4.38372,220.54,123.38,25,10.9394,8.63376,50.26,292.43
neuromorpho__ko20x-13.swc,71,pyramidal,0.975425,15,24,31,0,0,0,0,0.00659392,0,0,0,0,0,0.860623,0.238921,0.3,0.3,0.3,0.856001,0.985291,0.140845,0.15493,0.169014,0.169014,0.352113,0.832655,0.72665,0.133333,0.996653,0.996653,0,0.764345,0.3,0.322581,24,0.922884,0.3,0.719844,0.125,0.125,4,0,8,-3.93333,2.99926,56.41,38.92,31,2.04167,6.91303,110.34,77.06,29,9.22581,10.3291,61.75,427.6
neuromorpho__ko20x-15.swc,173,pyramidal,0.958242,0,48,124,0,0,0,0,0,0,0,0,0,0,0.607521,0.341204,0.3,0.3,0.3,0.3,0.3,0.549133,0.549133,0.554913,0.566474,0.566474,0,0,0,0.979445,0.991602,0.0208333,0.460385,0.3,0.766129,28,0.771994,0.3,0.3,0.321429,0.357143,14,0,0,0,0,0,0,39,-3.85417,8.22088,159.14,112.87,19,7.91935,4.82031,180.99,837.85
neuromorpho__ko20x-16.swc,117,pyramidal,0.990517,0,51,65,0,0,0,0,0,0,0,0,0,0,0.823063,0.126268,0.3,0.727646,0.732585,0.773719,0.806591,0.025641,0.025641,0.025641,0.307692,0.760684,0,0,0,0.876832,0.732585,0,0.778153,0.773719,0.0461538,33,0.863794,0.3,0.735229,0,0.30303,6,0,0,0,0,0,0,29,-2.88235,9.0286,142.27,123.28,24,4.13846,5.31725,101.62,423.97
neuromorpho__m1s2s2b-l-sup.swc,320,pyramidal,0.916308,152,167,0,0,0,0,0,0,0,0,0,0,0,0.76685,0.242038,0.493746,0.493746,0.493746,0.509133,0.996653,0.125,0.475,0.475,0.475,0.475,0.512836,0.493746,1,0.996653,0.996653,0,0,0,0,31,0.823786,0.493746,0.496591,0.354839,0.354839,18,0,56.74,-9.56434,9.99722,156.03,208.06,27.38,-2.24359,6.75344,82.04,90.55,0,0,0,0,0
neuromorpho__m1s2s7t-d-mid.swc,280,pyramidal,0.785834,0,279,0,0,0,0,0,0,0,0,0,0,0,0.993698,0.00272006,0.988938,0.990622,0.991004,0.991437,0.992091,0,0,0,0,0,0,0,0,0.993675,0.991004,0,0,0,0,42,0.993974,0.988938,0.991009,0,0,13.9,0,0,0,0,0,0,34.12,-1.42681,6.92795,122.84,305.53,0,0,0,0,0
neuromorpho__mPFC_w1_L5_01.swc,3065,pyramidal,0.99513,33,1169,1862,0,0,0,0,0,0,0,0,0,0,0.966426,0.113152,0.3,0.947713,0.985786,0.985786,0.985786,0.0215334,0.0388254,0.0388254,0.0443719,0.0443719,0.947713,0.947713,0,0.974806,0.996653,0.0453379,0.961478,0.985786,0.0354458,138,0.982173,0.3,0.985786,0.00724638,0.0289855,50,0,13,-10,3.68453,10.36,76.59,58,0.319076,11.1703,275.1,254.19,71,14.6936,16.8588,430.09,577.29
neuromorpho__mPFC_w1_L5_04.swc,1761,pyramidal,0.987271,0,748,1012,0,0,0.199886,0.199886,0.0155344,-0.199886,0.199886,0,0,0,0.926499,0.168082,0.3,0.573574,0.693926,0.985786,0.985786,0.0488359,0.0800681,0.107325,0.111868,0.162408,0,0,0,0.846188,0.3,0.252674,0.985786,0.985786,0,108,0.964125,0.3,0.985786,0.0555556,0.0740741,32,0,0,0,0,0,0,45,5.31417,8.07064,461.7,263.47,59,-7.635,10.3253,258.59,369.56
neuromorpho__mPFC_w1_L5_05.swc,935,pyramidal,0.772105,0,253,681,0,0,0,0,0,0,0,0,0,0,0.983053,0.0454173,0.616693,0.985786,0.985786,0.985786,0.985786,0,0,0.0149733,0.0149733,0.0149733,0,0,0,0.975628,0.996653,0.055336,0.985786,0.985786,0,130,0.986818,0.616693,0.985786,0.00769231,0.00769231,16,0,0,0,0,0,0,22,-2.29107,4.64916,95.53,97.83,54,-12.2981,8.5261,227.19,372.91
neuromorpho__mPFC_w1_L5_08.swc,976,pyramidal,0.964251,9,201,765,0,0,0,0,0,0,0,0,0,0,0.986813,0.0133532,0.856001,0.985786,0.985786,0.985786,0.985786,0,0,0,0,0.00922131,0.856001,0.856001,0,0.996514,0.996653,0,0.985786,0.985786,0,131,0.987855,0.856001,0.985786,0,0,16,0,5,-7,1.24722,19.91,11.82,25,-7.3209,4.58776,105.43,90.46,61,-23.9477,14.9484,214.75,428.27
neuromorpho__mPFC_w2_L3_02.swc,1639,pyramidal,0.993254,0,1089,549,0,0,0,0,0,0,0,0,0,0,0.992819,0.00510294,0.985786,0.985786,0.985786,0.985786,0.996653,0,0,0,0,0,0,0,0,0.996358,0.996653,0,0.985786,0.985786,0,77,0.993814,0.985786,0.985786,0,0,45.6,0,0,0,0,0,0,94,1.66949,16.7782,291.4,192.48,72,9.88905,16.7903,229.02,303.2
neuromorpho__mPFC_w2_L3_06.swc,1124,pyramidal,0.994597,0,649,474,0,0,0,0,0,0,0,0,0,0,0.985319,0.0683374,0.3,0.985786,0.985786,0.985786,0.996653,0.00978648,0.00978648,0.00978648,0.00978648,0.00978648,0,0,0,0.996578,0.996653,0,0.969871,0.985786,0.0232068,74,0.989935,0.3,0.985786,0,0,34,0,0,0,0,0,0,44,-14.4383,9.23286,344.58,240.15,67,-30.0127,16.9062,299.5,357.5
neuromorpho__mPFC_w2_L5_01.swc,3202,pyramidal,0.970612,53,1402,1746,0,0,0,0,0,0,0,0,0,0,0.961995,0.135616,0.3,0.985786,0.985786,0.985786,0.985786,0.039975,0.039975,0.039975,0.039975,0.0465334,0.99291,0.99291,0,0.98351,0.991437,0.0149786,0.943759,0.985786,0.0612829,116,0.981513,0.3,0.985786,0,0.0172414,66.5,0,6,-1.84906,2.00373,19.46,111.42,30,5.61983,6.91617,364.58,354.9,50,12.0668,8.72222,525.19,713.99
neuromorpho__mPFC_w2_L5_03.swc,2934,pyramidal,0.994436,0,1390,1543,0,0,0,0,0,0,0,0,0,0,0.962423,0.13808,0.3,0.985786,0.985786,0.985786,0.985786,0.0415815,0.0415815,0.0415815,0.0415815,0.0415815,0,0,0,0.996653,0.996653,0,0.931563,0.985786,0.0790668,132,0.958803,0.3,0.985786,0.0454545,0.0454545,48.9,0,0,0,0,0,0,61,5.31799,12.8725,289.4,292.1,102,33.7887,20.444,250.09,729.29
neuromorpho__mPFC_w2_L5_08.swc,1829,pyramidal,0.995623,0,692,1136,0,0,0,0,0,0,0,0,0,0,0.976354,0.0796444,0.3,0.985692,0.985786,0.985786,0.985786,0.0114817,0.0114817,0.0114817,0.0224166,0.0442865,0,0,0,0.981649,0.992226,0,0.973108,0.985786,0.0184859,120,0.984573,0.3,0.985786,0,0.00833333,37,-4,0,0,0,0,0,39,-0.589682,9.32258,348.83,229.79,65,-11.0908,14.439,363.48,529.37
neuromorpho__mPFC_w4_L3_01.swc,1395,pyramidal,0.98805,103,706,585,0,0,0,0,0,0,0,0,0,0,0.93526,0.170374,0.3,0.3,0.856001,0.985786,0.985786,0.0637993,0.0637993,0.0637993,0.0637993,0.154122,0.640079,0.3,0.38835,0.975221,0.856001,0.0127479,0.938895,0.985786,0.0683761,60,0.97729,0.3,0.985786,0.0166667,0.05,49,0,16,1.05087,4.22855,147.58,196.54,58,-1.76874,13.5763,268.25,253.62,74,-9.37863,19.2318,315.59,372.6
neuromorpho__mPFC_w4_L3_05.swc,1500,pyramidal,0.984307,0,735,764,0,0,0,0,0,0,0,0,0,0,0.952897,0.156076,0.3,0.3,0.985786,0.985786,0.985786,0.0513333,0.0573333,0.0573333,0.0573333,0.0573333,0,0,0,0.99049,0.996653,0.0122449,0.916669,0.505736,0.100785,60,0.958328,0.3,0.985786,0.05,0.05,48.6,0,0,0,0,0,0,79,-0.0333741,17.2396,261.38,169.46,66.06,4.38668,13.4889,270.66,416.44
neuromorpho__mPFC_w4_L5_04.swc,3439,pyramidal,0.991566,17,1295,2126,0,0,0,0,0.00809432,0,0,0,0,0,0.948773,0.147709,0.3,0.662405,0.985786,0.985786,0.985786,0.0441989,0.0441989,0.0622274,0.0622274,0.0945042,0.859853,0.859853,0,0.939975,0.829003,0.0911197,0.954819,0.985786,0.0451552,129,0.97162,0.3,0.886492,0.00775194,0.0310078,62,0,25.01,-23.5676,8.17826,7.25,38.96,104,-14.6263,18.4514,456.08,369,117,-47.4511,31.0566,501.09,698.33
neuromorpho__mPFC_w4_L5_09.swc,1938,pyramidal,0.99521,0,916,1021,0,0,0,0,0,0,0,0,0,0,0.969742,0.115702,0.3,0.985786,0.985786,0.985786,0.985786,0.0278638,0.0309598,0.0309598,0.0309598,0.0309598,0,0,0,0.951826,0.988575,0.0655022,0.985786,0.985786,0,109,0.982428,0.3,0.985786,0.00917431,0.0183486,43,0,0,0,0,0,0,111,-11.0197,23.7747,372.56,416.99,111,-28.6959,22.3196,395.14,530.6
neuromorpho__ms92_slice6_cell4.swc,4112,pyramidal,0.758133,0,4111,0,0,0,0,0,0,0,0,0,0,0,0.996654,5.21845e-05,0.996653,0.996653,0.996653,0.996653,0.996653,0,0,0,0,0,0,0,0,0.996653,0.996653,0,0,0,0,111,0.996683,0.996653,0.996653,0,0,90,0,0,0,0,0,0,22.11,5.17722,5.59563,157.62,315.79,0,0,0,0,0
neuromorpho__n120.swc,2619,pyramidal,0.991391,0,1776,842,0,0,0,0,0,0,0,0,0,0,0.736175,0.278075,0.3,0.3,0.3,0.3,0.849285,0.264605,0.272241,0.321497,0.384498,0.635739,0,0,0,0.674266,0.3,0.427365,0.866444,0.849285,0.0985748,154,0.73517,0.3,0.3,0.331169,0.415584,39.7,0,0,0,0,0,0,112.7,32.185,20.2938,257.6,205.19,91.51,24.1642,17.5947,279.6,535.53
neuromorpho__n128.swc,3906,pyramidal,0.963768,0,1539,2366,0,0,0,0,0.0056459,0,0,0,0,0,0.804486,0.298208,0.3,0.3,0.3,0.3,0.985786,0.254224,0.254224,0.264209,0.279826,0.279826,0,0,0,0.807673,0.3,0.260559,0.802331,0.3,0.266695,194,0.814574,0.3,0.3,0.237113,0.278351,44.4,-11.5491,0,0,0,0,0,192.78,61.6999,39.1979,294,208.01,172.71,-3.41303,24.6829,417.15,626.73
neuromorpho__n129.swc,2063,pyramidal,0.976934,19,669,1374,0,0,0,0,0,0,0,0,0,0,0.835982,0.287167,0.3,0.3,0.3,0.985786,0.985786,0.222976,0.222976,0.222976,0.222976,0.222976,0.964747,0.964747,0,0.951876,0.996653,0.064275,0.777654,0.3,0.303493,143,0.880161,0.3,0.3,0.146853,0.160839,29.8,-7.83911,3.6,17.0139,1.08953,118.3,18.148,57.12,10.1802,13.2991,353.136,308.106,103.28,33.4807,19.673,485.177,753.032
neuromorpho__n175.swc,3257,pyramidal,0.989173,0,1485,1771,0,0,0,0,0.0150532,0,0,0,0,0,0.811226,0.254765,0.3,0.3,0.3,0.737818,0.985786,0.173473,0.17685,0.189745,0.380718,0.410807,0,0,0,0.735671,0.3,0.224916,0.874474,0.3,0.160361,188,0.890776,0.3,0.654034,0.12766,0.276596,42,-0.825937,0,0,0,0,0,208.95,75.161,33.9327,276.51,337.37,208.63,21.1946,38.592,405.1,901.46
neuromorpho__n178.swc,4516,pyramidal,0.906889,1864,0,2651,0,0,0,0,0,0,0,0,0,0,0.761862,0.221264,0.3,0.3,0.54264,0.626908,0.849285,0.09876,0.156776,0.463906,0.464128,0.623118,0.581226,0.3,0.999464,0,0,0,0.888783,0.823523,0.0875141,223,0.787421,0.3,0.597473,0.38565,0.408072,47,-0.0105882,292.88,-2.91278,48.31,346.8,228.59,0,0,0,0,0,260.06,20.6573,48.0289,492.92,828.61
neuromorpho__n179.swc,11861,pyramidal,0.965383,480,2891,8489,0,0,0,0,0.00560235,0,0,0,0,0,0.866271,0.260728,0.3,0.3,0.3,0.985786,0.985786,0.174606,0.174606,0.174606,0.174606,0.180255,0.741626,0.3,0.3125,0.898575,0.3,0.135939,0.862301,0.3,0.179998,461,0.920035,0.3,0.741622,0.0824295,0.121475,60,0,97.03,33.5706,21.0693,67,142.83,214.84,28.8408,46.8212,287.74,360.93,312.47,85.7104,40.3804,410.6,807.8
neuromorpho__n18fts.swc,1372,pyramidal,0.801145,544,827,0,0,0,0,0,0,0,0,0,0,0,0.94583,0.0628436,0.815715,0.870595,0.870595,0.870595,0.996653,0,0,0,0,0.396501,0.868468,0.854954,0,0.996653,0.996653,0,0,0,0,143,0.939523,0.815715,0.870595,0,0,21.6,3,2,-0.373162,0.516721,228.55,108.5,3,-0.550181,0.592851,225.725,176.62,0,0,0,0,0
neuromorpho__n20fts.swc,2455,pyramidal,0.76205,9,2445,0,0,0,0,0,0,0,0,0,0,0,0.995294,0.0224254,0.625598,0.996653,0.996653,0.996653,0.996653,0,0,0.00366599,0.00366599,0.00366599,0.625598,0.625598,1,0.996653,0.996653,0,0,0,0,264,0.99526,0.625598,0.996653,0.00378788,0.00378788,23,4,0,-1,0,2.5,9.9,4,-0.556237,0.594287,227.675,229.9,0,0,0,0,0
neuromorpho__n22fts.swc,1270,pyramidal,0.973866,3,1266,0,0,0,0,0,0,0,0,0,0,0,0.99451,0.00734506,0.856001,0.989259,0.990622,0.992091,0.996653,0,0,0,0,0.0023622,0.856001,0.856001,0,0.994834,0.990622,0,0,0,0,197,0.993725,0.856001,0.989259,0,0,12.4,4,0,-1,0,1.1,2.3,3,-0.894945,0.548607,229.5,217.8,0,0,0,0,0
neuromorpho__n23fts.swc,2814,interneuron,0.381434,0,2813,0,0,0,0,0,0,0,0,0,0,0,0.835395,0.101964,0.7096,0.7096,0.7096,0.7096,0.901173,0,0,0,0.391613,0.391613,0,0,0,0.835337,0.7096,0,0,0,0,420,0.830908,0.7096,0.7096,0,0.407143,14,4,0,0,0,0,0,5,-0.580164,0.697661,229.9,229.9,0,0,0,0,0
neuromorpho__n255.swc,2074,interneuron,0.993836,1449,624,0,0,0,0,0,0,0,0,0,0,0,0.518712,0.32409,0.3,0.3,0.3,0.3,0.3,0.687078,0.687078,0.687078,0.687078,0.687078,0.32037,0.3,0.970324,0.978515,0.999824,0.0304487,0,0,0,130,0.555986,0.3,0.3,0.630769,0.630769,39.1,-0.0288235,27.91,7.37061,4.47761,811.87,488.22,20.5,2.81304,4.41421,474.85,736.17,0,0,0,0,0
neuromorpho__n260.swc,700,interneuron,0.903432,365,334,0,0,0,0,0,0,0,0,0,0,0,0.986187,0.0692862,0.3,0.986406,0.986406,0.986406,0.986406,0.01,0.01,0.01,0.01,0.01,0.987093,0.986406,0,0.985157,0.999824,0.0209581,0,0,0,67,0.991186,0.3,0.986406,0,0,22.4,-1.71773,37.82,-1.75425,8.89573,370.69,285.74,47.1,-0.0427518,8.53912,394.5,547.25,0,0,0,0,0
neuromorpho__n29fts.swc,1848,pyramidal,0.895894,0,1847,0,0,0,0,0,0,0,0,0,0,0,0.995094,0.00213439,0.987893,0.992226,0.992226,0.992226,0.996653,0,0,0,0,0,0,0,0,0.995091,0.992226,0,0,0,0,151,0.995205,0.987893,0.992226,0,0,33,3,0,0,0,0,0,4,0.201408,0.553121,229.275,229.05,0,0,0,0,0
neuromorpho__n2fts.swc,658,pyramidal,0.984611,0,657,0,0,0,0,0,0,0,0,0,0,0,0.917047,0.116248,0.732585,0.746153,0.746153,0.753381,0.996653,0,0,0,0.319149,0.319149,0,0,0,0.916921,0.746153,0,0,0,0,106,0.923619,0.732585,0.746153,0,0.292453,12,2.75,0,0,0,0,0,2,-0.676941,0.402604,219.55,215.55,0,0,0,0,0
neuromorpho__n3fts.swc,1290,pyramidal,0.959129,0,1289,0,0,0,0,0,0,0,0,0,0,0,0.921673,0.1386,0.508422,0.58528,0.656327,0.945768,0.996653,0,0.0511628,0.146512,0.177519,0.177519,0,0,0,0.921612,0.656327,0.146625,0,0,0,235,0.921043,0.508422,0.666675,0.12766,0.182979,11,3,0,0,0,0,0,3,-0.435997,0.527719,229.5,229.5,0,0,0,0,0
neuromorpho__n422.swc,5605,pyramidal,0.882871,3046,2558,0,0,0,0,0,0,0,0,0,0,0,0.558681,0.323304,0.3,0.3,0.3,0.3,0.3,0.603747,0.603747,0.616592,0.636574,0.64496,0.533529,0.3,0.662837,0.58846,0.3,0.561767,0,0,0,182,0.641596,0.3,0.3,0.538462,0.626374,65.8,13.173,1008.64,198.607,227.984,601.34,860.42,895.98,0.218986,191.748,488.29,377.22,0,0,0,0,0
neuromorpho__n423.swc,2143,interneuron,0.469594,0,2142,0,0,0,0,0,0,0,0,0,0,0,0.524147,0.293508,0.3,0.3,0.3,0.3,0.3,0.630425,0.630425,0.630425,0.65189,0.65189,0,0,0,0.523925,0.3,0.630719,0,0,0,75,0.55488,0.3,0.3,0.586667,0.626667,57.2,0.342,0,0,0,0,0,325.19,9.39476,62.4211,466.91,1014.84,0,0,0,0,0
neuromorpho__neuron-4_1.swc,1961,pyramidal,0.65915,0,1960,0,0,0,0,0,0,0,0,0,0,0,0.846258,0.196691,0.3,0.480735,0.506613,0.688356,0.996653,0.0887302,0.129016,0.260071,0.408465,0.408465,0,0,0,0.846179,0.506613,0.260204,0,0,0,32,0.772579,0.3,0.480735,0.46875,0.53125,144.9,0,0,0,0,0,0,79.4,0.63175,17.2235,127.3,209.25,0,0,0,0,0
neuromorpho__oi53rpy1-1.swc,8185,pyramidal,0.867805,5950,1680,554,0,0,0.0676848,0.0676848,0.016599,0,-0.0676848,0.0676848,0.0676848,0,0.505472,0.315787,0.3,0.3,0.3,0.3,0.3,0.702505,0.702505,0.702505,0.702505,0.702505,0.358819,0.3,0.915126,0.980888,0.969659,0.0142857,0.637942,0.3,0.50722,195,0.60414,0.3,0.3,0.569231,0.574359,103.8,0,2080.42,78.293,472.985,2023.18,2490.38,362.88,-0.338327,61.6145,350.87,355.42,259.83,-2.29184,49.3791,566.71,304.6
neuromorpho__oi57lpy6-1.swc,7613,pyramidal,0.887006,6100,1179,333,0,0,0,0,0.0103658,0,0,0,0,0,0.506532,0.316229,0.3,0.3,0.3,0.3,0.3,0.700906,0.700906,0.700906,0.700906,0.701432,0.396589,0.3,0.860492,0.990036,0.965248,0.000848176,0.807173,0.3,0.258258,279,0.537274,0.3,0.3,0.659498,0.666667,68.6,-1.49167,1269.11,46.7582,176.861,1221.34,2258.18,295.16,19.8982,55.446,316.13,427.57,193.19,-37.1225,35.0655,520.49,302.97
neuromorpho__oi57rpy1-1.swc,14238,interneuron,0.681529,12662,1575,0,0,0,0,0,0,0,0,0,0,0,0.510636,0.320194,0.3,0.3,0.3,0.3,0.3,0.697921,0.697921,0.697921,0.697921,0.697921,0.456878,0.3,0.774601,0.942505,0.999824,0.0819048,0,0,0,307,0.58579,0.3,0.3,0.602606,0.62215,106,0,1473.37,0.867814,223.706,1720.77,1768.2,331.77,13.7224,55.9538,363.12,729.59,0,0,0,0,0
neuromorpho__omega-16.swc,210,pyramidal,0.994309,0,209,0,0,0,0,0,0,0,0,0,0,0,0.996669,0.000230396,0.996653,0.996653,0.996653,0.996653,0.996653,0,0,0,0,0,0,0,0,0.996653,0.996653,0,0,0,0,19,0.996829,0.996653,0.996653,0,0,24,0,0,0,0,0,0,0,0,0,249.65,304.64,0,0,0,0,0
neuromorpho__omega-19.swc,317,pyramidal,0.996657,0,316,0,0,0,0,0,0,0,0,0,0,0,0.996664,0.000187674,0.996653,0.996653,0.996653,0.996653,0.996653,0,0,0,0,0,0,0,0,0.996653,0.996653,0,0,0,0,37,0.996744,0.996653,0.996653,0,0,19.4,0,0,0,0,0,0,0,0,0,267.98,334.51,0,0,0,0,0
neuromorpho__p110715-04-BC.swc,2202,interneuron,0.759847,0,2201,0,0,0,0,0,0,0,0,0,0,0,0.857126,0.281959,0.3,0.3,0.3,0.999824,0.999824,0.203906,0.203906,0.203906,0.203906,0.203906,0,0,0,0.857061,0.3,0.203998,0,0,0,51,0.790803,0.3,0.3,0.27451,0.294118,113,12.0322,0,0,0,0,0,102.33,-9.75168,22.9379,246.54,610.24,0,0,0,0,0
neuromorpho__p120116-03-AAC.swc,589,interneuron,0.476752,0,588,0,0,0,0,0,0,0,0,0,0,0,0.72096,0.225051,0.3,0.3,0.3,0.723377,0.723377,0.191851,0.191851,0.191851,0.612903,0.63837,0,0,0,0.720485,0.3,0.192177,0,0,0,50,0.694837,0.3,0.3,0.28,0.62,28,21,0,0,0,0,0,174,-38.9688,39.4558,205.65,730.56,0,0,0,0,0
neuromorpho__p73_vGluT2-KO_IN03.swc,281,interneuron,0.876436,0,280,0,0,0,0,0,0,0,0,0,0,0,0.999824,1.04955e-05,0.999824,0.999824,0.999824,0.999824,0.999824,0,0,0,0,0,0,0,0,0.999824,0.999824,0,0,0,0,18,0.999834,0.999824,0.999824,0,0,34.6,0.00333333,0,0,0,0,0,18.53,-2.4584,4.04763,51.86,66.25,0,0,0,0,0
neuromorpho__p73_vGluT2-KO_IN05.swc,520,interneuron,0.933131,0,519,0,0,0,0,0,0,0,0,0,0,0,0.999824,7.72168e-06,0.999824,0.999824,0.999824,0.999824,0.999824,0,0,0,0,0,0,0,0,0.999824,0.999824,0,0,0,0,33,0.999829,0.999824,0.999824,0,0,36.6,0,0,0,0,0,0,31.77,-9.83121,7.51725,64.57,100.23,0,0,0,0,0
neuromorpho__p73_vGluT2-KO_IN08.swc,817,interneuron,0.949165,0,816,0,0,0,0,0,0,0,0,0,0,0,0.999824,6.16246e-06,0.999824,0.999824,0.999824,0.999824,0.999824,0,0,0,0,0,0,0,0,0.999824,0.999824,0,0,0,0,39,0.999828,0.999824,0.999824,0,0,48.6,0,0,0,0,0,0,86.85,4.62339,18.7919,239.13,278.26,0,0,0,0,0
neuromorpho__p73_vGluT2-ctrl_IN08.swc,830,interneuron,0.892146,0,829,0,0,0,0,0,0,0,0,0,0,0,0.970313,0.140646,0.3,0.999824,0.999824,0.999824,0.999824,0.0421687,0.0421687,0.0421687,0.0421687,0.0421687,0,0,0,0.970278,0.999824,0.0422195,0,0,0,36,0.991618,0.3,0.999824,0,0,62.5,0,0,0,0,0,0,56.74,-2.45497,12.0131,246.71,255.33,0,0,0,0,0
neuromorpho__p73_vGluT2-ctrl_IN12.swc,765,interneuron,0.92991,0,764,0,0,0,0,0,0,0,0,0,0,0,0.999824,6.3682e-06,0.999824,0.999824,0.999824,0.999824,0.999824,0,0,0,0,0,0,0,0,0.999824,0.999824,0,0,0,0,47,0.999827,0.999824,0.999824,0,0,37.4,0,0,0,0,0,0,98.64,7.70323,13.601,141.1,180.63,0,0,0,0,0
neuromorpho__p73_vGluT2-ctrl_IN18.swc,511,interneuron,0.876806,0,510,0,0,0,0,0,0,0,0,0,0,0,0.988868,0.0868754,0.3,0.999824,0.999824,0.999824,0.999824,0.0156556,0.0156556,0.0156556,0.0156556,0.0156556,0,0,0,0.988846,0.999824,0.0156863,0,0,0,23,0.997065,0.3,0.999824,0,0,53.4,0,0,0,0,0,0,80.62,-8.66053,12.5666,114.18,170.03,0,0,0,0,0
neuromorpho__pair01-09-11-C-final1.swc,2330,interneuron,0.996973,2004,325,0,0,0,0,0,0,0,0,0,0,0,0.760487,0.31143,0.3,0.3,0.3,0.3,0.972829,0.312446,0.312446,0.312446,0.319742,0.322747,0.813745,0.3,0.231537,0.431352,0.3,0.812308,0,0,0,167,0.80004,0.3,0.3,0.251497,0.257485,34.4,0,103.08,7.31315,17.3693,911.08,378.11,60.98,-16.6974,18.7084,334.35,838.12,0,0,0,0,0
neuromorpho__retina1_petal1_n4.swc,4954,interneuron,0.989153,3693,1260,0,0,0,0,0,0,0,0,0,0,0,0.997901,0.00483093,0.972829,0.986406,0.986406,0.999596,0.999596,0,0,0,0,0,0.997245,0.986406,0,0.999824,0.999824,0,0,0,0,102,0.998006,0.972829,0.999596,0,0,93.6,0,35.68,5.00181,6.08065,235.72,150.46,24.6,-2.23052,4.51011,54.97,68.69,0,0,0,0,0
neuromorpho__retina1_petal3_n11.swc,9242,interneuron,0.994374,7399,1842,0,0,0,0,0,0,0,0,0,0,0,0.998671,0.00367351,0.979266,0.986406,0.999596,0.999596,0.999596,0,0,0,0,0,0.998383,0.999596,0,0.999824,0.999824,0,0,0,0,301,0.999357,0.979266,0.999596,0,0,56,0,35.09,-2.73338,7.08199,159.1,301.5,32.55,-8.79761,6.13369,38.13,73.97,0,0,0,0,0
neuromorpho__retina1_petal3_n12.swc,5797,interneuron,0.995025,4105,1691,0,0,0,0,0,0,0,0,0,0,0,0.999637,0.000603288,0.979266,0.999596,0.999596,0.999596,0.999596,0,0,0,0,0,0.999576,0.999596,0,0.999784,0.999824,0,0,0,0,197,0.999527,0.979266,0.999596,0,0,54.8,0,14.95,-3.10937,3.50522,157.75,236.37,20.18,-2.16425,6.07358,33.63,81.3,0,0,0,0,0
neuromorpho__retina1_petal3_n5.swc,9398,interneuron,0.995348,7585,1812,0,0,0,0,0,0,0,0,0,0,0,0.564121,0.339149,0.3,0.3,0.3,0.3,0.3,0.622473,0.622473,0.622473,0.622473,0.622473,0.459977,0.3,0.771259,0.999824,0.999824,0,0,0,0,330,0.51174,0.3,0.3,0.69697,0.69697,55.2,0,30.18,-4.21929,7.63711,340.9,254.41,23.15,-2.82433,5.86222,31.47,66.78,0,0,0,0,0
neuromorpho__retina1_petal3_n8.swc,10023,interneuron,0.993463,7194,2828,0,0,0,0,0,0,0,0,0,0,0,0.999471,0.00184909,0.979266,0.999596,0.999596,0.999596,0.999596,0,0,0,0,0,0.999332,0.999596,0,0.999824,0.999824,0,0,0,0,338,0.999459,0.979266,0.999596,0,0,62,0,34.69,-3.72674,5.46173,177.14,352.49,22.78,-4.60521,2.43817,52.88,86.35,0,0,0,0,0
neuromorpho__retina2_n3.swc,10098,interneuron,0.995613,6774,3323,0,0,0,0,0,0,0,0,0,0,0,0.624724,0.348973,0.3,0.3,0.3,0.3,0.3,0.535948,0.535948,0.535948,0.535948,0.535948,0.440663,0.3,0.798937,0.999824,0.999824,0,0,0,0,272,0.613167,0.3,0.3,0.551471,0.551471,72.9,0,27.77,-6.705,3.54804,261.01,299.64,22.69,-5.63061,3.01521,69.96,84.37,0,0,0,0,0
neuromorpho__retina2_n4.swc,8420,interneuron,0.995334,6011,2408,0,0,0,0,0,0,0,0,0,0,0,0.996358,0.0146703,0.766839,0.986406,0.986406,0.999596,0.999596,0,0,0,0.00285036,0.00558195,0.99635,0.986406,0,0.996377,0.999824,0,0,0,0,270,0.996277,0.766839,0.986406,0,0.0037037,64.1,0,11.4,-7.5406,1.95029,252.78,220.53,17.28,-5.8152,2.52168,68.84,70.44,0,0,0,0,0
neuromorpho__retina3_n1.swc,7499,interneuron,0.988732,5662,1836,0,0,0,0,0,0,0,0,0,0,0,0.594577,0.345466,0.3,0.3,0.3,0.3,0.3,0.579011,0.579011,0.579011,0.579011,0.579011,0.463097,0.3,0.766867,0.999824,0.999824,0,0,0,0,200,0.508782,0.3,0.3,0.7,0.705,69.4,0,22,0.0106482,2.74459,223.23,346.23,19.18,-3.3452,2.4943,67.17,86.35,0,0,0,0,0
neuromorpho__retina3_n6.swc,7764,interneuron,0.99232,6276,1487,0,0,0,0,0,0,0,0,0,0,0,0.999506,0.00164824,0.979266,0.999596,0.999596,0.999596,0.999596,0,0,0,0,0,0.999431,0.999596,0,0.999824,0.999824,0,0,0,0,262,0.999412,0.979266,0.999596,0,0,53.9,0,21.89,-14.3364,3.0926,264.97,267.6,24.59,-9.12074,7.00336,35.31,71.22,0,0,0,0,0
neuromorpho__retina4_petal1_n12.swc,8692,interneuron,0.995836,6903,1788,0,0,0,0,0,0,0,0,0,0,0,0.999391,0.00186385,0.979266,0.999596,0.999596,0.999596,0.999596,0,0,0,0,0,0.999279,0.999596,0,0.999824,0.999824,0,0,0,0,269,0.999313,0.979266,0.999596,0,0,62.2,0,65.96,-40.5644,17.4246,234.78,238.07,25.6,3.51019,4.94398,48.97,84.13,0,0,0,0,0
neuromorpho__retina4_petal1_n4.swc,7363,interneuron,0.995562,5391,1971,0,0,0,0,0,0,0,0,0,0,0,0.999621,0.00086197,0.979266,0.999596,0.999596,0.999596,0.999596,0,0,0,0,0,0.999547,0.999596,0,0.999824,0.999824,0,0,0,0,237,0.999567,0.979266,0.999596,0,0,63.4,0,39.99,-22.0571,11.1487,232.73,180.22,20.48,-3.77735,3.61026,58.31,74.96,0,0,0,0,0
neuromorpho__retina4_petal1_n8.swc,7246,interneuron,0.995499,4912,2333,0,0,0,0,0,0,0,0,0,0,0,0.663828,0.347743,0.3,0.3,0.3,0.3,0.986406,0.477367,0.477367,0.477367,0.477367,0.477367,0.504175,0.3,0.704194,0.999824,0.999824,0,0,0,0,221,0.594057,0.3,0.3,0.579186,0.579186,59,0,72.98,26.8346,19.8889,211.21,115.68,17.19,-0.426682,3.34864,52.03,93.52,0,0,0,0,0
neuromorpho__retina4_petal2_n2.swc,9905,interneuron,0.994378,7134,2770,0,0,0,0,0,0,0,0,0,0,0,0.582591,0.343074,0.3,0.3,0.3,0.3,0.3,0.59576,0.59576,0.59576,0.59576,0.59576,0.420529,0.3,0.827166,0.999824,0.999824,0,0,0,0,333,0.544706,0.3,0.3,0.648649,0.648649,49.8,0,29.65,18.9462,6.55503,201.43,359.04,20.97,3.38168,3.34603,54.84,84.73,0,0,0,0,0
neuromorpho__retina4_petal3_n12.swc,8161,interneuron,0.994555,4886,3274,0,0,0,0,0,0,0,0,0,0,0,0.690523,0.344781,0.3,0.3,0.3,0.3,0.979266,0.437937,0.437937,0.437937,0.437937,0.437937,0.483508,0.3,0.731478,0.999368,0.999824,0,0,0,0,264,0.653072,0.3,0.3,0.492424,0.496212,55,-0.00333333,102.65,57.8241,30.9068,285.82,245.67,28.01,-2.7224,4.09065,73.56,110.65,0,0,0,0,0
neuromorpho__retina4_petal3_n5.swc,7824,interneuron,0.99169,4847,2976,0,0,0,0,0,0,0,0,0,0,0,0.72231,0.342287,0.3,0.3,0.3,0.3,0.999596,0.396472,0.396472,0.396472,0.396472,0.396472,0.551863,0.3,0.639983,0.999824,0.999824,0,0,0,0,221,0.732952,0.3,0.3,0.38009,0.38009,65,0,30.05,0.972507,5.99178,347,135.01,20.98,-4.02911,3.91528,68.6,113.89,0,0,0,0,0
neuromorpho__retina4_petal3_n8.swc,8774,interneuron,0.994362,5314,3459,0,0,0,0,0,0,0,0,0,0,0,0.999574,0.0015103,0.979266,0.999596,0.999596,0.999596,0.999596,0,0,0,0,0,0.999412,0.999596,0,0.999824,0.999824,0,0,0,0,247,0.99946,0.979266,0.999596,0,0,66,0,68.98,-37.8958,17.6919,301.77,152.03,37.99,0.318849,6.06598,89.38,113.2,0,0,0,0,0
neuromorpho__retina4_petal4_n2.swc,7809,interneuron,0.986579,4975,2833,0,0,0,0,0,0,0,0,0,0,0,0.999501,0.00153267,0.986406,0.999596,0.999596,0.999596,0.999596,0,0,0,0,0,0.999317,0.999596,0,0.999824,0.999824,0,0,0,0,207,0.999366,0.986406,0.999596,0,0,71.2,0,47.19,-30.2551,10.2516,326.88,94.18,29.11,-4.94208,6.0232,64.43,83.21,0,0,0,0,0
neuromorpho__retina4_petal4_n7.swc,10288,interneuron,0.991165,7458,2829,0,0,0,0,0,0,0,0,0,0,0,0.590714,0.343231,0.3,0.3,0.3,0.3,0.3,0.582232,0.582232,0.582232,0.582232,0.582232,0.435474,0.3,0.803164,0.999824,0.999824,0,0,0,0,312,0.541438,0.3,0.3,0.653846,0.653846,65,0,31.71,-21.6974,8.87948,381.66,163.44,18.54,-4.10549,2.52434,75.62,97.21,0,0,0,0,0
neuromorpho__retina5_petal1_n1.swc,6811,interneuron,0.991579,3644,3166,0,0,0,0,0,0,0,0,0,0,0,0.998385,0.00470839,0.972829,0.986406,0.999596,0.999596,0.999596,0,0,0,0,0,0.997328,0.986406,0,0.9996,0.999824,0,0,0,0,205,0.99888,0.972829,0.999596,0,0,73.4,0,131.67,76.6519,41.1474,151.43,113.92,54.79,1.77865,9.12867,74.38,102.08,0,0,0,0,0
neuromorpho__retina5_petal1_n7.swc,8453,interneuron,0.985197,6406,2046,0,0,0,0,0,0,0,0,0,0,0,0.997291,0.00684583,0.972829,0.979266,0.986406,0.999596,0.999596,0,0,0,0,0,0.996481,0.986406,0,0.999824,0.999824,0,0,0,0,257,0.997719,0.972829,0.99432,0,0,73.8,0,47.26,-23.8775,11.6215,161.86,380.44,15.81,-1.26678,1.86681,72.39,83.87,0,0,0,0,0
neuromorpho__retina5_petal2_n2.swc,8403,interneuron,0.979398,5271,3131,0,0,0,0,0,0,0,0,0,0,0,0.999593,0.0010857,0.986406,0.999596,0.999596,0.999596,0.999596,0,0,0,0,0,0.999456,0.999596,0,0.999824,0.999824,0,0,0,0,338,0.999533,0.986406,0.999596,0,0,47,0,174.14,-92.2073,58.3525,339.07,179.27,38.54,6.56688,8.73659,61.97,95.29,0,0,0,0,0
neuromorpho__retina5_petal3_n5.swc,6920,interneuron,0.993363,4491,2428,0,0,0,0,0,0,0,0,0,0,0,0.999154,0.00260081,0.972829,0.999596,0.999596,0.999596,0.999596,0,0,0,0,0,0.998791,0.999596,0,0.999824,0.999824,0,0,0,0,233,0.999281,0.972829,0.999596,0,0,54.8,0,99.81,23.7591,20.9489,109.46,247.45,54.22,-2.01455,8.39561,41.69,92.97,0,0,0,0,0
neuromorpho__retina5_petal3_n6.swc,8290,interneuron,0.956635,4885,3404,0,0,0,0,0,0,0,0,0,0,0,0.988464,0.0132225,0.967742,0.972829,0.972829,0.972829,0.999596,0,0,0,0,0,0.980545,0.972829,0,0.999824,0.999824,0,0,0,0,266,0.988318,0.967742,0.972829,0,0,55.5,0,237.59,141.117,74.5318,258.57,371.07,50.05,-0.440435,9.55393,58.83,124.68,0,0,0,0,0
neuromorpho__retina5_petal3_n7.swc,11725,interneuron,0.979896,8123,3601,0,0,0,0,0,0,0,0,0,0,0,0.999051,0.00387275,0.972829,0.999596,0.999596,0.999596,0.999596,0,0,0,0,0,0.998708,0.999596,0,0.999824,0.999824,0,0,0,0,561,0.999174,0.972829,0.999596,0,0,44,0,190.66,-140.363,46.7253,230.9,103.13,63.7,-5.73869,10.1864,52.51,93.54,0,0,0,0,0
neuromorpho__retina5_petal3_n9.swc,6120,interneuron,0.992527,4137,1982,0,0,0,0,0,0,0,0,0,0,0,0.999575,0.00131779,0.979266,0.999596,0.999596,0.999596,0.999596,0,0,0,0,0,0.999456,0.999596,0,0.999824,0.999824,0,0,0,0,223,0.99954,0.979266,0.999596,0,0,53.8,0,95.86,-64.835,22.5621,131.7,163.51,35.03,-2.94499,5.68373,37.75,68.19,0,0,0,0,0
neuromorpho__retina5_petal4_n1.swc,7959,interneuron,0.977312,4725,3233,0,0,0,0,0,0,0,0,0,0,0,0.998613,0.00459395,0.972829,0.979266,0.999596,0.999596,0.999596,0,0,0,0,0,0.997785,0.999596,0,0.999824,0.999824,0,0,0,0,234,0.99931,0.972829,0.999596,0,0,72,0,40.95,-18.0436,8.96268,182,393.62,20.21,2.98176,4.61674,56.73,78.25,0,0,0,0,0
neuromorpho__retina5_petal4_n2.swc,3100,interneuron,0.990965,1554,1545,0,0,0,0,0,0,0,0,0,0,0,0.997444,0.00568328,0.972829,0.986406,0.986406,0.999596,0.999596,0,0,0,0,0,0.995077,0.986406,0,0.999824,0.999824,0,0,0,0,73,0.998206,0.972829,0.999596,0,0,89.8,0,52.17,32.6542,15.274,43.65,154.75,38.38,-5.18766,6.77327,54.5,65.53,0,0,0,0,0
neuromorpho__retina5_petal4_n7.swc,5407,interneuron,0.977803,4779,627,0,0,0,0,0,0,0,0,0,0,0,0.511976,0.319329,0.3,0.3,0.3,0.3,0.3,0.6941,0.6941,0.6941,0.6941,0.6941,0.447869,0.3,0.785311,0.999824,0.999824,0,0,0,0,171,0.450862,0.3,0.3,0.783626,0.783626,48,0,66,-42.7711,19.1684,302.54,277.73,18.75,-3.82306,2.08678,34.12,23.57,0,0,0,0,0
neuromorpho__retina6_petal1_n8.swc,5813,interneuron,0.991175,2759,3053,0,0,0,0,0,0,0,0,0,0,0,0.999711,0.000271837,0.986406,0.999596,0.999596,0.999596,0.999824,0,0,0,0,0,0.999586,0.999596,0,0.999824,0.999824,0,0,0,0,160,0.999556,0.986406,0.999596,0,0,84.3,0,48.53,-5.73327,12.6665,190.24,91.37,32.12,-3.27415,5.87701,94.72,88.35,0,0,0,0,0
neuromorpho__retina6_petal2_n2.swc,5041,interneuron,0.991498,3277,1763,0,0,0,0,0,0,0,0,0,0,0,0.999129,0.00264816,0.986406,0.999596,0.999596,0.999596,0.999596,0,0,0,0,0,0.998755,0.999596,0,0.999824,0.999824,0,0,0,0,133,0.999402,0.986406,0.999596,0,0,70.8,0,156.44,94.6371,43.7943,62.9,149.72,29.58,-3.01368,4.85705,46.61,90.67,0,0,0,0,0
neuromorpho__retina7_petal2_n2.swc,4896,interneuron,0.991915,3296,1599,0,0,0,0,0,0,0,0,0,0,0,0.999665,0.000288605,0.986406,0.999596,0.999596,0.999596,0.999596,0,0,0,0,0,0.999588,0.999596,0,0.999824,0.999824,0,0,0,0,173,0.999531,0.986406,0.999596,0,0,53,0,69.63,-45.1721,18.9298,131.97,125.93,25.14,1.65058,4.18589,63.24,77.49,0,0,0,0,0
neuromorpho__retina7_petal3_n7.swc,1943,interneuron,0.947409,854,1088,0,0,0,0,0,0,0,0,0,0,0,0.990206,0.0111101,0.972829,0.972829,0.976244,0.979266,0.999824,0,0,0,0,0,0.977942,0.972829,0,0.999824,0.999824,0,0,0,0,77,0.992438,0.972829,0.976244,0,0,51.6,0,18.62,3.39453,2.91385,86.61,36.96,29.06,-1.30489,6.47638,34.92,54.35,0,0,0,0,0
neuromorpho__retina7_petal3_n9.swc,5003,interneuron,0.984742,2176,2826,0,0,0,0,0,0,0,0,0,0,0,0.999342,0.00276117,0.972829,0.999596,0.999596,0.999596,0.999824,0,0,0,0,0,0.998716,0.999596,0,0.999824,0.999824,0,0,0,0,187,0.999527,0.972829,0.999596,0,0,52.2,0,26,-6.47373,4.07422,198.39,110.22,46.95,-0.849331,5.02478,68.14,79.85,0,0,0,0,0
neuromorpho__retina7_petal4_n1.swc,4173,interneuron,0.831468,1864,2308,0,0,0,0,0,0,0,0,0,0,0,0.999051,0.00332522,0.979266,0.999596,0.999596,0.999596,0.999824,0,0,0,0,0,0.998093,0.999596,0,0.999824,0.999824,0,0,0,0,117,0.999206,0.979266,0.999596,0,0,76.2,0,48.96,-11.558,9.2159,65.27,89.8,37.37,2.48535,6.76265,48.31,74.69,0,0,0,0,0
neuromorpho__retina7_petal4_n4.swc,7071,interneuron,0.987958,6270,800,0,0,0,0,0,0,0,0,0,0,0,0.606829,0.312265,0.3,0.3,0.3,0.3,0.600985,0.451704,0.487626,0.620563,0.632018,0.662424,0.557909,0.3,0.699841,0.98975,0.999824,0,0,0,0,206,0.554625,0.3,0.3,0.694175,0.728155,69.5,0,57.03,-15.2878,12.2453,328.41,266.28,29.26,-7.35965,4.06311,52.66,51.84,0,0,0,0,0
neuromorpho__retina7_petal4_n6.swc,6749,interneuron,0.904938,4885,1863,0,0,0,0,0,0,0,0,0,0,0,0.997494,0.00604657,0.972829,0.986406,0.986406,0.999596,0.999596,0,0,0,0,0,0.996605,0.986406,0,0.999824,0.999824,0,0,0,0,192,0.997869,0.972829,0.986406,0,0,61.9,0,108.62,49.6574,34.338,412.7,108.67,42.73,-7.39715,6.60313,57.12,80.55,0,0,0,0,0
neuromorpho__retina7_petal4_n7.swc,9533,interneuron,0.996251,7543,1989,0,0,0,0,0,0,0,0,0,0,0,0.999396,0.00179927,0.986406,0.999596,0.999596,0.999596,0.999596,0,0,0,0,0,0.999283,0.999596,0,0.999824,0.999824,0,0,0,0,297,0.999554,0.986406,0.999596,0,0,66.2,0,39.89,20.6509,7.96594,271.98,182.88,22.69,-2.12211,3.74093,53.17,88.3,0,0,0,0,0
neuromorpho__rotated_CR-0319a_ax2.swc,30987,interneuron,0.963346,27656,3330,0,0,0,0,0,0,0,0,0,0,0,0.886049,0.257833,0.3,0.3,0.3,0.999596,0.999596,0.162165,0.162165,0.162165,0.162165,0.162165,0.872345,0.3,0.181697,0.999824,0.999824,0,0,0,0,379,0.921556,0.3,0.665037,0.102902,0.121372,199.4,0.564,494.11,51.8229,80.1672,761.29,901.48,167.67,20.6714,30.3482,195.02,238.56,0,0,0,0,0
neuromorpho__sc308.swc,297,interneuron,0.977064,4,292,0,0,0,0,0,0,0,0,0,0,0,0.96993,0.0431414,0.600985,0.972222,0.972222,0.975174,0.975174,0,0,0.013468,0.013468,0.013468,0.600985,0.600985,1,0.974881,0.975174,0,0,0,0,86,0.970974,0.600985,0.975174,0.0116279,0.0116279,7,0,4.86,4.685,2.01352,3.57,11.55,27.64,6.11592,5.57961,20.77,44.23,0,0,0,0,0
neuromorpho__sec-12.swc,358,interneuron,0.900363,80,277,0,0,0,0,0,0,0,0,0,0,0,0.997018,0.00741021,0.972829,0.972829,0.986406,0.999824,0.999824,0,0,0,0,0,0.987266,0.972829,0,0.999824,0.999824,0,0,0,0,109,0.997762,0.972829,0.996958,0,0,6.4,0,27.02,14.6603,8.29073,110.57,64.96,36.4,3.72986,8.44988,163.81,268.49,0,0,0,0,0
neuromorpho__sec-13.swc,289,interneuron,0.837939,174,114,0,0,0,0,0,0,0,0,0,0,0,0.997415,0.00528563,0.979266,0.986406,0.986406,0.999596,0.999596,0,0,0,0,0,0.996621,0.986406,0,0.998604,0.993726,0,0,0,0,94,0.998373,0.979266,0.999596,0,0,6,0,36.02,9.5208,6.64921,191.33,157.09,13.5,4.97561,3.72818,96.99,174.62,0,0,0,0,0
neuromorpho__sigma-5.swc,114,pyramidal,0.990501,0,113,0,0,0,0,0,0,0,0,0,0,0,0.996683,0.000312072,0.996653,0.996653,0.996653,0.996653,0.996653,0,0,0,0,0,0,0,0,0.996653,0.996653,0,0,0,0,18,0.996839,0.996653,0.996653,0,0,13.6,0,0,0,0,0,0,0,0,0,156.09,178.94,0,0,0,0,0
neuromorpho__sigma-6.swc,123,pyramidal,0.995662,0,122,0,0,0,0,0,0,0,0,0,0,0,0.99668,0.000300535,0.996653,0.996653,0.996653,0.996653,0.996653,0,0,0,0,0,0,0,0,0.996653,0.996653,0,0,0,0,21,0.996813,0.996653,0.996653,0,0,8,0,0,0,0,0,0,0,0,0,157.25,173.13,0,0,0,0,0
neuromorpho__sigma.swc,143,pyramidal,0.99478,0,142,0,0,0,0,0,0,0,0,0,0,0,0.996677,0.000278887,0.996653,0.996653,0.996653,0.996653,0.996653,0,0,0,0,0,0,0,0,0.996653,0.996653,0,0,0,0,16,0.996862,0.996653,0.996653,0,0,16.5,0,0,0,0,0,0,0,0,0,176.36,275.25,0,0,0,0,0
neuromorpho__tom-10.swc,152,pyramidal,0.991669,0,151,0,0,0,0,0,0,0,0,0,0,0,0.982926,0.0969042,0.3,0.996653,0.996653,0.996653,0.996653,0.0197368,0.0197368,0.0197368,0.0197368,0.0197368,0,0,0,0.982812,0.996653,0.0198675,0,0,0,12,0.992466,0.3,0.996653,0,0,29.7,0,0,0,0,0,0,0,0,0,245.98,356.61,0,0,0,0,0
neuromorpho__tom-11.swc,120,pyramidal,0.990844,0,119,0,0,0,0,0,0,0,0,0,0,0,0.996681,0.000304237,0.996653,0.996653,0.996653,0.996653,0.996653,0,0,0,0,0,0,0,0,0.996653,0.996653,0,0,0,0,8,0.997072,0.996653,0.996653,0,0,25.3,0,0,0,0,0,0,0,0,0,201.75,236.46,0,0,0,0,0
neuromorpho__tom-3.swc,160,pyramidal,0.993436,0,159,0,0,0,0,0,0,0,0,0,0,0,0.996674,0.000263754,0.996653,0.996653,0.996653,0.996653,0.996653,0,0,0,0,0,0,0,0,0.996653,0.996653,0,0,0,0,12,0.996932,0.996653,0.996653,0,0,22.9,0,0,0,0,0,0,0,0,0,241.83,320.14,0,0,0,0,0
neuromorpho__tom-8.swc,210,pyramidal,0.994802,0,209,0,0,0,0,0,0,0,0,0,0,0,0.973447,0.125056,0.3,0.996653,0.996653,0.996653,0.996653,0.0333333,0.0333333,0.0333333,0.0333333,0.0333333,0,0,0,0.97332,0.996653,0.0334928,0,0,0,13,0.988385,0.3,0.996653,0,0,29.8,0,0,0,0,0,0,0,0,0,254.82,359.34,0,0,0,0,0
neuromorpho__traced-WT-Female-cortex-122-7.swc,69,pyramidal,0.994352,0,68,0,0,0,0,0,0,0,0,0,0,0,0.996702,0.000399969,0.996653,0.996653,0.996653,0.996653,0.996653,0,0,0,0,0,0,0,0,0.996653,0.996653,0,0,0,0,18,0.996839,0.996653,0.996653,0,0,8,0,0,0,0,0,0,53.31,2.90221,15.3929,123.83,230.1,0,0,0,0,0
neuromorpho__traced-WT-Female-cortex-146-1c.swc,70,pyramidal,0.98985,0,69,0,0,0,0,0,0,0,0,0,0,0,0.996701,0.000397143,0.996653,0.996653,0.996653,0.996653,0.996653,0,0,0,0,0,0,0,0,0.996653,0.996653,0,0,0,0,20,0.996821,0.996653,0.996653,0,0,8.2,0,0,0,0,0,0,7.27,-1.68246,2.68056,65.84,112.06,0,0,0,0,0
neuromorpho__traced-WT-Female-cortex-181-3.swc,50,pyramidal,0.985181,0,49,0,0,0,0,0,0,0,0,0,0,0,0.99672,0.000468542,0.996653,0.996653,0.996653,0.996653,0.996653,0,0,0,0,0,0,0,0,0.996653,0.996653,0,0,0,0,19,0.996829,0.996653,0.996653,0,0,4.4,0,0,0,0,0,0,27.25,0.524694,8.40964,50.79,135.34,0,0,0,0,0
neuromorpho__traced-WT-male-cortex-124-4c.swc,102,pyramidal,0.945782,0,101,0,0,0,0,0,0,0,0,0,0,0,0.996686,0.000329747,0.996653,0.996653,0.996653,0.996653,0.996653,0,0,0,0,0,0,0,0,0.996653,0.996653,0,0,0,0,21,0.996813,0.996653,0.996653,0,0,8,0,0,0,0,0,0,51.51,-5.51069,11.8445,84.47,122.72,0,0,0,0,0
neuromorpho__traced-WT-male-cortex-124-6.swc,92,pyramidal,0.989367,0,91,0,0,0,0,0,0,0,0,0,0,0,0.996463,0.00112943,0.990708,0.996653,0.996653,0.996653,0.996653,0,0,0,0,0,0,0,0,0.996425,0.996653,0,0,0,0,24,0.996143,0.990708,0.993554,0,0,7.7,0,0,0,0,0,0,49.68,0.237363,13.4047,100.38,149.07,0,0,0,0,0
neuromorpho__traced-WT-male-cortex-147-10.swc,66,pyramidal,0.951337,0,65,0,0,0,0,0,0,0,0,0,0,0,0.996704,0.000408821,0.996653,0.996653,0.996653,0.996653,0.996653,0,0,0,0,0,0,0,0,0.996653,0.996653,0,0,0,0,14,0.996892,0.996653,0.996653,0,0,7.4,0,0,0,0,0,0,30.29,3.33831,8.40105,59.82,126.17,0,0,0,0,0
neuromorpho__traced-WT-male-cortex-147-4.swc,46,pyramidal,0.990412,0,45,0,0,0,0,0,0,0,0,0,0,0,0.996726,0.000488055,0.996653,0.996653,0.996653,0.996653,0.996653,0,0,0,0,0,0,0,0,0.996653,0.996653,0,0,0,0,14,0.996892,0.996653,0.996653,0,0,6.7,0,0,0,0,0,0,34.84,-1.41822,9.01807,81.15,110.91,0,0,0,0,0
neuromorpho__traced-WT-male-cortex-147-8a.swc,79,pyramidal,0.982338,0,78,0,0,0,0,0,0,0,0,0,0,0,0.996696,0.000374146,0.996653,0.996653,0.996653,0.996653,0.996653,0,0,0,0,0,0,0,0,0.996653,0.996653,0,0,0,0,22,0.996805,0.996653,0.996653,0,0,5.9,0,0,0,0,0,0,47.24,-3.59013,10.0955,47.97,84.77,0,0,0,0,0
neuromorpho__traced-WT-male-cortex-147-8b.swc,45,pyramidal,0.993886,0,44,0,0,0,0,0,0,0,0,0,0,0,0.996728,0.000493326,0.996653,0.996653,0.996653,0.996653,0.996653,0,0,0,0,0,0,0,0,0.996653,0.996653,0,0,0,0,14,0.996892,0.996653,0.996653,0,0,5,0,0,0,0,0,0,35.44,-0.543409,11.6299,53.37,83.84,0,0,0,0,0
neuromorpho__traced-WT-male-cortex-153-7.swc,74,pyramidal,0.99575,0,73,0,0,0,0,0,0,0,0,0,0,0,0.996698,0.000386412,0.996653,0.996653,0.996653,0.996653,0.996653,0,0,0,0,0,0,0,0,0.996653,0.996653,0,0,0,0,16,0.996862,0.996653,0.996653,0,0,8.5,0,0,0,0,0,0,44.84,4.24986,13.9092,118.63,190.87,0,0,0,0,0
neuromorpho__wt20x-03.swc,201,pyramidal,0.991543,0,126,74,0,0,0,0,0,0,0,0,0,0,0.822704,0.291495,0.3,0.3,0.3,0.810557,0.996653,0.233831,0.233831,0.233831,0.233831,0.283582,0,0,0,0.954239,0.810557,0.0396825,0.596342,0.3,0.567568,35,0.897349,0.3,0.440974,0.142857,0.142857,10.6,0,0,0,0,0,0,31,-2.2381,6.52398,438.65,202.86,40,-13.2162,12.4665,136.54,520.87
neuromorpho__wt20x-04.swc,148,pyramidal,0.994557,3,59,85,0,0,0,0,0,0,0,0,0,0,0.673817,0.322312,0.3,0.3,0.3,0.3,0.828027,0.412162,0.432432,0.432432,0.432432,0.594595,0.583228,0.583228,1,0.996653,0.996653,0,0.44909,0.3,0.717647,28,0.811229,0.3,0.3,0.25,0.285714,11.3,0,2,-2.33333,0.942809,18.18,4.87,48,-10.9661,14.1241,239.77,185.18,52,-33,15.2609,113.84,667.86
neuromorpho__wt20x-06.swc,329,pyramidal,0.989263,0,193,135,0,0,0,0,0,0,0,0,0,0,0.98881,0.024871,0.810557,0.985786,0.985786,0.985786,0.996653,0,0,0,0,0.0182371,0,0,0,0.990868,0.996653,0,0.985786,0.985786,0,79,0.990076,0.810557,0.985786,0,0,8.2,0,0,0,0,0,0,36,5.00394,7.2333,334.2,222.38,31,-0.659259,5.14265,250.58,553.27
neuromorpho__wt20x-16.swc,253,pyramidal,0.887597,0,145,107,0,0,0,0,0,0,0,0,0,0,0.992071,0.00538403,0.985786,0.985786,0.985786,0.985786,0.996653,0,0,0,0,0,0,0,0,0.996653,0.996653,0,0.985786,0.985786,0,57,0.991564,0.985786,0.985786,0,0,9.4,0,0,0,0,0,0,34,-3.35862,7.36036,392.02,256.07,21,9.17757,3.51715,181.55,464.72
neuromorpho__wt20x-19.swc,124,pyramidal,0.969283,0,51,72,0,0,0,0,0,0,0,0,0,0,0.880617,0.200328,0.3,0.3,0.849285,0.849285,0.985157,0.0967742,0.0967742,0.0967742,0.0967742,0.427419,0,0,0,0.996132,0.992226,0,0.797135,0.3,0.166667,28,0.946177,0.3,0.849285,0,0.0357143,6.6,0,0,0,0,0,0,25,-6.92157,7.36138,109.17,115.19,32,-4.72222,9.30236,79.22,573.08
