file,n_nodes_conf,stage1_pred_conf_run,stage1_conf_conf_run,pred_axon_conf_run,pred_basal_conf_run,pred_apical_conf_run,node_label_disagree_frac,node_conf_abs_delta_mean,branch3_changed_frac,branch3_label_disagree_frac,branch3_conf_abs_delta_mean,branch3_axon_delta_frac,branch3_basal_delta_frac,branch3_apical_delta_frac,branch3_to_apical_frac,branch3_from_apical_frac,conf_mean,conf_std,conf_min,conf_p05,conf_p10,conf_p25,conf_median,conf_frac_lt_05,conf_frac_lt_06,conf_frac_lt_07,conf_frac_lt_08,conf_frac_lt_09,axon_conf_mean,axon_conf_p10,axon_conf_frac_lt_07,basal_conf_mean,basal_conf_p10,basal_conf_frac_lt_07,apical_conf_mean,apical_conf_p10,apical_conf_frac_lt_07,n_pred_branches,branch_conf_mean,branch_conf_min,branch_conf_p10,branch_frac_conf_lt_07,branch_frac_conf_lt_08,branch_n_nodes_p90,pred_soma_z,pred_axon_z_extent,pred_axon_z_mean_rel_soma,pred_axon_z_std,pred_axon_x_extent,pred_axon_y_extent,pred_basal_z_extent,pred_basal_z_mean_rel_soma,pred_basal_z_std,pred_basal_x_extent,pred_basal_y_extent,pred_apical_z_extent,pred_apical_z_mean_rel_soma,pred_apical_z_std,pred_apical_x_extent,pred_apical_y_extent
allen__Chat-IRES-Cre-neo_Ai14-307622.05.02.01_575774870.swc,7562,interneuron,0.99232,4769,2792,0,0,0,0,0,0,0,0,0,0,0,0.944961,0.181506,0.3,0.3,0.971335,0.999666,0.999757,0.0723354,0.0723354,0.0724676,0.079873,0.079873,0.999173,0.999757,0.000209688,0.852342,0.3,0.195917,0,0,0,262,0.971843,0.3,0.971335,0.0343511,0.0419847,67.7,40.32,84.8193,3.34423,19.0098,408.662,372.825,73.5851,2.86716,12.5356,442.318,455.184,0,0,0,0,0
allen__Chat-IRES-Cre-neo_Ai14-313182.05.02.01_583146274.swc,3445,interneuron,0.862919,0,3444,0,0,0,0,0,0,0,0,0,0,0,0.959337,0.0941614,0.3,0.933333,0.933333,0.971335,0.971335,0.0191582,0.0191582,0.0191582,0.0191582,0.0191582,0,0,0,0.959325,0.933333,0.0191638,0,0,0,99,0.965889,0.3,0.933333,0,0.010101,81.8,10.08,0,0,0,0,0,54.0666,10.204,11.8707,404.19,593.641,0,0,0,0,0
allen__Chat-IRES-Cre-neo_Ai14-316042.05.01.01_586072188.swc,4879,interneuron,0.995505,2937,1941,0,0,0,0,0,0,0,0,0,0,0,0.902884,0.224396,0.3,0.3,0.3,0.971335,0.999666,0.115597,0.115597,0.115597,0.167247,0.167247,0.867774,0.3,0.187947,0.955961,0.759067,0.00618238,0,0,0,166,0.898174,0.3,0.3,0.126506,0.162651,66.5,17.08,34.4929,-4.91433,6.6281,283.663,590.834,92.3807,11.217,18.8419,226.165,438.204,0,0,0,0,0
allen__Gad2-IRES-Cre_Ai14-324791.03.02.02_593321019.swc,9202,interneuron,0.996845,8286,915,0,0,0,0,0,0,0,0,0,0,0,0.982268,0.105909,0.3,0.972519,0.999666,0.999757,0.999757,0.0234732,0.0234732,0.0234732,0.0234732,0.0234732,0.980345,0.999757,0.0260681,0.999666,0.999666,0,0,0,0,344,0.994347,0.3,0.999666,0.00581395,0.00581395,55,18.5469,152.872,45.9058,35.5054,455.366,392.959,52.9315,2.21139,11.1227,150.29,211.822,0,0,0,0,0
allen__H16.03.002.01.06.01_520454345.swc,10817,pyramidal,0.980792,2303,4125,4388,0,0,0,0,0,0,0,0,0,0,0.909518,0.207333,0.3,0.3,0.3,0.970458,0.982145,0.103263,0.103263,0.103263,0.103263,0.108718,0.908848,0.841767,0.0781589,0.976033,0.987703,0.0169697,0.847321,0.3,0.197584,186,0.961542,0.3,0.940918,0.0322581,0.0322581,144,27.6013,92.3801,14.2445,18.2716,693.775,314.807,92.3768,5.46235,21.0029,414.994,265.771,81.76,11.3943,15.8781,483.157,823.805
allen__H16.03.006.01.09.02_537266147.swc,22350,interneuron,0.903388,14344,8005,0,0,0,0,0,0,0,0,0,0,0,0.598784,0.346098,0.3,0.3,0.3,0.3,0.3,0.572975,0.572975,0.572975,0.572975,0.572975,0.422348,0.3,0.825153,0.914885,0.3,0.121174,0,0,0,252,0.627352,0.3,0.3,0.535714,0.551587,203.9,36.4,128.195,34.0394,32.3388,1327.52,1238.01,102.948,6.87776,18.6419,803.481,507.746,0,0,0,0,0
allen__H16.03.007.01.01.03.02_541540569.swc,20291,pyramidal,0.866651,14794,1999,3497,0,0,0,0,0.000323626,0,0,0,0,0,0.826457,0.287606,0.3,0.3,0.3,0.84621,0.987703,0.227441,0.227441,0.227441,0.227441,0.275837,0.800914,0.3,0.263553,0.953301,0.987703,0.050025,0.861963,0.3,0.176151,304,0.906042,0.3,0.649083,0.105263,0.134868,159.4,26.3648,152.04,41.629,45.2102,1037.64,1725.14,82.6,0.125951,14.4608,383.867,279.941,81.8915,9.55576,17.8936,343.828,470.629
allen__H16.06.004.01.04.03_508282493.swc,10880,pyramidal,0.878642,5630,2418,2831,0,0,0,0,0,0,0,0,0,0,0.881578,0.249968,0.3,0.3,0.3,0.982145,0.987703,0.155882,0.155882,0.155882,0.155882,0.155882,0.796814,0.3,0.284547,0.983153,0.987703,0.00661704,0.96335,0.982145,0.0275521,163,0.930335,0.3,0.81352,0.0981595,0.0981595,152.6,58.9879,164.043,18.9966,33.1345,815.424,1029.82,144.707,9.54018,26.2618,378.177,245.101,146.533,39.8939,33.6271,262.877,533.771
allen__H16.06.008.01.25.03_527941296.swc,7342,pyramidal,0.975264,353,4160,2828,0,0,0,0,0.0313973,0,0,0,0,0,0.855197,0.252305,0.3,0.3,0.3,0.905145,0.982145,0.169028,0.169028,0.169028,0.169028,0.244211,0.918851,0.85735,0,0.822494,0.3,0.211779,0.895307,0.3,0.127298,125,0.935032,0.3,0.834935,0.032,0.064,173.6,86.6846,100.673,-14.8196,30.7529,107.773,134.172,146.062,-0.680986,32.5528,516.78,337.057,142.756,-7.24186,33.5474,261.104,743.575
allen__H16.06.009.01.02.03.01_528636794.swc,7487,pyramidal,0.97775,1518,2712,3256,0,0,0,0,0,0,0,0,0,0,0.851667,0.266125,0.3,0.3,0.3,0.962569,0.982145,0.188594,0.188594,0.188594,0.188594,0.188594,0.869543,0.3,0.147563,0.889198,0.3,0.138643,0.812028,0.3,0.249386,103,0.940359,0.3,0.846711,0.0485437,0.0776699,183,45.0584,104.36,-9.66181,18.5154,396.565,309.913,135,22.5365,29.9527,504.94,640.161,146.303,21.6339,40.6043,712.712,991.161
allen__H16.06.010.01.01.10.01_529889679.swc,11792,pyramidal,0.913644,6064,2595,3132,0,0,0,0,0.00806187,0,0,0,0,0,0.87927,0.251142,0.3,0.3,0.3,0.982145,0.987703,0.158073,0.158073,0.158073,0.158073,0.158073,0.806604,0.3,0.270449,0.987703,0.987703,0,0.930083,0.939275,0.0715198,183,0.957589,0.3,0.945145,0.0491803,0.0546448,147.8,43.96,136.346,0.777343,21.7216,545.88,1075.26,125.146,3.21487,25.9723,213.326,377.331,133.822,33.1035,35.2881,474.037,418.071
allen__H16.06.010.01.03.04.01_529807751.swc,42945,interneuron,0.99534,38458,4486,0,0,0,0,0,0,0,0,0,0,0,0.950203,0.179432,0.3,0.3,0.999666,0.999757,0.999757,0.0707649,0.0707649,0.0707649,0.0707649,0.0707649,0.958859,0.999757,0.0584014,0.875985,0.3,0.176772,0,0,0,762,0.981392,0.3,0.999666,0.0209974,0.0301837,120,30.8661,126.251,23.9903,29.9393,764.46,936.454,112.724,14.1082,20.2873,634.064,387.601,0,0,0,0,0
allen__H16.06.011.01.01.05.03_539653924.swc,9458,pyramidal,0.987489,63,4842,4552,0,0,0,0,0,0,0,0,0,0,0.965916,0.111217,0.3,0.982145,0.982145,0.982145,0.987703,0.0269613,0.0269613,0.0269613,0.0269613,0.030239,0.88692,0.84621,0,0.975489,0.987703,0.0177613,0.956819,0.982145,0.0371265,142,0.977694,0.3,0.975756,0.00704225,0.00704225,150.5,41.9182,14.0543,-11.1287,4.18878,14.6329,36.7327,93.6076,-1.33429,18.587,435.806,259.438,123.76,45.7704,33.1509,394.061,510.505
allen__H16.06.012.11.06.01_548408551.swc,15940,pyramidal,0.982999,7027,4125,4787,0,0,0,0,0.000384171,0,0,0,0,0,0.796859,0.30823,0.3,0.3,0.3,0.3,0.982145,0.277854,0.277854,0.277854,0.277854,0.277854,0.70076,0.3,0.422655,0.88534,0.3,0.148848,0.861638,0.3,0.17652,178,0.910415,0.3,0.723683,0.0955056,0.168539,224.3,26.6,150.06,3.6716,25.5773,1169.85,1498.68,127.952,12.9414,28.6486,415.463,365.958,141.014,17.0667,19.9083,642.346,647.792
allen__H16.06.012.11.08.03_548440226.swc,29702,pyramidal,0.976293,18319,6709,4673,0,0,0,0,0.00023289,0,0,0,0,0,0.79321,0.311695,0.3,0.3,0.3,0.3,0.987703,0.285368,0.285368,0.285368,0.285368,0.285368,0.715225,0.3,0.402042,0.96546,0.987703,0.0323446,0.85158,0.3,0.191312,341,0.92224,0.3,0.694606,0.102639,0.13783,210,37.0936,155.68,37.0207,33.9655,1143.27,1261.27,141.852,10.9594,27.7357,411.814,452.793,106.482,0.42226,22.7196,473.566,508.323
allen__H17.03.002.11.06.03_569821470.swc,20269,interneuron,0.872447,15732,4536,0,0,0,0,0,0,0,0,0,0,0,0.746043,0.336367,0.3,0.3,0.3,0.3,0.999666,0.362524,0.362524,0.362524,0.362524,0.362524,0.692245,0.3,0.439423,0.932568,0.999666,0.0958995,0,0,0,249,0.871488,0.3,0.3,0.184739,0.204819,222.2,35.56,126.694,16.9172,29.9287,1070.36,1388.79,108.773,14.5881,23.1959,396.945,569.965,0,0,0,0,0
allen__H17.03.009.11.11.06_613442532.swc,4357,pyramidal,0.922842,47,1839,2470,0,0,0,0,0,0,0,0,0,0,0.943541,0.160786,0.3,0.3,0.981639,0.982145,0.982145,0.0585265,0.0585265,0.0585265,0.0585265,0.0612807,0.940273,0.940273,0,0.971991,0.987703,0.0212072,0.922398,0.981639,0.0874494,70,0.957267,0.3,0.939122,0.0285714,0.0285714,150,11.8079,8.5697,-2.86016,2.34929,6.5334,50.32,103.459,24.1987,22.0328,368.497,192.312,129.886,36.402,28.2995,309.891,456.574
allen__H17.06.005.12.12.03_571525618.swc,8146,interneuron,0.705602,6703,1442,0,0,0,0,0,0,0,0,0,0,0,0.848525,0.285809,0.3,0.3,0.3,0.971335,0.999757,0.213356,0.213356,0.213356,0.213847,0.213847,0.870023,0.3,0.18529,0.748492,0.3,0.343967,0,0,0,130,0.94151,0.3,0.84277,0.0846154,0.1,149.2,22.4,110.972,16.1975,21.7347,705.427,741.777,115.565,32.1741,30.1303,251.19,460.841,0,0,0,0,0
allen__H17.06.009.11.04.03_596028822.swc,7561,interneuron,0.440347,6908,652,0,0,0,0,0,0,0,0,0,0,0,0.736963,0.295888,0.3,0.3,0.3,0.3,0.937369,0.314376,0.314376,0.314376,0.314376,0.314376,0.724144,0.3,0.33454,0.872377,0.363684,0.101227,0,0,0,109,0.850992,0.3,0.534581,0.146789,0.192661,192,15.8124,162.517,51.7402,47.5765,767.752,430.224,88.2706,23.0755,21.1046,138.35,245.84,0,0,0,0,0
allen__H17.06.009.11.04.04_596036453.swc,8523,interneuron,0.995215,6716,1806,0,0,0,0,0,0,0,0,0,0,0,0.997275,0.0414414,0.3,0.999666,0.999666,0.999757,0.999757,0.00351989,0.00351989,0.00351989,0.00351989,0.00351989,0.996632,0.999757,0.00446694,0.999666,0.999666,0,0,0,0,425,0.999484,0.3,0.999666,0,0,41,30.52,102.825,12.7186,20.5521,478.237,176.224,119.146,16.175,24.5059,211.137,159.713,0,0,0,0,0
allen__H17.06.013.12.03.01_643572206.swc,4016,interneuron,0.853142,3417,598,0,0,0,0,0,0,0,0,0,0,0,0.859209,0.273596,0.3,0.3,0.3,0.980046,0.999555,0.192978,0.192978,0.192978,0.192978,0.192978,0.841958,0.3,0.216272,0.957546,0.999666,0.0602007,0,0,0,60,0.921163,0.3,0.761363,0.1,0.116667,186.2,24.08,66.8038,11.9555,10.4707,755.249,684.106,25.6791,3.62021,7.12264,194.916,318.521,0,0,0,0,0
allen__H17.06.013.12.03.02_643575207.swc,17642,interneuron,0.860534,14234,3407,0,0,0,0,0,0,0,0,0,0,0,0.848019,0.2882,0.3,0.3,0.3,0.999666,0.999757,0.216642,0.216642,0.216642,0.216642,0.216642,0.870745,0.3,0.184137,0.753027,0.3,0.35251,0,0,0,227,0.925553,0.3,0.695035,0.101322,0.118943,169.2,28.84,99.3812,11.5582,19.5726,851.854,1433.11,83.6456,1.79085,13.931,530.221,612.191,0,0,0,0,0
allen__Htr3a-Cre_NO152_Ai14-288785.03.02.01_561985849.swc,14318,interneuron,0.994673,11469,2848,0,0,0,0,0,0,0,0,0,0,0,0.95634,0.168771,0.3,0.3,0.999666,0.999666,0.999757,0.0620198,0.0620198,0.0620198,0.0620198,0.0620198,0.945578,0.999757,0.0774261,0.999666,0.999666,0,0,0,0,428,0.976724,0.3,0.999666,0.0303738,0.0350467,77,21.8884,126.456,25.6674,34.2813,477.219,746.728,65.1039,7.89249,11.3869,188.812,160.145,0,0,0,0,0
allen__Ndnf-IRES2-dgCre_Ai14-292673.05.01.01_564346637.swc,19022,interneuron,0.995375,16503,2518,0,0,0,0,0,0,0,0,0,0,0,0.991261,0.0764796,0.3,0.999666,0.999666,0.999757,0.999757,0.0120913,0.0120913,0.0120913,0.0120913,0.0120913,0.992267,0.999757,0.0106647,0.984661,0.999666,0.0214456,0,0,0,577,0.996129,0.3,0.999757,0.00519931,0.00519931,75.4,15.96,96.32,20.2775,18.9241,783.728,593.438,79.422,9.17015,14.7184,292.215,363.611,0,0,0,0,0
allen__Nkx2-1-CreERT2_Ai14_(IVSCC)-294491.03.01.01_566541912.swc,15864,interneuron,0.991257,14882,981,0,0,0,0,0,0,0,0,0,0,0,0.988041,0.0886818,0.3,0.999666,0.999757,0.999757,0.999757,0.0163263,0.0163263,0.0163263,0.0163263,0.0163263,0.987274,0.999757,0.0174036,0.999666,0.999666,0,0,0,0,443,0.997357,0.3,0.999757,0,0.00225734,79.6,15.68,74.76,15.8674,18.0138,620.628,464.625,46.6584,5.38414,9.75184,209.345,138.577,0,0,0,0,0
allen__Nos1-CreERT2_Sst-IRES-FlpO_Ai65-271577.05.02.01_547262585.swc,12546,interneuron,0.994134,10647,1898,0,0,0,0,0,0,0,0,0,0,0,0.926058,0.211979,0.3,0.3,0.3,0.999666,0.999757,0.102742,0.102742,0.102742,0.102742,0.102742,0.914978,0.3,0.121067,0.988171,0.971335,0,0,0,0,318,0.966995,0.3,0.971335,0.0440252,0.0440252,94.3,12.04,122.732,24.2022,28.1141,504.372,972.036,69.764,18.5147,14.7465,338.178,359.632,0,0,0,0,0
allen__Oxtr-2A-Cre_Ai14-293839.02.02.02_565415071.swc,20203,interneuron,0.995642,18118,2084,0,0,0,0,0,0,0,0,0,0,0,0.966855,0.137164,0.3,0.933333,0.999555,0.999757,0.999757,0.0391526,0.0391526,0.0391526,0.0476662,0.0476662,0.969194,0.999757,0.0436582,0.946506,0.933333,0,0,0,0,541,0.977946,0.3,0.999666,0.0221811,0.0332717,87,16.317,110.805,26.036,23.7296,426.425,546.264,45.8268,6.07795,9.49258,226.226,338.729,0,0,0,0,0
allen__Oxtr-2A-Cre_Ai14-293839.06.01.01_565417112.swc,17268,interneuron,0.963768,15710,1557,0,0,0,0,0,0,0,0,0,0,0,0.999665,0.00170843,0.935878,0.999666,0.999757,0.999757,0.999757,0,0,0,0,0,0.999665,0.999757,0,0.999666,0.999666,0,0,0,0,810,0.999543,0.935878,0.999666,0,0,45.1,14,56.28,11.6189,11.8385,378.311,523.754,48.125,11.6111,9.80208,170.84,145.677,0,0,0,0,0
allen__Oxtr-2A-Cre_Ai14-293841.05.02.01_565462089.swc,16822,interneuron,0.993833,14966,1855,0,0,0,0,0,0,0,0,0,0,0,0.997318,0.0122834,0.908046,0.999666,0.999666,0.999757,0.999757,0,0,0,0,0,0.999553,0.999757,0,0.979287,0.933333,0,0,0,0,612,0.998249,0.908046,0.999757,0,0,59,19.6,99.4,15.97,17.822,499.385,616.376,34.16,-0.876832,7.47448,218.367,349.499,0,0,0,0,0
allen__Oxtr-T2A-Cre_Ai14-314785.03.01.02_584231995.swc,8969,interneuron,0.98105,6915,2053,0,0,0,0,0,0,0,0,0,0,0,0.823637,0.299534,0.3,0.3,0.3,0.971335,0.999757,0.246181,0.246181,0.246181,0.247854,0.247854,0.79134,0.3,0.296891,0.932333,0.971335,0.0754993,0,0,0,140,0.89175,0.3,0.3,0.142857,0.178571,160.5,15.1592,99.1858,20.1466,22.6953,872.111,925.662,90.3,18.1584,22.0716,412.375,391.533,0,0,0,0,0
allen__Pvalb-IRES-Cre_Ai14-305768.04.02.01_574992320.swc,15264,interneuron,0.995833,12964,2299,0,0,0,0,0,0,0,0,0,0,0,0.9881,0.0895114,0.3,0.999666,0.999666,0.999757,0.999757,0.0166405,0.0166405,0.0166405,0.0166405,0.0166405,0.992794,0.999757,0.00995063,0.961624,0.999666,0.0543715,0,0,0,604,0.998481,0.3,0.999757,0.00165563,0.00165563,57.7,27.44,102.086,1.77789,18.7809,536.57,522.6,44.8101,-4.66973,8.46287,259.103,314.371,0,0,0,0,0
allen__Sst-IRES-Cre_Ai14-306888.04.02.01_575642695.swc,10066,interneuron,0.988951,7748,2317,0,0,0,0,0,0,0,0,0,0,0,0.924171,0.217172,0.3,0.3,0.3,0.999666,0.999757,0.107987,0.107987,0.107987,0.107987,0.107987,0.901585,0.3,0.140294,0.999666,0.999666,0,0,0,0,224,0.962073,0.3,0.999666,0.0446429,0.0669643,114.2,28.28,142.792,26.241,32.2518,393.866,693.229,66.8668,6.28761,15.0269,348.077,275.697,0,0,0,0,0
allen__Vip-IRES-Cre_Ai14-299123.04.01.01_570896413.swc,4684,interneuron,0.996086,3032,1651,0,0,0,0,0,0,0,0,0,0,0,0.983119,0.0621099,0.3,0.969809,0.971335,0.971335,0.999666,0.00747225,0.00747225,0.00747225,0.0106746,0.0106746,0.984909,0.972519,0.0115435,0.979822,0.971335,0,0,0,0,148,0.981952,0.3,0.971335,0.00675676,0.0202703,74.9,12.04,78.12,5.50241,12.8022,306.192,532.976,60.2826,5.14587,10.9048,162.051,312.69,0,0,0,0,0
allen__Vipr2-IRES2-Cre_Slc32a1-T2A-FlpO_Ai65-315067.05.01.01_585805211.swc,11008,interneuron,0.994235,8891,2116,0,0,0,0,0,0,0,0,0,0,0,0.99974,3.60484e-05,0.999666,0.999666,0.999666,0.999757,0.999757,0,0,0,0,0,0.999757,0.999757,0,0.999666,0.999666,0,0,0,0,530,0.999749,0.999666,0.999748,0,0,46,28.6406,87.5876,12.3183,19.7057,355.196,229.021,75.756,3.49946,13.4531,201.206,257.839,0,0,0,0,0
hpf_ca1__201983_017_edited.swc,10101,pyramidal,0.997166,5895,1380,2825,0,0,0,0,0,0,0,0,0,0,0.53552,0.323538,0.3,0.3,0.3,0.3,0.3,0.6535,0.6535,0.6535,0.6535,0.6535,0.307421,0.3,0.989313,0.987703,0.987703,0,0.790445,0.3,0.272212,181,0.793293,0.3,0.3,0.276243,0.281768,86,8898.04,3383.94,-1850.35,1261.26,5880.62,3659.18,194.05,-14.8562,37.6238,227.11,303.93,502.76,-94.7361,89.8531,452.38,671.06
hpf_ca1__201990_006_edited.swc,66497,pyramidal,0.995467,62695,1699,2102,0,0,0,0,0,0,0,0,0,0,0.346674,0.172718,0.3,0.3,0.3,0.3,0.3,0.931937,0.931937,0.931937,0.931937,0.931937,0.308872,0.3,0.987224,0.987703,0.987703,0,0.955742,0.981148,0.0366318,840,0.448274,0.3,0.3,0.783333,0.784524,208.4,9608.41,5523.21,-2751.69,1297.69,6107.56,4557.96,260.44,35.4518,44.2323,165.63,278.02,530.34,-226.577,132.665,286.65,300.23
hpf_ca1__201990_018_edited.swc,8684,pyramidal,0.996914,6020,2663,0,0,0,0,0,0,0,0,0,0,0,0.420501,0.260014,0.3,0.3,0.3,0.3,0.3,0.82082,0.827729,0.827729,0.827729,0.827729,0.310612,0.3,0.984718,0.668698,0.3,0.473151,0,0,0,182,0.505061,0.3,0.3,0.697802,0.708791,95.6,9903.13,4027.93,-2464.01,1464.23,4121.58,3194.66,915.23,-188.407,268.434,365.86,577.48,0,0,0,0,0
hpf_ca1__201990_024_edited.swc,22256,pyramidal,0.993977,19398,2857,0,0,0,0,0,0,0,0,0,0,0,0.397333,0.211483,0.3,0.3,0.3,0.3,0.3,0.814702,0.863902,0.88803,0.906902,0.913417,0.368946,0.3,0.900711,0.589855,0.497586,0.80224,0,0,0,313,0.541875,0.3,0.3,0.722045,0.785942,165.6,9660.46,4098.47,-1581.06,1462.03,5880.89,3709.7,720.29,-137.291,192.417,293.58,362.38,0,0,0,0,0
hpf_ca1__201990_025_edited.swc,86114,pyramidal,0.997212,82234,3879,0,0,0,0,0,0,0,0,0,0,0,0.323296,0.10629,0.3,0.3,0.3,0.3,0.3,0.948858,0.973547,0.980445,0.980514,0.980514,0.311552,0.3,0.983365,0.572105,0.467069,0.918794,0,0,0,1361,0.370994,0.3,0.3,0.935342,0.936811,168,9440.77,5134.36,-2576.32,1330.93,6500.37,4411.37,764.17,-105.59,201.401,333.53,437.76,0,0,0,0,0
hpf_ca1__201990_031_edited.swc,55514,pyramidal,0.997112,52397,980,2136,0,0,0,0,0,0,0,0,0,0,0.359978,0.184224,0.3,0.3,0.3,0.3,0.3,0.89835,0.899377,0.913643,0.93263,0.932846,0.336379,0.3,0.947612,0.987703,0.987703,0,0.650584,0.3,0.5,894,0.41735,0.3,0.3,0.837808,0.861298,157.7,9252.15,5354.18,-1886.18,1371.61,5823.28,4288.96,250.56,-0.837398,53.7537,125.56,298.25,570.79,-135.294,113.545,238.44,533.3
hpf_ca1__201990_041_edited.swc,50121,pyramidal,0.996689,47556,2564,0,0,0,0,0,0,0,0,0,0,0,0.332984,0.147017,0.3,0.3,0.3,0.3,0.3,0.952076,0.952076,0.952076,0.952076,0.952076,0.302891,0.3,0.995836,0.890878,0.3,0.140796,0,0,0,2418,0.314992,0.3,0.3,0.977667,0.979322,49,9524.12,3152.08,-1446.18,569.96,1995.79,3534.09,396.96,-31.8117,65.2443,378.78,668.7,0,0,0,0,0
hpf_ca1__201990_069_edited.swc,27674,pyramidal,0.997101,25814,1859,0,0,0,0,0,0,0,0,0,0,0,0.488694,0.308489,0.3,0.3,0.3,0.3,0.3,0.727723,0.727723,0.727723,0.727723,0.727723,0.46081,0.3,0.76842,0.875614,0.3,0.162991,0,0,0,729,0.561609,0.3,0.3,0.620027,0.632373,89.4,9297.32,2836.69,590.869,748.95,2182.8,3067.5,428.38,44.4487,96.8677,399.16,604.05,0,0,0,0,0
hpf_ca1__202217_016_edited.swc,26143,pyramidal,0.979787,24036,2106,0,0,0,0,0,0,0,0,0,0,0,0.865356,0.269426,0.3,0.3,0.3,0.994317,0.994405,0.185059,0.185059,0.185059,0.185059,0.185059,0.873028,0.3,0.17453,0.777735,0.3,0.305318,0,0,0,1455,0.907055,0.3,0.3,0.123024,0.12646,40.6,8766.3,1080.45,-10.8893,196.639,675.91,1074.64,420.63,-8.37158,98.0794,281.94,552.31,0,0,0,0,0
hpf_ca1__202217_018_edited.swc,45687,pyramidal,0.997118,42952,1288,1446,0,0,0,0,0.000169083,0,0,0,0,0,0.368133,0.204418,0.3,0.3,0.3,0.3,0.3,0.899468,0.899578,0.901679,0.90227,0.903277,0.332431,0.3,0.953297,0.980228,0.987703,0.0108696,0.882976,0.697288,0.162517,509,0.489993,0.3,0.3,0.734774,0.736739,221.2,9069.12,4354,-1454.67,1624.09,7450.67,4602.96,199.46,39.6339,38.0177,256.26,245.07,292.14,-95.3368,64.9837,254.73,525
hpf_ca1__202217_021_edited.swc,22279,pyramidal,0.99676,20248,767,1263,0,0,0,0,0.00230166,0,0,0,0,0,0.397194,0.238939,0.3,0.3,0.3,0.3,0.3,0.857758,0.857758,0.857758,0.859644,0.862247,0.347464,0.3,0.931648,0.985969,0.987703,0,0.836408,0.3,0.194774,281,0.555472,0.3,0.3,0.622776,0.644128,173,9146.69,4302.32,-887.517,1609.72,6135.66,3090.09,199.97,3.33351,39.7748,188.46,213.67,460.68,-181.195,104.28,377.73,585.66
hpf_ca1__202217_023_edited.swc,16882,pyramidal,0.997621,13568,1151,2162,0,0,0,0,0,0,0,0,0,0,0.498281,0.311462,0.3,0.3,0.3,0.3,0.3,0.711586,0.711586,0.711586,0.711586,0.711586,0.38286,0.3,0.880675,0.960816,0.987703,0.0390964,0.97615,0.982145,0.00878816,312,0.662924,0.3,0.3,0.467949,0.477564,120.8,9098.52,1946.58,180.638,467.724,1995.57,3221.28,258.58,33.1233,46.926,245.78,288.11,388.9,-141.041,91.1182,256.17,565.09
hpf_ca1__202219_003_edited.swc,16614,pyramidal,0.99757,14114,904,1595,0,0,0,0,0,0,0,0,0,0,0.514219,0.319044,0.3,0.3,0.3,0.3,0.3,0.689238,0.689238,0.689238,0.689238,0.689238,0.433835,0.3,0.807142,0.979335,0.987703,0.0121681,0.961608,0.982145,0.030094,290,0.686332,0.3,0.3,0.437931,0.455172,140.7,8963.37,1617.47,13.5298,299.001,2184.1,2389.79,241.97,27.7633,43.6489,178.01,311.75,448.72,-135.921,91.2437,276.63,351.82
hpf_ca1__202219_004_edited.swc,25888,pyramidal,0.996075,24160,1727,0,0,0,0,0,0,0,0,0,0,0,0.397685,0.240522,0.3,0.3,0.3,0.3,0.3,0.857656,0.857656,0.860244,0.860244,0.860244,0.383007,0.3,0.880464,0.602679,0.3,0.577881,0,0,0,763,0.403429,0.3,0.3,0.849279,0.853211,85.8,8917.53,4168.4,-635.347,1432.91,5153.33,4111.86,548.17,-135.533,140.163,271.47,698.83,0,0,0,0,0
hpf_ca1__202219_006_edited.swc,63317,pyramidal,0.997544,58044,1911,3361,0,0,0,0,0.000252023,0,0,0,0,0,0.361974,0.192569,0.3,0.3,0.3,0.3,0.3,0.902491,0.90636,0.915394,0.915852,0.916563,0.315624,0.3,0.9775,0.907453,0.3,0.116693,0.852087,0.59678,0.297233,1128,0.467851,0.3,0.3,0.772163,0.776596,139.3,8898.9,5146.08,-1161.93,1414.03,7138.84,5167.39,166.57,-6.42447,34.1456,233.53,325.33,561.99,-142.056,122.434,284.73,608.93
hpf_ca1__202219_007_edited.swc,25135,pyramidal,0.988195,24193,941,0,0,0,0,0,0,0,0,0,0,0,0.560659,0.335987,0.3,0.3,0.3,0.3,0.3,0.624269,0.624269,0.624269,0.624269,0.624269,0.54403,0.3,0.648576,0.987703,0.987703,0,0,0,0,728,0.621042,0.3,0.3,0.537088,0.542582,96.3,8798.94,1809.89,-169.637,283.877,2035.35,1522.45,176.57,13.668,32.8289,143.85,282.2,0,0,0,0,0
hpf_ca1__202219_014_edited.swc,5330,pyramidal,0.98917,4778,551,0,0,0,0,0,0,0,0,0,0,0,0.640641,0.346448,0.3,0.3,0.3,0.3,0.3,0.508443,0.508443,0.508443,0.508443,0.508443,0.600543,0.3,0.567183,0.987703,0.987703,0,0,0,0,144,0.764005,0.3,0.3,0.340278,0.347222,100.9,9007.84,641.04,-118.575,133.359,914.54,1172.83,154.49,-0.359456,35.3743,213.97,176.01,0,0,0,0,0
hpf_ca1__202219_029_edited.swc,46427,pyramidal,0.997256,43356,1120,1950,0,0,0,0,0,0,0,0,0,0,0.350768,0.177404,0.3,0.3,0.3,0.3,0.3,0.922954,0.92317,0.929653,0.929653,0.929761,0.311548,0.3,0.98337,0.987703,0.987703,0,0.85661,0.3,0.269744,745,0.397737,0.3,0.3,0.863087,0.868456,161.6,8845.88,3522.15,-2304.56,695.73,5752.12,4906.36,206.02,11.0402,35.7081,209.47,248.01,425.86,-78.2725,78.2324,368.91,515.85
hpf_ca1__202219_032_edited.swc,30040,pyramidal,0.991608,28046,1993,0,0,0,0,0,0,0,0,0,0,0,0.573414,0.338847,0.3,0.3,0.3,0.3,0.3,0.605659,0.605659,0.605659,0.605659,0.605659,0.546852,0.3,0.644513,0.946986,0.987703,0.0592072,0,0,0,935,0.627857,0.3,0.3,0.524064,0.530481,74,8957.41,2484.46,-191.672,291.525,2432.74,1411.54,410.34,0.857421,83.4142,443.32,490.03,0,0,0,0,0
hpf_ca1__202219_041_edited.swc,33018,pyramidal,0.996024,32212,805,0,0,0,0,0,0,0,0,0,0,0,0.361569,0.197045,0.3,0.3,0.3,0.3,0.3,0.911049,0.911049,0.911049,0.911049,0.911049,0.347247,0.3,0.931889,0.933883,0.987703,0.0782609,0,0,0,1040,0.357466,0.3,0.3,0.919231,0.921154,78.1,8956.4,5374.16,-1509.76,1579.27,7142.3,5305.11,311.69,-119.97,76.4722,205.19,320.41,0,0,0,0,0
hpf_ca1__202225_004_edited.swc,44311,pyramidal,0.997377,39328,2292,2690,0,0,0,0,0.00431913,0,0,0,0,0,0.376056,0.214805,0.3,0.3,0.3,0.3,0.3,0.888583,0.888583,0.888583,0.888583,0.888583,0.305191,0.3,0.992524,0.973687,0.957428,0.0117801,0.902664,0.3,0.116357,605,0.562494,0.3,0.3,0.613223,0.618182,177.6,9697.16,4194.25,-2808.6,995.189,6042.83,4327.81,204.54,26.8684,37.3537,188.52,395.5,669.76,-365.269,189.741,406.76,544.3
hpf_ca1__202225_007_edited.swc,21347,pyramidal,0.85789,17270,1947,2129,0,0,0.099733,0.099733,0.0142801,0,-0.099733,0.099733,0.099733,0,0.723964,0.329108,0.3,0.3,0.3,0.3,0.987703,0.373027,0.374291,0.374291,0.374291,0.451867,0.713232,0.3,0.404864,0.875197,0.3,0.13662,0.672581,0.3,0.343823,719,0.784686,0.3,0.3,0.282337,0.30459,77,9290.59,523.44,-9.71728,82.8076,822.5,837.08,298.72,1.43648,54.5219,541.44,341.54,264.63,-50.6215,55.8903,654.8,275.43
hpf_ca1__202225_009_edited.swc,28519,pyramidal,0.992927,26767,1751,0,0,0,0,0,0,0,0,0,0,0,0.652154,0.346874,0.3,0.3,0.3,0.3,0.987703,0.492444,0.492444,0.492444,0.492444,0.492444,0.642805,0.3,0.506332,0.794864,0.3,0.280411,0,0,0,586,0.742833,0.3,0.3,0.361775,0.404437,116,9296.02,785.49,60.2136,102.467,1076.8,2339.56,521.48,73.5518,126.366,674.61,555.88,0,0,0,0,0
hpf_ca1__202225_054_edited.swc,19882,pyramidal,0.995681,15450,4431,0,0,0,0,0,0,0,0,0,0,0,0.644913,0.343484,0.3,0.3,0.3,0.3,0.75732,0.496278,0.496278,0.496278,0.505734,0.518308,0.637628,0.3,0.513786,0.670234,0.3,0.435342,0,0,0,582,0.810507,0.3,0.3,0.254296,0.273196,75,9662.4,1803.55,-211.427,409.557,1857.76,3118.49,626.98,-40.6495,158.362,977.97,1664.65,0,0,0,0,0
hpf_ca1__202226_006_edited.swc,70303,pyramidal,0.99745,46539,20629,3134,0,0,0,0,0,0,0,0,0,0,0.358168,0.190292,0.3,0.3,0.3,0.3,0.3,0.914314,0.914314,0.914314,0.915608,0.917514,0.315577,0.3,0.977567,0.361696,0.3,0.90746,0.967211,0.981148,0.0204212,771,0.489039,0.3,0.3,0.721141,0.728923,238,9712.41,4183.1,-2110.6,1260.15,6419.77,4224.87,2313.45,-587.349,537.29,2748.14,4807.84,540.97,-257.823,154.047,299.94,342.68
hpf_ca1__202226_007_edited.swc,30190,pyramidal,0.99125,25365,1046,3778,0,0,0,0,0,0,0,0,0,0,0.408864,0.24659,0.3,0.3,0.3,0.3,0.3,0.834713,0.834713,0.844087,0.84624,0.846737,0.310704,0.3,0.984585,0.987703,0.987703,0,0.907475,0.697116,0.134727,365,0.612761,0.3,0.3,0.550685,0.564384,158.6,9695.54,5411.78,-3116.1,1363.24,5600.06,4138.9,188.96,10.0383,36.5927,163.91,231.48,682.3,-253.47,190.897,303.47,380.04
hpf_ca1__202226_009_edited.swc,40911,pyramidal,0.995745,33275,6088,1547,0,0,0,0,0,0,0,0,0,0,0.350598,0.177731,0.3,0.3,0.3,0.3,0.3,0.924519,0.924519,0.924519,0.92843,0.930361,0.311227,0.3,0.983832,0.421573,0.3,0.811432,0.917698,0.981148,0.0943762,396,0.475919,0.3,0.3,0.737374,0.752525,276.5,9774.93,4291.32,-2416.78,1476.53,7782.4,4005.62,1444.18,-318.557,367.177,1157.12,2904.01,498.69,-249.335,142.437,284.39,271.09
hpf_ca1__202226_011_edited.swc,16855,pyramidal,0.988102,13137,2354,1363,0,0,0,0,0,0,0,0,0,0,0.438492,0.272254,0.3,0.3,0.3,0.3,0.3,0.791516,0.791516,0.799822,0.808662,0.808662,0.358303,0.3,0.916039,0.587207,0.3,0.590909,0.954118,0.982145,0.0410858,240,0.625084,0.3,0.3,0.520833,0.566667,142.7,9810.22,4127.24,-751.561,1262.04,5151.14,2324.31,271.93,52.2338,68.8986,1516.96,970.6,543.69,-296.625,149.508,203.93,384.36
hpf_ca1__202226_022_edited.swc,21190,pyramidal,0.895489,19716,1473,0,0,0,0,0,0,0,0,0,0,0,0.51824,0.321932,0.3,0.3,0.3,0.3,0.3,0.685134,0.685134,0.685134,0.685134,0.685134,0.489908,0.3,0.726517,0.89713,0.3,0.131704,0,0,0,380,0.554319,0.3,0.3,0.644737,0.663158,146,9485.56,1090.67,-147.676,152.234,1262.24,1920.13,243.69,-12.6911,50.7909,456.48,511.5,0,0,0,0,0
hpf_ca1__202232_007_edited.swc,67100,pyramidal,0.627748,62956,4143,0,0,0,0,0,0,0,0,0,0,0,0.613061,0.313249,0.3,0.3,0.3,0.3,0.3,0.500238,0.500238,0.500238,0.500238,0.500238,0.599351,0.3,0.523921,0.821307,0.3,0.140478,0,0,0,2240,0.630831,0.3,0.3,0.476786,0.489732,71,9410.83,1539.95,-346.002,224.26,1089.95,2155.52,513.14,17.6886,123.44,576.65,572.73,0,0,0,0,0
hpf_ca1__202232_073_edited.swc,92178,pyramidal,0.996972,87383,2088,2706,0,0,0,0,0,0,0,0,0,0,0.353621,0.184595,0.3,0.3,0.3,0.3,0.3,0.922183,0.922183,0.922183,0.922183,0.922183,0.325151,0.3,0.96378,0.986715,0.987703,0.00143678,0.784225,0.3,0.289727,770,0.456477,0.3,0.3,0.775325,0.783117,282,9427.24,8495.11,-2795.34,3173.73,4904.66,2824.43,240.49,38.1454,48.9852,223.22,256.58,458.31,-154.664,107.19,565.24,374.91
hpf_ca1__202233_006_edited.swc,91730,pyramidal,0.997424,86796,1873,3060,0,0,0,0,0,0,0,0,0,0,0.364031,0.200075,0.3,0.3,0.3,0.3,0.3,0.907086,0.907086,0.907086,0.907086,0.907086,0.33313,0.3,0.95229,0.967142,0.987703,0.0298986,0.871172,0.3,0.162092,952,0.44521,0.3,0.3,0.792017,0.802521,220,9433.22,8517.82,-1838.81,2886.9,4640.94,3036.58,393.15,21.7305,83.4514,222.84,402.81,503.42,-176.668,105.604,396.57,422.82
hpf_ca1__202233_017_edited.swc,55771,pyramidal,0.99736,50880,1703,3187,0,0,0,0,0,0,0,0,0,0,0.378308,0.218333,0.3,0.3,0.3,0.3,0.3,0.886016,0.886016,0.886016,0.886016,0.886016,0.323884,0.3,0.965605,0.987703,0.987703,0,0.921354,0.982145,0.089112,587,0.556428,0.3,0.3,0.62862,0.635434,254,9586.24,4822.59,-1370.35,1538.23,6933.19,4774.15,198.75,27.976,34.8333,256.57,257.4,556.29,-227.669,136.692,374.39,625.36
hpf_ca1__202234_014_edited.swc,13715,pyramidal,0.996849,10792,703,2219,0,0,0,0,0,0,0,0,0,0,0.481379,0.302447,0.3,0.3,0.3,0.3,0.3,0.735472,0.735472,0.735472,0.735472,0.735472,0.346585,0.3,0.932913,0.987703,0.987703,0,0.976301,0.982145,0.00856242,269,0.649706,0.3,0.3,0.490706,0.490706,115.2,9592.16,4242.25,-783.565,1003.6,4476.5,1812.61,190.42,46.8121,36.089,135.31,274.21,449.02,-216.074,140.787,355.88,351.67
hpf_ca1__202234_026_edited.swc,105116,pyramidal,0.997132,101176,1199,2740,0,0,0,0,0.000612698,0,0,0,0,0,0.329807,0.136198,0.3,0.3,0.3,0.3,0.3,0.951939,0.957561,0.957999,0.960092,0.961271,0.307886,0.3,0.988644,0.987703,0.987703,0,0.851132,0.579562,0.245985,736,0.447436,0.3,0.3,0.794837,0.809783,370,9806.9,5000.4,-2373.07,1365.47,8489.26,5897.53,147.53,13.4551,27.6442,168.52,333.34,763.61,-197.447,206.91,302.44,319.5
hpf_ca1__202234_029_edited.swc,15181,pyramidal,0.996473,12902,799,1479,0,0,0,0,0,0,0,0,0,0,0.458327,0.289523,0.3,0.3,0.3,0.3,0.3,0.769778,0.769778,0.769778,0.769778,0.769778,0.365985,0.3,0.904976,0.985982,0.987703,0.00250313,0.978452,0.982145,0.00540906,327,0.585454,0.3,0.3,0.590214,0.590214,109,9689.21,1149.41,-471.122,292.077,2438.55,1689.11,244.24,19.9561,47.6316,186.91,251.91,614.41,-224.713,171.91,310.59,289.16
hpf_ca1__202234_031_edited.swc,16311,pyramidal,0.972883,15004,1306,0,0,0,0,0,0,0,0,0,0,0,0.72707,0.337351,0.3,0.3,0.3,0.3,0.994405,0.384219,0.384219,0.384219,0.384219,0.384219,0.705099,0.3,0.416622,0.979278,0.987703,0.0122511,0,0,0,439,0.807971,0.3,0.3,0.268793,0.28246,90.4,9299.61,501.62,-54.6353,87.42,1093.28,1056.09,205.2,-18.8374,35.595,205.91,203.5,0,0,0,0,0
hpf_ca1__202235_014_edited.swc,27347,pyramidal,0.996046,24459,2887,0,0,0,0,0,0,0,0,0,0,0,0.374769,0.210254,0.3,0.3,0.3,0.3,0.3,0.886496,0.886496,0.886496,0.893663,0.907449,0.33722,0.3,0.9464,0.692669,0.3,0.379286,0,0,0,1163,0.348912,0.3,0.3,0.926053,0.933792,53.8,8629.59,3752.84,-2125.18,1039.23,4303.03,3393.86,1071.34,160.174,303.687,487.57,834.94,0,0,0,0,0
hpf_ca1__202237_028_edited.swc,29490,pyramidal,0.997409,27576,731,1182,0,0,0,0,0,0,0,0,0,0,0.364934,0.201122,0.3,0.3,0.3,0.3,0.3,0.905595,0.905595,0.905595,0.905595,0.905595,0.324955,0.3,0.964063,0.982059,0.987703,0.00820793,0.915459,0.96239,0.0972927,484,0.438166,0.3,0.3,0.799587,0.801653,152.7,8647.58,4043.88,-1996.81,1080.45,5511.81,3501.41,162.43,16.5811,27.7643,101.96,232.59,485.46,-214.962,141.06,213.63,523.61
hpf_ca1__202237_041_edited.swc,21926,pyramidal,0.991202,18677,3248,0,0,0,0,0,0,0,0,0,0,0,0.719615,0.338722,0.3,0.3,0.3,0.3,0.987703,0.394509,0.394509,0.394509,0.3946,0.3946,0.695889,0.3,0.429887,0.855959,0.3,0.191195,0,0,0,550,0.810433,0.3,0.3,0.267273,0.289091,98.2,8178.3,973.56,-111.542,152.213,1110.31,1082.72,612.15,-34.6767,118.727,629.8,579.5,0,0,0,0,0
hpf_ca1__202237_110_edited.swc,40061,pyramidal,0.995026,37767,789,1504,0,0,0,0,0,0,0,0,0,0,0.406023,0.24909,0.3,0.3,0.3,0.3,0.3,0.846609,0.846609,0.846609,0.846609,0.846609,0.376837,0.3,0.889348,0.987703,0.987703,0,0.833371,0.3,0.218085,640,0.49341,0.3,0.3,0.723437,0.732812,162,8764.69,3718.94,-1437.41,1256.28,6594.6,3926.12,158.76,8.1901,30.5703,123.18,225.64,477.21,-176.251,107.31,159.03,577.2
hpf_ca1__202237_143_edited.swc,46548,pyramidal,0.994461,43531,990,2026,0,0,0,0,0,0,0,0,0,0,0.395896,0.238722,0.3,0.3,0.3,0.3,0.3,0.861047,0.861047,0.861047,0.861047,0.861047,0.360314,0.3,0.913142,0.987703,0.987703,0,0.870917,0.3,0.162883,482,0.511133,0.3,0.3,0.70332,0.713693,250.3,8781.95,5129.22,-498.876,1414.93,7021.12,3481.22,150.4,18.3797,29.6974,155.15,304.12,392.75,-142.746,92.2927,231.2,502.48
hpf_ca1__202238_009_edited.swc,62989,pyramidal,0.997475,59846,1407,1735,0,0,0,0,0,0,0,0,0,0,0.354927,0.186722,0.3,0.3,0.3,0.3,0.3,0.920351,0.920351,0.920351,0.920351,0.920351,0.33047,0.3,0.956121,0.987703,0.987703,0,0.685014,0.3,0.433429,713,0.470895,0.3,0.3,0.750351,0.758766,234,9002.28,5219.2,-1653.16,1300.01,7946.72,3849.83,185.8,13.2359,38.3947,150.1,134.61,452.98,-152.699,137.585,227.96,769.39
hpf_ca1__202238_016_edited.swc,19790,pyramidal,0.997168,17459,820,1510,0,0,0,0,0,0,0,0,0,0,0.405336,0.247553,0.3,0.3,0.3,0.3,0.3,0.84669,0.84669,0.84669,0.84669,0.84669,0.333967,0.3,0.951085,0.987703,0.987703,0,0.913879,0.913475,0.1,193,0.620094,0.3,0.3,0.544041,0.544041,234,8737.18,4211.04,-2137.86,1140.23,5949.38,3945.53,187.07,10.1653,38.6239,176.62,143.12,355.07,-122.399,87.7061,254.35,533.81
hpf_ca1__202238_020_edited.swc,57572,pyramidal,0.99722,55075,762,1734,0,0,0,0,1.41791e-05,0,0,0,0,0,0.35783,0.190905,0.3,0.3,0.3,0.3,0.3,0.915931,0.915931,0.915931,0.915931,0.915931,0.33084,0.3,0.955588,0.987703,0.987703,0,0.937936,0.945595,0.0594002,725,0.495486,0.3,0.3,0.715862,0.722759,207.8,8577.8,4011.02,-1722.34,1131.4,5067.51,4005.04,156.59,10.94,30.7859,115.28,170.46,259.01,-98.5408,54.4471,246.82,632.6
hpf_ca1__202238_021_edited.swc,52353,pyramidal,0.997276,49167,1225,1960,0,0,0,0,0,0,0,0,0,0,0.366422,0.203204,0.3,0.3,0.3,0.3,0.3,0.903463,0.903463,0.903463,0.903463,0.903463,0.326679,0.3,0.96158,0.987703,0.987703,0,0.974749,0.982094,0.0107143,650,0.479253,0.3,0.3,0.741538,0.741538,222.1,8697.23,4846.7,-2088.24,1037.66,5707.2,3891.77,154.16,8.68914,28.6694,140.21,298.79,469.76,-217.29,133.519,366.6,687.94
hpf_ca1__202238_036_edited.swc,20839,pyramidal,0.993095,18588,1026,1224,0,0,0,0,0,0,0,0,0,0,0.38552,0.226964,0.3,0.3,0.3,0.3,0.3,0.875666,0.875666,0.875666,0.875666,0.875666,0.329849,0.3,0.957015,0.912632,0.3,0.109162,0.788617,0.3,0.283497,244,0.561752,0.3,0.3,0.618852,0.622951,196.6,8784.56,3516.47,-1731.08,1220.14,4397.97,4158.59,213.75,29.8813,40.844,388.78,308.47,298.24,-91.3769,66.0239,383.33,493.87
hpf_ca1__202238_041_edited.swc,55049,pyramidal,0.992412,51533,1464,2051,0,0,0,0,0,0,0,0,0,0,0.340506,0.161654,0.3,0.3,0.3,0.3,0.3,0.940907,0.940907,0.940907,0.940907,0.940907,0.311602,0.3,0.983292,0.982066,0.987703,0.00819672,0.60848,0.3,0.542175,690,0.400467,0.3,0.3,0.853623,0.855072,202.5,9029.48,4640.05,-2426.84,897.404,6384.66,4074.98,224.59,14.1209,43.8478,281.93,156.81,627.26,-214.188,169.867,385.72,780.53
hpf_ca1__202238_097_edited.swc,35113,pyramidal,0.997448,32675,1088,1349,0,0,0,0,0,0,0,0,0,0,0.397245,0.240143,0.3,0.3,0.3,0.3,0.3,0.859112,0.859112,0.859112,0.859112,0.859112,0.359016,0.3,0.915011,0.987703,0.987703,0,0.84654,0.3,0.198666,458,0.504662,0.3,0.3,0.709607,0.716157,201.6,8936.47,4018.43,-530.927,1195.15,5909.18,3220.07,174.39,11.8576,31.5512,184.75,248.18,390.95,-146.132,95.7753,288.35,475.5
hpf_ca1__202240_008_edited.swc,33251,pyramidal,0.990569,31091,868,1291,0,0,0,0,0,0,0,0,0,0,0.453614,0.2874,0.3,0.3,0.3,0.3,0.3,0.777781,0.777781,0.777781,0.777781,0.777781,0.417413,0.3,0.830916,0.987703,0.987703,0,0.965926,0.970007,0.0216886,1252,0.45141,0.3,0.3,0.781949,0.786741,73.9,7885.57,3637.71,-357.832,815.171,5173.98,3455.56,212.87,-1.30743,35.982,271.99,137.92,246.15,-52.2939,44.3831,183.54,575
hpf_ca1__202240_017_edited.swc,41036,pyramidal,0.996866,39633,1402,0,0,0,0,0,0,0,0,0,0,0,0.51335,0.31997,0.3,0.3,0.3,0.3,0.3,0.692221,0.692221,0.692221,0.692221,0.692221,0.4989,0.3,0.71332,0.921484,0.987703,0.096291,0,0,0,1734,0.531213,0.3,0.3,0.666667,0.670127,58,8030.12,6196.84,-604.634,1482.71,6914.06,5337.44,438.03,12.239,105.819,398.07,455.84,0,0,0,0,0
hpf_ca1__202240_018_edited.swc,41577,pyramidal,0.997299,39730,1846,0,0,0,0,0,0,0,0,0,0,0,0.529559,0.326225,0.3,0.3,0.3,0.3,0.3,0.668807,0.668807,0.668807,0.668807,0.668807,0.511878,0.3,0.694639,0.909843,0.3,0.113218,0,0,0,1891,0.505596,0.3,0.3,0.702274,0.708091,54,8087.62,5179.61,-951.796,1276.35,5863.1,5359.71,234.39,45.0501,46.1198,313.02,488.58,0,0,0,0,0
hpf_ca1__202240_024_edited.swc,17760,pyramidal,0.992873,16164,1595,0,0,0,0,0,0,0,0,0,0,0,0.831121,0.293889,0.3,0.3,0.3,0.987693,0.994405,0.234403,0.234403,0.234403,0.234403,0.234403,0.826302,0.3,0.242081,0.879844,0.3,0.15674,0,0,0,619,0.885051,0.3,0.3,0.150242,0.17609,70.2,8153.51,1091.65,139.507,180.459,1016,941.97,393.81,-7.23018,78.3438,240.62,459.72,0,0,0,0,0
hpf_ca1__202242_001_edited.swc,29971,pyramidal,0.996663,26204,1291,2475,0,0,0,0,0,0,0,0,0,0,0.430942,0.269959,0.3,0.3,0.3,0.3,0.3,0.809516,0.809516,0.809516,0.809516,0.809516,0.361559,0.3,0.911349,0.979713,0.987703,0.0116189,0.879047,0.3,0.147879,393,0.578193,0.3,0.3,0.603053,0.618321,197.4,7963.75,4420.59,-218.735,918.162,3264.82,2633.38,188.2,-20.405,36.9494,191.02,207.91,332.29,-50.4492,52.7473,403.83,515.47
hpf_ca1__202242_003_edited.swc,21027,pyramidal,0.997628,18405,1019,1602,0,0,0,0,0,0,0,0,0,0,0.468261,0.296096,0.3,0.3,0.3,0.3,0.3,0.755885,0.755885,0.755885,0.755885,0.755885,0.395115,0.3,0.863026,0.987703,0.987703,0,0.977883,0.982145,0.0062422,387,0.622224,0.3,0.3,0.534884,0.542636,130.6,8082.16,4901.58,-333.333,1252.85,5880.64,3462.69,164.03,8.76718,32.3351,141.7,141,293.43,-13.5029,44.1399,250.13,532.01
hpf_ca1__202242_010_edited.swc,9044,pyramidal,0.818743,0,1170,7873,0,0,0.870522,0.870522,0.0920281,0,-0.870522,0.870522,0.870522,0,0.68431,0.216828,0.3,0.3,0.3,0.68967,0.75462,0.216608,0.225785,0.257187,0.831933,0.876603,0,0,0,0.950561,0.946758,0.0470085,0.644702,0.3,0.288454,246,0.742226,0.3,0.557906,0.276423,0.780488,102,7891.14,0,0,0,0,0,217.85,-0.291538,41.6877,400.8,137.03,510.01,7.89213,88.6806,711.15,334.12
hpf_ca1__202243_009_edited.swc,17660,pyramidal,0.996091,13999,6,3654,0,0,0,0,0.00449779,0,0,0,0,0,0.475233,0.283344,0.3,0.3,0.3,0.3,0.3,0.709456,0.726331,0.735051,0.791959,0.794224,0.373662,0.3,0.893921,0.987015,0.987015,0,0.863384,0.603972,0.127805,318,0.622177,0.3,0.3,0.515723,0.625786,146.1,7936.63,3605.56,212.234,905.135,2701.59,2581.09,8.81,5.895,3.06188,5.75,2.76,425.1,-74.8731,88.7535,291.29,619.05
hpf_ca1__202243_010_edited.swc,20445,pyramidal,0.997113,16201,1117,3126,0,0,0,0,0.00164561,0,0,0,0,0,0.497701,0.300265,0.3,0.3,0.3,0.3,0.3,0.692247,0.692247,0.692639,0.74605,0.755637,0.403383,0.3,0.85112,0.775339,0.766537,0.0196956,0.887152,0.3,0.111964,364,0.669629,0.3,0.3,0.42033,0.549451,128.7,7860.73,4315.32,-442.717,965.29,5643.72,2992.61,204.67,-35.8108,36.422,161.67,220.38,419.22,-21.3777,81.8596,378.68,523.89
hpf_ca1__202243_013_edited.swc,37867,pyramidal,0.991315,34882,2984,0,0,0,0,0,0.000405275,0,0,0,0,0,0.375935,0.216271,0.3,0.3,0.3,0.3,0.3,0.890247,0.890247,0.890247,0.890247,0.890247,0.356895,0.3,0.918067,0.598296,0.3,0.565349,0,0,0,2057,0.359835,0.3,0.3,0.91298,0.914925,49.4,8044.81,4279.29,549.998,1049.42,4947.52,3270.47,375.81,-62.3377,64.1948,512.42,859.16,0,0,0,0,0
hpf_ca1__202244_001_edited.swc,16261,pyramidal,0.997596,12134,2059,2067,0,0,0,0,0.00413009,0,0,0,0,0,0.465957,0.28181,0.3,0.3,0.3,0.3,0.3,0.73704,0.73704,0.73704,0.785684,0.808806,0.362468,0.3,0.90984,0.590801,0.3,0.454104,0.948858,0.814829,0.00483793,276,0.636024,0.3,0.3,0.481884,0.561594,172.5,8292.86,2159.65,240.547,419.283,2222.07,1732.43,779.07,-97.1539,195.112,706.57,622.26,343.05,-24.8369,46.1488,272.14,491.93
hpf_ca1__202244_006_edited.swc,26558,pyramidal,0.997633,23663,938,1956,0,0,0,0,0,0,0,0,0,0,0.436966,0.274471,0.3,0.3,0.3,0.3,0.3,0.800587,0.800587,0.800587,0.800587,0.800587,0.371231,0.3,0.896801,0.980372,0.987703,0.010661,0.97133,0.982145,0.0158487,445,0.592677,0.3,0.3,0.577528,0.582022,140.2,8313.33,3800.74,180.629,618.949,4634.18,2111.01,148.53,21.0844,29.7391,126.21,226.13,372.9,-24.617,60.617,300.35,541.68
hpf_ca1__202244_018_edited.swc,2053,pyramidal,0.936733,1364,688,0,0,0,0,0,0,0,0,0,0,0,0.678309,0.343603,0.3,0.3,0.3,0.3,0.987703,0.452021,0.452021,0.452021,0.452021,0.452021,0.530082,0.3,0.668622,0.97171,0.987703,0.0232558,0,0,0,37,0.896053,0.3,0.497847,0.135135,0.135135,76.6,8222.66,959.79,243.077,269.801,883.64,375.75,95.88,24.4287,19.3421,129.87,265.95,0,0,0,0,0
hpf_ca1__202244_019_edited.swc,2467,pyramidal,0.963022,1601,865,0,0,0,0,0,0.0136896,0,0,0,0,0,0.716066,0.330071,0.3,0.3,0.3,0.3,0.987703,0.382651,0.382651,0.382651,0.382651,0.441021,0.624431,0.3,0.532792,0.885341,0.3,0.105202,0,0,0,40,0.87003,0.3,0.477665,0.15,0.225,109.3,8163.86,1103.12,327.495,344.935,834.89,412.79,130.98,13.3835,30.4587,160.2,291,0,0,0,0,0
hpf_ca1__202246_001_edited.swc,32941,pyramidal,0.997045,22162,8583,2195,0,0,0,0,0.00187534,0,0,0,0,0,0.540144,0.32363,0.3,0.3,0.3,0.3,0.3,0.644728,0.644728,0.644728,0.644728,0.644728,0.413855,0.3,0.835755,0.756993,0.3,0.311663,0.967086,0.981639,0.0186788,599,0.71817,0.3,0.3,0.378965,0.387312,128,8122.44,4315.74,-122.849,1055.78,5843.6,3141.27,847,47.1045,183.448,1392.03,727.83,284.33,-58.9754,50.844,294.46,446.3
hpf_ca1__202246_004_edited.swc,15012,pyramidal,0.993557,12729,2282,0,0,0,0,0,0,0,0,0,0,0,0.780757,0.319407,0.3,0.3,0.3,0.3,0.994405,0.306222,0.306222,0.306222,0.306222,0.306222,0.745098,0.3,0.359023,0.979567,0.987703,0.0118317,0,0,0,579,0.892437,0.3,0.3,0.145078,0.15544,60,7995.79,1117.36,63.267,195.215,963.47,1236.31,266.94,-15.3184,49.7366,224.24,295.47,0,0,0,0,0
hpf_ca1__202246_025_edited.swc,31673,pyramidal,0.996922,28152,1261,2259,0,0,0,0,0,0,0,0,0,0,0.452574,0.286196,0.3,0.3,0.3,0.3,0.3,0.778676,0.778676,0.778676,0.778676,0.778676,0.388256,0.3,0.872904,0.987703,0.987703,0,0.955163,0.981639,0.039398,433,0.606561,0.3,0.3,0.554273,0.568129,166.2,8341.52,3831.82,-140.369,918.784,5614.91,3124.6,212.64,25.8672,41.8833,159.08,158.43,409.64,-38.3973,62.9092,301.2,568.93
hpf_ca1__202246_030_edited.swc,42435,pyramidal,0.997421,39784,867,1783,0,0,0,0,0,0,0,0,0,0,0.377476,0.217615,0.3,0.3,0.3,0.3,0.3,0.887499,0.887499,0.887499,0.887499,0.887499,0.337667,0.3,0.945757,0.978185,0.987703,0.0138408,0.973301,0.981687,0.0128996,504,0.518942,0.3,0.3,0.68254,0.688492,208.4,8611.05,4732.51,-993.82,1585.14,6931.49,5257.31,147.67,-7.36062,30.2629,70.67,229.81,262.88,-105.282,56.2704,245.16,436.31
hpf_ca1__202248_010_edited.swc,88120,pyramidal,0.996909,84098,4021,0,0,0,0,0,0,0,0,0,0,0,0.529689,0.324388,0.3,0.3,0.3,0.3,0.3,0.662982,0.663028,0.674989,0.674989,0.674989,0.525328,0.3,0.67551,0.620777,0.3,0.664263,0,0,0,2540,0.595626,0.3,0.3,0.577559,0.582283,80,7631.82,7159.35,-1076.57,1887.54,4120.65,1711.16,582.56,-22.5912,125.373,761.2,269.47,0,0,0,0,0
hpf_ca1__202248_011_edited.swc,82341,pyramidal,0.996971,79759,2581,0,0,0,0,0,0,0,0,0,0,0,0.431787,0.272042,0.3,0.3,0.3,0.3,0.3,0.809925,0.809925,0.809925,0.809925,0.809925,0.414653,0.3,0.83489,0.961058,0.987703,0.0387447,0,0,0,2456,0.462802,0.3,0.3,0.763029,0.765472,73,7708.54,4475.68,-127.503,975.862,5294.67,5549.19,394.98,48.5523,90.6934,806.19,285.69,0,0,0,0,0
hpf_ca1__202248_018_edited.swc,14799,pyramidal,0.99685,10977,2011,1810,0,0,0,0,0,0,0,0,0,0,0.451681,0.279192,0.3,0.3,0.3,0.3,0.3,0.762754,0.782418,0.788905,0.788905,0.788905,0.30892,0.3,0.987155,0.753224,0.3,0.417205,0.982145,0.982145,0,277,0.62175,0.3,0.3,0.552347,0.552347,141.6,8551.41,1578.47,563.222,403.625,1942.29,2298.48,510.47,64.8365,111.73,267.66,579.84,396.07,-160.536,93.2027,253.36,468.25
hpf_ca1__202248_022_edited.swc,13308,pyramidal,0.996726,10460,1173,1674,0,0,0,0,0,0,0,0,0,0,0.493407,0.3089,0.3,0.3,0.3,0.3,0.3,0.718365,0.718365,0.718365,0.718365,0.718365,0.360257,0.3,0.913193,0.985944,0.987703,0.00255754,0.979963,0.981639,0.00298686,355,0.568303,0.3,0.3,0.608451,0.611268,74,8018.48,2922.85,-70.5581,490.948,2920.29,1126.32,141.82,21.4672,32.9569,187.49,162.64,246.87,-71.9944,52.6344,277.75,471.4
hpf_ca1__202249_008_edited.swc,24715,pyramidal,0.99654,21894,1016,1804,0,0,0,0,0,0,0,0,0,0,0.430754,0.270013,0.3,0.3,0.3,0.3,0.3,0.810034,0.810034,0.810034,0.810034,0.810034,0.360167,0.3,0.913355,0.987703,0.987703,0,0.973437,0.982145,0.0127494,296,0.636468,0.3,0.3,0.52027,0.523649,186.5,8985.5,4611.12,-167.255,1147.3,5489.75,3170.76,180.19,40.6429,39.1753,164.11,197.1,397.14,-119.749,92.8481,232.57,360.3
hpf_ca1__202249_011_edited.swc,17644,pyramidal,0.997483,14649,1061,1933,0,0,0,0,0,0,0,0,0,0,0.483459,0.304249,0.3,0.3,0.3,0.3,0.3,0.733337,0.733337,0.733337,0.733337,0.733337,0.383666,0.3,0.879514,0.985759,0.987703,0.00282752,0.963756,0.981932,0.0269012,428,0.566332,0.3,0.3,0.614486,0.614486,89.3,8802.14,3519.99,-106.241,550.824,4087.29,2073.47,207.25,29.5873,42.7237,197.28,236.18,399.52,-90.0799,64.3992,373.66,616.13
hpf_ca1__202249_013_edited.swc,61684,pyramidal,0.993652,59537,2146,0,0,0,0,0,0,0,0,0,0,0,0.347739,0.175298,0.3,0.3,0.3,0.3,0.3,0.930955,0.930955,0.930955,0.930955,0.930955,0.327502,0.3,0.960394,0.908871,0.3,0.114632,0,0,0,2304,0.341702,0.3,0.3,0.938368,0.940972,69,8499.16,2290.08,-252.974,397.602,2331.1,2382.34,539.89,12.6755,124.765,433.36,385.9,0,0,0,0,0
hpf_ca1__202249_015_edited.swc,33834,pyramidal,0.994387,31929,1904,0,0,0,0,0,0,0,0,0,0,0,0.676628,0.345601,0.3,0.3,0.3,0.3,0.987703,0.457114,0.457114,0.457114,0.457114,0.457114,0.660523,0.3,0.480817,0.946528,0.987703,0.0598739,0,0,0,875,0.758085,0.3,0.3,0.338286,0.353143,97,8388.06,1897.77,-50.9731,255.526,1614.58,1112.9,391.99,17.4279,79.8598,229.93,451.7,0,0,0,0,0
hpf_ca1__202249_020_edited.swc,13358,pyramidal,0.977104,12427,930,0,0,0,0,0,0,0,0,0,0,0,0.349405,0.177446,0.3,0.3,0.3,0.3,0.3,0.927908,0.927908,0.928507,0.928507,0.928507,0.303576,0.3,0.99485,0.961086,0.987703,0.0430108,0,0,0,657,0.330479,0.3,0.3,0.95586,0.95586,48.4,8329.01,1251.08,4.56915,185.871,1322.72,1108.96,251.6,30.9502,44.768,343.91,216.31,0,0,0,0,0
hpf_ca1__202250_003_edited.swc,11898,pyramidal,0.994741,9645,873,1379,0,0,0,0,0.000758477,0,0,0,0,0,0.457046,0.288284,0.3,0.3,0.3,0.3,0.3,0.771138,0.771138,0.771138,0.771138,0.771138,0.337294,0.3,0.946293,0.987516,0.987703,0,0.958401,0.982145,0.0348078,219,0.640376,0.3,0.3,0.506849,0.511416,119.8,8255.23,2741.05,-725.794,987.155,4367.29,2364.45,131.41,19.0852,24.4039,100.38,111.07,344.26,-28.4046,51.1549,235.32,554.77
hpf_ca1__202250_007_edited.swc,16084,pyramidal,0.997215,11878,1815,2390,0,0,0,0,0.000519965,0,0,0,0,0,0.508352,0.31531,0.3,0.3,0.3,0.3,0.3,0.695971,0.696095,0.696095,0.696095,0.698023,0.352966,0.3,0.923725,0.90147,0.3,0.122865,0.981854,0.982145,0.00041841,308,0.658788,0.3,0.3,0.477273,0.483766,125.6,8346.24,2342.65,163.539,378.106,3624.47,1314.82,320.74,15.8048,62.4343,300.6,310.32,379.98,-68.2342,73.5274,361.74,482.81
hpf_ca1__202252_003_edited.swc,24673,pyramidal,0.997588,21330,1201,2141,0,0,0,0,0.00298269,0,0,0,0,0,0.433006,0.271317,0.3,0.3,0.3,0.3,0.3,0.806225,0.806225,0.806225,0.806225,0.806225,0.348214,0.3,0.930567,0.98396,0.966907,0,0.968427,0.982145,0.0200841,501,0.53777,0.3,0.3,0.656687,0.660679,139,3092.65,2656.09,-195.511,419.371,3763.79,1853.36,169.49,-33.0041,34.5565,158.55,139.99,347.52,47.4956,56.7107,240.5,469.28
hpf_ca1__202252_006_edited.swc,31045,pyramidal,0.997093,27386,1159,2499,0,0,0,0,0,0,0,0,0,0,0.447437,0.282536,0.3,0.3,0.3,0.3,0.3,0.785956,0.785956,0.785956,0.785956,0.785956,0.378731,0.3,0.886621,0.987702,0.987703,0,0.949588,0.981639,0.047619,564,0.526601,0.3,0.3,0.673759,0.675532,132.1,3052.21,3997.7,8.01767,693.573,5709.13,2781.67,221.28,-54.3653,45.7786,197.75,234.86,361.64,29.6535,60.9705,349.81,526.56
hpf_ca1__202252_007_edited.swc,24544,pyramidal,0.99665,20986,791,2766,0,0,0,0,0.00269406,0,0,0,0,0,0.435401,0.271293,0.3,0.3,0.3,0.3,0.3,0.79991,0.79991,0.79991,0.803251,0.811726,0.349002,0.3,0.929381,0.987703,0.987703,0,0.932774,0.822195,0.0466377,480,0.550211,0.3,0.3,0.63125,0.6375,130.1,3127.98,3374.37,-154.773,539.728,3591.01,2269.55,121.89,-25.9111,26.9449,103.53,127.27,392.41,5.58544,62.596,317.39,615.63
hpf_ca1__202252_010_edited.swc,11173,pyramidal,0.997484,8576,1050,1546,0,0,0,0,0,0,0,0,0,0,0.542395,0.328632,0.3,0.3,0.3,0.3,0.3,0.647633,0.647633,0.647633,0.647633,0.647633,0.411335,0.3,0.839669,0.987703,0.987703,0,0.966678,0.982145,0.0226391,229,0.787715,0.3,0.3,0.28821,0.296943,102.6,3202.27,2969.14,-485.084,755.718,3623.65,2311.33,122.11,-9.87375,23.8903,144.97,140.46,288.16,74.3351,64.3138,270.62,371.63
hpf_ca1__202258_019_edited.swc,53511,pyramidal,0.997132,50165,1526,1819,0,0,0.0365532,0.0365532,0.00256112,0,-0.0314328,0.0314328,0.033993,0.00256022,0.384618,0.225953,0.3,0.3,0.3,0.3,0.3,0.876979,0.876979,0.876979,0.876979,0.876979,0.349355,0.3,0.928795,0.894835,0.3,0.127785,0.928746,0.962866,0.0769654,874,0.507841,0.3,0.3,0.699085,0.70595,156,9167.16,5103.68,-2295.84,1415.72,5668.04,4175.85,509.76,-66.6881,131.806,440.14,367.84,643.61,-208.189,180.011,265.46,575.54
hpf_ca1__202258_024_edited.swc,45054,pyramidal,0.997265,43034,726,1293,0,0,0,0,0,0,0,0,0,0,0.358662,0.192119,0.3,0.3,0.3,0.3,0.3,0.914702,0.914702,0.914702,0.914702,0.914702,0.330557,0.3,0.955965,0.987703,0.987703,0,0.940341,0.945595,0.0556845,544,0.480448,0.3,0.3,0.737132,0.742647,194.7,8868.58,3824.35,-2102.75,1014.01,7495.66,4846.73,162,13.6743,32.1347,96.48,216.17,450.58,-123.347,87.6726,172.15,621.78
hpf_ca1__202258_025_edited.swc,8169,pyramidal,0.947831,5952,2216,0,0,0,0,0,0,0,0,0,0,0,0.908803,0.225838,0.3,0.3,0.3,0.987703,0.994405,0.120945,0.120945,0.120945,0.120945,0.120945,0.908529,0.3,0.123656,0.909499,0.3,0.113718,0,0,0,366,0.970649,0.3,0.987703,0.0300546,0.0409836,57,8972.44,768.1,90.5277,118.842,691.48,633.5,437.46,49.8558,96.9082,564.33,487.66,0,0,0,0,0
hpf_ca1__202258_039_edited.swc,9388,pyramidal,0.958896,7285,2102,0,0,0,0,0,0,0,0,0,0,0,0.96002,0.146919,0.3,0.98396,0.985272,0.994227,0.994405,0.0471879,0.0471879,0.0471879,0.0471879,0.0471879,0.974933,0.994405,0.0280027,0.908317,0.3,0.113701,0,0,0,573,0.977352,0.3,0.987703,0.0244328,0.0244328,37,8959.1,516.14,224.52,138.586,506.47,548.66,417,-112.8,90.866,341,403.41,0,0,0,0,0
hpf_ca1__202258_044_edited.swc,46542,pyramidal,0.997218,43108,692,2741,0,0,0,0,0.00319244,0,0,0,0,0,0.370242,0.205318,0.3,0.3,0.3,0.3,0.3,0.894439,0.894439,0.894439,0.8985,0.906515,0.331041,0.3,0.955298,0.987703,0.987703,0,0.83065,0.3,0.163444,528,0.538172,0.3,0.3,0.645833,0.655303,240,9502.14,4553.07,-1517.66,1410.01,6545.26,4146.99,144.26,59.5821,33.5303,107.11,150.93,773.87,-253.142,235.299,161.19,501.62
hpf_ca1__202258_045_edited.swc,93614,pyramidal,0.997491,88781,1844,2988,0,0,0,0,0,0,0,0,0,0,0.358675,0.192232,0.3,0.3,0.3,0.3,0.3,0.914767,0.914767,0.914767,0.914767,0.914767,0.326789,0.3,0.961422,0.980617,0.987703,0.0103037,0.922061,0.945595,0.0870147,1252,0.446705,0.3,0.3,0.78754,0.791534,198,9498.55,5271.88,-2540.18,1403.46,6272.02,4091.42,286.42,32.1284,48.4673,194.06,299.33,680.57,-333.576,199.187,315.07,672.2
hpf_ca1__202258_049_edited.swc,33593,pyramidal,0.995734,31442,610,1540,0,0,0,0,0.00160686,0,0,0,0,0,0.347461,0.172497,0.3,0.3,0.3,0.3,0.3,0.929241,0.929241,0.929241,0.931057,0.935254,0.308437,0.3,0.987851,0.987703,0.987703,0,0.890195,0.3,0.101299,459,0.430003,0.3,0.3,0.8061,0.814815,182.2,8713.8,4733.66,-2256.5,991.103,5200.58,4054.29,226.46,1.98138,39.3396,148.84,245.94,287.8,-106.368,54.4401,340.13,452.38
hpf_ca1__202259_054_edited.swc,26126,pyramidal,0.99706,24681,567,877,0,0,0,0,0,0,0,0,0,0,0.362817,0.19816,0.3,0.3,0.3,0.3,0.3,0.908673,0.908673,0.908673,0.908673,0.908673,0.32957,0.3,0.957417,0.987703,0.987703,0,0.893739,0.3,0.125428,337,0.498826,0.3,0.3,0.715134,0.718101,173.2,8819.57,4022.31,-2194.22,1222.67,5269.17,3746.48,158.44,21.0071,30.5812,59.48,145.24,454.51,-196.951,120.239,224.42,338.66
hpf_ca1__202259_130_edited.swc,82953,pyramidal,0.997488,79340,957,2655,0,0,0,0,0.000121184,0,0,0,0,0,0.339512,0.15913,0.3,0.3,0.3,0.3,0.3,0.941678,0.941678,0.941678,0.943438,0.943944,0.311684,0.3,0.983174,0.986985,0.987703,0.00104493,0.937455,0.802552,0.0410546,1225,0.405556,0.3,0.3,0.844082,0.849796,181.6,9047.93,5515.07,-2005.2,1210.28,6219.81,4182.49,224.35,33.9973,50.4887,94.1,212.95,583.45,-252.732,161.896,195.15,641.54
hpf_ca1__202260_002_edited.swc,45091,pyramidal,0.99749,42268,1075,1747,0,0,0,0,0,0,0,0,0,0,0.364454,0.200673,0.3,0.3,0.3,0.3,0.3,0.906478,0.906478,0.906478,0.906478,0.906478,0.332036,0.3,0.953866,0.969151,0.987703,0.0269767,0.776352,0.3,0.30166,625,0.454507,0.3,0.3,0.7744,0.7824,200.2,9615.37,4107.77,-2234.35,1535.11,6967.66,3935,199.85,37.8689,38.7254,214.46,269.22,598.94,-254.366,141.894,178.12,333.26
hpf_ca1__202261_008_edited.swc,64695,pyramidal,0.99376,61431,1253,2010,0,0,0,0,0,0,0,0,0,0,0.353353,0.184433,0.3,0.3,0.3,0.3,0.3,0.922776,0.922776,0.922776,0.922776,0.922776,0.334036,0.3,0.950986,0.987703,0.987703,0,0.547959,0.3,0.636318,1119,0.423368,0.3,0.3,0.82395,0.824844,162.4,8943.3,4758.08,-1985.29,1205.6,5870.01,4598.66,233.3,15.9194,42.2103,260.88,231.26,454.87,-227.518,132.615,290.41,856.46
hpf_ca1__202261_016_edited.swc,38091,pyramidal,0.99758,32779,3443,1868,0,0,0,0,0.000984204,0,0,0,0,0,0.365315,0.196177,0.3,0.3,0.3,0.3,0.3,0.898506,0.898506,0.901972,0.907616,0.920716,0.3093,0.3,0.986607,0.642035,0.3,0.46384,0.837862,0.3,0.224839,574,0.511493,0.3,0.3,0.682927,0.688153,184.8,8710.15,3889.67,-2071.8,891.501,7441.33,4274.06,1370.66,-100.056,268.787,846.68,726.06,457.49,-172.214,101.314,248.5,720.51
hpf_ca1__202261_029_edited.swc,6616,pyramidal,0.996144,3804,1924,887,0,0,0,0,0,0,0,0,0,0,0.586142,0.318833,0.3,0.3,0.3,0.3,0.3,0.536427,0.553053,0.560913,0.638452,0.645859,0.529825,0.3,0.669033,0.613036,0.3,0.452183,0.768861,0.3,0.333709,167,0.706348,0.3,0.3,0.401198,0.473054,114.6,8894.33,1316.42,208.901,297.431,774.86,1732.3,646.72,141.273,130.835,412.8,392.65,483.36,-177.081,101.43,186.22,265.38
hpf_ca1__202261_030_edited.swc,24177,pyramidal,0.996957,22658,845,673,0,0,0,0,0.000128054,0,0,0,0,0,0.353189,0.183253,0.3,0.3,0.3,0.3,0.3,0.92224,0.92224,0.92224,0.922736,0.922736,0.311584,0.3,0.983317,0.987703,0.987703,0,0.956263,0.945595,0.02526,296,0.431074,0.3,0.3,0.807432,0.810811,231,8814.51,4684.17,-2275.71,1178.72,5664.41,3961.87,294.28,19.6257,51.7475,149.16,280.9,449.78,-199.288,137.074,128.47,262.63
hpf_ca1__202261_101_edited.swc,41256,pyramidal,0.99554,39181,2074,0,0,0,0,0,0,0,0,0,0,0,0.408401,0.251678,0.3,0.3,0.3,0.3,0.3,0.843514,0.843514,0.843514,0.843514,0.843514,0.385602,0.3,0.876726,0.838822,0.3,0.21649,0,0,0,878,0.435798,0.3,0.3,0.805239,0.812073,120.3,8909.2,2339.1,682.827,641.213,1803.06,3219.61,467.81,17.2704,85.8296,508.79,553.89,0,0,0,0,0
hpf_ca1__202261_102_edited.swc,77364,pyramidal,0.997556,73054,1819,2490,0,0,0,0,0,0,0,0,0,0,0.357683,0.190979,0.3,0.3,0.3,0.3,0.3,0.916395,0.916395,0.916395,0.916395,0.916395,0.331662,0.3,0.954404,0.987703,0.987703,0,0.660595,0.3,0.471084,1168,0.461189,0.3,0.3,0.767123,0.769692,181.3,9312.47,5802.87,-2246.36,1490.2,6684.28,4426.99,210.1,20.801,38.1096,180.65,246.15,710.37,-281.302,200.393,256.72,665.45
hpf_ca1__202264_036_edited.swc,45110,pyramidal,0.997124,41491,1220,2398,0,0,0,0,0,0,0,0,0,0,0.355992,0.187707,0.3,0.3,0.3,0.3,0.3,0.918289,0.918289,0.918289,0.918289,0.918289,0.306326,0.3,0.99089,0.987703,0.987703,0,0.893662,0.3,0.129691,544,0.477104,0.3,0.3,0.740809,0.740809,220.2,9673.58,4768.29,-3239.35,735.908,6523.2,4449.99,241.91,25.428,46.6717,128.03,273.8,538.64,-287.684,160.091,216.16,397.59
hpf_ca1__202266_003_edited.swc,69774,pyramidal,0.99708,65436,1747,2590,0,0,0,0,0,0,0,0,0,0,0.366378,0.203366,0.3,0.3,0.3,0.3,0.3,0.903718,0.903718,0.903718,0.903718,0.903718,0.334181,0.3,0.950776,0.956605,0.987703,0.0452204,0.781452,0.3,0.294208,775,0.417486,0.3,0.3,0.830968,0.850323,195,9543.24,4776.59,-574.319,1217.59,4589.44,2837.79,197.57,61.0449,43.991,256.36,238.05,525.43,-260.235,113.182,488.19,323.72
hpf_ca1__202268_110_edited.swc,18019,pyramidal,0.995236,15334,1080,1604,0,0,0,0,0.000926835,0,0,0,0,0,0.432778,0.271213,0.3,0.3,0.3,0.3,0.3,0.806649,0.806649,0.806649,0.806649,0.806649,0.338855,0.3,0.944046,0.987424,0.987703,0,0.956868,0.981639,0.036783,253,0.623897,0.3,0.3,0.529644,0.537549,177.6,9047.73,3519.97,-2230.29,1175.14,6242.12,4361.71,226.17,10.0072,38.7063,173.04,322.8,341.42,-117.388,66.4145,374.18,425.9
hpf_ca1__202269_001_edited.swc,104901,pyramidal,0.992392,100283,1988,2629,0,0,0,0,0,0,0,0,0,0,0.347723,0.174956,0.3,0.3,0.3,0.3,0.3,0.930744,0.930744,0.930744,0.930744,0.930744,0.322283,0.3,0.967911,0.984244,0.987703,0.00503018,0.836561,0.3,0.213389,929,0.429466,0.3,0.3,0.815931,0.825619,253.2,9563.99,8567.11,-2000.36,2775.4,5204.49,3417.69,212.59,50.7196,38.5911,241.3,302.1,431.37,-206.318,103.674,413.86,405.54
hpf_ca1__202269_002_edited.swc,98828,pyramidal,0.989956,93949,4151,727,0,0,0,0,0,0,0,0,0,0,0.347875,0.175243,0.3,0.3,0.3,0.3,0.3,0.930546,0.930546,0.930546,0.930546,0.930546,0.324805,0.3,0.964278,0.758857,0.3,0.330282,0.981608,0.981148,0,936,0.428162,0.3,0.3,0.815171,0.82265,250.5,9506.93,8579.33,-2320.64,3079.89,5331.54,3059.23,565.11,-87.0741,154.558,649.01,408.17,353.79,-169.106,94.6388,318.66,158.53
hpf_ca1__202271_143_edited.swc,23552,pyramidal,0.997032,20434,1124,1993,0,0,0,0,0,0,0,0,0,0,0.477908,0.301601,0.3,0.3,0.3,0.3,0.3,0.741848,0.741848,0.741848,0.741848,0.741848,0.400895,0.3,0.854703,0.987703,0.987703,0,0.979737,0.982145,0.00351229,477,0.63274,0.3,0.3,0.522013,0.522013,107,9621.3,4704.69,-927.769,1400.43,5682.66,2459.27,125.04,36.4556,27.3461,173.84,273.07,551.01,-221.162,150.948,475.92,296.94
hpf_ca1__202271_145_edited.swc,11926,pyramidal,0.995398,9431,747,1747,0,0,0,0,0,0,0,0,0,0,0.451748,0.285096,0.3,0.3,0.3,0.3,0.3,0.779222,0.779222,0.779222,0.779222,0.779222,0.357431,0.3,0.917294,0.987703,0.987703,0,0.731422,0.3,0.367487,295,0.569212,0.3,0.3,0.60339,0.610169,93,9673.07,1150.52,-356.699,275.475,1958.41,1350.85,160.66,23.9724,31.4584,168.59,201.8,526.76,-256.792,176.131,340.35,333.03
hpf_ca1__202271_146_edited.swc,15617,pyramidal,0.99661,13019,624,1973,0,0,0,0,0,0,0,0,0,0,0.45572,0.287475,0.3,0.3,0.3,0.3,0.3,0.773132,0.773132,0.773132,0.773132,0.773132,0.350402,0.3,0.927414,0.987703,0.987703,0,0.98214,0.982145,0,272,0.641403,0.3,0.3,0.5,0.511029,118.8,9738.08,4121.21,-640.794,957.95,4607.33,1976.93,189.54,47.5417,32.1386,131.74,169.29,579.67,-254.69,175.386,238.02,246.33
hpf_ca1__202271_173_edited.swc,21184,pyramidal,0.997376,18573,708,1902,0,0,0,0,0,0,0,0,0,0,0.438597,0.275937,0.3,0.3,0.3,0.3,0.3,0.798527,0.798527,0.798527,0.798527,0.798527,0.363148,0.3,0.909062,0.987703,0.987703,0,0.970665,0.982145,0.0168244,353,0.601221,0.3,0.3,0.566572,0.566572,148.6,9592.12,4010.46,-536.297,897.94,5045.72,2745.38,142.81,39.9733,30.7207,143.99,234.03,523.11,-183.869,144.504,384.65,385.69
hpf_ca1__202272_052_edited.swc,52913,pyramidal,0.996411,49691,3221,0,0,0,0,0,0,0,0,0,0,0,0.388529,0.231204,0.3,0.3,0.3,0.3,0.3,0.87213,0.87213,0.87213,0.87213,0.87213,0.365275,0.3,0.905999,0.747082,0.3,0.349891,0,0,0,1833,0.391708,0.3,0.3,0.866885,0.871795,64,8763.19,4169.81,-1341.5,1138.57,5686.95,3919.22,647.49,36.905,152.884,612.49,465.27,0,0,0,0,0
hpf_ca1__202273_113_edited.swc,37982,pyramidal,0.997307,36092,653,1236,0,0,0,0,0.000582846,0,0,0,0,0,0.393757,0.235904,0.3,0.3,0.3,0.3,0.3,0.863277,0.863277,0.863277,0.865357,0.865357,0.363761,0.3,0.908179,0.984897,0.987703,0,0.956851,0.951622,0.00889968,644,0.499897,0.3,0.3,0.709627,0.717391,159.7,8380.83,3926.63,-1021.54,1219.89,5886.46,4106.07,175.3,20.6898,36.387,130.83,256.53,264.79,-83.4218,54.1521,347.84,426
hpf_ca1__202274_082_edited.swc,20246,pyramidal,0.986447,18181,2064,0,0,0,0,0,0.000344797,0,0,0,0,0,0.419287,0.256625,0.3,0.3,0.3,0.3,0.3,0.817594,0.819273,0.835622,0.836066,0.838091,0.367947,0.3,0.902151,0.871236,0.617761,0.25,0,0,0,409,0.46586,0.3,0.3,0.767726,0.777506,116.4,8845.76,3591.53,-1556.08,1249.54,5093.47,3832.17,369.73,13.3941,78.4955,359.21,461.79,0,0,0,0,0
hpf_ca1__202274_096_edited.swc,64438,pyramidal,0.997512,60192,1876,2369,0,0,0,0,0,0,0,0,0,0,0.359276,0.192919,0.3,0.3,0.3,0.3,0.3,0.913731,0.913731,0.913731,0.913731,0.913731,0.317731,0.3,0.974465,0.987703,0.987703,0,0.91692,0.945595,0.0945547,833,0.450119,0.3,0.3,0.781513,0.786315,205,9226.72,4649.85,-2608.34,848.339,6307.05,4396.71,227.23,15.7743,47.6258,189.77,195.34,605.64,-242.331,180.164,264.71,715.58
hpf_ca1__202396_044_edited.swc,27027,pyramidal,0.997636,22921,1932,2173,0,0,0.0828801,0.0828801,0.00531102,0,-0.0779221,0.0779221,0.0804011,0.002479,0.425954,0.265466,0.3,0.3,0.3,0.3,0.3,0.816221,0.816221,0.816221,0.816221,0.816221,0.341281,0.3,0.940535,0.981875,0.962953,0,0.824555,0.3,0.231017,340,0.627467,0.3,0.3,0.526471,0.526471,190.3,9604.09,4002.37,-1813.1,1552.08,7183.93,3367.29,190.34,20.0586,35.1903,215.33,269.36,526.33,-208.602,136.32,503.01,401.71
hpf_ca1__202401_143_edited.swc,84069,pyramidal,0.997378,80758,3310,0,0,0,0,0,0,0,0,0,0,0,0.395724,0.239057,0.3,0.3,0.3,0.3,0.3,0.861816,0.861816,0.861816,0.861816,0.861816,0.374851,0.3,0.892209,0.904805,0.3,0.120544,0,0,0,2489,0.400448,0.3,0.3,0.855765,0.859381,83,9459.83,5030.56,-1538.37,1569.78,6301.97,4202.37,571.74,11.0718,142.445,344.89,683.89,0,0,0,0,0
hpf_ca1__202401_204_edited.swc,98473,pyramidal,0.997339,93031,1747,3694,0,0,0,0,0,0,0,0,0,0,0.346479,0.172409,0.3,0.3,0.3,0.3,0.3,0.932245,0.932245,0.932245,0.932245,0.932245,0.309875,0.3,0.985779,0.987703,0.987703,0,0.96488,0.981639,0.025176,1162,0.40595,0.3,0.3,0.845955,0.848537,207,9700.59,5495.74,-2795.27,1067.19,6328.91,4309.69,207.52,17.8306,39.9114,135.29,305.13,612.47,-329.877,186.941,368.91,575.04
hpf_ca1__202401_206_edited.swc,70508,pyramidal,0.997612,66224,1596,2687,0,0,0,0,0,0,0,0,0,0,0.359351,0.193244,0.3,0.3,0.3,0.3,0.3,0.913797,0.913797,0.913797,0.913797,0.913797,0.325564,0.3,0.963186,0.987703,0.987703,0,0.818606,0.3,0.239672,1354,0.397954,0.3,0.3,0.858936,0.861152,142,9799.54,4910.06,-1968.63,1516.88,7177.75,4247.13,183.2,21.5083,34.0736,198.93,305.58,695.02,-381.573,228.701,346.74,331.77
hpf_ca1__202401_222_edited.swc,20058,pyramidal,0.996672,17052,1011,1994,0,0,0,0,0,0,0,0,0,0,0.403811,0.245478,0.3,0.3,0.3,0.3,0.3,0.84829,0.84829,0.84829,0.84829,0.84829,0.30338,0.3,0.995133,0.965256,0.987703,0.0326409,0.977698,0.982145,0.00651956,419,0.475789,0.3,0.3,0.742243,0.74463,109.2,9534.87,1711.36,-537.667,336.844,1957.67,1699.92,150.17,43.9911,33.2529,232.84,212.82,466.63,-212.941,139.117,349.22,318.29
hpf_ca1__202402_001_edited.swc,76773,pyramidal,0.997314,72142,2524,2106,0,0,0,0,0.000372179,0,0,0,0,0,0.35789,0.190495,0.3,0.3,0.3,0.3,0.3,0.915218,0.915218,0.916429,0.916429,0.916429,0.322909,0.3,0.96701,0.971628,0.987703,0.0233756,0.820318,0.3,0.254511,849,0.438208,0.3,0.3,0.800942,0.804476,238.4,9477.29,5732.09,-2201.02,1414.93,6460.87,4851.54,341.64,44.8315,60.4519,300.36,362.33,783.71,-324.017,188.085,467.33,588.07
hpf_ca1__202402_057_edited.swc,58954,pyramidal,0.997478,53387,1637,3929,0,0,0,0,0,0,0,0,0,0,0.41047,0.252677,0.3,0.3,0.3,0.3,0.3,0.839519,0.839519,0.839519,0.839519,0.839519,0.355242,0.3,0.920411,0.987703,0.987703,0,0.920253,0.981148,0.0903538,660,0.580773,0.3,0.3,0.593939,0.607576,231.1,9243.68,4576.89,-1350.85,1478.12,7071.7,5457.31,283.76,28.1627,54.2749,243.93,310.97,479.29,-145.042,100.346,358.68,459.17
hpf_ca1__202403_106_edited.swc,3038,pyramidal,0.993068,319,879,1839,0,0,0,0,0,0,0,0,0,0,0.91601,0.200974,0.3,0.3,0.902038,0.981639,0.982145,0.0957867,0.0957867,0.0957867,0.0957867,0.0957867,0.464192,0.3,0.727273,0.984574,0.987703,0.00455063,0.961566,0.981639,0.0299076,103,0.964172,0.3,0.981639,0.0291262,0.038835,49.8,9528.61,296.58,169.193,89.6802,106.78,343.27,205.19,25.6809,39.3947,149.57,228.56,465.28,-261.22,138.671,268.34,451.43
hpf_ca1__202403_125_edited.swc,85402,pyramidal,0.997074,80897,1719,2785,0,0,0,0,0,0,0,0,0,0,0.354602,0.186152,0.3,0.3,0.3,0.3,0.3,0.920775,0.920775,0.920775,0.920775,0.920775,0.326739,0.3,0.961494,0.987703,0.987703,0,0.772964,0.3,0.306643,870,0.414993,0.3,0.3,0.834483,0.845977,222,9556.23,4977.52,-554.133,1332.19,4824.28,3141.98,169.93,39.0091,32.8578,140.45,353.81,497.72,-277.982,113.097,348.42,475.07
hpf_ca1__202403_126_edited.swc,104418,pyramidal,0.99718,99686,1854,2877,0,0,0,0,0,0,0,0,0,0,0.34423,0.168894,0.3,0.3,0.3,0.3,0.3,0.935816,0.935816,0.935816,0.935816,0.935816,0.320751,0.3,0.970116,0.978801,0.987703,0.012945,0.748595,0.3,0.342371,1010,0.393306,0.3,0.3,0.869307,0.875248,241.1,9557.19,5122.19,-642.503,1372.68,5009.81,2976.57,155.73,50.6874,30.3974,192.44,391.76,463.79,-223.695,114.55,382.38,410.39
hpf_ca1__202403_129_edited.swc,119979,pyramidal,0.997375,113284,5403,1291,0,0,0,0,0.000195809,0,0,0,0,0,0.348004,0.173996,0.3,0.3,0.3,0.3,0.3,0.928821,0.928846,0.928846,0.931596,0.93393,0.321485,0.3,0.96906,0.752594,0.3,0.307792,0.981273,0.981148,0,1062,0.406615,0.3,0.3,0.846516,0.856874,268,9366.36,4256.3,-1201.5,1285.72,8599.21,3923.09,651.41,-105.175,153.305,934.15,1377.39,314.26,-171.779,84.2306,313.25,224.9
hpf_ca1__202404_041_edited.swc,53487,pyramidal,0.997366,47677,2161,3648,0,0,0,0,0,0,0,0,0,0,0.419319,0.260587,0.3,0.3,0.3,0.3,0.3,0.826668,0.826668,0.826668,0.826668,0.826668,0.354676,0.3,0.921262,0.982611,0.987703,0.00740398,0.930322,0.98166,0.075932,628,0.577954,0.3,0.3,0.601911,0.613057,221.3,8966.75,4112.96,-1092.47,1360.12,7056.33,4644.29,283.26,1.23466,50.3091,266.15,435.44,308.08,-65.028,55.1375,288.2,617.03
hpf_ca1__202405_001_edited.swc,113277,pyramidal,0.997062,110037,1357,1882,0,0,0,0,0.000640492,0,0,0,0,0,0.428229,0.268826,0.3,0.3,0.3,0.3,0.3,0.814552,0.814552,0.814552,0.815241,0.815717,0.414248,0.3,0.83541,0.813338,0.3,0.252027,0.967698,0.981024,0.0010627,2915,0.444287,0.3,0.3,0.793482,0.8,100,9037.83,7786.35,-892.963,2062.67,3917.2,2325.69,344.19,-90.8115,84.1653,502.9,367.49,329.98,97.0631,78.0326,516.69,407.89
hpf_ca1__202405_004_edited.swc,65357,pyramidal,0.997464,60463,1620,3273,0,0,0,0,0.000815503,0,0,0,0,0,0.385177,0.226491,0.3,0.3,0.3,0.3,0.3,0.876065,0.876065,0.876065,0.876065,0.876065,0.338658,0.3,0.94433,0.984732,0.987703,0.00432099,0.947595,0.981148,0.0467461,769,0.498422,0.3,0.3,0.715215,0.721717,219.2,9239.05,4726.3,-1188.89,1611.58,7129.53,4808.35,316.51,18.4651,54.1345,259.82,400.58,583.09,-137.052,119.452,351.82,466.84
hpf_ca1__202405_005_edited.swc,41716,pyramidal,0.997107,35827,2591,3297,0,0,0,0,0,0,0,0,0,0,0.395755,0.235645,0.3,0.3,0.3,0.3,0.3,0.857657,0.857657,0.857657,0.860006,0.869594,0.319789,0.3,0.971502,0.765592,0.3,0.278657,0.930413,0.982145,0.0758265,494,0.560875,0.3,0.3,0.61336,0.62753,219,9361.79,4124.37,-2577.44,1161.94,7078.95,4236.12,622.07,117.075,169.146,286.66,1004.64,626.94,-212.618,153.974,385.25,595.64
hpf_ca1__202405_016_edited.swc,21298,pyramidal,0.997561,19074,851,1372,0,0,0,0,0.00125456,0,0,0,0,0,0.396655,0.238864,0.3,0.3,0.3,0.3,0.3,0.859283,0.859283,0.859283,0.859283,0.859283,0.334768,0.3,0.949932,0.964268,0.987703,0.0340776,0.904533,0.3,0.111516,309,0.498229,0.3,0.3,0.708738,0.724919,189.2,9376.49,1833.39,-119.298,340.457,2030.99,2863.15,148.22,14.2278,30.8537,254.32,308.82,461.77,-161.804,95.9864,175.1,341.4
hpf_ca1__202409_002_edited.swc,24776,pyramidal,0.927551,23098,1677,0,0,0,0,0,0,0,0,0,0,0,0.974697,0.113953,0.3,0.987703,0.994405,0.994405,0.994405,0.0277284,0.0277284,0.0277284,0.0277284,0.0277284,0.973751,0.994405,0.0297428,0.987703,0.987703,0,0,0,0,1749,0.982168,0.3,0.994405,0.0165809,0.0171527,32,6880.61,1162.98,63.3516,191.387,702.35,444.94,454.52,-72.7474,110.834,338.67,264.52,0,0,0,0,0
hpf_ca1__202409_006_edited.swc,14392,pyramidal,0.997207,11475,931,1985,0,0,0,0,0,0,0,0,0,0,0.46072,0.290279,0.3,0.3,0.3,0.3,0.3,0.765356,0.765356,0.765356,0.765356,0.765356,0.330983,0.3,0.955381,0.987703,0.987703,0,0.963269,0.981024,0.0261965,351,0.595124,0.3,0.3,0.566952,0.57265,114,4227.33,1520.06,-521.281,295.74,2920.19,1403.59,154.56,5.67403,31.9944,149.78,143.65,304.6,46.0287,64.2202,419.52,254.22
hpf_ca1__202409_007_edited.swc,18881,pyramidal,0.997311,16440,936,1504,0,0,0,0,0,0,0,0,0,0,0.421975,0.262546,0.3,0.3,0.3,0.3,0.3,0.822467,0.822467,0.822467,0.822467,0.822467,0.339198,0.3,0.943552,0.987703,0.987703,0,0.974341,0.981639,0.0113032,325,0.592508,0.3,0.3,0.578462,0.581538,142.4,4025.22,3460,-296.264,667.265,4591.83,2084.9,152.4,-0.888237,31.738,145.02,137.4,306.22,60.4544,48.4115,425.72,274.76
hpf_ca1__202410_017_edited.swc,26447,pyramidal,0.992253,25380,1066,0,0,0,0,0,0,0,0,0,0,0,0.616357,0.345561,0.3,0.3,0.3,0.3,0.3,0.544031,0.544031,0.544031,0.544031,0.544031,0.600745,0.3,0.566903,0.987703,0.987703,0,0,0,0,560,0.718373,0.3,0.3,0.4,0.430357,114,4134.88,1614.2,-97.4451,232.11,956.67,1156.51,277.44,27.4166,61.0103,310.23,238.29,0,0,0,0,0
hpf_ca1__202411_001_edited.swc,18950,pyramidal,0.941786,15599,3350,0,0,0,0,0,0,0,0,0,0,0,0.875931,0.245885,0.3,0.3,0.3,0.987703,0.994405,0.144485,0.146438,0.161161,0.187599,0.212507,0.877149,0.3,0.168857,0.870224,0.666686,0.125373,0,0,0,895,0.892226,0.3,0.3,0.130726,0.163128,47,4636.43,928.76,13.2344,213.414,435.12,554.38,328.13,23.3559,50.7711,497.1,436.13,0,0,0,0,0
hpf_ca1__202411_008_edited.swc,12788,pyramidal,0.997455,10344,786,1657,0,0,0,0,0,0,0,0,0,0,0.48719,0.305912,0.3,0.3,0.3,0.3,0.3,0.727557,0.727557,0.727557,0.727557,0.727557,0.371873,0.3,0.896462,0.987703,0.987703,0,0.969338,0.981687,0.0187085,252,0.635946,0.3,0.3,0.503968,0.515873,108.7,3846.17,2669.32,-89.8964,573.542,3516.55,1791.11,207.28,-33.8855,45.5989,127.59,148.36,301.18,-3.97712,55.2204,369.41,443.44
hpf_ca1__202411_010_edited.swc,25553,pyramidal,0.99537,24177,1375,0,0,0,0,0,0,0,0,0,0,0,0.609385,0.344754,0.3,0.3,0.3,0.3,0.3,0.553908,0.553908,0.553908,0.553908,0.553908,0.588393,0.3,0.584647,0.9782,0.987703,0.0138182,0,0,0,607,0.66744,0.3,0.3,0.472817,0.485997,96.4,4105.92,1409.72,-178.227,282.748,1769.46,537.4,392.04,-26.4643,73.126,448.28,240.38,0,0,0,0,0
hpf_ca1__202411_022_edited.swc,46704,pyramidal,0.994002,44848,1855,0,0,0,0,0,0,0,0,0,0,0,0.411359,0.253815,0.3,0.3,0.3,0.3,0.3,0.838536,0.838536,0.838536,0.838536,0.838536,0.393932,0.3,0.863896,0.832368,0.3,0.225876,0,0,0,3400,0.401614,0.3,0.3,0.852647,0.853529,28,5047.59,1464.6,-2.99493,308.128,3642.98,4730.76,431.53,-93.6933,94.0778,422.34,285.47,0,0,0,0,0
hpf_ca1__202412_005_edited.swc,29268,pyramidal,0.997052,25961,1190,2116,0,0,0,0,0,0,0,0,0,0,0.421174,0.262143,0.3,0.3,0.3,0.3,0.3,0.823937,0.823937,0.823937,0.823937,0.823937,0.354245,0.3,0.921883,0.984814,0.987703,0.00420168,0.925063,0.981639,0.0836484,329,0.585136,0.3,0.3,0.589666,0.598784,247.2,9430.47,4093.34,-1098.44,1282.5,5470.53,4065.98,272.13,18.6536,48.3516,187.19,263.49,443.36,-166.986,101.079,253.53,396.52
hpf_ca1__202412_009_edited.swc,36311,pyramidal,0.997367,33801,939,1570,0,0,0,0,0,0,0,0,0,0,0.376251,0.216115,0.3,0.3,0.3,0.3,0.3,0.88929,0.88929,0.88929,0.88929,0.88929,0.335685,0.3,0.948611,0.985506,0.987703,0.00319489,0.884816,0.3,0.142675,381,0.487098,0.3,0.3,0.727034,0.742782,236,9588.49,4051.61,-1898.38,1526.14,7807.95,4202.04,242.98,37.6222,39.0734,193.09,229.6,522.89,-235.115,135.64,219.79,288.08
hpf_ca1__202412_011_edited.swc,30760,pyramidal,0.997136,28771,1014,974,0,0,0,0,0,0,0,0,0,0,0.37354,0.212758,0.3,0.3,0.3,0.3,0.3,0.89327,0.89327,0.89327,0.89327,0.89327,0.333597,0.3,0.951618,0.987703,0.987703,0,0.913397,0.504344,0.100616,368,0.513477,0.3,0.3,0.692935,0.695652,212.9,9580.86,4820.4,-2223.23,1430.96,5984.12,3770.1,195.64,45.6629,35.5973,205.19,218.16,472.96,-230.941,126.899,192.82,336.1
hpf_ca1__202412_021_edited.swc,19891,pyramidal,0.997361,17694,503,1693,0,0,0,0,0,0,0,0,0,0,0.389545,0.23103,0.3,0.3,0.3,0.3,0.3,0.869388,0.869388,0.869388,0.869388,0.869388,0.319583,0.3,0.971798,0.987703,0.987703,0,0.942655,0.982145,0.0578854,192,0.603969,0.3,0.3,0.546875,0.557292,255.5,9643.16,4309.16,-1501.65,1609.45,6470.2,3429.45,175.66,7.67577,39.7207,130.34,160.44,475.93,-198.453,113.068,241.46,326.04
hpf_ca1__202412_098_edited.swc,77461,pyramidal,0.996749,74149,1642,1669,0,0,0,0,0,0,0,0,0,0,0.346622,0.17302,0.3,0.3,0.3,0.3,0.3,0.932301,0.932301,0.932301,0.932301,0.932301,0.320219,0.3,0.970883,0.92488,0.987703,0.091352,0.950345,0.981148,0.0461354,819,0.41643,0.3,0.3,0.830281,0.836386,250.6,9712.84,5565.16,-3004.37,1314.15,6791.94,4428.64,167.22,16.6311,34.5606,396.49,404.38,734.29,-352.875,212.285,278.32,434.32
hpf_ca1__202412_099_edited.swc,44571,pyramidal,0.997255,42390,572,1608,0,0,0,0,0,0,0,0,0,0,0.349668,0.177822,0.3,0.3,0.3,0.3,0.3,0.927621,0.927621,0.927621,0.927621,0.927621,0.317712,0.3,0.974452,0.987703,0.987703,0,0.964736,0.981148,0.0236318,400,0.505386,0.3,0.3,0.7,0.7025,330.3,9586.35,5517.15,-2816.44,1291.21,7670.85,4180.35,134.64,34.0105,29.5761,137.68,163.82,492.36,-206.544,135.47,242.42,371.73
hpf_ca1__202413_054_edited.swc,53539,pyramidal,0.996101,49643,1813,2082,0,0,0,0,0,0,0,0,0,0,0.356142,0.187768,0.3,0.3,0.3,0.3,0.3,0.917817,0.917817,0.917817,0.918807,0.918807,0.308798,0.3,0.98733,0.987703,0.987703,0,0.934725,0.981024,0.0600384,841,0.418145,0.3,0.3,0.826397,0.831153,174,9795.97,5129.73,-3503.93,789.456,5379.31,4523.76,109.92,29.7204,24.2733,264.56,379.62,785.7,-437.669,226.586,480.6,569.92
hpf_ca1__202413_067_edited.swc,39361,pyramidal,0.996452,36771,2589,0,0,0,0,0,0,0,0,0,0,0,0.741818,0.332825,0.3,0.3,0.3,0.3,0.994405,0.361729,0.361729,0.361729,0.361729,0.367978,0.740313,0.3,0.365913,0.763095,0.3,0.302433,0,0,0,988,0.814053,0.3,0.3,0.259109,0.272267,88,9434.43,2946.22,-195.219,418.887,1470.32,3774.09,438.07,3.51113,104.159,463.19,665.2,0,0,0,0,0
hpf_ca1__202414_255_edited.swc,72484,pyramidal,0.997327,66893,2311,3279,0,0,0,0,0,0,0,0,0,0,0.378501,0.218767,0.3,0.3,0.3,0.3,0.3,0.88592,0.88592,0.88592,0.88592,0.88592,0.331537,0.3,0.954584,0.985323,0.987703,0.0034617,0.908722,0.3,0.10735,816,0.475894,0.3,0.3,0.742647,0.758578,222.5,2019.5,4473.52,1087.34,1361.03,6025.01,4775.97,182.26,-56.206,35.1586,228.41,255.11,513.15,168.673,91.6438,354.81,557.01
hpf_ca1__202414_270_edited.swc,31894,pyramidal,0.997668,27847,1517,2529,0,0,0,0,0,0,0,0,0,0,0.441722,0.278333,0.3,0.3,0.3,0.3,0.3,0.794099,0.794099,0.794099,0.794099,0.794099,0.365383,0.3,0.905843,0.987703,0.987703,0,0.954575,0.981687,0.0403321,476,0.584252,0.3,0.3,0.592437,0.594538,172,9108.33,4506.56,-1009.08,1490.42,6472.51,3255.66,247.87,-9.72173,49.5638,213.12,350.43,531.44,-176.094,117.279,435.1,472.25
hpf_ca1__202414_542_edited.swc,53877,pyramidal,0.997254,50594,1448,1834,0,0,0,0,0,0,0,0,0,0,0.344356,0.168853,0.3,0.3,0.3,0.3,0.3,0.935446,0.935446,0.935446,0.935446,0.935446,0.3105,0.3,0.98488,0.987703,0.987703,0,0.770041,0.3,0.310796,622,0.426607,0.3,0.3,0.815113,0.819936,223.5,8990.78,4337.66,-2392.26,979.949,6681.49,4932.71,262.93,-2.86182,44.0185,192.32,352.11,488.14,-111.513,85.1316,423.13,593.62
hpf_ca1__202415_003_edited.swc,91934,pyramidal,0.99712,87610,3860,463,0,0,0,0,0,0,0,0,0,0,0.355507,0.18627,0.3,0.3,0.3,0.3,0.3,0.918061,0.918061,0.918061,0.918877,0.922466,0.331831,0.3,0.95416,0.82211,0.3,0.209067,0.94408,0.940691,0,922,0.429456,0.3,0.3,0.813449,0.826464,224.9,9516.46,8448.91,-2809.19,3135.02,4938.46,3002.99,607.19,-97.1974,133.227,617.49,548.42,316.8,-182.381,97.2414,329.8,227.3
hpf_ca1__202417_008_edited.swc,32128,pyramidal,0.997309,29331,1121,1675,0,0,0,0,0,0,0,0,0,0,0.354604,0.185498,0.3,0.3,0.3,0.3,0.3,0.920256,0.920256,0.920256,0.920256,0.920256,0.301563,0.3,0.99775,0.977274,0.987703,0.015165,0.866312,0.3,0.169552,589,0.399738,0.3,0.3,0.852292,0.855688,141.2,8608.61,3507.84,-1607.25,1030.19,6170.65,5481.37,301.35,13.4701,67.5727,154.62,330.08,417.29,-104.882,82.9545,312.73,438.14
hpf_ca1__202417_047_edited.swc,12723,pyramidal,0.993149,11702,1020,0,0,0,0,0,0,0,0,0,0,0,0.568263,0.337563,0.3,0.3,0.3,0.3,0.3,0.612906,0.612906,0.612906,0.612906,0.612906,0.531666,0.3,0.666382,0.987703,0.987703,0,0,0,0,230,0.691452,0.3,0.3,0.452174,0.465217,139.1,8935.12,1114.05,-4.4659,201.784,880.93,1649.35,267.21,-2.1115,49.3952,281.58,197.56,0,0,0,0,0
hpf_ca1__202418_010_edited.swc,49583,pyramidal,0.997668,45941,1218,2423,0,0,0,0,0.000653258,0,0,0,0,0,0.406534,0.249132,0.3,0.3,0.3,0.3,0.3,0.845391,0.845391,0.845391,0.845391,0.845391,0.362259,0.3,0.910342,0.987703,0.987703,0,0.953602,0.981148,0.0392076,776,0.515047,0.3,0.3,0.686856,0.695876,169.5,8596.67,4387.47,-593.953,1376.2,6686.79,4819.38,208.37,14.6953,36.5688,164.7,247.74,288.44,20.2055,50.0825,253.4,509.08
hpf_ca1__202418_016_edited.swc,8283,pyramidal,0.995677,5730,1075,1477,0,0,0,0,0,0,0,0,0,0,0.657024,0.344049,0.3,0.3,0.3,0.3,0.982145,0.481468,0.481468,0.481468,0.481468,0.481468,0.512199,0.3,0.694415,0.983865,0.987703,0.0055814,0.980755,0.982145,0.00203114,218,0.789878,0.3,0.3,0.284404,0.293578,88.6,8523.57,1750.73,-77.7556,390.564,1146.31,2221.84,169.81,4.12289,29.7279,179.3,221.45,299.91,-110.97,71.6757,217.56,469.87
hpf_ca1__202419_054_edited.swc,53674,pyramidal,0.997386,50878,1148,1647,0,0,0,0,0,0,0,0,0,0,0.359279,0.193144,0.3,0.3,0.3,0.3,0.3,0.913906,0.913906,0.913906,0.913906,0.913906,0.32641,0.3,0.961968,0.987703,0.987703,0,0.936243,0.981148,0.0667881,684,0.448166,0.3,0.3,0.788012,0.792398,220.7,8550.8,4834.82,-1393.43,1247.14,7113.74,5539.05,256.05,-1.3749,48.8428,240.72,242.71,525.88,-32.2768,106.896,376.18,516.99
hpf_ca1__202423_005_edited.swc,104754,pyramidal,0.99744,100638,2237,1878,0,0,0,0,0,0,0,0,0,0,0.338167,0.157482,0.3,0.3,0.3,0.3,0.3,0.944518,0.944518,0.944518,0.944518,0.944518,0.31211,0.3,0.982561,0.975406,0.987703,0.0178811,0.975147,0.981639,0.0101171,900,0.470942,0.3,0.3,0.751111,0.753333,307.1,9780.93,4740.99,-1723.95,1564.31,9404.98,6190.91,217.96,56.5812,38.2965,247.65,291.84,540.64,-233.971,152.679,249.36,307.18
hpf_ca1__202423_006_edited.swc,16777,pyramidal,0.94754,13805,1099,1872,0,0,0,0,0,0,0,0,0,0,0.484831,0.304797,0.3,0.3,0.3,0.3,0.3,0.73112,0.73112,0.73112,0.73112,0.73112,0.381085,0.3,0.883231,0.953913,0.987703,0.0491356,0.974239,0.981148,0.0101496,263,0.646247,0.3,0.3,0.494297,0.513308,191.8,9725.99,948.59,-146.853,228.487,1753.77,2160.46,344.99,-18.3547,59.2019,304.76,295.63,490.52,-244.011,114.853,247.84,329.04
hpf_ca1__202423_013_edited.swc,45777,pyramidal,0.997307,43211,1054,1511,0,0,0,0,0,0,0,0,0,0,0.367759,0.2052,0.3,0.3,0.3,0.3,0.3,0.901676,0.901676,0.901676,0.901676,0.901676,0.336338,0.3,0.947606,0.983136,0.987703,0.00664137,0.836644,0.3,0.213104,660,0.465812,0.3,0.3,0.765152,0.765152,179,9549.34,4694.39,-1969.25,1649.16,7021.15,5254.1,156.17,56.06,33.41,156.37,260.47,514.92,-206.73,135.824,330.4,336.56
hpf_ca1__202423_024_edited.swc,37789,pyramidal,0.888442,33748,1700,2340,0,0,0,0,0,0,0,0,0,0,0.941847,0.169609,0.3,0.3,0.955912,0.994405,0.994405,0.0572918,0.062505,0.0733282,0.0988912,0.0988912,0.966279,0.994405,0.0403876,0.973949,0.987703,0.02,0.566135,0.3,0.587179,2908,0.980484,0.3,0.994405,0.0216644,0.0281981,27,9761.5,517.65,-29.989,74.4997,902.61,1184.99,185.95,58.8766,37.0728,292.8,413.94,448.75,-228.734,97.5908,353.59,290.33
hpf_ca1__202423_025_edited.swc,51714,pyramidal,0.997557,48234,1437,2042,0,0,0,0,0.000829773,0,0,0,0,0,0.369507,0.207272,0.3,0.3,0.3,0.3,0.3,0.898906,0.898906,0.898906,0.898906,0.898906,0.326,0.3,0.962558,0.972154,0.987703,0.0208768,0.972782,0.982145,0.013712,605,0.468246,0.3,0.3,0.757025,0.763636,236.2,9726.99,4794.57,-742.277,1271.78,6302.98,3994.15,270.47,35.1352,44.4167,256.97,280.52,438.12,-198.531,115.81,268.96,265.86
hpf_ca1__202423_033_edited.swc,59489,pyramidal,0.997165,56119,989,2380,0,0,0,0,0,0,0,0,0,0,0.348604,0.176351,0.3,0.3,0.3,0.3,0.3,0.929399,0.929399,0.929399,0.929399,0.929399,0.321122,0.3,0.969582,0.987703,0.987703,0,0.730755,0.3,0.368487,600,0.450504,0.3,0.3,0.788333,0.791667,266,9586.73,4593.76,-1207.46,1365.2,5767.37,4664.11,224.54,9.15421,37.0735,157.15,265.48,520.57,-219.128,136.911,221.94,529.98
hpf_ca1__202426_009_edited.swc,66598,pyramidal,0.997364,62548,1770,2279,0,0,0,0,0,0,0,0,0,0,0.363769,0.199501,0.3,0.3,0.3,0.3,0.3,0.907295,0.907295,0.907295,0.907295,0.907295,0.323662,0.3,0.965914,0.987703,0.987703,0,0.979665,0.981639,0.00351031,905,0.486712,0.3,0.3,0.728177,0.729282,194.8,1669.47,4699.63,1251.32,1785.26,7888.35,4544.72,145.42,-34.8588,30.8711,244.38,266.43,560.36,303.541,166.612,287.55,389.03
hpf_ca1__202426_023_edited.swc,21107,pyramidal,0.971529,18083,3023,0,0,0,0,0,0.00100667,0,0,0,0,0,0.895467,0.221745,0.3,0.3,0.522236,0.994405,0.994405,0.095466,0.149097,0.167527,0.178329,0.178329,0.924592,0.3,0.100536,0.721212,0.526928,0.56831,0,0,0,840,0.897453,0.3,0.564288,0.169048,0.191667,57,2196.74,738.49,25.2956,125.972,930.3,1246.07,358.43,49.7855,64.417,372.13,544.82,0,0,0,0,0
hpf_ca1__202426_024_edited.swc,17150,pyramidal,0.995806,13299,1804,2046,0,0,0,0,0,0,0,0,0,0,0.494428,0.305801,0.3,0.3,0.3,0.3,0.3,0.710496,0.710496,0.710496,0.718542,0.733528,0.384536,0.3,0.878262,0.78295,0.3,0.23337,0.954088,0.981639,0.0410557,370,0.59454,0.3,0.3,0.562162,0.572973,110.5,1862.92,1517.26,232.056,288.697,1920.92,1985.84,487.09,13.3832,101.908,589.13,505.99,475.73,207.283,131.291,284.57,316.78
hpf_ca1__202426_044_edited.swc,62280,pyramidal,0.997357,57993,1676,2610,0,0,0,0,0,0,0,0,0,0,0.393318,0.235912,0.3,0.3,0.3,0.3,0.3,0.864692,0.864692,0.864692,0.864692,0.864692,0.352925,0.3,0.923784,0.986883,0.987703,0.00119332,0.909451,0.3,0.106513,709,0.493695,0.3,0.3,0.722144,0.736248,216.4,1741.53,4349.72,746.695,1318.68,5893.56,4668.21,280.28,-33.9167,48.8067,232.77,268.77,543.48,230.809,109.514,407.64,367.44
hpf_ca1__202426_054_edited.swc,31714,pyramidal,0.986889,30400,1313,0,0,0,0,0,0,0,0,0,0,0,0.625203,0.346315,0.3,0.3,0.3,0.3,0.3,0.531406,0.531406,0.531406,0.531406,0.531406,0.619148,0.3,0.540395,0.765103,0.3,0.323686,0,0,0,1349,0.650929,0.3,0.3,0.492216,0.497405,53.2,9265.16,1087.12,-71.2223,161.893,1101.63,2170.91,400.41,62.3519,94.7226,353.86,634.43,0,0,0,0,0
hpf_ca1__202427_027_edited.swc,41412,pyramidal,0.994005,39072,2339,0,0,0,0,0,0,0,0,0,0,0,0.693643,0.343824,0.3,0.3,0.3,0.3,0.994405,0.432749,0.432749,0.432749,0.432749,0.432749,0.689057,0.3,0.439727,0.770131,0.3,0.316375,0,0,0,947,0.759459,0.3,0.3,0.336853,0.36114,106,9348.11,640.28,-53.9197,98.4271,898.69,1651,588.36,66.1329,141.664,524.52,554.56,0,0,0,0,0
hpf_ca1__202427_048_edited.swc,51550,pyramidal,0.997244,47427,1643,2479,0,0,0,0,0,0,0,0,0,0,0.369985,0.207775,0.3,0.3,0.3,0.3,0.3,0.898099,0.898099,0.898099,0.898099,0.898099,0.318317,0.3,0.973623,0.987703,0.987703,0,0.948831,0.982145,0.04881,553,0.543709,0.3,0.3,0.64557,0.650995,247.6,9537.84,4387.91,-2172.25,1223.27,7341.5,4206.58,155.84,24.4469,32.4438,273,279.38,609.52,-242.286,146.632,255.82,503.84
hpf_ca1__202427_135_edited.swc,20847,pyramidal,0.985119,19615,1231,0,0,0,0,0,0,0,0,0,0,0,0.840359,0.28805,0.3,0.3,0.3,0.987703,0.994405,0.221279,0.221279,0.221279,0.221279,0.221279,0.831911,0.3,0.234005,0.974854,0.987703,0.018684,0,0,0,1080,0.873761,0.3,0.3,0.172222,0.175,47.1,2099.84,675.7,112.758,91.5804,1075.55,1730.7,310.18,-8.15864,78.4671,282.51,311.52,0,0,0,0,0
hpf_ca1__202427_143_edited.swc,84679,pyramidal,0.997102,80787,1711,2180,0,0,0,0,0.000348931,0,0,0,0,0,0.348015,0.175083,0.3,0.3,0.3,0.3,0.3,0.930006,0.930006,0.930006,0.930006,0.931081,0.318145,0.3,0.97387,0.987703,0.987703,0,0.952565,0.981024,0.0348624,518,0.517871,0.3,0.3,0.687259,0.69112,480.2,1668.86,4902.34,1798.06,1595.57,7360.06,5867.12,203.38,-50.9183,37.8531,214.83,332.53,620.88,254.615,173.773,265.25,431.66
hpf_ca1__202461_011_edited.swc,47046,pyramidal,0.990292,44845,2200,0,0,0,0,0,0,0,0,0,0,0,0.355123,0.187221,0.3,0.3,0.3,0.3,0.3,0.920227,0.920227,0.920227,0.920227,0.920227,0.328492,0.3,0.95897,0.897677,0.3,0.130909,0,0,0,2027,0.339709,0.3,0.3,0.942279,0.944253,55.4,9073.94,5834,-1884.56,1429.01,6296.14,5258.76,584.72,7.98962,129.56,447.27,660.58,0,0,0,0,0
hpf_ca1__202461_014_edited.swc,60941,pyramidal,0.99608,58693,2247,0,0,0,0,0,0,0,0,0,0,0,0.448029,0.284133,0.3,0.3,0.3,0.3,0.3,0.786515,0.786515,0.786515,0.786515,0.786515,0.430699,0.3,0.811783,0.900478,0.3,0.126836,0,0,0,1432,0.506867,0.3,0.3,0.701816,0.708101,108,8202.27,3925.2,-176.066,712.31,3418.6,2572.63,493.66,36.9811,96.3649,405.13,255.98,0,0,0,0,0
hpf_ca1__202464_010_edited.swc,15900,pyramidal,0.997282,12691,1265,1943,0,0,0,0,0,0,0,0,0,0,0.486722,0.305915,0.3,0.3,0.3,0.3,0.3,0.728553,0.728553,0.728553,0.728553,0.728553,0.37901,0.3,0.886219,0.987703,0.987703,0,0.863826,0.3,0.173443,336,0.62337,0.3,0.3,0.529762,0.529762,97,7782.2,3601.18,-296.204,786.942,5301.89,2495.32,222.37,-9.79663,40.2959,212.37,143.34,455.67,-62.2401,84.4582,230.21,501.24
hpf_ca1__202497_001_edited.swc,44018,pyramidal,0.99732,41231,1002,1784,0,0,0,0,0,0,0,0,0,0,0.368848,0.20652,0.3,0.3,0.3,0.3,0.3,0.899973,0.899973,0.899973,0.899973,0.899973,0.329656,0.3,0.957289,0.987703,0.987703,0,0.926698,0.982145,0.081278,492,0.509622,0.3,0.3,0.693089,0.703252,198.9,9721.25,5332.35,-2337.13,1581.89,6945.55,4854.35,216.38,24.2121,38.3989,231.88,191.98,561.6,-285.193,125.389,420.77,297.73
hpf_ca1__202497_013_edited.swc,43457,pyramidal,0.996902,40229,1360,1867,0,0,0,0,0,0,0,0,0,0,0.407919,0.250619,0.3,0.3,0.3,0.3,0.3,0.84357,0.84357,0.84357,0.84357,0.84357,0.363591,0.3,0.908424,0.986692,0.987703,0.00147059,0.941169,0.981639,0.0599893,566,0.539146,0.3,0.3,0.65371,0.664311,207,9612.56,4228.31,-1980.65,1644.5,7055.19,3672.72,311.31,12.1609,52.7994,223.9,236.85,407.61,-216.926,94.0306,243.21,471.55
hpf_ca1__202497_020_edited.swc,32754,pyramidal,0.996846,28455,1931,2367,0,0,0,0,0,0,0,0,0,0,0.404051,0.246141,0.3,0.3,0.3,0.3,0.3,0.848385,0.848385,0.848385,0.848385,0.848385,0.319913,0.3,0.971323,0.987703,0.987703,0,0.939126,0.981639,0.0629489,446,0.603233,0.3,0.3,0.560538,0.565022,165.5,9781.65,4182.1,-2606.98,1450.64,7772.84,3793.98,113.75,43.5798,24.3245,200.12,232.74,645.63,-238.032,150.943,421.23,312.94
hpf_ca1__202497_022_edited.swc,43240,pyramidal,0.997342,40617,724,1898,0,0,0,0,0,0,0,0,0,0,0.364232,0.200198,0.3,0.3,0.3,0.3,0.3,0.90666,0.90666,0.90666,0.90666,0.90666,0.328764,0.3,0.958564,0.987703,0.987703,0,0.885095,0.3,0.142255,647,0.417826,0.3,0.3,0.83153,0.836167,167.8,9695.5,4229.08,-2639.13,1425.02,6935.62,4163.67,192.55,31.3316,33.7659,253.92,184.66,537.15,-280.199,118.624,444.98,393.49
hpf_ca1__202498_003_edited.swc,32575,pyramidal,0.975642,30622,715,1237,0,0,0,0,0,0,0,0,0,0,0.349097,0.177307,0.3,0.3,0.3,0.3,0.3,0.92878,0.92878,0.92878,0.92878,0.92878,0.323879,0.3,0.965613,0.966543,0.987703,0.0307692,0.615977,0.3,0.536783,284,0.422294,0.3,0.3,0.838028,0.841549,249.1,9637.52,4103.62,-1791.46,1694.95,5341.04,2562.57,144.85,38.6328,30.4434,214.01,231.68,502.03,-241.067,117.759,376.84,148.13
hpf_ca1__202498_006_edited.swc,37298,pyramidal,0.98323,33789,1095,2413,0,0,0,0,0,0,0,0,0,0,0.397634,0.239363,0.3,0.3,0.3,0.3,0.3,0.857204,0.857204,0.857204,0.857204,0.860368,0.337444,0.3,0.946077,0.987703,0.987703,0,0.97244,0.97604,0.00207211,587,0.499739,0.3,0.3,0.708688,0.712095,157.4,9655.69,4278.02,-1039.36,1432.16,6008.85,2863.65,149.75,4.30228,29.7256,164.48,291.44,474.6,-246.458,130.075,321.83,319.41
hpf_ca1__202498_012_edited.swc,35858,pyramidal,0.997517,33586,897,1374,0,0,0,0,0,0,0,0,0,0,0.371429,0.209864,0.3,0.3,0.3,0.3,0.3,0.896174,0.896174,0.896174,0.896174,0.896174,0.33,0.3,0.956797,0.987703,0.987703,0,0.981342,0.981148,0,518,0.475536,0.3,0.3,0.747104,0.749035,156.6,9787,4358.75,-1583.71,1597.74,6451.41,3244.94,129.67,44.8594,25.1151,144.78,147.28,518.45,-277.096,161.638,291.33,184.35
hpf_ca1__202498_019_edited.swc,58196,pyramidal,0.995463,54038,4157,0,0,0,0,0,0,0,0,0,0,0,0.406258,0.234504,0.3,0.3,0.3,0.3,0.3,0.821431,0.858822,0.870318,0.872998,0.873462,0.394617,0.3,0.863744,0.557439,0.494259,0.955978,0,0,0,2571,0.414379,0.3,0.3,0.851809,0.854531,51,9765.85,5194.98,-1153.92,1525.89,5535.52,4970.68,439.25,9.46242,68.9568,630.75,823.02,0,0,0,0,0
hpf_ca1__202499_004_edited.swc,51679,pyramidal,0.997459,48217,1626,1835,0,0,0,0,0,0,0,0,0,0,0.366425,0.203105,0.3,0.3,0.3,0.3,0.3,0.903365,0.903365,0.903365,0.903365,0.903365,0.322697,0.3,0.967314,0.987703,0.987703,0,0.964586,0.981474,0.0239782,603,0.489776,0.3,0.3,0.72471,0.729685,212.8,9576.01,4658.38,-1446.06,1697.55,7829.98,4546.75,144.71,27.2794,27.8373,234.64,263.77,531.32,-207.767,130.38,217.08,443.28
hpf_ca1__202499_017_edited.swc,22802,pyramidal,0.99759,20690,826,1285,0,0,0,0,0,0,0,0,0,0,0.400906,0.243415,0.3,0.3,0.3,0.3,0.3,0.853346,0.853346,0.853346,0.853346,0.853346,0.341517,0.3,0.940213,0.987703,0.987703,0,0.979478,0.982145,0.00389105,366,0.552841,0.3,0.3,0.63388,0.636612,159,9756.21,4381.35,-1655.35,1642.88,6322.62,3336.17,112.83,46.5206,22.8084,139.96,209.74,529.14,-325.969,155,122.3,324.32
hpf_ca1__202500_007_edited.swc,37389,pyramidal,0.997326,34523,1179,1686,0,0,0,0,0,0,0,0,0,0,0.350555,0.17904,0.3,0.3,0.3,0.3,0.3,0.926155,0.926155,0.926155,0.926155,0.926155,0.301267,0.3,0.998175,0.93929,0.987703,0.0703986,0.947705,0.981639,0.0504152,369,0.45571,0.3,0.3,0.766938,0.769648,275.4,9734.79,4273.88,-1526.02,1709.15,6487.18,3572.1,310.791,50.8597,57.8121,271.883,333.566,621.588,-266.095,166.33,323.445,293.374
hpf_ca1__202501_020_edited.swc,22879,pyramidal,0.996424,22243,635,0,0,0,0,0,0,0,0,0,0,0,0.350813,0.180501,0.3,0.3,0.3,0.3,0.3,0.92657,0.92657,0.92657,0.92657,0.92657,0.333498,0.3,0.95176,0.956296,0.987703,0.0456693,0,0,0,278,0.399712,0.3,0.3,0.859712,0.866906,196.2,9893.59,4212.11,-2184.53,1663.87,6497.21,3862.8,113.76,19.1465,18.5104,382.17,287.94,0,0,0,0,0
hpf_ca1__202501_022_edited.swc,36094,pyramidal,0.974765,33129,1166,1798,0,0,0,0,0,0,0,0,0,0,0.388914,0.230964,0.3,0.3,0.3,0.3,0.3,0.87092,0.87092,0.87092,0.87092,0.87092,0.343389,0.3,0.937517,0.986524,0.987703,0.00171527,0.839846,0.3,0.208009,470,0.501949,0.3,0.3,0.704255,0.721277,191,9803.55,4243.47,-1032.41,1360.95,5768.53,3330.2,223.95,-21.7911,39.1984,172.29,355.4,540.3,-284.606,148.737,186.68,277.89
hpf_ca1__202501_023_edited.swc,31532,pyramidal,0.96122,29564,1967,0,0,0,0,0,0,0,0,0,0,0,0.743663,0.333242,0.3,0.3,0.3,0.3,0.994405,0.360681,0.360681,0.360681,0.360681,0.360681,0.743469,0.3,0.361352,0.746451,0.3,0.350788,0,0,0,979,0.796905,0.3,0.3,0.28192,0.295199,74,9818.47,567.62,-126.894,111.187,1286.96,1664.19,506.33,-105.482,156.977,282.22,690.93,0,0,0,0,0
hpf_ca1__202503_023_edited.swc,41023,pyramidal,0.993788,37653,0,3369,0,0,0,0,0,0,0,0,0,0,0.364727,0.1891,0.3,0.3,0.3,0.3,0.3,0.886893,0.90832,0.922604,0.922702,0.922921,0.333691,0.3,0.951478,0,0,0,0.711415,0.3,0.600178,462,0.498099,0.3,0.3,0.75974,0.770563,215.7,8763.97,3778.42,-1337.21,1210.69,5605.36,4169.74,0,0,0,0,0,429.44,-83.4195,93.1385,227.89,595.47
hpf_ca1__202503_026_edited.swc,42746,pyramidal,0.973432,40246,879,1620,0,0,0,0,0,0,0,0,0,0,0.442884,0.280058,0.3,0.3,0.3,0.3,0.3,0.793454,0.793454,0.793454,0.793454,0.793454,0.413342,0.3,0.836779,0.983791,0.987703,0.00568828,0.88297,0.3,0.145062,1117,0.534201,0.3,0.3,0.662489,0.666965,102.4,8683.57,4080.68,-1347.28,1287.53,6053.19,4070.23,185.65,11.9939,36.1288,177,317.35,368.02,-124.783,83.203,385.59,470.18
hpf_ca1__202506_039_edited.swc,66475,pyramidal,0.994963,63793,0,2681,0,0,0,0,0,0,0,0,0,0,0.327124,0.117395,0.3,0.3,0.3,0.3,0.3,0.942294,0.95827,0.962979,0.973825,0.981286,0.31353,0.3,0.980515,0,0,0,0.650328,0.507223,0.546065,928,0.370926,0.3,0.3,0.908405,0.929957,175.3,8752.73,4686.56,-1839.07,1078.71,6766.66,4136.78,0,0,0,0,0,459.91,-80.0039,106.85,307.24,560.08
hpf_ca1__202544_017_edited.swc,51004,pyramidal,0.995967,48168,1367,1468,0,0,0,0,0,0,0,0,0,0,0.358043,0.191272,0.3,0.3,0.3,0.3,0.3,0.915673,0.915673,0.915673,0.915673,0.915673,0.322345,0.3,0.967821,0.987703,0.987703,0,0.942582,0.981639,0.0579019,670,0.437989,0.3,0.3,0.798507,0.804478,198.4,9644.55,5098.33,-2169.88,1476.82,8677.85,4013.34,208.72,40.9969,39.7562,179.96,227.47,429.05,-213.027,111.354,287.77,373.73
hpf_ca1__202544_027_edited.swc,99432,pyramidal,0.988622,95963,1420,2048,0,0,0,0,0,0,0,0,0,0,0.338558,0.158317,0.3,0.3,0.3,0.3,0.3,0.944002,0.944002,0.944002,0.944002,0.944002,0.316839,0.3,0.975751,0.987703,0.987703,0,0.905837,0.3,0.111328,1559,0.400735,0.3,0.3,0.854394,0.855035,173.4,9805.07,5470.98,-2807.92,1492.44,5953.91,4061.63,163.47,28.1115,30.823,215.57,253.82,591.24,-296.916,206.479,287.56,228.12
hpf_ca1__202548_039_edited.swc,57216,pyramidal,0.997454,51969,1673,3573,0,0,0,0,0,0,0,0,0,0,0.406201,0.248632,0.3,0.3,0.3,0.3,0.3,0.84569,0.84569,0.84569,0.84569,0.84569,0.349319,0.3,0.928977,0.987703,0.987703,0,0.961108,0.981639,0.0305066,550,0.596146,0.3,0.3,0.574545,0.581818,298.1,9736.69,4588.06,-1824.53,1765.99,7188.26,4302.56,213.74,30.706,34.3863,274.49,304.28,512.63,-210.508,127.504,288.11,269
hpf_ca1__202567_001_edited.swc,16442,pyramidal,0.996588,13688,213,2540,0,0,0,0,0.00246913,0,0,0,0,0,0.457753,0.280238,0.3,0.3,0.3,0.3,0.3,0.754409,0.754409,0.759701,0.791631,0.803674,0.365544,0.3,0.905611,0.987703,0.987703,0,0.91001,0.757591,0.0374016,613,0.485362,0.3,0.3,0.714519,0.758564,63.6,3229.91,3638.74,-145.7,608.896,4515.89,1690.74,102.37,-35.5928,26.8212,143.2,81.85,262.24,25.1985,40.742,511.53,517.83
hpf_ca1__202567_005_edited.swc,24360,pyramidal,0.997486,21323,1239,1797,0,0,0,0,0,0,0,0,0,0,0.442584,0.278999,0.3,0.3,0.3,0.3,0.3,0.792898,0.792898,0.792898,0.792898,0.792898,0.3665,0.3,0.904235,0.987703,0.987703,0,0.969228,0.982145,0.0189204,508,0.558982,0.3,0.3,0.624016,0.627953,114.9,3384.24,3775.67,-274.77,648.608,3692.76,2321.06,193.56,-5.25856,32.146,184.59,268.06,317.96,42.2458,51.242,287.45,374.18
hpf_ca1__202664_004_edited.swc,29137,pyramidal,0.997016,25583,1144,2409,0,0,0,0,0,0,0,0,0,0,0.447272,0.282352,0.3,0.3,0.3,0.3,0.3,0.786114,0.786114,0.786114,0.786114,0.786114,0.374427,0.3,0.892819,0.983495,0.987703,0.00611888,0.966003,0.982145,0.0236613,413,0.590522,0.3,0.3,0.583535,0.588378,183.2,7185.51,3838.65,-128.105,841.608,5879.92,3002.03,181.82,-3.31101,40.4798,185.34,208.01,348.82,52.59,54.0901,352.47,500.45
hpf_ca1__202664_011_edited.swc,29016,pyramidal,0.997665,25160,1398,2457,0,0,0,0,0.00112374,0,0,0,0,0,0.431224,0.27026,0.3,0.3,0.3,0.3,0.3,0.809209,0.809209,0.809209,0.809209,0.809209,0.35473,0.3,0.921184,0.987099,0.987703,0,0.898019,0.3,0.123321,493,0.559036,0.3,0.3,0.624746,0.63286,140.8,3907.22,3986.19,-48.8604,875.847,3228.14,2053.76,202.48,-33.8749,37.5677,184.08,260.57,462.86,-34.1665,68.1924,403.9,490.52
hpf_ca1__202666_007_edited.swc,36296,pyramidal,0.995178,34578,1717,0,0,0,0,0,0,0,0,0,0,0,0.430434,0.270849,0.3,0.3,0.3,0.3,0.3,0.811742,0.811742,0.811742,0.811742,0.811742,0.405291,0.3,0.848372,0.936436,0.987703,0.0745486,0,0,0,877,0.474455,0.3,0.3,0.749145,0.752566,107,7188.34,1845.31,427.285,368.693,1695.37,1355.35,467.67,-5.30225,108.93,467.11,231.23,0,0,0,0,0
hpf_ca1__202666_021_edited.swc,14070,pyramidal,0.997695,11529,788,1752,0,0,0,0,0,0,0,0,0,0,0.508356,0.316195,0.3,0.3,0.3,0.3,0.3,0.697228,0.697228,0.697228,0.697228,0.697228,0.40432,0.3,0.84977,0.987703,0.987703,0,0.977081,0.982145,0.00742009,256,0.735657,0.3,0.3,0.375,0.375,130,7033.55,2998.26,-481.758,727.288,4459.49,2934.66,172.64,-30.4461,36.6492,158.97,259.31,421.09,107.929,87.8372,415.15,426.31
hpf_ca1__202666_023_edited.swc,26025,pyramidal,0.996979,24245,1779,0,0,0,0,0,0.00040388,0,0,0,0,0,0.406603,0.248184,0.3,0.3,0.3,0.3,0.3,0.843151,0.845495,0.848338,0.849875,0.849875,0.389217,0.3,0.87152,0.643214,0.3,0.532884,0,0,0,768,0.398566,0.3,0.3,0.865885,0.86849,87.3,7099.13,2614.63,106.369,635.205,5488.49,2951.08,337.45,27.5285,60.7388,236.31,583,0,0,0,0,0
hpf_ca1__202668_001_edited.swc,54453,pyramidal,0.993693,52054,2398,0,0,0,0,0,0,0,0,0,0,0,0.65829,0.346759,0.3,0.3,0.3,0.3,0.987703,0.483646,0.483646,0.483646,0.483646,0.483646,0.646094,0.3,0.501594,0.922891,0.987703,0.0942452,0,0,0,1274,0.749301,0.3,0.3,0.350078,0.380691,105,3609.46,1724.02,-191.153,266.521,1422.06,1151.99,481.2,-50.2744,100.135,374.55,421.26,0,0,0,0,0
hpf_ca1__202668_019_edited.swc,29031,pyramidal,0.99696,27498,1532,0,0,0,0,0,0,0,0,0,0,0,0.341806,0.164091,0.3,0.3,0.3,0.3,0.3,0.938273,0.940546,0.940546,0.940546,0.940546,0.329116,0.3,0.95807,0.569144,0.3,0.626632,0,0,0,1291,0.327391,0.3,0.3,0.959721,0.96282,58,4599.89,3576.17,322.407,858.745,5350.7,3240.47,341.87,-61.929,79.2068,501.26,689.89,0,0,0,0,0
hpf_ca1__202669_011_edited.swc,47086,pyramidal,0.99755,44312,2773,0,0,0,0,0,0,0,0,0,0,0,0.395903,0.239027,0.3,0.3,0.3,0.3,0.3,0.861339,0.861339,0.861339,0.861339,0.861339,0.359988,0.3,0.913613,0.969599,0.987703,0.0263253,0,0,0,1833,0.392575,0.3,0.3,0.866339,0.867976,56.8,7545.83,3928.34,-248.779,1047.3,5770.57,5548.82,545.9,23.4568,104.379,727.44,429.21,0,0,0,0,0
hpf_ca1__202669_013_edited.swc,20572,pyramidal,0.99741,17488,941,2142,0,0,0,0,0.00195811,0,0,0,0,0,0.550997,0.331826,0.3,0.3,0.3,0.3,0.3,0.635864,0.63635,0.63635,0.63635,0.63635,0.474991,0.3,0.747999,0.981663,0.972425,0.010627,0.982131,0.982145,0,376,0.740361,0.3,0.3,0.369681,0.393617,138,4266.1,2665,255.275,660.324,4277.22,3045.59,223.59,27.8222,41.2163,173.18,305.05,356.95,-38.1959,65.0638,306.02,524.88
hpf_ca1__202669_014_edited.swc,34142,pyramidal,0.996023,32487,1654,0,0,0,0,0,0,0,0,0,0,0,0.327209,0.134099,0.3,0.3,0.3,0.3,0.3,0.960459,0.960459,0.960459,0.960459,0.960459,0.301753,0.3,0.997476,0.826796,0.3,0.233978,0,0,0,1043,0.322401,0.3,0.3,0.966443,0.967402,87.8,3732.06,4518.93,1558.26,1046.86,4895.56,5867.71,502.56,47.5457,100.544,532.68,386.73,0,0,0,0,0
hpf_ca1__202671_012_edited.swc,15254,pyramidal,0.993863,13740,1513,0,0,0,0,0,0,0,0,0,0,0,0.60794,0.344364,0.3,0.3,0.3,0.3,0.3,0.555658,0.555658,0.555658,0.555658,0.555658,0.57195,0.3,0.60837,0.934523,0.987703,0.0773298,0,0,0,565,0.634548,0.3,0.3,0.516814,0.529204,63,5053.25,1697.28,-487.807,352.813,987.78,517.19,538.83,-69.9513,118.532,454.99,288.13,0,0,0,0,0
hpf_ca1__202674_001_edited.swc,32716,pyramidal,0.996266,29658,0,3057,0,0,0,0,8.61298e-05,0,0,0,0,0,0.39666,0.221845,0.3,0.3,0.3,0.3,0.3,0.822808,0.861047,0.886875,0.889901,0.895525,0.369094,0.3,0.900499,0,0,0,0.663904,0.507223,0.754989,616,0.490317,0.3,0.3,0.788961,0.800325,124,4095.89,4918.8,677.527,1107.16,6030.89,5150.93,0,0,0,0,0,469.54,-55.3247,97.6432,308.63,414.87
hpf_ca1__202674_003_edited.swc,17479,pyramidal,0.960094,15355,2123,0,0,0,0,0,0,0,0,0,0,0,0.837557,0.28952,0.3,0.3,0.3,0.987703,0.994405,0.224841,0.224841,0.224841,0.224841,0.224841,0.830403,0.3,0.236145,0.889229,0.3,0.143194,0,0,0,573,0.861873,0.3,0.3,0.183246,0.202443,72.8,4208.78,1101.89,-49.8466,194.465,607.57,672.87,428.05,22.644,84.2229,209.61,436.58,0,0,0,0,0
hpf_ca1__202674_006_edited.swc,38871,pyramidal,0.997305,36648,748,1474,0,0,0,0,0,0,0,0,0,0,0.380869,0.21874,0.3,0.3,0.3,0.3,0.3,0.876926,0.876926,0.889198,0.889352,0.890072,0.356806,0.3,0.918195,0.987703,0.987703,0,0.670778,0.3,0.620081,427,0.477774,0.3,0.3,0.75644,0.772834,233.4,3748.58,5851.07,779.612,1132.99,6332.4,5336.1,202.1,-19.7062,41.9746,176,197.95,526.01,48.2253,108.942,407.92,480.94
hpf_ca1__202674_035_edited.swc,45387,pyramidal,0.995178,42282,3104,0,0,0,0,0,0,0,0,0,0,0,0.646552,0.346838,0.3,0.3,0.3,0.3,0.3,0.500408,0.500408,0.500408,0.500408,0.500408,0.631485,0.3,0.522634,0.851669,0.3,0.197809,0,0,0,1021,0.680935,0.3,0.3,0.449559,0.470127,98,3250.88,1899.11,-17.1886,264.682,2178.17,997.22,468.11,-33.0159,93.8015,656.51,408.09,0,0,0,0,0
hpf_ca1__202674_041_edited.swc,3799,pyramidal,0.766459,0,1234,2564,0,0,0,0,0.00109981,0,0,0,0,0,0.883582,0.220818,0.3,0.3,0.502067,0.981148,0.981148,0.0971308,0.147934,0.154514,0.185838,0.188207,0,0,0,0.984359,0.987703,0.00486224,0.835034,0.3,0.226599,175,0.851833,0.3,0.380416,0.205714,0.257143,50.6,3541.97,0,0,0,0,0,312.48,49.0389,73.3582,230.33,389.12,416.03,-51.541,83.4719,629.07,592.52
hpf_ca1__202679_004_edited.swc,46331,pyramidal,0.996921,44586,1744,0,0,0,0,0,0,0,0,0,0,0,0.353457,0.184676,0.3,0.3,0.3,0.3,0.3,0.922687,0.922687,0.922687,0.922687,0.922687,0.331024,0.3,0.955322,0.926583,0.987703,0.0888761,0,0,0,1511,0.35376,0.3,0.3,0.920582,0.923891,84,3563.03,4509.03,-711.767,1375.77,3379.46,3396.9,498.39,71.9835,113.866,390.22,621.34,0,0,0,0,0
hpf_ca1__202679_020_edited.swc,30391,pyramidal,0.997608,26550,1394,2446,0,0,0,0,0,0,0,0,0,0,0.452073,0.285671,0.3,0.3,0.3,0.3,0.3,0.779178,0.779178,0.779178,0.779178,0.779178,0.377182,0.3,0.888851,0.974383,0.987703,0.0193687,0.967077,0.982145,0.0220769,513,0.581263,0.3,0.3,0.592593,0.60039,154,8396.36,1779.8,196.196,333.043,3062.45,2667.26,265.41,56.5165,50.1736,229.18,282.56,321.42,-65.4639,55.78,349.3,460.73
hpf_ca1__202679_023_edited.swc,21367,pyramidal,0.901704,18061,3305,0,0,0,0,0,0,0,0,0,0,0,0.752215,0.321315,0.3,0.3,0.3,0.3,0.994405,0.324238,0.324238,0.372209,0.372397,0.372397,0.738072,0.3,0.369027,0.829423,0.641609,0.389713,0,0,0,1286,0.733235,0.3,0.3,0.388802,0.390358,35,8070.58,899.4,-109.375,156.898,578.49,645.04,344.38,17.8342,74.2822,621.71,384.64,0,0,0,0,0
hpf_ca1__202679_024_edited.swc,22117,pyramidal,0.997046,19349,1107,1660,0,0,0,0,0,0,0,0,0,0,0.468523,0.29627,0.3,0.3,0.3,0.3,0.3,0.755527,0.755527,0.755527,0.755527,0.755527,0.39654,0.3,0.860975,0.987703,0.987703,0,0.961021,0.981474,0.0307229,413,0.612605,0.3,0.3,0.559322,0.559322,138,3348.78,3411.66,83.6601,549.236,4174.61,1503.74,136.69,-20.2275,24.3828,168,235.14,272.55,34.6379,50.5588,221.58,366.56
hpf_ca1__202679_026_edited.swc,23480,pyramidal,0.994733,20445,1007,2027,0,0,0,0,0,0,0,0,0,0,0.459814,0.290727,0.3,0.3,0.3,0.3,0.3,0.76793,0.76793,0.76793,0.76793,0.76793,0.383077,0.3,0.880362,0.96585,0.987703,0.0317776,0.982145,0.982145,0,331,0.663539,0.3,0.3,0.480363,0.483384,181,3395.71,4319.09,266.396,997.759,5682.74,2414.29,176.11,24.5587,33.1648,197.12,260.89,315.59,49.514,50.3187,299.99,458.83
hpf_ca1__202680_001_edited.swc,45108,pyramidal,0.970593,42964,2143,0,0,0,0,0,0,0,0,0,0,0,0.628625,0.346418,0.3,0.3,0.3,0.3,0.3,0.526337,0.526337,0.526337,0.526337,0.526337,0.613827,0.3,0.548063,0.925126,0.987703,0.0909939,0,0,0,820,0.738893,0.3,0.3,0.37439,0.4,136.1,3089.76,1118.65,-207.423,167.464,1154.32,941.94,461.64,-28.5706,89.7726,331.18,288.73,0,0,0,0,0
hpf_ca1__202680_003_edited.swc,24213,pyramidal,0.994721,22223,1989,0,0,0,0,0,0,0,0,0,0,0,0.340659,0.150406,0.3,0.3,0.3,0.3,0.3,0.924297,0.949573,0.953496,0.953496,0.953496,0.301625,0.3,0.99766,0.776459,0.48905,0.460533,0,0,0,1040,0.34131,0.3,0.3,0.955769,0.956731,54.1,3219.51,1251.2,51.2933,226.422,1185.4,1163.14,290.33,21.0915,55.5481,503.42,166.5,0,0,0,0,0
hpf_ca1__202680_006_edited.swc,25446,pyramidal,0.995704,22113,1215,2117,0,0,0,0,0,0,0,0,0,0,0.432635,0.271332,0.3,0.3,0.3,0.3,0.3,0.807121,0.807121,0.807121,0.807121,0.807121,0.352866,0.3,0.923846,0.987703,0.987703,0,0.947021,0.982145,0.051488,547,0.564285,0.3,0.3,0.616088,0.619744,116,3112.57,3005.4,-383.615,561.092,3337.65,2286.87,146.29,-8.71893,24.0824,145.61,298.92,446.28,53.372,71.7769,330,640.64
hpf_ca1__202680_011_edited.swc,12491,pyramidal,0.997228,10061,1027,1402,0,0,0,0,0,0,0,0,0,0,0.464457,0.293039,0.3,0.3,0.3,0.3,0.3,0.760468,0.760468,0.760468,0.760468,0.760468,0.344518,0.3,0.935891,0.944847,0.987703,0.0623174,0.972886,0.982145,0.0135521,221,0.699559,0.3,0.3,0.41629,0.420814,97,8092.91,4154.41,-174.113,1012.33,4803.95,2366.59,176.64,3.46334,34.7119,275.45,193.55,501.29,-122.688,105.016,247.44,392.56
hpf_ca1__202680_012_edited.swc,99876,pyramidal,0.997539,95753,4122,0,0,0,0,0,0,0,0,0,0,0,0.481009,0.304541,0.3,0.3,0.3,0.3,0.3,0.738946,0.738946,0.738946,0.738946,0.738946,0.460132,0.3,0.769396,0.965848,0.987703,0.0317807,0,0,0,2483,0.499342,0.3,0.3,0.714056,0.724124,97,7779.92,5538.47,-907.43,895.916,6122.86,5703.58,604.28,6.84188,120.769,330.58,548.94,0,0,0,0,0
hpf_ca1__202680_030_edited.swc,27997,pyramidal,0.997467,23573,1067,3356,0,0,0,0,0,0,0,0,0,0,0.402891,0.244682,0.3,0.3,0.3,0.3,0.3,0.849734,0.849734,0.849734,0.849734,0.849734,0.317203,0.3,0.975226,0.987703,0.987703,0,0.818663,0.3,0.238677,322,0.592388,0.3,0.3,0.574534,0.583851,181.8,8236.45,4735.02,-1660.99,1123.21,6683.63,5408.13,182.58,9.9892,34.1773,212.9,200.5,736.44,-24.7032,111.62,594.36,711.12
hpf_ca1__202681_016_edited.swc,16928,pyramidal,0.997578,13896,966,2065,0,0,0,0,0,0,0,0,0,0,0.464989,0.293407,0.3,0.3,0.3,0.3,0.3,0.759747,0.759747,0.759747,0.759747,0.759747,0.354069,0.3,0.922136,0.987703,0.987703,0,0.966617,0.982145,0.0227603,338,0.633946,0.3,0.3,0.511834,0.514793,117,7941.35,3186.44,195.52,612.172,3990.26,1651.75,132.97,13.3902,22.6469,152.38,151.91,385.56,-96.4002,87.2565,300.78,316.93
hpf_ca1__202682_015_edited.swc,38863,pyramidal,0.996959,34976,0,3886,0,0,0,0,0,0,0,0,0,0,0.403147,0.231534,0.3,0.3,0.3,0.3,0.3,0.817436,0.847541,0.874971,0.875151,0.878651,0.367701,0.3,0.902505,0,0,0,0.722024,0.520306,0.62738,480,0.515643,0.3,0.3,0.78125,0.8,210.3,3379.36,4485.42,539.249,1206.97,7078.17,4124.05,0,0,0,0,0,313.08,9.78598,36.3408,329.89,628.82
hpf_ca1__202682_017_edited.swc,16363,pyramidal,0.997626,12938,1185,2239,0,0,0,0,0,0,0,0,0,0,0.479682,0.301676,0.3,0.3,0.3,0.3,0.3,0.738129,0.738129,0.738129,0.738129,0.738129,0.346158,0.3,0.933529,0.987703,0.987703,0,0.982144,0.982145,0,338,0.649971,0.3,0.3,0.488166,0.488166,103.3,3150.79,2620.59,-155.513,399.449,3778.69,2071.26,166.06,-16.4956,33.2078,186.97,165.2,287.55,41.7982,47.9729,301.48,463.12
hpf_ca1__202803_002_edited.swc,58789,pyramidal,0.997523,55646,1252,1890,0,0,0,0,0,0,0,0,0,0,0.361528,0.196777,0.3,0.3,0.3,0.3,0.3,0.910936,0.910936,0.910936,0.910936,0.910936,0.339171,0.3,0.94359,0.987703,0.987703,0,0.604615,0.3,0.553439,523,0.46802,0.3,0.3,0.764818,0.778203,255,9193.49,4000.63,-760.652,1236.13,5225.77,2850.37,247.66,10.0214,46.9445,176.95,224.12,450.28,-187.377,131.662,523.62,438.17
hpf_ca1__202807_022_edited.swc,75846,pyramidal,0.997202,72358,1240,2247,0,0,0,0,0,0,0,0,0,0,0.347285,0.174015,0.3,0.3,0.3,0.3,0.3,0.931229,0.931229,0.931229,0.931229,0.931229,0.32094,0.3,0.969844,0.987703,0.987703,0,0.841939,0.3,0.202047,903,0.443889,0.3,0.3,0.791805,0.79402,220.6,9064.97,4707.01,-1963.9,1277.25,6039.84,4228.13,236.86,8.4471,39.9773,107.53,264.16,563.42,-258.631,160.439,190.62,639.9
hpf_ca1__202807_028_edited.swc,38279,pyramidal,0.997211,36460,1818,0,0,0,0,0,0,0,0,0,0,0,0.410102,0.253354,0.3,0.3,0.3,0.3,0.3,0.84114,0.84114,0.84114,0.84114,0.84114,0.392867,0.3,0.866264,0.755443,0.3,0.337734,0,0,0,786,0.449899,0.3,0.3,0.784987,0.791349,121.5,8707.27,2445.3,788.246,735.862,1876.71,2495.36,300.93,-89.2745,76.9016,521.84,464.34,0,0,0,0,0
hpf_ca1__202809_005_edited.swc,42184,pyramidal,0.994215,38018,1323,2842,0,0,0,0,0,0,0,0,0,0,0.408572,0.25085,0.3,0.3,0.3,0.3,0.3,0.842215,0.842215,0.842215,0.842215,0.842215,0.348439,0.3,0.930244,0.986144,0.987703,0.00226757,0.943907,0.981639,0.0559465,475,0.604192,0.3,0.3,0.557895,0.572632,230.6,7896.48,5090.45,-261.319,1432.94,6199.69,3543.27,137.09,17.0154,27.5678,135.82,322.62,432.03,-5.74382,69.6097,253.36,513.12
hpf_ca1__202829_049_edited.swc,46877,pyramidal,0.997486,42054,2316,2506,0,0,0,0,0,0,0,0,0,0,0.413589,0.25559,0.3,0.3,0.3,0.3,0.3,0.835058,0.835058,0.835058,0.835058,0.835058,0.350527,0.3,0.927236,0.987703,0.987703,0,0.941033,0.982145,0.0602554,857,0.498633,0.3,0.3,0.710618,0.716453,142.4,7481.57,3687.41,-831.186,749.067,5955.94,5589.18,294.02,-5.71124,51.7241,305.29,171.19,390.52,-6.30742,62.8859,344.33,707.66
hpf_ca1__202829_057_edited.swc,15510,pyramidal,0.997274,12146,1224,2139,0,0,0,0,0,0,0,0,0,0,0.50626,0.314939,0.3,0.3,0.3,0.3,0.3,0.699807,0.699807,0.699807,0.699807,0.699807,0.379926,0.3,0.8849,0.987703,0.987703,0,0.947904,0.982145,0.0495559,314,0.659996,0.3,0.3,0.477707,0.480892,112.7,7982.01,3107.95,-132.627,687.101,4163.14,2368.21,218.65,1.22022,36.1098,174.2,185.88,345.87,-76.2828,72.4216,358.54,457.42
hpf_ca1__202829_061_edited.swc,35800,pyramidal,0.961403,32891,2908,0,0,0,0,0,0,0,0,0,0,0,0.959845,0.149959,0.3,0.987703,0.987703,0.994405,0.994405,0.0491061,0.0491061,0.0491061,0.0491061,0.0491061,0.966705,0.994405,0.0398893,0.88223,0.3,0.15337,0,0,0,1687,0.975743,0.3,0.987703,0.0243035,0.0290456,47.4,8021.39,999.57,76.1601,147.245,849.86,622.45,423.39,4.51452,74.5619,464.12,480.03,0,0,0,0,0
hpf_ca1__202829_066_edited.swc,18700,pyramidal,0.996771,15591,1192,1916,0,0,0,0,0.000658928,0,0,0,0,0,0.453669,0.286286,0.3,0.3,0.3,0.3,0.3,0.77631,0.77631,0.77631,0.77631,0.77631,0.353313,0.3,0.923225,0.984667,0.987703,0.0033557,0.939657,0.981419,0.0621086,444,0.617562,0.3,0.3,0.538288,0.540541,94.1,7519.8,4537.21,242.751,1061.61,3955.91,2124.76,151.9,-4.985,29.7226,188.75,226.62,351.55,-50.1348,61.7941,318.84,380.94
hpf_ca1__202829_095_edited.swc,8287,pyramidal,0.991842,5986,922,1378,0,0,0,0,0,0,0,0,0,0,0.524378,0.321635,0.3,0.3,0.3,0.3,0.3,0.67262,0.67262,0.67262,0.67262,0.67262,0.350694,0.3,0.926996,0.987703,0.987703,0,0.96851,0.981024,0.0181422,296,0.607734,0.3,0.3,0.550676,0.550676,69.5,3632.04,911.78,-185.331,190.476,2078.86,915.85,184.04,-13.7457,34.1202,208.46,228.58,271.07,52.6948,58.056,409.53,263.38
hpf_ca1__202829_099_edited.swc,12775,pyramidal,0.997331,10343,932,1499,0,0,0,0,0,0,0,0,0,0,0.454835,0.286687,0.3,0.3,0.3,0.3,0.3,0.774168,0.774168,0.774168,0.774168,0.774168,0.330343,0.3,0.956202,0.987703,0.987703,0,0.982142,0.982145,0,503,0.499038,0.3,0.3,0.709742,0.709742,55,3789.04,2505.45,98.1054,500.104,3194.59,1459.2,158.48,8.12844,30.0335,182.25,112.78,315.74,56.1996,70.2706,245.58,402.86
hpf_ca1__202829_121_edited.swc,11462,pyramidal,0.997238,8481,972,2008,0,0,0,0,0.00204624,0,0,0,0,0,0.505637,0.313273,0.3,0.3,0.3,0.3,0.3,0.698656,0.698656,0.698656,0.698656,0.70869,0.344705,0.3,0.935621,0.982751,0.987703,0.00720165,0.954148,0.981148,0.0328685,269,0.684836,0.3,0.3,0.434944,0.442379,91.8,7636.93,3410.69,157.994,779.863,3493.13,1565.55,246.87,-5.71531,42.4391,224.26,142.27,238.2,-19.5632,38.5836,428.67,402.72
hpf_ca1__202831_001_edited.swc,15834,pyramidal,0.995401,14472,1361,0,0,0,0,0,0,0,0,0,0,0,0.443713,0.280623,0.3,0.3,0.3,0.3,0.3,0.792219,0.792219,0.792219,0.792219,0.792219,0.394939,0.3,0.863253,0.961933,0.987703,0.0374724,0,0,0,743,0.467811,0.3,0.3,0.757739,0.760431,54,3826.12,3849.39,69.809,782.468,4154.45,1983.25,388,2.57975,94.9511,507.46,358.09,0,0,0,0,0
hpf_ca1__210009_012_edited.swc,17495,pyramidal,0.997541,14675,1106,1713,0,0,0,0,0,0,0,0,0,0,0.438964,0.275819,0.3,0.3,0.3,0.3,0.3,0.797542,0.797542,0.797542,0.797542,0.797542,0.334164,0.3,0.950801,0.987703,0.987703,0,0.982145,0.982145,0,424,0.562751,0.3,0.3,0.617925,0.620283,99.1,2442.73,3049.75,64.5245,540.043,4102.03,1718.52,157.34,-45.6013,34.9817,168.35,262.46,346.24,163.248,88.9898,393.06,340.8
hpf_ca1__210009_025_edited.swc,31946,pyramidal,0.996737,28783,717,2445,0,0,0,0,0.0038641,0,0,0,0,0,0.446607,0.280109,0.3,0.3,0.3,0.3,0.3,0.784386,0.784386,0.784386,0.784386,0.797032,0.390798,0.3,0.868881,0.987703,0.987703,0,0.944692,0.844293,0.0200409,423,0.586353,0.3,0.3,0.586288,0.588652,197,2256.7,1420.59,86.5713,263.102,3163.64,2915.68,204.15,2.01767,46.2816,212.63,212.94,472.58,108.491,87.4814,284.82,481.59
hpf_ca1__210012_002_edited.swc,37117,pyramidal,0.997441,33191,1480,2445,0,0,0,0,0,0,0,0,0,0,0.418741,0.260071,0.3,0.3,0.3,0.3,0.3,0.827491,0.827491,0.827491,0.827491,0.827491,0.353538,0.3,0.922901,0.983986,0.987703,0.00540541,0.961482,0.982145,0.0302658,441,0.580042,0.3,0.3,0.598639,0.60771,214,2926.16,2723.53,-9.71807,392.23,3398.68,2140.84,171.95,16.8126,37.5868,155.13,297.97,284.34,69.386,50.7948,271.54,650.68
hpf_ca1__210013_014_edited.swc,16151,pyramidal,0.988903,11680,2062,2408,0,0,0,0,0,0,0,0,0,0,0.585922,0.339169,0.3,0.3,0.3,0.3,0.3,0.584546,0.584546,0.584546,0.584546,0.584546,0.441854,0.3,0.795719,0.987703,0.987703,0,0.940502,0.982145,0.0610465,282,0.766608,0.3,0.3,0.326241,0.340426,156.9,2357.77,1113.56,-41.4899,217.845,2093.26,1375.66,189.77,-28.518,35.5959,225.79,319.12,371.38,181.349,82.783,397.55,374.7
hpf_ca1__210014_017_edited.swc,62516,pyramidal,0.996852,59587,1027,1901,0,0,0,0,0,0,0,0,0,0,0.352324,0.182683,0.3,0.3,0.3,0.3,0.3,0.924179,0.924179,0.924179,0.924179,0.924179,0.330463,0.3,0.956131,0.987703,0.987703,0,0.693967,0.3,0.422409,642,0.432744,0.3,0.3,0.808411,0.820872,219,2062.82,4969.02,306.075,1212.24,4900.71,2467.72,154.84,-60.3255,34.3465,180.07,240.36,429.42,204.141,90.492,399.95,363.38
hpf_ca1__210014_024_edited.swc,56052,pyramidal,0.997367,53904,915,1232,0,0,0,0,0,0,0,0,0,0,0.338455,0.155916,0.3,0.3,0.3,0.3,0.3,0.941608,0.942714,0.944284,0.946639,0.948262,0.32293,0.3,0.966978,0.969665,0.987703,0.0262295,0.54839,0.3,0.633929,571,0.398848,0.3,0.3,0.859895,0.868651,226,2366.01,4656.55,690.023,1339.3,5278.66,3142.33,142.02,-23.5297,27.4063,284.3,326.58,381.82,179.117,85.3436,430.28,221.51
hpf_ca1__210014_033_edited.swc,73147,pyramidal,0.997365,70424,871,1851,0,0,0,0,0,0,0,0,0,0,0.347031,0.173417,0.3,0.3,0.3,0.3,0.3,0.931152,0.931562,0.932342,0.932342,0.932342,0.326702,0.3,0.961547,0.951737,0.987703,0.0998852,0.83559,0.3,0.213398,782,0.435416,0.3,0.3,0.806905,0.815857,248.9,2692.25,5067.51,1470.84,1320.35,7936.32,5489.83,193.59,0.508714,41.6006,189.3,267.21,373.33,52.832,77.6076,397.56,456.05
hpf_ca1__210014_037_edited.swc,12503,pyramidal,0.993466,9025,0,3477,0,0,0,0,0,0,0,0,0,0,0.50996,0.290919,0.3,0.3,0.3,0.3,0.3,0.628009,0.699672,0.74814,0.74814,0.75134,0.417337,0.3,0.831025,0,0,0,0.750232,0.49969,0.533218,237,0.65941,0.3,0.3,0.628692,0.64135,129.8,2387.94,1659.61,14.924,285.034,1934.94,2255.19,0,0,0,0,0,426.96,71.8566,89.4178,293.38,667.89
hpf_ca1__210014_055_edited.swc,39205,pyramidal,0.997303,36542,891,1771,0,0,0,0,0,0,0,0,0,0,0.37939,0.219876,0.3,0.3,0.3,0.3,0.3,0.884658,0.884658,0.884658,0.884658,0.884658,0.336391,0.3,0.947595,0.987703,0.987703,0,0.960235,0.981148,0.0316206,570,0.452099,0.3,0.3,0.789474,0.791228,202.1,3041.66,3586.78,1187.38,1123.12,7102.85,5238.74,242.22,-12.5479,52.6968,145.39,204.85,239.52,33.8088,47.1922,260.96,487.41
hpf_ca1__210014_061_edited.swc,45975,pyramidal,0.992685,43012,2962,0,0,0,0,0,0,0,0,0,0,0,0.414922,0.252183,0.3,0.3,0.3,0.3,0.3,0.817901,0.843132,0.843458,0.843545,0.843545,0.392701,0.3,0.866502,0.737396,0.3,0.509115,0,0,0,2394,0.393282,0.3,0.3,0.87218,0.874687,44,2827.43,5258.81,1494.3,1470.45,6219.3,5208.04,355.55,56.2964,76.0238,304.57,555.58,0,0,0,0,0
hpf_ca1__210014_069_edited.swc,17111,pyramidal,0.997567,14830,718,1562,0,0,0,0,0,0,0,0,0,0,0.393084,0.23457,0.3,0.3,0.3,0.3,0.3,0.863947,0.863947,0.863947,0.863947,0.863947,0.303278,0.3,0.99528,0.98483,0.987703,0.00417827,0.973336,0.981639,0.0128041,305,0.521307,0.3,0.3,0.67541,0.67541,139.2,2054.12,2371.55,307.306,333.823,3324.03,2070.35,202.17,-50.6006,40.9439,155.46,257.28,468.39,191.768,135.163,323.31,331.72
hpf_ca1__210014_074_edited.swc,26033,pyramidal,0.997063,23335,1114,1583,0,0,0,0,0,0,0,0,0,0,0.393668,0.235732,0.3,0.3,0.3,0.3,0.3,0.863635,0.863635,0.863635,0.863635,0.863635,0.32586,0.3,0.96276,0.987703,0.987703,0,0.974815,0.982145,0.0107391,503,0.479912,0.3,0.3,0.737575,0.741551,124.6,2055.81,4174.61,1395.6,1699.27,6505.1,3326.48,181.27,-38.18,31.2865,252.18,163.39,402.9,181.167,102.93,243.32,690.7
hpf_ca1__210014_079_edited.swc,24852,pyramidal,0.997199,21457,1167,2227,0,0,0,0,0,0,0,0,0,0,0.516558,0.320179,0.3,0.3,0.3,0.3,0.3,0.686102,0.686102,0.686102,0.686102,0.686102,0.443334,0.3,0.793587,0.981221,0.987703,0.00942588,0.978351,0.981639,0.00538841,416,0.671945,0.3,0.3,0.466346,0.478365,144.5,2603.36,3537.65,505.016,799.234,5200.48,2230.81,180.62,-11.9157,38.2006,205.18,227.05,388.32,119.826,81.665,296.43,454
hpf_ca1__210107_018_edited.swc,19372,pyramidal,0.997567,15842,1178,2351,0,0,0,0,0,0,0,0,0,0,0.475853,0.299933,0.3,0.3,0.3,0.3,0.3,0.744167,0.744167,0.744167,0.744167,0.744167,0.369519,0.3,0.899886,0.987119,0.987703,0.000848896,0.935975,0.981148,0.0676308,282,0.693422,0.3,0.3,0.421986,0.443262,186.8,8376.78,3108.51,327.743,618.21,2266.63,2638.84,167,10.2711,34.3773,169.31,325.88,453.18,-76.3224,74.9187,428.14,475.81
hpf_ca1__210107_026_edited.swc,17838,pyramidal,0.997631,15135,868,1834,0,0,0,0,0,0,0,0,0,0,0.478418,0.301625,0.3,0.3,0.3,0.3,0.3,0.740778,0.740778,0.740778,0.740778,0.740778,0.388137,0.3,0.873076,0.987703,0.987703,0,0.982143,0.982145,0,594,0.512009,0.3,0.3,0.691919,0.695286,64,8483.95,2476.35,113.911,383.071,3846.99,1805.65,162.17,20.1394,30.5405,161.58,157.68,236.49,-60.1182,41.0588,332.07,453.07
hpf_ca1__210107_029_edited.swc,12726,pyramidal,0.997332,10765,826,1134,0,0,0,0,0.00225594,0,0,0,0,0,0.452264,0.285454,0.3,0.3,0.3,0.3,0.3,0.778485,0.778485,0.778485,0.778485,0.778485,0.355668,0.3,0.919833,0.987164,0.987703,0,0.979137,0.982145,0.00440917,221,0.672247,0.3,0.3,0.461538,0.466063,139,8058.57,2534.3,-465.995,719.959,4047.16,2524.26,128.21,-0.352906,24.1974,186.48,142.76,252.49,-78.1579,44.0463,342.57,504.17
hpf_ca1__210107_034_edited.swc,23453,pyramidal,0.996874,20268,0,3184,0,0,0,0,0.000161603,0,0,0,0,0,0.442416,0.268244,0.3,0.3,0.3,0.3,0.3,0.770434,0.792223,0.801731,0.805526,0.823349,0.380137,0.3,0.884596,0,0,0,0.838683,0.527666,0.274497,405,0.546737,0.3,0.3,0.681481,0.693827,148.6,3778.04,4862.7,-257.933,1026.29,3236.23,2484.25,0,0,0,0,0,429.75,42.9073,72.5737,470.45,534.37
hpf_ca1__210107_047_edited.swc,23770,pyramidal,0.997633,20667,1025,2077,0,0,0,0,0,0,0,0,0,0,0.460587,0.291215,0.3,0.3,0.3,0.3,0.3,0.766807,0.766807,0.766807,0.766807,0.766807,0.383126,0.3,0.880292,0.98502,0.987703,0.00390244,0.972292,0.982145,0.0144439,351,0.642773,0.3,0.3,0.501425,0.518519,140,3247.42,4573.62,-328.53,1083.25,5437.05,2586.67,207.32,-37.3074,41.9729,218.73,203.69,303.49,43.7273,55.7436,194.07,470.56
hpf_ca1__210107_052_edited.swc,22328,pyramidal,0.997192,20047,1029,1251,0,0,0,0,0,0,0,0,0,0,0.417745,0.259264,0.3,0.3,0.3,0.3,0.3,0.829004,0.829004,0.829004,0.829004,0.829004,0.35369,0.3,0.922682,0.986367,0.987703,0.00194363,0.976025,0.981639,0.00879297,480,0.494715,0.3,0.3,0.716667,0.71875,119,3127.89,3323.37,116.197,669.468,4542.35,2402.91,173.47,-38.701,35.3473,192.12,166.37,225.53,81.1232,43.0211,242.71,429.36
hpf_ca1__210107_053_edited.swc,15647,pyramidal,0.997571,12880,942,1824,0,0,0,0,0.000899461,0,0,0,0,0,0.463574,0.292492,0.3,0.3,0.3,0.3,0.3,0.761743,0.761743,0.761743,0.761743,0.761743,0.351806,0.3,0.925388,0.987115,0.987703,0,0.982142,0.982145,0,497,0.531485,0.3,0.3,0.661972,0.663984,78.4,3173.77,2850.52,-229.86,566.885,2656.65,2259.18,206.59,-22.7812,38.6833,167.07,249.23,257.53,62.8987,45.1739,399.67,405.54
hpf_ca1__210109_004_edited.swc,123646,pyramidal,0.996451,119251,4394,0,0,0,0,0,0,0,0,0,0,0,0.344245,0.166806,0.3,0.3,0.3,0.3,0.3,0.933366,0.935008,0.935008,0.935008,0.944252,0.323013,0.3,0.96686,0.920331,0.871753,0.0707783,0,0,0,953,0.455892,0.3,0.3,0.776495,0.779643,327.8,8321.97,7654.53,-1759.39,2228.01,4720.22,3152.45,439.61,-30.1756,83.0656,565.99,296.76,0,0,0,0,0
hpf_ca1__210109_007_edited.swc,30471,pyramidal,0.99588,27692,1218,1560,0,0,0,0,0,0,0,0,0,0,0.358211,0.191642,0.3,0.3,0.3,0.3,0.3,0.915526,0.915526,0.915526,0.915526,0.915526,0.325001,0.3,0.963997,0.88212,0.3,0.15353,0.53827,0.3,0.650641,514,0.383433,0.3,0.3,0.881323,0.88716,154.7,7930.11,3421.84,-674.845,1020.18,5588.04,4126.95,276.15,-17.517,54.0268,318.91,260.47,566.43,-276.679,157.423,394.19,308.87
hpf_ca1__210109_046_edited.swc,10967,pyramidal,0.99757,8686,833,1447,0,0,0,0,0.00701455,0,0,0,0,0,0.474802,0.298628,0.3,0.3,0.3,0.3,0.3,0.74478,0.74478,0.74478,0.74478,0.74478,0.344769,0.3,0.935528,0.983455,0.967439,0,0.96218,0.981474,0.0290256,210,0.710416,0.3,0.3,0.4,0.4,142.4,8281.5,2898.73,607.879,812.79,3549.67,2716.12,120.65,10.7168,24.8436,232.74,180.99,235.1,-56.5085,46.2126,371.13,347.07
hpf_ca1__210110_003_edited.swc,26920,pyramidal,0.99724,23621,1109,2189,0,0,0,0,0.00242629,0,0,0,0,0,0.43968,0.276771,0.3,0.3,0.3,0.3,0.3,0.796991,0.796991,0.796991,0.796991,0.796991,0.364175,0.3,0.907582,0.987141,0.984234,0,0.976821,0.982145,0.0077661,450,0.580547,0.3,0.3,0.591111,0.595556,133.2,3882.58,3848.72,414.676,946.479,5810.29,2998.45,220.2,38.8488,44.5198,156.92,271.19,291.43,73.9619,70.4432,324.1,446.85
hpf_ca1__210110_007_edited.swc,13354,pyramidal,0.996322,10141,1036,2176,0,0,0,0,0,0,0,0,0,0,0.602454,0.341897,0.3,0.3,0.3,0.3,0.3,0.560956,0.560956,0.560956,0.560956,0.560956,0.491181,0.3,0.724682,0.946547,0.987703,0.0598456,0.957024,0.981687,0.0367647,240,0.809994,0.3,0.3,0.258333,0.291667,131.2,3934.42,1944.76,673.871,640.142,3567.8,2461.8,290.04,19.3153,59.4431,119.91,381.88,382.29,1.96634,70.0033,267.29,448.86
hpf_ca1__210110_020_edited.swc,16349,pyramidal,0.99504,13890,873,1585,0,0,0,0,0,0,0,0,0,0,0.453676,0.286455,0.3,0.3,0.3,0.3,0.3,0.7765,0.7765,0.7765,0.7765,0.7765,0.361842,0.3,0.910943,0.987703,0.987703,0,0.963983,0.981639,0.0264984,419,0.548352,0.3,0.3,0.637232,0.642005,102.2,3099.22,3118.47,423.924,971.15,5225.14,2739.87,213.73,-33.0446,41.2441,178.58,136.61,299.98,34.0301,46.782,346,589.74
hpf_ca1__210110_022_edited.swc,14371,pyramidal,0.992447,11114,1143,2113,0,0,0,0,0,0,0,0,0,0,0.475457,0.299065,0.3,0.3,0.3,0.3,0.3,0.743929,0.743929,0.743929,0.743929,0.743929,0.326429,0.3,0.96194,0.987703,0.987703,0,0.981973,0.981602,0,439,0.522598,0.3,0.3,0.67426,0.67426,77,3041.24,1048.56,-176.871,159.711,1856.27,1226.04,188.25,-51.2064,46.7856,186.28,192.07,347.56,2.83046,56.8471,287.24,654.49
hpf_ca1__210110_047_edited.swc,12428,pyramidal,0.996196,9570,950,1907,0,0,0,0,0,0,0,0,0,0,0.521662,0.321176,0.3,0.3,0.3,0.3,0.3,0.677341,0.677341,0.677341,0.677341,0.677341,0.38359,0.3,0.879624,0.987703,0.987703,0,0.982144,0.982145,0,553,0.525699,0.3,0.3,0.670886,0.670886,55.8,8066.3,1047.54,-57.9093,164.689,2332.78,1048.31,167.45,-7.25384,36.3226,166.28,158.96,353.16,-137.828,82.0028,315.64,364.54
hpf_ca1__210111_005_edited.swc,35321,pyramidal,0.996949,31650,1477,2193,0,0,0,0,0,0,0,0,0,0,0.415892,0.257547,0.3,0.3,0.3,0.3,0.3,0.831602,0.831602,0.831602,0.831602,0.831602,0.349958,0.3,0.928057,0.987703,0.987703,0,0.982083,0.981639,0,839,0.497291,0.3,0.3,0.713945,0.715137,84.2,3591.9,3394.7,1465.82,838.586,5696.83,5265.15,302.1,19.5795,58.4388,165.66,340.51,478.83,-40.6778,108.646,346.82,505.93
hpf_ca1__210111_020_edited.swc,54632,pyramidal,0.997323,51466,1297,1868,0,0,0,0,8.39836e-05,0,0,0,0,0,0.347505,0.163447,0.3,0.3,0.3,0.3,0.3,0.917704,0.917704,0.922555,0.951182,0.951182,0.318282,0.3,0.973672,0.987703,0.987703,0,0.70777,0.697288,0.155246,704,0.430809,0.3,0.3,0.788352,0.869318,211,3323.5,4379.92,955.204,1194.15,6637.47,5541.04,212.39,0.870339,39.7722,147.05,236.15,325.65,-18.0045,69.8369,193.52,477.11
hpf_ca1__210111_095_edited.swc,22300,pyramidal,0.997695,19097,1377,1825,0,0,0,0,0,0,0,0,0,0,0.436228,0.274001,0.3,0.3,0.3,0.3,0.3,0.801794,0.801794,0.801794,0.801794,0.801794,0.345052,0.3,0.935121,0.987703,0.987703,0,0.973886,0.982145,0.0120548,348,0.62141,0.3,0.3,0.534483,0.537356,142.6,8509.06,4337.79,-724.199,1431.76,6948.45,3970.54,307.04,14.4598,55.8802,161.3,175.3,404.08,-96.6622,72.1148,185.92,629.37
hpf_ca1__210111_098_edited.swc,8997,pyramidal,0.966489,7146,1850,0,0,0,0,0,0,0,0,0,0,0,0.641986,0.312519,0.3,0.3,0.3,0.3,0.578594,0.407136,0.567634,0.582528,0.582528,0.585751,0.66207,0.3,0.478589,0.564212,0.497586,0.984324,0,0,0,363,0.756209,0.3,0.3,0.449036,0.449036,47.6,8496.89,2556.87,-145.103,599.624,2941.59,871.76,346.61,-15.2462,68.3602,292.45,526.8,0,0,0,0,0
hpf_ca1__210111_161_edited.swc,23406,pyramidal,0.995221,21480,1925,0,0,0,0,0,0,0,0,0,0,0,0.704579,0.341891,0.3,0.3,0.3,0.3,0.994405,0.416603,0.416603,0.416603,0.416603,0.416603,0.680953,0.3,0.451397,0.968055,0.987703,0.0285714,0,0,0,571,0.770581,0.3,0.3,0.323993,0.33275,99,2840.15,1323.34,-160.125,201.306,2021.85,1343.42,430.95,-48.6745,90.8034,391.86,271.9,0,0,0,0,0
hpf_ca1__210111_193_edited.swc,35410,pyramidal,0.972329,33607,1802,0,0,0,0,0,0,0,0,0,0,0,0.751932,0.330735,0.3,0.3,0.3,0.3,0.994405,0.348772,0.348772,0.348772,0.348772,0.348772,0.745442,0.3,0.358526,0.872832,0.3,0.167037,0,0,0,738,0.834115,0.3,0.3,0.228997,0.271003,119.3,8098.62,1381.3,-75.9327,188.746,1224.53,925.14,383.1,0.196171,61.6568,483.62,261.79,0,0,0,0,0
hpf_ca1__210132_004_edited.swc,18415,pyramidal,0.997273,15745,618,2051,0,0,0,0,0.00126886,0,0,0,0,0,0.459714,0.289454,0.3,0.3,0.3,0.3,0.3,0.766332,0.766332,0.766332,0.766332,0.77073,0.375549,0.3,0.891204,0.987703,0.987703,0,0.946471,0.945595,0.0390054,409,0.626588,0.3,0.3,0.523227,0.528117,118.2,7201.17,4560.84,29.3863,1001.72,5276.27,2596.69,97.81,12.1776,20.2313,159.44,197.35,317.82,-31.1492,40.0731,377.9,309.1
hpf_ca1__210248_012_edited.swc,66197,pyramidal,0.996796,61004,0,5192,0,0,0,0,0,0,0,0,0,0,0.375671,0.203663,0.3,0.3,0.3,0.3,0.3,0.867245,0.891853,0.90708,0.907231,0.908606,0.344545,0.3,0.935824,0,0,0,0.741278,0.531452,0.56953,726,0.479279,0.3,0.3,0.792011,0.804408,244,8743.21,4880.81,-630.137,1475.93,7515.05,4732,0,0,0,0,0,483.53,-52.5024,89.6164,259.06,617.82
hpf_ca1__210248_013_edited.swc,48435,pyramidal,0.996869,44628,1651,2155,0,0,0,0,0,0,0,0,0,0,0.425793,0.266422,0.3,0.3,0.3,0.3,0.3,0.817694,0.817694,0.817694,0.817694,0.817694,0.379399,0.3,0.885588,0.987703,0.987703,0,0.95581,0.981639,0.0385151,1007,0.559914,0.3,0.3,0.624628,0.626614,131.4,8173.23,4325.28,-1459.4,871.69,5669.49,5716.13,223.58,-1.98554,41.1686,221.4,163.4,274.42,-83.7314,66.5653,352.55,741.29
hpf_ca1__210248_026_edited.swc,31542,pyramidal,0.994487,27513,1600,2428,0,0,0,0,0.00371245,0,0,0,0,0,0.412154,0.253587,0.3,0.3,0.3,0.3,0.3,0.836377,0.836377,0.836377,0.836377,0.836377,0.334906,0.3,0.949733,0.982359,0.961762,0,0.911497,0.3,0.103377,411,0.590758,0.3,0.3,0.579075,0.581509,188,8044.55,3710.55,-941.294,1068.41,6517.52,5169.61,191.02,9.71743,39.0365,146.29,281.92,407.25,-49.6974,75.2604,340.07,686.85
hpf_ca1__210248_049_edited.swc,45997,pyramidal,0.993649,41640,1432,2924,0,0,0,0,0,0,0,0,0,0,0.420879,0.261933,0.3,0.3,0.3,0.3,0.3,0.824402,0.824402,0.824402,0.824402,0.824402,0.364204,0.3,0.907541,0.987703,0.987703,0,0.950175,0.981148,0.0444596,754,0.541409,0.3,0.3,0.651194,0.660477,160,8260.63,4445.14,-665.143,1357.96,5905.82,4715.59,222.21,7.12675,39.4812,175.26,268.64,393.1,-28.8651,66.9249,261.12,527.48
hpf_ca1__210249_008_edited.swc,23651,pyramidal,0.997706,20199,1285,2166,0,0,0,0,0,0,0,0,0,0,0.431773,0.270626,0.3,0.3,0.3,0.3,0.3,0.808338,0.808338,0.808338,0.808338,0.808338,0.348886,0.3,0.9296,0.970042,0.987703,0.0256809,0.885141,0.3,0.142198,304,0.61556,0.3,0.3,0.539474,0.549342,192.6,8874.27,4481.23,-770.006,1557.68,6372.17,3190.79,265.8,41.918,52.0728,189.48,202.44,496.54,-122.897,114.074,541.52,466.48
hpf_ca1__210253_001_edited.swc,29412,pyramidal,0.996806,27194,2217,0,0,0,0,0,0,0,0,0,0,0,0.353317,0.184102,0.3,0.3,0.3,0.3,0.3,0.922617,0.922617,0.922617,0.922617,0.922617,0.311235,0.3,0.98382,0.869209,0.3,0.172305,0,0,0,1359,0.32616,0.3,0.3,0.961001,0.96468,47.2,8033.02,2764.66,-1678.14,738.46,1998.51,1880.92,535.25,25.4668,94.6195,592.13,575.96,0,0,0,0,0
hpf_ca1__210253_003_edited.swc,29109,pyramidal,0.997619,25326,943,2839,0,0,0,0,0,0,0,0,0,0,0.433818,0.272147,0.3,0.3,0.3,0.3,0.3,0.805284,0.805284,0.805284,0.805284,0.805284,0.353357,0.3,0.923162,0.971659,0.987703,0.0233298,0.972741,0.982145,0.0137372,395,0.61819,0.3,0.3,0.539241,0.549367,178.8,8098,4262.68,-411.827,1228.1,6226.43,3822.82,188.37,0.66859,33.2527,157.37,449.49,514.82,-127.489,123.758,296.83,414.67
hpf_ca1__210253_004_edited.swc,26145,pyramidal,0.997363,22816,1161,2167,0,0,0,0,0,0,0,0,0,0,0.433038,0.27165,0.3,0.3,0.3,0.3,0.3,0.80654,0.80654,0.80654,0.80654,0.80654,0.354326,0.3,0.921765,0.979411,0.987703,0.0120586,0.96879,0.981639,0.0193816,384,0.570064,0.3,0.3,0.606771,0.614583,161.2,8146.83,3526.62,-665.058,1207.56,5348.9,3093.49,180.35,-2.86219,36.0829,191.72,231,244.36,-14.6309,36.6923,336.72,587.85
hpf_ca1__210253_014_edited.swc,37312,pyramidal,0.997685,34650,1109,1552,0,0,0,0,0,0,0,0,0,0,0.387772,0.229627,0.3,0.3,0.3,0.3,0.3,0.872508,0.872508,0.872508,0.872508,0.872508,0.342366,0.3,0.93899,0.987703,0.987703,0,0.972428,0.981419,0.0122423,541,0.524139,0.3,0.3,0.674677,0.678373,182,8649.43,4610.11,-1143.39,1529.55,6765.59,4981.48,190,12.2766,37.769,189.8,188.01,271.33,-85.8634,60.3388,304.9,366.66
hpf_ca1__210253_018_edited.swc,16666,pyramidal,0.997648,14256,859,1550,0,0,0,0,0,0,0,0,0,0,0.451283,0.284944,0.3,0.3,0.3,0.3,0.3,0.780091,0.780091,0.780091,0.780091,0.780091,0.365563,0.3,0.905584,0.978897,0.987703,0.0128056,0.946933,0.982145,0.0516129,303,0.629955,0.3,0.3,0.518152,0.524752,123.6,8693.08,4301.04,-694.045,1380.48,6464.42,3428.84,227.22,7.47155,38.6147,177.48,260.74,329.72,-143.473,84.9439,205.7,696.38
hpf_ca1__210665_038_edited.swc,18554,pyramidal,0.990483,15990,576,1987,0,0,0,0,0.000370587,0,0,0,0,0,0.445143,0.280325,0.3,0.3,0.3,0.3,0.3,0.788509,0.788509,0.788509,0.788509,0.789803,0.3598,0.3,0.913884,0.987703,0.987703,0,0.974364,0.981639,0.00855561,415,0.620157,0.3,0.3,0.53253,0.53253,99.2,2848.68,3243.88,182.835,700.743,4770.97,1993.97,142.59,-30.4448,28.3073,101.06,207.53,331.06,115.288,74.3666,397.71,446.26
hpf_ca1__210671_034_edited.swc,19598,pyramidal,0.996252,17112,677,1808,0,0,0,0,0,0,0,0,0,0,0.407972,0.249809,0.3,0.3,0.3,0.3,0.3,0.842586,0.842586,0.842586,0.842586,0.842586,0.326012,0.3,0.962541,0.987703,0.987703,0,0.966283,0.982145,0.0232301,311,0.617689,0.3,0.3,0.536977,0.543408,135,3025.03,2885.33,1488.3,967.247,5473.26,5327.3,106.51,-22.8511,23.2534,118.06,168.75,339.86,93.0471,67.4704,192.43,632.95
hpf_ca1__210671_035_edited.swc,8490,pyramidal,0.996585,6636,525,1328,0,0,0,0,0,0,0,0,0,0,0.454452,0.286003,0.3,0.3,0.3,0.3,0.3,0.774205,0.774205,0.774205,0.774205,0.774205,0.306592,0.3,0.990506,0.987703,0.987703,0,0.982082,0.981639,0,146,0.73952,0.3,0.3,0.356164,0.356164,123,3099.11,2807.65,1239.7,1040.93,4597.2,3113.68,148.24,-7.05728,27.078,110.31,129.96,285.79,87.8993,65.1752,241.94,485.73
hpf_ca1__210698_007_edited.swc,21438,pyramidal,0.997321,17680,1446,2311,0,0,0,0,0,0,0,0,0,0,0.465926,0.29408,0.3,0.3,0.3,0.3,0.3,0.758513,0.758513,0.758513,0.758513,0.758513,0.356676,0.3,0.918382,0.987703,0.987703,0,0.975023,0.982145,0.0103851,310,0.70546,0.3,0.3,0.406452,0.419355,164.1,7279.96,5128.06,215.421,1336.47,6531.22,3716.34,306.26,13.9683,52.8178,226.26,161.35,320.43,64.6674,61.3851,294.65,608.73
hpf_ca1__210698_026_edited.swc,16259,pyramidal,0.996881,13232,655,2371,0,0,0,0,0.00280155,0,0,0,0,0,0.498719,0.309464,0.3,0.3,0.3,0.3,0.3,0.707116,0.707116,0.707116,0.707116,0.723169,0.392254,0.3,0.86714,0.987703,0.987703,0,0.957582,0.831383,0.00970055,369,0.603818,0.3,0.3,0.544715,0.558266,93.2,7080.76,4163.69,423.763,1115.87,4917.06,3379.95,108.99,-17.1203,24.991,180.55,166.17,471.82,90.8301,81.2384,334.09,487.49
hpf_ca1__210701_011_edited.swc,46371,pyramidal,0.996824,32715,13655,0,0,0,0,0,0,0,0,0,0,0,0.400232,0.24312,0.3,0.3,0.3,0.3,0.3,0.854694,0.854694,0.854694,0.854694,0.854694,0.400916,0.3,0.853859,0.398549,0.3,0.856756,0,0,0,1650,0.401676,0.3,0.3,0.852121,0.855152,75,4543.18,1905.57,-108.436,394.977,1614.08,1278.55,1482.35,6.08382,266.745,2408.03,1148.27,0,0,0,0,0
hpf_ca1__210701_015_edited.swc,15767,pyramidal,0.996284,13440,690,1636,0,0,0,0,0,0,0,0,0,0,0.453766,0.287091,0.3,0.3,0.3,0.3,0.3,0.777066,0.777066,0.777066,0.777066,0.777066,0.396411,0.3,0.861161,0.984713,0.987703,0.00434783,0.700687,0.3,0.412592,302,0.60643,0.3,0.3,0.549669,0.569536,114.9,3861.62,4040.75,-212.233,935.565,4634.75,2233.92,195.89,-8.5601,42.2759,154.41,180.44,302.17,-21.0889,51.0241,270.92,512.05
hpf_ca1__210701_017_edited.swc,90478,pyramidal,0.996395,86023,3217,1237,0,0,0,0,0.000276446,0,0,0,0,0,0.320716,0.108719,0.3,0.3,0.3,0.3,0.3,0.96492,0.970998,0.971374,0.975353,0.978636,0.300702,0.3,0.998989,0.601956,0.3,0.606776,0.980554,0.981024,0,3154,0.323339,0.3,0.3,0.96988,0.972416,72,3591.28,2884.27,-417.747,491.172,2760.56,2603.84,719.29,37.7305,178.894,669.72,318,455.4,-133.8,118.618,236.69,256.25
hpf_ca1__210702_015_edited.swc,21220,pyramidal,0.992661,18089,1072,2058,0,0,0,0,0.00056099,0,0,0,0,0,0.455967,0.288015,0.3,0.3,0.3,0.3,0.3,0.773233,0.773233,0.773233,0.773233,0.773233,0.367602,0.3,0.902648,0.987301,0.987703,0,0.955627,0.982145,0.0388727,408,0.619589,0.3,0.3,0.539216,0.539216,138.7,4025.14,3404.56,0.607508,702.735,3168.47,1665.56,152.87,-1.49023,28.9521,150.07,216.58,347,-41.9434,68.8347,344.24,490.06
hpf_ca1__210702_029_edited.swc,22419,pyramidal,0.994742,21183,1235,0,0,0,0,0,0,0,0,0,0,0,0.548813,0.332681,0.3,0.3,0.3,0.3,0.3,0.641286,0.641286,0.641286,0.641286,0.641286,0.532878,0.3,0.664637,0.821764,0.3,0.241296,0,0,0,436,0.618852,0.3,0.3,0.550459,0.571101,122,4273.42,1287.21,-310.959,270.202,1894.65,1085.69,390.85,7.65198,67.1702,614.14,551.03,0,0,0,0,0
hpf_ca1__210703_019_edited.swc,44561,pyramidal,0.984043,42534,2026,0,0,0,0,0,0,0,0,0,0,0,0.693442,0.343841,0.3,0.3,0.3,0.3,0.994405,0.433024,0.433024,0.433024,0.433024,0.433024,0.683283,0.3,0.448042,0.906577,0.3,0.117966,0,0,0,932,0.767228,0.3,0.3,0.335837,0.364807,110,4877.38,1608.01,-56.0111,240.442,1412.13,1011.13,436.41,-17.1561,102.731,382.11,513.23,0,0,0,0,0
hpf_ca1__210703_025_edited.swc,22735,pyramidal,0.994806,21434,1300,0,0,0,0,0,0,0,0,0,0,0,0.350908,0.180282,0.3,0.3,0.3,0.3,0.3,0.926149,0.926149,0.926149,0.926149,0.926149,0.313186,0.3,0.981011,0.972362,0.987703,0.0223077,0,0,0,916,0.348267,0.3,0.3,0.930131,0.931223,61,4443.96,1546.04,-345.799,252.78,1184.56,932.6,185.45,-12.8011,35.9413,366.01,322.61,0,0,0,0,0
hpf_ca1__210711_011_edited.swc,17556,pyramidal,0.997688,14581,1069,1905,0,0,0,0,0,0,0,0,0,0,0.452244,0.285224,0.3,0.3,0.3,0.3,0.3,0.778252,0.778252,0.778252,0.778252,0.778252,0.344195,0.3,0.936356,0.987703,0.987703,0,0.978496,0.981639,0.00524934,366,0.643374,0.3,0.3,0.5,0.502732,132,3420.26,3306.56,-197.007,708.986,3836.34,2500.35,156.81,-12.994,28.357,130.24,195.94,302.1,78.0019,61.3123,315.67,195.25
hpf_ca1__210711_012_edited.swc,34008,pyramidal,0.996327,32367,1640,0,0,0,0,0,0,0,0,0,0,0,0.461682,0.293154,0.3,0.3,0.3,0.3,0.3,0.766761,0.766761,0.766761,0.766761,0.766761,0.443405,0.3,0.793432,0.822067,0.3,0.240854,0,0,0,572,0.537287,0.3,0.3,0.657343,0.671329,141.8,3811.91,1790.81,22.9271,276.298,2011.4,1160.18,439.74,-70.2675,115.189,591.57,336.83,0,0,0,0,0
hpf_ca1__210711_021_edited.swc,35761,pyramidal,0.993067,34194,1566,0,0,0,0,0,0,0,0,0,0,0,0.514469,0.320515,0.3,0.3,0.3,0.3,0.3,0.690725,0.690725,0.690725,0.690725,0.690725,0.49331,0.3,0.721618,0.976177,0.987693,0.0166028,0,0,0,625,0.649335,0.3,0.3,0.5072,0.5232,156.6,7922.29,1873.96,-137.682,312.911,1900.6,733.89,434.02,28.2695,96.8543,416.46,333.42,0,0,0,0,0
neuromorpho__011618Bc1_dendrites.swc,2195,interneuron,0.961676,0,2194,0,0,0,0,0,0,0,0,0,0,0,0.690121,0.317004,0.3,0.3,0.3,0.3,0.908046,0.396355,0.396355,0.396355,0.396355,0.396355,0,0,0,0.68998,0.3,0.396536,0,0,0,22,0.826721,0.3,0.582156,0.227273,0.318182,247.6,0,0,0,0,0,0,47,20.699,8.80099,357.43,1040.57,0,0,0,0,0
neuromorpho__020414-pos-div14-cs3.swc,4249,interneuron,0.958276,0,4248,0,0,0,0,0,0,0,0,0,0,0,0.999666,5.12187e-06,0.999666,0.999666,0.999666,0.999666,0.999666,0,0,0,0,0,0,0,0,0.999666,0.999666,0,0,0,0,87,0.99967,0.999666,0.999666,0,0,118.8,0,0,0,0,0,0,4,0.36323,0.822319,298.29,313.87,0,0,0,0,0
neuromorpho__020801-2-ST.swc,3598,interneuron,0.990922,2668,929,0,0,0,0,0,0,0,0,0,0,0,0.981337,0.107562,0.3,0.969809,0.999666,0.999666,0.999757,0.0241801,0.0241801,0.0241801,0.0241801,0.0241801,0.974947,0.999757,0.0326087,0.999666,0.999666,0,0,0,0,505,0.972773,0.3,0.999666,0.0356436,0.0376238,18,0,270.5,16.45,49.7776,500.1,767,182.5,15.6991,30.0754,378.3,239.3,0,0,0,0,0
neuromorpho__021518Bc2_dendrites.swc,3346,interneuron,0.919378,0,3345,0,0,0,0,0,0,0,0,0,0,0,0.475021,0.303025,0.3,0.3,0.3,0.3,0.3,0.749851,0.749851,0.749851,0.749851,0.749851,0,0,0,0.474864,0.3,0.750075,0,0,0,21,0.539758,0.3,0.3,0.761905,0.761905,417,0,0,0,0,0,0,51,9.00568,10.159,921.66,1277.06,0,0,0,0,0
neuromorpho__02b_pyramidal1aFI.swc,923,pyramidal,0.834011,217,705,0,0,0,0,0,0,0,0,0,0,0,0.825568,0.275892,0.3,0.3,0.3,0.84621,0.987703,0.212351,0.212351,0.212351,0.212351,0.303359,0.485886,0.3,0.709677,0.929875,0.84621,0.0595745,0,0,0,19,0.942338,0.3,0.847492,0.0526316,0.105263,109,-7.73,80.62,100.882,20.7281,23.66,295.01,115.89,1.0087,23.7286,235.8,217.56,0,0,0,0,0
neuromorpho__03-10-14-A.swc,1584,interneuron,0.981433,0,1583,0,0,0,0,0,0,0,0,0,0,0,0.999666,8.38704e-06,0.999666,0.999666,0.999666,0.999666,0.999666,0,0,0,0,0,0,0,0,0.999666,0.999666,0,0,0,0,29,0.999678,0.999666,0.999666,0,0,150.4,1,0,0,0,0,0,21.5,-5.54864,5.63485,29.58,93.89,0,0,0,0,0
neuromorpho__03-27-01-3wideArbor.swc,21099,interneuron,0.98168,19285,1813,0,0,0,0,0,0,0,0,0,0,0,0.861217,0.278829,0.3,0.3,0.3,0.999666,0.999757,0.197971,0.197971,0.197971,0.197971,0.197971,0.853455,0.3,0.209074,0.943708,0.999666,0.0799779,0,0,0,764,0.896113,0.3,0.3,0.145288,0.163613,66.7,0,219.16,45.0606,45.0532,1469.83,1529.51,58.91,4.36719,10.5972,281.84,504.37,0,0,0,0,0
neuromorpho__030225-4-PV.swc,5667,interneuron,0.997064,4641,1025,0,0,0,0,0,0,0,0,0,0,0,0.993103,0.067361,0.3,0.999666,0.999666,0.999757,0.999757,0.00935239,0.00935239,0.00935239,0.00935239,0.00935239,0.999643,0.999757,0,0.963488,0.999666,0.0517073,0,0,0,749,0.996979,0.3,0.999666,0.00267023,0.00400534,17,-1,110.5,11.2748,25.9418,920.2,363.5,73.5,3.73599,13.1814,429.1,537.3,0,0,0,0,0
neuromorpho__03b_pyramidal3aFI.swc,1266,pyramidal,0.906175,0,1265,0,0,0,0,0,0,0,0,0,0,0,0.817466,0.226614,0.3,0.3,0.568571,0.625646,0.981639,0.0774092,0.221169,0.388626,0.388626,0.388626,0,0,0,0.817321,0.568571,0.388933,0,0,0,39,0.843985,0.3,0.56708,0.358974,0.358974,82.8,0,0,0,0,0,0,210.66,26.6555,46.8424,231.1,528.6,0,0,0,0,0
neuromorpho__04-17-01-4doubleBouquet.swc,32729,interneuron,0.994068,30363,2365,0,0,0,0,0,0,0,0,0,0,0,0.785259,0.320028,0.3,0.3,0.3,0.3,0.999666,0.302973,0.302973,0.302973,0.303095,0.303095,0.773759,0.3,0.319138,0.932806,0.999666,0.0955603,0,0,0,324,0.847476,0.3,0.3,0.203704,0.225309,262.7,0,195.46,-16.9895,26.779,428.09,1017.94,83.12,-5.00333,12.6372,156.98,364.26,0,0,0,0,0
neuromorpho__04090220001.swc,4291,interneuron,0.86166,0,4290,0,0,0,0,0,0,0,0,0,0,0,0.992357,0.0123955,0.971335,0.971335,0.971335,0.971335,0.999666,0,0,0,0,0,0,0,0,0.992356,0.971335,0,0,0,0,64,0.994802,0.971335,0.971335,0,0,176.4,0,0,0,0,0,0,39.13,-21.16,9.53087,177.95,224.45,0,0,0,0,0
neuromorpho__041615C_ECA.swc,6345,pyramidal,0.808096,162,2007,4175,0,0,0,0,0,0,0,0,0,0,0.980402,0.0220821,0.844913,0.982145,0.982145,0.982145,0.982145,0,0,0,0,0.0255319,0.844913,0.844913,0,0.987703,0.987703,0,0.982145,0.982145,0,108,0.982635,0.844913,0.982145,0,0,132.3,0,48.08,-32.2581,11.2021,32.49,131.07,173.13,16.7335,30.6463,93.45,148.58,198.82,9.62021,33.0269,107.92,385.32
neuromorpho__041817A_ECA.swc,10777,pyramidal,0.975599,0,4863,5913,0,0,0,0,0.00492976,0,0,0,0,0,0.961786,0.121277,0.3,0.982145,0.982145,0.982145,0.982145,0.0323838,0.0323838,0.0323838,0.0323838,0.0323838,0,0,0,0.98598,0.987703,0,0.941883,0.982145,0.0590225,153,0.974391,0.3,0.982145,0.0130719,0.0130719,149,0,0,0,0,0,0,129.93,-12.6046,28.0377,257.08,404.98,121.64,-17.6765,22.3209,296.48,552.81
neuromorpho__04b_pyramidal6aACC.swc,1250,interneuron,0.65579,273,976,0,0,0,0,0,0,0,0,0,0,0,0.985831,0.0300861,0.666667,0.935878,0.935878,0.971335,0.999666,0,0,0.004,0.004,0.0112,0.951097,0.934466,0,0.995533,0.994705,0.00512295,0,0,0,431,0.984684,0.666667,0.935878,0.00232019,0.00232019,6,0,38.28,-4.79806,9.77919,82.51,77.86,121.11,-6.47326,22.0498,142.27,505.88,0,0,0,0,0
neuromorpho__05-26-00-s2localArbor.swc,14894,interneuron,0.99419,11598,3295,0,0,0,0,0,0,0,0,0,0,0,0.919992,0.21192,0.3,0.3,0.3,0.972519,0.999666,0.104337,0.104337,0.104337,0.104337,0.104337,0.92516,0.969809,0.0942404,0.901777,0.3,0.139909,0,0,0,201,0.955495,0.3,0.969809,0.039801,0.0597015,169,0,27.59,3.73913,5.31783,409.23,794.02,25.09,2.01606,5.33521,105.45,493.92,0,0,0,0,0
neuromorpho__051217_cell1_L1.swc,3331,interneuron,0.997035,2604,726,0,0,0,0,0,0,0,0,0,0,0,0.997351,0.00719646,0.969809,0.980046,0.991257,0.999666,0.999757,0,0,0,0,0,0.996705,0.980369,0,0.999666,0.999666,0,0,0,0,346,0.996466,0.969809,0.980046,0,0,20.5,0,25.64,-0.419866,4.55211,129.18,468.67,27.14,-3.37635,4.5645,91.02,162.18,0,0,0,0,0
neuromorpho__052317_ECA.swc,10370,pyramidal,0.963254,0,3661,6708,0,0,0,0,0,0,0,0,0,0,0.984109,0.00266093,0.982145,0.982145,0.982145,0.982145,0.982145,0,0,0,0,0,0,0,0,0.987703,0.987703,0,0.982145,0.982145,0,127,0.98478,0.982145,0.982145,0,0,164.4,0,0,0,0,0,0,147.81,-17.5242,28.5085,204.47,151.27,177.54,-12.0411,30.4242,260.26,535.2
neuromorpho__06-02-19A-03-cell-2.swc,1030,interneuron,0.952237,0,1029,0,0,0,0,0,0,0,0,0,0,0,0.999666,1.03991e-05,0.999666,0.999666,0.999666,0.999666,0.999666,0,0,0,0,0,0,0,0,0.999666,0.999666,0,0,0,0,31,0.999677,0.999666,0.999666,0,0,72,3.5,0,0,0,0,0,49,0.562196,11.5788,61.03,174.13,0,0,0,0,0
neuromorpho__06-02-19A-03-cell-3.swc,3374,interneuron,0.941464,0,3373,0,0,0,0,0,0,0,0,0,0,0,0.999666,5.7476e-06,0.999666,0.999666,0.999666,0.999666,0.999666,0,0,0,0,0,0,0,0,0.999666,0.999666,0,0,0,0,68,0.999671,0.999666,0.999666,0,0,120.9,5.5,0,0,0,0,0,63.5,-8.47039,13.1187,130.04,345.71,0,0,0,0,0
neuromorpho__060315B_ECA.swc,10537,pyramidal,0.957464,140,3122,7274,0,0,0,0,0,0,0,0,0,0,0.98197,0.0161051,0.844913,0.982145,0.982145,0.982145,0.982145,0,0,0,0,0.0132865,0.844913,0.844913,0,0.987703,0.987703,0,0.982145,0.982145,0,151,0.982827,0.844913,0.982145,0,0,133,0,14.58,-10.5581,3.52754,77.05,84.9,133.77,-21.7699,27.3827,234.16,187.32,162.26,-10.7028,24.9477,271.49,419.36
neuromorpho__0604018001.swc,665,pyramidal,0.978393,322,342,0,0,0,0.369925,0.369925,0.0778961,0,0.369925,-0.369925,0,0.369925,0.735,0.17929,0.492013,0.495429,0.497586,0.562148,0.835243,0.145865,0.354887,0.437594,0.493233,0.849624,0.56478,0.495429,0.885093,0.89449,0.8415,0.0175439,0,0,0,65,0.752055,0.492013,0.502103,0.384615,0.4,21,0,66.21,-18.8489,13.1153,179,157.57,48.19,-12.5123,10.2503,71.28,211.14,0,0,0,0,0
neuromorpho__060404a_zd.swc,5908,interneuron,0.462893,0,5907,0,0,0,0,0,0,0,0,0,0,0,0.618236,0.310876,0.3,0.3,0.3,0.3,0.744814,0.484936,0.484936,0.484936,0.510664,0.572613,0,0,0,0.618171,0.3,0.485018,0,0,0,25,0.707193,0.3,0.3,0.44,0.52,498.2,0.288186,0,0,0,0,0,78.413,-8.58828,14.5097,1036.2,811.3,0,0,0,0,0
neuromorpho__060415B_ECA.swc,9609,pyramidal,0.967003,0,2666,6942,0,0,0,0,0,0,0,0,0,0,0.981985,0.0342169,0.3,0.982145,0.982145,0.982145,0.982145,0.00249766,0.00249766,0.00249766,0.00249766,0.00249766,0,0,0,0.987703,0.987703,0,0.979787,0.982145,0.00345722,144,0.98357,0.3,0.982145,0,0,135.7,0,0,0,0,0,0,100.51,16.0991,21.7482,249.49,145.93,157.89,18.1024,27.663,210.74,480.16
neuromorpho__061015C_ECA.swc,8083,pyramidal,0.513141,0,1561,6521,0,0,0,0,0,0,0,0,0,0,0.873296,0.150562,0.3,0.3,0.90652,0.913488,0.914514,0.0644563,0.0644563,0.0644563,0.0644563,0.0741061,0,0,0,0.903371,0.900585,0.0044843,0.866077,0.914514,0.0788223,89,0.871086,0.3,0.89305,0.0674157,0.0674157,159.6,0,0,0,0,0,0,156.84,-2.23903,28.9948,159.63,239.8,179.91,11.0722,29.4052,176.54,580.84
neuromorpho__061217_cell2_L1.swc,5387,interneuron,0.996488,5371,15,0,0,0,0,0,0,0,0,0,0,0,0.991599,0.0139947,0.934466,0.969809,0.969809,0.969809,0.999757,0,0,0,0,0,0.991575,0.969809,0,0.999666,0.999666,0,0,0,0,729,0.991091,0.934466,0.969809,0,0,17,0,89.57,-14.1608,15.6141,169.16,709.03,1.87,-0.432667,0.476592,11.42,26.47,0,0,0,0,0
neuromorpho__061218Bc1_dendrites.swc,2937,interneuron,0.8932,0,2936,0,0,0,0,0,0,0,0,0,0,0,0.629808,0.348653,0.3,0.3,0.3,0.3,0.3,0.527749,0.527749,0.527749,0.527749,0.527749,0,0,0,0.629682,0.3,0.527929,0,0,0,18,0.836377,0.3,0.516307,0.333333,0.333333,412.8,0,0,0,0,0,0,25,-11.471,5.18051,929.06,1177.44,0,0,0,0,0
neuromorpho__06b_pyramidal10aFI.swc,908,interneuron,0.490023,0,907,0,0,0,0,0,0,0,0,0,0,0,0.892904,0.0504548,0.8374,0.8374,0.8374,0.8374,0.934869,0,0,0,0,0.451542,0,0,0,0.892786,0.8374,0,0,0,0,281,0.895934,0.8374,0.8374,0,0,9,0,0,0,0,0,0,167.86,32.3876,47.4436,216.58,378.48,0,0,0,0,0
neuromorpho__07-07-00-3mediumArbor.swc,8928,interneuron,0.995932,7803,1124,0,0,0,0,0,0,0,0,0,0,0,0.928753,0.210925,0.3,0.3,0.3,0.999757,0.999757,0.101142,0.101142,0.101142,0.101142,0.101142,0.927496,0.3,0.102909,0.937418,0.999666,0.088968,0,0,0,454,0.921954,0.3,0.424893,0.101322,0.112335,43,0,76.24,-13.2491,15.8596,826.05,1258.15,39.99,-6.60428,7.14452,255.37,432.22,0,0,0,0,0
neuromorpho__07050100002.swc,1529,interneuron,0.892998,0,1528,0,0,0,0,0,0,0,0,0,0,0,0.999666,8.53645e-06,0.999666,0.999666,0.999666,0.999666,0.999666,0,0,0,0,0,0,0,0,0.999666,0.999666,0,0,0,0,41,0.999674,0.999666,0.999666,0,0,101,0,0,0,0,0,0,14.72,-2.60775,3.14986,215.19,280.18,0,0,0,0,0
neuromorpho__081017Bc1_OFF-OS-AC.swc,3757,interneuron,0.934088,0,3756,0,0,0,0,0,0,0,0,0,0,0,0.632416,0.345597,0.3,0.3,0.3,0.3,0.3,0.519297,0.519297,0.519297,0.519297,0.519297,0,0,0,0.632318,0.3,0.519436,0,0,0,37,0.675811,0.3,0.3,0.513514,0.513514,294.2,0,0,0,0,0,0,41,20.3659,6.0535,196.3,601.68,0,0,0,0,0
neuromorpho__081017RF4.swc,2285,pyramidal,0.790076,487,515,1282,0,0,0,0,0,0,0,0,0,0,0.901418,0.221343,0.3,0.3,0.3,0.982145,0.982145,0.1186,0.1186,0.1186,0.1186,0.131729,0.940838,0.84621,0.0533881,0.987703,0.987703,0,0.851704,0.3,0.191108,159,0.944464,0.3,0.940273,0.0566038,0.0628931,39,0,77.01,-5.78421,20.0442,880.35,231.45,37.62,4.1835,8.28449,189.06,183.23,92.04,-33.9703,23.0256,354.35,567.46
neuromorpho__081518B_DorsalCA1.swc,6245,pyramidal,0.843403,0,1897,4347,0,0,0,0,0,0,0,0,0,0,0.968325,0.101976,0.3,0.982145,0.982145,0.982145,0.982145,0.0227382,0.0227382,0.0227382,0.0227382,0.0227382,0,0,0,0.987703,0.987703,0,0.959862,0.982145,0.0326662,110,0.969237,0.3,0.982145,0.0181818,0.0181818,126.3,0,0,0,0,0,0,116.8,4.53712,24.5353,136.12,167.62,186.65,18.041,27.6446,282.01,550.27
neuromorpho__082203a.swc,2857,interneuron,0.941049,0,2856,0,0,0,0,0,0,0,0,0,0,0,0.787295,0.31962,0.3,0.3,0.3,0.3,0.999666,0.300665,0.300665,0.300665,0.300665,0.300665,0,0,0,0.787221,0.3,0.30077,0,0,0,44,0.869878,0.3,0.3,0.159091,0.227273,201,3.42898,0,0,0,0,0,122.914,-24.5119,28.5321,560.65,430.52,0,0,0,0,0
neuromorpho__092017A_ECA.swc,11121,pyramidal,0.857547,0,1682,9438,0,0,0,0,0,0,0,0,0,0,0.982987,0.001998,0.982145,0.982145,0.982145,0.982145,0.982145,0,0,0,0,0,0,0,0,0.987703,0.987703,0,0.982145,0.982145,0,121,0.983073,0.982145,0.982145,0,0,190,0,0,0,0,0,0,156.67,-1.49703,35.6439,122,140.96,172.4,8.7452,29.6298,269.78,553.77
neuromorpho__09_20_16_1_7.swc,9763,pyramidal,0.68552,2787,2295,4680,0,0,0,0,0.0105515,0,0,0,0,0,0.933535,0.182828,0.3,0.3,0.982145,0.982145,0.982145,0.0768206,0.0768206,0.0768206,0.0768206,0.0768206,0.834445,0.3,0.230355,0.987703,0.987703,0,0.965967,0.982145,0.0230769,194,0.929771,0.3,0.864185,0.0824742,0.0927835,128.7,0,109.73,-3.23442,22.357,489.91,670.6,64.37,6.83867,11.5584,291.17,153.83,79.72,2.25028,11.4854,176.4,577.65
neuromorpho__09_20_16_2_6.swc,10875,interneuron,0.880481,3598,7276,0,0,0,0,0,0,0,0,0,0,0,0.974284,0.128544,0.3,0.980369,0.999666,0.999666,0.999666,0.0350345,0.0350345,0.0350345,0.0350345,0.0350345,0.94084,0.980046,0.0803224,0.990819,0.999666,0.0126443,0,0,0,196,0.972085,0.3,0.999555,0.0357143,0.0408163,150,0,106.17,-11.7255,22.671,621.74,474.77,80.7,-4.83197,12.5632,282.52,573.19,0,0,0,0,0
neuromorpho__1-ENU2-treated-neuron1_2.swc,1023,pyramidal,0.922405,0,514,508,0,0,0,0,0,0,0,0,0,0,0.982224,0.0428389,0.3,0.981474,0.982145,0.982145,0.982145,0.00391007,0.00391007,0.00391007,0.00391007,0.00391007,0,0,0,0.982351,0.987703,0.0077821,0.98206,0.981639,0,71,0.984872,0.3,0.982145,0,0,27,0,0,0,0,0,0,58.97,3.97163,8.62893,238.28,314.53,64.6,-1.40587,12.2366,139.83,325.79
neuromorpho__1-ENU2-treated-neuron3_2.swc,620,pyramidal,0.979206,0,329,290,0,0,0,0,0,0,0,0,0,0,0.985123,0.00283519,0.982145,0.982145,0.982145,0.982145,0.987703,0,0,0,0,0,0,0,0,0.987703,0.987703,0,0.982145,0.982145,0,53,0.984894,0.982145,0.982145,0,0,24.6,0,0,0,0,0,0,42.68,4.50435,9.29158,255.39,161.7,41.5,2.25276,7.17925,200.18,265.59
neuromorpho__1-d.swc,2184,pyramidal,0.916174,0,1527,656,0,0,0,0,0,0,0,0,0,0,0.917046,0.121118,0.3,0.70656,0.747933,0.871051,0.987703,0.0119048,0.0119048,0.0119048,0.237637,0.312271,0,0,0,0.975994,0.987703,0.0170269,0.779703,0.704024,0,48,0.929823,0.3,0.715857,0,0.208333,102.3,0,0,0,0,0,0,88.61,-20.1446,18.8001,307.41,232.25,31.87,9.8436,7.50561,158.78,228.7
neuromorpho__1-wild-type-veichle-neuron3_2.swc,854,pyramidal,0.983138,0,413,440,0,0,0,0,0,0,0,0,0,0,0.984812,0.00281594,0.981687,0.982145,0.982145,0.982145,0.982145,0,0,0,0,0,0,0,0,0.987623,0.987703,0,0.982139,0.982145,0,55,0.984711,0.981687,0.982145,0,0,27.6,0,0,0,0,0,0,38.22,-4.9193,8.19057,196.07,170.45,73.82,-1.70464,12.0985,170.09,213.21
neuromorpho__10-04-01-4doubleBouquet.swc,6020,interneuron,0.989785,5132,887,0,0,0,0,0,0,0,0,0,0,0,0.969317,0.116529,0.3,0.969809,0.969809,0.980369,0.999555,0.0290698,0.0290698,0.0290698,0.0290698,0.0295681,0.968156,0.969809,0.0282541,0.976002,0.999666,0.0338219,0,0,0,404,0.981583,0.3,0.969809,0.0049505,0.00742574,34.7,0,151.49,-45.9905,44.1074,207.3,915.11,87.49,-21.2863,21.1058,68.54,402.2,0,0,0,0,0
neuromorpho__10-PKCd-3d-trace.swc,1219,interneuron,0.696523,0,1218,0,0,0,0,0,0,0,0,0,0,0,0.789821,0.229122,0.3,0.3,0.3,0.759067,0.759067,0.14356,0.14356,0.14356,0.59639,0.59639,0,0,0,0.789648,0.3,0.143678,0,0,0,15,0.862671,0.3,0.746871,0.0666667,0.466667,196,0.00333333,0,0,0,0,0,177.67,-32.4856,32.2392,189.52,316.07,0,0,0,0,0
neuromorpho__100203b.swc,7027,interneuron,0.978887,5141,1885,0,0,0,0,0,0,0,0,0,0,0,0.594187,0.341148,0.3,0.3,0.3,0.3,0.3,0.57336,0.57336,0.57336,0.57336,0.57336,0.446251,0.3,0.782533,0.997439,0.999666,0.00318302,0,0,0,72,0.60094,0.3,0.3,0.569444,0.569444,192,-0.0196872,38.221,-9.93404,8.98057,680,538.07,34.9,-1.74247,7.14912,390.39,197.41,0,0,0,0,0
neuromorpho__100803a.swc,1854,interneuron,0.634748,0,1853,0,0,0,0,0,0,0,0,0,0,0,0.727996,0.289753,0.3,0.3,0.3,0.3,0.912539,0.313916,0.313916,0.313916,0.313916,0.313916,0,0,0,0.727849,0.3,0.314085,0,0,0,22,0.828007,0.3,0.523857,0.181818,0.181818,198.3,-2.02007,0,0,0,0,0,121.326,-28.4462,28.7769,537.91,657.91,0,0,0,0,0
neuromorpho__100A_3_r_Ngr2KO_2.swc,565,pyramidal,0.964538,3,13,548,0,0,0,0,0,0,0,0,0,0,0.980898,0.0192872,0.717358,0.982145,0.982145,0.982145,0.982145,0,0,0,0.00530973,0.00530973,0.717358,0.717358,0,0.987703,0.987703,0,0.982145,0.982145,0,43,0.976919,0.717358,0.982145,0,0.0232558,27,0,1.29,9.22,0.526688,3.3,3.6,6.56,11.4038,2.24374,19.86,9.12,68.11,-6.27712,14.3209,132.53,299.46
neuromorpho__100B_1_l_Ngr2KO_2.swc,82,pyramidal,0.907156,0,81,0,0,0,0,0,0,0,0,0,0,0,0.964263,0.104203,0.504153,0.987681,0.987683,0.987703,0.987703,0,0.0487805,0.0487805,0.0487805,0.0487805,0,0,0,0.963822,0.987681,0.0493827,0,0,0,12,0.948429,0.504153,0.987683,0.0833333,0.0833333,12.9,0,0,0,0,0,0,26.36,-5.9058,5.84269,58.84,65.02,0,0,0,0,0
neuromorpho__100B_2_l_Ngr2KO.swc,1016,pyramidal,0.974361,0,378,637,0,0,0,0,0.000353429,0,0,0,0,0,0.983737,0.00290202,0.930908,0.982145,0.982145,0.982145,0.982145,0,0,0,0,0,0,0,0,0.986378,0.984018,0,0.982145,0.982145,0,77,0.983258,0.930908,0.982145,0,0,29.4,-0.00333333,0,0,0,0,0,116.15,6.95844,22.1063,104.76,122.47,137.04,-3.06946,24.2502,182.16,124.24
neuromorpho__100D_1_l_Ngr2KO_2.swc,988,pyramidal,0.970226,0,382,605,0,0,0,0,0,0,0,0,0,0,0.984312,0.00275164,0.982145,0.982145,0.982145,0.982145,0.982145,0,0,0,0,0,0,0,0,0.987703,0.987703,0,0.982145,0.982145,0,77,0.984181,0.982145,0.982145,0,0,30.6,0,0,0,0,0,0,77.34,10.1981,17.0423,182.57,105.48,98.04,4.13041,16.8543,150.7,350.39
neuromorpho__101A_1_r_Ngr2KO_1.swc,840,pyramidal,0.990407,0,57,782,0,0,0,0,0,0,0,0,0,0,0.982518,0.00153283,0.981639,0.98212,0.982145,0.982145,0.982145,0,0,0,0,0,0,0,0,0.987703,0.987703,0,0.982118,0.982145,0,74,0.982973,0.981639,0.982145,0,0,27.1,0,0,0,0,0,0,15.32,-7.02684,3.64903,45,28.96,91.34,-14.3911,18.4709,186.04,202.33
neuromorpho__101A_1_r_Ngr2KO_3.swc,1000,pyramidal,0.953831,0,266,733,0,0,0,0,0.00276916,0,0,0,0,0,0.981374,0.0375012,0.3,0.982145,0.982145,0.982145,0.982145,0.003,0.003,0.003,0.003,0.003,0,0,0,0.986873,0.987703,0,0.979353,0.982145,0.00409277,87,0.982772,0.3,0.982145,0,0,25,0.00333333,0,0,0,0,0,69.41,0.691404,14.5956,151.44,101.54,101.25,-8.98561,16.8013,162.74,323.37
neuromorpho__101D_1_l_Ngr2KO.swc,943,pyramidal,0.963587,0,122,820,0,0,0,0,0,0,0,0,0,0,0.982883,0.00194691,0.982145,0.982145,0.982145,0.982145,0.982145,0,0,0,0,0,0,0,0,0.987703,0.987703,0,0.982145,0.982145,0,53,0.983426,0.982145,0.982145,0,0,34,0,0,0,0,0,0,41.46,-12.5307,8.65208,111.02,104.9,99.89,1.36311,18.1618,166.08,260.76
neuromorpho__10224c1.swc,2025,pyramidal,0.850544,439,982,603,0,0,0,0,0,0,0,0,0,0,0.958877,0.0708826,0.3,0.84621,0.84621,0.952193,0.981639,0.00691358,0.00691358,0.00691358,0.00691358,0.121481,0.890563,0.84621,0,0.987703,0.987703,0,0.961598,0.952193,0.0232172,57,0.966496,0.3,0.940273,0,0,82.2,0,67.87,1.30993,16.8725,178.17,186.26,125.88,12.8915,21.3925,138.79,255.01,110.61,48.6566,20.9158,243.72,346.51
neuromorpho__102A_4_l_Ngr2KO_1.swc,415,pyramidal,0.963081,0,41,373,0,0,0,0,0,0,0,0,0,0,0.982696,0.00188429,0.981148,0.981639,0.982145,0.982145,0.982145,0,0,0,0,0,0,0,0,0.987703,0.987703,0,0.982099,0.982145,0,32,0.983636,0.981148,0.98169,0,0,22,0,0,0,0,0,0,26.07,-6.55317,9.04798,56.89,40.77,50.9,23.5479,13.6947,89.04,183.18
neuromorpho__102A_4_r_Ngr2KO_2.swc,739,pyramidal,0.940749,0,91,647,0,0,0,0,0,0,0,0,0,0,0.929316,0.183668,0.3,0.3,0.982145,0.982145,0.982145,0.0784844,0.0784844,0.0784844,0.0784844,0.0784844,0,0,0,0.987703,0.987703,0,0.920994,0.982145,0.0896445,69,0.943386,0.3,0.982145,0.057971,0.057971,24.6,0,0,0,0,0,0,56.78,10.8315,14.1534,40.38,68.2,116.76,-7.13977,20.0384,163.22,287.22
neuromorpho__102A_4_r_Ngr2KO_3.swc,899,pyramidal,0.960825,0,318,580,0,0,0,0,0,0,0,0,0,0,0.984127,0.0027123,0.981639,0.982145,0.982145,0.982145,0.982145,0,0,0,0,0,0,0,0,0.987703,0.987703,0,0.982139,0.982145,0,89,0.984151,0.981639,0.982145,0,0,22.2,0,0,0,0,0,0,72.53,2.39711,14.9902,99.87,121.41,87.55,0.722569,16.0663,124.32,222.83
neuromorpho__102B_1_l_Ngr2KO_3.swc,415,pyramidal,0.640865,0,91,323,0,0,0,0,0,0,0,0,0,0,0.902372,0.00788152,0.872515,0.901246,0.901246,0.901246,0.901246,0,0,0,0,0.0289157,0,0,0,0.905294,0.872515,0,0.901246,0.901246,0,44,0.905453,0.872515,0.901246,0,0,20.7,-0.00333333,0,0,0,0,0,31.15,-12.9204,6.59543,60.8,81.4,45.26,-9.58564,9.66116,105.77,267.13
neuromorpho__103A_2_l_WT_2.swc,1166,pyramidal,0.99185,0,483,682,0,0,0,0,0,0,0,0,0,0,0.984463,0.00277476,0.982145,0.982145,0.982145,0.982145,0.982145,0,0,0,0,0,0,0,0,0.987703,0.987703,0,0.982145,0.982145,0,104,0.984561,0.982145,0.982145,0,0,22,0,0,0,0,0,0,114.25,1.09284,25.9472,135.6,123.23,96.27,1.25543,16.1909,163.22,237.49
neuromorpho__103A_2_r_WT_1.swc,1485,pyramidal,0.990368,0,555,929,0,0,0,0,0,0,0,0,0,0,0.984234,0.00271954,0.982145,0.982145,0.982145,0.982145,0.982145,0,0,0,0,0,0,0,0,0.987703,0.987703,0,0.982145,0.982145,0,102,0.984718,0.982145,0.982145,0,0,30,0,0,0,0,0,0,64.12,-12.5986,12.6184,213.44,220.81,77.31,-7.43173,15.7526,142.89,348.48
neuromorpho__103D_2_r_WT_1.swc,426,pyramidal,0.954818,8,120,297,0,0,0,0,0,0,0,0,0,0,0.978263,0.0399903,0.689813,0.982145,0.982145,0.982145,0.982145,0,0,0.0187793,0.0187793,0.0187793,0.689813,0.689813,1,0.987703,0.987703,0,0.982145,0.982145,0,41,0.977348,0.689813,0.982145,0.0243902,0.0243902,22,0,3.67,-1.56625,1.03623,10.72,10.91,25.31,6.62983,6.47572,84.17,63.23,61.82,-1.80458,13.5527,116.41,226.83
neuromorpho__104C_2_r_WT.swc,1129,pyramidal,0.959586,0,311,817,0,0,0,0,0,0,0,0,0,0,0.983692,0.00252981,0.982145,0.982145,0.982145,0.982145,0.982145,0,0,0,0,0,0,0,0,0.987703,0.987703,0,0.982145,0.982145,0,88,0.98399,0.982145,0.982145,0,0,27.5,0,0,0,0,0,0,120.76,-4.98084,21.6017,214.06,110.37,110.95,-0.307772,19.6763,231.39,337.72
neuromorpho__104D_1_L_WT.swc,989,pyramidal,0.989262,0,403,585,0,0,0,0,0,0,0,0,0,0,0.984428,0.00277482,0.982145,0.982145,0.982145,0.982145,0.982145,0,0,0,0,0,0,0,0,0.987703,0.987703,0,0.982145,0.982145,0,72,0.985172,0.982145,0.982145,0,0,31.9,0,0,0,0,0,0,63.07,5.64886,14.3739,217.68,91.32,87.56,13.0674,15.4896,132.09,365.15
neuromorpho__10507c1.swc,3315,interneuron,0.750481,1491,1823,0,0,0,0,0,0,0,0,0,0,0,0.976281,0.123007,0.3,0.972519,0.999555,0.999666,0.999666,0.0319759,0.0319759,0.0319759,0.0319759,0.0319759,0.971606,0.980369,0.036888,0.980092,0.999666,0.0279759,0,0,0,118,0.994155,0.3,0.999666,0,0.00847458,70.3,0,128.4,20.0476,27.2968,281.52,357.78,187.79,32.8662,43.1414,213.03,398.85,0,0,0,0,0
neuromorpho__10512c2.swc,2631,interneuron,0.664909,0,2630,0,0,0,0,0,0,0,0,0,0,0,0.889557,0.254404,0.3,0.3,0.3,0.999666,0.999666,0.156975,0.156975,0.156975,0.156975,0.156975,0,0,0,0.889515,0.3,0.157034,0,0,0,79,0.892604,0.3,0.3,0.151899,0.151899,86.4,0,0,0,0,0,0,126.6,33.5,30.7833,196.22,496.26,0,0,0,0,0
neuromorpho__105A_2_r_WT.swc,879,pyramidal,0.964027,0,350,528,0,0,0,0,0,0,0,0,0,0,0.984355,0.00279144,0.981639,0.982145,0.982145,0.982145,0.982145,0,0,0,0,0,0,0,0,0.987703,0.987703,0,0.982106,0.982145,0,77,0.984156,0.981639,0.982145,0,0,30.4,0,0,0,0,0,0,70.56,-6.87489,12.4697,161.39,133.04,78.71,-5.72089,16.3465,141.17,200.93
neuromorpho__105B_1_r_WT.swc,867,pyramidal,0.958022,0,40,826,0,0,0,0,0,0,0,0,0,0,0.982422,0.00130977,0.982145,0.982145,0.982145,0.982145,0.982145,0,0,0,0,0,0,0,0,0.987701,0.987693,0,0.982145,0.982145,0,70,0.983194,0.982145,0.982145,0,0,34,0,0,0,0,0,0,30.42,12.925,7.92036,35.71,21.26,89.52,-19.2576,15.6975,163.2,238.31
neuromorpho__105D_1_r_WT_2.swc,400,pyramidal,0.970686,0,97,302,0,0,0,0,0,0,0,0,0,0,0.983482,0.00255486,0.981639,0.981669,0.981687,0.982145,0.982145,0,0,0,0,0,0,0,0,0.987703,0.987703,0,0.982072,0.981687,0,34,0.983907,0.981639,0.981687,0,0,29.5,0,0,0,0,0,0,42.57,3.15155,13.9983,89.93,66.33,76.7,17.357,14.9358,127.41,225.82
neuromorpho__106B_2_l_WT.swc,676,pyramidal,0.98855,0,303,372,0,0,0,0,0,0,0,0,0,0,0.984652,0.00283575,0.981639,0.982145,0.982145,0.982145,0.982145,0,0,0,0,0,0,0,0,0.987703,0.987703,0,0.982125,0.982145,0,87,0.984825,0.981639,0.982145,0,0,17,0,0,0,0,0,0,72.51,-0.781023,16.7376,198.81,128.67,96.27,11.4594,18.7335,136.53,217.62
neuromorpho__106C_1_r_WT_1.swc,889,pyramidal,0.962155,0,470,418,0,0,0,0,0,0,0,0,0,0,0.985104,0.00281755,0.982145,0.982145,0.982145,0.982145,0.987703,0,0,0,0,0,0,0,0,0.987703,0.987703,0,0.982145,0.982145,0,99,0.985189,0.982145,0.982145,0,0,18,0,0,0,0,0,0,145.86,-15.2159,25.0163,178.48,118.29,98.96,-16.2041,19.799,137.18,237.46
neuromorpho__1077-1-Sec10-LTL2.swc,1432,pyramidal,0.946718,897,534,0,0,0,0,0,0,0,0,0,0,0,0.697329,0.224085,0.3,0.3,0.555967,0.555967,0.555967,0.0607542,0.617318,0.626397,0.626397,0.664106,0.53187,0.512196,1,0.974695,0.926039,0,0,0,0,70,0.706614,0.3,0.555967,0.642857,0.642857,51,0,220.49,-24.2387,44.154,113.91,195.93,205.16,-46.7603,45.9765,139.21,156.06,0,0,0,0,0
neuromorpho__1077-1-Sec5-LTL4.swc,1916,pyramidal,0.867806,877,1038,0,0,0,0,0,0,0,0,0,0,0,0.81999,0.190538,0.3,0.5719,0.5719,0.65188,0.987703,0.0193111,0.141441,0.454593,0.457724,0.457724,0.621282,0.5719,0.993158,0.987703,0.987703,0,0,0,0,46,0.850136,0.3,0.607535,0.391304,0.413043,109.5,0,126.81,-13.1085,24.0703,196.05,180.95,159.29,-9.70859,28.7609,189.75,358.36,0,0,0,0,0
neuromorpho__1077-1-Sec9-LTL1.swc,1357,pyramidal,0.953915,10,579,767,0,0,0,0,0,0,0,0,0,0,0.878201,0.145598,0.609481,0.609481,0.642173,0.73206,0.981148,0,0,0.202653,0.326455,0.364038,0.940273,0.940273,0,0.987703,0.987703,0,0.794572,0.641647,0.35854,69,0.895099,0.609481,0.687549,0.173913,0.26087,47.6,0,12.25,-6.729,3.28562,13.92,19.17,121.07,14.6859,28.7557,149.07,151.61,171.92,37.1515,34.1025,220.22,248.08
neuromorpho__107B_1_l_Ngr2KO_1.swc,1115,pyramidal,0.985902,0,389,725,0,0,0,0,0,0,0,0,0,0,0.9841,0.00269107,0.982145,0.982145,0.982145,0.982145,0.982145,0,0,0,0,0,0,0,0,0.987703,0.987703,0,0.982145,0.982145,0,87,0.984331,0.982145,0.982145,0,0,25.6,0,0,0,0,0,0,83.17,10.1268,19.2915,185.74,267.19,92.57,12.5364,17.2485,197.02,288.69
neuromorpho__107B_3_r_Ngr2KO_2.swc,1177,pyramidal,0.98763,0,361,815,0,0,0,0,0,0,0,0,0,0,0.975285,0.07426,0.3,0.982145,0.982145,0.982145,0.982145,0.0118946,0.0118946,0.0118946,0.0118946,0.0118946,0,0,0,0.987703,0.987703,0,0.969754,0.982145,0.0171779,106,0.982122,0.3,0.982145,0,0.00943396,26,0,0,0,0,0,0,107.89,-8.68,23.6134,212.19,124.5,111.95,-6.74974,20.2368,242.53,280.84
neuromorpho__1083-2-Sec2-LTL1.swc,1139,pyramidal,0.981176,0,592,546,0,0,0,0,0,0,0,0,0,0,0.904429,0.155645,0.3,0.520873,0.644759,0.942799,0.987703,0.0280948,0.0992098,0.158911,0.158911,0.174715,0,0,0,0.987703,0.987703,0,0.813963,0.520873,0.331502,42,0.857969,0.3,0.546166,0.285714,0.285714,47.5,0,0,0,0,0,0,67.9,5.54076,16.6733,145.95,153.26,51.8,7.00262,9.56908,44.99,217.87
neuromorpho__1083-3-Sec-5-BSL3.swc,1523,pyramidal,0.701725,0,918,604,0,0,0,0,0,0,0,0,0,0,0.891676,0.208917,0.3,0.3,0.697288,0.981148,0.987703,0.0945502,0.0945502,0.179908,0.179908,0.207485,0,0,0,0.987703,0.987703,0,0.745549,0.3,0.453642,43,0.932769,0.3,0.800129,0.0930233,0.116279,75.2,0,0,0,0,0,0,162.24,-11.0721,36.7199,175.2,184.36,246.08,-18.5719,68.5352,119.95,189.08
neuromorpho__1085-1-Sec5-BSL4.swc,1702,pyramidal,0.843241,0,900,801,0,0,0,0,0,0,0,0,0,0,0.985086,0.0028066,0.981639,0.982145,0.982145,0.982145,0.987703,0,0,0,0,0,0,0,0,0.987703,0.987703,0,0.982127,0.982145,0,70,0.985251,0.981639,0.982145,0,0,57.1,0,0,0,0,0,0,88.8,-2.71057,20.6082,284.73,146.66,75.87,-16.7109,17.8141,233.84,247.66
neuromorpho__1086-1-Sec1-BSL3.swc,2154,pyramidal,0.942789,534,1619,0,0,0,0,0,0,0,0,0,0,0,0.77852,0.196254,0.3,0.553118,0.568611,0.574504,0.727384,0.0320334,0.309656,0.349582,0.577994,0.579851,0.726652,0.700841,0.0786517,0.795491,0.568611,0.43916,0,0,0,48,0.746676,0.3,0.568611,0.375,0.708333,128.6,0,94.73,-38.4193,21.0066,182.98,198.73,105.02,-25.8734,21.2247,206.16,446.13,0,0,0,0,0
neuromorpho__1086-1-Sec1-BSL4.swc,2787,interneuron,0.430954,0,2786,0,0,0,0,0,0,0,0,0,0,0,0.801473,0.257256,0.3,0.3,0.3,0.910596,0.939449,0.208109,0.208109,0.208109,0.208109,0.208109,0,0,0,0.801402,0.3,0.208184,0,0,0,31,0.868498,0.3,0.691265,0.129032,0.16129,240,0,0,0,0,0,0,91.03,-6.08007,16.4492,377.1,607.2,0,0,0,0,0
neuromorpho__1087-2-Sec3-BSL2.swc,4027,pyramidal,0.879968,0,2731,1295,0,0,0,0,0.0457033,0,0,0,0,0,0.968486,0.064243,0.3,0.83413,0.980699,0.981148,0.987703,0.00273156,0.00273156,0.00273156,0.0379935,0.0757388,0,0,0,0.983586,0.981621,0.00402783,0.93662,0.757812,0,110,0.963771,0.3,0.954637,0,0.0636364,90.1,0,0,0,0,0,0,93.57,3.94223,19.5938,297.37,322.53,93.05,7.65772,23.3249,242.04,307.62
neuromorpho__1088-1-Sec6-BSL1.swc,1444,pyramidal,0.971941,0,1443,0,0,0,0,0,0,0,0,0,0,0,0.978654,0.078365,0.3,0.987681,0.987681,0.987703,0.987703,0.0131579,0.0131579,0.0131579,0.0131579,0.0131579,0,0,0,0.97864,0.987681,0.013167,0,0,0,40,0.985491,0.3,0.987692,0,0,94.8,0,0,0,0,0,0,133.39,-24.0148,21.4004,212.61,288.89,0,0,0,0,0
neuromorpho__108A_1_l_WT_2.swc,333,pyramidal,0.938292,0,58,274,0,0,0,0,0,0,0,0,0,0,0.983156,0.00230682,0.981642,0.982145,0.982145,0.982145,0.982145,0,0,0,0,0,0,0,0,0.987703,0.987703,0,0.982132,0.982145,0,33,0.984187,0.981642,0.982145,0,0,20.6,0,0,0,0,0,0,57.07,3.43207,14.2481,55.84,28.91,105.77,6.30558,19.2056,180.05,195.09
neuromorpho__109A_1_l_Ngr2KO.swc,713,pyramidal,0.98387,0,223,489,0,0,0,0,0,0,0,0,0,0,0.983908,0.00264578,0.982145,0.982145,0.982145,0.982145,0.982145,0,0,0,0,0,0,0,0,0.987703,0.987703,0,0.982145,0.982145,0,55,0.984794,0.982145,0.982145,0,0,25,0,0,0,0,0,0,55.28,-6.06803,11.7762,212.95,101.06,71.45,-3.32264,13.6488,126.42,363.71
neuromorpho__109A_1_r_Ngr2KO_2.swc,960,pyramidal,0.987491,0,261,698,0,0,0,0,0,0,0,0,0,0,0.983675,0.00252815,0.982145,0.982145,0.982145,0.982145,0.982145,0,0,0,0,0,0,0,0,0.987703,0.987703,0,0.982145,0.982145,0,110,0.984126,0.982145,0.982145,0,0,18.2,-0.00333333,0,0,0,0,0,129.37,-16.0307,29.2611,153.18,108.27,138.99,-4.4467,27.7793,202.7,261.72
neuromorpho__109C_1_r_Ngr2KO_2.swc,940,pyramidal,0.990364,0,438,501,0,0,0,0,0,0,0,0,0,0,0.984754,0.00281575,0.982145,0.982145,0.982145,0.982145,0.982145,0,0,0,0,0,0,0,0,0.987703,0.987703,0,0.982145,0.982145,0,78,0.984227,0.982145,0.982145,0,0,28.6,0,0,0,0,0,0,114.72,-9.93167,24.0143,196.9,172.74,124.86,1.55198,24.324,190.36,408.65
neuromorpho__109F_1_l_Ngr2KO_1.swc,705,pyramidal,0.983703,0,301,403,0,0,0,0,0,0,0,0,0,0,0.941002,0.167399,0.3,0.3,0.982145,0.982145,0.982145,0.0638298,0.0638298,0.0638298,0.0638298,0.0638298,0,0,0,0.987703,0.987703,0,0.905975,0.3,0.111663,69,0.925584,0.3,0.982145,0.0869565,0.0869565,23.2,0,0,0,0,0,0,102.95,-4.70219,21.1943,139.27,122.5,93.77,5.65489,17.1148,88.7,389.52
neuromorpho__10N1-8162019-fcfc2a.swc,2877,interneuron,0.989066,0,2876,0,0,0,0,0,0,0,0,0,0,0,0.999666,6.22412e-06,0.999666,0.999666,0.999666,0.999666,0.999666,0,0,0,0,0,0,0,0,0.999666,0.999666,0,0,0,0,37,0.999675,0.999666,0.999666,0,0,218.4,0,0,0,0,0,0,21.94,0.2896,4.28411,171.55,243.43,0,0,0,0,0
neuromorpho__10N23DAT8-50717GFPwta_fcfc11A.swc,1875,interneuron,0.990499,0,1874,0,0,0,0,0,0,0,0,0,0,0,0.999666,7.70915e-06,0.999666,0.999666,0.999666,0.999666,0.999666,0,0,0,0,0,0,0,0,0.999666,0.999666,0,0,0,0,49,0.999673,0.999666,0.999666,0,0,96.6,0,0,0,0,0,0,21.94,-2.19043,4.47709,69.61,166.17,0,0,0,0,0
neuromorpho__10N23DAT8-50717GFPwta_fcfc1a1.swc,4717,interneuron,0.961078,0,4716,0,0,0,0,0,0,0,0,0,0,0,0.996435,0.00900579,0.971335,0.971335,0.971335,0.999666,0.999666,0,0,0,0,0,0,0,0,0.996434,0.971335,0,0,0,0,50,0.99854,0.971335,0.999666,0,0,277.5,0,0,0,0,0,0,19.95,-1.32301,4.27666,154.41,328.73,0,0,0,0,0
neuromorpho__10N23DAT8-50717GFPwta_fcfc4a.swc,2458,interneuron,0.992385,0,2457,0,0,0,0,0,0,0,0,0,0,0,0.999666,6.73355e-06,0.999666,0.999666,0.999666,0.999666,0.999666,0,0,0,0,0,0,0,0,0.999666,0.999666,0,0,0,0,43,0.999674,0.999666,0.999666,0,0,134.4,0,0,0,0,0,0,18.95,-3.07966,4.41151,62.32,186.81,0,0,0,0,0
neuromorpho__10N23DAT8-50717GFPwta_fcfc6a.swc,2032,interneuron,0.994911,0,2031,0,0,0,0,0,0,0,0,0,0,0,0.999666,7.4055e-06,0.999666,0.999666,0.999666,0.999666,0.999666,0,0,0,0,0,0,0,0,0.999666,0.999666,0,0,0,0,31,0.999677,0.999666,0.999666,0,0,167,0,0,0,0,0,0,18.97,-4.9235,4.39921,100.01,190.16,0,0,0,0,0
neuromorpho__10N23DAT8-50717GFPwta_fcfc9a.swc,1820,interneuron,0.988323,0,1819,0,0,0,0,0,0,0,0,0,0,0,0.999666,7.82471e-06,0.999666,0.999666,0.999666,0.999666,0.999666,0,0,0,0,0,0,0,0,0.999666,0.999666,0,0,0,0,47,0.999673,0.999666,0.999666,0,0,89.4,0,0,0,0,0,0,19.94,-0.502892,3.84925,87.57,126.04,0,0,0,0,0
neuromorpho__10N23DAT8-50717GFPwta_wt1a.swc,1687,interneuron,0.980593,0,1686,0,0,0,0,0,0,0,0,0,0,0,0.999666,8.12712e-06,0.999666,0.999666,0.999666,0.999666,0.999666,0,0,0,0,0,0,0,0,0.999666,0.999666,0,0,0,0,47,0.999673,0.999666,0.999666,0,0,83.6,0,0,0,0,0,0,12.97,0.112011,2.69958,141.9,229.2,0,0,0,0,0
neuromorpho__10N23DAT8-50717GFPwta_wt62.swc,4083,interneuron,0.991015,0,4082,0,0,0,0,0,0,0,0,0,0,0,0.999666,5.22493e-06,0.999666,0.999666,0.999666,0.999666,0.999666,0,0,0,0,0,0,0,0,0.999666,0.999666,0,0,0,0,77,0.99967,0.999666,0.999666,0,0,128.6,0,0,0,0,0,0,18.96,-3.43314,4.31475,107.72,237.22,0,0,0,0,0
neuromorpho__10N23DAT8-50717GFPwta_wt63.swc,2795,interneuron,0.980391,0,2794,0,0,0,0,0,0,0,0,0,0,0,0.999666,6.31473e-06,0.999666,0.999666,0.999666,0.999666,0.999666,0,0,0,0,0,0,0,0,0.999666,0.999666,0,0,0,0,60,0.999672,0.999666,0.999666,0,0,122.3,0,0,0,0,0,0,20.95,-5.69828,5.57419,101.68,201.06,0,0,0,0,0
neuromorpho__10N23DAT8-50717GFPwta_wt65.swc,1796,interneuron,0.991226,0,1795,0,0,0,0,0,0,0,0,0,0,0,0.999666,7.87679e-06,0.999666,0.999666,0.999666,0.999666,0.999666,0,0,0,0,0,0,0,0,0.999666,0.999666,0,0,0,0,38,0.999675,0.999666,0.999666,0,0,118.6,0,0,0,0,0,0,12.99,-2.48064,3.09417,69.19,142.59,0,0,0,0,0
neuromorpho__10N23DAT8-50717GFPwta_wt9a.swc,2827,interneuron,0.991443,0,2826,0,0,0,0,0,0,0,0,0,0,0,0.999666,6.2789e-06,0.999666,0.999666,0.999666,0.999666,0.999666,0,0,0,0,0,0,0,0,0.999666,0.999666,0,0,0,0,38,0.999675,0.999666,0.999666,0,0,166.1,0,0,0,0,0,0,20.97,-2.38471,4.82586,101.9,199.48,0,0,0,0,0
neuromorpho__10N4-8162019-b_fcfc6a.swc,5245,interneuron,0.986509,0,5244,0,0,0,0,0,0,0,0,0,0,0,0.999666,4.61009e-06,0.999666,0.999666,0.999666,0.999666,0.999666,0,0,0,0,0,0,0,0,0.999666,0.999666,0,0,0,0,62,0.999671,0.999666,0.999666,0,0,158,0,0,0,0,0,0,16.96,1.49857,3.44294,151.49,329.46,0,0,0,0,0
neuromorpho__10N4-8162019-b_fcfc8A.swc,1570,interneuron,0.984332,0,1569,0,0,0,0,0,0,0,0,0,0,0,0.999666,8.42432e-06,0.999666,0.999666,0.999666,0.999666,0.999666,0,0,0,0,0,0,0,0,0.999666,0.999666,0,0,0,0,33,0.999676,0.999666,0.999666,0,0,97.4,0,0,0,0,0,0,17.97,3.22973,3.30971,89.56,120.57,0,0,0,0,0
neuromorpho__10N4-8162019-b_wt1a.swc,2257,interneuron,0.987313,0,2256,0,0,0,0,0,0,0,0,0,0,0,0.999429,0.00105895,0.994705,0.999666,0.999666,0.999666,0.999666,0,0,0,0,0,0,0,0,0.999429,0.999666,0,0,0,0,41,0.999432,0.994705,0.999666,0,0,119,0,0,0,0,0,0,15.97,3.57199,4.15375,53.47,260.24,0,0,0,0,0
neuromorpho__10_Jul26-IR3-1a-MM.swc,6863,pyramidal,0.988808,0,2441,4421,0,0,0,0,0,0,0,0,0,0,0.874143,0.251664,0.3,0.3,0.3,0.982145,0.982145,0.161154,0.161154,0.161154,0.161154,0.161154,0,0,0,0.972208,0.987703,0.0225317,0.819969,0.3,0.237729,138,0.947463,0.3,0.919561,0.0507246,0.0507246,102.8,0,0,0,0,0,0,112.81,-13.4876,21.027,447.92,282.02,103.35,-12.7235,17.7478,389.93,643.95
neuromorpho__10month-Arctic-44-LR_4.swc,843,pyramidal,0.983753,0,0,842,0,0,0,0,0,0,0,0,0,0,0.982166,0.000614598,0.982145,0.982145,0.982145,0.982145,0.982145,0,0,0,0,0,0,0,0,0,0,0,0.982145,0.982145,0,68,0.982407,0.982145,0.982145,0,0,29.6,0,0,0,0,0,0,0,0,0,0,0,27.9,-8.59324,5.52855,119.6,405.76
neuromorpho__10month-Arctic-44-LR_5.swc,340,pyramidal,0.973988,0,0,339,0,0,0,0,0,0,0,0,0,0,0.982197,0.000966905,0.982145,0.982145,0.982145,0.982145,0.982145,0,0,0,0,0,0,0,0,0,0,0,0.982145,0.982145,0,38,0.982615,0.982145,0.982145,0,0,16.6,0,0,0,0,0,0,0,0,0,0,0,19.52,-1.98917,4.20389,147.27,325.87
neuromorpho__10month-Arctic-45-N_1.swc,309,pyramidal,0.953893,0,0,308,0,0,0,0,0,0,0,0,0,0,0.982203,0.0010141,0.982145,0.982145,0.982145,0.982145,0.982145,0,0,0,0,0,0,0,0,0,0,0,0.982145,0.982145,0,44,0.982551,0.982145,0.982145,0,0,13.7,0,0,0,0,0,0,0,0,0,0,0,112.69,11.2805,24.1733,99.63,297.41
neuromorpho__10month-Arctic-45-N_4.swc,146,pyramidal,0.939884,0,0,145,0,0,0,0,0,0,0,0,0,0,0.982182,0.0015,0.981148,0.981602,0.981602,0.982145,0.982145,0,0,0,0,0,0,0,0,0,0,0,0.982059,0.981602,0,24,0.982825,0.981148,0.982145,0,0,11.7,0,0,0,0,0,0,0,0,0,0,0,165.61,94.427,45.9341,47.85,219.41
neuromorpho__10month-Arctic-72144-R-5_1.swc,488,pyramidal,0.931285,0,0,487,0,0,0,0,0,0,0,0,0,0,0.962419,0.113847,0.3,0.981148,0.981338,0.981687,0.982145,0.0286885,0.0286885,0.0286885,0.0286885,0.0286885,0,0,0,0,0,0,0.962342,0.98131,0.0287474,42,0.973705,0.3,0.981639,0,0.0238095,28.8,0,0,0,0,0,0,0,0,0,0,0,178.23,28.6163,27.9625,118.89,331.76
neuromorpho__10month-Arctic-C5aR1-KO-5-2_1.swc,416,pyramidal,0.992477,0,0,415,0,0,0,0,0,0,0,0,0,0,0.982188,0.000874367,0.982145,0.982145,0.982145,0.982145,0.982145,0,0,0,0,0,0,0,0,0,0,0,0.982145,0.982145,0,44,0.982551,0.982145,0.982145,0,0,22.1,0,0,0,0,0,0,0,0,0,0,0,31.62,-5.50622,5.08625,104.84,270.01
neuromorpho__10month-Arctic-C5aR1-KO-5-3_3.swc,806,pyramidal,0.984253,0,0,805,0,0,0,0,0,0,0,0,0,0,0.982167,0.00062853,0.982145,0.982145,0.982145,0.982145,0.982145,0,0,0,0,0,0,0,0,0,0,0,0.982145,0.982145,0,64,0.982424,0.982145,0.982145,0,0,28,0,0,0,0,0,0,0,0,0,0,0,28.89,0.204236,6.59331,249.82,353.86
neuromorpho__10month-Arctic-C5aR1-KO-52280-LR-2_1.swc,411,pyramidal,0.987283,0,0,410,0,0,0,0,0,0,0,0,0,0,0.982188,0.000879656,0.982145,0.982145,0.982145,0.982145,0.982145,0,0,0,0,0,0,0,0,0,0,0,0.982145,0.982145,0,36,0.982641,0.982145,0.982145,0,0,27,0,0,0,0,0,0,0,0,0,0,0,15.39,3.10246,2.4457,113.65,202.65
neuromorpho__10month-Arctic-C5aR1-KO-52280-R_2.swc,547,pyramidal,0.987887,0,0,546,0,0,0,0,0,0,0,0,0,0,0.982178,0.000762732,0.982145,0.982145,0.982145,0.982145,0.982145,0,0,0,0,0,0,0,0,0,0,0,0.982145,0.982145,0,74,0.982386,0.982145,0.982145,0,0,18,0,0,0,0,0,0,0,0,0,0,0,25.92,-3.29897,4.59909,164.11,174.97
neuromorpho__10month-C5aR1-KO-52280-N_1.swc,485,pyramidal,0.978365,0,0,484,0,0,0,0,0,0,0,0,0,0,0.982182,0.000809923,0.982145,0.982145,0.982145,0.982145,0.982145,0,0,0,0,0,0,0,0,0,0,0,0.982145,0.982145,0,50,0.982502,0.982145,0.982145,0,0,28,0,0,0,0,0,0,0,0,0,0,0,24.49,-2.28151,5.37196,140.59,241.95
neuromorpho__10month-wt-44-LL_3.swc,767,pyramidal,0.964579,0,0,766,0,0,0,0,0,0,0,0,0,0,0.982168,0.000644291,0.982145,0.982145,0.982145,0.982145,0.982145,0,0,0,0,0,0,0,0,0,0,0,0.982145,0.982145,0,80,0.982368,0.982145,0.982145,0,0,22,0,0,0,0,0,0,0,0,0,0,0,40.81,3.55504,7.50771,150.48,278.43
neuromorpho__10month-wt-8_1.swc,334,pyramidal,0.952827,0,0,333,0,0,0,0,0,0,0,0,0,0,0.982198,0.000975526,0.982145,0.982145,0.982145,0.982145,0.982145,0,0,0,0,0,0,0,0,0,0,0,0.982145,0.982145,0,28,0.982783,0.982145,0.982145,0,0,25.3,0,0,0,0,0,0,0,0,0,0,0,30.07,-1.2648,5.05792,222.16,226.62
neuromorpho__10n08c3.swc,837,pyramidal,0.87323,97,447,292,0,0,0,0,0.0194188,0,0,0,0,0,0.861052,0.184869,0.3,0.533894,0.569849,0.79808,0.981639,0.0334528,0.188769,0.191159,0.291517,0.375149,0.816685,0.770503,0,0.834086,0.569849,0.295302,0.916594,0.981639,0.0958904,43,0.85566,0.3,0.571824,0.162791,0.27907,47.8,0,35,2.71093,8.51874,125.1,87.15,87.19,14.2588,16.224,213.29,278.45,57,10.6071,13.6073,142.56,604.55
neuromorpho__1103-1-Sec3-BSL1.swc,1639,pyramidal,0.860479,473,625,540,0,0,0,0,0,0,0,0,0,0,0.748042,0.193515,0.3,0.515777,0.582098,0.593936,0.632616,0.00549115,0.372788,0.593655,0.61806,0.61806,0.632123,0.584617,0.915433,0.987703,0.987703,0,0.571725,0.512508,1,60,0.743762,0.3,0.546548,0.583333,0.633333,56.2,0,51.49,3.69311,11.623,116.68,211.3,56.49,-14.2378,12.5127,130.25,170.36,79.58,15.3579,16.4391,69.34,203.42
neuromorpho__1104-2-Sec2-BSL1.swc,1674,pyramidal,0.92389,468,1205,0,0,0,0,0,0,0,0,0,0,0,0.876263,0.177197,0.3,0.622731,0.622731,0.656854,0.987703,0.0238949,0.0238949,0.27957,0.27957,0.298088,0.605349,0.622731,1,0.981379,0.987703,0,0,0,0,40,0.86598,0.3,0.622731,0.325,0.325,98.2,0,167.21,-23.7815,35.9087,132.54,162.99,131.35,-5.98341,17.2706,175.08,307.68,0,0,0,0,0
neuromorpho__1104-2-Sec3-BSL2.swc,2615,pyramidal,0.956986,18,1544,1052,0,0,0,0,0.0317081,0,0,0,0,0,0.964214,0.0837341,0.3,0.814838,0.954221,0.982145,0.982145,0.00573614,0.00956023,0.0462715,0.0462715,0.0531549,0.825295,0.814838,0,0.960222,0.946076,0.0686528,0.972417,0.982145,0.0142586,67,0.957651,0.3,0.930847,0.0447761,0.0447761,101.4,0,3.04,14.8406,0.849742,12.18,19.42,74.55,-10.1202,13.6145,162.63,478.49,65.07,-8.28759,10.9026,183.61,293.54
neuromorpho__110412-s3-2.swc,21668,interneuron,0.993861,21451,216,0,0,0,0,0,0,0,0,0,0,0,0.637483,0.349601,0.3,0.3,0.3,0.3,0.3,0.51763,0.51763,0.51763,0.51763,0.51763,0.633819,0.3,0.522866,0.999666,0.999666,0,0,0,0,286,0.66689,0.3,0.3,0.465035,0.5,211,0,521.53,-18.2152,83.8194,394.74,879.97,40.08,-18.8776,12.8289,41.07,104.1,0,0,0,0,0
neuromorpho__110A_2_r_Ngr2KO_2.swc,194,pyramidal,0.935809,0,37,156,0,0,0,0,0,0,0,0,0,0,0.684654,0.153532,0.551516,0.551516,0.59678,0.59678,0.603304,0,0.407216,0.804124,0.804124,0.804124,0,0,0,0.9877,0.987693,0,0.610757,0.551516,1,26,0.678969,0.551516,0.551516,0.807692,0.807692,16,0,0,0,0,0,0,20.67,7.69892,5.79443,87.31,29.65,55.76,7.27013,10.7404,87.93,147.27
neuromorpho__110A_2_r_Ngr2KO_6.swc,214,pyramidal,0.864806,24,30,159,0,0,0,0,0,0,0,0,0,0,0.968443,0.0413469,0.852276,0.852276,0.852276,0.982145,0.982145,0,0,0,0,0.11215,0.852276,0.852276,0,0.987703,0.987703,0,0.982145,0.982145,0,35,0.979897,0.852276,0.982145,0,0,10.6,0,22.89,3.23333,6.12193,54,45.28,35.7,-4.276,9.75313,47.39,29.73,49.12,4.48868,11.515,92,208.14
neuromorpho__110B_1_r_Ngr2KO_2.swc,297,pyramidal,0.970011,0,110,186,0,0,0,0,0,0,0,0,0,0,0.984153,0.00277629,0.982145,0.982145,0.982145,0.982145,0.982145,0,0,0,0,0,0,0,0,0.987405,0.987703,0,0.982145,0.982145,0,29,0.985494,0.982145,0.982145,0,0,22.8,0,0,0,0,0,0,44.27,-5.99645,10.4619,112.94,123.59,55.96,-8.15376,11.07,115.95,268.29
neuromorpho__1115-07-19-R1.swc,158,pyramidal,0.991151,0,157,0,0,0,0,0,0,0,0,0,0,0,0.987781,0.000975209,0.987693,0.987703,0.987703,0.987703,0.987703,0,0,0,0,0,0,0,0,0.987703,0.987703,0,0,0,0,32,0.988087,0.987693,0.987703,0,0,11,0,0,0,0,0,0,97.04,4.05828,20.35,174.83,232.4,0,0,0,0,0
neuromorpho__1115-07-23-L1.swc,182,pyramidal,0.989529,0,181,0,0,0,0,0,0,0,0,0,0,0,0.987771,0.000908989,0.987703,0.987703,0.987703,0.987703,0.987703,0,0,0,0,0,0,0,0,0.987703,0.987703,0,0,0,0,44,0.987983,0.987703,0.987703,0,0,7.7,0,0,0,0,0,0,90.29,5.50044,17.6741,122.03,240.77,0,0,0,0,0
neuromorpho__1116-3-Sec2-BSL2.swc,1275,pyramidal,0.961188,369,905,0,0,0,0,0,0,0,0,0,0,0,0.88653,0.162876,0.3,0.613752,0.625053,0.661444,0.987703,0.00862745,0.00862745,0.251765,0.289412,0.289412,0.638178,0.613752,0.869919,0.987667,0.987681,0,0,0,0,54,0.932562,0.3,0.654592,0.12963,0.166667,59,0,121.73,-38.7865,28.6015,79,181.94,222.21,-28.2207,66.0989,157.26,146.83,0,0,0,0,0
neuromorpho__1117-1-Sec10-BSL2.swc,1493,pyramidal,0.970847,0,626,866,0,0,0,0,0,0,0,0,0,0,0.984417,0.00273448,0.982145,0.982145,0.982145,0.982145,0.982145,0,0,0,0,0,0,0,0,0.987536,0.987703,0,0.982145,0.982145,0,55,0.984324,0.982145,0.982145,0,0,59,-0.00333333,0,0,0,0,0,109.23,12.6675,22.552,121.62,154.07,63.21,12.048,13.1098,145.73,306.4
neuromorpho__111A_2_l_Ngr2KO_1.swc,248,pyramidal,0.941161,0,72,175,0,0,0,0,0,0,0,0,0,0,0.983396,0.00299682,0.981148,0.981148,0.981148,0.981602,0.981621,0,0,0,0,0,0,0,0,0.987703,0.987703,0,0.981529,0.981148,0,23,0.984206,0.981148,0.981239,0,0,18,0,0,0,0,0,0,71.02,10.9147,15.7209,70.48,55.91,36.04,7.79063,8.66223,72.74,226.56
neuromorpho__111A_2_l_Ngr2KO_2.swc,396,interneuron,0.417599,0,395,0,0,0,0,0,0,0,0,0,0,0,0.918051,0.0159701,0.898421,0.898421,0.898421,0.898421,0.916042,0,0,0,0,0.330808,0,0,0,0.917844,0.898421,0,0,0,0,35,0.919411,0.898421,0.898421,0,0,24.6,0,0,0,0,0,0,103.4,-9.74572,19.5646,119.69,350.13,0,0,0,0,0
neuromorpho__11223c3.swc,2440,pyramidal,0.774364,566,1260,613,0,0,0,0,0.0154031,0,0,0,0,0,0.793481,0.284765,0.3,0.3,0.3,0.541588,0.982145,0.202869,0.306967,0.306967,0.306967,0.367213,0.756371,0.3,0.342756,0.771581,0.3,0.380952,0.872424,0.3,0.122349,82,0.857431,0.3,0.506307,0.207317,0.256098,87.4,0,71,15.147,12.7967,822.57,697.44,65.31,5.85646,13.0252,490.02,706.25,67,22.3295,14.2633,460.7,426.51
neuromorpho__1124-1-Sec2-BSL1.swc,1644,pyramidal,0.979288,0,937,706,0,0,0,0,0,0,0,0,0,0,0.985324,0.00277447,0.982145,0.982145,0.982145,0.982145,0.987703,0,0,0,0,0,0,0,0,0.987703,0.987703,0,0.982145,0.982145,0,67,0.985979,0.982145,0.982145,0,0,65.6,0,0,0,0,0,0,74.06,-3.9001,13.9853,146.71,217.91,62.27,-5.99292,12.155,145.35,269.7
neuromorpho__112A_1_R_WT.swc,541,pyramidal,0.98576,0,177,363,0,0,0,0,0,0,0,0,0,0,0.983996,0.00269614,0.982145,0.982145,0.982145,0.982145,0.982145,0,0,0,0,0,0,0,0,0.987703,0.987703,0,0.982145,0.982145,0,62,0.984764,0.982145,0.982145,0,0,20.7,0,0,0,0,0,0,54.98,-14.3577,11.2385,138.84,65.58,76.96,-19.9769,14.1569,169.03,220.52
neuromorpho__112B_1_R_WT_2.swc,177,pyramidal,0.970184,0,0,176,0,0,0,0,0,0,0,0,0,0,0.982146,0.0013608,0.981639,0.981639,0.981639,0.982145,0.982145,0,0,0,0,0,0,0,0,0,0,0,0.982044,0.981639,0,14,0.983384,0.981639,0.982145,0,0,29.3,0,0,0,0,0,0,0,0,0,0,0,81.4,-1.94545,15.9253,49.3,172.42
neuromorpho__11302c2.swc,1146,pyramidal,0.980227,0,536,609,0,0,0.0890052,0.0890052,0.0210841,-0.0890052,0.0890052,0,0,0,0.817259,0.287331,0.3,0.3,0.3,0.90918,0.982145,0.234729,0.234729,0.234729,0.234729,0.246946,0,0,0,0.946668,0.90918,0.0373134,0.703062,0.3,0.408867,61,0.849437,0.3,0.3,0.196721,0.196721,42,0,0,0,0,0,0,38,5.77231,8.06533,323.35,384.95,56.5,12.722,9.34813,356.25,1048.4
neuromorpho__113F_1_L_WT_1.swc,301,pyramidal,0.97783,0,160,140,0,0,0,0,0,0,0,0,0,0,0.985066,0.00300682,0.981148,0.981148,0.982145,0.982145,0.987703,0,0,0,0,0,0,0,0,0.987703,0.987703,0,0.981946,0.981148,0,27,0.986269,0.981148,0.982145,0,0,25,0,0,0,0,0,0,88.62,-9.38931,18.5429,131.8,90.38,67.39,18.4503,20.0155,53.87,313.46
neuromorpho__115-04-23-L1.swc,183,pyramidal,0.969928,0,182,0,0,0,0,0,0,0,0,0,0,0,0.98777,0.000906516,0.987703,0.987703,0.987703,0.987703,0.987703,0,0,0,0,0,0,0,0,0.987703,0.987703,0,0,0,0,62,0.987902,0.987703,0.987703,0,0,5.9,0,0,0,0,0,0,86.35,-5.65709,16.1134,146.93,200.68,0,0,0,0,0
neuromorpho__115-04-27-R1.swc,202,pyramidal,0.993491,0,201,0,0,0,0,0,0,0,0,0,0,0,0.987764,0.000863053,0.987703,0.987703,0.987703,0.987703,0.987703,0,0,0,0,0,0,0,0,0.987703,0.987703,0,0,0,0,54,0.987931,0.987703,0.987703,0,0,6.7,0,0,0,0,0,0,119.35,-2.72617,23.21,141.44,217.19,0,0,0,0,0
neuromorpho__11501-23-R1.swc,206,pyramidal,0.993543,0,205,0,0,0,0,0,0,0,0,0,0,0,0.987763,0.000854674,0.987703,0.987703,0.987703,0.987703,0.987703,0,0,0,0,0,0,0,0,0.987703,0.987703,0,0,0,0,47,0.987965,0.987703,0.987703,0,0,10,0,0,0,0,0,0,92.8,-1.07278,16.2381,136.77,177.83,0,0,0,0,0
neuromorpho__11501-24-R1.swc,191,pyramidal,0.991769,0,190,0,0,0,0,0,0,0,0,0,0,0,0.987768,0.00088743,0.987703,0.987703,0.987703,0.987703,0.987703,0,0,0,0,0,0,0,0,0.987703,0.987703,0,0,0,0,41,0.988003,0.987703,0.987703,0,0,9,0,0,0,0,0,0,115.08,-7.422,21.3921,125.37,201.44,0,0,0,0,0
neuromorpho__11502-23-L1.swc,234,pyramidal,0.986985,0,233,0,0,0,0,0,0,0,0,0,0,0,0.987756,0.000802145,0.987703,0.987703,0.987703,0.987703,0.987703,0,0,0,0,0,0,0,0,0.987703,0.987703,0,0,0,0,65,0.987892,0.987703,0.987703,0,0,8.6,0,0,0,0,0,0,110.51,-1.81094,24.7552,174.28,192.24,0,0,0,0,0
neuromorpho__11503-23R2.swc,180,pyramidal,0.97855,0,179,0,0,0,0,0,0,0,0,0,0,0,0.987767,0.000914328,0.987681,0.987693,0.987693,0.987693,0.987703,0,0,0,0,0,0,0,0,0.987699,0.987693,0,0,0,0,30,0.988107,0.987681,0.987692,0,0,12.3,0,0,0,0,0,0,68.36,3.57542,15.5302,157.73,217.47,0,0,0,0,0
neuromorpho__11506-18-L1.swc,231,pyramidal,0.987779,0,230,0,0,0,0,0,0,0,0,0,0,0,0.987756,0.000807315,0.987703,0.987703,0.987703,0.987703,0.987703,0,0,0,0,0,0,0,0,0.987703,0.987703,0,0,0,0,51,0.987944,0.987703,0.987703,0,0,9,0,0,0,0,0,0,93.83,-10.3508,17.3826,138.5,222.29,0,0,0,0,0
neuromorpho__11506-21-R1.swc,214,pyramidal,0.989191,0,213,0,0,0,0,0,0,0,0,0,0,0,0.987761,0.000838623,0.987703,0.987703,0.987703,0.987703,0.987703,0,0,0,0,0,0,0,0,0.987703,0.987703,0,0,0,0,57,0.987919,0.987703,0.987703,0,0,6,0,0,0,0,0,0,127.1,31.0696,23.1791,136.71,148.59,0,0,0,0,0
neuromorpho__11508-20-R1.swc,239,pyramidal,0.989282,0,238,0,0,0,0,0,0,0,0,0,0,0,0.987755,0.000793746,0.987703,0.987703,0.987703,0.987703,0.987703,0,0,0,0,0,0,0,0,0.987703,0.987703,0,0,0,0,61,0.987905,0.987703,0.987703,0,0,10,0,0,0,0,0,0,99.37,-8.90433,18.2217,151.55,170.36,0,0,0,0,0
neuromorpho__11508-21-R1.swc,257,pyramidal,0.991856,0,256,0,0,0,0,0,0,0,0,0,0,0,0.987751,0.000765557,0.987703,0.987703,0.987703,0.987703,0.987703,0,0,0,0,0,0,0,0,0.987703,0.987703,0,0,0,0,60,0.987908,0.987703,0.987703,0,0,10,0,0,0,0,0,0,98.47,0.767812,19.3903,140.78,212.77,0,0,0,0,0
neuromorpho__11508-22-R1.swc,219,pyramidal,0.990342,82,136,0,0,0,0,0,0.022721,0,0,0,0,0,0.863979,0.131262,0.663619,0.692014,0.692014,0.699376,0.869978,0,0,0.255708,0.388128,0.506849,0.70524,0.687552,0.682927,0.958689,0.861354,0,0,0,0,60,0.904063,0.663619,0.692014,0.183333,0.266667,7.1,0,54.04,-7.76427,11.5662,93.91,217.49,115.42,0.118456,23.9297,134.69,195.15,0,0,0,0,0
neuromorpho__11509-22-R1.swc,244,pyramidal,0.992953,0,243,0,0,0,0,0,0,0,0,0,0,0,0.987754,0.000785605,0.987703,0.987703,0.987703,0.987703,0.987703,0,0,0,0,0,0,0,0,0.987703,0.987703,0,0,0,0,49,0.987954,0.987703,0.987703,0,0,10,0,0,0,0,0,0,59.42,-4.57564,13.7829,184.34,264.2,0,0,0,0,0
neuromorpho__11509-24-L1.swc,264,pyramidal,0.97571,0,263,0,0,0,0,0,0,0,0,0,0,0,0.98775,0.000755379,0.987703,0.987703,0.987703,0.987703,0.987703,0,0,0,0,0,0,0,0,0.987703,0.987703,0,0,0,0,45,0.987976,0.987703,0.987703,0,0,12,0,0,0,0,0,0,104.52,9.04513,24.3858,137.82,148.03,0,0,0,0,0
neuromorpho__11511c1_final.swc,1895,interneuron,0.376472,0,1894,0,0,0,0,0,0,0,0,0,0,0,0.655375,0.314303,0.3,0.3,0.3,0.3,0.902894,0.438522,0.438522,0.438522,0.438522,0.438522,0,0,0,0.655193,0.3,0.438754,0,0,0,49,0.694592,0.3,0.3,0.367347,0.408163,75.4,0,0,0,0,0,0,56.47,11.7467,12.0334,240.48,696.82,0,0,0,0,0
neuromorpho__11713c2.swc,1478,pyramidal,0.385269,0,521,956,0,0,0,0,0,0,0,0,0,0,0.695429,0.251213,0.3,0.3,0.3,0.3,0.794353,0.280108,0.280108,0.280108,0.64682,0.707037,0,0,0,0.906151,0.898198,0,0.580271,0.3,0.433054,87,0.715785,0.3,0.3,0.287356,0.609195,38,0,0,0,0,0,0,82.5,19.4904,18.0791,184.39,339.3,90,39.8873,21.681,596.38,844.5
neuromorpho__11C2neuron4.swc,3407,pyramidal,0.936502,565,1164,1677,0,0,0,0,0,0,0,0,0,0,0.92767,0.0758328,0.726081,0.75732,0.758902,0.945595,0.945595,0,0,0,0.134723,0.17875,0.7711,0.75732,0,0.981371,0.987703,0,0.943103,0.945595,0,66,0.927729,0.726081,0.762986,0,0.121212,107,0,38.57,-20.8226,9.92983,179.81,133.74,103.13,-3.20361,17.6433,155.79,192.71,133.87,-35.6428,35.1125,225.76,303.19
neuromorpho__11D4neuron4.swc,3178,pyramidal,0.710385,0,1814,1363,0,0,0,0,0,0,0,0,0,0,0.799168,0.216728,0.3,0.4909,0.542092,0.544815,0.987693,0.0748899,0.371617,0.438011,0.438011,0.438011,0,0,0,0.976387,0.985272,0.0159868,0.563162,0.4909,1,47,0.832653,0.3,0.542596,0.361702,0.361702,168.2,0,0,0,0,0,0,112.87,-0.20339,26.9463,277.57,237.36,153.52,-28.3316,26.9467,227.8,319.85
neuromorpho__11_43.swc,706,pyramidal,0.96171,44,444,217,0,0,0.307365,0.307365,0.11454,0,-0.307365,0.307365,0.307365,0,0.957708,0.0415125,0.89016,0.893607,0.895007,0.900515,0.987703,0,0,0,0,0.24221,0.955912,0.955912,0,0.987703,0.987703,0,0.896505,0.892452,0,47,0.961976,0.89016,0.89459,0,0,27.4,0,14.1,-9.72477,4.06925,12.2,110.36,43.97,7.61009,9.16674,231.09,152.18,41.97,3.41295,9.74652,141.42,155.31
neuromorpho__11a_1_1.swc,1417,interneuron,0.733315,0,1416,0,0,0,0,0,0,0,0,0,0,0,0.999666,8.86717e-06,0.999666,0.999666,0.999666,0.999666,0.999666,0,0,0,0,0,0,0,0,0.999666,0.999666,0,0,0,0,22,0.999681,0.999666,0.999666,0,0,130.1,0,0,0,0,0,0,47.67,13.062,11.1715,111.92,199.08,0,0,0,0,0
neuromorpho__11c_2.swc,318,pyramidal,0.714211,29,288,0,0,0,0,0,0,0,0,0,0,0,0.932179,0.120736,0.64422,0.64422,0.698217,0.987703,0.987703,0,0,0.176101,0.176101,0.176101,0.698217,0.698217,1,0.955502,0.987703,0.09375,0,0,0,15,0.946325,0.64422,0.814011,0.133333,0.133333,37.8,0,9.9,-0.0765517,3.68367,21.75,121.04,54.88,-4.29059,16.3724,85.12,73.75,0,0,0,0,0
neuromorpho__11o_pyramidal12aFI.swc,1356,pyramidal,0.955859,0,665,690,0,0,0.0648968,0.0648968,0.0152125,-0.0648968,0.0648968,0,0,0,0.897893,0.214586,0.3,0.3,0.3,0.981687,0.982145,0.109882,0.109882,0.109882,0.109882,0.174779,0,0,0,0.923263,0.806457,0.0586466,0.873294,0.3,0.15942,30,0.952425,0.3,0.806347,0.0333333,0.0666667,121,1.61,0,0,0,0,0,93.25,-0.52015,16.2802,169.27,258.8,112.86,30.9683,25.1222,271.46,185.47
neuromorpho__12-PKCd-real-correct-3d-file-use-this-one.swc,947,interneuron,0.620026,0,946,0,0,0,0,0,0,0,0,0,0,0,0.929342,0.0876317,0.3,0.936644,0.941767,0.941767,0.941767,0.0190074,0.0190074,0.0190074,0.0190074,0.0190074,0,0,0,0.929268,0.941767,0.0190275,0,0,0,12,0.942162,0.3,0.925644,0,0,216.9,0,0,0,0,0,0,97.96,5.0101,20.3927,154.85,320.3,0,0,0,0,0
neuromorpho__121012V1-2Slice4Cell1.swc,280,pyramidal,0.968792,0,279,0,0,0,0,0,0,0,0,0,0,0,0.987675,0.000881858,0.984018,0.987681,0.987681,0.987681,0.987703,0,0,0,0,0,0,0,0,0.987631,0.987681,0,0,0,0,39,0.987826,0.984018,0.987681,0,0,15,0,0,0,0,0,0,28.5,-0.99405,5.78903,197.26,229.35,0,0,0,0,0
neuromorpho__121012V1-3Slice6Cell2.swc,810,pyramidal,0.963156,0,356,453,0,0,0,0,0,0,0,0,0,0,0.982926,0.0340926,0.3,0.982145,0.982145,0.982145,0.982145,0.00246914,0.00246914,0.00246914,0.00246914,0.00246914,0,0,0,0.987703,0.987703,0,0.979133,0.982145,0.00441501,69,0.984591,0.3,0.982145,0,0,25.2,0,0,0,0,0,0,79.91,0.148371,17.0517,207.48,169.63,78.48,6.20274,12.9513,214.2,425.47
neuromorpho__121012V1-3Slice6Cell6.swc,542,pyramidal,0.973247,0,212,329,0,0,0,0,0,0,0,0,0,0,0.984352,0.00279314,0.982145,0.982145,0.982145,0.982145,0.982145,0,0,0,0,0,0,0,0,0.987703,0.987703,0,0.982145,0.982145,0,46,0.984708,0.982145,0.982145,0,0,24.5,0,0,0,0,0,0,46.01,5.26986,8.7711,282.41,189.32,75.98,-9.67082,14.7374,237.93,314.49
neuromorpho__12C1neuron2Layers.swc,2966,pyramidal,0.660761,41,1701,1223,0,0,0,0,0,0,0,0,0,0,0.811796,0.209503,0.3,0.501909,0.519215,0.615889,0.987693,0.0438301,0.223871,0.426163,0.426163,0.426163,0.637756,0.637756,1,0.9877,0.987693,0,0.572822,0.467069,1,51,0.775142,0.3,0.504945,0.509804,0.509804,126,0,12.18,27.3968,3.64911,5.48,22.81,229.39,19.236,39.8859,272.7,176.1,128.49,-27.4245,27.1701,155.7,270.84
neuromorpho__12D2neuron1Layers.swc,2092,pyramidal,0.79389,112,1979,0,0,0,0,0,0.0148477,0,0,0,0,0,0.959759,0.113444,0.3,0.871004,0.962653,0.987703,0.987703,0.0267686,0.0267686,0.0267686,0.0267686,0.0970363,0.962653,0.962653,0,0.959575,0.871004,0.0282971,0,0,0,33,0.977623,0.3,0.967663,0,0,164.6,0,24.73,-14.0483,8.83932,70.42,78.46,145.53,-23.7581,25.2879,199.79,285.53,0,0,0,0,0
neuromorpho__12D2neuron2.swc,1831,interneuron,0.411623,0,1830,0,0,0,0,0,0,0,0,0,0,0,0.88308,0.181683,0.3,0.3,0.933925,0.938328,0.938328,0.0884762,0.0884762,0.0884762,0.0884762,0.0884762,0,0,0,0.883016,0.933925,0.0885246,0,0,0,20,0.919013,0.3,0.864948,0,0.1,208.3,0,0,0,0,0,0,150.25,-16.7935,30.0677,299.42,301.93,0,0,0,0,0
neuromorpho__12N5-8162019-b-wt1a.swc,4908,interneuron,0.966294,0,4907,0,0,0,0,0,0,0,0,0,0,0,0.999666,4.7657e-06,0.999666,0.999666,0.999666,0.999666,0.999666,0,0,0,0,0,0,0,0,0.999666,0.999666,0,0,0,0,102,0.999669,0.999666,0.999666,0,0,105.5,0,0,0,0,0,0,17.95,-2.36111,3.73705,96.46,271.6,0,0,0,0,0
neuromorpho__12N5-8162019-b_tile3-fcfc5a.swc,1411,interneuron,0.952085,0,1410,0,0,0,0,0,0,0,0,0,0,0,0.999666,8.88599e-06,0.999666,0.999666,0.999666,0.999666,0.999666,0,0,0,0,0,0,0,0,0.999666,0.999666,0,0,0,0,29,0.999678,0.999666,0.999666,0,0,108,0,0,0,0,0,0,22.96,-7.58977,5.14159,100.09,156.23,0,0,0,0,0
neuromorpho__12N7-8162019-b-wt1a.swc,3276,interneuron,0.985802,0,3275,0,0,0,0,0,0,0,0,0,0,0,0.999666,5.83291e-06,0.999666,0.999666,0.999666,0.999666,0.999666,0,0,0,0,0,0,0,0,0.999666,0.999666,0,0,0,0,47,0.999673,0.999666,0.999666,0,0,190.2,0,0,0,0,0,0,23.91,0.856977,4.96899,141.05,159.24,0,0,0,0,0
neuromorpho__12N7-8162019-b_fcfc3a.swc,2837,interneuron,0.987564,0,2836,0,0,0,0,0,0,0,0,0,0,0,0.955028,0.170996,0.3,0.3,0.999666,0.999666,0.999666,0.0637998,0.0637998,0.0637998,0.0637998,0.0637998,0,0,0,0.955012,0.999666,0.0638223,0,0,0,42,0.99392,0.3,0.999666,0,0.0238095,173.4,0,0,0,0,0,0,32.22,-0.455857,5.73535,114.67,241.61,0,0,0,0,0
neuromorpho__13-1-15-A-A2.swc,4588,interneuron,0.968735,4223,364,0,0,0,0,0,0,0,0,0,0,0,0.899364,0.219734,0.3,0.3,0.3,0.969809,0.969809,0.118134,0.118134,0.118134,0.118134,0.118134,0.890695,0.3,0.128345,0.999666,0.999666,0,0,0,0,83,0.89811,0.3,0.3,0.120482,0.120482,117,-1.5,59.49,4.67135,10.4847,128.75,492.01,19.75,2.78516,5.26247,34.18,161.5,0,0,0,0,0
neuromorpho__139-05-cell-1-analysis.swc,532,interneuron,0.926362,92,439,0,0,0,0,0,0,0,0,0,0,0,0.980382,0.0469422,0.759067,0.895604,0.934466,0.999666,0.999666,0,0,0,0.0281955,0.0601504,0.927377,0.895604,0,0.991445,0.999666,0,0,0,0,30,0.971522,0.759067,0.93058,0,0.0666667,35.9,0,14.49,-8.94565,3.77159,13.17,56.63,20.19,1.97934,2.87752,31.38,90.22,0,0,0,0,0
neuromorpho__13A5neuron2.swc,1606,interneuron,0.660318,0,1605,0,0,0,0,0,0,0,0,0,0,0,0.978292,0.114094,0.3,0.971335,0.971335,0.999666,0.999666,0.0273973,0.0273973,0.0273973,0.0273973,0.0273973,0,0,0,0.978279,0.971335,0.0274143,0,0,0,24,0.993041,0.3,0.999666,0,0,127.8,0,0,0,0,0,0,65.44,-3.93589,15.6168,194.62,288.71,0,0,0,0,0
neuromorpho__13B1neuron2.swc,2744,pyramidal,0.823937,0,2743,0,0,0,0,0,0,0,0,0,0,0,0.987696,0.000235158,0.987681,0.987681,0.987681,0.987681,0.987691,0,0,0,0,0,0,0,0,0.987692,0.987681,0,0,0,0,55,0.987915,0.987681,0.987681,0,0,104.2,0,0,0,0,0,0,96.6,-15.6421,25.2714,211.5,275.79,0,0,0,0,0
neuromorpho__13_08_13_-2_Cell_-2.swc,31729,pyramidal,0.947101,9329,10027,12372,0,0,0,0,0.00376572,0,0,0,0,0,0.713098,0.306687,0.3,0.3,0.3,0.3,0.881671,0.319518,0.395443,0.417126,0.447855,0.506508,0.852647,0.3,0.197449,0.773851,0.562148,0.3702,0.558611,0.3,0.620837,168,0.755003,0.3,0.3,0.363095,0.392857,405.3,0,213.97,-26.2481,40.2766,650,559.18,179.2,-23.0941,33.5658,387.8,363.4,251.65,-54.8291,46.9527,548.39,1144.92
neuromorpho__14--OTC-1-nM-NPY-11-weeks.swc,2821,interneuron,0.961132,0,2820,0,0,0,0,0,0,0,0,0,0,0,0.997648,0.00728797,0.971335,0.971335,0.999666,0.999666,0.999666,0,0,0,0,0,0,0,0,0.997647,0.999666,0,0,0,0,62,0.999215,0.971335,0.999666,0,0,132.8,0,0,0,0,0,0,12.57,1.00777,2.5999,305.62,372.92,0,0,0,0,0
neuromorpho__141-08-cell-1-analysis.swc,495,interneuron,0.959455,0,494,0,0,0,0,0,0,0,0,0,0,0,0.999667,1.49928e-05,0.999666,0.999666,0.999666,0.999666,0.999666,0,0,0,0,0,0,0,0,0.999666,0.999666,0,0,0,0,26,0.999679,0.999666,0.999666,0,0,44.5,-1.5,0,0,0,0,0,14.49,3.91913,3.99597,20.78,143.07,0,0,0,0,0
neuromorpho__141113c1.swc,14377,interneuron,0.992261,13174,1202,0,0,0,0,0,0,0,0,0,0,0,0.358823,0.193621,0.3,0.3,0.3,0.3,0.3,0.91549,0.91549,0.91549,0.91549,0.91549,0.30178,0.3,0.997343,0.983491,0.994705,0.0191348,0,0,0,2398,0.333132,0.3,0.3,0.95246,0.95246,12,0,102.99,-10.1038,24.2363,617.05,671.19,110.08,3.52276,19.5656,128.81,741.59,0,0,0,0,0
neuromorpho__143-06-cell-1-analysis.swc,1699,interneuron,0.965141,0,1698,0,0,0,0,0,0,0,0,0,0,0,0.993847,0.0105974,0.971335,0.971335,0.971335,0.994705,0.999666,0,0,0,0,0,0,0,0,0.993843,0.971335,0,0,0,0,33,0.998517,0.971335,0.999666,0,0,144.4,1,0,0,0,0,0,25.72,-1.71006,5.07272,55.86,244.87,0,0,0,0,0
neuromorpho__143-07-cell-1-analysis.swc,1827,interneuron,0.981208,0,1826,0,0,0,0,0,0,0,0,0,0,0,0.999666,7.80971e-06,0.999666,0.999666,0.999666,0.999666,0.999666,0,0,0,0,0,0,0,0,0.999666,0.999666,0,0,0,0,35,0.999676,0.999666,0.999666,0,0,122.8,0,0,0,0,0,0,24.99,6.26899,7.65212,40.43,221.13,0,0,0,0,0
neuromorpho__1460-2-Sec2-LTL1.swc,1846,pyramidal,0.93603,0,960,885,0,0,0.203684,0.203684,0.036348,-0.203684,0.203684,0,0,0,0.761155,0.186517,0.3,0.533041,0.56604,0.589106,0.820204,0.0498375,0.291441,0.46533,0.479415,0.683099,0,0,0,0.92777,0.820607,0,0.580151,0.490786,0.970621,47,0.729265,0.3,0.563701,0.553191,0.574468,81.8,0,0,0,0,0,0,265.2,41.0405,51.9904,174.69,162.84,160.13,49.0274,36.3188,90.69,201.88
neuromorpho__14Feb2019-exp-5_53-rpt-188-1010.swc,2669,interneuron,0.977584,0,2668,0,0,0,0,0,0,0,0,0,0,0,0.99818,0.00631613,0.971335,0.971335,0.999666,0.999666,0.999666,0,0,0,0,0,0,0,0,0.998179,0.999666,0,0,0,0,36,0.998888,0.971335,0.999666,0,0,146,0,0,0,0,0,0,2.52,0.00817091,0.388464,163.22,189.8,0,0,0,0,0
neuromorpho__14Feb2019-exp-5_53-rpt-scr-1006.swc,1867,interneuron,0.557873,0,1866,0,0,0,0,0,0,0,0,0,0,0,0.941378,0.0016593,0.939351,0.939351,0.939351,0.940919,0.941824,0,0,0,0,0,0,0,0,0.941347,0.939351,0,0,0,0,23,0.943813,0.939351,0.939351,0,0,177.2,0,0,0,0,0,0,1.81,-0.823023,0.349033,200.6,232.92,0,0,0,0,0
neuromorpho__14Feb2019-exp-5_53-rpt-scr-1007.swc,1598,interneuron,0.467008,0,1597,0,0,0,0,0,0,0,0,0,0,0,0.934995,0.0070887,0.92175,0.92175,0.92175,0.933766,0.933766,0,0,0,0,0,0,0,0,0.934954,0.92175,0,0,0,0,32,0.937459,0.92175,0.92175,0,0,113.1,0,0,0,0,0,0,1.33,-0.0557545,0.193925,173.68,183.62,0,0,0,0,0
neuromorpho__14Feb2019-exp-5_53-rpt-scr-1008.swc,438,interneuron,0.696377,0,437,0,0,0,0,0,0,0,0,0,0,0,0.999667,1.59364e-05,0.999666,0.999666,0.999666,0.999666,0.999666,0,0,0,0,0,0,0,0,0.999666,0.999666,0,0,0,0,4,0.99975,0.999666,0.999666,0,0,200.6,0,0,0,0,0,0,1.96,0.706407,0.368606,37.73,80.77,0,0,0,0,0
neuromorpho__14Feb2019-exp-5_53-rpt-scr-1010.swc,3461,interneuron,0.939694,0,3460,0,0,0,0,0,0,0,0,0,0,0,0.999666,5.67492e-06,0.999666,0.999666,0.999666,0.999666,0.999666,0,0,0,0,0,0,0,0,0.999666,0.999666,0,0,0,0,70,0.999671,0.999666,0.999666,0,0,101.7,0,0,0,0,0,0,2.74,-0.151431,0.347235,137.99,180.3,0,0,0,0,0
neuromorpho__14_den_ax.swc,132401,pyramidal,0.99524,127211,5189,0,0,0,0,0,2.26929e-05,0,0,0,0,0,0.42331,0.259027,0.3,0.3,0.3,0.3,0.3,0.813234,0.82522,0.82522,0.829004,0.831353,0.410272,0.3,0.837962,0.742842,0.492422,0.513008,0,0,0,1997,0.455911,0.3,0.3,0.77967,0.784677,188.4,0,4956.1,-230.575,1340.42,3342.83,2647.97,245.28,11.1045,42.4904,332.29,323.93,0,0,0,0,0
neuromorpho__150217_1.swc,5665,interneuron,0.9905,0,5664,0,0,0,0,0,0,0,0,0,0,0,0.999666,4.43593e-06,0.999666,0.999666,0.999666,0.999666,0.999666,0,0,0,0,0,0,0,0,0.999666,0.999666,0,0,0,0,168,0.999668,0.999666,0.999666,0,0,88.3,0,0,0,0,0,0,53.99,0.804631,10.5389,102.63,215.49,0,0,0,0,0
neuromorpho__150420_2.swc,4916,interneuron,0.986397,0,4915,0,0,0,0,0,0,0,0,0,0,0,0.89767,0.037982,0.759067,0.759067,0.908046,0.908046,0.908046,0,0,0,0.0697722,0.0697722,0,0,0,0.897649,0.908046,0,0,0,0,128,0.906437,0.759067,0.908046,0,0.015625,87.5,0,0,0,0,0,0,78,-12.8995,14.2791,106.1,139.37,0,0,0,0,0
neuromorpho__15_33.swc,1026,pyramidal,0.978921,0,1025,0,0,0,0,0,0,0,0,0,0,0,0.987715,0.000383712,0.987703,0.987703,0.987703,0.987703,0.987703,0,0,0,0,0,0,0,0,0.987703,0.987703,0,0,0,0,64,0.987895,0.987703,0.987703,0,0,31.4,0,0,0,0,0,0,0,0,0,109.6,109.18,0,0,0,0,0
neuromorpho__15_35.swc,2247,pyramidal,0.989464,0,2246,0,0,0,0.303071,0.303071,0.078764,-0.303071,0.303071,0,0,0,0.964096,0.0364374,0.880563,0.897772,0.900526,0.923759,0.987703,0,0,0,0,0.0792167,0,0,0,0.96408,0.900526,0,0,0,0,103,0.975265,0.880563,0.907029,0,0,40,0,0,0,0,0,0,0,0,0,110.37,131.66,0,0,0,0,0
neuromorpho__15_den_ax.swc,130424,pyramidal,0.98953,118753,6191,5479,0,0,0.0420091,0.0420091,0.00416536,0,-0.0420091,0.0420091,0.0420091,0,0.525067,0.317262,0.3,0.3,0.3,0.3,0.3,0.6605,0.666028,0.674239,0.694542,0.701006,0.493161,0.3,0.721253,0.987703,0.987703,0,0.693767,0.521375,0.417229,1110,0.665822,0.3,0.3,0.466667,0.500901,284.2,0,3509.46,-1154.55,1008.87,5733.09,3888.32,149.54,4.42893,33.3906,206.15,241.17,126.5,33.5151,24.0314,196.57,423.01
neuromorpho__16-06-15-C.swc,11914,interneuron,0.994475,11447,466,0,0,0,0,0,0,0,0,0,0,0,0.940853,0.185636,0.3,0.3,0.969809,0.980369,0.999757,0.0772201,0.0772201,0.0772201,0.0772201,0.0772201,0.938454,0.969809,0.0803704,0.999666,0.999666,0,0,0,0,98,0.987592,0.3,0.977788,0,0.0204082,298.9,-1.5,89.48,-21.7666,18.1952,135.91,425.88,28.5,-5.95483,6.6618,39.47,76.38,0,0,0,0,0
neuromorpho__160801_SAC3_007.swc,2959,interneuron,0.978488,0,2958,0,0,0,0,0,0,0,0,0,0,0,0.999666,6.1373e-06,0.999666,0.999666,0.999666,0.999666,0.999666,0,0,0,0,0,0,0,0,0.999666,0.999666,0,0,0,0,81,0.99967,0.999666,0.999666,0,0,127,0.277778,0,0,0,0,0,24,9.77828,5.16949,121.84,103.74,0,0,0,0,0
neuromorpho__160817_SAC2_009_avgupdated.swc,2008,interneuron,0.954684,0,2007,0,0,0,0,0,0,0,0,0,0,0,0.993322,0.0082891,0.971335,0.971335,0.971335,0.994705,0.994705,0,0,0,0,0,0,0,0,0.993318,0.971335,0,0,0,0,70,0.994247,0.971335,0.971335,0,0,123.4,-3.31579,0,0,0,0,0,21,20.1862,2.81521,59.86,118.63,0,0,0,0,0
neuromorpho__161220_3.swc,9074,interneuron,0.983597,7343,1730,0,0,0,0,0,0,0,0,0,0,0,0.846689,0.280755,0.3,0.3,0.3,0.969809,0.999666,0.207185,0.207185,0.211263,0.213247,0.215341,0.811942,0.3,0.257116,0.994084,0.999666,0.016763,0,0,0,289,0.793019,0.3,0.3,0.287197,0.294118,78.6,0,49,8.29142,9.356,302.18,431.8,31,6.33323,6.63378,196.3,281.73,0,0,0,0,0
neuromorpho__170511_1.swc,11243,interneuron,0.783803,0,11242,0,0,0,0,0,0,0,0,0,0,0,0.939645,0.192336,0.3,0.3,0.971335,0.999666,0.999666,0.0828071,0.0828071,0.0828071,0.0828071,0.0828071,0,0,0,0.93964,0.971335,0.0828144,0,0,0,62,0.99348,0.3,0.999666,0.016129,0.016129,375.9,0,0,0,0,0,0,42,-2.60452,7.73358,257.58,600.47,0,0,0,0,0
neuromorpho__170519_SAC11updated.swc,5494,interneuron,0.993089,0,5493,0,0,0,0,0,0,0,0,0,0,0,0.999666,4.50442e-06,0.999666,0.999666,0.999666,0.999666,0.999666,0,0,0,0,0,0,0,0,0.999666,0.999666,0,0,0,0,333,0.999667,0.999666,0.999666,0,0,42,4.27077,0,0,0,0,0,34,19.3176,6.63622,88.09,134.96,0,0,0,0,0
neuromorpho__170602_sac2_updated170801.swc,5056,interneuron,0.960231,0,5055,0,0,0,0,0,0,0,0,0,0,0,0.999666,4.69544e-06,0.999666,0.999666,0.999666,0.999666,0.999666,0,0,0,0,0,0,0,0,0.999666,0.999666,0,0,0,0,271,0.999667,0.999666,0.999666,0,0,40,1.16667,0,0,0,0,0,16,11.6629,1.48524,181.88,126.54,0,0,0,0,0
neuromorpho__17302_00044-semi_r.swc,3338,interneuron,0.992333,3030,307,0,0,0,0,0,0,0,0,0,0,0,0.559257,0.337246,0.3,0.3,0.3,0.3,0.3,0.62852,0.62852,0.62852,0.62852,0.62852,0.519338,0.3,0.685479,0.951806,0.999666,0.0684039,0,0,0,189,0.634208,0.3,0.3,0.555556,0.57672,44.2,0,1992.86,194.616,407.395,2004.66,1872.55,92.75,-15.6211,19.1872,187.75,446.17,0,0,0,0,0
neuromorpho__17302_00045-semi_r.swc,1756,interneuron,0.990383,1531,224,0,0,0,0,0,0,0,0,0,0,0,0.809265,0.311453,0.3,0.3,0.3,0.3,0.999757,0.27221,0.27221,0.27221,0.27221,0.27221,0.781283,0.3,0.312214,0.999666,0.999666,0,0,0,0,263,0.84042,0.3,0.3,0.228137,0.235741,14,0,1936.44,-276.179,486.064,1920.07,1269.52,126.25,2.65201,24.4495,231.67,269.25,0,0,0,0,0
neuromorpho__17302_00046-semi_r.swc,1791,interneuron,0.994069,1558,232,0,0,0,0,0,0,0,0,0,0,0,0.534804,0.330401,0.3,0.3,0.3,0.3,0.3,0.664433,0.664433,0.664433,0.664433,0.664433,0.465283,0.3,0.7638,0.999666,0.999666,0,0,0,0,159,0.627857,0.3,0.3,0.528302,0.553459,30.2,0,1723.28,414.241,525.814,928.44,1776.24,87.68,-12.4993,17.442,202.83,251.18,0,0,0,0,0
neuromorpho__17302_00047-semi_f.swc,3714,interneuron,0.994185,3613,100,0,0,0,0,0,0,0,0,0,0,0,0.568574,0.339079,0.3,0.3,0.3,0.3,0.3,0.614432,0.614432,0.614432,0.614432,0.614432,0.556522,0.3,0.631608,0.999666,0.999666,0,0,0,0,262,0.650648,0.3,0.3,0.507634,0.515267,33.9,0,1579.96,-147.294,325.058,2048.56,1208.86,46.42,12.243,8.77979,109.43,159.22,0,0,0,0,0
neuromorpho__17302_00056-semi_r.swc,2190,interneuron,0.994925,1957,232,0,0,0,0,0,0,0,0,0,0,0,0.720408,0.34166,0.3,0.3,0.3,0.3,0.999555,0.397717,0.397717,0.397717,0.397717,0.397717,0.68716,0.3,0.445069,0.999666,0.999666,0,0,0,0,285,0.711067,0.3,0.3,0.407018,0.414035,18,0,1582.49,192.166,411.171,1513.86,1149.3,114.22,-1.78922,20.7263,231.9,254.92,0,0,0,0,0
neuromorpho__17302_00057-semi_r.swc,3025,interneuron,0.994509,2714,310,0,0,0,0,0,0,0,0,0,0,0,0.787161,0.321811,0.3,0.3,0.3,0.3,0.999757,0.303802,0.303802,0.303802,0.303802,0.303802,0.763067,0.3,0.338246,0.997409,0.999666,0.00322581,0,0,0,410,0.849108,0.3,0.3,0.219512,0.226829,16.1,0,2014.69,194.407,440.293,1500.5,1075.29,106.21,-1.33477,19.6387,247,402.64,0,0,0,0,0
neuromorpho__17302_00074-semi_r.swc,2921,interneuron,0.956381,2637,283,0,0,0,0,0,0,0,0,0,0,0,0.508153,0.319862,0.3,0.3,0.3,0.3,0.3,0.702499,0.702499,0.702499,0.702499,0.702499,0.455218,0.3,0.778157,0.999666,0.999666,0,0,0,0,236,0.560758,0.3,0.3,0.639831,0.648305,34,0,1092.83,-54.2265,176.116,1692.44,1552.08,179,4.507,29.883,206.84,369.92,0,0,0,0,0
neuromorpho__17302_00124-semi_r.swc,3498,interneuron,0.962807,2947,550,0,0,0,0,0,0,0,0,0,0,0,0.517239,0.321447,0.3,0.3,0.3,0.3,0.3,0.686392,0.686392,0.686392,0.686392,0.686392,0.468824,0.3,0.755005,0.775773,0.3,0.32,0,0,0,239,0.624603,0.3,0.3,0.539749,0.543933,37.2,0,1944.57,-174.08,405.446,1607.15,1471.15,169.71,-18.0753,24.0722,485.98,362.23,0,0,0,0,0
neuromorpho__17543_00140-semi_r.swc,2614,interneuron,0.957691,2370,243,0,0,0,0,0,0,0,0,0,0,0,0.564302,0.338802,0.3,0.3,0.3,0.3,0.3,0.621653,0.621653,0.621653,0.621653,0.621653,0.519479,0.3,0.685654,0.999666,0.999666,0,0,0,0,274,0.667066,0.3,0.3,0.478102,0.481752,23,0,1708.47,197.705,327.009,688.63,1109.68,197.69,7.40737,29.4633,196.42,242.86,0,0,0,0,0
neuromorpho__17545_00001-semi_r.swc,3468,interneuron,0.980991,3014,453,0,0,0,0,0,0,0,0,0,0,0,0.376745,0.218457,0.3,0.3,0.3,0.3,0.3,0.890138,0.890138,0.890138,0.890138,0.890138,0.309378,0.3,0.986397,0.823591,0.3,0.251656,0,0,0,424,0.366766,0.3,0.3,0.903302,0.90566,22,0,1342.3,368.743,384.731,1593.85,2016.85,110.83,24.2786,17.2328,263.68,686.26,0,0,0,0,0
neuromorpho__17545_00028-semi_r.swc,2156,interneuron,0.995181,1812,343,0,0,0,0,0,0,0,0,0,0,0,0.508752,0.31953,0.3,0.3,0.3,0.3,0.3,0.700835,0.700835,0.700835,0.700835,0.700835,0.415554,0.3,0.833885,0.999666,0.999666,0,0,0,0,449,0.49572,0.3,0.3,0.717149,0.719376,11,0,381.25,-5.69862,68.8277,741.52,1309.41,171.95,2.07507,32.7834,148.94,292.98,0,0,0,0,0
neuromorpho__17545_00040-semi_r.swc,2527,interneuron,0.993965,2278,248,0,0,0,0,0,0,0,0,0,0,0,0.617609,0.348378,0.3,0.3,0.3,0.3,0.3,0.546102,0.546102,0.546102,0.546102,0.546102,0.576155,0.3,0.605356,0.996845,0.999666,0.00403226,0,0,0,387,0.631002,0.3,0.3,0.521964,0.534884,18,0,1880.96,378.451,574.929,1627.44,1607.64,183.5,13.1237,33.6243,195.66,301.2,0,0,0,0,0
neuromorpho__17545_00041-semi_r.swc,1653,interneuron,0.941051,1271,381,0,0,0,0,0,0,0,0,0,0,0,0.608583,0.347411,0.3,0.3,0.3,0.3,0.3,0.558984,0.558984,0.558984,0.558984,0.558984,0.494345,0.3,0.722266,0.988648,0.999666,0.015748,0,0,0,145,0.697594,0.3,0.3,0.427586,0.434483,23.6,0,1025.92,33.1923,178.497,1063.3,1082.56,208.44,-22.9413,32.0027,291.47,306.91,0,0,0,0,0
neuromorpho__17545_00053-semi_r.swc,3138,interneuron,0.991944,2883,254,0,0,0,0,0,0,0,0,0,0,0,0.587811,0.344255,0.3,0.3,0.3,0.3,0.3,0.588591,0.588591,0.588591,0.588591,0.588591,0.551382,0.3,0.640652,0.999666,0.999666,0,0,0,0,282,0.665368,0.3,0.3,0.496454,0.503546,29,0,1131.25,-32.2247,173.994,1515.95,1915.4,133.24,13.146,21.5548,240.54,278.69,0,0,0,0,0
neuromorpho__17545_00113-semi_r.swc,2524,interneuron,0.995157,2260,263,0,0,0,0,0,0,0,0,0,0,0,0.618166,0.348334,0.3,0.3,0.3,0.3,0.3,0.545166,0.545166,0.545166,0.545166,0.545166,0.573601,0.3,0.60885,0.999666,0.999666,0,0,0,0,283,0.621336,0.3,0.3,0.537102,0.551237,23,0,2178.76,373.294,602.882,1610.21,1688.69,229.51,-4.21217,39.5907,178.17,323.18,0,0,0,0,0
neuromorpho__17545_00118-semi_r.swc,2021,interneuron,0.992743,1770,250,0,0,0,0,0,0,0,0,0,0,0,0.746837,0.335662,0.3,0.3,0.3,0.3,0.999666,0.360713,0.360713,0.360713,0.360713,0.360713,0.710984,0.3,0.411864,0.999666,0.999666,0,0,0,0,317,0.715694,0.3,0.3,0.397476,0.40694,15.4,0,712.49,-11.8919,122.554,1207.41,1532.28,156.05,-5.35544,24.3127,191.9,210.56,0,0,0,0,0
neuromorpho__17545_00147-semi_r.swc,2555,interneuron,0.952503,2211,343,0,0,0,0,0,0,0,0,0,0,0,0.590592,0.34456,0.3,0.3,0.3,0.3,0.3,0.584344,0.584344,0.584344,0.584344,0.584344,0.526946,0.3,0.67526,0.999666,0.999666,0,0,0,0,198,0.651732,0.3,0.3,0.494949,0.515152,30.9,0,1289.38,83.7584,270.638,896.52,1406.05,212.26,-11.6152,40.9044,175.77,385.78,0,0,0,0,0
neuromorpho__17545_00149-semi_r.swc,2591,interneuron,0.970617,2318,272,0,0,0,0,0,0,0,0,0,0,0,0.648637,0.34985,0.3,0.3,0.3,0.3,0.3,0.501737,0.501737,0.501737,0.501737,0.501737,0.607294,0.3,0.560828,0.999666,0.999666,0,0,0,0,206,0.732992,0.3,0.3,0.383495,0.42233,30.5,0,601.22,10.3498,113.423,830.79,1345.86,163.75,24.0496,26.46,244.43,361.28,0,0,0,0,0
neuromorpho__17o_pyramidal13aFI.swc,1141,pyramidal,0.81244,0,655,485,0,0,0.425066,0.425066,0.125906,-0.425066,0,0.425066,0.425066,0,0.91655,0.0840119,0.782162,0.794448,0.800849,0.823965,0.987703,0,0,0,0.0832603,0.424189,0,0,0,0.987703,0.987703,0,0.820283,0.792814,0,407,0.916898,0.782162,0.803781,0,0.0737101,6,0,0,0,0,0,0,92.47,-16.5,21.7998,237.46,130.95,89.74,40.0821,21.9323,213.81,221.16
neuromorpho__18-04-17-01.swc,10638,interneuron,0.987454,808,9829,0,0,0,0,0,0,0,0,0,0,0,0.843506,0.141874,0.3,0.619835,0.666667,0.759067,0.759067,0.00319609,0.0301748,0.120699,0.576612,0.576612,0.614155,0.590909,0.962871,0.862344,0.759067,0.0514803,0,0,0,141,0.857451,0.3,0.714286,0.070922,0.546099,176,0,32.99,-12.5087,11.9166,125.94,58.68,66.65,-16.1172,15.1425,281.3,404.38,0,0,0,0,0
neuromorpho__180215_1AP_final.swc,10189,interneuron,0.970687,8605,1583,0,0,0,0,0,0,0,0,0,0,0,0.501531,0.316093,0.3,0.3,0.3,0.3,0.3,0.710963,0.710963,0.710963,0.710963,0.710963,0.433496,0.3,0.808019,0.871048,0.3,0.183828,0,0,0,483,0.450174,0.3,0.3,0.776398,0.786749,54,0,1322.22,2.70059,181.169,377.38,1028.79,305.28,6.518,43.7004,308.69,546.82,0,0,0,0,0
neuromorpho__180608_morpho4_d4_hippo_D4-Hippo-Fresh-2_crop-2.swc,3479,pyramidal,0.992825,0,3478,0,0,0,0,0,0,0,0,0,0,0,0.987707,0.00020845,0.987703,0.987703,0.987703,0.987703,0.987703,0,0,0,0,0,0,0,0,0.987703,0.987703,0,0,0,0,31,0.9881,0.987703,0.987703,0,0,265,0,0,0,0,0,0,0,0,0,29.14,53.52,0,0,0,0,0
neuromorpho__180608_morpho4_d4_hippo_D4-Hippo-Fresh-2_crop-3.swc,1285,pyramidal,0.993954,0,1284,0,0,0,0,0,0,0,0,0,0,0,0.987713,0.000342902,0.987703,0.987703,0.987703,0.987703,0.987703,0,0,0,0,0,0,0,0,0.987703,0.987703,0,0,0,0,26,0.988176,0.987703,0.987703,0,0,135.5,0,0,0,0,0,0,0,0,0,14.91,25.49,0,0,0,0,0
neuromorpho__180608_morpho4_d4_hippo_D4-Hippo-Fresh-2_crop.swc,4014,pyramidal,0.984833,0,4013,0,0,0,0,0,0,0,0,0,0,0,0.987706,0.000194065,0.987703,0.987703,0.987703,0.987703,0.987703,0,0,0,0,0,0,0,0,0.987703,0.987703,0,0,0,0,67,0.987887,0.987703,0.987703,0,0,131.4,0,0,0,0,0,0,0,0,0,26.75,40.21,0,0,0,0,0
neuromorpho__180608_morpho4_d4_hippo_D4-Hippo-Fresh-4_crop-7.swc,3703,pyramidal,0.995229,0,3702,0,0,0,0,0,0,0,0,0,0,0,0.987707,0.000202048,0.987703,0.987703,0.987703,0.987703,0.987703,0,0,0,0,0,0,0,0,0.987703,0.987703,0,0,0,0,28,0.988142,0.987703,0.987703,0,0,355.9,0,0,0,0,0,0,0,0,0,42.44,69.68,0,0,0,0,0
neuromorpho__180702_morpho-6_hippo_tau488_trfp_map2647_Fresh-10_crop-1.swc,1924,pyramidal,0.995624,0,1923,0,0,0,0,0,0,0,0,0,0,0,0.98771,0.000280269,0.987703,0.987703,0.987703,0.987703,0.987703,0,0,0,0,0,0,0,0,0.987703,0.987703,0,0,0,0,17,0.988427,0.987703,0.987703,0,0,224.4,0,0,0,0,0,0,0,0,0,21.41,41.11,0,0,0,0,0
neuromorpho__180702_morpho-6_hippo_tau488_trfp_map2647_Fresh-4_crop-2.swc,1980,pyramidal,0.995045,0,1979,0,0,0,0,0,0,0,0,0,0,0,0.987709,0.000276279,0.987703,0.987703,0.987703,0.987703,0.987703,0,0,0,0,0,0,0,0,0.987703,0.987703,0,0,0,0,15,0.988523,0.987703,0.987703,0,0,284.6,0,0,0,0,0,0,0,0,0,24.03,49.16,0,0,0,0,0
neuromorpho__180702_morpho-6_hippo_tau488_trfp_map2647_Fresh-5_crop-1.swc,4148,pyramidal,0.99204,0,4147,0,0,0,0,0,0,0,0,0,0,0,0.987706,0.000190906,0.987703,0.987703,0.987703,0.987703,0.987703,0,0,0,0,0,0,0,0,0.987703,0.987703,0,0,0,0,33,0.988076,0.987703,0.987703,0,0,301.2,0,0,0,0,0,0,0,0,0,43.7,48.27,0,0,0,0,0
neuromorpho__180702_morpho-6_hippo_tau488_trfp_map2647_Fresh-5_crop.swc,1408,pyramidal,0.99528,0,1407,0,0,0,0,0,0,0,0,0,0,0,0.987712,0.000327593,0.987703,0.987703,0.987703,0.987703,0.987703,0,0,0,0,0,0,0,0,0.987703,0.987703,0,0,0,0,14,0.988582,0.987703,0.987703,0,0,192.6,0,0,0,0,0,0,0,0,0,15.24,37.06,0,0,0,0,0
neuromorpho__180702_morpho-6_hippo_tau488_trfp_map2647_Fresh-8_crop-4.swc,5522,pyramidal,0.988804,0,5521,0,0,0,0,0,0,0,0,0,0,0,0.987705,0.000165464,0.987703,0.987703,0.987703,0.987703,0.987703,0,0,0,0,0,0,0,0,0.987703,0.987703,0,0,0,0,40,0.988011,0.987703,0.987703,0,0,318.4,0,0,0,0,0,0,0,0,0,58.92,77.92,0,0,0,0,0
neuromorpho__180702_morpho-6_hippo_tau488_trfp_map2647_Hippo-1-6_crop-5.swc,1377,pyramidal,0.98956,0,1376,0,0,0,0,0,0,0,0,0,0,0,0.987712,0.000331258,0.987703,0.987703,0.987703,0.987703,0.987703,0,0,0,0,0,0,0,0,0.987703,0.987703,0,0,0,0,23,0.988238,0.987703,0.987703,0,0,138.8,0,0,0,0,0,0,0,0,0,18.98,32.41,0,0,0,0,0
neuromorpho__180702_morpho-6_hippo_tau488_trfp_map2647_Hippo-1-8_crop-6.swc,841,pyramidal,0.993102,0,840,0,0,0,0,0,0,0,0,0,0,0,0.987718,0.000423774,0.987703,0.987703,0.987703,0.987703,0.987703,0,0,0,0,0,0,0,0,0.987703,0.987703,0,0,0,0,8,0.98924,0.987703,0.987703,0,0,209.2,0,0,0,0,0,0,0,0,0,12.6,27.25,0,0,0,0,0
neuromorpho__180702_morpho-6_hippo_tau488_trfp_map2648_Hippo-3-10_crop-1.swc,2371,pyramidal,0.994841,0,2370,0,0,0,0,0,0,0,0,0,0,0,0.987708,0.000252484,0.987703,0.987703,0.987703,0.987703,0.987703,0,0,0,0,0,0,0,0,0.987703,0.987703,0,0,0,0,16,0.988472,0.987703,0.987703,0,0,336.5,0,0,0,0,0,0,0,0,0,19.71,68.35,0,0,0,0,0
neuromorpho__180702_morpho-6_hippo_tau488_trfp_map2648_Hippo-3-2_crop-2.swc,3229,pyramidal,0.991518,0,3228,0,0,0,0,0,0,0,0,0,0,0,0.987707,0.000216366,0.987703,0.987703,0.987703,0.987703,0.987703,0,0,0,0,0,0,0,0,0.987703,0.987703,0,0,0,0,36,0.988045,0.987703,0.987703,0,0,150.5,0,0,0,0,0,0,0,0,0,33.73,59.09,0,0,0,0,0
neuromorpho__180702_morpho-6_hippo_tau488_trfp_map2648_Hippo-3-2_crop-6.swc,3695,pyramidal,0.994905,0,3694,0,0,0,0,0,0,0,0,0,0,0,0.987707,0.000202267,0.987703,0.987703,0.987703,0.987703,0.987703,0,0,0,0,0,0,0,0,0.987703,0.987703,0,0,0,0,40,0.988011,0.987703,0.987703,0,0,199.2,0,0,0,0,0,0,0,0,0,38.17,73.41,0,0,0,0,0
neuromorpho__180702_morpho-6_hippo_tau488_trfp_map2648_Hippo-3-6_crop.swc,1581,pyramidal,0.993217,0,1580,0,0,0,0,0,0,0,0,0,0,0,0.987711,0.000309163,0.987703,0.987703,0.987703,0.987703,0.987703,0,0,0,0,0,0,0,0,0.987703,0.987703,0,0,0,0,25,0.988195,0.987703,0.987703,0,0,135.2,0,0,0,0,0,0,0,0,0,14.64,26.38,0,0,0,0,0
neuromorpho__180702_morpho-6_hippo_tau488_trfp_map2648_Hippo-4-10_crop-1.swc,3081,pyramidal,0.993836,0,3080,0,0,0,0,0,0,0,0,0,0,0,0.987707,0.0002215,0.987703,0.987703,0.987703,0.987703,0.987703,0,0,0,0,0,0,0,0,0.987703,0.987703,0,0,0,0,22,0.988262,0.987703,0.987703,0,0,303.7,0,0,0,0,0,0,0,0,0,32.39,71.79,0,0,0,0,0
neuromorpho__180702_morpho-6_hippo_tau488_trfp_map2648_Hippo-4-10_crop-3.swc,2896,pyramidal,0.989474,0,2895,0,0,0,0,0,0,0,0,0,0,0,0.987707,0.000228463,0.987703,0.987703,0.987703,0.987703,0.987703,0,0,0,0,0,0,0,0,0.987703,0.987703,0,0,0,0,19,0.98835,0.987703,0.987703,0,0,330.2,0,0,0,0,0,0,0,0,0,29.73,75.78,0,0,0,0,0
neuromorpho__180702_morpho-6_hippo_tau488_trfp_map2648_Hippo-4-3_crop-1.swc,2307,pyramidal,0.99209,0,2306,0,0,0,0,0,0,0,0,0,0,0,0.987709,0.00025596,0.987703,0.987703,0.987703,0.987703,0.987703,0,0,0,0,0,0,0,0,0.987703,0.987703,0,0,0,0,41,0.988003,0.987703,0.987703,0,0,130,0,0,0,0,0,0,0,0,0,34.96,30.09,0,0,0,0,0
neuromorpho__180702_morpho-6_hippo_tau488_trfp_map2648_Hippo-4-3_crop-3.swc,4128,pyramidal,0.989054,0,4127,0,0,0,0,0,0,0,0,0,0,0,0.987706,0.000191368,0.987703,0.987703,0.987703,0.987703,0.987703,0,0,0,0,0,0,0,0,0.987703,0.987703,0,0,0,0,39,0.988019,0.987703,0.987703,0,0,225.6,0,0,0,0,0,0,0,0,0,24.87,64.28,0,0,0,0,0
neuromorpho__180702_morpho-6_hippo_tau488_trfp_map2648_Hippo-4-3_crop.swc,1712,pyramidal,0.993286,0,1711,0,0,0,0,0,0,0,0,0,0,0,0.98771,0.000297106,0.987703,0.987703,0.987703,0.987703,0.987703,0,0,0,0,0,0,0,0,0.987703,0.987703,0,0,0,0,12,0.988728,0.987703,0.987703,0,0,138.7,0,0,0,0,0,0,0,0,0,15.47,58.58,0,0,0,0,0
neuromorpho__180702_morpho-6_hippo_tau488_trfp_map2648_Hippo-4-6_crop-2.swc,1085,pyramidal,0.994314,0,1084,0,0,0,0,0,0,0,0,0,0,0,0.987715,0.000373143,0.987703,0.987703,0.987703,0.987703,0.987703,0,0,0,0,0,0,0,0,0.987703,0.987703,0,0,0,0,17,0.988427,0.987703,0.987703,0,0,145.4,0,0,0,0,0,0,0,0,0,12.08,32.21,0,0,0,0,0
neuromorpho__180702_morpho-6_hippo_tau488_trfp_map2648_Hippo-4-7_crop-4.swc,935,pyramidal,0.982909,0,934,0,0,0,0,0,0,0,0,0,0,0,0.987716,0.000401932,0.987703,0.987703,0.987703,0.987703,0.987703,0,0,0,0,0,0,0,0,0.987703,0.987703,0,0,0,0,19,0.98835,0.987703,0.987703,0,0,116,0,0,0,0,0,0,0,0,0,9.24,17.1,0,0,0,0,0
neuromorpho__180702_morpho-6_hippo_tau488_trfp_map2648_Hippo-4-8_crop-2.swc,1654,pyramidal,0.994592,0,1653,0,0,0,0,0,0,0,0,0,0,0,0.987711,0.000302268,0.987703,0.987703,0.987703,0.987703,0.987703,0,0,0,0,0,0,0,0,0.987703,0.987703,0,0,0,0,25,0.988195,0.987703,0.987703,0,0,161.4,0,0,0,0,0,0,0,0,0,17.82,36.89,0,0,0,0,0
neuromorpho__180702_morpho-6_hippo_tau488_trfp_map2648_Hippo-4-9_crop-3.swc,1125,pyramidal,0.995407,0,1124,0,0,0,0,0,0,0,0,0,0,0,0.987714,0.000366456,0.987703,0.987703,0.987703,0.987703,0.987703,0,0,0,0,0,0,0,0,0.987703,0.987703,0,0,0,0,14,0.988582,0.987703,0.987703,0,0,160.5,0,0,0,0,0,0,0,0,0,13.62,24.19,0,0,0,0,0
neuromorpho__180911s3_Lstellate.swc,238,interneuron,0.899346,0,237,0,0,0,0,0,0,0,0,0,0,0,0.996215,0.00926787,0.971335,0.971335,0.971335,0.999666,0.999666,0,0,0,0,0,0,0,0,0.996199,0.971335,0,0,0,0,41,0.998983,0.971335,0.999666,0,0,10,0,0,0,0,0,0,34.91,9.5538,8.27411,109.55,261.09,0,0,0,0,0
neuromorpho__180921s1c1b_Lstellate.swc,1398,interneuron,0.994064,7,1390,0,0,0,0,0,0,0,0,0,0,0,0.780195,0.0700784,0.619835,0.759067,0.759067,0.759067,0.759067,0,0,0.00500715,0.909156,0.909156,0.619835,0.619835,1,0.780845,0.759067,0,0,0,0,83,0.780045,0.619835,0.759067,0.0120482,0.903614,33.8,0,6.15,1.12,2.08336,3.9,6.48,50.61,-10.1612,13.0567,301.87,396.16,0,0,0,0,0
neuromorpho__18414_slide1_cell3.swc,584,pyramidal,0.992994,160,423,0,0,0,0,0,0.0095848,0,0,0,0,0,0.89618,0.158305,0.526399,0.574504,0.574504,0.866526,0.987703,0,0.181507,0.181507,0.190068,0.282534,0.671336,0.572394,0.6625,0.980982,0.987703,0,0,0,0,50,0.846055,0.526399,0.574504,0.28,0.3,30.2,0,55.14,-4.84262,10.0586,80.67,106.41,101.82,-24.997,26.6282,165.02,260.72,0,0,0,0,0
neuromorpho__18414_slide2_cell3.swc,1048,pyramidal,0.991639,19,750,278,0,0,0,0,0.00875707,0,0,0,0,0,0.979418,0.0297941,0.76785,0.962653,0.981148,0.981639,0.987703,0,0,0,0.00381679,0.0477099,0.842426,0.76785,0,0.987436,0.987703,0,0.967077,0.85415,0,122,0.976407,0.76785,0.981148,0,0.00819672,19.9,0,40.25,33.9411,11.5199,19.57,15.86,123.03,-5.47151,31.5577,316.77,225.35,134.59,-14.4847,31.3631,239.35,246.07
neuromorpho__18454_00015-semi_r.swc,2688,interneuron,0.992801,2391,296,0,0,0,0,0,0,0,0,0,0,0,0.623836,0.348898,0.3,0.3,0.3,0.3,0.3,0.537202,0.537202,0.537202,0.537202,0.537202,0.577152,0.3,0.603931,0.999666,0.999666,0,0,0,0,297,0.669422,0.3,0.3,0.464646,0.478114,23,0,2035.37,283.028,549.302,1972.6,1724.38,165.77,-16.6197,30.2476,287.89,301.2,0,0,0,0,0
neuromorpho__18454_00016-semi_r.swc,2895,interneuron,0.990027,2631,263,0,0,0,0,0,0,0,0,0,0,0,0.558514,0.33762,0.3,0.3,0.3,0.3,0.3,0.630397,0.630397,0.630397,0.630397,0.630397,0.514248,0.3,0.693653,0.999666,0.999666,0,0,0,0,209,0.636092,0.3,0.3,0.535885,0.564593,35.4,0,1640.98,-15.0672,298.3,2558.63,1289.08,193.28,2.6157,28.4661,265.28,314.5,0,0,0,0,0
neuromorpho__18454_00020-semi_r.swc,2351,interneuron,0.994107,2135,215,0,0,0,0,0,0,0,0,0,0,0,0.569334,0.340449,0.3,0.3,0.3,0.3,0.3,0.615057,0.615057,0.615057,0.615057,0.615057,0.529401,0.3,0.672131,0.963869,0.999666,0.0511628,0,0,0,168,0.678171,0.3,0.3,0.458333,0.482143,33,0,2288.89,427.263,704.91,1589.75,1265.55,124.23,14.9375,18.1579,209.33,512.05,0,0,0,0,0
neuromorpho__18455_00002-semi_r.swc,1822,interneuron,0.991764,1596,225,0,0,0,0,0,0,0,0,0,0,0,0.607389,0.347051,0.3,0.3,0.3,0.3,0.3,0.560373,0.560373,0.560373,0.560373,0.560373,0.551841,0.3,0.639724,0.999666,0.999666,0,0,0,0,201,0.701487,0.3,0.3,0.41791,0.432836,22,0,855.7,-196.969,238.297,1250.55,1629.59,50.94,1.51493,9.70638,158.19,355.22,0,0,0,0,0
neuromorpho__18455_00007-semi_r.swc,2433,interneuron,0.994948,2221,211,0,0,0,0,0,0,0,0,0,0,0,0.7084,0.344942,0.3,0.3,0.3,0.3,0.999666,0.416358,0.416358,0.416358,0.416358,0.416358,0.680597,0.3,0.456101,0.999666,0.999666,0,0,0,0,322,0.732811,0.3,0.3,0.375776,0.388199,18.9,0,1182.52,-116.397,261.204,2581.36,902.94,117.44,5.87436,24.6135,195.18,297.73,0,0,0,0,0
neuromorpho__18455_00016-semi_r.swc,2198,interneuron,0.985743,2023,174,0,0,0,0,0,0,0,0,0,0,0,0.627584,0.349158,0.3,0.3,0.3,0.3,0.3,0.531847,0.531847,0.531847,0.531847,0.531847,0.595396,0.3,0.577855,0.999666,0.999666,0,0,0,0,231,0.694691,0.3,0.3,0.437229,0.454545,22,0,2486.17,-504.365,742.492,1547.09,1093.19,92.62,-11.0447,17.1464,157.47,243.61,0,0,0,0,0
neuromorpho__18455_00220-semi_r.swc,2954,interneuron,0.767307,2649,304,0,0,0,0,0,0,0,0,0,0,0,0.609599,0.347543,0.3,0.3,0.3,0.3,0.3,0.557549,0.557549,0.557549,0.557549,0.557549,0.56548,0.3,0.620612,0.992761,0.999666,0.00986842,0,0,0,243,0.687811,0.3,0.3,0.444444,0.477366,28,0,866.18,-10.7051,165.064,1408.79,1894.5,158.97,-3.66102,28.6346,237.66,455.74,0,0,0,0,0
neuromorpho__18462_00043-semi_r.swc,2502,interneuron,0.988116,2271,230,0,0,0,0,0,0,0,0,0,0,0,0.639521,0.349716,0.3,0.3,0.3,0.3,0.3,0.514788,0.514788,0.514788,0.514788,0.514788,0.602888,0.3,0.567151,0.999666,0.999666,0,0,0,0,259,0.721972,0.3,0.3,0.393822,0.409266,22,0,2197.18,-220.548,482.722,1308.56,2424.64,165.1,-5.9803,31.2339,258.25,234.53,0,0,0,0,0
neuromorpho__1857-09-cell-1-analysis.swc,581,interneuron,0.923733,0,580,0,0,0,0,0,0,0,0,0,0,0,0.993035,0.0119962,0.971335,0.971335,0.971335,0.999666,0.999666,0,0,0,0,0,0,0,0,0.993023,0.971335,0,0,0,0,17,0.998019,0.971335,0.999666,0,0,70.4,0,0,0,0,0,0,27.61,9.15679,6.15644,23.27,151.57,0,0,0,0,0
neuromorpho__1857-09-cell-2-analysis.swc,894,interneuron,0.952937,0,893,0,0,0,0,0,0,0,0,0,0,0,0.999666,1.11612e-05,0.999666,0.999666,0.999666,0.999666,0.999666,0,0,0,0,0,0,0,0,0.999666,0.999666,0,0,0,0,21,0.999682,0.999666,0.999666,0,0,112,-1.5,0,0,0,0,0,42.03,10.1095,9.17466,69.78,245.39,0,0,0,0,0
neuromorpho__18869_4414_x15653_y4273-semi_r.swc,3349,interneuron,0.994045,2990,358,0,0,0,0,0,0,0,0,0,0,0,0.934766,0.203095,0.3,0.3,0.999666,0.999757,0.999757,0.0928635,0.0928635,0.0928635,0.0928635,0.0928635,0.935398,0.999757,0.0919732,0.929309,0.789766,0.100559,0,0,0,655,0.93144,0.3,0.818339,0.0946565,0.0992366,11,0,557.69,39.9972,97.4193,525.79,728.03,202.98,18.8507,41.22,382.74,431.74,0,0,0,0,0
neuromorpho__18869_4520_x23555_y8194-semi_r.swc,4086,interneuron,0.904096,3484,601,0,0,0,0,0,0,0,0,0,0,0,0.817699,0.306991,0.3,0.3,0.3,0.3,0.999757,0.260157,0.260157,0.260157,0.260157,0.260157,0.80152,0.3,0.283295,0.911189,0.3,0.126456,0,0,0,643,0.848819,0.3,0.3,0.214619,0.225505,15,0,623.28,-14.8107,61.0131,1608.48,1782.79,321.02,-24.3166,42.1353,417.48,748.3,0,0,0,0,0
neuromorpho__18869_4722_x18329_y4110-semi_r.swc,4201,interneuron,0.990656,3546,654,0,0,0,0,0,0,0,0,0,0,0,0.980736,0.113693,0.3,0.999666,0.999666,0.999757,0.999757,0.0271364,0.0271364,0.0271364,0.0271364,0.0271364,0.978423,0.999757,0.0304569,0.993247,0.999666,0.00917431,0,0,0,966,0.989499,0.3,0.999666,0.0134576,0.0144928,9,0,534.61,-55.5013,62.907,788.35,1132.32,340.17,-7.05777,64.9674,462.17,602.55,0,0,0,0,0
neuromorpho__18869_5692_x6534_y3440-semi_r.swc,5265,interneuron,0.90564,4742,522,0,0,0,0,0,0,0,0,0,0,0,0.964796,0.152438,0.3,0.999666,0.999666,0.999757,0.999757,0.0499525,0.0499525,0.0499525,0.0499525,0.0499525,0.980426,0.999757,0.0276255,0.822739,0.3,0.252874,0,0,0,885,0.989566,0.3,0.999757,0.00903955,0.020339,13,0,701.55,-26.0265,89.4001,740.37,1152.97,392.55,-9.8672,67.0818,436.79,692.6,0,0,0,0,0
neuromorpho__19-02-19A-02-cell-1.swc,4103,interneuron,0.964621,0,4102,0,0,0,0,0,0,0,0,0,0,0,0.999666,5.21218e-06,0.999666,0.999666,0.999666,0.999666,0.999666,0,0,0,0,0,0,0,0,0.999666,0.999666,0,0,0,0,62,0.999671,0.999666,0.999666,0,0,137.8,5,0,0,0,0,0,46,5.63932,10.4171,69.31,403.49,0,0,0,0,0
neuromorpho__19-02-19A-03-cell-1.swc,3823,interneuron,0.935267,0,3822,0,0,0,0,0,0,0,0,0,0,0,0.987038,0.0931447,0.3,0.999666,0.999666,0.999666,0.999666,0.0180487,0.0180487,0.0180487,0.0180487,0.0180487,0,0,0,0.987035,0.999666,0.0180534,0,0,0,47,0.99638,0.3,0.999666,0,0,218.2,5.75,0,0,0,0,0,53,-3.01544,12.1039,45.35,478.42,0,0,0,0,0
neuromorpho__19-02-19A-03-cell-2.swc,6497,interneuron,0.959583,0,6496,0,0,0,0,0,0,0,0,0,0,0,0.918749,0.223526,0.3,0.3,0.3,0.999666,0.999666,0.115438,0.115438,0.115438,0.115438,0.115438,0,0,0,0.918737,0.3,0.115456,0,0,0,52,0.958901,0.3,0.942969,0.0576923,0.0576923,323.5,5.25,0,0,0,0,0,53.5,6.21436,12.9065,53.69,617.48,0,0,0,0,0
neuromorpho__19-02-19A-06-cell-1.swc,5554,interneuron,0.976122,0,5553,0,0,0,0,0,0,0,0,0,0,0,0.999197,0.00361596,0.971335,0.999666,0.999666,0.999666,0.999666,0,0,0,0,0,0,0,0,0.999197,0.999666,0,0,0,0,176,0.999507,0.971335,0.999666,0,0,78,4.25,0,0,0,0,0,32,2.82194,6.07539,57.53,294.05,0,0,0,0,0
neuromorpho__19-02-19A-14-cell-2.swc,2129,interneuron,0.911215,0,2128,0,0,0,0,0,0,0,0,0,0,0,0.997852,0.00660682,0.971335,0.971335,0.999666,0.999666,0.999666,0,0,0,0,0,0,0,0,0.997851,0.999666,0,0,0,0,73,0.999011,0.971335,0.999666,0,0,55.8,3.5,0,0,0,0,0,47,9.43914,10.2,68.96,295.15,0,0,0,0,0
neuromorpho__19-02-19B-01-cell3.swc,3826,interneuron,0.962139,0,3825,0,0,0,0,0,0,0,0,0,0,0,0.965835,0.150087,0.3,0.999666,0.999666,0.999666,0.999666,0.0483534,0.0483534,0.0483534,0.0483534,0.0483534,0,0,0,0.965826,0.999666,0.048366,0,0,0,65,0.994382,0.3,0.999666,0,0.0153846,126.2,-5.25,0,0,0,0,0,53.5,-0.471438,14.6997,72.88,447.81,0,0,0,0,0
neuromorpho__190131_C7.swc,35096,interneuron,0.996375,27113,7982,0,0,0,0,0,0,0,0,0,0,0,0.953404,0.174,0.3,0.3,0.999666,0.999666,0.999757,0.0662184,0.0662184,0.0662184,0.0662184,0.0662184,0.979291,0.999757,0.029248,0.865466,0.3,0.191807,0,0,0,2104,0.960052,0.3,0.999666,0.0560837,0.0565589,38,0,33.04,4.76344,5.69641,867.27,480.05,27.33,5.79324,5.90419,736.24,864.1,0,0,0,0,0
neuromorpho__190618_e740-2_nosection.swc,4454,interneuron,0.898713,0,4453,0,0,0,0,0,0,0,0,0,0,0,0.865714,0.274752,0.3,0.3,0.3,0.999666,0.999666,0.19084,0.19084,0.19084,0.19084,0.19084,0,0,0,0.865684,0.3,0.190883,0,0,0,81,0.8644,0.3,0.3,0.185185,0.209877,119,0,0,0,0,0,0,331.37,-39.9299,60.5615,408.09,223.67,0,0,0,0,0
neuromorpho__19_06_13_-1_Cell_-6.swc,54512,pyramidal,0.947206,23013,11336,20162,0,0,0,0,0.00204388,0,0,0,0,0,0.673484,0.33961,0.3,0.3,0.3,0.3,0.970007,0.450928,0.450928,0.454652,0.454652,0.463898,0.559762,0.3,0.625299,0.919328,0.816281,0.0969478,0.665045,0.3,0.461016,273,0.743921,0.3,0.3,0.3663,0.377289,472,0,164.75,-47.2137,24.7563,1667.65,1137.59,247.96,-9.11459,36.8894,409.9,409.3,165.93,-88.0771,45.2908,503.91,1255.65
neuromorpho__19sept2014c1.swc,2245,interneuron,0.978536,373,1871,0,0,0,0,0,0,0,0,0,0,0,0.864956,0.150778,0.3,0.619835,0.666667,0.759067,0.908046,0.0169265,0.047216,0.14922,0.353229,0.36392,0.681048,0.521846,0.450402,0.901548,0.759067,0.0892571,0,0,0,315,0.914225,0.3,0.759067,0.0666667,0.203175,16,0,62.35,12.5952,12.5974,295.25,260.18,108.9,5.94544,23.6347,1064.81,659.25,0,0,0,0,0
neuromorpho__1A3.swc,2317,pyramidal,0.907619,0,2316,0,0,0,0,0,0,0,0,0,0,0,0.98044,0.0379682,0.571824,0.96583,0.978703,0.98346,0.987703,0,0.00820026,0.00820026,0.00820026,0.00820026,0,0,0,0.980432,0.978703,0.0082038,0,0,0,52,0.975372,0.571824,0.96583,0.0192308,0.0192308,75.7,0,0,0,0,0,0,133.11,-21.6928,26.5623,170.19,306.31,0,0,0,0,0
neuromorpho__1_54.swc,1268,pyramidal,0.974675,27,1240,0,0,0,0,0,0,0,0,0,0,0,0.981654,0.0410904,0.698217,0.987703,0.987703,0.987703,0.987703,0,0,0.0141956,0.0212934,0.0212934,0.703174,0.698217,0.666667,0.987703,0.987703,0,0,0,0,76,0.976633,0.698217,0.987703,0.0263158,0.0394737,32.5,0,0,0,0,4.55,8.65,0.25,0.0392177,0.0698162,119.79,122.2,0,0,0,0,0
neuromorpho__1_den_ax.swc,126292,pyramidal,0.964393,124559,1732,0,0,0,0,0,0.000187201,0,0,0,0,0,0.307995,0.0698768,0.3,0.3,0.3,0.3,0.3,0.987276,0.989524,0.989588,0.989627,0.990435,0.301024,0.3,0.99829,0.808957,0.442795,0.364319,0,0,0,2685,0.324064,0.3,0.3,0.968343,0.96946,140.6,0,4467.93,-1048.82,1174.61,3847.98,6649.44,301.05,5.46978,48.9969,398.61,304.24,0,0,0,0,0
neuromorpho__1a_4.swc,1700,pyramidal,0.816397,317,1382,0,0,0,0,0,0,0,0,0,0,0,0.885125,0.217528,0.3,0.3,0.554538,0.982709,0.98346,0.0935294,0.104118,0.192353,0.192353,0.192353,0.456951,0.3,1,0.983255,0.982709,0.00723589,0,0,0,44,0.919264,0.3,0.632668,0.136364,0.136364,87.1,0.00333333,76.01,6.13591,15.1228,46.34,292.87,119.6,14.6392,25.2009,309.35,165.16,0,0,0,0,0
neuromorpho__2--OTC-10-nM-NPY-9-weeks.swc,2579,interneuron,0.365134,0,2578,0,0,0,0,0,0,0,0,0,0,0,0.898627,0.0517995,0.3,0.89838,0.89838,0.89838,0.89838,0.00697945,0.00697945,0.00697945,0.00697945,0.892982,0,0,0,0.898587,0.89838,0.00698216,0,0,0,45,0.905909,0.3,0.89838,0,0,139,0,0,0,0,0,0,16.75,-1.18066,3.51795,261.01,324.35,0,0,0,0,0
neuromorpho__2-ENU2-treated-neuron1.swc,674,pyramidal,0.993372,30,440,203,0,0,0.301187,0.301187,0.0423592,0,-0.301187,0.301187,0.301187,0,0.940278,0.0853796,0.734775,0.777152,0.784465,0.955912,0.987703,0,0,0,0.20178,0.219585,0.955912,0.955912,0,0.987673,0.987703,0,0.834946,0.771602,0,65,0.933167,0.734775,0.784797,0,0.2,22,0,30.97,24.6843,9.9075,54.4,90.13,84.78,-1.6653,14.8879,173.25,214.22,80.97,7.06665,19.4662,175.71,209.15
neuromorpho__2-ENU2-veichle-neuron1_2.swc,198,interneuron,0.730431,0,197,0,0,0,0,0,0,0,0,0,0,0,0.992313,0.0122317,0.971335,0.971335,0.971335,0.977178,0.999666,0,0,0,0,0,0,0,0,0.992274,0.971335,0,0,0,0,19,0.99644,0.971335,0.990031,0,0,17,0,0,0,0,0,0,21.41,-1.40756,4.28474,61.5,229.54,0,0,0,0,0
neuromorpho__2-ENU2-veichle-neuron3_2.swc,150,pyramidal,0.868667,13,21,115,0,0,0,0,0,0,0,0,0,0,0.955097,0.091025,0.659702,0.659702,0.982145,0.982145,0.982145,0,0,0.0866667,0.0866667,0.0866667,0.659702,0.659702,1,0.987703,0.987703,0,0.982145,0.982145,0,17,0.964882,0.659702,0.982145,0.0588235,0.0588235,13,0,6.19,8.40462,1.80907,0.83,31.8,19.36,3.98476,6.57552,48.14,19.34,24.62,0.339043,4.72741,46.16,139.5
neuromorpho__20120320SC2-1.swc,2469,interneuron,0.98883,2084,384,0,0,0,0,0,0,0,0,0,0,0,0.76355,0.326728,0.3,0.3,0.3,0.3,0.999555,0.331713,0.331713,0.331713,0.331713,0.331713,0.71993,0.3,0.392994,0.999666,0.999666,0,0,0,0,331,0.777303,0.3,0.3,0.314199,0.317221,17,0,132.6,31.9134,37.689,823.29,1072.57,117.78,15.6972,25.2768,142.01,553.37,0,0,0,0,0
neuromorpho__2016-08-11-slice-3-cell-7-rotated.swc,19344,interneuron,0.993581,16433,2910,0,0,0,0,0,0,0,0,0,0,0,0.982322,0.107838,0.3,0.999666,0.999666,0.999757,0.999757,0.0243486,0.0243486,0.0243486,0.0243486,0.0243486,0.999303,0.999757,0,0.886421,0.3,0.161856,0,0,0,200,0.995844,0.3,0.999666,0,0.01,182.1,0,97.28,-20.6518,16.3651,334.8,364.13,55.54,2.41174,8.67076,317.38,452.58,0,0,0,0,0
neuromorpho__2016-13-08-slice-2-cell-2-rotated.swc,15186,interneuron,0.99504,12750,2435,0,0,0,0,0,0,0,0,0,0,0,0.972136,0.136204,0.3,0.999666,0.999666,0.999757,0.999757,0.0394442,0.0394442,0.0394442,0.0394442,0.0394442,0.966876,0.999757,0.0469804,0.999666,0.999666,0,0,0,0,272,0.976743,0.3,0.999666,0.0294118,0.0367647,114.9,0,81.76,-11.6509,13.5491,546.99,570.39,43.12,-6.54899,7.70619,173.57,358.17,0,0,0,0,0
neuromorpho__2016-20-10-slice-4-cell-2-rotated.swc,23171,interneuron,0.996668,22751,419,0,0,0,0,0,0,0,0,0,0,0,0.934404,0.203616,0.3,0.3,0.999666,0.999757,0.999757,0.0933926,0.0933926,0.0933926,0.0933926,0.0933926,0.933199,0.999757,0.0951167,0.999666,0.999666,0,0,0,0,397,0.951864,0.3,0.999622,0.0654912,0.070529,117.4,0,162.11,-16.7366,24.5377,713.93,849.47,35.43,-1.35415,7.47781,121.82,183.7,0,0,0,0,0
neuromorpho__2016-30-09-slice-4-cell-8-rotated.swc,4380,interneuron,0.982774,0,4379,0,0,0,0,0,0,0,0,0,0,0,0.891921,0.199613,0.3,0.3,0.759067,0.908046,0.994705,0.0883562,0.0883562,0.0883562,0.206393,0.206393,0,0,0,0.891896,0.759067,0.0883763,0,0,0,49,0.916896,0.3,0.759067,0.0816327,0.142857,177.2,0,0,0,0,0,0,76.07,-16.0138,17.7969,177.6,510.17,0,0,0,0,0
neuromorpho__2017-01-09-slice-2-cell-2-rotated.swc,6461,interneuron,0.993675,4931,1529,0,0,0,0,0,0,0,0,0,0,0,0.893226,0.223986,0.3,0.3,0.3,0.969809,0.969809,0.122272,0.122272,0.122272,0.122272,0.150132,0.860199,0.3,0.160211,0.999666,0.999666,0,0,0,0,57,0.898573,0.3,0.535086,0.122807,0.157895,233.6,0,138.6,-19.6198,33.0539,207.11,538.68,48.94,1.95542,8.23155,121.81,201.88,0,0,0,0,0
neuromorpho__2017-02-08-slice-3-cell-7-rotated.swc,12991,interneuron,0.986018,12602,388,0,0,0,0,0,0,0,0,0,0,0,0.976858,0.123604,0.3,0.999555,0.999757,0.999757,0.999757,0.0322531,0.0322531,0.0322531,0.0322531,0.0322531,0.976154,0.999757,0.0332487,0.999666,0.999666,0,0,0,0,251,0.989886,0.3,0.999666,0.00796813,0.0199203,109,0,72.54,-7.42018,12.5058,387.24,538.54,37.77,-9.3826,8.8521,101.28,170.05,0,0,0,0,0
neuromorpho__2017-04-07-slice-2-cell-6-rotated.swc,30629,interneuron,0.994814,25547,5081,0,0,0,0,0,0,0,0,0,0,0,0.892569,0.252002,0.3,0.3,0.3,0.999666,0.999757,0.153156,0.153156,0.153156,0.153156,0.153156,0.871402,0.3,0.183427,0.998978,0.999666,0.000984058,0,0,0,222,0.926463,0.3,0.759056,0.0900901,0.112613,296.9,0,103.47,-22.5224,19.4108,427.25,715.84,60,-14.3965,12.3499,170.94,325,0,0,0,0,0
neuromorpho__2017-06-03-slice-5-cell-7-rotated.swc,16867,interneuron,0.97852,15814,1052,0,0,0,0,0,0,0,0,0,0,0,0.986288,0.0859275,0.3,0.969809,0.980369,0.999757,0.999757,0.0152961,0.0152961,0.0152961,0.0152961,0.0152961,0.985397,0.980369,0.0163147,0.999666,0.999666,0,0,0,0,166,0.994747,0.3,0.98146,0,0.0060241,202,0,78.14,1.04827,14.9437,292.12,400.55,34.22,-5.34259,7.1398,68.15,173.57,0,0,0,0,0
neuromorpho__2017-06-08-slice-3-cell-7-rotated.swc,12953,interneuron,0.980926,6090,6862,0,0,0,0,0,0,0,0,0,0,0,0.779633,0.324332,0.3,0.3,0.3,0.3,0.999666,0.31375,0.31375,0.31375,0.31375,0.31375,0.972036,0.999555,0.037931,0.608844,0.3,0.558584,0,0,0,76,0.838843,0.3,0.3,0.210526,0.236842,316,0,50.3,-2.83139,8.32447,214.84,443.97,94.01,-17.4824,17.3297,182.41,554.46,0,0,0,0,0
neuromorpho__2017-07-09-slice-3-cell-2-rotated.swc,6818,interneuron,0.995202,6659,158,0,0,0,0,0,0,0,0,0,0,0,0.995778,0.0514284,0.3,0.999666,0.999757,0.999757,0.999757,0.00542681,0.00542681,0.00542681,0.00542681,0.00542681,0.995685,0.999757,0.00555639,0.999666,0.999666,0,0,0,0,258,0.998661,0.3,0.999757,0,0,54,0,61.44,4.19503,11.7976,283.07,306.67,20.86,-4.57987,4.93615,82.76,151.61,0,0,0,0,0
neuromorpho__2017-12-09-slice-1-cell-7-rotated.swc,17064,interneuron,0.986941,13823,3240,0,0,0,0,0,0,0,0,0,0,0,0.999248,0.00361317,0.969809,0.999666,0.999666,0.999757,0.999757,0,0,0,0,0,0.99915,0.999757,0,0.999666,0.999666,0,0,0,0,165,0.999095,0.969809,0.999666,0,0,215.4,0,58.39,-7.60039,9.89187,270.39,338.69,37.94,-3.94083,8.32132,143.31,335.42,0,0,0,0,0
neuromorpho__2017-15-02-slice-3-cell-2-rotated.swc,21013,interneuron,0.995675,19811,1201,0,0,0,0,0,0,0,0,0,0,0,0.895344,0.247667,0.3,0.3,0.3,0.999555,0.999757,0.14748,0.14748,0.14748,0.14748,0.14748,0.889014,0.3,0.156428,0.999666,0.999666,0,0,0,0,170,0.910151,0.3,0.3,0.117647,0.129412,269.2,0,76.63,-8.70924,13.4903,644.61,476.76,40.83,2.33598,7.02629,134.83,228.56,0,0,0,0,0
neuromorpho__2017-15-12-slice-3-cell-3-rotated.swc,8456,interneuron,0.996374,7919,536,0,0,0,0,0,0,0,0,0,0,0,0.925611,0.1949,0.3,0.3,0.759067,0.972519,0.999757,0.083018,0.083018,0.083018,0.12973,0.12973,0.93259,0.969809,0.0886476,0.822359,0.759067,0,0,0,0,160,0.913833,0.3,0.758625,0.0875,0.15625,112.5,0,53.73,-14.4389,9.22773,713.52,250.65,21.28,-4.10479,4.90022,82.33,127.68,0,0,0,0,0
neuromorpho__2017-16-10-slice-3-cell-2-rotated.swc,16910,interneuron,0.997188,16389,520,0,0,0,0,0,0,0,0,0,0,0,0.949751,0.179835,0.3,0.3,0.999666,0.999757,0.999757,0.0711413,0.0711413,0.0711413,0.0711413,0.0711413,0.948164,0.999757,0.0734029,0.999666,0.999666,0,0,0,0,318,0.961972,0.3,0.999666,0.0503145,0.0597484,104.3,0,165.66,38.5689,23.7724,623.32,741.59,34,-3.90573,8.2149,158.64,213.61,0,0,0,0,0
neuromorpho__2017-17-04-slice-1-cell-7-rotated.swc,42764,interneuron,0.940866,38409,4354,0,0,0,0,0,0,0,0,0,0,0,0.978452,0.117938,0.3,0.980369,0.999666,0.999757,0.999757,0.0293003,0.0293003,0.0293003,0.0293003,0.0293003,0.976046,0.999757,0.0326226,0.999666,0.999666,0,0,0,0,280,0.988285,0.3,0.980369,0.00714286,0.0214286,327.2,0,84.45,-11.1622,11.0793,423.37,524.38,46.49,-1.93169,8.29383,177.11,397.09,0,0,0,0,0
neuromorpho__2017-17-07-slice-3-cell-2-rotated.swc,24163,interneuron,0.991156,23351,811,0,0,0,0,0,0,0,0,0,0,0,0.992404,0.0656865,0.3,0.980369,0.999666,0.999757,0.999757,0.00885652,0.00885652,0.00885652,0.00885652,0.00885652,0.992151,0.999757,0.00916449,0.999666,0.999666,0,0,0,0,196,0.9972,0.3,0.999666,0,0,267,0,82.63,-0.55079,13.4317,492.9,466.73,0,0,0,118.41,192.53,0,0,0,0,0
neuromorpho__2017-18-07-slice-1-cell-7-rotated.swc,30525,interneuron,0.995553,26453,4071,0,0,0,0,0,0,0,0,0,0,0,0.946519,0.184372,0.3,0.3,0.980369,0.999757,0.999757,0.0751843,0.0751843,0.0751843,0.0751843,0.0751843,0.951854,0.980369,0.0674404,0.911843,0.3,0.125522,0,0,0,250,0.971198,0.3,0.980046,0.032,0.036,276.2,0,140.13,-20.9791,27.5485,531.24,643.48,86.69,-7.44226,17.4278,284.09,345.24,0,0,0,0,0
neuromorpho__2017-18-10-slice-1-cell-6-rotated.swc,38823,interneuron,0.993562,35155,3667,0,0,0,0,0,0,0,0,0,0,0,0.958874,0.158966,0.3,0.3,0.972519,0.999666,0.999757,0.0548901,0.0548901,0.0548901,0.0548901,0.0548901,0.956927,0.972519,0.0573176,0.977533,0.999666,0.0316335,0,0,0,268,0.977026,0.3,0.971706,0.0186567,0.0298507,313.8,0,96.8,-9.46295,14.5466,554.54,656.51,48.66,2.42939,8.45204,277.07,400.75,0,0,0,0,0
neuromorpho__2017-19-09-slice-3-cell-2-rotated.swc,39657,interneuron,0.991619,34500,5156,0,0,0,0,0,0,0,0,0,0,0,0.945977,0.185718,0.3,0.3,0.999555,0.999757,0.999757,0.0763295,0.0763295,0.0763295,0.0763295,0.0763295,0.940102,0.980046,0.0846667,0.985282,0.999666,0.0205586,0,0,0,269,0.977565,0.3,0.999555,0.0223048,0.0408922,323.8,0,117.1,-49.0706,27.459,855.73,535.89,52.07,0.562496,10.9487,245.45,354.35,0,0,0,0,0
neuromorpho__2017-28-04-slice-2-cell-2-rotated.swc,69179,interneuron,0.995046,68042,1136,0,0,0,0,0,0,0,0,0,0,0,0.984946,0.0989395,0.3,0.999666,0.999757,0.999757,0.999757,0.0204108,0.0204108,0.0204108,0.0204108,0.0204108,0.9847,0.999757,0.0207519,0.999666,0.999666,0,0,0,0,689,0.988274,0.3,0.999757,0.0145138,0.0145138,214.2,0,62.68,-1.37329,10.7316,343.83,422.88,18.08,-0.907482,3.96787,52.83,94.64,0,0,0,0,0
neuromorpho__20171005C01.swc,3089,interneuron,0.629227,0,3088,0,0,0,0,0,0,0,0,0,0,0,0.842627,0.169614,0.3,0.3,0.859961,0.859961,0.859961,0.0848171,0.0848171,0.0848171,0.0848171,0.632243,0,0,0,0.842576,0.859961,0.0848446,0,0,0,52,0.887968,0.3,0.859961,0.0192308,0.0384615,168.8,0,0,0,0,0,0,111.73,-5.6477,22.5185,467.56,548.33,0,0,0,0,0
neuromorpho__20171124B01.swc,5945,pyramidal,0.892282,75,286,5583,0,0,0,0,0,0,0,0,0,0,0.896028,0.223715,0.3,0.3,0.3,0.981639,0.982145,0.12296,0.12296,0.12296,0.12296,0.135576,0.850349,0.850349,0,0.987703,0.987703,0,0.891927,0.3,0.130933,127,0.972582,0.3,0.981452,0.00787402,0.023622,84.8,0,11.42,5.51053,2.63922,50.97,7.66,40.02,6.34846,9.8815,92.69,59.5,129.13,7.831,24.9379,300.87,758.88
neuromorpho__20180109C01.swc,2754,interneuron,0.875436,0,2753,0,0,0,0,0,0,0,0,0,0,0,0.796628,0.308778,0.3,0.3,0.3,0.3,0.971335,0.278504,0.278504,0.278504,0.278504,0.278504,0,0,0,0.796554,0.3,0.278605,0,0,0,39,0.858272,0.3,0.3,0.205128,0.230769,145.4,0,0,0,0,0,0,105.9,-18.2963,21.2537,384.72,1160.96,0,0,0,0,0
neuromorpho__20180327_sample_1.swc,4567,interneuron,0.996676,4451,115,0,0,0,0,0,0,0,0,0,0,0,0.992313,0.0713632,0.3,0.999757,0.999757,0.999757,0.999757,0.0105102,0.0105102,0.0105102,0.0105102,0.0105102,0.993221,0.999757,0.00921141,0.957078,0.999666,0.0608696,0,0,0,334,0.997982,0.3,0.999757,0,0.00299401,27.7,0,219.45,17.4124,40.3556,671.35,348.23,35.25,-3.06843,5.60845,87.99,198.45,0,0,0,0,0
neuromorpho__20180411_sample_4.swc,8950,interneuron,0.997207,7882,1067,0,0,0,0,0,0,0,0,0,0,0,0.981574,0.107862,0.3,0.980369,0.999666,0.999757,0.999757,0.0243575,0.0243575,0.0243575,0.0243575,0.0243575,0.984448,0.999757,0.0200457,0.960322,0.999666,0.0562324,0,0,0,536,0.982936,0.3,0.999555,0.0186567,0.0261194,34.5,0,166.02,22.7684,28.6649,617.38,521.42,121.31,5.10453,22.7262,272.94,443.88,0,0,0,0,0
neuromorpho__20180417D01.swc,3712,interneuron,0.497969,0,3711,0,0,0,0,0,0,0,0,0,0,0,0.862052,0.133172,0.3,0.862798,0.862798,0.862798,0.862798,0.0492996,0.0492996,0.0492996,0.0492996,0.655981,0,0,0,0.862014,0.862798,0.0493129,0,0,0,87,0.886676,0.3,0.862798,0.0229885,0.045977,121.6,0,0,0,0,0,0,120.16,29.1791,21.6002,422.19,570.65,0,0,0,0,0
neuromorpho__20180425_sample_8.swc,4047,interneuron,0.780998,0,4046,0,0,0,0,0,0,0,0,0,0,0,0.975462,0.127863,0.3,0.999666,0.999666,0.999666,0.999666,0.0345935,0.0345935,0.0345935,0.0345935,0.0345935,0,0,0,0.975456,0.999666,0.0346021,0,0,0,43,0.992367,0.3,0.999666,0,0,183,0,0,0,0,0,0,111.99,-9.42371,19.301,307.28,309.6,0,0,0,0,0
neuromorpho__20180607-60L5-1-2-300-00-291-21-46.swc,539,interneuron,0.989835,0,538,0,0,0,0,0,0,0,0,0,0,0,0.999667,1.4369e-05,0.999666,0.999666,0.999666,0.999666,0.999666,0,0,0,0,0,0,0,0,0.999666,0.999666,0,0,0,0,15,0.999688,0.999666,0.999666,0,0,69.8,0,0,0,0,0,0,29.05,-3.06619,5.44372,108.36,199.53,0,0,0,0,0
neuromorpho__20180607-L1R2-1-1-525-00-79-10-42.swc,575,interneuron,0.976764,0,574,0,0,0,0,0,0,0,0,0,0,0,0.999667,1.39127e-05,0.999666,0.999666,0.999666,0.999666,0.999666,0,0,0,0,0,0,0,0,0.999666,0.999666,0,0,0,0,16,0.999687,0.999666,0.999666,0,0,63.5,0,0,0,0,0,0,38.26,0.54784,7.19725,123.77,164.52,0,0,0,0,0
neuromorpho__20180607-L1R2-1-3-327-83-270-31-28.swc,376,interneuron,0.980167,0,375,0,0,0,0,0,0,0,0,0,0,0,0.992224,0.0717803,0.3,0.999666,0.999666,0.999666,0.999666,0.0106383,0.0106383,0.0106383,0.0106383,0.0106383,0,0,0,0.992203,0.999666,0.0106667,0,0,0,11,0.997954,0.3,0.999666,0,0,57,0,0,0,0,0,0,33.53,5.84821,7.11663,60.8,197.58,0,0,0,0,0
neuromorpho__20180607-L1R2-1-4-320-31-276-07-19.swc,739,interneuron,0.909544,0,738,0,0,0,0,0,0,0,0,0,0,0,0.994933,0.0573561,0.3,0.999666,0.999666,0.999666,0.999666,0.0067659,0.0067659,0.0067659,0.0067659,0.0067659,0,0,0,0.994926,0.999666,0.00677507,0,0,0,21,0.998429,0.3,0.999666,0,0,55,0,0,0,0,0,0,46,-0.829187,8.57706,172.05,168.51,0,0,0,0,0
neuromorpho__20180607-L1R2-2-2-472-55-109-47-40.swc,565,interneuron,0.969348,0,564,0,0,0,0,0,0,0,0,0,0,0,0.942703,0.19134,0.3,0.3,0.999666,0.999666,0.999666,0.0814159,0.0814159,0.0814159,0.0814159,0.0814159,0,0,0,0.942601,0.999666,0.0815603,0,0,0,12,0.986983,0.3,0.999666,0,0,74.2,0,0,0,0,0,0,52.47,-1.10264,11.1229,108.22,230.59,0,0,0,0,0
neuromorpho__20180607-L1R2-7-1-341-33-142-00-12.swc,503,interneuron,0.916792,0,502,0,0,0,0,0,0,0,0,0,0,0,0.999667,1.48733e-05,0.999666,0.999666,0.999666,0.999666,0.999666,0,0,0,0,0,0,0,0,0.999666,0.999666,0,0,0,0,23,0.999681,0.999666,0.999666,0,0,32,0,0,0,0,0,0,26.98,2.20633,6.25562,107.32,148.45,0,0,0,0,0
neuromorpho__20180705_sample_1.swc,4422,interneuron,0.994167,4367,54,0,0,0,0,0,0,0,0,0,0,0,0.96048,0.160332,0.3,0.3,0.999757,0.999757,0.999757,0.0556309,0.0556309,0.0556309,0.0556309,0.0556309,0.959986,0.999757,0.0563316,0.999666,0.999666,0,0,0,0,323,0.963706,0.3,0.999757,0.0495356,0.0495356,25.8,0,424.78,-12.0018,60.5458,514.69,727.73,17.86,2.37944,4.30576,49.27,132.17,0,0,0,0,0
neuromorpho__20180717_sample_3.swc,5524,interneuron,0.995453,4849,674,0,0,0,0,0,0,0,0,0,0,0,0.980696,0.113728,0.3,0.999666,0.999666,0.999757,0.999757,0.0271542,0.0271542,0.0271542,0.0271542,0.0271542,0.979931,0.999757,0.0282532,0.986171,0.999666,0.0192878,0,0,0,313,0.989479,0.3,0.999666,0.00638978,0.0127796,34,0,219.36,-4.69221,32.5144,424.93,651.54,197.88,3.2778,27.6264,237.18,404.4,0,0,0,0,0
neuromorpho__20180725_sample_9.swc,3349,interneuron,0.946531,2638,710,0,0,0,0,0,0,0,0,0,0,0,0.991877,0.0638147,0.3,0.980369,0.980369,0.999666,0.999757,0.0083607,0.0083607,0.0083607,0.0083607,0.0083607,0.989778,0.980369,0.0106141,0.999666,0.999666,0,0,0,0,90,0.997262,0.3,0.999666,0,0,78.3,0,63.01,-6.71205,10.6091,120.8,202.74,51.81,-3.76497,8.21647,73.07,81.78,0,0,0,0,0
neuromorpho__20180820_sample_4.swc,3189,interneuron,0.994499,2943,245,0,0,0,0,0,0,0,0,0,0,0,0.972289,0.131368,0.3,0.969809,0.980369,0.999757,0.999757,0.0366886,0.0366886,0.0366886,0.0366886,0.0366886,0.970239,0.980046,0.0394156,0.99681,0.999666,0.00408163,0,0,0,360,0.978692,0.3,0.972519,0.0222222,0.0277778,16,0,275.33,-40.2174,39.3268,528.87,506.07,81.84,-2.85971,15.4948,199.84,265.19,0,0,0,0,0
neuromorpho__20180822_sample_6.swc,4044,interneuron,0.996756,4020,23,0,0,0,0,0,0,0,0,0,0,0,0.993387,0.0648455,0.3,0.999757,0.999757,0.999757,0.999757,0.0086548,0.0086548,0.0086548,0.0086548,0.0086548,0.993441,0.999757,0.00870647,0.983653,0.971335,0,0,0,0,332,0.997001,0.3,0.999757,0.00301205,0.00301205,24,0,291.19,-8.34362,42.3785,469.04,498.07,10.76,1.94435,1.98098,21.36,34.01,0,0,0,0,0
neuromorpho__20180829_sample_2.swc,3342,interneuron,0.99394,2376,965,0,0,0,0,0,0,0,0,0,0,0,0.970076,0.140643,0.3,0.999555,0.999666,0.999666,0.999757,0.0421903,0.0421903,0.0421903,0.0421903,0.0421903,0.960991,0.999757,0.0551347,0.992416,0.999666,0.0103627,0,0,0,217,0.983001,0.3,0.999666,0.0184332,0.0414747,30.4,0,208.77,34.1545,36.1533,600.05,521.27,126.6,21.743,23.1412,277.02,392.33,0,0,0,0,0
neuromorpho__20180911_sample_3.swc,2460,interneuron,0.986185,1940,519,0,0,0,0,0,0,0,0,0,0,0,0.994362,0.0563852,0.3,0.999666,0.999666,0.999757,0.999757,0.00650407,0.00650407,0.00650407,0.00650407,0.00650407,0.993301,0.999757,0.00773196,0.998318,0.999666,0.00192678,0,0,0,172,0.997942,0.3,0.999666,0,0,26.9,0,78.62,-1.21168,9.43659,319.91,435.98,57.87,-6.07154,12.4127,194.68,286.91,0,0,0,0,0
neuromorpho__20181004_sample_8.swc,2523,interneuron,0.993151,2386,136,0,0,0,0,0,0,0,0,0,0,0,0.981282,0.111674,0.3,0.999555,0.999666,0.999757,0.999757,0.0261593,0.0261593,0.0261593,0.0261593,0.0261593,0.980227,0.999757,0.0276614,0.999666,0.999666,0,0,0,0,154,0.985635,0.3,0.999555,0.0194805,0.0194805,31,0,145.3,20.8063,24.5799,355.34,422.22,40.1,4.15265,7.58425,179.66,150.26,0,0,0,0,0
neuromorpho__20181112_sample_8.swc,1750,interneuron,0.984362,1252,497,0,0,0,0,0,0,0,0,0,0,0,0.94365,0.189094,0.3,0.3,0.991209,0.999666,0.999757,0.0794286,0.0794286,0.0794286,0.0794286,0.0794286,0.921368,0.3,0.111022,0.999666,0.999666,0,0,0,0,284,0.949145,0.3,0.955785,0.0704225,0.0739437,11.7,0,291.59,11.1467,48.2428,695.2,556.82,105.93,7.93425,18.531,220.98,379.22,0,0,0,0,0
neuromorpho__20181127_sample_7.swc,5526,interneuron,0.988665,3823,1702,0,0,0,0,0,0,0,0,0,0,0,0.998257,0.0298087,0.3,0.999666,0.999666,0.999666,0.999757,0.00180963,0.00180963,0.00180963,0.00180963,0.00180963,0.99763,0.999757,0.00261575,0.999666,0.999666,0,0,0,0,286,0.998966,0.3,0.999666,0,0,43,0,109.29,12.7798,17.8333,280.26,289.44,101.09,12.5943,16.4493,310.81,352.25,0,0,0,0,0
neuromorpho__20190110_sample_4.swc,8414,interneuron,0.99731,8267,146,0,0,0,0,0,0,0,0,0,0,0,0.982214,0.109158,0.3,0.999757,0.999757,0.999757,0.999757,0.0249584,0.0249584,0.0249584,0.0249584,0.0249584,0.981904,0.999757,0.0254022,0.999666,0.999666,0,0,0,0,521,0.989695,0.3,0.999757,0.0134357,0.0134357,34,0,321.54,-26.9009,54.4829,756.48,956.94,29.59,5.99336,6.13294,98.17,152.86,0,0,0,0,0
neuromorpho__20190122_sample_5.swc,4379,interneuron,0.994665,4129,249,0,0,0,0,0,0,0,0,0,0,0,0.993351,0.0665728,0.3,0.999666,0.999757,0.999757,0.999757,0.00913451,0.00913451,0.00913451,0.00913451,0.00913451,0.992968,0.999757,0.00968758,0.999666,0.999666,0,0,0,0,265,0.993168,0.3,0.999757,0.00754717,0.00754717,31.6,0,144.42,23.3996,22.7458,571.21,476.98,47.3,1.63683,10.1225,131.29,172.3,0,0,0,0,0
neuromorpho__20190128_sample_4.swc,5088,interneuron,0.996175,5013,74,0,0,0,0,0,0,0,0,0,0,0,0.933824,0.203647,0.3,0.3,0.980369,0.999757,0.999757,0.0935535,0.0935535,0.0935535,0.0935535,0.0935535,0.932957,0.980369,0.0949531,0.991626,0.971335,0,0,0,0,264,0.948173,0.3,0.980369,0.0681818,0.0795455,47,0,260.47,-19.088,34.9634,755.76,546.3,15.55,0.329865,3.44941,58.39,123.09,0,0,0,0,0
neuromorpho__20190130_sample_10.swc,7003,interneuron,0.989059,6901,101,0,0,0,0,0,0,0,0,0,0,0,0.94176,0.192852,0.3,0.3,0.999757,0.999757,0.999757,0.0828216,0.0828216,0.0828216,0.0828216,0.0828216,0.940905,0.999757,0.0840458,0.999666,0.999666,0,0,0,0,300,0.961762,0.3,0.951028,0.0466667,0.0566667,49.3,0,237.55,4.77327,41.1752,458.96,685.19,48.3,-13.0811,11.1558,82.84,107.32,0,0,0,0,0
neuromorpho__20190130_sample_3.swc,13391,interneuron,0.996399,12409,981,0,0,0,0,0,0,0,0,0,0,0,0.916179,0.22659,0.3,0.3,0.3,0.999757,0.999757,0.11911,0.11911,0.11911,0.11911,0.11911,0.909572,0.3,0.128536,0.999666,0.999666,0,0,0,0,506,0.962296,0.3,0.969809,0.0513834,0.0652174,62.5,0,203.4,-26.3861,30.6781,665.69,679.61,106.75,-15.9359,18.1036,168.32,227.91,0,0,0,0,0
neuromorpho__20190205_sample_4.swc,2907,interneuron,0.964419,1809,1097,0,0,0,0,0,0,0,0,0,0,0,0.98851,0.0835314,0.3,0.980369,0.999666,0.999666,0.999757,0.0144479,0.0144479,0.0144479,0.0144479,0.0144479,0.984446,0.999555,0.0193477,0.995201,0.999666,0.00638104,0,0,0,164,0.996826,0.3,0.999666,0,0.00609756,36,0,177.85,14.5986,33.308,285.96,328.04,155.71,15.6528,30.7149,265.11,291.69,0,0,0,0,0
neuromorpho__20190211_sample_3.swc,8926,interneuron,0.996829,6808,2117,0,0,0,0,0,0,0,0,0,0,0,0.983982,0.10356,0.3,0.999666,0.999666,0.999757,0.999757,0.0224065,0.0224065,0.0224065,0.0224065,0.0224065,0.999451,0.999757,0.000293772,0.934227,0.999666,0.0935286,0,0,0,646,0.992746,0.3,0.999666,0.00928793,0.0108359,30,0,170.71,13.0134,27.0374,353.42,476.29,119.96,-3.47221,18.7405,381.98,487.37,0,0,0,0,0
neuromorpho__20190212_sample_6.swc,8083,interneuron,0.931944,6471,1611,0,0,0,0,0,0,0,0,0,0,0,0.982678,0.107631,0.3,0.999666,0.999666,0.999757,0.999757,0.0242484,0.0242484,0.0242484,0.0242484,0.0242484,0.988609,0.999757,0.0157626,0.958841,0.999666,0.0583489,0,0,0,401,0.995893,0.3,0.999666,0.00249377,0.0074813,44,0,257.17,-26.1138,45.7482,503.84,768.07,157.24,-1.43917,28.5011,294.14,514.29,0,0,0,0,0
neuromorpho__20190214_sample_1.swc,4239,interneuron,0.997229,4080,158,0,0,0,0,0,0,0,0,0,0,0,0.999233,0.00379492,0.969809,0.999666,0.999757,0.999757,0.999757,0,0,0,0,0,0.999216,0.999757,0,0.999666,0.999666,0,0,0,0,314,0.999025,0.969809,0.999757,0,0,27.7,0,240.25,22.174,48.865,383.86,375.67,29.22,4.17804,6.35162,107.06,179.81,0,0,0,0,0
neuromorpho__20190214_sample_6.swc,8671,interneuron,0.997068,7705,965,0,0,0,0,0,0,0,0,0,0,0,0.980022,0.113583,0.3,0.980369,0.999666,0.999757,0.999757,0.0271018,0.0271018,0.0271018,0.0271018,0.0271018,0.988366,0.999757,0.0150552,0.913386,0.3,0.123316,0,0,0,548,0.989236,0.3,0.999666,0.0109489,0.0145985,34,0,150.93,-25.7147,30.0513,921.01,669.41,130.91,-8.1384,17.6753,463.38,502.87,0,0,0,0,0
neuromorpho__20190214_sample_9.swc,11233,interneuron,0.99727,11158,74,0,0,0,0,0,0,0,0,0,0,0,0.98179,0.0884438,0.3,0.969809,0.972519,0.980369,0.999757,0.0162913,0.0162913,0.0162913,0.0162913,0.0162913,0.98167,0.972519,0.0164008,0.999666,0.999666,0,0,0,0,647,0.985415,0.3,0.972519,0.00927357,0.0123648,35,0,345.29,-13.9387,60.4904,644.59,539.07,11.26,4.53905,2.24755,45.45,89.79,0,0,0,0,0
neuromorpho__20190226_sample_9.swc,6709,interneuron,0.994249,6169,539,0,0,0,0,0,0,0,0,0,0,0,0.999646,0.00854247,0.3,0.999666,0.999757,0.999757,0.999757,0.000149054,0.000149054,0.000149054,0.000149054,0.000149054,0.999644,0.999757,0.000162101,0.999666,0.999666,0,0,0,0,568,0.999733,0.3,0.999757,0,0,24,0,167.56,-53.4179,33.3081,278.37,225.76,110.7,-8.6421,19.445,173.08,258.41,0,0,0,0,0
neuromorpho__20190318_sample_6.swc,6022,interneuron,0.985141,5211,810,0,0,0,0,0,0,0,0,0,0,0,0.857118,0.281824,0.3,0.3,0.3,0.999666,0.999757,0.203753,0.203753,0.203753,0.203753,0.203753,0.834932,0.3,0.235463,0.999666,0.999666,0,0,0,0,272,0.892712,0.3,0.3,0.154412,0.176471,50,0,351.18,65.1305,57.584,912.45,552.68,140.94,28.1662,23.2592,296.95,395.52,0,0,0,0,0
neuromorpho__20190408_sample_5.swc,13265,interneuron,0.997013,11235,2029,0,0,0,0,0,0,0,0,0,0,0,0.975737,0.127353,0.3,0.999666,0.999666,0.999757,0.999757,0.0343008,0.0343008,0.0343008,0.0343008,0.0343008,0.984927,0.999757,0.0211838,0.924837,0.3,0.106949,0,0,0,923,0.985973,0.3,0.999666,0.0173348,0.020585,31,0,399.91,-61.7272,62.9761,729.46,899.68,274.15,-11.6656,53.8054,366.94,436.95,0,0,0,0,0
neuromorpho__20190408_sample_6.swc,3688,interneuron,0.9954,3301,386,0,0,0,0,0,0,0,0,0,0,0,0.98324,0.106199,0.3,0.999666,0.999666,0.999757,0.999757,0.02359,0.02359,0.02359,0.02359,0.02359,0.981314,0.999757,0.0263556,0.999666,0.999666,0,0,0,0,292,0.991849,0.3,0.999666,0.010274,0.0171233,24,0,182.54,-42.8813,29.4217,396.02,444.69,62.59,-5.33244,11.6254,238.29,182.9,0,0,0,0,0
neuromorpho__20190415_sample_1.swc,7383,interneuron,0.98914,4281,3101,0,0,0,0,0,0,0,0,0,0,0,0.96703,0.147464,0.3,0.980369,0.999666,0.999666,0.999757,0.0465935,0.0465935,0.0465935,0.0465935,0.0465935,0.997316,0.999757,0.00327026,0.92521,0.3,0.106417,0,0,0,175,0.985874,0.3,0.999666,0.0114286,0.0228571,102.2,0,205.68,-30.2685,34.1983,464.49,449.5,181.52,-24.7376,34.2482,452.48,452.36,0,0,0,0,0
neuromorpho__20190416_sample_8.swc,6562,interneuron,0.997195,6451,110,0,0,0,0,0,0,0,0,0,0,0,0.974871,0.129216,0.3,0.999666,0.999757,0.999757,0.999757,0.0353551,0.0353551,0.0353551,0.0353551,0.0353551,0.974445,0.999757,0.0359634,0.999666,0.999666,0,0,0,0,272,0.980581,0.3,0.999757,0.0220588,0.0257353,47.9,0,189.14,-8.24982,32.0215,440.24,748.29,40.07,-17.4442,11.332,57.98,119.79,0,0,0,0,0
neuromorpho__20190418_sample_8.swc,272,interneuron,0.749486,0,271,0,0,0,0,0,0,0,0,0,0,0,0.9688,0.143681,0.3,0.999666,0.999666,0.999666,0.999666,0.0441176,0.0441176,0.0441176,0.0441176,0.0441176,0,0,0,0.968685,0.999666,0.0442804,0,0,0,8,0.987504,0.3,0.970378,0,0,69.2,0,0,0,0,0,0,56.3,-0.917712,9.84618,105.51,179.83,0,0,0,0,0
neuromorpho__20190423_sample_8.swc,6713,interneuron,0.996474,5620,1092,0,0,0,0,0,0,0,0,0,0,0,0.974722,0.129921,0.3,0.999666,0.999666,0.999757,0.999757,0.0357515,0.0357515,0.0357515,0.0357515,0.0357515,0.983316,0.999757,0.0234875,0.930468,0.999666,0.0989011,0,0,0,274,0.989723,0.3,0.999666,0.0145985,0.0182482,52.7,0,198.92,-71.3614,42.5256,450.85,635.13,157.88,-32.2047,36.0772,286.35,390.93,0,0,0,0,0
neuromorpho__20190424_sample_2.swc,8680,interneuron,0.995811,7641,1038,0,0,0,0,0,0,0,0,0,0,0,0.964613,0.152308,0.3,0.969809,0.999666,0.999757,0.999757,0.0498848,0.0498848,0.0498848,0.0498848,0.0498848,0.969736,0.999757,0.0425337,0.926868,0.3,0.104046,0,0,0,300,0.97747,0.3,0.999555,0.0233333,0.03,59.1,0,274.55,-16.2924,43.0683,608.96,653.96,200.5,-22.4068,37.1923,317.61,447.84,0,0,0,0,0
neuromorpho__20190424_sample_7.swc,6686,interneuron,0.996526,5563,1122,0,0,0,0,0,0,0,0,0,0,0,0.975618,0.127252,0.3,0.999666,0.999666,0.999757,0.999757,0.0342507,0.0342507,0.0342507,0.0342507,0.0342507,0.971015,0.999757,0.0408053,0.998419,0.999666,0.00178253,0,0,0,266,0.981528,0.3,0.999666,0.0263158,0.0263158,52,0,188.13,-3.90611,30.0984,492.87,566.43,96.46,-0.954804,17.5509,266.13,276.25,0,0,0,0,0
neuromorpho__20190429_sample_1.swc,2851,interneuron,0.898795,0,2850,0,0,0,0,0,0,0,0,0,0,0,0.947302,0.180764,0.3,0.3,0.971335,0.999666,0.999666,0.0722553,0.0722553,0.0722553,0.0722553,0.0722553,0,0,0,0.947284,0.971335,0.0722807,0,0,0,47,0.983521,0.3,0.975604,0,0.0425532,125.6,0,0,0,0,0,0,132.43,-20.6928,31.4896,390.77,513.94,0,0,0,0,0
neuromorpho__20190429_sample_5.swc,8066,interneuron,0.997248,7294,771,0,0,0,0,0,0,0,0,0,0,0,0.985233,0.0996375,0.3,0.999666,0.999666,0.999757,0.999757,0.0207042,0.0207042,0.0207042,0.0207042,0.0207042,0.998285,0.999757,0.00205648,0.861729,0.3,0.197147,0,0,0,787,0.986334,0.3,0.999757,0.0177891,0.0190597,20,0,242.5,-48.4058,44.0293,649.45,780.24,130.83,23.2947,27.3529,485.93,574.85,0,0,0,0,0
neuromorpho__20190506_sample_2.swc,1594,interneuron,0.915279,0,1593,0,0,0,0,0,0,0,0,0,0,0,0.999666,8.3607e-06,0.999666,0.999666,0.999666,0.999666,0.999666,0,0,0,0,0,0,0,0,0.999666,0.999666,0,0,0,0,71,0.999671,0.999666,0.999666,0,0,46,0,0,0,0,0,0,156.52,-7.0533,24.3667,87.57,248.39,0,0,0,0,0
neuromorpho__20190506_sample_5.swc,638,interneuron,0.426762,0,637,0,0,0,0,0,0,0,0,0,0,0,0.881867,0.0685791,0.722844,0.722844,0.722844,0.8759,0.891244,0,0,0,0.133229,0.628527,0,0,0,0.881682,0.722844,0,0,0,0,23,0.887463,0.722844,0.753456,0,0.130435,56.6,0,0,0,0,0,0,74.73,-4.34495,13.0559,148.88,182.61,0,0,0,0,0
neuromorpho__20190513_sample_5.swc,5009,interneuron,0.707375,4160,848,0,0,0,0,0,0,0,0,0,0,0,0.982844,0.104309,0.3,0.980046,0.999666,0.999666,0.999757,0.022759,0.022759,0.022759,0.022759,0.022759,0.979411,0.999555,0.0274038,0.999666,0.999666,0,0,0,0,218,0.99443,0.3,0.999555,0.00458716,0.00458716,53.5,0,346.48,34.5532,59.7745,461.51,300.62,109.83,15.5669,23.3429,129.67,210.85,0,0,0,0,0
neuromorpho__20190515_sample_12.swc,2007,interneuron,0.986926,0,2006,0,0,0,0,0,0,0,0,0,0,0,0.932465,0.202275,0.3,0.3,0.971335,0.999666,0.999666,0.0926756,0.0926756,0.0926756,0.0926756,0.0926756,0,0,0,0.932431,0.971335,0.0927218,0,0,0,71,0.915369,0.3,0.3,0.112676,0.112676,49,0,0,0,0,0,0,130.5,-44.3516,35.0504,214.58,431.3,0,0,0,0,0
neuromorpho__20190516_sample_6.swc,6596,interneuron,0.99205,5007,1588,0,0,0,0,0,0,0,0,0,0,0,0.944676,0.185702,0.3,0.3,0.980369,0.999666,0.999757,0.0765616,0.0765616,0.0765616,0.0765616,0.0765616,0.927225,0.3,0.100859,0.999666,0.999666,0,0,0,0,177,0.979464,0.3,0.999555,0.0169492,0.0508475,79.4,0,286.18,24.5786,50.3359,531.34,338.48,67.28,-8.70683,9.99539,211.34,207.93,0,0,0,0,0
neuromorpho__20190528_sample_2.swc,1808,interneuron,0.988987,463,1344,0,0,0,0,0,0,0,0,0,0,0,0.860746,0.274403,0.3,0.3,0.3,0.972519,0.999666,0.193031,0.193031,0.193031,0.193031,0.193031,0.875777,0.3,0.155508,0.855464,0.3,0.206101,0,0,0,56,0.906962,0.3,0.482051,0.125,0.142857,78.5,0,56.2,7.28015,14.9146,97.05,274.09,135.1,-44.5608,28.6422,194.05,473.04,0,0,0,0,0
neuromorpho__20190528_sample_7.swc,5553,interneuron,0.993194,4580,972,0,0,0,0,0,0,0,0,0,0,0,0.922117,0.219751,0.3,0.3,0.3,0.999666,0.999757,0.110931,0.110931,0.110931,0.110931,0.110931,0.905642,0.3,0.134498,0.999666,0.999666,0,0,0,0,261,0.969776,0.3,0.999666,0.0383142,0.0536398,46,0,280.27,56.9517,56.9992,301.95,767.09,94.96,8.67281,13.2534,150.54,218.74,0,0,0,0,0
neuromorpho__20190603_sample_10.swc,2052,interneuron,0.987791,915,1136,0,0,0,0,0,0,0,0,0,0,0,0.912672,0.219061,0.3,0.3,0.3,0.972519,0.999666,0.11306,0.11306,0.11306,0.11306,0.11306,0.929976,0.969809,0.0743169,0.898658,0.3,0.144366,0,0,0,62,0.921427,0.3,0.900943,0.0967742,0.0967742,65.2,0,51.81,-6.52892,11.1866,291.14,350.07,83.3,-26.1576,19.3464,136.94,400.48,0,0,0,0,0
neuromorpho__20190604_sample_4.swc,6091,interneuron,0.980708,3153,2937,0,0,0,0,0,0,0,0,0,0,0,0.987993,0.0897857,0.3,0.999666,0.999666,0.999666,0.999666,0.016746,0.016746,0.016746,0.016746,0.016746,0.977117,0.999757,0.0323501,0.999666,0.999666,0,0,0,0,189,0.99757,0.3,0.999666,0,0.00529101,78,0,130.97,-13.9534,24.5962,414,242.78,117.41,-3.21582,19.7785,207.44,293.3,0,0,0,0,0
neuromorpho__20190605_sample_2.swc,3540,interneuron,0.993528,1988,1551,0,0,0,0,0,0,0,0,0,0,0,0.990203,0.0792636,0.3,0.999666,0.999666,0.999666,0.999757,0.0129944,0.0129944,0.0129944,0.0129944,0.0129944,0.99903,0.999757,0,0.978883,0.999666,0.0296583,0,0,0,117,0.998121,0.3,0.999666,0,0,67.8,0,80.95,9.10152,15.1909,240.87,349.27,166.31,-2.38503,24.771,172.75,376.73,0,0,0,0,0
neuromorpho__20190611_sample_14.swc,2341,interneuron,0.994118,2076,264,0,0,0,0,0,0,0,0,0,0,0,0.987144,0.0928826,0.3,0.999666,0.999666,0.999757,0.999757,0.0179411,0.0179411,0.0179411,0.0179411,0.0179411,0.985545,0.999757,0.0202312,0.999666,0.999666,0,0,0,0,153,0.996222,0.3,0.999666,0,0.00653595,29,0,154.76,34.6259,25.8468,439.39,465.31,55.36,-1.23587,9.17818,159.98,235.96,0,0,0,0,0
neuromorpho__20190611_sample_3.swc,4118,interneuron,0.996834,3629,488,0,0,0,0,0,0,0,0,0,0,0,0.993459,0.0660296,0.3,0.999666,0.999666,0.999757,0.999757,0.00898494,0.00898494,0.00898494,0.00898494,0.00898494,0.992623,0.999757,0.0101956,0.999666,0.999666,0,0,0,0,313,0.998528,0.3,0.999666,0,0,25.8,0,142.12,20.8498,28.4764,355.98,383.43,70.39,6.29016,14.1911,125.59,185.06,0,0,0,0,0
neuromorpho__20190612_sample_2.swc,1736,interneuron,0.984401,1519,216,0,0,0,0,0,0,0,0,0,0,0,0.997097,0.00790597,0.969809,0.972519,0.980369,0.999666,0.999757,0,0,0,0,0,0.99673,0.980369,0,0.999666,0.999666,0,0,0,0,173,0.996789,0.969809,0.980369,0,0,20,0,85.98,-3.40221,16.571,223.55,217.64,64.2,8.5963,11.2498,81.59,113.02,0,0,0,0,0
neuromorpho__20190617_sample_5.swc,7559,interneuron,0.993882,6188,1370,0,0,0,0,0,0,0,0,0,0,0,0.939336,0.196433,0.3,0.3,0.999666,0.999666,0.999757,0.0862548,0.0862548,0.0862548,0.0862548,0.0862548,0.925969,0.3,0.105365,0.999666,0.999666,0,0,0,0,348,0.97269,0.3,0.999555,0.0344828,0.0373563,49.6,0,184.01,-3.89602,32.3849,345.23,756.79,123.73,-7.5137,19.4942,166.82,287.9,0,0,0,0,0
neuromorpho__20190618_sample_4.swc,2421,interneuron,0.699783,1936,484,0,0,0,0,0,0,0,0,0,0,0,0.915339,0.227886,0.3,0.3,0.3,0.999666,0.999757,0.120611,0.120611,0.120611,0.120611,0.120611,0.899634,0.3,0.143079,0.977982,0.999666,0.0309917,0,0,0,98,0.984747,0.3,0.999666,0.0204082,0.0204082,44.3,0,226.85,-64.0089,38.9761,608.98,501.14,154.41,-10.5006,26.8984,204.47,363.66,0,0,0,0,0
neuromorpho__20190618_sample_5.swc,1925,interneuron,0.992388,1635,289,0,0,0,0,0,0,0,0,0,0,0,0.953215,0.174336,0.3,0.3,0.999666,0.999757,0.999757,0.0664935,0.0664935,0.0664935,0.0664935,0.0664935,0.951823,0.999757,0.0685015,0.96093,0.999666,0.0553633,0,0,0,123,0.971171,0.3,0.999666,0.0325203,0.0406504,31.4,0,172.32,1.80794,30.7105,581.65,546.86,77.89,-6.57668,13.0272,146.03,400.98,0,0,0,0,0
neuromorpho__20190618_sample_8.swc,9259,interneuron,0.994131,7049,2209,0,0,0,0,0,0,0,0,0,0,0,0.976377,0.125678,0.3,0.999666,0.999666,0.999666,0.999757,0.0333729,0.0333729,0.0333729,0.0333729,0.0333729,0.971258,0.999757,0.040715,0.992698,0.999666,0.00995926,0,0,0,234,0.978968,0.3,0.999666,0.025641,0.0299145,94,0,150.87,12.8425,32.6863,321.21,482.99,144.69,-8.84698,33.2397,217.1,288.49,0,0,0,0,0
neuromorpho__20190619_sample_5.swc,6806,interneuron,0.99679,6151,654,0,0,0,0,0,0,0,0,0,0,0,0.998802,0.00498552,0.969809,0.999666,0.999666,0.999757,0.999757,0,0,0,0,0,0.99871,0.999757,0,0.999666,0.999666,0,0,0,0,370,0.998732,0.969809,0.999666,0,0,37,0,117.9,-32.8375,18.1934,287.71,319.44,89.85,-10.8187,17.1224,192.26,137.47,0,0,0,0,0
neuromorpho__20190620_sample_1.swc,15833,interneuron,0.995573,12654,3178,0,0,0,0,0,0,0,0,0,0,0,0.990811,0.0785311,0.3,0.999666,0.999666,0.999757,0.999757,0.0127582,0.0127582,0.0127582,0.0127582,0.0127582,0.988587,0.999757,0.0159633,0.999666,0.999666,0,0,0,0,548,0.998612,0.3,0.999666,0.00182482,0.00182482,71.3,0,162.36,10.5521,28.8292,272.92,495.25,73.46,-0.780205,11.3879,148.37,189.95,0,0,0,0,0
neuromorpho__20190626_sample_1.swc,3579,interneuron,0.993259,3110,468,0,0,0,0,0,0,0,0,0,0,0,0.919584,0.22286,0.3,0.3,0.3,0.999757,0.999757,0.114557,0.114557,0.114557,0.114557,0.114557,0.915606,0.3,0.120257,0.945846,0.999666,0.0769231,0,0,0,208,0.956229,0.3,0.999666,0.0673077,0.0721154,34,0,256.56,-45.7489,40.2092,666.62,547.82,127.61,-10.5247,22.5909,211.39,416.42,0,0,0,0,0
neuromorpho__20190628_sample_6.swc,2981,interneuron,0.98869,2375,605,0,0,0,0,0,0,0,0,0,0,0,0.972509,0.135321,0.3,0.999666,0.999666,0.999757,0.999757,0.0389131,0.0389131,0.0389131,0.0389131,0.0389131,0.968526,0.999757,0.0446316,0.988101,0.999666,0.0165289,0,0,0,206,0.99103,0.3,0.999666,0.00485437,0.0194175,29.5,0,208.28,-4.79875,34.7425,442.36,469.54,123.27,24.4406,21.481,262.99,379.1,0,0,0,0,0
neuromorpho__20190703_sample_1.swc,6090,interneuron,0.994411,5325,764,0,0,0,0,0,0,0,0,0,0,0,0.991358,0.0761508,0.3,0.999666,0.999666,0.999757,0.999757,0.0119869,0.0119869,0.0119869,0.0119869,0.0119869,0.99253,0.999757,0.0103286,0.983182,0.999666,0.0235602,0,0,0,295,0.997845,0.3,0.999703,0,0.00677966,42.6,0,252.24,46.6086,45.1362,492.83,423.66,113.49,8.09327,19.7426,303.84,382.06,0,0,0,0,0
neuromorpho__20190703_sample_2.swc,2940,interneuron,0.99362,2849,90,0,0,0,0,0,0,0,0,0,0,0,0.97973,0.115878,0.3,0.999661,0.999757,0.999757,0.999757,0.0282313,0.0282313,0.0282313,0.0282313,0.0282313,0.982531,0.999757,0.024219,0.890829,0.3,0.155556,0,0,0,346,0.990156,0.3,0.999757,0.00578035,0.017341,15,0,183.18,-42.4171,28.4715,334.41,784.35,43.3,-15.7817,8.89563,216.94,386.5,0,0,0,0,0
neuromorpho__20190715_sample_4.swc,3375,interneuron,0.990111,2228,1146,0,0,0,0,0,0,0,0,0,0,0,0.999723,4.84782e-05,0.999555,0.999666,0.999666,0.999666,0.999757,0,0,0,0,0,0.999752,0.999757,0,0.999666,0.999666,0,0,0,0,148,0.999722,0.999555,0.999666,0,0,45.3,0,107.09,-9.5278,20.3029,201.36,270.26,61.71,0.368325,10.4548,118.23,169.01,0,0,0,0,0
neuromorpho__20190725_sample_1.swc,2204,interneuron,0.619092,0,2203,0,0,0,0,0,0,0,0,0,0,0,0.93921,0.00648869,0.901514,0.938466,0.938466,0.938466,0.939833,0,0,0,0,0,0,0,0,0.939182,0.938466,0,0,0,0,63,0.940387,0.901514,0.938466,0,0,77,0,0,0,0,0,0,101.91,-11.8803,24.5236,174.39,260.06,0,0,0,0,0
neuromorpho__20190725_sample_6.swc,3569,interneuron,0.965002,2112,1456,0,0,0,0,0,0,0,0,0,0,0,0.997197,0.0290495,0.3,0.980369,0.999555,0.999666,0.999666,0.00168114,0.00168114,0.00168114,0.00168114,0.00168114,0.997482,0.980369,0,0.996783,0.999666,0.00412088,0,0,0,61,0.997453,0.3,0.999555,0,0,116,0,92.91,-15.3186,17.4901,158.2,286.88,105.19,-14.1847,16.6941,199.16,302.63,0,0,0,0,0
neuromorpho__20190904_sample_7.swc,3770,interneuron,0.992137,3069,700,0,0,0,0,0,0,0,0,0,0,0,0.951854,0.176678,0.3,0.3,0.999666,0.999757,0.999757,0.068435,0.068435,0.068435,0.068435,0.068435,0.961451,0.999757,0.054741,0.909709,0.3,0.128571,0,0,0,133,0.962929,0.3,0.999577,0.0451128,0.0526316,55.6,0,142.4,-40.4081,30.9403,772.09,603.19,92.8,-20.2396,24.1907,254.69,244.39,0,0,0,0,0
neuromorpho__20190906_sample_1.swc,4604,interneuron,0.996034,4283,320,0,0,0,0,0,0,0,0,0,0,0,0.991783,0.07395,0.3,0.999666,0.999757,0.999757,0.999757,0.0112945,0.0112945,0.0112945,0.0112945,0.0112945,0.991192,0.999757,0.012141,0.999666,0.999666,0,0,0,0,345,0.994537,0.3,0.999666,0.0057971,0.0057971,24.6,0,145.34,12.3401,21.9887,471.02,491.52,63.07,5.87997,11.3369,135.16,154.56,0,0,0,0,0
neuromorpho__20190910_sample_1.swc,4036,interneuron,0.994116,2623,1412,0,0,0,0,0,0,0,0,0,0,0,0.936832,0.199317,0.3,0.3,0.980369,0.999666,0.999757,0.0891972,0.0891972,0.0891972,0.0891972,0.0891972,0.905384,0.3,0.133816,0.995206,0.999666,0.00637394,0,0,0,231,0.942782,0.3,0.969809,0.0779221,0.0779221,39,0,301.94,17.0221,52.0696,452.49,227.96,108.57,11.2491,19.8495,215.44,263.19,0,0,0,0,0
neuromorpho__20190910_sample_6.swc,4384,interneuron,0.994991,4023,360,0,0,0,0,0,0,0,0,0,0,0,0.934616,0.202758,0.3,0.3,0.980369,0.999757,0.999757,0.0926095,0.0926095,0.0926095,0.0926095,0.0926095,0.931214,0.972519,0.0974397,0.972457,0.999666,0.0388889,0,0,0,254,0.956477,0.3,0.898895,0.0472441,0.0669291,34.7,0,284.02,20.4017,49.3906,582.07,842.32,105.64,0.0336944,19.1951,261.23,358.77,0,0,0,0,0
neuromorpho__20190917_sample_2.swc,8550,interneuron,0.97664,7781,768,0,0,0,0,0,0,0,0,0,0,0,0.951707,0.176943,0.3,0.3,0.999666,0.999757,0.999757,0.068655,0.068655,0.068655,0.068655,0.068655,0.946968,0.999757,0.0754402,0.999666,0.999666,0,0,0,0,368,0.982813,0.3,0.999666,0.013587,0.0326087,57.3,0,252.51,0.416788,41.8412,459.84,608.62,107.25,-0.970612,16.4973,123.57,178.53,0,0,0,0,0
neuromorpho__20190925_sample_6.swc,4780,interneuron,0.996294,4534,245,0,0,0,0,0,0,0,0,0,0,0,0.961398,0.128132,0.3,0.969809,0.969809,0.969809,0.980369,0.0357741,0.0357741,0.0357741,0.0357741,0.0357741,0.961482,0.969809,0.0346273,0.959685,0.999666,0.0571429,0,0,0,212,0.97532,0.3,0.969809,0.0141509,0.0188679,42,0,199.38,-35.859,31.7307,708.87,239.23,46.35,2.2202,9.84613,158.93,287.81,0,0,0,0,0
neuromorpho__20190926_sample_5.swc,5373,interneuron,0.996325,4578,794,0,0,0,0,0,0,0,0,0,0,0,0.942768,0.191257,0.3,0.3,0.999666,0.999757,0.999757,0.0813326,0.0813326,0.0813326,0.0813326,0.0813326,0.950462,0.999757,0.0703364,0.898329,0.3,0.144836,0,0,0,306,0.9803,0.3,0.999666,0.0294118,0.0424837,36,0,191.69,-62.2097,37.8862,816.97,488.83,162.3,-29.612,33.2092,383.91,446.19,0,0,0,0,0
neuromorpho__20190927_sample_3.swc,10048,interneuron,0.996118,9230,817,0,0,0,0,0,0,0,0,0,0,0,0.99831,0.0312007,0.3,0.999666,0.999757,0.999757,0.999757,0.00199045,0.00199045,0.00199045,0.00199045,0.00199045,0.999175,0.999757,0.000758397,0.988533,0.999666,0.0159119,0,0,0,811,0.999409,0.3,0.999757,0,0,26,0,278.27,-27.5711,32.6598,358.15,428.25,165.56,-20.7027,26.5137,239.54,314.47,0,0,0,0,0
neuromorpho__20191001_sample_3.swc,8968,interneuron,0.995631,8142,825,0,0,0,0,0,0,0,0,0,0,0,0.936424,0.200677,0.3,0.3,0.999666,0.999757,0.999757,0.0904326,0.0904326,0.0904326,0.0904326,0.0904326,0.936539,0.999757,0.0902727,0.935212,0.999666,0.0921212,0,0,0,471,0.964362,0.3,0.999666,0.044586,0.0573248,44,0,425.31,59.4932,70.3176,788.94,743.81,161.71,14.471,34.1242,258.4,343.96,0,0,0,0,0
neuromorpho__20191020_B_63X_zstack_tile_stitch.swc,2314,interneuron,0.901547,0,2313,0,0,0,0,0,0,0,0,0,0,0,0.969897,0.130415,0.3,0.971335,0.971335,0.999666,0.999666,0.0363008,0.0363008,0.0363008,0.0363008,0.0363008,0,0,0,0.969884,0.971335,0.0363165,0,0,0,38,0.992909,0.3,0.999666,0,0.0263158,147.5,0,0,0,0,0,0,46.56,1.94844,11.5336,209.03,451.55,0,0,0,0,0
neuromorpho__20191022_DE_20X_zstack_tile_cell2_2_stitched.swc,5499,interneuron,0.951056,0,5498,0,0,0,0,0,0,0,0,0,0,0,0.840726,0.237439,0.3,0.3,0.3,0.759067,0.999666,0.135115,0.135115,0.135115,0.402801,0.402801,0,0,0,0.840697,0.3,0.13514,0,0,0,63,0.836896,0.3,0.515619,0.142857,0.460317,215.8,0,0,0,0,0,0,32.41,-4.31533,5.97806,416.01,632.43,0,0,0,0,0
neuromorpho__20191101_sample_1.swc,4618,interneuron,0.978976,3534,1083,0,0,0,0,0,0,0,0,0,0,0,0.990451,0.075973,0.3,0.999555,0.999666,0.999666,0.999757,0.0119099,0.0119099,0.0119099,0.0119099,0.0119099,0.987625,0.999555,0.0155631,0.999666,0.999666,0,0,0,0,158,0.996549,0.3,0.999633,0,0.00632911,62.6,0,124.02,5.36128,23.195,224.95,297.57,100.37,-1.29714,15.8571,125.24,132.06,0,0,0,0,0
neuromorpho__20191104_sample_1.swc,5869,interneuron,0.971971,4486,1382,0,0,0,0,0,0,0,0,0,0,0,0.984896,0.10063,0.3,0.999666,0.999666,0.999666,0.999757,0.021128,0.021128,0.021128,0.021128,0.021128,0.985489,0.999757,0.0202853,0.982959,0.999666,0.0238784,0,0,0,235,0.995585,0.3,0.999666,0,0.00851064,54.2,0,144.81,15.123,26.3969,184.08,615.72,146.03,-2.59654,28.4015,181.06,337.1,0,0,0,0,0
neuromorpho__20191104_sample_4.swc,6425,interneuron,0.996309,6016,408,0,0,0,0,0,0,0,0,0,0,0,0.983591,0.102485,0.3,0.980369,0.999666,0.999757,0.999757,0.0219455,0.0219455,0.0219455,0.0219455,0.0219455,0.982499,0.999757,0.0234375,0.999666,0.999666,0,0,0,0,230,0.993496,0.3,0.999666,0.00434783,0.00869565,60.1,0,212.87,16.6781,40.5519,367.85,588.9,86.57,10.3045,17.2011,85.79,131.79,0,0,0,0,0
neuromorpho__20191107_sample_3.swc,7199,interneuron,0.995699,7108,90,0,0,0,0,0,0,0,0,0,0,0,0.99113,0.0768938,0.3,0.999757,0.999757,0.999757,0.999757,0.0122239,0.0122239,0.0122239,0.0122239,0.0122239,0.991021,0.999757,0.0123804,0.999666,0.999666,0,0,0,0,436,0.991783,0.3,0.999757,0.00917431,0.00917431,34.5,0,285.38,-31.4498,43.2781,332.35,492.81,21.29,-5.21956,4.65644,106.52,147.69,0,0,0,0,0
neuromorpho__2020-03-05_10-54-18SST-MORF3Mb02-1V5-647-30x03-1_04.swc,2765,pyramidal,0.748121,0,2764,0,0,0,0,0,0,0,0,0,0,0,0.982733,0.0582772,0.3,0.987703,0.987703,0.987703,0.987703,0.00723327,0.00723327,0.00723327,0.00723327,0.00723327,0,0,0,0.982727,0.987703,0.00723589,0,0,0,53,0.986584,0.3,0.987703,0,0,117.6,0,0,0,0,0,0,175.03,7.49677,31.7351,328,358.94,0,0,0,0,0
neuromorpho__2020-03-11_10-36-30PV-MORF3MJ01-4V5-647PV488-30x02Str01.swc,5005,pyramidal,0.856869,1399,3605,0,0,0,0,0,0.0147578,0,0,0,0,0,0.836169,0.214308,0.3,0.3,0.602668,0.618698,0.983642,0.0733267,0.0969031,0.303297,0.334665,0.401199,0.610662,0.593834,0.887777,0.923636,0.878739,0.0765603,0,0,0,80,0.863236,0.3,0.615849,0.2875,0.325,146.2,0,190.41,-24.4921,33.4218,287.15,262.47,264.56,-4.72865,52.9458,343.36,486.69,0,0,0,0,0
neuromorpho__2020-03-11_11-59-06SST-MORF3Mb01-1V5-647SST488-30x02Ctx_c.swc,3610,interneuron,0.421722,0,3609,0,0,0,0,0,0,0,0,0,0,0,0.896414,0.158107,0.3,0.3,0.936351,0.936776,0.937841,0.065651,0.065651,0.065651,0.065651,0.065651,0,0,0,0.896386,0.936351,0.0656692,0,0,0,64,0.924849,0.3,0.89491,0.015625,0.046875,140,0,0,0,0,0,0,336.34,27.8049,63.2013,447.05,615.86,0,0,0,0,0
neuromorpho__20201230_A_63x_zstack_tile2_stitched2.swc,10380,interneuron,0.534881,0,10379,0,0,0,0,0,0,0,0,0,0,0,0.81467,0.14032,0.3,0.713929,0.713929,0.713929,0.929466,0.0293834,0.0293834,0.0293834,0.485838,0.485838,0,0,0,0.814652,0.713929,0.0293863,0,0,0,93,0.8452,0.3,0.713929,0.0215054,0.397849,249.8,0,0,0,0,0,0,90.22,17.2853,16.6432,300.98,355.24,0,0,0,0,0
neuromorpho__20201230_F_63X_zstack_tile_stitched.swc,8471,interneuron,0.792744,0,8470,0,0,0,0,0,0,0,0,0,0,0,0.919264,0.220575,0.3,0.3,0.3,0.999666,0.999666,0.112501,0.112501,0.112501,0.112501,0.112501,0,0,0,0.919255,0.3,0.112515,0,0,0,85,0.921948,0.3,0.69216,0.105882,0.117647,234.8,0,0,0,0,0,0,35.23,3.93577,6.59842,486.01,571.72,0,0,0,0,0
neuromorpho__20210302_c_40x_lsm800_zstack_tile_stitched.swc,4666,interneuron,0.627055,0,4665,0,0,0,0,0,0,0,0,0,0,0,0.862475,0.192555,0.3,0.3,0.3,0.901143,0.939294,0.104158,0.104158,0.104158,0.104158,0.104158,0,0,0,0.862446,0.3,0.10418,0,0,0,66,0.895718,0.3,0.883448,0.0454545,0.0909091,172,0,0,0,0,0,0,67.21,-4.94559,14.3737,343.47,658.98,0,0,0,0,0
neuromorpho__204B-3-R2.swc,1302,pyramidal,0.95995,71,736,494,0,0,0,0,0,0,0,0,0,0,0.977713,0.0317147,0.84621,0.84621,0.981639,0.981639,0.987703,0,0,0,0,0.0545315,0.84621,0.84621,0,0.987703,0.987703,0,0.981685,0.981639,0,60,0.983239,0.84621,0.981639,0,0,48,0,17.77,1.61465,5.88927,48.69,84.04,99.37,11.0461,20.8896,195.05,114.17,84.55,21.5259,19.4825,136.77,228.59
neuromorpho__20_25.swc,1933,pyramidal,0.970276,0,1932,0,0,0,0,0,0,0,0,0,0,0,0.98771,0.000279616,0.987703,0.987703,0.987703,0.987703,0.987703,0,0,0,0,0,0,0,0,0.987703,0.987703,0,0,0,0,134,0.987795,0.987703,0.987703,0,0,34.7,0,0,0,0,0,0,0,0,0,129.61,114.34,0,0,0,0,0
neuromorpho__20_26.swc,4195,pyramidal,0.969858,0,4194,0,0,0,0,0,0,0,0,0,0,0,0.987706,0.000189834,0.987703,0.987703,0.987703,0.987703,0.987703,0,0,0,0,0,0,0,0,0.987703,0.987703,0,0,0,0,279,0.987747,0.987703,0.987703,0,0,31,0,0,0,0,0,0,1.04,0.179244,0.113243,114.54,100.51,0,0,0,0,0
neuromorpho__212_On_C.swc,14677,interneuron,0.860927,13312,1364,0,0,0,0,0,0,0,0,0,0,0,0.47126,0.291348,0.3,0.3,0.3,0.3,0.3,0.738025,0.738025,0.742182,0.780882,0.780882,0.460803,0.3,0.768855,0.572933,0.3,0.482405,0,0,0,1322,0.600751,0.3,0.3,0.557489,0.604387,28,-7.03833,3172.2,1341.94,1112.02,2377.73,3296.96,1130.59,122.973,259.838,515.58,973.26,0,0,0,0,0
neuromorpho__21_22.swc,1668,pyramidal,0.978687,15,1652,0,0,0,0,0,0,0,0,0,0,0,0.985358,0.0247005,0.726081,0.987703,0.987703,0.987703,0.987703,0,0,0,0.00899281,0.00899281,0.726081,0.726081,0,0.987703,0.987703,0,0,0,0,87,0.984837,0.726081,0.987703,0,0.0114943,34.6,0,0,0,0,1.04,1.81,0,0,0,123.59,78.29,0,0,0,0,0
neuromorpho__21_24.swc,3128,pyramidal,0.987656,0,3127,0,0,0,0,0,0,0,0,0,0,0,0.987707,0.000219831,0.987703,0.987703,0.987703,0.987703,0.987703,0,0,0,0,0,0,0,0,0.987703,0.987703,0,0,0,0,181,0.987771,0.987703,0.987703,0,0,33,0,0,0,0,0,0,0.03,0.0124145,0.0147755,80.37,89.64,0,0,0,0,0
neuromorpho__21a_1.swc,960,interneuron,0.540842,0,959,0,0,0,0,0,0,0,0,0,0,0,0.935948,0.0176758,0.874315,0.874315,0.940102,0.940102,0.940102,0,0,0,0,0.075,0,0,0,0.935881,0.940102,0,0,0,0,17,0.940418,0.874315,0.940102,0,0,86.8,0,0,0,0,0,0,41.79,-6.51879,9.33843,95.94,187.71,0,0,0,0,0
neuromorpho__22022016RF1_20m.swc,572,interneuron,0.902953,0,571,0,0,0,0,0,0,0,0,0,0,0,0.897128,0.213933,0.3,0.3,0.3,0.971335,0.971335,0.113636,0.113636,0.113636,0.113636,0.113636,0,0,0,0.896948,0.3,0.113835,0,0,0,68,0.89306,0.3,0.3,0.117647,0.132353,17.3,0,0,0,0,0,0,110.82,43.0223,28.9496,347.7,462.17,0,0,0,0,0
neuromorpho__22411_cell1.swc,1118,pyramidal,0.992291,22,713,382,0,0,0,0,0,0,0,0,0,0,0.978,0.0494463,0.617761,0.982145,0.982145,0.982145,0.987703,0,0,0.0125224,0.0232558,0.0232558,0.994405,0.994405,0,0.975248,0.987703,0.0196353,0.982136,0.982145,0,104,0.979264,0.617761,0.982145,0.00961538,0.0192308,24.7,0,6.61,-8.33591,1.4917,9.88,60.45,105.83,-22.8499,25.7281,281.86,218.76,114.14,-14.5927,23.6921,225.96,294.99
neuromorpho__22411_cell9.swc,899,pyramidal,0.984385,344,554,0,0,0,0,0,0.0122175,0,0,0,0,0,0.963407,0.0289181,0.860235,0.905081,0.940273,0.940273,0.987681,0,0,0,0,0.0300334,0.940273,0.940273,0,0.977706,0.940273,0,0,0,0,106,0.961162,0.860235,0.940273,0,0,21,0,88.81,-15.7951,18.9955,200.77,307.72,110.25,-20.4465,25.7015,208.73,317.41,0,0,0,0,0
neuromorpho__22_21.swc,2421,pyramidal,0.992461,0,2420,0,0,0,0,0,0,0,0,0,0,0,0.987708,0.000249864,0.987703,0.987703,0.987703,0.987703,0.987703,0,0,0,0,0,0,0,0,0.987703,0.987703,0,0,0,0,107,0.987818,0.987703,0.987703,0,0,43,0,0,0,0,0,0,0,0,0,55.34,107.72,0,0,0,0,0
neuromorpho__22o_pyramidal16aFI.swc,1232,pyramidal,0.728187,396,410,425,0,0,0,0,0,0,0,0,0,0,0.792105,0.26082,0.3,0.3,0.3,0.551257,0.982145,0.137175,0.279221,0.376623,0.382305,0.382305,0.5151,0.3,0.982323,0.922057,0.986572,0.095122,0.924354,0.981639,0.0847059,30,0.806551,0.3,0.549291,0.333333,0.466667,96,1.19,124.52,-57.2579,36.6313,184.31,257.74,164.4,7.96195,35.7068,237.53,89.23,165.76,56.9983,36.8633,188.53,254.56
neuromorpho__23-04-18B-06-cell-1.swc,1233,interneuron,0.957844,0,1232,0,0,0,0,0,0,0,0,0,0,0,0.999666,9.50529e-06,0.999666,0.999666,0.999666,0.999666,0.999666,0,0,0,0,0,0,0,0,0.999666,0.999666,0,0,0,0,52,0.999673,0.999666,0.999666,0,0,54,-1.92857,0,0,0,0,0,34.5,5.76583,8.54781,30.95,212.55,0,0,0,0,0
neuromorpho__23-04-18B-09-cell-2.swc,2387,interneuron,0.985481,0,2386,0,0,0,0,0,0,0,0,0,0,0,0.999666,6.83291e-06,0.999666,0.999666,0.999666,0.999666,0.999666,0,0,0,0,0,0,0,0,0.999666,0.999666,0,0,0,0,41,0.999674,0.999666,0.999666,0,0,120,2.75,0,0,0,0,0,33.5,3.30029,5.16975,54.68,358.32,0,0,0,0,0
neuromorpho__23-04-18C-01-cell-1.swc,5795,interneuron,0.911697,0,5794,0,0,0,0,0,0,0,0,0,0,0,0.989101,0.0285269,0.908046,0.908046,0.908046,0.999666,0.999666,0,0,0,0,0,0,0,0,0.989099,0.908046,0,0,0,0,184,0.997831,0.908046,0.999666,0,0,73.7,-3.07143,0,0,0,0,0,49,-3.69265,13.522,57.03,388.33,0,0,0,0,0
neuromorpho__23-04-18C-03-cell-2.swc,917,interneuron,0.980345,0,916,0,0,0,0,0,0,0,0,0,0,0,0.999666,1.10205e-05,0.999666,0.999666,0.999666,0.999666,0.999666,0,0,0,0,0,0,0,0,0.999666,0.999666,0,0,0,0,27,0.999678,0.999666,0.999666,0,0,115.8,0.875,0,0,0,0,0,23,-11.7882,6.93496,36.63,243.29,0,0,0,0,0
neuromorpho__23-04-18C-10-cell-4.swc,2310,interneuron,0.897235,0,2309,0,0,0,0,0,0,0,0,0,0,0,0.999666,6.94581e-06,0.999666,0.999666,0.999666,0.999666,0.999666,0,0,0,0,0,0,0,0,0.999666,0.999666,0,0,0,0,60,0.999672,0.999666,0.999666,0,0,87.8,3,0,0,0,0,0,39,0.277393,7.73654,78.21,302.46,0,0,0,0,0
neuromorpho__236-1-14LS.swc,646,pyramidal,0.957904,152,380,113,0,0,0,0,0,0,0,0,0,0,0.86222,0.193037,0.3,0.568898,0.598378,0.662296,0.987703,0.0386997,0.117647,0.298762,0.318885,0.318885,0.615844,0.568898,0.973684,0.960815,0.987703,0.0657895,0.86085,0.3,0.176991,50,0.877313,0.3,0.621376,0.26,0.32,25.2,0,63.97,6.66421,17.1863,111.91,255.13,135.8,20.3854,25.5426,237.88,345.62,80.45,19.3537,22.697,221.62,257.45
neuromorpho__236-1-19LS.swc,395,pyramidal,0.993708,112,282,0,0,0,0,0,0,0,0,0,0,0,0.869636,0.186526,0.524808,0.524808,0.5719,0.60812,0.985272,0,0.210127,0.283544,0.283544,0.283544,0.574267,0.524808,1,0.986484,0.9841,0,0,0,0,42,0.919299,0.524808,0.59322,0.166667,0.166667,24.6,-0.00333333,41.86,11.6143,11.5475,110.28,153.95,79.2,5.15553,15.2891,224.08,248.75,0,0,0,0,0
neuromorpho__236-1-24LS.swc,505,pyramidal,0.994732,4,207,293,0,0,0,0,0,0,0,0,0,0,0.894534,0.202152,0.3,0.3,0.535907,0.981148,0.981148,0.0693069,0.150495,0.150495,0.150495,0.194059,0.994317,0.994317,0,0.838601,0.524079,0.2657,0.932329,0.981148,0.0716724,44,0.900701,0.3,0.550063,0.136364,0.136364,33.1,0,3.47,6.9925,1.45615,23.37,53.38,120.35,-27.7656,26.8084,273.26,524.5,128.8,-26.4242,29.6784,205.88,382.31
neuromorpho__236-1-9LS.swc,835,pyramidal,0.990061,0,591,243,0,0,0.237126,0.237126,0.0306246,-0.237126,0.237126,0,0,0,0.931522,0.122855,0.3,0.806031,0.815781,0.88624,0.982145,0.0263473,0.0263473,0.0263473,0.0275449,0.263473,0,0,0,0.935985,0.814125,0,0.920387,0.982145,0.090535,76,0.923541,0.3,0.806915,0.0263158,0.0394737,24,0,0,0,0,0,0,114.48,-2.68628,25.8085,363.45,328.61,95.58,5.03012,20.2215,187.09,394.49
neuromorpho__236-1a-1-AW.swc,351,pyramidal,0.990619,5,190,155,0,0,0,0,0,0,0,0,0,0,0.942607,0.166198,0.3,0.3,0.982145,0.982145,0.987703,0.0626781,0.0626781,0.0626781,0.0626781,0.0626781,0.994317,0.994317,0,0.984084,0.987703,0.00526316,0.889725,0.3,0.135484,44,0.973356,0.3,0.982145,0.0227273,0.0454545,16.8,0,9.84,-7.304,3.81405,2.28,24.29,107.91,33.6915,23.1731,343.17,239.66,124.3,33.2634,29.4919,199.82,430.47
neuromorpho__236-1a-8-AW.swc,467,pyramidal,0.992608,7,325,134,0,0,0,0,0,0,0,0,0,0,0.980343,0.0632971,0.3,0.982145,0.982145,0.982145,0.987703,0.00856531,0.00856531,0.00856531,0.00856531,0.00856531,0.994317,0.994317,0,0.979239,0.987703,0.0123077,0.982145,0.982145,0,59,0.98438,0.3,0.982145,0,0,20.2,0,4.68,-3.42286,1.63785,1.18,43.78,131.51,-15.163,33.134,382.94,268.55,82.99,-21.2555,18.3997,328.47,382.97
neuromorpho__236-2-10LS.swc,498,pyramidal,0.992645,9,259,229,0,0,0.299197,0.299197,0.0417074,-0.263052,0.263052,0,0,0,0.742736,0.310648,0.3,0.3,0.3,0.3,0.955912,0.325301,0.325301,0.333333,0.333333,0.483936,0.955912,0.955912,0,0.80447,0.3,0.227799,0.663413,0.3,0.467249,37,0.909346,0.3,0.613884,0.162162,0.162162,42.8,0,15.76,-3.28778,5.46138,11.41,81.2,114.86,19.9304,23.9161,250.68,423.6,104.4,16.8925,23.0535,383.06,976.71
neuromorpho__236-2-11LS.swc,741,pyramidal,0.992706,6,439,295,0,0,0,0,0,0,0,0,0,0,0.983307,0.0232004,0.728527,0.981639,0.981639,0.982145,0.987703,0,0,0,0.00809717,0.00809717,0.728527,0.728527,0,0.987703,0.987703,0,0.981891,0.981639,0,62,0.981352,0.728527,0.981639,0,0.016129,29.9,-0.00333333,9.68,5.39,3.78653,4.85,9.5,133.9,-7.20858,26.7802,315.95,205.21,119.2,-11.227,23.4168,211.18,328.32
neuromorpho__236-2-19LS.swc,681,pyramidal,0.967044,11,462,207,0,0,0,0,0,0,0,0,0,0,0.951062,0.149381,0.3,0.940273,0.982145,0.982145,0.987703,0.0499266,0.0499266,0.0499266,0.0499266,0.0499266,0.940273,0.940273,0,0.96091,0.987703,0.038961,0.929419,0.982145,0.0772947,47,0.970642,0.3,0.940273,0.0212766,0.0212766,34.8,0,3.93,0.475455,1.08121,7.47,45.24,129.56,2.56381,28.3844,375.32,283.82,112.65,-11.9023,24.9679,178.74,421.61
neuromorpho__236-2-29LS.swc,379,pyramidal,0.995459,6,120,252,0,0,0,0,0,0,0,0,0,0,0.981581,0.0229725,0.677485,0.981639,0.981687,0.982145,0.982145,0,0,0.00527704,0.00527704,0.00527704,0.940273,0.940273,0,0.982533,0.987703,0.0166667,0.982038,0.981687,0,38,0.975149,0.677485,0.981639,0.0263158,0.0263158,25.3,0,6.01,-15.9183,1.86835,3.29,47.9,111.88,8.28633,24.9822,114.47,231.28,115.48,14.4287,22.6685,215.63,321.75
neuromorpho__236-2-33LS.swc,659,pyramidal,0.99003,0,424,234,0,0,0,0,0,0,0,0,0,0,0.98048,0.0595642,0.3,0.98166,0.981687,0.982145,0.987703,0.00758725,0.00758725,0.00758725,0.00758725,0.00758725,0,0,0,0.979594,0.987703,0.0117925,0.982004,0.98166,0,80,0.984313,0.3,0.981687,0,0,18.1,0,0,0,0,0,0,142.87,3.11995,31.1252,318.2,303.14,112.87,-5.25107,25.7695,118.14,613.2
neuromorpho__236-2-38LS.swc,450,pyramidal,0.987751,161,160,128,0,0,0,0,0,0,0,0,0,0,0.76741,0.239348,0.3,0.3,0.546954,0.568611,0.981419,0.0844444,0.377778,0.482222,0.482222,0.482222,0.565636,0.546954,1,0.916925,0.676418,0.175,0.832492,0.3,0.21875,34,0.820796,0.3,0.547555,0.382353,0.411765,28.9,0,131.05,-20.6017,27.6527,117.26,360.3,132.79,-29.0971,30.5152,164.13,528.72,97.33,-21.8677,20.0712,154.45,569.62
neuromorpho__236-2-42LS.swc,430,pyramidal,0.988383,0,357,72,0,0,0,0,0,0,0,0,0,0,0.938589,0.110161,0.657272,0.657824,0.715597,0.987693,0.987693,0,0,0.0604651,0.167442,0.167442,0,0,0,0.987698,0.987693,0,0.694238,0.657824,0.361111,45,0.940364,0.657272,0.711881,0.0888889,0.155556,20.2,0,0,0,0,0,0,116.8,7.86188,27.1894,286.04,237.66,103.16,6.36042,27.078,89.81,291.27
neuromorpho__236-2-44LS.swc,546,pyramidal,0.993551,6,400,139,0,0,0,0,0,0,0,0,0,0,0.975042,0.0874301,0.3,0.982145,0.982145,0.982145,0.987703,0.0164835,0.0164835,0.0164835,0.0164835,0.0164835,0.994317,0.994317,0,0.97223,0.987703,0.0225,0.982123,0.982145,0,66,0.983643,0.3,0.982145,0,0,20.5,0,2.74,1.31,0.910439,5.87,34.5,107.64,-11.8885,21.907,352.21,342.41,109.86,-11.0371,29.5732,131.94,423.89
neuromorpho__236-2-47LS.swc,755,pyramidal,0.994462,11,540,203,0,0,0,0,0,0,0,0,0,0,0.952855,0.148224,0.3,0.982145,0.982145,0.982145,0.987703,0.0490066,0.0490066,0.0490066,0.0490066,0.0490066,0.994317,0.994317,0,0.981336,0.987703,0.00925926,0.874615,0.3,0.157635,83,0.948529,0.3,0.982145,0.0481928,0.0481928,19.8,0,3.84,-1.97,1.31142,8.9,45.05,148.5,16.1286,31.1162,345.15,409.65,96.12,10.2688,18.1772,237.1,495.11
neuromorpho__236-2-51LS.swc,506,pyramidal,0.988435,11,241,253,0,0,0,0,0,0,0,0,0,0,0.984214,0.00510341,0.955912,0.981602,0.981687,0.982145,0.982145,0,0,0,0,0,0.955912,0.955912,0,0.987703,0.987703,0,0.982059,0.981602,0,48,0.984602,0.955912,0.982145,0,0,22.6,0,1.85,-0.109091,0.478225,3.27,30.49,139.48,-18.9741,31.0356,167.77,133.98,85.37,-12.6534,16.7454,238.51,245.33
neuromorpho__236-2-55LS.swc,689,pyramidal,0.988305,6,442,240,0,0,0,0,0,0,0,0,0,0,0.967513,0.109395,0.3,0.981639,0.981639,0.981639,0.987703,0.0261248,0.0261248,0.0261248,0.0261248,0.0261248,0.95912,0.95912,0,0.98148,0.987703,0.00904977,0.941865,0.981639,0.0583333,53,0.981061,0.3,0.981463,0,0,32.2,0,2,2.23833,0.780158,9.95,5.95,119.14,-10.2924,20.8519,230.1,313.99,48.51,-0.200625,11.8495,224.13,274.18
neuromorpho__236-2-62LS.swc,378,pyramidal,0.994324,2,255,120,0,0,0,0,0,0,0,0,0,0,0.96836,0.106001,0.3,0.981639,0.982145,0.982145,0.987703,0.0238095,0.0238095,0.0238095,0.0291005,0.0291005,0.734126,0.734126,0,0.987702,0.987703,0,0.9309,0.981639,0.075,35,0.972287,0.3,0.981841,0,0.0571429,22,0,0.28,-0.39,0.14,1.15,4.5,102.49,-7.62486,17.8663,228.45,344.25,82.61,-0.265,17.2188,91.13,283.88
neuromorpho__236-2-71LS.swc,200,pyramidal,0.970358,0,118,81,0,0,0.2,0.2,0.0189627,-0.2,0.2,0,0,0,0.610978,0.225563,0.3,0.3,0.3,0.491096,0.582904,0.29,0.62,0.655,0.665,0.865,0,0,0,0.647862,0.500554,0.661017,0.552444,0.3,0.654321,32,0.658068,0.3,0.31909,0.59375,0.625,10.9,0,0,0,0,0,0,134.19,-29.8718,31.0876,241.43,202.04,97.4,-30.6737,22.1702,151.22,1067.98
neuromorpho__236-2-79LS.swc,62,pyramidal,0.965747,0,0,61,0,0,0,0,0,0,0,0,0,0,0.760643,0.221845,0.3,0.3,0.3,0.697288,0.697288,0.145161,0.145161,0.516129,0.516129,0.516129,0,0,0,0,0,0,0.756719,0.3,0.52459,10,0.878783,0.3,0.599913,0.2,0.2,15.2,0.00333333,0,0,0,0,0,0,0,0,0,0,90.9,-49.0117,20.3483,223.15,413.96
neuromorpho__236-2-80LS.swc,372,pyramidal,0.955131,129,242,0,0,0,0,0,0.00401794,0,0,0,0,0,0.764467,0.235325,0.3,0.3,0.3,0.656854,0.758902,0.134409,0.196237,0.403226,0.543011,0.567204,0.701983,0.656854,0.596899,0.796802,0.3,0.301653,0,0,0,24,0.797458,0.3,0.657708,0.333333,0.583333,30.1,0,132.37,9.83915,34.7174,157.39,167.37,116.73,11.0446,26.0684,468.58,467.2,0,0,0,0,0
neuromorpho__236-2-84LS.swc,405,pyramidal,0.989709,6,268,130,0,0,0.387654,0.387654,0.0546855,0,-0.254321,0.254321,0.320988,0.0666667,0.79871,0.281963,0.3,0.3,0.3,0.609481,0.981148,0.219753,0.224691,0.296296,0.296296,0.296296,0.994317,0.994317,0,0.811177,0.3,0.242537,0.762435,0.3,0.423077,34,0.837382,0.3,0.609481,0.352941,0.411765,35.7,0,5.6,-2.695,2.30636,6.26,21.81,120.21,-17.2365,25.8826,300.28,364.68,143.65,-17.6327,40.5976,180.78,334.76
neuromorpho__236-2-91LS.swc,370,pyramidal,0.986992,0,250,119,0,0,0,0,0,0,0,0,0,0,0.834418,0.227371,0.3,0.3,0.526945,0.608942,0.982145,0.072973,0.216216,0.327027,0.327027,0.327027,0,0,0,0.771698,0.526945,0.472,0.96479,0.981148,0.0252101,57,0.885165,0.3,0.598484,0.22807,0.245614,14.8,0,0,0,0,0,0,157.51,-17.8729,26.1536,532.99,450.48,133.43,-9.87336,20.9133,278.68,502.49
neuromorpho__236-2-92LS.swc,54,pyramidal,0.966348,7,7,39,0,0,0,0,0,0,0,0,0,0,0.876626,0.240912,0.3,0.3,0.3,0.940273,0.982145,0.148148,0.148148,0.148148,0.148148,0.148148,0.987126,0.987126,0,0.940273,0.940273,0,0.842205,0.3,0.205128,10,0.933548,0.3,0.814232,0.1,0.1,9.4,0,11.65,-7.13571,4.74632,23.11,65.42,28.72,7.63429,11.6729,30.83,24.19,94.22,10.0638,25.9862,128.08,649.26
neuromorpho__236-2-93LS.swc,639,pyramidal,0.984512,105,533,0,0,0,0,0,0.0168163,0,0,0,0,0,0.725454,0.301023,0.3,0.3,0.3,0.3,0.981148,0.27856,0.422535,0.422535,0.422535,0.482003,0.332436,0.3,0.952381,0.802362,0.3,0.318949,0,0,0,54,0.806013,0.3,0.506079,0.296296,0.333333,26,0,361.37,-67.3393,75.9474,133.99,1380.3,319.14,-47.9504,57.6405,417.89,628.51,0,0,0,0,0
neuromorpho__236-2-94LS.swc,108,pyramidal,0.894042,0,0,107,0,0,0,0,0,0,0,0,0,0,0.67859,0.338626,0.3,0.3,0.3,0.3,0.981148,0.444444,0.444444,0.444444,0.444444,0.444444,0,0,0,0,0,0,0.675586,0.3,0.448598,14,0.831816,0.3,0.374926,0.214286,0.285714,15.2,0,0,0,0,0,0,0,0,0,0,0,117.69,-0.766636,30.4793,209.85,1037.29
neuromorpho__236-2-96LS.swc,456,pyramidal,0.994896,7,258,190,0,0,0,0,0,0,0,0,0,0,0.985486,0.00305033,0.981639,0.981911,0.982145,0.982145,0.987703,0,0,0,0,0,0.994317,0.994317,0,0.987703,0.987703,0,0.982073,0.981687,0,63,0.986302,0.981639,0.982145,0,0,15,0,1.41,-1.13286,0.481774,3.44,27.19,151.62,-6.43357,25.3175,263.11,190.44,162.62,9.20905,32.6891,209.36,540.47
neuromorpho__236-2-99LS.swc,241,pyramidal,0.994521,10,128,102,0,0,0,0,0,0,0,0,0,0,0.980459,0.0324628,0.778393,0.982145,0.982145,0.982145,0.987703,0,0,0,0.0248963,0.0248963,0.994317,0.994317,0,0.977892,0.987703,0,0.982131,0.982145,0,40,0.980569,0.778393,0.982145,0,0.025,13.1,0,6.92,-0.432,2.3626,9.24,42.43,56.56,-5.86609,13.8746,178.82,80.72,58.87,-4.17922,12.4292,137.69,205.15
neuromorpho__236-2a-1-AW.swc,397,pyramidal,0.984242,8,199,189,0,0,0,0,0,0,0,0,0,0,0.956011,0.138787,0.3,0.982145,0.982145,0.982145,0.987703,0.0428212,0.0428212,0.0428212,0.0428212,0.0428212,0.994317,0.994317,0,0.987703,0.987703,0,0.920788,0.982145,0.0899471,48,0.951719,0.3,0.982145,0.0416667,0.0625,19.3,0,4.89,3.295,1.92683,3.76,35.45,129.88,-31.1903,30.4043,332.91,193.67,121.37,-34.124,29.9448,206.1,533.71
neuromorpho__236-2a-11-AW.swc,318,pyramidal,0.989203,7,214,96,0,0,0.301887,0.301887,0.0788812,0,-0.301887,0.301887,0.301887,0,0.890524,0.132424,0.3,0.709403,0.715597,0.730502,0.947711,0.00943396,0.0188679,0.0377358,0.286164,0.311321,0.994317,0.994317,0,0.962293,0.935001,0.0140187,0.721831,0.709403,0.09375,53,0.880906,0.3,0.715597,0.0377358,0.320755,11.8,0,3.2,0.61,1.11842,3.21,36.4,117.66,-18.9796,27.5639,339.96,181.8,83.67,-20.7155,23.3274,240.6,237.88
neuromorpho__236-2a-26-AW.swc,349,pyramidal,0.989437,0,194,154,0,0,0,0,0,0,0,0,0,0,0.936087,0.176714,0.3,0.3,0.981687,0.982145,0.987703,0.0716332,0.0716332,0.0716332,0.0716332,0.0716332,0,0,0,0.923896,0.987703,0.0927835,0.95103,0.981687,0.0454545,53,0.971958,0.3,0.981639,0,0.0188679,18,0,0,0,0,0,0,133.45,-25.172,32.1458,520.08,314.75,106.18,-9.94052,28.2668,376.2,361.44
neuromorpho__236-2a-30-AW.swc,360,pyramidal,0.990922,7,207,145,0,0,0,0,0,0,0,0,0,0,0.978048,0.0719374,0.3,0.982145,0.982145,0.982145,0.987703,0.0111111,0.0111111,0.0111111,0.0111111,0.0111111,0.994317,0.994317,0,0.987703,0.987703,0,0.963327,0.982145,0.0275862,47,0.98416,0.3,0.982145,0,0,16.4,0,10.87,8.63,3.64204,0.99,36.81,111.13,10.1271,24.9733,232.35,145.58,104.46,12.3469,23.581,181.4,300.81
neuromorpho__236-2a-33-AW.swc,294,pyramidal,0.993498,0,178,115,0,0,0.568027,0.568027,0.104438,-0.176871,-0.214286,0.391156,0.391156,0,0.85907,0.153446,0.3,0.691235,0.697288,0.74324,0.913402,0.0306122,0.0306122,0.122449,0.404762,0.404762,0,0,0,0.934358,0.906422,0.0505618,0.741312,0.697288,0.234783,44,0.870104,0.3,0.697288,0.159091,0.431818,15.7,0,0,0,0,0,0,105.03,-29.4748,24.2218,296.63,242.52,75.14,-8.73983,18.6833,267.72,229.82
neuromorpho__236-2a-34-AW.swc,338,pyramidal,0.986148,9,251,77,0,0,0,0,0,0,0,0,0,0,0.986649,0.00274587,0.982145,0.982145,0.982145,0.987703,0.987703,0,0,0,0,0,0.994317,0.994317,0,0.987703,0.987703,0,0.982145,0.982145,0,50,0.986858,0.982145,0.982145,0,0,13.1,0,0,0.05,0,10.35,34.8,102.09,-39.6589,20.8559,374.93,323.64,83,-34.6622,24.295,167.79,289.47
neuromorpho__236-2a-40-AW.swc,248,pyramidal,0.984426,6,171,70,0,0,0,0,0,0,0,0,0,0,0.982099,0.0219751,0.84621,0.981639,0.982145,0.982145,0.987703,0,0,0,0,0.0241935,0.84621,0.84621,0,0.986774,0.987703,0,0.982073,0.981639,0,38,0.981844,0.84621,0.982145,0,0,11.2,0,32.84,22.5833,11.1496,11.5,3.49,97.29,12.6523,23.8457,254.36,131.38,54.41,-1.37829,14.2806,109.16,285.9
neuromorpho__236-2a-41-AW.swc,428,pyramidal,0.994708,7,229,191,0,0,0,0,0,0,0,0,0,0,0.93749,0.175047,0.3,0.3,0.981802,0.982145,0.987703,0.0700935,0.0700935,0.0700935,0.0700935,0.0700935,0.994389,0.994389,0,0.978694,0.987703,0.0131004,0.885675,0.3,0.141361,66,0.958774,0.3,0.981769,0.030303,0.0454545,15.5,0,15.96,9.92143,5.39499,6.06,33.99,118.73,11.0485,31.1485,348.2,218.01,101.4,-4.44874,20.878,239.82,497.42
neuromorpho__236-2a-47-AW.swc,266,pyramidal,0.990252,10,143,112,0,0,0,0,0,0,0,0,0,0,0.981178,0.0428564,0.3,0.981639,0.981639,0.981687,0.987703,0.0037594,0.0037594,0.0037594,0.0037594,0.0037594,0.994405,0.994405,0,0.984386,0.987703,0,0.975731,0.981639,0.00892857,39,0.9845,0.3,0.981639,0,0,15,0,2.89,-1.15,1.40855,4.51,45.95,97.77,12.3286,24.6608,260.49,286.43,127.53,25.1904,34.8875,164.94,276.62
neuromorpho__236-2a-55-AW.swc,377,pyramidal,0.991242,5,258,113,0,0,0,0,0,0,0,0,0,0,0.980685,0.0610279,0.3,0.982145,0.982145,0.982145,0.987703,0.00795756,0.00795756,0.00795756,0.00795756,0.00795756,0.994317,0.994317,0,0.979707,0.987703,0.0116279,0.982145,0.982145,0,49,0.984709,0.3,0.982145,0,0,18,0,1.13,0.722,0.396151,25.34,0.71,140.49,-18.6295,32.1072,211.38,354.55,89.97,-13.8196,26.7592,291.24,250.19
neuromorpho__236-2a-8-AW.swc,309,pyramidal,0.993252,7,138,163,0,0,0,0,0,0,0,0,0,0,0.951707,0.147242,0.3,0.981474,0.981639,0.981687,0.982145,0.0485437,0.0485437,0.0485437,0.0485437,0.0485437,0.994317,0.994317,0,0.987703,0.987703,0,0.919106,0.981474,0.0920245,38,0.948732,0.3,0.981589,0.0526316,0.0526316,18,0,0,0,0,1.99,31.42,119.53,2.28971,32.1046,233.95,187.43,119.69,1.60202,24.0754,312.79,466.86
neuromorpho__236-2a-9-AW.swc,396,pyramidal,0.992994,7,268,120,0,0,0,0,0,0,0,0,0,0,0.977417,0.0766518,0.3,0.982145,0.982145,0.982145,0.987703,0.0126263,0.0126263,0.0126263,0.0126263,0.0126263,0.990548,0.990548,0,0.974873,0.987703,0.0186567,0.982145,0.982145,0,47,0.983623,0.3,0.982145,0,0,18.2,0,0,0,0,7.62,25.63,98.35,14.4829,19.6566,351.66,293.94,92.59,1.20358,20.1173,158.75,293.04
neuromorpho__236-3-15LS.swc,684,pyramidal,0.989279,10,461,212,0,0,0,0,0,0,0,0,0,0,0.885177,0.243576,0.3,0.3,0.3,0.982145,0.987703,0.147661,0.147661,0.147661,0.147661,0.147661,0.994317,0.994317,0,0.954868,0.987703,0.0477223,0.727942,0.3,0.372642,64,0.930282,0.3,0.874195,0.078125,0.078125,22.1,0,5.09,0.865,1.5802,7.67,42.97,109.8,0.120933,25.6543,567.97,346.97,117.12,2.15675,22.1724,201.23,880.85
neuromorpho__236-3-16LS.swc,403,pyramidal,0.991534,15,222,165,0,0,0,0,0,0,0,0,0,0,0.882315,0.240002,0.3,0.3,0.3,0.981148,0.987703,0.143921,0.143921,0.143921,0.143921,0.181141,0.85735,0.85735,0,0.984605,0.987703,0.0045045,0.746243,0.3,0.345455,41,0.935007,0.3,0.932495,0.0731707,0.0731707,23,0,23.25,-10.6453,8.09523,77.78,6.55,139.11,26.6705,30.1673,379.13,217.16,113.33,32.7601,25.3535,272.6,911.3
neuromorpho__236-3-28LS.swc,1372,interneuron,0.7856,212,1159,0,0,0,0,0,0,0,0,0,0,0,0.97182,0.115061,0.3,0.934466,0.935878,0.999666,0.999666,0.0269679,0.0269679,0.0276968,0.03207,0.037172,0.870739,0.3,0.113208,0.990285,0.999666,0.0120794,0,0,0,87,0.9801,0.3,0.934466,0.0114943,0.0344828,37.4,-0.00333333,61.93,10.7338,17.457,136.7,420.27,107.2,2.45206,19.5742,198.81,486.44,0,0,0,0,0
neuromorpho__236-3-30LS.swc,636,pyramidal,0.982165,8,189,438,0,0,0,0,0,0,0,0,0,0,0.953632,0.134874,0.3,0.897305,0.981639,0.981639,0.982145,0.0377358,0.0377358,0.0503145,0.0503145,0.0503145,0.644302,0.644302,1,0.987401,0.987703,0,0.944605,0.981639,0.0547945,39,0.970633,0.3,0.981639,0.025641,0.0512821,45.4,0,7.85,5.19875,2.88796,8.47,24.22,77.88,-15.1005,14.7043,154,162.95,83.06,-4.91571,17.6039,186.34,257.17
neuromorpho__236-3-33LS.swc,1234,pyramidal,0.986674,10,806,417,0,0,0,0,0,0,0,0,0,0,0.894093,0.182628,0.3,0.507223,0.551401,0.981639,0.981687,0.0210697,0.145867,0.178282,0.213128,0.213128,0.994317,0.994317,0,0.857546,0.53495,0.258065,0.962076,0.981639,0.028777,76,0.891374,0.3,0.575798,0.171053,0.25,33.5,0,10.48,-1.48,3.67505,12.73,31.27,146.24,20.1556,29.0077,385.73,360.63,138.97,15.1741,31.0278,291.54,251.24
neuromorpho__236-3-39LS.swc,669,pyramidal,0.993308,7,495,166,0,0,0,0,0,0,0,0,0,0,0.983165,0.0459257,0.3,0.981639,0.981639,0.982145,0.987703,0.0044843,0.0044843,0.0044843,0.0044843,0.0044843,0.987596,0.987596,0,0.983535,0.987703,0.00606061,0.981773,0.981639,0,68,0.985091,0.3,0.981639,0,0,23.3,0,4.32,-1.44143,1.73362,24.1,20.27,134.08,6.65313,30.1419,341.49,343.3,109.6,7.67645,24.9253,324.08,200.83
neuromorpho__236-3-40LS.swc,544,pyramidal,0.992552,133,410,0,0,0,0,0,0.0264173,0,0,0,0,0,0.8343,0.218792,0.3,0.490828,0.517584,0.5719,0.987703,0.0974265,0.323529,0.323529,0.323529,0.323529,0.546227,0.490828,1,0.927344,0.541588,0.104878,0,0,0,82,0.86156,0.3,0.54144,0.268293,0.268293,16.6,0.00333333,147.18,15.1491,31.4602,225.46,193.55,127.38,20.7072,27.0322,341.5,489.08,0,0,0,0,0
neuromorpho__236-3-41LS.swc,568,pyramidal,0.991913,247,320,0,0,0,0,0,0,0,0,0,0,0,0.860725,0.14862,0.3,0.692168,0.699029,0.72294,0.987703,0.0123239,0.0123239,0.119718,0.447183,0.447183,0.715145,0.692168,0.246964,0.97266,0.987703,0.021875,0,0,0,75,0.843443,0.3,0.699029,0.173333,0.52,17.2,0,97.89,-13.3089,19.3751,168.87,213.23,158.48,-4.48694,27.2033,200.96,329.82,0,0,0,0,0
neuromorpho__236-3-4LS.swc,661,pyramidal,0.989344,6,467,187,0,0,0,0,0,0,0,0,0,0,0.981744,0.0479754,0.3,0.982145,0.982145,0.982145,0.987703,0.00453858,0.00453858,0.00453858,0.00453858,0.0136157,0.84621,0.84621,0,0.983285,0.987703,0.00642398,0.982145,0.982145,0,59,0.982852,0.3,0.982145,0,0,25.2,0,3.86,-1.70833,1.25559,2.22,22.77,182.95,-17.169,31.5696,327.21,331.29,99.85,-18.5213,25.9281,205.12,309.22
neuromorpho__236-3-57LS.swc,342,pyramidal,0.963762,0,87,254,0,0,0,0,0,0,0,0,0,0,0.845102,0.274053,0.3,0.3,0.3,0.981639,0.981639,0.201754,0.201754,0.201754,0.201754,0.201754,0,0,0,0.820751,0.3,0.241379,0.852833,0.3,0.188976,25,0.938989,0.3,0.782644,0.04,0.12,30.4,0,0,0,0,0,0,47.8,0.974368,9.51432,292.92,156.28,161.53,-5.19539,26.0058,321.15,456.14
neuromorpho__236-3-72LS.swc,486,pyramidal,0.992889,203,282,0,0,0,0,0,0,0,0,0,0,0,0.818625,0.206269,0.3,0.551257,0.568898,0.581054,0.987703,0.0226337,0.296296,0.417695,0.417695,0.417695,0.582855,0.551257,1,0.987703,0.987703,0,0,0,0,53,0.863293,0.3,0.5719,0.320755,0.320755,21.8,0,94.39,5.38966,20.7006,137.37,346.38,106.71,12.0162,20.463,243.56,276.9,0,0,0,0,0
neuromorpho__236-3-75LS.swc,336,pyramidal,0.98167,0,259,76,0,0,0,0,0,0,0,0,0,0,0.925222,0.115859,0.657272,0.715597,0.715779,0.987703,0.987703,0,0,0.014881,0.22619,0.22619,0,0,0,0.987703,0.987703,0,0.711309,0.709403,0.0657895,35,0.916262,0.657272,0.715597,0.0285714,0.257143,19.6,0,0,0,0,0,0,110.28,11.6946,20.3868,308.13,202.64,58.85,23.173,15.6001,92.67,262.24
neuromorpho__241-1-14-AW.swc,662,pyramidal,0.988273,65,428,168,0,0,0,0,0,0,0,0,0,0,0.903406,0.214375,0.3,0.3,0.3,0.982145,0.987693,0.110272,0.110272,0.110272,0.110272,0.160121,0.722921,0.3,0.276923,0.944316,0.987693,0.0630841,0.868438,0.3,0.166667,67,0.944714,0.3,0.85469,0.0447761,0.0746269,20.4,0,57.25,-26.9326,19.4029,273.13,266.71,124.13,-15.0909,29.0879,418.93,427.01,129.69,-15.9603,31.454,405.25,442.16
neuromorpho__241-1-16-AW.swc,717,pyramidal,0.973062,0,495,221,0,0,0,0,0,0,0,0,0,0,0.929519,0.188521,0.3,0.3,0.982145,0.982145,0.987703,0.0822873,0.0822873,0.0822873,0.0822873,0.0822873,0,0,0,0.923795,0.987703,0.0929293,0.942019,0.982145,0.0588235,70,0.968793,0.3,0.979575,0,0.0571429,25.2,0,0,0,0,0,0,130,24.0554,29.8095,530.64,287.31,124.57,20.1873,28.6025,336.97,526.26
neuromorpho__241-1-20-AW.swc,454,pyramidal,0.979788,0,249,204,0,0,0,0,0,0,0,0,0,0,0.84805,0.274414,0.3,0.3,0.3,0.982145,0.982145,0.200441,0.200441,0.200441,0.200441,0.200441,0,0,0,0.888276,0.3,0.144578,0.798206,0.3,0.269608,60,0.880832,0.3,0.3,0.15,0.166667,15,0,0,0,0,0,0,118.98,-18.1451,33.3756,564.62,269.36,115.7,-20.5534,26.8036,341.84,604.4
neuromorpho__241-1-21-AW.swc,366,pyramidal,0.991202,11,288,66,0,0,0,0,0,0,0,0,0,0,0.884206,0.241419,0.3,0.3,0.3,0.981639,0.987703,0.144809,0.144809,0.144809,0.155738,0.155738,0.955912,0.955912,0,0.913173,0.3,0.104167,0.744098,0.3,0.348485,50,0.956591,0.3,0.829325,0.02,0.1,18.3,0,23.85,5.83909,7.47798,113.76,32.24,168.2,2.71139,38.9132,231.74,562.39,57.16,26.1844,15.4722,655.08,204.92
neuromorpho__241-1-23-AW.swc,249,pyramidal,0.981801,10,238,0,0,0,0,0,0,0,0,0,0,0,0.806001,0.252854,0.3,0.3,0.3,0.871753,0.871753,0.192771,0.192771,0.192771,0.192771,0.594378,0.84621,0.84621,0,0.803497,0.3,0.201681,0,0,0,25,0.915234,0.3,0.804145,0.08,0.12,24.8,0,34.95,-20.889,12.0985,34.43,11.85,131.41,18.835,33.4681,467.45,461.3,0,0,0,0,0
neuromorpho__241-1-27LU.swc,1195,pyramidal,0.966101,421,773,0,0,0,0,0,0.00462124,0,0,0,0,0,0.695783,0.326633,0.3,0.3,0.3,0.3,0.987693,0.393305,0.393305,0.425105,0.450209,0.469456,0.331938,0.3,0.950119,0.893551,0.622731,0.139715,0,0,0,94,0.781035,0.3,0.3,0.297872,0.382979,28.7,0,127.42,2.5238,22.7101,625.74,411.61,124.92,-14.0164,27.3506,545.96,716.81,0,0,0,0,0
neuromorpho__241-1-32LU.swc,412,pyramidal,0.9915,164,109,138,0,0,0,0,0,0,0,0,0,0,0.755111,0.302286,0.3,0.3,0.3,0.3,0.982145,0.283981,0.283981,0.356796,0.398058,0.398058,0.408135,0.3,0.896341,0.987703,0.987703,0,0.981972,0.981148,0,38,0.847786,0.3,0.3,0.236842,0.236842,29.5,0,78.54,-19.4372,17.6241,266.86,627.86,110.79,-11.1479,37.3892,197.16,94.45,61.95,32.393,20.7388,224.42,412.73
neuromorpho__241-1-33LU.swc,659,pyramidal,0.994572,0,339,319,0,0,0,0,0,0,0,0,0,0,0.936147,0.176314,0.3,0.3,0.981639,0.981687,0.982145,0.0713202,0.0713202,0.0713202,0.0713202,0.0713202,0,0,0,0.955245,0.987703,0.0471976,0.915651,0.981639,0.0971787,56,0.968228,0.3,0.954331,0,0.0535714,29.5,0,0,0,0,0,0,123,12.3845,23.4818,438.05,351.48,121.52,7.85179,26.8686,385.36,481.3
neuromorpho__241-1-35VN.swc,699,pyramidal,0.994509,8,501,189,0,0,0,0,0,0,0,0,0,0,0.940114,0.17188,0.3,0.3,0.982145,0.982145,0.987703,0.0672389,0.0672389,0.0672389,0.0672389,0.0672389,0.98361,0.98361,0,0.954759,0.987703,0.0479042,0.899133,0.3,0.121693,81,0.973936,0.3,0.982145,0.0123457,0.0246914,21,0,39.71,22.55,12.5934,34.36,50.77,143.49,-5.01,30.3833,452.91,409.68,139.46,-21.0671,35.4657,306.57,508.13
neuromorpho__241-1-50VN.swc,391,pyramidal,0.989546,0,296,94,0,0,0,0,0,0,0,0,0,0,0.930359,0.188212,0.3,0.3,0.982145,0.982145,0.987703,0.0818414,0.0818414,0.0818414,0.0818414,0.0818414,0,0,0,0.955177,0.987703,0.0472973,0.851468,0.3,0.191489,52,0.968021,0.3,0.982145,0.0192308,0.0576923,18.9,0,0,0,0,0,0,108.98,43.5848,30.3893,392.64,387.55,103.34,34.7772,28.9922,378.53,614.01
neuromorpho__241-2-105-AW.swc,464,pyramidal,0.981231,0,288,175,0,0,0,0,0,0,0,0,0,0,0.947274,0.157727,0.3,0.3,0.981639,0.982018,0.987703,0.0560345,0.0560345,0.0560345,0.0560345,0.0560345,0,0,0,0.98054,0.987703,0.0104167,0.892226,0.3,0.131429,49,0.97211,0.3,0.981541,0.0204082,0.0204082,19.2,0,0,0,0,0,0,167.89,-1.52177,43.8484,378.74,201.5,168.07,36.4631,37.0031,339.45,310.84
neuromorpho__241-2-107-AW.swc,592,pyramidal,0.978388,88,503,0,0,0,0,0,0.0005486,0,0,0,0,0,0.873381,0.162764,0.3,0.571824,0.579551,0.800669,0.987703,0.0168919,0.119932,0.172297,0.226351,0.402027,0.598145,0.545853,1,0.921282,0.800669,0.027833,0,0,0,57,0.859012,0.3,0.668467,0.175439,0.350877,26,0,57.2,-19.5093,15.5264,45.13,335.55,135.46,5.68771,29.8765,356.18,415.73,0,0,0,0,0
neuromorpho__241-2-24VN.swc,876,pyramidal,0.972747,6,415,454,0,0,0,0,0,0,0,0,0,0,0.983906,0.0233378,0.3,0.982145,0.982145,0.982145,0.982145,0.00114155,0.00114155,0.00114155,0.00114155,0.00114155,0.966859,0.966859,0,0.986046,0.987703,0.00240964,0.98214,0.982145,0,60,0.98387,0.3,0.982145,0,0,34.1,0,4.54,0.338333,1.55851,3.69,24.61,117.48,-16.4567,29.0068,350.1,252.81,123.26,-9.00271,31.8365,530.29,233.94
neuromorpho__241-2-28VN.swc,605,pyramidal,0.99319,8,386,210,0,0,0,0,0,0,0,0,0,0,0.824747,0.289698,0.3,0.3,0.3,0.982145,0.987703,0.233058,0.233058,0.233058,0.233058,0.247934,0.994227,0.994227,0,0.948983,0.987678,0.0518135,0.589099,0.3,0.57619,55,0.925444,0.3,0.857449,0.0909091,0.0909091,29.2,0,10.49,3.71,3.66528,15.39,58.56,122.49,40.9144,32.1916,334.05,424.53,126.69,38.5607,23.2181,255.59,1253.09
neuromorpho__241-2-29VN.swc,331,pyramidal,0.93184,6,324,0,0,0,0,0,0,0,0,0,0,0,0.832033,0.287974,0.3,0.3,0.3,0.987681,0.987703,0.226586,0.226586,0.226586,0.226586,0.226586,0.994317,0.994317,0,0.82851,0.3,0.231481,0,0,0,21,0.918936,0.3,0.765863,0.0952381,0.190476,39,0,5.15,-2.16333,1.59326,2.24,28.55,132.28,-3.32083,26.042,399.66,566.29,0,0,0,0,0
neuromorpho__241-2-30VN.swc,745,pyramidal,0.992671,5,512,227,0,0,0,0,0,0,0,0,0,0,0.838361,0.243748,0.3,0.3,0.3,0.659702,0.982145,0.128859,0.143624,0.29396,0.29396,0.29396,0.994317,0.994317,0,0.862044,0.616986,0.296875,0.780798,0.3,0.295154,82,0.881117,0.3,0.656854,0.268293,0.292683,20.9,0,12.14,8.368,4.49062,6.83,52.01,144.27,-10.2535,32.5688,506.65,653.4,130.22,0.0185022,22.1924,168.72,968.28
neuromorpho__241-2-32VN.swc,885,pyramidal,0.991699,5,697,182,0,0,0,0,0,0,0,0,0,0,0.869583,0.242312,0.3,0.3,0.3,0.981148,0.987703,0.119774,0.19322,0.19322,0.19322,0.19322,0.994317,0.994317,0,0.885145,0.509138,0.177905,0.805842,0.3,0.258242,81,0.933585,0.3,0.864899,0.0864198,0.0864198,28,0,3.99,-2.616,1.38167,45.3,14.56,129.48,52.4643,31.3021,838.3,526.4,122.54,29.7039,33.1749,1018.75,269.11
neuromorpho__241-2-33VN.swc,853,pyramidal,0.991557,0,607,245,0,0,0.359906,0.359906,0.0609126,0,-0.214537,0.214537,0.287222,0.0726846,0.920159,0.189266,0.3,0.3,0.895731,0.981148,0.987693,0.084408,0.084408,0.084408,0.084408,0.103165,0,0,0,0.906455,0.3,0.105437,0.953786,0.981148,0.0326531,75,0.963705,0.3,0.912867,0.0133333,0.0266667,30.8,0,0,0,0,0,0,133.04,-34.1576,32.2442,506.48,449.38,124.18,-42.1267,29.2571,318.49,293.23
neuromorpho__241-2-34VN.swc,639,pyramidal,0.993092,138,388,112,0,0,0,0,0,0,0,0,0,0,0.864657,0.223362,0.3,0.3,0.3,0.727384,0.987703,0.111111,0.111111,0.134585,0.28169,0.28169,0.630624,0.3,0.318841,0.983958,0.987703,0.00515464,0.738522,0.3,0.357143,63,0.919712,0.3,0.726012,0.0634921,0.190476,23.8,0,117.73,27.8293,28.0961,134.21,446.81,133.7,20.5997,36.2998,355.33,340.99,49.1,-6.86973,11.2345,98.72,484.37
neuromorpho__241-2-37VN.swc,731,pyramidal,0.993876,7,583,140,0,0,0,0,0.000558758,0,0,0,0,0,0.87465,0.246442,0.3,0.3,0.3,0.981639,0.987703,0.149111,0.149111,0.173735,0.173735,0.173735,0.962653,0.962653,0,0.894409,0.3,0.149228,0.787073,0.3,0.285714,80,0.928141,0.3,0.743984,0.1,0.1375,20.1,0,3.22,0.862857,1.06812,3.21,50.02,135.51,20.1518,33.535,541.37,994.63,134.72,12.3162,33.0603,223.85,915.96
neuromorpho__241-2-47-AW.swc,204,pyramidal,0.994143,0,124,79,0,0,0,0,0,0,0,0,0,0,0.978834,0.0676076,0.3,0.982145,0.982145,0.982145,0.987703,0.00980392,0.00980392,0.00980392,0.00980392,0.00980392,0,0,0,0.976553,0.987703,0.016129,0.982145,0.982145,0,35,0.98424,0.3,0.982145,0,0,17.2,0,0,0,0,0,0,91.79,-16.9089,24.7076,402.44,179.34,93.84,-12.489,27.396,143.84,313.23
neuromorpho__241-2-49-AW.swc,347,pyramidal,0.950396,2,186,158,0,0,0,0,0.0366542,0,0,0,0,0,0.899721,0.214766,0.3,0.3,0.3,0.981687,0.982145,0.112392,0.112392,0.112392,0.112392,0.118156,0.832838,0.832838,0,0.958303,0.918772,0.0215054,0.83097,0.3,0.221519,29,0.948414,0.3,0.830796,0,0.0689655,24.4,0,0,0,0,1.07,2.75,93.94,41.9539,23.8302,449.99,261.45,101.52,44.4101,26.8368,268.59,358.05
neuromorpho__241-2-50-AW.swc,342,pyramidal,0.994129,4,216,121,0,0,0,0,0,0,0,0,0,0,0.985406,0.00419412,0.956353,0.982145,0.982145,0.982145,0.987703,0,0,0,0,0,0.956353,0.956353,0,0.987703,0.987703,0,0.982145,0.982145,0,50,0.98521,0.956353,0.982145,0,0,16,0,0,0,0,3.45,22.92,111.03,-8.66856,31.6268,259.39,152.29,71.42,6.78099,16.1357,97.6,331.16
neuromorpho__241-2-51-AW.swc,400,pyramidal,0.994206,6,211,182,0,0,0,0,0,0,0,0,0,0,0.979696,0.044626,0.586467,0.982145,0.982145,0.982145,0.987703,0,0.0125,0.0125,0.0125,0.0125,0.994317,0.994317,0,0.977071,0.987703,0.0236967,0.982145,0.982145,0,47,0.976312,0.586467,0.982145,0.0212766,0.0212766,19.4,0,0,0,0,2.66,35.75,91.23,-18.5377,27.3547,290.62,179.31,106.08,-25.4314,30.3267,218.62,339.37
neuromorpho__241-2-55LU.swc,705,pyramidal,0.993906,307,264,133,0,0,0,0,0,0,0,0,0,0,0.839205,0.194275,0.3,0.3,0.700841,0.727384,0.982145,0.0723404,0.0723404,0.0893617,0.44539,0.451064,0.673699,0.3,0.169381,0.959049,0.987703,0.0416667,0.982145,0.982145,0,83,0.879423,0.3,0.700841,0.0722892,0.349398,21,0,133.02,19.673,32.6664,425.68,292.99,136.87,21.7899,30.2958,261.83,350.9,137.55,2.3303,42.0255,412.18,390.58
neuromorpho__241-2-57LU.swc,723,pyramidal,0.992325,7,402,313,0,0,0,0,0,0,0,0,0,0,0.917916,0.201474,0.3,0.3,0.671238,0.982145,0.987703,0.0940526,0.0940526,0.103734,0.103734,0.103734,0.671238,0.671238,1,0.948357,0.987703,0.0572139,0.884073,0.3,0.14377,59,0.959402,0.3,0.884493,0.0338983,0.0508475,30.8,0,31.85,19.1514,10.1153,4.87,21.11,115.39,-7.28813,30.451,373.54,256.71,103.83,-5.21649,22.468,204.46,527.55
neuromorpho__241-2-59LU.swc,594,pyramidal,0.989133,6,83,504,0,0,0,0,0,0,0,0,0,0,0.90347,0.217419,0.3,0.3,0.3,0.982145,0.982145,0.114478,0.114478,0.114478,0.114478,0.124579,0.84621,0.84621,0,0.987703,0.987703,0,0.890088,0.3,0.134921,57,0.964083,0.3,0.940814,0.0175439,0.0526316,25.8,0,11.05,-4.67333,3.94638,13.25,43,123.69,-13.1663,41.3981,243.24,154.9,121.31,-23.805,30.0196,359.44,511.15
neuromorpho__241-2-63LU.swc,241,pyramidal,0.99113,8,232,0,0,0,0,0,0.00832624,0,0,0,0,0,0.864343,0.240094,0.3,0.3,0.3,0.949078,0.987703,0.141079,0.141079,0.174274,0.240664,0.240664,0.674026,0.674026,1,0.870321,0.3,0.146552,0,0,0,32,0.948719,0.3,0.891001,0.09375,0.09375,19.8,0,36.97,88.9613,12.7922,10.54,45.19,119.03,7.04172,32.3978,296.14,710.07,0,0,0,0,0
neuromorpho__241-2-76LU.swc,713,pyramidal,0.990543,74,487,151,0,0,0,0,0.00560659,0,0,0,0,0,0.824572,0.282578,0.3,0.3,0.3,0.84621,0.982145,0.223001,0.223001,0.223001,0.223001,0.267882,0.536199,0.3,0.567568,0.887816,0.3,0.13963,0.760758,0.3,0.324503,58,0.905865,0.3,0.655546,0.12069,0.155172,27.5,0,38.53,4.85068,9.86434,283.53,145.5,115.9,16.9836,27.9423,445.19,967.57,113.75,-14.9572,31.8169,296.31,772.25
neuromorpho__241-2-81LU.swc,183,pyramidal,0.969728,97,73,12,0,0,0.0655738,0.0655738,0.0184833,0,-0.0655738,0.0655738,0.0655738,0,0.734451,0.218236,0.3,0.3,0.3,0.637756,0.669566,0.125683,0.125683,0.535519,0.590164,0.672131,0.625833,0.502654,0.876289,0.839194,0.3,0.178082,0.953139,0.951938,0,20,0.833627,0.3,0.632138,0.3,0.4,25.1,0,58.79,35.2404,9.15571,121.01,349.74,64.16,15.8492,17.9597,289.02,469.64,66.98,-19.5542,20.5847,170.86,41.81
neuromorpho__241-2-85LU.swc,175,pyramidal,0.931767,0,161,13,0,0,0.154286,0.154286,0.147163,0,0.00571429,-0.00571429,0.0742857,0.08,0.751808,0.26876,0.3,0.3,0.3,0.623562,0.906134,0.24,0.245714,0.285714,0.314286,0.491429,0,0,0,0.759846,0.3,0.26087,0.63316,0.623562,0.615385,23,0.844297,0.3,0.584843,0.173913,0.304348,23.6,0,0,0,0,0,0,107.44,42.5932,28.3724,270.09,608.18,90.23,33.3892,33.993,252.2,64.11
neuromorpho__241-3-13LU.swc,1087,pyramidal,0.994757,6,731,349,0,0,0,0,0,0,0,0,0,0,0.957979,0.135187,0.3,0.982145,0.982145,0.982145,0.987703,0.0404784,0.0404784,0.0404784,0.0404784,0.0404784,0.955912,0.955912,0,0.957599,0.987703,0.0437756,0.95869,0.982145,0.034384,105,0.97791,0.3,0.982145,0,0.00952381,29,0,3.75,1.2,1.76777,13.88,30.52,132.24,-4.4952,31.9949,364.68,365.03,133.45,0.846504,27.5438,327.5,536.03
neuromorpho__241-3-14VN.swc,440,pyramidal,0.995642,4,293,142,0,0,0,0,0,0,0,0,0,0,0.985446,0.00513477,0.940273,0.981639,0.981687,0.982145,0.987703,0,0,0,0,0,0.940273,0.940273,0,0.987703,0.987703,0,0.981959,0.981639,0,75,0.985197,0.940273,0.982145,0,0,13.6,0,9.64,6.95,3.75317,3.62,28.49,117.35,-23.0584,32.7019,433.93,340.64,117.37,-24.5646,25.5996,213,217.3
neuromorpho__241-3-15LU.swc,619,pyramidal,0.989493,7,429,182,0,0,0,0,0,0,0,0,0,0,0.963021,0.124275,0.3,0.982145,0.982145,0.982145,0.987703,0.0339257,0.0339257,0.0339257,0.0339257,0.0339257,0.994317,0.994317,0,0.987703,0.987703,0,0.903436,0.3,0.115385,69,0.96497,0.3,0.982145,0.0289855,0.0289855,19,0,15.39,11.1343,4.94825,7.71,33.43,119.93,-26.6266,31.778,366.82,272.74,107.94,-30.1216,25.8965,230.61,439.72
neuromorpho__241-3-23LU.swc,381,pyramidal,0.993954,0,260,120,0,0,0.328084,0.328084,0.086869,-0.0131234,-0.301837,0.314961,0.314961,0,0.859343,0.240155,0.3,0.3,0.3,0.916477,0.987703,0.152231,0.152231,0.152231,0.165354,0.2021,0,0,0,0.876611,0.3,0.146154,0.820756,0.3,0.166667,50,0.901025,0.3,0.80465,0.08,0.1,22.1,0.00333333,0,0,0,0,0,158.25,-4.53606,26.0439,289.7,562.3,131.66,-10.5225,23.8799,210.45,378.72
neuromorpho__241-3-26LU.swc,318,pyramidal,0.993763,56,187,74,0,0,0,0,0,0,0,0,0,0,0.706134,0.255051,0.3,0.3,0.3,0.500306,0.813025,0.172956,0.415094,0.415094,0.487421,0.663522,0.820822,0.813025,0,0.706912,0.3,0.540107,0.613405,0.3,0.418919,45,0.798465,0.3,0.506107,0.266667,0.422222,17.2,0,81.5,-41.0068,17.351,151.79,246.15,123.29,-14.2439,25.8163,346.59,506.48,59.77,-15.7178,15.6611,328.72,246.49
neuromorpho__241-3-31LU.swc,563,pyramidal,0.989876,5,376,181,0,0,0,0,0.0025807,0,0,0,0,0,0.795174,0.304859,0.3,0.3,0.3,0.3,0.987681,0.273535,0.273535,0.273535,0.282416,0.294849,0.779474,0.779474,0,0.888069,0.3,0.140957,0.6015,0.3,0.558011,53,0.844568,0.3,0.3,0.188679,0.245283,27.6,0,12.04,5.62,4.59053,46.51,18.27,128.13,-16.0709,25.4371,413.09,795.07,108.56,-8.26961,26.3349,710.48,586.08
neuromorpho__241-3-33LU.swc,665,pyramidal,0.955353,50,496,118,0,0,0.461654,0.461654,0.0557567,-0.133835,-0.043609,0.177444,0.177444,0,0.679883,0.309179,0.3,0.3,0.3,0.3,0.821134,0.383459,0.383459,0.421053,0.457143,0.621053,0.527693,0.3,0.62,0.675236,0.3,0.445565,0.761187,0.3,0.237288,45,0.848056,0.3,0.532268,0.244444,0.311111,39.6,0,34.35,8.167,10.6563,69.6,461.52,139.33,0.92004,24.2783,612.44,1023.61,125.42,-15.1621,23.499,338.71,498.33
neuromorpho__241-3-38LU.swc,255,pyramidal,0.955418,0,153,101,0,0,0,0,0,0,0,0,0,0,0.921008,0.200188,0.3,0.3,0.981148,0.982145,0.987693,0.0941176,0.0941176,0.0941176,0.0941176,0.0941176,0,0,0,0.951528,0.985298,0.0522876,0.873993,0.3,0.158416,39,0.966605,0.3,0.963704,0.025641,0.0512821,16.4,0,0,0,0,0,0,105.11,-4.42,23.8796,64.07,337.28,88.52,9.60089,15.8532,74.02,438.89
neuromorpho__241-3-43LU.swc,701,pyramidal,0.99318,3,563,134,0,0,0,0,0.00871153,0,0,0,0,0,0.863982,0.26049,0.3,0.3,0.3,0.982145,0.987703,0.175464,0.175464,0.175464,0.175464,0.175464,0.955912,0.955912,0,0.866632,0.3,0.172291,0.849774,0.3,0.19403,74,0.949137,0.3,0.805046,0.0405405,0.0945946,24.8,0,4.5,-2.46333,1.8534,43.25,17.2,126.05,-21.1375,29.6332,657.98,642.61,120.85,-5.60366,22.4287,579.31,289.22
neuromorpho__241-3-47VN.swc,363,pyramidal,0.993365,5,207,150,0,0,0,0,0,0,0,0,0,0,0.973704,0.0828738,0.3,0.982145,0.982145,0.982145,0.987703,0.0137741,0.0137741,0.0137741,0.0247934,0.0247934,0.994317,0.994317,0,0.98344,0.987703,0,0.959407,0.982145,0.0333333,59,0.979263,0.3,0.982145,0,0.0169492,14,0,10.41,-7.942,3.71091,18.6,7.41,131.77,-23.7927,33.5574,364.9,341.92,122.32,-24.0472,30.309,360.08,317.46
neuromorpho__242-1-12VN.swc,398,pyramidal,0.991925,2,268,127,0,0,0,0,0,0,0,0,0,0,0.955162,0.139905,0.3,0.981639,0.981687,0.982145,0.987703,0.0427136,0.0427136,0.0477387,0.0477387,0.0477387,0.698217,0.698217,1,0.964578,0.987703,0.0335821,0.938984,0.981639,0.0629921,59,0.952395,0.3,0.969337,0.0508475,0.0508475,15,0,0.95,-1.375,0.475,3.48,1.46,130.41,20.3299,28.5659,420.38,345.73,118.14,31.4598,25.5097,458.68,387.61
neuromorpho__242-1-2VN.swc,264,pyramidal,0.983594,0,215,48,0,0,0,0,0,0,0,0,0,0,0.9095,0.164973,0.3,0.623562,0.657272,0.987703,0.987703,0.030303,0.030303,0.204545,0.204545,0.204545,0,0,0,0.968511,0.987703,0.027907,0.643295,0.623562,1,31,0.884646,0.3,0.657272,0.290323,0.290323,22,0,0,0,0,0,0,125.12,-2.80298,29.2444,357.46,336.22,73.48,-4.9275,17.2066,108.81,363.48
neuromorpho__242-1-3VN.swc,299,pyramidal,0.994052,4,201,93,0,0,0,0,0,0,0,0,0,0,0.931146,0.186473,0.3,0.3,0.982145,0.982145,0.987703,0.0802676,0.0802676,0.0802676,0.0802676,0.0802676,0.994343,0.994343,0,0.950068,0.987703,0.0547264,0.886791,0.3,0.139785,36,0.969557,0.3,0.982145,0.0277778,0.0277778,20.5,0,11.45,6.9,4.24937,3.67,29.44,98.57,-7.08453,24.1832,292.79,229.93,121.18,-15.2567,30.4633,232.39,419.98
neuromorpho__242-1-9VN.swc,343,pyramidal,0.992593,7,243,92,0,0,0,0,0,0,0,0,0,0,0.952477,0.149023,0.3,0.982145,0.982145,0.982145,0.987703,0.0495627,0.0495627,0.0495627,0.0495627,0.0495627,0.994317,0.994317,0,0.970723,0.987703,0.0246914,0.900584,0.3,0.119565,46,0.975982,0.3,0.982145,0,0.0217391,16.5,0,16.51,8.66286,6.01442,5.6,39.17,124.84,-24.5556,36.8501,300.15,243.94,78.03,-18.3821,17.1989,282.2,488.87
neuromorpho__242-2-15VN.swc,354,pyramidal,0.976946,187,84,82,0,0,0,0,0,0,0,0,0,0,0.63674,0.260368,0.3,0.3,0.3,0.50289,0.536048,0.20904,0.658192,0.666667,0.666667,0.666667,0.505189,0.495429,1,0.823964,0.3,0.238095,0.740519,0.3,0.353659,33,0.678918,0.3,0.495429,0.69697,0.69697,24.4,0,127.83,-18.5083,29.1424,338.97,415.73,116.08,-30.5169,29.4316,226.12,346.67,64.89,-9.64902,19.1139,99.59,542.4
neuromorpho__242-2-18VN.swc,200,pyramidal,0.993973,69,74,56,0,0,0,0,0.00228404,0,0,0,0,0,0.804297,0.21655,0.3,0.495429,0.495429,0.553376,0.945595,0.19,0.34,0.345,0.345,0.385,0.51203,0.495429,1,0.967244,0.874113,0,0.945595,0.945595,0,47,0.80901,0.3,0.495429,0.319149,0.319149,10,0.00333333,135.54,32.873,30.6011,220.54,212.81,137,7.39005,29.3831,238.3,92.49,91.85,23.2758,22.9195,80.03,381.9
neuromorpho__242-2-1VN.swc,1060,pyramidal,0.995139,16,631,412,0,0,0,0,0,0,0,0,0,0,0.881809,0.243217,0.3,0.3,0.3,0.981639,0.987703,0.148113,0.148113,0.148113,0.148113,0.163208,0.84621,0.84621,0,0.950092,0.987703,0.0538827,0.778326,0.3,0.298544,89,0.956119,0.3,0.961847,0.0337079,0.0561798,29.4,0,67.49,-24.2438,22.2901,60.52,28.48,137.53,-7.93455,29.6963,488.19,494.24,122.19,1.84235,23.4963,356.75,590.99
neuromorpho__242-2-23VN.swc,97,pyramidal,0.996482,5,43,48,0,0,0.226804,0.226804,0.0339802,-0.123711,0.123711,0,0,0,0.935527,0.097056,0.3,0.798637,0.808358,0.865563,0.982145,0.0103093,0.0103093,0.0103093,0.103093,0.268041,0.814838,0.814838,0,0.911922,0.798637,0,0.967902,0.982145,0.0208333,33,0.94937,0.3,0.84412,0,0.0606061,5,0,8.11,9.402,2.96241,55.36,18.7,94.25,-13.4842,18.3916,190.47,112.35,60.46,-10.8596,12.6093,104.6,402.99
neuromorpho__242-2-24VN.swc,63,pyramidal,0.922152,33,4,25,0,0,0.396825,0.396825,0.0469671,0,-0.396825,0.396825,0.396825,0,0.651882,0.172213,0.3,0.3,0.3,0.5432,0.680789,0.126984,0.31746,0.555556,0.920635,0.952381,0.616208,0.3,0.636364,0.813939,0.644302,0.5,0.659117,0.53305,0.48,25,0.649076,0.3,0.53305,0.76,0.88,3,0,72.27,28.9742,18.5145,164.69,343,12.7,2.1925,4.52646,20.1,18.61,61.17,11.7676,20.9298,134.69,277.36
neuromorpho__242-2-27VN.swc,370,pyramidal,0.992603,4,365,0,0,0,0,0,0,0,0,0,0,0,0.951674,0.151702,0.3,0.588123,0.983576,0.987703,0.987703,0.0513514,0.0513514,0.0513514,0.0513514,0.0513514,0.940273,0.940273,0,0.951666,0.983576,0.0520548,0,0,0,40,0.975785,0.3,0.98296,0,0.025,22,0,16,-13.1175,6.39394,8.06,10.75,135.67,-4.69542,25.8503,288.08,410.91,0,0,0,0,0
neuromorpho__242-2-29VN.swc,837,pyramidal,0.988338,57,582,197,0,0,0,0,0,0,0,0,0,0,0.977389,0.0633248,0.3,0.940273,0.981639,0.982145,0.987703,0.0083632,0.0083632,0.0083632,0.0083632,0.0083632,0.940273,0.940273,0,0.980614,0.987703,0.0103093,0.978488,0.981639,0.00507614,104,0.981298,0.3,0.981639,0,0,19.7,0,17.08,3.95561,3.64123,196.31,309.31,137.75,-1.89966,32.1944,435.79,320.91,125.91,-2.07579,25.0903,454.07,237.15
neuromorpho__242-2-31VN.swc,899,pyramidal,0.993845,46,578,274,0,0,0,0,0,0,0,0,0,0,0.777408,0.272468,0.3,0.3,0.3,0.642173,0.982145,0.204672,0.243604,0.384872,0.39822,0.429366,0.878354,0.84621,0,0.807712,0.3,0.399654,0.695722,0.3,0.419708,83,0.803976,0.3,0.3,0.325301,0.373494,28,0,48.11,-24.9024,14.2943,150.05,174.74,130.13,24.3305,26.0378,479.24,371.33,84.55,28.5494,15.7284,234.94,1153.02
neuromorpho__242-2-33LU.swc,704,pyramidal,0.995971,9,313,381,0,0,0,0,0,0,0,0,0,0,0.965617,0.111002,0.3,0.982145,0.982145,0.982145,0.982145,0.0269886,0.0269886,0.0269886,0.0269886,0.0269886,0.940273,0.940273,0,0.965732,0.987703,0.0319489,0.966031,0.982145,0.023622,89,0.980192,0.3,0.982145,0,0,23,0,19.95,12.7833,5.41216,18.68,49.48,134.15,0.341789,27.8697,398.14,236.21,122.53,-1.21486,28.0889,383.06,677.66
neuromorpho__242-2-36LU.swc,497,pyramidal,0.980609,5,379,112,0,0,0,0,0,0,0,0,0,0,0.972739,0.0964335,0.3,0.982145,0.982145,0.987703,0.987703,0.0201207,0.0201207,0.0201207,0.0201207,0.0201207,0.994405,0.994405,0,0.975002,0.987703,0.0184697,0.963873,0.982145,0.0267857,65,0.98316,0.3,0.982145,0,0,20.6,0,0.9,0.75,0.324469,35.9,1.03,121.14,-16.4045,31.2721,150.65,431.58,102.23,-17.5787,27.1651,469.62,253.6
neuromorpho__242-2-3VN.swc,733,pyramidal,0.99121,8,607,117,0,0,0,0,0,0,0,0,0,0,0.76033,0.285618,0.3,0.3,0.3,0.531815,0.981658,0.195089,0.401091,0.401091,0.401091,0.401091,0.994317,0.994317,0,0.786029,0.3,0.378913,0.608956,0.3,0.547009,50,0.833027,0.3,0.526548,0.28,0.34,38.1,0,6.44,6.61125,2.03742,11.69,59.16,164.86,-45.5174,30.7535,450.69,790.16,101.68,-26.8649,30.589,213.45,562.02
neuromorpho__242-2-5VN.swc,735,pyramidal,0.995837,0,446,288,0,0,0,0,0,0,0,0,0,0,0.977189,0.0754482,0.3,0.982145,0.982145,0.982145,0.987703,0.0122449,0.0122449,0.0122449,0.0122449,0.0122449,0,0,0,0.987703,0.987703,0,0.960828,0.982145,0.03125,93,0.983831,0.3,0.982145,0,0,19.6,0,0,0,0,0,0,128.24,9.51504,30.2671,316.85,247.12,124.43,13.3962,32.8384,172.97,445.52
neuromorpho__242-3-1-AW.swc,319,pyramidal,0.991748,25,204,89,0,0,0,0,0,0,0,0,0,0,0.969547,0.0627263,0.3,0.779146,0.982145,0.982145,0.987703,0.0031348,0.0031348,0.0031348,0.0564263,0.0815047,0.802834,0.779146,0,0.984332,0.987703,0.00490196,0.982145,0.982145,0,43,0.974595,0.3,0.982145,0,0.0232558,17,0,23.62,10.3692,8.00302,89.13,117.94,112.14,11.0004,23.5428,295.32,245.96,83.58,-1.76315,19.1957,185.87,209.13
neuromorpho__242-3-11-AW.swc,630,pyramidal,0.995279,0,355,274,0,0,0.00793651,0.00793651,0.00169865,-0.00793651,0.00793651,0,0,0,0.979372,0.0571857,0.3,0.982145,0.982145,0.982145,0.987703,0.00634921,0.00634921,0.00634921,0.0142857,0.0142857,0,0,0,0.98486,0.987703,0,0.972187,0.982145,0.0145985,108,0.981948,0.3,0.982145,0,0.00925926,14,0,0,0,0,0,0,118.73,-20.1841,27.6349,362.04,216.17,118.38,-7.39602,26.6344,326.58,485.89
neuromorpho__242-3-12-AW.swc,459,pyramidal,0.954603,0,280,178,0,0,0,0,0,0,0,0,0,0,0.976645,0.0779226,0.3,0.982145,0.982145,0.982145,0.987703,0.0130719,0.0130719,0.0130719,0.0130719,0.0130719,0,0,0,0.987703,0.987703,0,0.959118,0.981687,0.0337079,67,0.982915,0.3,0.982145,0,0,16.8,0,0,0,0,0,0,119.84,24.275,28.8737,217.05,380.7,98.76,20.1761,22.6319,495.02,311.52
neuromorpho__242-3-13-AW.swc,525,pyramidal,0.988574,211,313,0,0,0,0,0,0.00111082,0,0,0,0,0,0.795385,0.131061,0.3,0.637756,0.637756,0.674026,0.770555,0.00380952,0.00380952,0.262857,0.660952,0.727619,0.768811,0.743389,0.014218,0.812646,0.637756,0.43131,0,0,0,69,0.792985,0.3,0.664542,0.217391,0.695652,17.4,0,135.23,-3.72488,32.4696,196.99,351.07,129.48,-9.86102,22.7412,305.42,286.2,0,0,0,0,0
neuromorpho__242-3-15LU.swc,389,pyramidal,0.991326,10,204,174,0,0,0,0,0,0,0,0,0,0,0.96236,0.112443,0.3,0.860542,0.982145,0.982145,0.987703,0.0257069,0.0257069,0.0257069,0.0514139,0.0514139,0.779474,0.779474,0,0.987703,0.987703,0,0.942941,0.982145,0.0574713,50,0.977532,0.3,0.982145,0,0.02,19,0,9.57,4.78,3.25029,4.61,35.06,122.44,-16.856,27.383,244.21,164.49,97.03,-23.0313,22.3882,140.77,540.34
neuromorpho__242-3-16LU.swc,844,pyramidal,0.991214,219,471,153,0,0,0,0,0.0159021,0,0,0,0,0,0.97017,0.0953066,0.3,0.95368,0.981639,0.987126,0.987703,0.0177725,0.0225118,0.0225118,0.0225118,0.0402844,0.987126,0.987126,0,0.978397,0.987703,0.0169851,0.920381,0.892753,0.0718954,77,0.971133,0.3,0.961414,0.025974,0.025974,27.4,0,112.42,-0.0734247,20.2861,107.87,468.87,122.88,-14.2821,30.4494,265.1,298.87,119.69,-25.3303,23.7337,182.45,418.97
neuromorpho__242-3-17LU.swc,417,pyramidal,0.99493,32,204,180,0,0,0,0,0,0,0,0,0,0,0.892838,0.228995,0.3,0.3,0.3,0.982145,0.982145,0.129496,0.129496,0.129496,0.129496,0.129496,0.900256,0.940273,0.0625,0.919351,0.940273,0.0980392,0.860875,0.3,0.177778,42,0.933358,0.3,0.779295,0.0714286,0.119048,30.6,0,14.64,5.92406,5.71162,22.48,205.43,117.19,-7.3025,36.3181,89.48,530.35,68.52,25.2163,13.7107,232.46,382.37
neuromorpho__242-3-19LU.swc,554,pyramidal,0.992374,8,239,306,0,0,0,0,0,0,0,0,0,0,0.8932,0.229135,0.3,0.3,0.3,0.981639,0.982145,0.120939,0.138989,0.138989,0.138989,0.138989,0.994317,0.994317,0,0.90129,0.504153,0.138075,0.88389,0.3,0.143791,60,0.955243,0.3,0.968467,0.05,0.0666667,25,0,15.43,8.21875,4.29083,76.8,10.28,108.54,-6.70854,30.4364,212.32,599.09,109.22,-0.981569,23.7087,329.05,630.26
neuromorpho__242-3-4-AW.swc,659,pyramidal,0.994441,16,421,221,0,0,0,0,0,0,0,0,0,0,0.950807,0.15182,0.3,0.3,0.982145,0.982145,0.987703,0.0515933,0.0515933,0.0515933,0.0515933,0.0515933,0.994317,0.994317,0,0.984436,0.987703,0.00475059,0.883373,0.3,0.144796,83,0.950594,0.3,0.982145,0.0481928,0.0481928,17,0,13.38,-2.94437,4.84234,5.67,116.8,129.07,-1.82314,35.1243,320.88,286.31,118.93,2.5329,28.3436,255.24,476.05
neuromorpho__242-3-7-AW.swc,322,pyramidal,0.986066,14,185,122,0,0,0,0,0,0,0,0,0,0,0.985923,0.00330268,0.982145,0.982145,0.982145,0.982145,0.987703,0,0,0,0,0,0.994317,0.994317,0,0.987703,0.987703,0,0.982145,0.982145,0,47,0.985859,0.982145,0.982145,0,0,15.4,0,13.2,0.197857,3.54226,12.85,110.51,95.29,6.71903,18.6935,312.8,235.54,85.77,11.0452,18.8841,136.79,319.84
neuromorpho__243-2-10VN.swc,125,pyramidal,0.991211,25,92,7,0,0,0,0,0,0,0,0,0,0,0.863255,0.211496,0.3,0.490271,0.557758,0.623562,0.987681,0.088,0.2,0.256,0.256,0.256,0.486553,0.3,1,0.982498,0.968414,0,0.621879,0.620617,1,36,0.850451,0.3,0.490271,0.277778,0.277778,6.5,0,22.94,13.2324,5.78637,116.02,262.34,118.2,13.3583,26.0425,158.02,292.95,34.58,-28.9286,10.413,34.31,16.1
neuromorpho__243-2-11VN.swc,453,pyramidal,0.994046,6,356,90,0,0,0,0,0,0,0,0,0,0,0.973,0.0958516,0.3,0.981639,0.981646,0.987703,0.987703,0.0198675,0.0198675,0.0198675,0.0198675,0.0198675,0.994317,0.994317,0,0.970317,0.987703,0.0252809,0.981892,0.981639,0,70,0.983439,0.3,0.981639,0,0,12.2,0,1.97,1.58167,0.638473,16.21,61.07,129.72,8.0284,33.518,320,394.46,108.42,-7.12256,26.6374,133.46,453.21
neuromorpho__243-2-18VN.swc,452,pyramidal,0.992323,7,360,84,0,0,0,0,0,0,0,0,0,0,0.979322,0.0652953,0.3,0.982145,0.982145,0.987703,0.987703,0.00884956,0.00884956,0.00884956,0.00884956,0.0154867,0.962665,0.962665,0,0.984614,0.987703,0.00277778,0.957783,0.982145,0.0357143,65,0.981663,0.3,0.982145,0,0,15.6,0,8.78,-4.46429,2.85833,38.86,9.22,130.11,-16.0007,30.1712,488.01,418.15,109.1,-17.0793,22.8855,362.23,217.25
neuromorpho__243-2-25VN.swc,169,pyramidal,0.995918,12,81,75,0,0,0,0,0,0,0,0,0,0,0.952245,0.12005,0.3,0.84621,0.940273,0.982145,0.982145,0.0295858,0.0295858,0.0295858,0.0473373,0.0828402,0.940273,0.940273,0,0.959448,0.84621,0.0123457,0.945745,0.982145,0.0533333,30,0.965742,0.3,0.930867,0,0.0333333,15.2,-0.00333333,35.06,-14.7442,11.3992,85.23,93.43,76.45,16.0228,23.4098,271.58,233.99,81.61,8.96173,14.7344,193.27,399.32
neuromorpho__243-2-26VN.swc,310,pyramidal,0.994781,20,181,108,0,0,0,0,0,0,0,0,0,0,0.945602,0.11097,0.3,0.814838,0.814838,0.982145,0.982145,0.016129,0.0290323,0.0290323,0.0290323,0.158065,0.956353,0.956353,0,0.922309,0.814838,0.0497238,0.982145,0.982145,0,50,0.961977,0.3,0.946837,0.02,0.02,13,0,50.77,24.133,14.2383,107.05,68.52,116.49,8.25414,27.9523,397.46,286.98,75.12,9.89731,17.9197,266.73,539.4
neuromorpho__243-2-9VN.swc,119,pyramidal,0.991253,33,48,37,0,0,0,0,0.0110527,0,0,0,0,0,0.867352,0.149246,0.571824,0.579551,0.637182,0.770503,0.968414,0,0.0840336,0.201681,0.361345,0.403361,0.672006,0.579551,0.636364,0.91052,0.715587,0.0625,0.981993,0.981602,0,36,0.899974,0.571824,0.706902,0.111111,0.25,7.5,0,103.59,29.6818,31.3911,120.59,189.18,124.67,41.6858,35.3271,178.87,115.31,37.23,23.6576,10.473,125.51,162.94
neuromorpho__243-3-10VN.swc,501,pyramidal,0.989627,12,409,79,0,0,0,0,0.0363292,0,0,0,0,0,0.982217,0.0156471,0.924675,0.934669,0.982145,0.987703,0.987703,0,0,0,0,0,0.994317,0.994317,0,0.981837,0.937571,0,0.982121,0.982145,0,73,0.981726,0.924675,0.981845,0,0,14.8,0,13.94,-7.3525,3.97776,90.12,25.3,136.84,-8.96804,36.4933,290.06,431.58,100.9,-5.26722,20.9947,318.79,187.47
neuromorpho__243-3-12VN.swc,564,pyramidal,0.99614,9,365,189,0,0,0,0,0,0,0,0,0,0,0.950842,0.151555,0.3,0.402246,0.982039,0.982145,0.987703,0.0514184,0.0514184,0.0514184,0.0514184,0.0514184,0.994317,0.994317,0,0.982051,0.987703,0.00821918,0.88824,0.3,0.137566,70,0.962633,0.3,0.982004,0.0285714,0.0285714,17,0,10.55,0.301111,3.31865,14.35,89.54,121.71,41.5896,26.6875,380.23,348.93,114.43,28.9612,26.3178,290.67,622.59
neuromorpho__243-3-20VN.swc,615,pyramidal,0.983656,10,445,159,0,0,0,0,0,0,0,0,0,0,0.967402,0.11256,0.3,0.982145,0.982145,0.982145,0.987703,0.0276423,0.0276423,0.0276423,0.0276423,0.0276423,0.994343,0.994343,0,0.966054,0.987693,0.0314607,0.969274,0.982145,0.0188679,73,0.980678,0.3,0.982145,0,0,19,0,15.27,-10.382,4.75657,57.5,30.57,135.19,-25.9517,35.856,349.88,412.67,110.1,-17.5482,24.1874,566.75,247.37
neuromorpho__243-3-23VN.swc,527,pyramidal,0.988687,0,340,186,0,0,0,0,0,0,0,0,0,0,0.97792,0.0728037,0.3,0.981641,0.981687,0.982145,0.987703,0.0113852,0.0113852,0.0113852,0.0113852,0.0113852,0,0,0,0.983658,0.987703,0.00588235,0.967314,0.981639,0.0215054,57,0.983769,0.3,0.981687,0,0,19.8,0,0,0,0,0,0,128.23,15.8519,31.4086,274.15,245.96,120.08,15.223,20.3335,287.48,483.74
neuromorpho__243-3-28VN.swc,609,pyramidal,0.994742,27,357,224,0,0,0,0,0,0,0,0,0,0,0.793182,0.302488,0.3,0.3,0.3,0.3,0.987703,0.270936,0.270936,0.270936,0.270936,0.310345,0.757634,0.608903,0.111111,0.948102,0.987703,0.0560224,0.549639,0.3,0.633929,58,0.830076,0.3,0.3,0.206897,0.241379,27,0,95.71,56.2641,31.396,22.28,161.14,134.32,31.8841,24.9913,302.84,369.11,137.64,43.6713,28.4775,252.39,1029.67
neuromorpho__243-3-33VN.swc,217,pyramidal,0.995044,7,154,55,0,0,0,0,0,0,0,0,0,0,0.972673,0.0922333,0.3,0.981639,0.98166,0.981687,0.9841,0.0184332,0.0184332,0.0184332,0.0184332,0.0184332,0.994317,0.994317,0,0.97715,0.983977,0.012987,0.956885,0.981639,0.0363636,39,0.980837,0.3,0.981639,0,0,13,0,5.51,-3.39571,1.70843,41.69,10.83,127.5,6.36448,31.2985,191.82,391.36,102.47,-1.95836,24.4887,289.41,232.76
neuromorpho__243-3-37-AW.swc,449,pyramidal,0.988339,213,159,76,0,0,0,0,0,0,0,0,0,0,0.72647,0.190152,0.504059,0.528443,0.578275,0.587573,0.593936,0,0.507795,0.643653,0.643653,0.643653,0.583502,0.528443,1,0.979622,0.987703,0,0.593936,0.593936,1,55,0.72098,0.504059,0.551916,0.654545,0.654545,19,0,92.17,-9.73146,20.4425,267.06,155.54,82.91,0.925786,18.7749,142.98,108.27,82.26,-13.788,21.0005,133.82,109.3
neuromorpho__243-3-47LU.swc,101,pyramidal,0.995181,5,65,30,0,0,0,0,0,0,0,0,0,0,0.804539,0.225932,0.3,0.3,0.571824,0.599074,0.945595,0.0891089,0.316832,0.356436,0.356436,0.405941,0.84621,0.84621,0,0.83596,0.3,0.261538,0.723,0.575102,0.633333,29,0.868496,0.3,0.591155,0.241379,0.275862,5,0,8.39,-5.454,3.23059,23.83,31.98,109.49,-4.89108,28.0065,133.33,296.08,43.13,3.95667,10.6217,133.06,116.44
neuromorpho__243-3-52LU.swc,680,pyramidal,0.989658,84,595,0,0,0,0,0,0.0244542,0,0,0,0,0,0.832228,0.177621,0.3,0.492013,0.510747,0.731019,0.906286,0.0735294,0.154412,0.204412,0.401471,0.491176,0.509501,0.492013,1,0.877507,0.709615,0.092437,0,0,0,91,0.821882,0.3,0.521375,0.230769,0.43956,16,0,36.11,17.0732,7.9777,227.03,99.61,108.12,-11.6606,21.2084,200.19,330.83,0,0,0,0,0
neuromorpho__243-3-5VN.swc,303,pyramidal,0.983837,5,238,59,0,0,0,0,0,0,0,0,0,0,0.943857,0.166552,0.3,0.3,0.982145,0.987703,0.987703,0.0627063,0.0627063,0.0627063,0.0627063,0.0627063,0.994317,0.994317,0,0.967477,0.987703,0.0294118,0.843352,0.3,0.20339,28,0.969253,0.3,0.968722,0.0357143,0.0357143,23.3,0.00333333,4.55,3.95067,1.56019,34.49,10.32,144.95,29.6646,27.4609,300.92,364.97,81.26,20.7936,20.5225,405.32,138.7
neuromorpho__243-3-6VN.swc,562,pyramidal,0.990309,0,307,254,0,0,0,0,0,0,0,0,0,0,0.931741,0.18414,0.3,0.3,0.982145,0.982145,0.987703,0.0782918,0.0782918,0.0782918,0.0782918,0.0782918,0,0,0,0.987583,0.987703,0,0.863978,0.3,0.173228,81,0.948418,0.3,0.982145,0.0493827,0.0617284,16,0,0,0,0,0,0,180.21,33.4501,36.9547,226.1,434.22,116.06,9.81319,24.4909,686.98,314.28
neuromorpho__25-11-14-B2.swc,10059,interneuron,0.995836,7457,2601,0,0,0,0,0,0,0,0,0,0,0,0.998465,0.00477233,0.980369,0.980369,0.999555,0.999666,0.999757,0,0,0,0,0,0.998046,0.999555,0,0.999666,0.999666,0,0,0,0,131,0.999573,0.980369,0.999666,0,0,159,-5,56,6.45438,16.267,130.12,275.7,49.3714,-20.9332,15.479,30.387,130.24,0,0,0,0,0
neuromorpho__25o_pyramidal18aFI.swc,752,interneuron,0.47471,0,751,0,0,0,0,0,0,0,0,0,0,0,0.776023,0.273067,0.3,0.3,0.3,0.914658,0.936788,0.24734,0.24734,0.24734,0.24734,0.24734,0,0,0,0.775725,0.3,0.24767,0,0,0,16,0.892501,0.3,0.717947,0.125,0.1875,142,-3.64,0,0,0,0,0,116.73,-12.0834,27.5759,407,283.93,0,0,0,0,0
neuromorpho__26-11-14-A-A6.swc,10306,interneuron,0.988335,3249,7056,0,0,0,0,0,0,0,0,0,0,0,0.993913,0.0547261,0.3,0.980369,0.999555,0.999666,0.999666,0.00611294,0.00611294,0.00611294,0.00611294,0.00611294,0.981418,0.972519,0.0193906,0.999666,0.999666,0,0,0,0,169,0.997771,0.3,0.999644,0,0,139.4,1,56.48,-31.3553,13.5452,76.06,363.48,49,-19.2495,11.9697,54.29,233.06,0,0,0,0,0
neuromorpho__26-2-15-C.swc,16762,interneuron,0.995076,15651,1110,0,0,0,0,0,0,0,0,0,0,0,0.706603,0.340482,0.3,0.3,0.3,0.3,0.972519,0.412003,0.412003,0.412003,0.412003,0.412003,0.6858,0.3,0.44125,0.999666,0.999666,0,0,0,0,155,0.829392,0.3,0.3,0.23871,0.23871,269.8,-0.5,135.51,-11.6035,23.3579,126.81,652.46,33.47,2.11989,6.43341,44.33,159.69,0,0,0,0,0
neuromorpho__260314RF2_3m.swc,537,interneuron,0.85892,0,536,0,0,0,0,0,0,0,0,0,0,0,0.967378,0.141387,0.3,0.971335,0.971335,0.999666,0.999666,0.0428305,0.0428305,0.0428305,0.0428305,0.0428305,0,0,0,0.967317,0.971335,0.0429104,0,0,0,50,0.967109,0.3,0.996833,0.04,0.04,23.1,0,0,0,0,0,0,82.19,17.3411,19.213,271.62,588.41,0,0,0,0,0
neuromorpho__268_On_C.swc,8677,interneuron,0.994182,6657,2019,0,0,0,0,0,0,0,0,0,0,0,0.87391,0.267167,0.3,0.3,0.3,0.999666,0.999757,0.178057,0.178057,0.178057,0.178057,0.178057,0.914577,0.3,0.119423,0.73976,0.3,0.371471,0,0,0,437,0.935907,0.3,0.910131,0.0915332,0.0938215,46,5.09,346.53,-8.28024,58.7507,714.94,1165.92,449.99,28.6387,105.294,497.79,554.07,0,0,0,0,0
neuromorpho__28_15.swc,2036,pyramidal,0.989972,0,2035,0,0,0,0,0,0,0,0,0,0,0,0.987709,0.000272455,0.987703,0.987703,0.987703,0.987703,0.987703,0,0,0,0,0,0,0,0,0.987703,0.987703,0,0,0,0,92,0.987837,0.987703,0.987703,0,0,45,0,0,0,0,0,0,0.13,0.0204865,0.0284542,102.24,87.84,0,0,0,0,0
neuromorpho__28_den_ax.swc,83384,pyramidal,0.984064,79251,4132,0,0,0,0,0,0.000360852,0,0,0,0,0,0.569525,0.337421,0.3,0.3,0.3,0.3,0.3,0.610057,0.610057,0.610057,0.611748,0.614279,0.547717,0.3,0.641872,0.987703,0.987703,0,0,0,0,909,0.748044,0.3,0.3,0.349835,0.358636,244.4,0,2783.53,-1143.88,1006.19,2770.51,1920.99,196.4,26.119,38.2734,335.86,341.9,0,0,0,0,0
neuromorpho__2_55.swc,90,pyramidal,0.659869,38,51,0,0,0,0,0,0,0,0,0,0,0,0.967814,0.0235781,0.940273,0.940273,0.940273,0.940273,0.987703,0,0,0,0,0,0.940273,0.940273,0,0.987703,0.987703,0,0,0,0,13,0.985001,0.940273,0.987703,0,0,11.8,0,0,0,0,5.67,90.8,15.11,1.39373,3.05773,94.73,65.64,0,0,0,0,0
neuromorpho__2d.swc,652,pyramidal,0.801307,0,376,275,0,0,0.421779,0.421779,0.0970548,0,-0.421779,0.421779,0.421779,0,0.853583,0.138274,0.508019,0.641647,0.642173,0.742945,0.914062,0,0.041411,0.122699,0.407975,0.473926,0,0,0,0.961037,0.906987,0,0.706133,0.641647,0.290909,25,0.839325,0.508019,0.664219,0.16,0.4,61,0,0,0,0,0,0,42.18,15.7432,10.6038,166.47,158.78,50.97,18.6365,13.9451,174.61,89.19
neuromorpho__3-ENU2-treated-neuron2.swc,312,pyramidal,0.976786,0,311,0,0,0,0,0,0,0,0,0,0,0,0.949441,0.104586,0.545853,0.748252,0.748252,0.987703,0.987703,0,0.0320513,0.0448718,0.128205,0.128205,0,0,0,0.949279,0.748252,0.0450161,0,0,0,37,0.960799,0.545853,0.987703,0.0540541,0.0810811,19,0,0,0,0,0,0,83.28,-1.92672,14.3834,142.17,202.59,0,0,0,0,0
neuromorpho__3-ENU2-treated-neuron2_2.swc,1047,pyramidal,0.956969,28,522,496,0,0,0,0,0,0,0,0,0,0,0.983344,0.00967569,0.902038,0.981639,0.981639,0.982145,0.982145,0,0,0,0,0,0.955912,0.955912,0,0.986043,0.987693,0,0.982019,0.981639,0,66,0.983213,0.902038,0.981639,0,0,29.5,0,8.93,7.02286,2.59175,77.86,63.85,60.29,7.22916,11.9847,264.74,194.11,63.04,0.493024,12.4576,182.25,310.32
neuromorpho__3-wild-type-veichle-neuron1_2.swc,852,pyramidal,0.779709,49,314,488,0,0,0,0,0,0,0,0,0,0,0.965112,0.0686383,0.611724,0.814838,0.982145,0.982145,0.982145,0,0,0.0246479,0.0246479,0.0821596,0.814838,0.814838,0,0.96198,0.983576,0.066879,0.982145,0.982145,0,33,0.967782,0.611724,0.982145,0.030303,0.030303,47.2,0,12.1,5.19551,2.87603,72.64,13.08,39.29,2.91124,7.21429,135.04,135.86,37.47,-5.17416,8.77409,147.95,185.93
neuromorpho__3-wild-type-veichle-neuron3_2.swc,703,pyramidal,0.889936,16,466,220,0,0,0,0,0,0,0,0,0,0,0.969607,0.0360293,0.77083,0.945595,0.945595,0.945595,0.987703,0,0,0,0.0227596,0.0227596,0.77083,0.77083,0,0.987703,0.987703,0,0.945595,0.945595,0,31,0.968879,0.77083,0.945595,0,0.0322581,49,0.00333333,7.07,0.942917,2.05503,1.93,24.17,51.43,-3.5114,11.2934,215.74,197.84,56.87,-6.7437,12.7128,90.81,153.77
neuromorpho__3079_20140429-x1-25.swc,5561,interneuron,0.956082,3836,1724,0,0,0,0,0,0,0,0,0,0,0,0.976041,0.12612,0.3,0.999555,0.999666,0.999666,0.999757,0.033627,0.033627,0.033627,0.033627,0.033627,0.999526,0.999757,0,0.923774,0.3,0.108469,0,0,0,171,0.988096,0.3,0.999666,0.0116959,0.0175439,67,0,196.9,-25.184,40.2405,355.29,442.79,140.23,-25.5517,34.2879,175.33,475.16,0,0,0,0,0
neuromorpho__3084_20140527-x1-25.swc,7851,interneuron,0.987323,6449,1401,0,0,0,0,0,0,0,0,0,0,0,0.995612,0.0528368,0.3,0.999666,0.999666,0.999757,0.999757,0.00573175,0.00573175,0.00573175,0.00573175,0.00573175,0.996032,0.999757,0.00511707,0.993673,0.999666,0.00856531,0,0,0,280,0.998821,0.3,0.999757,0,0,60.1,0,252.36,27.9971,48.005,326.12,287.65,199.42,7.74057,37.0308,195.64,258.37,0,0,0,0,0
neuromorpho__30_12.swc,1694,pyramidal,0.981819,0,1693,0,0,0,0,0,0,0,0,0,0,0,0.9877,0.000332418,0.985703,0.987703,0.987703,0.987703,0.987703,0,0,0,0,0,0,0,0,0.987693,0.987703,0,0,0,0,141,0.987776,0.985703,0.987703,0,0,27,0,0,0,0,0,0,0.12,-0.00199055,0.0122533,120,95.29,0,0,0,0,0
neuromorpho__30_13.swc,3551,pyramidal,0.994151,0,3550,0,0,0,0,0,0,0,0,0,0,0,0.987707,0.000206326,0.987703,0.987703,0.987703,0.987703,0.987703,0,0,0,0,0,0,0,0,0.987703,0.987703,0,0,0,0,210,0.987762,0.987703,0.987703,0,0,31.1,0,0,0,0,0,0,0,0,0,73.42,115.11,0,0,0,0,0
neuromorpho__30_den_ax.swc,122122,pyramidal,0.994907,117497,4624,0,0,0,0,0,7.34344e-05,0,0,0,0,0,0.491707,0.305596,0.3,0.3,0.3,0.3,0.3,0.708193,0.729566,0.73244,0.732571,0.73348,0.483084,0.3,0.736155,0.710706,0.532059,0.638192,0,0,0,1009,0.593545,0.3,0.3,0.599604,0.60555,310,0,2873.89,-972.85,752.366,2531.77,3560.61,168.19,25.2413,30.1719,226.23,405.23,0,0,0,0,0
neuromorpho__31991_cell11.swc,921,pyramidal,0.99001,27,551,342,0,0,0,0,0,0,0,0,0,0,0.98583,0.00310214,0.981639,0.982145,0.982145,0.982145,0.987703,0,0,0,0,0,0.994343,0.994343,0,0.987703,0.987703,0,0.982098,0.982145,0,116,0.985706,0.981639,0.982145,0,0,20.5,0,9.7,-9.6337,3.78235,43.56,150.83,100.63,-12.6601,24.509,305.42,191.82,105.9,-22.9113,20.5283,303.29,248.12
neuromorpho__31991_cell5.swc,621,pyramidal,0.992052,23,335,262,0,0,0,0,0,0,0,0,0,0,0.97954,0.0323009,0.687643,0.981419,0.981639,0.982145,0.987703,0,0,0.00966184,0.00966184,0.00966184,0.910368,0.902038,0,0.982329,0.987703,0.0179104,0.981968,0.981639,0,82,0.978917,0.687643,0.981639,0.0121951,0.0121951,14.9,0,5.81,4.52435,1.49796,13.16,106.64,93.02,-15.6923,22.4401,215.42,140.65,85.43,-15.605,20.5202,195.79,339.08
neuromorpho__32221_cell1.swc,1232,pyramidal,0.985614,22,686,523,0,0,0,0,0.00668278,0,0,0,0,0,0.931571,0.106693,0.519075,0.651124,0.72029,0.945595,0.987703,0,0.0137987,0.0746753,0.143669,0.146104,0.994343,0.994343,0,0.987703,0.987703,0,0.855172,0.651124,0.175908,80,0.92812,0.519075,0.71799,0.1,0.125,38.2,0,17.19,24.6305,6.66198,3.15,85.87,101.29,-3.66631,22.3722,272.44,236.76,80.95,-2.45356,18.5895,214.09,302.42
neuromorpho__32221_cell11.swc,1418,pyramidal,0.994772,12,757,648,0,0,0,0,0,0,0,0,0,0,0.985228,0.00290992,0.982145,0.982145,0.982145,0.982145,0.987703,0,0,0,0,0,0.994317,0.994317,0,0.987703,0.987703,0,0.982145,0.982145,0,128,0.985028,0.982145,0.982145,0,0,29.3,0,24.21,14.79,7.07286,4.34,60.78,130.77,-15.3398,31.2117,300.04,162.01,138.29,-33.0372,35.4323,281.31,333.82
neuromorpho__32221_cell2.swc,938,pyramidal,0.991175,439,498,0,0,0,0,0,0,0,0,0,0,0,0.975811,0.0218146,0.861193,0.970458,0.970458,0.970458,0.98396,0,0,0,0,0.0298507,0.970458,0.970458,0,0.98048,0.987703,0,0,0,0,111,0.977965,0.861193,0.970458,0,0,21,0,126.2,-24.9234,28.3811,242.26,250.49,108.13,-4.13667,24.3456,275.09,159.98,0,0,0,0,0
neuromorpho__32221_cell7.swc,2194,pyramidal,0.992158,0,1349,844,0,0,0,0,0,0,0,0,0,0,0.984947,0.0208678,0.3,0.982145,0.982145,0.982145,0.987703,0.000911577,0.000911577,0.000911577,0.000911577,0.000911577,0,0,0,0.987703,0.987703,0,0.980524,0.982145,0.00236967,199,0.985347,0.3,0.982145,0,0,29,0,0,0,0,0,0,157.73,10.5047,39.3753,329.06,245.04,161.03,-15.5326,41.2703,340.14,375.07
neuromorpho__32315V1-4Slice5Cell2.swc,1002,pyramidal,0.964929,0,438,563,0,0,0,0,0,0,0,0,0,0,0.957361,0.134072,0.3,0.982145,0.982145,0.982145,0.982145,0.0399202,0.0399202,0.0399202,0.0399202,0.0399202,0,0,0,0.987703,0.987703,0,0.93368,0.982145,0.071048,92,0.965408,0.3,0.982145,0.0217391,0.0434783,25,0,0,0,0,0,0,52.52,12.0913,9.00603,266.57,164.97,66.92,11.1314,10.967,267.72,575.3
neuromorpho__32368_slide1_cell1.swc,1681,pyramidal,0.988629,30,1177,473,0,0,0,0,0,0,0,0,0,0,0.982123,0.0476371,0.3,0.982145,0.982145,0.982145,0.987703,0.00475907,0.00475907,0.00475907,0.00475907,0.00475907,0.940273,0.940273,0,0.983165,0.987703,0.00679694,0.982145,0.982145,0,91,0.984511,0.3,0.982145,0,0,46,0,26.17,-7.79233,6.65568,89.16,9.43,112.98,-23.9351,25.4578,306.98,325.22,108.04,-24.4622,25.6581,188.2,305.87
neuromorpho__32_13.swc,2823,pyramidal,0.762379,0,2822,0,0,0,0,0,0,0,0,0,0,0,0.987706,0.000244107,0.983576,0.987703,0.987703,0.987703,0.987703,0,0,0,0,0,0,0,0,0.987702,0.987703,0,0,0,0,253,0.987736,0.983576,0.987703,0,0,24,0,0,0,0,0,0,5.65,-1.53288,1.10064,110.54,107.69,0,0,0,0,0
neuromorpho__34--In-vivo-NPY-4-weeks.swc,5482,interneuron,0.553412,0,5481,0,0,0,0,0,0,0,0,0,0,0,0.725707,0.258714,0.3,0.3,0.3,0.3,0.808965,0.259942,0.259942,0.259942,0.259942,0.631521,0,0,0,0.725657,0.3,0.259989,0,0,0,95,0.749715,0.3,0.3,0.210526,0.252632,169.6,0,0,0,0,0,0,40.27,10.4754,9.08158,484.81,692.51,0,0,0,0,0
neuromorpho__340_1a.swc,1158,interneuron,0.964194,0,1157,0,0,0,0,0,0,0,0,0,0,0,0.957407,0.132907,0.3,0.971335,0.971335,0.971335,0.971335,0.0388601,0.0388601,0.0388601,0.0388601,0.0388601,0,0,0,0.95737,0.971335,0.0388937,0,0,0,92,0.964275,0.3,0.971335,0.0217391,0.0326087,31.9,0,0,0,0,0,0,172.26,34.1003,32.1886,360.21,413.07,0,0,0,0,0
neuromorpho__340_1b.swc,2693,interneuron,0.992886,2175,517,0,0,0,0,0,0,0,0,0,0,0,0.791153,0.319589,0.3,0.3,0.3,0.3,0.999757,0.297438,0.297438,0.297438,0.297438,0.297438,0.882713,0.3,0.166437,0.405559,0.3,0.84913,0,0,0,209,0.840383,0.3,0.3,0.22488,0.23445,30,0,294.88,-69.6024,56.2927,309.92,497.21,99.56,12.3979,19.2799,219.59,169.08,0,0,0,0,0
neuromorpho__343_2b.swc,3717,interneuron,0.996718,2772,944,0,0,0,0,0,0,0,0,0,0,0,0.984498,0.0923636,0.3,0.969809,0.980369,0.999666,0.999757,0.0177563,0.0177563,0.0177563,0.0177563,0.0177563,0.979579,0.980046,0.0234488,0.998925,0.999666,0.00105932,0,0,0,288,0.982433,0.3,0.980369,0.0208333,0.0208333,28.3,0.00333333,133.87,13.4023,20.435,522.76,555.18,58.46,-0.784774,12.9979,199.4,265.17,0,0,0,0,0
neuromorpho__35_den_ax.swc,126678,pyramidal,0.994819,121036,2708,2933,0,0,0,0,0.000439771,0,0,0,0,0,0.3925,0.229602,0.3,0.3,0.3,0.3,0.3,0.855413,0.855413,0.876585,0.879356,0.879387,0.372611,0.3,0.895006,0.981354,0.987703,0.00923191,0.669381,0.615933,0.917491,1076,0.467183,0.3,0.3,0.780669,0.786245,328.5,0,3046.95,-590.91,933.04,1828.55,2846.4,155.24,3.43391,27.2069,235.4,271.67,144.99,43.1682,26.8627,277.08,400.01
neuromorpho__37112_slide1_cell11.swc,1089,pyramidal,0.989966,44,695,349,0,0,0,0,0,0,0,0,0,0,0.985572,0.0210143,0.3,0.982145,0.982145,0.982145,0.987703,0.000918274,0.000918274,0.000918274,0.000918274,0.000918274,0.994405,0.994405,0,0.986714,0.987703,0.00143885,0.982145,0.982145,0,83,0.985944,0.3,0.982145,0,0,32.8,0,9,-3.07818,3.24112,14.33,117.66,96.2,-15.7708,22.3935,279.04,293.9,126.69,-21.9701,27.1781,208.71,269.28
neuromorpho__37_9.swc,3549,pyramidal,0.986209,0,3548,0,0,0,0,0,0,0,0,0,0,0,0.987707,0.000206384,0.987703,0.987703,0.987703,0.987703,0.987703,0,0,0,0,0,0,0,0,0.987703,0.987703,0,0,0,0,218,0.98776,0.987703,0.987703,0,0,35.3,0,0,0,0,0,0,0.61,-0.00107666,0.019324,123.44,119.29,0,0,0,0,0
neuromorpho__389-01-02.swc,672,pyramidal,0.874945,31,133,507,0,0,0,0,0,0,0,0,0,0,0.975695,0.0329881,0.770503,0.981148,0.981148,0.981148,0.981446,0,0,0,0.0133929,0.046131,0.831127,0.770503,0,0.987569,0.987703,0,0.981372,0.981148,0,51,0.967324,0.770503,0.981148,0,0.0392157,27,0,22,9,6.64297,40.95,22.23,33,-2.71429,6.85244,80.63,85.9,53,18.0414,13.4411,125.54,257.74
neuromorpho__389-01-05.swc,1021,interneuron,0.772681,0,1020,0,0,0,0,0,0,0,0,0,0,0,0.940693,0.114305,0.3,0.908046,0.908046,0.933333,0.971335,0.0284035,0.0284035,0.0284035,0.0284035,0.0284035,0,0,0,0.940635,0.908046,0.0284314,0,0,0,43,0.960156,0.3,0.908046,0,0,54.2,0,0,0,0,0,0,180,58.3685,44.6256,273.92,317.45,0,0,0,0,0
neuromorpho__389-02-04.swc,819,interneuron,0.636025,0,818,0,0,0,0,0,0,0,0,0,0,0,0.868801,0.113079,0.3,0.823039,0.823039,0.823039,0.941818,0.028083,0.028083,0.028083,0.028083,0.492063,0,0,0,0.868641,0.823039,0.0281174,0,0,0,48,0.875078,0.3,0.823039,0.0208333,0.0416667,39.6,0,0,0,0,0,0,74,32.0073,17.5583,457.91,316.25,0,0,0,0,0
neuromorpho__38_7.swc,1556,pyramidal,0.986123,11,1544,0,0,0,0,0,0,0,0,0,0,0,0.986586,0.013339,0.828544,0.987703,0.987703,0.987703,0.987703,0,0,0,0,0.00706941,0.828544,0.828544,0,0.987703,0.987703,0,0,0,0,132,0.986591,0.828544,0.987703,0,0,23.9,0,0,0,0,1.28,2.19,0,0,0,117.88,114.62,0,0,0,0,0
neuromorpho__38a.swc,4279,pyramidal,0.776347,4278,0,0,0,0,0,0,0,0,0,0,0,0,0.58451,0.0607095,0.3,0.494259,0.494259,0.532059,0.595624,0.108437,0.567656,0.958635,0.999766,0.999766,0.584413,0.494259,0.958859,0,0,0,0,0,0,22,0.612336,0.3,0.520356,0.863636,0.954545,407.4,0,75.87,36.0558,17.5025,228.44,201.11,0,0,0,0,0,0,0,0,0,0
neuromorpho__391-04.swc,1233,interneuron,0.372449,0,1232,0,0,0,0,0,0,0,0,0,0,0,0.892758,0.154603,0.3,0.3,0.913033,0.913033,0.941917,0.0632603,0.0632603,0.0632603,0.0632603,0.0632603,0,0,0,0.892671,0.913033,0.0633117,0,0,0,45,0.924533,0.3,0.913033,0.0222222,0.0222222,66.2,0,0,0,0,0,0,70,13.3588,15.5336,410.09,376.83,0,0,0,0,0
neuromorpho__39_7.swc,1788,pyramidal,0.976208,10,1777,0,0,0,0,0,0,0,0,0,0,0,0.985567,0.0254449,0.659702,0.987703,0.987703,0.987703,0.987703,0,0,0.00559284,0.00559284,0.00727069,0.659702,0.659702,1,0.987393,0.987703,0,0,0,0,94,0.982462,0.659702,0.987703,0.0106383,0.0106383,33.4,0,0,0,0,1.28,0.55,0.02,0.00214969,0.00619457,104.26,114.4,0,0,0,0,0
neuromorpho__39_8.swc,4587,pyramidal,0.99142,0,4586,0,0,0,0,0,0,0,0,0,0,0,0.987689,0.000339951,0.982831,0.987703,0.987703,0.987703,0.987703,0,0,0,0,0,0,0,0,0.987686,0.987703,0,0,0,0,265,0.987731,0.982831,0.987703,0,0,35,0,0,0,0,0,0,0.12,0.000815526,0.0104286,117.17,108.91,0,0,0,0,0
neuromorpho__3PO2_4.swc,1790,pyramidal,0.922826,99,628,1062,0,0,0,0,0,0,0,0,0,0,0.925915,0.188045,0.3,0.3,0.955912,0.981148,0.981639,0.0826816,0.0826816,0.0826816,0.0826816,0.0826816,0.955912,0.955912,0,0.987703,0.987703,0,0.886512,0.3,0.13936,22,0.96998,0.3,0.955912,0,0.0454545,170.1,0,0,0,0,34.47,36.6,0,0,0,93.54,200.76,0,0,0,86.35,544.57
neuromorpho__3PO3_1.swc,1709,pyramidal,0.991837,0,1708,0,0,0,0,0,0,0,0,0,0,0,0.98771,0.000297367,0.987703,0.987703,0.987703,0.987703,0.987703,0,0,0,0,0,0,0,0,0.987703,0.987703,0,0,0,0,35,0.988055,0.987703,0.987703,0,0,93.2,0,0,0,0,0,0,0,0,0,287.4,281.1,0,0,0,0,0
neuromorpho__3_den_ax.swc,92297,pyramidal,0.979575,90863,1433,0,0,0,0,0,0,0,0,0,0,0,0.321094,0.118732,0.3,0.3,0.3,0.3,0.3,0.969262,0.969522,0.969566,0.969566,0.969576,0.310634,0.3,0.984779,0.983864,0.987703,0.00558269,0,0,0,1331,0.379449,0.3,0.3,0.883546,0.887303,198,0,7597.12,302.387,2126.75,4149.19,5334.19,246.01,32.1849,37.9959,352.49,368.84,0,0,0,0,0
neuromorpho__3a_3_1.swc,1407,interneuron,0.414147,0,1406,0,0,0,0,0,0,0,0,0,0,0,0.86494,0.199017,0.3,0.3,0.3,0.935656,0.935656,0.110163,0.110163,0.110163,0.110163,0.110163,0,0,0,0.864844,0.3,0.110242,0,0,0,41,0.87147,0.3,0.910763,0.097561,0.097561,71,0,0,0,0,0,0,131.32,-9.48217,26.4663,256.47,391.97,0,0,0,0,0
neuromorpho__3d_2.swc,3779,pyramidal,0.961735,0,2225,1553,0,0,0,0,0,0,0,0,0,0,0.956734,0.137212,0.3,0.981639,0.981639,0.982145,0.987681,0.04181,0.04181,0.04181,0.04181,0.04181,0,0,0,0.966064,0.987681,0.0314607,0.943339,0.981639,0.0566645,92,0.962632,0.3,0.981197,0.0217391,0.0326087,101.8,0,0,0,0,0,0,263.8,13.5393,44.7151,297.4,176.66,173.66,38.4113,31.2127,310.33,293.76
neuromorpho__46-Neurone-2.swc,708,pyramidal,0.936254,195,512,0,0,0,0,0,0,0,0,0,0,0,0.871959,0.189022,0.553118,0.553118,0.568611,0.568611,0.987703,0,0.275424,0.275424,0.275424,0.275424,0.565433,0.553118,1,0.988452,0.987703,0,0,0,0,40,0.871764,0.553118,0.568611,0.275,0.275,36.5,0,51.29,-6.28426,12.3805,146.79,132.78,51.29,0.906484,12.5447,230.27,265.4,0,0,0,0,0
neuromorpho__464R.swc,730,interneuron,0.95231,708,21,0,0,0,0,0,0,0,0,0,0,0,0.349033,0.177073,0.3,0.3,0.3,0.3,0.3,0.928767,0.928767,0.928767,0.928767,0.928767,0.328815,0.3,0.957627,0.999666,0.999666,0,0,0,0,39,0.388116,0.3,0.3,0.871795,0.871795,47.2,0,541.68,-5.40384,161.568,296.6,384.65,20.81,6.62952,8.08515,16.51,61.28,0,0,0,0,0
neuromorpho__4_54.swc,4396,pyramidal,0.990913,0,4395,0,0,0,0,0,0,0,0,0,0,0,0.987705,0.000185498,0.987681,0.987693,0.987693,0.987703,0.987703,0,0,0,0,0,0,0,0,0.987702,0.987693,0,0,0,0,259,0.987749,0.987681,0.987693,0,0,36,0,0,0,0,0,0,0,0,0,57.56,117.3,0,0,0,0,0
neuromorpho__4_J2a.swc,3050,interneuron,0.992793,2501,548,0,0,0,0,0,0,0,0,0,0,0,0.988171,0.0871069,0.3,0.999555,0.999666,0.999757,0.999757,0.0157377,0.0157377,0.0157377,0.0157377,0.0157377,0.987606,0.999757,0.0163934,0.990729,0.999666,0.0127737,0,0,0,218,0.996611,0.3,0.999666,0.00458716,0.00458716,30,0,188.88,39.897,29.8371,634.91,466.97,95.95,3.12299,17.6079,191,384.93,0,0,0,0,0
neuromorpho__4_J3.swc,4799,interneuron,0.96123,3402,1396,0,0,0,0,0,0,0,0,0,0,0,0.878339,0.264678,0.3,0.3,0.3,0.999666,0.999757,0.173161,0.173161,0.173161,0.173161,0.173161,0.933611,0.969809,0.0940623,0.743556,0.3,0.366046,0,0,0,237,0.923638,0.3,0.659587,0.105485,0.109705,51.8,-0.00333333,94.94,2.34685,13.0777,466.27,553.61,65.91,-10.776,14.4394,386.47,414.59,0,0,0,0,0
neuromorpho__4_den_ax.swc,80857,pyramidal,0.996456,79354,1502,0,0,0,0,0,0.000141303,0,0,0,0,0,0.3651,0.20178,0.3,0.3,0.3,0.3,0.3,0.905636,0.905636,0.905636,0.905673,0.906984,0.353307,0.3,0.922789,0.987701,0.987681,0,0,0,0,2104,0.447705,0.3,0.3,0.785171,0.787072,113,0,6193.61,-275.753,1761.09,4473.82,3277.18,258.3,-0.31235,38.0525,267.9,376.24,0,0,0,0,0
neuromorpho__4a_3.swc,1775,pyramidal,0.850178,0,1774,0,0,0,0,0,0,0,0,0,0,0,0.977637,0.0826212,0.3,0.987703,0.987703,0.987703,0.987703,0.0146479,0.0146479,0.0146479,0.0146479,0.0146479,0,0,0,0.977624,0.987703,0.0146561,0,0,0,35,0.984883,0.3,0.987703,0,0,129,0,0,0,0,0,0,97.24,-6.53481,17.2358,265.58,451.38,0,0,0,0,0
neuromorpho__4c_1.swc,1783,interneuron,0.789134,0,1782,0,0,0,0,0,0,0,0,0,0,0,0.941149,0.183513,0.3,0.3,0.933333,0.999666,0.999666,0.0751542,0.0751542,0.0751542,0.0751542,0.0751542,0,0,0,0.941116,0.933333,0.0751964,0,0,0,27,0.984492,0.3,0.971335,0,0.037037,143.4,0,0,0,0,0,0,52.79,10.8937,9.78851,155.1,312.96,0,0,0,0,0
neuromorpho__5-27-11cell1-nonFS-BC.swc,6376,interneuron,0.975173,2112,4263,0,0,0,0,0,0,0,0,0,0,0,0.900203,0.234744,0.3,0.3,0.3,0.969809,0.999666,0.132371,0.132371,0.132371,0.132371,0.132371,0.941561,0.969809,0.0535038,0.879691,0.3,0.171475,0,0,0,107,0.960049,0.3,0.969809,0.0373832,0.046729,122,0,151.99,-52.9603,35.0425,372.07,362.91,189.99,-53.6291,48.4826,517.06,498.32,0,0,0,0,0
neuromorpho__53-Neurone2.swc,411,pyramidal,0.788702,51,265,94,0,0,0.22871,0.22871,0.0682713,0,-0.22871,0.22871,0.22871,0,0.955198,0.0514728,0.849716,0.859316,0.863232,0.955912,0.987703,0,0,0,0,0.22871,0.955912,0.955912,0,0.987703,0.987703,0,0.862697,0.85923,0,34,0.961439,0.849716,0.863297,0,0,29,0,3,-1.96745,1.19397,43.07,117.22,32.97,-6.23309,9.43688,188.19,149.63,28.17,-6.32426,8.40149,133.8,118.77
neuromorpho__536_4_C4.swc,54002,interneuron,0.98089,46372,7629,0,0,0,0,0,0,0,0,0,0,0,0.832122,0.298363,0.3,0.3,0.3,0.999555,0.999757,0.239176,0.239176,0.239176,0.239176,0.239176,0.848898,0.3,0.215151,0.730126,0.3,0.385241,0,0,0,1484,0.88349,0.3,0.3,0.16442,0.169137,94.7,0,61.56,9.7771,13.3259,1384.4,1207.36,59.32,5.48612,12.1106,974.41,1198.76,0,0,0,0,0
neuromorpho__536_4_C7.swc,52983,interneuron,0.982081,20267,32715,0,0,0,0,0,0,0,0,0,0,0,0.875012,0.261266,0.3,0.3,0.3,0.971335,0.999666,0.170885,0.170885,0.170885,0.170885,0.170885,0.893571,0.3,0.151428,0.863512,0.3,0.182944,0,0,0,1351,0.927803,0.3,0.799827,0.0925241,0.100666,103,0,59,12.2022,13.2993,1144.26,961.1,59,10.7405,13.9006,1307.8,1492.04,0,0,0,0,0
neuromorpho__554-1-R4.swc,593,pyramidal,0.982126,4,285,303,0,0,0,0,0.105322,0,0,0,0,0,0.970281,0.0296075,0.758902,0.927834,0.928984,0.940593,0.982145,0,0,0,0.00674536,0.00674536,0.758902,0.758902,0,0.987703,0.987703,0,0.956586,0.927834,0,35,0.971555,0.758902,0.930783,0,0.0285714,44.6,0,3.84,-0.8175,1.52786,1.75,3.77,52.04,-25.8416,11.8041,147.51,87.65,55.31,-20.7002,13.2972,102.16,124.38
neuromorpho__554-1R6.swc,1536,pyramidal,0.980352,0,1535,0,0,0,0,0,0,0,0,0,0,0,0.88825,0.166937,0.48363,0.490828,0.492253,0.803357,0.987703,0.121094,0.123047,0.123047,0.223958,0.322266,0,0,0,0.888177,0.49222,0.123127,0,0,0,76,0.85746,0.48363,0.497711,0.144737,0.302632,59,0,0,0,0,0,0,77.88,-29.6463,18.5266,196.71,257.12,0,0,0,0,0
neuromorpho__554-2-L3.swc,1623,pyramidal,0.941957,44,1578,0,0,0,0,0,0,0,0,0,0,0,0.982721,0.0260462,0.84621,0.987015,0.987681,0.987693,0.987703,0,0,0,0,0.0351201,0.84621,0.84621,0,0.986517,0.987681,0,0,0,0,62,0.983322,0.84621,0.987681,0,0,54.9,0,4.76,3.18318,0.764472,24.68,49.24,87.88,28.3609,18.4323,281.24,255.03,0,0,0,0,0
neuromorpho__557-2-L2.swc,1275,pyramidal,0.93193,360,914,0,0,0,0,0,0,0,0,0,0,0,0.932302,0.0883622,0.771905,0.777023,0.777023,0.804021,0.987703,0,0,0,0.170196,0.282353,0.791856,0.77223,0,0.987546,0.987703,0,0,0,0,65,0.936246,0.771905,0.789792,0,0.2,49.4,0,43.94,-4.61431,13.9164,148.42,172.08,48.52,-8.91721,11.7694,261.4,257.48,0,0,0,0,0
neuromorpho__558-2-R3.swc,1456,pyramidal,0.820589,463,992,0,0,0,0,0,0,0,0,0,0,0,0.892902,0.134359,0.646258,0.651655,0.687057,0.72567,0.987703,0,0,0.177198,0.317995,0.317995,0.699697,0.646258,0.557235,0.98297,0.987703,0,0,0,0,88,0.924679,0.646258,0.700297,0.102273,0.215909,38,0,79.05,1.09594,17.5531,140.08,198.07,81.23,7.70351,20.5781,192.78,137.37,0,0,0,0,0
neuromorpho__560-1-L3.swc,1217,pyramidal,0.900993,94,686,436,0,0,0.358258,0.358258,0.0844931,0,-0.358258,0.358258,0.358258,0,0.926764,0.0760098,0.691235,0.816314,0.842383,0.853952,0.987703,0,0,0.0205423,0.0295809,0.408381,0.84621,0.84621,0,0.987546,0.987703,0,0.84833,0.816314,0.0573394,69,0.942981,0.691235,0.830593,0.0289855,0.057971,39.6,0,19.34,-12.3173,5.65058,15.05,119.24,58.78,1.35603,14.5561,163.92,163.4,57.96,-5.92846,13.0679,101.22,173.65
neuromorpho__560-3-R1.swc,1348,pyramidal,0.928381,0,1347,0,0,0,0,0,0,0,0,0,0,0,0.987712,0.00033481,0.987681,0.987703,0.987703,0.987703,0.987703,0,0,0,0,0,0,0,0,0.987703,0.987703,0,0,0,0,74,0.987868,0.987681,0.987696,0,0,45.4,0,0,0,0,0,0,92.05,31.7008,17.0827,173.42,251.18,0,0,0,0,0
neuromorpho__560-4-L2.swc,1141,interneuron,0.384591,0,1140,0,0,0,0,0,0,0,0,0,0,0,0.93106,0.0129164,0.907364,0.907364,0.907364,0.936739,0.937346,0,0,0,0,0,0,0,0,0.930999,0.907364,0,0,0,0,58,0.930654,0.907364,0.907364,0,0,51.3,0,0,0,0,0,0,67.12,4.16342,14.6479,212.55,289.31,0,0,0,0,0
neuromorpho__5Ht3aCre-SABI-010518S1-v1.swc,7198,interneuron,0.986975,4629,2568,0,0,0,0,0,0,0,0,0,0,0,0.968999,0.0881691,0.3,0.969809,0.969809,0.969809,0.969809,0.0166713,0.0166713,0.0166713,0.0166713,0.0166713,0.96895,0.969809,0.00302441,0.969076,0.994705,0.0412773,0,0,0,138,0.967923,0.3,0.969809,0.0144928,0.0144928,134,0,184.43,36.6594,36.3254,275.02,317.19,150.97,26.1211,32.5772,177.57,280.56,0,0,0,0,0
neuromorpho__5Ht3aCre-SABI-010518S2D-v1.swc,5217,interneuron,0.872993,3261,1955,0,0,0,0,0,0,0,0,0,0,0,0.883263,0.248491,0.3,0.3,0.3,0.969809,0.999555,0.152578,0.152578,0.152961,0.157178,0.157178,0.832402,0.3,0.219258,0.968041,0.994705,0.0424552,0,0,0,155,0.921877,0.3,0.799376,0.0967742,0.103226,76,-0.0166667,215.95,-16.5547,47.4169,298.96,638.05,149.88,23.3958,32.8082,233.2,336.43,0,0,0,0,0
neuromorpho__5_47.swc,1954,pyramidal,0.976509,0,1953,0,0,0,0,0,0,0,0,0,0,0,0.987709,0.000278116,0.987681,0.987703,0.987703,0.987703,0.987703,0,0,0,0,0,0,0,0,0.987703,0.987703,0,0,0,0,131,0.987797,0.987681,0.987703,0,0,32,0,0,0,0,0,0,0,0,0,112.64,131.2,0,0,0,0,0
neuromorpho__5_49.swc,969,pyramidal,0.985656,0,968,0,0,0,0,0,0,0,0,0,0,0,0.987598,0.000761249,0.984018,0.987703,0.987703,0.987703,0.987703,0,0,0,0,0,0,0,0,0.987585,0.987703,0,0,0,0,66,0.987834,0.984018,0.987703,0,0,31.5,0,0,0,0,0,0,0,0,0,43.62,111.26,0,0,0,0,0
neuromorpho__5_J1b.swc,4335,interneuron,0.996304,3395,939,0,0,0,0,0,0,0,0,0,0,0,0.549754,0.334958,0.3,0.3,0.3,0.3,0.3,0.642676,0.642676,0.642676,0.642676,0.642676,0.425184,0.3,0.820619,0.999666,0.999666,0,0,0,0,236,0.536633,0.3,0.3,0.661017,0.661017,42.5,0,76.37,16.0895,18.5792,653.87,234.04,53.35,-1.95709,13.1656,264.75,429.18,0,0,0,0,0
neuromorpho__6-Som-3d-trace-B.swc,7252,interneuron,0.87732,0,7251,0,0,0,0,0,0,0,0,0,0,0,0.933482,0.20476,0.3,0.3,0.999666,0.999666,0.999666,0.0945946,0.0945946,0.0945946,0.0945946,0.0945946,0,0,0,0.933472,0.999666,0.0946076,0,0,0,49,0.982896,0.3,0.913775,0,0,483.8,0,0,0,0,0,0,54.74,4.01917,11.3533,300.93,414.67,0,0,0,0,0
neuromorpho__60L4_03_-030.swc,151,interneuron,0.817165,0,150,0,0,0,0,0,0,0,0,0,0,0,0.994682,0.0104649,0.971335,0.971335,0.971335,0.999666,0.999666,0,0,0,0,0,0,0,0,0.994647,0.971335,0,0,0,0,18,0.994412,0.971335,0.971335,0,0,16.5,0,0,0,0,0,0,14.3,1.0428,2.71016,86.67,87.82,0,0,0,0,0
neuromorpho__60L4_03_-135.swc,279,pyramidal,0.752752,0,156,122,0,0,0.437276,0.437276,0.0479736,0,-0.437276,0.437276,0.437276,0,0.917899,0.0807865,0.790432,0.794821,0.795743,0.848479,0.987703,0,0,0,0.121864,0.437276,0,0,0,0.987703,0.987703,0,0.827969,0.794821,0,28,0.932379,0.790432,0.801844,0,0.107143,24.9,0,0,0,0,0,0,32.24,-5.59295,8.94105,122.35,162.27,23.86,-0.0494262,5.43442,97.64,186.48
neuromorpho__60L4_06_-105.swc,228,interneuron,0.975699,0,227,0,0,0,0,0,0,0,0,0,0,0,0.999668,2.20649e-05,0.999666,0.999666,0.999666,0.999666,0.999666,0,0,0,0,0,0,0,0,0.999666,0.999666,0,0,0,0,14,0.99969,0.999666,0.999666,0,0,37.8,0,0,0,0,0,0,18,1.67881,4.88715,60.46,152.26,0,0,0,0,0
neuromorpho__60R5_02_-540.swc,719,interneuron,0.924378,0,718,0,0,0,0,0,0,0,0,0,0,0,0.999667,1.24439e-05,0.999666,0.999666,0.999666,0.999666,0.999666,0,0,0,0,0,0,0,0,0.999666,0.999666,0,0,0,0,22,0.999681,0.999666,0.999666,0,0,67.7,0,0,0,0,0,0,26.8,0.207869,3.52424,62.99,113.46,0,0,0,0,0
neuromorpho__60R5_02_-615.swc,318,interneuron,0.942884,0,317,0,0,0,0,0,0,0,0,0,0,0,0.999667,1.8695e-05,0.999666,0.999666,0.999666,0.999666,0.999666,0,0,0,0,0,0,0,0,0.999666,0.999666,0,0,0,0,15,0.999688,0.999666,0.999666,0,0,32.2,0,0,0,0,0,0,33.95,-4.98549,9.71165,89.83,187.71,0,0,0,0,0
neuromorpho__60R5_02_-660.swc,674,interneuron,0.885354,0,673,0,0,0,0,0,0,0,0,0,0,0,0.999667,1.2852e-05,0.999666,0.999666,0.999666,0.999666,0.999666,0,0,0,0,0,0,0,0,0.999666,0.999666,0,0,0,0,25,0.999679,0.999666,0.999666,0,0,65,0,0,0,0,0,0,37.75,1.53257,5.69027,72.48,199.12,0,0,0,0,0
neuromorpho__60R5_03_-180.swc,676,interneuron,0.673713,0,675,0,0,0,0,0,0,0,0,0,0,0,0.999667,1.2833e-05,0.999666,0.999666,0.999666,0.999666,0.999666,0,0,0,0,0,0,0,0,0.999666,0.999666,0,0,0,0,24,0.99968,0.999666,0.999666,0,0,54.4,0,0,0,0,0,0,33.93,0.786,7.4239,109.04,231.9,0,0,0,0,0
neuromorpho__60R5_03_-480.swc,389,interneuron,0.780529,0,388,0,0,0,0,0,0,0,0,0,0,0,0.98328,0.0139912,0.971335,0.971335,0.971335,0.971335,0.971335,0,0,0,0,0,0,0,0,0.983237,0.971335,0,0,0,0,10,0.985534,0.971335,0.971335,0,0,69.8,0,0,0,0,0,0,28.48,-3.93399,5.88007,87.46,177.44,0,0,0,0,0
neuromorpho__60R5_04_-525.swc,701,interneuron,0.548168,0,700,0,0,0,0,0,0,0,0,0,0,0,0.906056,0.0367458,0.868795,0.868795,0.868795,0.868795,0.94161,0,0,0,0,0.492154,0,0,0,0.905921,0.868795,0,0,0,0,32,0.90949,0.868795,0.868795,0,0,42.8,0,0,0,0,0,0,29.4,-0.532871,5.11417,107.42,232.78,0,0,0,0,0
neuromorpho__614_4_C4.swc,14912,interneuron,0.991818,11,14900,0,0,0,0,0,0,0,0,0,0,0,0.852887,0.197238,0.3,0.3,0.759067,0.759067,0.999666,0.078125,0.078125,0.0788627,0.460569,0.460569,0.619835,0.619835,1,0.853049,0.759067,0.0781879,0,0,0,420,0.846601,0.3,0.759067,0.0404762,0.57381,87.6,0,0,-0.77,1.11022e-16,5.76,3.92,34.83,5.17709,7.19833,522.52,709.44,0,0,0,0,0
neuromorpho__621s2c5.swc,902,interneuron,0.690587,0,901,0,0,0,0,0,0,0,0,0,0,0,0.999666,1.11117e-05,0.999666,0.999666,0.999666,0.999666,0.999666,0,0,0,0,0,0,0,0,0.999666,0.999666,0,0,0,0,26,0.999679,0.999666,0.999666,0,0,78.5,0,0,0,0,0,0,31.6,-3.03013,6.21459,167.86,288.6,0,0,0,0,0
neuromorpho__6N1-5072019_TileScan-3_Merged_fcfc5a.swc,702,interneuron,0.992868,0,701,0,0,0,0,0,0,0,0,0,0,0,0.999667,1.25935e-05,0.999666,0.999666,0.999666,0.999666,0.999666,0,0,0,0,0,0,0,0,0.999666,0.999666,0,0,0,0,13,0.999692,0.999666,0.999666,0,0,123,0,0,0,0,0,0,10.97,2.08719,1.79594,41.33,125.46,0,0,0,0,0
neuromorpho__6N5DAT6-50717GFPwtb_013-FCON3mutTdt10a.swc,52,interneuron,0.79977,0,51,0,0,0,0,0,0,0,0,0,0,0,0.999673,4.58569e-05,0.999666,0.999666,0.999666,0.999666,0.999666,0,0,0,0,0,0,0,0,0.999666,0.999666,0,0,0,0,7,0.999714,0.999666,0.999666,0,0,11.8,0,0,0,0,0,0,16.95,2.33039,4.38156,11.1,64.97,0,0,0,0,0
neuromorpho__6N5DAT6-50717GFPwtb_013-FCON3mutTdt11a.swc,105,interneuron,0.508079,0,104,0,0,0,0,0,0,0,0,0,0,0,0.940191,0.00590552,0.939389,0.939389,0.939389,0.939389,0.939389,0,0,0,0,0,0,0,0,0.939616,0.939389,0,0,0,0,13,0.944233,0.939389,0.939389,0,0,12.6,0,0,0,0,0,0,12.97,-1.54288,3.61583,35.14,126.98,0,0,0,0,0
neuromorpho__6N5DAT6-50717GFPwtb_013-FCON3mutTdt18a.swc,94,interneuron,0.445979,0,93,0,0,0,0,0,0,0,0,0,0,0,0.936831,0.00853203,0.930943,0.930943,0.930943,0.930943,0.930943,0,0,0,0,0,0,0,0,0.936151,0.930943,0,0,0,0,17,0.939535,0.930943,0.930943,0,0,10.8,0,0,0,0,0,0,19.98,-0.476667,4.68994,30.59,140.53,0,0,0,0,0
neuromorpho__6N5DAT6-50717GFPwtb_013-FCON3mutTdt26a.swc,107,pyramidal,0.777987,0,106,0,0,0,0,0,0,0,0,0,0,0,0.978515,0.0420589,0.788626,0.987703,0.987703,0.987703,0.987703,0,0,0,0.046729,0.046729,0,0,0,0.978313,0.987703,0,0,0,0,21,0.978809,0.788626,0.987703,0,0.047619,9,0,0,0,0,0,0,17.95,2.41972,3.96119,38.74,147.61,0,0,0,0,0
neuromorpho__6N5DAT6-50717GFPwtb_013-FCON3mutTdt7a.swc,96,interneuron,0.641278,0,95,0,0,0,0,0,0,0,0,0,0,0,0.937703,0.00694433,0.934346,0.934346,0.934346,0.934346,0.937076,0,0,0,0,0,0,0,0,0.937047,0.934346,0,0,0,0,13,0.942336,0.934346,0.934346,0,0,18.4,0,0,0,0,0,0,11.97,4.56916,3.23507,17.15,238.79,0,0,0,0,0
neuromorpho__6N5DAT6-50717GFPwtb_013-GFPwt1a.swc,256,interneuron,0.947877,0,255,0,0,0,0,0,0,0,0,0,0,0,0.999667,2.08283e-05,0.999666,0.999666,0.999666,0.999666,0.999666,0,0,0,0,0,0,0,0,0.999666,0.999666,0,0,0,0,28,0.999678,0.999666,0.999666,0,0,20.5,0,0,0,0,0,0,17.97,3.4951,3.11148,69.76,174.97,0,0,0,0,0
neuromorpho__6N5DAT6-50717GFPwtb_013-GFPwt4a.swc,114,interneuron,0.746817,0,113,0,0,0,0,0,0,0,0,0,0,0,0.999669,3.11356e-05,0.999666,0.999666,0.999666,0.999666,0.999666,0,0,0,0,0,0,0,0,0.999666,0.999666,0,0,0,0,18,0.999685,0.999666,0.999666,0,0,13.6,0,0,0,0,0,0,9,1.46018,1.63499,37.01,56.56,0,0,0,0,0
neuromorpho__6N5DAT6-50717GFPwtb_013-GFPwt8a.swc,126,interneuron,0.761484,0,125,0,0,0,0,0,0,0,0,0,0,0,0.999669,2.96284e-05,0.999666,0.999666,0.999666,0.999666,0.999666,0,0,0,0,0,0,0,0,0.999666,0.999666,0,0,0,0,12,0.999694,0.999666,0.999666,0,0,22.2,0,0,0,0,0,0,16.96,-4.73944,3.20597,36.33,47.12,0,0,0,0,0
neuromorpho__6b_1.swc,367,interneuron,0.432893,0,366,0,0,0,0,0,0,0,0,0,0,0,0.919218,0.0171447,0.799837,0.921321,0.921321,0.921321,0.921321,0,0,0,0.0190736,0.0190736,0,0,0,0.918997,0.921321,0,0,0,0,11,0.91743,0.799837,0.921321,0,0.0909091,71,0,0,0,0,0,0,65.66,-12.3074,15.6203,81.21,115.71,0,0,0,0,0
neuromorpho__6d.swc,459,pyramidal,0.86195,218,28,212,0,0,0,0,0,0,0,0,0,0,0.721492,0.293482,0.3,0.3,0.3,0.3,0.945595,0.296296,0.296296,0.440087,0.464052,0.464052,0.698864,0.3,0.422018,0.644302,0.644302,1,0.75364,0.3,0.386792,14,0.843742,0.3,0.608118,0.285714,0.357143,68.2,0,151.72,16.3814,38.7569,37.89,184.94,2.18,6.82857,0.671585,19.98,18.26,167.55,16.0692,42.9676,173.5,41.99
neuromorpho__70R3_02_-630.swc,145,pyramidal,0.734926,0,144,0,0,0,0,0,0,0,0,0,0,0,0.80626,0.208601,0.503901,0.503901,0.540085,0.581111,0.985703,0,0.268966,0.434483,0.434483,0.434483,0,0,0,0.804915,0.540085,0.4375,0,0,0,22,0.781776,0.503901,0.546329,0.5,0.5,11,0,0,0,0,0,0,21.8,3.19861,5.15338,102.76,186.22,0,0,0,0,0
neuromorpho__70R3_03_-660.swc,158,interneuron,0.888013,0,157,0,0,0,0,0,0,0,0,0,0,0,0.999668,2.64799e-05,0.999666,0.999666,0.999666,0.999666,0.999666,0,0,0,0,0,0,0,0,0.999666,0.999666,0,0,0,0,16,0.999687,0.999666,0.999666,0,0,25,0,0,0,0,0,0,26.15,0.576752,6.24742,59.19,180.54,0,0,0,0,0
neuromorpho__72513V1-2Slice10Cell1.swc,1251,pyramidal,0.992488,0,810,440,0,0,0,0,0,0,0,0,0,0,0.974307,0.0881475,0.3,0.982145,0.982145,0.982145,0.987703,0.0167866,0.0167866,0.0167866,0.0167866,0.0167866,0,0,0,0.987703,0.987703,0,0.949588,0.982145,0.0477273,82,0.983114,0.3,0.982145,0,0.0121951,32.9,-0.915,0,0,0,0,0,104.03,-3.32872,22.4583,219.22,313.91,82.28,3.86957,16.3042,169.93,518.33
neuromorpho__72513V1-3Slice2Cell1.swc,1282,pyramidal,0.975041,0,917,364,0,0,0,0,0.0495438,0,0,0,0,0,0.935385,0.0955202,0.502242,0.868747,0.86941,0.931949,0.981148,0,0.0413417,0.0413417,0.0413417,0.195008,0,0,0,0.934109,0.868747,0.0577972,0.93842,0.931949,0,84,0.935927,0.502242,0.872511,0.047619,0.047619,33,0,0,0,0,0,0,74.03,0.490251,16.0459,256.06,385.03,88.05,-3.55967,16.3383,164.18,271
neuromorpho__72513V1-4Slice2Cell4.swc,1063,pyramidal,0.95883,0,540,522,0,0,0,0,0,0,0,0,0,0,0.982295,0.0420226,0.3,0.982145,0.982145,0.982145,0.985272,0.00376294,0.00376294,0.00376294,0.00376294,0.00376294,0,0,0,0.987465,0.987703,0,0.976914,0.982145,0.00766284,52,0.983563,0.3,0.982145,0,0,41,0,0,0,0,0,0,74.48,6.31739,13.9716,334.54,291.54,54.62,-3.48684,10.5285,265.52,547.61
neuromorpho__72513V1-4Slice3Cell1.swc,1487,pyramidal,0.9794,96,732,658,0,0,0,0,0,0,0,0,0,0,0.970184,0.0890638,0.3,0.940273,0.982145,0.982145,0.982145,0.0168124,0.0168124,0.0168124,0.0168124,0.0450572,0.754324,0.3,0.260417,0.987702,0.987703,0,0.982145,0.982145,0,102,0.981078,0.3,0.982145,0.00980392,0.00980392,29.8,0,38.06,-12.2644,7.42286,281.12,96.33,114.88,-4.75956,25.4211,274.68,214.91,98.66,-4.55897,17.9931,259.81,345.09
neuromorpho__72715-V1-5Slice4Cell1.swc,738,pyramidal,0.986697,0,737,0,0,0,0,0,0,0,0,0,0,0,0.976335,0.0869574,0.3,0.985272,0.987681,0.987681,0.987693,0.0162602,0.0162602,0.0162602,0.0162602,0.0162602,0,0,0,0.976303,0.987681,0.0162822,0,0,0,67,0.98457,0.3,0.984803,0,0,25.8,0,0,0,0,0,0,71.68,1.98798,13.336,234.66,356.26,0,0,0,0,0
neuromorpho__7month-Arctic-13_1.swc,479,pyramidal,0.970918,0,0,478,0,0,0,0,0,0,0,0,0,0,0.982182,0.00081497,0.982145,0.982145,0.982145,0.982145,0.982145,0,0,0,0,0,0,0,0,0,0,0,0.982145,0.982145,0,44,0.982551,0.982145,0.982145,0,0,22.8,0,0,0,0,0,0,0,0,0,0,0,20.64,-2.67423,4.05288,109.62,212.46
neuromorpho__7month-Arctic-20_5.swc,285,pyramidal,0.980058,0,0,284,0,0,0,0,0,0,0,0,0,0,0.982208,0.00105579,0.982145,0.982145,0.982145,0.982145,0.982145,0,0,0,0,0,0,0,0,0,0,0,0.982145,0.982145,0,44,0.982551,0.982145,0.982145,0,0,13,0,0,0,0,0,0,0,0,0,0,0,28.07,-3.22025,4.81478,232.91,223.34
neuromorpho__7month-Arctic-9_3.swc,549,pyramidal,0.988678,0,0,548,0,0,0,0,0,0,0,0,0,0,0.982177,0.000761344,0.982145,0.982145,0.982145,0.982145,0.982145,0,0,0,0,0,0,0,0,0,0,0,0.982145,0.982145,0,54,0.982476,0.982145,0.982145,0,0,27.7,0,0,0,0,0,0,0,0,0,0,0,44.87,18.975,8.3244,106.7,265.22
neuromorpho__7month-Arctic-C5aR1-KO-11_1.swc,901,pyramidal,0.989816,0,0,900,0,0,0,0,0,0,0,0,0,0,0.982165,0.00059451,0.982145,0.982145,0.982145,0.982145,0.982145,0,0,0,0,0,0,0,0,0,0,0,0.982145,0.982145,0,88,0.982348,0.982145,0.982145,0,0,26,0,0,0,0,0,0,0,0,0,0,0,29.11,6.2712,5.81959,166.93,256.1
neuromorpho__7month-Arctic-C5aR1-KO-11_2.swc,492,pyramidal,0.983464,0,0,491,0,0,0,0,0,0,0,0,0,0,0.982181,0.000804153,0.982145,0.982145,0.982145,0.982145,0.982145,0,0,0,0,0,0,0,0,0,0,0,0.982145,0.982145,0,46,0.982533,0.982145,0.982145,0,0,26,0,0,0,0,0,0,0,0,0,0,0,58.04,32.0915,10.0858,158.39,332.54
neuromorpho__7month-Arctic-C5aR1-KO-15_1.swc,733,pyramidal,0.990454,0,0,732,0,0,0,0,0,0,0,0,0,0,0.982169,0.000659044,0.982145,0.982145,0.982145,0.982145,0.982145,0,0,0,0,0,0,0,0,0,0,0,0.982145,0.982145,0,64,0.982424,0.982145,0.982145,0,0,29.7,0,0,0,0,0,0,0,0,0,0,0,27.69,-4.1387,4.98178,148.36,225.33
neuromorpho__7month-Arctic-C5aR1-KO-24_4.swc,182,pyramidal,0.992238,0,0,181,0,0,0,0,0,0,0,0,0,0,0.982243,0.00131987,0.982145,0.982145,0.982145,0.982145,0.982145,0,0,0,0,0,0,0,0,0,0,0,0.982145,0.982145,0,34,0.98267,0.982145,0.982145,0,0,12,0,0,0,0,0,0,0,0,0,0,0,112.39,-9.33271,23.3005,107.35,311.02
neuromorpho__7month-C5aR1-KO-10_2.swc,376,pyramidal,0.988919,0,0,375,0,0,0,0,0,0,0,0,0,0,0.982192,0.000919583,0.982145,0.982145,0.982145,0.982145,0.982145,0,0,0,0,0,0,0,0,0,0,0,0.982145,0.982145,0,46,0.982533,0.982145,0.982145,0,0,18,0,0,0,0,0,0,0,0,0,0,0,23.03,4.54499,5.61298,135.3,246.8
neuromorpho__7month-C5aR1-KO-14_4.swc,879,pyramidal,0.986817,0,0,878,0,0,0,0,0,0,0,0,0,0,0.982165,0.000601896,0.982145,0.982145,0.982145,0.982145,0.982145,0,0,0,0,0,0,0,0,0,0,0,0.982145,0.982145,0,70,0.9824,0.982145,0.982145,0,0,28,0,0,0,0,0,0,0,0,0,0,0,33.29,6.86421,7.51239,255.77,293.84
neuromorpho__7month-C5aR1-KO-14_5.swc,370,pyramidal,0.979758,0,0,369,0,0,0,0,0,0,0,0,0,0,0.982193,0.000926989,0.982145,0.982145,0.982145,0.982145,0.982145,0,0,0,0,0,0,0,0,0,0,0,0.982145,0.982145,0,40,0.982591,0.982145,0.982145,0,0,21.2,0,0,0,0,0,0,0,0,0,0,0,33.8,6.55938,7.09055,107.51,202.87
neuromorpho__7month-C5aR1-KO-18-4.swc,544,pyramidal,0.994181,0,0,543,0,0,0,0,0,0,0,0,0,0,0.982138,0.000777354,0.981639,0.981687,0.982145,0.982145,0.982145,0,0,0,0,0,0,0,0,0,0,0,0.982105,0.982145,0,78,0.98235,0.981639,0.982145,0,0,18,0,0,0,0,0,0,0,0,0,0,0,36.18,7.79427,6.0269,183.83,345.47
neuromorpho__7month-wt-16_2.swc,702,pyramidal,0.989367,0,0,701,0,0,0,0,0,0,0,0,0,0,0.98217,0.000673418,0.982145,0.982145,0.982145,0.982145,0.982145,0,0,0,0,0,0,0,0,0,0,0,0.982145,0.982145,0,60,0.982442,0.982145,0.982145,0,0,27.4,0,0,0,0,0,0,0,0,0,0,0,49.08,2.6682,9.12127,196.87,180.3
neuromorpho__7month-wt-16_3.swc,343,pyramidal,0.969237,0,0,342,0,0,0,0,0,0,0,0,0,0,0.982111,0.00100512,0.981148,0.981148,0.982145,0.982145,0.982145,0,0,0,0,0,0,0,0,0,0,0,0.982059,0.982145,0,58,0.982409,0.981148,0.982145,0,0,12.3,0,0,0,0,0,0,0,0,0,0,0,17.8,-5.91547,3.63715,128.37,303.88
neuromorpho__7month-wt-19_3.swc,438,pyramidal,0.992431,0,0,437,0,0,0,0,0,0,0,0,0,0,0.982186,0.000852177,0.982145,0.982145,0.982145,0.982145,0.982145,0,0,0,0,0,0,0,0,0,0,0,0.982145,0.982145,0,46,0.982533,0.982145,0.982145,0,0,23,0,0,0,0,0,0,0,0,0,0,0,25.94,8.614,6.32218,158.07,244.13
neuromorpho__8--OTC-100-pM-NPY-9-weeks.swc,3316,interneuron,0.430173,0,3315,0,0,0,0,0,0,0,0,0,0,0,0.794601,0.157626,0.3,0.3,0.736719,0.736719,0.736719,0.0582027,0.0582027,0.0582027,0.594089,0.594089,0,0,0,0.794539,0.736719,0.0582202,0,0,0,90,0.822549,0.3,0.736719,0.0111111,0.577778,105.4,0,0,0,0,0,0,40.28,-0.605674,8.25777,421.31,417.91,0,0,0,0,0
neuromorpho__8N22DAT8-50717GFPwta-wt10a.swc,206,interneuron,0.960199,0,205,0,0,0,0,0,0,0,0,0,0,0,0.994167,0.0112075,0.971335,0.971335,0.971335,0.999666,0.999666,0,0,0,0,0,0,0,0,0.994138,0.971335,0,0,0,0,14,0.997666,0.971335,0.999666,0,0,34.9,0,0,0,0,0,0,17.95,2.27034,4.13639,36.21,251.99,0,0,0,0,0
neuromorpho__8N22DAT8-50717GFPwta-wt14a.swc,306,interneuron,0.735745,0,305,0,0,0,0,0,0,0,0,0,0,0,0.999667,1.90569e-05,0.999666,0.999666,0.999666,0.999666,0.999666,0,0,0,0,0,0,0,0,0.999666,0.999666,0,0,0,0,19,0.999684,0.999666,0.999666,0,0,33.6,0,0,0,0,0,0,16.98,-0.596262,3.3809,68.28,282.64,0,0,0,0,0
neuromorpho__8N22DAT8-50717GFPwta-wt4a.swc,174,interneuron,0.530557,0,173,0,0,0,0,0,0,0,0,0,0,0,0.937394,0.00626884,0.932119,0.932119,0.932119,0.932119,0.939449,0,0,0,0,0,0,0,0,0.937032,0.932119,0,0,0,0,30,0.937758,0.932119,0.932119,0,0,12.1,0,0,0,0,0,0,18.95,3.1726,3.32025,45.59,131.4,0,0,0,0,0
neuromorpho__8N22DAT8-50717GFPwta-wt9a.swc,237,interneuron,0.570982,0,236,0,0,0,0,0,0,0,0,0,0,0,0.937364,0.00903755,0.919415,0.919415,0.919415,0.938629,0.941321,0,0,0,0,0,0,0,0,0.937099,0.919415,0,0,0,0,24,0.941963,0.919415,0.938629,0,0,31.8,0,0,0,0,0,0,16.95,-1.06725,4.76533,41.03,201.21,0,0,0,0,0
neuromorpho__8N3-8162019-b-fcfc4a.swc,1306,interneuron,0.98599,0,1305,0,0,0,0,0,0,0,0,0,0,0,0.999666,9.23603e-06,0.999666,0.999666,0.999666,0.999666,0.999666,0,0,0,0,0,0,0,0,0.999666,0.999666,0,0,0,0,35,0.999676,0.999666,0.999666,0,0,91.2,0,0,0,0,0,0,16.97,-6.25722,3.86701,43.25,106.25,0,0,0,0,0
neuromorpho__8N3-8162019-b-fcfc6a.swc,1596,interneuron,0.987578,0,1595,0,0,0,0,0,0,0,0,0,0,0,0.999666,8.35547e-06,0.999666,0.999666,0.999666,0.999666,0.999666,0,0,0,0,0,0,0,0,0.999666,0.999666,0,0,0,0,40,0.999674,0.999666,0.999666,0,0,96.9,0,0,0,0,0,0,15.98,-0.407204,3.87348,59.03,141.22,0,0,0,0,0
neuromorpho__8N3-8162019-b-wt2a.swc,795,interneuron,0.992122,0,794,0,0,0,0,0,0,0,0,0,0,0,0.999667,1.18349e-05,0.999666,0.999666,0.999666,0.999666,0.999666,0,0,0,0,0,0,0,0,0.999666,0.999666,0,0,0,0,14,0.99969,0.999666,0.999666,0,0,99.9,0,0,0,0,0,0,15.98,-1.09322,4.66585,30.17,107.01,0,0,0,0,0
neuromorpho__8N6-8162019-b-wT5a.swc,600,interneuron,0.979709,0,599,0,0,0,0,0,0,0,0,0,0,0,0.987768,0.0139834,0.971335,0.971335,0.971335,0.971335,0.999666,0,0,0,0,0,0,0,0,0.987747,0.971335,0,0,0,0,12,0.985529,0.971335,0.971335,0,0,131.6,0,0,0,0,0,0,10.98,-1.47658,2.05686,41.44,149.73,0,0,0,0,0
neuromorpho__8_43.swc,2276,pyramidal,0.990543,0,2275,0,0,0,0,0,0,0,0,0,0,0,0.987709,0.000257697,0.987703,0.987703,0.987703,0.987703,0.987703,0,0,0,0,0,0,0,0,0.987703,0.987703,0,0,0,0,115,0.98781,0.987703,0.987703,0,0,40.6,0,0,0,0,0,0,0,0,0,127.63,118.88,0,0,0,0,0
neuromorpho__99_1.swc,309,interneuron,0.887008,0,308,0,0,0,0,0,0,0,0,0,0,0,0.999667,1.89644e-05,0.999666,0.999666,0.999666,0.999666,0.999666,0,0,0,0,0,0,0,0,0.999666,0.999666,0,0,0,0,69,0.999671,0.999666,0.999666,0,0,7,0,0,0,0,0,0,19.17,11.2791,4.17485,54.1,59.65,0,0,0,0,0
neuromorpho__9D1neuron2.swc,2548,interneuron,0.400702,0,2547,0,0,0,0,0,0,0,0,0,0,0,0.836109,0.235133,0.3,0.3,0.3,0.93127,0.939743,0.161303,0.161303,0.161303,0.161303,0.161303,0,0,0,0.836044,0.3,0.161366,0,0,0,27,0.889388,0.3,0.888,0.0740741,0.0740741,211.2,0,0,0,0,0,0,150.38,-18.5134,28.5555,250.38,525.04,0,0,0,0,0
neuromorpho__9_45.swc,1737,pyramidal,0.980343,32,1704,0,0,0,0,0,0,0,0,0,0,0,0.982377,0.0389304,0.698217,0.987703,0.987703,0.987703,0.987703,0,0,0.0184226,0.0184226,0.0184226,0.698217,0.698217,1,0.987703,0.987703,0,0,0,0,80,0.984238,0.698217,0.987703,0.0125,0.0125,41.2,0,0,0,0,0.9,2.18,0,0,0,76.36,107.41,0,0,0,0,0
neuromorpho__A1-4-1-15-JUN-2_final.swc,895,pyramidal,0.991275,0,894,0,0,0,0,0,0,0,0,0,0,0,0.987717,0.000410806,0.987703,0.987703,0.987703,0.987703,0.987703,0,0,0,0,0,0,0,0,0.987703,0.987703,0,0,0,0,35,0.988055,0.987703,0.987703,0,0,49,0,0,0,0,0,0,0,0,0,52.54,90.01,0,0,0,0,0
neuromorpho__A1-N3-1_13jun-5-_final.swc,1382,pyramidal,0.989996,0,1381,0,0,0,0,0,0,0,0,0,0,0,0.987712,0.000330658,0.987703,0.987703,0.987703,0.987703,0.987703,0,0,0,0,0,0,0,0,0.987703,0.987703,0,0,0,0,56,0.987923,0.987703,0.987703,0,0,52,0,0,0,0,0,0,0,0,0,78.22,118.67,0,0,0,0,0
neuromorpho__A1-n10-3_final.swc,717,pyramidal,0.994844,0,716,0,0,0,0,0,0,0,0,0,0,0,0.98772,0.000458911,0.987703,0.987703,0.987703,0.987703,0.987703,0,0,0,0,0,0,0,0,0.987703,0.987703,0,0,0,0,34,0.988065,0.987703,0.987703,0,0,48.9,0,0,0,0,0,0,0,0,0,55.09,62.03,0,0,0,0,0
neuromorpho__A1-n3-3_final.swc,1046,pyramidal,0.99604,0,1045,0,0,0,0,0,0,0,0,0,0,0,0.987715,0.00038003,0.987703,0.987703,0.987703,0.987703,0.987703,0,0,0,0,0,0,0,0,0.987703,0.987703,0,0,0,0,35,0.988055,0.987703,0.987703,0,0,56.2,0,0,0,0,0,0,0,0,0,74.89,89.37,0,0,0,0,0
neuromorpho__A1-n8-1_final.swc,924,pyramidal,0.995542,0,923,0,0,0,0,0,0,0,0,0,0,0,0.987717,0.000404315,0.987703,0.987703,0.987703,0.987703,0.987703,0,0,0,0,0,0,0,0,0.987703,0.987703,0,0,0,0,38,0.988027,0.987703,0.987703,0,0,52,0,0,0,0,0,0,0,0,0,60.67,91.31,0,0,0,0,0
neuromorpho__A151125-2_VIP_IN.swc,2558,interneuron,0.98995,0,2557,0,0,0,0,0,0,0,0,0,0,0,0.9989,0.00375281,0.971335,0.994705,0.999666,0.999666,0.999666,0,0,0,0,0,0,0,0,0.9989,0.999666,0,0,0,0,226,0.998881,0.971335,0.999666,0,0,25,10,0,0,0,0,0,79,2.6108,17.4074,236.75,429.95,0,0,0,0,0
neuromorpho__A151125-4_VIP_IN.swc,5117,interneuron,0.997154,3879,1237,0,0,0,0,0,0,0,0,0,0,0,0.981616,0.0126617,0.881579,0.969809,0.972519,0.972519,0.972519,0,0,0,0,0.000390854,0.975856,0.969809,0,0.999666,0.999666,0,0,0,0,1153,0.983285,0.881579,0.972519,0,0,10,0,71,5.81494,13.3497,427.68,693.74,63,3.78106,12.4075,280.36,391.66,0,0,0,0,0
neuromorpho__A1_slide1_neuron4.swc,330,pyramidal,0.986171,33,131,165,0,0,0,0,0,0,0,0,0,0,0.931939,0.1134,0.3,0.75732,0.768914,0.982145,0.982145,0.0151515,0.0151515,0.0151515,0.160606,0.233333,0.776035,0.75732,0,0.907468,0.768914,0.0381679,0.982136,0.982145,0,43,0.958267,0.3,0.843489,0,0.0697674,12.8,-16.42,27.65,13.477,7.19127,106.39,65.9,77.61,-1.17817,19.8577,188.82,216.99,102.95,9.13024,20.6037,191.31,232.9
neuromorpho__A1_slide2_13.swc,943,pyramidal,0.963814,35,508,399,0,0,0,0,0,0,0,0,0,0,0.918196,0.204501,0.3,0.3,0.982145,0.982145,0.987703,0.0986214,0.0986214,0.0986214,0.0986214,0.0986214,0.990548,0.990548,0,0.987703,0.987703,0,0.823149,0.3,0.233083,44,0.921221,0.3,0.892262,0.0909091,0.0909091,37.7,-14.788,21.69,0.688571,7.37599,22.34,42.14,71.33,10.4885,15.9976,187.34,169.48,62.19,-4.43187,9.66139,105.96,443.34
neuromorpho__A1_slide2_25.swc,563,pyramidal,0.889759,47,187,328,0,0,0,0,0,0,0,0,0,0,0.960608,0.0722983,0.3,0.84621,0.84621,0.982145,0.982145,0.0017762,0.0017762,0.035524,0.035524,0.117229,0.834588,0.84621,0.0212766,0.954294,0.858972,0.101604,0.982145,0.982145,0,26,0.953652,0.3,0.908367,0.0769231,0.0769231,41.5,-20.2954,16.48,-4.20845,4.42977,70.39,139.59,59.33,-6.31745,13.6956,216.96,327.12,64.32,-38.8339,15.8787,142.88,363.2
neuromorpho__A1_slide2_27.swc,719,pyramidal,0.983023,29,125,564,0,0,0,0,0,0,0,0,0,0,0.971479,0.0564189,0.696445,0.982145,0.982145,0.982145,0.982145,0,0,0.0403338,0.0403338,0.0403338,0.696445,0.696445,1,0.986933,0.985272,0,0.982145,0.982145,0,41,0.976352,0.696445,0.982145,0.0243902,0.0243902,37,-27.7406,19.1,-16.0146,6.3711,45.47,20.11,50.4,-9.55781,15.3775,86.82,97.1,96.13,-8.35227,15.5992,179.76,557.41
neuromorpho__A1_slide2_4.swc,446,pyramidal,0.975453,10,192,243,0,0,0,0,0,0,0,0,0,0,0.967273,0.106178,0.3,0.982145,0.982145,0.982145,0.982145,0.0246637,0.0246637,0.0246637,0.0246637,0.0246637,0.966859,0.966859,0,0.948302,0.987693,0.0572917,0.982145,0.982145,0,61,0.979118,0.3,0.982145,0,0,14,-12.64,27.58,4.178,8.15001,8.75,67.23,78.24,-11.985,14.999,280.24,184.89,88.67,-26.5781,16.4766,210.3,527.21
neuromorpho__A1_slide2_6.swc,389,pyramidal,0.991725,14,192,182,0,0,0,0,0,0,0,0,0,0,0.985247,0.00341237,0.981639,0.981639,0.981655,0.982145,0.987703,0,0,0,0,0,0.994317,0.994317,0,0.987662,0.987703,0,0.98192,0.981639,0,62,0.985265,0.981639,0.981641,0,0,11.9,-22.3708,24.94,-6.05137,8.69561,91.55,69.83,67.25,-0.411679,16.7835,183.69,198.67,88.71,-20.4865,21.0546,153.89,163.42
neuromorpho__A1_slide2_8.swc,307,pyramidal,0.992055,20,162,124,0,0,0,0,0,0,0,0,0,0,0.981063,0.0552638,0.3,0.981639,0.981639,0.982145,0.987703,0.00651466,0.00651466,0.00651466,0.00651466,0.00651466,0.924885,0.924885,0.1,0.987154,0.985298,0,0.982014,0.981639,0,43,0.984388,0.3,0.981719,0,0,13.8,-21.9033,16.68,2.70483,4.57331,32.95,195.29,90.08,-1.61136,18.81,147.25,177.52,95.13,12.3593,18.8725,209.53,226.35
neuromorpho__A1_slide2_neuron3_II_III.swc,1236,pyramidal,0.968188,105,678,452,0,0,0,0,0,0,0,0,0,0,0.97915,0.0485888,0.3,0.955912,0.982145,0.982145,0.987703,0.00485437,0.00485437,0.00485437,0.00485437,0.00485437,0.949805,0.940273,0,0.987703,0.987703,0,0.97309,0.982145,0.0132743,71,0.981992,0.3,0.955912,0,0,35,-21.5225,40.18,9.19964,11.059,26.7,256.58,83.19,5.63312,18.3472,199.45,174.21,75.74,-14.7421,11.7426,176.99,252.16
neuromorpho__A1_slide2_neuron5.swc,582,pyramidal,0.986707,28,183,370,0,0,0,0,0,0,0,0,0,0,0.970194,0.0972923,0.3,0.982145,0.982145,0.982145,0.982145,0.0206186,0.0206186,0.0206186,0.0206186,0.0206186,0.696768,0.3,0.428571,0.987703,0.987703,0,0.982145,0.982145,0,57,0.979402,0.3,0.982145,0.0175439,0.0175439,20.4,-17.5183,12.58,11.7562,5.05004,32.35,257.64,69.29,4.47041,15.4306,166.4,224.23,65.78,-1.74426,12.7032,206.39,290.79
neuromorpho__A1_slide2_neuron6.swc,501,pyramidal,0.985479,7,194,299,0,0,0,0,0.00086141,0,0,0,0,0,0.853191,0.269363,0.3,0.3,0.3,0.982145,0.982145,0.191617,0.191617,0.191617,0.191617,0.191617,0.955912,0.955912,0,0.987535,0.987703,0,0.763128,0.3,0.32107,70,0.863649,0.3,0.3,0.171429,0.185714,13.1,-13.4444,23.22,0.745873,7.9152,3.31,34.4,74.22,-7.23169,16.4148,230.63,139.06,88.97,2.03669,16.4009,222.81,630.53
neuromorpho__A1_slide2_nueron1_II_III.swc,1000,pyramidal,0.966526,133,470,396,0,0,0,0,0,0,0,0,0,0,0.969747,0.0463008,0.715587,0.861193,0.940273,0.981639,0.982145,0,0,0,0.021,0.056,0.912851,0.861193,0,0.975545,0.987703,0,0.981897,0.981148,0,50,0.970773,0.715587,0.940273,0,0.02,39,-20.2008,77.21,-35.5335,18.6913,70.55,229.66,58.94,-15.5531,14.3365,258.37,136.04,61.62,-17.7515,13.3156,178.92,219.8
neuromorpho__A1_slide3_14.swc,472,pyramidal,0.974325,12,180,279,0,0,0,0,0,0,0,0,0,0,0.858817,0.26089,0.3,0.3,0.3,0.982145,0.982145,0.173729,0.173729,0.194915,0.194915,0.194915,0.994317,0.994317,0,0.964805,0.987703,0.0611111,0.784103,0.3,0.290323,70,0.895604,0.3,0.3,0.142857,0.142857,12,-11.8614,9.43,-4.9419,3.6369,13.74,101.81,71.19,-0.0935159,17.4069,202.6,260.41,73.69,-19.664,12.4555,199.22,819.45
neuromorpho__A1_slide3_4.swc,396,pyramidal,0.988323,20,234,141,0,0,0,0,0,0,0,0,0,0,0.97472,0.0560114,0.3,0.955912,0.981639,0.982145,0.987703,0.00505051,0.00505051,0.00505051,0.00505051,0.0479798,0.890321,0.890321,0.1,0.977424,0.987703,0,0.982025,0.981687,0,56,0.981713,0.3,0.981687,0,0,14,-19.5977,16.33,5.72519,4.89489,39.97,180.26,91.72,1.08162,19.4224,147.43,217.7,82.93,16.5306,20.1735,171.17,241.19
neuromorpho__A1_slide3_6.swc,1107,pyramidal,0.981033,62,617,427,0,0,0,0,0,0,0,0,0,0,0.942398,0.15156,0.3,0.463474,0.84621,0.982145,0.982145,0.0505872,0.0505872,0.0505872,0.0505872,0.102981,0.686712,0.3,0.290323,0.956036,0.962653,0.0388979,0.959681,0.981148,0.0327869,53,0.971031,0.3,0.981347,0.0188679,0.0377358,41.8,-28.5285,49.68,-10.3493,12.1969,21.82,207.55,104.93,-4.64561,19.7198,204.69,259.29,78.04,-18.9051,18.3868,157.63,299.53
neuromorpho__A1_slide3_7.swc,1506,pyramidal,0.97716,37,727,741,0,0,0,0,0,0,0,0,0,0,0.83042,0.286446,0.3,0.3,0.3,0.975099,0.982145,0.225764,0.225764,0.225764,0.225764,0.225764,0.994317,0.994317,0,0.967483,0.975099,0.0275103,0.687534,0.3,0.431849,52,0.863554,0.3,0.3,0.153846,0.192308,65.1,-21.2686,13.12,-9.24494,4.577,17.66,104.27,81.93,5.14373,14.2578,252.18,274.25,102.55,-4.28388,16.2281,178.6,546
neuromorpho__A1_slide3_neuron5.swc,588,pyramidal,0.995462,31,293,263,0,0,0,0,0,0,0,0,0,0,0.982048,0.048961,0.3,0.982145,0.982145,0.982145,0.987703,0.00510204,0.00510204,0.00510204,0.00510204,0.00510204,0.927204,0.994405,0.0967742,0.987703,0.987703,0,0.982145,0.982145,0,70,0.984553,0.3,0.982145,0,0,16.1,-24.0845,15.38,18.5968,5.87413,38.81,184.1,87.85,9.58362,16.3826,201.05,161.93,116.68,18.063,22.911,120.38,339.07
neuromorpho__A1_slide4_neuron1.swc,1091,pyramidal,0.99354,37,478,575,0,0,0,0,0,0,0,0,0,0,0.98501,0.00326567,0.982145,0.982145,0.982145,0.982145,0.982145,0,0,0,0,0,0.994343,0.994343,0,0.987703,0.987703,0,0.982145,0.982145,0,79,0.984918,0.982145,0.982145,0,0,25.2,-24.5145,5.99,-4.28275,1.5998,16.66,86.64,78.57,-9.58979,15.2807,203.3,186.71,80.11,-6.84053,16.7674,191.04,502.36
neuromorpho__A2-N3-1_final.swc,1014,pyramidal,0.993611,0,1013,0,0,0,0,0,0,0,0,0,0,0,0.987715,0.000385974,0.987703,0.987703,0.987703,0.987703,0.987703,0,0,0,0,0,0,0,0,0.987703,0.987703,0,0,0,0,30,0.988113,0.987703,0.987703,0,0,69.3,0,0,0,0,0,0,0,0,0,83.13,143.06,0,0,0,0,0
neuromorpho__A2-N6-1_final.swc,1194,pyramidal,0.995635,0,1193,0,0,0,0,0,0,0,0,0,0,0,0.987714,0.000355719,0.987703,0.987703,0.987703,0.987703,0.987703,0,0,0,0,0,0,0,0,0.987703,0.987703,0,0,0,0,49,0.987954,0.987703,0.987703,0,0,53.2,0,0,0,0,0,0,0,0,0,74.65,72.78,0,0,0,0,0
neuromorpho__A2_slide2_14.swc,685,pyramidal,0.993804,0,279,405,0,0,0,0,0.00219915,0,0,0,0,0,0.945869,0.156616,0.3,0.3,0.982145,0.982145,0.982145,0.0554745,0.0554745,0.0554745,0.0554745,0.0554745,0,0,0,0.985926,0.987703,0,0.918141,0.982145,0.0938272,90,0.951307,0.3,0.982145,0.0444444,0.0555556,15,-16.705,0,0,0,0,0,76.94,6.43873,19.7121,330.97,238.41,87.13,5.579,17.3293,322.67,667.87
neuromorpho__A2_slide2_3.swc,471,pyramidal,0.995633,8,223,239,0,0,0,0,0.041569,0,0,0,0,0,0.866373,0.248467,0.3,0.3,0.3,0.940477,0.982145,0.159236,0.159236,0.159236,0.176221,0.176221,0.764142,0.764142,0,0.938076,0.936698,0.0538117,0.802333,0.3,0.263598,56,0.892861,0.3,0.514907,0.107143,0.142857,15,-17.3775,13.94,14.7125,4.60021,7.49,86.8,89.98,-13.255,21.9864,195.41,316.88,92.54,4.92298,19.6875,217.14,542.9
neuromorpho__A2_slide3_1.swc,489,pyramidal,0.976996,50,165,273,0,0,0,0,0,0,0,0,0,0,0.853743,0.264343,0.3,0.3,0.3,0.981639,0.982145,0.184049,0.184049,0.190184,0.190184,0.190184,0.585409,0.3,0.54,0.982248,0.987703,0.0181818,0.824686,0.3,0.230769,63,0.869175,0.3,0.3,0.174603,0.174603,14.8,-16.0287,18.02,1.46135,3.78688,56.05,335.49,81.83,16.813,17.4854,333.99,242.82,94.17,29.7524,23.7931,255.57,756.98
neuromorpho__A2_slide3_15.swc,528,pyramidal,0.976261,12,235,280,0,0,0,0,0.00651618,0,0,0,0,0,0.900759,0.218112,0.3,0.3,0.3,0.982145,0.982145,0.113636,0.113636,0.113636,0.145833,0.145833,0.994317,0.994317,0,0.972753,0.987703,0,0.835971,0.3,0.214286,76,0.941811,0.3,0.982145,0.0657895,0.0789474,11,-8.22333,32.14,-14.9642,10.0515,35.49,59.47,82.71,2.00512,20.0235,231.83,204.22,70.59,10.7687,11.7189,202.6,835.68
neuromorpho__A2_slide3_20.swc,1003,pyramidal,0.992535,12,266,724,0,0,0,0,0,0,0,0,0,0,0.896712,0.228242,0.3,0.3,0.3,0.982145,0.982145,0.127617,0.127617,0.127617,0.127617,0.127617,0.994317,0.994317,0,0.979947,0.987703,0.0112782,0.864371,0.3,0.172652,68,0.921418,0.3,0.908697,0.0882353,0.0882353,36.3,-28.0418,0,15.2418,1.77636e-15,6.22,34.11,55.49,0.31778,9.69736,177.91,165.58,75.16,-8.41638,11.9041,247.33,617.12
neuromorpho__A2_slide3_9.swc,1155,pyramidal,0.785547,77,597,480,0,0,0,0,0.00765735,0,0,0,0,0,0.97867,0.0503243,0.3,0.940273,0.981639,0.982145,0.987703,0.00519481,0.00519481,0.00519481,0.00519481,0.00519481,0.890382,0.940273,0.0779221,0.987703,0.987703,0,0.981554,0.982145,0,63,0.983722,0.3,0.982145,0,0,36.8,-11.2427,6.91,3.15766,3.22032,91.42,146.08,64.82,16.4109,15.899,136.24,154.01,105.64,-8.45977,24.399,126.42,165.06
neuromorpho__A2_slide3_neuron3.swc,599,pyramidal,0.988004,44,331,223,0,0,0,0,0.0326595,0,0,0,0,0,0.963409,0.110964,0.3,0.921333,0.95309,0.982145,0.987703,0.0267112,0.0267112,0.0267112,0.0267112,0.0267112,0.741894,0.3,0.363636,0.987703,0.987703,0,0.970891,0.931059,0,86,0.977705,0.3,0.967365,0,0.0116279,15,-19.9908,33.66,-15.1285,12.9439,70,331.86,71.41,4.0769,16.2238,235.53,176.2,79.66,9.49642,18.1951,188.13,220.98
neuromorpho__A2_slide3_neuron4_II_III.swc,735,pyramidal,0.961408,70,426,238,0,0,0,0,0,0,0,0,0,0,0.965594,0.116965,0.3,0.982145,0.982145,0.982145,0.987703,0.029932,0.029932,0.029932,0.029932,0.029932,0.776103,0.3,0.314286,0.987403,0.987703,0,0.982145,0.982145,0,39,0.980349,0.3,0.982145,0,0.025641,37,-11.0236,47.24,16.2606,15.2498,19.86,280.07,88.79,-3.26225,18.9816,179.83,131.78,56.42,-16.1338,14.29,126.97,215.64
neuromorpho__A2_slide3_neuron6.swc,801,pyramidal,0.992374,22,262,516,0,0,0,0,0,0,0,0,0,0,0.984283,0.00311763,0.982145,0.982145,0.982145,0.982145,0.982145,0,0,0,0,0,0.994405,0.994405,0,0.987583,0.987703,0,0.982145,0.982145,0,58,0.98406,0.982145,0.982145,0,0,27.6,-33.897,2.17,3.05291,0.814788,4.23,82.63,46.65,8.51398,9.98375,210.63,184.21,47.09,-4.23891,8.5277,210.88,427.34
neuromorpho__A3-N5-2_final.swc,738,pyramidal,0.991639,0,737,0,0,0,0,0,0,0,0,0,0,0,0.98772,0.000452343,0.987703,0.987703,0.987703,0.987703,0.987703,0,0,0,0,0,0,0,0,0.987703,0.987703,0,0,0,0,43,0.987989,0.987703,0.987703,0,0,33.2,0,0,0,0,0,0,0,0,0,39.22,67.32,0,0,0,0,0
neuromorpho__A3-N7-3_final.swc,1171,pyramidal,0.992144,0,1170,0,0,0,0,0,0,0,0,0,0,0,0.987714,0.000359192,0.987703,0.987703,0.987703,0.987703,0.987703,0,0,0,0,0,0,0,0,0.987703,0.987703,0,0,0,0,58,0.987915,0.987703,0.987703,0,0,40.2,0,0,0,0,0,0,0,0,0,54.59,89.37,0,0,0,0,0
neuromorpho__A3-N8-2_final.swc,1330,pyramidal,0.990308,0,1329,0,0,0,0,0,0,0,0,0,0,0,0.987712,0.000337056,0.987703,0.987703,0.987703,0.987703,0.987703,0,0,0,0,0,0,0,0,0.987703,0.987703,0,0,0,0,58,0.987915,0.987703,0.987703,0,0,44.2,0,0,0,0,0,0,0,0,0,66.48,108.84,0,0,0,0,0
neuromorpho__A3-n12-2_final.swc,884,pyramidal,0.994735,0,883,0,0,0,0,0,0,0,0,0,0,0,0.987717,0.000413351,0.987703,0.987703,0.987703,0.987703,0.987703,0,0,0,0,0,0,0,0,0.987703,0.987703,0,0,0,0,35,0.988055,0.987703,0.987703,0,0,50,0,0,0,0,0,0,0,0,0,76.84,85.08,0,0,0,0,0
neuromorpho__A3-n15-2_final.swc,1214,pyramidal,0.995278,0,1213,0,0,0,0,0,0,0,0,0,0,0,0.987713,0.000352779,0.987703,0.987703,0.987703,0.987703,0.987703,0,0,0,0,0,0,0,0,0.987703,0.987703,0,0,0,0,49,0.987954,0.987703,0.987703,0,0,51.6,0,0,0,0,0,0,0,0,0,67.23,95.27,0,0,0,0,0
neuromorpho__A3-n6-2_1.swc,1234,pyramidal,0.994904,0,1233,0,0,0,0,0,0,0,0,0,0,0,0.987713,0.000349911,0.987703,0.987703,0.987703,0.987703,0.987703,0,0,0,0,0,0,0,0,0.987703,0.987703,0,0,0,0,55,0.987927,0.987703,0.987703,0,0,48.2,0,0,0,0,0,0,0,0,0,74.5,116.42,0,0,0,0,0
neuromorpho__A3-n9-3_1.swc,983,pyramidal,0.99456,0,982,0,0,0,0,0,0,0,0,0,0,0,0.987716,0.000392006,0.987703,0.987703,0.987703,0.987703,0.987703,0,0,0,0,0,0,0,0,0.987703,0.987703,0,0,0,0,33,0.988076,0.987703,0.987703,0,0,65.4,0,0,0,0,0,0,0,0,0,71.71,113.52,0,0,0,0,0
neuromorpho__A3_slide2_1.swc,582,pyramidal,0.99365,11,281,289,0,0,0,0,0,0,0,0,0,0,0.872519,0.25296,0.3,0.3,0.3,0.982145,0.982145,0.16323,0.16323,0.16323,0.16323,0.16323,0.940273,0.940273,0,0.977574,0.987703,0.0142349,0.767352,0.3,0.314879,65,0.898778,0.3,0.3,0.123077,0.123077,19,-15.4056,24.88,-10.5426,7.46253,24.92,82.34,83.11,13.9205,19.9809,295.81,315.17,73.22,15.6002,14.6151,284.43,727.23
neuromorpho__A3_slide2_10.swc,1317,pyramidal,0.982442,14,497,805,0,0,0,0,0,0,0,0,0,0,0.980074,0.0283607,0.788605,0.982145,0.982145,0.982145,0.982145,0,0,0,0.0212604,0.0212604,0.994405,0.994405,0,0.976276,0.98396,0,0.982145,0.982145,0,81,0.982071,0.788605,0.982145,0,0.0123457,30,-23.3873,4.15,7.1059,1.84777,4.31,39.26,61.53,5.36985,13.2713,241.41,132.33,72.82,0.0330849,13.3466,204,541.15
neuromorpho__A3_slide2_19.swc,605,pyramidal,0.991827,8,262,334,0,0,0,0,0,0,0,0,0,0,0.97949,0.0557367,0.3,0.982145,0.982145,0.982145,0.982145,0.00661157,0.00661157,0.00661157,0.00661157,0.00661157,0.940273,0.940273,0,0.987703,0.987703,0,0.973925,0.982145,0.011976,78,0.98283,0.3,0.982145,0,0,17,-12.8214,24.35,-21.0473,8.5761,27.5,56.12,76.28,10.1411,15.4609,297.53,284.36,80.67,11.5493,14.8042,302.64,609.44
neuromorpho__A3_slide2_6.swc,1085,pyramidal,0.946961,62,287,735,0,0,0,0,0.0224097,0,0,0,0,0,0.977934,0.0553336,0.3,0.96627,0.981639,0.981639,0.981687,0.00645161,0.00645161,0.00645161,0.00645161,0.00645161,0.915926,0.369432,0.112903,0.987703,0.987703,0,0.979319,0.981639,0,56,0.979973,0.3,0.981639,0,0,36,-13.8633,6.64,9.64656,1.78581,187.8,49.2,48.24,-1.4721,10.3295,110.45,178.36,69.54,13.9303,15.4327,148.72,212.63
neuromorpho__A3_slide2_9.swc,2087,pyramidal,0.959392,64,770,1252,0,0,0,0,0,0,0,0,0,0,0.975148,0.0745745,0.3,0.981676,0.982145,0.982145,0.982145,0.0119789,0.0119789,0.0119789,0.0119789,0.0119789,0.953767,0.953767,0,0.987703,0.987703,0,0.9685,0.982145,0.0199681,107,0.982391,0.3,0.982145,0,0,37,-9.78385,2.22,2.2051,1.03815,11.65,90.46,63.46,6.97204,14.2339,187.67,225.89,90.5,5.47326,15.7738,332.55,240.2
neuromorpho__A3_slide2_neuron1.swc,404,pyramidal,0.981055,6,156,241,0,0,0,0,0,0,0,0,0,0,0.974876,0.0566497,0.636766,0.981639,0.981639,0.982145,0.982145,0,0,0.0272277,0.0272277,0.0272277,0.994317,0.994317,0,0.962958,0.987703,0.0705128,0.982002,0.981639,0,54,0.97805,0.636766,0.981639,0.0185185,0.0185185,13.7,-18.9682,1.02,3.87818,0.480833,15.87,19.51,51,3.56882,8.82876,270.22,321.35,78.69,11.9893,14.4022,238.34,352.07
neuromorpho__A3_slide2_neuron4.swc,396,pyramidal,0.980861,26,216,153,0,0,0,0,0,0,0,0,0,0,0.924864,0.191934,0.3,0.3,0.905891,0.982145,0.987703,0.0858586,0.0858586,0.0858586,0.0858586,0.0858586,0.673863,0.3,0.461538,0.948894,0.987703,0.0509259,0.933102,0.982145,0.0718954,39,0.96278,0.3,0.917284,0.025641,0.0769231,20.4,-14.1611,53.25,-15.5297,16.975,116.55,256.9,86.35,-8.41222,20.2602,169.92,275.48,74.26,-11.2535,18.4858,242.39,374.48
neuromorpho__A3_slide3_14.swc,361,pyramidal,0.990465,52,143,165,0,0,0,0,0.0263891,0,0,0,0,0,0.919198,0.193815,0.3,0.3,0.929819,0.981639,0.982145,0.0886427,0.0886427,0.0886427,0.0886427,0.0886427,0.567079,0.3,0.615385,0.987703,0.987703,0,0.970307,0.931443,0,50,0.969316,0.3,0.931835,0.02,0.02,12,-14.5488,43.71,-11.6328,11.5762,146.55,519.07,81.97,-3.53622,21.4082,155.37,214.39,81.94,-5.95264,13.5462,197.57,281.33
neuromorpho__A3_slide3_22.swc,450,pyramidal,0.990905,17,152,280,0,0,0,0,0,0,0,0,0,0,0.971199,0.0904326,0.3,0.962653,0.982145,0.982145,0.982145,0.0177778,0.0177778,0.0177778,0.0177778,0.0177778,0.962653,0.962653,0,0.987703,0.987703,0,0.962655,0.982145,0.0285714,63,0.980897,0.3,0.982145,0,0.015873,14,-12.0975,37.99,31.9263,13.1593,104.93,19.47,83.24,26.0316,20.0905,270.19,146.38,95.78,32.719,22.5304,181.23,500.34
neuromorpho__A3_slide3_23.swc,566,pyramidal,0.916857,8,202,355,0,0,0,0,0,0,0,0,0,0,0.830621,0.285431,0.3,0.3,0.3,0.982145,0.982145,0.224382,0.224382,0.224382,0.224382,0.224382,0.955912,0.955912,0,0.950254,0.987703,0.0544554,0.759247,0.3,0.326761,29,0.87577,0.3,0.3,0.137931,0.172414,50.6,-19.9531,0,4.44308,0,6.49,6.6,56.4,13.0518,16.4387,320.67,232.3,112.33,7.89212,21.9895,113.63,483.61
neuromorpho__A3_slide3_3.swc,472,pyramidal,0.993701,16,169,286,0,0,0,0,0,0,0,0,0,0,0.954239,0.141212,0.3,0.982145,0.982145,0.982145,0.982145,0.0444915,0.0444915,0.0444915,0.0444915,0.0444915,0.994405,0.994405,0,0.987703,0.987703,0,0.932057,0.982145,0.0734266,60,0.978761,0.3,0.982145,0.0166667,0.0166667,15.1,-12.5543,17.3,-11.8026,6.13902,32.39,145.97,94.85,19.6888,22.6225,311.26,269.63,112.81,-3.96995,23.86,260.15,506.96
neuromorpho__A3_slide3_neuron6.swc,579,pyramidal,0.989224,15,289,274,0,0,0,0,0,0,0,0,0,0,0.941331,0.165308,0.3,0.3,0.982145,0.982145,0.982145,0.0621762,0.0621762,0.0621762,0.0621762,0.0621762,0.940273,0.940273,0,0.973298,0.987703,0.0207612,0.907457,0.3,0.109489,75,0.973622,0.3,0.982145,0.0266667,0.0266667,15,-16.6582,24.34,24.5048,8.99928,36.45,135.24,71.63,1.32451,17.8647,320.27,378.17,84.12,4.58647,17.0786,352.91,394.5
neuromorpho__A4-6-2-2-15-JUN-2_final.swc,809,pyramidal,0.989523,0,808,0,0,0,0,0,0,0,0,0,0,0,0.987718,0.000432064,0.987703,0.987703,0.987703,0.987703,0.987703,0,0,0,0,0,0,0,0,0.987703,0.987703,0,0,0,0,33,0.988076,0.987703,0.987703,0,0,44.8,0,0,0,0,0,0,0,0,0,64.82,81.7,0,0,0,0,0
neuromorpho__A4_slide1_1.swc,288,pyramidal,0.957057,6,118,163,0,0,0,0,0,0,0,0,0,0,0.920653,0.199647,0.3,0.3,0.981639,0.982145,0.982145,0.09375,0.09375,0.09375,0.09375,0.09375,0.994317,0.994317,0,0.987425,0.987703,0,0.869117,0.3,0.165644,34,0.93792,0.3,0.981653,0.0588235,0.0882353,15.7,14.08,6.35,-3.195,3.175,6.53,16.22,75.41,30.6033,20.9594,225.16,187.02,76.52,38.9353,18.0709,286.11,633.33
neuromorpho__A4_slide2_10.swc,941,pyramidal,0.981417,11,338,591,0,0,0,0,0,0,0,0,0,0,0.970529,0.0963,0.3,0.982145,0.982145,0.982145,0.982145,0.0201913,0.0201913,0.0201913,0.0201913,0.0201913,0.994317,0.994317,0,0.987703,0.987703,0,0.960215,0.982145,0.0321489,44,0.981628,0.3,0.982145,0,0,45.7,-26.984,2.33,9.37309,0.828958,4.07,15.83,65.99,29.0446,13.8803,201.13,194.27,57.57,27.5476,14.3742,114.83,465.51
neuromorpho__A4_slide2_2.swc,471,pyramidal,0.992494,13,176,281,0,0,0,0,0,0,0,0,0,0,0.842603,0.278141,0.3,0.3,0.3,0.982145,0.982145,0.208068,0.208068,0.208068,0.208068,0.208068,0.994343,0.994343,0,0.98754,0.987703,0,0.744244,0.3,0.348754,60,0.845993,0.3,0.3,0.2,0.2,17,-14.08,2.51,-4.52,0.677087,31.39,102.65,86.74,-18.2132,22.9204,356.01,231.61,82.6,-26.3064,16.9149,268.16,677.09
neuromorpho__A4_slide2_24.swc,530,pyramidal,0.986139,19,199,311,0,0,0,0,0.0162339,0,0,0,0,0,0.983509,0.00418851,0.966774,0.982145,0.982145,0.982145,0.982145,0,0,0,0,0,0.966774,0.966774,0,0.987155,0.982748,0,0.982145,0.982145,0,46,0.984145,0.966774,0.982145,0,0,21.5,-27.9069,11.67,2.77109,4.56081,23.84,37.81,19.61,7.19205,4.27653,93.47,120.78,37.85,17.3598,7.73095,95.06,383.16
neuromorpho__A4_slide2_3.swc,591,pyramidal,0.990749,16,270,304,0,0,0,0,0,0,0,0,0,0,0.963916,0.0974072,0.3,0.90561,0.982145,0.982145,0.982145,0.0169205,0.0169205,0.0169205,0.0439932,0.0439932,0.90561,0.90561,0,0.946729,0.987703,0.037037,0.98213,0.982145,0,75,0.976848,0.3,0.982145,0,0.0266667,15.6,-13.1467,7.53,-7.58083,2.83046,13.74,168.5,83.39,-0.133111,18.2254,246.73,260.35,82.62,3.65246,17.3779,196.89,582.53
neuromorpho__A4_slide2_neuron5.swc,543,pyramidal,0.959591,36,233,273,0,0,0,0,0,0,0,0,0,0,0.983891,0.00539015,0.962653,0.982145,0.982145,0.982145,0.982145,0,0,0,0,0,0.97201,0.962653,0,0.987703,0.987703,0,0.982145,0.982145,0,67,0.984611,0.962653,0.982145,0,0,16,-23.53,27.23,-3.845,7.58975,46.03,173.22,69.77,21.1065,15.5615,231.7,213.16,85.01,13.02,21.1842,152.45,246.38
neuromorpho__A4_slide3_13.swc,459,pyramidal,0.991402,61,167,230,0,0,0,0,0,0,0,0,0,0,0.970946,0.100221,0.3,0.981639,0.982145,0.982145,0.982145,0.0217865,0.0217865,0.0217865,0.0217865,0.0217865,0.994405,0.994405,0,0.987703,0.987703,0,0.952431,0.981639,0.0434783,62,0.963798,0.3,0.981733,0.0322581,0.0322581,16.6,-23.1536,41.35,-25.2046,13.0713,126.8,403.47,63.46,-7.78421,11.8694,233.85,210.08,73.54,-12.0295,18.8907,317.91,271.89
neuromorpho__A4_slide3_neuron1.swc,681,pyramidal,0.990645,30,295,355,0,0,0,0,0,0,0,0,0,0,0.980394,0.0457407,0.3,0.982145,0.982145,0.982145,0.982145,0.00440529,0.00440529,0.00440529,0.00440529,0.00440529,0.88839,0.88839,0.1,0.987577,0.987703,0,0.982145,0.982145,0,76,0.983652,0.3,0.982145,0,0,18,-21.1015,19.45,-5.27046,6.48708,29.56,183.09,50.35,1.70079,9.9428,301.7,196.38,59.75,19.322,12.3871,267.54,320.61
neuromorpho__A4_slide4_neuron1.swc,869,pyramidal,0.981753,31,479,358,0,0,0,0,0,0,0,0,0,0,0.985667,0.00321809,0.982145,0.982145,0.982145,0.982145,0.987703,0,0,0,0,0,0.994405,0.994405,0,0.987703,0.987703,0,0.982145,0.982145,0,62,0.984872,0.982145,0.982145,0,0,33.7,-21.5011,7.71,-11.016,3.27105,50.09,70.55,72.65,-5.24216,15.7118,210.25,198.58,38.99,-16.7278,7.88909,127.65,224.53
neuromorpho__A4_slide4_neuron1_II_III.swc,981,pyramidal,0.969058,251,218,511,0,0,0,0,0,0,0,0,0,0,0.954178,0.0534016,0.844913,0.844913,0.844913,0.940273,0.982145,0,0,0,0,0.169215,0.867521,0.844913,0,0.988189,0.987703,0,0.982145,0.982145,0,53,0.957696,0.844913,0.84621,0,0,40,-22.6385,56.09,-20.2578,14.69,139.19,136.12,91.9,1.62342,19.7578,102.39,130.15,85.01,3.38304,14.3077,233.59,218.88
neuromorpho__A586_NeuronA_40X_Tile_Trace_RK.swc,947,pyramidal,0.990632,226,720,0,0,0,0,0,0,0,0,0,0,0,0.949428,0.0746557,0.739786,0.779349,0.80995,0.987681,0.987703,0,0,0,0.0844773,0.184794,0.827338,0.779349,0,0.98768,0.987693,0,0,0,0,66,0.945228,0.739786,0.812372,0,0.0909091,34.5,0,0,0,0,24.5,65.33,0,0,0,75.47,38.83,0,0,0,0,0
neuromorpho__A937_NeuronA_40x_Tile_Trace_RK.swc,511,pyramidal,0.992775,0,235,275,0,0,0.362035,0.362035,0.172373,-0.362035,0.362035,0,0,0,0.907999,0.059305,0.823798,0.832274,0.833815,0.849392,0.893171,0,0,0,0,0.520548,0,0,0,0.91318,0.871049,0,0.903237,0.832274,0,46,0.896339,0.823798,0.833077,0,0,25.5,0,0,0,0,0,0,0,0,0,160.88,130.91,0,0,0,186.43,104.64
neuromorpho__A937_NeuronC_40x_Tile_Trace_MK.swc,948,pyramidal,0.993832,500,447,0,0,0,0,0,0,0,0,0,0,0,0.834916,0.144658,0.672514,0.698217,0.698217,0.698217,0.698217,0,0,0.527426,0.527426,0.527426,0.697994,0.698217,1,0.987703,0.987703,0,0,0,0,61,0.830806,0.672514,0.698217,0.540984,0.540984,30,0,0,0,0,117.44,183.79,0,0,0,105.83,89.49,0,0,0,0,0
neuromorpho__A998_NeuronA_40x_Tile_Trace_RK.swc,226,pyramidal,0.985538,176,49,0,0,0,0,0,0,0,0,0,0,0,0.705986,0.153724,0.595968,0.595968,0.595968,0.595968,0.613447,0,0.274336,0.721239,0.778761,0.778761,0.625882,0.595968,0.926136,0.987703,0.987703,0,0,0,0,35,0.776683,0.595968,0.612032,0.514286,0.6,12.8,0,0,0,0,66.57,65.82,0,0,0,41.84,15.9,0,0,0,0,0
neuromorpho__A998_NeuronB_40X_Tile_Trace_RK.swc,300,pyramidal,0.992544,0,99,200,0,0,0.666667,0.666667,0.185821,0,-0.666667,0.666667,0.666667,0,0.972283,0.0157985,0.942772,0.943735,0.948283,0.95663,0.982145,0,0,0,0,0,0,0,0,0.987703,0.987703,0,0.964512,0.944228,0,57,0.975132,0.942772,0.952115,0,0,11.4,0,0,0,0,0,0,0,0,0,35.79,23.21,0,0,0,56.46,64.39
neuromorpho__AA0310.swc,2234,pyramidal,0.994159,1877,356,0,0,0,0,0,0,0,0,0,0,0,0.41298,0.254825,0.3,0.3,0.3,0.3,0.3,0.835721,0.835721,0.835721,0.835721,0.835721,0.303663,0.3,0.994672,0.987703,0.987703,0,0,0,0,487,0.438936,0.3,0.3,0.798768,0.798768,9.4,0,2053.14,1528.19,336.235,2449.77,3049.9,159.9,-17.9115,25.8944,296.07,378.6,0,0,0,0,0
neuromorpho__AA0323.swc,1850,pyramidal,0.995805,1407,442,0,0,0,0,0,0,0,0,0,0,0,0.463605,0.292873,0.3,0.3,0.3,0.3,0.3,0.762162,0.762162,0.762162,0.762162,0.762162,0.304935,0.3,0.992893,0.967477,0.987703,0.0294118,0,0,0,204,0.63473,0.3,0.3,0.514706,0.514706,22.7,0,1884.97,-316.752,336.374,4943.88,3124.72,207.47,6.90882,34.2227,340.05,609.97,0,0,0,0,0
neuromorpho__AA0340.swc,4218,pyramidal,0.994751,3449,768,0,0,0,0,0,0,0,0,0,0,0,0.426533,0.266489,0.3,0.3,0.3,0.3,0.3,0.816027,0.816027,0.816027,0.816027,0.816027,0.301409,0.3,0.99797,0.987703,0.987703,0,0,0,0,1249,0.418991,0.3,0.3,0.827062,0.827062,7,0,4300.78,-2854.53,650.07,1610.99,3063.07,245.66,-8.53684,38.206,329.17,404.83,0,0,0,0,0
neuromorpho__AA0347.swc,4986,pyramidal,0.994549,4246,739,0,0,0,0,0,0,0,0,0,0,0,0.403322,0.245743,0.3,0.3,0.3,0.3,0.3,0.849779,0.849779,0.849779,0.849779,0.849779,0.301472,0.3,0.99788,0.987703,0.987703,0,0,0,0,851,0.42453,0.3,0.3,0.819036,0.819036,13,0,4214.59,2843.17,643.379,2828.62,2153.23,278.25,-21.1839,43.6514,307.06,319.91,0,0,0,0,0
neuromorpho__AA0348.swc,4144,pyramidal,0.995723,3035,1108,0,0,0,0,0,0,0,0,0,0,0,0.485049,0.304999,0.3,0.3,0.3,0.3,0.3,0.730936,0.730936,0.730936,0.730936,0.730936,0.301373,0.3,0.998023,0.987703,0.987703,0,0,0,0,936,0.511141,0.3,0.3,0.693376,0.693376,9,0,3704.42,-1451.83,693.759,3392.41,4493.59,227.98,-4.89893,38.7005,271.07,364.95,0,0,0,0,0
neuromorpho__AA0351.swc,857,pyramidal,0.992039,624,232,0,0,0,0,0,0,0,0,0,0,0,0.492643,0.308881,0.3,0.3,0.3,0.3,0.3,0.719953,0.719953,0.719953,0.719953,0.719953,0.307789,0.3,0.988782,0.987649,0.987693,0,0,0,0,149,0.605025,0.3,0.3,0.557047,0.557047,12,0,3853.74,-2869.57,905.213,1882.6,1813.7,190.49,1.05082,32.2729,304.97,370.15,0,0,0,0,0
neuromorpho__AA0353.swc,5108,pyramidal,0.995387,4495,612,0,0,0,0,0,0,0,0,0,0,0,0.383892,0.22509,0.3,0.3,0.3,0.3,0.3,0.878034,0.878034,0.878034,0.878034,0.878034,0.301545,0.3,0.997775,0.987703,0.987703,0,0,0,0,1043,0.396507,0.3,0.3,0.860019,0.860019,11,0,4975.92,378.951,1449.17,3487.68,3591.37,246.03,-16.7809,44.1287,284.31,401.79,0,0,0,0,0
neuromorpho__AA0358.swc,5381,pyramidal,0.995445,4698,682,0,0,0,0,0,0,0,0,0,0,0,0.388969,0.230828,0.3,0.3,0.3,0.3,0.3,0.870656,0.870656,0.870656,0.870656,0.870656,0.301922,0.3,0.997233,0.987703,0.987703,0,0,0,0,743,0.446397,0.3,0.3,0.787349,0.787349,17,0.00333333,5230.63,-2372.3,1125.86,4044.64,4225.4,240.19,-16.8969,39.0901,329.37,401.3,0,0,0,0,0
neuromorpho__AA0365.swc,5205,pyramidal,0.995561,4397,807,0,0,0,0,0,0,0,0,0,0,0,0.408092,0.250324,0.3,0.3,0.3,0.3,0.3,0.842843,0.842843,0.842843,0.842843,0.842843,0.301579,0.3,0.997726,0.987703,0.987703,0,0,0,0,957,0.458186,0.3,0.3,0.770115,0.770115,12,0,5269.43,1289.56,1435.58,4828.39,3997.37,230.73,-15.0583,39.6913,314.1,378.24,0,0,0,0,0
neuromorpho__AA0366.swc,4502,pyramidal,0.995948,3435,1066,0,0,0,0,0,0,0,0,0,0,0,0.464072,0.293125,0.3,0.3,0.3,0.3,0.3,0.761439,0.761439,0.761439,0.761439,0.761439,0.301415,0.3,0.997962,0.987703,0.987703,0,0,0,0,827,0.524614,0.3,0.3,0.673519,0.673519,12,0,5184.72,-3237.27,1164.42,3904.59,4182.68,252.9,-10.4083,50.0635,322.08,384.94,0,0,0,0,0
neuromorpho__AA0374.swc,6307,pyramidal,0.990849,6096,210,0,0,0,0,0,0,0,0,0,0,0,0.369359,0.20784,0.3,0.3,0.3,0.3,0.3,0.899794,0.899794,0.899794,0.899794,0.899794,0.347954,0.3,0.930938,0.987703,0.987703,0,0,0,0,355,0.504795,0.3,0.3,0.701408,0.704225,24,0,7770.65,-2193.78,2926.13,2995.76,6905.19,188.38,-5.96538,32.957,365.67,361.97,0,0,0,0,0
neuromorpho__AA0377.swc,7405,pyramidal,0.992474,7045,359,0,0,0,0,0,0,0,0,0,0,0,0.361943,0.197366,0.3,0.3,0.3,0.3,0.3,0.910331,0.910331,0.910331,0.910331,0.910331,0.329964,0.3,0.956849,0.987703,0.987703,0,0,0,0,390,0.504271,0.3,0.3,0.707692,0.710256,35.1,0,4672.56,-62.1313,1383.69,3583.13,7186.53,240.62,2.85368,33.3034,244.18,425.79,0,0,0,0,0
neuromorpho__AA0381.swc,5041,pyramidal,0.994499,4806,234,0,0,0,0,0,0,0,0,0,0,0,0.349286,0.177724,0.3,0.3,0.3,0.3,0.3,0.928586,0.928586,0.928586,0.928586,0.928586,0.318639,0.3,0.973159,0.975948,0.987703,0.017094,0,0,0,338,0.448662,0.3,0.3,0.781065,0.789941,31,0,1221.79,-307.122,164.867,3271.68,2293.28,196.38,-2.94786,30.6005,467.42,427.93,0,0,0,0,0
neuromorpho__AA0393.swc,22396,pyramidal,0.996217,21975,420,0,0,0,0,0,0,0,0,0,0,0,0.352714,0.183695,0.3,0.3,0.3,0.3,0.3,0.923915,0.923915,0.923915,0.923915,0.923915,0.341143,0.3,0.940751,0.956593,0.987703,0.0452381,0,0,0,630,0.479378,0.3,0.3,0.746032,0.752381,96.2,0,4862.37,1955.76,1491.98,3935.68,5348.59,294.99,-14.211,47.0684,357.97,807.03,0,0,0,0,0
neuromorpho__AA0397.swc,60425,pyramidal,0.996578,59647,777,0,0,0,0,0,0,0,0,0,0,0,0.32206,0.121547,0.3,0.3,0.3,0.3,0.3,0.968109,0.968109,0.968109,0.968109,0.968109,0.313493,0.3,0.980569,0.978852,0.987703,0.01287,0,0,0,1139,0.416729,0.3,0.3,0.835821,0.836699,139,0,6867.34,1125.45,1332.51,8514.36,6331.75,286.34,-9.34483,52.3307,360.47,661.81,0,0,0,0,0
neuromorpho__AA0403.swc,21732,pyramidal,0.991555,21430,301,0,0,0,0,0,0,0,0,0,0,0,0.334068,0.149782,0.3,0.3,0.3,0.3,0.3,0.95081,0.95081,0.95081,0.95081,0.95081,0.325145,0.3,0.963789,0.967141,0.987703,0.0299003,0,0,0,417,0.478593,0.3,0.3,0.743405,0.752998,151,0,3719.75,-119.443,808.267,4357.91,4029.06,219.95,-3.56512,40.6415,393.49,585.29,0,0,0,0,0
neuromorpho__AA0415.swc,6738,pyramidal,0.996798,6071,666,0,0,0,0,0,0,0,0,0,0,0,0.391166,0.233542,0.3,0.3,0.3,0.3,0.3,0.867765,0.867765,0.867765,0.867765,0.867765,0.325964,0.3,0.962609,0.984605,0.987703,0.0045045,0,0,0,338,0.71604,0.3,0.3,0.39645,0.399408,53,0,3675.86,-95.9862,756.764,5556.59,6899.41,341.35,5.55614,48.8702,336.65,832.86,0,0,0,0,0
neuromorpho__AA0420.swc,30287,pyramidal,0.996777,30141,145,0,0,0,0,0,0,0,0,0,0,0,0.305586,0.0618543,0.3,0.3,0.3,0.3,0.3,0.991911,0.991911,0.991911,0.991911,0.991911,0.302327,0.3,0.996649,0.978218,0.987703,0.0137931,0,0,0,586,0.381549,0.3,0.3,0.882253,0.883959,118,0,6696.22,668.368,2008.57,2038.51,4424.94,280.63,8.47041,50.7776,408.69,752.36,0,0,0,0,0
neuromorpho__AA0456.swc,5554,pyramidal,0.996109,5123,430,0,0,0,0,0,0,0,0,0,0,0,0.376244,0.216267,0.3,0.3,0.3,0.3,0.3,0.889449,0.889449,0.889449,0.889449,0.889449,0.327349,0.3,0.96057,0.957316,0.987703,0.044186,0,0,0,333,0.509034,0.3,0.3,0.6997,0.708709,46,0,7457.34,-2092.87,1621.74,5040.09,6440.62,397.9,12.0495,55.1105,518.56,964.1,0,0,0,0,0
neuromorpho__AA0463.swc,652,pyramidal,0.957471,432,219,0,0,0,0,0,0,0,0,0,0,0,0.791935,0.313145,0.3,0.3,0.3,0.3,0.987703,0.288344,0.288344,0.288344,0.288344,0.288344,0.69221,0.3,0.435185,0.987703,0.987703,0,0,0,0,161,0.776347,0.3,0.3,0.310559,0.329193,8,0,784.53,107.474,147.604,911.71,1411.18,178.54,-23.0164,34.1888,229.55,373.61,0,0,0,0,0
neuromorpho__AA0467.swc,25687,pyramidal,0.996673,25478,208,0,0,0,0,0,0,0,0,0,0,0,0.30638,0.0659713,0.3,0.3,0.3,0.3,0.3,0.990735,0.990735,0.990735,0.990735,0.990735,0.30079,0.3,0.998862,0.987703,0.987703,0,0,0,0,504,0.40594,0.3,0.3,0.845238,0.847222,123,0,5381.93,1495.57,1093.21,6187.57,5384.76,203.19,16.6468,37.8638,261.94,421.11,0,0,0,0,0
neuromorpho__AA0473.swc,4345,pyramidal,0.996137,4022,322,0,0,0,0,0,0,0,0,0,0,0,0.380212,0.22119,0.3,0.3,0.3,0.3,0.3,0.883774,0.883774,0.883774,0.883774,0.883774,0.331423,0.3,0.954749,0.987703,0.987703,0,0,0,0,518,0.477846,0.3,0.3,0.745174,0.752896,19,0,8122.55,1076.76,1693.5,5612.15,5206.5,249.31,-6.67214,41.8708,366.06,697.13,0,0,0,0,0
neuromorpho__AA0477.swc,949,pyramidal,0.991763,822,126,0,0,0,0,0,0,0,0,0,0,0,0.414778,0.256816,0.3,0.3,0.3,0.3,0.3,0.833509,0.833509,0.833509,0.833509,0.833509,0.332101,0.3,0.953771,0.949497,0.987703,0.0555556,0,0,0,155,0.432008,0.3,0.3,0.806452,0.806452,11,0,2803.55,2005.02,566.585,2541.24,4939.66,128.54,0.0245238,26.5947,240.25,563.57,0,0,0,0,0
neuromorpho__AA0489.swc,1095,pyramidal,0.933962,504,590,0,0,0,0,0,0,0,0,0,0,0,0.709318,0.338039,0.3,0.3,0.3,0.3,0.987703,0.405479,0.405479,0.405479,0.405479,0.405479,0.401956,0.3,0.853175,0.971385,0.987703,0.0237288,0,0,0,149,0.960367,0.3,0.987703,0.0402685,0.0536913,10,0,2646.42,-639.299,866.537,3723.4,5652.19,204.86,0.481678,38.0185,614.19,578.8,0,0,0,0,0
neuromorpho__AA0496.swc,723,pyramidal,0.995369,496,226,0,0,0,0,0,0,0,0,0,0,0,0.531311,0.3251,0.3,0.3,0.3,0.3,0.3,0.6639,0.6639,0.6639,0.6639,0.6639,0.3238,0.3,0.965726,0.98466,0.987703,0.00442478,0,0,0,195,0.656687,0.3,0.3,0.482051,0.482051,6,0,3146.92,605.442,886.799,3060.02,5034.54,220.11,-2.88735,43.4548,434.48,848.08,0,0,0,0,0
neuromorpho__AA0497.swc,443,pyramidal,0.970831,379,63,0,0,0,0,0,0,0,0,0,0,0,0.542021,0.329907,0.3,0.3,0.3,0.3,0.3,0.650113,0.650113,0.650113,0.650113,0.650113,0.466729,0.3,0.759894,0.987703,0.987703,0,0,0,0,166,0.550865,0.3,0.3,0.638554,0.644578,5,0.00333333,533.47,73.5777,115.475,2223.72,1583.77,88.3,31.2844,25.1682,387.15,337.69,0,0,0,0,0
neuromorpho__AA0500.swc,531,pyramidal,0.982285,261,269,0,0,0,0,0,0,0,0,0,0,0,0.657751,0.343875,0.3,0.3,0.3,0.3,0.987703,0.480226,0.480226,0.480226,0.480226,0.480226,0.358532,0.3,0.915709,0.946799,0.987703,0.0594796,0,0,0,114,0.742802,0.3,0.3,0.359649,0.359649,8.7,0,829.9,-383.801,261.653,2055.41,1118.14,209.65,1.0419,41.6683,323.64,700.59,0,0,0,0,0
neuromorpho__AA0512.swc,2820,pyramidal,0.99165,2466,353,0,0,0,0,0,0,0,0,0,0,0,0.34757,0.174535,0.3,0.3,0.3,0.3,0.3,0.930851,0.930851,0.930851,0.930851,0.930851,0.301408,0.3,0.997972,0.668204,0.3,0.464589,0,0,0,887,0.330385,0.3,0.3,0.956032,0.958286,8,-0.00333333,2956.98,786.451,639.636,5548.49,4245.42,675.41,-45.1961,123.953,869.77,1013.54,0,0,0,0,0
neuromorpho__AA0523.swc,4819,pyramidal,0.99677,4535,283,0,0,0,0,0,0,0,0,0,0,0,0.36215,0.197554,0.3,0.3,0.3,0.3,0.3,0.90994,0.90994,0.90994,0.90994,0.90994,0.323428,0.3,0.966262,0.980413,0.987703,0.0106007,0,0,0,177,0.695626,0.3,0.3,0.429379,0.429379,48.4,0,3878.27,574.526,984.518,6304.79,5150.87,156.87,-11.0319,26.733,268.08,750.4,0,0,0,0,0
neuromorpho__AA0528.swc,1232,pyramidal,0.994773,1001,230,0,0,0,0,0,0,0,0,0,0,0,0.463374,0.29313,0.3,0.3,0.3,0.3,0.3,0.762987,0.762987,0.762987,0.762987,0.762987,0.347171,0.3,0.932068,0.966773,0.987703,0.0304348,0,0,0,310,0.451741,0.3,0.3,0.783871,0.783871,7,0,7464.83,2012.96,2647.22,4423.53,6840.24,176.2,1.49543,28.3313,195.73,590.58,0,0,0,0,0
neuromorpho__AA0538.swc,1221,pyramidal,0.995469,1046,174,0,0,0,0,0,0,0,0,0,0,0,0.402721,0.245434,0.3,0.3,0.3,0.3,0.3,0.850942,0.850942,0.850942,0.850942,0.850942,0.324563,0.3,0.964627,0.869133,0.3,0.172414,0,0,0,287,0.411376,0.3,0.3,0.839721,0.84669,8,0,2112.69,627.544,390.374,4629.91,4538.03,291.66,8.47011,56.2201,540.11,958.14,0,0,0,0,0
neuromorpho__AA0548.swc,1223,pyramidal,0.993624,1034,188,0,0,0,0,0,0,0,0,0,0,0,0.396231,0.238685,0.3,0.3,0.3,0.3,0.3,0.86018,0.86018,0.86018,0.86018,0.86018,0.308059,0.3,0.988395,0.877963,0.3,0.159574,0,0,0,167,0.464372,0.3,0.3,0.760479,0.760479,18.4,0,2607.39,1503.18,612.998,4864.42,2446.7,159.6,6.92383,21.8423,796.08,321.57,0,0,0,0,0
neuromorpho__AA0574.swc,2185,pyramidal,0.995558,1746,438,0,0,0,0,0,0,0,0,0,0,0,0.509367,0.317224,0.3,0.3,0.3,0.3,0.3,0.696568,0.696568,0.696568,0.696568,0.696568,0.389485,0.3,0.871134,0.986133,0.987703,0.00228311,0,0,0,317,0.681276,0.3,0.3,0.444795,0.454259,15,0,1939.43,-48.2216,438.206,4636.03,4406.23,257.12,-22.8742,46.5855,429.94,671.72,0,0,0,0,0
neuromorpho__AA0580.swc,2783,pyramidal,0.995768,2232,550,0,0,0,0,0,0,0,0,0,0,0,0.437908,0.275383,0.3,0.3,0.3,0.3,0.3,0.799497,0.799497,0.799497,0.799497,0.799497,0.302178,0.3,0.996864,0.987703,0.987703,0,0,0,0,852,0.446383,0.3,0.3,0.787559,0.787559,7,0,2653.68,694.768,472.651,3058.29,5728.72,188.64,-13.0018,29.9751,220.86,243.62,0,0,0,0,0
neuromorpho__AA0601.swc,3272,pyramidal,0.994743,3040,231,0,0,0,0,0,0,0,0,0,0,0,0.350887,0.180063,0.3,0.3,0.3,0.3,0.3,0.926039,0.926039,0.926039,0.926039,0.926039,0.302284,0.3,0.996711,0.987703,0.987703,0,0,0,0,592,0.380501,0.3,0.3,0.883446,0.883446,12,0,2596.76,928.744,680.286,2996.33,4749.66,121.81,1.27991,26.8299,185.54,411.63,0,0,0,0,0
neuromorpho__AA0603.swc,4819,pyramidal,0.995417,4329,489,0,0,0,0,0,0,0,0,0,0,0,0.429585,0.269676,0.3,0.3,0.3,0.3,0.3,0.812409,0.812409,0.812409,0.812409,0.812409,0.366409,0.3,0.904366,0.987703,0.987703,0,0,0,0,632,0.485375,0.3,0.3,0.740506,0.740506,16,0,4296.82,-1489.63,1434.92,3396.84,3424.1,230.02,0.555828,37.8402,309.04,523.92,0,0,0,0,0
neuromorpho__AA0632.swc,10188,pyramidal,0.99587,9670,517,0,0,0,0,0,0,0,0,0,0,0,0.378657,0.219543,0.3,0.3,0.3,0.3,0.3,0.886239,0.886239,0.886239,0.886239,0.886239,0.34603,0.3,0.933713,0.987703,0.987703,0,0,0,0,855,0.474932,0.3,0.3,0.752047,0.759064,32,0,5127.9,1322.62,1390.77,4811.11,5941.74,239.13,-1.18948,39.4132,630.78,349.28,0,0,0,0,0
neuromorpho__AA0647.swc,1222,pyramidal,0.994805,994,227,0,0,0,0,0,0,0,0,0,0,0,0.461285,0.291779,0.3,0.3,0.3,0.3,0.3,0.765957,0.765957,0.765957,0.765957,0.765957,0.341217,0.3,0.940644,0.984674,0.987703,0.00440529,0,0,0,179,0.563283,0.3,0.3,0.620112,0.625698,16.2,0,3616.81,163.324,717.187,2208.6,5515.81,144.08,4.39903,25.4739,330.69,414.04,0,0,0,0,0
neuromorpho__AA0661.swc,4130,pyramidal,0.991115,3806,323,0,0,0,0,0,0,0,0,0,0,0,0.380531,0.221549,0.3,0.3,0.3,0.3,0.3,0.883293,0.883293,0.883293,0.883293,0.883293,0.330104,0.3,0.956647,0.972799,0.987703,0.0216718,0,0,0,380,0.482017,0.3,0.3,0.744737,0.75,24,0,5601.88,49.8305,1185.41,4246.5,2097.75,343.51,-13.3083,53.087,323.62,465.79,0,0,0,0,0
neuromorpho__AA0687.swc,1986,pyramidal,0.994497,1529,456,0,0,0,0,0,0,0,0,0,0,0,0.420006,0.261271,0.3,0.3,0.3,0.3,0.3,0.82578,0.82578,0.82578,0.82578,0.82578,0.327231,0.3,0.960759,0.729815,0.3,0.375,0,0,0,358,0.415977,0.3,0.3,0.832402,0.837989,12,0,1309,432.697,195.31,3069.86,5829.1,312.96,-24.9037,51.3447,701.11,617.5,0,0,0,0,0
neuromorpho__AA0703.swc,1275,pyramidal,0.981568,1010,264,0,0,0,0,0,0,0,0,0,0,0,0.468541,0.296105,0.3,0.3,0.3,0.3,0.3,0.755294,0.755294,0.755294,0.755294,0.755294,0.332314,0.3,0.953465,0.987701,0.987693,0,0,0,0,367,0.472555,0.3,0.3,0.752044,0.752044,7,0,1632.39,742.858,298.859,2512.19,1416.32,163.04,4.10867,31.0175,402.02,771.53,0,0,0,0,0
neuromorpho__AA0709.swc,1016,pyramidal,0.994833,811,204,0,0,0,0,0,0,0,0,0,0,0,0.440848,0.277604,0.3,0.3,0.3,0.3,0.3,0.795276,0.795276,0.795276,0.795276,0.795276,0.305994,0.3,0.991369,0.974219,0.987703,0.0196078,0,0,0,190,0.425849,0.3,0.3,0.815789,0.815789,11,0,3102.1,2235.5,509.183,4819.66,3190.5,244.25,-16.8083,38.7895,420.6,533.17,0,0,0,0,0
neuromorpho__AA0713.swc,1402,pyramidal,0.995191,1156,245,0,0,0,0,0,0,0,0,0,0,0,0.435549,0.273787,0.3,0.3,0.3,0.3,0.3,0.803138,0.803138,0.803138,0.803138,0.803138,0.319823,0.3,0.971453,0.979282,0.987703,0.0122449,0,0,0,250,0.492573,0.3,0.3,0.72,0.72,9,0,4363.7,594.186,1136.72,5352.44,7568.76,224.02,-1.63069,32.4785,317.12,498.82,0,0,0,0,0
neuromorpho__AA0716.swc,1460,pyramidal,0.994586,1245,214,0,0,0,0,0,0,0,0,0,0,0,0.449793,0.28444,0.3,0.3,0.3,0.3,0.3,0.782877,0.782877,0.782877,0.782877,0.782877,0.356891,0.3,0.918072,0.987703,0.987703,0,0,0,0,230,0.533338,0.3,0.3,0.66087,0.665217,10.1,0,4756.9,1548.38,1586.39,7186.77,5449.99,162,-0.111215,30.8475,387.78,469.19,0,0,0,0,0
neuromorpho__AA0719.swc,3428,pyramidal,0.995595,3030,397,0,0,0,0,0,0,0,0,0,0,0,0.381266,0.222024,0.3,0.3,0.3,0.3,0.3,0.881855,0.881855,0.881855,0.881855,0.881855,0.301604,0.3,0.99769,0.987703,0.987703,0,0,0,0,483,0.453891,0.3,0.3,0.776398,0.776398,15.8,0,3134.04,-1635.77,461.945,2511.33,4200.91,269.09,-7.98365,46.4594,283.86,338.3,0,0,0,0,0
neuromorpho__AA0723.swc,1019,pyramidal,0.986235,790,228,0,0,0,0,0,0,0,0,0,0,0,0.481591,0.303226,0.3,0.3,0.3,0.3,0.3,0.736016,0.736016,0.736016,0.736016,0.736016,0.334867,0.3,0.949367,0.987703,0.987703,0,0,0,0,292,0.514109,0.3,0.3,0.688356,0.691781,7,0,4567.45,-811.22,1612.5,2677.67,5804.45,260.7,7.57816,40.6348,275.26,270.83,0,0,0,0,0
neuromorpho__AA0735.swc,27249,pyramidal,0.996166,26980,268,0,0,0,0,0,0,0,0,0,0,0,0.318971,0.112999,0.3,0.3,0.3,0.3,0.3,0.972586,0.972586,0.972586,0.972586,0.972586,0.312354,0.3,0.982209,0.982571,0.987703,0.00746269,0,0,0,1293,0.381559,0.3,0.3,0.885538,0.887858,53,0,5071.64,1173.29,964.25,8634.27,7112.69,241.32,7.58149,38.9625,412.69,742.28,0,0,0,0,0
neuromorpho__AA0736.swc,2039,pyramidal,0.99281,1710,328,0,0,0,0,0,0,0,0,0,0,0,0.411035,0.25314,0.3,0.3,0.3,0.3,0.3,0.838646,0.838646,0.838646,0.838646,0.838646,0.310534,0.3,0.984795,0.93319,0.987703,0.0792683,0,0,0,465,0.382016,0.3,0.3,0.877419,0.883871,9,0,2614.11,1482.69,357.147,4115.76,2102.75,322.87,-1.11271,54.4065,471.21,636.91,0,0,0,0,0
neuromorpho__AA0737.swc,3946,pyramidal,0.996282,3826,119,0,0,0,0,0,0,0,0,0,0,0,0.342738,0.166471,0.3,0.3,0.3,0.3,0.3,0.938165,0.938165,0.938165,0.938165,0.938165,0.322506,0.3,0.96759,0.987703,0.987703,0,0,0,0,265,0.499109,0.3,0.3,0.716981,0.716981,38.6,0,2731.95,-175.186,609.174,3263.57,4290.02,186.82,-0.942017,31.5808,283.4,777.04,0,0,0,0,0
neuromorpho__AA0738.swc,3157,pyramidal,0.993544,2752,404,0,0,0,0,0,0,0,0,0,0,0,0.492057,0.309674,0.3,0.3,0.3,0.3,0.3,0.722205,0.722205,0.722205,0.722205,0.722205,0.42036,0.3,0.826672,0.979192,0.987703,0.0123762,0,0,0,320,0.670837,0.3,0.3,0.471875,0.490625,26.1,0,3943.73,-49.1474,467.207,4777.59,5593.3,199.93,8.38804,32.067,244.66,509.64,0,0,0,0,0
neuromorpho__AA0751.swc,2854,pyramidal,0.981606,2656,197,0,0,0,0,0,0,0,0,0,0,0,0.327008,0.133637,0.3,0.3,0.3,0.3,0.3,0.960757,0.960757,0.960757,0.960757,0.960757,0.30183,0.3,0.997364,0.663051,0.3,0.472081,0,0,0,840,0.318847,0.3,0.3,0.972619,0.975,7,0,3169.89,-1153.48,679.699,2612.72,5074.43,267.2,15.7539,52.4637,734.53,1029.16,0,0,0,0,0
neuromorpho__AA0758.swc,4158,pyramidal,0.993745,3802,355,0,0,0,0,0,0,0,0,0,0,0,0.353939,0.184929,0.3,0.3,0.3,0.3,0.3,0.921597,0.921597,0.921597,0.921597,0.921597,0.302009,0.3,0.997107,0.908278,0.3,0.115493,0,0,0,905,0.355242,0.3,0.3,0.919337,0.919337,10,0,2577.12,1595.3,455.229,2317.66,2299.47,177.44,4.51445,33.8645,381.3,657.52,0,0,0,0,0
neuromorpho__AA0773.swc,12845,pyramidal,0.995985,12575,269,0,0,0,0,0,0,0,0,0,0,0,0.321098,0.118761,0.3,0.3,0.3,0.3,0.3,0.969404,0.969404,0.969404,0.969404,0.969404,0.307823,0.3,0.988708,0.939129,0.987703,0.070632,0,0,0,653,0.410254,0.3,0.3,0.842266,0.842266,48.8,0,8009.6,-1069.64,2507.09,5649.6,4979.14,201.82,2.66405,36.1867,247.39,287.39,0,0,0,0,0
neuromorpho__AA0775.swc,5632,pyramidal,0.995407,5359,272,0,0,0,0,0,0,0,0,0,0,0,0.372185,0.211423,0.3,0.3,0.3,0.3,0.3,0.895597,0.895597,0.895597,0.895597,0.895597,0.341853,0.3,0.939728,0.967477,0.987703,0.0294118,0,0,0,337,0.560368,0.3,0.3,0.62908,0.635015,48.4,0,3499.71,-66.6001,574.518,5123.26,5372.27,327.54,-49.2084,60.3365,556.78,647.31,0,0,0,0,0
neuromorpho__AA0789.swc,3044,pyramidal,0.966158,2791,252,0,0,0,0,0,0,0,0,0,0,0,0.789939,0.315935,0.3,0.3,0.3,0.3,0.994405,0.293693,0.293693,0.293693,0.293693,0.293693,0.775211,0.3,0.315657,0.952226,0.987703,0.0515873,0,0,0,729,0.855926,0.3,0.3,0.192044,0.209877,10,0,1178.28,169.795,168.163,1757.4,1486.98,253.04,-2.13742,48.7453,429.71,575.46,0,0,0,0,0
neuromorpho__AA0800.swc,2042,pyramidal,0.99585,1717,324,0,0,0,0,0,0,0,0,0,0,0,0.493804,0.310316,0.3,0.3,0.3,0.3,0.3,0.719393,0.719393,0.719393,0.719393,0.719393,0.401512,0.3,0.853815,0.981336,0.987703,0.00925926,0,0,0,347,0.5597,0.3,0.3,0.631124,0.642651,13.4,0,6149.41,-571.947,1588.62,2322.12,4179.87,291.03,23.7478,57.2819,383.19,411.96,0,0,0,0,0
neuromorpho__AA0803.swc,2699,pyramidal,0.991615,2452,246,0,0,0,0,0,0,0,0,0,0,0,0.473314,0.299823,0.3,0.3,0.3,0.3,0.3,0.749537,0.749537,0.749537,0.749537,0.749537,0.421493,0.3,0.825041,0.987703,0.987703,0,0,0,0,342,0.660504,0.3,0.3,0.491228,0.51462,20.9,0,5663.09,1381.48,1691.72,3016.85,2755.91,169.45,-22.762,34.3259,401.54,532.07,0,0,0,0,0
neuromorpho__AA0811.swc,2030,pyramidal,0.994446,1818,211,0,0,0,0,0,0,0,0,0,0,0,0.422194,0.263201,0.3,0.3,0.3,0.3,0.3,0.82266,0.82266,0.82266,0.82266,0.82266,0.363807,0.3,0.907591,0.922517,0.987693,0.0947867,0,0,0,425,0.413735,0.3,0.3,0.832941,0.842353,10,0,1915.08,589.054,622.401,4816.33,4703.89,192.26,5.51564,35.0768,441.31,724.2,0,0,0,0,0
neuromorpho__AA0815.swc,4836,pyramidal,0.988499,4557,278,0,0,0,0,0,0,0,0,0,0,0,0.390803,0.233558,0.3,0.3,0.3,0.3,0.3,0.868693,0.868693,0.868693,0.868693,0.868693,0.35501,0.3,0.920781,0.975334,0.987703,0.0179856,0,0,0,674,0.409097,0.3,0.3,0.841246,0.847181,16,0,3561.78,793.797,841.479,6613.23,3253.72,209.1,-25.7672,30.9199,299.62,576.79,0,0,0,0,0
neuromorpho__AA0818.swc,1870,pyramidal,0.994746,1453,416,0,0,0,0,0,0,0,0,0,0,0,0.516499,0.320079,0.3,0.3,0.3,0.3,0.3,0.686096,0.686096,0.686096,0.686096,0.686096,0.382679,0.3,0.880936,0.982744,0.987703,0.00721154,0,0,0,298,0.690161,0.3,0.3,0.432886,0.439597,15,0,5610.96,-1344.38,1442.59,2757.68,2120.06,444.23,6.40428,59.1451,340.43,509.63,0,0,0,0,0
neuromorpho__AA0819.swc,1372,pyramidal,0.983206,1048,323,0,0,0,0,0,0,0,0,0,0,0,0.526183,0.323762,0.3,0.3,0.3,0.3,0.3,0.672012,0.672012,0.672012,0.672012,0.672012,0.383488,0.3,0.879771,0.987703,0.987703,0,0,0,0,223,0.688447,0.3,0.3,0.434978,0.44843,15,0,1899.54,213.35,357.686,1926.74,970.69,137.26,-6.84923,24.7398,168.37,329.17,0,0,0,0,0
neuromorpho__AA0820.swc,1858,pyramidal,0.996248,1460,397,0,0,0,0,0,0,0,0,0,0,0,0.568409,0.336687,0.3,0.3,0.3,0.3,0.3,0.61141,0.61141,0.61141,0.61141,0.61141,0.4541,0.3,0.778082,0.987703,0.987703,0,0,0,0,265,0.82282,0.3,0.3,0.241509,0.25283,14.6,0,4210.21,-713.147,1289.94,4021.48,2328.33,194.41,3.8096,28.7114,213.99,453.17,0,0,0,0,0
neuromorpho__AA0821.swc,2291,pyramidal,0.978721,1919,371,0,0,0,0,0,0,0,0,0,0,0,0.426826,0.266906,0.3,0.3,0.3,0.3,0.3,0.815801,0.815801,0.815801,0.815801,0.815801,0.318093,0.3,0.973945,0.987702,0.987693,0,0,0,0,442,0.483863,0.3,0.3,0.733032,0.733032,7,0,1774.33,54.7854,446.086,4261.47,5019.07,133.66,-4.9197,23.4319,274.94,409.84,0,0,0,0,0
neuromorpho__AA0826.swc,3134,pyramidal,0.996032,2940,193,0,0,0,0,0,0,0,0,0,0,0,0.348999,0.177036,0.3,0.3,0.3,0.3,0.3,0.928845,0.928845,0.928845,0.928845,0.928845,0.30685,0.3,0.990136,0.987703,0.987703,0,0,0,0,389,0.461266,0.3,0.3,0.766067,0.766067,15.6,0,3205.7,28.3334,908.476,5241.77,3405.9,126.18,6.8571,21.1455,204.82,315.09,0,0,0,0,0
neuromorpho__AA0827.swc,2865,pyramidal,0.99432,2575,289,0,0,0,0,0,0,0,0,0,0,0,0.379559,0.220132,0.3,0.3,0.3,0.3,0.3,0.884468,0.884468,0.884468,0.884468,0.884468,0.311866,0.3,0.982913,0.980564,0.987703,0.0103806,0,0,0,365,0.509999,0.3,0.3,0.693151,0.69589,15,0,3032.31,119.933,806.468,3294.57,5267.6,142.51,-4.95225,22.4906,456.39,627.1,0,0,0,0,0
neuromorpho__AA0833.swc,1671,pyramidal,0.994078,1463,207,0,0,0,0,0,0,0,0,0,0,0,0.405698,0.248501,0.3,0.3,0.3,0.3,0.3,0.846798,0.846798,0.846798,0.846798,0.846798,0.339395,0.3,0.943267,0.871425,0.3,0.169082,0,0,0,204,0.539067,0.3,0.3,0.651961,0.671569,21,0,2398.69,1247.31,647.861,2865.94,4067.29,135.82,-4.54734,27.1534,267.62,850.71,0,0,0,0,0
neuromorpho__AA0844.swc,1681,pyramidal,0.993564,1468,212,0,0,0,0,0,0,0,0,0,0,0,0.383075,0.224162,0.3,0.3,0.3,0.3,0.3,0.879239,0.879239,0.879239,0.879239,0.879239,0.302365,0.3,0.996594,0.939045,0.987703,0.0707547,0,0,0,204,0.49008,0.3,0.3,0.72549,0.72549,20.7,0,3607.42,-2039.18,593.719,2310.13,2655.55,292.53,6.06189,40.9822,346.47,936.88,0,0,0,0,0
neuromorpho__AA0849.swc,1056,pyramidal,0.992537,748,307,0,0,0,0,0,0,0,0,0,0,0,0.504556,0.31445,0.3,0.3,0.3,0.3,0.3,0.702652,0.702652,0.702652,0.702652,0.702652,0.308355,0.3,0.987968,0.980983,0.987703,0.00977199,0,0,0,255,0.482869,0.3,0.3,0.733333,0.733333,8,0,1219.67,-781.374,168.369,2228.14,4834.32,188.03,19.8741,37.9888,410.61,507.08,0,0,0,0,0
neuromorpho__AA0850.swc,2407,pyramidal,0.992528,1916,490,0,0,0,0,0,0,0,0,0,0,0,0.46597,0.29457,0.3,0.3,0.3,0.3,0.3,0.759036,0.759036,0.759036,0.759036,0.759036,0.332981,0.3,0.952505,0.984896,0.987703,0.00408163,0,0,0,419,0.563136,0.3,0.3,0.618138,0.622912,12,0,3712.98,334.475,507.973,4416.3,4915.35,187.23,24.5814,34.051,469.8,445.65,0,0,0,0,0
neuromorpho__AA0852.swc,2073,pyramidal,0.994729,1812,260,0,0,0,0,0,0,0,0,0,0,0,0.413057,0.255248,0.3,0.3,0.3,0.3,0.3,0.835986,0.835986,0.835986,0.835986,0.835986,0.330658,0.3,0.95585,0.985058,0.987703,0.00384615,0,0,0,290,0.653947,0.3,0.3,0.489655,0.496552,19,0,4971.64,-2873.57,1333.39,5158.56,3078.39,266.83,-14.9124,43.962,636.16,761.61,0,0,0,0,0
neuromorpho__AA0860.swc,873,pyramidal,0.98318,725,147,0,0,0,0,0,0,0,0,0,0,0,0.448264,0.283022,0.3,0.3,0.3,0.3,0.3,0.784651,0.784651,0.784651,0.784651,0.784651,0.340973,0.3,0.94069,0.973668,0.987703,0.0204082,0,0,0,203,0.47833,0.3,0.3,0.743842,0.743842,9,0,1013.02,-439.965,199.202,2649.77,2920.39,146.51,22.7905,26.1381,385.19,478.37,0,0,0,0,0
neuromorpho__AA0862.swc,4830,pyramidal,0.991009,4689,140,0,0,0,0,0,0,0,0,0,0,0,0.411373,0.254563,0.3,0.3,0.3,0.3,0.3,0.839337,0.839337,0.839337,0.839337,0.839337,0.394187,0.3,0.864363,0.982791,0.987703,0.00714286,0,0,0,594,0.459257,0.3,0.3,0.776094,0.787879,19,0,2223.71,508.124,471.48,1595.81,2268.32,280.02,26.2921,53.9714,432.56,442.81,0,0,0,0,0
neuromorpho__AA0870.swc,3636,pyramidal,0.994256,3370,265,0,0,0,0,0,0,0,0,0,0,0,0.469295,0.297596,0.3,0.3,0.3,0.3,0.3,0.755501,0.755501,0.755501,0.755501,0.755501,0.428372,0.3,0.815134,0.987703,0.987703,0,0,0,0,471,0.602587,0.3,0.3,0.573248,0.590234,20,0,6078.56,-351.485,1056.95,3248.82,2678.59,252.52,55.2297,52.6748,491.4,561.58,0,0,0,0,0
neuromorpho__AA0872.swc,2562,pyramidal,0.996152,2326,235,0,0,0,0,0,0,0,0,0,0,0,0.43491,0.273974,0.3,0.3,0.3,0.3,0.3,0.80484,0.80484,0.80484,0.80484,0.80484,0.379113,0.3,0.886071,0.984777,0.987703,0.00425532,0,0,0,414,0.588189,0.3,0.3,0.586957,0.599034,14,0,1725.44,-198.253,305.434,7483.17,3215.09,291.35,-2.9354,51.0897,536.36,465.42,0,0,0,0,0
neuromorpho__AA0882.swc,291,pyramidal,0.990214,171,119,0,0,0,0,0,0,0,0,0,0,0,0.55073,0.33124,0.3,0.3,0.3,0.3,0.3,0.635739,0.635739,0.635739,0.635739,0.635739,0.332487,0.3,0.953216,0.860565,0.3,0.184874,0,0,0,58,0.750613,0.3,0.3,0.362069,0.362069,7.3,0,2068.91,1078.7,525.059,2958.54,8866.58,232.63,-15.2006,45.3091,337.12,746.37,0,0,0,0,0
neuromorpho__AA0888.swc,3921,pyramidal,0.820744,3391,529,0,0,0,0,0,0,0,0,0,0,0,0.934722,0.193061,0.3,0.3,0.987703,0.994405,0.994405,0.0846723,0.0846723,0.0846723,0.0846723,0.0846723,0.928669,0.994317,0.0946623,0.973403,0.987703,0.020794,0,0,0,982,0.946864,0.3,0.987703,0.0641548,0.0692464,8,0,1011.69,7.66643,120.151,877.76,899.45,358.38,8.95905,49.4944,515.76,468.03,0,0,0,0,0
neuromorpho__AA0898.swc,934,pyramidal,0.995403,749,184,0,0,0,0,0,0,0,0,0,0,0,0.464681,0.294058,0.3,0.3,0.3,0.3,0.3,0.761242,0.761242,0.761242,0.761242,0.761242,0.361189,0.3,0.911883,0.883053,0.3,0.152174,0,0,0,187,0.524814,0.3,0.3,0.673797,0.68984,11.4,0,2161.93,-951.784,571.88,3766.17,4716.21,175.71,5.39348,33.3355,323.66,1018.22,0,0,0,0,0
neuromorpho__AA0899.swc,1272,pyramidal,0.993389,1014,257,0,0,0,0,0,0,0,0,0,0,0,0.420065,0.261117,0.3,0.3,0.3,0.3,0.3,0.825472,0.825472,0.825472,0.825472,0.825472,0.304109,0.3,0.994083,0.875316,0.3,0.163424,0,0,0,167,0.530162,0.3,0.3,0.664671,0.664671,15.4,0,3641.09,-2706.96,720.077,1776.48,3930.82,181.55,5.99712,36.4926,297.62,843.06,0,0,0,0,0
neuromorpho__AA0902.swc,361,pyramidal,0.967422,150,210,0,0,0,0,0,0.00690217,0,0,0,0,0,0.808312,0.229001,0.3,0.3,0.3,0.814838,0.852276,0.130194,0.185596,0.224377,0.238227,0.537396,0.670789,0.3,0.306667,0.90563,0.627837,0.166667,0,0,0,115,0.854725,0.3,0.543422,0.208696,0.252174,6,0,524.99,-49.6131,104.628,1152,757.03,315.85,-30.3996,52.482,436.07,484.91,0,0,0,0,0
neuromorpho__AA0907.swc,1837,pyramidal,0.961579,1545,291,0,0,0,0,0,0,0,0,0,0,0,0.86032,0.27281,0.3,0.3,0.3,0.987703,0.994405,0.191617,0.191617,0.191617,0.191617,0.191617,0.840688,0.3,0.221359,0.964071,0.987703,0.0343643,0,0,0,412,0.895876,0.3,0.3,0.133495,0.143204,10,0,803.9,103.79,141.833,741.05,916.97,324.72,12.0611,55.7423,503.6,479.16,0,0,0,0,0
neuromorpho__AA0912.swc,693,pyramidal,0.962018,535,157,0,0,0,0,0,0,0,0,0,0,0,0.58109,0.339353,0.3,0.3,0.3,0.3,0.3,0.593074,0.593074,0.593074,0.593074,0.593074,0.46484,0.3,0.762617,0.974562,0.987703,0.0191083,0,0,0,156,0.609262,0.3,0.3,0.557692,0.596154,10,0,786.66,-48.7393,175.26,1464.97,1728.22,146.85,-19.0746,26.5639,385.08,476.78,0,0,0,0,0
neuromorpho__AA0913.swc,1101,pyramidal,0.964296,874,226,0,0,0,0,0,0,0,0,0,0,0,0.864928,0.268619,0.3,0.3,0.3,0.987703,0.994405,0.184378,0.184378,0.184378,0.184378,0.184378,0.840895,0.3,0.220824,0.957274,0.987703,0.0442478,0,0,0,293,0.911894,0.3,0.525508,0.116041,0.133106,7,0,936.09,60.7161,118.512,782.64,1548.24,216.7,6.42938,41.8619,630.1,645.89,0,0,0,0,0
neuromorpho__AA0922.swc,3559,pyramidal,0.99552,3135,423,0,0,0,0,0,0,0,0,0,0,0,0.378468,0.218671,0.3,0.3,0.3,0.3,0.3,0.885923,0.885923,0.885923,0.885923,0.885923,0.301551,0.3,0.997767,0.947059,0.987703,0.0591017,0,0,0,599,0.424389,0.3,0.3,0.81803,0.81803,11,0,6562.22,226.08,2251.23,5765.19,4303.91,399.97,-22.2324,74.7056,424.88,638.76,0,0,0,0,0
neuromorpho__AA0923.swc,4417,pyramidal,0.995987,3910,506,0,0,0,0,0,0,0,0,0,0,0,0.405362,0.248079,0.3,0.3,0.3,0.3,0.3,0.847181,0.847181,0.847181,0.847181,0.847181,0.331079,0.3,0.955243,0.97819,0.987703,0.013834,0,0,0,706,0.492938,0.3,0.3,0.720963,0.726629,14.5,0,10709.4,-3174.91,2454.24,4392.12,7316.47,418.91,5.54117,62.5582,407.06,993.8,0,0,0,0,0
neuromorpho__AA0928.swc,1072,pyramidal,0.993596,712,359,0,0,0,0,0,0,0,0,0,0,0,0.515973,0.319649,0.3,0.3,0.3,0.3,0.3,0.686567,0.686567,0.686567,0.686567,0.686567,0.364369,0.3,0.907303,0.815299,0.3,0.250696,0,0,0,144,0.65182,0.3,0.3,0.493056,0.5,12.7,0,2148.83,738.272,568.254,3034.85,2013.64,313.94,-11.9985,56.7299,409.69,840.06,0,0,0,0,0
neuromorpho__AA0942.swc,4205,pyramidal,0.995101,3874,330,0,0,0,0,0,0,0,0,0,0,0,0.354801,0.186262,0.3,0.3,0.3,0.3,0.3,0.920333,0.920333,0.920333,0.920333,0.920333,0.301255,0.3,0.998193,0.981451,0.987703,0.00909091,0,0,0,818,0.400048,0.3,0.3,0.854523,0.854523,10,0,3028.42,1886.95,429.802,3452.8,3070.88,214.89,-11.0608,39.8155,398.79,624.64,0,0,0,0,0
neuromorpho__AA0944.swc,3770,pyramidal,0.995921,3250,519,0,0,0,0,0,0,0,0,0,0,0,0.43821,0.276194,0.3,0.3,0.3,0.3,0.3,0.799735,0.799735,0.799735,0.799735,0.799735,0.358116,0.3,0.916308,0.938676,0.987703,0.0712909,0,0,0,857,0.462164,0.3,0.3,0.764294,0.773629,9,0,7553.88,-2561.74,1869.44,5564.74,8327.56,326.39,-4.02499,57.0254,391.22,928.92,0,0,0,0,0
neuromorpho__AA0956.swc,5893,pyramidal,0.995792,5517,375,0,0,0,0,0,0,0,0,0,0,0,0.36056,0.195289,0.3,0.3,0.3,0.3,0.3,0.912269,0.912269,0.912269,0.912269,0.912269,0.324921,0.3,0.964111,0.883172,0.3,0.152,0,0,0,1075,0.40469,0.3,0.3,0.850233,0.853953,11.6,0,9738.18,2246.28,2121.43,5115.9,8851.6,318.23,-17.1081,56.3277,616.11,903.74,0,0,0,0,0
neuromorpho__AA0999.swc,9443,pyramidal,0.994031,9255,187,0,0,0,0,0,0,0,0,0,0,0,0.319291,0.113749,0.3,0.3,0.3,0.3,0.3,0.972043,0.972043,0.972043,0.972043,0.972043,0.306678,0.3,0.990384,0.939895,0.987703,0.0695187,0,0,0,925,0.347269,0.3,0.3,0.928649,0.934054,22.6,0,5632.48,-23.7418,1221.62,2871.25,4545.88,300.98,0.935989,49.5604,240.72,470.26,0,0,0,0,0
neuromorpho__AA1000.swc,1512,pyramidal,0.988293,1219,292,0,0,0,0,0,0,0,0,0,0,0,0.522824,0.322782,0.3,0.3,0.3,0.3,0.3,0.677249,0.677249,0.677249,0.677249,0.677249,0.411075,0.3,0.840033,0.987703,0.987703,0,0,0,0,236,0.695132,0.3,0.3,0.436441,0.449153,16,0,2312.15,1206.66,779.604,1061.98,3892.9,204.78,0.0403082,34.8514,225.62,535.69,0,0,0,0,0
neuromorpho__AAS10.swc,344,pyramidal,0.394393,0,43,300,0,0,0,0,0,0,0,0,0,0,0.515488,0.259495,0.3,0.3,0.3,0.3,0.3,0.587209,0.587209,0.587209,0.872093,0.90407,0,0,0,0.901717,0.885674,0,0.458513,0.3,0.673333,40,0.670398,0.3,0.3,0.325,0.725,22.1,0,0,0,0,0,0,19.59,-4.94558,5.73491,94.12,105.24,49.11,-9.85193,12.1514,259.07,991.33
neuromorpho__AAS13.swc,520,interneuron,0.973281,0,519,0,0,0,0,0,0,0,0,0,0,0,0.978172,0.0120954,0.971335,0.971335,0.971335,0.971335,0.971335,0,0,0,0,0,0,0,0,0.97813,0.971335,0,0,0,0,125,0.975605,0.971335,0.971335,0,0,10,0,0,0,0,0,0,215.48,13.3805,31.6934,95.7,139.64,0,0,0,0,0
neuromorpho__AAS3.swc,6098,interneuron,0.98951,5446,651,0,0,0,0,0,0,0,0,0,0,0,0.799608,0.297437,0.3,0.3,0.3,0.3,0.969809,0.260413,0.263365,0.263365,0.263857,0.263857,0.775789,0.3,0.294895,0.998557,0.999666,0,0,0,0,140,0.854912,0.3,0.3,0.185714,0.2,114.4,0,138.96,-44.5369,31.9888,215.7,1129.09,43.91,-8.71026,9.0769,131.24,152.43,0,0,0,0,0
neuromorpho__ADAL.swc,19,interneuron,0.979175,18,0,0,0,0,0,0,0,0,0,0,0,0,0.971398,0.00674152,0.969809,0.969809,0.969809,0.969809,0.969809,0,0,0,0,0,0.969809,0.969809,0,0,0,0,0,0,0,2,0.984905,0.969809,0.972828,0,0,16.3,0,8.66,-0.486667,2.07294,22.88,49.56,0,0,0,0,0,0,0,0,0,0
neuromorpho__ADP16_2099_biocytin.swc,3876,interneuron,0.966834,0,3875,0,0,0,0,0,0,0,0,0,0,0,0.712671,0.305779,0.3,0.3,0.3,0.3,0.759067,0.332559,0.332559,0.332559,0.558308,0.558308,0,0,0,0.712597,0.3,0.332645,0,0,0,10,0.931981,0.3,0.773752,0.1,0.1,1265.1,0,0,0,0,0,0,30.97,-0.361812,7.95335,160.04,314.36,0,0,0,0,0
neuromorpho__ADP17_2083_biocytin.swc,2545,interneuron,0.975771,0,2544,0,0,0,0,0,0,0,0,0,0,0,0.697979,0.335581,0.3,0.3,0.3,0.3,0.971335,0.415324,0.415324,0.415324,0.415324,0.415324,0,0,0,0.697861,0.3,0.415487,0,0,0,7,0.707369,0.3,0.3,0.428571,0.428571,715.6,0,0,0,0,0,0,17,4.56958,4.69714,208.38,397.18,0,0,0,0,0
neuromorpho__ADP2_191018c1_neurobiotin.swc,4468,interneuron,0.934395,0,4467,0,0,0,0,0,0,0,0,0,0,0,0.849929,0.283232,0.3,0.3,0.3,0.971335,0.999666,0.20949,0.20949,0.20949,0.20949,0.20949,0,0,0,0.849896,0.3,0.209537,0,0,0,29,0.931905,0.3,0.789404,0.103448,0.103448,432.4,0,0,0,0,0,0,53.26,-15.4817,13.5579,379.93,498.06,0,0,0,0,0
neuromorpho__ADP3_191018c2_neurobiotin.swc,4457,interneuron,0.967507,0,4456,0,0,0,0,0,0,0,0,0,0,0,0.585148,0.318157,0.3,0.3,0.3,0.3,0.3,0.539601,0.539601,0.539601,0.693291,0.693291,0,0,0,0.585055,0.3,0.539722,0,0,0,20,0.619238,0.3,0.3,0.55,0.55,753.2,0,0,0,0,0,0,32.5,-0.256732,7.55469,254.47,443.15,0,0,0,0,0
neuromorpho__ADP4_191018c3_neurobiotin.swc,821,interneuron,0.881596,0,820,0,0,0,0,0,0,0,0,0,0,0,0.999667,1.16463e-05,0.999666,0.999666,0.999666,0.999666,0.999666,0,0,0,0,0,0,0,0,0.999666,0.999666,0,0,0,0,11,0.999696,0.999666,0.999666,0,0,176,0.342128,0,0,0,0,0,50.9,-5.29075,10.9159,74.89,204.46,0,0,0,0,0
neuromorpho__ADP7_241018c1_neurobiotin.swc,261,interneuron,0.980404,0,260,0,0,0,0,0,0,0,0,0,0,0,0.999667,2.06286e-05,0.999666,0.999666,0.999666,0.999666,0.999666,0,0,0,0,0,0,0,0,0.999666,0.999666,0,0,0,0,5,0.999733,0.999666,0.999666,0,0,132.8,0,0,0,0,0,0,22,0.0365385,5.02356,9.93,52.3,0,0,0,0,0
neuromorpho__AIZR.swc,22,interneuron,0.976676,21,0,0,0,0,0,0,0,0,0,0,0,0,0.973768,0.00572424,0.972519,0.972519,0.972519,0.972519,0.972519,0,0,0,0,0,0.972519,0.972519,0,0,0,0,0,0,0,2,0.98626,0.972519,0.975267,0,0,19,0,7.62,-1.62905,1.76456,27.85,16.01,0,0,0,0,0,0,0,0,0,0
neuromorpho__APPKO-set1-006.swc,1006,pyramidal,0.992476,0,1005,0,0,0,0,0,0,0,0,0,0,0,0.987715,0.000387504,0.987703,0.987703,0.987703,0.987703,0.987703,0,0,0,0,0,0,0,0,0.987703,0.987703,0,0,0,0,59,0.987912,0.987703,0.987703,0,0,33.2,0,0,0,0,0,0,0,0,0,220.17,268.68,0,0,0,0,0
neuromorpho__APPKO-set2-006.swc,734,pyramidal,0.99397,0,733,0,0,0,0,0,0,0,0,0,0,0,0.98772,0.000453573,0.987703,0.987703,0.987703,0.987703,0.987703,0,0,0,0,0,0,0,0,0.987703,0.987703,0,0,0,0,57,0.987919,0.987703,0.987703,0,0,24.8,0,0,0,0,0,0,0,0,0,165.64,210.45,0,0,0,0,0
neuromorpho__APPKO-set2-008.swc,929,pyramidal,0.994343,0,928,0,0,0,0,0,0,0,0,0,0,0,0.987716,0.000403227,0.987703,0.987703,0.987703,0.987703,0.987703,0,0,0,0,0,0,0,0,0.987703,0.987703,0,0,0,0,75,0.987867,0.987703,0.987703,0,0,20.6,0,0,0,0,0,0,0,0,0,219.33,228.51,0,0,0,0,0
neuromorpho__APPKO-set3-003.swc,623,pyramidal,0.988773,0,622,0,0,0,0,0,0,0,0,0,0,0,0.987723,0.000492264,0.987703,0.987703,0.987703,0.987703,0.987703,0,0,0,0,0,0,0,0,0.987703,0.987703,0,0,0,0,26,0.988176,0.987703,0.987703,0,0,43,0,0,0,0,0,0,0,0,0,213.86,194.91,0,0,0,0,0
neuromorpho__APPKO-set3-004.swc,1093,pyramidal,0.994635,0,1092,0,0,0,0,0,0,0,0,0,0,0,0.987714,0.000371777,0.987703,0.987703,0.987703,0.987703,0.987703,0,0,0,0,0,0,0,0,0.987703,0.987703,0,0,0,0,53,0.987935,0.987703,0.987703,0,0,42.6,0,0,0,0,0,0,0,0,0,278.97,337.18,0,0,0,0,0
neuromorpho__APPKO-set3-007.swc,827,pyramidal,0.991686,0,826,0,0,0,0,0,0,0,0,0,0,0,0.987718,0.000427342,0.987703,0.987703,0.987703,0.987703,0.987703,0,0,0,0,0,0,0,0,0.987703,0.987703,0,0,0,0,43,0.987989,0.987703,0.987703,0,0,38.8,0,0,0,0,0,0,0,0,0,258.71,303.11,0,0,0,0,0
neuromorpho__A_GFP_0002_final.swc,1034,pyramidal,0.996285,0,1033,0,0,0,0,0,0,0,0,0,0,0,0.987715,0.000382226,0.987703,0.987703,0.987703,0.987703,0.987703,0,0,0,0,0,0,0,0,0.987703,0.987703,0,0,0,0,142,0.98779,0.987703,0.987703,0,0,14.8,0,0,0,0,0,0,0,0,0,51.45,62.65,0,0,0,0,0
neuromorpho__A_GFP_0014_final.swc,1130,pyramidal,0.995151,0,1129,0,0,0,0,0,0,0,0,0,0,0,0.987714,0.000365645,0.987703,0.987703,0.987703,0.987703,0.987703,0,0,0,0,0,0,0,0,0.987703,0.987703,0,0,0,0,92,0.987837,0.987703,0.987703,0,0,31,0,0,0,0,0,0,0,0,0,52.19,60.66,0,0,0,0,0
neuromorpho__A_RFP_0001_2final.swc,1086,pyramidal,0.995515,0,1085,0,0,0,0,0,0,0,0,0,0,0,0.987715,0.000372972,0.987703,0.987703,0.987703,0.987703,0.987703,0,0,0,0,0,0,0,0,0.987703,0.987703,0,0,0,0,108,0.987817,0.987703,0.987703,0,0,19.9,0,0,0,0,0,0,0,0,0,52.09,86.77,0,0,0,0,0
neuromorpho__A_RFP_0001_final.swc,477,pyramidal,0.995279,0,476,0,0,0,0,0,0,0,0,0,0,0,0.987729,0.00056244,0.987703,0.987703,0.987703,0.987703,0.987703,0,0,0,0,0,0,0,0,0.987703,0.987703,0,0,0,0,48,0.987959,0.987703,0.987703,0,0,20.5,0,0,0,0,0,0,0,0,0,31.03,54.14,0,0,0,0,0
neuromorpho__A_RFP_0010_final2.swc,831,pyramidal,0.996109,0,830,0,0,0,0,0,0,0,0,0,0,0,0.987718,0.000426313,0.987703,0.987703,0.987703,0.987703,0.987703,0,0,0,0,0,0,0,0,0.987703,0.987703,0,0,0,0,69,0.987881,0.987703,0.987703,0,0,28.6,0,0,0,0,0,0,0,0,0,51.08,70.52,0,0,0,0,0
neuromorpho__A_RFP_0011_final.swc,1355,pyramidal,0.995944,0,1354,0,0,0,0,0,0,0,0,0,0,0,0.987712,0.000333934,0.987703,0.987703,0.987703,0.987703,0.987703,0,0,0,0,0,0,0,0,0.987703,0.987703,0,0,0,0,138,0.987792,0.987703,0.987703,0,0,20,0,0,0,0,0,0,0,0,0,50.08,65.8,0,0,0,0,0
neuromorpho__A_RFP_0016_final.swc,1538,pyramidal,0.995458,0,1537,0,0,0,0,0,0,0,0,0,0,0,0.987711,0.000313452,0.987703,0.987703,0.987703,0.987703,0.987703,0,0,0,0,0,0,0,0,0.987703,0.987703,0,0,0,0,137,0.987793,0.987703,0.987703,0,0,26,0,0,0,0,0,0,0,0,0,63.45,91.2,0,0,0,0,0
neuromorpho__A_RFP_0017_final.swc,1193,pyramidal,0.996054,0,1192,0,0,0,0,0,0,0,0,0,0,0,0.987714,0.000355868,0.987703,0.987703,0.987703,0.987703,0.987703,0,0,0,0,0,0,0,0,0.987703,0.987703,0,0,0,0,145,0.987788,0.987703,0.987703,0,0,16.2,0,0,0,0,0,0,0,0,0,63.33,80.42,0,0,0,0,0
neuromorpho__Anstoetz_PV-IN19.swc,2257,interneuron,0.964349,0,2256,0,0,0,0,0,0,0,0,0,0,0,0.866987,0.274276,0.3,0.3,0.3,0.999666,0.999666,0.189632,0.189632,0.189632,0.189632,0.189632,0,0,0,0.866928,0.3,0.189716,0,0,0,45,0.899122,0.3,0.3,0.133333,0.133333,121.6,0,0,0,0,0,0,146.81,-10.7998,19.9289,179.14,586.94,0,0,0,0,0
neuromorpho__Anstoetz_PV-IN20.swc,6074,interneuron,0.995849,5766,307,0,0,0,0,0,0,0,0,0,0,0,0.998308,0.0271027,0.3,0.999666,0.999757,0.999757,0.999757,0.00148173,0.00148173,0.00148173,0.00148173,0.00148173,0.999327,0.999757,0,0.979155,0.999666,0.029316,0,0,0,424,0.999411,0.3,0.999757,0,0,29,0,154.32,-18.6016,31.4865,148.86,454.92,44.53,-1.34208,6.87898,81.75,320.58,0,0,0,0,0
neuromorpho__Anstoetz_PV-IN3.swc,1092,interneuron,0.626421,0,1091,0,0,0,0,0,0,0,0,0,0,0,0.932452,0.0746693,0.3,0.939414,0.939414,0.939414,0.941915,0.0137363,0.0137363,0.0137363,0.0137363,0.0137363,0,0,0,0.93239,0.939414,0.0137489,0,0,0,26,0.940968,0.3,0.939414,0,0,93.5,0,0,0,0,0,0,94.35,-8.9338,19.119,240.89,411.35,0,0,0,0,0
neuromorpho__Anstoetz_PV-IN9.swc,1096,interneuron,0.829675,0,1095,0,0,0,0,0,0,0,0,0,0,0,0.984984,0.100287,0.3,0.999666,0.999666,0.999666,0.999666,0.0209854,0.0209854,0.0209854,0.0209854,0.0209854,0,0,0,0.98497,0.999666,0.0210046,0,0,0,27,0.946434,0.3,0.984361,0.0740741,0.0740741,95,-0.00333333,0,0,0,0,0,62.21,2.91775,10.4238,147.19,213.28,0,0,0,0,0
neuromorpho__Anstoetz_SLM_IN10.swc,1481,interneuron,0.479034,658,822,0,0,0,0,0,0,0,0,0,0,0,0.809549,0.223179,0.3,0.3,0.3,0.826142,0.941961,0.15395,0.15395,0.15395,0.15395,0.444294,0.643832,0.3,0.346505,0.941972,0.941961,0,0,0,0,87,0.802399,0.3,0.3,0.16092,0.183908,39.8,0,127.28,5.25924,17.8457,318.79,282.76,57.36,1.27592,11.5344,190.52,159.01,0,0,0,0,0
neuromorpho__Anstoetz_SLM_IN6.swc,690,interneuron,0.917019,0,689,0,0,0,0,0,0,0,0,0,0,0,0.795851,0.317903,0.3,0.3,0.3,0.3,0.999666,0.291304,0.291304,0.291304,0.291304,0.291304,0,0,0,0.795555,0.3,0.291727,0,0,0,34,0.828361,0.3,0.3,0.235294,0.264706,42.4,0,0,0,0,0,0,65.66,20.222,13.124,261.36,497.57,0,0,0,0,0
neuromorpho__Anstoetz_Toolbox-IN17.swc,425,interneuron,0.745902,0,424,0,0,0,0,0,0,0,0,0,0,0,0.999667,1.61777e-05,0.999666,0.999666,0.999666,0.999666,0.999666,0,0,0,0,0,0,0,0,0.999666,0.999666,0,0,0,0,30,0.999677,0.999666,0.999666,0,0,23.4,0,0,0,0,0,0,60.2,-4.38835,11.8016,83.17,282.7,0,0,0,0,0
neuromorpho__Anstoetz_Toolbox-IN4.swc,3373,interneuron,0.993476,3064,308,0,0,0,0,0,0,0,0,0,0,0,0.982801,0.103796,0.3,0.980046,0.999555,0.999757,0.999757,0.0225319,0.0225319,0.0225319,0.0225319,0.0225319,0.9811,0.999555,0.0248042,0.999666,0.999666,0,0,0,0,176,0.987667,0.3,0.999555,0.0113636,0.0113636,45,0,214.34,3.7579,34.9044,351.21,343.7,33.4,5.83688,7.48084,81.7,113.98,0,0,0,0,0
neuromorpho__Anstoetz_Toolbox-IN5.swc,2126,interneuron,0.691537,0,2125,0,0,0,0,0,0,0,0,0,0,0,0.997401,0.00768435,0.971335,0.971335,0.999666,0.999666,0.999666,0,0,0,0,0,0,0,0,0.9974,0.999666,0,0,0,0,104,0.998307,0.971335,0.999666,0,0,44,0,0,0,0,0,0,60.73,-3.56102,10.1527,227.65,232.44,0,0,0,0,0
neuromorpho__B1-F2-cell1.swc,251,interneuron,0.875745,0,250,0,0,0,0,0,0,0,0,0,0,0,0.999667,2.10339e-05,0.999666,0.999666,0.999666,0.999666,0.999666,0,0,0,0,0,0,0,0,0.999666,0.999666,0,0,0,0,35,0.999676,0.999666,0.999666,0,0,13.8,-1.80667,0,0,0,0,0,23.74,-0.871493,5.73113,85.93,126.93,0,0,0,0,0
neuromorpho__B177.swc,6483,interneuron,0.97849,1504,4978,0,0,0,0,0,0,0,0,0,0,0,0.598389,0.324055,0.3,0.3,0.3,0.3,0.3,0.532932,0.532932,0.532932,0.618232,0.618232,0.784235,0.3,0.280585,0.542159,0.3,0.609281,0,0,0,74,0.660943,0.3,0.3,0.472973,0.540541,232.9,0,169.24,89.3494,38.223,251.82,342.36,470.3,-26.4831,93.4648,574.7,623.58,0,0,0,0,0
neuromorpho__B1_slide1_3.swc,292,pyramidal,0.948403,0,211,80,0,0,0.130137,0.130137,0.0229677,-0.130137,0.130137,0,0,0,0.968078,0.0471527,0.820019,0.827689,0.888638,0.982145,0.987703,0,0,0,0,0.130137,0,0,0,0.962608,0.852343,0,0.982107,0.982145,0,40,0.968334,0.820019,0.885008,0,0,13,-10.2586,0,0,0,0,0,121.05,3.4753,27.1544,242.18,278.57,54.3,-22.7234,12.051,148.65,181.94
neuromorpho__B1_slide1_7.swc,544,pyramidal,0.974123,31,201,311,0,0,0,0,0,0,0,0,0,0,0.904461,0.218811,0.3,0.3,0.3,0.982145,0.982145,0.115809,0.115809,0.115809,0.115809,0.115809,0.706142,0.3,0.387097,0.977276,0.987703,0.0149254,0.876862,0.3,0.154341,73,0.920896,0.3,0.836691,0.0821918,0.0958904,15.8,-9.70429,84.31,-42.738,24.8866,38.87,205.94,80.8,1.05269,15.5511,356.1,185.61,80.01,5.27618,15.7759,218.42,632.05
neuromorpho__B1_slide1_neuron1.swc,512,pyramidal,0.986934,17,270,224,0,0,0,0,0,0,0,0,0,0,0.978821,0.067489,0.3,0.982145,0.982145,0.982145,0.987703,0.00976562,0.00976562,0.00976562,0.00976562,0.00976562,0.994317,0.994317,0,0.980062,0.987703,0.0111111,0.976054,0.982145,0.00892857,61,0.983028,0.3,0.982145,0,0,17,-14.498,14.62,-0.334353,5.10923,109.68,71.62,103.39,-7.89774,23.4131,231,308.34,91.94,-3.2245,20.1809,225.59,367
neuromorpho__B1_slide1_neuron2.swc,231,pyramidal,0.991029,0,121,109,0,0,0,0,0,0,0,0,0,0,0.984992,0.00290903,0.982145,0.982145,0.982145,0.982145,0.983606,0,0,0,0,0,0,0,0,0.987432,0.987703,0,0.982145,0.982145,0,31,0.985278,0.982145,0.982145,0,0,13,-16.789,0,0,0,0,0,68.57,15.3212,13.3909,220.44,129.73,66.49,12.1128,14.0679,149.3,221.24
neuromorpho__B1_slide2_3.swc,810,pyramidal,0.944867,16,448,345,0,0,0,0,0,0,0,0,0,0,0.928934,0.188886,0.3,0.3,0.982145,0.982145,0.987703,0.082716,0.082716,0.082716,0.082716,0.082716,0.994317,0.994317,0,0.960072,0.987703,0.0401786,0.885261,0.3,0.142029,42,0.948022,0.3,0.982145,0.047619,0.047619,36.9,-20.8517,10,-17.2146,4.24709,26.13,3.61,69.47,-0.53811,14.786,107.15,261.99,67.56,5.67338,16.3435,148.91,358.73
neuromorpho__B1_slide2_5.swc,348,pyramidal,0.949136,35,134,178,0,0,0,0,0,0,0,0,0,0,0.951834,0.147769,0.3,0.982145,0.982145,0.982145,0.982145,0.0488506,0.0488506,0.0488506,0.0488506,0.0488506,0.79594,0.3,0.285714,0.987564,0.987703,0,0.955319,0.982145,0.0393258,52,0.978128,0.3,0.982145,0,0.0192308,10,-11.1344,64.38,23.8156,20.7982,86.62,260.71,94.12,15.3741,18.8002,143.28,135.83,103.29,-6.11202,25.9502,191.02,238.63
neuromorpho__B1_slide2_7.swc,367,pyramidal,0.97948,35,246,85,0,0,0,0,0,0,0,0,0,0,0.956551,0.14021,0.3,0.981687,0.982145,0.982145,0.987693,0.0435967,0.0435967,0.0435967,0.0435967,0.0435967,0.676963,0.3,0.457143,0.98732,0.986572,0,0.982118,0.982145,0,48,0.980004,0.3,0.982145,0.0208333,0.0208333,12.3,-12.5667,25.72,33.193,8.1793,97.27,275.76,104.74,13.1541,21.4894,255.71,274,64.64,1.10408,14.1029,128.87,282.73
neuromorpho__B1_slide2_neuron2_II_III.swc,806,interneuron,0.39259,131,674,0,0,0,0,0,0,0,0,0,0,0,0.853604,0.191975,0.3,0.3,0.677092,0.937912,0.937912,0.0905707,0.0905707,0.194789,0.194789,0.194789,0.541799,0.3,1,0.91399,0.937912,0.0385757,0,0,0,51,0.869729,0.3,0.677092,0.137255,0.137255,29,-15.04,92.69,35.6499,33.4611,202.69,268.16,92.72,-4.73209,16.9676,218.14,374.96,0,0,0,0,0
neuromorpho__B1_slide2_neuron3.swc,1053,pyramidal,0.979259,67,496,489,0,0,0,0,0,0,0,0,0,0,0.922769,0.195058,0.3,0.3,0.964003,0.982145,0.982145,0.0892688,0.0892688,0.0892688,0.0892688,0.0892688,0.924361,0.964003,0.0597015,0.979384,0.987703,0.0120968,0.864967,0.3,0.171779,60,0.934635,0.3,0.925942,0.0666667,0.0833333,33.1,-17.7292,11.82,-2.86674,3.8624,19.65,144.94,92.62,9.04758,24.4196,153.83,208.49,88.71,3.30592,22.2682,186.12,340.05
neuromorpho__B1_slide2_neuron5.swc,1025,pyramidal,0.976952,30,619,375,0,0,0,0,0.0286037,0,0,0,0,0,0.913979,0.209644,0.3,0.3,0.3,0.982145,0.987703,0.10439,0.10439,0.10439,0.10439,0.10439,0.994405,0.994405,0,0.972235,0.977783,0.0210016,0.811154,0.3,0.250667,44,0.950913,0.3,0.982145,0.0454545,0.0454545,51.1,-15.563,10.05,6.164,2.13785,62.96,16.45,109.46,13.7951,22.9746,255.89,275.35,82.47,13.3643,16.8119,104.75,352.6
neuromorpho__B1_slide2_neuron5_II_III.swc,942,pyramidal,0.958932,210,248,483,0,0,0,0,0.0083392,0,0,0,0,0,0.980575,0.0177841,0.911675,0.912246,0.981687,0.982145,0.982145,0,0,0,0,0,0.988073,0.987126,0,0.987703,0.987703,0,0.973615,0.912246,0,55,0.981541,0.911675,0.981687,0,0,29,-19.9458,87.89,5.96879,17.7397,180.1,296,65.97,7.23543,17.3459,182.69,159.22,91.74,5.49339,12.1704,208.24,217.37
neuromorpho__B1_slide3_12.swc,328,pyramidal,0.986281,23,152,152,0,0,0,0,0,0,0,0,0,0,0.904334,0.22203,0.3,0.3,0.3,0.982145,0.987703,0.118902,0.118902,0.118902,0.118902,0.118902,0.934022,0.994405,0.0869565,0.987459,0.987703,0,0.816086,0.3,0.243421,41,0.917454,0.3,0.934022,0.097561,0.097561,15,-12.6414,29.13,7.09404,11.3021,30.1,166.17,93.97,-11.0053,17.1748,227.43,175.35,63.22,-1.85502,12.1918,128.21,529.13
neuromorpho__B1_slide3_2.swc,514,pyramidal,0.990583,25,151,337,0,0,0,0,0,0,0,0,0,0,0.922192,0.186004,0.3,0.3,0.84621,0.982145,0.982145,0.0797665,0.0797665,0.0797665,0.0797665,0.128405,0.834916,0.814838,0,0.987544,0.987703,0,0.899154,0.3,0.121662,63,0.947483,0.3,0.873397,0.047619,0.0634921,14.8,-15.4167,10.01,5.47507,2.91757,51.46,104.71,64.77,0.338057,13.3285,209.16,209.74,83.72,7.76219,14.3554,324.26,710.8
neuromorpho__B1_slide3_neuron2.swc,562,pyramidal,0.988658,31,274,256,0,0,0,0,0,0,0,0,0,0,0.968331,0.0986707,0.3,0.982145,0.982145,0.982145,0.987703,0.019573,0.019573,0.019573,0.0355872,0.0355872,0.792803,0.3,0.290323,0.975168,0.987703,0.00729927,0.982145,0.982145,0,55,0.976568,0.3,0.982145,0,0.0363636,20.6,-20.32,12.94,0.972581,2.90964,22.43,257.8,98.65,20.956,22.9124,264.67,258.19,103.37,8.22109,24.0025,214.48,284.36
neuromorpho__B1_slide4_2.swc,496,pyramidal,0.988569,22,217,256,0,0,0,0,0,0,0,0,0,0,0.795204,0.289859,0.3,0.3,0.3,0.563301,0.982145,0.219758,0.3125,0.3125,0.3125,0.3125,0.836586,0.3,0.227273,0.880736,0.563301,0.235023,0.718347,0.3,0.386719,51,0.840028,0.3,0.3,0.215686,0.235294,20,-13.9488,32.43,-7.71716,10.2458,24.66,272.95,88.84,5.97175,23.1517,212.67,343.07,106.95,23.0584,20.7377,421.95,631.43
neuromorpho__B1_slide4_6.swc,1079,pyramidal,0.994976,6,457,615,0,0,0,0,0.00522368,0,0,0,0,0,0.981234,0.0465925,0.3,0.982145,0.982145,0.982145,0.982145,0.00463392,0.00463392,0.00463392,0.00463392,0.00463392,0.962569,0.962569,0,0.987682,0.987703,0,0.976594,0.982145,0.00813008,77,0.983092,0.3,0.982145,0,0,29.8,-24.8593,0,-0.400667,0,3.14,26.68,89.91,-8.72802,17.6157,263.48,227.32,98.8,-5.20945,16.1006,229.93,547.13
neuromorpho__B1_slide4_neuron1.swc,655,pyramidal,0.989511,97,231,326,0,0,0,0,0,0,0,0,0,0,0.951914,0.096779,0.3,0.814838,0.84621,0.982145,0.982145,0.0137405,0.0137405,0.0137405,0.048855,0.160305,0.819719,0.758902,0.0103093,0.964554,0.987703,0.034632,0.982145,0.982145,0,79,0.968782,0.3,0.965555,0,0.0126582,16.2,-12.2455,63.05,-19.225,13.8139,153.37,240.19,96.42,4.53,21.8978,230.02,323.96,106.21,-3.34608,19.5239,233.05,286.87
neuromorpho__B1_slide4_neuron1_II_III.swc,909,pyramidal,0.978318,131,368,409,0,0,0,0,0,0,0,0,0,0,0.986182,0.00426902,0.982145,0.982145,0.982145,0.982145,0.987703,0,0,0,0,0,0.994405,0.994405,0,0.987703,0.987703,0,0.982145,0.982145,0,54,0.98639,0.982145,0.982145,0,0,35.7,-19.3536,40.53,-0.877432,10.5842,104.9,386.95,94.1,16.6808,22.0664,156.77,154.87,82.29,18.7062,16.8498,173.61,231.4
neuromorpho__B1_slide4_neuron3.swc,421,pyramidal,0.969854,29,252,139,0,0,0,0,0,0,0,0,0,0,0.830202,0.288172,0.3,0.3,0.3,0.982145,0.987703,0.228029,0.228029,0.228029,0.228029,0.228029,0.659129,0.3,0.482759,0.946769,0.987703,0.0595238,0.653341,0.3,0.482014,43,0.804689,0.3,0.3,0.255814,0.302326,19.8,-14.0237,30.4,6.19341,8.28372,12.97,382.3,102.11,5.93327,26.1574,445.2,427.32,62.65,1.12871,15.1562,163.64,503.94
neuromorpho__B2-F1-cell1.swc,372,interneuron,0.93847,0,371,0,0,0,0,0,0,0,0,0,0,0,0.999667,1.72889e-05,0.999666,0.999666,0.999666,0.999666,0.999666,0,0,0,0,0,0,0,0,0.999666,0.999666,0,0,0,0,81,0.99967,0.999666,0.999666,0,0,10,-3.59667,0,0,0,0,0,13.28,8.39435,2.68162,51.01,84.31,0,0,0,0,0
neuromorpho__B2-F2-cell1.swc,303,interneuron,0.7234,0,302,0,0,0,0,0,0,0,0,0,0,0,0.999052,0.00368774,0.971335,0.999666,0.999666,0.999666,0.999666,0,0,0,0,0,0,0,0,0.999049,0.999666,0,0,0,0,59,0.999107,0.971335,0.999666,0,0,9.2,0.6725,0,0,0,0,0,25.71,3.51982,5.61018,46.35,58.1,0,0,0,0,0
neuromorpho__B2-F3.swc,349,interneuron,0.758351,228,120,0,0,0,0,0,0,0,0,0,0,0,0.949449,0.0514567,0.619835,0.895604,0.895604,0.935878,0.935878,0,0,0.0114613,0.025788,0.106017,0.926713,0.895604,0.00877193,0.992227,0.999666,0.0166667,0,0,0,89,0.932323,0.619835,0.894737,0.0224719,0.0786517,8,0.698,11.32,18.3043,2.69027,47.03,24.58,13.19,17.4054,2.85173,21.67,35.83,0,0,0,0,0
neuromorpho__B2_slide1_7.swc,385,pyramidal,0.989702,11,152,221,0,0,0,0,0,0,0,0,0,0,0.983618,0.00552518,0.955912,0.981687,0.982145,0.982145,0.982145,0,0,0,0,0,0.955912,0.955912,0,0.987703,0.987703,0,0.982112,0.982145,0,58,0.983788,0.955912,0.982145,0,0,12,-17.617,24.37,35.5997,7.36988,45.83,71.84,64.29,27.1755,13.7482,216.07,215.09,57.49,11.4899,13.3657,271.93,246.26
neuromorpho__B2_slide2_13.swc,475,pyramidal,0.913707,30,244,200,0,0,0.258947,0.258947,0.026367,-0.132632,0.132632,0,0,0,0.936979,0.133097,0.3,0.792233,0.827469,0.982145,0.982145,0.0357895,0.0357895,0.0357895,0.0526316,0.164211,0.600909,0.3,0.566667,0.94102,0.827469,0,0.982145,0.982145,0,58,0.954115,0.3,0.868785,0.0172414,0.0517241,15,-6.92833,58.99,-36.0543,17.5919,83.85,313.77,81.04,0.705464,18.8654,253.87,302.47,55.38,7.09603,12.3192,222.34,238.69
neuromorpho__B2_slide2_3.swc,317,pyramidal,0.991009,13,134,169,0,0,0,0,0,0,0,0,0,0,0.787366,0.306585,0.3,0.3,0.3,0.3,0.982145,0.280757,0.280757,0.280757,0.309148,0.309148,0.994317,0.994317,0,0.973115,0.987703,0,0.622909,0.3,0.526627,34,0.817959,0.3,0.3,0.235294,0.264706,14.7,-17.3678,6.24,-14.6253,2.11514,100.16,21.42,68.93,-5.6823,16.4195,153.33,170.54,77.13,-6.50571,20.284,180.46,629.96
neuromorpho__B2_slide2_4.swc,636,pyramidal,0.971722,81,338,216,0,0,0,0,0,0,0,0,0,0,0.948566,0.0667937,0.81236,0.814838,0.814838,0.982145,0.982145,0,0,0,0,0.234277,0.814562,0.81236,0,0.959078,0.844913,0,0.982131,0.982145,0,40,0.944955,0.81236,0.814838,0,0,27,-26.1843,64.32,-41.7245,18.0296,91.02,108.05,91.31,-9.15497,20.9575,237.72,271.03,46.2,26.7622,11.6834,174.15,212.84
neuromorpho__B2_slide2_6.swc,275,pyramidal,0.98166,21,91,162,0,0,0,0,0,0,0,0,0,0,0.984762,0.00379172,0.981639,0.982145,0.982145,0.982145,0.982145,0,0,0,0,0,0.994317,0.994317,0,0.987109,0.9841,0,0.982112,0.982145,0,40,0.984575,0.981639,0.982145,0,0,14,-16.2173,18.39,-9.77654,7.70247,41.34,169.83,67.19,6.07255,15.7726,150.62,148.17,90.5,-9.03341,18.3585,167.32,272.12
neuromorpho__B2_slide2_neuron1.swc,291,pyramidal,0.993124,36,120,134,0,0,0,0,0,0,0,0,0,0,0.945448,0.160813,0.3,0.3,0.982145,0.982145,0.982145,0.0584192,0.0584192,0.0584192,0.0584192,0.0584192,0.666491,0.3,0.472222,0.987703,0.987703,0,0.982145,0.982145,0,38,0.976502,0.3,0.982145,0.0263158,0.0263158,13,-15.2691,35.79,4.57298,10.6622,29.69,360.47,81.85,7.25984,17.0106,207.64,156.53,99.51,8.36305,25.2258,161.1,223.08
neuromorpho__B2_slide2_neuron3.swc,478,pyramidal,0.987101,40,217,220,0,0,0,0,0,0,0,0,0,0,0.93953,0.168679,0.3,0.3,0.981639,0.982145,0.982145,0.0648536,0.0648536,0.0648536,0.0648536,0.0648536,0.612482,0.3,0.55,0.96273,0.987703,0.0322581,0.975835,0.981639,0.00909091,52,0.972011,0.3,0.981639,0.0192308,0.0192308,20.8,-13.6155,54.14,27.8485,15.2727,77.71,446.58,92.1,13.861,21.2757,357.89,267.24,116.63,-24.6025,27.1046,222.54,290.39
neuromorpho__B2_slide3_13.swc,426,pyramidal,0.995394,15,159,251,0,0,0,0,0,0,0,0,0,0,0.848041,0.266498,0.3,0.3,0.3,0.981639,0.982145,0.187793,0.187793,0.187793,0.223005,0.223005,0.768974,0.768974,0,0.981803,0.987703,0.00628931,0.767428,0.3,0.314741,43,0.876418,0.3,0.3,0.162791,0.186047,15,-17.6211,5.88,23.8251,2.09511,26.14,132.36,59.81,-11.1307,13.577,269.22,282.8,74.22,6.09625,13.9494,191.45,794.61
neuromorpho__B2_slide3_3.swc,485,pyramidal,0.986345,22,180,282,0,0,0,0,0,0,0,0,0,0,0.93943,0.145451,0.3,0.576861,0.982145,0.982145,0.982145,0.028866,0.057732,0.0948454,0.0948454,0.0948454,0.564052,0.3,1,0.944581,0.987703,0.0944444,0.965212,0.982145,0.0248227,54,0.963699,0.3,0.982145,0.037037,0.0555556,15.7,-10.863,19.77,10.6294,4.98019,110.9,157.42,102.78,20.3886,20.4441,211.88,263.08,114.09,-4.90044,19.6274,273.77,539.13
neuromorpho__B2_slide3_neuron1.swc,356,pyramidal,0.863969,0,214,141,0,0,0.396067,0.396067,0.0536807,0,-0.396067,0.396067,0.396067,0,0.855055,0.148428,0.3,0.642173,0.670504,0.744694,0.854869,0.0168539,0.0252809,0.123596,0.412921,0.516854,0,0,0,0.943747,0.854869,0.0280374,0.719417,0.642173,0.269504,55,0.852903,0.3,0.670504,0.145455,0.472727,14,-8.02667,0,0,0,0,0,102.19,12.1845,20.607,200.5,382.04,102.36,-2.46929,24.5596,184.08,135.4
neuromorpho__B3_slide1_5.swc,849,pyramidal,0.982245,22,355,471,0,0,0,0,0,0,0,0,0,0,0.968395,0.101219,0.3,0.982145,0.982145,0.982145,0.982145,0.0223793,0.0223793,0.0223793,0.0223793,0.0223793,0.962653,0.962653,0,0.965792,0.984018,0.0309859,0.970559,0.982145,0.0169851,31,0.977407,0.3,0.982145,0,0,55,-20.36,8.86,-2.58591,3.24232,28.29,13.21,55.07,15.1008,11.2177,204.6,193.82,107.98,1.81314,19.0529,207.71,439.81
neuromorpho__B3_slide1_8.swc,414,pyramidal,0.994022,15,193,205,0,0,0,0,0,0,0,0,0,0,0.960498,0.128107,0.3,0.981968,0.982145,0.982145,0.987703,0.0362319,0.0362319,0.0362319,0.0362319,0.0362319,0.994343,0.994343,0,0.987703,0.987703,0,0.932217,0.981841,0.0731707,58,0.959367,0.3,0.982145,0.0344828,0.0344828,15,-17.5862,25.85,-2.85308,7.51547,14.3,137.38,103.51,-14.7382,24.8442,284.2,286.62,83.71,-13.5643,17.0126,137.51,450.04
neuromorpho__B3_slide1_9.swc,470,pyramidal,0.96017,29,176,264,0,0,0,0,0,0,0,0,0,0,0.891407,0.225977,0.3,0.3,0.3,0.982145,0.982145,0.125532,0.125532,0.125532,0.125532,0.174468,0.86503,0.84621,0,0.987703,0.987703,0,0.829696,0.3,0.223485,66,0.894127,0.3,0.3,0.121212,0.121212,14,-9.87143,25.04,-5.51547,6.48289,178.85,123.32,48.65,8.75649,12.1098,143.57,151.41,75.99,7.217,14.7737,242.43,571.43
neuromorpho__B3_slide1_neuron3.swc,802,pyramidal,0.985079,38,446,317,0,0,0,0,0,0,0,0,0,0,0.97889,0.0452938,0.3,0.906043,0.982145,0.982145,0.987703,0.00374065,0.00374065,0.00374065,0.00374065,0.00374065,0.902038,0.902038,0,0.983077,0.987703,0.00672646,0.982145,0.982145,0,42,0.982563,0.3,0.982145,0,0,38.9,-20.1491,10.11,11.9886,3.67795,60.19,84.93,91.45,4.5281,19.7216,216.29,200.93,78.83,-13.4574,17.7445,129.98,208.3
neuromorpho__B3_slide1_neuron6.swc,987,pyramidal,0.840193,15,316,655,0,0,0,0,0,0,0,0,0,0,0.836812,0.27901,0.3,0.3,0.3,0.982145,0.982145,0.211753,0.211753,0.211753,0.211753,0.22695,0.814838,0.814838,0,0.950564,0.987703,0.0537975,0.782188,0.3,0.29313,47,0.882326,0.3,0.3,0.148936,0.148936,42.8,-20.6269,8.18,3.54492,2.6258,14.2,15.7,65.34,29.3348,14.7696,201.45,152.9,68.9,27.6962,18.1927,252.25,614.55
neuromorpho__B3_slide2_12.swc,1168,pyramidal,0.92658,98,617,452,0,0,0,0,0.0164371,0,0,0,0,0,0.847356,0.242776,0.3,0.3,0.3,0.844913,0.982145,0.151541,0.171233,0.171233,0.171233,0.329623,0.650301,0.3,0.357143,0.910124,0.830628,0.076175,0.804063,0.3,0.261062,47,0.856785,0.3,0.3,0.191489,0.191489,51.2,-18.7264,17.86,11.5572,4.71578,14.74,247.27,76.24,6.15189,18.3343,222.62,398.63,100.05,14.6259,20.0262,140.58,479.05
neuromorpho__B3_slide2_13.swc,375,pyramidal,0.978926,33,118,223,0,0,0,0,0,0,0,0,0,0,0.958271,0.12619,0.3,0.84621,0.981639,0.982145,0.982145,0.0346667,0.0346667,0.0346667,0.0346667,0.0533333,0.720798,0.3,0.393939,0.97931,0.987703,0,0.982093,0.98174,0,41,0.974641,0.3,0.982145,0,0.0243902,18,-9.21429,30.18,-8.12571,10.4869,144,337.38,56.32,3.55369,12.2669,193.39,291.57,100.77,9.31325,20.6681,191.29,267.2
neuromorpho__B3_slide2_2.swc,734,pyramidal,0.98867,17,391,325,0,0,0,0,0.0111251,0,0,0,0,0,0.884629,0.222066,0.3,0.3,0.3,0.982145,0.982145,0.110354,0.128065,0.155313,0.196185,0.196185,0.955912,0.955912,0,0.904861,0.653953,0.138107,0.856206,0.3,0.184615,76,0.890509,0.3,0.547441,0.157895,0.184211,19,-12.9838,27.15,-4.83978,9.63263,107.68,57.97,102.88,-4.58275,27.9176,432.01,450.8,90.34,-12.3087,18.4265,374.19,824.94
neuromorpho__B3_slide2_20.swc,1583,pyramidal,0.989352,0,696,886,0,0,0,0,0,0,0,0,0,0,0.816217,0.295165,0.3,0.3,0.3,0.981148,0.981148,0.246368,0.246368,0.246368,0.246368,0.246368,0,0,0,0.984739,0.987703,0.00431034,0.683626,0.3,0.436795,88,0.794934,0.3,0.3,0.272727,0.272727,41.9,-15.7362,0,0,0,0,0,122.47,12.9757,21.4737,361.4,251.79,169.51,-33.3927,42.0933,288.91,752.56
neuromorpho__B3_slide2_3.swc,229,pyramidal,0.9231,8,67,153,0,0,0,0,0,0,0,0,0,0,0.786442,0.298921,0.3,0.3,0.3,0.3,0.982145,0.262009,0.292576,0.292576,0.292576,0.327511,0.940273,0.940273,0,0.928986,0.744606,0.104478,0.714581,0.3,0.392157,20,0.873636,0.3,0.544841,0.15,0.2,20.2,-12.5675,4.19,-3.95,1.83377,9.16,33.18,51.13,-14.5394,11.176,158.91,128.69,45.76,-5.92662,9.71463,127.91,622.61
neuromorpho__B3_slide2_4.swc,474,pyramidal,0.944588,23,265,185,0,0,0,0,0,0,0,0,0,0,0.897258,0.187869,0.3,0.504954,0.514081,0.982145,0.982145,0.0379747,0.14557,0.151899,0.194093,0.194093,0.783064,0.3,0.304348,0.847521,0.504954,0.245283,0.982145,0.982145,0,44,0.920802,0.3,0.715099,0.113636,0.159091,20,-6.085,47.62,14.3433,13.9176,79.18,244.31,113.88,2.46428,28.842,353.88,340.73,92.56,-10.9912,21.9667,244.77,525.99
neuromorpho__B3_slide2_neuron5.swc,582,pyramidal,0.992923,28,297,256,0,0,0,0,0,0,0,0,0,0,0.95797,0.111448,0.3,0.682778,0.982145,0.982145,0.982145,0.0206186,0.024055,0.0515464,0.0515464,0.0515464,0.751528,0.3,0.25,0.956454,0.987703,0.0774411,0.982145,0.982145,0,69,0.969831,0.3,0.982145,0.0289855,0.0434783,18,-14.34,50.88,36.1996,17.2277,25.1,244.87,105.69,10.1551,29.2002,316.81,242.04,89.28,-1.25148,21.3414,224.15,292.66
neuromorpho__B3_slide3_5.swc,290,pyramidal,0.987863,24,163,102,0,0,0,0,0,0,0,0,0,0,0.974992,0.0800023,0.3,0.968414,0.98078,0.982145,0.983576,0.0137931,0.0137931,0.0137931,0.0137931,0.0137931,0.878671,0.3,0.166667,0.98457,0.98078,0,0.982105,0.982145,0,34,0.981343,0.3,0.981791,0,0,13.7,-16.53,18.41,0.0241667,6.11822,215.97,23.35,67.42,4.16798,15.7017,185.93,314.51,112.35,12.9118,29.6488,182.21,170.6
neuromorpho__B4_Slide2_12.swc,414,pyramidal,0.969032,20,276,117,0,0,0,0,0,0,0,0,0,0,0.979223,0.0587939,0.3,0.981639,0.982145,0.982145,0.987703,0.00724638,0.00724638,0.00724638,0.00724638,0.00724638,0.844232,0.3,0.15,0.987703,0.987703,0,0.982115,0.982145,0,60,0.983934,0.3,0.982145,0,0,13.1,-9.41222,17.45,23.3327,6.60552,146.82,120.73,89.19,-2.17531,20.4036,226.75,311.12,79.56,-10.093,19.2503,205.28,280.96
neuromorpho__B4_slide1_neuron2.swc,300,pyramidal,0.976884,24,111,164,0,0,0,0,0.0243087,0,0,0,0,0,0.937889,0.149879,0.3,0.504153,0.940273,0.982145,0.982145,0.0366667,0.0566667,0.0766667,0.0766667,0.0766667,0.806883,0.3,0.208333,0.93714,0.617776,0.108108,0.957188,0.982145,0.0365854,26,0.937889,0.3,0.809246,0.0769231,0.0769231,23,-14.4925,34.58,9.49042,11.982,129.35,129.95,58.35,-4.50101,15.8008,239.79,203.87,99.92,-9.99762,25.2406,247.41,393.91
neuromorpho__B4_slide2_3.swc,390,pyramidal,0.993892,9,171,209,0,0,0,0,0,0,0,0,0,0,0.865211,0.259774,0.3,0.3,0.3,0.982145,0.982145,0.174359,0.174359,0.174359,0.174359,0.174359,0.962653,0.962653,0,0.97966,0.987703,0.0116959,0.766731,0.3,0.315789,48,0.890292,0.3,0.3,0.125,0.145833,16.3,20.2209,38.78,28.1491,13.991,10.6,85.27,79.1,-4.63442,15.2234,240.62,230.27,67.51,-18.1645,12.7842,269.46,674.98
neuromorpho__B4_slide2_neuron1_II_III.swc,805,pyramidal,0.868647,277,217,310,0,0,0,0,0.0116918,0,0,0,0,0,0.927218,0.19054,0.3,0.3,0.977383,0.982145,0.987126,0.084472,0.084472,0.084472,0.084472,0.084472,0.818445,0.3,0.245487,0.987703,0.987703,0,0.981838,0.982145,0,45,0.919367,0.3,0.851301,0.0888889,0.111111,35,-25.385,47.66,5.75081,9.77003,311.34,445.08,62.26,-22.3547,13.2178,191.58,196.37,55.44,-4.7109,12.9392,120.61,231.1
neuromorpho__B4_slide3_1.swc,619,pyramidal,0.991838,17,275,326,0,0,0,0,0,0,0,0,0,0,0.845611,0.269661,0.3,0.3,0.3,0.982145,0.982145,0.184168,0.216478,0.216478,0.216478,0.216478,0.994405,0.994405,0,0.946854,0.985272,0.0872727,0.751973,0.3,0.337423,71,0.819262,0.3,0.3,0.239437,0.239437,19,-17.1756,20.53,0.929673,6.73229,62.85,129.52,93.25,-10.807,17.2218,276.65,437.32,87.3,-3.84033,15.3915,272.61,737.84
neuromorpho__B4_slide3_14.swc,512,pyramidal,0.986871,13,232,266,0,0,0,0,0,0,0,0,0,0,0.877972,0.244436,0.3,0.3,0.3,0.982145,0.982145,0.150391,0.150391,0.150391,0.150391,0.175781,0.827416,0.827416,0,0.978419,0.987681,0.012931,0.792375,0.3,0.278195,60,0.887488,0.3,0.3,0.133333,0.133333,15.2,-12.3438,7.48,15.7237,3.02637,18.64,126.63,71.92,-0.300043,15.6872,268.53,287.76,76.26,0.508336,14.5153,324.38,688.57
neuromorpho__B4_slide3_2.swc,396,pyramidal,0.99089,42,205,148,0,0,0,0,0,0,0,0,0,0,0.847357,0.265182,0.3,0.3,0.3,0.982145,0.982145,0.181818,0.181818,0.229798,0.229798,0.229798,0.513741,0.3,0.690476,0.9441,0.698217,0.117073,0.807,0.3,0.256757,45,0.90178,0.3,0.587531,0.133333,0.133333,16.6,-18.06,52.96,-14.1819,14.8756,71.58,539.3,48.44,-5.18102,10.929,310.63,299.42,91.22,12.0457,20.448,115.97,643.12
neuromorpho__B4_slide3_20.swc,753,pyramidal,0.982688,55,332,365,0,0,0,0,0,0,0,0,0,0,0.904694,0.205849,0.3,0.3,0.504153,0.982145,0.982145,0.0876494,0.119522,0.119522,0.119522,0.119522,0.919213,0.918622,0,0.917534,0.504153,0.123494,0.890565,0.3,0.134247,45,0.899227,0.3,0.656311,0.111111,0.111111,37.6,-34.66,9.83,21.19,2.80141,79.33,67.92,62.64,-2.5309,13.7543,170.87,194.37,93.1,-17.1484,20.755,179.66,457.05
neuromorpho__B4_slide3_6.swc,635,pyramidal,0.92392,22,304,308,0,0,0,0,0,0,0,0,0,0,0.97762,0.0386777,0.773989,0.982145,0.982145,0.982145,0.982145,0,0,0,0.0346457,0.0346457,0.773989,0.773989,0,0.987699,0.987703,0,0.982145,0.982145,0,44,0.980965,0.773989,0.982145,0,0.0227273,30.7,-15.5775,10.61,4.33068,3.19777,6.69,66.34,43.21,7.93516,7.90841,205.18,146.16,54.36,0.143766,10.743,194.19,186.13
neuromorpho__B4_slide3_neuron3_II_III.swc,737,pyramidal,0.938656,150,415,171,0,0,0.232022,0.232022,0.0186187,0,-0.232022,0.232022,0.232022,0,0.822245,0.249047,0.3,0.3,0.3,0.727497,0.987703,0.12483,0.223881,0.223881,0.356852,0.356852,0.568469,0.3,0.613333,0.987703,0.987703,0,0.642266,0.513438,0.426901,40,0.851604,0.3,0.492094,0.15,0.325,36.4,-17.74,38.29,20.7783,10.9574,235.91,313.51,67.85,0.741349,13.9131,200.47,264.86,33.42,-6.70982,6.7987,112.03,151.9
neuromorpho__B4_slide4_4.swc,240,pyramidal,0.892845,9,156,74,0,0,0,0,0,0,0,0,0,0,0.824628,0.280218,0.3,0.3,0.3,0.732631,0.987703,0.208333,0.229167,0.229167,0.266667,0.266667,0.732631,0.732631,0,0.972805,0.984046,0.0320513,0.521072,0.3,0.675676,29,0.858782,0.3,0.3,0.206897,0.241379,13.2,-10.8083,32.96,13.8094,11.8068,58.82,24.8,56.22,18.7534,14.1772,244.35,199,33.7,2.30968,6.41163,68.9,461.45
neuromorpho__B4_slide4_7.swc,1049,pyramidal,0.980449,249,347,452,0,0,0,0,0,0,0,0,0,0,0.87722,0.211593,0.3,0.3,0.3,0.841767,0.982145,0.108675,0.108675,0.108675,0.13346,0.310772,0.800148,0.725102,0.0682731,0.984218,0.987703,0.00288184,0.837265,0.3,0.212389,63,0.911728,0.3,0.786438,0.0793651,0.111111,40.8,-22.0842,89.21,-30.1491,21.503,87.91,571.42,55.58,-9.67658,15.2057,265.3,162.6,57.7,-28.2819,14.2825,209.43,515.77
neuromorpho__B4_slide4_8.swc,1285,pyramidal,0.992566,12,510,762,0,0,0,0,0,0,0,0,0,0,0.96921,0.0999374,0.3,0.982145,0.982145,0.982145,0.982145,0.0217899,0.0217899,0.0217899,0.0217899,0.0217899,0.962569,0.962569,0,0.953992,0.987703,0.0490196,0.979459,0.982145,0.00393701,82,0.981226,0.3,0.982145,0,0.0121951,32.7,-44.7386,0,14.7886,0,4.55,27.26,83.17,-2.32464,17.0469,307.07,157.49,123.58,-19.1087,19.2836,253.13,458.58
neuromorpho__B4_slide4_neuron1_II_III.swc,996,pyramidal,0.879207,169,394,432,0,0,0,0,0,0,0,0,0,0,0.958681,0.1348,0.3,0.981639,0.982145,0.982145,0.987703,0.0401606,0.0401606,0.0401606,0.0401606,0.0401606,0.88757,0.3,0.153846,0.975485,0.987703,0.0177665,0.971078,0.982145,0.0162037,56,0.979408,0.3,0.982145,0,0.0178571,34.5,-19.8786,45.58,-3.40522,8.24259,128.52,363.58,88.67,8.09941,22.108,169.58,276.85,95.2,21.2418,19.8412,213.57,213.6
neuromorpho__B4_slide4_neuron3.swc,474,pyramidal,0.990534,0,251,222,0,0,0,0,0.0221531,0,0,0,0,0,0.931767,0.176165,0.3,0.3,0.928623,0.982145,0.982145,0.07173,0.07173,0.07173,0.07173,0.07173,0,0,0,0.922269,0.928623,0.0836653,0.942199,0.982145,0.0585586,52,0.969514,0.3,0.951595,0.0192308,0.0384615,16.9,-15.4344,0,0,0,0,0,133.83,21.4838,21.7293,321.24,454.78,78.6,-0.472898,13.1302,208.07,558.05
neuromorpho__B4_slide4_neuron4_II_III.swc,654,pyramidal,0.984536,55,182,416,0,0,0,0,0,0,0,0,0,0,0.982415,0.00684921,0.962653,0.962653,0.982145,0.982145,0.982145,0,0,0,0,0,0.962653,0.962653,0,0.988907,0.987703,0,0.982145,0.982145,0,39,0.984268,0.962653,0.982145,0,0,33.4,-19.5636,14.65,10.7949,3.99897,18.97,139.64,51.64,14.6347,14.011,188.9,123.3,102.93,30.7189,22.6319,176.15,166.31
neuromorpho__B535_NeuronB_Tile_Trace_MK.swc,1127,pyramidal,0.990765,198,357,571,0,0,0,0,0,0,0,0,0,0,0.91269,0.129193,0.659702,0.659702,0.659702,0.981148,0.981148,0,0,0.182786,0.233363,0.233363,0.688485,0.659702,0.712121,0.927301,0.659702,0.182073,0.981148,0.981148,0,19,0.927539,0.659702,0.739062,0.105263,0.210526,81.8,0,0,0,0,14.67,90.12,0,0,0,60.53,49.59,0,0,0,21.79,98.29
neuromorpho__B616_NeuronB_40x_Tile_Trace_RK.swc,653,pyramidal,0.990889,14,233,405,0,0,0,0,0.0323573,0,0,0,0,0,0.80277,0.144996,0.62989,0.658676,0.658676,0.679796,0.679796,0,0,0.508423,0.620214,0.641654,0.84621,0.84621,0,0.987703,0.987703,0,0.694387,0.658676,0.819753,31,0.811245,0.62989,0.658676,0.516129,0.548387,55,0,0,0,0,2.19,24.69,0,0,0,43.75,38.41,0,0,0,54.25,157.7
neuromorpho__B616_NeuronC_40x_Tile_Trace_RK.swc,582,pyramidal,0.988318,79,233,269,0,0,0.462199,0.462199,0.142433,0,-0.462199,0.462199,0.462199,0,0.955886,0.0300367,0.918522,0.919009,0.919661,0.924923,0.940273,0,0,0,0,0,0.940273,0.940273,0,0.987701,0.987695,0,0.932749,0.919009,0,36,0.955651,0.918522,0.919392,0,0,35.5,0,0,0,0,47.41,53.35,0,0,0,75.62,56.21,0,0,0,46.76,93.28
neuromorpho__B913_NeuronC_40x_Tile_Trace_MK.swc,1414,pyramidal,0.995365,0,1413,0,0,0,0,0,0,0,0,0,0,0,0.987712,0.000326919,0.987681,0.987703,0.987703,0.987703,0.987703,0,0,0,0,0,0,0,0,0.987703,0.987703,0,0,0,0,62,0.987901,0.987681,0.987703,0,0,51.2,0,0,0,0,0,0,0,0,0,41.55,100.28,0,0,0,0,0
neuromorpho__B914_NeuronC_40X_Tile_Trace_RK.swc,631,pyramidal,0.985953,0,256,374,0,0,0,0,0.11849,0,0,0,0,0,0.972158,0.021197,0.931237,0.936399,0.936399,0.949911,0.982145,0,0,0,0,0,0,0,0,0.987703,0.987703,0,0.961442,0.936399,0,69,0.977381,0.931237,0.936667,0,0,28.2,0,0,0,0,0,0,0,0,0,40.16,47.19,0,0,0,38.16,82.08
neuromorpho__B988_NeuronA_40x_Tile_Trace_RK.swc,419,pyramidal,0.989529,0,246,172,0,0,0,0,0.0107633,0,0,0,0,0,0.981261,0.0276636,0.687659,0.982145,0.982145,0.982145,0.987703,0,0,0.0071599,0.0071599,0.0071599,0,0,0,0.983937,0.987703,0.0121951,0.977325,0.982145,0,47,0.976661,0.687659,0.982145,0.0212766,0.0212766,19.8,0,0,0,0,0,0,0,0,0,59.73,75.65,0,0,0,46.53,78.52
neuromorpho__BC110530F_01.swc,117468,interneuron,0.995598,105341,12126,0,0,0,0,0,0,0,0,0,0,0,0.962325,0.157394,0.3,0.3,0.999666,0.999757,0.999757,0.0534529,0.0534529,0.0534529,0.0534529,0.0534529,0.961414,0.999757,0.054765,0.970239,0.999666,0.0420584,0,0,0,1143,0.975708,0.3,0.999757,0.0341207,0.0358705,227,0,330.95,-66.4837,57.6172,537.99,1180.71,335.33,-35.1167,64.8109,263.29,336.05,0,0,0,0,0
neuromorpho__BC120301A_04.swc,105857,interneuron,0.996403,90161,15695,0,0,0,0,0,0,0,0,0,0,0,0.986434,0.0952666,0.3,0.999666,0.999666,0.999757,0.999757,0.0188934,0.0188934,0.0188934,0.0188934,0.0188934,0.984386,0.999757,0.0218165,0.998195,0.999666,0.00210258,0,0,0,944,0.994481,0.3,0.999666,0.00741525,0.00741525,253.7,0,240.63,-41.57,45.2089,770.8,510.91,202.54,-37.7383,41.5365,229.56,282.07,0,0,0,0,0
neuromorpho__BC130222A_08.swc,90146,interneuron,0.993155,80843,9302,0,0,0,0,0,0,0,0,0,0,0,0.950939,0.178233,0.3,0.3,0.999666,0.999757,0.999757,0.0697424,0.0697424,0.0697424,0.0697424,0.0697424,0.947054,0.999757,0.0753065,0.984698,0.999666,0.0213932,0,0,0,1008,0.973375,0.3,0.999666,0.0347222,0.0376984,211,0,420.82,-63.2334,69.5331,1410.43,1097.79,284.41,-12.7797,46.8509,302.78,347.64,0,0,0,0,0
neuromorpho__BC130311C_09.swc,120347,interneuron,0.996257,102806,17540,0,0,0,0,0,0,0,0,0,0,0,0.938211,0.19815,0.3,0.3,0.999666,0.999757,0.999757,0.0879208,0.0879208,0.0879208,0.0879208,0.0879208,0.931441,0.999555,0.097611,0.977886,0.999666,0.0311288,0,0,0,997,0.949104,0.3,0.999666,0.0702106,0.0742227,283,0,360.74,-70.2255,69.726,1134.37,1043.35,272.97,-39.0869,55.9562,306.42,316.79,0,0,0,0,0
neuromorpho__BC130430D_14.swc,37250,interneuron,0.522703,26403,10846,0,0,0,0,0,0,0,0,0,0,0,0.731109,0.3013,0.3,0.3,0.3,0.3,0.941558,0.328161,0.328161,0.328161,0.328161,0.328161,0.753535,0.3,0.293073,0.676493,0.3,0.413609,0,0,0,242,0.802487,0.3,0.3,0.219008,0.231405,356.8,0,412.42,-65.1305,93.6427,945.4,1671.38,276.87,-36.1835,78.456,138.83,722.94,0,0,0,0,0
neuromorpho__BC130503A_15.swc,126401,interneuron,0.996892,115754,10646,0,0,0,0,0,0,0,0,0,0,0,0.87154,0.270694,0.3,0.3,0.3,0.999666,0.999757,0.183218,0.183218,0.183218,0.183218,0.183218,0.861798,0.3,0.197151,0.977452,0.999666,0.031749,0,0,0,982,0.861405,0.3,0.3,0.193483,0.199593,309.9,0,427.12,-55.8764,75.345,643.86,781.78,277.81,-10.2521,41.2425,196.02,261.15,0,0,0,0,0
neuromorpho__BC130705A_17.swc,61122,interneuron,0.99599,54791,6330,0,0,0,0,0,0,0,0,0,0,0,0.859838,0.279747,0.3,0.3,0.3,0.999666,0.999757,0.199797,0.199797,0.199797,0.199797,0.199797,0.843682,0.3,0.222883,0.999666,0.999666,0,0,0,0,342,0.913447,0.3,0.539068,0.125731,0.137427,414,0,441.69,-95.2882,94.0372,759.88,542.47,145.92,-18.588,26.1744,171.82,250.39,0,0,0,0,0
neuromorpho__BC130805A_18.swc,97342,interneuron,0.99629,87930,9411,0,0,0,0,0,0,0,0,0,0,0,0.991057,0.0774981,0.3,0.999666,0.999666,0.999757,0.999757,0.0124201,0.0124201,0.0124201,0.0124201,0.0124201,0.993064,0.999757,0.00956443,0.972307,0.999666,0.0391032,0,0,0,1106,0.996222,0.3,0.999757,0.0045208,0.00542495,195.5,0,383.12,-98.1319,89.2616,461.78,839.21,259.85,-38.8488,54.5306,254.71,266.45,0,0,0,0,0
neuromorpho__BC150319A_28.swc,90767,interneuron,0.995255,83140,7626,0,0,0,0,0,0,0,0,0,0,0,0.917274,0.225421,0.3,0.3,0.3,0.999757,0.999757,0.117664,0.117664,0.117664,0.117664,0.117664,0.910119,0.3,0.127881,0.995262,0.999666,0.00629426,0,0,0,765,0.966793,0.3,0.999666,0.0470588,0.0522876,270.6,0,488.11,-64.662,80.5882,904.32,1274.85,265.31,-43.117,48.519,287.75,288.11,0,0,0,0,0
neuromorpho__BC150416A_32.swc,103204,interneuron,0.994477,93029,10174,0,0,0,0,0,0,0,0,0,0,0,0.916439,0.226616,0.3,0.3,0.3,0.999757,0.999757,0.119055,0.119055,0.119055,0.119055,0.119055,0.909028,0.3,0.129658,0.984193,0.999666,0.0221152,0,0,0,1093,0.926231,0.3,0.3,0.1043,0.1043,207,0,271.08,-33.2347,43.8946,741.63,898.89,160.96,-12.779,32.2209,266.56,328.64,0,0,0,0,0
neuromorpho__BC160212C_37.swc,67922,interneuron,0.995864,56294,11627,0,0,0,0,0,0,0,0,0,0,0,0.989821,0.0827266,0.3,0.999666,0.999666,0.999757,0.999757,0.014178,0.014178,0.014178,0.014178,0.014178,0.99128,0.999757,0.012115,0.982757,0.999666,0.0241679,0,0,0,749,0.996777,0.3,0.999757,0.00267023,0.00534045,202,0,329.25,-31.5846,59.4017,663.35,1030.47,247.36,-1.15494,42.3229,275.91,346.2,0,0,0,0,0
neuromorpho__BC160620B_39.swc,88903,interneuron,0.992086,78468,10434,0,0,0,0,0,0,0,0,0,0,0,0.871812,0.27045,0.3,0.3,0.3,0.999666,0.999757,0.182806,0.182806,0.182806,0.182806,0.182806,0.877708,0.3,0.17439,0.827465,0.3,0.246118,0,0,0,1235,0.880303,0.3,0.3,0.17085,0.17166,166.6,0,443.6,-91.3031,85.6811,1172.66,724.56,232.66,-14.7856,43.3882,279.14,373.94,0,0,0,0,0
neuromorpho__BMCell3_20m.swc,1565,interneuron,0.552517,679,885,0,0,0,0,0,0,0,0,0,0,0,0.550155,0.289895,0.3,0.3,0.3,0.3,0.3,0.534824,0.663898,0.663898,0.663898,0.663898,0.3,0.3,1,0.741573,0.3,0.40678,0,0,0,90,0.566921,0.3,0.3,0.6,0.611111,44.4,0,46.48,6.39776,12.502,270.91,334.17,47.51,2.09146,11.1474,140.96,577.32,0,0,0,0,0
neuromorpho__B_GFP_0001_final.swc,525,pyramidal,0.994929,0,524,0,0,0,0,0,0,0,0,0,0,0,0.987727,0.000536163,0.987703,0.987703,0.987703,0.987703,0.987703,0,0,0,0,0,0,0,0,0.987703,0.987703,0,0,0,0,43,0.987989,0.987703,0.987703,0,0,23.8,0,0,0,0,0,0,0,0,0,35.11,65.36,0,0,0,0,0
neuromorpho__B_GFP_0012_final.swc,1237,pyramidal,0.994943,0,1236,0,0,0,0,0,0,0,0,0,0,0,0.987713,0.000349486,0.987703,0.987703,0.987703,0.987703,0.987703,0,0,0,0,0,0,0,0,0.987703,0.987703,0,0,0,0,85,0.987848,0.987703,0.987703,0,0,36.2,0,0,0,0,0,0,0,0,0,53.93,65.86,0,0,0,0,0
neuromorpho__B_RFP_0002_2final.swc,729,pyramidal,0.995436,0,728,0,0,0,0,0,0,0,0,0,0,0,0.98772,0.000455123,0.987703,0.987703,0.987703,0.987703,0.987703,0,0,0,0,0,0,0,0,0.987703,0.987703,0,0,0,0,61,0.987905,0.987703,0.987703,0,0,28,0,0,0,0,0,0,0,0,0,45.84,55.39,0,0,0,0,0
neuromorpho__B_RFP_0002_final.swc,924,pyramidal,0.989912,0,923,0,0,0,0,0,0,0,0,0,0,0,0.987717,0.000404315,0.987703,0.987703,0.987703,0.987703,0.987703,0,0,0,0,0,0,0,0,0.987703,0.987703,0,0,0,0,106,0.987819,0.987703,0.987703,0,0,18,0,0,0,0,0,0,0,0,0,35.6,113.69,0,0,0,0,0
neuromorpho__B_RFP_0003_2final.swc,1146,pyramidal,0.994805,0,1145,0,0,0,0,0,0,0,0,0,0,0,0.987714,0.000363086,0.987703,0.987703,0.987703,0.987703,0.987703,0,0,0,0,0,0,0,0,0.987703,0.987703,0,0,0,0,76,0.987865,0.987703,0.987703,0,0,36,0,0,0,0,0,0,0,0,0,49.27,80.81,0,0,0,0,0
neuromorpho__B_RFP_0003_final.swc,917,pyramidal,0.995933,0,916,0,0,0,0,0,0,0,0,0,0,0,0.987717,0.000405853,0.987703,0.987703,0.987703,0.987703,0.987703,0,0,0,0,0,0,0,0,0.987703,0.987703,0,0,0,0,80,0.987857,0.987703,0.987703,0,0,23.1,0,0,0,0,0,0,0,0,0,53.71,83.93,0,0,0,0,0
neuromorpho__B_RFP_0013_final.swc,979,pyramidal,0.995517,0,978,0,0,0,0,0,0,0,0,0,0,0,0.987716,0.000392806,0.987703,0.987703,0.987703,0.987703,0.987703,0,0,0,0,0,0,0,0,0.987703,0.987703,0,0,0,0,78,0.987861,0.987703,0.987703,0,0,28.9,0,0,0,0,0,0,0,0,0,42.74,81.09,0,0,0,0,0
neuromorpho__B_RFP_0016_2final.swc,914,pyramidal,0.98845,0,913,0,0,0,0,0,0,0,0,0,0,0,0.987717,0.000406518,0.987703,0.987703,0.987703,0.987703,0.987703,0,0,0,0,0,0,0,0,0.987703,0.987703,0,0,0,0,78,0.987861,0.987703,0.987703,0,0,23.3,0,0,0,0,0,0,0,0,0,51.19,49.1,0,0,0,0,0
neuromorpho__B_RFP_0021_2final.swc,792,pyramidal,0.995197,0,791,0,0,0,0,0,0,0,0,0,0,0,0.987719,0.000436671,0.987703,0.987703,0.987703,0.987703,0.987703,0,0,0,0,0,0,0,0,0.987703,0.987703,0,0,0,0,59,0.987912,0.987703,0.987703,0,0,27,0,0,0,0,0,0,0,0,0,42.83,65.09,0,0,0,0,0
neuromorpho__B_RFP_0022_2final.swc,1056,pyramidal,0.995324,0,1055,0,0,0,0,0,0,0,0,0,0,0,0.987715,0.000378228,0.987703,0.987703,0.987703,0.987703,0.987703,0,0,0,0,0,0,0,0,0.987703,0.987703,0,0,0,0,84,0.98785,0.987703,0.987703,0,0,29.4,0,0,0,0,0,0,0,0,0,44.88,59.67,0,0,0,0,0
neuromorpho__B_RFP_0022_final.swc,612,pyramidal,0.995984,0,611,0,0,0,0,0,0,0,0,0,0,0,0.987723,0.000496661,0.987703,0.987703,0.987703,0.987703,0.987703,0,0,0,0,0,0,0,0,0.987703,0.987703,0,0,0,0,71,0.987876,0.987703,0.987703,0,0,17,0,0,0,0,0,0,0,0,0,30.96,65.19,0,0,0,0,0
neuromorpho__C-02-04-14-F-14-04-14-cs4-cell1.swc,2977,interneuron,0.830859,0,2976,0,0,0,0,0,0,0,0,0,0,0,0.999666,6.11872e-06,0.999666,0.999666,0.999666,0.999666,0.999666,0,0,0,0,0,0,0,0,0.999666,0.999666,0,0,0,0,38,0.999675,0.999666,0.999666,0,0,145.9,0,0,0,0,0,0,2,-0.0265457,0.236818,187.18,232.32,0,0,0,0,0
neuromorpho__C-02-04-14-F-16-04-14-CS1.swc,5087,interneuron,0.968277,0,5086,0,0,0,0,0,0,0,0,0,0,0,0.867093,0.119672,0.759067,0.759067,0.759067,0.759067,0.759067,0,0,0,0.551012,0.551012,0,0,0,0.867067,0.759067,0,0,0,0,57,0.877262,0.759067,0.759067,0,0.508772,170.4,0,0,0,0,0,0,5,-0.983877,0.880902,192.01,367.74,0,0,0,0,0
neuromorpho__C-02-04-14-F-16-04-14-CS3.swc,8810,interneuron,0.990141,0,8809,0,0,0,0,0,0,0,0,0,0,0,0.937403,0.199215,0.3,0.3,0.999666,0.999666,0.999666,0.0889898,0.0889898,0.0889898,0.0889898,0.0889898,0,0,0,0.937396,0.999666,0.0889999,0,0,0,60,0.88148,0.3,0.3,0.166667,0.166667,426.5,0,0,0,0,0,0,7.5,0.89471,0.793899,285.93,545.9,0,0,0,0,0
neuromorpho__C-30-04-15-DIV14-CS1-Cell1.swc,3353,interneuron,0.968587,0,3352,0,0,0,0,0,0,0,0,0,0,0,0.999666,5.76556e-06,0.999666,0.999666,0.999666,0.999666,0.999666,0,0,0,0,0,0,0,0,0.999666,0.999666,0,0,0,0,30,0.999677,0.999666,0.999666,0,0,287.7,0.369231,0,0,0,0,0,4.8,-0.231283,0.747736,70.55,260.37,0,0,0,0,0
neuromorpho__C02-04-14F14-04-14CS2.swc,8768,interneuron,0.898237,7049,1718,0,0,0,0,0,0,0,0,0,0,0,0.976436,0.0316231,0.3,0.969809,0.969809,0.969809,0.969809,0.00182482,0.00182482,0.00182482,0.00182482,0.00182482,0.970771,0.969809,0.00226983,0.999666,0.999666,0,0,0,0,400,0.985285,0.3,0.969809,0,0,50.1,0.478723,5,0.274823,0.951543,430.71,581.36,3,-0.298572,0.569011,191.34,296.66,0,0,0,0,0
neuromorpho__C02-4-14F14-04-14CS3.swc,32789,interneuron,0.991738,28254,4534,0,0,0,0,0,0,0,0,0,0,0,0.98231,0.105858,0.3,0.972519,0.999666,0.999757,0.999757,0.023453,0.023453,0.023453,0.023453,0.023453,0.979524,0.999757,0.0272174,0.999666,0.999666,0,0,0,0,586,0.996261,0.3,0.999666,0.00341297,0.00511945,133,-0.00446429,10,-2.85665,2.14675,481.3,766.53,8.5,-1.65241,1.9058,124.94,289.39,0,0,0,0,0
neuromorpho__C03-7-14F18-7-14CS3.swc,27605,interneuron,0.991939,26589,1015,0,0,0,0,0,0,0,0,0,0,0,0.927082,0.21094,0.3,0.3,0.3,0.999555,0.999757,0.101576,0.101576,0.101576,0.101576,0.101576,0.924308,0.3,0.105457,0.999666,0.999666,0,0,0,0,288,0.985205,0.3,0.980046,0.0173611,0.0208333,276.9,0.820755,7.5,-0.212101,1.01342,733.78,901.32,3,-0.597602,0.568644,168.61,100.36,0,0,0,0,0
neuromorpho__C10-2.swc,390,pyramidal,0.991469,0,338,51,0,0,0.130769,0.130769,0.0202614,0,-0.130769,0.130769,0.130769,0,0.952609,0.111719,0.521375,0.528786,0.903114,0.983576,0.987703,0,0.0615385,0.0615385,0.0615385,0.0641026,0,0,0,0.986967,0.983576,0,0.72397,0.521375,0.470588,49,0.943925,0.521375,0.89742,0.0816327,0.0816327,14.2,0,0,0,0,0,0,76.39,5.96959,14.5896,153.42,159.72,32.66,7.00725,7.9869,57.41,142.07
neuromorpho__C10-22.swc,409,pyramidal,0.987734,0,408,0,0,0,0.0831296,0.0831296,0.0720272,-0.0733496,0.0831296,-0.00977995,0,0.00977995,0.885342,0.103994,0.659702,0.728732,0.740577,0.777776,0.87919,0,0,0.0342298,0.298289,0.550122,0,0,0,0.885061,0.740577,0.0343137,0,0,0,53,0.898365,0.659702,0.739217,0.0377358,0.226415,15,0,0,0,0,0,0,69.08,2.06461,13.2924,125.07,261.71,0,0,0,0,0
neuromorpho__C10-28.swc,436,pyramidal,0.992176,0,156,279,0,0,0,0,0,0,0,0,0,0,0.98415,0.00275892,0.981148,0.982145,0.982145,0.982145,0.982145,0,0,0,0,0,0,0,0,0.987653,0.987681,0,0.982134,0.982145,0,51,0.984924,0.981148,0.982145,0,0,22,0,0,0,0,0,0,68.2,-15.0542,16.566,72.81,94.58,64.63,-10.2223,11.7377,166.05,244
neuromorpho__C10-29.swc,808,pyramidal,0.991351,0,485,322,0,0,0,0,0,0,0,0,0,0,0.985476,0.00280326,0.981639,0.981639,0.982145,0.982145,0.987703,0,0,0,0,0,0,0,0,0.987703,0.987703,0,0.982076,0.981639,0,78,0.98593,0.981639,0.982145,0,0,22,0,0,0,0,0,0,115.27,2.16553,25.3384,162.63,141.21,104.08,-8.4773,22.151,133.2,275.55
neuromorpho__C10-33.swc,110,pyramidal,0.958055,0,45,64,0,0,0,0,0,0,0,0,0,0,0.984581,0.00309874,0.982145,0.982145,0.982145,0.982145,0.982145,0,0,0,0,0,0,0,0,0.987703,0.987703,0,0.982145,0.982145,0,16,0.985345,0.982145,0.982145,0,0,15.5,0,0,0,0,0,0,46.37,-6.78667,13.7814,66.78,43.73,42.8,3.23078,11.7222,75.28,143.78
neuromorpho__C1005-2KO-apical-2.swc,57,pyramidal,0.967386,34,22,0,0,0,0,0,0,0,0,0,0,0,0.801795,0.15611,0.656854,0.656854,0.656854,0.656854,0.75732,0,0,0.491228,0.596491,0.596491,0.675672,0.656854,0.823529,0.987703,0.987703,0,0,0,0,11,0.788191,0.656854,0.656854,0.545455,0.636364,7,0,13.5,13.5,4.21133,88.96,156.79,15,-2.25,4.01347,88.65,83.82,0,0,0,0,0
neuromorpho__C1005-2KO-whole-5.swc,125,pyramidal,0.993808,0,124,0,0,0,0,0,0,0,0,0,0,0,0.987802,0.00109545,0.987703,0.987703,0.987703,0.987703,0.987703,0,0,0,0,0,0,0,0,0.987703,0.987703,0,0,0,0,28,0.988142,0.987703,0.987703,0,0,7.3,0,0,0,0,0,0,0,0,0,194.98,255.03,0,0,0,0,0
neuromorpho__C1046-ap1-2.swc,63,pyramidal,0.946097,0,0,62,0,0,0,0,0,0,0,0,0,0,0.982341,0.00225193,0.981419,0.981639,0.981639,0.982145,0.982145,0,0,0,0,0,0,0,0,0,0,0,0.982056,0.981639,0,12,0.98353,0.981419,0.98169,0,0,9.8,0,0,0,0,0,0,0,0,0,0,0,240.03,-87.0302,63.1601,125.46,165.4
neuromorpho__C1054-whole-5-ap1.swc,43,pyramidal,0.910806,0,0,42,0,0,0,0,0,0,0,0,0,0,0.887335,0.236531,0.3,0.3,0.3,0.982145,0.982145,0.139535,0.139535,0.139535,0.139535,0.139535,0,0,0,0,0,0,0.884652,0.3,0.142857,10,0.920543,0.3,0.684925,0.2,0.2,7.4,0,0,0,0,0,0,0,0,0,0,0,279.99,-117.957,101.153,67.6,222.57
neuromorpho__C21-10-15DIV13CS3Cell1.swc,34799,interneuron,0.99388,32925,1873,0,0,0,0,0,0,0,0,0,0,0,0.993235,0.0653852,0.3,0.999666,0.999757,0.999757,0.999757,0.00879336,0.00879336,0.00879336,0.00879336,0.00879336,0.998055,0.999757,0.00188307,0.908519,0.3,0.130272,0,0,0,1285,0.999073,0.3,0.999757,0,0.00077821,65,-1.82976,10.4,1.94502,1.28542,744.2,1077.59,8.79,1.51366,0.853702,172.32,381.62,0,0,0,0,0
neuromorpho__C2_5.swc,2417,pyramidal,0.815435,2074,342,0,0,0,0,0,0.0143089,0,0,0,0,0,0.62115,0.337804,0.3,0.3,0.3,0.3,0.3,0.525031,0.525031,0.525031,0.525031,0.525031,0.562897,0.3,0.611861,0.973311,0.92947,0,0,0,0,31,0.705896,0.3,0.3,0.387097,0.387097,248,0,0,0,0,173.05,984.85,0,0,0,65.82,95.05,0,0,0,0,0
neuromorpho__C4_4.swc,1109,pyramidal,0.99371,99,1009,0,0,0,0,0,0,0,0,0,0,0,0.982784,0.011519,0.955912,0.955912,0.955912,0.987703,0.987703,0,0,0,0,0,0.955912,0.955912,0,0.985403,0.987703,0,0,0,0,34,0.986194,0.955912,0.987703,0,0,71.8,0,0,0,0,17.44,66,0,0,0,120.7,298.12,0,0,0,0,0
neuromorpho__C912-WT-basal-2.swc,72,pyramidal,0.970297,71,0,0,0,0,0,0,0,0,0,0,0,0,0.643973,0.063127,0.515898,0.515898,0.580001,0.617761,0.644323,0,0.208333,0.986111,0.986111,0.986111,0.638959,0.580001,1,0,0,0,0,0,0,16,0.664195,0.515898,0.583234,0.9375,0.9375,7,0,35.99,-5.41549,8.45897,100.61,68.85,0,0,0,0,0,0,0,0,0,0
neuromorpho__C912-WT-basla-1.swc,89,pyramidal,0.943413,54,34,0,0,0,0,0,0,0,0,0,0,0,0.888743,0.0797307,0.76785,0.813025,0.814838,0.818713,0.84621,0,0,0,0.0224719,0.606742,0.825364,0.813569,0,0.986132,0.983596,0,0,0,0,17,0.877847,0.76785,0.798865,0,0.117647,12,0,16.5,3.38111,4.15217,54.48,126.48,19.5,-8.97059,5.47177,50.92,102.66,0,0,0,0,0
neuromorpho__C916-WT-M10-whole.swc,170,pyramidal,0.96948,0,169,0,0,0,0,0,0,0,0,0,0,0,0.987776,0.000940341,0.987703,0.987703,0.987703,0.987703,0.987703,0,0,0,0,0,0,0,0,0.987703,0.987703,0,0,0,0,34,0.988065,0.987703,0.987703,0,0,9.7,0,0,0,0,0,0,59.95,0.581893,13.2456,135.97,136.72,0,0,0,0,0
neuromorpho__C917DKO-M3-1.swc,162,pyramidal,0.986621,15,146,0,0,0,0,0,0,0,0,0,0,0,0.895866,0.166988,0.504088,0.548859,0.572046,0.902038,0.987703,0,0.191358,0.191358,0.191358,0.191358,0.902038,0.902038,0,0.894519,0.572046,0.212329,0,0,0,31,0.873074,0.504088,0.572046,0.258065,0.258065,9,0,22.5,11,7.81665,78.02,19.79,37.77,-1.57205,8.51487,143.28,237.69,0,0,0,0,0
neuromorpho__C917DKO-M3-3.swc,186,pyramidal,0.989152,7,118,60,0,0,0.322581,0.322581,0.0472986,0,-0.322581,0.322581,0.322581,0,0.913684,0.100995,0.541873,0.702714,0.809329,0.83129,0.982831,0,0.016129,0.0537634,0.0752688,0.376344,0.674026,0.674026,1,0.972992,0.975099,0.0254237,0.823566,0.808428,0,33,0.878406,0.541873,0.808608,0.0606061,0.0909091,11,0,0,0,0,34.99,5.45,18.3,-2.37881,3.88626,132.44,133.85,24,-8,4.88876,103.17,90.95
neuromorpho__C922-whole2.swc,43,pyramidal,0.982481,0,42,0,0,0,0,0,0,0,0,0,0,0,0.987241,0.00244506,0.984128,0.984128,0.984128,0.987703,0.987703,0,0,0,0,0,0,0,0,0.986937,0.984128,0,0,0,0,8,0.988793,0.984128,0.986631,0,0,9,0,0,0,0,0,0,128.6,-29.3138,30.401,87.74,119.07,0,0,0,0,0
neuromorpho__C922-whole3.swc,80,pyramidal,0.947834,0,45,34,0,0,0,0,0,0,0,0,0,0,0.803455,0.215961,0.501553,0.501553,0.501553,0.583925,0.987703,0,0.425,0.425,0.425,0.425,0,0,0,0.987703,0.987703,0,0.553817,0.501553,1,15,0.783905,0.501553,0.516266,0.466667,0.466667,8.6,0,0,0,0,0,0,109.87,-12.3996,20.5775,102.5,58.04,239.99,-53.3447,58.3445,85.25,151.79
neuromorpho__C992-whole-2.swc,136,pyramidal,0.891898,39,96,0,0,0,0.580882,0.580882,0.0457755,-0.00735294,0.00735294,0,0,0,0.803354,0.196735,0.428761,0.436191,0.486168,0.632814,0.827412,0.125,0.205882,0.286765,0.352941,0.580882,0.521822,0.428761,1,0.915678,0.812847,0,0,0,0,21,0.788624,0.428761,0.482369,0.333333,0.428571,11,0,199.99,-9.27769,47.5982,73.67,140.89,179.99,-4.71135,42.3767,164.07,115.16,0,0,0,0,0
neuromorpho__CA1_slide2_neuron2.swc,1861,pyramidal,0.88806,102,1177,581,0,0,0.227297,0.227297,0.0459794,-0.117679,0.117679,0,0,0,0.814569,0.278746,0.3,0.3,0.3,0.863463,0.982145,0.222998,0.222998,0.222998,0.222998,0.377754,0.769685,0.3,0.323529,0.88221,0.3,0.109601,0.685101,0.3,0.435456,49,0.850853,0.3,0.3,0.142857,0.22449,77.2,0.953333,36.39,41.6527,8.33725,182.89,81.07,70.31,26.7042,18.6933,521.5,425.81,60.69,-2.12834,15.5615,313.6,584.77
neuromorpho__CA1_slide2_neuron5.swc,761,pyramidal,0.74881,408,352,0,0,0,0,0,0,0,0,0,0,0,0.701944,0.338721,0.3,0.3,0.3,0.3,0.982145,0.415243,0.415243,0.415243,0.415243,0.415243,0.453817,0.3,0.77451,0.988699,0.987703,0,0,0,0,22,0.793323,0.3,0.3,0.272727,0.272727,58.6,-21.53,51.4,10.6889,12.6108,195.21,466.8,29.48,9.33514,6.8259,250.57,125.67,0,0,0,0,0
neuromorpho__CA3_slide2_neuron4.swc,1536,pyramidal,0.983787,34,732,769,0,0,0,0,0,0,0,0,0,0,0.953524,0.141796,0.3,0.962653,0.982145,0.982145,0.982145,0.0449219,0.0449219,0.0449219,0.0449219,0.0449219,0.962653,0.962653,0,0.934153,0.987703,0.0778689,0.9715,0.982145,0.0156047,77,0.964565,0.3,0.982145,0.025974,0.025974,42.4,-29.5967,30.93,38.1587,11.8047,62.02,27.13,86.76,25.4504,15.9066,338.71,307.49,45.94,18.2459,12.5359,265.88,437.09
neuromorpho__CA3_slide2_neuron5.swc,1463,pyramidal,0.987534,97,546,819,0,0,0,0,0,0,0,0,0,0,0.958391,0.106979,0.3,0.814838,0.981148,0.981639,0.982145,0.0218729,0.0218729,0.0218729,0.0218729,0.0868079,0.804223,0.814838,0.0206186,0.987921,0.987703,0,0.956912,0.981148,0.03663,73,0.974901,0.3,0.981639,0,0.0136986,41.8,-37.8475,58,-4.78869,11.6382,92.96,84.89,70.39,4.01098,14.3508,277.28,201.67,90.14,-2.65908,14.3136,315.86,326.6
neuromorpho__CA4_slide3_neuron2.swc,937,pyramidal,0.914029,58,425,453,0,0,0,0,0,0,0,0,0,0,0.783597,0.313308,0.3,0.3,0.3,0.3,0.982145,0.295624,0.295624,0.295624,0.295624,0.295624,0.994405,0.994405,0,0.958577,0.987703,0.0423529,0.591963,0.3,0.571744,24,0.853824,0.3,0.3,0.208333,0.208333,79.8,0.229286,10.1,6.36451,2.59824,10.02,104.49,72.95,13.8578,21.003,202.87,217.89,96.35,24.1747,25.0265,192.95,545.16
neuromorpho__CChI_B_Intensify3D_joinsorted.swc,2255,interneuron,0.94192,268,1986,0,0,0,0,0,0,0,0,0,0,0,0.736175,0.236242,0.3,0.3,0.3,0.759067,0.759067,0.201774,0.204878,0.227494,0.605765,0.645233,0.76409,0.3,0.227612,0.732275,0.3,0.227593,0,0,0,63,0.762615,0.3,0.488295,0.206349,0.619048,77.2,-5.55211,231.65,-103.923,42.0274,152.12,351.8,338.93,-47.8229,77.8636,587.7,549.46,0,0,0,0,0
neuromorpho__CONTROL-1-N1.swc,2203,interneuron,0.992202,0,2202,0,0,0,0,0,0,0,0,0,0,0,0.999666,7.11242e-06,0.999666,0.999666,0.999666,0.999666,0.999666,0,0,0,0,0,0,0,0,0.999666,0.999666,0,0,0,0,32,0.999677,0.999666,0.999666,0,0,181.6,0,0,0,0,0,0,12.71,-1.4402,2.96659,107.23,214.96,0,0,0,0,0
neuromorpho__CONTROL-1-N6.swc,462,interneuron,0.988494,0,461,0,0,0,0,0,0,0,0,0,0,0,0.999667,1.55179e-05,0.999666,0.999666,0.999666,0.999666,0.999666,0,0,0,0,0,0,0,0,0.999666,0.999666,0,0,0,0,5,0.999733,0.999666,0.999666,0,0,154.4,0,0,0,0,0,0,2.73,0.844772,0.660095,46.94,59.81,0,0,0,0,0
neuromorpho__CONTROL-2-N3.swc,891,interneuron,0.995092,0,890,0,0,0,0,0,0,0,0,0,0,0,0.999666,1.118e-05,0.999666,0.999666,0.999666,0.999666,0.999666,0,0,0,0,0,0,0,0,0.999666,0.999666,0,0,0,0,14,0.99969,0.999666,0.999666,0,0,143.4,0,0,0,0,0,0,8.89,1.38548,2.26323,72.55,90.43,0,0,0,0,0
neuromorpho__CONTROL-2-N3_1.swc,1041,interneuron,0.995295,0,1040,0,0,0,0,0,0,0,0,0,0,0,0.999666,1.0344e-05,0.999666,0.999666,0.999666,0.999666,0.999666,0,0,0,0,0,0,0,0,0.999666,0.999666,0,0,0,0,11,0.999696,0.999666,0.999666,0,0,148,0,0,0,0,0,0,6.54,-0.127702,1.46907,51.55,133.16,0,0,0,0,0
neuromorpho__CONTROL-2-N5_1.swc,1304,interneuron,0.992978,0,1303,0,0,0,0,0,0,0,0,0,0,0,0.999666,9.2431e-06,0.999666,0.999666,0.999666,0.999666,0.999666,0,0,0,0,0,0,0,0,0.999666,0.999666,0,0,0,0,15,0.999688,0.999666,0.999666,0,0,167,0,0,0,0,0,0,11.63,0.0142517,1.70369,87.38,114.03,0,0,0,0,0
neuromorpho__CONTROL-3-N5.swc,672,interneuron,0.994259,0,671,0,0,0,0,0,0,0,0,0,0,0,0.999667,1.28711e-05,0.999666,0.999666,0.999666,0.999666,0.999666,0,0,0,0,0,0,0,0,0.999666,0.999666,0,0,0,0,12,0.999694,0.999666,0.999666,0,0,150.4,0,0,0,0,0,0,8.85,-1.178,1.67544,49.58,91.48,0,0,0,0,0
neuromorpho__CONTROL-3-N6.swc,890,interneuron,0.993754,0,889,0,0,0,0,0,0,0,0,0,0,0,0.999666,1.11862e-05,0.999666,0.999666,0.999666,0.999666,0.999666,0,0,0,0,0,0,0,0,0.999666,0.999666,0,0,0,0,7,0.999714,0.999666,0.999666,0,0,227,0,0,0,0,0,0,12.28,-0.667807,4.13954,43.54,161.96,0,0,0,0,0
neuromorpho__CONTROL-3-N7_1.swc,2254,interneuron,0.991751,0,2253,0,0,0,0,0,0,0,0,0,0,0,0.999666,7.03153e-06,0.999666,0.999666,0.999666,0.999666,0.999666,0,0,0,0,0,0,0,0,0.999666,0.999666,0,0,0,0,24,0.99968,0.999666,0.999666,0,0,208.8,0,0,0,0,0,0,13.68,-0.410874,2.02832,136.43,186.31,0,0,0,0,0
neuromorpho__CONTROL-4-N3.swc,1171,interneuron,0.979607,0,1170,0,0,0,0,0,0,0,0,0,0,0,0.999666,9.75347e-06,0.999666,0.999666,0.999666,0.999666,0.999666,0,0,0,0,0,0,0,0,0.999666,0.999666,0,0,0,0,22,0.999681,0.999666,0.999666,0,0,134.6,0,0,0,0,0,0,13.35,-1.54201,2.87516,66.11,158.02,0,0,0,0,0
neuromorpho__CONTROL-5-N1.swc,1356,interneuron,0.977415,0,1355,0,0,0,0,0,0,0,0,0,0,0,0.999666,9.06428e-06,0.999666,0.999666,0.999666,0.999666,0.999666,0,0,0,0,0,0,0,0,0.999666,0.999666,0,0,0,0,22,0.999681,0.999666,0.999666,0,0,134.5,0,0,0,0,0,0,14.38,3.33231,4.16209,71.47,184.1,0,0,0,0,0
neuromorpho__CONTROL-5-N3.swc,1295,interneuron,0.974271,0,1294,0,0,0,0,0,0,0,0,0,0,0,0.999666,9.27514e-06,0.999666,0.999666,0.999666,0.999666,0.999666,0,0,0,0,0,0,0,0,0.999666,0.999666,0,0,0,0,19,0.999684,0.999666,0.999666,0,0,147,0,0,0,0,0,0,15.06,3.60982,4.40781,98.11,132.57,0,0,0,0,0
neuromorpho__CONTROL-5-N3_1.swc,725,interneuron,0.992411,0,724,0,0,0,0,0,0,0,0,0,0,0,0.999667,1.23924e-05,0.999666,0.999666,0.999666,0.999666,0.999666,0,0,0,0,0,0,0,0,0.999666,0.999666,0,0,0,0,7,0.999714,0.999666,0.999666,0,0,179.6,0,0,0,0,0,0,6.05,0.400483,0.907426,68.18,91.5,0,0,0,0,0
neuromorpho__CONTROL-6-N1.swc,1522,interneuron,0.991574,0,1521,0,0,0,0,0,0,0,0,0,0,0,0.999666,8.55605e-06,0.999666,0.999666,0.999666,0.999666,0.999666,0,0,0,0,0,0,0,0,0.999666,0.999666,0,0,0,0,14,0.99969,0.999666,0.999666,0,0,204.6,0,0,0,0,0,0,8.3,1.0642,1.69596,107.08,215.79,0,0,0,0,0
neuromorpho__CONTROL-6-N2.swc,1652,interneuron,0.994887,0,1651,0,0,0,0,0,0,0,0,0,0,0,0.999666,8.21271e-06,0.999666,0.999666,0.999666,0.999666,0.999666,0,0,0,0,0,0,0,0,0.999666,0.999666,0,0,0,0,17,0.999686,0.999666,0.999666,0,0,206.6,0,0,0,0,0,0,12.58,-2.92573,3.16714,52.98,174.44,0,0,0,0,0
neuromorpho__CONTROL-6-N5.swc,1397,interneuron,0.994484,0,1396,0,0,0,0,0,0,0,0,0,0,0,0.999666,8.93037e-06,0.999666,0.999666,0.999666,0.999666,0.999666,0,0,0,0,0,0,0,0,0.999666,0.999666,0,0,0,0,14,0.99969,0.999666,0.999666,0,0,185.2,0,0,0,0,0,0,11.61,-1.96347,2.5047,92.91,116.2,0,0,0,0,0
neuromorpho__CONTROL-6-N6.swc,1895,interneuron,0.991355,0,1894,0,0,0,0,0,0,0,0,0,0,0,0.999666,7.66839e-06,0.999666,0.999666,0.999666,0.999666,0.999666,0,0,0,0,0,0,0,0,0.999666,0.999666,0,0,0,0,13,0.999692,0.999666,0.999666,0,0,302.2,0,0,0,0,0,0,12.97,1.03851,2.87431,103.92,180.55,0,0,0,0,0
neuromorpho__CSp0302-7.swc,15350,pyramidal,0.957069,0,7604,7745,0,0,0,0,0.00043481,0,0,0,0,0,0.861955,0.263474,0.3,0.3,0.3,0.982145,0.982145,0.180195,0.180195,0.180195,0.180195,0.180195,0,0,0,0.987203,0.987703,0.000657549,0.738968,0.3,0.356488,264,0.849764,0.3,0.3,0.204545,0.204545,133.5,0,0,0,0,0,0,235.75,11.6317,43.751,271.73,255.2,227.88,1.17952,35.5157,280.43,974.77
neuromorpho__C_DAPI_0009_final.swc,1929,pyramidal,0.996056,0,1928,0,0,0,0,0,0,0,0,0,0,0,0.98771,0.000279906,0.987703,0.987703,0.987703,0.987703,0.987703,0,0,0,0,0,0,0,0,0.987703,0.987703,0,0,0,0,255,0.987751,0.987703,0.987703,0,0,17,0,0,0,0,0,0,0,0,0,77.81,99.44,0,0,0,0,0
neuromorpho__C_RFP_0004_final.swc,662,pyramidal,0.995728,0,661,0,0,0,0,0,0,0,0,0,0,0,0.987722,0.000477566,0.987703,0.987703,0.987703,0.987703,0.987703,0,0,0,0,0,0,0,0,0.987703,0.987703,0,0,0,0,62,0.987902,0.987703,0.987703,0,0,19.8,0,0,0,0,0,0,0,0,0,28.81,65.73,0,0,0,0,0
neuromorpho__C_RFP_0005_final.swc,848,pyramidal,0.995775,0,847,0,0,0,0,0,0,0,0,0,0,0,0.987718,0.000422024,0.987703,0.987703,0.987703,0.987703,0.987703,0,0,0,0,0,0,0,0,0.987703,0.987703,0,0,0,0,61,0.987905,0.987703,0.987703,0,0,28,0,0,0,0,0,0,0,0,0,50.02,75.31,0,0,0,0,0
neuromorpho__C_RFP_0008_final.swc,1167,pyramidal,0.995483,0,1166,0,0,0,0,0,0,0,0,0,0,0,0.987714,0.000359807,0.987703,0.987703,0.987703,0.987703,0.987703,0,0,0,0,0,0,0,0,0.987703,0.987703,0,0,0,0,137,0.987793,0.987703,0.987703,0,0,14,0,0,0,0,0,0,0,0,0,46.38,67.8,0,0,0,0,0
neuromorpho__Canopy_151204_2.swc,6467,interneuron,0.997116,5339,1127,0,0,0,0,0,0,0,0,0,0,0,0.978505,0.090229,0.3,0.969809,0.969809,0.980046,0.999666,0.0163909,0.0163909,0.0163909,0.0216484,0.0224215,0.97489,0.969809,0.0198539,0.99561,0.999666,0,0,0,0,405,0.983786,0.3,0.969809,0.00493827,0.0148148,40,1.74909,179.87,-3.06948,44.5531,149.5,608.07,178.49,-17.3698,30.9366,208.73,205.37,0,0,0,0,0
neuromorpho__Cell-1-2_6.swc,164,pyramidal,0.979046,0,163,0,0,0,0,0,0,0,0,0,0,0,0.987778,0.000957284,0.987703,0.987703,0.987703,0.987703,0.987703,0,0,0,0,0,0,0,0,0.987703,0.987703,0,0,0,0,19,0.98835,0.987703,0.987703,0,0,18.8,0,0,0,0,0,0,0,0,0,175.39,364.31,0,0,0,0,0
neuromorpho__Cell-1-2_8.swc,369,pyramidal,0.992501,0,368,0,0,0,0,0,0,0,0,0,0,0,0.987737,0.000639276,0.987703,0.987703,0.987703,0.987703,0.987703,0,0,0,0,0,0,0,0,0.987703,0.987703,0,0,0,0,99,0.987827,0.987703,0.987703,0,0,8,0,0,0,0,0,0,0,0,0,286.71,417.67,0,0,0,0,0
neuromorpho__Cell-10-2_2.swc,258,pyramidal,0.993295,0,257,0,0,0,0,0,0,0,0,0,0,0,0.987751,0.000764078,0.987703,0.987703,0.987703,0.987703,0.987703,0,0,0,0,0,0,0,0,0.987703,0.987703,0,0,0,0,113,0.987812,0.987703,0.987703,0,0,5,0,0,0,0,0,0,1.22,-0.0157977,0.133219,189.08,306.08,0,0,0,0,0
neuromorpho__Cell-10-3_3.swc,219,pyramidal,0.958645,171,47,0,0,0,0,0,0,0,0,0,0,0,0.84106,0.26376,0.3,0.3,0.3,0.962653,0.962675,0.191781,0.191781,0.191781,0.191781,0.191781,0.799825,0.3,0.245614,0.987703,0.987703,0,0,0,0,40,0.902321,0.3,0.676678,0.1,0.125,12.6,0,0.69,-0.00403509,0.0526111,537.69,352.69,5.74,0.00382979,0.618906,69.96,84.23,0,0,0,0,0
neuromorpho__Cell-10_2.swc,198,pyramidal,0.987873,0,197,0,0,0,0,0,0,0,0,0,0,0,0.987765,0.00087171,0.987693,0.987703,0.987703,0.987703,0.987703,0,0,0,0,0,0,0,0,0.987703,0.987703,0,0,0,0,67,0.987886,0.987693,0.987703,0,0,6,0,0,0,0,0,0,8.14,0.0568528,0.569606,246.09,478.8,0,0,0,0,0
neuromorpho__Cell-10_5.swc,240,pyramidal,0.986665,0,239,0,0,0,0,0,0,0,0,0,0,0,0.987754,0.000792097,0.987703,0.987703,0.987703,0.987703,0.987703,0,0,0,0,0,0,0,0,0.987703,0.987703,0,0,0,0,76,0.987865,0.987703,0.987703,0,0,7,0,0,0,0,0,0,4.08,0.0532218,0.383865,271.14,362.98,0,0,0,0,0
neuromorpho__Cell-11-2_1.swc,315,pyramidal,0.996755,0,314,0,0,0,0,0,0,0,0,0,0,0,0.987742,0.000691744,0.987703,0.987703,0.987703,0.987703,0.987703,0,0,0,0,0,0,0,0,0.987703,0.987703,0,0,0,0,90,0.98784,0.987703,0.987703,0,0,8.1,0,0,0,0,0,0,0,0,0,279.89,273.18,0,0,0,0,0
neuromorpho__Cell-11-2_3.swc,192,pyramidal,0.997083,0,191,0,0,0,0,0,0,0,0,0,0,0,0.987767,0.000885128,0.987703,0.987703,0.987703,0.987703,0.987703,0,0,0,0,0,0,0,0,0.987703,0.987703,0,0,0,0,78,0.987861,0.987703,0.987703,0,0,5,0,0,0,0,0,0,0,0,0,261.04,360.17,0,0,0,0,0
neuromorpho__Cell-11_3.swc,184,pyramidal,0.993188,0,183,0,0,0,0,0,0,0,0,0,0,0,0.98777,0.000904063,0.987703,0.987703,0.987703,0.987703,0.987703,0,0,0,0,0,0,0,0,0.987703,0.987703,0,0,0,0,76,0.987865,0.987703,0.987703,0,0,5,0,0,0,0,0,0,0,0,0,394.9,476.16,0,0,0,0,0
neuromorpho__Cell-12-2.swc,297,pyramidal,0.989687,0,296,0,0,0,0,0,0,0,0,0,0,0,0.987745,0.000712328,0.987703,0.987703,0.987703,0.987703,0.987703,0,0,0,0,0,0,0,0,0.987703,0.987703,0,0,0,0,99,0.987827,0.987703,0.987703,0,0,6.4,0,0,0,0,0,0,5.44,-0.367635,0.493653,260.48,451.21,0,0,0,0,0
neuromorpho__Cell-12-3.swc,200,pyramidal,0.992876,0,199,0,0,0,0,0,0,0,0,0,0,0,0.987765,0.000867344,0.987693,0.987703,0.987703,0.987703,0.987703,0,0,0,0,0,0,0,0,0.987703,0.987703,0,0,0,0,84,0.98785,0.987693,0.987703,0,0,4.7,0,0,0,0,0,0,2.83,-0.030804,0.244356,162.33,312.49,0,0,0,0,0
neuromorpho__Cell-12-3_1.swc,261,pyramidal,0.98296,0,260,0,0,0,0,0,0,0,0,0,0,0,0.98775,0.000759691,0.987703,0.987703,0.987703,0.987703,0.987703,0,0,0,0,0,0,0,0,0.987703,0.987703,0,0,0,0,82,0.987853,0.987703,0.987703,0,0,7,0,0,0,0,0,0,6.08,0.0363077,0.769971,258.83,350.78,0,0,0,0,0
neuromorpho__Cell-12_7.swc,355,pyramidal,0.964472,293,61,0,0,0,0,0,0,0,0,0,0,0,0.623596,0.343343,0.3,0.3,0.3,0.3,0.3,0.529577,0.529577,0.529577,0.529577,0.529577,0.546508,0.3,0.641638,0.987703,0.987703,0,0,0,0,59,0.761435,0.3,0.3,0.355932,0.355932,13.2,0,0,0,0,1020.81,698.53,0,0,0,157.34,180.75,0,0,0,0,0
neuromorpho__Cell-13-2_4.swc,312,pyramidal,0.961347,241,70,0,0,0,0,0,0,0,0,0,0,0,0.772726,0.315768,0.3,0.3,0.3,0.3,0.987703,0.301282,0.301282,0.336538,0.336538,0.336538,0.723549,0.3,0.390041,0.938786,0.676418,0.157143,0,0,0,65,0.876421,0.3,0.3,0.169231,0.184615,8.6,0,0,0,0,619.09,859.61,0,0,0,112.15,192.09,0,0,0,0,0
neuromorpho__Cell-13-3_1.swc,374,pyramidal,0.970344,0,373,0,0,0,0,0,0,0,0,0,0,0,0.987736,0.000635,0.987703,0.987703,0.987703,0.987703,0.987703,0,0,0,0,0,0,0,0,0.987703,0.987703,0,0,0,0,126,0.987801,0.987703,0.987703,0,0,6,0,0,0,0,0,0,6.38,-0.376488,0.741474,241.58,417.83,0,0,0,0,0
neuromorpho__Cell-13_6.swc,292,pyramidal,0.967412,239,52,0,0,0,0,0,0,0,0,0,0,0,0.555657,0.333705,0.3,0.3,0.3,0.3,0.3,0.630137,0.630137,0.630137,0.630137,0.630137,0.459796,0.3,0.769874,0.987703,0.987703,0,0,0,0,80,0.64389,0.3,0.3,0.5,0.5,9,0,0,0,0,435.73,1014.28,4.2,-0.005,0.433601,74.57,98.57,0,0,0,0,0
neuromorpho__Cell-14-2.swc,160,pyramidal,0.985554,0,159,0,0,0,0,0,0,0,0,0,0,0,0.98778,0.000969102,0.987703,0.987703,0.987703,0.987703,0.987703,0,0,0,0,0,0,0,0,0.987703,0.987703,0,0,0,0,61,0.987905,0.987703,0.987703,0,0,4,0,0,0,0,0,0,12.84,0.0727673,1.08294,225.6,354.98,0,0,0,0,0
neuromorpho__Cell-14-2_2.swc,119,pyramidal,0.980429,0,118,0,0,0,0,0,0,0,0,0,0,0,0.987807,0.0011225,0.987703,0.987703,0.987703,0.987703,0.987703,0,0,0,0,0,0,0,0,0.987703,0.987703,0,0,0,0,43,0.987989,0.987703,0.987703,0,0,4,0,0,0,0,0,0,16.36,-3.40602,3.44616,131.48,252.72,0,0,0,0,0
neuromorpho__Cell-14-3_1.swc,158,pyramidal,0.98111,0,157,0,0,0,0,0,0,0,0,0,0,0,0.987781,0.000975177,0.987703,0.987703,0.987703,0.987703,0.987703,0,0,0,0,0,0,0,0,0.987703,0.987703,0,0,0,0,77,0.987863,0.987703,0.987703,0,0,4,0,0,0,0,0,0,8.04,-0.00611465,0.621228,102.06,263.89,0,0,0,0,0
neuromorpho__Cell-14-4.swc,117,pyramidal,0.976159,0,116,0,0,0,0,0,0,0,0,0,0,0,0.987808,0.00113197,0.987703,0.987703,0.987703,0.987703,0.987703,0,0,0,0,0,0,0,0,0.987703,0.987703,0,0,0,0,58,0.987915,0.987703,0.987703,0,0,4,0,0,0,0,0,0,8.43,-0.123966,0.826074,143.91,245.52,0,0,0,0,0
neuromorpho__Cell-14_3.swc,119,pyramidal,0.925236,0,118,0,0,0,0,0,0,0,0,0,0,0,0.987807,0.0011225,0.987703,0.987703,0.987703,0.987703,0.987703,0,0,0,0,0,0,0,0,0.987703,0.987703,0,0,0,0,58,0.987915,0.987703,0.987703,0,0,4,0,0,0,0,0,0,9.04,0.0197458,0.817091,118.17,157.65,0,0,0,0,0
neuromorpho__Cell-15-2_1.swc,234,pyramidal,0.990918,0,233,0,0,0,0,0,0,0,0,0,0,0,0.984817,0.044871,0.3,0.987703,0.987703,0.987703,0.987703,0.0042735,0.0042735,0.0042735,0.0042735,0.0042735,0,0,0,0.984752,0.987703,0.00429185,0,0,0,58,0.987376,0.3,0.987703,0,0,8.3,0,0,0,0,0,0,7.91,-0.0228755,0.513984,355.59,558.1,0,0,0,0,0
neuromorpho__Cell-15-Ch01.swc,255,interneuron,0.396726,51,203,0,0,0,0,0,0,0,0,0,0,0,0.872964,0.0844768,0.709759,0.709759,0.709759,0.890421,0.890421,0,0,0,0.2,0.611765,0.709759,0.709759,0,0.91334,0.890421,0,0,0,0,14,0.909081,0.709759,0.890421,0,0.0714286,47,-10,20,-0.254902,6.32097,63.09,105.14,85,3.24138,18.4593,52.3,336.97,0,0,0,0,0
neuromorpho__Cell-15_3.swc,143,pyramidal,0.970688,0,142,0,0,0,0,0,0,0,0,0,0,0,0.987789,0.00102471,0.987703,0.987703,0.987703,0.987703,0.987703,0,0,0,0,0,0,0,0,0.987703,0.987703,0,0,0,0,37,0.988036,0.987703,0.987703,0,0,8.4,0,0,0,0,0,0,5.61,-0.0328169,0.445989,162.2,263.12,0,0,0,0,0
neuromorpho__Cell-16-2_1.swc,382,pyramidal,0.975337,0,381,0,0,0,0,0,0,0,0,0,0,0,0.987735,0.000628333,0.987703,0.987703,0.987703,0.987703,0.987703,0,0,0,0,0,0,0,0,0.987703,0.987703,0,0,0,0,91,0.987838,0.987703,0.987703,0,0,11,0,0,0,0,0,0,8.57,-0.0637795,0.673452,454.25,513.45,0,0,0,0,0
neuromorpho__Cell-16-3.swc,251,pyramidal,0.978931,0,250,0,0,0,0,0,0,0,0,0,0,0,0.987752,0.000774617,0.987703,0.987703,0.987703,0.987703,0.987703,0,0,0,0,0,0,0,0,0.987703,0.987703,0,0,0,0,80,0.987857,0.987703,0.987703,0,0,6.1,0,0,0,0,0,0,8.44,0.01148,0.586806,239.37,460.97,0,0,0,0,0
neuromorpho__Cell-16-4.swc,220,pyramidal,0.986741,111,108,0,0,0,0,0,0,0,0,0,0,0,0.903168,0.0895769,0.76707,0.76707,0.777624,0.814838,0.942681,0,0,0,0.113636,0.45,0.820046,0.76707,0,0.987703,0.987703,0,0,0,0,79,0.918729,0.76707,0.814838,0,0.0379747,5.2,0,0,0,0,236.71,527.57,7.28,-0.0101852,0.518632,348.26,164.3,0,0,0,0,0
neuromorpho__Cell-2-3_2.swc,255,pyramidal,0.995877,0,254,0,0,0,0,0,0,0,0,0,0,0,0.987751,0.000768542,0.987703,0.987703,0.987703,0.987703,0.987703,0,0,0,0,0,0,0,0,0.987703,0.987703,0,0,0,0,119,0.987807,0.987703,0.987703,0,0,4,0,0,0,0,0,0,0,0,0,210.25,533.47,0,0,0,0,0
neuromorpho__Cell-2-3_3.swc,206,pyramidal,0.996428,0,205,0,0,0,0,0,0,0,0,0,0,0,0.987763,0.000854674,0.987703,0.987703,0.987703,0.987703,0.987703,0,0,0,0,0,0,0,0,0.987703,0.987703,0,0,0,0,51,0.987944,0.987703,0.987703,0,0,9,0,0,0,0,0,0,0,0,0,230.8,365.06,0,0,0,0,0
neuromorpho__Cell-2-3_5.swc,171,pyramidal,0.991625,131,39,0,0,0,0,0,0,0,0,0,0,0,0.991594,0.00661779,0.962653,0.987703,0.987703,0.987703,0.994405,0,0,0,0,0,0.992688,0.994317,0,0.987703,0.987703,0,0,0,0,48,0.990287,0.962653,0.987703,0,0,8.6,0,0,0,0,172.21,512.95,0,0,0,41.07,115.81,0,0,0,0,0
neuromorpho__Cell-2-4_3.swc,213,pyramidal,0.984248,177,35,0,0,0,0,0,0,0,0,0,0,0,0.504283,0.315221,0.3,0.3,0.3,0.3,0.3,0.704225,0.704225,0.704225,0.704225,0.704225,0.405891,0.3,0.847458,0.987701,0.987693,0,0,0,0,37,0.690302,0.3,0.3,0.432432,0.432432,12.2,0,1.54,0.00870056,0.115426,504.38,577.34,4.16,-0.0545714,0.603193,56.09,110.96,0,0,0,0,0
neuromorpho__Cell-22.swc,264,interneuron,0.488929,0,263,0,0,0,0,0,0,0,0,0,0,0,0.895206,0.0566715,0.824523,0.824523,0.824523,0.824523,0.938257,0,0,0,0,0.390152,0,0,0,0.894808,0.824523,0,0,0,0,29,0.91389,0.824523,0.824523,0,0,13.2,-6,0,0,0,0,0,39,-1.92015,9.18325,136.3,179.3,0,0,0,0,0
neuromorpho__Cell-24.swc,433,interneuron,0.70963,0,432,0,0,0,0,0,0,0,0,0,0,0,0.996946,0.00810326,0.971335,0.971335,0.994705,0.999666,0.999666,0,0,0,0,0,0,0,0,0.996939,0.994705,0,0,0,0,32,0.99855,0.971335,0.999666,0,0,28.9,-6.75,0,0,0,0,0,39.75,1.87731,10.4192,157.96,206.9,0,0,0,0,0
neuromorpho__Cell-28-Ch01.swc,346,interneuron,0.570756,0,345,0,0,0,0,0,0,0,0,0,0,0,0.827638,0.165331,0.505568,0.505568,0.505568,0.765313,0.918939,0,0.190751,0.190751,0.315029,0.315029,0,0,0,0.827138,0.505568,0.191304,0,0,0,13,0.888974,0.505568,0.796038,0.0769231,0.153846,42.8,-13,0,0,0,0,0,46,4.18261,13.692,137.94,197.55,0,0,0,0,0
neuromorpho__Cell-2_14.swc,132,pyramidal,0.965662,72,59,0,0,0,0,0,0,0,0,0,0,0,0.98615,0.027724,0.76707,0.976572,0.976572,0.987681,0.987703,0,0,0,0.0151515,0.0151515,0.991069,0.976572,0,0.979914,0.985021,0,0,0,0,46,0.984407,0.76707,0.984018,0,0.0217391,4.5,0,5.17,-5.09819,0.605044,392.33,120.61,3.68,0.0518644,0.407187,64.34,134.58,0,0,0,0,0
neuromorpho__Cell-3-2_5.swc,154,pyramidal,0.989867,0,153,0,0,0,0,0,0,0,0,0,0,0,0.985363,0.00204274,0.973133,0.983576,0.983576,0.9841,0.985272,0,0,0,0,0,0,0,0,0.985268,0.983576,0,0,0,0,40,0.985304,0.973133,0.983635,0,0,8.6,0,0,0,0,0,0,2.54,-0.0166013,0.204675,311.11,266.63,0,0,0,0,0
neuromorpho__Cell-3-3_5.swc,363,pyramidal,0.952394,299,63,0,0,0,0,0,0.00593644,0,0,0,0,0,0.662717,0.31626,0.3,0.3,0.3,0.3,0.824783,0.426997,0.426997,0.432507,0.432507,0.539945,0.615848,0.3,0.518395,0.879805,0.810634,0.031746,0,0,0,72,0.72442,0.3,0.3,0.319444,0.333333,12,0,0,0,0,436.68,607.7,0,0,0,114.87,215.86,0,0,0,0,0
neuromorpho__Cell-3_12.swc,171,pyramidal,0.997047,0,170,0,0,0,0,0,0,0,0,0,0,0,0.987775,0.000937603,0.987703,0.987703,0.987703,0.987703,0.987703,0,0,0,0,0,0,0,0,0.987703,0.987703,0,0,0,0,70,0.987879,0.987703,0.987703,0,0,5,0,0,0,0,0,0,0,0,0,291.33,293.77,0,0,0,0,0
neuromorpho__Cell-4-2_10.swc,298,pyramidal,0.978503,217,80,0,0,0,0,0,0,0,0,0,0,0,0.893853,0.238337,0.3,0.3,0.3,0.987703,0.994405,0.137584,0.137584,0.137584,0.137584,0.157718,0.863197,0.3,0.18894,0.975682,0.987703,0,0,0,0,80,0.902184,0.3,0.3,0.125,0.125,7.1,0,0,0,0,676.54,375.69,0,0,0,109.4,147.72,0,0,0,0,0
neuromorpho__Cell-4-3_2.swc,92,pyramidal,0.996155,0,91,0,0,0,0,0,0,0,0,0,0,0,0.987837,0.00127504,0.987703,0.987703,0.987703,0.987703,0.987703,0,0,0,0,0,0,0,0,0.987703,0.987703,0,0,0,0,42,0.987996,0.987703,0.987703,0,0,4,0,0,0,0,0,0,0,0,0,90.91,299.85,0,0,0,0,0
neuromorpho__Cell-4-5_1.swc,233,pyramidal,0.995785,0,232,0,0,0,0,0,0,0,0,0,0,0,0.987756,0.000803857,0.987703,0.987703,0.987703,0.987703,0.987703,0,0,0,0,0,0,0,0,0.987703,0.987703,0,0,0,0,108,0.987817,0.987703,0.987703,0,0,4,0,0,0,0,0,0,0,0,0,257.41,342.81,0,0,0,0,0
neuromorpho__Cell-4_14.swc,296,pyramidal,0.979012,250,45,0,0,0,0,0,0,0,0,0,0,0,0.808481,0.302724,0.3,0.3,0.3,0.3,0.994405,0.253378,0.273649,0.273649,0.273649,0.273649,0.786075,0.3,0.3,0.928704,0.548859,0.133333,0,0,0,68,0.898432,0.3,0.3,0.147059,0.147059,9,0,0,0,0,562.23,621.96,0,0,0,91.16,117.23,0,0,0,0,0
neuromorpho__Cell-6-3_2.swc,114,pyramidal,0.995396,0,113,0,0,0,0,0,0,0,0,0,0,0,0.987811,0.00114664,0.987703,0.987703,0.987703,0.987703,0.987703,0,0,0,0,0,0,0,0,0.987703,0.987703,0,0,0,0,38,0.988027,0.987703,0.987703,0,0,6.6,0,0,0,0,0,0,0,0,0,176.97,176.48,0,0,0,0,0
neuromorpho__Cell-6.swc,1467,interneuron,0.712491,102,1364,0,0,0,0,0,0,0,0,0,0,0,0.977428,0.0482873,0.759067,0.908046,0.935878,0.971335,0.999666,0,0,0,0.0327198,0.0327198,0.935878,0.935878,0,0.980519,0.908046,0,0,0,0,81,0.975301,0.759067,0.908046,0,0.0617284,42,-13.0417,9,10.2672,2.82464,31.75,121.11,86,2.19086,14.6573,145.33,321.5,0,0,0,0,0
neuromorpho__Cell-6_7.swc,200,pyramidal,0.992653,0,199,0,0,0,0,0,0,0,0,0,0,0,0.987765,0.000867336,0.987703,0.987703,0.987703,0.987703,0.987703,0,0,0,0,0,0,0,0,0.987703,0.987703,0,0,0,0,97,0.98783,0.987703,0.987703,0,0,4,0,0,0,0,0,0,0,0,0,239.57,426.81,0,0,0,0,0
neuromorpho__Cell-6_8.swc,238,pyramidal,0.996978,0,237,0,0,0,0,0,0,0,0,0,0,0,0.987755,0.000795405,0.987703,0.987703,0.987703,0.987703,0.987703,0,0,0,0,0,0,0,0,0.987703,0.987703,0,0,0,0,86,0.987846,0.987703,0.987703,0,0,6,0,0,0,0,0,0,0,0,0,136.11,311.87,0,0,0,0,0
neuromorpho__Cell-7-2_6.swc,163,pyramidal,0.991462,111,51,0,0,0,0,0,0,0,0,0,0,0,0.992342,0.00316176,0.987681,0.987703,0.987703,0.987703,0.994405,0,0,0,0,0,0.994405,0.994405,0,0.987701,0.987693,0,0,0,0,53,0.991601,0.987681,0.987703,0,0,6.6,0,0,0,0,367.8,426.74,1.95,-0.0409804,0.275049,64.01,136.83,0,0,0,0,0
neuromorpho__Cell-7-2_7.swc,123,pyramidal,0.990455,85,37,0,0,0,0,0,0,0,0,0,0,0,0.992434,0.00314309,0.987703,0.987703,0.987703,0.987703,0.994405,0,0,0,0,0,0.994404,0.994405,0,0.987703,0.987703,0,0,0,0,45,0.9914,0.987703,0.987703,0,0,5.6,0,0,0,0,406.62,156.52,1.62,0.11,0.375406,51.31,97.09,0,0,0,0,0
neuromorpho__Cell-7-4.swc,173,pyramidal,0.994977,91,81,0,0,0,0,0,0,0,0,0,0,0,0.80901,0.170032,0.622731,0.622731,0.642126,0.656854,0.659702,0,0,0.526012,0.526012,0.526012,0.647855,0.622731,1,0.987703,0.987703,0,0,0,0,47,0.809694,0.622731,0.650245,0.531915,0.531915,8.4,0,0,0,0,223.83,263.15,0,0,0,176.01,201.94,0,0,0,0,0
neuromorpho__Cell-7.swc,342,interneuron,0.634465,0,341,0,0,0,0,0,0,0,0,0,0,0,0.925157,0.00455609,0.92281,0.92281,0.92281,0.92281,0.926979,0,0,0,0,0,0,0,0,0.924937,0.92281,0,0,0,0,33,0.927044,0.92281,0.92281,0,0,18.8,-9.5,0,0,0,0,0,115,-11.6994,30.5435,75.01,112.43,0,0,0,0,0
neuromorpho__Cell-8-2.swc,190,pyramidal,0.993272,0,189,0,0,0,0,0,0,0,0,0,0,0,0.987768,0.00088975,0.987703,0.987703,0.987703,0.987703,0.987703,0,0,0,0,0,0,0,0,0.987703,0.987703,0,0,0,0,44,0.987983,0.987703,0.987703,0,0,10.4,0,0,0,0,0,0,0,0,0,337.07,381.28,0,0,0,0,0
neuromorpho__Cell-8-5.swc,211,pyramidal,0.991608,0,210,0,0,0,0,0,0,0,0,0,0,0,0.987762,0.000844536,0.987703,0.987703,0.987703,0.987703,0.987703,0,0,0,0,0,0,0,0,0.987703,0.987703,0,0,0,0,75,0.987867,0.987703,0.987703,0,0,6,0,0,0,0,0,0,5.2,0.0685714,0.507723,202.04,327.09,0,0,0,0,0
neuromorpho__Cell-9-2.swc,94,pyramidal,0.962609,0,93,0,0,0,0,0,0,0,0,0,0,0,0.987834,0.00126155,0.987703,0.987703,0.987703,0.987703,0.987703,0,0,0,0,0,0,0,0,0.987703,0.987703,0,0,0,0,28,0.988142,0.987703,0.987703,0,0,5.9,0,0,0,0,0,0,7.16,0.0221505,0.720033,133.64,422.2,0,0,0,0,0
neuromorpho__Cell-9-2_3.swc,368,pyramidal,0.99219,0,367,0,0,0,0,0,0,0,0,0,0,0,0.987737,0.000640142,0.987703,0.987703,0.987703,0.987703,0.987703,0,0,0,0,0,0,0,0,0.987703,0.987703,0,0,0,0,121,0.987805,0.987703,0.987703,0,0,7,0,0,0,0,0,0,3.85,-0.32891,0.759708,259.72,318.03,0,0,0,0,0
neuromorpho__Cell-9_3.swc,156,pyramidal,0.989139,0,155,0,0,0,0,0,0,0,0,0,0,0,0.986059,0.00937159,0.871753,0.983576,0.984018,0.985272,0.987693,0,0,0,0,0.00641026,0,0,0,0.985969,0.984018,0,0,0,0,56,0.984633,0.871753,0.983642,0,0,5,0,0,0,0,0,0,20.34,-0.149677,1.82493,183.67,438.28,0,0,0,0,0
neuromorpho__Cell-9_7.swc,324,pyramidal,0.95787,261,62,0,0,0,0,0,0,0,0,0,0,0,0.939554,0.184951,0.3,0.3,0.987703,0.987703,0.994405,0.0771605,0.0771605,0.0771605,0.0771605,0.0771605,0.927885,0.994227,0.0957854,0.987703,0.987703,0,0,0,0,108,0.965116,0.3,0.987703,0.037037,0.037037,6,0,0.32,0.00122605,0.0197695,934.59,367.66,2.07,-0.0872581,0.377373,127.18,164.92,0,0,0,0,0
neuromorpho__Cell11.swc,9269,interneuron,0.98983,3976,5292,0,0,0,0,0,0,0,0,0,0,0,0.999704,4.70066e-05,0.999555,0.999666,0.999666,0.999666,0.999666,0,0,0,0,0,0.999753,0.999757,0,0.999666,0.999666,0,0,0,0,529,0.999685,0.999555,0.999666,0,0,36,0,58.78,-3.00471,10.1623,160.68,137.49,23.92,-3.0545,4.80627,174.6,208.17,0,0,0,0,0
neuromorpho__Cell13.swc,10332,interneuron,0.952332,4557,5774,0,0,0,0,0,0,0,0,0,0,0,0.999701,5.07937e-05,0.999555,0.999666,0.999666,0.999666,0.999666,0,0,0,0,0,0.999745,0.999757,0,0.999666,0.999666,0,0,0,0,483,0.999684,0.999555,0.999666,0,0,48.8,0,60.02,3.12195,9.86525,113.78,100.53,17.55,2.6802,2.62367,97.1,135.41,0,0,0,0,0
neuromorpho__Cell16.swc,9275,interneuron,0.995274,7412,1862,0,0,0,0,0,0,0,0,0,0,0,0.91972,0.0789767,0.590909,0.792453,0.802469,0.895604,0.935878,0,0.00204852,0.029434,0.0956334,0.294771,0.904276,0.792453,0.0304911,0.981154,0.994705,0.0252417,0,0,0,563,0.893467,0.590909,0.792453,0.0657194,0.16341,36.8,0,40.23,-0.401112,4.29983,59.42,123.83,41.72,-2.9781,8.66783,62.8,221.2,0,0,0,0,0
neuromorpho__Cell20.swc,7262,interneuron,0.954699,3923,3338,0,0,0,0,0,0,0,0,0,0,0,0.991644,0.0124652,0.969809,0.969809,0.969809,0.980046,0.999666,0,0,0,0,0,0.986373,0.969809,0,0.997836,0.994705,0,0,0,0,314,0.992861,0.969809,0.969809,0,0,55,0,111.28,-0.831292,19.7421,213.42,305.07,21.12,1.42986,3.24761,102.91,141.27,0,0,0,0,0
neuromorpho__Cell2biorxiv.swc,2082,interneuron,0.891198,0,2081,0,0,0,0,0,0,0,0,0,0,0,0.681443,0.347121,0.3,0.3,0.3,0.3,0.994705,0.45293,0.45293,0.45293,0.45293,0.45293,0,0,0,0.681289,0.3,0.453148,0,0,0,126,0.832245,0.3,0.3,0.238095,0.261905,37.5,-0.928571,0,0,0,0,0,156,-33.8922,42.9992,2257.71,1457.23,0,0,0,0,0
neuromorpho__Cell30.swc,11499,interneuron,0.996179,6916,4582,0,0,0,0,0,0,0,0,0,0,0,0.998791,0.00401501,0.972519,0.99415,0.999666,0.999666,0.999757,0,0,0,0,0,0.998211,0.999555,0,0.999666,0.999666,0,0,0,0,480,0.999236,0.972519,0.999666,0,0,59.1,0,66.46,-11.9485,10.6715,169.87,265.12,13.3,-0.660703,2.30336,109.62,130.66,0,0,0,0,0
neuromorpho__Cell32.swc,5524,interneuron,0.99281,2448,3075,0,0,0,0,0,0,0,0,0,0,0,0.75885,0.106056,0.503245,0.619835,0.619835,0.666667,0.759067,0,0.0157495,0.3063,0.771361,0.809015,0.792809,0.619835,0.379085,0.731736,0.666667,0.248455,0,0,0,405,0.756025,0.503245,0.619835,0.234568,0.82716,29,0,34.6,-0.886736,4.6124,129.26,87.22,25.67,0.91505,4.11519,106.64,165.41,0,0,0,0,0
neuromorpho__Cell34.swc,9807,interneuron,0.9941,4184,5622,0,0,0,0,0,0,0,0,0,0,0,0.999701,4.90561e-05,0.999555,0.999666,0.999666,0.999666,0.999666,0,0,0,0,0,0.999748,0.999757,0,0.999666,0.999666,0,0,0,0,527,0.999678,0.999555,0.999666,0,0,39,0,56.22,-2.58125,10.158,225.28,284.82,12.99,-0.0432053,1.99178,87.76,137.51,0,0,0,0,0
neuromorpho__Cell39.swc,5674,interneuron,0.996531,3095,2578,0,0,0,0,0,0,0,0,0,0,0,0.999697,0.000455296,0.980046,0.999666,0.999666,0.999666,0.999757,0,0,0,0,0,0.999723,0.999757,0,0.999666,0.999666,0,0,0,0,345,0.999641,0.980046,0.999666,0,0,39,0,77.11,1.49372,10.5478,232.99,145.37,13.88,-0.0501086,1.97006,90.7,148.9,0,0,0,0,0
neuromorpho__Cell42.swc,10414,interneuron,0.98829,10212,201,0,0,0,0,0,0,0,0,0,0,0,0.96942,0.0395824,0.619835,0.935878,0.935878,0.969809,0.969809,0,0,0.00105627,0.0208373,0.0229499,0.973603,0.935878,0.000587544,0.756769,0.759067,0.0248756,0,0,0,668,0.958159,0.619835,0.935878,0.00299401,0.0344311,35,0,46.81,-4.0945,8.3483,145.02,469.46,15.85,-1.75299,3.34402,117.54,116.81,0,0,0,0,0
neuromorpho__Cell47.swc,6445,interneuron,0.99386,2428,4016,0,0,0,0,0,0,0,0,0,0,0,0.999701,4.43796e-05,0.999666,0.999666,0.999666,0.999666,0.999666,0,0,0,0,0,0.999757,0.999757,0,0.999666,0.999666,0,0,0,0,316,0.999692,0.999666,0.999666,0,0,49,0,30.87,-3.0532,5.31068,139.47,136.26,11.9,1.1181,2.12108,111.89,121.77,0,0,0,0,0
neuromorpho__Cell55.swc,3571,interneuron,0.993209,1151,2419,0,0,0,0,0,0,0,0,0,0,0,0.999019,0.00363308,0.969809,0.999555,0.999666,0.999666,0.999666,0,0,0,0,0,0.997659,0.986688,0,0.999666,0.999666,0,0,0,0,286,0.998817,0.969809,0.999666,0,0,26,0,30.4,-3.95562,4.92555,85.65,110.68,24.46,1.9154,3.65613,143.79,167.47,0,0,0,0,0
neuromorpho__Cell61.swc,5250,interneuron,0.995366,2850,2399,0,0,0,0,0,0,0,0,0,0,0,0.987674,0.0131505,0.969809,0.969809,0.969809,0.972519,0.999555,0,0,0,0,0,0.977575,0.969809,0,0.999666,0.999666,0,0,0,0,316,0.989805,0.969809,0.969809,0,0,34.5,0,61.44,-9.39302,9.90738,184.13,147.91,23.18,2.29709,3.39055,151.92,198.62,0,0,0,0,0
neuromorpho__Cell64.swc,6699,interneuron,0.99394,2608,4090,0,0,0,0,0,0,0,0,0,0,0,0.99959,0.00139601,0.980046,0.999555,0.999666,0.999666,0.999666,0,0,0,0,0,0.99947,0.999555,0,0.999666,0.999666,0,0,0,0,350,0.998958,0.980046,0.999555,0,0,41,0,59.47,0.29038,9.37566,114.72,86.88,28.31,2.56158,4.28997,207.6,127.62,0,0,0,0,0
neuromorpho__Cell7.swc,4876,interneuron,0.911445,308,4567,0,0,0,0,0,0,0,0,0,0,0,0.953777,0.071289,0.619835,0.759067,0.792453,0.971335,0.971335,0,0,0.00451189,0.101723,0.132691,0.87592,0.792453,0.0714286,0.959018,0.971335,0,0,0,0,366,0.974552,0.619835,0.971335,0.00273224,0.0163934,29,0,9.09,-5.41815,2.9524,34.01,57.76,18.72,-1.62108,3.13924,92.62,217.96,0,0,0,0,0
neuromorpho__Cell70.swc,4883,interneuron,0.987097,0,4882,0,0,0,0,0,0,0,0,0,0,0,0.986259,0.0153695,0.933333,0.971335,0.971335,0.971335,0.999666,0,0,0,0,0,0,0,0,0.986256,0.971335,0,0,0,0,335,0.990336,0.933333,0.971335,0,0,32,0,0,0,0,0,0,35.15,1.79522,5.19501,203.08,278.88,0,0,0,0,0
neuromorpho__Cell72.swc,2867,interneuron,0.995323,2432,434,0,0,0,0,0,0,0,0,0,0,0,0.986882,0.0127482,0.969809,0.972519,0.972519,0.972519,0.980369,0,0,0,0,0,0.984595,0.972519,0,0.999666,0.999666,0,0,0,0,193,0.987057,0.969809,0.972519,0,0,31,0,79.53,0.282644,11.6928,169.01,257.99,7.08,-1.87419,1.12475,34.63,41.87,0,0,0,0,0
neuromorpho__Cell77.swc,9909,interneuron,0.996178,5252,4656,0,0,0,0,0,0,0,0,0,0,0,0.999713,4.76269e-05,0.999555,0.999666,0.999666,0.999666,0.999757,0,0,0,0,0,0.999754,0.999757,0,0.999666,0.999666,0,0,0,0,422,0.99969,0.999555,0.999666,0,0,53.9,0,54.62,-1.01832,9.40924,234.6,190.67,21.38,-0.973512,2.62298,103.32,151.06,0,0,0,0,0
neuromorpho__Cell78.swc,5194,interneuron,0.988511,2115,3078,0,0,0,0,0,0,0,0,0,0,0,0.999631,0.00118757,0.980046,0.999666,0.999666,0.999666,0.999666,0,0,0,0,0,0.999579,0.999757,0,0.999666,0.999666,0,0,0,0,436,0.999639,0.980046,0.999666,0,0,26,0,38.38,1.68889,6.79039,96.96,85.18,25.03,-2.63967,3.94144,98.33,155.17,0,0,0,0,0
neuromorpho__Cell7_Hippocampus_singlecell.swc,527,interneuron,0.35889,157,369,0,0,0,0,0,0,0,0,0,0,0,0.834581,0.171518,0.3,0.609488,0.609488,0.609488,0.940956,0.0265655,0.0265655,0.297913,0.297913,0.297913,0.58189,0.609488,1,0.941646,0.940956,0,0,0,0,74,0.863758,0.3,0.609488,0.22973,0.22973,12.7,0,56.18,-1.36503,9.63637,453.66,306.98,23.24,0.161138,5.92467,98.05,343.48,0,0,0,0,0
neuromorpho__Cell888Spp1.swc,2608,interneuron,0.478177,0,2607,0,0,0,0,0,0,0,0,0,0,0,0.930012,0.0862755,0.3,0.941663,0.941663,0.941663,0.941806,0.0184049,0.0184049,0.0184049,0.0184049,0.0184049,0,0,0,0.929985,0.941663,0.018412,0,0,0,40,0.94062,0.3,0.941663,0,0,131.5,0,0,0,0,0,0,63,-9.4391,15.3119,188.69,345.66,0,0,0,0,0
neuromorpho__Chat-IRES-Cre-neo_Ai14-280700-06-01-01_614430437_m.swc,11680,interneuron,0.996713,9205,2474,0,0,0,0,0,0,0,0,0,0,0,0.990614,0.0781032,0.3,0.999666,0.999666,0.999757,0.999757,0.0125856,0.0125856,0.0125856,0.0127568,0.0127568,0.998821,0.999757,0.000760456,0.960073,0.999666,0.0565885,0,0,0,416,0.997783,0.3,0.999666,0.00240385,0.00480769,62,0,83.06,0.951284,15.254,379.38,664.68,46.81,9.58098,7.64109,186.53,716.68,0,0,0,0,0
neuromorpho__Chat-IRES-Cre-neo_Ai14-308245-04-02-01_605859502_m.swc,8427,interneuron,0.992995,5784,2642,0,0,0,0,0,0,0,0,0,0,0,0.998097,0.00611918,0.969809,0.980369,0.999555,0.999666,0.999757,0,0,0,0,0,0.99738,0.999555,0,0.999666,0.999666,0,0,0,0,299,0.998138,0.969809,0.999555,0,0,63.4,0,88.05,-6.86678,14.358,329.63,779.87,57.1,-8.23492,10.2794,220.78,624.07,0,0,0,0,0
neuromorpho__Chat-IRES-Cre-neo_Ai14-313181-04-02-01_610885831_m.swc,4292,interneuron,0.978971,2065,2226,0,0,0,0,0,0,0,0,0,0,0,0.997738,0.00589146,0.969809,0.980369,0.991257,0.999666,0.999666,0,0,0,0,0,0.995658,0.980369,0,0.999666,0.999666,0,0,0,0,136,0.997708,0.969809,0.995406,0,0,85,0,64.47,-3.00511,11.3212,154.2,267.87,111.25,3.90856,16.0674,217.91,568.99,0,0,0,0,0
neuromorpho__Chat-IRES-Cre-neo_Ai14-316042-05-02-01_639670635_m.swc,6544,interneuron,0.984594,3376,3167,0,0,0,0,0,0,0,0,0,0,0,0.999567,0.00164017,0.980046,0.999666,0.999666,0.999666,0.999666,0,0,0,0,0,0.999473,0.999757,0,0.999666,0.999666,0,0,0,0,177,0.999495,0.980046,0.999666,0,0,80.4,0,83.2,-1.48265,15.6008,257.47,565.03,81.55,-0.010461,11.3899,159.08,612.18,0,0,0,0,0
neuromorpho__Chrna2-Cre_OE25_Ai14_BT_-280154-04-01-01_673136338_m.swc,14548,interneuron,0.994542,11997,2550,0,0,0,0,0,0,0,0,0,0,0,0.967327,0.146974,0.3,0.999666,0.999666,0.999757,0.999757,0.0462607,0.0462607,0.0462607,0.0462607,0.0462607,0.976314,0.999757,0.033425,0.925035,0.3,0.106667,0,0,0,403,0.994945,0.3,0.999666,0.00248139,0.0124069,91,0,140.33,-30.6759,32.8595,442.46,532.6,87.72,-12.0655,17.7477,338.9,472,0,0,0,0,0
neuromorpho__D100308INT.swc,8361,interneuron,0.996632,7301,1059,0,0,0,0,0,0,0,0,0,0,0,0.996855,0.0405894,0.3,0.999666,0.999666,0.999757,0.999757,0.00334888,0.00334888,0.00334888,0.00334888,0.00334888,0.998938,0.999757,0.000273935,0.982488,0.999666,0.0245515,0,0,0,775,0.997435,0.3,0.999666,0.00258065,0.00258065,21,0,111.5,49.5433,25.8248,654.4,600.47,24.48,0.929018,4.52453,426.83,527.09,0,0,0,0,0
neuromorpho__Dec4IR3b-20x-NL.swc,7343,interneuron,0.432533,1051,6291,0,0,0,0,0,0,0,0,0,0,0,0.809881,0.227893,0.3,0.3,0.3,0.666391,0.937072,0.14381,0.14381,0.275909,0.275909,0.275909,0.3,0.3,1,0.895034,0.666391,0.154983,0,0,0,105,0.844146,0.3,0.666391,0.219048,0.219048,159.6,-8.06643,84.44,60.1911,22.3942,240.56,600.33,83.19,6.16722,16.8188,333.39,368.89,0,0,0,0,0
neuromorpho__Delayed15_2161_biocytin.swc,1396,interneuron,0.981657,0,1395,0,0,0,0,0,0,0,0,0,0,0,0.999666,8.93357e-06,0.999666,0.999666,0.999666,0.999666,0.999666,0,0,0,0,0,0,0,0,0.999666,0.999666,0,0,0,0,11,0.999696,0.999666,0.999666,0,0,290,0,0,0,0,0,0,26.6,0.96129,5.17919,135.69,189.19,0,0,0,0,0
neuromorpho__Delayed8_241018c6_neurobiotin.swc,4695,interneuron,0.976422,0,4694,0,0,0,0,0,0,0,0,0,0,0,0.999666,4.87258e-06,0.999666,0.999666,0.999666,0.999666,0.999666,0,0,0,0,0,0,0,0,0.999666,0.999666,0,0,0,0,30,0.999677,0.999666,0.999666,0,0,415.7,0,0,0,0,0,0,62.65,-2.27775,12.8498,296.54,425.12,0,0,0,0,0
neuromorpho__Diego-02-27-13-BR.swc,27082,interneuron,0.997063,22936,4145,0,0,0,0,0,0,0,0,0,0,0,0.977416,0.122974,0.3,0.999666,0.999666,0.999757,0.999757,0.0319031,0.0319031,0.0319031,0.0319031,0.0319031,0.980349,0.999757,0.0277293,0.96118,0.999666,0.055006,0,0,0,719,0.983977,0.3,0.999739,0.0194715,0.0236439,87,0,233,-48.0262,47.6978,628.58,523.28,162.55,-36.1198,34.6119,225.28,463.28,0,0,0,0,0
neuromorpho__EDF2_D4-Fresh-Hippo-2-EDF_crop-4.swc,728,pyramidal,0.995063,0,727,0,0,0,0,0,0,0,0,0,0,0,0.98772,0.000455435,0.987703,0.987703,0.987703,0.987703,0.987703,0,0,0,0,0,0,0,0,0.987703,0.987703,0,0,0,0,11,0.988821,0.987703,0.987703,0,0,157,0,0,0,0,0,0,0,0,0,13.87,25.98,0,0,0,0,0
neuromorpho__EDF2_D4-Fresh-Hippo-2-EDF_crop.swc,891,pyramidal,0.992707,0,890,0,0,0,0,0,0,0,0,0,0,0,0.987717,0.000411726,0.987703,0.987703,0.987703,0.987703,0.987703,0,0,0,0,0,0,0,0,0.987703,0.987703,0,0,0,0,8,0.98924,0.987703,0.987703,0,0,189.3,0,0,0,0,0,0,0,0,0,18.03,30.17,0,0,0,0,0
neuromorpho__EDF3_D4-Fresh-Hippo-3-EDF_crop-8.swc,769,pyramidal,0.994155,0,768,0,0,0,0,0,0,0,0,0,0,0,0.987719,0.000443144,0.987703,0.987703,0.987703,0.987703,0.987703,0,0,0,0,0,0,0,0,0.987703,0.987703,0,0,0,0,9,0.98907,0.987703,0.987703,0,0,191.2,0,0,0,0,0,0,0,0,0,18.1,26.77,0,0,0,0,0
neuromorpho__EDF3_D4-Fresh-Hippo-3-EDF_crop.swc,891,pyramidal,0.993401,0,890,0,0,0,0,0,0,0,0,0,0,0,0.987717,0.000411726,0.987703,0.987703,0.987703,0.987703,0.987703,0,0,0,0,0,0,0,0,0.987703,0.987703,0,0,0,0,6,0.989753,0.987703,0.987703,0,0,346,0,0,0,0,0,0,0,0,0,19.57,44.78,0,0,0,0,0
neuromorpho__ES53_iOLM.swc,13074,interneuron,0.969457,7952,5121,0,0,0,0,0,0,0,0,0,0,0,0.55835,0.33737,0.3,0.3,0.3,0.3,0.3,0.630335,0.630335,0.630335,0.630335,0.630335,0.310782,0.3,0.983903,0.942693,0.999666,0.0814294,0,0,0,565,0.563335,0.3,0.3,0.623009,0.623009,50.6,0,586.05,434.902,94.2958,576.54,314.98,104.51,-37.4031,17.2823,435.64,578.03,0,0,0,0,0
neuromorpho__EXP-5_67-188-1001.swc,5520,interneuron,0.964713,0,5519,0,0,0,0,0,0,0,0,0,0,0,0.997146,0.00806496,0.971335,0.971335,0.999666,0.999666,0.999666,0,0,0,0,0,0,0,0,0.997146,0.999666,0,0,0,0,90,0.994004,0.971335,0.971335,0,0,154.7,0,0,0,0,0,0,4.13,-0.662229,0.426509,151.67,163.74,0,0,0,0,0
neuromorpho__EXP-5_67-188-1002.swc,1474,interneuron,0.989043,0,1473,0,0,0,0,0,0,0,0,0,0,0,0.99907,0.00406518,0.971335,0.999666,0.999666,0.999666,0.999666,0,0,0,0,0,0,0,0,0.99907,0.999666,0,0,0,0,17,0.998019,0.971335,0.999666,0,0,183.2,0,0,0,0,0,0,3.62,0.531752,0.553136,124.96,145.7,0,0,0,0,0
neuromorpho__EXP-5_67-188-1003.swc,1051,interneuron,0.985343,0,1050,0,0,0,0,0,0,0,0,0,0,0,0.99751,0.00751305,0.971335,0.971335,0.999666,0.999666,0.999666,0,0,0,0,0,0,0,0,0.997508,0.999666,0,0,0,0,19,0.996701,0.971335,0.994,0,0,122,0,0,0,0,0,0,4.57,-0.452057,0.497742,115.97,163.69,0,0,0,0,0
neuromorpho__EXP-5_67-188-1008.swc,6923,interneuron,0.944806,0,6922,0,0,0,0,0,0,0,0,0,0,0,0.999666,4.01277e-06,0.999666,0.999666,0.999666,0.999666,0.999666,0,0,0,0,0,0,0,0,0.999666,0.999666,0,0,0,0,92,0.99967,0.999666,0.999666,0,0,174.8,0,0,0,0,0,0,4.23,0.873333,0.618974,166.91,208.11,0,0,0,0,0
neuromorpho__EXP-5_67-Scr-1011.swc,1607,interneuron,0.985009,0,1606,0,0,0,0,0,0,0,0,0,0,0,0.999666,8.32684e-06,0.999666,0.999666,0.999666,0.999666,0.999666,0,0,0,0,0,0,0,0,0.999666,0.999666,0,0,0,0,22,0.999681,0.999666,0.999666,0,0,149.8,0,0,0,0,0,0,3.28,-0.0764633,0.521893,124.62,164.82,0,0,0,0,0
neuromorpho__Epi3cell2_sc.swc,5234,pyramidal,0.900351,746,4424,63,0,0,0,0,0,0,0,0,0,0,0.515882,0.217286,0.3,0.3,0.3,0.3,0.560192,0.435995,0.63546,0.844478,0.905235,0.915552,0.651857,0.3,0.493298,0.486725,0.3,0.915913,0.945595,0.945595,0,116,0.587467,0.3,0.411669,0.862069,0.887931,100,0,509.18,91.0318,109.827,782.38,895.97,514.57,4.64899,97.1902,1042.4,1127.57,40.1,71.6333,13.3185,158.84,107.91
neuromorpho__Exp_V1B-L23_cell1.swc,617,pyramidal,0.990066,0,396,220,0,0,0,0,0,0,0,0,0,0,0.972709,0.0201902,0.945595,0.945595,0.945595,0.945595,0.987703,0,0,0,0,0,0,0,0,0.987703,0.987703,0,0.945595,0.945595,0,93,0.972894,0.945595,0.945595,0,0,13,0,0,0,0,0,0,87.75,-2.23058,18.6391,218.42,254.19,83.22,-8.24636,20.9524,285.02,236.75
neuromorpho__Exp_V1B-L5_cell11.swc,516,pyramidal,0.988398,0,515,0,0,0,0,0,0.00671001,0,0,0,0,0,0.865546,0.25867,0.3,0.3,0.3,0.983576,0.987703,0.172481,0.172481,0.172481,0.172481,0.19186,0,0,0,0.865285,0.3,0.172816,0,0,0,72,0.808267,0.3,0.3,0.263889,0.263889,14,0,0,0,0,0,0,136.17,-3.55017,27.7368,266.86,809.63,0,0,0,0,0
neuromorpho__Exp_V1B-L5_cell4.swc,1198,pyramidal,0.989619,730,467,0,0,0,0,0,0,0,0,0,0,0,0.823786,0.131351,0.715587,0.715587,0.715587,0.715587,0.726081,0,0,0,0.609349,0.609349,0.718682,0.715587,0,0.987703,0.987703,0,0,0,0,170,0.813882,0.715587,0.715587,0,0.652941,16,0,140.24,-7.76321,21.5188,261.89,688,118.75,-15.8942,25.7389,259.39,222.82,0,0,0,0,0
neuromorpho__Exp_V1B-L5_cell5.swc,1094,pyramidal,0.990442,615,478,0,0,0,0,0,0,0,0,0,0,0,0.770791,0.221739,0.3,0.512196,0.512196,0.555967,0.927148,0.00731261,0.459781,0.459781,0.472578,0.472578,0.604328,0.512196,0.81626,0.984485,0.987703,0.00209205,0,0,0,133,0.740239,0.3,0.513177,0.541353,0.556391,17,0,215.51,3.19055,40.2266,390,643.9,153.64,-9.2337,30.8163,315.89,235.57,0,0,0,0,0
neuromorpho__Feb23-IR1-1G.swc,1142,pyramidal,0.970177,0,660,481,0,0,0.0630473,0.0630473,0.0141414,-0.0630473,0.0630473,0,0,0,0.972099,0.0602451,0.3,0.813082,0.981687,0.982145,0.987703,0.00437828,0.00437828,0.00437828,0.00437828,0.0630473,0,0,0,0.964767,0.813082,0.00757576,0.982101,0.982145,0,59,0.981788,0.3,0.982145,0,0.0169492,44,0,0,0,0,0,0,84.49,3.42362,13.6745,272.19,236.59,81.63,-7.92191,13.8631,220.81,449.06
neuromorpho__Fig1_1.swc,7195,interneuron,0.641931,6920,274,0,0,0,0,0,0,0,0,0,0,0,0.563655,0.314646,0.3,0.3,0.3,0.3,0.3,0.587491,0.587491,0.587491,0.587491,0.587491,0.550004,0.3,0.608671,0.906826,0.941924,0.0547445,0,0,0,164,0.73509,0.3,0.3,0.310976,0.365854,107.6,0,285.19,-78.0503,70.4589,1968.5,1500.79,115.52,-32.7986,32.9274,152.34,371.89,0,0,0,0,0
neuromorpho__Fig2a_cell1_1112071rm.swc,8103,interneuron,0.99662,7263,839,0,0,0,0,0,0,0,0,0,0,0,0.991279,0.0753263,0.3,0.999666,0.999666,0.999757,0.999757,0.0117241,0.0117241,0.0117241,0.0117241,0.0117241,0.994259,0.999757,0.00743494,0.965475,0.999666,0.0488677,0,0,0,434,0.998387,0.3,0.999666,0,0,38.7,0,195.69,6.15106,27.9553,221.06,238.39,141.01,16.1453,38.3698,130.48,237.15,0,0,0,0,0
neuromorpho__Fig2c_cell1_1402022rm.swc,21049,interneuron,0.991855,19935,1113,0,0,0,0,0,0,0,0,0,0,0,0.68708,0.347752,0.3,0.3,0.3,0.3,0.999666,0.446625,0.446625,0.446625,0.446625,0.446625,0.669612,0.3,0.471583,0.999666,0.999666,0,0,0,0,434,0.819655,0.3,0.3,0.267281,0.288018,136.8,0,237.65,56.6954,53.7945,385.24,668.41,81.79,-3.82236,14.0802,101.38,159.71,0,0,0,0,0
neuromorpho__Fig2f_Rat_131.swc,3396,interneuron,0.684322,2478,917,0,0,0,0,0,0,0,0,0,0,0,0.807671,0.310676,0.3,0.3,0.3,0.3,0.999666,0.272379,0.272379,0.272379,0.272379,0.272379,0.736544,0.3,0.373285,0.999666,0.999666,0,0,0,0,119,0.839495,0.3,0.3,0.226891,0.226891,73,0,107.72,22.2851,24.4153,440.9,449.4,88.29,16.9133,21.5464,182.24,264.4,0,0,0,0,0
neuromorpho__Fig4_1.swc,9154,interneuron,0.984319,7597,1556,0,0,0,0,0,0,0,0,0,0,0,0.939661,0.196043,0.3,0.3,0.999666,0.999757,0.999757,0.0858641,0.0858641,0.0858641,0.0858641,0.0858641,0.959413,0.999757,0.0576543,0.843186,0.3,0.22365,0,0,0,173,0.980132,0.3,0.999666,0.0231214,0.0346821,120.4,0,49.67,0.939418,12.7335,635.38,507.33,113.39,7.5544,23.405,252.88,374.79,0,0,0,0,0
neuromorpho__Fig5a_4cell.swc,1857,pyramidal,0.977797,1086,770,0,0,0,0,0,0,0,0,0,0,0,0.699824,0.242689,0.3,0.491096,0.491096,0.491096,0.507263,0.479806,0.584814,0.584814,0.584814,0.584814,0.495434,0.491096,1,0.987703,0.987703,0,0,0,0,85,0.750943,0.3,0.491096,0.482353,0.482353,47,0,314.99,14.8967,61.5337,342.18,189.17,144.09,6.29591,24.993,171.87,152.97,0,0,0,0,0
neuromorpho__Fig5a_7cell.swc,3457,pyramidal,0.985075,0,1700,1756,0,0,0,0,0,0,0,0,0,0,0.906822,0.217968,0.3,0.3,0.3,0.981639,0.982145,0.114261,0.114261,0.114261,0.114261,0.114261,0,0,0,0.987703,0.987703,0,0.828467,0.3,0.224943,95,0.924467,0.3,0.962636,0.0842105,0.0947368,77.2,0,0,0,0,0,0,267.76,-16.3233,57.0512,322.69,212.72,304.3,15.3291,50.4179,329.68,611.93
neuromorpho__Fig5c_141009_2og_B.swc,7226,pyramidal,0.909917,4030,1767,1428,0,0,0,0,0.0090186,0,0,0,0,0,0.76529,0.31822,0.3,0.3,0.3,0.3,0.987681,0.316911,0.316911,0.316911,0.320094,0.357321,0.663399,0.3,0.476675,0.886123,0.3,0.147708,0.903158,0.842362,0.0756303,127,0.874611,0.3,0.3,0.149606,0.19685,153,0,130.15,37.2555,27.6245,868.59,1558.89,62.21,20.1889,12.9759,283.9,436.73,60.99,16.663,11.3569,324.89,411.09
neuromorpho__Fig6b_1610052mg_A.swc,4669,interneuron,0.992423,3577,1091,0,0,0,0,0,0,0,0,0,0,0,0.979002,0.116769,0.3,0.980046,0.999666,0.999666,0.999757,0.0286999,0.0286999,0.0286999,0.0286999,0.0286999,0.98306,0.999555,0.0226447,0.965677,0.999666,0.0485793,0,0,0,242,0.997107,0.3,0.999666,0.00413223,0.00413223,42,0,187.34,0.872905,36.8895,200.99,172.55,89.53,10.2472,16.478,157.81,225.08,0,0,0,0,0
neuromorpho__Fig6b_1610052mg_B.swc,6474,pyramidal,0.958167,0,2858,3615,0,0,0,0,0,0,0,0,0,0,0.952757,0.144417,0.3,0.981639,0.982145,0.982145,0.982145,0.0466481,0.0466481,0.0466481,0.0466481,0.0466481,0,0,0,0.983613,0.987703,0.00594822,0.92835,0.981687,0.0788382,118,0.947427,0.3,0.962021,0.0508475,0.0508475,116,0,0,0,0,0,0,203.56,27.131,43.7376,307.31,214.25,259.88,14.0297,43.1615,334.3,350.82
neuromorpho__Fresh-2-1-more.swc,1883,pyramidal,0.9943,0,1882,0,0,0,0,0,0,0,0,0,0,0,0.98771,0.000283302,0.987703,0.987703,0.987703,0.987703,0.987703,0,0,0,0,0,0,0,0,0.987703,0.987703,0,0,0,0,9,0.98907,0.987703,0.987703,0,0,373.2,0,0,0,0,0,0,0,0,0,16.68,71.29,0,0,0,0,0
neuromorpho__Fresh-2-1.swc,5979,pyramidal,0.99381,0,5978,0,0,0,0,0,0,0,0,0,0,0,0.987705,0.000159016,0.987703,0.987703,0.987703,0.987703,0.987703,0,0,0,0,0,0,0,0,0.987703,0.987703,0,0,0,0,39,0.988019,0.987703,0.987703,0,0,340.6,0,0,0,0,0,0,0,0,0,51.38,85.42,0,0,0,0,0
neuromorpho__Fresh-2-2.swc,3304,pyramidal,0.991353,0,3303,0,0,0,0,0,0,0,0,0,0,0,0.987707,0.000213897,0.987703,0.987703,0.987703,0.987703,0.987703,0,0,0,0,0,0,0,0,0.987703,0.987703,0,0,0,0,19,0.98835,0.987703,0.987703,0,0,391.2,0,0,0,0,0,0,0,0,0,27.53,76.87,0,0,0,0,0
neuromorpho__Fresh-2-3.swc,5404,pyramidal,0.99531,0,5403,0,0,0,0,0,0,0,0,0,0,0,0.987706,0.00016726,0.987703,0.987703,0.987703,0.987703,0.987703,0,0,0,0,0,0,0,0,0.987703,0.987703,0,0,0,0,37,0.988036,0.987703,0.987703,0,0,286,0,0,0,0,0,0,0,0,0,37.36,84.97,0,0,0,0,0
neuromorpho__Fresh-3-1.swc,5612,pyramidal,0.99489,0,5611,0,0,0,0,0,0,0,0,0,0,0,0.987705,0.000164132,0.987703,0.987703,0.987703,0.987703,0.987703,0,0,0,0,0,0,0,0,0.987703,0.987703,0,0,0,0,38,0.988027,0.987703,0.987703,0,0,300.6,0,0,0,0,0,0,0,0,0,46.46,87.53,0,0,0,0,0
neuromorpho__Fresh-4-1.swc,3510,pyramidal,0.98872,0,3509,0,0,0,0,0,0,0,0,0,0,0,0.987707,0.000207527,0.987703,0.987703,0.987703,0.987703,0.987703,0,0,0,0,0,0,0,0,0.987703,0.987703,0,0,0,0,20,0.988318,0.987703,0.987703,0,0,479.5,0,0,0,0,0,0,0,0,0,43.56,58.62,0,0,0,0,0
neuromorpho__Fresh-5-1.swc,7307,pyramidal,0.991954,0,7306,0,0,0,0,0,0,0,0,0,0,0,0.987705,0.000143844,0.987703,0.987703,0.987703,0.987703,0.987703,0,0,0,0,0,0,0,0,0.987703,0.987703,0,0,0,0,41,0.988003,0.987703,0.987703,0,0,429,0,0,0,0,0,0,0,0,0,70.75,117.09,0,0,0,0,0
neuromorpho__Fresh-6-1.swc,3977,pyramidal,0.994105,0,3976,0,0,0,0,0,0,0,0,0,0,0,0.987706,0.000194966,0.987703,0.987703,0.987703,0.987703,0.987703,0,0,0,0,0,0,0,0,0.987703,0.987703,0,0,0,0,30,0.988113,0.987703,0.987703,0,0,240.1,0,0,0,0,0,0,0,0,0,45.7,51.94,0,0,0,0,0
neuromorpho__Fresh-D4-Phall-Tau-Map2-13.swc,740,pyramidal,0.99411,0,739,0,0,0,0,0,0,0,0,0,0,0,0.98772,0.000451733,0.987703,0.987703,0.987703,0.987703,0.987703,0,0,0,0,0,0,0,0,0.987703,0.987703,0,0,0,0,18,0.988386,0.987703,0.987703,0,0,100.1,0,0,0,0,0,0,0,0,0,17.05,23.56,0,0,0,0,0
neuromorpho__Fresh-D4-Phall-Tau-Map2-9.swc,2829,pyramidal,0.993194,0,2828,0,0,0,0,0,0,0,0,0,0,0,0.987708,0.000231152,0.987703,0.987703,0.987703,0.987703,0.987703,0,0,0,0,0,0,0,0,0.987703,0.987703,0,0,0,0,33,0.988076,0.987703,0.987703,0,0,190,0,0,0,0,0,0,0,0,0,30.71,63.87,0,0,0,0,0
neuromorpho__Fresh-D4-Phall-Tau-Map2001-4.swc,779,pyramidal,0.988544,0,778,0,0,0,0,0,0,0,0,0,0,0,0.987719,0.000440294,0.987703,0.987703,0.987703,0.987703,0.987703,0,0,0,0,0,0,0,0,0.987703,0.987703,0,0,0,0,16,0.988472,0.987703,0.987703,0,0,100.5,0,0,0,0,0,0,0,0,0,8.69,35.6,0,0,0,0,0
neuromorpho__Fresh-D4-Phall-Tau-Map2001-8.swc,1537,pyramidal,0.996243,0,1536,0,0,0,0,0,0,0,0,0,0,0,0.987711,0.000313554,0.987703,0.987703,0.987703,0.987703,0.987703,0,0,0,0,0,0,0,0,0.987703,0.987703,0,0,0,0,34,0.988065,0.987703,0.987703,0,0,92.5,0,0,0,0,0,0,0,0,0,21.56,34.9,0,0,0,0,0
neuromorpho__Fresh-D4-Phall-Tau-Map2001-9.swc,752,pyramidal,0.994892,351,400,0,0,0,0,0,0,0,0,0,0,0,0.935074,0.0581423,0.862401,0.862401,0.862401,0.862401,0.987703,0,0,0,0,0.37633,0.874913,0.862401,0,0.987703,0.987703,0,0,0,0,8,0.950988,0.862401,0.872925,0,0,226.4,0,0,0,0,8.63,22.41,0,0,0,13.56,23.39,0,0,0,0,0
neuromorpho__Fresh-D4-Phall-Tau-Map2002-16.swc,2252,pyramidal,0.993615,0,2251,0,0,0,0,0,0,0,0,0,0,0,0.987709,0.000259066,0.987703,0.987703,0.987703,0.987703,0.987703,0,0,0,0,0,0,0,0,0.987703,0.987703,0,0,0,0,34,0.988065,0.987703,0.987703,0,0,145.2,0,0,0,0,0,0,0,0,0,22.01,73.09,0,0,0,0,0
neuromorpho__Fresh-D4-Phall-Tau-Map2002-2.swc,2454,pyramidal,0.993742,0,2453,0,0,0,0,0,0,0,0,0,0,0,0.987708,0.000248179,0.987703,0.987703,0.987703,0.987703,0.987703,0,0,0,0,0,0,0,0,0.987703,0.987703,0,0,0,0,24,0.988216,0.987703,0.987703,0,0,249.7,0,0,0,0,0,0,0,0,0,37.02,60.06,0,0,0,0,0
neuromorpho__Fresh-D4-Phall-Tau-Map2003-10.swc,676,pyramidal,0.992373,0,675,0,0,0,0,0,0,0,0,0,0,0,0.987721,0.000472603,0.987703,0.987703,0.987703,0.987703,0.987703,0,0,0,0,0,0,0,0,0.987703,0.987703,0,0,0,0,8,0.98924,0.987703,0.987703,0,0,202.5,0,0,0,0,0,0,0,0,0,11.79,34.66,0,0,0,0,0
neuromorpho__Fresh-D4-Phall-Tau-Map2003-11.swc,1154,pyramidal,0.995933,0,1153,0,0,0,0,0,0,0,0,0,0,0,0.987714,0.000361826,0.987703,0.987703,0.987703,0.987703,0.987703,0,0,0,0,0,0,0,0,0.987703,0.987703,0,0,0,0,27,0.988159,0.987703,0.987703,0,0,77.8,0,0,0,0,0,0,0,0,0,17.37,29,0,0,0,0,0
neuromorpho__Fresh-D4-Phall-Tau-Map2003-13.swc,1415,pyramidal,0.993229,0,1414,0,0,0,0,0,0,0,0,0,0,0,0.987712,0.000326783,0.987703,0.987703,0.987703,0.987703,0.987703,0,0,0,0,0,0,0,0,0.987703,0.987703,0,0,0,0,13,0.988649,0.987703,0.987703,0,0,87.4,0,0,0,0,0,0,0,0,0,22.91,44.58,0,0,0,0,0
neuromorpho__Fresh-D4-Phall-Tau-Map2003-17.swc,489,pyramidal,0.988775,0,488,0,0,0,0,0,0,0,0,0,0,0,0.987728,0.00055551,0.987703,0.987703,0.987703,0.987703,0.987703,0,0,0,0,0,0,0,0,0.987703,0.987703,0,0,0,0,17,0.988427,0.987703,0.987703,0,0,56.4,0,0,0,0,0,0,0,0,0,10.54,15.09,0,0,0,0,0
neuromorpho__Fresh-D4-Phall-Tau-Map2003-18.swc,3176,pyramidal,0.984439,0,3175,0,0,0,0,0,0,0,0,0,0,0,0.987707,0.000218164,0.987703,0.987703,0.987703,0.987703,0.987703,0,0,0,0,0,0,0,0,0.987703,0.987703,0,0,0,0,96,0.987831,0.987703,0.987703,0,0,102,0,0,0,0,0,0,0,0,0,48.82,58.99,0,0,0,0,0
neuromorpho__Fresh-D4-Phall-Tau-Map2003-3.swc,1489,pyramidal,0.98286,0,1488,0,0,0,0,0,0,0,0,0,0,0,0.987711,0.000318565,0.987703,0.987703,0.987703,0.987703,0.987703,0,0,0,0,0,0,0,0,0.987703,0.987703,0,0,0,0,25,0.988195,0.987703,0.987703,0,0,102.8,0,0,0,0,0,0,0,0,0,22.48,32.25,0,0,0,0,0
neuromorpho__Fresh-D4-Phall-Tau-Map2003-5.swc,1906,pyramidal,0.993954,0,1905,0,0,0,0,0,0,0,0,0,0,0,0.98771,0.000281589,0.987703,0.987703,0.987703,0.987703,0.987703,0,0,0,0,0,0,0,0,0.987703,0.987703,0,0,0,0,34,0.988065,0.987703,0.987703,0,0,143.8,0,0,0,0,0,0,0,0,0,36.45,44.53,0,0,0,0,0
neuromorpho__Fresh-D4-Phall-Tau-Map2004-10.swc,2358,pyramidal,0.98706,0,2357,0,0,0,0,0,0,0,0,0,0,0,0.987708,0.000253179,0.987703,0.987703,0.987703,0.987703,0.987703,0,0,0,0,0,0,0,0,0.987703,0.987703,0,0,0,0,37,0.988036,0.987703,0.987703,0,0,157.2,0,0,0,0,0,0,0,0,0,29.52,75.2,0,0,0,0,0
neuromorpho__Fresh-D4-Phall-Tau-Map2004-12.swc,995,pyramidal,0.99446,0,994,0,0,0,0,0,0,0,0,0,0,0,0.987716,0.000389638,0.987703,0.987703,0.987703,0.987703,0.987703,0,0,0,0,0,0,0,0,0.987703,0.987703,0,0,0,0,16,0.988472,0.987703,0.987703,0,0,98,0,0,0,0,0,0,0,0,0,15.43,34.62,0,0,0,0,0
neuromorpho__Fresh-D4-Phall-Tau-Map2004-6.swc,777,pyramidal,0.992006,0,776,0,0,0,0,0,0,0,0,0,0,0,0.987719,0.00044086,0.987703,0.987703,0.987703,0.987703,0.987703,0,0,0,0,0,0,0,0,0.987703,0.987703,0,0,0,0,9,0.98907,0.987703,0.987703,0,0,132.4,0,0,0,0,0,0,0,0,0,12.35,35.19,0,0,0,0,0
neuromorpho__Fresh-D4-Phall-Tau-Map2004-9.swc,1688,pyramidal,0.993962,0,1687,0,0,0,0,0,0,0,0,0,0,0,0.987711,0.00029921,0.987703,0.987703,0.987703,0.987703,0.987703,0,0,0,0,0,0,0,0,0.987703,0.987703,0,0,0,0,35,0.988055,0.987703,0.987703,0,0,98.4,0,0,0,0,0,0,0,0,0,15.68,54.55,0,0,0,0,0
neuromorpho__Fresh-D4-Phall-Tau-Map2005-4.swc,875,pyramidal,0.994056,0,874,0,0,0,0,0,0,0,0,0,0,0,0.987717,0.000415469,0.987703,0.987703,0.987703,0.987703,0.987703,0,0,0,0,0,0,0,0,0.987703,0.987703,0,0,0,0,13,0.988649,0.987703,0.987703,0,0,102.2,0,0,0,0,0,0,0,0,0,21.43,34.46,0,0,0,0,0
neuromorpho__Fresh-D4-Phall-Tau-Map2009-4.swc,1675,pyramidal,0.993612,0,1674,0,0,0,0,0,0,0,0,0,0,0,0.987711,0.000300368,0.987703,0.987703,0.987703,0.987703,0.987703,0,0,0,0,0,0,0,0,0.987703,0.987703,0,0,0,0,31,0.9881,0.987703,0.987703,0,0,104,0,0,0,0,0,0,0,0,0,27.26,35.55,0,0,0,0,0
neuromorpho__Fresh-D4-Phall-Tau-Map2009-5.swc,925,pyramidal,0.994248,0,924,0,0,0,0,0,0,0,0,0,0,0,0.987717,0.000404097,0.987703,0.987703,0.987703,0.987703,0.987703,0,0,0,0,0,0,0,0,0.987703,0.987703,0,0,0,0,10,0.988933,0.987703,0.987703,0,0,336.7,0,0,0,0,0,0,0,0,0,10.1,60.17,0,0,0,0,0
neuromorpho__Fresh-D4-Sholl-Exp-3002-7.swc,503,pyramidal,0.992822,0,502,0,0,0,0,0,0,0,0,0,0,0,0.987728,0.00054774,0.987703,0.987703,0.987703,0.987703,0.987703,0,0,0,0,0,0,0,0,0.987703,0.987703,0,0,0,0,9,0.98907,0.987703,0.987703,0,0,89.8,0,0,0,0,0,0,0,0,0,14.51,19.71,0,0,0,0,0
neuromorpho__Fresh-D4-Sholl-Exp-3003-9.swc,1203,pyramidal,0.994594,0,1202,0,0,0,0,0,0,0,0,0,0,0,0.987713,0.000354387,0.987703,0.987703,0.987703,0.987703,0.987703,0,0,0,0,0,0,0,0,0.987703,0.987703,0,0,0,0,15,0.988523,0.987703,0.987703,0,0,117.2,0,0,0,0,0,0,0,0,0,17.46,39,0,0,0,0,0
neuromorpho__Fresh-D4-Sholl-Exp-3004-1.swc,1090,pyramidal,0.995836,0,1089,0,0,0,0,0,0,0,0,0,0,0,0.987715,0.000372287,0.987703,0.987703,0.987703,0.987703,0.987703,0,0,0,0,0,0,0,0,0.987703,0.987703,0,0,0,0,12,0.988728,0.987703,0.987703,0,0,180.8,0,0,0,0,0,0,0,0,0,21.13,46.55,0,0,0,0,0
neuromorpho__Fresh-D4-Sholl-Exp-3004-6.swc,494,pyramidal,0.993809,0,493,0,0,0,0,0,0,0,0,0,0,0,0.987728,0.000552697,0.987703,0.987703,0.987703,0.987703,0.987703,0,0,0,0,0,0,0,0,0.987703,0.987703,0,0,0,0,9,0.98907,0.987703,0.987703,0,0,102,0,0,0,0,0,0,0,0,0,9.39,20.6,0,0,0,0,0
neuromorpho__Fresh-D4-Sholl-Exp-3005-4.swc,1972,pyramidal,0.993934,0,1971,0,0,0,0,0,0,0,0,0,0,0,0.987709,0.000276839,0.987703,0.987703,0.987703,0.987703,0.987703,0,0,0,0,0,0,0,0,0.987703,0.987703,0,0,0,0,13,0.988649,0.987703,0.987703,0,0,306.6,0,0,0,0,0,0,0,0,0,31.47,82.98,0,0,0,0,0
neuromorpho__Fresh-D4-Sholl-Exp-3007-3.swc,932,pyramidal,0.99413,0,931,0,0,0,0,0,0,0,0,0,0,0,0.987716,0.000402578,0.987703,0.987703,0.987703,0.987703,0.987703,0,0,0,0,0,0,0,0,0.987703,0.987703,0,0,0,0,8,0.98924,0.987703,0.987703,0,0,222.3,0,0,0,0,0,0,0,0,0,16.56,41.34,0,0,0,0,0
neuromorpho__Fresh-D7-Sholl-Tau-RFP-MAP2001-2.swc,1550,pyramidal,0.994663,0,1549,0,0,0,0,0,0,0,0,0,0,0,0.987711,0.000312237,0.987703,0.987703,0.987703,0.987703,0.987703,0,0,0,0,0,0,0,0,0.987703,0.987703,0,0,0,0,15,0.988523,0.987703,0.987703,0,0,270.6,0,0,0,0,0,0,0,0,0,28.78,51.31,0,0,0,0,0
neuromorpho__Fresh-D7-Sholl-Tau-RFP-MAP2001-8.swc,1725,pyramidal,0.99529,0,1724,0,0,0,0,0,0,0,0,0,0,0,0.98771,0.000295985,0.987703,0.987703,0.987703,0.987703,0.987703,0,0,0,0,0,0,0,0,0.987703,0.987703,0,0,0,0,18,0.988386,0.987703,0.987703,0,0,202.9,0,0,0,0,0,0,0,0,0,24.28,49.48,0,0,0,0,0
neuromorpho__Fresh-D7-Sholl-Tau-RFP-MAP2006_crop-2.swc,1662,pyramidal,0.989975,0,1661,0,0,0,0,0,0,0,0,0,0,0,0.987711,0.00030154,0.987703,0.987703,0.987703,0.987703,0.987703,0,0,0,0,0,0,0,0,0.987703,0.987703,0,0,0,0,18,0.988386,0.987703,0.987703,0,0,199.1,0,0,0,0,0,0,0,0,0,20.32,76.24,0,0,0,0,0
neuromorpho__Fresh-D7-Sholl-Tau-RFP-MAP2006_crop-4.swc,1858,pyramidal,0.994819,0,1857,0,0,0,0,0,0,0,0,0,0,0,0.98771,0.000285201,0.987703,0.987703,0.987703,0.987703,0.987703,0,0,0,0,0,0,0,0,0.987703,0.987703,0,0,0,0,20,0.988318,0.987703,0.987703,0,0,220.9,0,0,0,0,0,0,0,0,0,33.18,47.72,0,0,0,0,0
neuromorpho__Fresh-D7-Sholl-Tau-RFP-MAP2007_crop-2.swc,3406,pyramidal,0.994404,0,3405,0,0,0,0,0,0,0,0,0,0,0,0.987707,0.000210671,0.987703,0.987703,0.987703,0.987703,0.987703,0,0,0,0,0,0,0,0,0.987703,0.987703,0,0,0,0,38,0.988027,0.987703,0.987703,0,0,222.4,0,0,0,0,0,0,0,0,0,48.2,59.39,0,0,0,0,0
neuromorpho__Fresh-D7-Sholl-Tau-RFP-MAP2007_crop-4.swc,1938,pyramidal,0.991979,0,1937,0,0,0,0,0,0,0,0,0,0,0,0.98771,0.000279256,0.987703,0.987703,0.987703,0.987703,0.987703,0,0,0,0,0,0,0,0,0.987703,0.987703,0,0,0,0,18,0.988386,0.987703,0.987703,0,0,323.5,0,0,0,0,0,0,0,0,0,38.66,45.18,0,0,0,0,0
neuromorpho__Fresh-D7-Sholl-Tau-RFP-MAP2010_crop-2.swc,1606,pyramidal,0.99581,0,1605,0,0,0,0,0,0,0,0,0,0,0,0.987711,0.000306749,0.987703,0.987703,0.987703,0.987703,0.987703,0,0,0,0,0,0,0,0,0.987703,0.987703,0,0,0,0,33,0.988076,0.987703,0.987703,0,0,95.8,0,0,0,0,0,0,0,0,0,21.63,30.59,0,0,0,0,0
neuromorpho__Fresh-D7-Sholl-Tau-RFP-MAP2010_crop-3.swc,2468,pyramidal,0.994288,0,2467,0,0,0,0,0,0,0,0,0,0,0,0.987708,0.000247474,0.987703,0.987703,0.987703,0.987703,0.987703,0,0,0,0,0,0,0,0,0.987703,0.987703,0,0,0,0,19,0.98835,0.987703,0.987703,0,0,246.8,0,0,0,0,0,0,0,0,0,31.22,59.69,0,0,0,0,0
neuromorpho__Fresh-D7-Sholl-Tau-RFP-MAP2010_crop.swc,564,pyramidal,0.991888,0,563,0,0,0,0,0,0,0,0,0,0,0,0.987725,0.000517328,0.987703,0.987703,0.987703,0.987703,0.987703,0,0,0,0,0,0,0,0,0.987703,0.987703,0,0,0,0,8,0.98924,0.987703,0.987703,0,0,116.2,0,0,0,0,0,0,0,0,0,13.05,22.36,0,0,0,0,0
neuromorpho__Fresh-D7-Sholl-Tau-RFP-MAP2011_crop-2.swc,1142,pyramidal,0.986237,0,1141,0,0,0,0,0,0,0,0,0,0,0,0.987714,0.00036372,0.987703,0.987703,0.987703,0.987703,0.987703,0,0,0,0,0,0,0,0,0.987703,0.987703,0,0,0,0,10,0.988933,0.987703,0.987703,0,0,166.4,0,0,0,0,0,0,0,0,0,16.5,59.82,0,0,0,0,0
neuromorpho__Fresh-D7-Sholl-Tau-RFP-MAP2012_crop-1.swc,2369,pyramidal,0.987169,0,2368,0,0,0,0,0,0,0,0,0,0,0,0.987708,0.00025259,0.987703,0.987703,0.987703,0.987703,0.987703,0,0,0,0,0,0,0,0,0.987703,0.987703,0,0,0,0,22,0.988262,0.987703,0.987703,0,0,165.9,0,0,0,0,0,0,0,0,0,22.59,72.88,0,0,0,0,0
neuromorpho__Fresh-D7-Sholl-Tau-RFP-MAP2012_crop-3.swc,3413,pyramidal,0.995164,0,3412,0,0,0,0,0,0,0,0,0,0,0,0.987707,0.000210455,0.987703,0.987703,0.987703,0.987703,0.987703,0,0,0,0,0,0,0,0,0.987703,0.987703,0,0,0,0,34,0.988065,0.987703,0.987703,0,0,215.7,0,0,0,0,0,0,0,0,0,53.88,86.26,0,0,0,0,0
neuromorpho__Fresh-D7-Sholl-Tau-RFP-MAP2014_crop-1.swc,2350,pyramidal,0.982999,0,2349,0,0,0,0,0,0,0,0,0,0,0,0.987708,0.000253609,0.987703,0.987703,0.987703,0.987703,0.987703,0,0,0,0,0,0,0,0,0.987703,0.987703,0,0,0,0,47,0.987965,0.987703,0.987703,0,0,121.6,0,0,0,0,0,0,0,0,0,31.91,39.67,0,0,0,0,0
neuromorpho__Fresh-D7-Sholl-Tau-RFP-MAP2015_crop-2.swc,2617,pyramidal,0.994309,0,2616,0,0,0,0,0,0,0,0,0,0,0,0.987708,0.000240329,0.987703,0.987703,0.987703,0.987703,0.987703,0,0,0,0,0,0,0,0,0.987703,0.987703,0,0,0,0,30,0.988113,0.987703,0.987703,0,0,219.5,0,0,0,0,0,0,0,0,0,35.13,62.78,0,0,0,0,0
neuromorpho__Fresh-Sholl-2-D7-Tau-LA-Map2004_crop.swc,2596,pyramidal,0.99406,0,2595,0,0,0,0,0,0,0,0,0,0,0,0.987708,0.000241299,0.987703,0.987703,0.987703,0.987703,0.987703,0,0,0,0,0,0,0,0,0.987703,0.987703,0,0,0,0,21,0.988289,0.987703,0.987703,0,0,338,0,0,0,0,0,0,0,0,0,25.41,73.7,0,0,0,0,0
neuromorpho__Fresh-Sholl-2-D7-Tau-LA-Map2006_crop.swc,3045,pyramidal,0.991851,0,3044,0,0,0,0,0,0,0,0,0,0,0,0.979314,0.0524401,0.651552,0.987703,0.987703,0.987703,0.987703,0,0,0.0249589,0.0249589,0.0249589,0,0,0,0.979307,0.987703,0.0249671,0,0,0,41,0.979788,0.651552,0.987703,0.0243902,0.0243902,173,0,0,0,0,0,0,0,0,0,79.62,205.69,0,0,0,0,0
neuromorpho__Fresh-Sholl-2-D7-Tau-LA-Map2011_crop-1.swc,1723,pyramidal,0.994682,0,1722,0,0,0,0,0,0,0,0,0,0,0,0.98771,0.000296157,0.987703,0.987703,0.987703,0.987703,0.987703,0,0,0,0,0,0,0,0,0.987703,0.987703,0,0,0,0,20,0.988318,0.987703,0.987703,0,0,120.4,0,0,0,0,0,0,0,0,0,23.22,42.28,0,0,0,0,0
neuromorpho__G7-1.swc,793,pyramidal,0.967336,0,584,208,0,0,0.262295,0.262295,0.0210075,0,-0.262295,0.262295,0.262295,0,0.938398,0.0831247,0.770228,0.781151,0.796505,0.823065,0.987703,0,0,0,0.119798,0.262295,0,0,0,0.987703,0.987703,0,0.799668,0.777311,0,120,0.916292,0.770228,0.781172,0,0.2,15,0,0,0,0,0,0,114.51,-5.30834,15.8375,154.44,135.95,72.12,-5.90663,17.4583,111.15,60.8
neuromorpho__G7-15.swc,429,pyramidal,0.977536,13,276,139,0,0,0,0,0,0,0,0,0,0,0.979216,0.0376005,0.76707,0.981148,0.982145,0.982145,0.987703,0,0,0,0.030303,0.030303,0.76707,0.76707,0,0.987703,0.987703,0,0.982055,0.982044,0,27,0.978079,0.76707,0.981942,0,0.037037,29.6,0,14.84,13.3062,4.96077,20.66,28.81,143.23,9.11674,28.4637,59.41,73.49,129.5,-0.43036,34.4062,102.97,192.76
neuromorpho__G7-18.swc,257,pyramidal,0.967886,0,183,73,0,0,0,0,0.0691656,0,0,0,0,0,0.977165,0.022659,0.904259,0.922794,0.929232,0.982145,0.987703,0,0,0,0,0,0,0,0,0.987703,0.987703,0,0.950433,0.906492,0,31,0.975405,0.904259,0.926407,0,0,18,0,0,0,0,0,0,77.6,0.224153,15.6958,48.71,76.95,66.58,-1.1837,13.358,75,83.11
neuromorpho__G7-20.swc,211,pyramidal,0.813645,0,98,112,0,0,0,0,0,0,0,0,0,0,0.931791,0.142981,0.541873,0.541873,0.541873,0.981639,0.982145,0,0.118483,0.118483,0.118483,0.118483,0,0,0,0.873971,0.541873,0.255102,0.981775,0.981148,0,17,0.96038,0.541873,0.981148,0.0588235,0.0588235,32.2,0,0,0,0,0,0,42.51,1.72439,8.94336,88.46,74.86,25.36,4.61366,6.54068,47.01,280.38
neuromorpho__G7-21.swc,472,pyramidal,0.913208,0,292,179,0,0,0,0,0,0,0,0,0,0,0.981104,0.0133034,0.945595,0.945595,0.947054,0.981639,0.987703,0,0,0,0,0,0,0,0,0.987703,0.987703,0,0.970233,0.945595,0,27,0.98258,0.945595,0.981024,0,0,33.4,0,0,0,0,0,0,145.48,17.3336,31.6978,90.99,91.92,169.77,12.8077,36.7842,126.82,186.59
neuromorpho__G7-3.swc,557,pyramidal,0.984964,0,289,267,0,0,0,0,0,0,0,0,0,0,0.985058,0.00284865,0.981687,0.982145,0.982145,0.982145,0.987703,0,0,0,0,0,0,0,0,0.987703,0.987703,0,0.98214,0.982145,0,69,0.985378,0.981687,0.982145,0,0,19,0,0,0,0,0,0,155.95,8.23512,34.5618,82.91,110.11,122.1,-23.5783,29.0096,77.66,331.19
neuromorpho__G7-7.swc,1425,pyramidal,0.9833,191,513,720,0,0,0,0,0,0,0,0,0,0,0.960934,0.0719447,0.3,0.840014,0.841794,0.982145,0.982145,0.00631579,0.00631579,0.00631579,0.00631579,0.140351,0.841096,0.834107,0,0.987703,0.987703,0,0.973597,0.982145,0.0125,121,0.966235,0.3,0.841794,0,0,21,0,48.8,13.6684,9.57781,49.11,361.87,116.44,13.903,26.1491,185.92,141.55,171.13,14.0348,32.9295,236.58,358.62
neuromorpho__GGB-01-10-2019-2-R532.swc,78363,interneuron,0.996458,69441,8921,0,0,0,0,0,0,0,0,0,0,0,0.978202,0.120783,0.3,0.999666,0.999666,0.999757,0.999757,0.0307415,0.0307415,0.0307415,0.0307415,0.0307415,0.997078,0.999757,0.00381619,0.831268,0.3,0.240332,0,0,0,1231,0.99669,0.3,0.999757,0.00406174,0.00487409,149,0,119.96,-16.1246,22.4449,597.49,640.66,57.99,-10.4101,12.8141,407.81,766.44,0,0,0,0,0
neuromorpho__GGB-01-16-2019-1-Rjk-419-2-quant.swc,13380,interneuron,0.996966,12024,1355,0,0,0,0,0,0,0,0,0,0,0,0.981117,0.112455,0.3,0.999666,0.999666,0.999757,0.999757,0.0265321,0.0265321,0.0265321,0.0265321,0.0265321,0.999682,0.999757,0,0.816359,0.3,0.261993,0,0,0,1060,0.998515,0.3,0.999757,0.00188679,0.00283019,26,0,134.46,-17.2964,20.0249,563.35,473.51,82.58,-21.4296,18.6483,227.22,482.66,0,0,0,0,0
neuromorpho__GGN_20170309_sc.swc,36156,interneuron,0.970948,36155,0,0,0,0,0,0,0,0,0,0,0,0,0.302446,0.0404115,0.3,0.3,0.3,0.3,0.3,0.996349,0.996349,0.996349,0.996349,0.996349,0.302427,0.3,0.996377,0,0,0,0,0,0,3646,0.30026,0.3,0.3,0.999726,0.999726,21,0,300.86,160.471,68.4051,643.43,821.76,0,0,0,0,0,0,0,0,0,0
neuromorpho__Gad2-IRES-Cre_Ai14-324791-03-02-02_648138988_m.swc,9203,interneuron,0.996751,8287,915,0,0,0,0,0,0,0,0,0,0,0,0.982409,0.105913,0.3,0.972519,0.999666,0.999757,0.999757,0.0234706,0.0234706,0.0234706,0.0234706,0.0234706,0.980502,0.999757,0.0260649,0.999666,0.999666,0,0,0,0,346,0.99466,0.3,0.999712,0.00578035,0.00578035,55,0,173.26,-42.2999,35.2368,285.36,520.09,45.43,-1.62776,8.85782,132.58,196.34,0,0,0,0,0
neuromorpho__Gad2-IRES-Cre_Ai14-324794-03-01-02_648087868_m.swc,6861,interneuron,0.988371,5414,1446,0,0,0,0,0,0,0,0,0,0,0,0.990711,0.0699705,0.3,0.969809,0.999555,0.999666,0.999757,0.0100568,0.0100568,0.0100568,0.0100568,0.0100568,0.988576,0.980369,0.0123753,0.998698,0.999666,0.00138313,0,0,0,215,0.996019,0.3,0.984567,0,0.00465116,75.8,0,103.25,18.4977,22.3627,153.58,456.14,74.52,9.5951,14.4697,176.62,239.24,0,0,0,0,0
neuromorpho__Green_2w_Neuron7_add'l.swc,22,pyramidal,0.985672,6,15,0,0,0,0,0,0,0,0,0,0,0,0.901954,0.141307,0.671238,0.671238,0.671238,0.750354,0.987703,0,0,0.272727,0.272727,0.272727,0.671238,0.671238,1,0.987703,0.987703,0,0,0,0,5,0.92687,0.671238,0.797824,0.2,0.2,7.8,0,0.82,0.506667,0.275358,3.05,14.18,3.52,-2.59067,0.97839,4.54,23.33,0,0,0,0,0
neuromorpho__Green_4weeks_Neuron1.swc,137,interneuron,0.362844,0,136,0,0,0,0,0,0,0,0,0,0,0,0.88977,0.0411881,0.85828,0.85828,0.85828,0.85828,0.85828,0,0,0,0,0.627737,0,0,0,0.88896,0.85828,0,0,0,0,9,0.920387,0.85828,0.85828,0,0,36.6,0,0,0,0,0,0,3.6,1.18904,1.0165,25.47,262.24,0,0,0,0,0
neuromorpho__Green_4weeks_Neuron11.swc,51,pyramidal,0.964933,46,4,0,0,0,0,0,0,0,0,0,0,0,0.758673,0.0556431,0.727384,0.731816,0.736249,0.737097,0.73941,0,0,0,0.901961,0.901961,0.74096,0.736249,0,0.902038,0.902038,0,0,0,0,7,0.799783,0.727384,0.732703,0,0.714286,12.6,0,12.2,-8.22674,3.65042,9.68,64.05,0.05,-0.075,0.025,1.79,1.82,0,0,0,0,0
neuromorpho__Green_4weeks_Neuron14.swc,36,pyramidal,0.782485,0,35,0,0,0,0,0,0,0,0,0,0,0,0.984526,0.00335412,0.982831,0.982831,0.982831,0.982831,0.982831,0,0,0,0,0,0,0,0,0.984084,0.982831,0,0,0,0,3,0.990178,0.982831,0.983805,0,0,22.6,0,0,0,0,0,0,12.33,2.02343,3.99665,7.02,53.84,0,0,0,0,0
neuromorpho__Green_4weeks_Neuron7.swc,73,interneuron,0.426143,0,72,0,0,0,0,0,0,0,0,0,0,0,0.860268,0.108634,0.714536,0.714536,0.714536,0.714536,0.936855,0,0,0,0.356164,0.356164,0,0,0,0.858327,0.714536,0,0,0,0,7,0.91583,0.714536,0.846923,0,0.142857,18.8,0,0,0,0,0,0,18.48,6.29819,4.87929,16.26,42.4,0,0,0,0,0
neuromorpho__Green_4weeks_Neuron7_addl.swc,47,pyramidal,0.669257,0,46,0,0,0,0,0,0,0,0,0,0,0,0.987965,0.00177448,0.987703,0.987703,0.987703,0.987703,0.987703,0,0,0,0,0,0,0,0,0.987703,0.987703,0,0,0,0,5,0.990163,0.987703,0.987703,0,0,21.2,0,0,0,0,0,0,15.76,-2.86783,3.99457,10.12,70.67,0,0,0,0,0
neuromorpho__Green_4weeks_Neuron8.swc,74,pyramidal,0.72076,73,0,0,0,0,0,0,0,0,0,0,0,0,0.86727,0.0155349,0.865451,0.865451,0.865451,0.865451,0.865451,0,0,0,0,0.986486,0.865451,0.865451,0,0,0,0,0,0,0,12,0.876664,0.865451,0.865451,0,0,14.2,0,6.52,3.10192,1.83719,13.55,95.4,0,0,0,0,0,0,0,0,0,0
neuromorpho__Green_6Weeks__Neuron1.swc,60,pyramidal,0.701052,35,24,0,0,0,0,0,0,0,0,0,0,0,0.96024,0.0236764,0.940273,0.940273,0.940273,0.940273,0.940273,0,0,0,0,0,0.940273,0.940273,0,0.987702,0.987696,0,0,0,0,9,0.983798,0.940273,0.978209,0,0,11,0,14.08,-7.21086,4.46937,18,64.93,3.36,1.09417,1.3325,18.35,12.01,0,0,0,0,0
neuromorpho__Green_7-5weeks_Neuron2.swc,57,pyramidal,0.844029,0,56,0,0,0,0,0,0,0,0,0,0,0,0.987919,0.0016144,0.987703,0.987703,0.987703,0.987703,0.987703,0,0,0,0,0,0,0,0,0.987703,0.987703,0,0,0,0,13,0.988649,0.987703,0.987703,0,0,9,0,0,0,0,0,0,50.51,7.55643,14.623,32.09,137.65,0,0,0,0,0
neuromorpho__Gunnersen_A10b3slice5LHS.swc,808,interneuron,0.764585,0,807,0,0,0,0,0,0,0,0,0,0,0,0.999667,1.17395e-05,0.999666,0.999666,0.999666,0.999666,0.999666,0,0,0,0,0,0,0,0,0.999666,0.999666,0,0,0,0,34,0.999676,0.999666,0.999666,0,0,69.8,0,0,0,0,0,0,40.14,-3.63285,7.11587,142.18,188.41,0,0,0,0,0
neuromorpho__Gunnersen_A11b3slice1LHS.swc,718,pyramidal,0.778296,201,516,0,0,0,0,0,0,0,0,0,0,0,0.911621,0.124244,0.675736,0.675736,0.675736,0.774272,0.987703,0,0,0.168524,0.279944,0.279944,0.715864,0.675736,0.60199,0.987703,0.987703,0,0,0,0,36,0.939816,0.675736,0.769171,0.0555556,0.194444,50,0,34.81,29.6733,6.78997,84.48,121.82,37.33,3.36984,9.19605,105.43,132.36,0,0,0,0,0
neuromorpho__Gunnersen_A12b3slice1LHS.swc,996,interneuron,0.362629,0,995,0,0,0,0,0,0,0,0,0,0,0,0.93599,0.00517792,0.932155,0.932155,0.932155,0.932155,0.932155,0,0,0,0,0,0,0,0,0.935926,0.932155,0,0,0,0,34,0.938764,0.932155,0.932155,0,0,74.3,0,0,0,0,0,0,62,-13.0209,14.1432,146.18,419.2,0,0,0,0,0
neuromorpho__Gunnersen_A21b6slice1RHS.swc,488,pyramidal,0.866196,0,487,0,0,0,0,0,0,0,0,0,0,0,0.987728,0.000556078,0.987703,0.987703,0.987703,0.987703,0.987703,0,0,0,0,0,0,0,0,0.987703,0.987703,0,0,0,0,25,0.988195,0.987703,0.987703,0,0,32.6,0,0,0,0,0,0,49.13,-1.96737,9.58276,146.19,194.08,0,0,0,0,0
neuromorpho__Gunnersen_A29b2slice3LHS.swc,322,interneuron,0.634374,0,321,0,0,0,0,0,0,0,0,0,0,0,0.940102,0.00357656,0.938998,0.938998,0.938998,0.938998,0.938998,0,0,0,0,0,0,0,0,0.939916,0.938998,0,0,0,0,19,0.943368,0.938998,0.938998,0,0,39.2,0,0,0,0,0,0,34.17,5.59449,6.91413,41.02,124.25,0,0,0,0,0
neuromorpho__Gunnersen_B11b3slice4RHS.swc,891,pyramidal,0.874257,373,517,0,0,0,0,0,0,0,0,0,0,0,0.820779,0.195028,0.544815,0.544815,0.572394,0.611761,0.987703,0,0.214366,0.418631,0.418631,0.429854,0.592725,0.544815,1,0.984966,0.987703,0,0,0,0,46,0.858791,0.544815,0.574502,0.326087,0.326087,39,0,33.51,3.08759,5.94413,77.7,171.42,40.4,12.1541,9.68994,64.95,196.7,0,0,0,0,0
neuromorpho__Gunnersen_B12b3slice2RHS.swc,706,pyramidal,0.774039,0,705,0,0,0,0,0,0,0,0,0,0,0,0.987721,0.000462467,0.987703,0.987703,0.987703,0.987703,0.987703,0,0,0,0,0,0,0,0,0.987703,0.987703,0,0,0,0,51,0.987944,0.987703,0.987703,0,0,27,0,0,0,0,0,0,41.12,5.26121,8.18914,99.48,153.19,0,0,0,0,0
neuromorpho__Gunnersen_B17b5slice2RHS.swc,725,pyramidal,0.816848,29,695,0,0,0,0,0,0,0,0,0,0,0,0.980806,0.0338811,0.814838,0.987703,0.987703,0.987703,0.987703,0,0,0,0,0.04,0.814838,0.814838,0,0.987703,0.987703,0,0,0,0,35,0.983116,0.814838,0.987703,0,0,41.2,0,1.35,-4.64621,0.518409,23.28,16.27,41.59,-1.62207,9.12254,148.6,280.76,0,0,0,0,0
neuromorpho__Gunnersen_B18b5slice1LHS.swc,1442,pyramidal,0.93748,0,1441,0,0,0,0,0,0,0,0,0,0,0,0.987712,0.000323711,0.987703,0.987703,0.987703,0.987703,0.987703,0,0,0,0,0,0,0,0,0.987703,0.987703,0,0,0,0,44,0.987983,0.987703,0.987703,0,0,76.3,0,0,0,0,0,0,64.29,-4.69829,12.1555,260.84,286.25,0,0,0,0,0
neuromorpho__Gunnersen_B4b1slice1RHS.swc,678,interneuron,0.354496,0,677,0,0,0,0,0,0,0,0,0,0,0,0.936303,0.0100464,0.90943,0.90943,0.90943,0.93744,0.93744,0,0,0,0,0,0,0,0,0.936209,0.90943,0,0,0,0,32,0.938854,0.90943,0.93744,0,0,45.7,0,0,0,0,0,0,54.94,9.67922,13.0999,132.85,160.36,0,0,0,0,0
neuromorpho__H17-03-009-11-11-03_669918567_m.swc,4042,interneuron,0.796379,112,3929,0,0,0,0,0,0,0,0,0,0,0,0.643931,0.346243,0.3,0.3,0.3,0.3,0.3,0.503216,0.503216,0.503216,0.503216,0.503216,0.969809,0.969809,0,0.63455,0.3,0.517689,0,0,0,28,0.855999,0.3,0.500548,0.285714,0.285714,365,0,25.42,-2.64357,7.17252,22.91,103.37,125.53,42.2795,29.5253,466.86,1153.77,0,0,0,0,0
neuromorpho__H17-03-013-11-08-04_692297214_m.swc,6827,interneuron,0.98334,5560,1266,0,0,0,0,0,0,0,0,0,0,0,0.995504,0.0540674,0.3,0.999666,0.999666,0.999757,0.999757,0.00600557,0.00600557,0.00600557,0.00600557,0.00600557,0.997827,0.999757,0.00269784,0.985297,0.999666,0.0205371,0,0,0,184,0.998742,0.3,0.999666,0,0,81,0,126.54,1.85654,19.5757,414.54,369,54.18,0.998863,12.4046,129.36,239.06,0,0,0,0,0
neuromorpho__HCell1.swc,3879,interneuron,0.986024,0,3878,0,0,0,0,0,0,0,0,0,0,0,0.999666,5.36053e-06,0.999666,0.999666,0.999666,0.999666,0.999666,0,0,0,0,0,0,0,0,0.999666,0.999666,0,0,0,0,89,0.99967,0.999666,0.999666,0,0,97.4,0.5,0,0,0,0,0,28.5,0.23739,4.76557,47.22,129.7,0,0,0,0,0
neuromorpho__HFF2_4167_neurobiotin.swc,6947,interneuron,0.918242,0,6946,0,0,0,0,0,0,0,0,0,0,0,0.527033,0.31976,0.3,0.3,0.3,0.3,0.3,0.664747,0.664747,0.664747,0.664747,0.664747,0,0,0,0.526965,0.3,0.664843,0,0,0,16,0.870959,0.3,0.399779,0.1875,0.1875,1354,0,0,0,0,0,0,42,-14.1467,11.1371,383.5,436.17,0,0,0,0,0
neuromorpho__HFF5_231018c5_neurobiotin.swc,1637,interneuron,0.895501,0,1636,0,0,0,0,0,0,0,0,0,0,0,0.980744,0.0601768,0.3,0.971335,0.971335,0.971335,0.999666,0.00733048,0.00733048,0.00733048,0.00733048,0.00733048,0,0,0,0.980732,0.971335,0.00733496,0,0,0,21,0.996106,0.3,0.999666,0,0,181,0,0,0,0,0,0,95.5,-30.9983,32.3615,69.65,250.98,0,0,0,0,0
neuromorpho__HIP_CA1_KO_1.swc,716,pyramidal,0.978862,353,362,0,0,0,0,0,0.0107855,0,0,0,0,0,0.834007,0.151904,0.613809,0.62565,0.632173,0.699029,0.879433,0,0,0.25419,0.493017,0.541899,0.686595,0.62565,0.515581,0.977295,0.915057,0,0,0,0,116,0.825853,0.613809,0.632173,0.241379,0.525862,13,0,28.14,4.02238,5.81844,248.53,303.09,28.14,3.88572,7.33593,194.45,225.09,0,0,0,0,0
neuromorpho__HIP_CA1_KO_15.swc,622,pyramidal,0.91157,274,347,0,0,0,0,0,0,0,0,0,0,0,0.770984,0.240943,0.492013,0.495429,0.495429,0.497586,0.987703,0.371383,0.440514,0.448553,0.448553,0.448553,0.501407,0.495429,1,0.983189,0.987703,0.0144092,0,0,0,80,0.782813,0.492013,0.495429,0.425,0.425,16,0,25.02,-2.14876,7.02999,114.24,209.18,21.9,1.81213,4.6141,165.4,131.3,0,0,0,0,0
neuromorpho__HIP_CA1_KO_18.swc,480,pyramidal,0.99133,0,479,0,0,0,0,0,0,0,0,0,0,0,0.987729,0.000560683,0.987703,0.987703,0.987703,0.987703,0.987703,0,0,0,0,0,0,0,0,0.987703,0.987703,0,0,0,0,84,0.98785,0.987703,0.987703,0,0,11,0,0,0,0,0,0,28.15,-0.313695,5.88108,250.51,472.4,0,0,0,0,0
neuromorpho__HIP_CA1_KO_19.swc,624,pyramidal,0.993273,0,258,365,0,0,0,0,0,0,0,0,0,0,0.740908,0.216015,0.467141,0.470574,0.496761,0.52523,0.685795,0.155449,0.392628,0.584936,0.584936,0.584936,0,0,0,0.987703,0.987703,0,0.565751,0.496761,1,85,0.723398,0.467141,0.496761,0.647059,0.647059,15,0,0,0,0,0,0,21.91,-0.0572481,5.05271,222.85,146.09,21.91,-0.846685,5.63683,188.51,260.43
neuromorpho__HIP_CA1_KO_20.swc,538,pyramidal,0.991017,291,246,0,0,0,0,0,0,0,0,0,0,0,0.961697,0.023274,0.940273,0.940273,0.940273,0.940273,0.940273,0,0,0,0,0,0.940273,0.940273,0,0.986885,0.985272,0,0,0,0,80,0.96434,0.940273,0.940273,0,0,12.1,0,18.78,-1.68722,6.31429,109.65,276.04,18.78,-3.4828,6.48936,154.08,120.45,0,0,0,0,0
neuromorpho__HIP_CA1_KO_22.swc,223,pyramidal,0.979919,97,125,0,0,0,0,0,0,0,0,0,0,0,0.930282,0.0672834,0.814838,0.84621,0.84621,0.84621,0.987693,0,0,0,0,0.376682,0.855569,0.845691,0,0.987702,0.987693,0,0,0,0,54,0.935187,0.814838,0.84621,0,0,7.7,0,15.66,-4.50784,4.96725,136.27,218.75,15.66,-0.138,4.26072,173.13,142.49,0,0,0,0,0
neuromorpho__HIP_CA1_WT_2.swc,457,pyramidal,0.990943,0,172,284,0,0,0.122538,0.122538,0.0294282,-0.122538,0.122538,0,0,0,0.764247,0.153299,0.629285,0.641647,0.641647,0.641647,0.641647,0,0,0.592998,0.592998,0.706783,0,0,0,0.950345,0.851168,0,0.650709,0.641647,0.954225,86,0.771872,0.629285,0.641647,0.55814,0.55814,9,0,0,0,0,0,0,21.91,0.676105,6.95263,228.97,160.65,21.91,1.03796,5.3882,223.47,439.07
neuromorpho__HIP_CA1_WT_6.swc,349,pyramidal,0.985118,0,348,0,0,0,0,0,0,0,0,0,0,0,0.987738,0.000657287,0.987703,0.987703,0.987703,0.987703,0.987703,0,0,0,0,0,0,0,0,0.987703,0.987703,0,0,0,0,78,0.987861,0.987703,0.987703,0,0,8.3,0,0,0,0,0,0,25.03,3.66928,6.69201,258.76,417.71,0,0,0,0,0
neuromorpho__HIV-tg_Neuron2.swc,3244,pyramidal,0.972981,28,2433,782,0,0,0,0,0,0,0,0,0,0,0.960339,0.0686507,0.3,0.778891,0.91311,0.987703,0.987703,0.00215783,0.00215783,0.0110974,0.0610358,0.0964858,0.994317,0.994317,0,0.987703,0.987703,0,0.873936,0.778891,0.0460358,70,0.966029,0.3,0.945104,0.0142857,0.0285714,98.2,0,43.03,-22.2332,13.017,16.87,101.21,148.89,-2.30379,29.1224,316.87,238,74.47,12.7485,13.3337,147.01,275.19
neuromorpho__HIV-tg_Neuron3.swc,2877,pyramidal,0.98775,22,2854,0,0,0,0,0,0,0,0,0,0,0,0.987503,0.00233586,0.961022,0.987703,0.987703,0.987703,0.987703,0,0,0,0,0,0.961022,0.961022,0,0.987703,0.987703,0,0,0,0,78,0.987519,0.961022,0.987703,0,0,96.8,0,1.66,-9.42273,0.590579,20.13,57.29,129.32,15.0829,27.2883,302.85,340.6,0,0,0,0,0
neuromorpho__HSS-cobalt.swc,2237,interneuron,0.963895,2236,0,0,0,0,0,0,0,0,0,0,0,0,0.92454,0.173486,0.3,0.3,0.969809,0.969809,0.969809,0.0715244,0.0715244,0.0715244,0.0715244,0.0715244,0.924506,0.969809,0.0715564,0,0,0,0,0,0,1006,0.948379,0.3,0.969809,0.0337972,0.0347913,4,-6.76765,85.9,39.7422,17.2929,771.359,297.924,0,0,0,0,0,0,0,0,0,0
neuromorpho__Hcell15-set-2.swc,3178,interneuron,0.994869,0,3177,0,0,0,0,0,0,0,0,0,0,0,0.999666,5.92213e-06,0.999666,0.999666,0.999666,0.999666,0.999666,0,0,0,0,0,0,0,0,0.999666,0.999666,0,0,0,0,104,0.999669,0.999666,0.999666,0,0,62.4,-1,0,0,0,0,0,32.04,5.06137,4.75508,49.6,103.39,0,0,0,0,0
neuromorpho__Hcell3.swc,3428,interneuron,0.980798,0,3427,0,0,0,0,0,0,0,0,0,0,0,0.999666,5.70216e-06,0.999666,0.999666,0.999666,0.999666,0.999666,0,0,0,0,0,0,0,0,0.999666,0.999666,0,0,0,0,94,0.99967,0.999666,0.999666,0,0,76.5,0.5,0,0,0,0,0,28,1.37743,4.78416,53.38,119.58,0,0,0,0,0
neuromorpho__Hcell7.swc,1551,interneuron,0.980397,0,1550,0,0,0,0,0,0,0,0,0,0,0,0.999666,8.47573e-06,0.999666,0.999666,0.999666,0.999666,0.999666,0,0,0,0,0,0,0,0,0.999666,0.999666,0,0,0,0,56,0.999672,0.999666,0.999666,0,0,62.5,0.125,0,0,0,0,0,18.5,-2.43709,3.96902,30.14,104.51,0,0,0,0,0
neuromorpho__Htr3a-Cre_NO152_Ai14-292836-03-01-01_580260009_m.swc,9513,interneuron,0.996864,7522,1990,0,0,0,0,0,0,0,0,0,0,0,0.939824,0.194642,0.3,0.3,0.999555,0.999757,0.999757,0.084621,0.084621,0.084621,0.084621,0.084621,0.998863,0.999757,0,0.716635,0.3,0.404523,0,0,0,272,0.956704,0.3,0.999666,0.0588235,0.0625,77.9,0,122.76,-14.8181,25.9849,466.29,576.06,79.09,-10.5852,13.986,189.45,634.8,0,0,0,0,0
neuromorpho__Htr3a-Cre_NO152_Pvalb-T2A-Dre_Ai66-313949-04-02-01_671531778_m.swc,15218,interneuron,0.99572,12326,2891,0,0,0,0,0,0,0,0,0,0,0,0.998636,0.0277665,0.3,0.999666,0.999666,0.999757,0.999757,0.00157708,0.00157708,0.00157708,0.00157708,0.00157708,0.998565,0.999757,0.00170372,0.99894,0.999666,0.0010377,0,0,0,419,0.999519,0.3,0.999666,0,0,81,0,140.98,-30.0006,30.6767,485.29,560.46,86.33,-5.56508,13.5617,388.5,392.14,0,0,0,0,0
neuromorpho__I03472.swc,2505,pyramidal,0.945763,2109,216,179,0,0,0,0,0.00138675,0,0,0,0,0,0.603836,0.342227,0.3,0.3,0.3,0.3,0.3,0.558483,0.558483,0.558483,0.56487,0.56487,0.543322,0.3,0.649597,0.968595,0.987681,0.0277778,0.87445,0.3,0.128492,166,0.713854,0.3,0.3,0.421687,0.457831,33.5,0.09,439.71,-92.5249,115.583,2471,2017.2,269.28,-30.964,59.3786,290,431.2,184.61,-2.14648,38.1763,749.03,331.3
neuromorpho__I03541.swc,1535,pyramidal,0.97942,811,406,317,0,0,0,0,0,0,0,0,0,0,0.788508,0.310165,0.3,0.3,0.3,0.3,0.984839,0.287296,0.287296,0.287296,0.287296,0.287296,0.653224,0.3,0.484587,0.987703,0.987703,0,0.878829,0.3,0.15142,134,0.843075,0.3,0.3,0.223881,0.246269,22,0,405.08,-93.2756,90.3324,1702.6,1004.4,297.88,-23.8748,73.3812,271.4,398.4,213.15,-4.82959,44.8699,700.89,424.1
neuromorpho__I03564.swc,2667,pyramidal,0.9783,1312,738,616,0,0,0,0,0.0120715,0,0,0,0,0,0.705397,0.332818,0.3,0.3,0.3,0.3,0.981148,0.40045,0.40045,0.40045,0.40045,0.455193,0.611741,0.3,0.551067,0.880377,0.3,0.116531,0.694756,0.3,0.420455,197,0.793021,0.3,0.3,0.274112,0.335025,28,0.14,418.3,-104.639,99.5651,2239,2546,307.7,-9.0524,72.762,536.4,316.7,343.7,-90.7984,58.2297,549.3,1264.3
neuromorpho__I5-18.swc,282,pyramidal,0.893551,26,58,197,0,0,0,0,0,0,0,0,0,0,0.696304,0.333951,0.3,0.3,0.3,0.3,0.940273,0.414894,0.414894,0.414894,0.414894,0.414894,0.940273,0.940273,0,0.987703,0.987703,0,0.576771,0.3,0.593909,24,0.867388,0.3,0.3,0.166667,0.166667,31.6,0,9.93,10.8965,2.968,18.68,58.63,44.55,3.105,12.9026,57.4,73.06,39.35,2.65513,5.63599,76.84,387.76
neuromorpho__I5-19.swc,284,pyramidal,0.779612,29,254,0,0,0,0,0,0,0,0,0,0,0,0.910216,0.15744,0.497586,0.507104,0.698217,0.987693,0.987703,0.00352113,0.0985915,0.172535,0.200704,0.21831,0.713826,0.698217,0.724138,0.932285,0.507104,0.110236,0,0,0,36,0.908442,0.497586,0.60266,0.166667,0.194444,15.5,0,4.76,13.6372,1.60734,13.02,63.44,44.74,4.13126,8.31731,82.42,124.14,0,0,0,0,0
neuromorpho__I5-28.swc,371,pyramidal,0.98058,0,259,111,0,0,0,0,0,0,0,0,0,0,0.986073,0.00264476,0.982145,0.982145,0.982145,0.982145,0.987703,0,0,0,0,0,0,0,0,0.987703,0.987703,0,0.982145,0.982145,0,43,0.986567,0.982145,0.982145,0,0,17.8,0,0,0,0,0,0,132.88,-4.30062,32.9935,70.45,79.24,65.94,2.58378,16.0988,64.91,173.95
neuromorpho__I5-6.swc,296,pyramidal,0.880683,128,167,0,0,0,0,0,0,0,0,0,0,0,0.747179,0.180407,0.545853,0.545853,0.545853,0.598125,0.656362,0,0.273649,0.641892,0.641892,0.641892,0.637586,0.596945,1,0.829664,0.545853,0.371257,0,0,0,40,0.779717,0.545853,0.571824,0.525,0.525,14.4,0,14.03,4.5043,3.25274,43.05,255.63,53.4,3.58425,10.9422,133.52,174.16,0,0,0,0,0
neuromorpho__I5-8.swc,523,pyramidal,0.932916,0,319,203,0,0,0,0,0,0,0,0,0,0,0.985569,0.00277981,0.982145,0.982145,0.982145,0.982145,0.987703,0,0,0,0,0,0,0,0,0.987703,0.987703,0,0.982145,0.982145,0,63,0.985869,0.982145,0.982145,0,0,18,0,0,0,0,0,0,84.18,-8.21608,17.7014,85.68,85.1,87.8,0.0230049,17.9887,63.62,143.54
neuromorpho__IF1_190301.swc,6044,pyramidal,0.850179,5301,742,0,0,0,0,0,0,0,0,0,0,0,0.63291,0.336943,0.3,0.3,0.3,0.3,0.550749,0.490735,0.514229,0.533422,0.546327,0.548478,0.6081,0.3,0.55631,0.809661,0.553376,0.37062,0,0,0,173,0.749406,0.3,0.3,0.381503,0.445087,86,0,59.46,3.25236,8.75097,1318.54,1740.44,24.61,-0.958302,5.44736,233.16,426.63,0,0,0,0,0
neuromorpho__IF3_040400.swc,4893,pyramidal,0.676098,3997,494,401,0,0,0,0,0.00122965,0,0,0,0,0,0.71009,0.3344,0.3,0.3,0.3,0.3,0.987703,0.395259,0.398324,0.40139,0.416922,0.416922,0.658408,0.3,0.483863,0.987703,0.987703,0,0.882516,0.729357,0.074813,184,0.77881,0.3,0.3,0.309783,0.369565,55.4,0,45.06,-7.5492,8.06133,1211.19,1668.67,15.14,2.43662,3.18162,213.15,188.85,18.55,1.00509,2.87841,172.74,294.62
neuromorpho__IF4_140201.swc,4693,pyramidal,0.66687,3619,1073,0,0,0,0,0,0,0,0,0,0,0,0.666664,0.336507,0.3,0.3,0.3,0.3,0.987703,0.438952,0.483486,0.491796,0.491796,0.491796,0.599136,0.3,0.569218,0.894113,0.572046,0.231128,0,0,0,158,0.803599,0.3,0.3,0.335443,0.348101,80.3,0.12,32.95,-6.17258,6.33717,1334.75,1658.89,16.67,-0.954007,2.5938,333.2,427.84,0,0,0,0,0
neuromorpho__I_1_14.swc,36773,interneuron,0.99608,24439,12333,0,0,0,0,0,0,0,0,0,0,0,0.993885,0.0636667,0.3,0.999666,0.999666,0.999666,0.999757,0.00834852,0.00834852,0.00834852,0.00834852,0.00834852,0.990967,0.999757,0.0125619,0.999666,0.999666,0,0,0,0,573,0.992312,0.3,0.999666,0.0104712,0.0104712,170.6,-0.471739,87,-16.3782,17.7146,375.27,463.07,91,-22.4523,20.4401,369.28,544.96,0,0,0,0,0
neuromorpho__I_1_15.swc,41204,interneuron,0.996667,31928,9275,0,0,0,0,0,0,0,0,0,0,0,0.985,0.098642,0.3,0.999666,0.999666,0.999666,0.999757,0.0202893,0.0202893,0.0202893,0.0202893,0.0202893,0.999059,0.999757,0,0.936602,0.999666,0.0901348,0,0,0,1156,0.991362,0.3,0.999666,0.0103806,0.0112457,82.5,0.408759,74,24.5044,15.6897,583.32,236.13,69.5,16.553,17.9113,319.09,461.08,0,0,0,0,0
neuromorpho__I_1_39.swc,29675,interneuron,0.996456,24144,5530,0,0,0,0,0,0,0,0,0,0,0,0.986092,0.0967009,0.3,0.999666,0.999666,0.999757,0.999757,0.0194777,0.0194777,0.0194777,0.0194777,0.0194777,0.997675,0.999757,0.00294069,0.935519,0.999666,0.0916817,0,0,0,647,0.986185,0.3,0.999666,0.0185471,0.0200927,114,-0.611607,53.5,10.484,9.91746,401.29,533.09,67.5,8.58019,13.5276,465.64,545.39,0,0,0,0,0
neuromorpho__I_1_52.swc,29130,interneuron,0.996711,23505,5624,0,0,0,0,0,0,0,0,0,0,0,0.989747,0.0830214,0.3,0.999666,0.999666,0.999757,0.999757,0.0142808,0.0142808,0.0142808,0.0142808,0.0142808,0.99672,0.999757,0.0043395,0.960602,0.999666,0.0558321,0,0,0,424,0.991875,0.3,0.999666,0.00943396,0.0117925,162,0.325688,75,-20.6773,19.1996,651.68,322.37,75,-6.81804,16.2587,285.16,554.27,0,0,0,0,0
neuromorpho__I_1_53.swc,25730,interneuron,0.996674,17835,7894,0,0,0,0,0,0,0,0,0,0,0,0.976325,0.12298,0.3,0.972519,0.999666,0.999666,0.999757,0.0319083,0.0319083,0.0319083,0.0319083,0.0319083,0.977095,0.999757,0.0301654,0.974583,0.999666,0.03585,0,0,0,734,0.986596,0.3,0.999666,0.0163488,0.0177112,97,-0.221154,77,14.8119,14.7185,541.14,468.56,61,10.7446,13.867,400.54,475.94,0,0,0,0,0
neuromorpho__I_1_58_2.swc,33225,interneuron,0.996527,26159,7065,0,0,0,0,0,0,0,0,0,0,0,0.967053,0.145778,0.3,0.969809,0.999666,0.999666,0.999757,0.045538,0.045538,0.045538,0.045538,0.045538,0.993736,0.999757,0.00711036,0.86825,0.3,0.187827,0,0,0,757,0.970042,0.3,0.999666,0.0396301,0.0422721,108.4,0.1,71.5,26.1458,17.0483,517.4,288,70,12.9386,14.9135,345.1,697.61,0,0,0,0,0
neuromorpho__I_1_61.swc,29608,interneuron,0.996622,22126,7481,0,0,0,0,0,0,0,0,0,0,0,0.939509,0.193668,0.3,0.3,0.969809,0.999666,0.999757,0.08393,0.08393,0.08393,0.08393,0.08393,0.994553,0.999757,0.00456477,0.776701,0.3,0.318674,0,0,0,503,0.960222,0.3,0.974024,0.0536779,0.0536779,139.8,-0.111588,75.5,15.3361,17.6859,476.72,316.46,72.5,16.7852,16.252,393.89,556.08,0,0,0,0,0
neuromorpho__I_1_65.swc,18241,interneuron,0.99236,12131,6109,0,0,0,0,0,0,0,0,0,0,0,0.985495,0.0987708,0.3,0.999666,0.999666,0.999666,0.999757,0.0203388,0.0203388,0.0203388,0.0203388,0.0203388,0.999754,0.999757,0,0.957175,0.999666,0.0607301,0,0,0,451,0.988935,0.3,0.999666,0.0133038,0.0133038,91,1.22565,126,1.24537,22.5854,372.69,397.72,170,22.9706,34.3917,333.94,474.76,0,0,0,0,0
neuromorpho__I_1_71.swc,7737,interneuron,0.993746,5448,2288,0,0,0,0,0,0,0,0,0,0,0,0.989678,0.0743291,0.3,0.972519,0.999666,0.999666,0.999757,0.0113739,0.0113739,0.0113739,0.0113739,0.0113739,0.99614,0.972519,0.000917768,0.974285,0.999666,0.0362762,0,0,0,197,0.997931,0.3,0.999666,0,0,94,-0.9712,114,13.95,18.5315,354.94,415.44,108,25.7066,26.1098,213.72,390.44,0,0,0,0,0
neuromorpho__I_2_38.swc,23578,interneuron,0.99339,17148,6429,0,0,0,0,0,0,0,0,0,0,0,0.983913,0.10401,0.3,0.999666,0.999666,0.999666,0.999757,0.0226058,0.0226058,0.0226058,0.0226058,0.0226058,0.999753,0.999757,0,0.94166,0.999666,0.0829056,0,0,0,432,0.998226,0.3,0.999666,0.00231481,0.00462963,149.5,-1.50496,105.6,7.60749,20.0746,443.38,390.89,138.52,3.2506,28.0596,366.35,505.39,0,0,0,0,0
neuromorpho__I_2_39.swc,41186,interneuron,0.996166,34668,6517,0,0,0,0,0,0,0,0,0,0,0,0.962148,0.157784,0.3,0.3,0.999666,0.999757,0.999757,0.0537319,0.0537319,0.0537319,0.0537319,0.0537319,0.996689,0.999757,0.00438445,0.778397,0.3,0.31625,0,0,0,817,0.973048,0.3,0.999757,0.0367197,0.0403917,109,1.65379,143.99,-45.9987,30.3483,606.77,442.22,98.4,-27.5093,22.314,450.69,376.9,0,0,0,0,0
neuromorpho__I_2_8.swc,22241,interneuron,0.983472,17320,4920,0,0,0,0,0,0,0,0,0,0,0,0.633371,0.349484,0.3,0.3,0.3,0.3,0.3,0.523583,0.523583,0.523583,0.523583,0.523583,0.676221,0.3,0.462356,0.482454,0.3,0.739228,0,0,0,419,0.667876,0.3,0.3,0.479714,0.4821,123.4,1.28185,369.48,106.468,78.6939,769.79,840.79,220,30.804,45.2132,735.79,1180.79,0,0,0,0,0
neuromorpho__J100312INT.swc,6741,interneuron,0.996031,5626,1114,0,0,0,0,0,0,0,0,0,0,0,0.989405,0.0754271,0.3,0.972519,0.999666,0.999666,0.999757,0.0117193,0.0117193,0.0117193,0.0117193,0.0117193,0.997195,0.999555,0,0.950049,0.999666,0.0709156,0,0,0,628,0.995188,0.3,0.999666,0.00318471,0.00636943,22,-0.00333333,107.97,-30.6737,24.5312,642.59,334.2,43.8,-2.89566,8.97443,316.28,507.55,0,0,0,0,0
neuromorpho__JUl26-IR3-3fo.swc,4432,pyramidal,0.973241,0,1579,2852,0,0,0,0,0,0,0,0,0,0,0.984129,0.00267238,0.982145,0.982145,0.982145,0.982145,0.982145,0,0,0,0,0,0,0,0,0.987703,0.987703,0,0.982145,0.982145,0,92,0.984756,0.982145,0.982145,0,0,117,0,0,0,0,0,0,68.61,9.88364,11.5546,298.68,178.32,63.29,7.01488,10.7517,228.85,382.95
neuromorpho__Jul26-IR2-2F.swc,889,pyramidal,0.990195,0,550,338,0,0,0,0,0,0,0,0,0,0,0.985602,0.00274253,0.981639,0.982145,0.982145,0.982145,0.987703,0,0,0,0,0,0,0,0,0.987703,0.987703,0,0.98214,0.982145,0,67,0.985639,0.981639,0.982145,0,0,29.4,0,0,0,0,0,0,68.27,-9.89855,11.2642,249.08,196.16,72.88,-2.74636,13.389,239.54,448.07
neuromorpho__Jul26-IR2-2H.swc,1889,pyramidal,0.551017,0,267,1621,0,0,0,0,0,0,0,0,0,0,0.880815,0.0124938,0.875817,0.875817,0.875817,0.875817,0.875817,0,0,0,0,0.858126,0,0,0,0.910715,0.904626,0,0.875817,0.875817,0,52,0.890429,0.875817,0.875817,0,0,100.9,0,0,0,0,0,0,61.08,-5.42607,13.5826,230.23,138.81,78.03,4.47733,14.9246,121.49,437.21
neuromorpho__Jul26-IR2-2I.swc,2850,pyramidal,0.99171,0,361,2488,0,0,0,0,0,0,0,0,0,0,0.98094,0.0361765,0.3,0.982145,0.982145,0.982145,0.982145,0.00280702,0.00280702,0.00280702,0.00280702,0.00280702,0,0,0,0.987703,0.987703,0,0.979951,0.982145,0.00321543,93,0.983689,0.3,0.982145,0,0,75.8,0,0,0,0,0,0,62.07,-10.3297,9.87469,164,145.15,88.42,-3.05852,17.5718,197.01,330.45
neuromorpho__Jul26-IR2-2fo.swc,717,pyramidal,0.981805,17,489,210,0,0,0,0,0,0,0,0,0,0,0.981994,0.0261758,0.814838,0.982145,0.982145,0.982145,0.987703,0,0,0,0,0.0237099,0.814838,0.814838,0,0.987703,0.987703,0,0.982145,0.982145,0,57,0.983033,0.814838,0.982145,0,0,31,0,26.39,-15.6065,7.75668,19.18,10.84,78.37,1.28816,14.6352,254.13,178,43.48,4.2331,7.64304,167.45,181.89
neuromorpho__Jun1IR2c-tgv.swc,1817,pyramidal,0.922124,510,1306,0,0,0,0,0,0,0,0,0,0,0,0.878499,0.185338,0.3,0.620413,0.648546,0.673533,0.987703,0.0401761,0.0401761,0.285085,0.285085,0.285085,0.603525,0.3,1,0.985784,0.987703,0.00612557,0,0,0,58,0.929354,0.3,0.672963,0.172414,0.172414,70.6,9.36094,39,-8.87841,9.00539,197.23,319.73,59.91,-12.0142,11.9474,238.83,204.44,0,0,0,0,0
neuromorpho__Jun1IR2h.swc,1972,pyramidal,0.975679,2,1073,896,0,0,0,0,0,0,0,0,0,0,0.982126,0.0440037,0.3,0.981148,0.981682,0.982145,0.987703,0.0040568,0.0040568,0.0040568,0.0040568,0.00507099,0.805377,0.805377,0,0.982576,0.987703,0.00745573,0.981961,0.981148,0,60,0.982025,0.3,0.981677,0,0,89.2,-6.89917,0.07,-4.89583,0.035,0.11,0.01,84.76,-2.25671,15.5761,271.72,295.47,68.17,-6.20865,12.254,178.72,416.14
neuromorpho__KO1-4-2-6.swc,322,pyramidal,0.94068,65,100,156,0,0,0,0,0,0,0,0,0,0,0.917009,0.0745379,0.718756,0.718756,0.84621,0.85735,0.942799,0,0,0,0.0807453,0.270186,0.871698,0.84621,0,0.963649,0.84621,0,0.905459,0.718756,0,62,0.928988,0.718756,0.85735,0,0.0645161,11,0,30.97,-0.907846,6.74584,82.5,109.32,37.49,2.6241,10.937,181.53,130.08,38.99,4.8675,8.3608,67.98,146.73
neuromorpho__KO1-4-3-9.swc,247,interneuron,0.924599,0,246,0,0,0,0,0,0,0,0,0,0,0,0.983954,0.014082,0.971335,0.971335,0.971335,0.971335,0.971335,0,0,0,0,0,0,0,0,0.983888,0.971335,0,0,0,0,45,0.984564,0.971335,0.971335,0,0,12.6,0,0,0,0,0,0,44,1.17683,9.96876,71.9,176.94,0,0,0,0,0
neuromorpho__KO1-Neuron10.swc,74,pyramidal,0.715422,31,42,0,0,0,0,0,0,0,0,0,0,0,0.861179,0.131958,0.683674,0.683674,0.683674,0.683674,0.940273,0,0,0.351351,0.351351,0.351351,0.940273,0.940273,0,0.799495,0.683674,0.619048,0,0,0,11,0.939623,0.683674,0.940273,0.0909091,0.0909091,9,0,10.32,1.19226,2.82091,19.08,101.77,3.62,0.0728571,0.501171,25.98,98.3,0,0,0,0,0
neuromorpho__KO1-Neuron4.swc,41,pyramidal,0.962173,26,14,0,0,0,0,0,0,0,0,0,0,0,0.849993,0.106338,0.758902,0.758902,0.758902,0.758902,0.76707,0,0,0,0.512195,0.634146,0.770072,0.758902,0,0.987703,0.987703,0,0,0,0,10,0.88034,0.758902,0.758902,0,0.4,6.2,0,5.14,2.50308,2.49414,43.22,66.04,7.19,4.61571,2.99158,10.79,20.84,0,0,0,0,0
neuromorpho__KO1-Neuron5.swc,65,interneuron,0.593741,0,64,0,0,0,0,0,0,0,0,0,0,0,0.853481,0.0662307,0.804769,0.804769,0.804769,0.804769,0.804769,0,0,0,0,0.646154,0,0,0,0.851192,0.804769,0,0,0,0,5,0.9246,0.804769,0.858072,0,0,29.2,0,0,0,0,0,0,25.16,8.68844,9.39776,38.23,172.14,0,0,0,0,0
neuromorpho__KO1-Neuron7.swc,50,interneuron,0.47861,0,49,0,0,0,0,0,0,0,0,0,0,0,0.864958,0.0781189,0.787279,0.787279,0.787279,0.787279,0.863763,0,0,0,0.5,0.5,0,0,0,0.862202,0.787279,0,0,0,0,11,0.931773,0.787279,0.940247,0,0.0909091,5,0,0,0,0,0,0,19.39,-3.61041,6.77071,31.6,215.66,0,0,0,0,0
neuromorpho__KO4-4-5-1.swc,590,interneuron,0.894287,8,581,0,0,0,0,0,0,0,0,0,0,0,0.994043,0.0127563,0.895604,0.971335,0.971335,0.999666,0.999666,0,0,0,0,0.00169492,0.929961,0.922808,0,0.994915,0.971335,0,0,0,0,111,0.994764,0.895604,0.971335,0,0,12,0,1.5,-6.375,0.695971,8.82,5,52.5,2.94492,10.8573,217.26,267.98,0,0,0,0,0
neuromorpho__KO4-4-8-5.swc,482,pyramidal,0.909466,7,474,0,0,0,0,0,0,0,0,0,0,0,0.983801,0.031588,0.644302,0.983642,0.9841,0.987693,0.987703,0,0,0.00829876,0.00829876,0.00829876,0.940273,0.940273,0,0.98441,0.985272,0.00843882,0,0,0,64,0.981499,0.644302,0.985703,0.015625,0.015625,18.4,0,0,22,0,3.39,12.36,51,2.84283,10.9966,167.86,236.05,0,0,0,0,0
neuromorpho__KO4-Neuron4.swc,58,pyramidal,0.978028,38,19,0,0,0,0,0,0,0,0,0,0,0,0.837306,0.0965654,0.659702,0.659702,0.659702,0.817565,0.841767,0,0,0.155172,0.155172,0.810345,0.835511,0.817565,0,0.832334,0.659702,0.473684,0,0,0,13,0.85702,0.659702,0.81785,0.0769231,0.0769231,7.8,0,4.5,1.53947,1.96141,75.77,30.85,0.07,0.00368421,0.0156308,18.2,45.49,0,0,0,0,0
neuromorpho__KO4-Neuron6.swc,35,pyramidal,0.962235,14,20,0,0,0,0,0,0,0,0,0,0,0,0.876226,0.109886,0.659702,0.659702,0.659702,0.808815,0.940273,0,0,0.142857,0.142857,0.4,0.940273,0.940273,0,0.825203,0.659702,0.25,0,0,0,7,0.89672,0.659702,0.74917,0.142857,0.142857,7.8,0,1.37,1.07643,0.562146,10.52,19.09,4.9,-0.98,1.96,25.65,9.6,0,0,0,0,0
neuromorpho__KO5-Neuron4.swc,45,pyramidal,0.922152,18,26,0,0,0,0,0,0,0,0,0,0,0,0.956938,0.0191364,0.940273,0.940273,0.940273,0.940273,0.953767,0,0,0,0,0,0.940273,0.940273,0,0.96682,0.953767,0,0,0,0,7,0.964285,0.940273,0.940273,0,0,11.8,0,4.45,1.21111,1.97818,5.17,28.05,9.14,3.53615,4.20406,37.34,35.25,0,0,0,0,0
neuromorpho__KO5-Neuron5.swc,38,pyramidal,0.88432,37,0,0,0,0,0,0,0,0,0,0,0,0,0.941845,0.00956063,0.940273,0.940273,0.940273,0.940273,0.940273,0,0,0,0,0,0.940273,0.940273,0,0,0,0,0,0,0,10,0.946246,0.940273,0.940273,0,0,6.1,0,24.72,-11.5265,7.09514,18.26,40.19,0,0,0,0,0,0,0,0,0,0
neuromorpho__KO5-Neuron7.swc,47,pyramidal,0.968449,35,11,0,0,0,0,0,0,0,0,0,0,0,0.914669,0.0976188,0.635683,0.635683,0.818437,0.940273,0.940273,0,0,0.106383,0.106383,0.106383,0.940273,0.940273,0,0.825443,0.635683,0.454545,0,0,0,10,0.920117,0.635683,0.909814,0.1,0.1,9,-0.00333333,38.45,-27.7395,10.6541,39.6,20.47,2.93,2.87333,0.968138,10.14,13.94,0,0,0,0,0
neuromorpho__KW20180701_Pair2_pre.swc,4917,pyramidal,0.688997,3363,749,804,0,0,0,0,0,0,0,0,0,0,0.857235,0.272727,0.3,0.3,0.3,0.982145,0.987703,0.193207,0.193207,0.193207,0.193207,0.193207,0.804027,0.3,0.27416,0.961995,0.987703,0.0373832,0.982023,0.981419,0,89,0.97344,0.3,0.981632,0.0224719,0.0337079,107.8,-0.00130435,56.84,-6.96455,11.2989,471.93,420.94,44.45,-7.52528,11.8054,289.26,300.84,52.71,-11.5931,11.8434,321.29,631.1
neuromorpho__KW20180711_Pair5_pre.swc,4249,pyramidal,0.965249,2230,908,1110,0,0,0,0,0,0,0,0,0,0,0.861722,0.267042,0.3,0.3,0.3,0.982145,0.987703,0.184279,0.184279,0.184279,0.184279,0.184279,0.762966,0.3,0.332735,0.987703,0.987703,0,0.956943,0.982145,0.0369369,130,0.978774,0.3,0.982145,0.00769231,0.0153846,60,-0.0188889,20.41,-0.143609,4.65399,191.53,505.96,34.72,-6.27336,9.02036,271.53,275.87,39.62,-3.44364,9.30524,406.22,438.49
neuromorpho__KW20180712_Pair8_post.swc,5432,pyramidal,0.939646,2593,1593,1245,0,0,0,0,0,0,0,0,0,0,0.882233,0.248231,0.3,0.3,0.3,0.982145,0.987703,0.153719,0.153719,0.153719,0.153719,0.153719,0.796876,0.3,0.281913,0.973457,0.987703,0.0207156,0.943189,0.981639,0.0570281,86,0.944922,0.3,0.965454,0.0581395,0.0697674,126,-0.0304348,38.3,2.228,5.50226,213.69,436,34.49,-2.89948,6.51802,303.08,275.74,41.24,-1.05695,10.44,295.85,551.59
neuromorpho__Kole_MDKL29012019_2_63x.swc,2744,interneuron,0.995478,2743,0,0,0,0,0,0,0,0,0,0,0,0,0.997923,0.00613696,0.969809,0.980369,0.999555,0.999757,0.999757,0,0,0,0,0,0.997922,0.999555,0,0,0,0,0,0,0,120,0.998239,0.969809,0.999555,0,0,47.1,-0.970909,25.74,3.41971,4.69145,177.65,393.76,0,0,0,0,0,0,0,0,0,0
neuromorpho__L1R4_04_-450.swc,115,interneuron,0.943039,0,114,0,0,0,0,0,0,0,0,0,0,0,0.999669,3.10011e-05,0.999666,0.999666,0.999666,0.999666,0.999666,0,0,0,0,0,0,0,0,0.999666,0.999666,0,0,0,0,15,0.999688,0.999666,0.999666,0,0,16.6,0,0,0,0,0,0,15.38,-1.18693,5.80401,63,131.02,0,0,0,0,0
neuromorpho__L1R4_07_-240.swc,133,interneuron,0.973357,0,132,0,0,0,0,0,0,0,0,0,0,0,0.989147,0.0851513,0.3,0.999666,0.999666,0.999666,0.999666,0.0150376,0.0150376,0.0150376,0.0150376,0.0150376,0,0,0,0.989065,0.999666,0.0151515,0,0,0,10,0.996445,0.3,0.996412,0,0,32.2,0,0,0,0,0,0,27.15,6.53144,7.04695,81.29,198.98,0,0,0,0,0
neuromorpho__L2R5_07_-345.swc,181,interneuron,0.981258,0,180,0,0,0,0,0,0,0,0,0,0,0,0.999668,2.47503e-05,0.999666,0.999666,0.999666,0.999666,0.999666,0,0,0,0,0,0,0,0,0.999666,0.999666,0,0,0,0,18,0.999685,0.999666,0.999666,0,0,19,0,0,0,0,0,0,11.88,-1.44883,3.84576,86.11,116.8,0,0,0,0,0
neuromorpho__L3R1_01_-165.swc,385,interneuron,0.985932,0,384,0,0,0,0,0,0,0,0,0,0,0,0.999667,1.69953e-05,0.999666,0.999666,0.999666,0.999666,0.999666,0,0,0,0,0,0,0,0,0.999666,0.999666,0,0,0,0,16,0.999687,0.999666,0.999666,0,0,58.5,0,0,0,0,0,0,12.34,0.548307,2.43867,64.73,131.96,0,0,0,0,0
neuromorpho__L3R1_03_-270.swc,384,interneuron,0.977962,0,383,0,0,0,0,0,0,0,0,0,0,0,0.999667,1.70173e-05,0.999666,0.999666,0.999666,0.999666,0.999666,0,0,0,0,0,0,0,0,0.999666,0.999666,0,0,0,0,16,0.999687,0.999666,0.999666,0,0,65.5,0,0,0,0,0,0,9.03,-0.493864,1.86063,75.24,126.23,0,0,0,0,0
neuromorpho__L3R1_04_-030.swc,432,pyramidal,0.835292,0,431,0,0,0,0,0,0,0,0,0,0,0,0.987732,0.000590943,0.987703,0.987703,0.987703,0.987703,0.987703,0,0,0,0,0,0,0,0,0.987703,0.987703,0,0,0,0,27,0.988159,0.987703,0.987703,0,0,28.2,0,0,0,0,0,0,27.75,-2.32659,4.88864,146.33,223.17,0,0,0,0,0
neuromorpho__L3R1_04_-390.swc,568,interneuron,0.960399,0,567,0,0,0,0,0,0,0,0,0,0,0,0.999667,1.3998e-05,0.999666,0.999666,0.999666,0.999666,0.999666,0,0,0,0,0,0,0,0,0.999666,0.999666,0,0,0,0,24,0.99968,0.999666,0.999666,0,0,63.5,0,0,0,0,0,0,25.26,3.64935,5.49928,136.57,148.49,0,0,0,0,0
neuromorpho__L3R4_03_-510.swc,452,interneuron,0.92979,0,451,0,0,0,0,0,0,0,0,0,0,0,0.999667,1.56882e-05,0.999666,0.999666,0.999666,0.999666,0.999666,0,0,0,0,0,0,0,0,0.999666,0.999666,0,0,0,0,16,0.999687,0.999666,0.999666,0,0,67,0,0,0,0,0,0,40.18,2.43608,9.19733,124.74,216.23,0,0,0,0,0
neuromorpho__L5FS1.swc,830,interneuron,0.403116,0,829,0,0,0,0,0,0,0,0,0,0,0,0.941839,0.00203479,0.941375,0.941375,0.941375,0.941565,0.941983,0,0,0,0,0,0,0,0,0.941769,0.941375,0,0,0,0,22,0.944428,0.941375,0.941565,0,0,99.1,0,0,0,0,0,0,88.19,2.34481,15.9447,205.51,240.63,0,0,0,0,0
neuromorpho__LES6-WT-1187-Neuron-3.swc,553,pyramidal,0.938402,0,252,300,0,0,0,0,0.0442226,0,0,0,0,0,0.965172,0.111271,0.3,0.949934,0.982145,0.982145,0.982484,0.0271248,0.0271248,0.0271248,0.0271248,0.0271248,0,0,0,0.987703,0.987703,0,0.94613,0.949934,0.05,32,0.975577,0.3,0.95378,0,0,34,0,0,0,0,0,0,65.66,5.14048,13.2827,155.45,101.85,57.14,2.48637,9.93577,147.86,349.45
neuromorpho__LES6-WT-1204-Neuron-2.swc,859,pyramidal,0.985509,32,335,491,0,0,0,0,0,0,0,0,0,0,0.982758,0.0087957,0.940273,0.981602,0.982145,0.982145,0.982145,0,0,0,0,0,0.940273,0.940273,0,0.987703,0.987703,0,0.982118,0.982145,0,87,0.981726,0.940273,0.982145,0,0,22.4,0,20.81,8.8775,5.95575,120.41,37.94,82.31,-14.4214,22.0222,209.21,93.83,80.75,-10.0947,17.5322,150.9,169.27
neuromorpho__LES6-mut-1195-neuron-2.swc,407,pyramidal,0.986349,12,394,0,0,0,0,0,0.0122179,0,0,0,0,0,0.860974,0.156132,0.526856,0.61826,0.624034,0.700559,0.987703,0,0.039312,0.238329,0.385749,0.41769,0.684623,0.684623,1,0.865992,0.62002,0.215736,0,0,0,50,0.826875,0.526856,0.618296,0.32,0.5,15.1,0,28.16,20.2508,9.99646,42.07,13.62,69.49,7.99234,14.0811,205.5,275.99,0,0,0,0,0
neuromorpho__LVGFP-5wpi-c5.swc,1815,interneuron,0.94166,0,1814,0,0,0,0,0,0,0,0,0,0,0,0.999265,0.000974236,0.996899,0.996899,0.996899,0.999666,0.999666,0,0,0,0,0,0,0,0,0.999265,0.996899,0,0,0,0,11,0.999445,0.996899,0.999666,0,0,317,0,0,0,0,0,0,51.71,10.834,12.5106,58.86,388.75,0,0,0,0,0
neuromorpho__Layer-2-3-Ethanol-18.swc,207,pyramidal,0.994883,0,87,119,0,0,0,0,0,0,0,0,0,0,0.984468,0.00290383,0.982145,0.982145,0.982145,0.982145,0.982145,0,0,0,0,0,0,0,0,0.987468,0.987703,0,0.982145,0.982145,0,36,0.984689,0.982145,0.982145,0,0,12.5,0,0,0,0,0,0,27,-11.2563,6.44743,153.37,95.31,88,3.29613,18.7189,180.4,196.54
neuromorpho__Layer-2-3-Ethanol-23.swc,183,pyramidal,0.988094,12,84,86,0,0,0,0,0,0,0,0,0,0,0.97588,0.0344728,0.84621,0.84621,0.982145,0.982145,0.982145,0,0,0,0,0.0655738,0.84621,0.84621,0,0.987703,0.987703,0,0.982145,0.982145,0,41,0.981976,0.84621,0.982145,0,0,10,0,1.99,-7.935,0.824636,40.28,22.77,30,-15.5949,7.67659,89,61.27,32.21,6.18442,5.86627,102.71,193.69
neuromorpho__Layer-2-3-Ethanol-24.swc,317,pyramidal,0.931967,0,120,196,0,0,0,0,0.0170365,0,0,0,0,0,0.980754,0.0172158,0.900918,0.982145,0.982145,0.982145,0.982145,0,0,0,0,0,0,0,0,0.987703,0.987703,0,0.976401,0.982145,0,54,0.981346,0.900918,0.982145,0,0,12.7,0,0,0,0,0,0,45.97,-5.35358,11.7079,92.55,61.31,68.97,-10.3137,17.5105,155.05,143.97
neuromorpho__Layer-2-3-Ethanol-25.swc,494,pyramidal,0.994618,0,369,124,0,0,0,0,0,0,0,0,0,0,0.986333,0.00248665,0.982145,0.982145,0.982145,0.983534,0.987703,0,0,0,0,0,0,0,0,0.987703,0.987703,0,0.982145,0.982145,0,52,0.986336,0.982145,0.982145,0,0,19,0,0,0,0,0,0,70.98,1.8593,12.3859,262.3,170.33,35.98,9.43073,8.77616,101.53,128.98
neuromorpho__Layer-2-3-Ethanol-27.swc,243,pyramidal,0.993794,0,141,101,0,0,0,0,0,0,0,0,0,0,0.985439,0.00289604,0.981639,0.982145,0.982145,0.982145,0.987703,0,0,0,0,0,0,0,0,0.987703,0.987703,0,0.982135,0.982145,0,44,0.985571,0.981639,0.982145,0,0,11.7,0,0,0,0,0,0,72,-0.317943,17.2812,154.38,131.12,49,2.66158,9.56993,97.03,213.09
neuromorpho__Layer-2-3-Sucrose-10.swc,477,pyramidal,0.957121,51,186,239,0,0,0,0,0.0135815,0,0,0,0,0,0.92063,0.133274,0.3,0.765588,0.774151,0.945595,0.947054,0.0356394,0.0356394,0.0356394,0.102725,0.174004,0.66414,0.3,0.333333,0.987703,0.987703,0,0.922831,0.771833,0,43,0.925841,0.3,0.782493,0.0465116,0.116279,25.8,0,13.97,1.29961,3.71862,47.87,275.49,74.99,4.38624,15.7248,195.33,172.18,58,6.37803,13.7003,138.2,239.52
neuromorpho__Layer-2-3-Sucrose-11.swc,346,pyramidal,0.989994,0,222,123,0,0,0,0,0,0,0,0,0,0,0.985763,0.00276675,0.982145,0.982145,0.982145,0.982145,0.987703,0,0,0,0,0,0,0,0,0.987703,0.987703,0,0.982145,0.982145,0,54,0.987005,0.982145,0.982145,0,0,12,0,0,0,0,0,0,43.97,-1.6909,8.14983,113.65,115.63,35.26,-3.52602,9.19543,83.33,188.9
neuromorpho__Layer-2-3-Sucrose-4.swc,157,pyramidal,0.97721,0,97,59,0,0,0,0,0,0,0,0,0,0,0.985693,0.00292086,0.982145,0.982145,0.982145,0.982145,0.987703,0,0,0,0,0,0,0,0,0.987703,0.987703,0,0.982145,0.982145,0,36,0.986038,0.982145,0.982145,0,0,9.5,0,0,0,0,0,0,51.96,9.68649,11.9719,72.78,113.77,18.98,-0.656271,5.91189,70.46,142.01
neuromorpho__Layer-2-3-Sucrose-6.swc,168,pyramidal,0.967916,0,118,49,0,0,0,0,0,0,0,0,0,0,0.985935,0.00306724,0.981148,0.981148,0.981148,0.981639,0.987703,0,0,0,0,0,0,0,0,0.987703,0.987703,0,0.981391,0.981148,0,26,0.986966,0.981148,0.981556,0,0,11.5,0,0,0,0,0,0,44.99,4.11186,10.4618,121.42,65.4,12.98,1.89347,3.56512,70.87,116.8
neuromorpho__Layer-2-3-Sucrose-8.swc,252,pyramidal,0.990202,0,209,42,0,0,0,0,0,0,0,0,0,0,0.921124,0.149182,0.548594,0.593936,0.59678,0.987703,0.987703,0,0.166667,0.166667,0.166667,0.166667,0,0,0,0.987703,0.987703,0,0.587936,0.548594,1,34,0.95207,0.548594,0.987696,0.0882353,0.0882353,14.1,0,0,0,0,0,0,55.98,-4.92278,10.0295,153.28,90.08,26.96,-12.0831,7.10138,58.23,128.19
neuromorpho__Layer-5-Ethanol-2.swc,785,pyramidal,0.91325,0,422,362,0,0,0,0,0,0,0,0,0,0,0.817421,0.295443,0.3,0.3,0.3,0.982145,0.987703,0.24586,0.24586,0.24586,0.24586,0.24586,0,0,0,0.987661,0.987703,0,0.61846,0.3,0.533149,37,0.763215,0.3,0.3,0.324324,0.324324,45.6,0,0,0,0,0,0,32,6.35578,8.21385,158.82,152.31,27.11,1.01544,5.8727,120.4,418.15
neuromorpho__Layer-5-Ethanol-8.swc,872,pyramidal,0.943516,0,265,606,0,0,0,0,0,0,0,0,0,0,0.983855,0.00261376,0.982145,0.982145,0.982145,0.982145,0.982145,0,0,0,0,0,0,0,0,0.987703,0.987703,0,0.982145,0.982145,0,59,0.984237,0.982145,0.982145,0,0,35.2,0,0,0,0,0,0,50.99,13.7735,12.1138,200.67,136.89,77.98,-22.0411,14.1094,170.28,539.36
neuromorpho__Layer-5-Ethanol-9.swc,211,pyramidal,0.977398,0,153,57,0,0,0,0,0,0,0,0,0,0,0.919766,0.200685,0.3,0.3,0.962866,0.982145,0.987703,0.0947867,0.0947867,0.0947867,0.0947867,0.0947867,0,0,0,0.987703,0.987703,0,0.735999,0.3,0.350877,27,0.933226,0.3,0.950054,0.0740741,0.0740741,14.8,0,0,0,0,0,0,54.98,-0.573725,12.1223,246.1,274.42,31.5,-4.09579,6.18537,88.73,330.43
neuromorpho__Layer-5-Sucrose-3.swc,317,pyramidal,0.994986,20,111,185,0,0,0,0,0,0,0,0,0,0,0.975563,0.033713,0.844913,0.84621,0.982145,0.982145,0.982145,0,0,0,0,0.0630915,0.84608,0.84608,0,0.987703,0.987703,0,0.982145,0.982145,0,51,0.976217,0.844913,0.982145,0,0,12,0,9.99,0.9955,2.84391,50.17,14.08,34.99,15.3791,8.52776,113.16,123.56,64,-17.4403,13.3714,224.68,386.54
neuromorpho__Layer-5-Sucrose-4.swc,508,pyramidal,0.971769,0,304,203,0,0,0,0,0,0,0,0,0,0,0.98534,0.0027724,0.981687,0.982145,0.982145,0.982145,0.987703,0,0,0,0,0,0,0,0,0.987431,0.987703,0,0.982136,0.982145,0,44,0.985996,0.981687,0.982145,0,0,22,0,0,0,0,0,0,48.97,-5.28865,10.2073,112.57,92.22,60.15,2.37005,13.2808,86.53,300.15
neuromorpho__Layer-5-Sucrose-6.swc,326,pyramidal,0.992534,8,162,155,0,0,0,0,0,0,0,0,0,0,0.981122,0.0248184,0.825693,0.982145,0.982145,0.982145,0.984924,0,0,0,0,0.0245399,0.825693,0.825693,0,0.987703,0.987703,0,0.982145,0.982145,0,66,0.982487,0.825693,0.982145,0,0,10,0,6.02,5.935,2.09512,6.89,52.71,38.97,-0.726852,9.8436,228.65,110.74,50.02,-4.58323,8.40963,135.62,411.05
neuromorpho__Layer-6-Ethanol-12.swc,303,pyramidal,0.979662,125,177,0,0,0,0,0,0,0,0,0,0,0,0.782262,0.246858,0.3,0.487885,0.496761,0.504059,0.987703,0.237624,0.412541,0.412541,0.412541,0.412541,0.489616,0.467069,1,0.987703,0.987703,0,0,0,0,27,0.788053,0.3,0.493211,0.407407,0.407407,28.2,0,21,-0.85104,6.84531,175.51,248.11,56.6,3.56497,12.9552,177.28,201.5,0,0,0,0,0
neuromorpho__Layer-6-Ethanol-13.swc,289,pyramidal,0.951001,14,171,103,0,0,0,0,0,0,0,0,0,0,0.975243,0.0462776,0.770503,0.982145,0.982145,0.982145,0.987703,0,0,0,0.0484429,0.0484429,0.770503,0.770503,0,0.987703,0.987703,0,0.982145,0.982145,0,46,0.981678,0.770503,0.982145,0,0.0217391,15.5,0,1.98,0.675714,0.812445,20.86,43.2,39.95,7.07035,7.11853,164.91,122.66,28,9.83388,7.08609,98.19,203.39
neuromorpho__Layer-6-Ethanol-19.swc,187,pyramidal,0.956733,0,87,99,0,0,0,0,0,0,0,0,0,0,0.878957,0.248052,0.3,0.3,0.3,0.982145,0.982145,0.15508,0.15508,0.15508,0.15508,0.15508,0,0,0,0.987539,0.987703,0,0.782314,0.3,0.292929,36,0.936823,0.3,0.981892,0.0833333,0.0833333,9.5,0,0,0,0,0,0,52.96,3.56736,10.8184,141.59,59.31,67.89,-17.8729,17.9422,120.5,575.7
neuromorpho__Layer-6-Ethanol-20.swc,223,pyramidal,0.992416,0,86,136,0,0,0,0,0,0,0,0,0,0,0.984369,0.00289824,0.982145,0.982145,0.982145,0.982145,0.982145,0,0,0,0,0,0,0,0,0.987703,0.987703,0,0.982145,0.982145,0,35,0.985037,0.982145,0.982145,0,0,12.2,0,0,0,0,0,0,27,4.39477,7.54152,133.14,98.56,85.81,-44.8899,23.6273,135.22,572.62
neuromorpho__Layer-6-Ethanol-5.swc,351,pyramidal,0.954915,0,209,141,0,0,0,0,0,0,0,0,0,0,0.985505,0.00283044,0.982145,0.982145,0.982145,0.982145,0.987703,0,0,0,0,0,0,0,0,0.987703,0.987703,0,0.982145,0.982145,0,25,0.986194,0.982145,0.982145,0,0,32.4,0,0,0,0,0,0,79.96,-3.61756,15.9884,130.79,83.55,58.98,-37.0604,13.0204,71.9,156.19
neuromorpho__Layer-6-Ethanol-6.swc,214,pyramidal,0.764181,0,213,0,0,0,0,0,0,0,0,0,0,0,0.987761,0.000838623,0.987703,0.987703,0.987703,0.987703,0.987703,0,0,0,0,0,0,0,0,0.987703,0.987703,0,0,0,0,23,0.988238,0.987703,0.987703,0,0,14,0,0,0,0,0,0,49.97,-4.55737,9.22282,68.76,149.39,0,0,0,0,0
neuromorpho__Layer-6-Sucrose-11.swc,466,pyramidal,0.935957,8,184,273,0,0,0,0,0.0379915,0,0,0,0,0,0.977356,0.0443556,0.64422,0.967471,0.968747,0.982145,0.982145,0,0,0.0171674,0.0171674,0.0171674,0.64422,0.64422,1,0.987703,0.987703,0,0.980061,0.968747,0,47,0.977784,0.64422,0.981984,0.0212766,0.0212766,22,0,0,5.9,0,3.54,26.76,29.22,0.71413,6.72365,91.13,123.78,26,-10.3734,6.30227,147.04,205.61
neuromorpho__Layer-6-Sucrose-12.swc,200,pyramidal,0.992046,0,125,74,0,0,0,0,0,0,0,0,0,0,0.825762,0.211982,0.492013,0.521375,0.533708,0.566451,0.987703,0.02,0.36,0.37,0.37,0.37,0,0,0,0.987703,0.987703,0,0.549858,0.521375,1,37,0.741556,0.492013,0.533708,0.567568,0.567568,10.8,0,0,0,0,0,0,36.95,-1.508,7.62701,151,128.28,50.67,-29.122,14.4547,81.4,218.29
neuromorpho__Layer-6-Sucrose-2.swc,433,pyramidal,0.96256,0,174,258,0,0,0,0,0,0,0,0,0,0,0.98442,0.00282428,0.982145,0.982145,0.982145,0.982145,0.982145,0,0,0,0,0,0,0,0,0.987703,0.987703,0,0.982145,0.982145,0,31,0.984693,0.982145,0.982145,0,0,29,0,0,0,0,0,0,17.3,5.26103,3.7562,50.11,68.53,40.97,-1.68349,7.49894,113.05,188.15
neuromorpho__M1KO_1.swc,1128,pyramidal,0.991756,0,1127,0,0,0,0,0,0,0,0,0,0,0,0.987714,0.000365969,0.987703,0.987703,0.987703,0.987703,0.987703,0,0,0,0,0,0,0,0,0.987703,0.987703,0,0,0,0,62,0.987902,0.987703,0.987703,0,0,40.8,0,0,0,0,0,0,151.31,-40.351,31.2949,270.16,280.68,0,0,0,0,0
neuromorpho__M1KO_10.swc,715,pyramidal,0.988858,0,714,0,0,0,0,0,0,0,0,0,0,0,0.98772,0.000459551,0.987703,0.987703,0.987703,0.987703,0.987703,0,0,0,0,0,0,0,0,0.987703,0.987703,0,0,0,0,50,0.987949,0.987703,0.987703,0,0,27.4,0,0,0,0,0,0,138.01,-15.5588,25.3129,213.34,266.46,0,0,0,0,0
neuromorpho__M1KO_22.swc,425,pyramidal,0.991199,0,424,0,0,0,0,0,0,0,0,0,0,0,0.987732,0.000595779,0.987703,0.987703,0.987703,0.987703,0.987703,0,0,0,0,0,0,0,0,0.987703,0.987703,0,0,0,0,36,0.988045,0.987703,0.987703,0,0,28,0,0,0,0,0,0,125.12,-17.3797,26.1792,135.31,191.18,0,0,0,0,0
neuromorpho__M1KO_23.swc,2571,pyramidal,0.983713,0,2570,0,0,0,0,0,0,0,0,0,0,0,0.987708,0.000242469,0.987703,0.987703,0.987703,0.987703,0.987703,0,0,0,0,0,0,0,0,0.987703,0.987703,0,0,0,0,82,0.987853,0.987703,0.987703,0,0,63.8,0,0,0,0,0,0,108.77,-21.9528,23.0405,198.83,236.38,0,0,0,0,0
neuromorpho__M1KO_24.swc,2512,pyramidal,0.984074,0,2511,0,0,0,0,0,0,0,0,0,0,0,0.987708,0.000245298,0.987703,0.987703,0.987703,0.987703,0.987703,0,0,0,0,0,0,0,0,0.987703,0.987703,0,0,0,0,62,0.987902,0.987703,0.987703,0,0,91.9,0,0,0,0,0,0,106.95,-14.7986,21.2283,162.76,212.97,0,0,0,0,0
neuromorpho__M1KO_33.swc,2271,pyramidal,0.984697,0,2270,0,0,0,0,0,0,0,0,0,0,0,0.987709,0.00025798,0.987703,0.987703,0.987703,0.987703,0.987703,0,0,0,0,0,0,0,0,0.987703,0.987703,0,0,0,0,65,0.987892,0.987703,0.987703,0,0,76,0,0,0,0,0,0,134.37,-28.764,28.3493,157.21,190.81,0,0,0,0,0
neuromorpho__M1KO_37.swc,658,pyramidal,0.987138,140,517,0,0,0,0,0,0.00206506,0,0,0,0,0,0.948888,0.0660726,0.77551,0.783893,0.806755,0.940273,0.987703,0,0,0,0.0759878,0.153495,0.940273,0.940273,0,0.951122,0.80313,0,0,0,0,64,0.943925,0.77551,0.804083,0,0.09375,22,0,64.81,-12.3547,13.9225,98.55,79.41,105.1,-19.106,22.6013,165.39,191.88,0,0,0,0,0
neuromorpho__M1KO_4.swc,760,pyramidal,0.957295,0,759,0,0,0,0,0,0,0,0,0,0,0,0.987719,0.000445757,0.987703,0.987703,0.987703,0.987703,0.987703,0,0,0,0,0,0,0,0,0.987703,0.987703,0,0,0,0,59,0.987912,0.987703,0.987703,0,0,27.2,0,0,0,0,0,0,126.33,-21.3977,27.4988,197.67,200.35,0,0,0,0,0
neuromorpho__M1KO_41.swc,624,pyramidal,0.993216,0,623,0,0,0,0,0,0,0,0,0,0,0,0.987723,0.00049187,0.987703,0.987703,0.987703,0.987703,0.987703,0,0,0,0,0,0,0,0,0.987703,0.987703,0,0,0,0,53,0.987935,0.987703,0.987703,0,0,22.8,0,0,0,0,0,0,134.95,-25.3341,26.006,146.98,180.51,0,0,0,0,0
neuromorpho__M1KO_46.swc,428,pyramidal,0.984112,0,427,0,0,0,0,0,0,0,0,0,0,0,0.987732,0.000593692,0.987703,0.987703,0.987703,0.987703,0.987703,0,0,0,0,0,0,0,0,0.987703,0.987703,0,0,0,0,52,0.98794,0.987703,0.987703,0,0,18,0,0,0,0,0,0,95.87,-9.8685,18.5858,128.67,163.69,0,0,0,0,0
neuromorpho__M1KO_5.swc,967,pyramidal,0.990481,0,966,0,0,0,0,0,0,0,0,0,0,0,0.987716,0.000395233,0.987703,0.987703,0.987703,0.987703,0.987703,0,0,0,0,0,0,0,0,0.987703,0.987703,0,0,0,0,79,0.987859,0.987703,0.987703,0,0,26.2,0,0,0,0,0,0,142.54,-26.0712,31.6538,226.82,289.7,0,0,0,0,0
neuromorpho__M1KO_9.swc,844,pyramidal,0.995659,0,843,0,0,0,0,0,0,0,0,0,0,0,0.987718,0.000423021,0.987703,0.987703,0.987703,0.987703,0.987703,0,0,0,0,0,0,0,0,0.987703,0.987703,0,0,0,0,63,0.987898,0.987703,0.987703,0,0,30.4,0,0,0,0,0,0,118.29,-14.2024,22.6381,192.65,232.52,0,0,0,0,0
neuromorpho__M1S3S2T-d-sup.swc,358,pyramidal,0.89972,0,172,185,0,0,0,0,0,0,0,0,0,0,0.783278,0.200625,0.467069,0.520873,0.546275,0.601682,0.641794,0.0195531,0.251397,0.51676,0.51676,0.51676,0,0,0,0.987703,0.987703,0,0.592047,0.520873,1,47,0.792997,0.467069,0.530747,0.489362,0.489362,14,0,0,0,0,0,0,40.76,-5.96035,10.0101,119.57,78.3,74.65,-6.72973,15.1994,135.37,186.19
neuromorpho__M1_13.swc,1874,pyramidal,0.990278,0,1873,0,0,0,0,0,0,0,0,0,0,0,0.98771,0.000283982,0.987703,0.987703,0.987703,0.987703,0.987703,0,0,0,0,0,0,0,0,0.987703,0.987703,0,0,0,0,57,0.987919,0.987703,0.987703,0,0,70.2,0,0,0,0,0,0,115.28,-31.2505,24.2251,196.18,198.67,0,0,0,0,0
neuromorpho__M1_19.swc,2255,pyramidal,0.973613,0,2254,0,0,0,0,0,0,0,0,0,0,0,0.987709,0.000258894,0.987703,0.987703,0.987703,0.987703,0.987703,0,0,0,0,0,0,0,0,0.987703,0.987703,0,0,0,0,65,0.987892,0.987703,0.987703,0,0,72.6,0,0,0,0,0,0,130.11,-19.4753,21.847,203.27,282.85,0,0,0,0,0
neuromorpho__M1_27.swc,3519,pyramidal,0.950016,0,3518,0,0,0,0,0,0,0,0,0,0,0,0.987707,0.000207262,0.987703,0.987703,0.987703,0.987703,0.987703,0,0,0,0,0,0,0,0,0.987703,0.987703,0,0,0,0,69,0.987881,0.987703,0.987703,0,0,108.2,0,0,0,0,0,0,139.94,-40.0258,29.8368,237.48,303.67,0,0,0,0,0
neuromorpho__M1_28.swc,2176,pyramidal,0.982795,0,2175,0,0,0,0,0,0,0,0,0,0,0,0.987709,0.000263549,0.987703,0.987703,0.987703,0.987703,0.987703,0,0,0,0,0,0,0,0,0.987703,0.987703,0,0,0,0,57,0.987919,0.987703,0.987703,0,0,83.2,0,0,0,0,0,0,90.75,-18.0337,17.8287,181.35,183.14,0,0,0,0,0
neuromorpho__M1_3.swc,2841,pyramidal,0.972126,0,2840,0,0,0,0,0,0,0,0,0,0,0,0.969061,0.0438264,0.3,0.894429,0.909588,0.987681,0.987703,0.00175994,0.00175994,0.00175994,0.00175994,0.0746216,0,0,0,0.96905,0.909588,0.00176056,0,0,0,62,0.962189,0.3,0.900749,0,0,97.9,0,0,0,0,0,0,123.6,-27.3457,22.5909,253.73,321.28,0,0,0,0,0
neuromorpho__M1_48.swc,711,pyramidal,0.993598,0,710,0,0,0,0,0,0,0,0,0,0,0,0.987721,0.00046084,0.987703,0.987703,0.987703,0.987703,0.987703,0,0,0,0,0,0,0,0,0.987703,0.987703,0,0,0,0,50,0.987949,0.987703,0.987703,0,0,31,0,0,0,0,0,0,129.65,-26.2185,27.2814,178.99,253.84,0,0,0,0,0
neuromorpho__M1_8.swc,763,pyramidal,0.946616,0,762,0,0,0,0,0,0,0,0,0,0,0,0.987706,0.000456391,0.986572,0.987693,0.987693,0.987693,0.987703,0,0,0,0,0,0,0,0,0.98769,0.987693,0,0,0,0,44,0.987953,0.986572,0.987693,0,0,31.7,0,0,0,0,0,0,142.99,-45.7075,33.0383,197.14,273.99,0,0,0,0,0
neuromorpho__M282Ecel1.swc,1353,interneuron,0.981413,0,1352,0,0,0,0,0,0,0,0,0,0,0,0.902447,0.242011,0.3,0.3,0.3,0.999666,0.999666,0.13895,0.13895,0.13895,0.13895,0.13895,0,0,0,0.902375,0.3,0.139053,0,0,0,10,0.961508,0.3,0.850637,0,0.1,309.5,0,0,0,0,0,0,22.96,-4.28798,5.24862,56.94,503.74,0,0,0,0,0
neuromorpho__M2KO_12.swc,879,pyramidal,0.991507,0,878,0,0,0,0,0,0,0,0,0,0,0,0.987717,0.000414524,0.987703,0.987703,0.987703,0.987703,0.987703,0,0,0,0,0,0,0,0,0.987703,0.987703,0,0,0,0,56,0.987923,0.987703,0.987703,0,0,36.5,0,0,0,0,0,0,59.95,-5.56214,11.3199,192.52,214.98,0,0,0,0,0
neuromorpho__M2KO_16.swc,857,pyramidal,0.992391,0,856,0,0,0,0,0,0,0,0,0,0,0,0.987718,0.000419804,0.987703,0.987703,0.987703,0.987703,0.987703,0,0,0,0,0,0,0,0,0.987703,0.987703,0,0,0,0,50,0.987949,0.987703,0.987703,0,0,35.6,0,0,0,0,0,0,76.63,-16.6824,16.7694,192,179.97,0,0,0,0,0
neuromorpho__M2KO_21.swc,1462,pyramidal,0.986587,0,1461,0,0,0,0,0,0,0,0,0,0,0,0.987712,0.000321491,0.987703,0.987703,0.987703,0.987703,0.987703,0,0,0,0,0,0,0,0,0.987703,0.987703,0,0,0,0,69,0.987881,0.987703,0.987703,0,0,42,0,0,0,0,0,0,77.72,-18.9466,16.1678,184.42,208.27,0,0,0,0,0
neuromorpho__M2KO_24.swc,759,pyramidal,0.992619,0,758,0,0,0,0,0,0,0,0,0,0,0,0.987719,0.00044605,0.987703,0.987703,0.987703,0.987703,0.987703,0,0,0,0,0,0,0,0,0.987703,0.987703,0,0,0,0,63,0.987898,0.987703,0.987703,0,0,26.8,0,0,0,0,0,0,46.48,0.0044591,8.30519,191.74,217.57,0,0,0,0,0
neuromorpho__M2KO_28.swc,1015,pyramidal,0.988677,0,1014,0,0,0,0,0,0,0,0,0,0,0,0.987715,0.000385784,0.987703,0.987703,0.987703,0.987703,0.987703,0,0,0,0,0,0,0,0,0.987703,0.987703,0,0,0,0,69,0.987881,0.987703,0.987703,0,0,32.8,0,0,0,0,0,0,75.56,-15.5803,17.0661,237.72,235.72,0,0,0,0,0
neuromorpho__M2KO_3.swc,1179,pyramidal,0.985159,0,1178,0,0,0,0,0,0,0,0,0,0,0,0.987714,0.000357973,0.987703,0.987703,0.987703,0.987703,0.987703,0,0,0,0,0,0,0,0,0.987703,0.987703,0,0,0,0,56,0.987923,0.987703,0.987703,0,0,40.5,0,0,0,0,0,0,59.65,-5.39065,12.4534,192.47,203.71,0,0,0,0,0
neuromorpho__M2KO_31.swc,1090,pyramidal,0.957225,0,1089,0,0,0,0,0,0,0,0,0,0,0,0.987715,0.000372287,0.987703,0.987703,0.987703,0.987703,0.987703,0,0,0,0,0,0,0,0,0.987703,0.987703,0,0,0,0,43,0.987989,0.987703,0.987703,0,0,53.8,0,0,0,0,0,0,68.62,-10.6359,14.7175,184.89,201.1,0,0,0,0,0
neuromorpho__M2KO_32.swc,606,pyramidal,0.993706,0,605,0,0,0,0,0,0,0,0,0,0,0,0.987724,0.00049911,0.987703,0.987703,0.987703,0.987703,0.987703,0,0,0,0,0,0,0,0,0.987703,0.987703,0,0,0,0,47,0.987965,0.987703,0.987703,0,0,28.4,0,0,0,0,0,0,59.98,-5.99871,11.391,208.85,219.86,0,0,0,0,0
neuromorpho__M2KO_6.swc,1291,pyramidal,0.985457,0,1290,0,0,0,0,0,0,0,0,0,0,0,0.987713,0.000342105,0.987703,0.987703,0.987703,0.987703,0.987703,0,0,0,0,0,0,0,0,0.987703,0.987703,0,0,0,0,75,0.987867,0.987703,0.987703,0,0,36,0,0,0,0,0,0,75.3,-6.47836,11.3173,175.74,190.25,0,0,0,0,0
neuromorpho__M2KO_9.swc,723,pyramidal,0.986784,0,722,0,0,0,0,0,0,0,0,0,0,0,0.98772,0.000457005,0.987703,0.987703,0.987703,0.987703,0.987703,0,0,0,0,0,0,0,0,0.987703,0.987703,0,0,0,0,53,0.987935,0.987703,0.987703,0,0,31,0,0,0,0,0,0,52.22,-4.35457,10.6971,213.31,219.96,0,0,0,0,0
neuromorpho__M2_10.swc,899,pyramidal,0.99452,0,898,0,0,0,0,0,0,0,0,0,0,0,0.987717,0.000409892,0.987703,0.987703,0.987703,0.987703,0.987703,0,0,0,0,0,0,0,0,0.987703,0.987703,0,0,0,0,62,0.987902,0.987703,0.987703,0,0,30,0,0,0,0,0,0,88.91,-20.1134,20.0491,211.53,227.13,0,0,0,0,0
neuromorpho__M2_13.swc,982,pyramidal,0.994871,0,981,0,0,0,0,0,0,0,0,0,0,0,0.987716,0.000392206,0.987703,0.987703,0.987703,0.987703,0.987703,0,0,0,0,0,0,0,0,0.987703,0.987703,0,0,0,0,65,0.987892,0.987703,0.987703,0,0,30,0,0,0,0,0,0,73.76,-20.3198,18.4656,217.15,249.75,0,0,0,0,0
neuromorpho__M2_16.swc,641,pyramidal,0.994714,0,640,0,0,0,0,0,0,0,0,0,0,0,0.987722,0.000485314,0.987703,0.987703,0.987703,0.987703,0.987703,0,0,0,0,0,0,0,0,0.987703,0.987703,0,0,0,0,40,0.988011,0.987703,0.987703,0,0,39.4,0,0,0,0,0,0,75.28,-20.1294,18.1165,192.38,233.82,0,0,0,0,0
neuromorpho__M2_19.swc,1399,pyramidal,0.995086,0,1398,0,0,0,0,0,0,0,0,0,0,0,0.987712,0.000328645,0.987703,0.987703,0.987703,0.987703,0.987703,0,0,0,0,0,0,0,0,0.987703,0.987703,0,0,0,0,79,0.987859,0.987703,0.987703,0,0,43.2,0,0,0,0,0,0,55.56,-9.51886,11.7351,213.93,252.85,0,0,0,0,0
neuromorpho__M2_2.swc,781,pyramidal,0.994586,0,780,0,0,0,0,0,0,0,0,0,0,0,0.987719,0.000439731,0.987703,0.987703,0.987703,0.987703,0.987703,0,0,0,0,0,0,0,0,0.987703,0.987703,0,0,0,0,45,0.987976,0.987703,0.987703,0,0,40.2,0,0,0,0,0,0,78.74,-16.9958,19.2361,176.49,244.99,0,0,0,0,0
neuromorpho__M2_34.swc,889,pyramidal,0.990729,0,888,0,0,0,0,0,0,0,0,0,0,0,0.987717,0.000412188,0.987703,0.987703,0.987703,0.987703,0.987703,0,0,0,0,0,0,0,0,0.987703,0.987703,0,0,0,0,61,0.987905,0.987703,0.987703,0,0,31,0,0,0,0,0,0,79.84,-12.1051,17.8756,204.87,240.03,0,0,0,0,0
neuromorpho__M2_35.swc,1153,pyramidal,0.994483,0,1152,0,0,0,0,0,0,0,0,0,0,0,0.987714,0.000361983,0.987703,0.987703,0.987703,0.987703,0.987703,0,0,0,0,0,0,0,0,0.987703,0.987703,0,0,0,0,59,0.987912,0.987703,0.987703,0,0,40,0,0,0,0,0,0,74.37,-18.8564,17.5806,180.74,210.36,0,0,0,0,0
neuromorpho__M2_38.swc,659,pyramidal,0.990494,0,658,0,0,0,0,0,0,0,0,0,0,0,0.987722,0.00047865,0.987703,0.987703,0.987703,0.987703,0.987703,0,0,0,0,0,0,0,0,0.987703,0.987703,0,0,0,0,50,0.987949,0.987703,0.987703,0,0,27.1,0,0,0,0,0,0,71.03,-9.94938,13.5161,190.6,263.99,0,0,0,0,0
neuromorpho__M2_4.swc,691,pyramidal,0.993635,0,690,0,0,0,0,0,0,0,0,0,0,0,0.987721,0.000467452,0.987703,0.987703,0.987703,0.987703,0.987703,0,0,0,0,0,0,0,0,0.987703,0.987703,0,0,0,0,45,0.987976,0.987703,0.987703,0,0,36.8,0,0,0,0,0,0,80.87,-19.0701,15.4508,180.57,208.1,0,0,0,0,0
neuromorpho__M2_40.swc,716,pyramidal,0.996495,0,715,0,0,0,0,0,0,0,0,0,0,0,0.98772,0.000459231,0.987703,0.987703,0.987703,0.987703,0.987703,0,0,0,0,0,0,0,0,0.987703,0.987703,0,0,0,0,48,0.987959,0.987703,0.987703,0,0,34,0,0,0,0,0,0,69.38,-8.7812,14.4432,171.17,238.07,0,0,0,0,0
neuromorpho__M2_47.swc,789,pyramidal,0.990186,0,788,0,0,0,0,0,0,0,0,0,0,0,0.987719,0.000437499,0.987703,0.987703,0.987703,0.987703,0.987703,0,0,0,0,0,0,0,0,0.987703,0.987703,0,0,0,0,41,0.988003,0.987703,0.987703,0,0,42,0,0,0,0,0,0,68.9,-13.3342,16.8431,186,236.94,0,0,0,0,0
neuromorpho__M2_53.swc,1124,pyramidal,0.995592,0,1123,0,0,0,0,0,0,0,0,0,0,0,0.987714,0.000366619,0.987703,0.987703,0.987703,0.987703,0.987703,0,0,0,0,0,0,0,0,0.987703,0.987703,0,0,0,0,65,0.987892,0.987703,0.987703,0,0,39,0,0,0,0,0,0,68.01,-16.3372,16.2531,192.85,230.22,0,0,0,0,0
neuromorpho__M2_54.swc,810,pyramidal,0.994292,0,809,0,0,0,0,0,0,0,0,0,0,0,0.987718,0.000431797,0.987703,0.987703,0.987703,0.987703,0.987703,0,0,0,0,0,0,0,0,0.987703,0.987703,0,0,0,0,59,0.987912,0.987703,0.987703,0,0,31.4,0,0,0,0,0,0,62.84,-7.9989,11.5681,176.49,205.97,0,0,0,0,0
neuromorpho__M2_58.swc,992,pyramidal,0.994225,0,991,0,0,0,0,0,0,0,0,0,0,0,0.987716,0.000390226,0.987703,0.987703,0.987703,0.987703,0.987703,0,0,0,0,0,0,0,0,0.987703,0.987703,0,0,0,0,68,0.987884,0.987703,0.987703,0,0,28,0,0,0,0,0,0,61.63,-17.7828,13.7126,230.65,262.62,0,0,0,0,0
neuromorpho__M2_6.swc,1064,pyramidal,0.994369,0,1063,0,0,0,0,0,0,0,0,0,0,0,0.987715,0.000376804,0.987703,0.987703,0.987703,0.987703,0.987703,0,0,0,0,0,0,0,0,0.987703,0.987703,0,0,0,0,62,0.987902,0.987703,0.987703,0,0,35.9,0,0,0,0,0,0,65.42,-11.2315,12.7651,255.38,277.1,0,0,0,0,0
neuromorpho__M2_66.swc,1055,pyramidal,0.996153,0,1054,0,0,0,0,0,0,0,0,0,0,0,0.987715,0.000378407,0.987703,0.987703,0.987703,0.987703,0.987703,0,0,0,0,0,0,0,0,0.987703,0.987703,0,0,0,0,82,0.987853,0.987703,0.987703,0,0,27,0,0,0,0,0,0,68.61,-15.8918,15.9895,219.7,241.56,0,0,0,0,0
neuromorpho__M2_69.swc,573,pyramidal,0.987976,0,572,0,0,0,0,0,0,0,0,0,0,0,0.987725,0.000513256,0.987703,0.987703,0.987703,0.987703,0.987703,0,0,0,0,0,0,0,0,0.987703,0.987703,0,0,0,0,30,0.988113,0.987703,0.987703,0,0,49,0,0,0,0,0,0,55.88,-12.2352,12.9317,163.28,191.63,0,0,0,0,0
neuromorpho__M69_PGN_2.swc,477,interneuron,0.988412,0,476,0,0,0,0,0,0,0,0,0,0,0,0.907963,0.00599008,0.842232,0.908046,0.908046,0.908046,0.908046,0,0,0,0,0.00419287,0,0,0,0.907769,0.908046,0,0,0,0,84,0.908357,0.842232,0.908046,0,0,13,0,0,0,0,0,0,66.57,-4.18987,14.6305,86.09,100.59,0,0,0,0,0
neuromorpho__M720Ecel1.swc,3105,interneuron,0.89246,0,3104,0,0,0,0,0,0,0,0,0,0,0,0.800515,0.302805,0.3,0.3,0.3,0.3,0.971335,0.267633,0.267633,0.267633,0.267633,0.267633,0,0,0,0.80045,0.3,0.267719,0,0,0,27,0.889462,0.3,0.61513,0.185185,0.185185,300,0,0,0,0,0,0,54,-8.30175,12.3502,134.04,698.27,0,0,0,0,0
neuromorpho__M722Ecel1.swc,876,interneuron,0.953348,0,875,0,0,0,0,0,0,0,0,0,0,0,0.999666,1.12752e-05,0.999666,0.999666,0.999666,0.999666,0.999666,0,0,0,0,0,0,0,0,0.999666,0.999666,0,0,0,0,15,0.999688,0.999666,0.999666,0,0,138.6,0,0,0,0,0,0,57,4.52999,9.35818,65.15,349.62,0,0,0,0,0
neuromorpho__MAM02_Neuron1_CA1_PN_D_Slide3_R1_C2.swc,202,pyramidal,0.917426,0,0,201,0,0,0,0,0,0,0,0,0,0,0.982233,0.00125317,0.982145,0.982145,0.982145,0.982145,0.982145,0,0,0,0,0,0,0,0,0,0,0,0.982145,0.982145,0,24,0.982889,0.982145,0.982145,0,0,16.1,0,0,0,0,0,0,0,0,0,0,0,50.88,-18.0951,10.2644,186.84,280.82
neuromorpho__MAM02_Neuron3_CA1_PN_D_Slide3_R2_C2.swc,391,pyramidal,0.939042,0,0,390,0,0,0,0,0,0,0,0,0,0,0.981975,0.000947671,0.981474,0.981639,0.981639,0.981639,0.982145,0,0,0,0,0,0,0,0,0,0,0,0.981929,0.981639,0,58,0.98223,0.981474,0.981639,0,0,11.3,0,0,0,0,0,0,0,0,0,0,0,61.5,32.2745,16.8238,268.91,331.99
neuromorpho__MAM02_Neuron4_CA1_PN_D_Slide4_R1_C1_40x.swc,468,pyramidal,0.988,0,0,467,0,0,0,0,0,0,0,0,0,0,0.982183,0.000824471,0.982145,0.982145,0.982145,0.982145,0.982145,0,0,0,0,0,0,0,0,0,0,0,0.982145,0.982145,0,52,0.982488,0.982145,0.982145,0,0,20,0,0,0,0,0,0,0,0,0,0,0,141.24,-3.91692,22.9246,193.86,384.96
neuromorpho__M_F_10.swc,18607,interneuron,0.993396,15369,3237,0,0,0,0,0,0,0,0,0,0,0,0.961941,0.158169,0.3,0.3,0.999666,0.999757,0.999757,0.0540119,0.0540119,0.0540119,0.0540119,0.0540119,0.958682,0.999757,0.0586896,0.977403,0.999666,0.0318196,0,0,0,441,0.969005,0.3,0.999666,0.0408163,0.0430839,91,7.51268,468.11,-33.0642,68.1428,345.05,425.74,315.44,-0.589426,57.0768,226.77,517.59,0,0,0,0,0
neuromorpho__M_F_7.swc,16279,interneuron,0.994472,12994,3284,0,0,0,0,0,0,0,0,0,0,0,0.955524,0.167538,0.3,0.3,0.980046,0.999666,0.999757,0.0612445,0.0612445,0.0612445,0.0612445,0.0612445,0.998048,0.999757,0,0.787252,0.3,0.303593,0,0,0,605,0.968993,0.3,0.980564,0.0396694,0.0429752,57,4.38188,294.48,-43.8387,48.5462,417.44,484.02,309.32,-33.8357,45.7847,323.59,619.56,0,0,0,0,0
neuromorpho__Miro1KO250716S1C120X.swc,3007,interneuron,0.994658,2586,420,0,0,0,0,0,0,0,0,0,0,0,0.968457,0.131891,0.3,0.969809,0.969809,0.999555,0.999757,0.0372464,0.0372464,0.0372464,0.0372464,0.0372464,0.993794,0.972519,0,0.812381,0.3,0.266667,0,0,0,768,0.969764,0.3,0.970877,0.0351562,0.0351562,8,0.743333,82.99,2.33263,17.1625,536.29,459.7,80.94,-8.1004,13.5704,468.61,666.14,0,0,0,0,0
neuromorpho__Miro1KO250916S1C120X.swc,6148,interneuron,0.995694,5335,812,0,0,0,0,0,0,0,0,0,0,0,0.967693,0.0835328,0.3,0.969809,0.969809,0.969809,0.972519,0.0151269,0.0151269,0.0151269,0.0151269,0.0151269,0.974755,0.969809,0.000374883,0.921255,0.3,0.112069,0,0,0,1071,0.972715,0.3,0.969809,0.00560224,0.00746965,13,0.1,150,-25.7415,31.5914,611.21,365.38,89.22,-5.76993,16.7572,285.17,618.81,0,0,0,0,0
neuromorpho__Miro1WT081016SL2S2C120X.swc,8516,interneuron,0.996818,7776,739,0,0,0,0,0,0,0,0,0,0,0,0.973134,0.0852429,0.3,0.759067,0.969809,0.999757,0.999757,0.00434476,0.00528417,0.0170268,0.0846642,0.0881869,0.991795,0.980369,0.0108025,0.776739,0.714286,0.082544,0,0,0,894,0.97053,0.3,0.902923,0.0178971,0.0883669,24,1.8,104.99,-6.30746,26.6137,721.78,534.23,94.79,-18.9572,18.9642,452.47,653.39,0,0,0,0,0
neuromorpho__Mouse-CA2-Ma-Pyramidal-Cell-1.swc,1391,pyramidal,0.978029,0,343,1047,0,0,0,0,0,0,0,0,0,0,0.982544,0.0260142,0.3,0.982145,0.982145,0.982145,0.982145,0.00143781,0.00143781,0.00143781,0.00143781,0.00143781,0,0,0,0.987703,0.987703,0,0.980837,0.982145,0.00191022,120,0.983201,0.3,0.982145,0,0,26.2,4.65229,0,0,0,0,0,142.3,-59.4623,34.8304,121.04,265.67,190.35,-34.474,33.7336,280.65,455.42
neuromorpho__Mouse-CA2-Ma-Pyramidal-Cell-2.swc,1671,pyramidal,0.991913,0,507,1163,0,0,0,0,0,0,0,0,0,0,0.983831,0.00259317,0.981639,0.982145,0.982145,0.982145,0.982145,0,0,0,0,0,0,0,0,0.987703,0.987703,0,0.98213,0.982145,0,139,0.983974,0.981639,0.982145,0,0,27.2,-1,0,0,0,0,0,92.77,-4.40588,17.3693,217.26,196.01,154.98,-25.6156,28.9611,255.49,456.25
neuromorpho__Mouse_CA2_Mc_Cell_5.swc,2682,pyramidal,0.714519,0,881,1800,0,0,0,0,0,0,0,0,0,0,0.983308,0.00309528,0.981148,0.981148,0.981148,0.981148,0.981148,0,0,0,0,0,0,0,0,0.987703,0.987703,0,0.981148,0.981148,0,51,0.983446,0.981148,0.981148,0,0,121,0.01,0,0,0,0,0,115.72,-10.5734,28.5138,122.77,112.64,115.57,-7.10915,19.7742,116.11,494.71
neuromorpho__N002.swc,1424,pyramidal,0.980037,573,378,472,0,0,0,0,0,0,0,0,0,0,0.704026,0.336892,0.3,0.3,0.3,0.3,0.981148,0.410112,0.410112,0.410112,0.410112,0.410112,0.34241,0.3,0.938918,0.984065,0.987703,0.00529101,0.918125,0.981148,0.0932203,67,0.948444,0.3,0.981148,0.0597015,0.0597015,30.8,0,307.75,181.136,83.8369,959.73,1527.8,195.65,5.40153,38.0862,311.91,192.15,173.11,-3.37672,26.5092,287.41,541.47
neuromorpho__N010.swc,2115,pyramidal,0.993352,1182,369,563,0,0,0,0,0,0,0,0,0,0,0.576713,0.335103,0.3,0.3,0.3,0.3,0.3,0.593381,0.593381,0.599054,0.599054,0.599054,0.320562,0.3,0.970389,0.977412,0.987703,0.0325203,0.851118,0.3,0.191829,70,0.903303,0.3,0.507879,0.128571,0.128571,35.6,0,1679.71,-309.738,583.835,1030.95,2405.63,210.07,-1.77992,36.7927,227.77,158.17,151.75,5.0475,23.3463,605.75,435.34
neuromorpho__N012.swc,1371,pyramidal,0.980226,754,260,356,0,0,0,0,0,0,0,0,0,0,0.627267,0.342177,0.3,0.3,0.3,0.3,0.3,0.522247,0.522247,0.522247,0.522247,0.522247,0.339601,0.3,0.942971,0.987703,0.987703,0,0.972251,0.981474,0.0140449,53,0.971265,0.3,0.98158,0.0188679,0.0188679,24.8,0,1140.38,-417.092,375.241,893.37,1878.79,216.18,0.882115,43.6323,211.24,104.58,114.01,1.02624,23.7454,252.63,455.95
neuromorpho__N013.swc,2608,pyramidal,0.992349,824,900,883,0,0,0,0,0.0185422,0,0,0,0,0,0.655377,0.336201,0.3,0.3,0.3,0.3,0.907277,0.467791,0.467791,0.486196,0.486196,0.48888,0.338765,0.3,0.944175,0.946514,0.907277,0.0722222,0.6537,0.3,0.481314,121,0.708993,0.3,0.3,0.396694,0.396694,44,0,643.23,448.512,197.644,1083,1138.58,242.43,-22.0695,36.6729,261.42,282.93,212.08,-29.2404,35.996,281,492.17
neuromorpho__N023.swc,7346,pyramidal,0.991061,3156,416,3773,0,0,0,0,0,0,0,0,0,0,0.690762,0.337644,0.3,0.3,0.3,0.3,0.981639,0.427444,0.427444,0.427444,0.427444,0.427444,0.32266,0.3,0.967364,0.983776,0.955029,0,0.966279,0.981639,0.0230586,124,0.951498,0.3,0.981435,0.0403226,0.0403226,88.4,0,1602.04,94.9966,487.68,1333.7,2104.85,132.13,48.6325,35.0211,148.15,102.64,252.54,-9.8834,38.3325,342.5,558.97
neuromorpho__N041.swc,3587,pyramidal,0.928749,0,968,2618,0,0,0,0,0,0,0,0,0,0,0.909088,0.213361,0.3,0.3,0.3,0.982145,0.982145,0.109284,0.109284,0.109284,0.109284,0.109284,0,0,0,0.987703,0.987703,0,0.879985,0.3,0.149733,123,0.938096,0.3,0.974248,0.0650407,0.0650407,73.6,0,0,0,0,0,0,306.75,12.1707,55.5887,261.39,131.59,321.26,15.0992,52.6774,316.83,599.75
neuromorpho__N044.swc,2877,pyramidal,0.967728,0,1409,1467,0,0,0,0,0.0173638,0,0,0,0,0,0.791325,0.298255,0.3,0.3,0.3,0.3,0.981148,0.262079,0.262079,0.296489,0.303441,0.30796,0,0,0,0.975501,0.987703,0.0177431,0.614288,0.3,0.564417,113,0.810198,0.3,0.3,0.247788,0.256637,55.8,0,0,0,0,0,0,308,-0.649219,54.5798,328.42,199.38,336.55,3.61708,64.8437,320.06,568.88
neuromorpho__N050.swc,1907,pyramidal,0.978222,1052,272,582,0,0,0,0,0,0,0,0,0,0,0.577086,0.301188,0.3,0.3,0.3,0.3,0.593936,0.495018,0.515994,0.682748,0.682748,0.683272,0.369856,0.3,0.897338,0.987703,0.987703,0,0.759035,0.608496,0.61512,65,0.82093,0.3,0.599517,0.415385,0.415385,27.2,0,1012.48,406.353,305.317,530.18,1479.21,96.52,10.3705,19.9053,129.16,87.09,170.09,5.63794,26.522,112.3,385.91
neuromorpho__N051.swc,2110,pyramidal,0.970788,1149,246,714,0,0,0,0,0.000840509,0,0,0,0,0,0.631272,0.339307,0.3,0.3,0.3,0.3,0.3,0.510427,0.510427,0.510427,0.521327,0.521327,0.343514,0.3,0.937337,0.987703,0.987703,0,0.971026,0.981024,0,56,0.949503,0.3,0.945595,0.0178571,0.0892857,37,0,1247.46,519.835,371.698,1086.8,1803.48,109.87,2.27321,26.8458,129.63,72.25,86.68,-5.21092,14.6722,126.25,442.18
neuromorpho__N054.swc,6634,pyramidal,0.989962,2818,1857,1958,0,0,0,0,0.000619577,0,0,0,0,0,0.701546,0.337373,0.3,0.3,0.3,0.3,0.982145,0.413778,0.413778,0.413778,0.413778,0.413778,0.33918,0.3,0.943577,0.98156,0.987703,0.00861605,0.95735,0.982145,0.0357508,150,0.941058,0.3,0.947024,0.06,0.06,65.2,0,1269.12,483.195,366.469,2348.99,2834.57,326.46,24.3526,61.9468,352.78,177.07,295.5,8.45298,56.9413,422.57,586.98
neuromorpho__N055.swc,4788,pyramidal,0.989047,3260,670,857,0,0,0,0,0,0,0,0,0,0,0.528752,0.322632,0.3,0.3,0.3,0.3,0.3,0.665414,0.665414,0.665414,0.665414,0.665414,0.321513,0.3,0.969018,0.972944,0.987703,0.0164179,0.969265,0.981639,0.0186698,83,0.891483,0.3,0.3,0.13253,0.13253,86.8,0,1667.25,258.59,437.457,1363.55,2440.71,211.13,-0.848358,41.3265,259.17,135.41,187.34,7.27554,37.075,287.43,580.7
neuromorpho__N056.swc,1775,pyramidal,0.840343,164,735,875,0,0,0,0,0.0505778,0,0,0,0,0,0.861541,0.201431,0.3,0.3,0.615933,0.77895,0.981687,0.0828169,0.0828169,0.135211,0.36338,0.36507,0.58369,0.3,0.591463,0.981154,0.987703,0.00952381,0.812985,0.615933,0.155429,62,0.904955,0.3,0.75492,0.0483871,0.322581,57.8,0,52.32,26.3463,13.9638,410.69,135.33,241.11,-19.1252,52.6435,213.72,146.43,230.29,-4.40002,39.139,334.88,302.94
neuromorpho__N057.swc,6488,pyramidal,0.978502,4006,790,1691,0,0,0.260635,0.260635,0.00750237,0,-0.260635,0.260635,0.260635,0,0.517167,0.304946,0.3,0.3,0.3,0.3,0.3,0.647657,0.6623,0.70299,0.722256,0.722256,0.361178,0.3,0.911882,0.979393,0.955675,0.00379747,0.670478,0.3,0.535186,161,0.693365,0.3,0.3,0.521739,0.552795,68,0,2886.14,-648.741,819.902,1559.72,3558.29,261.98,-11.9851,48.6531,286.76,97.07,311.79,-8.11241,44.8144,352.57,615.03
neuromorpho__N060.swc,4272,pyramidal,0.993584,2148,1179,944,0,0,0,0,0,0,0,0,0,0,0.61868,0.342073,0.3,0.3,0.3,0.3,0.3,0.535346,0.535346,0.535346,0.535346,0.535346,0.330065,0.3,0.956704,0.987703,0.987703,0,0.814111,0.3,0.245763,77,0.854107,0.3,0.3,0.194805,0.194805,63.4,0,2463.88,59.5836,697.938,1397.79,1682.67,259.32,-8.37258,56.4943,258.67,157.24,140.21,4.17568,26.5504,241.1,583.07
neuromorpho__N063.swc,3307,pyramidal,0.993168,2115,490,701,0,0,0,0,0,0,0,0,0,0,0.511501,0.312192,0.3,0.3,0.3,0.3,0.3,0.681585,0.681585,0.686725,0.70638,0.70638,0.33053,0.3,0.956028,0.97766,0.987703,0.0346939,0.730967,0.3,0.330956,55,0.744597,0.3,0.3,0.345455,0.418182,190.8,0,1128.19,14.264,359.813,662.18,1316.97,123.85,-7.7931,20.313,140.47,130.89,94.39,-1.93116,16.2729,108.34,479.24
neuromorpho__N066.swc,9070,pyramidal,0.983464,4595,1673,2801,0,0,0,0,0.00303571,0,0,0,0,0,0.560914,0.332861,0.3,0.3,0.3,0.3,0.3,0.619405,0.619405,0.619405,0.619405,0.619405,0.337932,0.3,0.945375,0.98755,0.987703,0,0.671731,0.3,0.454838,177,0.791384,0.3,0.3,0.288136,0.293785,62.8,0,2455.34,496.144,779.068,2868.26,3086.81,266.98,10.06,50.5885,265.67,164.75,342.86,3.95856,55.9673,259.27,647.84
neuromorpho__N079.swc,2625,pyramidal,0.881427,1833,308,483,0,0,0,0,0,0,0,0,0,0,0.505027,0.313903,0.3,0.3,0.3,0.3,0.3,0.700952,0.700952,0.700952,0.700952,0.700952,0.331064,0.3,0.955265,0.987703,0.987703,0,0.8564,0.3,0.184265,58,0.78426,0.3,0.3,0.293103,0.293103,98.5,0,674.97,-158.481,222.704,552.53,1175.16,104.8,-6.50769,23.5553,95.2,80.52,89.2,-1.02474,13.1539,108.04,339.19
neuromorpho__N088.swc,4057,pyramidal,0.97418,1583,521,1952,0,0,0,0,0,0,0,0,0,0,0.663858,0.341174,0.3,0.3,0.3,0.3,0.981148,0.467833,0.467833,0.467833,0.467833,0.467833,0.358776,0.3,0.914719,0.987703,0.987703,0,0.824661,0.3,0.230533,99,0.859938,0.3,0.3,0.181818,0.181818,77.6,0,1453.43,325.807,451.594,823.41,2358,191,16.9982,36.4288,248.4,158.07,162.77,11.4243,30.4999,298.37,651.62
neuromorpho__N093.swc,3317,pyramidal,0.985161,1306,754,1256,0,0,0.384685,0.384685,0.0152859,0,-0.372626,0.372626,0.378655,0.00602954,0.643514,0.341388,0.3,0.3,0.3,0.3,0.95117,0.496834,0.496834,0.496834,0.496834,0.496834,0.324458,0.3,0.964778,0.982791,0.958486,0,0.771313,0.3,0.308917,127,0.792995,0.3,0.3,0.275591,0.275591,44.2,0,1016.07,629.493,331.909,2084.35,2110.59,195.3,4.26638,39.3741,267.14,178.99,179.73,-3.25224,29.6973,234.13,632.2
neuromorpho__N104.swc,2401,pyramidal,0.980959,1566,413,421,0,0,0,0,0,0,0,0,0,0,0.515049,0.317551,0.3,0.3,0.3,0.3,0.3,0.685548,0.685548,0.685548,0.685548,0.685548,0.34035,0.3,0.939974,0.984373,0.987703,0.00484262,0.703323,0.3,0.408551,55,0.747143,0.3,0.3,0.345455,0.345455,55.2,0,1153.56,-512.116,380.727,2193.44,2412.13,190.36,-0.269855,37.8128,192.27,126.19,165.91,-4.09245,28.258,170,480.88
neuromorpho__N105.swc,2138,pyramidal,0.990178,1154,470,513,0,0,0,0,0,0,0,0,0,0,0.630045,0.342323,0.3,0.3,0.3,0.3,0.3,0.518241,0.518241,0.518241,0.518241,0.518241,0.332494,0.3,0.953206,0.975998,0.987703,0.0170213,0.981713,0.981148,0,57,0.9719,0.3,0.981024,0.0175439,0.0175439,39.2,0,2224.55,592.669,719.265,2158.94,2075.34,189.48,-13.7061,38.9405,295.91,129.61,192.04,-29.4639,37.0206,215.23,409.17
neuromorpho__NAS11.swc,2029,interneuron,0.96911,0,2028,0,0,0,0,0,0,0,0,0,0,0,0.915156,0.217834,0.3,0.3,0.3,0.971335,0.999666,0.110892,0.110892,0.110892,0.110892,0.110892,0,0,0,0.915114,0.3,0.110947,0,0,0,101,0.966431,0.3,0.971335,0.049505,0.049505,43,0,0,0,0,0,0,58.08,-25.501,13.9723,142.83,596.44,0,0,0,0,0
neuromorpho__NAS12.swc,1353,interneuron,0.804261,733,619,0,0,0,0,0,0,0,0,0,0,0,0.648026,0.330965,0.3,0.3,0.3,0.3,0.759067,0.466371,0.466371,0.466371,0.545455,0.545455,0.393207,0.3,0.860846,0.949207,0.759067,0,0,0,0,53,0.740927,0.3,0.3,0.320755,0.471698,44.8,0,55.17,-6.13255,11.1945,60.8,610.24,58.57,-1.68952,12.8434,129.09,99.17,0,0,0,0,0
neuromorpho__NGFC_160209_1M.swc,8767,interneuron,0.996864,7229,1537,0,0,0,0,0,0,0,0,0,0,0,0.991116,0.0633794,0.3,0.972519,0.980046,0.999666,0.999757,0.00821262,0.00821262,0.00821262,0.00821262,0.00821262,0.989297,0.980046,0.00995988,0.999666,0.999666,0,0,0,0,387,0.996181,0.3,0.980369,0,0,56.2,0.694762,189.68,-16.0216,40.523,496.78,455.48,130.15,-7.54592,22.9135,167.53,199.5,0,0,0,0,0
neuromorpho__NGFC_160324_1M.swc,25296,interneuron,0.997228,22205,3090,0,0,0,0,0,0,0,0,0,0,0,0.983427,0.102276,0.3,0.980369,0.999555,0.999757,0.999757,0.0218612,0.0218612,0.0218612,0.0218612,0.0218612,0.981167,0.999555,0.0249043,0.999666,0.999666,0,0,0,0,783,0.98436,0.3,0.999555,0.0178799,0.0191571,82,-3.142,187.59,-38.0209,45.6276,318.38,328.28,130.89,6.4652,25.0741,121.12,168.27,0,0,0,0,0
neuromorpho__NICRF09-3.swc,1267,interneuron,0.901053,0,1266,0,0,0,0,0,0,0,0,0,0,0,0.877073,0.26598,0.3,0.3,0.3,0.999666,0.999666,0.175217,0.175217,0.175217,0.175217,0.175217,0,0,0,0.876976,0.3,0.175355,0,0,0,39,0.912892,0.3,0.545864,0.128205,0.128205,51.6,3.9475,0,0,0,0,0,32.99,-3.13463,7.96127,236.09,590.84,0,0,0,0,0
neuromorpho__Ndnf-IRES2-dgCre_Ai14-280611-04-02-02_582654012_m.swc,1786,interneuron,0.554369,0,1785,0,0,0,0,0,0,0,0,0,0,0,0.936234,0.0159233,0.867496,0.934231,0.934231,0.934231,0.941287,0,0,0,0,0.0487122,0,0,0,0.936198,0.934231,0,0,0,0,52,0.939397,0.867496,0.934231,0,0,88.8,0,0,0,0,0,0,29.79,-5.71917,6.93756,282.78,335.79,0,0,0,0,0
neuromorpho__Ndnf-IRES2-dgCre_Ai14-290382-04-01-01_584237322_m.swc,13121,interneuron,0.987603,11632,1488,0,0,0,0,0,0,0,0,0,0,0,0.906311,0.238013,0.3,0.3,0.3,0.999757,0.999757,0.133526,0.133526,0.133526,0.133526,0.133526,0.894361,0.3,0.150619,0.999666,0.999666,0,0,0,0,311,0.95573,0.3,0.890066,0.0482315,0.0771704,108,0,141.1,21.2306,24.861,349.43,602.54,43.35,2.91458,6.88022,110.1,190.81,0,0,0,0,0
neuromorpho__Ndnf-IRES2-dgCre_Ai14-306261-05-02-01_591276334_m.swc,15925,interneuron,0.995582,13056,2868,0,0,0,0,0,0,0,0,0,0,0,0.910484,0.233409,0.3,0.3,0.3,0.999666,0.999757,0.127535,0.127535,0.127535,0.127535,0.127535,0.890887,0.3,0.155561,0.999666,0.999666,0,0,0,0,410,0.948953,0.3,0.997084,0.0682927,0.0780488,90.1,0,145.4,-11.8333,32.251,736.41,568.4,66.26,1.05217,11.3785,250.52,239.14,0,0,0,0,0
neuromorpho__Neuron-1-E-and-I-synapses.swc,38579,pyramidal,0.947984,24425,14153,0,0,0,0,0,0.0167567,0,0,0,0,0,0.961972,0.0205284,0.940273,0.940273,0.940273,0.940273,0.955912,0,0,0,0,0,0.947815,0.940273,0,0.986402,0.987693,0,0,0,0,84,0.963928,0.940273,0.940273,0,0,982.6,1.39584,85.15,-30.5932,16.9939,274.5,364.61,43.86,6.06947,11.6542,245.57,264.95,0,0,0,0,0
neuromorpho__Neuron-10-E-and-I-synapses.swc,40264,pyramidal,0.968252,0,26576,13687,0,0,0,0,0.0346866,0,0,0,0,0,0.985645,0.00310254,0.970184,0.982145,0.982145,0.982145,0.987703,0,0,0,0,0,0,0,0,0.987448,0.987703,0,0.982145,0.982145,0,119,0.985689,0.970184,0.982145,0,0,661.4,-0.184117,0,0,0,0,0,75.82,2.27173,14.6691,208.25,214.82,56.54,1.22807,10.3417,181.28,385.95
neuromorpho__Neuron-3_2_1.swc,2913,pyramidal,0.830779,514,2398,0,0,0,0,0,0.0210626,0,0,0,0,0,0.911485,0.181302,0.3,0.3,0.84621,0.894969,0.987703,0.0758668,0.0758668,0.0758668,0.0758668,0.260213,0.794213,0.3,0.136187,0.936584,0.894969,0.0629691,0,0,0,29,0.957204,0.3,0.853879,0,0.0344828,219.2,0,46.96,46.2897,11.6203,44.06,172.66,130.37,4.09598,24.4851,230.89,251.89,0,0,0,0,0
neuromorpho__Neuron-3_2_2.swc,1575,pyramidal,0.873872,628,946,0,0,0,0,0,0,0,0,0,0,0,0.816538,0.210342,0.504133,0.513045,0.524808,0.572394,0.987681,0,0.39873,0.39873,0.39873,0.39873,0.55921,0.513045,1,0.987171,0.98346,0,0,0,0,23,0.853017,0.504133,0.515741,0.304348,0.304348,137.2,0,124.29,-27.8561,37.6668,148.08,65.27,51.65,8.00042,14.4193,111.31,143.17,0,0,0,0,0
neuromorpho__Neuron-4-E-and-I-synapses.swc,41106,pyramidal,0.973353,7537,17480,16088,0,0,0,0,0.0094759,0,0,0,0,0,0.978914,0.0123677,0.940273,0.955912,0.955912,0.982145,0.982145,0,0,0,0,0,0.954686,0.940273,0,0.986387,0.987703,0,0.982145,0.982145,0,106,0.979213,0.940273,0.955912,0,0,782.5,-0.511379,37.22,-5.02714,6.33175,131.64,211.5,97.18,6.03484,17.263,213.03,218.21,69.23,-12.6815,12.7692,202.36,318.99
neuromorpho__Nos1-CreERT2_Sst-IRES-FlpO_Ai65-243223-04-01-01_537045067_m.swc,2294,interneuron,0.930373,0,2293,0,0,0,0,0,0,0,0,0,0,0,0.984579,0.101141,0.3,0.99793,0.999666,0.999666,0.999666,0.0213601,0.0213601,0.0213601,0.0213601,0.0213601,0,0,0,0.984572,0.999666,0.0213694,0,0,0,48,0.996136,0.3,0.999666,0,0,94.6,0,0,0,0,0,0,82.79,-7.15537,17.5134,191.95,758.32,0,0,0,0,0
neuromorpho__Nos1-CreERT2_Sst-IRES-FlpO_Ai65-271577-05-02-01_601947916_m.swc,12545,interneuron,0.996474,10646,1898,0,0,0,0,0,0,0,0,0,0,0,0.927719,0.212519,0.3,0.3,0.3,0.999666,0.999757,0.10283,0.10283,0.10283,0.10283,0.10283,0.914901,0.3,0.121172,0.999577,0.999666,0,0,0,0,317,0.968565,0.3,0.999666,0.044164,0.044164,94.4,0,150.22,11.9289,30.3693,595.26,904.18,72.93,12.0364,12.3463,318.29,350.83,0,0,0,0,0
neuromorpho__Nos1-CreERT2_Sst-IRES-FlpO_Ai65-315002-02-02-01_614431995_m.swc,16690,interneuron,0.990689,15544,1145,0,0,0,0,0,0,0,0,0,0,0,0.855647,0.278764,0.3,0.3,0.3,0.969809,0.999757,0.1997,0.1997,0.201558,0.208029,0.208029,0.847199,0.3,0.214231,0.9702,0.971335,0.0296943,0,0,0,305,0.921383,0.3,0.678599,0.108197,0.140984,132.2,0,184.59,29.189,31.1726,519.04,761.11,86.66,0.402742,23.1887,163.28,434.33,0,0,0,0,0
neuromorpho__Nov3ir2fo-stitch.swc,2253,pyramidal,0.902306,0,1512,740,0,0,0,0,0,0,0,0,0,0,0.965495,0.11654,0.3,0.981639,0.981639,0.982145,0.987703,0.0297381,0.0297381,0.0297381,0.0297381,0.0297381,0,0,0,0.987703,0.987703,0,0.920072,0.981639,0.0905405,69,0.98308,0.3,0.981639,0,0.0144928,74,6.62565,0,0,0,0,0,73.13,-14.0619,15.4724,251.31,263.09,63.6,-15.0547,12.0097,386.94,211.77
neuromorpho__OLM-P-02-03-2011_Z04.swc,14317,interneuron,0.989797,10199,4117,0,0,0,0,0,0,0,0,0,0,0,0.451742,0.288347,0.3,0.3,0.3,0.3,0.3,0.783125,0.783125,0.783125,0.783125,0.783125,0.315094,0.3,0.978429,0.790123,0.3,0.29949,0,0,0,239,0.450872,0.3,0.3,0.786611,0.790795,154.4,0,88.2,31.3831,25.3967,973.71,918.89,86.23,16.1094,22.829,348.86,983.29,0,0,0,0,0
neuromorpho__OLM-S-25-10-2010_Z02.swc,16850,interneuron,0.983487,10627,6222,0,0,0,0,0,0,0,0,0,0,0,0.49242,0.312418,0.3,0.3,0.3,0.3,0.3,0.724985,0.724985,0.724985,0.724985,0.724985,0.315013,0.3,0.978545,0.795344,0.3,0.292028,0,0,0,219,0.492131,0.3,0.3,0.721461,0.726027,199.2,0,140.97,29.7102,30.1503,1197.93,742.56,137.97,41.4339,37.0818,240.52,925.78,0,0,0,0,0
neuromorpho__Oct9-IR3-4fo.swc,1523,pyramidal,0.992985,0,557,965,0,0,0,0,0,0,0,0,0,0,0.981011,0.0463554,0.3,0.982145,0.982145,0.982145,0.982145,0.00459619,0.00459619,0.00459619,0.00459619,0.00459619,0,0,0,0.980295,0.987703,0.010772,0.981404,0.982145,0.00103627,80,0.983247,0.3,0.982145,0,0,44.1,0,0,0,0,0,0,96.34,10.9261,17.9931,338.73,266.47,120.58,15.3421,20.141,328.18,527.47
neuromorpho__Oct9IR2q-40x.swc,9125,pyramidal,0.982512,0,4833,4291,0,0,0,0,0,0,0,0,0,0,0.956561,0.136526,0.3,0.970665,0.982145,0.982145,0.987703,0.0414247,0.0414247,0.0414247,0.0414247,0.0414247,0,0,0,0.987189,0.987703,0,0.922054,0.982145,0.0880914,153,0.96403,0.3,0.982145,0.0261438,0.0326797,138.8,0,0,0,0,0,0,75.89,7.39666,14.5189,318.33,275.21,77.41,2.94675,13.6569,264.26,580.34
neuromorpho__Oxtr-2A-Cre_Ai14-293839-02-02-02_623439672_m.swc,20196,interneuron,0.99662,18023,2172,0,0,0,0,0,0,0,0,0,0,0,0.972152,0.135806,0.3,0.999666,0.999666,0.999757,0.999757,0.0392157,0.0392157,0.0392157,0.0392157,0.0392157,0.97229,0.999757,0.0390057,0.970997,0.999666,0.0409761,0,0,0,539,0.984011,0.3,0.999666,0.0185529,0.0222635,87.2,0,117.97,-23.0997,24.0828,489.75,512.17,47.52,-3.28162,8.69731,193.65,360.53,0,0,0,0,0
neuromorpho__Oxtr-2A-Cre_Ai14-293839-06-01-01_599474816_m.swc,17421,interneuron,0.996723,15906,1514,0,0,0,0,0,0,0,0,0,0,0,0.999698,0.00109022,0.969809,0.999666,0.999757,0.999757,0.999757,0,0,0,0,0,0.999711,0.999757,0,0.999554,0.999666,0,0,0,0,819,0.999605,0.969809,0.999666,0,0,45,0,95.15,10.5077,14.097,562.04,469.76,38.95,10.1824,8.50478,153.6,167.2,0,0,0,0,0
neuromorpho__Oxtr-T2A-Cre_Ai14-309030-05-02-01_658232461_m.swc,16602,interneuron,0.99731,14487,2114,0,0,0,0,0,0,0,0,0,0,0,0.997934,0.0355657,0.3,0.999666,0.999666,0.999757,0.999757,0.00259005,0.00259005,0.00259005,0.00259005,0.00259005,0.999757,0.999757,0,0.985434,0.999666,0.0203406,0,0,0,777,0.99956,0.3,0.999757,0,0,47,0,97.45,-18.7575,21.6237,515.76,429.57,117.43,-16.5131,24.7278,201.18,385.85,0,0,0,0,0
neuromorpho__P111102-05-horiz-AAC.swc,1851,interneuron,0.384242,0,1850,0,0,0,0,0,0,0,0,0,0,0,0.873305,0.173283,0.3,0.3,0.894489,0.91637,0.932047,0.0831983,0.0831983,0.0831983,0.0831983,0.190167,0,0,0,0.873237,0.894489,0.0832432,0,0,0,59,0.903903,0.3,0.894489,0.0508475,0.0508475,81.2,15,0,0,0,0,0,138,-8.61563,28.4583,250.37,621.67,0,0,0,0,0
neuromorpho__P111106-02-BC.swc,2443,interneuron,0.545269,0,2442,0,0,0,0,0,0,0,0,0,0,0,0.888127,0.174192,0.3,0.3,0.936907,0.936907,0.940123,0.0806386,0.0806386,0.0806386,0.0806386,0.0806386,0,0,0,0.888081,0.936907,0.0806716,0,0,0,73,0.899713,0.3,0.887205,0.0547945,0.0684932,70.4,-15,0,0,0,0,0,132,-37.4679,37.1915,576.61,560.7,0,0,0,0,0
neuromorpho__P111123-01-AAC.swc,2647,interneuron,0.968495,144,2502,0,0,0,0,0,0,0,0,0,0,0,0.883143,0.258784,0.3,0.3,0.3,0.999666,0.999666,0.164337,0.164337,0.164337,0.164337,0.164337,0.582612,0.3,0.555556,0.900393,0.3,0.141886,0,0,0,76,0.883509,0.3,0.3,0.171053,0.184211,79.5,3,18,-3.66667,5.10446,66.71,287.08,90,-7.96403,19.3898,574.05,852.88,0,0,0,0,0
neuromorpho__P111123-04n2-AAC.swc,1300,interneuron,0.901575,0,1299,0,0,0,0,0,0,0,0,0,0,0,0.579867,0.342765,0.3,0.3,0.3,0.3,0.3,0.6,0.6,0.6,0.6,0.6,0,0,0,0.579543,0.3,0.600462,0,0,0,21,0.536542,0.3,0.3,0.666667,0.714286,131,-3,0,0,0,0,0,108,-26.1132,25.7231,265.31,650.67,0,0,0,0,0
neuromorpho__P120115-03-AAC.swc,779,interneuron,0.505278,0,778,0,0,0,0,0,0,0,0,0,0,0,0.86791,0.186955,0.3,0.3,0.922331,0.922331,0.922331,0.097561,0.097561,0.097561,0.097561,0.097561,0,0,0,0.867741,0.922331,0.0976864,0,0,0,47,0.847134,0.3,0.3,0.12766,0.12766,34.2,-21.0625,0,0,0,0,0,114.37,-34.4422,28.7212,171.62,620.34,0,0,0,0,0
neuromorpho__PDE1c_vGluT2-KO_IN07.swc,691,interneuron,0.832141,0,690,0,0,0,0,0,0,0,0,0,0,0,0.991566,0.074846,0.3,0.999666,0.999666,0.999666,0.999666,0.0115774,0.0115774,0.0115774,0.0115774,0.0115774,0,0,0,0.991554,0.999666,0.0115942,0,0,0,44,0.996847,0.3,0.999666,0,0,28.4,0,0,0,0,0,0,68.61,-8.82542,13.8465,172.02,284.06,0,0,0,0,0
neuromorpho__PDE1c_vGluT2-KO_IN14.swc,261,interneuron,0.920185,0,260,0,0,0,0,0,0,0,0,0,0,0,0.862951,0.277425,0.3,0.3,0.3,0.999666,0.999666,0.195402,0.195402,0.195402,0.195402,0.195402,0,0,0,0.862424,0.3,0.196154,0,0,0,9,0.970115,0.3,0.946408,0,0.111111,78,0,0,0,0,0,0,30.94,3.06288,6.82695,81.15,403.13,0,0,0,0,0
neuromorpho__PDE1c_vGluT2-KO_IN19.swc,672,interneuron,0.933772,0,671,0,0,0,0,0,0,0,0,0,0,0,0.999667,1.28711e-05,0.999666,0.999666,0.999666,0.999666,0.999666,0,0,0,0,0,0,0,0,0.999666,0.999666,0,0,0,0,89,0.99967,0.999666,0.999666,0,0,14.2,0,0,0,0,0,0,40.14,-3.95545,6.54447,80.22,100.99,0,0,0,0,0
neuromorpho__PDE1c_vGluT2-KO_IN22.swc,659,interneuron,0.76465,0,658,0,0,0,0,0,0,0,0,0,0,0,0.96463,0.152598,0.3,0.929699,0.999666,0.999666,0.999666,0.0500759,0.0500759,0.0500759,0.0500759,0.0500759,0,0,0,0.964576,0.999666,0.050152,0,0,0,35,0.990918,0.3,0.999666,0,0,31.2,0,0,0,0,0,0,60.01,4.92857,11.7497,280.34,318.76,0,0,0,0,0
neuromorpho__PDE1c_vGluT2-KO_IN23.swc,455,interneuron,0.881846,0,454,0,0,0,0,0,0,0,0,0,0,0,0.999667,1.56365e-05,0.999666,0.999666,0.999666,0.999666,0.999666,0,0,0,0,0,0,0,0,0.999666,0.999666,0,0,0,0,61,0.999672,0.999666,0.999666,0,0,15,-0.00333333,0,0,0,0,0,42.73,-0.103275,8.20836,60.75,77.38,0,0,0,0,0
neuromorpho__PDE1c_vGluT2-KO_IN27.swc,910,interneuron,0.748293,0,909,0,0,0,0,0,0,0,0,0,0,0,0.872804,0.269569,0.3,0.3,0.3,0.999666,0.999666,0.181319,0.181319,0.181319,0.181319,0.181319,0,0,0,0.872664,0.3,0.181518,0,0,0,31,0.905765,0.3,0.3,0.129032,0.129032,57,0,0,0,0,0,0,137.89,34,26.9044,217.9,472.14,0,0,0,0,0
neuromorpho__PDE1c_vGluT2-KO_IN28.swc,1024,interneuron,0.939212,0,1023,0,0,0,0,0,0,0,0,0,0,0,0.808058,0.310216,0.3,0.3,0.3,0.3,0.999666,0.271484,0.271484,0.271484,0.271484,0.271484,0,0,0,0.80787,0.3,0.27175,0,0,0,35,0.815497,0.3,0.3,0.257143,0.285714,62.2,0,0,0,0,0,0,110.42,1.57775,20.7064,283.32,544.55,0,0,0,0,0
neuromorpho__PDE1c_vGluT2-KO_IN29.swc,705,interneuron,0.964034,0,704,0,0,0,0,0,0,0,0,0,0,0,0.906378,0.237841,0.3,0.3,0.3,0.999666,0.999666,0.133333,0.133333,0.133333,0.133333,0.133333,0,0,0,0.906245,0.3,0.133523,0,0,0,28,0.941932,0.3,0.934403,0.0714286,0.107143,49.4,0,0,0,0,0,0,103.86,20.4589,21.2421,249.45,442.01,0,0,0,0,0
neuromorpho__PDE1c_vGluT2-KO_IN30.swc,605,interneuron,0.972746,0,604,0,0,0,0,0,0,0,0,0,0,0,0.99892,0.00427427,0.971335,0.996899,0.999666,0.999666,0.999666,0,0,0,0,0,0,0,0,0.998918,0.999666,0,0,0,0,74,0.998793,0.971335,0.999666,0,0,16.4,0,0,0,0,0,0,60.26,2.95374,12.8064,97.31,115.83,0,0,0,0,0
neuromorpho__PDE1c_vGluT2-KO_IN34.swc,630,interneuron,0.614504,0,629,0,0,0,0,0,0,0,0,0,0,0,0.941684,0.00243544,0.939433,0.939433,0.941492,0.941492,0.94181,0,0,0,0,0,0,0,0,0.941591,0.941492,0,0,0,0,54,0.942746,0.939433,0.941492,0,0,24.4,0,0,0,0,0,0,24.71,0.394134,4.74852,125.16,133.78,0,0,0,0,0
neuromorpho__PDE1c_vGluT2-KO_IN39.swc,737,interneuron,0.917055,0,736,0,0,0,0,0,0,0,0,0,0,0,0.999667,1.22912e-05,0.999666,0.999666,0.999666,0.999666,0.999666,0,0,0,0,0,0,0,0,0.999666,0.999666,0,0,0,0,70,0.999671,0.999666,0.999666,0,0,24.3,0,0,0,0,0,0,35.29,-6.87022,7.49879,193.59,150.84,0,0,0,0,0
neuromorpho__PDE1c_vGluT2-ctrl_IN04.swc,353,pyramidal,0.707194,0,352,0,0,0,0,0,0.036994,0,0,0,0,0,0.961002,0.0685082,0.676418,0.770298,0.903667,0.983576,0.987703,0,0,0.0368272,0.0594901,0.0594901,0,0,0,0.960892,0.903667,0.0369318,0,0,0,36,0.954758,0.676418,0.836983,0.0555556,0.111111,21.5,-0.00333333,0,0,0,0,0,35.52,5.71796,6.76174,83.54,137.75,0,0,0,0,0
neuromorpho__PDE1c_vGluT2-ctrl_IN11.swc,823,pyramidal,0.658644,0,822,0,0,0,0,0,0,0,0,0,0,0,0.987718,0.000428378,0.987703,0.987703,0.987703,0.987703,0.987703,0,0,0,0,0,0,0,0,0.987703,0.987703,0,0,0,0,43,0.987989,0.987703,0.987703,0,0,39.8,0,0,0,0,0,0,114.6,-16.0689,19.0936,135.2,230.51,0,0,0,0,0
neuromorpho__PDE1c_vGluT2-ctrl_IN13.swc,382,interneuron,0.828172,0,381,0,0,0,0,0,0,0,0,0,0,0,0.999667,1.70617e-05,0.999666,0.999666,0.999666,0.999666,0.999666,0,0,0,0,0,0,0,0,0.999666,0.999666,0,0,0,0,27,0.999678,0.999666,0.999666,0,0,22.4,0,0,0,0,0,0,64.38,1.9485,11.5565,90.14,226.88,0,0,0,0,0
neuromorpho__PDE1c_vGluT2-ctrl_IN14.swc,794,interneuron,0.762903,0,793,0,0,0,0,0,0,0,0,0,0,0,0.999667,1.18424e-05,0.999666,0.999666,0.999666,0.999666,0.999666,0,0,0,0,0,0,0,0,0.999666,0.999666,0,0,0,0,55,0.999672,0.999666,0.999666,0,0,30.2,0,0,0,0,0,0,47.36,-1.49623,7.99335,107.52,113.54,0,0,0,0,0
neuromorpho__PDE1c_vGluT2-ctrl_IN19.swc,199,interneuron,0.659082,0,198,0,0,0,0,0,0,0,0,0,0,0,0.999668,2.36104e-05,0.999666,0.999666,0.999666,0.999666,0.999666,0,0,0,0,0,0,0,0,0.999666,0.999666,0,0,0,0,13,0.999692,0.999666,0.999666,0,0,25.2,0,0,0,0,0,0,85.87,1.1904,14.2055,73.01,123.89,0,0,0,0,0
neuromorpho__PDE1c_vGluT2-ctrl_IN29.swc,662,interneuron,0.925874,0,661,0,0,0,0,0,0,0,0,0,0,0,0.999667,1.29678e-05,0.999666,0.999666,0.999666,0.999666,0.999666,0,0,0,0,0,0,0,0,0.999666,0.999666,0,0,0,0,57,0.999672,0.999666,0.999666,0,0,26.2,0,0,0,0,0,0,55.56,3.35956,9.19874,75.53,140.87,0,0,0,0,0
neuromorpho__PDE1c_vGluT2-ctrl_IN31.swc,580,interneuron,0.536273,0,579,0,0,0,0,0,0,0,0,0,0,0,0.94184,0.00242887,0.941414,0.941414,0.941414,0.941414,0.941709,0,0,0,0,0,0,0,0,0.94174,0.941414,0,0,0,0,50,0.942908,0.941414,0.941414,0,0,21.1,0,0,0,0,0,0,52.12,-8.46625,8.43624,119.41,142.21,0,0,0,0,0
neuromorpho__PDE1c_vGluT2-ctrl_IN33.swc,529,pyramidal,0.684851,0,528,0,0,0,0,0,0,0,0,0,0,0,0.987726,0.000534136,0.987703,0.987703,0.987703,0.987703,0.987703,0,0,0,0,0,0,0,0,0.987703,0.987703,0,0,0,0,28,0.988142,0.987703,0.987703,0,0,39.2,0.00333333,0,0,0,0,0,56.48,-5.48991,11.7405,104.26,196.85,0,0,0,0,0
neuromorpho__PFC-20130806A_Analysis.swc,13033,interneuron,0.894527,11076,1956,0,0,0,0,0,0,0,0,0,0,0,0.860719,0.279048,0.3,0.3,0.3,0.999666,0.999757,0.198496,0.198496,0.198496,0.198496,0.198496,0.838506,0.3,0.230228,0.986431,0.999666,0.0189162,0,0,0,250,0.908841,0.3,0.3,0.12,0.132,110,0,98.2,11.213,17.9488,536.81,1573.9,84.8,11.7519,16.2721,291.56,469.12,0,0,0,0,0
neuromorpho__PFC-20130815B_Analysis.swc,10629,interneuron,0.997107,8910,1718,0,0,0,0,0,0,0,0,0,0,0,0.989997,0.0809056,0.3,0.999666,0.999666,0.999757,0.999757,0.0135478,0.0135478,0.0135478,0.0135478,0.0135478,0.98931,0.999757,0.0144781,0.993557,0.999666,0.00873108,0,0,0,303,0.992942,0.3,0.999666,0.00660066,0.00660066,67.4,0,158.56,-20.8329,22.8477,607.28,765.69,71.32,-4.38852,13.0179,277.21,315.84,0,0,0,0,0
neuromorpho__PFC-20140225D_Analysis.swc,37107,interneuron,0.996684,29991,7115,0,0,0,0,0,0,0,0,0,0,0,0.923983,0.21732,0.3,0.3,0.3,0.999757,0.999757,0.108174,0.108174,0.108174,0.108174,0.108174,0.973516,0.999757,0.0373779,0.715178,0.3,0.406606,0,0,0,448,0.959405,0.3,0.999666,0.0558036,0.0602679,161.6,0,178.18,9.32701,34.7058,436.61,657.21,187.49,-34.7287,38.5438,478.28,675.13,0,0,0,0,0
neuromorpho__PFC-20140321A_Analysis.swc,11627,interneuron,0.995558,9562,2064,0,0,0,0,0,0,0,0,0,0,0,0.977192,0.12346,0.3,0.999666,0.999666,0.999757,0.999757,0.0321665,0.0321665,0.0321665,0.0321665,0.0321665,0.988071,0.999757,0.0166283,0.926784,0.3,0.104167,0,0,0,299,0.987425,0.3,0.999666,0.0133779,0.0200669,82,0,147.92,18.3582,29.9961,552.17,536.95,120.33,4.76679,21.8479,322.06,484.02,0,0,0,0,0
neuromorpho__PFC-20170523B_Analysis.swc,36627,interneuron,0.991418,28063,8563,0,0,0,0,0,0,0,0,0,0,0,0.835514,0.295923,0.3,0.3,0.3,0.980369,0.999757,0.233898,0.233898,0.233898,0.233898,0.233898,0.842738,0.3,0.223355,0.811819,0.3,0.268481,0,0,0,233,0.902867,0.3,0.340114,0.128755,0.158798,442,0,486.24,-0.0215572,81.427,637.99,1171.02,408.84,-61.5968,91.7227,247.67,515.04,0,0,0,0,0
neuromorpho__PFC13022019C_Analysis.swc,11581,interneuron,0.775363,10088,1492,0,0,0,0,0,0,0,0,0,0,0,0.706072,0.341726,0.3,0.3,0.3,0.3,0.980369,0.414472,0.414472,0.414472,0.414472,0.414472,0.665534,0.3,0.471649,0.97997,0.999666,0.0281501,0,0,0,101,0.839086,0.3,0.3,0.207921,0.237624,289,0,312.65,-83.5854,60.8696,510.47,1119.54,247.14,-49.9243,54.404,305.42,358.42,0,0,0,0,0
neuromorpho__PFC13092017B_Analysis.swc,12713,interneuron,0.958357,10388,2324,0,0,0,0,0,0,0,0,0,0,0,0.797697,0.316884,0.3,0.3,0.3,0.3,0.999757,0.288445,0.288445,0.288445,0.288445,0.288445,0.785294,0.3,0.306122,0.853049,0.3,0.209552,0,0,0,196,0.867729,0.3,0.3,0.188776,0.22449,156,-0.00333333,729.37,-83.7307,109.291,447.99,713.56,156.93,-3.74363,24.0455,228.52,479.92,0,0,0,0,0
neuromorpho__PFC13122016B_Analysis.swc,18995,interneuron,0.932841,13131,5863,0,0,0,0,0,0,0,0,0,0,0,0.737555,0.338695,0.3,0.3,0.3,0.3,0.999666,0.374678,0.374678,0.374678,0.374678,0.374678,0.726483,0.3,0.390526,0.762307,0.3,0.339246,0,0,0,193,0.800702,0.3,0.3,0.290155,0.326425,236.2,-0.00333333,631.93,-28.4567,119.024,711.56,1218.85,447.69,-53.3309,75.4048,463.94,686.6,0,0,0,0,0
neuromorpho__PFC160621A_Analysis.swc,72435,interneuron,0.996154,60255,12179,0,0,0,0,0,0,0,0,0,0,0,0.942909,0.191062,0.3,0.3,0.999666,0.999757,0.999757,0.0811486,0.0811486,0.0811486,0.0811486,0.0811486,0.989913,0.999757,0.0139739,0.710355,0.3,0.413499,0,0,0,1020,0.988436,0.3,0.999757,0.0156863,0.0196078,142,0,423.98,-30.3535,81.1606,861.64,855.87,397.16,-31.2492,76.084,412.9,834.8,0,0,0,0,0
neuromorpho__PFC20130815C_Analysis.swc,12678,interneuron,0.994866,9254,3423,0,0,0,0,0,0,0,0,0,0,0,0.952482,0.175574,0.3,0.3,0.999666,0.999666,0.999757,0.0675185,0.0675185,0.0675185,0.0675185,0.0675185,0.956647,0.999757,0.061595,0.941207,0.999666,0.0835524,0,0,0,255,0.985165,0.3,0.999666,0.0235294,0.0235294,111.6,0,173.51,29.3889,30.3712,462.3,788.73,134.62,12.5788,20.4891,365.32,704.73,0,0,0,0,0
neuromorpho__PFC24052016CD_Analysis.swc,58215,interneuron,0.954441,48655,9559,0,0,0,0,0,0,0,0,0,0,0,0.894372,0.248788,0.3,0.3,0.3,0.999666,0.999757,0.149034,0.149034,0.149034,0.149034,0.149034,0.874978,0.3,0.176467,0.993079,0.999666,0.00941521,0,0,0,311,0.958182,0.3,0.916848,0.0546624,0.0836013,423,0,322.03,-66.7919,65.115,682.66,903.09,124.63,-8.92796,21.9858,390.48,425.51,0,0,0,0,0
neuromorpho__PRLKO_12.swc,635,pyramidal,0.988625,0,634,0,0,0,0,0,0,0,0,0,0,0,0.987723,0.000487598,0.987703,0.987703,0.987703,0.987703,0.987703,0,0,0,0,0,0,0,0,0.987703,0.987703,0,0,0,0,41,0.988003,0.987703,0.987703,0,0,33,0,0,0,0,0,0,72.72,-16.6796,13.9227,239.51,234.9,0,0,0,0,0
neuromorpho__PRLKO_14.swc,545,pyramidal,0.993346,0,544,0,0,0,0,0,0,0,0,0,0,0,0.987726,0.000526252,0.987703,0.987703,0.987703,0.987703,0.987703,0,0,0,0,0,0,0,0,0.987703,0.987703,0,0,0,0,30,0.988113,0.987703,0.987703,0,0,33.3,0,0,0,0,0,0,89.06,-26.5313,20.3923,150.56,189.82,0,0,0,0,0
neuromorpho__PRLKO_16.swc,472,pyramidal,0.949242,0,471,0,0,0,0,0,0,0,0,0,0,0,0.987729,0.000565405,0.987703,0.987703,0.987703,0.987703,0.987703,0,0,0,0,0,0,0,0,0.987703,0.987703,0,0,0,0,23,0.988238,0.987703,0.987703,0,0,40.8,0,0,0,0,0,0,79.82,-26.7504,19.5117,158.21,240.61,0,0,0,0,0
neuromorpho__PRLKO_21.swc,878,pyramidal,0.992091,0,877,0,0,0,0,0,0,0,0,0,0,0,0.987717,0.000414759,0.987703,0.987703,0.987703,0.987703,0.987703,0,0,0,0,0,0,0,0,0.987703,0.987703,0,0,0,0,49,0.987954,0.987703,0.987703,0,0,40.2,0,0,0,0,0,0,127.4,-34.16,27.3378,227.4,269.53,0,0,0,0,0
neuromorpho__PRLKO_24.swc,500,pyramidal,0.892202,0,499,0,0,0,0,0,0,0,0,0,0,0,0.987728,0.000549378,0.987703,0.987703,0.987703,0.987703,0.987703,0,0,0,0,0,0,0,0,0.987703,0.987703,0,0,0,0,30,0.988113,0.987703,0.987703,0,0,34.1,0,0,0,0,0,0,116.62,-34.1869,28.2165,179.15,224.24,0,0,0,0,0
neuromorpho__PRLKO_25.swc,744,pyramidal,0.992507,0,743,0,0,0,0,0,0,0,0,0,0,0,0.98772,0.000450518,0.987703,0.987703,0.987703,0.987703,0.987703,0,0,0,0,0,0,0,0,0.987703,0.987703,0,0,0,0,45,0.987976,0.987703,0.987703,0,0,33,0,0,0,0,0,0,111.33,-27.1239,23.5934,184.01,262.81,0,0,0,0,0
neuromorpho__PRLKO_27.swc,596,pyramidal,0.981269,0,595,0,0,0,0,0,0,0,0,0,0,0,0.987724,0.000503272,0.987703,0.987703,0.987703,0.987703,0.987703,0,0,0,0,0,0,0,0,0.987703,0.987703,0,0,0,0,38,0.988027,0.987703,0.987703,0,0,27.3,0,0,0,0,0,0,77.68,-10.5428,13.1383,172.77,221.09,0,0,0,0,0
neuromorpho__PRLKO_29.swc,710,pyramidal,0.976078,0,446,263,0,0,0,0,0,0,0,0,0,0,0.972854,0.0194105,0.945595,0.945595,0.948141,0.948141,0.987703,0,0,0,0,0,0,0,0,0.987703,0.987703,0,0.94757,0.945595,0,43,0.971993,0.945595,0.945595,0,0,31.6,0,0,0,0,0,0,78.77,-24.0282,17.8697,254.88,169.87,75.41,-24.1496,19.5728,136.91,237.92
neuromorpho__PRLKO_34.swc,428,pyramidal,0.966935,0,427,0,0,0,0,0,0,0,0,0,0,0,0.987732,0.000593692,0.987703,0.987703,0.987703,0.987703,0.987703,0,0,0,0,0,0,0,0,0.987703,0.987703,0,0,0,0,28,0.988142,0.987703,0.987703,0,0,39.3,0,0,0,0,0,0,91.96,-21.4591,19.4628,132.02,177.64,0,0,0,0,0
neuromorpho__PRLKO_38.swc,504,pyramidal,0.993638,0,503,0,0,0,0,0,0,0,0,0,0,0,0.987728,0.000547198,0.987703,0.987703,0.987703,0.987703,0.987703,0,0,0,0,0,0,0,0,0.987703,0.987703,0,0,0,0,36,0.988045,0.987703,0.987703,0,0,34.5,0,0,0,0,0,0,93.14,-22.7454,21.8885,189.84,192.05,0,0,0,0,0
neuromorpho__PRLKO_5.swc,280,pyramidal,0.74618,0,279,0,0,0,0,0,0,0,0,0,0,0,0.987747,0.000733559,0.987703,0.987703,0.987703,0.987703,0.987703,0,0,0,0,0,0,0,0,0.987703,0.987703,0,0,0,0,24,0.988216,0.987703,0.987703,0,0,27.4,0,0,0,0,0,0,35.43,-5.7853,7.41463,146.62,176.7,0,0,0,0,0
neuromorpho__PRL_10.swc,787,pyramidal,0.987657,0,786,0,0,0,0,0,0,0,0,0,0,0,0.987719,0.000438054,0.987703,0.987703,0.987703,0.987703,0.987703,0,0,0,0,0,0,0,0,0.987703,0.987703,0,0,0,0,36,0.988045,0.987703,0.987703,0,0,40,0,0,0,0,0,0,92.08,-13.0177,21.1965,216.5,282.78,0,0,0,0,0
neuromorpho__PRL_13.swc,525,pyramidal,0.928066,0,524,0,0,0,0,0,0,0,0,0,0,0,0.987727,0.000536163,0.987703,0.987703,0.987703,0.987703,0.987703,0,0,0,0,0,0,0,0,0.987703,0.987703,0,0,0,0,30,0.988113,0.987703,0.987703,0,0,52.5,0,0,0,0,0,0,103.16,-19.0485,23.7325,179.41,230.33,0,0,0,0,0
neuromorpho__PRL_16.swc,682,pyramidal,0.991102,0,681,0,0,0,0,0,0,0,0,0,0,0,0.987721,0.000470522,0.987703,0.987703,0.987703,0.987703,0.987703,0,0,0,0,0,0,0,0,0.987703,0.987703,0,0,0,0,42,0.987996,0.987703,0.987703,0,0,37.8,0,0,0,0,0,0,77.09,-15.4451,15.5771,257.56,290.98,0,0,0,0,0
neuromorpho__PRL_22.swc,498,pyramidal,0.993351,0,497,0,0,0,0,0,0,0,0,0,0,0,0.987728,0.000550478,0.987703,0.987703,0.987703,0.987703,0.987703,0,0,0,0,0,0,0,0,0.987703,0.987703,0,0,0,0,32,0.988088,0.987703,0.987703,0,0,30,0,0,0,0,0,0,86.78,-23.2868,19.9007,182.46,192.24,0,0,0,0,0
neuromorpho__PRL_29.swc,679,pyramidal,0.992081,0,678,0,0,0,0,0,0,0,0,0,0,0,0.987721,0.000471559,0.987703,0.987703,0.987703,0.987703,0.987703,0,0,0,0,0,0,0,0,0.987703,0.987703,0,0,0,0,40,0.988011,0.987703,0.987703,0,0,33.2,0,0,0,0,0,0,96.33,-22.0811,21.6842,181.42,224.29,0,0,0,0,0
neuromorpho__PRL_3.swc,270,pyramidal,0.975628,0,269,0,0,0,0,0,0,0,0,0,0,0,0.987749,0.00074697,0.987703,0.987703,0.987703,0.987703,0.987703,0,0,0,0,0,0,0,0,0.987703,0.987703,0,0,0,0,18,0.988386,0.987703,0.987703,0,0,29.2,0,0,0,0,0,0,75.27,-14.5587,16.2487,106.18,213.1,0,0,0,0,0
neuromorpho__PRL_35.swc,534,pyramidal,0.993056,0,533,0,0,0,0,0,0,0,0,0,0,0,0.987726,0.000531635,0.987703,0.987703,0.987703,0.987703,0.987703,0,0,0,0,0,0,0,0,0.987703,0.987703,0,0,0,0,32,0.988088,0.987703,0.987703,0,0,32.9,0,0,0,0,0,0,97.08,-19.6302,20.7127,202.67,249,0,0,0,0,0
neuromorpho__PRL_41.swc,507,pyramidal,0.982283,0,506,0,0,0,0,0,0,0,0,0,0,0,0.987727,0.00054558,0.987703,0.987703,0.987703,0.987703,0.987703,0,0,0,0,0,0,0,0,0.987703,0.987703,0,0,0,0,27,0.988159,0.987703,0.987703,0,0,34.4,0,0,0,0,0,0,77.83,-19.4144,15.8621,186.91,222.86,0,0,0,0,0
neuromorpho__PRL_46.swc,460,pyramidal,0.990565,0,459,0,0,0,0,0,0,0,0,0,0,0,0.98773,0.000572716,0.987703,0.987703,0.987703,0.987703,0.987703,0,0,0,0,0,0,0,0,0.987703,0.987703,0,0,0,0,30,0.988113,0.987703,0.987703,0,0,31,0,0,0,0,0,0,66.21,-9.4483,16.1817,177.01,186.8,0,0,0,0,0
neuromorpho__PRL_54.swc,536,pyramidal,0.917359,0,535,0,0,0,0,0,0,0,0,0,0,0,0.987726,0.000530644,0.987703,0.987703,0.987703,0.987703,0.987703,0,0,0,0,0,0,0,0,0.987703,0.987703,0,0,0,0,34,0.988065,0.987703,0.987703,0,0,29.7,0,0,0,0,0,0,92.69,-21.566,19.866,223.97,291,0,0,0,0,0
neuromorpho__PRL_58.swc,335,pyramidal,0.953693,0,334,0,0,0,0,0,0,0,0,0,0,0,0.98774,0.000670841,0.987703,0.987703,0.987703,0.987703,0.987703,0,0,0,0,0,0,0,0,0.987703,0.987703,0,0,0,0,20,0.988318,0.987703,0.987703,0,0,35.2,0,0,0,0,0,0,96.93,-25.3978,23.0059,152.84,148.19,0,0,0,0,0
neuromorpho__PSD24-F2b-S1.swc,464,interneuron,0.969015,0,463,0,0,0,0,0,0,0,0,0,0,0,0.977625,0.0117751,0.971335,0.971335,0.971335,0.971335,0.971335,0,0,0,0,0,0,0,0,0.977577,0.971335,0,0,0,0,60,0.97559,0.971335,0.971335,0,0,16.4,3.786,0,0,0,0,0,16.04,-0.201076,3.72346,48.05,37.92,0,0,0,0,0
neuromorpho__P_F_15.swc,25101,interneuron,0.993136,18311,6789,0,0,0,0,0,0,0,0,0,0,0,0.982491,0.107995,0.3,0.999555,0.999666,0.999666,0.999757,0.0244213,0.0244213,0.0244213,0.0244213,0.0244213,0.996947,0.999757,0.00371361,0.943499,0.999666,0.0802769,0,0,0,520,0.993389,0.3,0.999666,0.00769231,0.00769231,115,0,291.42,-22.4134,55.2215,321.09,713.19,188.11,-13.6611,25.4983,325.46,729.81,0,0,0,0,0
neuromorpho__Pvalb-IRES-Cre_Ai14-299135-05-01-01_650040988_m.swc,20837,interneuron,0.996744,18989,1847,0,0,0,0,0,0,0,0,0,0,0,0.997749,0.0371887,0.3,0.999666,0.999757,0.999757,0.999757,0.0028315,0.0028315,0.0028315,0.0028315,0.0028315,0.999516,0.999757,0.000315972,0.979589,0.999666,0.0286952,0,0,0,673,0.999371,0.3,0.999757,0,0,70,0,129.96,-10.1199,20.1735,592.98,402.44,65.2,-6.53482,10.0558,203.89,323.27,0,0,0,0,0
neuromorpho__RG3-F2.swc,811,interneuron,0.950902,0,810,0,0,0,0,0,0,0,0,0,0,0,0.999667,1.17178e-05,0.999666,0.999666,0.999666,0.999666,0.999666,0,0,0,0,0,0,0,0,0.999666,0.999666,0,0,0,0,107,0.999669,0.999666,0.999666,0,0,14,6.89667,0,0,0,0,0,12.09,-5.91673,2.89911,43.56,129.53,0,0,0,0,0
neuromorpho__Red_19weeks_Neuron2.swc,37,pyramidal,0.979995,0,36,0,0,0,0,0,0,0,0,0,0,0,0.988036,0.00199407,0.987703,0.987703,0.987703,0.987703,0.987703,0,0,0,0,0,0,0,0,0.987703,0.987703,0,0,0,0,9,0.98907,0.987703,0.987703,0,0,7,0,0,0,0,0,0,10.3,-2.22722,3.04949,14.15,58.1,0,0,0,0,0
neuromorpho__Red_19weeks_Neuron6.swc,49,pyramidal,0.869361,15,33,0,0,0,0,0,0,0,0,0,0,0,0.946723,0.063068,0.844913,0.845432,0.84621,0.84621,0.987703,0,0,0,0,0.306122,0.853015,0.844913,0,0.987703,0.987703,0,0,0,0,13,0.938204,0.844913,0.84621,0,0,10.8,0,5.69,3.70867,1.85159,11.83,17.56,11.47,-6.74364,3.0665,13.99,61.23,0,0,0,0,0
neuromorpho__Red_1week_Neuron6.swc,50,pyramidal,0.95926,19,30,0,0,0,0,0,0,0,0,0,0,0,0.844345,0.126286,0.714935,0.714935,0.714935,0.715587,0.805377,0,0,0,0.42,0.58,0.753015,0.714935,0,0.896998,0.715587,0,0,0,0,12,0.912933,0.714935,0.724566,0,0.166667,9.6,0,3.02,-0.0405263,0.88306,14.58,35.8,10.28,-0.691667,2.85515,29.08,56.68,0,0,0,0,0
neuromorpho__Red_2weeks_Neuron13.swc,33,pyramidal,0.988442,2,30,0,0,0,0,0,0,0,0,0,0,0,0.967042,0.0828755,0.640867,0.848955,0.987681,0.987681,0.987681,0,0,0.0606061,0.0606061,0.0606061,0.640867,0.640867,1,0.987689,0.987681,0,0,0,0,8,0.94588,0.640867,0.883637,0.125,0.125,8.2,0,0.06,0.59,0.03,1.93,0.59,2.78,-0.730333,0.652674,11.25,61.78,0,0,0,0,0
neuromorpho__Red_2weeks_Neuron4.swc,36,pyramidal,0.965736,4,31,0,0,0,0,0,0,0,0,0,0,0,0.962622,0.0720543,0.758902,0.758902,0.873303,0.987703,0.987703,0,0,0,0.111111,0.111111,0.758902,0.758902,0,0.987703,0.987703,0,0,0,0,6,0.951619,0.758902,0.873303,0,0.166667,10.5,0,0,0.28,0,4.85,3.49,5.02,-0.667419,1.14163,7.02,86.82,0,0,0,0,0
neuromorpho__Red_2weeks__Neuron9.swc,20,pyramidal,0.966604,8,11,0,0,0,0,0,0,0,0,0,0,0,0.883669,0.128697,0.726081,0.726081,0.726081,0.726081,0.987703,0,0,0,0.4,0.4,0.726081,0.726081,0,0.987703,0.987703,0,0,0,0,3,0.904595,0.726081,0.778405,0,0.333333,10.4,0,0.5,-0.795,0.236538,1.3,15.55,2.89,2.68818,0.931849,2.41,25.61,0,0,0,0,0
neuromorpho__Red_4weeks_Neuron10.swc,42,pyramidal,0.985739,37,4,0,0,0,0,0,0,0,0,0,0,0,0.862822,0.046846,0.844913,0.844913,0.844913,0.844913,0.84621,0,0,0,0,0.880952,0.845614,0.844913,0,0.987703,0.987703,0,0,0,0,7,0.887652,0.844913,0.844913,0,0,12.2,0,3.59,-3.09459,0.715725,8.63,112.59,0.14,-0.035,0.0606218,0.8,3.18,0,0,0,0,0
neuromorpho__Red_4weeks_Neuron11_addl.swc,107,pyramidal,0.952872,0,106,0,0,0,0,0,0,0,0,0,0,0,0.987818,0.00118321,0.987703,0.987703,0.987703,0.987703,0.987703,0,0,0,0,0,0,0,0,0.987703,0.987703,0,0,0,0,30,0.988113,0.987703,0.987703,0,0,7,0,0,0,0,0,0,7.32,-1.87217,1.87429,27.07,80.22,0,0,0,0,0
neuromorpho__Red_4weeks_Neuron2.swc,30,pyramidal,0.978965,0,29,0,0,0,0,0,0,0,0,0,0,0,0.988113,0.00220734,0.987703,0.987703,0.987703,0.987703,0.987703,0,0,0,0,0,0,0,0,0.987703,0.987703,0,0,0,0,6,0.989753,0.987703,0.987703,0,0,8.5,0,0,0,0,0,0,2.32,-0.842759,0.879486,12.72,42.12,0,0,0,0,0
neuromorpho__Red_4weeks_Neuron9.swc,80,pyramidal,0.942801,79,0,0,0,0,0,0,0,0,0,0,0,0,0.683209,0.0356797,0.674208,0.677247,0.677477,0.677485,0.680245,0,0,0.9875,0.9875,0.9875,0.679199,0.677469,1,0,0,0,0,0,0,8,0.718177,0.674208,0.676447,0.875,0.875,23.5,0,11.49,1.28861,2.87614,19.55,134.34,0,0,0,0,0,0,0,0,0,0
neuromorpho__Red_6Weeks_Neuron6.swc,62,pyramidal,0.825507,25,36,0,0,0,0,0,0,0,0,0,0,0,0.840735,0.179205,0.622731,0.622731,0.622731,0.622731,0.987703,0,0,0.403226,0.403226,0.403226,0.622731,0.622731,1,0.987703,0.987703,0,0,0,0,8,0.943619,0.622731,0.878211,0.125,0.125,16.6,0,11.69,6.1408,4.10127,3.59,27.06,13.55,3.74056,3.3226,7.82,26.27,0,0,0,0,0
neuromorpho__Red_6weeks_Neuron11.swc,63,pyramidal,0.977474,0,62,0,0,0,0,0,0,0,0,0,0,0,0.9878,0.00160667,0.985703,0.987681,0.987681,0.987703,0.987703,0,0,0,0,0,0,0,0,0.987603,0.987681,0,0,0,0,12,0.988558,0.985703,0.987681,0,0,13.1,0,0,0,0,0,0,7.79,-2.69194,2.03117,10.12,59.8,0,0,0,0,0
neuromorpho__Red_6weeks__Neuron5.swc,21,pyramidal,0.933921,0,20,0,0,0,0,0,0,0,0,0,0,0,0.988287,0.00261913,0.987693,0.987693,0.987693,0.987703,0.987703,0,0,0,0,0,0,0,0,0.987701,0.987693,0,0,0,0,10,0.988931,0.987693,0.987693,0,0,3,0,0,0,0,0,0,5.13,-1.5735,1.75737,5.4,8.63,0,0,0,0,0
neuromorpho__Red_7-5w_Neuron6.swc,27,pyramidal,0.988624,0,26,0,0,0,0,0,0,0,0,0,0,0,0.988153,0.00232341,0.987681,0.987681,0.987681,0.987692,0.987703,0,0,0,0,0,0,0,0,0.987697,0.987681,0,0,0,0,7,0.989457,0.987681,0.987694,0,0,6.4,0,0,0,0,0,0,3.58,-0.888846,1.02162,15.47,42.1,0,0,0,0,0
neuromorpho__Red_7-5weeks_Neuron11.swc,31,pyramidal,0.974012,13,17,0,0,0,0,0,0,0,0,0,0,0,0.847052,0.166322,0.651357,0.651357,0.651357,0.651357,0.987703,0,0,0.419355,0.419355,0.419355,0.651357,0.651357,1,0.987703,0.987703,0,0,0,0,6,0.933695,0.651357,0.81953,0.166667,0.166667,9.5,0,8.49,-4.73308,2.80301,13.85,36.24,7.7,1.73706,2.21273,12.59,19.87,0,0,0,0,0
neuromorpho__Rouge-01-bis.swc,610,pyramidal,0.926411,211,398,0,0,0,0,0,0.00168009,0,0,0,0,0,0.873829,0.158426,0.503266,0.54929,0.573434,0.887244,0.92624,0,0.159016,0.214754,0.22459,0.272131,0.91712,0.887244,0,0.850561,0.560849,0.329146,0,0,0,35,0.777109,0.503266,0.538561,0.457143,0.485714,43,0,43.2,-25.2676,11.9346,65.54,142.36,54.9,-21.0267,13.2946,190.98,233.48,0,0,0,0,0
neuromorpho__Rouge-03-bis.swc,822,pyramidal,0.939858,49,772,0,0,0,0,0,0.000935403,0,0,0,0,0,0.915541,0.140114,0.534019,0.55187,0.682443,0.949078,0.987703,0,0.0851582,0.1618,0.189781,0.189781,0.994405,0.994405,0,0.910426,0.61013,0.17228,0,0,0,53,0.895201,0.534019,0.597934,0.207547,0.245283,26.8,0,15,-8.08837,4.88025,23.57,125.02,61.7,-0.750376,15.9971,216.98,249.08,0,0,0,0,0
neuromorpho__S1KO_12.swc,768,pyramidal,0.995617,0,767,0,0,0,0,0,0,0,0,0,0,0,0.987719,0.000443432,0.987703,0.987703,0.987703,0.987703,0.987703,0,0,0,0,0,0,0,0,0.987703,0.987703,0,0,0,0,57,0.987919,0.987703,0.987703,0,0,31.4,0,0,0,0,0,0,56.03,-10.2145,10.7914,170.05,205.28,0,0,0,0,0
neuromorpho__S1KO_18.swc,795,pyramidal,0.950242,0,794,0,0,0,0,0,0,0,0,0,0,0,0.987719,0.000435847,0.987703,0.987703,0.987703,0.987703,0.987703,0,0,0,0,0,0,0,0,0.987703,0.987703,0,0,0,0,44,0.987983,0.987703,0.987703,0,0,41.4,0,0,0,0,0,0,54.22,-8.96694,9.82442,180.04,180.39,0,0,0,0,0
neuromorpho__S1KO_19.swc,1085,pyramidal,0.994254,0,1084,0,0,0,0,0,0,0,0,0,0,0,0.987715,0.000373143,0.987703,0.987703,0.987703,0.987703,0.987703,0,0,0,0,0,0,0,0,0.987703,0.987703,0,0,0,0,61,0.987905,0.987703,0.987703,0,0,42,0,0,0,0,0,0,75.58,-13.8323,16.4123,193.21,222.77,0,0,0,0,0
neuromorpho__S1KO_20.swc,748,pyramidal,0.993548,0,747,0,0,0,0,0,0,0,0,0,0,0,0.98772,0.000449314,0.987703,0.987703,0.987703,0.987703,0.987703,0,0,0,0,0,0,0,0,0.987703,0.987703,0,0,0,0,47,0.987965,0.987703,0.987703,0,0,34,0,0,0,0,0,0,56.77,-11.3136,12.9329,196.03,223.88,0,0,0,0,0
neuromorpho__S1KO_3.swc,516,pyramidal,0.99199,0,515,0,0,0,0,0,0,0,0,0,0,0,0.987727,0.00054081,0.987703,0.987703,0.987703,0.987703,0.987703,0,0,0,0,0,0,0,0,0.987703,0.987703,0,0,0,0,43,0.987989,0.987703,0.987703,0,0,25.8,0,0,0,0,0,0,59.37,-2.66037,11.4853,183.22,198.28,0,0,0,0,0
neuromorpho__S1KO_33.swc,642,pyramidal,0.992315,0,641,0,0,0,0,0,0,0,0,0,0,0,0.987722,0.000484936,0.987703,0.987703,0.987703,0.987703,0.987703,0,0,0,0,0,0,0,0,0.987703,0.987703,0,0,0,0,61,0.987905,0.987703,0.987703,0,0,23,0,0,0,0,0,0,41.31,-4.04037,8.49732,223.25,244.08,0,0,0,0,0
neuromorpho__S1KO_34.swc,960,pyramidal,0.99132,0,959,0,0,0,0,0,0,0,0,0,0,0,0.987716,0.00039667,0.987703,0.987703,0.987703,0.987703,0.987703,0,0,0,0,0,0,0,0,0.987703,0.987703,0,0,0,0,67,0.987887,0.987703,0.987703,0,0,29,0,0,0,0,0,0,52.72,-6.07226,10.8441,232.69,243.48,0,0,0,0,0
neuromorpho__S1KO_35.swc,592,pyramidal,0.992696,0,591,0,0,0,0,0,0,0,0,0,0,0,0.987724,0.000504967,0.987703,0.987703,0.987703,0.987703,0.987703,0,0,0,0,0,0,0,0,0.987703,0.987703,0,0,0,0,48,0.987959,0.987703,0.987703,0,0,28.6,0,0,0,0,0,0,34.96,-2.12283,6.68912,208.04,245.47,0,0,0,0,0
neuromorpho__S1KO_37.swc,782,pyramidal,0.989806,0,781,0,0,0,0,0,0,0,0,0,0,0,0.987719,0.00043945,0.987703,0.987703,0.987703,0.987703,0.987703,0,0,0,0,0,0,0,0,0.987703,0.987703,0,0,0,0,52,0.98794,0.987703,0.987703,0,0,29,0,0,0,0,0,0,50.86,-5.35658,9.34789,169.76,277.24,0,0,0,0,0
neuromorpho__S1KO_38.swc,817,pyramidal,0.990407,0,816,0,0,0,0,0,0,0,0,0,0,0,0.987718,0.000429946,0.987703,0.987703,0.987703,0.987703,0.987703,0,0,0,0,0,0,0,0,0.987703,0.987703,0,0,0,0,58,0.987915,0.987703,0.987703,0,0,29.6,0,0,0,0,0,0,51.17,-6.27484,10.7627,223.45,240.85,0,0,0,0,0
neuromorpho__S1KO_40.swc,1050,pyramidal,0.993423,0,1049,0,0,0,0,0,0,0,0,0,0,0,0.987715,0.000379306,0.987703,0.987703,0.987703,0.987703,0.987703,0,0,0,0,0,0,0,0,0.987703,0.987703,0,0,0,0,69,0.987881,0.987703,0.987703,0,0,34,0,0,0,0,0,0,64.37,-9.97023,10.6575,221.42,253.03,0,0,0,0,0
neuromorpho__S1KO_41.swc,653,pyramidal,0.973121,0,652,0,0,0,0,0,0,0,0,0,0,0,0.987722,0.000480841,0.987703,0.987703,0.987703,0.987703,0.987703,0,0,0,0,0,0,0,0,0.987703,0.987703,0,0,0,0,38,0.988027,0.987703,0.987703,0,0,36.3,0,0,0,0,0,0,43.28,-2.486,9.15731,211.71,252.3,0,0,0,0,0
neuromorpho__S1KO_45.swc,978,pyramidal,0.993902,0,977,0,0,0,0,0,0,0,0,0,0,0,0.987716,0.000393006,0.987703,0.987703,0.987703,0.987703,0.987703,0,0,0,0,0,0,0,0,0.987703,0.987703,0,0,0,0,76,0.987865,0.987703,0.987703,0,0,30.5,0,0,0,0,0,0,60.27,-8.7891,12.3296,212.02,224.62,0,0,0,0,0
neuromorpho__S1KO_48.swc,1142,pyramidal,0.992133,0,1141,0,0,0,0,0,0,0,0,0,0,0,0.987714,0.00036372,0.987703,0.987703,0.987703,0.987703,0.987703,0,0,0,0,0,0,0,0,0.987703,0.987703,0,0,0,0,68,0.987884,0.987703,0.987703,0,0,34,0,0,0,0,0,0,74.81,-8.1697,15.8964,182.04,304.51,0,0,0,0,0
neuromorpho__S1KO_55.swc,565,pyramidal,0.993225,0,564,0,0,0,0,0,0,0,0,0,0,0,0.987725,0.000516871,0.987703,0.987703,0.987703,0.987703,0.987703,0,0,0,0,0,0,0,0,0.987703,0.987703,0,0,0,0,46,0.987971,0.987703,0.987703,0,0,28,0,0,0,0,0,0,51.63,-6.72535,10.3643,194.23,260.11,0,0,0,0,0
neuromorpho__S1KO_61.swc,514,pyramidal,0.985014,0,513,0,0,0,0,0,0,0,0,0,0,0,0.987727,0.000541859,0.987703,0.987703,0.987703,0.987703,0.987703,0,0,0,0,0,0,0,0,0.987703,0.987703,0,0,0,0,37,0.988036,0.987703,0.987703,0,0,26.4,0,0,0,0,0,0,37.72,0.185478,7.13506,239.35,193.03,0,0,0,0,0
neuromorpho__S1KO_62.swc,600,pyramidal,0.981578,0,599,0,0,0,0,0,0,0,0,0,0,0,0.987724,0.000501595,0.987703,0.987703,0.987703,0.987703,0.987703,0,0,0,0,0,0,0,0,0.987703,0.987703,0,0,0,0,45,0.987976,0.987703,0.987703,0,0,25.6,0,0,0,0,0,0,32.85,1.79843,5.91185,215.41,243.57,0,0,0,0,0
neuromorpho__S1KO_8.swc,659,pyramidal,0.989104,0,658,0,0,0,0,0,0,0,0,0,0,0,0.987722,0.00047865,0.987703,0.987703,0.987703,0.987703,0.987703,0,0,0,0,0,0,0,0,0.987703,0.987703,0,0,0,0,49,0.987954,0.987703,0.987703,0,0,27,0,0,0,0,0,0,65.57,-8.45073,13.6337,182.88,188.89,0,0,0,0,0
neuromorpho__S1KO_9.swc,1059,pyramidal,0.994187,0,1058,0,0,0,0,0,0,0,0,0,0,0,0.987715,0.000377692,0.987703,0.987703,0.987703,0.987703,0.987703,0,0,0,0,0,0,0,0,0.987703,0.987703,0,0,0,0,70,0.987879,0.987703,0.987703,0,0,30.1,0,0,0,0,0,0,70.43,-8.57474,14.9849,223.71,230.76,0,0,0,0,0
neuromorpho__S1_2.swc,466,pyramidal,0.993923,0,465,0,0,0,0,0,0,0,0,0,0,0,0.98773,0.000569025,0.987703,0.987703,0.987703,0.987703,0.987703,0,0,0,0,0,0,0,0,0.987703,0.987703,0,0,0,0,39,0.988019,0.987703,0.987703,0,0,25.2,0,0,0,0,0,0,61.95,-16.2076,13.2901,158.41,178.03,0,0,0,0,0
neuromorpho__S1_24.swc,298,pyramidal,0.958166,0,297,0,0,0,0,0,0,0,0,0,0,0,0.987743,0.000711258,0.987681,0.987681,0.987703,0.987703,0.987703,0,0,0,0,0,0,0,0,0.987702,0.987703,0,0,0,0,25,0.988194,0.987681,0.987703,0,0,24.2,0,0,0,0,0,0,39.37,-4.51081,10.0217,160.74,213.43,0,0,0,0,0
neuromorpho__S1_28.swc,290,pyramidal,0.97057,0,289,0,0,0,0,0,0,0,0,0,0,0,0.987746,0.000720845,0.987703,0.987703,0.987703,0.987703,0.987703,0,0,0,0,0,0,0,0,0.987703,0.987703,0,0,0,0,30,0.988113,0.987703,0.987703,0,0,21.1,0,0,0,0,0,0,37.71,-3.80533,6.51097,169.69,157.26,0,0,0,0,0
neuromorpho__S1_3.swc,348,pyramidal,0.964753,0,347,0,0,0,0,0,0,0,0,0,0,0,0.987739,0.000658228,0.987703,0.987703,0.987703,0.987703,0.987703,0,0,0,0,0,0,0,0,0.987703,0.987703,0,0,0,0,24,0.988216,0.987703,0.987703,0,0,29.1,0,0,0,0,0,0,44.09,-3.82432,7.87053,132.51,143.57,0,0,0,0,0
neuromorpho__S1_33.swc,351,pyramidal,0.987716,0,350,0,0,0,0,0,0,0,0,0,0,0,0.987738,0.000655417,0.987703,0.987703,0.987703,0.987703,0.987703,0,0,0,0,0,0,0,0,0.987703,0.987703,0,0,0,0,35,0.988055,0.987703,0.987703,0,0,21,0,0,0,0,0,0,49.98,-2.491,9.36675,211,215.22,0,0,0,0,0
neuromorpho__S1_36.swc,449,pyramidal,0.988036,0,448,0,0,0,0,0,0,0,0,0,0,0,0.987731,0.000579674,0.987703,0.987703,0.987703,0.987703,0.987703,0,0,0,0,0,0,0,0,0.987703,0.987703,0,0,0,0,34,0.988065,0.987703,0.987703,0,0,30.4,0,0,0,0,0,0,48.47,-8.68873,8.8996,153.43,166,0,0,0,0,0
neuromorpho__S1_39.swc,363,pyramidal,0.994345,0,362,0,0,0,0,0,0,0,0,0,0,0,0.987737,0.000644523,0.987703,0.987703,0.987703,0.987703,0.987703,0,0,0,0,0,0,0,0,0.987703,0.987703,0,0,0,0,41,0.988003,0.987703,0.987703,0,0,18,0,0,0,0,0,0,46.49,-4.94693,8.98585,182.9,204.91,0,0,0,0,0
neuromorpho__S1_4.swc,342,pyramidal,0.991077,0,341,0,0,0,0,0,0,0,0,0,0,0,0.987739,0.00066396,0.987703,0.987703,0.987703,0.987703,0.987703,0,0,0,0,0,0,0,0,0.987703,0.987703,0,0,0,0,38,0.988027,0.987703,0.987703,0,0,20.6,0,0,0,0,0,0,38.3,-4.05475,6.47083,170.73,180.62,0,0,0,0,0
neuromorpho__S1_44.swc,449,pyramidal,0.995316,0,448,0,0,0,0,0,0,0,0,0,0,0,0.987731,0.000579674,0.987703,0.987703,0.987703,0.987703,0.987703,0,0,0,0,0,0,0,0,0.987703,0.987703,0,0,0,0,50,0.987949,0.987703,0.987703,0,0,18.3,0,0,0,0,0,0,46.19,-11.1802,10.7893,182.9,188.17,0,0,0,0,0
neuromorpho__S1_45.swc,249,pyramidal,0.986461,0,248,0,0,0,0,0,0,0,0,0,0,0,0.987753,0.000777709,0.987703,0.987703,0.987703,0.987703,0.987703,0,0,0,0,0,0,0,0,0.987703,0.987703,0,0,0,0,24,0.988216,0.987703,0.987703,0,0,20,0,0,0,0,0,0,48.93,-6.86351,10.2488,132.49,143.64,0,0,0,0,0
neuromorpho__S1_46.swc,602,pyramidal,0.994368,0,601,0,0,0,0,0,0,0,0,0,0,0,0.987724,0.000500762,0.987703,0.987703,0.987703,0.987703,0.987703,0,0,0,0,0,0,0,0,0.987703,0.987703,0,0,0,0,49,0.987954,0.987703,0.987703,0,0,27.2,0,0,0,0,0,0,56.03,-5.98845,11.8358,185.6,177.28,0,0,0,0,0
neuromorpho__S2KO_20.swc,501,pyramidal,0.978111,0,500,0,0,0,0,0,0,0,0,0,0,0,0.987728,0.00054883,0.987703,0.987703,0.987703,0.987703,0.987703,0,0,0,0,0,0,0,0,0.987703,0.987703,0,0,0,0,34,0.988065,0.987703,0.987703,0,0,34.4,0,0,0,0,0,0,72.4,-14.213,17.3632,163.73,219.47,0,0,0,0,0
neuromorpho__S2KO_25.swc,1443,pyramidal,0.927302,0,1442,0,0,0,0,0,0,0,0,0,0,0,0.987712,0.000323599,0.987703,0.987703,0.987703,0.987703,0.987703,0,0,0,0,0,0,0,0,0.987703,0.987703,0,0,0,0,43,0.987989,0.987703,0.987703,0,0,88,0,0,0,0,0,0,142.06,-28.9527,31.9004,172.68,184.03,0,0,0,0,0
neuromorpho__S2KO_27.swc,2186,pyramidal,0.988871,0,2185,0,0,0,0,0,0,0,0,0,0,0,0.987709,0.000262946,0.987703,0.987703,0.987703,0.987703,0.987703,0,0,0,0,0,0,0,0,0.987703,0.987703,0,0,0,0,65,0.987892,0.987703,0.987703,0,0,73.6,0,0,0,0,0,0,125.87,-23.7955,25.6494,158.17,190.41,0,0,0,0,0
neuromorpho__S2KO_30.swc,1635,pyramidal,0.972725,0,1634,0,0,0,0.0862385,0.0862385,0.0270612,-0.0862385,0.0862385,0,0,0,0.968427,0.0577612,0.658305,0.872958,0.889108,0.987693,0.987703,0,0,0.0232416,0.0232416,0.103364,0,0,0,0.968408,0.889108,0.0232558,0,0,0,56,0.960513,0.658305,0.869999,0.0178571,0.0178571,70.5,0,0,0,0,0,0,133,-18.8164,26.1192,180.19,187.54,0,0,0,0,0
neuromorpho__S2KO_31.swc,1459,pyramidal,0.939166,0,1458,0,0,0,0.17135,0.17135,0.0436834,-0.17135,0.17135,0,0,0,0.97359,0.0316834,0.844417,0.893681,0.91747,0.987703,0.987703,0,0,0,0,0.0760795,0,0,0,0.973572,0.91747,0,0,0,0,57,0.965691,0.844417,0.891431,0,0,67.8,0,0,0,0,0,0,113.61,-16.0134,18.8645,146.54,195.71,0,0,0,0,0
neuromorpho__S2KO_4.swc,505,pyramidal,0.971345,0,504,0,0,0,0,0,0,0,0,0,0,0,0.987728,0.000546657,0.987703,0.987703,0.987703,0.987703,0.987703,0,0,0,0,0,0,0,0,0.987703,0.987703,0,0,0,0,47,0.987965,0.987703,0.987703,0,0,22.4,0,0,0,0,0,0,117.7,-19.3072,25.8163,141.19,191.25,0,0,0,0,0
neuromorpho__S2_11.swc,2076,pyramidal,0.961949,0,2075,0,0,0,0,0,0,0,0,0,0,0,0.987709,0.000269819,0.987703,0.987703,0.987703,0.987703,0.987703,0,0,0,0,0,0,0,0,0.987703,0.987703,0,0,0,0,53,0.987935,0.987703,0.987703,0,0,93.4,0,0,0,0,0,0,99.05,-9.72475,18.3048,183.69,196.74,0,0,0,0,0
neuromorpho__S2_14.swc,1584,pyramidal,0.955377,0,1583,0,0,0,0,0,0,0,0,0,0,0,0.987711,0.00030887,0.987703,0.987703,0.987703,0.987703,0.987703,0,0,0,0,0,0,0,0,0.987703,0.987703,0,0,0,0,50,0.987949,0.987703,0.987703,0,0,77.3,0,0,0,0,0,0,93.45,-14.3337,16.4346,170.17,213.42,0,0,0,0,0
neuromorpho__S2_18.swc,2576,pyramidal,0.977672,0,2575,0,0,0,0,0,0,0,0,0,0,0,0.987708,0.000242233,0.987703,0.987703,0.987703,0.987703,0.987703,0,0,0,0,0,0,0,0,0.987703,0.987703,0,0,0,0,74,0.987869,0.987703,0.987703,0,0,81.7,0,0,0,0,0,0,107.71,-17.1211,18.9989,209.43,280.18,0,0,0,0,0
neuromorpho__S2_2.swc,3160,pyramidal,0.953913,1032,2127,0,0,0,0,0,0,0,0,0,0,0,0.939034,0.0743279,0.3,0.844913,0.844913,0.84621,0.987703,0.00221519,0.00221519,0.00221519,0.00221519,0.328797,0.843331,0.814838,0,0.98544,0.987703,0.00329102,0,0,0,78,0.933745,0.3,0.844913,0,0,90,0,153.42,-16.0443,33.6189,154.13,144.14,123.14,-19.0737,22.869,176.99,283.79,0,0,0,0,0
neuromorpho__S2_24.swc,1562,pyramidal,0.989707,0,1561,0,0,0,0,0,0,0,0,0,0,0,0.987711,0.000311036,0.987703,0.987703,0.987703,0.987703,0.987703,0,0,0,0,0,0,0,0,0.987703,0.987703,0,0,0,0,56,0.987923,0.987703,0.987703,0,0,61.5,0,0,0,0,0,0,120.29,-22.275,23.5215,157.7,209.14,0,0,0,0,0
neuromorpho__S2_7.swc,1655,pyramidal,0.978509,0,1654,0,0,0,0,0,0,0,0,0,0,0,0.987711,0.000302176,0.987703,0.987703,0.987703,0.987703,0.987703,0,0,0,0,0,0,0,0,0.987703,0.987703,0,0,0,0,45,0.987976,0.987703,0.987703,0,0,80.6,0,0,0,0,0,0,115.72,-20.0899,21.9407,175.64,210.02,0,0,0,0,0
neuromorpho__S3058_20140409-x1-25.swc,11010,interneuron,0.995262,9449,1560,0,0,0,0,0,0,0,0,0,0,0,0.985411,0.0987861,0.3,0.999666,0.999666,0.999757,0.999757,0.0203451,0.0203451,0.0203451,0.0203451,0.0203451,0.983056,0.999757,0.0237062,0.999666,0.999666,0,0,0,0,427,0.99133,0.3,0.999666,0.00936768,0.0117096,64,0,257.35,-22.402,46.7924,291.69,531.99,121.29,-7.48344,18.2119,218.14,283.84,0,0,0,0,0
neuromorpho__S3117_20140612-x1-25.swc,8936,interneuron,0.954075,7781,1154,0,0,0,0,0,0,0,0,0,0,0,0.951666,0.177009,0.3,0.3,0.999666,0.999757,0.999757,0.0687108,0.0687108,0.0687108,0.0687108,0.0687108,0.952363,0.999757,0.0677291,0.946918,0.999666,0.0753899,0,0,0,274,0.991281,0.3,0.999666,0.0109489,0.0145985,74.7,0,251.24,-23.0413,44.8383,600.02,504.32,123.65,-11.7021,26.3855,231.32,278.21,0,0,0,0,0
neuromorpho__SDGA1_slide2_neuron4.swc,2516,pyramidal,0.968435,13,996,1506,0,0,0,0,0,0,0,0,0,0,0.881376,0.244854,0.3,0.3,0.3,0.982145,0.982145,0.150636,0.150636,0.150636,0.150636,0.150636,0.962653,0.962653,0,0.955251,0.987703,0.0471888,0.831738,0.3,0.220452,111,0.89428,0.3,0.3,0.126126,0.135135,46,-30.2705,17.34,29.2113,6.5582,8.67,10.46,144.59,28.2521,25.6316,300.49,296.48,128.66,23.1545,19.3763,282.65,817.25
neuromorpho__SDGA2_slide2_neuron2.swc,1602,pyramidal,0.980336,16,986,599,0,0,0,0,0,0,0,0,0,0,0.909153,0.214078,0.3,0.3,0.3,0.982145,0.982145,0.109863,0.109863,0.109863,0.109863,0.109863,0.994317,0.994317,0,0.878557,0.3,0.156187,0.957091,0.982145,0.0367279,69,0.913571,0.3,0.767312,0.101449,0.130435,56,-40.5861,8.78,9.12424,2.76797,19.06,12.18,119.58,1.6283,26.2863,376.4,327.28,81.1,20.7479,20.0772,176.82,467.04
neuromorpho__SDGA3_slide2_neuron3.swc,2041,pyramidal,0.849081,251,403,1386,0,0,0,0,0,0,0,0,0,0,0.825379,0.274175,0.3,0.3,0.3,0.758902,0.982145,0.205292,0.205292,0.205292,0.280745,0.280745,0.573841,0.3,0.386454,0.965519,0.987703,0.0322581,0.830058,0.3,0.222944,73,0.895069,0.3,0.645908,0.109589,0.178082,57.6,-3.68316,96.08,4.79913,17.9963,178.55,406.07,83.66,-16.1673,17.9831,187.55,182.94,140.93,7.71047,28.0392,353.37,994.16
neuromorpho__SM080902A3-1.swc,7647,interneuron,0.994595,6571,1075,0,0,0,0,0,0,0,0,0,0,0,0.917702,0.224629,0.3,0.3,0.3,0.999666,0.999757,0.116778,0.116778,0.116778,0.116778,0.116778,0.904281,0.3,0.1359,0.999666,0.999666,0,0,0,0,268,0.955583,0.3,0.977201,0.0597015,0.0671642,64.9,0,267.46,-53.0803,54.2976,774.78,550.48,85.76,-20.1476,16.4784,168.11,161.62,0,0,0,0,0
neuromorpho__SM080903A2.swc,1939,interneuron,0.992549,1539,399,0,0,0,0,0,0,0,0,0,0,0,0.99862,0.0164592,0.3,0.999555,0.999666,0.999666,0.999757,0.00051573,0.00051573,0.00051573,0.00051573,0.00051573,0.998348,0.999555,0.000649773,0.999666,0.999666,0,0,0,0,104,0.997998,0.3,0.999666,0,0,42.5,0.00333333,97.87,-6.29142,18.6948,227.77,151.47,34.01,-10.235,6.80892,77.4,136.48,0,0,0,0,0
neuromorpho__SST2A-GFP-SST-VGLUT2-cell-2.swc,96,interneuron,0.523979,0,95,0,0,0,0,0,0,0,0,0,0,0,0.903584,0.0326527,0.851549,0.851549,0.851549,0.851549,0.91453,0,0,0,0,0.260417,0,0,0,0.902569,0.851549,0,0,0,0,12,0.91293,0.851549,0.851549,0,0,13.6,0,0,0,0,0,0,8,-0.142105,2.35826,18.37,76.65,0,0,0,0,0
neuromorpho__SST2A-GFP-SST-VGLUT2-cell-3.swc,123,interneuron,0.576692,0,122,0,0,0,0,0,0,0,0,0,0,0,0.919339,0.014282,0.91164,0.91164,0.91164,0.91164,0.91164,0,0,0,0,0,0,0,0,0.918678,0.91164,0,0,0,0,15,0.927071,0.91164,0.91164,0,0,16.8,0,0,0,0,0,0,6,1.34426,1.52987,12.45,81.09,0,0,0,0,0
neuromorpho__SST2A-GFP-SST-VGLUT2-cell-7.swc,217,interneuron,0.525415,0,216,0,0,0,0,0,0,0,0,0,0,0,0.940442,0.00440742,0.938224,0.938224,0.938224,0.938224,0.94172,0,0,0,0,0,0,0,0,0.940167,0.938224,0,0,0,0,19,0.9435,0.938224,0.938224,0,0,20.4,-0.183333,0,0,0,0,0,11,-5.98472,2.60426,54.66,125.05,0,0,0,0,0
neuromorpho__SST2A-GFP-SST-VGLUT2-cell-9.swc,82,interneuron,0.848232,0,81,0,0,0,0,0,0,0,0,0,0,0,0.989546,0.0115548,0.971335,0.971335,0.971335,0.971335,0.994705,0,0,0,0,0,0,0,0,0.989417,0.971335,0,0,0,0,10,0.991553,0.971335,0.971335,0,0,20,0,0,0,0,0,0,22.99,-4.1542,7.39932,24.48,44.34,0,0,0,0,0
neuromorpho__STRESS-2-N7.swc,816,interneuron,0.98812,0,815,0,0,0,0,0,0,0,0,0,0,0,0.999667,1.16819e-05,0.999666,0.999666,0.999666,0.999666,0.999666,0,0,0,0,0,0,0,0,0.999666,0.999666,0,0,0,0,19,0.999684,0.999666,0.999666,0,0,108,0,0,0,0,0,0,6.17,0.266945,1.23117,56.73,112.39,0,0,0,0,0
neuromorpho__STRESS-3-N1.swc,991,interneuron,0.990251,0,990,0,0,0,0,0,0,0,0,0,0,0,0.999666,1.06015e-05,0.999666,0.999666,0.999666,0.999666,0.999666,0,0,0,0,0,0,0,0,0.999666,0.999666,0,0,0,0,14,0.99969,0.999666,0.999666,0,0,105.3,0,0,0,0,0,0,13.87,-1.53483,2.15373,59.61,82.42,0,0,0,0,0
neuromorpho__STRESS-5-N1.swc,1120,interneuron,0.996052,0,1119,0,0,0,0,0,0,0,0,0,0,0,0.999666,9.97287e-06,0.999666,0.999666,0.999666,0.999666,0.999666,0,0,0,0,0,0,0,0,0.999666,0.999666,0,0,0,0,11,0.999696,0.999666,0.999666,0,0,184,0,0,0,0,0,0,12.68,-1.52534,2.99889,80.58,145.05,0,0,0,0,0
neuromorpho__STRESS-5-N4.swc,559,interneuron,0.993889,0,558,0,0,0,0,0,0,0,0,0,0,0,0.999667,1.411e-05,0.999666,0.999666,0.999666,0.999666,0.999666,0,0,0,0,0,0,0,0,0.999666,0.999666,0,0,0,0,6,0.999722,0.999666,0.999666,0,0,165.5,0,0,0,0,0,0,11.05,2.48513,3.06886,56.16,90.3,0,0,0,0,0
neuromorpho__STRESS-5-N7.swc,1112,interneuron,0.99572,0,1111,0,0,0,0,0,0,0,0,0,0,0,0.999666,1.00086e-05,0.999666,0.999666,0.999666,0.999666,0.999666,0,0,0,0,0,0,0,0,0.999666,0.999666,0,0,0,0,9,0.999703,0.999666,0.999666,0,0,267.4,0,0,0,0,0,0,12.41,1.22617,3.57533,77.92,156.16,0,0,0,0,0
neuromorpho__STRESS-6-N1.swc,861,interneuron,0.988929,0,860,0,0,0,0,0,0,0,0,0,0,0,0.999666,1.13728e-05,0.999666,0.999666,0.999666,0.999666,0.999666,0,0,0,0,0,0,0,0,0.999666,0.999666,0,0,0,0,16,0.999687,0.999666,0.999666,0,0,121,0,0,0,0,0,0,13.53,-2.75348,4.35458,89.99,93.71,0,0,0,0,0
neuromorpho__STRESS-6-N3_1.swc,1352,interneuron,0.984175,0,1351,0,0,0,0,0,0,0,0,0,0,0,0.999666,9.07767e-06,0.999666,0.999666,0.999666,0.999666,0.999666,0,0,0,0,0,0,0,0,0.999666,0.999666,0,0,0,0,18,0.999685,0.999666,0.999666,0,0,124.6,0,0,0,0,0,0,7.52,0.893568,1.34185,88.95,169.35,0,0,0,0,0
neuromorpho__STRESS-6-N7.swc,580,interneuron,0.992405,0,579,0,0,0,0,0,0,0,0,0,0,0,0.999667,1.38527e-05,0.999666,0.999666,0.999666,0.999666,0.999666,0,0,0,0,0,0,0,0,0.999666,0.999666,0,0,0,0,9,0.999703,0.999666,0.999666,0,0,92,0,0,0,0,0,0,6.48,0.49487,1.41551,49.17,64.93,0,0,0,0,0
neuromorpho__STRESS-7-N1.swc,1362,interneuron,0.993673,0,1361,0,0,0,0,0,0,0,0,0,0,0,0.999666,9.0443e-06,0.999666,0.999666,0.999666,0.999666,0.999666,0,0,0,0,0,0,0,0,0.999666,0.999666,0,0,0,0,17,0.999686,0.999666,0.999666,0,0,164.8,0,0,0,0,0,0,10.86,0.445569,2.4654,108.47,146.51,0,0,0,0,0
neuromorpho__STRESS-7-N2.swc,1257,interneuron,0.988715,0,1256,0,0,0,0,0,0,0,0,0,0,0,0.999666,9.41419e-06,0.999666,0.999666,0.999666,0.999666,0.999666,0,0,0,0,0,0,0,0,0.999666,0.999666,0,0,0,0,22,0.999681,0.999666,0.999666,0,0,112.3,0,0,0,0,0,0,12.63,3.13175,3.67915,72,175.5,0,0,0,0,0
neuromorpho__STRESS-7-N3.swc,1352,interneuron,0.995111,0,1351,0,0,0,0,0,0,0,0,0,0,0,0.999666,9.07767e-06,0.999666,0.999666,0.999666,0.999666,0.999666,0,0,0,0,0,0,0,0,0.999666,0.999666,0,0,0,0,9,0.999703,0.999666,0.999666,0,0,327.2,0,0,0,0,0,0,7.43,1.23917,1.68656,116.72,188.54,0,0,0,0,0
neuromorpho__SW150113-01RabiesPHALPFC_x772_y876_z296_10.swc,514,pyramidal,0.992864,9,504,0,0,0,0,0,0,0,0,0,0,0,0.987843,0.00102009,0.987681,0.987703,0.987703,0.987703,0.987703,0,0,0,0,0,0.994317,0.994317,0,0.987703,0.987703,0,0,0,0,70,0.987973,0.987681,0.987703,0,0,18.1,0,3.98,1.43,1.7211,25.86,21.02,74.56,1.4651,13.3863,165.75,243.85,0,0,0,0,0
neuromorpho__SW150113-01RabiesPHALPFC_x772_y876_z296_15.swc,676,pyramidal,0.973142,11,664,0,0,0,0,0,0,0,0,0,0,0,0.981787,0.0279162,0.814838,0.940273,0.987693,0.987703,0.987703,0,0,0,0,0.0266272,0.940273,0.940273,0,0.982448,0.987693,0,0,0,0,92,0.982835,0.814838,0.987693,0,0,15,0,0,0,0,10.46,8.98,94.2,-8.95914,19.6638,183.71,266.82,0,0,0,0,0
neuromorpho__SW150113-01RabiesPHALPFC_x772_y876_z296_2.swc,2041,pyramidal,0.865459,31,2009,0,0,0,0,0,0.0035048,0,0,0,0,0,0.985483,0.0108936,0.90561,0.983642,0.987681,0.987693,0.987703,0,0,0,0,0,0.940273,0.940273,0,0.986174,0.987693,0,0,0,0,294,0.986403,0.90561,0.987693,0,0,14,0,24.04,11.1145,7.77115,60.58,132.27,108.06,-2.10779,14.6659,239.88,367.17,0,0,0,0,0
neuromorpho__SW150113-01RabiesPHALPFC_x772_y876_z296_5.swc,507,pyramidal,0.991617,160,346,0,0,0,0,0,0.0300207,0,0,0,0,0,0.849548,0.174915,0.3,0.515898,0.692014,0.72567,0.938628,0.0315582,0.0828402,0.167653,0.394477,0.406312,0.713744,0.692014,0.28125,0.911913,0.515898,0.115607,0,0,0,51,0.885744,0.3,0.72567,0.0588235,0.333333,25,0,117.58,24.124,32.5112,143.06,315.28,119.66,-1.7598,23.1899,131.89,435.49,0,0,0,0,0
neuromorpho__Saline03_Neuron1_CA1_PN_F_Slide3_R2_C4.swc,658,pyramidal,0.992672,0,0,657,0,0,0,0,0,0,0,0,0,0,0.982172,0.000695536,0.982145,0.982145,0.982145,0.982145,0.982145,0,0,0,0,0,0,0,0,0,0,0,0.982145,0.982145,0,76,0.98238,0.982145,0.982145,0,0,16.5,0,0,0,0,0,0,0,0,0,0,0,102.76,-17.0775,20.9951,225.43,340.13
neuromorpho__Sept12-IR1d-40x-low-MMcorrect-res.swc,4312,pyramidal,0.946612,5,1783,2523,0,0,0,0,0,0,0,0,0,0,0.983988,0.0138229,0.58638,0.982145,0.982145,0.982145,0.982145,0,0.00115955,0.00115955,0.00115955,0.00115955,0.58638,0.58638,1,0.987703,0.987703,0,0.982145,0.982145,0,71,0.979171,0.58638,0.982145,0.0140845,0.0140845,141,0,3.51,-5.296,1.26232,4.04,0.81,64.16,9.47019,13.0526,242.71,235.83,88.94,8.42599,16.8128,210.66,351.76
neuromorpho__SstCre_cell4.swc,642,pyramidal,0.969625,86,285,270,0,0,0,0,0.0296241,0,0,0,0,0,0.94943,0.118586,0.3,0.864492,0.879862,0.981148,0.982145,0.029595,0.029595,0.029595,0.029595,0.127726,0.798818,0.3,0.22093,0.987703,0.987703,0,0.956817,0.876646,0,87,0.964711,0.3,0.881541,0.0114943,0.0114943,15,0,47.82,-15.3131,13.1193,383.1,161.94,70.4,-16.4175,13.5497,168.81,216.09,108.99,-4.06922,21.0344,190.77,267.26
neuromorpho__Stroke-Feb23-IR1-3g-40x-low-res.swc,13390,pyramidal,0.975655,0,5723,7666,0,0,0,0,0,0,0,0,0,0,0.90918,0.214597,0.3,0.3,0.3,0.982145,0.982145,0.110381,0.110381,0.110381,0.110381,0.110381,0,0,0,0.974485,0.987703,0.0192207,0.860416,0.3,0.17845,160,0.931867,0.3,0.881838,0.075,0.075,213.2,0,0,0,0,0,0,75.11,-8.33593,15.2893,435.66,324.08,80.36,-8.36111,12.5756,419.19,651
neuromorpho__StrokeFeb23IR1-3n40xlowres.swc,3604,pyramidal,0.919665,0,1354,2249,0,0,0,0,0,0,0,0,0,0,0.963552,0.117215,0.3,0.981474,0.981687,0.982145,0.982145,0.0302442,0.0302442,0.0302442,0.0302442,0.0302442,0,0,0,0.987703,0.987703,0,0.948995,0.981602,0.048466,100,0.956174,0.3,0.981602,0.04,0.04,69.7,0,0,0,0,0,0,73.85,0.752083,13.3806,385.39,223.91,74.9,1.02293,11.5082,393.64,604.73
neuromorpho__Strokefeb23IR3-3i40xlowres.swc,7429,pyramidal,0.751035,0,5353,2075,0,0,0.0368825,0.0368825,0.0697363,-0.0368825,0.0368825,0,0,0,0.963737,0.094805,0.3,0.837935,0.959929,0.981474,0.987703,0.017499,0.017499,0.020595,0.020595,0.0539777,0,0,0,0.957403,0.955564,0.027648,0.980061,0.981148,0.00240964,120,0.970425,0.3,0.944375,0.0166667,0.0166667,185.2,0,0,0,0,0,0,68.21,4.40353,12.215,332.15,444.4,66.46,5.29766,13.611,384.66,264.95
neuromorpho__Strokefeb23IR3-3j40xlowres.swc,3639,pyramidal,0.978664,28,1146,2464,0,0,0.0406705,0.0406705,0.010728,-0.0252817,0.0252817,0,0,0,0.966882,0.0875122,0.3,0.89506,0.981639,0.982145,0.982145,0.0153888,0.0153888,0.0153888,0.0153888,0.0508381,0.803072,0.3,0.214286,0.952407,0.870802,0.0226876,0.975463,0.982145,0.00974026,126,0.95986,0.3,0.881046,0,0,76.5,0,15.77,-15.8668,6.37873,184.35,144.79,74.42,-10.9227,13.0816,495.29,423.3,57.39,-2.56674,11.3454,369.56,511.45
neuromorpho__T118_NeuronC_40X_Tile_Trace_RK.swc,2752,pyramidal,0.98902,0,1209,1542,0,0,0,0,0,0,0,0,0,0,0.88729,0.239367,0.3,0.3,0.3,0.982145,0.982145,0.142442,0.142442,0.142442,0.142442,0.142442,0,0,0,0.949023,0.987703,0.0562448,0.838815,0.3,0.210117,88,0.932569,0.3,0.908351,0.0681818,0.0681818,66.6,0,0,0,0,0,0,21.85,-8.59177,6.22021,279.56,266.57,82.41,46.0034,20.8139,291.79,767.41
neuromorpho__T119a.swc,7327,interneuron,0.688022,0,7326,0,0,0,0,0,0,0,0,0,0,0,0.750515,0.330682,0.3,0.3,0.3,0.3,0.994705,0.349939,0.349939,0.349939,0.349939,0.349939,0,0,0,0.750481,0.3,0.349986,0,0,0,201,0.901844,0.3,0.3,0.144279,0.149254,88,-4.84286,0,0,0,0,0,1043.15,-47.811,195.247,617.29,686.05,0,0,0,0,0
neuromorpho__T44a.swc,4278,interneuron,0.956074,598,3679,0,0,0,0,0,0,0,0,0,0,0,0.631958,0.334664,0.3,0.3,0.3,0.3,0.619835,0.489247,0.490884,0.527583,0.570827,0.570827,0.510385,0.3,0.692308,0.651619,0.3,0.500951,0,0,0,59,0.636005,0.3,0.3,0.610169,0.711864,269.4,-2.75083,261.63,-64.6197,65.3769,306.52,345.54,254.93,-28.176,47.1705,356.82,701.07,0,0,0,0,0
neuromorpho__T45_NeuronC_Tile_Trace_RK.swc,2000,pyramidal,0.962231,0,1999,0,0,0,0,0,0,0,0,0,0,0,0.987709,0.000274897,0.987698,0.987703,0.987703,0.987703,0.987703,0,0,0,0,0,0,0,0,0.987703,0.987703,0,0,0,0,94,0.987834,0.987698,0.987703,0,0,53.1,0,0,0,0,0,0,1.02,-0.156543,0.355534,77.05,120.82,0,0,0,0,0
neuromorpho__T61_NeuronC_40X_Tile_Trace_MK.swc,2189,pyramidal,0.964755,12,911,1265,0,0,0,0,0,0,0,0,0,0,0.925607,0.190933,0.3,0.3,0.981687,0.982145,0.982145,0.0849703,0.0849703,0.0849703,0.0849703,0.0904523,0.84621,0.84621,0,0.94392,0.987703,0.0636663,0.913113,0.3,0.101186,90,0.966594,0.3,0.969332,0.0222222,0.0444444,62.4,0,0,0.25,0,33.64,40.09,9.69,-3.24656,3.73414,437.46,244.99,11.56,0.431107,1.87117,362.01,710.4
neuromorpho__T66_NeuronB_Tile_Trace_RK.swc,575,pyramidal,0.990997,0,179,395,0,0,0.686957,0.686957,0.0650405,-0.686957,0,0.686957,0.686957,0,0.732045,0.196048,0.520062,0.520062,0.520062,0.521152,0.741368,0,0.4,0.4,0.686957,0.686957,0,0,0,0.987703,0.987703,0,0.615511,0.520062,0.582278,71,0.761658,0.520062,0.520062,0.408451,0.549296,17,0,0,0,0,0,0,0,0,0,33.34,23,0,0.21,2.77556e-17,31.51,48.85
neuromorpho__T75_NeuronA_40X_Tile_Trace_MK.swc,1433,pyramidal,0.993355,0,708,724,0,0,0.505234,0.505234,0.137337,0,-0.505234,0.505234,0.505234,0,0.937747,0.0497702,0.874458,0.878306,0.880503,0.890602,0.902775,0,0,0,0,0.442428,0,0,0,0.987703,0.987703,0,0.888809,0.878611,0,64,0.954696,0.874458,0.88081,0,0,56.1,0,0,0,0,0,0,0.21,0.0478672,0.0662076,21.43,11.32,0.06,-0.00070442,0.0124455,14.45,44.89
neuromorpho__T77_40X_NeuronB_Tile_Trace_RK.swc,2261,pyramidal,0.992841,1200,1060,0,0,0,0,0,0,0,0,0,0,0,0.926152,0.0680139,0.814794,0.814794,0.814794,0.841767,0.937296,0,0,0,0,0.326404,0.87172,0.814794,0,0.987703,0.987703,0,0,0,0,116,0.916229,0.814794,0.814794,0,0,58.5,0,1.35,-0.104617,0.141927,45.87,78.19,0.25,0.00983019,0.035782,45,27.32,0,0,0,0,0
neuromorpho__T77_NeuronA_Tile_Trace_MK.swc,2171,pyramidal,0.743754,0,1066,1104,0,0,0.508521,0.508521,0.178363,-0.508521,0,0.508521,0.508521,0,0.929244,0.0581342,0.841329,0.854461,0.859381,0.873878,0.891844,0,0,0,0,0.508521,0,0,0,0.987703,0.987703,0,0.872733,0.854461,0,77,0.92578,0.841329,0.864047,0,0,71.2,0,0,0,0,0,0,0.59,0.138977,0.153234,32.17,31.03,1.53,0.239484,0.399054,29.59,47.79
neuromorpho__T80_NeuronB_40X_Tile_Trace_MB.swc,448,pyramidal,0.982562,0,186,261,0,0,0.582589,0.582589,0.201912,0,-0.582589,0.582589,0.582589,0,0.959513,0.0269879,0.916734,0.922245,0.924362,0.936397,0.941632,0,0,0,0,0,0,0,0,0.987703,0.987703,0,0.939268,0.922245,0,75,0.954061,0.916734,0.92248,0,0,14,0,0,0,0,0,0,0.22,0.0130108,0.0445113,50.15,35.76,0.63,-0.134943,0.24022,28.34,109.75
neuromorpho__T84_NeuronB_tile_trace_RK.swc,1797,pyramidal,0.984043,0,1796,0,0,0,0,0,0,0,0,0,0,0,0.948092,0.0549976,0.871753,0.871753,0.871753,0.871753,0.987703,0,0,0,0,0.341681,0,0,0,0.948063,0.871753,0,0,0,0,113,0.931376,0.871753,0.871753,0,0,38.6,0,0,0,0,0,0,2.19,-0.1573,0.323052,40.69,75.47,0,0,0,0,0
neuromorpho__TDI21301006_Cell1_pia.swc,39688,interneuron,0.996508,36717,2970,0,0,0,0,0,0,0,0,0,0,0,0.998481,0.0293778,0.3,0.999666,0.999757,0.999757,0.999757,0.00176376,0.00176376,0.00176376,0.00176376,0.00176376,0.999624,0.999757,0.000136177,0.984354,0.999666,0.0218855,0,0,0,1880,0.999527,0.3,0.999757,0,0,50,0,332.9,16.7924,64.4536,301.25,511.2,166.57,8.39257,27.1058,219.08,451.5,0,0,0,0,0
neuromorpho__TDI21301008_Cell14_spine_pia.swc,12453,interneuron,0.997072,10378,2074,0,0,0,0,0,0,0,0,0,0,0,0.997326,0.0410473,0.3,0.999666,0.999666,0.999757,0.999757,0.00345298,0.00345298,0.00345298,0.00345298,0.00345298,0.999757,0.999757,0,0.98516,0.999666,0.0207329,0,0,0,1108,0.998395,0.3,0.999757,0.00180505,0.00180505,25,0,282.3,36.9088,45.1177,235.95,354.08,128.64,0.909079,18.45,153.27,225.56,0,0,0,0,0
neuromorpho__TDI21301008_Cell20_pia.swc,19522,interneuron,0.996742,17384,2137,0,0,0,0,0,0,0,0,0,0,0,0.999747,2.85528e-05,0.999666,0.999666,0.999666,0.999757,0.999757,0,0,0,0,0,0.999757,0.999757,0,0.999666,0.999666,0,0,0,0,1861,0.999753,0.999666,0.999757,0,0,25,0,416.12,11.0439,74.4727,338.88,335.58,170.32,3.21714,31.5602,166.39,315.86,0,0,0,0,0
neuromorpho__TDI21301009_Cell2_pia.swc,32855,interneuron,0.996418,30125,2729,0,0,0,0,0,0,0,0,0,0,0,0.993871,0.060631,0.3,0.999555,0.999666,0.999757,0.999757,0.00754832,0.00754832,0.00754832,0.00754832,0.00754832,0.999106,0.999555,0,0.936083,0.999666,0.0908758,0,0,0,2386,0.99658,0.3,0.999555,0.00335289,0.00335289,31,0,223.86,2.06181,35.9047,322.32,614.08,173.56,-10.6453,30.7307,243.96,384.06,0,0,0,0,0
neuromorpho__TDI21301009_cell5_L6_pia_WM.swc,7179,interneuron,0.997021,6458,720,0,0,0,0,0,0,0,0,0,0,0,0.999735,0.000512004,0.980369,0.999666,0.999666,0.999757,0.999757,0,0,0,0,0,0.999742,0.999757,0,0.999666,0.999666,0,0,0,0,814,0.999681,0.980369,0.999757,0,0,20,0,342.98,-19.8727,68.6186,359.19,258.9,154.18,-2.38878,27.6655,182.11,307.44,0,0,0,0,0
neuromorpho__TDI21301010_cell3_spines.swc,20245,interneuron,0.996784,17957,2287,0,0,0,0,0,0,0,0,0,0,0,0.997466,0.0398883,0.3,0.999666,0.999666,0.999757,0.999757,0.00326006,0.00326006,0.00326006,0.00326006,0.00326006,0.999757,0.999757,0,0.979475,0.999666,0.0288588,0,0,0,1985,0.999612,0.3,0.999757,0,0.000503778,25,0,265.02,23.2983,56.1539,329.63,243.84,119.27,-9.88787,21.3666,204.42,244.64,0,0,0,0,0
neuromorpho__TDI21301012_Cell8_spine_pia.swc,8273,interneuron,0.996404,6880,1392,0,0,0,0,0,0,0,0,0,0,0,0.999675,0.00113175,0.980046,0.999666,0.999666,0.999757,0.999757,0,0,0,0,0,0.999677,0.999757,0,0.999666,0.999666,0,0,0,0,1004,0.999692,0.980046,0.999757,0,0,19.7,0,279.81,32.6503,55.0696,391.98,278.33,167.31,-14.3797,30.8321,133.78,220.02,0,0,0,0,0
neuromorpho__TDI21301012_cell5_spine_pia.swc,10504,interneuron,0.996862,9378,1125,0,0,0,0,0,0,0,0,0,0,0,0.994951,0.0577347,0.3,0.999666,0.999666,0.999757,0.999757,0.00685453,0.00685453,0.00685453,0.00685453,0.00685453,0.994385,0.999757,0.00767754,0.999666,0.999666,0,0,0,0,818,0.999369,0.3,0.999757,0,0.00122249,29,0,209.26,-2.77697,36.168,228.2,256.04,132.27,3.18714,22.6209,127.73,174.74,0,0,0,0,0
neuromorpho__TDI21301013_Cell1_pia.swc,24217,interneuron,0.996531,22011,2205,0,0,0,0,0,0,0,0,0,0,0,0.999749,2.70602e-05,0.999555,0.999666,0.999757,0.999757,0.999757,0,0,0,0,0,0.999757,0.999757,0,0.999666,0.999666,0,0,0,0,2639,0.999753,0.999555,0.999757,0,0,21,0,271.07,11.8808,45.3426,498.28,371.25,118.83,-10.7017,22.6843,168.71,356.24,0,0,0,0,0
neuromorpho__TDI21301015_Cell3_Pia.swc,18063,interneuron,0.996829,15984,2078,0,0,0,0,0,0,0,0,0,0,0,0.995447,0.0546851,0.3,0.999666,0.999666,0.999757,0.999757,0.00614516,0.00614516,0.00614516,0.00614516,0.00614516,0.999757,0.999757,0,0.962292,0.999666,0.0534167,0,0,0,1199,0.997382,0.3,0.999757,0.00333611,0.00333611,35,0,213.7,-3.0534,35.8259,249.5,375.82,137.75,-5.78683,21.6776,121.34,267.68,0,0,0,0,0
neuromorpho__TDI21301017_cell10_withoutspine_pia.swc,9686,interneuron,0.996947,8676,1009,0,0,0,0,0,0,0,0,0,0,0,0.997798,0.0368931,0.3,0.999666,0.999666,0.999757,0.999757,0.00278753,0.00278753,0.00278753,0.00278753,0.00278753,0.999757,0.999757,0,0.980944,0.999666,0.0267592,0,0,0,1416,0.999602,0.3,0.999757,0,0.000706215,15,0,315.87,-15.8358,57.6835,356.96,299.65,181.6,22.5461,33.8387,232.91,268.53,0,0,0,0,0
neuromorpho__TDI21301017_cell3_spines_pia.swc,23426,interneuron,0.980279,21445,1980,0,0,0,0,0,0,0,0,0,0,0,0.999233,0.0188479,0.3,0.999666,0.999757,0.999757,0.999757,0.000725689,0.000725689,0.000725689,0.000725689,0.000725689,0.999747,0.999757,0,0.993659,0.999666,0.00858586,0,0,0,2219,0.999093,0.3,0.999757,0.000901307,0.000901307,24,0,291.84,-32.6333,52.4767,287.47,318.93,135.65,2.66267,25.8223,152.9,238.8,0,0,0,0,0
neuromorpho__TDI21301018_Cell1_pia.swc,11483,interneuron,0.996321,10460,1022,0,0,0,0,0,0,0,0,0,0,0,0.999383,0.0159911,0.3,0.999666,0.999757,0.999757,0.999757,0.000522512,0.000522512,0.000522512,0.000522512,0.000522512,0.999757,0.999757,0,0.995558,0.999666,0.00587084,0,0,0,1885,0.999714,0.3,0.999757,0,0,13,0,234.66,-12.7613,34.1088,304.18,440.45,172.02,4.805,26.3282,168.6,285.02,0,0,0,0,0
neuromorpho__TDI21302012_Cell2_spine_pia.swc,12228,interneuron,0.992925,10682,1545,0,0,0,0,0,0,0,0,0,0,0,0.998373,0.0309701,0.3,0.999666,0.999666,0.999757,0.999757,0.00196271,0.00196271,0.00196271,0.00196271,0.00196271,0.999757,0.999757,0,0.988797,0.999666,0.015534,0,0,0,1088,0.999621,0.3,0.999757,0,0,26,0,270.65,25.8232,43.6479,382.52,332.32,150.21,6.81841,23.7169,181.05,278,0,0,0,0,0
neuromorpho__TM-03-01-18-m2A-R-364-quant.swc,19840,interneuron,0.996818,15708,4131,0,0,0,0,0,0,0,0,0,0,0,0.99392,0.0635468,0.3,0.999666,0.999666,0.999757,0.999757,0.00831653,0.00831653,0.00831653,0.00831653,0.00831653,0.999757,0.999757,0,0.97172,0.999666,0.0399419,0,0,0,513,0.996785,0.3,0.999757,0.00389864,0.00389864,92.6,0,142.47,-34.895,34.9747,418.07,818.57,98.78,-24.238,25.2023,149.7,337.87,0,0,0,0,0
neuromorpho__TM-03-06-18-m2A-R-quant-466-1.swc,4791,interneuron,0.992445,4256,534,0,0,0,0,0,0,0,0,0,0,0,0.979617,0.0703806,0.3,0.969809,0.969809,0.972519,0.986688,0.0102275,0.0102275,0.0102275,0.0102275,0.0102275,0.980549,0.969809,0.00657895,0.972151,0.999666,0.0393258,0,0,0,869,0.980901,0.3,0.969809,0.00690449,0.00805524,10,0,357.76,-33.3497,52.9274,666.56,539.36,135.76,-24.344,26.5878,400.42,405.95,0,0,0,0,0
neuromorpho__TM-06-23-15-ER.swc,15949,interneuron,0.996882,13400,2548,0,0,0,0,0,0,0,0,0,0,0,0.996407,0.0481884,0.3,0.999666,0.999666,0.999757,0.999757,0.00476519,0.00476519,0.00476519,0.00476519,0.00476519,0.999755,0.999757,0,0.978797,0.999666,0.0298273,0,0,0,664,0.997298,0.3,0.999757,0.00301205,0.00301205,54.7,0,106.97,-15.73,16.1699,474.58,382.44,70.97,-6.99958,12.9981,228.48,318.28,0,0,0,0,0
neuromorpho__TM-06-25-15-BR.swc,28770,interneuron,0.997031,25526,3243,0,0,0,0,0,0,0,0,0,0,0,0.999736,0.000486113,0.969809,0.999666,0.999666,0.999757,0.999757,0,0,0,0,0,0.999744,0.999757,0,0.999666,0.999666,0,0,0,0,861,0.999604,0.969809,0.999757,0,0,78,0,102.05,-61.5823,15.3798,367.09,259.39,38.5,-1.33644,8.81723,176.88,243,0,0,0,0,0
neuromorpho__TM-11-12-13-DR.swc,26649,interneuron,0.996939,23457,3191,0,0,0,0,0,0,0,0,0,0,0,0.986581,0.094385,0.3,0.999666,0.999666,0.999757,0.999757,0.0185373,0.0185373,0.0185373,0.0185373,0.0185373,0.98674,0.999757,0.0182888,0.985414,0.999666,0.0203698,0,0,0,941,0.990774,0.3,0.999666,0.010627,0.0116897,73,0,273.93,37.1406,48.0793,453.8,699.63,135.04,18.0142,21.6813,229.2,491.63,0,0,0,0,0
neuromorpho__TT-02-21-14-2R.swc,11286,interneuron,0.993424,7846,3439,0,0,0,0,0,0,0,0,0,0,0,0.999713,0.000589619,0.969809,0.999666,0.999666,0.999666,0.999757,0,0,0,0,0,0.999734,0.999757,0,0.999666,0.999666,0,0,0,0,539,0.999582,0.969809,0.999666,0,0,56.2,0,143,-39.1415,34.6576,536.9,745.42,87.46,-15.9357,20.0298,210.04,437.21,0,0,0,0,0
neuromorpho__TT-02-23-4-1R.swc,26560,interneuron,0.996381,17659,8900,0,0,0,0,0,0,0,0,0,0,0,0.97417,0.131257,0.3,0.999666,0.999666,0.999666,0.999757,0.0365211,0.0365211,0.0365211,0.0365211,0.0365211,0.981605,0.999757,0.0259358,0.959416,0.999666,0.0575281,0,0,0,325,0.99609,0.3,0.999666,0,0.0123077,221,0,125.5,-20.5579,26.3728,387.09,369.58,71.95,-9.11631,14.7815,300.67,396.24,0,0,0,0,0
neuromorpho__TT-1-23-14-2R.swc,44384,interneuron,0.996639,35122,9261,0,0,0,0,0,0,0,0,0,0,0,0.975014,0.129177,0.3,0.999666,0.999666,0.999757,0.999757,0.035328,0.035328,0.035328,0.035328,0.035328,0.984291,0.999757,0.0220944,0.939831,0.999666,0.0855199,0,0,0,575,0.989859,0.3,0.999666,0.0156522,0.0156522,196.4,0,220.47,-25.4873,37.586,550.23,426.95,128.95,-27.4888,31.3452,483.22,538.82,0,0,0,0,0
neuromorpho__TT-12-12-13-2R.swc,28658,interneuron,0.996887,25085,3572,0,0,0,0,0,0,0,0,0,0,0,0.973859,0.130293,0.3,0.980046,0.999666,0.999757,0.999757,0.0360109,0.0360109,0.0360109,0.0360109,0.0360109,0.980671,0.999757,0.0261511,0.926017,0.3,0.105263,0,0,0,398,0.972654,0.3,0.999555,0.0351759,0.0376884,161.3,0,133.94,-25.318,23.4616,651.4,398.67,95.89,-10.1882,16.1787,171.11,475.87,0,0,0,0,0
neuromorpho__V1KO_12.swc,665,pyramidal,0.994131,0,664,0,0,0,0,0,0,0,0,0,0,0,0.987722,0.000476489,0.987703,0.987703,0.987703,0.987703,0.987703,0,0,0,0,0,0,0,0,0.987703,0.987703,0,0,0,0,43,0.987989,0.987703,0.987703,0,0,30.8,0,0,0,0,0,0,103.89,-21.7337,24.3297,170.52,190.1,0,0,0,0,0
neuromorpho__V1KO_15.swc,1185,pyramidal,0.933127,0,1184,0,0,0,0,0,0,0,0,0,0,0,0.987714,0.000357066,0.987703,0.987703,0.987703,0.987703,0.987703,0,0,0,0,0,0,0,0,0.987703,0.987703,0,0,0,0,46,0.987971,0.987703,0.987703,0,0,62.5,0,0,0,0,0,0,77.55,-14.3459,16.0181,142.58,152.89,0,0,0,0,0
neuromorpho__V1KO_17.swc,1379,pyramidal,0.979006,0,1378,0,0,0,0,0,0,0,0,0,0,0,0.987712,0.000331018,0.987703,0.987703,0.987703,0.987703,0.987703,0,0,0,0,0,0,0,0,0.987703,0.987703,0,0,0,0,43,0.987989,0.987703,0.987703,0,0,70.6,0,0,0,0,0,0,112.84,-23.0406,25.3309,128.21,194.32,0,0,0,0,0
neuromorpho__V1KO_18.swc,1009,pyramidal,0.892481,0,1008,0,0,0,0,0,0,0,0,0,0,0,0.987715,0.000386928,0.987703,0.987703,0.987703,0.987703,0.987703,0,0,0,0,0,0,0,0,0.987703,0.987703,0,0,0,0,39,0.988019,0.987703,0.987703,0,0,50.2,0,0,0,0,0,0,101.93,-19.5761,19.9819,154.38,185.17,0,0,0,0,0
neuromorpho__V1KO_23.swc,1477,pyramidal,0.950675,0,1476,0,0,0,0,0,0,0,0,0,0,0,0.987712,0.000319855,0.987703,0.987703,0.987703,0.987703,0.987703,0,0,0,0,0,0,0,0,0.987703,0.987703,0,0,0,0,38,0.988027,0.987703,0.987703,0,0,86.1,0,0,0,0,0,0,93.9,-12.937,18.3983,164.27,176.34,0,0,0,0,0
neuromorpho__V1KO_25.swc,1070,pyramidal,0.945551,0,1069,0,0,0,0,0,0,0,0,0,0,0,0.983132,0.041617,0.504088,0.983576,0.983576,0.987681,0.987693,0,0.00747664,0.00747664,0.00747664,0.00747664,0,0,0,0.983116,0.983576,0.00748363,0,0,0,28,0.969865,0.504088,0.983576,0.0357143,0.0357143,75,0,0,0,0,0,0,102.67,-18.5208,18.6572,128.35,176.74,0,0,0,0,0
neuromorpho__V1KO_4.swc,726,pyramidal,0.990635,0,725,0,0,0,0,0,0,0,0,0,0,0,0.98772,0.000456061,0.987703,0.987703,0.987703,0.987703,0.987703,0,0,0,0,0,0,0,0,0.987703,0.987703,0,0,0,0,42,0.987996,0.987703,0.987703,0,0,39,0,0,0,0,0,0,108.45,-15.3759,22.8031,188.52,191.37,0,0,0,0,0
neuromorpho__V1KO_5.swc,617,pyramidal,0.993997,0,616,0,0,0,0,0,0,0,0,0,0,0,0.987723,0.000494648,0.987703,0.987703,0.987703,0.987703,0.987703,0,0,0,0,0,0,0,0,0.987703,0.987703,0,0,0,0,48,0.987959,0.987703,0.987703,0,0,24.6,0,0,0,0,0,0,113.3,-22.0285,22.0865,177.76,196.7,0,0,0,0,0
neuromorpho__V1KO_6.swc,627,pyramidal,0.982681,0,626,0,0,0,0,0,0,0,0,0,0,0,0.987723,0.000490694,0.987703,0.987703,0.987703,0.987703,0.987703,0,0,0,0,0,0,0,0,0.987703,0.987703,0,0,0,0,42,0.987996,0.987703,0.987703,0,0,30.9,0,0,0,0,0,0,112.08,-19.5264,24.8787,184.54,244.47,0,0,0,0,0
neuromorpho__V1KO_8.swc,958,pyramidal,0.992869,0,957,0,0,0,0,0,0,0,0,0,0,0,0.987716,0.000397083,0.987703,0.987703,0.987703,0.987703,0.987703,0,0,0,0,0,0,0,0,0.987703,0.987703,0,0,0,0,56,0.987923,0.987703,0.987703,0,0,36,0,0,0,0,0,0,153.44,-33.5457,32.8127,179.52,227.8,0,0,0,0,0
neuromorpho__V1_12.swc,1810,pyramidal,0.976279,0,1809,0,0,0,0,0,0,0,0,0,0,0,0.98771,0.000288956,0.987703,0.987703,0.987703,0.987703,0.987703,0,0,0,0,0,0,0,0,0.987703,0.987703,0,0,0,0,42,0.987996,0.987703,0.987703,0,0,97.9,0,0,0,0,0,0,119.19,-31.1448,25.2609,181.14,218.2,0,0,0,0,0
neuromorpho__V1_21.swc,384,pyramidal,0.99212,0,383,0,0,0,0,0,0,0,0,0,0,0,0.987735,0.000626699,0.987703,0.987703,0.987703,0.987703,0.987703,0,0,0,0,0,0,0,0,0.987703,0.987703,0,0,0,0,26,0.988176,0.987703,0.987703,0,0,32.5,0,0,0,0,0,0,103.12,-27.0708,22.4485,117.54,188.61,0,0,0,0,0
neuromorpho__V1_25.swc,1519,pyramidal,0.98089,0,1518,0,0,0,0,0,0,0,0,0,0,0,0.987711,0.000315405,0.987703,0.987703,0.987703,0.987703,0.987703,0,0,0,0,0,0,0,0,0.987703,0.987703,0,0,0,0,49,0.987954,0.987703,0.987703,0,0,69.2,0,0,0,0,0,0,99.52,-15.7309,20.0808,146.17,161.75,0,0,0,0,0
neuromorpho__V1_28.swc,492,pyramidal,0.990176,0,491,0,0,0,0,0,0,0,0,0,0,0,0.987728,0.000553817,0.987703,0.987703,0.987703,0.987703,0.987703,0,0,0,0,0,0,0,0,0.987703,0.987703,0,0,0,0,44,0.987983,0.987703,0.987703,0,0,21,0,0,0,0,0,0,115.86,-19.7557,21.9388,131.82,210.04,0,0,0,0,0
neuromorpho__V1_31.swc,1578,pyramidal,0.986304,0,1577,0,0,0,0,0,0,0,0,0,0,0,0.987711,0.000309457,0.987703,0.987703,0.987703,0.987703,0.987703,0,0,0,0,0,0,0,0,0.987703,0.987703,0,0,0,0,48,0.987959,0.987703,0.987703,0,0,68,0,0,0,0,0,0,116.49,-26.9897,26.3521,163.89,176.94,0,0,0,0,0
neuromorpho__V1_35.swc,455,pyramidal,0.990157,0,454,0,0,0,0,0,0,0,0,0,0,0,0.98773,0.000575847,0.987703,0.987703,0.987703,0.987703,0.987703,0,0,0,0,0,0,0,0,0.987703,0.987703,0,0,0,0,39,0.988019,0.987703,0.987703,0,0,24.2,0,0,0,0,0,0,134.05,-18.193,27.9104,179.99,204.5,0,0,0,0,0
neuromorpho__V1_4.swc,1903,pyramidal,0.985109,0,1902,0,0,0,0,0,0,0,0,0,0,0,0.98771,0.000281811,0.987703,0.987703,0.987703,0.987703,0.987703,0,0,0,0,0,0,0,0,0.987703,0.987703,0,0,0,0,62,0.987902,0.987703,0.987703,0,0,65.7,0,0,0,0,0,0,90.13,-18.9005,19.7382,161.59,163.05,0,0,0,0,0
neuromorpho__V1_40.swc,1071,pyramidal,0.961507,0,1070,0,0,0,0,0,0,0,0,0,0,0,0.987715,0.000375572,0.987703,0.987703,0.987703,0.987703,0.987703,0,0,0,0,0,0,0,0,0.987703,0.987703,0,0,0,0,34,0.988065,0.987703,0.987703,0,0,75.2,0,0,0,0,0,0,115.25,-13.5729,24.6071,122.71,201.43,0,0,0,0,0
neuromorpho__V1_6.swc,743,pyramidal,0.977918,0,742,0,0,0,0,0,0,0,0,0,0,0,0.98772,0.000450821,0.987703,0.987703,0.987703,0.987703,0.987703,0,0,0,0,0,0,0,0,0.987703,0.987703,0,0,0,0,40,0.988011,0.987703,0.987703,0,0,38.1,0,0,0,0,0,0,153.02,-26.405,27.6932,190.36,221.46,0,0,0,0,0
neuromorpho__V2KO_13.swc,861,pyramidal,0.985779,0,860,0,0,0,0,0,0,0,0,0,0,0,0.987718,0.000418829,0.987703,0.987703,0.987703,0.987703,0.987703,0,0,0,0,0,0,0,0,0.987703,0.987703,0,0,0,0,52,0.98794,0.987703,0.987703,0,0,34,0,0,0,0,0,0,73.62,-10.6834,15.2053,183.05,245.41,0,0,0,0,0
neuromorpho__V2KO_17.swc,775,pyramidal,0.988679,0,774,0,0,0,0,0,0,0,0,0,0,0,0.987719,0.000441428,0.987703,0.987703,0.987703,0.987703,0.987703,0,0,0,0,0,0,0,0,0.987703,0.987703,0,0,0,0,54,0.987931,0.987703,0.987703,0,0,34,0,0,0,0,0,0,55.12,-7.06313,9.93564,214.09,210.27,0,0,0,0,0
neuromorpho__V2KO_19.swc,1146,pyramidal,0.992454,0,1145,0,0,0,0,0,0,0,0,0,0,0,0.987714,0.000363086,0.987703,0.987703,0.987703,0.987703,0.987703,0,0,0,0,0,0,0,0,0.987703,0.987703,0,0,0,0,69,0.987881,0.987703,0.987703,0,0,39,0,0,0,0,0,0,69.51,-8.85491,13.8186,219.78,275.86,0,0,0,0,0
neuromorpho__V2KO_24.swc,606,pyramidal,0.984155,0,605,0,0,0,0,0,0,0,0,0,0,0,0.987724,0.00049911,0.987703,0.987703,0.987703,0.987703,0.987703,0,0,0,0,0,0,0,0,0.987703,0.987703,0,0,0,0,38,0.988027,0.987703,0.987703,0,0,37.3,0,0,0,0,0,0,74.52,-9.66294,16.2928,158.92,179.48,0,0,0,0,0
neuromorpho__V2KO_26.swc,983,pyramidal,0.993334,0,982,0,0,0,0,0,0,0,0,0,0,0,0.987716,0.000392006,0.987703,0.987703,0.987703,0.987703,0.987703,0,0,0,0,0,0,0,0,0.987703,0.987703,0,0,0,0,52,0.98794,0.987703,0.987703,0,0,40,0,0,0,0,0,0,61.18,-9.10634,11.6312,221.31,232.5,0,0,0,0,0
neuromorpho__V2KO_27.swc,785,pyramidal,0.993122,0,784,0,0,0,0,0,0,0,0,0,0,0,0.987719,0.000438611,0.987703,0.987703,0.987703,0.987703,0.987703,0,0,0,0,0,0,0,0,0.987703,0.987703,0,0,0,0,48,0.987959,0.987703,0.987703,0,0,32.3,0,0,0,0,0,0,66.33,-7.00709,12.8398,199.54,213.84,0,0,0,0,0
neuromorpho__V2KO_35.swc,548,pyramidal,0.992977,0,547,0,0,0,0,0,0,0,0,0,0,0,0.987726,0.000524812,0.987703,0.987703,0.987703,0.987703,0.987703,0,0,0,0,0,0,0,0,0.987703,0.987703,0,0,0,0,40,0.988011,0.987703,0.987703,0,0,26.2,0,0,0,0,0,0,61.18,-9.63316,12.7504,178.13,188.46,0,0,0,0,0
neuromorpho__V2KO_36.swc,526,pyramidal,0.98958,0,525,0,0,0,0,0,0,0,0,0,0,0,0.987727,0.000535655,0.987703,0.987703,0.987703,0.987703,0.987703,0,0,0,0,0,0,0,0,0.987703,0.987703,0,0,0,0,32,0.988088,0.987703,0.987703,0,0,36.9,0,0,0,0,0,0,44.22,-3.99829,9.00495,144.23,169.68,0,0,0,0,0
neuromorpho__V2KO_7.swc,625,pyramidal,0.992282,0,624,0,0,0,0,0,0,0,0,0,0,0,0.987723,0.000491477,0.987703,0.987703,0.987703,0.987703,0.987703,0,0,0,0,0,0,0,0,0.987703,0.987703,0,0,0,0,34,0.988065,0.987703,0.987703,0,0,42.1,0,0,0,0,0,0,55.13,-9.03,14.7722,171.74,215.72,0,0,0,0,0
neuromorpho__V2KO_9.swc,750,pyramidal,0.989707,0,749,0,0,0,0,0,0,0,0,0,0,0,0.98772,0.000448715,0.987703,0.987703,0.987703,0.987703,0.987703,0,0,0,0,0,0,0,0,0.987703,0.987703,0,0,0,0,39,0.988019,0.987703,0.987703,0,0,52.2,0,0,0,0,0,0,72.42,-18.9199,16.9961,176.87,267.93,0,0,0,0,0
neuromorpho__V2_1.swc,838,pyramidal,0.995103,0,837,0,0,0,0,0,0,0,0,0,0,0,0.987718,0.000424531,0.987703,0.987703,0.987703,0.987703,0.987703,0,0,0,0,0,0,0,0,0.987703,0.987703,0,0,0,0,66,0.98789,0.987703,0.987703,0,0,24,0,0,0,0,0,0,67.12,-11.089,14.6709,186.26,240.55,0,0,0,0,0
neuromorpho__V2_13.swc,933,pyramidal,0.989119,0,932,0,0,0,0,0,0,0,0,0,0,0,0.987716,0.000402362,0.987703,0.987703,0.987703,0.987703,0.987703,0,0,0,0,0,0,0,0,0.987703,0.987703,0,0,0,0,66,0.98789,0.987703,0.987703,0,0,31,0,0,0,0,0,0,65.88,-8.0974,12.5201,211.18,273.17,0,0,0,0,0
neuromorpho__V2_14.swc,621,pyramidal,0.994741,0,620,0,0,0,0,0,0,0,0,0,0,0,0.987723,0.000493055,0.987703,0.987703,0.987703,0.987703,0.987703,0,0,0,0,0,0,0,0,0.987703,0.987703,0,0,0,0,41,0.988003,0.987703,0.987703,0,0,33,0,0,0,0,0,0,74.49,-19.1228,13.8548,149.84,207.59,0,0,0,0,0
neuromorpho__V2_19.swc,632,pyramidal,0.99417,0,631,0,0,0,0,0,0,0,0,0,0,0,0.987723,0.000488752,0.987703,0.987703,0.987703,0.987703,0.987703,0,0,0,0,0,0,0,0,0.987703,0.987703,0,0,0,0,43,0.987989,0.987703,0.987703,0,0,30.6,0,0,0,0,0,0,54.82,-14.384,12.867,203.78,235.48,0,0,0,0,0
neuromorpho__V2_29.swc,772,pyramidal,0.994813,0,771,0,0,0,0,0,0,0,0,0,0,0,0.987719,0.000442284,0.987703,0.987703,0.987703,0.987703,0.987703,0,0,0,0,0,0,0,0,0.987703,0.987703,0,0,0,0,61,0.987905,0.987703,0.987703,0,0,24,0,0,0,0,0,0,72.25,-12.9826,14.0996,191.1,239.45,0,0,0,0,0
neuromorpho__V2_39.swc,376,pyramidal,0.990701,0,375,0,0,0,0,0,0,0,0,0,0,0,0.987736,0.000633313,0.987703,0.987703,0.987703,0.987703,0.987703,0,0,0,0,0,0,0,0,0.987703,0.987703,0,0,0,0,48,0.987959,0.987703,0.987703,0,0,15.3,0,0,0,0,0,0,36.32,-2.61213,8.06206,190.32,235.53,0,0,0,0,0
neuromorpho__V2_40.swc,836,pyramidal,0.991417,0,835,0,0,0,0,0,0,0,0,0,0,0,0.987718,0.000425038,0.987703,0.987703,0.987703,0.987703,0.987703,0,0,0,0,0,0,0,0,0.987703,0.987703,0,0,0,0,71,0.987876,0.987703,0.987703,0,0,24,0,0,0,0,0,0,49.81,-4.21129,10.7341,176.05,215.62,0,0,0,0,0
neuromorpho__V2_5.swc,557,pyramidal,0.971428,0,556,0,0,0,0,0,0,0,0,0,0,0,0.987725,0.000520563,0.987703,0.987703,0.987703,0.987703,0.987703,0,0,0,0,0,0,0,0,0.987703,0.987703,0,0,0,0,39,0.988019,0.987703,0.987703,0,0,29.4,0,0,0,0,0,0,64.05,-10.7481,14.7178,148.59,241.06,0,0,0,0,0
neuromorpho__V2_52.swc,732,pyramidal,0.990463,0,731,0,0,0,0,0,0,0,0,0,0,0,0.98772,0.000454191,0.987703,0.987703,0.987703,0.987703,0.987703,0,0,0,0,0,0,0,0,0.987703,0.987703,0,0,0,0,50,0.987949,0.987703,0.987703,0,0,31.1,0,0,0,0,0,0,61.96,-12.1916,12.3123,200.19,226.55,0,0,0,0,0
neuromorpho__V2_53.swc,461,pyramidal,0.995872,0,460,0,0,0,0,0,0,0,0,0,0,0,0.98773,0.000572096,0.987703,0.987703,0.987703,0.987703,0.987703,0,0,0,0,0,0,0,0,0.987703,0.987703,0,0,0,0,36,0.988045,0.987703,0.987703,0,0,25,0,0,0,0,0,0,53.02,-10.5434,10.3059,130.69,192.35,0,0,0,0,0
neuromorpho__Vert-01.swc,482,pyramidal,0.977251,51,430,0,0,0,0,0,0,0,0,0,0,0,0.872141,0.200693,0.339231,0.454942,0.485674,0.770503,0.987703,0.178423,0.178423,0.178423,0.255187,0.255187,0.940273,0.940273,0,0.863763,0.467538,0.2,0,0,0,35,0.875238,0.339231,0.487392,0.2,0.228571,25.4,0,27.9,-20.2694,8.23246,6.13,122.6,52.18,-17.7308,13.7688,135.54,168.57,0,0,0,0,0
neuromorpho__Vert-02.swc,758,pyramidal,0.934498,30,451,276,0,0,0.364116,0.364116,0.0448011,0,-0.364116,0.364116,0.364116,0,0.917264,0.0898615,0.779773,0.790817,0.793788,0.805063,0.987703,0,0,0,0.19657,0.364116,0.940273,0.940273,0,0.987703,0.987703,0,0.799362,0.783986,0,58,0.918727,0.779773,0.793545,0,0.206897,28.6,0,16.77,-8.92867,4.30375,49.62,54.41,49.8,6.22395,13.1285,212.92,191.86,48.89,7.43902,12.2083,161.15,123.61
neuromorpho__Vert-03.swc,405,pyramidal,0.958679,70,334,0,0,0,0,0,0,0,0,0,0,0,0.938067,0.110614,0.658458,0.658458,0.727384,0.987693,0.987703,0,0,0.0790123,0.17284,0.17284,0.698441,0.658458,0.457143,0.988102,0.987693,0,0,0,0,24,0.933172,0.658458,0.736249,0.0416667,0.208333,38.2,0,14.98,7.625,3.85753,65.99,141.76,57.89,-12.4372,15.0451,174.2,184.73,0,0,0,0,0
neuromorpho__Vip-IRES-Cre_Ai14-313529-03-01-01_596799462_m.swc,10675,interneuron,0.994432,7239,3435,0,0,0,0,0,0,0,0,0,0,0,0.936353,0.200507,0.3,0.3,0.999555,0.999666,0.999757,0.0903044,0.0903044,0.0903044,0.0903044,0.0903044,0.938874,0.999555,0.0866142,0.931023,0.999666,0.0981077,0,0,0,234,0.956204,0.3,0.969809,0.0512821,0.0683761,113.4,0,119.2,14.868,24.5803,317.73,815.91,133.96,28.1155,23.7039,306.24,506.63,0,0,0,0,0
neuromorpho__Vip-IRES-Cre_Ai14_IVSCC_-264875-06-01-01_653337413_m.swc,5787,interneuron,0.995371,4233,1553,0,0,0,0,0,0,0,0,0,0,0,0.980039,0.113994,0.3,0.980369,0.999666,0.999666,0.999757,0.0273026,0.0273026,0.0273026,0.0273026,0.0273026,0.998949,0.999757,0,0.928483,0.3,0.101739,0,0,0,173,0.981931,0.3,0.999666,0.0231214,0.0231214,81.8,0,71.26,7.45793,13.7021,516.38,358.35,36.95,5.25458,6.57234,147.92,565.48,0,0,0,0,0
neuromorpho__Vipr2-IRES2-Cre_Ai14-297026-05-02-01_582653993_m.swc,9781,interneuron,0.997337,8025,1755,0,0,0,0,0,0,0,0,0,0,0,0.999104,0.0174845,0.3,0.999666,0.999666,0.999757,0.999757,0.000613434,0.000613434,0.000613434,0.000613434,0.000613434,0.998981,0.999757,0.000747664,0.999666,0.999666,0,0,0,0,409,0.999272,0.3,0.999666,0,0,52.2,0,86.25,14.7858,17.8649,307.35,300.13,69.17,4.64553,12.9478,202.88,254.76,0,0,0,0,0
neuromorpho__Vipr2-IRES2-Cre_Slc32a1-T2A-FlpO_Ai65-315072-04-02-01_623893374_m.swc,9435,interneuron,0.995371,7473,1961,0,0,0,0,0,0,0,0,0,0,0,0.996073,0.0493026,0.3,0.999666,0.999666,0.999757,0.999757,0.00498145,0.00498145,0.00498145,0.00498145,0.00498145,0.99513,0.999757,0.00628931,0.999666,0.999666,0,0,0,0,424,0.999003,0.3,0.999666,0,0,50,0,191.52,41.7503,48.4918,244.68,387.29,85.58,5.3394,14.9284,196.42,311.92,0,0,0,0,0
neuromorpho__WT-set1-005.swc,1157,pyramidal,0.987734,0,1156,0,0,0,0,0,0,0,0,0,0,0,0.987714,0.000361359,0.987693,0.987703,0.987703,0.987703,0.987703,0,0,0,0,0,0,0,0,0.987703,0.987703,0,0,0,0,73,0.987872,0.987693,0.987703,0,0,31.8,0,0,0,0,0,0,0,0,0,274.7,397.97,0,0,0,0,0
neuromorpho__WT-set2-007.swc,581,pyramidal,0.992774,0,580,0,0,0,0,0,0,0,0,0,0,0,0.987724,0.000509717,0.987703,0.987703,0.987703,0.987703,0.987703,0,0,0,0,0,0,0,0,0.987703,0.987703,0,0,0,0,35,0.988055,0.987703,0.987703,0,0,37.2,0,0,0,0,0,0,0,0,0,157.04,231.41,0,0,0,0,0
neuromorpho__WT-set2-008.swc,1603,pyramidal,0.99326,0,1602,0,0,0,0,0,0,0,0,0,0,0,0.987711,0.000307036,0.987703,0.987703,0.987703,0.987703,0.987703,0,0,0,0,0,0,0,0,0.987703,0.987703,0,0,0,0,74,0.987869,0.987703,0.987703,0,0,40.7,0,0,0,0,0,0,0,0,0,302.98,407.22,0,0,0,0,0
neuromorpho__WT-set3-004.swc,1200,pyramidal,0.993787,0,1199,0,0,0,0,0,0,0,0,0,0,0,0.987713,0.000354829,0.987703,0.987703,0.987703,0.987703,0.987703,0,0,0,0,0,0,0,0,0.987703,0.987703,0,0,0,0,50,0.987949,0.987703,0.987703,0,0,45,0,0,0,0,0,0,0,0,0,269.46,355.05,0,0,0,0,0
neuromorpho__WT-set3-005.swc,1586,pyramidal,0.991489,0,1585,0,0,0,0,0,0,0,0,0,0,0,0.987711,0.000308676,0.987703,0.987703,0.987703,0.987703,0.987703,0,0,0,0,0,0,0,0,0.987703,0.987703,0,0,0,0,98,0.987829,0.987703,0.987703,0,0,37.6,0,0,0,0,0,0,0,0,0,254.58,367.3,0,0,0,0,0
neuromorpho__WT-set3-006.swc,991,pyramidal,0.99489,0,990,0,0,0,0,0,0,0,0,0,0,0,0.987716,0.000390422,0.987703,0.987703,0.987703,0.987703,0.987703,0,0,0,0,0,0,0,0,0.987703,0.987703,0,0,0,0,52,0.98794,0.987703,0.987703,0,0,40.9,0,0,0,0,0,0,0,0,0,246.85,306.22,0,0,0,0,0
neuromorpho__WT2-N1-1_final.swc,2217,pyramidal,0.993244,0,2216,0,0,0,0,0,0,0,0,0,0,0,0.987709,0.000261102,0.987703,0.987703,0.987703,0.987703,0.987703,0,0,0,0,0,0,0,0,0.987703,0.987703,0,0,0,0,77,0.987863,0.987703,0.987703,0,0,63,0,0,0,0,0,0,0,0,0,100.69,104.16,0,0,0,0,0
neuromorpho__WT2-N1-2_final.swc,1539,pyramidal,0.992915,0,1538,0,0,0,0,0,0,0,0,0,0,0,0.987711,0.000313351,0.987703,0.987703,0.987703,0.987703,0.987703,0,0,0,0,0,0,0,0,0.987703,0.987703,0,0,0,0,56,0.987923,0.987703,0.987703,0,0,54,0,0,0,0,0,0,0,0,0,66.98,121.04,0,0,0,0,0
neuromorpho__WT2-N6-1_final.swc,1308,pyramidal,0.995798,0,1307,0,0,0,0,0,0,0,0,0,0,0,0.987713,0.000339876,0.987703,0.987703,0.987703,0.987703,0.987703,0,0,0,0,0,0,0,0,0.987703,0.987703,0,0,0,0,45,0.987976,0.987703,0.987703,0,0,60.2,0,0,0,0,0,0,0,0,0,74.02,91.88,0,0,0,0,0
neuromorpho__WT2-N7-1_final.swc,1329,pyramidal,0.995247,0,1328,0,0,0,0,0,0,0,0,0,0,0,0.987712,0.000337182,0.987703,0.987703,0.987703,0.987703,0.987703,0,0,0,0,0,0,0,0,0.987703,0.987703,0,0,0,0,61,0.987905,0.987703,0.987703,0,0,44,0,0,0,0,0,0,0,0,0,83.37,84.27,0,0,0,0,0
neuromorpho__WT2-Neuron-12.swc,21,interneuron,0.52019,0,20,0,0,0,0,0,0,0,0,0,0,0,0.734013,0.163304,0.3,0.3,0.723022,0.723022,0.723022,0.0952381,0.0952381,0.0952381,0.714286,0.952381,0,0,0,0.720714,0.68072,0.1,0,0,0,3,0.849872,0.3,0.709895,0.333333,0.333333,13,0,0,0,0,0,0,20.79,1.5975,7.09412,39.19,363.21,0,0,0,0,0
neuromorpho__WT2-Neuron-16.swc,63,pyramidal,0.908853,0,62,0,0,0,0,0,0,0,0,0,0,0,0.959042,0.088529,0.655446,0.658305,0.981786,0.981786,0.982831,0,0,0.0793651,0.0793651,0.0793651,0,0,0,0.958381,0.981786,0.0806452,0,0,0,10,0.921097,0.655446,0.658019,0.2,0.2,11.4,0,0,0,0,0,0,33.59,0.83,9.30208,42.14,128.61,0,0,0,0,0
neuromorpho__WT2-Neuron-7.swc,59,pyramidal,0.975035,34,24,0,0,0,0,0,0.0291792,0,0,0,0,0,0.904124,0.0396976,0.84621,0.85735,0.85735,0.864959,0.899193,0,0,0,0,0.661017,0.880405,0.85735,0,0.933731,0.873814,0,0,0,0,12,0.899082,0.84621,0.85735,0,0,8.9,0,17.49,10.3735,4.10939,32.21,60.81,21.03,-1.04833,7.9057,55.86,79.59,0,0,0,0,0
neuromorpho__WT2-Neuron-8.swc,41,pyramidal,0.922002,26,14,0,0,0,0,0,0,0,0,0,0,0,0.94173,0.0092133,0.940273,0.940273,0.940273,0.940273,0.940273,0,0,0,0,0,0.940273,0.940273,0,0.940273,0.940273,0,0,0,0,5,0.952219,0.940273,0.940273,0,0,18.8,0,10,6.64962,3.43449,18.43,129.32,11.99,-3.38071,5.03888,25.05,67.4,0,0,0,0,0
neuromorpho__WT2-Neuron-9.swc,48,pyramidal,0.946225,29,18,0,0,0,0,0,0,0,0,0,0,0,0.892912,0.0642741,0.81066,0.81066,0.81066,0.81066,0.940273,0,0,0,0,0.375,0.940273,0.940273,0,0.81066,0.81066,0,0,0,0,5,0.926296,0.81066,0.862505,0,0,15.6,0,41.81,-26.9586,9.94592,7.14,103.34,7.4,4.52222,3.60749,37.2,49.17,0,0,0,0,0
neuromorpho__WT2-Neuron1_c.swc,20,pyramidal,0.980875,9,10,0,0,0,0,0,0,0,0,0,0,0,0.966975,0.0242941,0.940273,0.940273,0.940273,0.940273,0.987703,0,0,0,0,0,0.940273,0.940273,0,0.987703,0.987703,0,0,0,0,5,0.980677,0.940273,0.959245,0,0,7.4,0,11.27,-8.65889,3.2474,10.73,55.93,25.12,-17.179,8.93826,13.87,35.39,0,0,0,0,0
neuromorpho__WT3-N1-3_final.swc,1456,pyramidal,0.991866,0,1455,0,0,0,0,0,0,0,0,0,0,0,0.987712,0.000322152,0.987703,0.987703,0.987703,0.987703,0.987703,0,0,0,0,0,0,0,0,0.987703,0.987703,0,0,0,0,68,0.987884,0.987703,0.987703,0,0,47.3,0,0,0,0,0,0,0,0,0,61.92,99.47,0,0,0,0,0
neuromorpho__WT3-n2-3_final.swc,1632,pyramidal,0.994332,0,1631,0,0,0,0,0,0,0,0,0,0,0,0.987711,0.000304297,0.987703,0.987703,0.987703,0.987703,0.987703,0,0,0,0,0,0,0,0,0.987703,0.987703,0,0,0,0,56,0.987923,0.987703,0.987703,0,0,51,0,0,0,0,0,0,0,0,0,78.2,122.58,0,0,0,0,0
neuromorpho__WT3-n4-6_final.swc,1570,pyramidal,0.992974,0,1569,0,0,0,0,0,0,0,0,0,0,0,0.987711,0.000310243,0.987703,0.987703,0.987703,0.987703,0.987703,0,0,0,0,0,0,0,0,0.987703,0.987703,0,0,0,0,76,0.987865,0.987703,0.987703,0,0,47.5,0,0,0,0,0,0,0,0,0,60.97,107.59,0,0,0,0,0
neuromorpho__WT3-neuron1.swc,226,pyramidal,0.908261,155,70,0,0,0,0,0,0.054153,0,0,0,0,0,0.925814,0.0229303,0.876165,0.880798,0.894697,0.900377,0.940273,0,0,0,0,0.243363,0.940273,0.940273,0,0.892737,0.876165,0,0,0,0,19,0.935544,0.876165,0.899241,0,0,22,0,17.38,2.84206,5.29864,93.19,236.5,39.21,-12.1184,11.6625,99.55,99.52,0,0,0,0,0
neuromorpho__WT3-neuron5.swc,173,pyramidal,0.889125,0,172,0,0,0,0.630058,0.630058,0.11147,-0.630058,0.630058,0,0,0,0.888714,0.0764589,0.812091,0.812091,0.812091,0.832805,0.84147,0,0,0,0,0.630058,0,0,0,0.888067,0.812091,0,0,0,0,17,0.921842,0.812091,0.813531,0,0,17.2,0,0,0,0,0,0,37.88,-21.3747,8.39418,23.6,170.96,0,0,0,0,0
neuromorpho__WT4-N3-4-2_final.swc,1589,pyramidal,0.987213,0,1588,0,0,0,0,0,0,0,0,0,0,0,0.987711,0.000308384,0.987703,0.987703,0.987703,0.987703,0.987703,0,0,0,0,0,0,0,0,0.987703,0.987703,0,0,0,0,79,0.987859,0.987703,0.987703,0,0,39.4,0,0,0,0,0,0,0,0,0,74.78,85.39,0,0,0,0,0
neuromorpho__WT4-n1-2_final.swc,1290,pyramidal,0.993612,0,1289,0,0,0,0,0,0,0,0,0,0,0,0.987713,0.000342238,0.987703,0.987703,0.987703,0.987703,0.987703,0,0,0,0,0,0,0,0,0.987703,0.987703,0,0,0,0,57,0.987919,0.987703,0.987703,0,0,44.6,0,0,0,0,0,0,0,0,0,63.48,92.12,0,0,0,0,0
neuromorpho__WT4-n5-1_final.swc,1812,pyramidal,0.991944,0,1811,0,0,0,0,0,0,0,0,0,0,0,0.98771,0.000288796,0.987703,0.987703,0.987703,0.987703,0.987703,0,0,0,0,0,0,0,0,0.987703,0.987703,0,0,0,0,74,0.987869,0.987703,0.987703,0,0,49.4,0,0,0,0,0,0,0,0,0,88.76,106,0,0,0,0,0
neuromorpho__WT4-neuron5.swc,276,interneuron,0.401981,0,275,0,0,0,0,0,0,0,0,0,0,0,0.707311,0.295892,0.3,0.3,0.3,0.3,0.88681,0.344203,0.344203,0.344203,0.344203,0.59058,0,0,0,0.706247,0.3,0.345455,0,0,0,28,0.70336,0.3,0.3,0.357143,0.357143,19.2,0,0,0,0,0,0,59.44,-9.99764,13.2818,74.35,484.69,0,0,0,0,0
neuromorpho__WT4-neuron7.swc,171,interneuron,0.433419,0,170,0,0,0,0,0,0,0,0,0,0,0,0.873953,0.190821,0.3,0.3,0.931325,0.931325,0.931325,0.0994152,0.0994152,0.0994152,0.0994152,0.0994152,0,0,0,0.873211,0.868193,0.1,0,0,0,13,0.840977,0.3,0.419619,0.153846,0.153846,26.4,0,0,0,0,0,0,24.89,-8.41294,6.97481,64.57,307.42,0,0,0,0,0
neuromorpho__WT_1_2.swc,2913,pyramidal,0.983406,128,1658,1126,0,0,0,0,0,0,0,0,0,0,0.952942,0.136716,0.3,0.940273,0.982145,0.982145,0.982709,0.0377618,0.0460007,0.0460007,0.0460007,0.0460007,0.940273,0.940273,0,0.948048,0.982709,0.0603136,0.961547,0.982145,0.0301954,41,0.966475,0.3,0.940273,0.0243902,0.0243902,166,0,0,0,0,15.57,99.1,0,0,0,231.34,207.09,0,0,0,164.63,431.59
neuromorpho__WT_1_5.swc,2710,pyramidal,0.937832,150,1024,1535,0,0,0,0,0.0111145,0,0,0,0,0,0.978826,0.0171761,0.89102,0.940273,0.981639,0.982145,0.982145,0,0,0,0,0.000369004,0.940273,0.940273,0,0.980241,0.934281,0,0.981636,0.982145,0,62,0.976223,0.89102,0.93488,0,0,110.9,0,0,0,0,77.49,71.45,0,0,0,229.2,145.36,0,0,0,194.16,403.74
neuromorpho__WT_2_4.swc,3829,pyramidal,0.963983,1327,1134,1367,0,0,0,0,0.0109522,0,0,0,0,0,0.812445,0.220838,0.3,0.3,0.553376,0.593936,0.926348,0.0846174,0.277357,0.316793,0.316793,0.346827,0.807187,0.3,0.179352,0.613923,0.553376,0.859788,0.982098,0.982145,0,50,0.852485,0.3,0.56881,0.26,0.26,167.2,0,0,0,0,336.73,191.78,0,0,0,153.22,274.05,0,0,0,219.42,392.87
neuromorpho__WT_3_6.swc,3014,pyramidal,0.994598,347,735,1931,0,0,0,0,0.0209748,0,0,0,0,0,0.96155,0.0502786,0.81236,0.814838,0.84621,0.981148,0.981148,0,0,0,0,0.142999,0.830979,0.813025,0,0.987701,0.987693,0,0.97504,0.981148,0,65,0.927052,0.81236,0.844913,0,0,120.4,0,0,0,0,75.3,47,0,0,0,178.53,96.79,0,0,0,238.77,405.32
neuromorpho__WT_6.swc,1610,pyramidal,0.989405,7,450,1152,0,0,0,0,0.0138826,0,0,0,0,0,0.97892,0.0511975,0.3,0.982145,0.982145,0.982145,0.982145,0.00496894,0.00496894,0.00496894,0.00931677,0.00931677,0.714388,0.714388,0,0.986861,0.981033,0,0.977406,0.982145,0.00694444,84,0.979673,0.3,0.982145,0,0.0119048,41.7,0.0833333,0,1.41667,0,14.02,10.68,46,-4.41249,10.6572,215.38,175.73,82.98,-19.137,20.2376,173.94,506.37
neuromorpho__WT_7.swc,2666,pyramidal,0.933543,20,595,2050,0,0,0,0,0,0,0,0,0,0,0.971321,0.0851868,0.3,0.982145,0.982145,0.982145,0.982145,0.0142536,0.0142536,0.0217554,0.0217554,0.0217554,0.669257,0.669257,1,0.987703,0.987703,0,0.9695,0.982145,0.0185366,141,0.979775,0.3,0.982145,0.0070922,0.0141844,41,0,5.99,-1.9915,1.60935,48.47,19.33,28,-5.57029,6.31787,210.04,184.97,63.7,-23.22,14.3793,325.47,619.75
neuromorpho__WT_9.swc,1482,pyramidal,0.949297,34,293,1154,0,0,0,0,0,0,0,0,0,0,0.977357,0.0385651,0.726097,0.982145,0.982145,0.982145,0.982145,0,0,0,0.022942,0.022942,0.726097,0.726097,0,0.987579,0.987703,0,0.982145,0.982145,0,82,0.980634,0.726097,0.982145,0,0.0121951,36.9,0,10.95,1.86206,3.61172,20.71,81.25,34.96,-5.39338,7.78006,189.36,150.82,82.97,-41.2037,19.585,267.04,523
neuromorpho__Wang_Lefebvre_Cell21.swc,4437,interneuron,0.995871,2135,2301,0,0,0,0,0,0,0,0,0,0,0,0.992023,0.0131042,0.935878,0.969809,0.969809,0.980046,0.999666,0,0,0,0,0,0.983783,0.969809,0,0.999666,0.999666,0,0,0,0,344,0.994716,0.935878,0.969809,0,0,25.7,0,60.57,6.95953,8.14706,212.42,330.28,12.5,2.93184,2.33761,94.43,124.95,0,0,0,0,0
neuromorpho__X043_S2_Z4_C01_20x.swc,394,pyramidal,0.953973,0,149,244,0,0,0,0,0,0,0,0,0,0,0.953036,0.142911,0.3,0.981602,0.981602,0.982145,0.982145,0.0456853,0.0456853,0.0456853,0.0456853,0.0456853,0,0,0,0.987703,0.987703,0,0.931674,0.981602,0.0737705,34,0.97953,0.3,0.982145,0,0.0294118,20.7,-0.16,0,0,0,0,0,33.09,-5.46255,7.91847,130.46,126.73,40.76,-4.96857,7.52477,337.17,142.65
neuromorpho__X043_S3_Z1_C01.swc,542,pyramidal,0.990378,18,523,0,0,0,0,0,0,0,0,0,0,0,0.971693,0.0574097,0.677485,0.863197,0.974288,0.974895,0.987703,0,0,0.0332103,0.0332103,0.0516605,0.677485,0.677485,1,0.981765,0.974288,0,0,0,0,45,0.974788,0.677485,0.974288,0.0222222,0.0222222,25.2,2.30333,13.05,-11.24,4.1177,39.72,34.74,44.86,1.05089,8.87451,166.24,229.51,0,0,0,0,0
neuromorpho__X043_S3_Z4_C02.swc,649,pyramidal,0.975235,0,432,216,0,0,0,0,0,0,0,0,0,0,0.985716,0.00290364,0.980775,0.981148,0.981409,0.982145,0.987703,0,0,0,0,0,0,0,0,0.987703,0.987703,0,0.981676,0.981148,0,50,0.986121,0.980775,0.981622,0,0,29.1,0.153333,0,0,0,0,0,33.44,-4.13345,7.46175,252.6,206.18,35.34,-5.25931,8.34042,279.21,175.2
neuromorpho__X043_S3_Z6_C01.swc,504,pyramidal,0.981826,0,291,212,0,0,0,0,0,0,0,0,0,0,0.845629,0.270148,0.3,0.3,0.3,0.945595,0.987703,0.196429,0.196429,0.196429,0.196429,0.196429,0,0,0,0.987703,0.987703,0,0.649884,0.3,0.466981,38,0.873297,0.3,0.3,0.157895,0.157895,29,0.366667,0,0,0,0,0,26.19,-7.31168,7.71439,258.83,195.12,19.52,-5.21855,4.35313,158.26,376.96
neuromorpho__X043_S4_Z6_C01.swc,339,pyramidal,0.96568,0,137,201,0,0,0,0,0,0,0,0,0,0,0.984444,0.00285323,0.982145,0.982145,0.982145,0.982145,0.982145,0,0,0,0,0,0,0,0,0.987703,0.987703,0,0.982145,0.982145,0,22,0.985483,0.982145,0.982145,0,0,37.9,4.27667,0,0,0,0,0,38.74,-3.55338,8.71796,83.31,239.74,39.82,-6.18572,6.78039,146.52,277.25
neuromorpho__X043_S4_Z6_C02.swc,624,pyramidal,0.97618,0,226,397,0,0,0,0,0,0,0,0,0,0,0.984088,0.00279754,0.981602,0.981602,0.981639,0.982145,0.982145,0,0,0,0,0,0,0,0,0.987649,0.987703,0,0.982022,0.981602,0,49,0.985004,0.981602,0.982145,0,0,27.8,0.09,0,0,0,0,0,36.85,1.09442,7.14291,170.96,115.08,34.57,3.00045,7.29894,396.77,160.59
neuromorpho__X043_S5_Z1_C02_20x.swc,397,pyramidal,0.942306,40,120,236,0,0,0.267003,0.267003,0.0393121,-0.0654912,0.0654912,0,0,0,0.956405,0.0462657,0.651552,0.865433,0.865433,0.900885,0.982145,0,0,0.00251889,0.00251889,0.178841,0.865433,0.865433,0,0.935742,0.895704,0.00833333,0.982145,0.982145,0,20,0.952142,0.651552,0.892677,0.05,0.05,40.5,8.75,20.01,-16.4222,5.84277,106.06,41.4,37.94,-4.85625,9.67498,80.94,142.97,28.57,-4.96657,4.65263,257.9,290.25
neuromorpho__X043_S5_Z4_C04_20x.swc,622,pyramidal,0.96497,238,383,0,0,0,0,0,0,0,0,0,0,0,0.817739,0.211991,0.546954,0.546954,0.546954,0.546954,0.987703,0,0.382637,0.382637,0.382637,0.398714,0.549459,0.546954,1,0.983975,0.987703,0,0,0,0,41,0.8241,0.546954,0.546954,0.365854,0.365854,32,-0.156667,28.86,2.26742,5.77887,113.37,335.29,32.59,-2.09412,7.97452,264.42,224.46,0,0,0,0,0
neuromorpho__X046_S1_Z5_C03_20X.swc,663,pyramidal,0.986181,0,493,169,0,0,0,0,0,0,0,0,0,0,0.953894,0.0853603,0.609481,0.697288,0.778891,0.981639,0.987703,0,0,0.0542986,0.11463,0.11463,0,0,0,0.987703,0.987703,0,0.854993,0.697116,0.213018,58,0.955665,0.609481,0.895584,0.0517241,0.103448,25.3,0.856667,0,0,0,0,0,35.1,-3.40214,7.25264,186.5,192.72,31.91,-3.11797,7.16933,105.29,227.53
neuromorpho__X046_S1_Z6_C02_20X.swc,584,pyramidal,0.990417,0,313,270,0,0,0,0,0,0,0,0,0,0,0.967139,0.0222339,0.942799,0.942799,0.942799,0.942799,0.987703,0,0,0,0,0,0,0,0,0.987703,0.987703,0,0.943178,0.942799,0,48,0.975968,0.942799,0.942799,0,0,25.6,-0.726667,0,0,0,0,0,27.06,-5.10231,6.73832,235.97,156.35,23.47,-4.07596,5.47358,123.48,243.55
neuromorpho__X046_S2_Z1_C01_20X.swc,402,pyramidal,0.980555,149,252,0,0,0,0,0,0,0,0,0,0,0,0.805356,0.24652,0.3,0.3,0.512196,0.563762,0.987703,0.0845771,0.370647,0.370647,0.370647,0.370647,0.495651,0.3,1,0.987703,0.987703,0,0,0,0,28,0.906318,0.3,0.555967,0.178571,0.178571,28.6,-0.93,28.5,8.99248,6.7472,72.71,310.32,36.56,7.78952,6.89397,195.47,180.46,0,0,0,0,0
neuromorpho__X046_S2_Z2_C01_20X.swc,446,pyramidal,0.989819,0,186,259,0,0,0,0,0,0,0,0,0,0,0.984484,0.0028526,0.981639,0.982145,0.982145,0.982145,0.982145,0,0,0,0,0,0,0,0,0.987703,0.987703,0,0.982112,0.982145,0,40,0.985056,0.981639,0.982145,0,0,24.2,-0.453333,0,0,0,0,0,34,3.63613,7.62721,152.5,159.19,36.45,3.19449,7.83604,159,294.11
neuromorpho__X046_S4_Z1_C03_20X.swc,804,pyramidal,0.984189,0,524,279,0,0,0,0,0,0,0,0,0,0,0.98579,0.00269214,0.982145,0.982145,0.982145,0.982145,0.987703,0,0,0,0,0,0,0,0,0.987703,0.987703,0,0.982145,0.982145,0,76,0.986183,0.982145,0.982145,0,0,22,-1.74667,0,0,0,0,0,35.06,4.14968,8.32723,240.2,170.81,31.11,0.758996,6.46581,240.55,241.14
neuromorpho__X046_S4_Z2_C02_20X.swc,540,pyramidal,0.952002,9,176,354,0,0,0,0,0.044587,0,0,0,0,0,0.973403,0.0271983,0.89037,0.897138,0.920454,0.981602,0.982145,0,0,0,0,0.0759259,0.920454,0.920454,0,0.987703,0.987703,0,0.967565,0.897138,0,29,0.970273,0.89037,0.916614,0,0,45.2,-1.38667,3.05,4.35111,1.06124,5.29,34.18,41.5,-1.30544,7.63626,141.42,265.18,27.67,-3.20412,5.63306,183.02,345.48
neuromorpho__X046_S4_Z2_C03_20X.swc,846,pyramidal,0.980125,0,474,371,0,0,0,0,0,0,0,0,0,0,0.985272,0.00281278,0.981905,0.982145,0.982145,0.982145,0.987703,0,0,0,0,0,0,0,0,0.987703,0.987703,0,0.982126,0.982145,0,75,0.985715,0.981905,0.982145,0,0,25.2,-0.82,0,0,0,0,0,31.11,1.94456,7.76932,206.6,241.2,31.35,3.26286,7.25624,172.18,393.55
neuromorpho__X046_S4_Z3_C01_20X.swc,452,pyramidal,0.978918,0,129,322,0,0,0,0,0,0,0,0,0,0,0.983753,0.00263537,0.981715,0.982145,0.982145,0.982145,0.982145,0,0,0,0,0,0,0,0,0.987703,0.987703,0,0.982119,0.982145,0,33,0.984525,0.981715,0.982145,0,0,24.4,-1.15333,0,0,0,0,0,32.89,-3.69504,6.06146,232.37,91.39,37.8,-4.14654,4.80984,225.25,273.71
neuromorpho__X046_S4_Z3_C02_20X.swc,386,pyramidal,0.927402,0,184,201,0,0,0,0,0,0,0,0,0,0,0.984841,0.00287849,0.982145,0.982145,0.982145,0.982145,0.982145,0,0,0,0,0,0,0,0,0.987703,0.987703,0,0.982145,0.982145,0,32,0.985135,0.982145,0.982145,0,0,25,0.56,0,0,0,0,0,33.36,-8.31326,6.20847,123.2,157.11,32.15,-4.64786,7.20577,139.79,194.4
neuromorpho__X046_S4_Z4_C02_20X.swc,452,pyramidal,0.984996,0,211,240,0,0,0,0,0,0,0,0,0,0,0.983145,0.0323056,0.3,0.981148,0.981148,0.982145,0.982145,0.00221239,0.00221239,0.00221239,0.00221239,0.00221239,0,0,0,0.987686,0.987703,0,0.979083,0.981148,0.00416667,26,0.985217,0.3,0.981916,0,0,35.5,1.81,0,0,0,0,0,37.22,1.56986,10.4586,201.53,117.16,34.05,3.76679,9.15998,136.02,296.2
neuromorpho__X046_S4_Z4_C03_20X.swc,578,pyramidal,0.980616,6,269,302,0,0,0,0,0,0,0,0,0,0,0.984308,0.00418244,0.955912,0.981639,0.981639,0.981639,0.982145,0,0,0,0,0,0.955912,0.955912,0,0.987703,0.987703,0,0.981795,0.981639,0,38,0.983887,0.955912,0.981589,0,0,35.9,-0.09,1.9,-5.86833,0.578573,1.64,16.21,35.84,11.3148,8.43237,232.21,207.21,37.28,10.7652,8.25532,204.53,310.89
neuromorpho__X046_S5_Z1_C04_20x.swc,500,pyramidal,0.984432,210,289,0,0,0,0,0,0.000753376,0,0,0,0,0,0.840896,0.165852,0.499296,0.613752,0.646258,0.664497,0.984018,0.016,0.022,0.442,0.442,0.442,0.664831,0.613752,1,0.968282,0.98396,0.0380623,0,0,0,37,0.83692,0.499296,0.633255,0.432432,0.432432,30.6,0.136667,29.06,-2.33371,4.98328,296.69,188.2,39.41,-0.0773587,9.08766,183.55,278.29,0,0,0,0,0
neuromorpho__X046_S5_Z3_C01.swc,554,pyramidal,0.978223,249,304,0,0,0,0,0,0,0,0,0,0,0,0.788894,0.222496,0.486301,0.486301,0.496761,0.534343,0.987703,0.106498,0.362816,0.449458,0.449458,0.449458,0.545322,0.486301,1,0.987703,0.987703,0,0,0,0,41,0.809674,0.486301,0.528443,0.414634,0.414634,31,-0.903333,35.21,-3.48321,8.7942,142.99,313.65,38.52,-3.12973,9.88494,214.33,217.8,0,0,0,0,0
neuromorpho__X046_S5_Z3_C04_20x.swc,317,pyramidal,0.988904,191,125,0,0,0,0,0,0,0,0,0,0,0,0.757553,0.158993,0.590638,0.590638,0.590638,0.62168,0.680789,0,0.135647,0.602524,0.687697,0.687697,0.644362,0.590638,1,0.928569,0.713933,0,0,0,0,29,0.781538,0.590638,0.62168,0.586207,0.62069,22.2,1.84667,29.07,-10.4528,6.04438,135.54,254.26,37.06,-10.4634,8.76005,171.03,98.67,0,0,0,0,0
neuromorpho__X046_S5_Z4_C02_20x.swc,446,pyramidal,0.670006,0,200,245,0,0,0,0,0,0,0,0,0,0,0.874576,0.139473,0.606668,0.697116,0.697288,0.697288,0.981639,0,0,0.300448,0.392377,0.392377,0,0,0,0.987703,0.987703,0,0.781715,0.697116,0.546939,21,0.823542,0.606668,0.609481,0.47619,0.52381,51,1.38,0,0,0,0,0,27.43,5.1392,4.59279,215.84,159.79,29.48,8.96535,6.51906,240.29,353.91
neuromorpho__X046_S5_Z4_C03_20x.swc,588,pyramidal,0.793296,351,236,0,0,0,0,0,0,0,0,0,0,0,0.861638,0.104616,0.74788,0.74788,0.757838,0.774272,0.799334,0,0,0,0.596939,0.596939,0.776482,0.74788,0,0.987703,0.987703,0,0,0,0,28,0.877402,0.74788,0.767864,0,0.535714,51.2,-1.26333,35.62,4.1888,7.63104,195.5,341.84,31.52,3.34596,5.90106,140.37,389.33,0,0,0,0,0
neuromorpho__X046_S5_Z5_C02.swc,627,pyramidal,0.978783,0,281,345,0,0,0,0,0.0212367,0,0,0,0,0,0.981699,0.0123438,0.931714,0.942069,0.981148,0.982145,0.982145,0,0,0,0,0,0,0,0,0.987703,0.987703,0,0.976755,0.942069,0,40,0.981516,0.931714,0.98159,0,0,37,0.583333,0,0,0,0,0,45.95,3.80087,10.3383,215.72,219.74,40.45,6.97545,10.4292,213.57,309
neuromorpho__Yin20161228s4_AR.swc,10110,pyramidal,0.862243,5133,3318,1658,0,0,0,0,0,0,0,0,0,0,0.918637,0.208584,0.3,0.3,0.3,0.982145,0.987703,0.101978,0.101978,0.101978,0.101978,0.102473,0.855338,0.3,0.19813,0.984802,0.987703,0.00421941,0.982145,0.982145,0,194,0.980317,0.3,0.982145,0.00515464,0.0103093,102.4,0,62.62,-12.3467,12.7108,554.38,397.84,58.48,-7.89619,13.1771,246.92,366.67,70.57,-5.02871,15.4914,294.36,399.23
neuromorpho__Yin20161228s5_AR.swc,9572,pyramidal,0.915361,7027,1470,1074,0,0,0,0,0.0020287,0,0,0,0,0,0.760937,0.325299,0.3,0.3,0.3,0.3,0.987703,0.332428,0.332428,0.332428,0.332428,0.332428,0.679842,0.3,0.452825,0.986896,0.987703,0,0.98203,0.981639,0,214,0.962977,0.3,0.981639,0.0420561,0.0560748,69.7,0,64.37,-9.20027,16.0877,627.1,665.77,58.21,-5.43561,11.3865,334.55,199.39,64.37,0.741015,13.0415,260.72,403.72
neuromorpho__Zs201221-02_ventral_20x_onlydendrites.swc,2423,interneuron,0.697064,0,2422,0,0,0,0,0,0,0,0,0,0,0,0.996201,0.0491164,0.3,0.999666,0.999666,0.999666,0.999666,0.00495254,0.00495254,0.00495254,0.00495254,0.00495254,0,0,0,0.9962,0.999666,0.00495458,0,0,0,63,0.998449,0.3,0.999666,0,0,86.6,0,0,0,0,0,0,66.29,12.1474,15.7281,285.98,423.48,0,0,0,0,0
neuromorpho__Zs201222-01_dorsal_20x_onlydendrites.swc,1810,interneuron,0.917098,86,1723,0,0,0,0,0,0,0,0,0,0,0,0.941811,0.190216,0.3,0.3,0.969809,0.999666,0.999666,0.080663,0.080663,0.080663,0.080663,0.080663,0.969809,0.969809,0,0.940379,0.999666,0.0847359,0,0,0,31,0.861382,0.3,0.3,0.193548,0.193548,141,0,14.99,4.05558,4.74975,19.76,41.53,60,7.7758,15.629,204.73,462.98,0,0,0,0,0
neuromorpho__Zs201222-03_dorsal_20x_onlydendrites.swc,1563,interneuron,0.986343,0,1562,0,0,0,0,0,0,0,0,0,0,0,0.999666,8.44315e-06,0.999666,0.999666,0.999666,0.999666,0.999666,0,0,0,0,0,0,0,0,0.999666,0.999666,0,0,0,0,50,0.999673,0.999666,0.999666,0,0,85.2,0,0,0,0,0,0,65.97,9.40207,17.0088,305.8,298.44,0,0,0,0,0
neuromorpho__Zs210113-0302_ventral_onlydendrites.swc,812,interneuron,0.544645,0,811,0,0,0,0,0,0,0,0,0,0,0,0.924788,0.0596887,0.3,0.910637,0.910637,0.918276,0.935894,0.00862069,0.00862069,0.00862069,0.00862069,0.00862069,0,0,0,0.924695,0.910637,0.00863132,0,0,0,23,0.93389,0.3,0.912164,0,0,73.6,0,0,0,0,0,0,82.88,13.4202,15.5825,153.91,324.4,0,0,0,0,0
neuromorpho__Zs210115-05_dorsal_20x_axon_dendrites.swc,11212,interneuron,0.995943,8533,2678,0,0,0,0,0,0,0,0,0,0,0,0.66284,0.349618,0.3,0.3,0.3,0.3,0.999666,0.481448,0.481448,0.481448,0.481448,0.481448,0.570948,0.3,0.612797,0.955512,0.999666,0.0631068,0,0,0,559,0.631325,0.3,0.3,0.52415,0.527728,48,0,83.61,29.7005,20.8424,583.68,668.38,70.3,17.8214,18.812,302.48,414.78,0,0,0,0,0
neuromorpho__a7_170215_4.swc,12301,interneuron,0.996548,10132,2168,0,0,0,0,0,0,0,0,0,0,0,0.987242,0.0556636,0.3,0.934466,0.969809,0.999666,0.999757,0.00406471,0.00406471,0.00430859,0.0204048,0.0219494,0.990999,0.972519,0.00523095,0.969676,0.933333,0,0,0,0,636,0.994703,0.3,0.983528,0.00157233,0.00471698,53,3.13182,188.31,-19.2594,45.8195,713.23,843.74,184.79,-22.8818,47.6568,213.01,256.19,0,0,0,0,0
neuromorpho__aIN-000307-1-1-nrn-ns-120504-transl-invX-scaled-straightened.swc,63,interneuron,0.957208,62,0,0,0,0,0,0,0,0,0,0,0,0,0.576908,0.330353,0.3,0.3,0.3,0.3,0.3,0.587302,0.587302,0.587302,0.587302,0.587302,0.570084,0.3,0.596774,0,0,0,0,0,0,4,0.839674,0.3,0.584297,0.25,0.25,34.8,0,0,0,0,49.53,1420.79,0,0,0,0,0,0,0,0,0,0
neuromorpho__aIN-441-nrn-ns-120509-transl-invX-scaled-straightened.swc,95,interneuron,0.493063,94,0,0,0,0,0,0,0,0,0,0,0,0,0.445306,0.257303,0.3,0.3,0.3,0.3,0.3,0.757895,0.757895,0.757895,0.757895,0.989474,0.439405,0.3,0.765957,0,0,0,0,0,0,6,0.553864,0.3,0.3,0.666667,0.666667,40.5,0,0,0,0,63.99,2645.92,0,0,0,0,0,0,0,0,0,0
neuromorpho__aIN-471-nrn-ns-100325-transl-invX-scaled-straightened.swc,76,interneuron,0.977896,71,4,0,0,0,0,0,0,0,0,0,0,0,0.586576,0.322078,0.3,0.3,0.3,0.3,0.3,0.552632,0.552632,0.552632,0.605263,0.644737,0.571035,0.3,0.591549,0.759067,0.759067,0,0,0,0,6,0.774693,0.3,0.518851,0.333333,0.5,30.5,0.735714,22.47,3.17443,6.68799,52.07,1907.05,0,6.16429,0,14.74,2.91,0,0,0,0,0
neuromorpho__alpha-1.swc,59,pyramidal,0.991886,0,58,0,0,0,0,0,0,0,0,0,0,0,0.987912,0.00158728,0.987703,0.987703,0.987703,0.987703,0.987703,0,0,0,0,0,0,0,0,0.987703,0.987703,0,0,0,0,9,0.98907,0.987703,0.987703,0,0,10.6,0,0,0,0,0,0,0,0,0,124.57,155.15,0,0,0,0,0
neuromorpho__alpha-12.swc,81,pyramidal,0.985533,0,80,0,0,0,0,0,0,0,0,0,0,0,0.987855,0.00135785,0.987703,0.987703,0.987703,0.987703,0.987703,0,0,0,0,0,0,0,0,0.987703,0.987703,0,0,0,0,12,0.988728,0.987703,0.987703,0,0,10.9,0,0,0,0,0,0,0,0,0,162.18,156.86,0,0,0,0,0
neuromorpho__alpha-3.swc,82,pyramidal,0.980569,0,81,0,0,0,0,0,0,0,0,0,0,0,0.987853,0.00134964,0.987703,0.987703,0.987703,0.987703,0.987703,0,0,0,0,0,0,0,0,0.987703,0.987703,0,0,0,0,9,0.98907,0.987703,0.987703,0,0,13.6,0,0,0,0,0,0,0,0,0,126.28,192.06,0,0,0,0,0
neuromorpho__alpha-5.swc,62,pyramidal,0.990701,0,61,0,0,0,0,0,0,0,0,0,0,0,0.987902,0.00154905,0.987703,0.987703,0.987703,0.987703,0.987703,0,0,0,0,0,0,0,0,0.987703,0.987703,0,0,0,0,12,0.988728,0.987703,0.987703,0,0,7.9,0,0,0,0,0,0,0,0,0,108.47,154.32,0,0,0,0,0
neuromorpho__april11s1cell-1.swc,1495,interneuron,0.817679,0,1494,0,0,0,0,0,0,0,0,0,0,0,0.981815,0.0136778,0.971335,0.971335,0.971335,0.971335,0.971335,0,0,0,0,0,0,0,0,0.981803,0.971335,0,0,0,0,35,0.984296,0.971335,0.971335,0,0,98.2,0,0,0,0,0,0,23.8,8.72855,4.32071,160.27,422.06,0,0,0,0,0
neuromorpho__april9s1-cell-1.swc,702,interneuron,0.916174,44,657,0,0,0,0,0,0,0,0,0,0,0,0.997795,0.00723695,0.969809,0.969809,0.999666,0.999666,0.999666,0,0,0,0,0,0.969809,0.969809,0,0.999666,0.999666,0,0,0,0,18,0.998026,0.969809,0.999666,0,0,72.4,0,16.35,7.00727,5.00864,8.18,12.72,24.53,6.61412,4.78887,157.46,183.95,0,0,0,0,0
neuromorpho__august8s1-cell-5.swc,1310,interneuron,0.649956,0,1309,0,0,0,0,0,0,0,0,0,0,0,0.844973,0.20732,0.3,0.3,0.3,0.912228,0.912228,0.125954,0.125954,0.125954,0.125954,0.125954,0,0,0,0.844855,0.3,0.12605,0,0,0,34,0.888622,0.3,0.912228,0.0588235,0.0588235,80.1,0,0,0,0,0,0,44.84,-4.36129,8.37608,127.67,458.87,0,0,0,0,0
neuromorpho__b1_slide1_neuron3.swc,223,pyramidal,0.983273,6,90,126,0,0,0,0,0,0,0,0,0,0,0.976088,0.050814,0.670995,0.982145,0.982145,0.982145,0.982145,0,0,0.0269058,0.0269058,0.0269058,0.670995,0.670995,1,0.987699,0.987681,0,0.982133,0.982145,0,29,0.97393,0.670995,0.982145,0.0344828,0.0344828,12,-13.1722,5.65,-3.09944,1.87759,21.45,16.68,72.25,4.13011,13.6783,152.43,197.84,83.53,9.69675,15.9085,159.56,144.71
neuromorpho__beta-13.swc,241,pyramidal,0.991445,0,240,0,0,0,0,0,0,0,0,0,0,0,0.919269,0.205948,0.3,0.3,0.987703,0.987703,0.987703,0.0995851,0.0995851,0.0995851,0.0995851,0.0995851,0,0,0,0.918933,0.918933,0.1,0,0,0,27,0.978137,0.3,0.987703,0,0.037037,17.4,0,0,0,0,0,0,0,0,0,280.95,279.11,0,0,0,0,0
neuromorpho__beta-18.swc,90,pyramidal,0.98982,0,89,0,0,0,0,0,0,0,0,0,0,0,0.98784,0.00128897,0.987703,0.987703,0.987703,0.987703,0.987703,0,0,0,0,0,0,0,0,0.987703,0.987703,0,0,0,0,10,0.988933,0.987703,0.987703,0,0,15.8,0,0,0,0,0,0,0,0,0,151,222.69,0,0,0,0,0
neuromorpho__beta-5.swc,116,pyramidal,0.988509,0,115,0,0,0,0,0,0,0,0,0,0,0,0.987809,0.00113679,0.987703,0.987703,0.987703,0.987703,0.987703,0,0,0,0,0,0,0,0,0.987703,0.987703,0,0,0,0,14,0.988582,0.987703,0.987703,0,0,17.4,0,0,0,0,0,0,0,0,0,145.9,164.41,0,0,0,0,0
neuromorpho__beta-7.swc,137,pyramidal,0.993378,0,136,0,0,0,0,0,0,0,0,0,0,0,0.987793,0.00104674,0.987703,0.987703,0.987703,0.987703,0.987703,0,0,0,0,0,0,0,0,0.987703,0.987703,0,0,0,0,19,0.98835,0.987703,0.987703,0,0,14.4,0,0,0,0,0,0,0,0,0,193.29,229.7,0,0,0,0,0
neuromorpho__c4118.swc,1406,interneuron,0.97735,11,1394,0,0,0,0,0,0,0,0,0,0,0,0.894378,0.117519,0.590909,0.759067,0.759067,0.759067,0.999666,0,0.00782361,0.00924609,0.403272,0.403272,0.590909,0.590909,1,0.896697,0.759067,0.00143472,0,0,0,151,0.876989,0.590909,0.759067,0.013245,0.470199,24,0.0759036,0.67,2.86228,0.192959,3.66,1.48,10.29,4.93852,1.62478,28.29,38.43,0,0,0,0,0
neuromorpho__cIN-1360-nrn-ns-111206-transl-invX-scaled-straightened.swc,78,interneuron,0.796716,77,0,0,0,0,0,0,0,0,0,0,0,0,0.594159,0.31781,0.3,0.3,0.3,0.3,0.3,0.538462,0.538462,0.538462,0.538462,0.538462,0.588889,0.3,0.545455,0,0,0,0,0,0,4,0.757503,0.3,0.545142,0.5,0.5,36.7,0,70.84,41.5571,16.9893,26.67,1054.33,0,0,0,0,0,0,0,0,0,0
neuromorpho__cM2p_10.swc,4304,pyramidal,0.972839,0,1904,2399,0,0,0,0,0,0,0,0,0,0,0.984608,0.00277037,0.982145,0.982145,0.982145,0.982145,0.982145,0,0,0,0,0,0,0,0,0.987703,0.987703,0,0.982145,0.982145,0,98,0.984936,0.982145,0.982145,0,0,98,0,0,0,0,0,0,179.74,-4.79097,37.9943,209.97,214.43,173.15,-9.18196,39.5922,257.15,365.37
neuromorpho__cM2p_20.swc,4969,pyramidal,0.987079,0,1908,3060,0,0,0,0,0,0,0,0,0,0,0.979478,0.0572921,0.3,0.982145,0.982145,0.982145,0.982145,0.00704367,0.00704367,0.00704367,0.00704367,0.00704367,0,0,0,0.987703,0.987703,0,0.974343,0.982145,0.0114379,119,0.983561,0.3,0.982145,0,0,88.8,0,0,0,0,0,0,133.55,-6.38573,31.3434,156.5,225.82,214.95,-17.7522,45.6546,230.54,319.41
neuromorpho__cell-12_9.swc,1631,interneuron,0.932768,0,1630,0,0,0,0,0,0,0,0,0,0,0,0.999666,8.26538e-06,0.999666,0.999666,0.999666,0.999666,0.999666,0,0,0,0,0,0,0,0,0.999666,0.999666,0,0,0,0,74,0.999671,0.999666,0.999666,0,0,51.8,0.333333,0,0,0,0,0,27.39,2.26602,5.19346,60.85,120.85,0,0,0,0,0
neuromorpho__cell-3_15.swc,1860,interneuron,0.943557,82,1777,0,0,0,0,0,0,0,0,0,0,0,0.91374,0.11604,0.74359,0.759067,0.759067,0.759067,0.999666,0,0,0,0.354301,0.354301,0.74359,0.74359,0,0.921543,0.759067,0,0,0,0,100,0.915305,0.74359,0.759067,0,0.35,39.3,0.42875,0,1.07125,0,8.08,52.06,27.15,-2.85168,5.28895,57.71,156.67,0,0,0,0,0
neuromorpho__cell-pair-22-09-11-D1.swc,5120,interneuron,0.985532,4805,314,0,0,0,0,0,0,0,0,0,0,0,0.405483,0.247006,0.3,0.3,0.3,0.3,0.3,0.845703,0.845703,0.845703,0.845703,0.845703,0.369733,0.3,0.896566,0.950645,0.999666,0.0700637,0,0,0,317,0.38743,0.3,0.3,0.870662,0.873817,36.4,0,128,21.7263,30.1393,314.16,1499.16,72,2.0414,16.2424,149.42,701.26,0,0,0,0,0
neuromorpho__cell-pair-22-09-11-D2.swc,3512,interneuron,0.991343,3381,130,0,0,0,0,0,0,0,0,0,0,0,0.371136,0.207124,0.3,0.3,0.3,0.3,0.3,0.894362,0.894362,0.894362,0.894362,0.894362,0.346783,0.3,0.929015,0.999666,0.999666,0,0,0,0,238,0.355712,0.3,0.3,0.915966,0.915966,32.3,0,120,44.8292,20.9395,822.38,545.14,45,6.94615,14.8688,147.65,137.95,0,0,0,0,0
neuromorpho__cell1_wt_traces.swc,10360,interneuron,0.991868,0,10359,0,0,0,0,0,0,0,0,0,0,0,0.999666,3.28037e-06,0.999666,0.999666,0.999666,0.999666,0.999666,0,0,0,0,0,0,0,0,0.999666,0.999666,0,0,0,0,294,0.999667,0.999666,0.999666,0,0,87.1,0,0,0,0,0,0,23.98,-3.5647,3.99954,198.84,228.65,0,0,0,0,0
neuromorpho__cell2_wt_traces.swc,7447,interneuron,0.992271,0,7446,0,0,0,0,0,0,0,0,0,0,0,0.999666,3.86904e-06,0.999666,0.999666,0.999666,0.999666,0.999666,0,0,0,0,0,0,0,0,0.999666,0.999666,0,0,0,0,229,0.999668,0.999666,0.999666,0,0,78,0,0,0,0,0,0,23,4.79029,3.87751,219.53,235.55,0,0,0,0,0
neuromorpho__cell4_b2ko_traces.swc,7710,interneuron,0.993336,0,7709,0,0,0,0,0,0,0,0,0,0,0,0.999666,3.80249e-06,0.999666,0.999666,0.999666,0.999666,0.999666,0,0,0,0,0,0,0,0,0.999666,0.999666,0,0,0,0,235,0.999668,0.999666,0.999666,0,0,76,0,0,0,0,0,0,21,2.60506,4.20528,217.64,256.25,0,0,0,0,0
neuromorpho__cell5_wt_traces.swc,6212,interneuron,0.99197,0,6211,0,0,0,0,0,0,0,0,0,0,0,0.999666,4.23616e-06,0.999666,0.999666,0.999666,0.999666,0.999666,0,0,0,0,0,0,0,0,0.999666,0.999666,0,0,0,0,185,0.999668,0.999666,0.999666,0,0,84,0,0,0,0,0,0,45,-5.19732,11.1761,202.64,254.33,0,0,0,0,0
neuromorpho__cell6_b2ko_traces.swc,4929,interneuron,0.990027,0,4928,0,0,0,0,0,0,0,0,0,0,0,0.999666,4.75554e-06,0.999666,0.999666,0.999666,0.999666,0.999666,0,0,0,0,0,0,0,0,0.999666,0.999666,0,0,0,0,155,0.999668,0.999666,0.999666,0,0,68.6,0,0,0,0,0,0,21,0.876597,3.67365,208.94,223.27,0,0,0,0,0
neuromorpho__cnic_041.swc,1036,pyramidal,0.981283,0,643,392,0,0,0,0,0,0,0,0,0,0,0.985572,0.0027877,0.981148,0.98203,0.982145,0.982145,0.987703,0,0,0,0,0,0,0,0,0.987703,0.987703,0,0.98204,0.981687,0,66,0.985741,0.981148,0.982145,0,0,34.5,0,0,0,0,0,0,69.69,9.45554,14.7204,257.75,230.12,62.89,20.5779,12.6939,243.4,217.22
neuromorpho__cnic_044.swc,1222,pyramidal,0.988987,0,869,352,0,0,0,0,0,0,0,0,0,0,0.972892,0.0751416,0.541873,0.981148,0.981639,0.982145,0.987703,0,0.0294599,0.0294599,0.0294599,0.0294599,0,0,0,0.969234,0.987703,0.0414269,0.981845,0.981148,0,110,0.981672,0.541873,0.981639,0.00909091,0.00909091,28.1,0,0,0,0,0,0,86.73,21.0809,17.721,274.72,255.53,78.94,18.9458,21.6104,170.83,267.83
neuromorpho__cortex-1148-3.swc,45,pyramidal,0.992636,0,44,0,0,0,0,0,0,0,0,0,0,0,0.987976,0.00181261,0.987703,0.987703,0.987703,0.987703,0.987703,0,0,0,0,0,0,0,0,0.987703,0.987703,0,0,0,0,14,0.988582,0.987703,0.987703,0,0,5.7,0,0,0,0,0,0,35.12,-7.97068,10.7334,59.64,126.02,0,0,0,0,0
neuromorpho__cortex-1148-4.swc,63,pyramidal,0.994171,0,62,0,0,0,0,0,0,0,0,0,0,0,0.987898,0.0015369,0.987703,0.987703,0.987703,0.987703,0.987703,0,0,0,0,0,0,0,0,0.987703,0.987703,0,0,0,0,14,0.988582,0.987703,0.987703,0,0,7.7,0,0,0,0,0,0,39.1,-3.39661,12.06,74.41,146.61,0,0,0,0,0
neuromorpho__cortex-1155-5.swc,96,pyramidal,0.995297,0,95,0,0,0,0,0,0,0,0,0,0,0,0.987831,0.00124851,0.987693,0.987703,0.987703,0.987703,0.987703,0,0,0,0,0,0,0,0,0.987703,0.987703,0,0,0,0,25,0.988195,0.987693,0.987703,0,0,8,0,0,0,0,0,0,53,-4.10968,17.1768,92.17,165.22,0,0,0,0,0
neuromorpho__cortex-1159-2.swc,55,pyramidal,0.98994,0,54,0,0,0,0,0,0,0,0,0,0,0,0.987927,0.00164295,0.987703,0.987703,0.987703,0.987703,0.987703,0,0,0,0,0,0,0,0,0.987703,0.987703,0,0,0,0,17,0.988427,0.987703,0.987703,0,0,4.4,0,0,0,0,0,0,25.76,-0.981481,6.76284,77.43,131.41,0,0,0,0,0
neuromorpho__cortex-1159-3.swc,65,pyramidal,0.980114,0,64,0,0,0,0,0,0,0,0,0,0,0,0.987892,0.00151345,0.987703,0.987703,0.987703,0.987703,0.987703,0,0,0,0,0,0,0,0,0.987703,0.987703,0,0,0,0,12,0.988728,0.987703,0.987703,0,0,10.6,0,0,0,0,0,0,49.67,-1.88203,16.2629,56.69,111.25,0,0,0,0,0
neuromorpho__cortex-1159-7.swc,81,pyramidal,0.980348,0,80,0,0,0,0,0,0,0,0,0,0,0,0.987855,0.00135785,0.987703,0.987703,0.987703,0.987703,0.987703,0,0,0,0,0,0,0,0,0.987703,0.987703,0,0,0,0,26,0.988176,0.987703,0.987703,0,0,7.5,0,0,0,0,0,0,33.03,-5.8845,8.22097,89.34,147.93,0,0,0,0,0
neuromorpho__cortex-1159-9.swc,85,pyramidal,0.992635,0,84,0,0,0,0,0,0,0,0,0,0,0,0.987848,0.0013259,0.987703,0.987703,0.987703,0.987703,0.987703,0,0,0,0,0,0,0,0,0.987703,0.987703,0,0,0,0,23,0.988238,0.987703,0.987703,0,0,6,0,0,0,0,0,0,54.23,-3.81298,13.4881,70.02,116.39,0,0,0,0,0
neuromorpho__cortex-229-5.swc,99,pyramidal,0.982703,0,98,0,0,0,0,0,0,0,0,0,0,0,0.987827,0.00122961,0.987703,0.987703,0.987703,0.987703,0.987703,0,0,0,0,0,0,0,0,0.987703,0.987703,0,0,0,0,26,0.988176,0.987703,0.987703,0,0,8,0,0,0,0,0,0,29.09,-5.1198,6.91147,99.49,190.28,0,0,0,0,0
neuromorpho__cortex-456-8.swc,48,pyramidal,0.985875,0,47,0,0,0,0,0,0,0,0,0,0,0,0.987959,0.0017563,0.987703,0.987703,0.987703,0.987703,0.987703,0,0,0,0,0,0,0,0,0.987703,0.987703,0,0,0,0,12,0.988728,0.987703,0.987703,0,0,8.6,0,0,0,0,0,0,25.43,6.30213,6.49116,103.83,172.26,0,0,0,0,0
neuromorpho__cortex-516-4.swc,61,pyramidal,0.977494,0,60,0,0,0,0,0,0,0,0,0,0,0,0.987905,0.00156148,0.987703,0.987703,0.987703,0.987703,0.987703,0,0,0,0,0,0,0,0,0.987703,0.987703,0,0,0,0,21,0.988289,0.987703,0.987703,0,0,5,0,0,0,0,0,0,36.01,-6.3805,11.6905,68.84,89.5,0,0,0,0,0
neuromorpho__cortex-516-6.swc,47,pyramidal,0.987685,0,46,0,0,0,0,0,0,0,0,0,0,0,0.987965,0.00177448,0.987703,0.987703,0.987703,0.987703,0.987703,0,0,0,0,0,0,0,0,0.987703,0.987703,0,0,0,0,13,0.988649,0.987703,0.987703,0,0,6,0,0,0,0,0,0,28.77,2.51326,7.12154,31.51,90.97,0,0,0,0,0
neuromorpho__cortex-516-7.swc,50,pyramidal,0.985377,0,49,0,0,0,0,0,0,0,0,0,0,0,0.987949,0.00172155,0.987703,0.987703,0.987703,0.987703,0.987703,0,0,0,0,0,0,0,0,0.987703,0.987703,0,0,0,0,16,0.988472,0.987703,0.987703,0,0,5.5,0,0,0,0,0,0,29.98,6.72571,8.683,74.03,95.62,0,0,0,0,0
neuromorpho__cortex-516-8.swc,69,pyramidal,0.985716,0,68,0,0,0,0,0,0,0,0,0,0,0,0.987881,0.00146959,0.987703,0.987703,0.987703,0.987703,0.987703,0,0,0,0,0,0,0,0,0.987703,0.987703,0,0,0,0,16,0.988472,0.987703,0.987703,0,0,8.5,0,0,0,0,0,0,48.46,7.01353,14.3137,83.97,171.23,0,0,0,0,0
neuromorpho__cortex-519-3.swc,37,pyramidal,0.993632,0,36,0,0,0,0,0,0,0,0,0,0,0,0.988036,0.00199407,0.987703,0.987703,0.987703,0.987703,0.987703,0,0,0,0,0,0,0,0,0.987703,0.987703,0,0,0,0,13,0.988649,0.987703,0.987703,0,0,5,0,0,0,0,0,0,43.01,-6.16861,10.7679,34.3,87.34,0,0,0,0,0
neuromorpho__cortex-519-8.swc,24,pyramidal,0.929324,0,23,0,0,0,0,0,0,0,0,0,0,0,0.988216,0.00245722,0.987703,0.987703,0.987703,0.987703,0.987703,0,0,0,0,0,0,0,0,0.987703,0.987703,0,0,0,0,8,0.98924,0.987703,0.987703,0,0,5.3,0,0,0,0,0,0,5.73,-1.69696,2.48333,35.45,70.4,0,0,0,0,0
neuromorpho__cortex-521-6.swc,73,pyramidal,0.989386,0,72,0,0,0,0,0,0,0,0,0,0,0,0.987872,0.00142934,0.987703,0.987703,0.987703,0.987703,0.987703,0,0,0,0,0,0,0,0,0.987703,0.987703,0,0,0,0,25,0.988195,0.987703,0.987703,0,0,6.6,0,0,0,0,0,0,42.08,5.52056,11.4006,151.51,141.36,0,0,0,0,0
neuromorpho__cortex-531-2.swc,84,pyramidal,0.968878,0,83,0,0,0,0,0,0,0,0,0,0,0,0.98785,0.00133368,0.987703,0.987703,0.987703,0.987703,0.987703,0,0,0,0,0,0,0,0,0.987703,0.987703,0,0,0,0,23,0.988238,0.987703,0.987703,0,0,8,0,0,0,0,0,0,32.68,-1.49096,6.33625,125.79,202.19,0,0,0,0,0
neuromorpho__cortex-537-2.swc,74,pyramidal,0.989887,0,73,0,0,0,0,0,0,0,0,0,0,0,0.987868,0.00141991,0.987693,0.987693,0.987696,0.987703,0.987703,0,0,0,0,0,0,0,0,0.987702,0.987695,0,0,0,0,17,0.988425,0.987693,0.987699,0,0,7.4,0,0,0,0,0,0,26.35,-5.89342,8.23547,70.39,116.06,0,0,0,0,0
neuromorpho__cortex-539-5.swc,101,pyramidal,0.989089,0,100,0,0,0,0,0,0,0,0,0,0,0,0.987825,0.0012175,0.987703,0.987703,0.987703,0.987703,0.987703,0,0,0,0,0,0,0,0,0.987703,0.987703,0,0,0,0,26,0.988176,0.987703,0.987703,0,0,8.5,0,0,0,0,0,0,37.88,-0.652,7.62968,98.53,195.02,0,0,0,0,0
neuromorpho__cortex-539-8.swc,51,pyramidal,0.969306,0,50,0,0,0,0,0,0,0,0,0,0,0,0.987944,0.00170493,0.987703,0.987703,0.987703,0.987703,0.987703,0,0,0,0,0,0,0,0,0.987703,0.987703,0,0,0,0,15,0.988523,0.987703,0.987703,0,0,8.2,0,0,0,0,0,0,16.06,-1.1998,6.20923,98.52,132.74,0,0,0,0,0
neuromorpho__cortex-570-7.swc,105,pyramidal,0.99309,0,104,0,0,0,0,0,0,0,0,0,0,0,0.98782,0.00119431,0.987703,0.987703,0.987703,0.987703,0.987703,0,0,0,0,0,0,0,0,0.987703,0.987703,0,0,0,0,33,0.988076,0.987703,0.987703,0,0,6,0,0,0,0,0,0,44.52,-19.2257,14.2063,124.03,134.92,0,0,0,0,0
neuromorpho__cortex-858-3.swc,47,pyramidal,0.947093,0,46,0,0,0,0,0,0,0,0,0,0,0,0.987965,0.00177448,0.987703,0.987703,0.987703,0.987703,0.987703,0,0,0,0,0,0,0,0,0.987703,0.987703,0,0,0,0,15,0.988523,0.987703,0.987703,0,0,5,0,0,0,0,0,0,39.39,-8.38087,12.0337,59.25,119.27,0,0,0,0,0
neuromorpho__cortex-858-4.swc,63,pyramidal,0.991446,0,62,0,0,0,0,0,0,0,0,0,0,0,0.987898,0.0015369,0.987703,0.987703,0.987703,0.987703,0.987703,0,0,0,0,0,0,0,0,0.987703,0.987703,0,0,0,0,24,0.988216,0.987703,0.987703,0,0,4.4,0,0,0,0,0,0,26.35,-7.89581,9.55297,79.49,152.58,0,0,0,0,0
neuromorpho__cortex102-5.swc,149,pyramidal,0.953578,0,148,0,0,0,0,0,0,0,0,0,0,0,0.987786,0.001004,0.987703,0.987703,0.987703,0.987703,0.987703,0,0,0,0,0,0,0,0,0.987703,0.987703,0,0,0,0,36,0.988045,0.987703,0.987703,0,0,8,0,0,0,0,0,0,46.04,-5.82615,16.0924,207.26,189.43,0,0,0,0,0
neuromorpho__cortex104-1.swc,50,pyramidal,0.984247,0,49,0,0,0,0,0,0,0,0,0,0,0,0.987949,0.00172163,0.987693,0.987698,0.987703,0.987703,0.987703,0,0,0,0,0,0,0,0,0.987703,0.987703,0,0,0,0,17,0.988426,0.987693,0.987703,0,0,5,0,0,0,0,0,0,14.54,-6.2002,6.01845,64.79,78.02,0,0,0,0,0
neuromorpho__cortex104-6.swc,64,pyramidal,0.994385,0,63,0,0,0,0,0,0,0,0,0,0,0,0.987895,0.00152504,0.987703,0.987703,0.987703,0.987703,0.987703,0,0,0,0,0,0,0,0,0.987703,0.987703,0,0,0,0,16,0.988472,0.987703,0.987703,0,0,6,0,0,0,0,0,0,42.1,-25.397,11.5915,57.06,131.96,0,0,0,0,0
neuromorpho__cortex117-6.swc,61,pyramidal,0.993857,0,60,0,0,0,0,0,0,0,0,0,0,0,0.987905,0.00156148,0.987703,0.987703,0.987703,0.987703,0.987703,0,0,0,0,0,0,0,0,0.987703,0.987703,0,0,0,0,15,0.988523,0.987703,0.987703,0,0,7.6,0,0,0,0,0,0,36.33,-0.546833,12.2362,73.04,82.93,0,0,0,0,0
neuromorpho__cortex130-2.swc,104,pyramidal,0.989654,0,103,0,0,0,0,0,0,0,0,0,0,0,0.987821,0.00119999,0.987703,0.987703,0.987703,0.987703,0.987703,0,0,0,0,0,0,0,0,0.987703,0.987703,0,0,0,0,24,0.988216,0.987703,0.987703,0,0,7,0,0,0,0,0,0,39.37,-8.1833,10.151,125.81,227.71,0,0,0,0,0
neuromorpho__cortex130-7.swc,44,pyramidal,0.992622,0,43,0,0,0,0,0,0,0,0,0,0,0,0.987983,0.00183262,0.987703,0.987703,0.987703,0.987703,0.987703,0,0,0,0,0,0,0,0,0.987703,0.987703,0,0,0,0,14,0.988582,0.987703,0.987703,0,0,5,0,0,0,0,0,0,46.32,0.588837,14.596,30.22,57.9,0,0,0,0,0
neuromorpho__cortex134-2.swc,68,pyramidal,0.994167,0,67,0,0,0,0,0,0,0,0,0,0,0,0.987884,0.0014802,0.987703,0.987703,0.987703,0.987703,0.987703,0,0,0,0,0,0,0,0,0.987703,0.987703,0,0,0,0,19,0.98835,0.987703,0.987703,0,0,7.2,0,0,0,0,0,0,38.75,-14.7688,11.5292,71.65,127.27,0,0,0,0,0
neuromorpho__cortex134-5.swc,97,pyramidal,0.976897,0,96,0,0,0,0,0,0,0,0,0,0,0,0.98783,0.00124209,0.987703,0.987703,0.987703,0.987703,0.987703,0,0,0,0,0,0,0,0,0.987703,0.987703,0,0,0,0,26,0.988176,0.987703,0.987703,0,0,7.5,0,0,0,0,0,0,40.87,6.82885,11.4968,111.67,173.25,0,0,0,0,0
neuromorpho__cortex156-6.swc,101,pyramidal,0.974807,0,100,0,0,0,0,0,0,0,0,0,0,0,0.987825,0.0012175,0.987703,0.987703,0.987703,0.987703,0.987703,0,0,0,0,0,0,0,0,0.987703,0.987703,0,0,0,0,26,0.988176,0.987703,0.987703,0,0,7,0,0,0,0,0,0,27,-0.5,6.39609,88.15,166.81,0,0,0,0,0
neuromorpho__cortex158-1.swc,43,pyramidal,0.990184,0,42,0,0,0,0,0,0,0,0,0,0,0,0.987989,0.00185331,0.987703,0.987703,0.987703,0.987703,0.987703,0,0,0,0,0,0,0,0,0.987703,0.987703,0,0,0,0,20,0.988318,0.987703,0.987703,0,0,4,0,0,0,0,0,0,22.43,-0.714286,5.62115,53.73,113.8,0,0,0,0,0
neuromorpho__cortex158-2.swc,85,pyramidal,0.99405,0,84,0,0,0,0,0,0,0,0,0,0,0,0.987848,0.0013259,0.987703,0.987703,0.987703,0.987703,0.987703,0,0,0,0,0,0,0,0,0.987703,0.987703,0,0,0,0,30,0.988113,0.987703,0.987703,0,0,5.3,0,0,0,0,0,0,36.93,-7.26107,9.99764,87.47,121.34,0,0,0,0,0
neuromorpho__cortex158-4.swc,47,pyramidal,0.98523,0,46,0,0,0,0,0,0,0,0,0,0,0,0.987965,0.00177448,0.987703,0.987703,0.987703,0.987703,0.987703,0,0,0,0,0,0,0,0,0.987703,0.987703,0,0,0,0,17,0.988427,0.987703,0.987703,0,0,4.4,0,0,0,0,0,0,6.36,-6.53457,2.44722,82.55,115.93,0,0,0,0,0
neuromorpho__cortex163-2.swc,69,pyramidal,0.982758,0,68,0,0,0,0,0,0,0,0,0,0,0,0.987881,0.00146959,0.987703,0.987703,0.987703,0.987703,0.987703,0,0,0,0,0,0,0,0,0.987703,0.987703,0,0,0,0,24,0.988216,0.987703,0.987703,0,0,6.4,0,0,0,0,0,0,43.93,11.3707,12.447,104.45,139.9,0,0,0,0,0
neuromorpho__cortex163-3.swc,174,pyramidal,0.984274,0,173,0,0,0,0,0,0,0,0,0,0,0,0.987774,0.000929533,0.987703,0.987703,0.987703,0.987703,0.987703,0,0,0,0,0,0,0,0,0.987703,0.987703,0,0,0,0,47,0.987965,0.987703,0.987703,0,0,7,0,0,0,0,0,0,52.09,-6.91301,14.9818,221.54,260.35,0,0,0,0,0
neuromorpho__cortex163-5.swc,37,pyramidal,0.986277,0,36,0,0,0,0,0,0,0,0,0,0,0,0.988036,0.00199407,0.987703,0.987703,0.987703,0.987703,0.987703,0,0,0,0,0,0,0,0,0.987703,0.987703,0,0,0,0,9,0.98907,0.987703,0.987703,0,0,7.4,0,0,0,0,0,0,25.72,-5.42389,7.44153,30.84,110.84,0,0,0,0,0
neuromorpho__cortex168-5.swc,76,pyramidal,0.994943,0,75,0,0,0,0,0,0,0,0,0,0,0,0.987865,0.00140123,0.987703,0.987703,0.987703,0.987703,0.987703,0,0,0,0,0,0,0,0,0.987703,0.987703,0,0,0,0,21,0.988289,0.987703,0.987703,0,0,8,0,0,0,0,0,0,38.5,-18.6625,9.05672,85.94,137.84,0,0,0,0,0
neuromorpho__cortex168-6.swc,78,pyramidal,0.99218,0,77,0,0,0,0,0,0,0,0,0,0,0,0.987861,0.00138338,0.987703,0.987703,0.987703,0.987703,0.987703,0,0,0,0,0,0,0,0,0.987703,0.987703,0,0,0,0,28,0.988142,0.987703,0.987703,0,0,6.3,0,0,0,0,0,0,53.6,-4.19169,14.011,82.04,97.33,0,0,0,0,0
neuromorpho__cortex169-6.swc,60,pyramidal,0.988859,0,59,0,0,0,0,0,0,0,0,0,0,0,0.987908,0.00157422,0.987703,0.987703,0.987703,0.987703,0.987703,0,0,0,0,0,0,0,0,0.987703,0.987703,0,0,0,0,18,0.988386,0.987703,0.987703,0,0,5.6,0,0,0,0,0,0,49.66,-8.94695,14.4724,86.15,100.72,0,0,0,0,0
neuromorpho__cortex172-4.swc,59,pyramidal,0.987679,0,58,0,0,0,0,0,0,0,0,0,0,0,0.987912,0.00158728,0.987703,0.987703,0.987703,0.987703,0.987703,0,0,0,0,0,0,0,0,0.987703,0.987703,0,0,0,0,18,0.988386,0.987703,0.987703,0,0,5.3,0,0,0,0,0,0,39.09,2.09448,12.7568,81.92,182.4,0,0,0,0,0
neuromorpho__cortex195-1.swc,61,pyramidal,0.993841,0,60,0,0,0,0,0,0,0,0,0,0,0,0.987905,0.00156148,0.987703,0.987703,0.987703,0.987703,0.987703,0,0,0,0,0,0,0,0,0.987703,0.987703,0,0,0,0,14,0.988582,0.987703,0.987703,0,0,8.4,0,0,0,0,0,0,32.4,-2.94533,8.69232,83.33,118.43,0,0,0,0,0
neuromorpho__cortex195-4.swc,82,pyramidal,0.989487,0,81,0,0,0,0,0,0,0,0,0,0,0,0.987853,0.00134964,0.987703,0.987703,0.987703,0.987703,0.987703,0,0,0,0,0,0,0,0,0.987703,0.987703,0,0,0,0,22,0.988262,0.987703,0.987703,0,0,5.9,0,0,0,0,0,0,40.29,-2.99148,11.0607,51.14,96.25,0,0,0,0,0
neuromorpho__cortex195-6.swc,79,pyramidal,0.974598,0,78,0,0,0,0,0,0,0,0,0,0,0,0.987859,0.00137471,0.987703,0.987703,0.987703,0.987703,0.987703,0,0,0,0,0,0,0,0,0.987703,0.987703,0,0,0,0,18,0.988386,0.987703,0.987703,0,0,8.6,0,0,0,0,0,0,27.87,-11.809,8.20277,83.38,125.85,0,0,0,0,0
neuromorpho__cortex218-2.swc,148,pyramidal,0.949305,0,147,0,0,0,0,0,0,0,0,0,0,0,0.987786,0.00100737,0.987703,0.987703,0.987703,0.987703,0.987703,0,0,0,0,0,0,0,0,0.987703,0.987703,0,0,0,0,28,0.988142,0.987703,0.987703,0,0,8.6,0,0,0,0,0,0,40.59,0.778435,10.2998,108.54,114.51,0,0,0,0,0
neuromorpho__cortex218-4.swc,68,pyramidal,0.984441,0,67,0,0,0,0,0,0,0,0,0,0,0,0.987884,0.0014802,0.987703,0.987703,0.987703,0.987703,0.987703,0,0,0,0,0,0,0,0,0.987703,0.987703,0,0,0,0,16,0.988472,0.987703,0.987703,0,0,8.5,0,0,0,0,0,0,29.98,-7.08687,7.55127,60.57,106.83,0,0,0,0,0
neuromorpho__cortex223-4.swc,92,pyramidal,0.981423,0,91,0,0,0,0,0,0,0,0,0,0,0,0.987837,0.00127504,0.987703,0.987703,0.987703,0.987703,0.987703,0,0,0,0,0,0,0,0,0.987703,0.987703,0,0,0,0,23,0.988238,0.987703,0.987703,0,0,9,0,0,0,0,0,0,35.76,-7.32077,10.4778,105.08,188.36,0,0,0,0,0
neuromorpho__cortex225-3.swc,41,pyramidal,0.991004,0,40,0,0,0,0,0,0,0,0,0,0,0,0.988003,0.00189687,0.987703,0.987703,0.987703,0.987703,0.987703,0,0,0,0,0,0,0,0,0.987703,0.987703,0,0,0,0,12,0.988728,0.987703,0.987703,0,0,5.9,0,0,0,0,0,0,29.39,-6.56825,8.56681,61.65,78.11,0,0,0,0,0
neuromorpho__cortex229-2.swc,72,pyramidal,0.994117,0,71,0,0,0,0,0,0,0,0,0,0,0,0.987874,0.00143909,0.987703,0.987703,0.987703,0.987703,0.987703,0,0,0,0,0,0,0,0,0.987703,0.987703,0,0,0,0,20,0.988318,0.987703,0.987703,0,0,8,0,0,0,0,0,0,29.39,-2.62197,7.64991,149.16,207.05,0,0,0,0,0
neuromorpho__cortex303-3.swc,97,pyramidal,0.975065,0,96,0,0,0,0,0,0,0,0,0,0,0,0.98783,0.00124209,0.987703,0.987703,0.987703,0.987703,0.987703,0,0,0,0,0,0,0,0,0.987703,0.987703,0,0,0,0,28,0.988142,0.987703,0.987703,0,0,7.3,0,0,0,0,0,0,45.12,-4.56083,12.985,72.69,129.84,0,0,0,0,0
neuromorpho__cortex303-4.swc,78,pyramidal,0.978809,0,77,0,0,0,0,0,0,0,0,0,0,0,0.987861,0.00138338,0.987703,0.987703,0.987703,0.987703,0.987703,0,0,0,0,0,0,0,0,0.987703,0.987703,0,0,0,0,14,0.988582,0.987703,0.987703,0,0,9.7,0,0,0,0,0,0,38.47,-8.2261,13.6877,147.34,189.47,0,0,0,0,0
neuromorpho__cortex305-2.swc,129,pyramidal,0.993171,0,128,0,0,0,0,0,0,0,0,0,0,0,0.987799,0.00107847,0.987703,0.987703,0.987703,0.987703,0.987703,0,0,0,0,0,0,0,0,0.987703,0.987703,0,0,0,0,30,0.988113,0.987703,0.987703,0,0,8.1,0,0,0,0,0,0,36.36,0.570391,10.3968,108.42,232.29,0,0,0,0,0
neuromorpho__cortex368-3.swc,57,pyramidal,0.987946,0,56,0,0,0,0,0,0,0,0,0,0,0,0.987919,0.0016144,0.987703,0.987703,0.987703,0.987703,0.987703,0,0,0,0,0,0,0,0,0.987703,0.987703,0,0,0,0,17,0.988427,0.987703,0.987703,0,0,6,0,0,0,0,0,0,17.25,-6.75196,5.11072,107.54,135.27,0,0,0,0,0
neuromorpho__cortex370-2.swc,86,pyramidal,0.984895,0,85,0,0,0,0,0,0,0,0,0,0,0,0.987846,0.00131826,0.987703,0.987703,0.987703,0.987703,0.987703,0,0,0,0,0,0,0,0,0.987703,0.987703,0,0,0,0,15,0.988523,0.987703,0.987703,0,0,9,0,0,0,0,0,0,38.18,-14.6285,10.2455,111.99,125.67,0,0,0,0,0
neuromorpho__cortex370-7.swc,95,pyramidal,0.955253,0,94,0,0,0,0,0,0,0,0,0,0,0,0.987833,0.00125496,0.987703,0.987703,0.987703,0.987703,0.987703,0,0,0,0,0,0,0,0,0.987703,0.987703,0,0,0,0,21,0.988289,0.987703,0.987703,0,0,10,0,0,0,0,0,0,28.17,8.0283,7.61658,180.5,205.12,0,0,0,0,0
neuromorpho__cortex401-5.swc,104,pyramidal,0.980826,0,103,0,0,0,0,0,0,0,0,0,0,0,0.987821,0.00119999,0.987703,0.987703,0.987703,0.987703,0.987703,0,0,0,0,0,0,0,0,0.987703,0.987703,0,0,0,0,32,0.988088,0.987703,0.987703,0,0,6,0,0,0,0,0,0,31.5,11.2462,6.65419,121.62,187.48,0,0,0,0,0
neuromorpho__cortex401-6.swc,87,pyramidal,0.984425,0,86,0,0,0,0,0,0,0,0,0,0,0,0.987845,0.00131075,0.987703,0.987703,0.987703,0.987703,0.987703,0,0,0,0,0,0,0,0,0.987703,0.987703,0,0,0,0,23,0.988238,0.987703,0.987703,0,0,7,0,0,0,0,0,0,43.63,9.5986,10.5178,62.39,156.59,0,0,0,0,0
neuromorpho__cortex99-4.swc,95,pyramidal,0.976828,0,94,0,0,0,0,0,0,0,0,0,0,0,0.987833,0.00125496,0.987703,0.987703,0.987703,0.987703,0.987703,0,0,0,0,0,0,0,0,0.987703,0.987703,0,0,0,0,23,0.988238,0.987703,0.987703,0,0,8.4,0,0,0,0,0,0,43.31,-4.32181,11.9808,106.93,163.16,0,0,0,0,0
neuromorpho__cortex99-5.swc,111,pyramidal,0.993347,0,110,0,0,0,0,0,0,0,0,0,0,0,0.987814,0.00116189,0.987703,0.987703,0.987703,0.987703,0.987703,0,0,0,0,0,0,0,0,0.987703,0.987703,0,0,0,0,31,0.9881,0.987703,0.987703,0,0,6,0,0,0,0,0,0,45.13,-8.48009,13.0125,112.1,186.55,0,0,0,0,0
neuromorpho__crop0_2_seg_split_20_1-7.swc,2028,pyramidal,0.637685,0,2027,0,0,0,0,0,0,0,0,0,0,0,0.889004,0.0186523,0.865539,0.865539,0.865539,0.865539,0.887931,0,0,0,0,0.686391,0,0,0,0.888949,0.865539,0,0,0,0,116,0.888925,0.865539,0.865539,0,0,48.5,0,0,0,0,0,0,35.53,2.96031,5.63955,43.06,53.97,0,0,0,0,0
neuromorpho__crop0_2_seg_split_2_1-2.swc,772,pyramidal,0.742907,0,771,0,0,0,0,0,0,0,0,0,0,0,0.987719,0.000442284,0.987703,0.987703,0.987703,0.987703,0.987703,0,0,0,0,0,0,0,0,0.987703,0.987703,0,0,0,0,46,0.987971,0.987703,0.987703,0,0,33,0,0,0,0,0,0,23.5,1.10761,4.35228,26.14,33.02,0,0,0,0,0
neuromorpho__crop0_2_seg_split_30_1-2.swc,868,pyramidal,0.619594,0,867,0,0,0,0,0,0,0,0,0,0,0,0.893272,0.0198635,0.872897,0.872897,0.872897,0.872897,0.904171,0,0,0,0,0.476959,0,0,0,0.893148,0.872897,0,0,0,0,30,0.899923,0.872897,0.872897,0,0,65.3,0,0,0,0,0,0,28.8,2.86767,4.24119,26.15,46.34,0,0,0,0,0
neuromorpho__crop0_2_seg_split_38_1-05.swc,1152,interneuron,0.857629,0,1151,0,0,0,0,0,0,0,0,0,0,0,0.984922,0.0141432,0.971335,0.971335,0.971335,0.971335,0.971335,0,0,0,0,0,0,0,0,0.984909,0.971335,0,0,0,0,28,0.983312,0.971335,0.971335,0,0,86.3,0,0,0,0,0,0,25.56,-1.62867,4.59229,61.64,67.53,0,0,0,0,0
neuromorpho__crop0_2_seg_split_4_1-2.swc,758,pyramidal,0.718713,0,757,0,0,0,0,0,0,0,0,0,0,0,0.987718,0.000446446,0.987681,0.987681,0.987703,0.987703,0.987703,0,0,0,0,0,0,0,0,0.987701,0.987703,0,0,0,0,46,0.987969,0.987681,0.987703,0,0,38.5,0,0,0,0,0,0,15.33,-3.69129,3.86371,31.17,40.23,0,0,0,0,0
neuromorpho__crop0_2_seg_split_6_1-35.swc,545,interneuron,0.394483,0,544,0,0,0,0,0,0,0,0,0,0,0,0.88636,0.0653083,0.795004,0.795004,0.795004,0.795004,0.930157,0,0,0,0.333945,0.333945,0,0,0,0.886151,0.795004,0,0,0,0,36,0.907673,0.795004,0.795004,0,0.194444,39,0,0,0,0,0,0,18.65,1.21033,4.21946,34.12,29.65,0,0,0,0,0
neuromorpho__ctg_bV1_3.swc,605,pyramidal,0.980684,0,326,278,0,0,0,0,0,0,0,0,0,0,0.985005,0.00302425,0.981148,0.981148,0.981148,0.982145,0.987703,0,0,0,0,0,0,0,0,0.987703,0.987703,0,0.981787,0.981148,0,65,0.985279,0.981148,0.98154,0,0,16.6,0,0,0,0,0,0,82.37,-11.4242,18.6194,220.62,134.16,93.62,-6.44964,22.6837,140.73,591.83
neuromorpho__ctrl_bV1_2.swc,426,pyramidal,0.989155,0,316,109,0,0,0,0,0,0,0,0,0,0,0.9863,0.00253033,0.981639,0.982145,0.982145,0.982145,0.987703,0,0,0,0,0,0,0,0,0.987703,0.987703,0,0.982108,0.982145,0,52,0.986531,0.981639,0.982145,0,0,17.9,0,0,0,0,0,0,93.9,-13.4941,15.99,235.02,237.25,60.83,-8.39312,15.3887,193.21,168.64
neuromorpho__ctrl_bV1_3.swc,669,pyramidal,0.993039,21,368,279,0,0,0,0,0,0,0,0,0,0,0.981083,0.0232784,0.84621,0.981148,0.981474,0.982145,0.987703,0,0,0,0,0.0269058,0.854185,0.84621,0,0.987604,0.987703,0,0.981966,0.981474,0,79,0.980798,0.84621,0.982053,0,0,17,0.00333333,12.41,-5.20476,2.88721,35.03,72,70.34,12.7325,16.7832,214.42,228.57,61.89,3.88724,15.0013,230.83,445.47
neuromorpho__ctrl_bV1_5.swc,685,pyramidal,0.973979,0,354,330,0,0,0,0,0,0,0,0,0,0,0.979068,0.0638966,0.3,0.982145,0.982145,0.982145,0.987703,0.00875912,0.00875912,0.00875912,0.00875912,0.00875912,0,0,0,0.987703,0.987703,0,0.969742,0.982145,0.0181818,68,0.983364,0.3,0.982145,0,0,20.3,0,0,0,0,0,0,97.23,0.132797,23.4192,438.65,218.57,97.49,-2.72061,22.1505,388.91,440.87
neuromorpho__ctrl_bV1_7.swc,392,pyramidal,0.918446,0,220,171,0,0,0,0,0,0,0,0,0,0,0.837965,0.281005,0.3,0.3,0.3,0.962866,0.987703,0.214286,0.214286,0.214286,0.214286,0.214286,0,0,0,0.987703,0.987703,0,0.644371,0.3,0.491228,53,0.901986,0.3,0.363525,0.132075,0.132075,14,0,0,0,0,0,0,47.69,-1.62845,10.7616,264.3,161.17,54.89,-0.684503,13.2668,260.79,642.58
neuromorpho__d2s2-cell-3.swc,638,interneuron,0.909989,0,637,0,0,0,0,0,0,0,0,0,0,0,0.999667,1.32091e-05,0.999666,0.999666,0.999666,0.999666,0.999666,0,0,0,0,0,0,0,0,0.999666,0.999666,0,0,0,0,20,0.999683,0.999666,0.999666,0,0,64.4,0,0,0,0,0,0,27.3,1.93182,6.87685,126.32,179.87,0,0,0,0,0
neuromorpho__d3s2-cell-2.swc,636,interneuron,0.936221,123,512,0,0,0,0,0,0,0,0,0,0,0,0.9424,0.116039,0.619835,0.666667,0.74359,0.999666,0.999666,0,0,0.077044,0.177673,0.204403,0.762821,0.619835,0.243902,0.985429,0.999666,0.0371094,0,0,0,22,0.898686,0.619835,0.674359,0.136364,0.318182,65.6,0,15.89,5.4522,2.68337,52.11,117.35,22.58,0.220625,5.67499,123.15,140.6,0,0,0,0,0
neuromorpho__dCH-cobalt.swc,6167,interneuron,0.950861,0,6166,0,0,0,0,0,0,0,0,0,0,0,0.331312,0.136329,0.3,0.3,0.3,0.3,0.3,0.949408,0.949408,0.949408,0.955246,0.955246,0,0,0,0.331204,0.3,0.949562,0,0,0,4776,0.316812,0.3,0.3,0.973827,0.974246,2,25.1268,0,0,0,0,0,123.6,-74.7486,28.1526,622.2,401.6,0,0,0,0,0
neuromorpho__dIN-000512-nrn-ns-100412-V2-transl-invX-scaled-straightened.swc,77,interneuron,0.963713,76,0,0,0,0,0,0,0,0,0,0,0,0,0.675945,0.334477,0.3,0.3,0.3,0.3,0.969809,0.441558,0.441558,0.441558,0.441558,0.441558,0.671681,0.3,0.447368,0,0,0,0,0,0,6,0.882395,0.3,0.710142,0.166667,0.166667,31,0,17.28,4.95145,4.44855,29.98,1048.94,0,0,0,0,0,0,0,0,0,0
neuromorpho__dIN-000516-nrn-ns-100624-transl-invX-scaled-straightened.swc,80,interneuron,0.730978,42,37,0,0,0,0,0,0,0,0,0,0,0,0.691374,0.248075,0.3,0.3,0.3,0.3,0.759067,0.2625,0.2625,0.2625,0.725,0.75,0.626524,0.3,0.5,0.756647,0.759067,0,0,0,0,20,0.782173,0.3,0.754589,0.05,0.8,6,0.346,36.27,-4.25886,12.4836,963.09,492.05,15.55,12.301,4.26942,45.95,31.7,0,0,0,0,0
neuromorpho__dIN-1301-nrn-ns-100930-transl-invX-scaled-straightened.swc,58,interneuron,0.637887,36,21,0,0,0,0,0,0,0,0,0,0,0,0.62955,0.318544,0.3,0.3,0.3,0.3,0.921126,0.482759,0.482759,0.482759,0.482759,0.482759,0.438028,0.3,0.777778,0.940234,0.940234,0,0,0,0,11,0.676163,0.3,0.3,0.454545,0.454545,11,0,18.98,4.6325,4.97714,910.17,712.86,12.09,25.2119,3.17056,20.47,29.2,0,0,0,0,0
neuromorpho__dIN-1354-nrn-ns-100902-transl-invX-scaled-straightened.swc,122,interneuron,0.968609,17,104,0,0,0,0,0,0,0,0,0,0,0,0.721099,0.237254,0.3,0.3,0.3,0.759067,0.759067,0.213115,0.213115,0.229508,0.713115,0.713115,0.89678,0.792453,0,0.6897,0.3,0.269231,0,0,0,15,0.826843,0.3,0.703627,0.133333,0.533333,21,4.21667,19.03,-11.1514,6.51274,210,26.17,73.75,-8.49869,20.2777,1083.59,244.77,0,0,0,0,0
neuromorpho__dIN-1436-nrn-ns-100901-transl-invX-scaled-straightened.swc,98,interneuron,0.848603,31,66,0,0,0,0,0,0,0,0,0,0,0,0.831478,0.269453,0.3,0.3,0.3,0.942452,0.971335,0.204082,0.204082,0.204082,0.204082,0.204082,0.537674,0.3,0.645161,0.966924,0.971335,0,0,0,0,13,0.831719,0.3,0.366981,0.230769,0.230769,20.4,1.92,48.39,-33.6887,18.6591,615.05,42.14,13.84,15.7942,3.6869,35.72,38.08,0,0,0,0,0
neuromorpho__dla-358-nrn-ns-120711-transl-invX-scaled-straightened.swc,129,interneuron,0.902683,93,35,0,0,0,0,0,0,0,0,0,0,0,0.568578,0.310006,0.3,0.3,0.3,0.3,0.3,0.565891,0.565891,0.565891,0.627907,0.627907,0.436748,0.3,0.784946,0.906543,0.759067,0,0,0,0,11,0.8424,0.3,0.759067,0.0909091,0.454545,9,2.25,62.22,41.3709,20.5472,1450.85,674.14,12.55,6.392,3.39579,36.97,36.37,0,0,0,0,0
neuromorpho__dysk-11.swc,1811,interneuron,0.967563,0,1810,0,0,0,0,0,0,0,0,0,0,0,0.895574,0.247718,0.3,0.3,0.3,0.999666,0.999666,0.147432,0.147432,0.147432,0.147432,0.147432,0,0,0,0.895517,0.3,0.147514,0,0,0,60,0.919524,0.3,0.715427,0.1,0.133333,66.3,0.0155556,0,0,0,0,0,71.19,8.70007,13.2346,300.55,535.85,0,0,0,0,0
neuromorpho__dysk-12.swc,4671,interneuron,0.919296,0,4670,0,0,0,0,0,0,0,0,0,0,0,0.915634,0.227449,0.3,0.3,0.3,0.999666,0.999666,0.120103,0.120103,0.120103,0.120103,0.120103,0,0,0,0.915616,0.3,0.120128,0,0,0,151,0.953819,0.3,0.913858,0.0596026,0.0662252,70,1.11889,0,0,0,0,0,63.06,-19.7811,11.8103,360.52,575.54,0,0,0,0,0
neuromorpho__dysk-13.swc,2937,interneuron,0.556764,0,2936,0,0,0,0,0,0,0,0,0,0,0,0.822798,0.206473,0.3,0.3,0.3,0.872459,0.872459,0.132108,0.132108,0.132108,0.132108,0.626149,0,0,0,0.822738,0.3,0.132153,0,0,0,79,0.859861,0.3,0.768396,0.0759494,0.113924,100.2,1.34,0,0,0,0,0,47.94,6.08497,9.05257,414.99,498.77,0,0,0,0,0
neuromorpho__dysk-17.swc,518,interneuron,0.864911,0,517,0,0,0,0,0,0,0,0,0,0,0,0.945915,0.11747,0.3,0.759067,0.908046,0.971335,0.971335,0.027027,0.027027,0.027027,0.0675676,0.0675676,0,0,0,0.945811,0.908046,0.0270793,0,0,0,17,0.946485,0.3,0.826436,0,0.117647,59.8,0.01,0,0,0,0,0,22.16,6.82791,5.14036,231.92,274.74,0,0,0,0,0
neuromorpho__dysk-18.swc,674,interneuron,0.661258,0,673,0,0,0,0,0,0,0,0,0,0,0,0.855373,0.283084,0.3,0.3,0.3,0.999666,0.999666,0.206231,0.206231,0.206231,0.206231,0.206231,0,0,0,0.855159,0.3,0.206538,0,0,0,17,0.88946,0.3,0.544883,0.117647,0.176471,98.8,2.01727,0,0,0,0,0,47,5.59502,9.37425,262.16,360.39,0,0,0,0,0
neuromorpho__dysk-3.swc,1356,interneuron,0.789021,0,1355,0,0,0,0,0,0,0,0,0,0,0,0.879959,0.263487,0.3,0.3,0.3,0.999666,0.999666,0.171091,0.171091,0.171091,0.171091,0.171091,0,0,0,0.879871,0.3,0.171218,0,0,0,38,0.940866,0.3,0.747596,0.0789474,0.131579,67.3,0.89,0,0,0,0,0,96.57,-11.6129,22.2919,379.42,364.94,0,0,0,0,0
neuromorpho__dysk-5.swc,2337,pyramidal,0.699769,0,2336,0,0,0,0,0,0,0,0,0,0,0,0.915996,0.136436,0.3,0.498101,0.752726,0.811835,0.987703,0.0530595,0.055199,0.0573385,0.216945,0.263158,0,0,0,0.91596,0.752726,0.057363,0,0,0,99,0.894704,0.3,0.724529,0.10101,0.272727,48,-2.50875,0,0,0,0,0,81.04,-19.8851,16.5728,314.76,288.33,0,0,0,0,0
neuromorpho__dysk-8.swc,2724,interneuron,0.824185,0,2723,0,0,0,0,0,0,0,0,0,0,0,0.971412,0.137731,0.3,0.999666,0.999666,0.999666,0.999666,0.0403818,0.0403818,0.0403818,0.0403818,0.0403818,0,0,0,0.971402,0.999666,0.0403966,0,0,0,86,0.980408,0.3,0.999666,0.0232558,0.0232558,68,0.0742857,0,0,0,0,0,72.01,12.4251,14.3333,425.48,573.22,0,0,0,0,0
neuromorpho__exp-5-59-Scr-1002.swc,5791,interneuron,0.973325,0,5790,0,0,0,0,0,0,0,0,0,0,0,0.999666,4.38742e-06,0.999666,0.999666,0.999666,0.999666,0.999666,0,0,0,0,0,0,0,0,0.999666,0.999666,0,0,0,0,56,0.999672,0.999666,0.999666,0,0,186.5,0,0,0,0,0,0,3.22,-0.286558,0.469767,218.96,184.08,0,0,0,0,0
neuromorpho__exp-5-59-Scr-1008.swc,2747,interneuron,0.979724,652,2094,0,0,0,0,0,0,0,0,0,0,0,0.908372,0.130883,0.619835,0.619835,0.619835,0.759067,0.999666,0,0,0.105206,0.272297,0.272297,0.795791,0.619835,0.443252,0.943383,0.759067,0,0,0,0,20,0.927966,0.619835,0.759067,0.05,0.25,264.7,0,2.18,0.376166,0.48255,31.21,224.08,6.16,-0.128166,1.13167,142.19,203.75,0,0,0,0,0
neuromorpho__fig2b_1.swc,317,interneuron,0.897664,44,272,0,0,0,0,0,0,0,0,0,0,0,0.990813,0.0220545,0.935878,0.935878,0.935878,0.999666,0.999666,0,0,0,0,0,0.935878,0.935878,0,0.999666,0.999666,0,0,0,0,30,0.997551,0.935878,0.999666,0,0,25.1,0,13.56,8.48932,3.03416,15.38,81.37,14.41,-6.48824,3.92027,46.01,175.52,0,0,0,0,0
neuromorpho__g0435P1.swc,2027,pyramidal,0.969746,850,578,598,0,0,0,0,0,0,0,0,0,0,0.758354,0.323166,0.3,0.3,0.3,0.3,0.982145,0.332018,0.332018,0.332018,0.332018,0.332018,0.457669,0.3,0.772941,0.987703,0.987703,0,0.963666,0.981639,0.0267559,197,0.813741,0.3,0.3,0.253807,0.258883,21.4,2.52,349.99,-32.0976,49.209,1031.73,1186.3,149.99,-14.6123,28.6371,224.47,224.96,295.58,-48.372,61.1407,389.9,340.76
neuromorpho__g0684P1.swc,689,pyramidal,0.975365,46,287,355,0,0,0,0,0.0133683,0,0,0,0,0,0.943819,0.158288,0.3,0.3,0.981148,0.982145,0.982145,0.0566038,0.0566038,0.0566038,0.0566038,0.0711176,0.556595,0.3,0.630435,0.968534,0.987703,0.0278746,0.973855,0.981148,0.0056338,95,0.972276,0.3,0.965324,0.0105263,0.0105263,14,0,126.62,-73.0454,35.1948,356.14,411.76,258.74,-25.4429,45.6795,273.61,464.41,313.75,-0.282845,57.1444,433.71,439.11
neuromorpho__g0704P1.swc,2918,pyramidal,0.973549,925,1432,560,0,0,0,0,0,0,0,0,0,0,0.793492,0.310368,0.3,0.3,0.3,0.3,0.987703,0.283413,0.283413,0.283413,0.283413,0.283413,0.675354,0.3,0.459459,0.954567,0.987703,0.0481844,0.576369,0.3,0.594643,151,0.865383,0.3,0.3,0.18543,0.211921,42,0,423.97,113.376,104.589,1135.62,2123.5,317.14,41.9309,67.9674,371.65,340.71,344.27,41.1947,63.5957,372.36,1069.9
neuromorpho__g0706P1.swc,4236,pyramidal,0.859709,2502,1091,642,0,0,0,0,0,0,0,0,0,0,0.642702,0.3445,0.3,0.3,0.3,0.3,0.3,0.502597,0.502597,0.502597,0.502597,0.502597,0.496775,0.3,0.716627,0.948622,0.987703,0.0568286,0.690979,0.3,0.426791,223,0.707427,0.3,0.3,0.408072,0.426009,42,0,586.98,-111.539,99.4499,2060,2413.2,308,-27.4856,61.5624,429.55,318.26,233.71,-9.51642,44.9018,324.6,1115.71
neuromorpho__g0715_b.swc,3179,pyramidal,0.982727,1857,1321,0,0,0,0,0,0.00196485,0,0,0,0,0,0.706666,0.3275,0.3,0.3,0.3,0.3,0.911174,0.385341,0.392576,0.402013,0.411136,0.411136,0.625327,0.3,0.531502,0.820787,0.3,0.220288,0,0,0,184,0.77492,0.3,0.3,0.293478,0.331522,34,0,1768.84,-86.4841,309.186,619.66,1829.53,358.71,15.4224,69.0033,331.01,1159.31,0,0,0,0,0
neuromorpho__group1_cell10.swc,3862,pyramidal,0.703827,0,3861,0,0,0,0,0,0,0,0,0,0,0,0.987706,0.000197856,0.987681,0.987703,0.987703,0.987703,0.987703,0,0,0,0,0,0,0,0,0.987703,0.987703,0,0,0,0,77,0.987862,0.987681,0.987703,0,0,122,0,0,0,0,0,0,0,2.54,4.44089e-16,183.01,219.28,0,0,0,0,0
neuromorpho__group1_cell24.swc,2263,pyramidal,0.814609,0,2262,0,0,0,0,0,0,0,0,0,0,0,0.987709,0.000258436,0.987703,0.987703,0.987703,0.987703,0.987703,0,0,0,0,0,0,0,0,0.987703,0.987703,0,0,0,0,25,0.988195,0.987703,0.987703,0,0,172.2,0,0,0,0,0,0,0,-2.88,4.44089e-16,171.6,223.29,0,0,0,0,0
neuromorpho__group1_cell27.swc,3055,pyramidal,0.779992,40,3014,0,0,0,0,0,0,0,0,0,0,0,0.987086,0.00539662,0.940273,0.987703,0.987703,0.987703,0.987703,0,0,0,0,0,0.940273,0.940273,0,0.987703,0.987703,0,0,0,0,65,0.987163,0.940273,0.987703,0,0,113.6,0,0,3.44,0,3.43,13.57,0,3.44,0,193.04,194.55,0,0,0,0,0
neuromorpho__group1_cell6.swc,2234,interneuron,0.457119,0,2233,0,0,0,0,0,0,0,0,0,0,0,0.941612,0.00130356,0.941047,0.941047,0.941047,0.941047,0.941739,0,0,0,0,0,0,0,0,0.941586,0.941047,0,0,0,0,35,0.94336,0.941047,0.941047,0,0,171.4,0,0,0,0,0,0,0.03,2.97999,0.000634716,195.51,215.71,0,0,0,0,0
neuromorpho__group2_cell19.swc,1751,pyramidal,0.992513,0,1750,0,0,0,0.094803,0.094803,0.0335896,-0.094803,0.094803,0,0,0,0.981244,0.0202615,0.909236,0.916767,0.987703,0.987703,0.987703,0,0,0,0,0,0,0,0,0.981234,0.987703,0,0,0,0,32,0.981903,0.909236,0.987703,0,0,101.8,0,0,0,0,0,0,0,0,0,101.94,219.98,0,0,0,0,0
neuromorpho__group2_cell22.swc,1760,pyramidal,0.989611,0,1759,0,0,0,0,0,0,0,0,0,0,0,0.98771,0.000293029,0.987703,0.987703,0.987703,0.987703,0.987703,0,0,0,0,0,0,0,0,0.987703,0.987703,0,0,0,0,16,0.988472,0.987703,0.987703,0,0,271.5,0,0,0,0,0,0,0,0,0,130.35,225.55,0,0,0,0,0
neuromorpho__group2_cell27.swc,3049,pyramidal,0.991351,48,3000,0,0,0,0,0,0,0,0,0,0,0,0.985672,0.0160921,0.858444,0.987703,0.987703,0.987703,0.987703,0,0,0,0,0.0157429,0.858444,0.858444,0,0.987703,0.987703,0,0,0,0,42,0.984918,0.858444,0.987703,0,0,200.5,0,0,0,0,11.98,8.36,0,0,0,190.79,240.65,0,0,0,0,0
neuromorpho__hdINE-107-2-1-nrn-ns-120110-transl-invX-scaled-straightened.swc,39,interneuron,0.666821,11,27,0,0,0,0,0,0,0,0,0,0,0,0.856054,0.260285,0.3,0.3,0.3,0.971335,0.971335,0.179487,0.179487,0.179487,0.179487,0.179487,0.544552,0.3,0.636364,0.977631,0.971335,0,0,0,0,15,0.948572,0.3,0.971335,0.0666667,0.0666667,4,0,13.83,-4.17636,4.88707,818.14,249.7,17.27,-7.74778,6.59873,23.79,51.93,0,0,0,0,0
neuromorpho__hdINE-208-1-2-nrn-ns-120110-transl-invX-scaled-straightened.swc,53,interneuron,0.940302,28,24,0,0,0,0,0,0,0,0,0,0,0,0.767338,0.321554,0.3,0.3,0.3,0.3,0.972519,0.320755,0.320755,0.320755,0.320755,0.320755,0.559891,0.3,0.607143,0.999666,0.999666,0,0,0,0,13,0.922977,0.3,0.66533,0.153846,0.153846,8.6,0,44.92,-14.9204,12.7842,2013.74,88.36,8.66,-16.0508,2.66855,19.25,37.34,0,0,0,0,0
neuromorpho__het-2.swc,684,interneuron,0.806586,230,453,0,0,0,0,0,0,0,0,0,0,0,0.98489,0.0134279,0.971335,0.971335,0.971335,0.971335,0.980369,0,0,0,0,0,0.991565,0.980046,0,0.981467,0.971335,0,0,0,0,175,0.98527,0.971335,0.971335,0,0,7,0,23.92,5.45357,5.17202,209.14,346.45,46.55,-6.27596,10.9837,213.41,415.86,0,0,0,0,0
neuromorpho__het-3.swc,1283,interneuron,0.953173,310,972,0,0,0,0,0,0,0,0,0,0,0,0.993281,0.0118279,0.971335,0.971335,0.971335,0.999666,0.999666,0,0,0,0,0,0.999378,0.999757,0,0.99133,0.971335,0,0,0,0,263,0.993185,0.971335,0.971335,0,0,10,0,23.97,8.6551,5.42462,265.63,201.96,30.07,7.91945,4.79606,354.53,543.51,0,0,0,0,0
neuromorpho__het-6.swc,763,interneuron,0.979542,244,518,0,0,0,0,0,0,0,0,0,0,0,0.99131,0.0123658,0.969809,0.971335,0.971335,0.980046,0.999666,0,0,0,0,0,0.986888,0.972519,0,0.993376,0.971335,0,0,0,0,175,0.989952,0.969809,0.971335,0,0,9,0,33.29,-1.82963,8.09995,158.33,177.14,45.52,-0.702336,9.88681,231.48,314.71,0,0,0,0,0
neuromorpho__het_1-4.swc,827,pyramidal,0.991106,0,164,662,0,0,0,0,0,0,0,0,0,0,0.703925,0.142011,0.609481,0.615933,0.615933,0.629285,0.641647,0,0,0.800484,0.800484,0.800484,0,0,0,0.987703,0.987703,0,0.633176,0.615933,1,33,0.697611,0.609481,0.615933,0.818182,0.818182,46.8,0,0,0,0,0,0,0,0,0,78.39,113.1,0,0,0,170.75,229.61
neuromorpho__het_10-2.swc,324,pyramidal,0.990418,0,323,0,0,0,0,0,0,0,0,0,0,0,0.987741,0.000682099,0.987703,0.987703,0.987703,0.987703,0.987703,0,0,0,0,0,0,0,0,0.987703,0.987703,0,0,0,0,14,0.988582,0.987703,0.987703,0,0,56.3,0,0,0,0,0,0,0,0,0,194.97,185.96,0,0,0,0,0
neuromorpho__het_10_45.swc,219,pyramidal,0.985612,37,181,0,0,0,0,0,0,0,0,0,0,0,0.931862,0.124,0.656854,0.656854,0.656854,0.987703,0.987703,0,0,0.16895,0.16895,0.16895,0.656854,0.656854,1,0.987703,0.987703,0,0,0,0,18,0.970006,0.656854,0.987703,0.0555556,0.0555556,18.6,0,0,0,0,24.8,139.25,0,0,0,198.65,112.47,0,0,0,0,0
neuromorpho__het_12-2.swc,215,pyramidal,0.98801,113,101,0,0,0,0,0,0,0,0,0,0,0,0.81333,0.169737,0.590638,0.590638,0.604491,0.640747,0.715016,0,0.0976744,0.32093,0.525581,0.525581,0.655821,0.590638,0.610619,0.987703,0.987703,0,0,0,0,19,0.826873,0.590638,0.618243,0.368421,0.473684,21,0,0,0,0,77.6,213.62,0,0,0,81.28,104.26,0,0,0,0,0
neuromorpho__het_12_42.swc,373,pyramidal,0.985935,0,372,0,0,0,0,0,0,0,0,0,0,0,0.987736,0.000635848,0.987703,0.987703,0.987703,0.987703,0.987703,0,0,0,0,0,0,0,0,0.987703,0.987703,0,0,0,0,20,0.988318,0.987703,0.987703,0,0,33.1,0,0,0,0,0,0,0,0,0,160.78,241.9,0,0,0,0,0
neuromorpho__het_14_33.swc,299,pyramidal,0.981119,0,108,190,0,0,0,0,0.054875,0,0,0,0,0,0.809864,0.140822,0.629356,0.629356,0.679796,0.679796,0.774786,0,0,0.424749,0.635452,0.635452,0,0,0,0.987703,0.987703,0,0.707776,0.629356,0.668421,16,0.831221,0.629356,0.679796,0.375,0.5625,30.5,0,0,0,0,0,0,0,0,0,120.88,274.22,0,0,0,162.22,228.93
neuromorpho__het_15_30.swc,188,pyramidal,0.958409,54,133,0,0,0,0,0,0,0,0,0,0,0,0.91833,0.178796,0.3,0.3,0.902038,0.902038,0.987703,0.0744681,0.0744681,0.0744681,0.0744681,0.0744681,0.745954,0.3,0.259259,0.987703,0.987703,0,0,0,0,8,0.959022,0.3,0.915178,0,0.125,41.4,0,0,0,0,75.67,251.39,0,0,0,164.83,176.49,0,0,0,0,0
neuromorpho__het_16_30.swc,71,pyramidal,0.988772,0,70,0,0,0,0.309859,0.309859,0.0369085,-0.309859,0.309859,0,0,0,0.929489,0.0872593,0.799281,0.799281,0.799281,0.799281,0.987693,0,0,0,0.309859,0.309859,0,0,0,0.928482,0.799281,0,0,0,0,4,0.943669,0.799281,0.855805,0,0.25,26.2,0,0,0,0,0,0,0,0,0,129.79,198.44,0,0,0,0,0
neuromorpho__het_2_57.swc,154,pyramidal,0.813505,86,67,0,0,0,0,0,0,0,0,0,0,0,0.662279,0.295726,0.3,0.3,0.3,0.3,0.563762,0.305195,0.577922,0.577922,0.577922,0.577922,0.428814,0.3,1,0.956911,0.987703,0.0447761,0,0,0,6,0.667494,0.3,0.3,0.5,0.5,52,0,0,0,0,61.15,331.42,0,0,0,195.06,163.92,0,0,0,0,0
neuromorpho__het_3-2.swc,230,pyramidal,0.985215,102,127,0,0,0,0,0,0,0,0,0,0,0,0.880425,0.230065,0.3,0.3,0.3,0.940273,0.987703,0.134783,0.134783,0.134783,0.134783,0.134783,0.74568,0.3,0.303922,0.987703,0.987703,0,0,0,0,8,0.958987,0.3,0.915096,0,0.125,59.3,0,0,0,0,97.54,241.28,0,0,0,110.36,80.8,0,0,0,0,0
neuromorpho__het_3-2_18.swc,560,pyramidal,0.989281,0,559,0,0,0,0,0,0,0,0,0,0,0,0.987725,0.000519169,0.987703,0.987703,0.987703,0.987703,0.987703,0,0,0,0,0,0,0,0,0.987703,0.987703,0,0,0,0,18,0.988386,0.987703,0.987703,0,0,69.8,0,0,0,0,0,0,0,0,0,219.28,268.15,0,0,0,0,0
neuromorpho__het_4-3.swc,228,pyramidal,0.991928,0,227,0,0,0,0,0,0,0,0,0,0,0,0.987757,0.000812585,0.987703,0.987703,0.987703,0.987703,0.987703,0,0,0,0,0,0,0,0,0.987703,0.987703,0,0,0,0,11,0.988821,0.987703,0.987703,0,0,33,0,0,0,0,0,0,0,0,0,91.76,203.88,0,0,0,0,0
neuromorpho__het_4-6.swc,585,pyramidal,0.981529,0,584,0,0,0,0,0,0,0,0,0,0,0,0.987724,0.000507974,0.987703,0.987703,0.987703,0.987703,0.987703,0,0,0,0,0,0,0,0,0.987703,0.987703,0,0,0,0,23,0.988238,0.987703,0.987703,0,0,41.2,0,0,0,0,0,0,0,0,0,182.62,399.95,0,0,0,0,0
neuromorpho__het_5_44.swc,258,pyramidal,0.987653,35,222,0,0,0,0.333333,0.333333,0.00566281,-0.0620155,0.0620155,0,0,0,0.867843,0.181756,0.3,0.504153,0.659702,0.717431,0.987703,0.0310078,0.0775194,0.213178,0.294574,0.364341,0.659702,0.659702,1,0.900063,0.717431,0.0900901,0,0,0,12,0.87645,0.3,0.665475,0.166667,0.25,40,0,0,0,0,21.24,174.01,0,0,0,162.7,234.56,0,0,0,0,0
neuromorpho__het_6-2.swc,201,pyramidal,0.946953,0,200,0,0,0,0,0,0,0,0,0,0,0,0.960385,0.134454,0.3,0.987681,0.987681,0.987681,0.987703,0.039801,0.039801,0.039801,0.039801,0.039801,0,0,0,0.960187,0.987681,0.04,0,0,0,10,0.976962,0.3,0.975723,0,0,46,0,0,0,0,0,0,0,0,0,259.79,378.05,0,0,0,0,0
neuromorpho__het_7-2.swc,193,pyramidal,0.988805,60,23,109,0,0,0.564767,0.564767,0.151322,0,-0.564767,0.564767,0.564767,0,0.916903,0.0369907,0.871097,0.871097,0.874463,0.880315,0.905192,0,0,0,0,0.284974,0.940273,0.940273,0,0.987703,0.987703,0,0.888337,0.871097,0,10,0.923986,0.871097,0.874127,0,0,34.4,0,0,0,0,48.8,83.02,0,0,0,34.17,19.83,0,0,0,59.21,135.7
neuromorpho__het_7-2_8.swc,493,pyramidal,0.972635,0,492,0,0,0,0,0,0,0,0,0,0,0,0.987728,0.000553256,0.987703,0.987703,0.987703,0.987703,0.987703,0,0,0,0,0,0,0,0,0.987703,0.987703,0,0,0,0,22,0.988262,0.987703,0.987703,0,0,42.7,0,0,0,0,0,0,0,0,0,145.12,340.67,0,0,0,0,0
neuromorpho__het_7_40.swc,154,pyramidal,0.984251,0,62,91,0,0,0.590909,0.590909,0.134823,0,-0.590909,0.590909,0.590909,0,0.86976,0.0983348,0.783727,0.783727,0.783727,0.788757,0.791554,0,0,0,0.590909,0.590909,0,0,0,0.987703,0.987703,0,0.787973,0.783727,0,11,0.897998,0.783727,0.783912,0,0.454545,19,0,0,0,0,0,0,0,0,0,57.26,131.85,0,0,0,103.52,152
neuromorpho__het_8-2.swc,213,pyramidal,0.987179,0,212,0,0,0,0,0,0,0,0,0,0,0,0.98776,0.000840676,0.987697,0.987697,0.987697,0.987703,0.987703,0,0,0,0,0,0,0,0,0.987702,0.987697,0,0,0,0,10,0.988932,0.987697,0.987703,0,0,36.9,0,0,0,0,0,0,0,0,0,94.66,167.87,0,0,0,0,0
neuromorpho__het_8_38.swc,361,pyramidal,0.910923,175,49,136,0,0,0,0,0.0252402,0,0,0,0,0,0.838235,0.146963,0.609481,0.609481,0.609481,0.641647,0.920454,0,0,0.299169,0.299169,0.376731,0.929783,0.918376,0,0.987703,0.987703,0,0.665392,0.609481,0.794118,24,0.832039,0.609481,0.609481,0.333333,0.333333,26.4,0,0,0,0,337.89,189.25,0,0,0,122.04,76.11,0,0,0,204.92,260.98
neuromorpho__het_9-2.swc,285,pyramidal,0.969069,177,107,0,0,0,0,0,0,0,0,0,0,0,0.820389,0.134647,0.632616,0.632616,0.662296,0.738679,0.749619,0,0,0.182456,0.621053,0.621053,0.71823,0.662296,0.293785,0.987703,0.987703,0,0,0,0,21,0.847572,0.632616,0.672514,0.142857,0.52381,23,0,0,0,0,177.71,260.77,0,0,0,106.11,154.41,0,0,0,0,0
neuromorpho__hippo-102-2.swc,53,pyramidal,0.986496,0,52,0,0,0,0,0,0,0,0,0,0,0,0.987935,0.00167308,0.987703,0.987703,0.987703,0.987703,0.987703,0,0,0,0,0,0,0,0,0.987703,0.987703,0,0,0,0,15,0.988523,0.987703,0.987703,0,0,8.2,0,0,0,0,0,0,40.28,2.64154,11.1886,58.55,190.76,0,0,0,0,0
neuromorpho__hippo-102-5.swc,99,pyramidal,0.990614,0,98,0,0,0,0,0,0,0,0,0,0,0,0.987827,0.00122962,0.987693,0.987703,0.987703,0.987703,0.987703,0,0,0,0,0,0,0,0,0.987703,0.987703,0,0,0,0,38,0.988027,0.987693,0.987703,0,0,5.3,0,0,0,0,0,0,44.22,3.45531,12.1873,118.58,219.73,0,0,0,0,0
neuromorpho__hippo-104-2.swc,104,pyramidal,0.993645,0,103,0,0,0,0,0,0,0,0,0,0,0,0.987821,0.00119999,0.987703,0.987703,0.987703,0.987703,0.987703,0,0,0,0,0,0,0,0,0.987703,0.987703,0,0,0,0,33,0.988076,0.987703,0.987703,0,0,6,0,0,0,0,0,0,46.33,1.60427,8.95997,135.11,188.37,0,0,0,0,0
neuromorpho__hippo-104-4.swc,60,pyramidal,0.977308,0,59,0,0,0,0,0,0,0,0,0,0,0,0.987908,0.00157422,0.987703,0.987703,0.987703,0.987703,0.987703,0,0,0,0,0,0,0,0,0.987703,0.987703,0,0,0,0,18,0.988386,0.987703,0.987703,0,0,7,0,0,0,0,0,0,23.91,1.03627,6.85446,116.03,194.34,0,0,0,0,0
neuromorpho__hippo-104-6.swc,70,pyramidal,0.982208,0,0,69,0,0,0,0,0,0,0,0,0,0,0.97961,0.00806257,0.948141,0.962938,0.981148,0.981148,0.981148,0,0,0,0,0,0,0,0,0,0,0,0.979315,0.981148,0,18,0.978661,0.948141,0.971159,0,0,8,0,0,0,0,0,0,0,0,0,0,0,39.36,-10.062,11.2796,78.82,180.19
neuromorpho__hippo-1148-4new.swc,112,pyramidal,0.995066,0,111,0,0,0,0,0,0,0,0,0,0,0,0.987813,0.00115674,0.987703,0.987703,0.987703,0.987703,0.987703,0,0,0,0,0,0,0,0,0.987703,0.987703,0,0,0,0,32,0.988088,0.987703,0.987703,0,0,7,0,0,0,0,0,0,35.13,-5.34595,10.6051,168.29,109.22,0,0,0,0,0
neuromorpho__hippo-1150-3new.swc,109,pyramidal,0.992926,0,108,0,0,0,0,0,0,0,0,0,0,0,0.987816,0.0011724,0.987703,0.987703,0.987703,0.987703,0.987703,0,0,0,0,0,0,0,0,0.987703,0.987703,0,0,0,0,25,0.988195,0.987703,0.987703,0,0,8.6,0,0,0,0,0,0,43.91,-0.019537,9.79861,193.91,107.92,0,0,0,0,0
neuromorpho__hippo-1159-1new.swc,104,pyramidal,0.991735,0,103,0,0,0,0,0,0,0,0,0,0,0,0.987821,0.00119999,0.987703,0.987703,0.987703,0.987703,0.987703,0,0,0,0,0,0,0,0,0.987703,0.987703,0,0,0,0,33,0.988076,0.987703,0.987703,0,0,6,0,0,0,0,0,0,48.76,-2.03893,13.2839,151.27,203.47,0,0,0,0,0
neuromorpho__hippo-1159-7new.swc,93,pyramidal,0.982659,0,92,0,0,0,0,0,0,0,0,0,0,0,0.987835,0.00126824,0.987703,0.987703,0.987703,0.987703,0.987703,0,0,0,0,0,0,0,0,0.987703,0.987703,0,0,0,0,27,0.988159,0.987703,0.987703,0,0,6,0,0,0,0,0,0,51.49,8.045,14.9723,138.5,111.32,0,0,0,0,0
neuromorpho__hippo-116-8.swc,114,pyramidal,0.989946,0,113,0,0,0,0,0,0,0,0,0,0,0,0.987811,0.00114664,0.987703,0.987703,0.987703,0.987703,0.987703,0,0,0,0,0,0,0,0,0.987703,0.987703,0,0,0,0,27,0.988159,0.987703,0.987703,0,0,7.4,0,0,0,0,0,0,38.76,-5.42106,10.3687,72.24,101.03,0,0,0,0,0
neuromorpho__hippo-117-2.swc,129,pyramidal,0.992454,0,128,0,0,0,0,0,0,0,0,0,0,0,0.987799,0.00107847,0.987703,0.987703,0.987703,0.987703,0.987703,0,0,0,0,0,0,0,0,0.987703,0.987703,0,0,0,0,41,0.988003,0.987703,0.987703,0,0,6,0,0,0,0,0,0,52.71,-6.18102,13.6287,172.24,106.65,0,0,0,0,0
neuromorpho__hippo-117-3.swc,141,pyramidal,0.991839,0,140,0,0,0,0,0,0,0,0,0,0,0,0.98779,0.0010319,0.987703,0.987703,0.987703,0.987703,0.987703,0,0,0,0,0,0,0,0,0.987703,0.987703,0,0,0,0,38,0.988027,0.987703,0.987703,0,0,7.3,0,0,0,0,0,0,48.78,-0.462857,13.8216,139.38,225.7,0,0,0,0,0
neuromorpho__hippo-163-1.swc,97,pyramidal,0.990348,0,96,0,0,0,0,0,0,0,0,0,0,0,0.98783,0.00124209,0.987703,0.987703,0.987703,0.987703,0.987703,0,0,0,0,0,0,0,0,0.987703,0.987703,0,0,0,0,27,0.988159,0.987703,0.987703,0,0,7,0,0,0,0,0,0,31.21,1.69469,9.03565,157.23,76.81,0,0,0,0,0
neuromorpho__hippo-163-6.swc,92,pyramidal,0.994432,0,91,0,0,0,0,0,0,0,0,0,0,0,0.987837,0.00127504,0.987703,0.987703,0.987703,0.987703,0.987703,0,0,0,0,0,0,0,0,0.987703,0.987703,0,0,0,0,31,0.9881,0.987703,0.987703,0,0,7,0,0,0,0,0,0,46.01,-4.55791,16.4302,163.25,207.56,0,0,0,0,0
neuromorpho__hippo-168-2.swc,98,pyramidal,0.993273,0,97,0,0,0,0,0,0,0,0,0,0,0,0.987829,0.00123581,0.987703,0.987703,0.987703,0.987703,0.987703,0,0,0,0,0,0,0,0,0.987703,0.987703,0,0,0,0,35,0.988055,0.987703,0.987703,0,0,5,0,0,0,0,0,0,43.92,-13.3613,13.0148,79.89,133.51,0,0,0,0,0
neuromorpho__hippo-168-3.swc,79,pyramidal,0.992571,0,78,0,0,0,0,0,0,0,0,0,0,0,0.987859,0.00137471,0.987703,0.987703,0.987703,0.987703,0.987703,0,0,0,0,0,0,0,0,0.987703,0.987703,0,0,0,0,21,0.988289,0.987703,0.987703,0,0,7,0,0,0,0,0,0,39.35,-12.0603,9.51071,75.99,133.01,0,0,0,0,0
neuromorpho__hippo-168-5.swc,143,pyramidal,0.991793,0,142,0,0,0,0,0,0,0,0,0,0,0,0.987789,0.00102471,0.987703,0.987703,0.987703,0.987703,0.987703,0,0,0,0,0,0,0,0,0.987703,0.987703,0,0,0,0,44,0.987983,0.987703,0.987703,0,0,6.7,0,0,0,0,0,0,76.96,3.735,19.0783,111.1,141.28,0,0,0,0,0
neuromorpho__hippo-171-7.swc,80,pyramidal,0.99323,0,79,0,0,0,0,0,0,0,0,0,0,0,0.987857,0.0013662,0.987703,0.987703,0.987703,0.987703,0.987703,0,0,0,0,0,0,0,0,0.987703,0.987703,0,0,0,0,29,0.988127,0.987703,0.987703,0,0,6.2,0,0,0,0,0,0,33.92,-1.6557,10.8663,128.42,98.06,0,0,0,0,0
neuromorpho__hippo-172-4.swc,68,pyramidal,0.992372,0,67,0,0,0,0,0,0,0,0,0,0,0,0.987884,0.0014802,0.987703,0.987703,0.987703,0.987703,0.987703,0,0,0,0,0,0,0,0,0.987703,0.987703,0,0,0,0,23,0.988238,0.987703,0.987703,0,0,5.8,0,0,0,0,0,0,52.08,-2.1806,14.4523,74.09,121.87,0,0,0,0,0
neuromorpho__hippo-195-2.swc,54,pyramidal,0.975,0,53,0,0,0,0,0,0,0,0,0,0,0,0.987931,0.00165781,0.987703,0.987703,0.987703,0.987703,0.987703,0,0,0,0,0,0,0,0,0.987703,0.987703,0,0,0,0,17,0.988427,0.987703,0.987703,0,0,5.4,0,0,0,0,0,0,32.72,0.742075,11.4409,82.56,89.29,0,0,0,0,0
neuromorpho__hippo-195-8.swc,80,pyramidal,0.982556,0,79,0,0,0,0,0,0,0,0,0,0,0,0.987857,0.0013662,0.987703,0.987703,0.987703,0.987703,0.987703,0,0,0,0,0,0,0,0,0.987703,0.987703,0,0,0,0,24,0.988216,0.987703,0.987703,0,0,5,0,0,0,0,0,0,17.25,3.25671,3.67404,102.6,84.5,0,0,0,0,0
neuromorpho__hippo-229-4.swc,88,pyramidal,0.986118,0,87,0,0,0,0,0,0,0,0,0,0,0,0.987843,0.00130337,0.987703,0.987703,0.987703,0.987703,0.987703,0,0,0,0,0,0,0,0,0.987703,0.987703,0,0,0,0,28,0.988142,0.987703,0.987703,0,0,6,0,0,0,0,0,0,23.61,-0.521839,5.80304,107.79,169.95,0,0,0,0,0
neuromorpho__hippo-229-7.swc,158,pyramidal,0.979664,0,157,0,0,0,0,0,0,0,0,0,0,0,0.987781,0.000975177,0.987703,0.987703,0.987703,0.987703,0.987703,0,0,0,0,0,0,0,0,0.987703,0.987703,0,0,0,0,46,0.987971,0.987703,0.987703,0,0,7,0,0,0,0,0,0,29,-0.656051,5.73037,176.62,173.75,0,0,0,0,0
neuromorpho__hippo-420-4.swc,87,pyramidal,0.99054,0,86,0,0,0,0,0,0,0,0,0,0,0,0.987845,0.00131075,0.987703,0.987703,0.987703,0.987703,0.987703,0,0,0,0,0,0,0,0,0.987703,0.987703,0,0,0,0,29,0.988127,0.987703,0.987703,0,0,6.2,0,0,0,0,0,0,30.56,0.162558,6.84105,67.05,91.76,0,0,0,0,0
neuromorpho__hippo-421-1.swc,111,pyramidal,0.967549,0,110,0,0,0,0,0,0,0,0,0,0,0,0.987814,0.00116189,0.987703,0.987703,0.987703,0.987703,0.987703,0,0,0,0,0,0,0,0,0.987703,0.987703,0,0,0,0,47,0.987965,0.987703,0.987703,0,0,4,0,0,0,0,0,0,40.27,-10.1454,10.4324,72.21,125.5,0,0,0,0,0
neuromorpho__hippo-421-3.swc,74,pyramidal,0.981325,0,73,0,0,0,0,0,0,0,0,0,0,0,0.987869,0.00141978,0.987703,0.987703,0.987703,0.987703,0.987703,0,0,0,0,0,0,0,0,0.987703,0.987703,0,0,0,0,26,0.988176,0.987703,0.987703,0,0,4.5,0,0,0,0,0,0,34.2,-2.02781,10.947,45.98,113.59,0,0,0,0,0
neuromorpho__hippo-421-6.swc,73,pyramidal,0.992052,0,72,0,0,0,0,0,0,0,0,0,0,0,0.987872,0.00142934,0.987703,0.987703,0.987703,0.987703,0.987703,0,0,0,0,0,0,0,0,0.987703,0.987703,0,0,0,0,26,0.988176,0.987703,0.987703,0,0,5,0,0,0,0,0,0,31.8,-9.25889,11.8174,62.24,112.46,0,0,0,0,0
neuromorpho__hippo-456-5.swc,32,pyramidal,0.988444,0,31,0,0,0,0,0,0,0,0,0,0,0,0.988088,0.00213955,0.987703,0.987703,0.987703,0.987703,0.987703,0,0,0,0,0,0,0,0,0.987703,0.987703,0,0,0,0,16,0.988472,0.987703,0.987703,0,0,4,0,0,0,0,0,0,27.27,-12.9439,9.92783,45.46,71.23,0,0,0,0,0
neuromorpho__hippo-516-7.swc,48,pyramidal,0.988633,0,47,0,0,0,0,0,0,0,0,0,0,0,0.987959,0.0017563,0.987703,0.987703,0.987703,0.987703,0.987703,0,0,0,0,0,0,0,0,0.987703,0.987703,0,0,0,0,13,0.988649,0.987703,0.987703,0,0,6.8,0,0,0,0,0,0,6.96,-3.98234,3.08917,58.88,91.64,0,0,0,0,0
neuromorpho__hippo-516-8.swc,126,pyramidal,0.984707,0,125,0,0,0,0,0,0,0,0,0,0,0,0.987801,0.00109113,0.987703,0.987703,0.987703,0.987703,0.987703,0,0,0,0,0,0,0,0,0.987703,0.987703,0,0,0,0,31,0.9881,0.987703,0.987703,0,0,9,0,0,0,0,0,0,43.6,5.42912,10.2763,110.34,173.53,0,0,0,0,0
neuromorpho__hippo-519-3.swc,91,pyramidal,0.994704,0,90,0,0,0,0,0,0,0,0,0,0,0,0.987838,0.00128195,0.987703,0.987703,0.987703,0.987703,0.987703,0,0,0,0,0,0,0,0,0.987703,0.987703,0,0,0,0,29,0.988127,0.987703,0.987703,0,0,6,0,0,0,0,0,0,35.11,-6.44822,8.15892,83.13,199.12,0,0,0,0,0
neuromorpho__hippo-519-4.swc,80,pyramidal,0.995229,0,79,0,0,0,0,0,0,0,0,0,0,0,0.987857,0.0013662,0.987703,0.987703,0.987703,0.987703,0.987703,0,0,0,0,0,0,0,0,0.987703,0.987703,0,0,0,0,21,0.988289,0.987703,0.987703,0,0,6,0,0,0,0,0,0,26.66,-12.1243,8.99957,88.94,126.88,0,0,0,0,0
neuromorpho__hippo-519-5.swc,82,pyramidal,0.989969,0,81,0,0,0,0,0,0,0,0,0,0,0,0.987853,0.00134964,0.987703,0.987703,0.987703,0.987703,0.987703,0,0,0,0,0,0,0,0,0.987703,0.987703,0,0,0,0,22,0.988262,0.987703,0.987703,0,0,6.9,0,0,0,0,0,0,28.18,3.77259,8.69268,109.69,130.4,0,0,0,0,0
neuromorpho__hippo-519-6.swc,130,pyramidal,0.988755,0,129,0,0,0,0,0,0,0,0,0,0,0,0.987798,0.00107434,0.987703,0.987703,0.987703,0.987703,0.987703,0,0,0,0,0,0,0,0,0.987703,0.987703,0,0,0,0,35,0.988055,0.987703,0.987703,0,0,7.2,0,0,0,0,0,0,33.02,4.03605,8.2361,179.08,105.34,0,0,0,0,0
neuromorpho__hippo-519-8.swc,97,pyramidal,0.995135,0,96,0,0,0,0,0,0,0,0,0,0,0,0.98783,0.00124209,0.987703,0.987703,0.987703,0.987703,0.987703,0,0,0,0,0,0,0,0,0.987703,0.987703,0,0,0,0,28,0.988142,0.987703,0.987703,0,0,7,0,0,0,0,0,0,42.68,-5.86427,9.28706,83.86,125.83,0,0,0,0,0
neuromorpho__hippo-521-4.swc,117,pyramidal,0.987357,0,116,0,0,0,0,0,0,0,0,0,0,0,0.987808,0.00113197,0.987703,0.987703,0.987703,0.987703,0.987703,0,0,0,0,0,0,0,0,0.987703,0.987703,0,0,0,0,35,0.988055,0.987703,0.987703,0,0,5,0,0,0,0,0,0,51.81,-1.3125,11.4135,151.2,204.37,0,0,0,0,0
neuromorpho__hippo-521-6.swc,79,pyramidal,0.991121,0,78,0,0,0,0,0,0,0,0,0,0,0,0.987859,0.00137471,0.987703,0.987703,0.987703,0.987703,0.987703,0,0,0,0,0,0,0,0,0.987703,0.987703,0,0,0,0,18,0.988386,0.987703,0.987703,0,0,9,0,0,0,0,0,0,24.24,-1.29833,6.53213,60.21,100.23,0,0,0,0,0
neuromorpho__hippo-521-8.swc,128,pyramidal,0.95541,0,127,0,0,0,0,0,0,0,0,0,0,0,0.987799,0.00108264,0.987703,0.987703,0.987703,0.987703,0.987703,0,0,0,0,0,0,0,0,0.987703,0.987703,0,0,0,0,22,0.988262,0.987703,0.987703,0,0,9,0,0,0,0,0,0,22.39,5.31173,6.10827,136.61,136.96,0,0,0,0,0
neuromorpho__hippo-531-1.swc,165,pyramidal,0.990076,0,164,0,0,0,0,0,0,0,0,0,0,0,0.987778,0.000954397,0.987703,0.987703,0.987703,0.987703,0.987703,0,0,0,0,0,0,0,0,0.987703,0.987703,0,0,0,0,40,0.988011,0.987703,0.987703,0,0,8,0,0,0,0,0,0,38.18,9.47098,6.70725,191.03,120.53,0,0,0,0,0
neuromorpho__hippo-531-8.swc,83,pyramidal,0.993441,0,82,0,0,0,0,0,0,0,0,0,0,0,0.987851,0.00134159,0.987703,0.987703,0.987703,0.987703,0.987703,0,0,0,0,0,0,0,0,0.987703,0.987703,0,0,0,0,23,0.988238,0.987703,0.987703,0,0,9.2,0,0,0,0,0,0,18.18,-9.64476,7.09829,132.61,97.86,0,0,0,0,0
neuromorpho__hippo-539-2.swc,114,pyramidal,0.989313,0,113,0,0,0,0,0,0,0,0,0,0,0,0.987811,0.00114664,0.987703,0.987703,0.987703,0.987703,0.987703,0,0,0,0,0,0,0,0,0.987703,0.987703,0,0,0,0,25,0.988195,0.987703,0.987703,0,0,9.2,0,0,0,0,0,0,47.24,13.0857,12.7576,111.04,116.04,0,0,0,0,0
neuromorpho__hippo-539-8.swc,89,pyramidal,0.995151,0,88,0,0,0,0,0,0,0,0,0,0,0,0.987841,0.00129611,0.987703,0.987703,0.987703,0.987703,0.987703,0,0,0,0,0,0,0,0,0.987703,0.987703,0,0,0,0,24,0.988216,0.987703,0.987703,0,0,8,0,0,0,0,0,0,38.17,-7.17307,10.9686,93.23,209.6,0,0,0,0,0
neuromorpho__hippo-557-2.swc,132,pyramidal,0.992224,0,131,0,0,0,0,0,0,0,0,0,0,0,0.987796,0.00106623,0.987703,0.987703,0.987703,0.987703,0.987703,0,0,0,0,0,0,0,0,0.987703,0.987703,0,0,0,0,42,0.987996,0.987703,0.987703,0,0,7.7,0,0,0,0,0,0,43.31,3.17656,9.91575,116.09,205.98,0,0,0,0,0
neuromorpho__hippo-560-5.swc,117,pyramidal,0.98747,0,116,0,0,0,0,0,0,0,0,0,0,0,0.987808,0.00113197,0.987703,0.987703,0.987703,0.987703,0.987703,0,0,0,0,0,0,0,0,0.987703,0.987703,0,0,0,0,29,0.988127,0.987703,0.987703,0,0,9,0,0,0,0,0,0,33.63,2.49845,7.47528,139.03,186.05,0,0,0,0,0
neuromorpho__hippo-560-8.swc,126,pyramidal,0.986453,0,125,0,0,0,0,0,0,0,0,0,0,0,0.987801,0.00109113,0.987703,0.987703,0.987703,0.987703,0.987703,0,0,0,0,0,0,0,0,0.987703,0.987703,0,0,0,0,41,0.988003,0.987703,0.987703,0,0,7,0,0,0,0,0,0,36.65,-1.94656,7.09791,110.3,183.46,0,0,0,0,0
neuromorpho__hippo-570-5.swc,80,pyramidal,0.988066,0,79,0,0,0,0,0,0,0,0,0,0,0,0.987857,0.0013662,0.987703,0.987703,0.987703,0.987703,0.987703,0,0,0,0,0,0,0,0,0.987703,0.987703,0,0,0,0,20,0.988318,0.987703,0.987703,0,0,7.6,0,0,0,0,0,0,22.13,-3.97291,7.48236,97.25,199.23,0,0,0,0,0
neuromorpho__hippo-570-8.swc,93,pyramidal,0.990631,0,92,0,0,0,0,0,0,0,0,0,0,0,0.987835,0.00126824,0.987703,0.987703,0.987703,0.987703,0.987703,0,0,0,0,0,0,0,0,0.987703,0.987703,0,0,0,0,20,0.988318,0.987703,0.987703,0,0,8.1,0,0,0,0,0,0,32.7,-5.33076,9.12331,104.89,119.57,0,0,0,0,0
neuromorpho__hippo-858-3.swc,63,pyramidal,0.992405,0,62,0,0,0,0,0,0,0,0,0,0,0,0.987898,0.0015369,0.987703,0.987703,0.987703,0.987703,0.987703,0,0,0,0,0,0,0,0,0.987703,0.987703,0,0,0,0,20,0.988318,0.987703,0.987703,0,0,7,0,0,0,0,0,0,32.09,-0.0193548,7.56288,68.43,119.05,0,0,0,0,0
neuromorpho__hippo-858-6.swc,72,pyramidal,0.988765,0,71,0,0,0,0,0,0,0,0,0,0,0,0.987874,0.00143909,0.987703,0.987703,0.987703,0.987703,0.987703,0,0,0,0,0,0,0,0,0.987703,0.987703,0,0,0,0,24,0.988216,0.987703,0.987703,0,0,7,0,0,0,0,0,0,32.72,0.0633803,7.64985,98.79,117.55,0,0,0,0,0
neuromorpho__hippo169-2.swc,92,pyramidal,0.986503,0,91,0,0,0,0,0,0,0,0,0,0,0,0.987837,0.00127504,0.987703,0.987703,0.987703,0.987703,0.987703,0,0,0,0,0,0,0,0,0.987703,0.987703,0,0,0,0,36,0.988045,0.987703,0.987703,0,0,5,0,0,0,0,0,0,66.33,5.59835,21.3259,69.55,87.08,0,0,0,0,0
neuromorpho__hippo223-3.swc,146,pyramidal,0.991973,0,145,0,0,0,0,0,0,0,0,0,0,0,0.987787,0.0010142,0.987703,0.987703,0.987703,0.987703,0.987703,0,0,0,0,0,0,0,0,0.987703,0.987703,0,0,0,0,43,0.987989,0.987703,0.987703,0,0,8,0,0,0,0,0,0,45.76,-14.066,14.021,119.86,121.05,0,0,0,0,0
neuromorpho__hippo223-6.swc,210,pyramidal,0.959991,0,209,0,0,0,0,0,0,0,0,0,0,0,0.987762,0.000846535,0.987703,0.987703,0.987703,0.987703,0.987703,0,0,0,0,0,0,0,0,0.987703,0.987703,0,0,0,0,61,0.987905,0.987703,0.987703,0,0,6,0,0,0,0,0,0,50.89,1.0822,12.2217,94.86,222.05,0,0,0,0,0
neuromorpho__hippo284-1.swc,220,pyramidal,0.906391,0,219,0,0,0,0,0,0,0,0,0,0,0,0.987759,0.000827161,0.987703,0.987703,0.987703,0.987703,0.987703,0,0,0,0,0,0,0,0,0.987703,0.987703,0,0,0,0,64,0.987895,0.987703,0.987703,0,0,6.7,0,0,0,0,0,0,62.68,-18.8258,14.9189,130.58,216.56,0,0,0,0,0
neuromorpho__hippo284-6.swc,105,pyramidal,0.991309,0,104,0,0,0,0,0,0,0,0,0,0,0,0.98782,0.00119431,0.987703,0.987703,0.987703,0.987703,0.987703,0,0,0,0,0,0,0,0,0.987703,0.987703,0,0,0,0,28,0.988142,0.987703,0.987703,0,0,7,0,0,0,0,0,0,38.47,-3.0276,9.85901,162.04,181.49,0,0,0,0,0
neuromorpho__hippo285-3.swc,89,pyramidal,0.993997,0,88,0,0,0,0,0,0,0,0,0,0,0,0.987841,0.00129611,0.987703,0.987703,0.987703,0.987703,0.987703,0,0,0,0,0,0,0,0,0.987703,0.987703,0,0,0,0,27,0.988159,0.987703,0.987703,0,0,7,0,0,0,0,0,0,38.76,-11.752,12.9235,89.22,129.3,0,0,0,0,0
neuromorpho__hippo286-3.swc,94,pyramidal,0.994062,0,93,0,0,0,0,0,0,0,0,0,0,0,0.987834,0.00126155,0.987703,0.987703,0.987703,0.987703,0.987703,0,0,0,0,0,0,0,0,0.987703,0.987703,0,0,0,0,24,0.988216,0.987703,0.987703,0,0,6,0,0,0,0,0,0,40.58,-1.78129,13.4452,112.6,195.33,0,0,0,0,0
neuromorpho__hippo286-7.swc,127,pyramidal,0.992234,0,126,0,0,0,0,0,0,0,0,0,0,0,0.9878,0.00108686,0.987703,0.987703,0.987703,0.987703,0.987703,0,0,0,0,0,0,0,0,0.987703,0.987703,0,0,0,0,29,0.988127,0.987703,0.987703,0,0,9,0,0,0,0,0,0,33.32,-0.34373,9.81836,157.18,276.88,0,0,0,0,0
neuromorpho__hippo303-4.swc,115,pyramidal,0.994751,0,114,0,0,0,0,0,0,0,0,0,0,0,0.98781,0.00114168,0.987703,0.987703,0.987703,0.987703,0.987703,0,0,0,0,0,0,0,0,0.987703,0.987703,0,0,0,0,30,0.988113,0.987703,0.987703,0,0,6.1,0,0,0,0,0,0,44.5,-2.79719,12.4669,118.16,141.84,0,0,0,0,0
neuromorpho__hippo305-6.swc,93,pyramidal,0.991861,0,92,0,0,0,0,0,0,0,0,0,0,0,0.987835,0.00126824,0.987703,0.987703,0.987703,0.987703,0.987703,0,0,0,0,0,0,0,0,0.987703,0.987703,0,0,0,0,31,0.9881,0.987703,0.987703,0,0,6,0,0,0,0,0,0,57.85,-3.07228,16.5044,82.03,140.19,0,0,0,0,0
neuromorpho__hippo367-2.swc,105,pyramidal,0.995792,0,104,0,0,0,0,0,0,0,0,0,0,0,0.98782,0.00119431,0.987703,0.987703,0.987703,0.987703,0.987703,0,0,0,0,0,0,0,0,0.987703,0.987703,0,0,0,0,30,0.988113,0.987703,0.987703,0,0,6.1,0,0,0,0,0,0,31.22,-9.72077,7.58034,78.7,155.9,0,0,0,0,0
neuromorpho__hippo367-3.swc,72,pyramidal,0.976968,0,71,0,0,0,0,0,0,0,0,0,0,0,0.987874,0.00143909,0.987703,0.987703,0.987703,0.987703,0.987703,0,0,0,0,0,0,0,0,0.987703,0.987703,0,0,0,0,19,0.98835,0.987703,0.987703,0,0,7.2,0,0,0,0,0,0,10.28,-7.94803,4.06384,71.61,203.54,0,0,0,0,0
neuromorpho__hippo370-2.swc,148,pyramidal,0.994076,0,147,0,0,0,0,0,0,0,0,0,0,0,0.987786,0.00100737,0.987703,0.987703,0.987703,0.987703,0.987703,0,0,0,0,0,0,0,0,0.987703,0.987703,0,0,0,0,49,0.987954,0.987703,0.987703,0,0,6,0,0,0,0,0,0,26.34,-13.4308,5.23701,160.19,150.6,0,0,0,0,0
neuromorpho__hippo370-5.swc,97,pyramidal,0.994319,0,96,0,0,0,0,0,0,0,0,0,0,0,0.98783,0.00124209,0.987703,0.987703,0.987703,0.987703,0.987703,0,0,0,0,0,0,0,0,0.987703,0.987703,0,0,0,0,27,0.988159,0.987703,0.987703,0,0,6.4,0,0,0,0,0,0,31.81,-18.7241,6.84807,167.8,160.81,0,0,0,0,0
neuromorpho__hippo417-2.swc,75,pyramidal,0.993707,0,74,0,0,0,0,0,0,0,0,0,0,0,0.987867,0.00141041,0.987703,0.987703,0.987703,0.987703,0.987703,0,0,0,0,0,0,0,0,0.987703,0.987703,0,0,0,0,24,0.988216,0.987703,0.987703,0,0,6,0,0,0,0,0,0,42.4,7.85568,12.4016,123.79,137.64,0,0,0,0,0
neuromorpho__hippo417-7.swc,189,pyramidal,0.993473,0,188,0,0,0,0,0,0,0,0,0,0,0,0.987768,0.000892089,0.987703,0.987703,0.987703,0.987703,0.987703,0,0,0,0,0,0,0,0,0.987703,0.987703,0,0,0,0,61,0.987905,0.987703,0.987703,0,0,5,0,0,0,0,0,0,46.35,-14.6346,9.8457,129.47,194.41,0,0,0,0,0
neuromorpho__homo-5.swc,2245,interneuron,0.992859,1224,1020,0,0,0,0,0,0,0,0,0,0,0,0.999609,0.001673,0.972519,0.999666,0.999666,0.999666,0.999757,0,0,0,0,0,0.999561,0.999757,0,0.999666,0.999666,0,0,0,0,496,0.9994,0.972519,0.999666,0,0,10,0,34.5,4.97251,7.6841,366.31,284.48,33,5.44945,7.39092,206.05,268.98,0,0,0,0,0
neuromorpho__i03537.swc,1524,pyramidal,0.935625,1156,367,0,0,0,0,0,0,0,0,0,0,0,0.650698,0.33791,0.3,0.3,0.3,0.3,0.899341,0.479659,0.479659,0.479659,0.484908,0.504593,0.556496,0.3,0.630623,0.946467,0.899341,0.00544959,0,0,0,165,0.72334,0.3,0.3,0.393939,0.424242,20,0,1183.66,52.2796,188.616,1062.59,1844.08,307.54,12.6671,55.6018,255.89,473.96,0,0,0,0,0
neuromorpho__iPRCp_03.swc,8350,pyramidal,0.980533,0,3653,4696,0,0,0,0,0,0,0,0,0,0,0.96358,0.117566,0.3,0.982145,0.982145,0.982145,0.982145,0.0304192,0.0304192,0.0304192,0.0304192,0.0304192,0,0,0,0.987135,0.984018,0,0.945249,0.982145,0.0540886,151,0.972981,0.3,0.982145,0.013245,0.013245,132,0,0,0,0,0,0,147.73,-6.88516,39.1147,151.9,126.8,209.48,-23.6657,43.3423,150.91,350.76
neuromorpho__iPRCp_06.swc,6887,pyramidal,0.897124,0,2920,3966,0,0,0,0,0.0498827,0,0,0,0,0,0.976521,0.0203472,0.907839,0.920345,0.934909,0.982145,0.982145,0,0,0,0,0,0,0,0,0.987703,0.987703,0,0.968282,0.927064,0,105,0.978667,0.907839,0.943334,0,0,147.6,0,0,0,0,0,0,151.85,-0.730199,33.9285,130.4,242.83,184.6,-17.6975,37.4575,198.58,433.43
neuromorpho__iPRCp_07.swc,7647,pyramidal,0.942721,0,3262,4384,0,0,0,0,0.0231893,0,0,0,0,0,0.960051,0.0641378,0.697116,0.804768,0.847413,0.981419,0.981419,0,0,0.0121616,0.0419772,0.124362,0,0,0,0.987703,0.987703,0,0.939467,0.840494,0.0212135,117,0.956964,0.697116,0.843416,0.025641,0.0512821,137.4,0,0,0,0,0,0,150.42,-5.51211,28.9536,223.11,139.12,220.49,-28.0347,48.7796,349.98,163.41
neuromorpho__iPRCp_09.swc,9756,pyramidal,0.884639,0,3122,6633,0,0,0.679889,0.679889,0.125389,0,-0.679889,0.679889,0.679889,0,0.918371,0.075354,0.609481,0.836696,0.84005,0.852056,0.980775,0,0,0.0146576,0.0150677,0.476937,0,0,0,0.987703,0.987703,0,0.885725,0.838352,0.0215589,153,0.919362,0.609481,0.837846,0.0130719,0.0196078,135.6,0,0,0,0,0,0,137.18,6.25291,26.5403,196.33,164.89,199.25,-26.3297,38.3066,189.05,403.16
neuromorpho__iPRCp_10.swc,6882,pyramidal,0.803846,0,2701,4180,0,0,0,0,0,0,0,0,0,0,0.979175,0.0593236,0.3,0.982145,0.982145,0.982145,0.982145,0.00755594,0.00755594,0.00755594,0.00755594,0.00755594,0,0,0,0.987703,0.987703,0,0.973659,0.982145,0.0124402,103,0.983682,0.3,0.982145,0,0,147.4,0,0,0,0,0,0,122.92,-15.1934,23.6985,170.08,239.88,209.95,-63.1762,50.3485,177.66,485.93
neuromorpho__jerry-15.swc,253,pyramidal,0.990933,0,252,0,0,0,0,0,0,0,0,0,0,0,0.987752,0.000771562,0.987703,0.987703,0.987703,0.987703,0.987703,0,0,0,0,0,0,0,0,0.987703,0.987703,0,0,0,0,25,0.988195,0.987703,0.987703,0,0,18.2,0,0,0,0,0,0,0,0,0,250.32,317.14,0,0,0,0,0
neuromorpho__jerry-16.swc,186,pyramidal,0.99222,0,185,0,0,0,0,0,0,0,0,0,0,0,0.987769,0.000899215,0.987703,0.987703,0.987703,0.987703,0.987703,0,0,0,0,0,0,0,0,0.987703,0.987703,0,0,0,0,16,0.988472,0.987703,0.987703,0,0,20.5,0,0,0,0,0,0,0,0,0,221.31,218.65,0,0,0,0,0
neuromorpho__jerry-18.swc,239,pyramidal,0.978358,0,238,0,0,0,0,0,0,0,0,0,0,0,0.964735,0.123708,0.3,0.987703,0.987703,0.987703,0.987703,0.0334728,0.0334728,0.0334728,0.0334728,0.0334728,0,0,0,0.964587,0.987703,0.0336134,0,0,0,23,0.982543,0.3,0.987703,0,0,18.2,0,0,0,0,0,0,0,0,0,258.74,251.37,0,0,0,0,0
neuromorpho__jerry-2.swc,294,pyramidal,0.995297,0,293,0,0,0,0,0,0,0,0,0,0,0,0.987745,0.000715941,0.987703,0.987703,0.987703,0.987703,0.987703,0,0,0,0,0,0,0,0,0.987703,0.987703,0,0,0,0,28,0.988142,0.987703,0.987703,0,0,23.3,0,0,0,0,0,0,0,0,0,251.51,268.6,0,0,0,0,0
neuromorpho__jerry-6.swc,268,pyramidal,0.98515,0,267,0,0,0,0,0,0,0,0,0,0,0,0.980051,0.0723606,0.3,0.987703,0.987703,0.987703,0.987703,0.011194,0.011194,0.011194,0.011194,0.011194,0,0,0,0.979976,0.987703,0.011236,0,0,0,19,0.985493,0.3,0.987703,0,0,28.8,0,0,0,0,0,0,0,0,0,261.46,346.98,0,0,0,0,0
neuromorpho__jerry-9.swc,188,pyramidal,0.995157,0,187,0,0,0,0,0,0,0,0,0,0,0,0.987769,0.000894445,0.987703,0.987703,0.987703,0.987703,0.987703,0,0,0,0,0,0,0,0,0.987703,0.987703,0,0,0,0,25,0.988195,0.987703,0.987703,0,0,13,0,0,0,0,0,0,0,0,0,217.67,257.61,0,0,0,0,0
neuromorpho__jy180109_A_idB.swc,6147,interneuron,0.977246,1910,4236,0,0,0,0,0,0,0,0,0,0,0,0.945058,0.179747,0.3,0.3,0.972519,0.980369,0.999666,0.071905,0.071905,0.071905,0.071905,0.071905,0.823919,0.3,0.231414,0.999666,0.999666,0,0,0,0,103,0.985967,0.3,0.980046,0.0194175,0.0194175,124.6,0,64.78,3.22345,14.2576,276.52,561.92,141.17,-20.8418,29.7574,249.82,646.92,0,0,0,0,0
neuromorpho__jy180905_B_idA.swc,2701,interneuron,0.667632,0,2700,0,0,0,0,0,0,0,0,0,0,0,0.956391,0.16232,0.3,0.3,0.999666,0.999666,0.999666,0.0570159,0.0570159,0.0570159,0.0570159,0.0570159,0,0,0,0.956375,0.999666,0.057037,0,0,0,46,0.988425,0.3,0.990742,0,0.0217391,162,0,0,0,0,0,0,111.61,-11.26,17.7164,227.76,451.3,0,0,0,0,0
neuromorpho__jy181129_A_idB.swc,1582,interneuron,0.935592,26,1555,0,0,0,0,0,0,0,0,0,0,0,0.960141,0.159455,0.3,0.3,0.999666,0.999666,0.999666,0.0549937,0.0549937,0.0549937,0.0549937,0.0549937,0.935878,0.935878,0,0.960521,0.999666,0.0559486,0,0,0,22,0.988108,0.3,0.999666,0,0,204.1,0,7.86,10.5431,2.53339,5.3,10.1,90.74,3.34101,17.2709,100.45,562.15,0,0,0,0,0
neuromorpho__jy190510_B_idA.swc,9948,interneuron,0.993162,5801,4146,0,0,0,0,0,0,0,0,0,0,0,0.921508,0.196283,0.3,0.3,0.935878,0.969809,0.972519,0.0899678,0.0899678,0.0899678,0.0899678,0.0916767,0.889276,0.3,0.120669,0.966587,0.999666,0.0470333,0,0,0,166,0.953501,0.3,0.935878,0.0421687,0.0481928,127,0,220.92,-31.2042,41.6768,481.69,398.91,176.35,-46.7418,39.3091,375.24,377.87,0,0,0,0,0
neuromorpho__ko20x-02.swc,206,pyramidal,0.993722,0,92,113,0,0,0,0,0,0,0,0,0,0,0.984714,0.00295709,0.982145,0.982145,0.982145,0.982145,0.982145,0,0,0,0,0,0,0,0,0.987703,0.987703,0,0.982145,0.982145,0,50,0.985392,0.982145,0.982145,0,0,10,0,0,0,0,0,0,27,-4.66304,6.13308,331.24,181.92,28,7.90265,6.50114,158.97,578.88
neuromorpho__ko20x-08.swc,131,pyramidal,0.992754,6,60,64,0,0,0,0,0,0,0,0,0,0,0.978421,0.029141,0.84621,0.981148,0.981148,0.981639,0.982145,0,0,0,0,0.0458015,0.84621,0.84621,0,0.987703,0.987703,0,0.981777,0.981148,0,33,0.982518,0.84621,0.981639,0,0,8.4,0,0,-8,0,7.35,76.01,25,-6.48333,5.8864,195.12,140.67,23,13.875,4.6754,83.57,435.02
neuromorpho__m1s2s7t-d-mid.swc,280,pyramidal,0.678379,0,279,0,0,0,0,0,0,0,0,0,0,0,0.987747,0.000733559,0.987703,0.987703,0.987703,0.987703,0.987703,0,0,0,0,0,0,0,0,0.987703,0.987703,0,0,0,0,42,0.987996,0.987703,0.987703,0,0,13.9,0,0,0,0,0,0,34.12,-1.42681,6.92795,122.84,305.53,0,0,0,0,0
neuromorpho__m3s4s4b-med-deep.swc,234,pyramidal,0.764171,0,39,194,0,0,0,0,0,0,0,0,0,0,0.664593,0.14898,0.522357,0.522357,0.593936,0.59678,0.603304,0,0.491453,0.82906,0.82906,0.82906,0,0,0,0.987703,0.987703,0,0.597909,0.553376,1,30,0.714132,0.522357,0.593936,0.7,0.7,19.1,0,0,0,0,0,0,19.69,2.09897,6.30369,28.96,18.52,34.61,8.64912,6.66489,126.24,209.59
neuromorpho__mPFC_w1_L3_01.swc,2540,pyramidal,0.955326,7,1287,1245,0,0,0,0,0.0100441,0,0,0,0,0,0.856052,0.227669,0.3,0.3,0.512196,0.800671,0.982145,0.0905512,0.220472,0.220472,0.240551,0.282677,0.572046,0.572046,1,0.856925,0.555967,0.251748,0.85663,0.3,0.183936,99,0.882029,0.3,0.556146,0.222222,0.262626,57.2,0,2,-9,0.92582,4.74,13.85,75,-3.63986,14.7311,247.4,298.4,41,-10.7189,9.51809,698.35,473.5
neuromorpho__mPFC_w1_L3_03.swc,1293,pyramidal,0.983021,0,774,518,0,0,0,0,0.0483024,0,0,0,0,0,0.975635,0.0428381,0.617761,0.935655,0.967513,0.982145,0.982145,0,0,0.0123743,0.0123743,0.0123743,0,0,0,0.971248,0.936928,0.0206718,0.982143,0.982145,0,102,0.978694,0.617761,0.982145,0.00980392,0.00980392,29.8,0,0,0,0,0,0,44,-2.72222,8.90513,253.41,199.21,56,-11.7606,10.7551,245.89,280
neuromorpho__mPFC_w1_L5_01.swc,3065,pyramidal,0.99518,33,1169,1862,0,0,0,0,0,0,0,0,0,0,0.95893,0.118505,0.3,0.940273,0.982145,0.982145,0.982145,0.0215334,0.0388254,0.0443719,0.0443719,0.0443719,0.940273,0.940273,0,0.960991,0.987703,0.0598802,0.957945,0.982145,0.0354458,138,0.97516,0.3,0.982145,0.0144928,0.0289855,50,0,13,-10,3.68453,10.36,76.59,58,0.319076,11.1703,275.1,254.19,71,14.6936,16.8588,430.09,577.29
neuromorpho__mPFC_w1_L5_04.swc,1761,pyramidal,0.977178,0,748,1012,0,0,0,0,0.0436273,0,0,0,0,0,0.935903,0.148302,0.3,0.852113,0.897567,0.982145,0.982145,0.0488359,0.0488359,0.0488359,0.0488359,0.178876,0,0,0,0.873258,0.3,0.114973,0.982143,0.982145,0,108,0.970624,0.3,0.982145,0.0185185,0.0185185,32,0,0,0,0,0,0,45,5.31417,8.07064,461.7,263.47,59,-7.635,10.3253,258.59,369.56
neuromorpho__mPFC_w1_L5_06.swc,1579,pyramidal,0.972332,0,559,1019,0,0,0,0,0,0,0,0,0,0,0.984124,0.00268752,0.982145,0.982145,0.982145,0.982145,0.982145,0,0,0,0,0,0,0,0,0.987703,0.987703,0,0.982145,0.982145,0,142,0.984698,0.982145,0.982145,0,0,26.9,0,0,0,0,0,0,21.64,4.58979,4.27715,142.88,139.71,50,-19.082,13.2032,318.68,459.9
neuromorpho__mPFC_w2_L3_03.swc,1080,pyramidal,0.994139,15,411,653,0,0,0,0,0,0,0,0,0,0,0.976965,0.0508116,0.504088,0.981148,0.981148,0.982145,0.982145,0,0.00833333,0.00833333,0.0222222,0.0222222,0.758902,0.758902,0,0.977113,0.987703,0.0218978,0.981846,0.981148,0,83,0.9758,0.504088,0.981148,0.0120482,0.0240964,31,0,11,-21.6,4.11177,22.9,37.26,58,-4.74713,14.3315,201.75,141.1,84,-30.6482,19.9152,316.31,349.36
neuromorpho__mPFC_w2_L3_06.swc,1124,pyramidal,0.99242,11,638,474,0,0,0,0,0,0,0,0,0,0,0.976503,0.0707457,0.3,0.982145,0.982145,0.982145,0.987703,0.00978648,0.00978648,0.00978648,0.019573,0.019573,0.764142,0.764142,0,0.987703,0.987703,0,0.966305,0.982145,0.0232068,74,0.980509,0.3,0.982145,0,0.0135135,34,0,10,-14.2291,3.44976,34.36,9.59,44,-14.4419,9.30105,344.58,240.15,67,-30.0127,16.9062,299.5,357.5
neuromorpho__mPFC_w2_L3_07.swc,856,pyramidal,0.987802,0,432,423,0,0,0,0,0,0,0,0,0,0,0.979281,0.0617474,0.3,0.981639,0.981639,0.982145,0.982145,0.00817757,0.00817757,0.00817757,0.00817757,0.00817757,0,0,0,0.97656,0.987703,0.0162037,0.98201,0.981639,0,73,0.984008,0.3,0.981639,0,0,25.8,0.495,0,0,0,0,0,61.87,4.22273,12.5443,292.42,195.86,59.4,6.01994,10.2148,306.77,381.14
neuromorpho__mPFC_w2_L5_01.swc,3202,pyramidal,0.974437,53,1402,1746,0,0,0,0,0,0,0,0,0,0,0.953881,0.136778,0.3,0.844913,0.982145,0.982145,0.982145,0.039975,0.039975,0.0480949,0.0480949,0.0546533,0.987126,0.987126,0,0.969454,0.987703,0.0335235,0.940341,0.982145,0.0612829,116,0.973064,0.3,0.982145,0.00862069,0.0258621,66.5,0,6,-1.84906,2.00373,19.46,111.42,30,5.61983,6.91617,364.58,354.9,50,12.0668,8.72222,525.19,713.99
neuromorpho__mPFC_w2_L5_06.swc,1758,pyramidal,0.994168,0,485,1272,0,0,0,0,0,0,0,0,0,0,0.981748,0.0364964,0.3,0.982145,0.982145,0.982145,0.982145,0.00284414,0.00284414,0.00284414,0.00284414,0.00284414,0,0,0,0.987703,0.987703,0,0.979463,0.982145,0.00393082,120,0.983471,0.3,0.982145,0,0,32.2,0,0,0,0,0,0,75,-9.00619,16.8714,271.23,200.77,79,-20.1466,17.5578,401.07,482.33
neuromorpho__mPFC_w2_L5_09.swc,1716,pyramidal,0.99465,5,590,1120,0,0,0,0,0,0,0,0,0,0,0.958534,0.128912,0.3,0.982145,0.982145,0.982145,0.982145,0.0367133,0.0367133,0.0367133,0.0367133,0.039627,0.814838,0.814838,0,0.987703,0.987703,0,0.943772,0.982145,0.05625,93,0.975225,0.3,0.982145,0,0.0107527,42,0,3,12,1.26491,2.18,14.05,53,-2.77966,12.4417,302.59,210.31,72,-18.5987,16.0171,447.08,507.4
neuromorpho__ms87_slice3.swc,3350,interneuron,0.643211,0,3349,0,0,0,0,0,0,0,0,0,0,0,0.925273,0.0102149,0.919135,0.919135,0.919135,0.919135,0.919135,0,0,0,0,0,0,0,0,0.92525,0.919135,0,0,0,0,101,0.928329,0.919135,0.919135,0,0,87,0,0,0,0,0,0,30.19,7.00904,6.24208,107.63,254.09,0,0,0,0,0
neuromorpho__ms90_slice3.swc,6088,pyramidal,0.775427,0,6087,0,0,0,0,0,0,0,0,0,0,0,0.983616,0.0527256,0.3,0.987681,0.987693,0.987703,0.987703,0.00591327,0.00591327,0.00591327,0.00591327,0.00591327,0,0,0,0.983613,0.987693,0.00591424,0,0,0,149,0.9873,0.3,0.987693,0,0,92.6,0,0,0,0,0,0,27.18,-8.61992,5.32974,190.99,376.54,0,0,0,0,0
neuromorpho__n120.swc,2619,pyramidal,0.962908,0,1776,842,0,0,0,0,0,0,0,0,0,0,0.72974,0.288513,0.3,0.3,0.3,0.3,0.980351,0.263841,0.344024,0.382971,0.499427,0.499427,0,0,0,0.64228,0.3,0.518018,0.913895,0.980351,0.0985748,154,0.738734,0.3,0.3,0.409091,0.474026,39.7,0,0,0,0,0,0,112.7,32.185,20.2938,257.6,205.19,91.51,24.1642,17.5947,279.6,535.53
neuromorpho__n121.swc,4059,pyramidal,0.784885,0,1290,2768,0,0,0,0,0,0,0,0,0,0,0.880421,0.241127,0.3,0.3,0.3,0.981148,0.982145,0.144863,0.144863,0.152008,0.159399,0.161616,0,0,0,0.957316,0.987703,0.044186,0.844542,0.3,0.202312,200,0.92334,0.3,0.773053,0.085,0.11,52.5,1.90552,0,0,0,0,0,122.31,42.3563,30.3527,217.74,260.79,197.76,33.3916,41.5866,311.36,515.57
neuromorpho__n123.swc,5054,pyramidal,0.889964,0,1760,3293,0,0,0,0,0,0,0,0,0,0,0.902517,0.221573,0.3,0.3,0.3,0.982145,0.982145,0.119114,0.119114,0.119114,0.119114,0.119114,0,0,0,0.882199,0.3,0.153409,0.913346,0.3,0.10082,179,0.944979,0.3,0.88486,0.0502793,0.0726257,66.6,0.298571,0,0,0,0,0,247.59,-8.74647,52.3808,441.29,135.93,263.83,144.563,37.7814,304.38,497.12
neuromorpho__n129.swc,2063,pyramidal,0.988814,19,669,1374,0,0,0,0,0,0,0,0,0,0,0.831351,0.28468,0.3,0.3,0.3,0.982145,0.982145,0.222976,0.222976,0.222976,0.222976,0.222976,0.940273,0.940273,0,0.943501,0.987703,0.064275,0.775117,0.3,0.303493,143,0.875167,0.3,0.3,0.146853,0.160839,29.8,-7.83911,3.6,17.0139,1.08953,118.3,18.148,57.12,10.1802,13.2991,353.136,308.106,103.28,33.4807,19.673,485.177,753.032
neuromorpho__n12fts.swc,2657,pyramidal,0.919433,1458,1198,0,0,0,0,0,0,0,0,0,0,0,0.787167,0.183653,0.583631,0.598125,0.598125,0.598125,0.690382,0,0.308619,0.548739,0.548739,0.548739,0.622253,0.598125,1,0.987693,0.987703,0,0,0,0,449,0.786373,0.583631,0.598125,0.532294,0.532294,12,3,2,0.781893,0.520263,229.5,110.9,3,0.268781,0.573083,221.4,229.5,0,0,0,0,0
neuromorpho__n141.swc,8110,pyramidal,0.965459,0,2768,5341,0,0,0,0,0.00680444,0,0,0,0,0,0.894765,0.227335,0.3,0.3,0.3,0.981148,0.981148,0.12725,0.12725,0.12725,0.12725,0.12762,0,0,0,0.828336,0.3,0.225795,0.929172,0.981024,0.076203,168,0.936684,0.3,0.826923,0.0416667,0.0892857,121.2,0.670345,0,0,0,0,0,110.87,7.76376,18.2465,196.35,401.92,155.43,-0.262964,27.875,248.85,535.48
neuromorpho__n173.swc,4011,pyramidal,0.964022,0,1800,2210,0,0,0,0,0,0,0,0,0,0,0.867812,0.240483,0.3,0.3,0.3,0.981148,0.982145,0.139616,0.150586,0.168537,0.208427,0.212416,0,0,0,0.870229,0.3,0.172222,0.865783,0.3,0.165611,153,0.906505,0.3,0.693642,0.104575,0.20915,55,2.31469,0,0,0,0,0,159.91,36.4454,29.5907,324.08,250.39,145.99,54.8672,28.5639,364.85,790.82
neuromorpho__n178.swc,4516,pyramidal,0.937014,1864,0,2651,0,0,0,0,0,0,0,0,0,0,0.772393,0.241032,0.3,0.3,0.492013,0.541038,0.980351,0.181355,0.286315,0.381089,0.479628,0.479628,0.5748,0.3,0.761266,0,0,0,0.911241,0.539881,0.113919,223,0.802663,0.3,0.497586,0.358744,0.434978,47,-0.0105882,292.88,-2.91278,48.31,346.8,228.59,0,0,0,0,0,260.06,20.6573,48.0289,492.92,828.61
neuromorpho__n179.swc,11861,pyramidal,0.890785,0,3371,8489,0,0,0,0,0.0127421,0,0,0,0,0,0.860611,0.258592,0.3,0.3,0.3,0.982145,0.982145,0.174606,0.174606,0.174606,0.177894,0.195936,0,0,0,0.863735,0.3,0.16108,0.859354,0.3,0.179998,461,0.914602,0.3,0.742928,0.0824295,0.132321,60,0,0,0,0,0,0,214.84,29.5143,44.1137,287.74,360.93,312.47,85.7104,40.3804,410.6,807.8
neuromorpho__n183.swc,5385,pyramidal,0.828705,1323,806,3255,0,0,0,0,0,0,0,0,0,0,0.852306,0.258119,0.3,0.3,0.3,0.940273,0.981148,0.178644,0.178644,0.178644,0.178644,0.179759,0.804033,0.3,0.212396,0.90494,0.3,0.120347,0.858848,0.3,0.179416,286,0.881292,0.3,0.578638,0.13986,0.157343,41,-1.46541,181.03,5.81721,32.4444,456.44,279.69,162.79,20.0428,30.2114,198.66,245.19,204.8,-3.78956,32.0585,293.84,829.9
neuromorpho__n18fts.swc,1372,pyramidal,0.858052,544,827,0,0,0,0,0,0,0,0,0,0,0,0.916722,0.0889765,0.76707,0.771332,0.814838,0.814838,0.987703,0,0,0,0.0998542,0.396501,0.808661,0.76785,0,0.987703,0.987703,0,0,0,0,143,0.912561,0.76707,0.814838,0,0.0769231,21.6,3,2,-0.373162,0.516721,228.55,108.5,3,-0.550181,0.592851,225.725,176.62,0,0,0,0,0
neuromorpho__n19fts.swc,2385,pyramidal,0.854779,16,2368,0,0,0,0,0,0,0,0,0,0,0,0.987481,0.00278206,0.953767,0.987703,0.987703,0.987703,0.987703,0,0,0,0,0,0.953767,0.953767,0,0.987703,0.987703,0,0,0,0,364,0.987644,0.953767,0.987703,0,0,14.7,3,1,-0.25,0.433013,20.9,19.4,3,0.180743,0.584369,229.7,229.7,0,0,0,0,0
neuromorpho__n23fts.swc,2814,pyramidal,0.712668,1102,1711,0,0,0,0,0,2.99822e-05,0,0,0,0,0,0.943358,0.0573046,0.84621,0.859647,0.859647,0.861193,0.987703,0,0,0,0,0.298507,0.874456,0.859647,0,0.987703,0.987703,0,0,0,0,420,0.944283,0.84621,0.859647,0,0,14,4,3,-0.683303,0.537583,165.77,229.9,5,-0.513735,0.776416,229.5,229.05,0,0,0,0,0
neuromorpho__n25fts.swc,1245,pyramidal,0.968938,22,1222,0,0,0,0,0,0,0,0,0,0,0,0.98488,0.0211222,0.827416,0.987693,0.987703,0.987703,0.987703,0,0,0,0,0.0176707,0.827416,0.827416,0,0.987703,0.987703,0,0,0,0,126,0.983983,0.827416,0.987693,0,0,20,4,0,-1,0,18.25,13.27,4,-0.570376,0.591433,229.05,223.45,0,0,0,0,0
neuromorpho__n261.swc,451,interneuron,0.955324,292,158,0,0,0,0,0,0,0,0,0,0,0,0.981944,0.0131836,0.969809,0.969809,0.969809,0.972519,0.972519,0,0,0,0,0,0.972293,0.969809,0,0.999666,0.999666,0,0,0,0,61,0.979107,0.969809,0.969809,0,0,14,-0.00428571,39.57,3.78658,7.33259,373.48,219.7,24.63,-3.14059,5.11863,165.93,234.84,0,0,0,0,0
neuromorpho__n27fts.swc,2046,pyramidal,0.902747,0,2045,0,0,0,0,0,0.00791708,0,0,0,0,0,0.949498,0.112814,0.503926,0.636766,0.834227,0.987703,0.987703,0,0.0298143,0.0860215,0.0987292,0.104106,0,0,0,0.949473,0.834227,0.0860636,0,0,0,193,0.967647,0.503926,0.98298,0.0362694,0.0466321,22,4.07692,0,0,0,0,0,5,-0.850028,0.913555,229.275,223.875,0,0,0,0,0
neuromorpho__n419.swc,4216,pyramidal,0.954044,0,1661,2554,0,0,0,0,0,0,0,0,0,0,0.934685,0.177575,0.3,0.3,0.981639,0.982145,0.982145,0.0725806,0.0725806,0.0725806,0.0725806,0.0725806,0,0,0,0.967002,0.987703,0.0301023,0.913641,0.504344,0.100235,156,0.964739,0.3,0.981639,0.0192308,0.0448718,64,0.180714,0,0,0,0,0,256.4,28.3046,50.1242,302.18,230.78,214.77,28.595,36.5673,289.57,497
neuromorpho__n5fts.swc,954,pyramidal,0.958377,551,402,0,0,0,0,0,0,0,0,0,0,0,0.784391,0.187403,0.487885,0.504059,0.528443,0.62574,0.75454,0.0220126,0.214885,0.381551,0.582809,0.582809,0.638294,0.504059,0.651543,0.984103,0.987703,0.0124378,0,0,0,239,0.797771,0.487885,0.504059,0.330544,0.552301,8,3,2,-0.235935,0.560866,229.5,205.7,2,0,0.141069,125.1,158.4,0,0,0,0,0
neuromorpho__n8fts.swc,797,pyramidal,0.916718,49,747,0,0,0,0,0,0,0,0,0,0,0,0.979299,0.0331176,0.84621,0.84621,0.987693,0.987703,0.987703,0,0,0,0,0.0564617,0.850767,0.84621,0,0.987703,0.987703,0,0,0,0,113,0.984549,0.84621,0.987703,0,0,14.8,2,1,-0.244898,0.430027,106.9,92.7,4,-0.47925,0.743043,192.15,229.9,0,0,0,0,0
neuromorpho__n9fts.swc,2166,pyramidal,0.864554,795,1370,0,0,0,0,0,0,0,0,0,0,0,0.925126,0.0830896,0.784017,0.786038,0.794008,0.832846,0.987703,0,0,0,0.130194,0.367036,0.817195,0.786038,0,0.987703,0.987703,0,0,0,0,351,0.926875,0.784017,0.795937,0,0.108262,13,4,2,-0.233962,0.536097,190.3,229.9,3,0.0759124,0.42038,229.5,213.3,0,0,0,0,0
neuromorpho__neuron-1-2_1.swc,662,pyramidal,0.790108,0,661,0,0,0,0,0,0,0,0,0,0,0,0.90046,0.228908,0.3,0.3,0.3,0.987703,0.987703,0.126888,0.126888,0.126888,0.126888,0.126888,0,0,0,0.90031,0.3,0.12708,0,0,0,19,0.972536,0.3,0.981369,0,0.0526316,69.6,0,0,0,0,0,0,84.36,8.44464,18.7256,116.75,369.82,0,0,0,0,0
neuromorpho__neuron-1-2_4.swc,820,pyramidal,0.675982,0,573,246,0,0,0,0,0,0,0,0,0,0,0.986051,0.00259273,0.982145,0.982145,0.982145,0.982145,0.987703,0,0,0,0,0,0,0,0,0.987703,0.987703,0,0.982145,0.982145,0,41,0.98597,0.982145,0.982145,0,0,39,0,0,0,0,0,0,38.44,7.70347,8.27214,142.14,101.79,48.51,21.034,14.1249,84.31,219.53
neuromorpho__neuron-4_1.swc,1961,pyramidal,0.701602,0,1960,0,0,0,0,0,0,0,0,0,0,0,0.976091,0.0870875,0.3,0.983576,0.985272,0.987693,0.987703,0.0163182,0.0163182,0.0163182,0.0163182,0.0163182,0,0,0,0.976079,0.985272,0.0163265,0,0,0,32,0.984838,0.3,0.983576,0,0,144.9,0,0,0,0,0,0,79.4,0.63175,17.2235,127.3,209.25,0,0,0,0,0
neuromorpho__oi24rpy1-1.swc,13452,pyramidal,0.984719,7990,3883,1578,0,0,0,0,0.00597408,0,0,0,0,0,0.659834,0.342634,0.3,0.3,0.3,0.3,0.981639,0.47532,0.47532,0.47532,0.47532,0.476435,0.440879,0.3,0.797121,0.984515,0.987703,0.00463559,0.969318,0.914473,0.00443599,258,0.783808,0.3,0.3,0.294574,0.306202,103.3,0,2721.4,81.5802,534.984,1135.58,1684.76,343.12,6.4138,68.3083,336.39,351.5,276.38,-0.826553,43.7128,354.73,384.8
neuromorpho__omega-10.swc,265,pyramidal,0.991972,0,264,0,0,0,0,0,0,0,0,0,0,0,0.98775,0.000753958,0.987703,0.987703,0.987703,0.987703,0.987703,0,0,0,0,0,0,0,0,0.987703,0.987703,0,0,0,0,29,0.988127,0.987703,0.987703,0,0,18.8,0,0,0,0,0,0,0,0,0,221.17,264.54,0,0,0,0,0
neuromorpho__omega-11.swc,296,pyramidal,0.996526,0,295,0,0,0,0,0,0,0,0,0,0,0,0.987745,0.000713527,0.987703,0.987703,0.987703,0.987703,0.987703,0,0,0,0,0,0,0,0,0.987703,0.987703,0,0,0,0,41,0.988003,0.987703,0.987703,0,0,16,0,0,0,0,0,0,0,0,0,175.85,283,0,0,0,0,0
neuromorpho__omega-13.swc,208,pyramidal,0.994534,0,207,0,0,0,0,0,0,0,0,0,0,0,0.987762,0.000850575,0.987703,0.987703,0.987703,0.987703,0.987703,0,0,0,0,0,0,0,0,0.987703,0.987703,0,0,0,0,31,0.9881,0.987703,0.987703,0,0,14,0,0,0,0,0,0,0,0,0,226.71,285.57,0,0,0,0,0
neuromorpho__omega-15.swc,156,pyramidal,0.993805,0,155,0,0,0,0,0,0,0,0,0,0,0,0.987782,0.000981369,0.987703,0.987703,0.987703,0.987703,0.987703,0,0,0,0,0,0,0,0,0.987703,0.987703,0,0,0,0,14,0.988582,0.987703,0.987703,0,0,16.7,0,0,0,0,0,0,0,0,0,175.25,231.4,0,0,0,0,0
neuromorpho__omega-19.swc,317,pyramidal,0.995485,0,316,0,0,0,0,0,0,0,0,0,0,0,0.987742,0.000689565,0.987703,0.987703,0.987703,0.987703,0.987703,0,0,0,0,0,0,0,0,0.987703,0.987703,0,0,0,0,37,0.988036,0.987703,0.987703,0,0,19.4,0,0,0,0,0,0,0,0,0,267.98,334.51,0,0,0,0,0
neuromorpho__omega-2.swc,237,pyramidal,0.988664,81,155,0,0,0,0,0,0,0,0,0,0,0,0.83089,0.26856,0.3,0.3,0.3,0.844913,0.987703,0.198312,0.198312,0.198312,0.198312,0.341772,0.528729,0.3,0.580247,0.987703,0.987703,0,0,0,0,23,0.968282,0.3,0.987703,0.0434783,0.0434783,14,0,0,0,0,49.83,405.96,0,0,0,235.68,234.42,0,0,0,0,0
neuromorpho__omega-8.swc,186,pyramidal,0.992743,0,185,0,0,0,0,0,0,0,0,0,0,0,0.924915,0.198201,0.3,0.3,0.987703,0.987703,0.987703,0.0913978,0.0913978,0.0913978,0.0913978,0.0913978,0,0,0,0.924509,0.987703,0.0918919,0,0,0,13,0.971355,0.3,0.987703,0,0.0769231,21.6,0,0,0,0,0,0,0,0,0,188.87,336.09,0,0,0,0,0
neuromorpho__omega-9.swc,320,pyramidal,0.993501,0,319,0,0,0,0,0,0,0,0,0,0,0,0.979145,0.0764129,0.3,0.987703,0.987703,0.987703,0.987703,0.0125,0.0125,0.0125,0.0125,0.0125,0,0,0,0.97908,0.987703,0.0125392,0,0,0,42,0.986125,0.3,0.987703,0,0,13.9,0,0,0,0,0,0,0,0,0,231.64,328.55,0,0,0,0,0
neuromorpho__p120105-01-AAC.swc,486,pyramidal,0.963972,0,140,345,0,0,0,0,0,0,0,0,0,0,0.871398,0.253655,0.3,0.3,0.3,0.982145,0.982145,0.164609,0.164609,0.164609,0.164609,0.164609,0,0,0,0.972962,0.987692,0.0214286,0.829811,0.3,0.223188,35,0.927159,0.3,0.864007,0.0857143,0.0857143,35,-15,0,0,0,0,0,108,30.1714,31.6796,203.34,108.96,132,62.0957,29.5288,155.33,379.3
neuromorpho__p73_vGluT2-KO_IN05.swc,520,interneuron,0.895823,0,519,0,0,0,0,0,0,0,0,0,0,0,0.999667,1.46286e-05,0.999666,0.999666,0.999666,0.999666,0.999666,0,0,0,0,0,0,0,0,0.999666,0.999666,0,0,0,0,33,0.999676,0.999666,0.999666,0,0,36.6,0,0,0,0,0,0,31.77,-9.83121,7.51725,64.57,100.23,0,0,0,0,0
neuromorpho__p73_vGluT2-ctrl_IN01.swc,728,interneuron,0.885227,0,727,0,0,0,0,0,0,0,0,0,0,0,0.866874,0.274159,0.3,0.3,0.3,0.999666,0.999666,0.18956,0.18956,0.18956,0.18956,0.18956,0,0,0,0.866691,0.3,0.189821,0,0,0,34,0.865985,0.3,0.3,0.205882,0.205882,37.4,0,0,0,0,0,0,98.13,-10.9328,20.5916,252.79,441.97,0,0,0,0,0
neuromorpho__p73_vGluT2-ctrl_IN17.swc,511,interneuron,0.907634,95,415,0,0,0,0,0,0,0,0,0,0,0,0.917765,0.123634,0.590909,0.619835,0.759067,0.759067,0.999666,0,0.0176125,0.0684932,0.260274,0.268102,0.813582,0.619835,0.368421,0.941416,0.759067,0,0,0,0,28,0.881648,0.590909,0.717298,0.107143,0.392857,39.3,0,65.34,-20.3311,22.7462,39.19,24.61,51.96,-1.74386,10.6134,118.3,159.84,0,0,0,0,0
neuromorpho__p73_vGluT2-ctrl_IN19.swc,1147,interneuron,0.941377,0,1146,0,0,0,0,0,0,0,0,0,0,0,0.769088,0.328879,0.3,0.3,0.3,0.3,0.999666,0.329555,0.329555,0.329555,0.329555,0.329555,0,0,0,0.768886,0.3,0.329843,0,0,0,37,0.744541,0.3,0.3,0.351351,0.405405,74.4,0,0,0,0,0,0,81.93,-12.7261,16.7772,191.23,475.7,0,0,0,0,0
neuromorpho__pair01-09-11-C-final1.swc,2330,interneuron,0.993635,2004,325,0,0,0,0,0,0,0,0,0,0,0,0.761557,0.311181,0.3,0.3,0.3,0.3,0.969809,0.312446,0.312446,0.312446,0.312446,0.312446,0.814994,0.3,0.231537,0.431322,0.3,0.812308,0,0,0,167,0.80181,0.3,0.3,0.251497,0.257485,34.4,0,103.08,7.31315,17.3693,911.08,378.11,60.98,-16.6974,18.7084,334.35,838.12,0,0,0,0,0
neuromorpho__park-6.swc,1780,interneuron,0.812919,0,1779,0,0,0,0,0,0,0,0,0,0,0,0.940935,0.193052,0.3,0.3,0.971335,0.999666,0.999666,0.0831461,0.0831461,0.0831461,0.0831461,0.0831461,0,0,0,0.940902,0.971335,0.0831928,0,0,0,56,0.93923,0.3,0.841874,0.0714286,0.107143,76,-3.00125,0,0,0,0,0,95.41,-4.92917,20.6536,272.65,445.49,0,0,0,0,0
neuromorpho__park-7.swc,1548,interneuron,0.521141,0,1547,0,0,0,0,0,0,0,0,0,0,0,0.856047,0.216644,0.3,0.3,0.3,0.93875,0.940176,0.131783,0.131783,0.131783,0.131783,0.131783,0,0,0,0.855954,0.3,0.131868,0,0,0,46,0.900451,0.3,0.880149,0.0652174,0.0652174,70,1.0025,0,0,0,0,0,99.25,-8.90357,22.2224,280.48,503.69,0,0,0,0,0
neuromorpho__retina1_petal2_n2.swc,9553,interneuron,0.99429,6108,3444,0,0,0,0,0,0,0,0,0,0,0,0.621885,0.348636,0.3,0.3,0.3,0.3,0.3,0.53983,0.53983,0.53983,0.53983,0.53983,0.40881,0.3,0.844303,0.999666,0.999666,0,0,0,0,297,0.593675,0.3,0.3,0.579125,0.579125,56.4,0,19.6,-11.0012,4.66812,308.19,118.37,33.7,-5.44651,3.69516,62.24,81.45,0,0,0,0,0
neuromorpho__retina1_petal3_n2.swc,8856,interneuron,0.996802,6547,2308,0,0,0,0,0,0,0,0,0,0,0,0.999265,0.00349434,0.972519,0.999666,0.999666,0.999666,0.999757,0,0,0,0,0,0.999124,0.999757,0,0.999666,0.999666,0,0,0,0,353,0.999522,0.972519,0.999666,0,0,48.6,0,26.77,-6.91582,2.47578,184.88,173.05,29.84,-2.58462,6.1854,56.71,74.82,0,0,0,0,0
neuromorpho__retina1_petal3_n6.swc,9363,interneuron,0.99353,6256,3106,0,0,0,0,0,0,0,0,0,0,0,0.999636,0.00143793,0.969809,0.999666,0.999666,0.999666,0.999757,0,0,0,0,0,0.999621,0.999757,0,0.999666,0.999666,0,0,0,0,340,0.999276,0.969809,0.999666,0,0,50.2,0,15.57,-9.35151,2.81922,142.15,286.73,20.08,-0.94481,4.03321,72.97,89.87,0,0,0,0,0
neuromorpho__retina1_petal3_n7.swc,7111,interneuron,0.991338,5284,1826,0,0,0,0,0,0,0,0,0,0,0,0.999712,0.000647132,0.972519,0.999666,0.999666,0.999666,0.999757,0,0,0,0,0,0.999728,0.999757,0,0.999666,0.999666,0,0,0,0,242,0.99939,0.972519,0.999666,0,0,60.8,0,31.17,2.59274,5.58283,234.09,271.35,22.68,-6.80487,3.76948,51.96,96.33,0,0,0,0,0
neuromorpho__retina3_n1.swc,7499,interneuron,0.99028,5662,1836,0,0,0,0,0,0,0,0,0,0,0,0.594563,0.345451,0.3,0.3,0.3,0.3,0.3,0.579011,0.579011,0.579011,0.579011,0.579011,0.46313,0.3,0.766867,0.999666,0.999666,0,0,0,0,200,0.508681,0.3,0.3,0.7,0.705,69.4,0,22,0.0106482,2.74459,223.23,346.23,19.18,-3.3452,2.4943,67.17,86.35,0,0,0,0,0
neuromorpho__retina3_n4.swc,5109,interneuron,0.984643,3634,1474,0,0,0,0,0,0,0,0,0,0,0,0.672442,0.344148,0.3,0.3,0.3,0.3,0.969809,0.460364,0.460364,0.460364,0.460364,0.460364,0.539625,0.3,0.647221,0.999666,0.999666,0,0,0,0,135,0.665437,0.3,0.3,0.474074,0.481481,63.2,0,21.57,-7.76853,5.85898,321.99,185.47,18.5,-7.72694,2.89227,46.48,57.94,0,0,0,0,0
neuromorpho__retina3_n6.swc,7764,interneuron,0.991461,6276,1487,0,0,0,0,0,0,0,0,0,0,0,0.993194,0.021513,0.908046,0.933333,0.980046,0.999757,0.999757,0,0,0,0,0,0.999636,0.999757,0,0.966002,0.908046,0,0,0,0,262,0.991812,0.908046,0.971335,0,0,53.9,0,21.89,-14.3364,3.0926,264.97,267.6,24.59,-9.12074,7.00336,35.31,71.22,0,0,0,0,0
neuromorpho__retina4_petal1_n2.swc,6263,interneuron,0.993841,3336,2926,0,0,0,0,0,0,0,0,0,0,0,0.999226,0.00359204,0.969809,0.999666,0.999666,0.999666,0.999757,0,0,0,0,0,0.998863,0.999757,0,0.999639,0.999666,0,0,0,0,194,0.999191,0.969809,0.999666,0,0,63.4,0,41.27,18.8994,10.9548,225.17,181.54,29.31,0.159012,4.04773,51.43,97.31,0,0,0,0,0
neuromorpho__retina4_petal2_n2.swc,9905,interneuron,0.992071,7134,2770,0,0,0,0,0,0,0,0,0,0,0,0.582837,0.343362,0.3,0.3,0.3,0.3,0.3,0.59576,0.59576,0.59576,0.59576,0.59576,0.420932,0.3,0.827166,0.999666,0.999666,0,0,0,0,333,0.545171,0.3,0.3,0.648649,0.648649,49.8,0,29.65,18.9462,6.55503,201.43,359.04,20.97,3.38168,3.34603,54.84,84.73,0,0,0,0,0
neuromorpho__retina4_petal3_n13.swc,7221,interneuron,0.980938,4972,2248,0,0,0,0,0,0,0,0,0,0,0,0.674314,0.348614,0.3,0.3,0.3,0.3,0.999555,0.464479,0.464479,0.464479,0.464479,0.464479,0.527146,0.3,0.674578,0.999666,0.999666,0,0,0,0,190,0.62309,0.3,0.3,0.536842,0.536842,69.1,0,18.91,8.36072,4.52966,123.86,451.32,15.59,2.5775,1.93839,59.29,82.67,0,0,0,0,0
neuromorpho__retina4_petal4_n1.swc,9895,interneuron,0.993849,6518,3376,0,0,0,0,0,0,0,0,0,0,0,0.999678,0.000803385,0.980369,0.999555,0.999666,0.999666,0.999757,0,0,0,0,0,0.999683,0.999555,0,0.999666,0.999666,0,0,0,0,261,0.999646,0.980369,0.999666,0,0,75,0,29.8,-4.86993,4.26531,204.23,355,6.34,-3.7131,1.15322,86.26,120.43,0,0,0,0,0
neuromorpho__retina4_petal4_n13.swc,6126,interneuron,0.992352,1959,4166,0,0,0,0,0,0,0,0,0,0,0,0.99294,0.0169934,0.908046,0.971335,0.971335,0.999555,0.999666,0,0,0,0,0,0.998444,0.999555,0,0.99035,0.971335,0,0,0,0,159,0.994293,0.908046,0.971335,0,0,78.2,0,35.74,16.9207,9.09124,158.98,62.83,27.22,-1.62657,3.81609,184.02,105.12,0,0,0,0,0
neuromorpho__retina4_petal4_n15.swc,5296,interneuron,0.991676,1777,3518,0,0,0,0,0,0,0,0,0,0,0,0.996235,0.00877695,0.969809,0.971335,0.980369,0.999666,0.999666,0,0,0,0,0,0.99791,0.999555,0,0.995388,0.971335,0,0,0,0,167,0.99615,0.969809,0.98024,0,0,74.4,0,25.37,2.35827,7.38787,63.71,145.63,46.8,-3.60974,8.04902,66.69,101.23,0,0,0,0,0
neuromorpho__retina4_petal4_n16.swc,7027,interneuron,0.974041,2401,4625,0,0,0,0,0,0,0,0,0,0,0,0.998027,0.00538228,0.969809,0.980369,0.994705,0.999666,0.999666,0,0,0,0,0,0.996147,0.980369,0,0.999002,0.994705,0,0,0,0,189,0.998983,0.969809,0.999666,0,0,82.2,0,23.72,-10.404,5.52886,107.67,134.31,30.49,-2.26125,4.62853,87.02,147.55,0,0,0,0,0
neuromorpho__retina4_petal4_n6.swc,8642,interneuron,0.995302,6438,2203,0,0,0,0,0,0,0,0,0,0,0,0.999724,0.00048956,0.969809,0.999666,0.999666,0.999666,0.999757,0,0,0,0,0,0.999744,0.999757,0,0.999666,0.999666,0,0,0,0,255,0.99954,0.969809,0.999666,0,0,68.2,0,23.08,-4.86653,3.44605,260.25,129.6,19.45,-4.03154,2.68647,67.35,69.84,0,0,0,0,0
neuromorpho__retina5_petal1_n2.swc,3987,interneuron,0.966781,1690,2296,0,0,0,0,0,0,0,0,0,0,0,0.99341,0.0119839,0.969809,0.969809,0.969809,0.999666,0.999666,0,0,0,0,0,0.984908,0.969809,0,0.999666,0.999666,0,0,0,0,121,0.995868,0.969809,0.969809,0,0,67,0,74.72,36.262,24.6378,105.04,61.89,36.05,1.40576,6.65998,47.8,77.84,0,0,0,0,0
neuromorpho__retina5_petal1_n8.swc,9389,interneuron,0.984379,6057,3331,0,0,0,0,0,0,0,0,0,0,0,0.655174,0.349806,0.3,0.3,0.3,0.3,0.999666,0.492385,0.492385,0.492385,0.492385,0.492385,0.465667,0.3,0.763249,0.999666,0.999666,0,0,0,0,308,0.631551,0.3,0.3,0.525974,0.525974,54,0,48.87,-32.9684,12.7224,443.56,141.72,34.58,-4.53487,4.0268,66.48,90.76,0,0,0,0,0
neuromorpho__retina5_petal4_n9.swc,8524,interneuron,0.994982,6626,1897,0,0,0,0,0,0,0,0,0,0,0,0.999732,0.000326749,0.969809,0.999666,0.999666,0.999757,0.999757,0,0,0,0,0,0.999751,0.999757,0,0.999666,0.999666,0,0,0,0,294,0.999628,0.969809,0.999666,0,0,52.7,0,26.26,-0.350472,5.51126,167.97,279.73,22.9,1.11724,4.5393,60.68,64.07,0,0,0,0,0
neuromorpho__retina6_petal1_n5.swc,5503,interneuron,0.99495,4130,1372,0,0,0,0,0,0,0,0,0,0,0,0.999706,0.000749692,0.980046,0.999666,0.999666,0.999666,0.999757,0,0,0,0,0,0.999719,0.999757,0,0.999666,0.999666,0,0,0,0,163,0.99949,0.980046,0.999666,0,0,67.4,0,82.64,-39.4257,19.979,167.99,134.18,25.65,0.851421,4.28761,49.82,56.41,0,0,0,0,0
neuromorpho__retina6_petal2_n3.swc,4669,interneuron,0.989966,3195,1473,0,0,0,0,0,0,0,0,0,0,0,0.987358,0.0332912,0.759067,0.933333,0.933333,0.999666,0.999757,0,0,0,0.00920968,0.00920968,0.99957,0.999555,0,0.96086,0.908046,0,0,0,0,164,0.989981,0.759067,0.944276,0,0.00609756,52.1,0,50.4,-35.8778,10.9255,166.3,82.72,51.58,8.29755,6.92236,63.31,73.16,0,0,0,0,0
neuromorpho__retina6_petal2_n5.swc,6500,interneuron,0.995442,3544,2955,0,0,0,0,0,0,0,0,0,0,0,0.993634,0.0118142,0.933333,0.971335,0.971335,0.994705,0.999666,0,0,0,0,0,0.997374,0.980369,0,0.989147,0.971335,0,0,0,0,188,0.992359,0.933333,0.971335,0,0,72,0,16.84,3.22076,2.68529,130.57,207.42,19.11,0.620223,3.29192,46.44,99.56,0,0,0,0,0
neuromorpho__retina7_petal1_n1.swc,4787,interneuron,0.966982,2065,2721,0,0,0,0,0,0,0,0,0,0,0,0.999015,0.00362866,0.969809,0.999555,0.999666,0.999666,0.999666,0,0,0,0,0,0.998158,0.999555,0,0.999666,0.999666,0,0,0,0,139,0.999005,0.969809,0.999666,0,0,71.6,0.00333333,89.71,-42.7816,28.1235,87.11,103.57,31.99,-0.0410621,4.43904,63.31,97.31,0,0,0,0,0
neuromorpho__retina7_petal1_n3.swc,4264,interneuron,0.96175,2114,2149,0,0,0,0,0,0,0,0,0,0,0,0.987845,0.0139839,0.969809,0.969809,0.969809,0.969809,0.999666,0,0,0,0,0,0.975822,0.969809,0,0.999666,0.999666,0,0,0,0,122,0.990634,0.969809,0.969809,0,0,65.7,0,79.79,49.1045,24.4297,97.97,118.04,23.98,3.38659,4.52574,59.47,60.74,0,0,0,0,0
neuromorpho__retina7_petal2_n1.swc,6591,interneuron,0.9833,4570,2020,0,0,0,0,0,0,0,0,0,0,0,0.999673,0.00119525,0.969809,0.999666,0.999666,0.999666,0.999757,0,0,0,0,0,0.999675,0.999757,0,0.999666,0.999666,0,0,0,0,210,0.999176,0.969809,0.999666,0,0,65,0,79.12,56.2608,20.3448,130.76,310.43,36.56,2.16769,5.38824,42.66,79.51,0,0,0,0,0
neuromorpho__retina7_petal3_n1.swc,6793,interneuron,0.994966,4432,2360,0,0,0,0,0,0,0,0,0,0,0,0.999725,4.43791e-05,0.999555,0.999666,0.999666,0.999666,0.999757,0,0,0,0,0,0.999757,0.999757,0,0.999666,0.999666,0,0,0,0,233,0.999722,0.999555,0.999666,0,0,58.8,0,50.58,-30.4119,12.376,164.35,157.01,39.95,-1.53434,7.966,60.77,65.38,0,0,0,0,0
neuromorpho__retina7_petal3_n11.swc,2707,interneuron,0.934282,1478,1228,0,0,0,0,0,0,0,0,0,0,0,0.985971,0.0134381,0.969809,0.969809,0.969809,0.972519,0.980369,0,0,0,0,0,0.974584,0.969809,0,0.999666,0.999666,0,0,0,0,98,0.988634,0.969809,0.969809,0,0,56.5,0,59.57,-20.4798,13.9367,49.18,69.21,23.67,0.122215,4.9829,49.05,49.14,0,0,0,0,0
neuromorpho__retina7_petal3_n12.swc,4017,interneuron,0.994722,2360,1656,0,0,0,0,0,0,0,0,0,0,0,0.996244,0.00903722,0.969809,0.969809,0.980046,0.999666,0.999666,0,0,0,0,0,0.993841,0.969809,0,0.999666,0.999666,0,0,0,0,133,0.998966,0.969809,0.999666,0,0,56,0,95.25,-62.2977,26.6253,111.48,61.74,33.9,0.622126,6.38275,66.21,71.11,0,0,0,0,0
neuromorpho__retina7_petal3_n8.swc,5674,interneuron,0.986999,4344,1329,0,0,0,0,0,0,0,0,0,0,0,0.99856,0.00550983,0.969809,0.999555,0.999666,0.999666,0.999757,0,0,0,0,0,0.998221,0.999757,0,0.999666,0.999666,0,0,0,0,170,0.998324,0.969809,0.999666,0,0,69,-0.00333333,197.58,125.685,66.9637,160.97,209.55,34.96,1.10223,5.44359,57.81,32.25,0,0,0,0,0
neuromorpho__retina7_petal4_n1.swc,4173,interneuron,0.877096,1864,2308,0,0,0,0,0,0,0,0,0,0,0,0.998549,0.00559373,0.969809,0.999666,0.999666,0.999666,0.999666,0,0,0,0,0,0.997165,0.999555,0,0.999666,0.999666,0,0,0,0,117,0.998653,0.969809,0.999666,0,0,76.2,0,48.96,-11.558,9.2159,65.27,89.8,37.37,2.48535,6.76265,48.31,74.69,0,0,0,0,0
neuromorpho__rod-cnf-25.swc,53,pyramidal,0.783286,0,52,0,0,0,0,0,0,0,0,0,0,0,0.987247,0.00207344,0.9841,0.985272,0.985703,0.985703,0.987703,0,0,0,0,0,0,0,0,0.987001,0.985703,0,0,0,0,12,0.988058,0.9841,0.985315,0,0,10.5,0,0,0,0,0,0,10.89,2.09423,4.2919,73.62,173.78,0,0,0,0,0
neuromorpho__rod-cnf-4.swc,112,pyramidal,0.991313,0,111,0,0,0,0,0,0,0,0,0,0,0,0.987813,0.00115674,0.987703,0.987703,0.987703,0.987703,0.987703,0,0,0,0,0,0,0,0,0.987703,0.987703,0,0,0,0,13,0.988649,0.987703,0.987703,0,0,19,0,0,0,0,0,0,0,0,0,116.86,168.51,0,0,0,0,0
neuromorpho__sc17.swc,166,interneuron,0.972683,0,165,0,0,0,0,0,0,0,0,0,0,0,0.999608,0.00054207,0.994705,0.999666,0.999666,0.999666,0.999666,0,0,0,0,0,0,0,0,0.999606,0.999666,0,0,0,0,48,0.99957,0.994705,0.999666,0,0,6,0,0,0,0,0,0,16.07,1.87624,3.88425,52.55,51.51,0,0,0,0,0
neuromorpho__sec-14.swc,346,interneuron,0.703193,106,239,0,0,0,0,0,0,0,0,0,0,0,0.996906,0.00834875,0.969809,0.970487,0.989962,0.999666,0.999666,0,0,0,0,0,0.990655,0.969809,0,0.999666,0.999666,0,0,0,0,94,0.995463,0.969809,0.972519,0,0,7,0,25.51,1.42179,7.10311,136.8,137.6,32.35,2.7854,6.23355,248.57,255.19,0,0,0,0,0
neuromorpho__sec-6.swc,387,interneuron,0.919445,149,237,0,0,0,0,0,0,0,0,0,0,0,0.995815,0.00913078,0.969809,0.972519,0.980369,0.999666,0.999666,0,0,0,0,0,0.989662,0.972519,0,0.999666,0.999666,0,0,0,0,92,0.99655,0.969809,0.980369,0,0,8,0,22.52,5.63349,7.08479,228.84,113.54,37.51,8.78544,7.21816,213.17,296.08,0,0,0,0,0
neuromorpho__sham-6.swc,2962,interneuron,0.964128,0,2961,0,0,0,0,0,0,0,0,0,0,0,0.947502,0.151767,0.3,0.3,0.971335,0.971335,0.971335,0.0513167,0.0513167,0.0513167,0.0546928,0.0546928,0,0,0,0.947485,0.971335,0.051334,0,0,0,106,0.949288,0.3,0.955227,0.0377358,0.0471698,60,0.98875,0,0,0,0,0,46.45,1.59514,8.89316,407.37,461.56,0,0,0,0,0
neuromorpho__sigma.swc,143,pyramidal,0.985579,0,142,0,0,0,0,0,0,0,0,0,0,0,0.987789,0.00102471,0.987703,0.987703,0.987703,0.987703,0.987703,0,0,0,0,0,0,0,0,0.987703,0.987703,0,0,0,0,16,0.988472,0.987703,0.987703,0,0,16.5,0,0,0,0,0,0,0,0,0,176.36,275.25,0,0,0,0,0
neuromorpho__tom-1.swc,194,pyramidal,0.986611,0,193,0,0,0,0,0,0,0,0,0,0,0,0.987767,0.000880578,0.987703,0.987703,0.987703,0.987703,0.987703,0,0,0,0,0,0,0,0,0.987703,0.987703,0,0,0,0,14,0.988582,0.987703,0.987703,0,0,24,0,0,0,0,0,0,0,0,0,210.67,244.18,0,0,0,0,0
neuromorpho__tom-3.swc,160,pyramidal,0.992011,0,159,0,0,0,0,0,0,0,0,0,0,0,0.98778,0.000969102,0.987703,0.987703,0.987703,0.987703,0.987703,0,0,0,0,0,0,0,0,0.987703,0.987703,0,0,0,0,12,0.988728,0.987703,0.987703,0,0,22.9,0,0,0,0,0,0,0,0,0,241.83,320.14,0,0,0,0,0
neuromorpho__traced-WT-Female-cortex-122-2b.swc,78,pyramidal,0.957161,0,77,0,0,0,0,0,0,0,0,0,0,0,0.987861,0.00138338,0.987703,0.987703,0.987703,0.987703,0.987703,0,0,0,0,0,0,0,0,0.987703,0.987703,0,0,0,0,17,0.988427,0.987703,0.987703,0,0,8.8,0,0,0,0,0,0,16.94,-0.724935,3.77647,59.02,141.04,0,0,0,0,0
neuromorpho__traced-WT-Female-cortex-122-5.swc,92,pyramidal,0.990615,0,91,0,0,0,0,0,0,0,0,0,0,0,0.987837,0.00127504,0.987703,0.987703,0.987703,0.987703,0.987703,0,0,0,0,0,0,0,0,0.987703,0.987703,0,0,0,0,28,0.988142,0.987703,0.987703,0,0,6,0,0,0,0,0,0,50.89,-3.56088,18.6328,75.75,95,0,0,0,0,0
neuromorpho__traced-WT-Female-cortex-146-6.swc,58,pyramidal,0.944866,0,57,0,0,0,0,0,0,0,0,0,0,0,0.987915,0.00160066,0.987703,0.987703,0.987703,0.987703,0.987703,0,0,0,0,0,0,0,0,0.987703,0.987703,0,0,0,0,21,0.988289,0.987703,0.987703,0,0,6,0,0,0,0,0,0,19.36,-1.99596,6.3529,32.52,126.72,0,0,0,0,0
neuromorpho__traced-WT-Female-cortex-152-4.swc,81,pyramidal,0.990431,0,80,0,0,0,0,0,0,0,0,0,0,0,0.987855,0.00135785,0.987703,0.987703,0.987703,0.987703,0.987703,0,0,0,0,0,0,0,0,0.987703,0.987703,0,0,0,0,20,0.988318,0.987703,0.987703,0,0,9.1,0,0,0,0,0,0,52.71,0.400125,16.2284,116.66,167.16,0,0,0,0,0
neuromorpho__traced-WT-Female-cortex-181-6.swc,53,pyramidal,0.994922,0,52,0,0,0,0,0,0,0,0,0,0,0,0.987935,0.00167308,0.987703,0.987703,0.987703,0.987703,0.987703,0,0,0,0,0,0,0,0,0.987703,0.987703,0,0,0,0,16,0.988472,0.987703,0.987703,0,0,5.5,0,0,0,0,0,0,56.04,-6.07942,14.3944,81.88,134.38,0,0,0,0,0
neuromorpho__traced-WT-Female-cortex-96-1.swc,133,pyramidal,0.984888,0,132,0,0,0,0,0,0,0,0,0,0,0,0.987796,0.00106225,0.987703,0.987703,0.987703,0.987703,0.987703,0,0,0,0,0,0,0,0,0.987703,0.987703,0,0,0,0,29,0.988127,0.987703,0.987703,0,0,9.4,0,0,0,0,0,0,49.07,-13.2589,12.1649,127.13,160.42,0,0,0,0,0
neuromorpho__traced-WT-male-cortex-124-1.swc,95,pyramidal,0.982817,0,94,0,0,0,0,0,0,0,0,0,0,0,0.987833,0.00125496,0.987703,0.987703,0.987703,0.987703,0.987703,0,0,0,0,0,0,0,0,0.987703,0.987703,0,0,0,0,18,0.988386,0.987703,0.987703,0,0,11.6,0,0,0,0,0,0,49.38,10.6487,13.933,87.87,208.55,0,0,0,0,0
neuromorpho__traced-WT-male-cortex-124-5.swc,99,pyramidal,0.987028,0,98,0,0,0,0,0,0,0,0,0,0,0,0.987827,0.00122961,0.987703,0.987703,0.987703,0.987703,0.987703,0,0,0,0,0,0,0,0,0.987703,0.987703,0,0,0,0,31,0.9881,0.987703,0.987703,0,0,6,0,0,0,0,0,0,48.45,-14.25,14.1474,97.65,152.23,0,0,0,0,0
neuromorpho__traced-WT-male-cortex-147-10.swc,66,pyramidal,0.979484,0,65,0,0,0,0,0,0,0,0,0,0,0,0.98789,0.00150212,0.987703,0.987703,0.987703,0.987703,0.987703,0,0,0,0,0,0,0,0,0.987703,0.987703,0,0,0,0,14,0.988582,0.987703,0.987703,0,0,7.4,0,0,0,0,0,0,30.29,3.33831,8.40105,59.82,126.17,0,0,0,0,0
neuromorpho__traced-WT-male-cortex-147-8c.swc,75,pyramidal,0.987882,0,74,0,0,0,0,0,0,0,0,0,0,0,0.987867,0.00141041,0.987703,0.987703,0.987703,0.987703,0.987703,0,0,0,0,0,0,0,0,0.987703,0.987703,0,0,0,0,18,0.988386,0.987703,0.987703,0,0,11,0,0,0,0,0,0,50,11.8966,13.682,114.12,182.86,0,0,0,0,0
neuromorpho__veh02.swc,53,pyramidal,0.941625,4,48,0,0,0,0,0,0,0,0,0,0,0,0.96039,0.0964887,0.622731,0.622731,0.987703,0.987703,0.987703,0,0,0.0754717,0.0754717,0.0754717,0.622731,0.622731,1,0.987703,0.987703,0,0,0,0,10,0.879441,0.622731,0.622731,0.3,0.3,11.3,0,0,0,0,25.03,27.6,6.28,-3.82812,1.97657,16.6,61.95,0,0,0,0,0
neuromorpho__wt20x-10.swc,196,pyramidal,0.989887,0,93,102,0,0,0,0,0,0,0,0,0,0,0.974128,0.0841099,0.3,0.981148,0.981474,0.981639,0.981639,0.0153061,0.0153061,0.0153061,0.0153061,0.0153061,0,0,0,0.987703,0.987703,0,0.961496,0.981148,0.0294118,46,0.982514,0.3,0.981474,0,0,11,0,0,0,0,0,0,27,6.25806,6.292,263.41,210.72,32,-4.57843,7.12278,150.03,409.58
neuromorpho__wt20x-13.swc,262,pyramidal,0.985485,0,175,86,0,0,0,0,0,0,0,0,0,0,0.985926,0.0027493,0.982145,0.982145,0.982145,0.982145,0.987703,0,0,0,0,0,0,0,0,0.987703,0.987703,0,0.982145,0.982145,0,67,0.986311,0.982145,0.982145,0,0,9.4,0,0,0,0,0,0,74,-3.82286,14.4992,405.2,216.22,64,-3,15.4536,142.85,404.29
neuromorpho__wt20x-17.swc,128,pyramidal,0.986966,6,66,55,0,0,0,0,0,0,0,0,0,0,0.8009,0.301577,0.3,0.3,0.3,0.3,0.987703,0.265625,0.265625,0.265625,0.265625,0.265625,0.920454,0.920454,0,0.987703,0.987703,0,0.560075,0.3,0.618182,35,0.940966,0.3,0.944731,0.0571429,0.0857143,6,0,1,-1.33333,0.471405,80.91,46.05,17,-6.67136,4.45332,184.81,128.4,14,-3.63636,4.24848,34.71,514.45
neuromorpho__wt20x-18.swc,165,pyramidal,0.993064,8,44,112,0,0,0,0,0,0,0,0,0,0,0.815877,0.288524,0.3,0.3,0.3,0.84621,0.982145,0.236364,0.236364,0.236364,0.236364,0.284848,0.84621,0.84621,0,0.987703,0.987703,0,0.744563,0.3,0.348214,44,0.94887,0.3,0.981639,0.0454545,0.0454545,7.7,0,9,-17.25,3.89711,48.69,71.6,24,-9.29545,5.25953,166.71,114.9,37,-4.22321,8.91699,151.1,627.61
