file,cell_type_gt,held_out_F1,in_bottom,n_categories,categories
neuromorpho__GGN_20170309_sc.swc,interneuron,0.0,yes,1,BASAL_LOST
neuromorpho__170321_1.swc,interneuron,0.0,yes,1,BASAL_LOST
neuromorpho__n423.swc,pyramidal,0.0,yes,4,APICAL_MISSED|APICAL_UNDERPREDICTED|APICAL_INVERTED|BASAL_LOST
neuromorpho__3PO3_5.swc,pyramidal,0.0,yes,3,APICAL_MISSED|APICAL_UNDERPREDICTED|AXON_DENDRITE_CONFUSION
neuromorpho__110E_1_L_Ngr2KO_1.swc,pyramidal,0.0,yes,3,APICAL_MISSED|APICAL_UNDERPREDICTED|STAGE1_PROPAGATION
neuromorpho__10month-Arctic-C5aR1-KO-52280-LR_4.swc,pyramidal,0.0,yes,4,APICAL_MISSED|APICAL_UNDERPREDICTED|APICAL_INVERTED|TRUNCATED_APICAL
neuromorpho__cIN-1360-nrn-ns-111206-transl-invX-scaled-straightened.swc,interneuron,0.0,yes,2,AXON_DENDRITE_CONFUSION|STAGE1_PROPAGATION
neuromorpho__C912-WT-basal-2.swc,pyramidal,0.0,yes,1,BASAL_LOST
neuromorpho__C1042-whole-2.swc,pyramidal,0.0,yes,3,APICAL_MISSED|APICAL_UNDERPREDICTED|BASAL_LOST
neuromorpho__hippo-104-6.swc,pyramidal,0.0,yes,1,BASAL_LOST
neuromorpho__WT2-Neuron-3.swc,pyramidal,0.0,yes,2,AXON_DENDRITE_CONFUSION|STAGE1_PROPAGATION
neuromorpho__SW150113-01RabiesPHALPFC_x772_y876_z296_14.swc,pyramidal,0.0255,yes,1,BASAL_LOST
neuromorpho__interneuronEX.swc,interneuron,0.0561,yes,2,AXON_DENDRITE_CONFUSION|BASAL_LOST
neuromorpho__242-2-24VN.swc,pyramidal,0.0606,yes,1,BASAL_LOST
neuromorpho__PDE1c_vGluT2-ctrl_IN08.swc,interneuron,0.0674,yes,2,BASAL_LOST|STAGE1_PROPAGATION
neuromorpho__WT_1_3.swc,pyramidal,0.07,yes,4,APICAL_MISSED|APICAL_UNDERPREDICTED|AXON_DENDRITE_CONFUSION|BASAL_LOST
neuromorpho__170313_2.swc,interneuron,0.0794,yes,1,BASAL_LOST
neuromorpho__11220c3.swc,pyramidal,0.0911,yes,5,APICAL_MISSED|APICAL_UNDERPREDICTED|BASAL_LOST|TRUNCATED_APICAL|STAGE1_PROPAGATION
neuromorpho__p120107-07-AAC.swc,interneuron,0.096,yes,2,BASAL_LOST|STAGE1_PROPAGATION
neuromorpho__Nov-9-IR-1-4d-40x-low-res.swc,pyramidal,0.1026,yes,6,APICAL_MISSED|APICAL_UNDERPREDICTED|APICAL_INVERTED|BASAL_LOST|TRUNCATED_APICAL|STAGE1_PROPAGATION
neuromorpho__AINL.swc,interneuron,0.1111,yes,2,AXON_DENDRITE_CONFUSION|BASAL_LOST
neuromorpho__242-1-13VN.swc,pyramidal,0.1164,yes,4,APICAL_MISSED|APICAL_UNDERPREDICTED|AXON_DENDRITE_CONFUSION|BASAL_LOST
neuromorpho__241-2-15VN.swc,pyramidal,0.1234,yes,1,BASAL_LOST
neuromorpho__Jul26-IR2-2H.swc,pyramidal,0.1239,yes,4,APICAL_MISSED|APICAL_UNDERPREDICTED|BASAL_LOST|STAGE1_PROPAGATION
neuromorpho__A627_NeuronA_40x_Tile_Trace_RK.swc,pyramidal,0.1273,yes,3,APICAL_MISSED|APICAL_UNDERPREDICTED|BASAL_LOST
neuromorpho__241-1-22-AW.swc,pyramidal,0.1354,yes,5,APICAL_MISSED|APICAL_UNDERPREDICTED|APICAL_INVERTED|AXON_DENDRITE_CONFUSION|BASAL_LOST
neuromorpho__m3s4s4b-med-deep.swc,pyramidal,0.1434,yes,5,APICAL_MISSED|APICAL_UNDERPREDICTED|BASAL_LOST|TRUNCATED_APICAL|STAGE1_PROPAGATION
neuromorpho__060a000002.swc,interneuron,0.1444,yes,1,BASAL_LOST
neuromorpho__Green_4weeks_Neuron11.swc,pyramidal,0.1481,yes,1,BASAL_LOST
neuromorpho__WT3-neuron8.swc,pyramidal,0.151,yes,3,AXON_DENDRITE_CONFUSION|BASAL_LOST|STAGE1_PROPAGATION
neuromorpho__B913_NeuronC_40x_Tile_Trace_MK.swc,pyramidal,0.1564,yes,3,APICAL_MISSED|APICAL_UNDERPREDICTED|BASAL_LOST
neuromorpho__389-01-01.swc,pyramidal,0.1652,yes,3,AXON_DENDRITE_CONFUSION|BASAL_LOST|STAGE1_PROPAGATION
neuromorpho__10331c1.swc,pyramidal,0.1752,yes,4,APICAL_MISSED|APICAL_UNDERPREDICTED|AXON_DENDRITE_CONFUSION|STAGE1_PROPAGATION
neuromorpho__236-1-12LS.swc,pyramidal,0.1867,yes,2,AXON_DENDRITE_CONFUSION|BASAL_LOST
neuromorpho__3PO1_1.swc,pyramidal,0.1882,yes,3,APICAL_MISSED|APICAL_UNDERPREDICTED|AXON_DENDRITE_CONFUSION
neuromorpho__20171012A01.swc,pyramidal,0.1935,yes,5,APICAL_MISSED|APICAL_UNDERPREDICTED|APICAL_INVERTED|AXON_DENDRITE_CONFUSION|STAGE1_PROPAGATION
neuromorpho__10n12c1.swc,pyramidal,0.1962,yes,4,APICAL_MISSED|APICAL_UNDERPREDICTED|AXON_DENDRITE_CONFUSION|STAGE1_PROPAGATION
neuromorpho__AAS3.swc,interneuron,0.1978,yes,1,BASAL_LOST
neuromorpho__236-3-64LS.swc,pyramidal,0.2028,yes,1,BASAL_LOST
neuromorpho__SstCre_cell7.swc,pyramidal,0.2046,yes,4,APICAL_MISSED|APICAL_UNDERPREDICTED|AXON_DENDRITE_CONFUSION|STAGE1_PROPAGATION
neuromorpho__KO1-4-3-9.swc,pyramidal,0.2047,yes,6,APICAL_MISSED|APICAL_UNDERPREDICTED|APICAL_INVERTED|AXON_DENDRITE_CONFUSION|TRUNCATED_APICAL|STAGE1_PROPAGATION
neuromorpho__X046_S1_Z2_C05.swc,pyramidal,0.2052,yes,4,APICAL_OVERPREDICTED|APICAL_INVERTED|BASAL_LOST|TRUNCATED_APICAL
neuromorpho__1071-1-Sec5-LTL1.swc,pyramidal,0.2063,yes,1,BASAL_LOST
neuromorpho__236-2-36LS.swc,pyramidal,0.2077,yes,1,BASAL_LOST
neuromorpho__10o27c3.swc,pyramidal,0.2114,yes,5,APICAL_MISSED|APICAL_UNDERPREDICTED|AXON_DENDRITE_CONFUSION|TRUNCATED_APICAL|STAGE1_PROPAGATION
neuromorpho__389-02-02A.swc,pyramidal,0.2123,yes,6,APICAL_MISSED|APICAL_UNDERPREDICTED|APICAL_INVERTED|AXON_DENDRITE_CONFUSION|TRUNCATED_APICAL|STAGE1_PROPAGATION
neuromorpho__C4_3.swc,pyramidal,0.2126,yes,2,APICAL_OVERPREDICTED|AXON_DENDRITE_CONFUSION
neuromorpho__KOA-2-13-7.swc,pyramidal,0.2136,yes,3,APICAL_MISSED|APICAL_UNDERPREDICTED|AXON_DENDRITE_CONFUSION
neuromorpho__Delayed3_4197_neurobiotin_TH.swc,interneuron,0.2149,yes,2,AXON_DENDRITE_CONFUSION|BASAL_LOST
neuromorpho__B110430PYR.swc,pyramidal,0.2174,yes,4,APICAL_MISSED|APICAL_UNDERPREDICTED|AXON_DENDRITE_CONFUSION|STAGE1_PROPAGATION
neuromorpho__242-2-34LU.swc,pyramidal,0.2192,yes,3,APICAL_MISSED|APICAL_UNDERPREDICTED|BASAL_LOST
neuromorpho__Green_2weeks_Neuron10add'l.swc,pyramidal,0.2222,yes,1,BASAL_LOST
neuromorpho__241-3-43LU.swc,pyramidal,0.2317,yes,3,APICAL_UNDERPREDICTED|APICAL_INVERTED|AXON_DENDRITE_CONFUSION
neuromorpho__243-3-42VN.swc,pyramidal,0.2317,yes,3,APICAL_MISSED|APICAL_UNDERPREDICTED|AXON_DENDRITE_CONFUSION
neuromorpho__241-2-88LU.swc,pyramidal,0.2347,yes,3,APICAL_MISSED|APICAL_UNDERPREDICTED|AXON_DENDRITE_CONFUSION
neuromorpho__236-3-32LS.swc,pyramidal,0.2356,yes,4,APICAL_MISSED|APICAL_UNDERPREDICTED|APICAL_INVERTED|AXON_DENDRITE_CONFUSION
hpf_ca1__202224_002_edited.swc,pyramidal,0.2363,yes,2,AXON_DENDRITE_CONFUSION|BASAL_LOST
neuromorpho__3PO2_2.swc,pyramidal,0.2369,yes,3,APICAL_MISSED|APICAL_UNDERPREDICTED|AXON_DENDRITE_CONFUSION
neuromorpho__C3_3.swc,pyramidal,0.2411,yes,3,APICAL_MISSED|APICAL_UNDERPREDICTED|AXON_DENDRITE_CONFUSION
neuromorpho__WT3-neuron3.swc,pyramidal,0.244,yes,6,APICAL_MISSED|APICAL_UNDERPREDICTED|APICAL_INVERTED|AXON_DENDRITE_CONFUSION|TRUNCATED_APICAL|STAGE1_PROPAGATION
neuromorpho__559-1-R1.swc,pyramidal,0.2468,yes,1,AXON_DENDRITE_CONFUSION
neuromorpho__11_06_13_-2_Cell_-4.swc,pyramidal,0.2484,yes,4,APICAL_MISSED|APICAL_UNDERPREDICTED|APICAL_INVERTED|AXON_DENDRITE_CONFUSION
neuromorpho__243-3-19VN.swc,pyramidal,0.2504,yes,1,AXON_DENDRITE_CONFUSION
neuromorpho__05a_pyramidal10aACC.swc,pyramidal,0.2505,yes,4,APICAL_MISSED|APICAL_UNDERPREDICTED|TRUNCATED_APICAL|STAGE1_PROPAGATION
neuromorpho__retina6_petal1_n1.swc,interneuron,0.252,yes,1,AXON_DENDRITE_CONFUSION
neuromorpho__20180207A01.swc,pyramidal,0.2533,yes,5,APICAL_MISSED|APICAL_UNDERPREDICTED|APICAL_INVERTED|TRUNCATED_APICAL|STAGE1_PROPAGATION
neuromorpho__iPRCp_05.swc,pyramidal,0.2562,yes,0,
neuromorpho__mPFC_w1_L3_01.swc,pyramidal,0.257,yes,2,APICAL_OVERPREDICTED|AXON_DENDRITE_CONFUSION
neuromorpho__11713c2.swc,pyramidal,0.2608,yes,2,AXON_DENDRITE_CONFUSION|STAGE1_PROPAGATION
neuromorpho__KO1-4-1-3.swc,pyramidal,0.2655,yes,5,APICAL_MISSED|APICAL_UNDERPREDICTED|APICAL_INVERTED|AXON_DENDRITE_CONFUSION|TRUNCATED_APICAL
neuromorpho__X043_S4_Z5_C02.swc,pyramidal,0.2659,yes,2,APICAL_INVERTED|TRUNCATED_APICAL
neuromorpho__171108-5.swc,interneuron,0.266,yes,1,AXON_DENDRITE_CONFUSION
neuromorpho__822.swc,interneuron,0.2674,yes,1,AXON_DENDRITE_CONFUSION
neuromorpho__C2_5.swc,pyramidal,0.2688,yes,3,APICAL_MISSED|APICAL_UNDERPREDICTED|AXON_DENDRITE_CONFUSION
neuromorpho__X043_S5_Z2_C05_20x.swc,pyramidal,0.2688,yes,3,APICAL_OVERPREDICTED|APICAL_INVERTED|TRUNCATED_APICAL
neuromorpho__Cell42.swc,interneuron,0.2727,yes,2,AXON_DENDRITE_CONFUSION|BASAL_LOST
neuromorpho__241-2-2VN.swc,pyramidal,0.2735,yes,3,APICAL_UNDERPREDICTED|APICAL_INVERTED|AXON_DENDRITE_CONFUSION
neuromorpho__Anstoetz_Toolbox-IN15.swc,interneuron,0.2782,yes,1,AXON_DENDRITE_CONFUSION
neuromorpho__802s1c1.swc,pyramidal,0.2795,yes,6,APICAL_MISSED|APICAL_UNDERPREDICTED|APICAL_INVERTED|AXON_DENDRITE_CONFUSION|TRUNCATED_APICAL|STAGE1_PROPAGATION
neuromorpho__AAS15.swc,interneuron,0.2809,yes,2,BASAL_LOST|STAGE1_PROPAGATION
neuromorpho__241-3-33LU.swc,pyramidal,0.2834,yes,4,APICAL_MISSED|APICAL_UNDERPREDICTED|APICAL_INVERTED|AXON_DENDRITE_CONFUSION
neuromorpho__2-ENU2-veichle-neuron1_2.swc,pyramidal,0.2836,yes,5,APICAL_MISSED|APICAL_UNDERPREDICTED|APICAL_INVERTED|TRUNCATED_APICAL|STAGE1_PROPAGATION
neuromorpho__I5-19.swc,pyramidal,0.2848,yes,6,APICAL_MISSED|APICAL_UNDERPREDICTED|APICAL_INVERTED|AXON_DENDRITE_CONFUSION|TRUNCATED_APICAL|STAGE1_PROPAGATION
neuromorpho__241-3-42LU.swc,pyramidal,0.2857,yes,1,AXON_DENDRITE_CONFUSION
neuromorpho__242-1-16VN.swc,pyramidal,0.2862,yes,3,APICAL_MISSED|APICAL_UNDERPREDICTED|AXON_DENDRITE_CONFUSION
neuromorpho__560-3-R1.swc,pyramidal,0.2865,yes,2,APICAL_MISSED|APICAL_UNDERPREDICTED
neuromorpho__236-2a-16-AW.swc,pyramidal,0.2898,yes,1,AXON_DENDRITE_CONFUSION
neuromorpho__Cell22.swc,interneuron,0.2932,yes,1,AXON_DENDRITE_CONFUSION
neuromorpho__A627_NeuronB_40x_Tile_Trace_MK.swc,pyramidal,0.2933,yes,2,APICAL_MISSED|APICAL_UNDERPREDICTED
neuromorpho__Anstoetz_O-LM_IN1.swc,interneuron,0.2937,yes,2,BASAL_LOST|STAGE1_PROPAGATION
neuromorpho__B2_slide3_neuron3.swc,pyramidal,0.3,yes,2,APICAL_UNDERPREDICTED|APICAL_INVERTED
neuromorpho__A1_slide3_5.swc,pyramidal,0.3016,yes,5,APICAL_MISSED|APICAL_UNDERPREDICTED|APICAL_INVERTED|AXON_DENDRITE_CONFUSION|TRUNCATED_APICAL
neuromorpho__dIN-1354-nrn-ns-100902-transl-invX-scaled-straightened.swc,interneuron,0.302,yes,5,APICAL_MISSED|APICAL_UNDERPREDICTED|AXON_DENDRITE_CONFUSION|BASAL_LOST|TRUNCATED_APICAL
neuromorpho__241-2-93LU.swc,pyramidal,0.3088,yes,1,APICAL_OVERPREDICTED
neuromorpho__m3s4s4t-vp-mid.swc,pyramidal,0.3089,yes,4,APICAL_MISSED|APICAL_UNDERPREDICTED|TRUNCATED_APICAL|STAGE1_PROPAGATION
neuromorpho__207B-2-R2.swc,pyramidal,0.3093,yes,3,APICAL_MISSED|APICAL_UNDERPREDICTED|TRUNCATED_APICAL
neuromorpho__236-1-10LS.swc,pyramidal,0.3099,yes,2,APICAL_MISSED|APICAL_UNDERPREDICTED
neuromorpho__Fig5a_8cell.swc,pyramidal,0.3108,yes,4,APICAL_MISSED|APICAL_UNDERPREDICTED|APICAL_INVERTED|STAGE1_PROPAGATION
neuromorpho__retina1_petal1_n2.swc,interneuron,0.3165,yes,1,AXON_DENDRITE_CONFUSION
neuromorpho__B2_slide3_14.swc,pyramidal,0.3201,yes,4,APICAL_MISSED|APICAL_UNDERPREDICTED|APICAL_INVERTED|AXON_DENDRITE_CONFUSION
neuromorpho__B2_slide3_8.swc,pyramidal,0.3223,yes,4,APICAL_MISSED|APICAL_UNDERPREDICTED|AXON_DENDRITE_CONFUSION|TRUNCATED_APICAL
neuromorpho__1128-2-Sec1-BSL2.swc,pyramidal,0.3229,yes,3,APICAL_MISSED|APICAL_UNDERPREDICTED|APICAL_INVERTED
neuromorpho__KO5-Neuron6.swc,pyramidal,0.3231,yes,1,AXON_DENDRITE_CONFUSION
neuromorpho__236-3-47LS.swc,pyramidal,0.3263,yes,1,AXON_DENDRITE_CONFUSION
neuromorpho__72715-V1-5Slice4Cell1.swc,pyramidal,0.3269,yes,3,APICAL_MISSED|APICAL_UNDERPREDICTED|TRUNCATED_APICAL
neuromorpho__236-3-51LS.swc,pyramidal,0.3282,yes,4,APICAL_MISSED|APICAL_UNDERPREDICTED|APICAL_INVERTED|AXON_DENDRITE_CONFUSION
neuromorpho__B1_slide1_6.swc,pyramidal,0.3289,yes,5,APICAL_MISSED|APICAL_UNDERPREDICTED|APICAL_INVERTED|AXON_DENDRITE_CONFUSION|TRUNCATED_APICAL
hpf_ca1__210107_029_edited.swc,pyramidal,0.3333,yes,3,APICAL_UNDERPREDICTED|APICAL_INVERTED|AXON_DENDRITE_CONFUSION
neuromorpho__A586_NeuronC_40x_Tile_Trace_MK.swc,pyramidal,0.3339,yes,2,APICAL_MISSED|APICAL_UNDERPREDICTED
neuromorpho__A4_slide3_19.swc,pyramidal,0.3417,yes,2,AXON_DENDRITE_CONFUSION|BASAL_LOST
neuromorpho__2017-24-02-slice-3-cell-2-rotated.swc,interneuron,0.343,yes,1,AXON_DENDRITE_CONFUSION
neuromorpho__Layer-2-3-Ethanol-8.swc,pyramidal,0.3455,yes,2,APICAL_UNDERPREDICTED|APICAL_INVERTED
neuromorpho__T84_NeuronC_Tile_Trace_MB.swc,pyramidal,0.3456,yes,3,APICAL_MISSED|APICAL_UNDERPREDICTED|TRUNCATED_APICAL
hpf_ca1__210013_013_edited.swc,pyramidal,0.3498,yes,2,APICAL_MISSED|APICAL_UNDERPREDICTED
neuromorpho__2016-30-09-slice-4-cell-8-rotated.swc,interneuron,0.3517,yes,1,AXON_DENDRITE_CONFUSION
neuromorpho__Mouse-CA2-Ma-Pyramidal-Cell.swc,pyramidal,0.3536,yes,3,APICAL_MISSED|APICAL_UNDERPREDICTED|STAGE1_PROPAGATION
neuromorpho__06b_pyramidal10aFI.swc,pyramidal,0.354,yes,3,APICAL_MISSED|APICAL_UNDERPREDICTED|STAGE1_PROPAGATION
neuromorpho__august5s1-cell-1.swc,pyramidal,0.3541,yes,4,APICAL_MISSED|APICAL_UNDERPREDICTED|TRUNCATED_APICAL|STAGE1_PROPAGATION
neuromorpho__236-3-8LS.swc,pyramidal,0.3608,yes,1,AXON_DENDRITE_CONFUSION
neuromorpho__C992-whole-3.swc,pyramidal,0.3613,yes,3,APICAL_MISSED|APICAL_UNDERPREDICTED|APICAL_INVERTED
neuromorpho__236-1-24LS.swc,pyramidal,0.3682,yes,3,APICAL_INVERTED|AXON_DENDRITE_CONFUSION|BASAL_LOST
neuromorpho__T22_NeuronB_Tile_Trace_MK.swc,pyramidal,0.3683,yes,2,APICAL_MISSED|APICAL_UNDERPREDICTED
neuromorpho__august8s1-cell-3.swc,pyramidal,0.3723,yes,4,APICAL_MISSED|APICAL_UNDERPREDICTED|APICAL_INVERTED|STAGE1_PROPAGATION
neuromorpho__I5-13.swc,pyramidal,0.3747,yes,3,APICAL_MISSED|APICAL_UNDERPREDICTED|TRUNCATED_APICAL
neuromorpho__243-2-13VN.swc,pyramidal,0.3761,yes,3,APICAL_MISSED|APICAL_UNDERPREDICTED|APICAL_INVERTED
neuromorpho__Cell-22.swc,interneuron,0.3783,yes,1,AXON_DENDRITE_CONFUSION
neuromorpho__236-2-4LS.swc,pyramidal,0.3787,yes,1,AXON_DENDRITE_CONFUSION
neuromorpho__T66_NeuronA_Tile_Trace_MK.swc,pyramidal,0.3817,yes,3,APICAL_MISSED|APICAL_UNDERPREDICTED|TRUNCATED_APICAL
neuromorpho__614_4_C4.swc,interneuron,0.3818,yes,1,AXON_DENDRITE_CONFUSION
neuromorpho__092303a.swc,interneuron,0.3852,yes,2,BASAL_LOST|STAGE1_PROPAGATION
neuromorpho__207B-2-L2.swc,pyramidal,0.3859,yes,4,APICAL_MISSED|APICAL_UNDERPREDICTED|APICAL_INVERTED|TRUNCATED_APICAL
neuromorpho__4_53.swc,pyramidal,0.3865,yes,1,BASAL_LOST
neuromorpho__X043_S5_Z1_C01.swc,pyramidal,0.3878,yes,3,APICAL_MISSED|APICAL_UNDERPREDICTED|TRUNCATED_APICAL
neuromorpho__KO2-neuron5_a.swc,pyramidal,0.3889,yes,4,APICAL_MISSED|APICAL_UNDERPREDICTED|BASAL_LOST|TRUNCATED_APICAL
neuromorpho__cM2p_14.swc,pyramidal,0.3893,yes,3,APICAL_MISSED|APICAL_UNDERPREDICTED|APICAL_INVERTED
neuromorpho__X046_S6_Z1_C01.swc,pyramidal,0.3902,yes,4,APICAL_MISSED|APICAL_UNDERPREDICTED|APICAL_INVERTED|TRUNCATED_APICAL
neuromorpho__Cell41.swc,interneuron,0.3912,yes,1,AXON_DENDRITE_CONFUSION
neuromorpho__25o_pyramidal18aFI.swc,pyramidal,0.3929,yes,4,APICAL_MISSED|APICAL_UNDERPREDICTED|APICAL_INVERTED|STAGE1_PROPAGATION
neuromorpho__262_1a.swc,interneuron,0.3952,yes,1,AXON_DENDRITE_CONFUSION
neuromorpho__Neuron1_2.swc,pyramidal,0.3957,yes,1,AXON_DENDRITE_CONFUSION
neuromorpho__X043_S2_Z5_C01.swc,pyramidal,0.3961,yes,4,APICAL_MISSED|APICAL_UNDERPREDICTED|APICAL_INVERTED|TRUNCATED_APICAL
neuromorpho__KO4-5-1-6.swc,pyramidal,0.3973,yes,2,AXON_DENDRITE_CONFUSION|TRUNCATED_APICAL
neuromorpho__391-04.swc,pyramidal,0.3981,yes,2,AXON_DENDRITE_CONFUSION|STAGE1_PROPAGATION
neuromorpho__241-2-87LU.swc,pyramidal,0.3987,yes,1,BASAL_LOST
neuromorpho__236-1-2LS.swc,pyramidal,0.4009,yes,2,APICAL_UNDERPREDICTED|APICAL_INVERTED
neuromorpho__07b_pyramidal14aACC.swc,pyramidal,0.4012,yes,4,APICAL_MISSED|APICAL_UNDERPREDICTED|APICAL_INVERTED|TRUNCATED_APICAL
neuromorpho__1A4.swc,pyramidal,0.4021,yes,1,BASAL_LOST
neuromorpho__1085-2-Sec5-LTL3.swc,pyramidal,0.4033,yes,2,APICAL_MISSED|APICAL_UNDERPREDICTED
neuromorpho__HIP_CA1_WT_2.swc,pyramidal,0.4056,yes,1,BASAL_LOST
neuromorpho__Wang_Lefebvre_Cell10.swc,interneuron,0.4067,yes,1,AXON_DENDRITE_CONFUSION
neuromorpho__1128-2-Sec2-LTL2.swc,pyramidal,0.4076,yes,3,APICAL_MISSED|APICAL_UNDERPREDICTED|APICAL_INVERTED
neuromorpho__X046_S1_Z2_C04.swc,pyramidal,0.4095,yes,3,APICAL_MISSED|APICAL_UNDERPREDICTED|TRUNCATED_APICAL
neuromorpho__I5-16.swc,pyramidal,0.4095,yes,4,APICAL_MISSED|APICAL_UNDERPREDICTED|APICAL_INVERTED|TRUNCATED_APICAL
neuromorpho__Delayed4_4224_neurobiotin_TH.swc,interneuron,0.4116,yes,1,AXON_DENDRITE_CONFUSION
neuromorpho__236-2-66LS.swc,pyramidal,0.4118,yes,1,AXON_DENDRITE_CONFUSION
neuromorpho__241-2-33VN.swc,pyramidal,0.414,yes,2,APICAL_UNDERPREDICTED|APICAL_INVERTED
neuromorpho__241-2-74LU.swc,pyramidal,0.4162,yes,1,AXON_DENDRITE_CONFUSION
neuromorpho__KO2-neuron10.swc,pyramidal,0.4167,yes,2,AXON_DENDRITE_CONFUSION|STAGE1_PROPAGATION
neuromorpho__Strokefeb23IR3-3i40xlowres.swc,pyramidal,0.4188,yes,3,APICAL_MISSED|APICAL_UNDERPREDICTED|STAGE1_PROPAGATION
neuromorpho__10o27c7.swc,pyramidal,0.42,yes,2,AXON_DENDRITE_CONFUSION|STAGE1_PROPAGATION
neuromorpho__G7-1.swc,pyramidal,0.4244,yes,3,APICAL_MISSED|APICAL_UNDERPREDICTED|APICAL_INVERTED
neuromorpho__1083-1-Sec6-LTL3.swc,pyramidal,0.4268,yes,3,APICAL_MISSED|APICAL_UNDERPREDICTED|TRUNCATED_APICAL
neuromorpho__19_den_ax.swc,pyramidal,0.4269,yes,4,APICAL_MISSED|APICAL_UNDERPREDICTED|APICAL_INVERTED|BASAL_LOST
neuromorpho__08-10-15-C.swc,interneuron,0.4271,yes,1,AXON_DENDRITE_CONFUSION
neuromorpho__20171005C01.swc,pyramidal,0.4278,yes,4,APICAL_MISSED|APICAL_UNDERPREDICTED|APICAL_INVERTED|STAGE1_PROPAGATION
neuromorpho__C1005-2KO-whole-8.swc,pyramidal,0.4286,yes,3,APICAL_MISSED|APICAL_UNDERPREDICTED|TRUNCATED_APICAL
neuromorpho__517s1c1.swc,pyramidal,0.4295,yes,5,APICAL_MISSED|APICAL_UNDERPREDICTED|APICAL_INVERTED|TRUNCATED_APICAL|STAGE1_PROPAGATION
neuromorpho__241-3-35LU.swc,pyramidal,0.4315,yes,1,AXON_DENDRITE_CONFUSION
hpf_ca1__202224_005_edited.swc,pyramidal,0.4322,yes,4,APICAL_MISSED|APICAL_UNDERPREDICTED|APICAL_INVERTED|BASAL_LOST
neuromorpho__236-2-82LS.swc,pyramidal,0.4324,yes,1,AXON_DENDRITE_CONFUSION
neuromorpho__1116-3-Sec2-LTL1.swc,pyramidal,0.4341,yes,3,APICAL_MISSED|APICAL_UNDERPREDICTED|TRUNCATED_APICAL
neuromorpho__236-2-5LS.swc,pyramidal,0.4352,yes,1,AXON_DENDRITE_CONFUSION
neuromorpho__1071-2-Sec2-LTL2.swc,pyramidal,0.4356,yes,2,APICAL_MISSED|APICAL_UNDERPREDICTED
neuromorpho__46-Neurone-2.swc,pyramidal,0.4389,yes,3,APICAL_MISSED|APICAL_UNDERPREDICTED|TRUNCATED_APICAL
neuromorpho__24-07-15-A.swc,interneuron,0.4412,yes,1,AXON_DENDRITE_CONFUSION
neuromorpho__C10-23.swc,pyramidal,0.4412,yes,3,APICAL_MISSED|APICAL_UNDERPREDICTED|TRUNCATED_APICAL
neuromorpho__C916-WT-M8base-whole-5.swc,pyramidal,0.4417,yes,4,APICAL_MISSED|APICAL_UNDERPREDICTED|APICAL_INVERTED|TRUNCATED_APICAL
neuromorpho__554-2-L1.swc,pyramidal,0.4444,yes,4,APICAL_MISSED|APICAL_UNDERPREDICTED|APICAL_INVERTED|TRUNCATED_APICAL
neuromorpho__Htr3a-Cre_NO152_Ai14-286731-04-02-01_645075254_m.swc,interneuron,0.4484,yes,2,AXON_DENDRITE_CONFUSION|STAGE1_PROPAGATION
neuromorpho__Green_7-5weeks_Neuron7.swc,pyramidal,0.45,yes,1,BASAL_LOST
neuromorpho__1128-3-Sec1-LTL1.swc,pyramidal,0.451,yes,3,APICAL_MISSED|APICAL_UNDERPREDICTED|APICAL_INVERTED
neuromorpho__ADP14_2508_biocytin.swc,interneuron,0.4552,yes,1,AXON_DENDRITE_CONFUSION
neuromorpho__G7-11.swc,pyramidal,0.456,yes,3,APICAL_MISSED|APICAL_UNDERPREDICTED|TRUNCATED_APICAL
neuromorpho__I0319_5B.swc,pyramidal,0.4564,yes,4,APICAL_MISSED|APICAL_UNDERPREDICTED|APICAL_INVERTED|BASAL_LOST
neuromorpho__Cell-5-1.swc,interneuron,0.4633,yes,2,AXON_DENDRITE_CONFUSION|STAGE1_PROPAGATION
neuromorpho__14-1-15-A-A4.swc,interneuron,0.4671,yes,1,AXON_DENDRITE_CONFUSION
neuromorpho__VS4-cobalt.swc,interneuron,0.468,yes,1,AXON_DENDRITE_CONFUSION
neuromorpho__A4_slide2_neuron1_II_III.swc,pyramidal,0.4733,yes,4,APICAL_OVERPREDICTED|APICAL_INVERTED|BASAL_LOST|TRUNCATED_APICAL
hpf_ca1__202426_026_edited.swc,pyramidal,0.4766,yes,3,APICAL_MISSED|APICAL_UNDERPREDICTED|BASAL_LOST
allen__H16.06.007.01.07.04_531526539.swc,pyramidal,0.4781,yes,4,APICAL_MISSED|APICAL_UNDERPREDICTED|BASAL_LOST|STAGE1_PROPAGATION
neuromorpho__236-3-44LS.swc,pyramidal,0.4787,yes,1,AXON_DENDRITE_CONFUSION
neuromorpho__1460-2-Sec5-LTL2.swc,pyramidal,0.479,yes,1,BASAL_LOST
neuromorpho__VS1-cobalt.swc,interneuron,0.4801,yes,1,AXON_DENDRITE_CONFUSION
neuromorpho__SW150113-01RabiesPHALPFC_x772_y876_z296_4.swc,pyramidal,0.4807,yes,1,BASAL_LOST
neuromorpho__N053.swc,pyramidal,0.481,yes,2,APICAL_UNDERPREDICTED|BASAL_LOST
neuromorpho__02-10-14-B1.swc,interneuron,0.4811,yes,1,AXON_DENDRITE_CONFUSION
neuromorpho__C10-19.swc,pyramidal,0.4812,yes,3,APICAL_MISSED|APICAL_UNDERPREDICTED|TRUNCATED_APICAL
allen__H17.06.006.11.08.07_571709783.swc,interneuron,0.484,yes,1,AXON_DENDRITE_CONFUSION
neuromorpho__het_3-3.swc,pyramidal,0.4847,yes,1,BASAL_LOST
neuromorpho__236-2-64LS.swc,pyramidal,0.4855,yes,1,AXON_DENDRITE_CONFUSION
neuromorpho__241-2-7VN.swc,pyramidal,0.4855,yes,1,APICAL_UNDERPREDICTED
neuromorpho__dCH-cobalt.swc,interneuron,0.4868,yes,1,AXON_DENDRITE_CONFUSION
neuromorpho__dlc-000504-3-2-nrn-ns-120712-comb-transl-invX-scaled-straight.swc,interneuron,0.4894,yes,4,APICAL_MISSED|APICAL_UNDERPREDICTED|BASAL_LOST|TRUNCATED_APICAL
neuromorpho__Zs201222-01_medial_20x_onlydendrites.swc,interneuron,0.4923,yes,1,AXON_DENDRITE_CONFUSION
neuromorpho__VS9-cobalt.swc,interneuron,0.4925,yes,1,AXON_DENDRITE_CONFUSION
neuromorpho__25-02-15-C1.swc,interneuron,0.4928,yes,1,AXON_DENDRITE_CONFUSION
neuromorpho__20190625_sample_12.swc,interneuron,0.4937,yes,1,AXON_DENDRITE_CONFUSION
neuromorpho__jy190506_B_idC.swc,interneuron,0.4954,yes,1,AXON_DENDRITE_CONFUSION
neuromorpho__Cell-14_5.swc,pyramidal,0.4956,yes,1,BASAL_LOST
neuromorpho__1b_1.swc,pyramidal,0.4972,yes,2,AXON_DENDRITE_CONFUSION|STAGE1_PROPAGATION
hpf_ca1__202399_003_edited.swc,pyramidal,0.4979,yes,4,APICAL_MISSED|APICAL_UNDERPREDICTED|APICAL_INVERTED|BASAL_LOST
neuromorpho__N049.swc,pyramidal,0.498,yes,2,APICAL_UNDERPREDICTED|BASAL_LOST
neuromorpho__236-2-28LS.swc,pyramidal,0.498,yes,3,APICAL_OVERPREDICTED|APICAL_INVERTED|BASAL_LOST
neuromorpho__1116-1-Sec7-BSL1.swc,pyramidal,0.4991,yes,2,APICAL_MISSED|APICAL_UNDERPREDICTED
hpf_ca1__202682_015_edited.swc,pyramidal,0.5,yes,1,BASAL_LOST
neuromorpho__Neuron-1-E-and-I-synapses.swc,pyramidal,0.5,yes,3,APICAL_MISSED|APICAL_UNDERPREDICTED|APICAL_INVERTED
neuromorpho__Neuron-6-E-and-I-synapses.swc,pyramidal,0.5,yes,3,APICAL_MISSED|APICAL_UNDERPREDICTED|APICAL_INVERTED
neuromorpho__060315A_ECA.swc,pyramidal,0.5,yes,3,APICAL_MISSED|APICAL_UNDERPREDICTED|STAGE1_PROPAGATION
neuromorpho__Mouse_CA2_Ma_Cell_6.swc,pyramidal,0.5,yes,2,APICAL_INVERTED|BASAL_LOST
neuromorpho__n422.swc,pyramidal,0.5,yes,2,APICAL_MISSED|APICAL_UNDERPREDICTED
neuromorpho__n178.swc,pyramidal,0.5,yes,1,BASAL_LOST
hpf_ca1__202403_106_edited.swc,pyramidal,0.5,yes,1,AXON_DENDRITE_CONFUSION
neuromorpho__n180.swc,pyramidal,0.5,yes,2,APICAL_MISSED|APICAL_UNDERPREDICTED
hpf_ca1__202244_019_edited.swc,pyramidal,0.5,yes,2,APICAL_MISSED|APICAL_UNDERPREDICTED
hpf_ca1__202244_016_edited.swc,pyramidal,0.5,yes,2,APICAL_MISSED|APICAL_UNDERPREDICTED
neuromorpho__Mouse_CA2_Ma_Cell_9_Mc_Cell_4-2.swc,pyramidal,0.5,yes,4,APICAL_MISSED|APICAL_UNDERPREDICTED|APICAL_INVERTED|STAGE1_PROPAGATION
neuromorpho__T97_40X_NeuronC_Tile_Trace_MK.swc,pyramidal,0.5,yes,3,APICAL_MISSED|APICAL_UNDERPREDICTED|TRUNCATED_APICAL
neuromorpho__391-06.swc,pyramidal,0.5,yes,3,APICAL_MISSED|APICAL_UNDERPREDICTED|STAGE1_PROPAGATION
neuromorpho__Fig5a_4cell.swc,pyramidal,0.5,yes,2,APICAL_MISSED|APICAL_UNDERPREDICTED
neuromorpho__554-2-L3.swc,pyramidal,0.5,yes,2,APICAL_MISSED|APICAL_UNDERPREDICTED
neuromorpho__B535_NeuronC_100x_Tile_Trace_MK.swc,pyramidal,0.5,yes,2,APICAL_MISSED|APICAL_UNDERPREDICTED
neuromorpho__10409c3.swc,interneuron,0.5,yes,2,AXON_DENDRITE_CONFUSION|STAGE1_PROPAGATION
neuromorpho__Mouse-CA2-Mb-Pyramidal-Cell.swc,pyramidal,0.5,yes,1,BASAL_LOST
neuromorpho__1117-2-Sec6-LTL2.swc,pyramidal,0.5,yes,3,APICAL_MISSED|APICAL_UNDERPREDICTED|APICAL_INVERTED
neuromorpho__559-1-R4.swc,pyramidal,0.5,yes,3,APICAL_MISSED|APICAL_UNDERPREDICTED|APICAL_INVERTED
neuromorpho__B924_NeuronA_40X_Tile_Trace_RK.swc,pyramidal,0.5,yes,2,APICAL_MISSED|APICAL_UNDERPREDICTED
neuromorpho__1117-1-Sec5-BSL1.swc,pyramidal,0.5,yes,3,APICAL_MISSED|APICAL_UNDERPREDICTED|APICAL_INVERTED
neuromorpho__10316c4.swc,pyramidal,0.5,yes,2,APICAL_MISSED|APICAL_UNDERPREDICTED
neuromorpho__T72_NeuronB_Trace_MK.swc,pyramidal,0.5,yes,3,APICAL_MISSED|APICAL_UNDERPREDICTED|TRUNCATED_APICAL
neuromorpho__A937_NeuronC_40x_Tile_Trace_MK.swc,pyramidal,0.5,yes,2,APICAL_MISSED|APICAL_UNDERPREDICTED
neuromorpho__X046_S5_Z2.swc,pyramidal,0.5,yes,4,APICAL_MISSED|APICAL_UNDERPREDICTED|APICAL_INVERTED|TRUNCATED_APICAL
neuromorpho__X046_S1_Z2_C03.swc,pyramidal,0.5,yes,3,APICAL_MISSED|APICAL_UNDERPREDICTED|TRUNCATED_APICAL
neuromorpho__2-ENU2-treated-neuron1_2.swc,pyramidal,0.5,yes,4,APICAL_MISSED|APICAL_UNDERPREDICTED|APICAL_INVERTED|TRUNCATED_APICAL
neuromorpho__113C_2_L_WT_2.swc,pyramidal,0.5,yes,4,APICAL_MISSED|APICAL_UNDERPREDICTED|APICAL_INVERTED|TRUNCATED_APICAL
neuromorpho__LES6-mut-1195-neuron-2.swc,pyramidal,0.5,yes,2,APICAL_MISSED|APICAL_UNDERPREDICTED
neuromorpho__LES6-mut-1203-neuron-2.swc,pyramidal,0.5,yes,3,APICAL_MISSED|APICAL_UNDERPREDICTED|TRUNCATED_APICAL
neuromorpho__Cell6_Hippocampus_singlecell.swc,interneuron,0.5,yes,2,AXON_DENDRITE_CONFUSION|STAGE1_PROPAGATION
neuromorpho__ko20x-15.swc,pyramidal,0.5,yes,3,APICAL_MISSED|APICAL_UNDERPREDICTED|TRUNCATED_APICAL
neuromorpho__WT2-Neuron-10.swc,pyramidal,0.5,yes,3,APICAL_MISSED|APICAL_UNDERPREDICTED|TRUNCATED_APICAL
neuromorpho__1_49.swc,pyramidal,0.5,yes,2,APICAL_MISSED|APICAL_UNDERPREDICTED
neuromorpho__C1005-2KO-whole-6.swc,pyramidal,0.5,yes,2,APICAL_MISSED|APICAL_UNDERPREDICTED
neuromorpho__KO1-Neuron5.swc,pyramidal,0.5,yes,3,APICAL_MISSED|APICAL_UNDERPREDICTED|TRUNCATED_APICAL
neuromorpho__5_42.swc,pyramidal,0.5,yes,4,APICAL_MISSED|APICAL_UNDERPREDICTED|APICAL_INVERTED|TRUNCATED_APICAL
hpf_ca1__202682_018_edited.swc,pyramidal,0.5023,yes,2,APICAL_MISSED|APICAL_UNDERPREDICTED
neuromorpho__het_1_51.swc,pyramidal,0.505,yes,0,
neuromorpho__N040.swc,pyramidal,0.5075,yes,1,APICAL_UNDERPREDICTED
hpf_ca1__202237_042_edited.swc,pyramidal,0.5138,yes,3,APICAL_MISSED|APICAL_UNDERPREDICTED|APICAL_INVERTED
neuromorpho__Green_6weeks_Neuron2_addl.swc,pyramidal,0.5155,yes,0,
neuromorpho__C2_3.swc,pyramidal,0.5157,yes,1,AXON_DENDRITE_CONFUSION
neuromorpho__Mouse_CA2_Ma_Cell_7.swc,pyramidal,0.5158,yes,1,BASAL_LOST
hpf_ca1__202248_019_edited.swc,pyramidal,0.516,yes,3,APICAL_MISSED|APICAL_UNDERPREDICTED|APICAL_INVERTED
neuromorpho__3PO2_1.swc,pyramidal,0.517,yes,2,APICAL_MISSED|APICAL_UNDERPREDICTED
neuromorpho__HIP_CA1_KO_13.swc,pyramidal,0.5205,yes,0,
hpf_ca1__202396_173_edited.swc,pyramidal,0.5227,yes,3,APICAL_MISSED|APICAL_UNDERPREDICTED|APICAL_INVERTED
hpf_ca1__202829_110_edited.swc,pyramidal,0.5239,yes,2,APICAL_MISSED|APICAL_UNDERPREDICTED
hpf_ca1__202243_013_edited.swc,pyramidal,0.5241,yes,3,APICAL_MISSED|APICAL_UNDERPREDICTED|APICAL_INVERTED
hpf_ca1__202402_025_edited.swc,pyramidal,0.5245,yes,3,APICAL_MISSED|APICAL_UNDERPREDICTED|APICAL_INVERTED
neuromorpho__Anstoetz_Toolbox-IN2.swc,interneuron,0.5251,yes,2,AXON_DENDRITE_CONFUSION|BASAL_LOST
neuromorpho__N074.swc,pyramidal,0.5259,yes,2,APICAL_MISSED|APICAL_UNDERPREDICTED
neuromorpho__06050180003.swc,interneuron,0.5286,yes,1,STAGE1_PROPAGATION
allen__H17.06.004.11.05.04_569095789.swc,pyramidal,0.53,yes,3,APICAL_MISSED|APICAL_UNDERPREDICTED|STAGE1_PROPAGATION
hpf_ca1__202237_043_edited.swc,pyramidal,0.5307,yes,3,APICAL_MISSED|APICAL_UNDERPREDICTED|APICAL_INVERTED
neuromorpho__536_3_C8.swc,interneuron,0.5349,yes,2,AXON_DENDRITE_CONFUSION|BASAL_LOST
neuromorpho__Green_4weeks_Neuron1.swc,pyramidal,0.5376,yes,0,
neuromorpho__N003.swc,pyramidal,0.5414,yes,3,APICAL_MISSED|APICAL_UNDERPREDICTED|APICAL_INVERTED
hpf_ca1__202412_007_edited.swc,pyramidal,0.5419,yes,3,APICAL_MISSED|APICAL_UNDERPREDICTED|APICAL_INVERTED
hpf_ca1__202668_019_edited.swc,pyramidal,0.5424,yes,3,APICAL_MISSED|APICAL_UNDERPREDICTED|APICAL_INVERTED
neuromorpho__10o27c2.swc,pyramidal,0.543,yes,3,APICAL_MISSED|APICAL_UNDERPREDICTED|TRUNCATED_APICAL
hpf_ca1__210248_003_edited.swc,pyramidal,0.5437,yes,3,APICAL_MISSED|APICAL_UNDERPREDICTED|APICAL_INVERTED
hpf_ca1__210701_009_edited.swc,pyramidal,0.5468,yes,2,APICAL_INVERTED|BASAL_LOST
hpf_ca1__210109_008_edited.swc,pyramidal,0.5479,yes,3,APICAL_MISSED|APICAL_UNDERPREDICTED|APICAL_INVERTED
neuromorpho__Oi27rpy1-1.swc,pyramidal,0.5487,yes,4,APICAL_MISSED|APICAL_UNDERPREDICTED|APICAL_INVERTED|STAGE1_PROPAGATION
neuromorpho__3PO2_3.swc,pyramidal,0.549,yes,1,AXON_DENDRITE_CONFUSION
neuromorpho__KW20180701_Pair2_pre.swc,pyramidal,0.5502,yes,4,APICAL_MISSED|APICAL_UNDERPREDICTED|APICAL_INVERTED|STAGE1_PROPAGATION
hpf_ca1__202403_129_edited.swc,pyramidal,0.5512,yes,3,APICAL_MISSED|APICAL_UNDERPREDICTED|APICAL_INVERTED
hpf_ca1__202669_007_edited.swc,pyramidal,0.5513,yes,2,APICAL_MISSED|APICAL_UNDERPREDICTED
hpf_ca1__202461_009_edited.swc,pyramidal,0.5523,yes,2,APICAL_MISSED|APICAL_UNDERPREDICTED
hpf_ca1__202423_009_edited.swc,pyramidal,0.5549,yes,3,APICAL_MISSED|APICAL_UNDERPREDICTED|APICAL_INVERTED
neuromorpho__hippo-1159-3new.swc,pyramidal,0.5556,yes,0,
neuromorpho__WT2-Neuron1_a.swc,pyramidal,0.5556,yes,4,APICAL_MISSED|APICAL_UNDERPREDICTED|APICAL_INVERTED|TRUNCATED_APICAL
neuromorpho__Oi27rpy2-1.swc,pyramidal,0.5568,yes,2,APICAL_MISSED|APICAL_UNDERPREDICTED
hpf_ca1__202054_009_edited.swc,pyramidal,0.5569,yes,3,APICAL_MISSED|APICAL_UNDERPREDICTED|APICAL_INVERTED
neuromorpho__4_den_ax.swc,pyramidal,0.5575,yes,1,APICAL_INVERTED
neuromorpho__IF1_190301.swc,pyramidal,0.5575,yes,3,APICAL_MISSED|APICAL_UNDERPREDICTED|TRUNCATED_APICAL
hpf_ca1__210109_005_edited.swc,pyramidal,0.5576,yes,3,APICAL_MISSED|APICAL_UNDERPREDICTED|APICAL_INVERTED
neuromorpho__3PO1_2.swc,pyramidal,0.5584,yes,1,AXON_DENDRITE_CONFUSION
neuromorpho__NAS14.swc,interneuron,0.5585,yes,0,
neuromorpho__32315-V1-3Slice8Cell1.swc,pyramidal,0.5599,yes,1,BASAL_LOST
neuromorpho__Cell-16_4.swc,pyramidal,0.56,yes,0,
neuromorpho__Cell1biorxiv.swc,interneuron,0.5611,yes,1,AXON_DENDRITE_CONFUSION
neuromorpho__Mouse-CA1-Pyramidal-Cell.swc,pyramidal,0.5621,yes,2,APICAL_INVERTED|BASAL_LOST
hpf_ca1__202238_008_edited.swc,pyramidal,0.5634,yes,3,APICAL_MISSED|APICAL_UNDERPREDICTED|APICAL_INVERTED
neuromorpho__A2_slide3_8.swc,pyramidal,0.5644,yes,3,APICAL_INVERTED|AXON_DENDRITE_CONFUSION|TRUNCATED_APICAL
hpf_ca1__202413_061_edited.swc,pyramidal,0.5671,yes,2,APICAL_UNDERPREDICTED|APICAL_INVERTED
neuromorpho__B3_slide2_4.swc,pyramidal,0.5685,yes,2,APICAL_INVERTED|AXON_DENDRITE_CONFUSION
neuromorpho__B3_slide4_neuron1.swc,pyramidal,0.5694,yes,1,AXON_DENDRITE_CONFUSION
neuromorpho__HIP_CA1_KO_14.swc,pyramidal,0.5714,yes,0,
hpf_ca1__202261_030_edited.swc,pyramidal,0.5717,yes,3,APICAL_MISSED|APICAL_UNDERPREDICTED|APICAL_INVERTED
neuromorpho__N102.swc,pyramidal,0.5737,yes,2,APICAL_MISSED|APICAL_UNDERPREDICTED
neuromorpho__53-Neurone1.swc,pyramidal,0.5744,yes,2,APICAL_MISSED|APICAL_UNDERPREDICTED
neuromorpho__HIP_CA1_KO_17.swc,pyramidal,0.5769,yes,0,
neuromorpho__g0759_b2.swc,pyramidal,0.5775,yes,2,APICAL_MISSED|APICAL_UNDERPREDICTED
neuromorpho__A1_slide1_neuron1.swc,pyramidal,0.5779,yes,1,AXON_DENDRITE_CONFUSION
hpf_ca1__210701_011_edited.swc,pyramidal,0.5791,yes,2,AXON_DENDRITE_CONFUSION|BASAL_LOST
neuromorpho__I03539.swc,pyramidal,0.5801,yes,3,APICAL_MISSED|APICAL_UNDERPREDICTED|APICAL_INVERTED
neuromorpho__CA1_slide2_neuron1.swc,pyramidal,0.5806,yes,1,AXON_DENDRITE_CONFUSION
neuromorpho__20_den_ax.swc,pyramidal,0.581,yes,2,APICAL_MISSED|APICAL_UNDERPREDICTED
neuromorpho__46-Neurone-1.swc,pyramidal,0.581,yes,3,APICAL_MISSED|APICAL_UNDERPREDICTED|TRUNCATED_APICAL
neuromorpho__11228c1.swc,pyramidal,0.582,yes,1,AXON_DENDRITE_CONFUSION
neuromorpho__B2_slide1_neuron4_II_III.swc,pyramidal,0.5825,yes,2,AXON_DENDRITE_CONFUSION|TRUNCATED_APICAL
neuromorpho__10507c1.swc,pyramidal,0.5834,yes,3,APICAL_MISSED|APICAL_UNDERPREDICTED|STAGE1_PROPAGATION
neuromorpho__236-1-4LS.swc,pyramidal,0.5839,yes,0,
neuromorpho__243-2-14VN.swc,pyramidal,0.5843,yes,2,APICAL_INVERTED|BASAL_LOST
neuromorpho__I03485.swc,pyramidal,0.5848,yes,4,APICAL_MISSED|APICAL_UNDERPREDICTED|APICAL_INVERTED|STAGE1_PROPAGATION
neuromorpho__HIP_CA1_KO_19.swc,pyramidal,0.5857,yes,0,
hpf_ca1__202261_005_edited.swc,pyramidal,0.5861,yes,3,APICAL_MISSED|APICAL_UNDERPREDICTED|APICAL_INVERTED
hpf_ca1__210694_025_edited.swc,pyramidal,0.5876,yes,2,APICAL_INVERTED|BASAL_LOST
neuromorpho__B4_slide4_neuron4_II_III.swc,pyramidal,0.5907,yes,1,AXON_DENDRITE_CONFUSION
neuromorpho__N064.swc,pyramidal,0.5912,yes,2,APICAL_MISSED|APICAL_UNDERPREDICTED
neuromorpho__HIP_CA1_WT_8.swc,pyramidal,0.5917,no,0,
neuromorpho__Yin20161231s3_AR.swc,pyramidal,0.5918,no,3,APICAL_MISSED|APICAL_UNDERPREDICTED|STAGE1_PROPAGATION
hpf_ca1__210109_015_edited.swc,pyramidal,0.5921,no,2,APICAL_INVERTED|BASAL_LOST
neuromorpho__11324c1.swc,pyramidal,0.5926,no,2,APICAL_MISSED|APICAL_UNDERPREDICTED
neuromorpho__Red_2weeks__Neuron9.swc,pyramidal,0.5926,no,0,
hpf_ca1__202506_039_edited.swc,pyramidal,0.594,no,2,APICAL_INVERTED|BASAL_LOST
neuromorpho__241-2-18VN.swc,pyramidal,0.5969,no,2,APICAL_INVERTED|AXON_DENDRITE_CONFUSION
neuromorpho__g0445-7_cellA.swc,pyramidal,0.5969,no,3,APICAL_MISSED|APICAL_UNDERPREDICTED|STAGE1_PROPAGATION
neuromorpho__1104-2-Sec2-LTL1.swc,pyramidal,0.5978,no,0,
neuromorpho__Exp_V1B-L5_cell1.swc,pyramidal,0.598,no,0,
neuromorpho__I_2_42.swc,interneuron,0.5983,no,2,AXON_DENDRITE_CONFUSION|BASAL_LOST
neuromorpho__i03558.swc,pyramidal,0.5984,no,3,APICAL_MISSED|APICAL_UNDERPREDICTED|APICAL_INVERTED
neuromorpho__242-2-16VN.swc,pyramidal,0.5997,no,1,APICAL_INVERTED
hpf_ca1__201990_066_edited.swc,pyramidal,0.6002,no,3,APICAL_MISSED|APICAL_UNDERPREDICTED|APICAL_INVERTED
hpf_ca1__210107_034_edited.swc,pyramidal,0.6004,no,1,BASAL_LOST
neuromorpho__Cell-3-2_5.swc,pyramidal,0.6027,no,0,
neuromorpho__241-2-13VN.swc,pyramidal,0.6038,no,3,APICAL_MISSED|APICAL_UNDERPREDICTED|APICAL_INVERTED
neuromorpho__A110111PYR.swc,pyramidal,0.6042,no,2,APICAL_INVERTED|AXON_DENDRITE_CONFUSION
neuromorpho__I03471.swc,pyramidal,0.6044,no,3,APICAL_MISSED|APICAL_UNDERPREDICTED|STAGE1_PROPAGATION
neuromorpho__Gunnersen_B15b4slice1RHS.swc,pyramidal,0.6055,no,0,
neuromorpho__WT_1_2.swc,pyramidal,0.6059,no,1,AXON_DENDRITE_CONFUSION
neuromorpho__Exp_V1B-L5_cell5.swc,pyramidal,0.6085,no,0,
neuromorpho__241-2-77LU.swc,pyramidal,0.6087,no,1,AXON_DENDRITE_CONFUSION
hpf_ca1__210111_016_edited.swc,pyramidal,0.6122,no,1,BASAL_LOST
neuromorpho__241-2-107-AW.swc,pyramidal,0.6128,no,2,APICAL_MISSED|APICAL_UNDERPREDICTED
allen__Chat-IRES-Cre-neo_Ai14-287662.04.02.01_562003142.swc,interneuron,0.6135,no,1,AXON_DENDRITE_CONFUSION
neuromorpho__CA1_slide2_neuron2.swc,pyramidal,0.6145,no,2,APICAL_INVERTED|AXON_DENDRITE_CONFUSION
neuromorpho__oi57rpy1-1.swc,pyramidal,0.6152,no,3,APICAL_MISSED|APICAL_UNDERPREDICTED|STAGE1_PROPAGATION
neuromorpho__536_4_C4.swc,interneuron,0.6171,no,2,AXON_DENDRITE_CONFUSION|BASAL_LOST
neuromorpho__oi53rpy1-1.swc,pyramidal,0.6195,no,3,APICAL_MISSED|APICAL_UNDERPREDICTED|APICAL_INVERTED
neuromorpho__11302c2.swc,pyramidal,0.6223,no,1,AXON_DENDRITE_CONFUSION
neuromorpho__B2_slide2_20.swc,pyramidal,0.6225,no,1,AXON_DENDRITE_CONFUSION
neuromorpho__A2_slide2_1.swc,pyramidal,0.6229,no,1,AXON_DENDRITE_CONFUSION
neuromorpho__IF4_140201.swc,pyramidal,0.6231,no,3,APICAL_MISSED|APICAL_UNDERPREDICTED|TRUNCATED_APICAL
neuromorpho__32315-V1-4Slice6Cell2.swc,pyramidal,0.6239,no,0,
neuromorpho__241-3-1VN.swc,pyramidal,0.624,no,1,AXON_DENDRITE_CONFUSION
neuromorpho__KOA-3-2-10.swc,pyramidal,0.625,no,1,AXON_DENDRITE_CONFUSION
neuromorpho__HIP_CA1_KO_4.swc,pyramidal,0.6254,no,0,
neuromorpho__243-2-17VN.swc,pyramidal,0.6261,no,2,APICAL_MISSED|APICAL_UNDERPREDICTED
neuromorpho__mPFC_w4_L3_01.swc,pyramidal,0.6262,no,2,APICAL_INVERTED|AXON_DENDRITE_CONFUSION
neuromorpho__1103-1-Sec6-LTL2.swc,pyramidal,0.6263,no,0,
neuromorpho__A4_slide1_neuron1.swc,pyramidal,0.6267,no,1,AXON_DENDRITE_CONFUSION
neuromorpho__Green_4weeks_Neuron8_addl.swc,pyramidal,0.6269,no,0,
neuromorpho__B4_slide3_20.swc,pyramidal,0.6288,no,2,APICAL_INVERTED|AXON_DENDRITE_CONFUSION
neuromorpho__Ctrl_V1B-L23_cell4.swc,pyramidal,0.6293,no,0,
neuromorpho__Vert-01.swc,pyramidal,0.6296,no,4,APICAL_MISSED|APICAL_UNDERPREDICTED|APICAL_INVERTED|TRUNCATED_APICAL
neuromorpho__Vert-03.swc,pyramidal,0.6304,no,3,APICAL_MISSED|APICAL_UNDERPREDICTED|TRUNCATED_APICAL
allen__H17.06.005.12.16.03_571527806.swc,pyramidal,0.6305,no,3,APICAL_MISSED|APICAL_UNDERPREDICTED|APICAL_INVERTED
neuromorpho__WT2-Neuron1_e.swc,pyramidal,0.6316,no,0,
neuromorpho__B4_slide4_1.swc,pyramidal,0.6322,no,2,APICAL_INVERTED|AXON_DENDRITE_CONFUSION
neuromorpho__242-2-25VN.swc,pyramidal,0.6323,no,4,APICAL_MISSED|APICAL_UNDERPREDICTED|APICAL_INVERTED|TRUNCATED_APICAL
neuromorpho__B1_slide1_neuron4.swc,pyramidal,0.633,no,2,APICAL_INVERTED|AXON_DENDRITE_CONFUSION
neuromorpho__SDGA4_slide2_neuron2.swc,pyramidal,0.6331,no,2,APICAL_INVERTED|AXON_DENDRITE_CONFUSION
neuromorpho__236-1-14LS.swc,pyramidal,0.6332,no,2,APICAL_MISSED|APICAL_UNDERPREDICTED
hpf_ca1__210709_011_edited.swc,pyramidal,0.6334,no,3,APICAL_MISSED|APICAL_UNDERPREDICTED|APICAL_INVERTED
neuromorpho__11503-23R2.swc,pyramidal,0.6336,no,0,
neuromorpho__I03192A.swc,pyramidal,0.6342,no,3,APICAL_MISSED|APICAL_UNDERPREDICTED|APICAL_INVERTED
neuromorpho__Green_1week_Neuron3l.swc,pyramidal,0.6349,no,0,
neuromorpho__SDGA1_slide2_neuron1.swc,pyramidal,0.635,no,2,AXON_DENDRITE_CONFUSION|TRUNCATED_APICAL
neuromorpho__B1_slide4_neuron4.swc,pyramidal,0.635,no,1,AXON_DENDRITE_CONFUSION
neuromorpho__2017-01-09-slice-2-cell-2-rotated.swc,interneuron,0.6358,no,1,AXON_DENDRITE_CONFUSION
neuromorpho__B2_slide2_5.swc,pyramidal,0.6361,no,2,APICAL_INVERTED|AXON_DENDRITE_CONFUSION
neuromorpho__A2_slide3_10.swc,pyramidal,0.6364,no,2,AXON_DENDRITE_CONFUSION|TRUNCATED_APICAL
neuromorpho__242-3-19LU.swc,pyramidal,0.6389,no,2,APICAL_INVERTED|AXON_DENDRITE_CONFUSION
neuromorpho__B2_slide2_3.swc,pyramidal,0.6397,no,2,APICAL_INVERTED|AXON_DENDRITE_CONFUSION
neuromorpho__ctg_bV1_2.swc,pyramidal,0.6402,no,0,
neuromorpho__Nov4IR3e.swc,pyramidal,0.6404,no,0,
neuromorpho__WT_1_5.swc,pyramidal,0.6408,no,1,AXON_DENDRITE_CONFUSION
neuromorpho__A4_slide2_21.swc,pyramidal,0.6429,no,1,AXON_DENDRITE_CONFUSION
neuromorpho__B3_slide2_5.swc,pyramidal,0.6431,no,1,AXON_DENDRITE_CONFUSION
neuromorpho__het_7_41.swc,pyramidal,0.6432,no,0,
neuromorpho__B4_slide4_5.swc,pyramidal,0.6434,no,1,AXON_DENDRITE_CONFUSION
neuromorpho__236-3-7LS.swc,pyramidal,0.6441,no,2,APICAL_INVERTED|AXON_DENDRITE_CONFUSION
neuromorpho__n29fts.swc,pyramidal,0.6444,no,0,
neuromorpho__B2_slide2_19.swc,pyramidal,0.6447,no,1,AXON_DENDRITE_CONFUSION
neuromorpho__mPFC_w4_L3_02.swc,pyramidal,0.6462,no,1,AXON_DENDRITE_CONFUSION
hpf_ca1__202252_002_edited.swc,pyramidal,0.6466,no,3,APICAL_MISSED|APICAL_UNDERPREDICTED|APICAL_INVERTED
neuromorpho__A1_slide2_7.swc,pyramidal,0.6467,no,1,AXON_DENDRITE_CONFUSION
neuromorpho__1a_3.swc,pyramidal,0.6471,no,0,
neuromorpho__242-2-15VN.swc,pyramidal,0.6475,no,0,
neuromorpho__WT_2_2.swc,pyramidal,0.6476,no,1,AXON_DENDRITE_CONFUSION
neuromorpho__B1_slide3_neuron1_II_III.swc,pyramidal,0.6476,no,4,APICAL_MISSED|APICAL_UNDERPREDICTED|APICAL_INVERTED|TRUNCATED_APICAL
neuromorpho__A4_slide3_15.swc,pyramidal,0.6477,no,1,AXON_DENDRITE_CONFUSION
neuromorpho__A1_slide1_3.swc,pyramidal,0.6487,no,1,AXON_DENDRITE_CONFUSION
neuromorpho__243-3-28VN.swc,pyramidal,0.6488,no,1,AXON_DENDRITE_CONFUSION
neuromorpho__3a_3_2.swc,pyramidal,0.6489,no,0,
neuromorpho__het_13_37.swc,pyramidal,0.6489,no,0,
neuromorpho__B1_slide2_neuron5.swc,pyramidal,0.6494,no,1,AXON_DENDRITE_CONFUSION
neuromorpho__A1_slide2_11.swc,pyramidal,0.6496,no,1,AXON_DENDRITE_CONFUSION
neuromorpho__B3_slide1_neuron2.swc,pyramidal,0.6502,no,2,APICAL_INVERTED|AXON_DENDRITE_CONFUSION
neuromorpho__A2_slide3_4.swc,pyramidal,0.6506,no,1,AXON_DENDRITE_CONFUSION
neuromorpho__mPFC_w4_L5_04.swc,pyramidal,0.6507,no,2,APICAL_INVERTED|AXON_DENDRITE_CONFUSION
neuromorpho__SDGA2_slide3_neuron1.swc,pyramidal,0.6507,no,1,AXON_DENDRITE_CONFUSION
neuromorpho__204B-3-R2.swc,pyramidal,0.6513,no,1,AXON_DENDRITE_CONFUSION
neuromorpho__37112_slide2_cell7.swc,pyramidal,0.6514,no,2,APICAL_INVERTED|AXON_DENDRITE_CONFUSION
neuromorpho__203B-2-L5.swc,pyramidal,0.6522,no,2,APICAL_INVERTED|AXON_DENDRITE_CONFUSION
neuromorpho__A3_slide3_9.swc,pyramidal,0.6524,no,1,AXON_DENDRITE_CONFUSION
neuromorpho__A2_slide1_neuron2_II_III.swc,pyramidal,0.6532,no,2,AXON_DENDRITE_CONFUSION|TRUNCATED_APICAL
neuromorpho__A2_slide2_3.swc,pyramidal,0.6532,no,1,AXON_DENDRITE_CONFUSION
neuromorpho__B1_slide2_neuron6_II_III.swc,pyramidal,0.6537,no,2,APICAL_INVERTED|AXON_DENDRITE_CONFUSION
neuromorpho__22315_cell3.swc,pyramidal,0.6539,no,2,APICAL_INVERTED|AXON_DENDRITE_CONFUSION
neuromorpho__081103a.swc,interneuron,0.654,no,0,
neuromorpho__B2_slide3_4.swc,pyramidal,0.654,no,1,AXON_DENDRITE_CONFUSION
neuromorpho__241-2-9VN.swc,pyramidal,0.6541,no,0,
neuromorpho__A3_slide3_7.swc,pyramidal,0.6544,no,1,AXON_DENDRITE_CONFUSION
neuromorpho__B3_slide1_neuron5.swc,pyramidal,0.6554,no,1,AXON_DENDRITE_CONFUSION
neuromorpho__242-3-22LU.swc,pyramidal,0.6556,no,2,APICAL_INVERTED|AXON_DENDRITE_CONFUSION
neuromorpho__554-1-R4.swc,pyramidal,0.6561,no,0,
neuromorpho__22411_cell5.swc,pyramidal,0.6564,no,2,APICAL_INVERTED|AXON_DENDRITE_CONFUSION
neuromorpho__241-1-36VN.swc,pyramidal,0.6566,no,1,AXON_DENDRITE_CONFUSION
neuromorpho__A4_slide2_19.swc,pyramidal,0.6567,no,2,APICAL_INVERTED|AXON_DENDRITE_CONFUSION
neuromorpho__535_2_C4.swc,interneuron,0.6574,no,1,AXON_DENDRITE_CONFUSION
neuromorpho__204B-2-R2.swc,pyramidal,0.6577,no,2,APICAL_INVERTED|AXON_DENDRITE_CONFUSION
hpf_ca1__202244_007_edited.swc,pyramidal,0.6588,no,1,BASAL_LOST
neuromorpho__20180109B01.swc,pyramidal,0.6589,no,1,AXON_DENDRITE_CONFUSION
neuromorpho__236-2-69LS.swc,pyramidal,0.6592,no,2,APICAL_INVERTED|AXON_DENDRITE_CONFUSION
neuromorpho__10223c4.swc,pyramidal,0.66,no,1,AXON_DENDRITE_CONFUSION
neuromorpho__32221_cell4.swc,pyramidal,0.66,no,2,APICAL_INVERTED|AXON_DENDRITE_CONFUSION
neuromorpho__236-3-31LS.swc,pyramidal,0.6612,no,1,AXON_DENDRITE_CONFUSION
neuromorpho__11615c3.swc,pyramidal,0.6624,no,1,AXON_DENDRITE_CONFUSION
neuromorpho__241-2-11VN.swc,pyramidal,0.6626,no,2,APICAL_INVERTED|AXON_DENDRITE_CONFUSION
neuromorpho__A1_slide2_20.swc,pyramidal,0.6631,no,1,AXON_DENDRITE_CONFUSION
neuromorpho__241-2-49-AW.swc,pyramidal,0.6649,no,1,AXON_DENDRITE_CONFUSION
neuromorpho__241-2-92LU.swc,pyramidal,0.6654,no,2,APICAL_INVERTED|AXON_DENDRITE_CONFUSION
neuromorpho__het_1-3.swc,pyramidal,0.6667,no,0,
neuromorpho__J31a.swc,interneuron,0.6705,no,0,
neuromorpho__Exp_V1B-L5_cell8.swc,pyramidal,0.6716,no,0,
neuromorpho__HIP_CA1_KO_1.swc,pyramidal,0.6722,no,0,
neuromorpho__1115-07-19-R1.swc,pyramidal,0.6751,no,0,
neuromorpho__HSS-cobalt.swc,interneuron,0.6757,no,1,AXON_DENDRITE_CONFUSION
neuromorpho__Red_2weeks_Neuron2_addl.swc,pyramidal,0.6774,no,0,
hpf_ca1__202274_126_edited.swc,pyramidal,0.678,no,1,BASAL_LOST
neuromorpho__het_8_38.swc,pyramidal,0.6789,no,0,
neuromorpho__0604018001.swc,interneuron,0.6799,no,2,WHOLE_CELL_MISLABEL|STAGE1_PROPAGATION
neuromorpho__p120116-03-AAC.swc,interneuron,0.6919,no,1,STAGE1_PROPAGATION
neuromorpho__ko20x-05.swc,pyramidal,0.6967,no,2,BASAL_LOST|TRUNCATED_APICAL
neuromorpho__n22fts.swc,pyramidal,0.6985,no,0,
neuromorpho__cIN-1375-nrn-ns-101206-transl-invX-scaled-straightened.swc,interneuron,0.7004,no,1,AXON_DENDRITE_CONFUSION
allen__Chat-IRES-Cre-neo_Ai14-313181.04.02.01_582644266.swc,interneuron,0.7007,no,1,AXON_DENDRITE_CONFUSION
neuromorpho__4-ENU2-treated-neuron3.swc,pyramidal,0.7064,no,0,
neuromorpho__Ctrl_V1B-L23_cell1.swc,pyramidal,0.7081,no,0,
neuromorpho__het_3-2.swc,pyramidal,0.7135,no,0,
allen__H17.06.005.12.10.04_571435969.swc,interneuron,0.7143,no,1,AXON_DENDRITE_CONFUSION
neuromorpho__n175.swc,pyramidal,0.7161,no,1,BASAL_LOST
neuromorpho__HIP_CA1_KO_11.swc,pyramidal,0.7179,no,0,
neuromorpho__11224c3.swc,pyramidal,0.7198,no,1,BASAL_LOST
neuromorpho__HIP_CA1_KO_22.swc,pyramidal,0.7205,no,0,
neuromorpho__236-3-41LS.swc,pyramidal,0.7215,no,0,
neuromorpho__BMCell3_20m.swc,interneuron,0.7227,no,0,
neuromorpho__20190625_sample_10.swc,interneuron,0.7238,no,2,WHOLE_CELL_MISLABEL|BASAL_LOST
neuromorpho__111C_1_l_Ngr2KO.swc,pyramidal,0.7308,no,1,BASAL_LOST
neuromorpho__212_On_C.swc,interneuron,0.7344,no,0,
neuromorpho__K201221-05_onlydendrites.swc,interneuron,0.735,no,1,WHOLE_CELL_MISLABEL
neuromorpho__homo-7.swc,interneuron,0.7353,no,1,AXON_DENDRITE_CONFUSION
neuromorpho__102A_4_r_Ngr2KO_1.swc,pyramidal,0.7377,no,0,
neuromorpho__het_16-2_2.swc,pyramidal,0.7387,no,0,
neuromorpho__11505-27-R1.swc,pyramidal,0.7398,no,0,
neuromorpho__Cell-20111125SC1.swc,interneuron,0.7431,no,1,AXON_DENDRITE_CONFUSION
neuromorpho__20191107_sample_2.swc,interneuron,0.7431,no,1,AXON_DENDRITE_CONFUSION
neuromorpho__2-ENU2-veichle-neuron3.swc,pyramidal,0.7432,no,0,
neuromorpho__ctg_bV1_6.swc,pyramidal,0.747,no,0,
neuromorpho__B3_slide1_7.swc,pyramidal,0.7471,no,2,APICAL_INVERTED|BASAL_LOST
hpf_ca1__202412_001_edited.swc,pyramidal,0.7507,no,0,
hpf_ca1__202674_006_edited.swc,pyramidal,0.7519,no,0,
neuromorpho__cell-pair-22-09-11-D2.swc,interneuron,0.7521,no,0,
neuromorpho__Exp_V1B-L23_cell3.swc,pyramidal,0.7525,no,0,
neuromorpho__TO34_LIII_mPFC_rat.swc,pyramidal,0.7529,no,1,AXON_DENDRITE_CONFUSION
neuromorpho__236-2-71LS.swc,pyramidal,0.7532,no,1,APICAL_INVERTED
hpf_ca1__202240_012_edited.swc,pyramidal,0.7534,no,0,
neuromorpho__243-3-21VN.swc,pyramidal,0.7544,no,0,
neuromorpho__241-1-26LU.swc,interneuron,0.7556,no,0,
neuromorpho__3a_3_1.swc,pyramidal,0.7558,no,0,
neuromorpho__CA3_slide2_neuron3.swc,pyramidal,0.7586,no,1,AXON_DENDRITE_CONFUSION
neuromorpho__10n03c4.swc,pyramidal,0.761,no,0,
allen__H16.06.010.01.01.10.02_529898751.swc,pyramidal,0.7694,no,0,
neuromorpho__Anstoetz_SLM_IN7.swc,interneuron,0.7696,no,0,
neuromorpho__HIP_CA1_KO_20.swc,pyramidal,0.7698,no,0,
neuromorpho__PRLKO_29.swc,pyramidal,0.7723,no,0,
neuromorpho__236-3-13LS.swc,pyramidal,0.7725,no,0,
neuromorpho__Green_1week_Neuron2.swc,pyramidal,0.7755,no,0,
hpf_ca1__201990_022_edited.swc,pyramidal,0.7777,no,0,
neuromorpho__2c.swc,pyramidal,0.7778,no,0,
neuromorpho__Cell2biorxiv.swc,interneuron,0.7815,no,1,AXON_DENDRITE_CONFUSION
neuromorpho__Exp_V1B-L23_cell1.swc,pyramidal,0.7826,no,0,
neuromorpho__PRL_37.swc,pyramidal,0.7874,no,0,
hpf_ca1__202219_020_edited.swc,pyramidal,0.7879,no,0,
neuromorpho__241-2-101-AW.swc,pyramidal,0.79,no,0,
neuromorpho__236-2-78LS.swc,pyramidal,0.7908,no,0,
hpf_ca1__202217_019_edited.swc,pyramidal,0.7917,no,0,
neuromorpho__557-2-L5.swc,pyramidal,0.7921,no,0,
neuromorpho__omega-2.swc,pyramidal,0.7928,no,0,
allen__Chat-IRES-Cre-neo_Ai14-316042.05.01.01_586072188.swc,interneuron,0.7938,no,1,AXON_DENDRITE_CONFUSION
hpf_ca1__202508_003_edited.swc,pyramidal,0.7952,no,0,
hpf_ca1__202405_001_edited.swc,pyramidal,0.7953,no,0,
allen__Chat-IRES-Cre-neo_Ai14-313182.03.01.01_583138230.swc,interneuron,0.7976,no,1,AXON_DENDRITE_CONFUSION
hpf_ca1__210013_012_edited.swc,pyramidal,0.7978,no,0,
neuromorpho__Cell-18-4.swc,pyramidal,0.7991,no,0,
neuromorpho__Red_7-5weeks_Neuron2.swc,pyramidal,0.8,no,0,
neuromorpho__241-1-45VN.swc,pyramidal,0.8031,no,0,
neuromorpho__236-2-23LS.swc,pyramidal,0.8036,no,0,
neuromorpho__S2_2.swc,pyramidal,0.8048,no,0,
neuromorpho__557-3-R2.swc,pyramidal,0.8098,no,0,
neuromorpho__236-2-62LS.swc,pyramidal,0.8107,no,0,
neuromorpho__Mouse_CA2_Ma_Cell_8.swc,pyramidal,0.8133,no,1,APICAL_INVERTED
neuromorpho__het_16_30.swc,pyramidal,0.8136,no,0,
neuromorpho__Red_19weeks_Neuron6.swc,pyramidal,0.8148,no,0,
neuromorpho__100B_1_l_Ngr2KO_1.swc,pyramidal,0.8169,no,0,
neuromorpho__236-3-24LS.swc,pyramidal,0.8208,no,1,APICAL_INVERTED
neuromorpho__242-3-20LU.swc,pyramidal,0.821,no,0,
neuromorpho__1463-2-Sec4-LTL2.swc,pyramidal,0.8222,no,0,
neuromorpho__242-2-4VN.swc,pyramidal,0.823,no,0,
neuromorpho__1-d.swc,pyramidal,0.8232,no,0,
neuromorpho__WT343PFCL320XNeuron9.swc,pyramidal,0.826,no,0,
neuromorpho__iPRCp_12.swc,pyramidal,0.8269,no,1,APICAL_INVERTED
neuromorpho__241-2-35VN.swc,pyramidal,0.8272,no,0,
allen__Pvalb-IRES-Cre_Ai14-176848.03.01.01_333604946.swc,interneuron,0.8278,no,1,AXON_DENDRITE_CONFUSION
neuromorpho__NGFC_171116_4.swc,interneuron,0.8283,no,0,
hpf_ca1__210671_061_edited.swc,pyramidal,0.8295,no,0,
neuromorpho__236-2a-47-AW.swc,pyramidal,0.8298,no,0,
neuromorpho__1087-1-Sec5-BSL1.swc,pyramidal,0.83,no,0,
neuromorpho__6N5DAT6-50717GFPwtb_013-FCON3mutTdt21a.swc,interneuron,0.8308,no,0,
neuromorpho__HIV-tg_Neuron4.swc,pyramidal,0.8326,no,0,
neuromorpho__9-c.swc,pyramidal,0.8326,no,0,
neuromorpho__Green_2w_Neuron7_add'l.swc,pyramidal,0.8333,no,0,
neuromorpho__SW150113-01RabiesPHALPFC_x772_y876_z296_7.swc,pyramidal,0.8342,no,0,
hpf_ca1__210668_015_edited.swc,pyramidal,0.8353,no,0,
neuromorpho__241-1-50VN.swc,pyramidal,0.8363,no,0,
hpf_ca1__202219_011_edited.swc,pyramidal,0.8366,no,0,
neuromorpho__4-ENU2-treated-neuron2.swc,pyramidal,0.8385,no,0,
neuromorpho__6N1-5072019_TileScan-3_Merged_wt2a.swc,interneuron,0.8399,no,0,
neuromorpho__100103a.swc,interneuron,0.8402,no,0,
neuromorpho__EXP-5_67-Scr-1013.swc,interneuron,0.8407,no,0,
hpf_ca1__202233_010_edited.swc,pyramidal,0.8415,no,1,APICAL_INVERTED
allen__Chat-IRES-Cre-neo_Ai14-316042.03.01.01_586071425.swc,interneuron,0.8425,no,1,AXON_DENDRITE_CONFUSION
neuromorpho__1460-2-Sec1-BSL1.swc,pyramidal,0.8429,no,0,
neuromorpho__241-2-85LU.swc,pyramidal,0.8429,no,0,
neuromorpho__241-3-30LU.swc,pyramidal,0.8438,no,0,
hpf_ca1__202401_138_edited.swc,pyramidal,0.8442,no,1,APICAL_INVERTED
neuromorpho__241-2-32VN.swc,pyramidal,0.8454,no,0,
neuromorpho__L3R4_02_-240.swc,interneuron,0.8464,no,0,
neuromorpho__exp-5-59-Scr-1008.swc,interneuron,0.8467,no,0,
neuromorpho__PRLKO_22.swc,pyramidal,0.8506,no,0,
neuromorpho__M1_18.swc,pyramidal,0.8514,no,0,
neuromorpho__C14-01-15DIV13CS1.swc,interneuron,0.8516,no,0,
hpf_ca1__210248_017_edited.swc,pyramidal,0.852,no,0,
neuromorpho__SW150113-01RabiesPHALPFC_x772_y876_z296_10.swc,pyramidal,0.8523,no,0,
neuromorpho__Gunnersen_A14b4slice2RHS.swc,pyramidal,0.8527,no,0,
neuromorpho__ctrl_bV1_2.swc,pyramidal,0.8529,no,0,
neuromorpho__tom-6.swc,pyramidal,0.8532,no,0,
neuromorpho__A3_slide2_16.swc,pyramidal,0.8536,no,0,
neuromorpho__Cell-3-1.swc,interneuron,0.855,no,1,WHOLE_CELL_MISLABEL
neuromorpho__Green_19weeks_Neuron3.swc,pyramidal,0.8571,no,0,
neuromorpho__X043_S7_Z4_C01.swc,pyramidal,0.8579,no,0,
neuromorpho__B716_NeuronA_40X_Tile_Trace_MK.swc,pyramidal,0.864,no,1,TRUNCATED_APICAL
neuromorpho__dIN-436-NRN-ONLY-100324-UNPROCESSED-WITHIN-NS.swc,interneuron,0.8642,no,0,
neuromorpho__Red_2weeks__Neuron3.swc,pyramidal,0.8642,no,0,
neuromorpho__N089.swc,pyramidal,0.8649,no,0,
neuromorpho__11303c5.swc,pyramidal,0.8694,no,0,
neuromorpho__X043_S5_Z1_C02_20x.swc,pyramidal,0.8701,no,2,APICAL_INVERTED|TRUNCATED_APICAL
neuromorpho__236-2a-27-AW.swc,pyramidal,0.8704,no,0,
neuromorpho__236-2-63LS.swc,pyramidal,0.8717,no,0,
neuromorpho__2-wild-type-veichle-neuron3.swc,pyramidal,0.8723,no,0,
neuromorpho__n179.swc,pyramidal,0.8736,no,0,
hpf_ca1__202258_044_edited.swc,pyramidal,0.8738,no,1,APICAL_INVERTED
neuromorpho__558-1-R2.swc,pyramidal,0.875,no,0,
neuromorpho__241-1-6VN.swc,pyramidal,0.8791,no,0,
neuromorpho__560-4-L1.swc,pyramidal,0.881,no,0,
neuromorpho__236-3-59LS.swc,pyramidal,0.8811,no,0,
neuromorpho__Gunnersen_A3b1slice5RHS.swc,pyramidal,0.8838,no,0,
hpf_ca1__202220_077_edited.swc,pyramidal,0.8847,no,0,
neuromorpho__Cell-5-2_7.swc,pyramidal,0.8873,no,0,
neuromorpho__T34_NeuronC_40X_Tile_Trace_RK.swc,pyramidal,0.8903,no,1,TRUNCATED_APICAL
neuromorpho__Cell-17-2.swc,pyramidal,0.8903,no,0,
neuromorpho__Canopy_170307_3.swc,interneuron,0.893,no,0,
hpf_ca1__202404_038_edited.swc,pyramidal,0.8955,no,0,
allen__H17.06.005.12.15.04_571471295.swc,pyramidal,0.8964,no,1,AXON_DENDRITE_CONFUSION
neuromorpho__1a_4.swc,pyramidal,0.8971,no,0,
neuromorpho__T118_NeuronC_40X_Tile_Trace_RK.swc,pyramidal,0.8979,no,0,
neuromorpho__A1_slide2_1.swc,pyramidal,0.8987,no,1,APICAL_INVERTED
hpf_ca1__202829_069_edited.swc,pyramidal,0.8994,no,0,
allen__H16.03.008.11.11.02_542137330.swc,pyramidal,0.8998,no,1,AXON_DENDRITE_CONFUSION
neuromorpho__T61_NeuronA_40X_Trace_CH.swc,pyramidal,0.9028,no,1,TRUNCATED_APICAL
neuromorpho__105B_1_r_WT.swc,pyramidal,0.903,no,1,APICAL_INVERTED
neuromorpho__Neuron-3_2_1.swc,pyramidal,0.9032,no,0,
neuromorpho__1463-2-Sec5-BSL1.swc,pyramidal,0.9055,no,0,
neuromorpho__4_52.swc,pyramidal,0.9084,no,0,
neuromorpho__11c_3.swc,pyramidal,0.9091,no,0,
neuromorpho__Red_19weeks_Neuron5.swc,pyramidal,0.9091,no,0,
neuromorpho__242-1-18VN.swc,pyramidal,0.9092,no,1,APICAL_INVERTED
neuromorpho__092317A_ECA.swc,pyramidal,0.91,no,1,APICAL_INVERTED
neuromorpho__242-1-6VN.swc,pyramidal,0.9114,no,0,
neuromorpho__M1KO_39.swc,pyramidal,0.9121,no,0,
allen__Vipr2-IRES2-Cre_Slc32a1-T2A-FlpO_Ai65-315067.06.01.01_585841870.swc,interneuron,0.9122,no,0,
neuromorpho__group2_cell10.swc,pyramidal,0.9129,no,0,
neuromorpho__Neuron-4-3.swc,pyramidal,0.9134,no,0,
neuromorpho__560-4-R2.swc,pyramidal,0.9135,no,0,
neuromorpho__236-2a-13-AW.swc,pyramidal,0.9177,no,0,
hpf_ca1__202219_028_edited.swc,pyramidal,0.9199,no,0,
allen__H17.06.005.12.12.03_571525618.swc,interneuron,0.9199,no,0,
neuromorpho__HIP_CA1_WT_22.swc,pyramidal,0.9212,no,0,
neuromorpho__G7-7.swc,pyramidal,0.9215,no,0,
allen__H17.06.007.11.06.01_576084692.swc,interneuron,0.9216,no,0,
neuromorpho__2017-29-03-slice-2-cell-2-rotated.swc,interneuron,0.922,no,0,
neuromorpho__105E_4_l_WT_2.swc,pyramidal,0.9266,no,1,APICAL_INVERTED
neuromorpho__11C3neuron3.swc,pyramidal,0.9271,no,0,
neuromorpho__P110715-02-BC.swc,interneuron,0.928,no,0,
neuromorpho__Cell4_Hippocampus_singlecell.swc,interneuron,0.9306,no,1,AXON_DENDRITE_CONFUSION
neuromorpho__HIV-tg_Neuron2.swc,pyramidal,0.9308,no,0,
neuromorpho__03b_pyramidal4aFI.swc,pyramidal,0.9311,no,0,
neuromorpho__241-3-24LU.swc,pyramidal,0.9316,no,0,
neuromorpho__WT_3_3.swc,pyramidal,0.9325,no,0,
neuromorpho__M1KO_40.swc,pyramidal,0.9336,no,0,
neuromorpho__29_den_ax.swc,pyramidal,0.9337,no,1,APICAL_INVERTED
neuromorpho__B988_NeuronC_40x_Tile_Trace_MK.swc,pyramidal,0.9338,no,0,
neuromorpho__1086-2-Sec6-BSL2.swc,pyramidal,0.936,no,0,
neuromorpho__n16fts.swc,pyramidal,0.9411,no,0,
neuromorpho__cell3_wt_traces.swc,interneuron,0.9418,no,0,
neuromorpho__11C3neuron4.swc,pyramidal,0.9437,no,0,
neuromorpho__B2_slide3_neuron1.swc,pyramidal,0.9442,no,1,APICAL_INVERTED
neuromorpho__180702_morpho-6_hippo_tau488_trfp_map2648_Hippo-3-8_crop.swc,pyramidal,0.9456,no,0,
neuromorpho__Cell3biorxiv.swc,interneuron,0.9468,no,1,AXON_DENDRITE_CONFUSION
neuromorpho__n126.swc,pyramidal,0.9483,no,1,APICAL_INVERTED
neuromorpho__C10-32.swc,pyramidal,0.9485,no,0,
neuromorpho__M2_27.swc,pyramidal,0.9488,no,0,
neuromorpho__n129.swc,pyramidal,0.9489,no,0,
hpf_ca1__202404_041_edited.swc,pyramidal,0.951,no,1,APICAL_INVERTED
neuromorpho__B4_slide1_neuron2.swc,pyramidal,0.9512,no,1,APICAL_INVERTED
neuromorpho__081017RF4.swc,pyramidal,0.9516,no,2,APICAL_INVERTED|AXON_DENDRITE_CONFUSION
neuromorpho__Red_6weeks_Neuron1.swc,pyramidal,0.9524,no,0,
neuromorpho__group2_cell5.swc,pyramidal,0.9533,no,0,
neuromorpho__G7-8.swc,pyramidal,0.9536,no,1,APICAL_INVERTED
allen__Chat-IRES-Cre-neo_Ai14-316042.06.01.01_586072783.swc,interneuron,0.9541,no,0,
allen__Chrna2-Cre_OE25_Ai14(IVSCC)-294467.03.01.01_566761793.swc,interneuron,0.9542,no,0,
neuromorpho__aIN-524-nrn-ns-100407-transl-invX-scaled-straightened.swc,interneuron,0.9554,no,0,
neuromorpho__243-2-16VN.swc,pyramidal,0.9562,no,1,APICAL_INVERTED
neuromorpho__Sept12-IR3e-40x-low-AG-AT-MM.swc,pyramidal,0.9565,no,1,APICAL_INVERTED
neuromorpho__11501-23-R1.swc,pyramidal,0.9567,no,0,
neuromorpho__2020-03-11_13-01-38SST-MORF3Mb01-1V5-647SST488-30x02Str_b.swc,interneuron,0.957,no,0,
neuromorpho__6N5DAT6-50717GFPwtb_013-FCON3mutTdt24a.swc,interneuron,0.9571,no,1,WHOLE_CELL_MISLABEL
neuromorpho__3-ENU2-veichle-neuron3.swc,pyramidal,0.9576,no,0,
neuromorpho__dlc-1367-nrn-ns-110116-combined-transl-invX-scaled-straightened.swc,interneuron,0.9582,no,0,
neuromorpho__Layer-6-Ethanol-3.swc,pyramidal,0.9586,no,1,TRUNCATED_APICAL
neuromorpho__236-2a-3-AW.swc,pyramidal,0.9608,no,0,
allen__Ndnf-IRES2-dgCre_Ai14-298343.05.02.02_569494755.swc,interneuron,0.9618,no,0,
allen__Chrna2-Cre_OE25_Ai14(IVSCC)-294916.03.01.02_567354967.swc,interneuron,0.9633,no,0,
neuromorpho__13_den_ax.swc,pyramidal,0.9635,no,0,
neuromorpho__Canopy_161007_2.swc,interneuron,0.9636,no,0,
allen__Vip-IRES-Cre_Ai14-299123.04.01.01_570896413.swc,interneuron,0.9637,no,0,
neuromorpho__3-wild-type-veichle-neuron1_2.swc,pyramidal,0.9638,no,2,APICAL_INVERTED|TRUNCATED_APICAL
neuromorpho__Layer-6-Ethanol-10.swc,pyramidal,0.9651,no,1,APICAL_INVERTED
allen__Oxtr-2A-Cre_Ai14-293839.02.02.02_565415071.swc,interneuron,0.9652,no,0,
neuromorpho__02a_pyramidal2aFI.swc,pyramidal,0.9653,no,0,
neuromorpho__236-2a-23-AW.swc,pyramidal,0.9653,no,2,APICAL_INVERTED|TRUNCATED_APICAL
neuromorpho__243-2-25VN.swc,pyramidal,0.9655,no,0,
neuromorpho__Green_6Weeks_Neuron4.swc,pyramidal,0.9663,no,0,
neuromorpho__36_den_ax.swc,pyramidal,0.9664,no,0,
neuromorpho__236-3-40LS.swc,pyramidal,0.9667,no,0,
neuromorpho__Layer-2-3-Ethanol-23.swc,pyramidal,0.9667,no,1,TRUNCATED_APICAL
neuromorpho__1116-1-Sec6-LTL3.swc,pyramidal,0.9668,no,0,
allen__Chat-IRES-Cre-neo_Ai14-316043.04.02.01_585925172.swc,interneuron,0.9673,no,0,
neuromorpho__dIN-364-nrn-ns-100407-transl-invX-scaled-straightened.swc,interneuron,0.9682,no,0,
neuromorpho__wt20x-09.swc,pyramidal,0.9683,no,1,APICAL_INVERTED
neuromorpho__Oct9-IR2-5s-40x-MM.swc,pyramidal,0.9687,no,1,APICAL_INVERTED
neuromorpho__Green_2weeks_Neuron9add'l.swc,pyramidal,0.9688,no,0,
hpf_ca1__202219_010_edited.swc,pyramidal,0.9689,no,1,APICAL_INVERTED
neuromorpho__2020-03-11_13-01-38SST-MORF3Mb01-1V5-647SST488-30x02Str_c.swc,interneuron,0.969,no,0,
neuromorpho__T80_NeuronC_40X_Tile_Trace_MB2.swc,pyramidal,0.9693,no,1,TRUNCATED_APICAL
neuromorpho__ko20x-14.swc,pyramidal,0.9694,no,1,TRUNCATED_APICAL
neuromorpho__1124-1-Sec2-LTL2.swc,pyramidal,0.9696,no,0,
neuromorpho__Mouse_CA2_Ma_Cell.swc,pyramidal,0.9707,no,0,
neuromorpho__Layer-5-Ethanol-3.swc,pyramidal,0.9715,no,1,APICAL_INVERTED
neuromorpho__P111123-01-AAC.swc,interneuron,0.972,no,0,
neuromorpho__PDE1c_vGluT2-KO_IN28.swc,interneuron,0.9724,no,0,
neuromorpho__242-2-23VN.swc,pyramidal,0.9725,no,1,APICAL_INVERTED
neuromorpho__236-3-17LS.swc,pyramidal,0.9727,no,1,APICAL_INVERTED
neuromorpho__236-3-56LS.swc,pyramidal,0.9728,no,0,
allen__Htr3a-Cre_NO152_Pvalb-T2A-Dre_Ai66-304920.02.02.01_580162374.swc,interneuron,0.9734,no,0,
neuromorpho__243-2-26VN.swc,pyramidal,0.9738,no,0,
neuromorpho__KOA-3-2-9.swc,pyramidal,0.9748,no,1,APICAL_INVERTED
neuromorpho__03a_pyramidal9aFI.swc,pyramidal,0.975,no,1,APICAL_INVERTED
neuromorpho__101A_1_r_Ngr2KO_2.swc,pyramidal,0.9751,no,0,
neuromorpho__P111103-01-BC.swc,interneuron,0.9752,no,0,
neuromorpho__241-2-3VN.swc,pyramidal,0.9762,no,0,
neuromorpho__32315-V1-3Slice2Cell1.swc,pyramidal,0.9773,no,1,APICAL_INVERTED
hpf_ca1__202680_025_edited.swc,pyramidal,0.978,no,0,
allen__H17.06.012.14.08.05_611610514.swc,interneuron,0.9782,no,0,
neuromorpho__28_den_ax.swc,pyramidal,0.9785,no,0,
neuromorpho__maleCA1pyramidal3.swc,pyramidal,0.9785,no,1,APICAL_INVERTED
neuromorpho__T83_A_Trace_RK.swc,pyramidal,0.9786,no,0,
allen__H16.06.012.11.08.02_548425467.swc,pyramidal,0.979,no,0,
neuromorpho__14-1-15-A-A1.swc,interneuron,0.979,no,0,
neuromorpho__I5-10.swc,pyramidal,0.9792,no,1,TRUNCATED_APICAL
neuromorpho__wt20x-03.swc,pyramidal,0.9793,no,2,APICAL_INVERTED|TRUNCATED_APICAL
neuromorpho__PFC-20140312B_Analysis.swc,interneuron,0.9797,no,0,
neuromorpho__Gunnersen_B15b4slice2RHS.swc,pyramidal,0.9797,no,0,
neuromorpho__C10-5.swc,pyramidal,0.98,no,0,
neuromorpho__20200114_D_63X_zstack_tile_stitch.swc,interneuron,0.9802,no,0,
neuromorpho__108A_2_l_WT_1.swc,pyramidal,0.9804,no,1,APICAL_INVERTED
neuromorpho__Layer-2-3-Sucrose-3.swc,pyramidal,0.9807,no,2,APICAL_INVERTED|TRUNCATED_APICAL
neuromorpho__Layer-2-3-Ethanol-21.swc,pyramidal,0.9814,no,2,APICAL_INVERTED|TRUNCATED_APICAL
neuromorpho__cell-pair-22-09-11-D1.swc,interneuron,0.9819,no,0,
neuromorpho__Layer-6-Sucrose-14.swc,pyramidal,0.9822,no,1,APICAL_INVERTED
neuromorpho__19-02-19A-11-cell-2.swc,interneuron,0.9828,no,0,
neuromorpho__1451-1-Sec1-BSL2.swc,pyramidal,0.983,no,0,
neuromorpho__30_den_ax.swc,pyramidal,0.9831,no,0,
neuromorpho__n128.swc,pyramidal,0.9832,no,1,APICAL_INVERTED
neuromorpho__SW150113-01RabiesPHALPFC_x772_y876_z296_15.swc,pyramidal,0.9834,no,0,
neuromorpho__236-3-16LS.swc,pyramidal,0.9837,no,0,
neuromorpho__Layer-5-Ethanol-11.swc,pyramidal,0.9839,no,1,APICAL_INVERTED
neuromorpho__n120.swc,pyramidal,0.9845,no,0,
neuromorpho__Gunnersen_B17b5slice3RHS.swc,pyramidal,0.985,no,0,
neuromorpho__wt20x-01.swc,pyramidal,0.9851,no,2,APICAL_INVERTED|TRUNCATED_APICAL
neuromorpho__33_11.swc,pyramidal,0.9853,no,0,
neuromorpho__B4_slide2_neuron4.swc,pyramidal,0.9858,no,0,
neuromorpho__neuron-1_2_3.swc,pyramidal,0.9861,no,0,
neuromorpho__ctrl_bV1_3.swc,pyramidal,0.9861,no,0,
neuromorpho__236-2a-25-AW.swc,pyramidal,0.9861,no,0,
neuromorpho__TT-01-28-14-1R.swc,interneuron,0.9866,no,0,
neuromorpho__X043_S4_Z1_C01.swc,pyramidal,0.9867,no,2,APICAL_INVERTED|TRUNCATED_APICAL
neuromorpho__242-1-2VN.swc,pyramidal,0.9869,no,1,APICAL_INVERTED
neuromorpho__Pvalb-IRES-Cre_Ai14-198335-04-01-01_653182186_m.swc,interneuron,0.987,no,0,
neuromorpho__100B_2_r_Ngr2KO_2.swc,pyramidal,0.987,no,0,
neuromorpho__3_53.swc,pyramidal,0.9871,no,0,
neuromorpho__111A_2_r_Ngr2KO.swc,pyramidal,0.9875,no,0,
neuromorpho__wt20x-04.swc,pyramidal,0.9876,no,1,APICAL_INVERTED
neuromorpho__261015c2.swc,interneuron,0.9879,no,0,
neuromorpho__236-2a-7-AW.swc,pyramidal,0.9879,no,0,
neuromorpho__8_den_ax.swc,pyramidal,0.9882,no,1,APICAL_INVERTED
neuromorpho__Layer-6-Ethanol-19.swc,pyramidal,0.9882,no,1,APICAL_INVERTED
hpf_ca1__201983_012_edited.swc,pyramidal,0.9886,no,1,APICAL_INVERTED
neuromorpho__060315B_ECA.swc,pyramidal,0.989,no,1,APICAL_INVERTED
neuromorpho__CSp0114-1.swc,pyramidal,0.9891,no,0,
neuromorpho__mPFC_w1_L5_08.swc,pyramidal,0.9891,no,1,APICAL_INVERTED
neuromorpho__111D_1_l_Ngr2KO_2.swc,pyramidal,0.9892,no,0,
neuromorpho__3-wild-type-veichle-neuron3.swc,pyramidal,0.9896,no,0,
allen__Chat-IRES-Cre-neo_Ai14-316042.05.02.01_586072464.swc,interneuron,0.99,no,0,
neuromorpho__109C_2_r_Ngr2KO.swc,pyramidal,0.9901,no,1,APICAL_INVERTED
neuromorpho__109C_1_r_Ngr2KO_1.swc,pyramidal,0.9901,no,0,
neuromorpho__A2_slide1_4.swc,pyramidal,0.9902,no,0,
neuromorpho__A3_slide2_1.swc,pyramidal,0.9904,no,0,
neuromorpho__X043_S7_Z2_C01.swc,pyramidal,0.9908,no,1,TRUNCATED_APICAL
neuromorpho__SW150113-01RabiesPHALPFC_x772_y876_z296_8.swc,pyramidal,0.9909,no,0,
neuromorpho__A4_slide2_20.swc,pyramidal,0.9912,no,0,
neuromorpho__241-2-45-AW.swc,pyramidal,0.9915,no,1,APICAL_INVERTED
neuromorpho__Layer-6-Ethanol-16.swc,pyramidal,0.9916,no,1,APICAL_INVERTED
neuromorpho__a7_170216_2.swc,interneuron,0.9921,no,0,
neuromorpho__LES6-mut-1195-neuron-3.swc,pyramidal,0.9921,no,2,APICAL_INVERTED|TRUNCATED_APICAL
neuromorpho__mPFC_w4_L3_07.swc,pyramidal,0.9922,no,1,APICAL_INVERTED
neuromorpho__mPFC_w2_L5_08.swc,pyramidal,0.9927,no,1,APICAL_INVERTED
neuromorpho__1117-2-Sec7-LTL3.swc,pyramidal,0.9927,no,0,
neuromorpho__Fresh-Sholl-2-D7-Tau-LA-Map2008_crop.swc,pyramidal,0.9929,no,0,
neuromorpho__B2_slide2_neuron5.swc,pyramidal,0.9931,no,0,
neuromorpho__17_den_ax.swc,pyramidal,0.9935,no,0,
allen__H17.06.003.11.03.03_614651270.swc,interneuron,0.9936,no,0,
neuromorpho__Gunnersen_A12b3slice3RHS.swc,pyramidal,0.9938,no,0,
neuromorpho__Oct9-IR3-4H.swc,pyramidal,0.9939,no,0,
neuromorpho__Strokefeb23IR3-3j40xlowres.swc,pyramidal,0.994,no,1,APICAL_INVERTED
neuromorpho__13A6neuron1Layers.swc,pyramidal,0.994,no,0,
neuromorpho__X046_S5_Z5_C01.swc,pyramidal,0.9942,no,2,APICAL_INVERTED|TRUNCATED_APICAL
neuromorpho__33_den_ax.swc,pyramidal,0.9943,no,0,
neuromorpho__04b_pyramidal6aFI.swc,pyramidal,0.9943,no,1,APICAL_INVERTED
neuromorpho__12_47.swc,pyramidal,0.9945,no,0,
neuromorpho__X046_S4_Z4_C03_20X.swc,pyramidal,0.9945,no,1,TRUNCATED_APICAL
neuromorpho__LES6-WT-1187-neuron-1.swc,pyramidal,0.9949,no,1,APICAL_INVERTED
neuromorpho__crop0_2_seg_split_12_1-35.swc,pyramidal,0.9951,no,0,
neuromorpho__72715-V1-2slice10.swc,pyramidal,0.9953,no,2,APICAL_INVERTED|TRUNCATED_APICAL
neuromorpho__fig2b_2.swc,pyramidal,0.9954,no,0,
neuromorpho__WT_4.swc,pyramidal,0.9956,no,1,APICAL_INVERTED
neuromorpho__18414_slide2_cell1.swc,pyramidal,0.9957,no,1,APICAL_INVERTED
allen__Ndnf-IRES2-dgCre_Ai14-306261.05.02.01_574734127.swc,interneuron,0.9959,no,0,
neuromorpho__CSp0302-1.swc,pyramidal,0.9959,no,0,
neuromorpho__203B-4-L3.swc,pyramidal,0.9959,no,0,
neuromorpho__Neuron-8-E-and-I-synapses.swc,pyramidal,0.996,no,1,APICAL_INVERTED
neuromorpho__B2_slide1_7.swc,pyramidal,0.9963,no,0,
neuromorpho__38_7.swc,pyramidal,0.9965,no,0,
neuromorpho__T61_NeuronC_40X_Tile_Trace_MK.swc,pyramidal,0.9967,no,1,TRUNCATED_APICAL
neuromorpho__11_49.swc,pyramidal,0.9968,no,0,
neuromorpho__cM2p_02.swc,pyramidal,0.9968,no,1,APICAL_INVERTED
neuromorpho__mPFC_w4_L3_05.swc,pyramidal,0.9969,no,0,
allen__H15.06.016.01.03.02_488386626.swc,interneuron,0.997,no,0,
neuromorpho__B2_slide3_16.swc,pyramidal,0.9971,no,0,
neuromorpho__n5fts.swc,pyramidal,0.9974,no,0,
neuromorpho__36_10.swc,pyramidal,0.9975,no,0,
neuromorpho__243-2-23VN.swc,pyramidal,0.9975,no,0,
neuromorpho__236-2a-59-AW.swc,pyramidal,0.9977,no,0,
neuromorpho__mPFC_w2_L5_09.swc,pyramidal,0.9979,no,1,APICAL_INVERTED
neuromorpho__11_51.swc,pyramidal,0.9983,no,0,
neuromorpho__Jun1IR2c-tgv.swc,pyramidal,0.9985,no,2,APICAL_INVERTED|TRUNCATED_APICAL
neuromorpho__1086-4-Sec2-LTL2.swc,pyramidal,0.9986,no,1,TRUNCATED_APICAL
neuromorpho__Cell31.swc,interneuron,0.9988,no,0,
neuromorpho__38_8.swc,pyramidal,0.9989,no,0,
neuromorpho__26-11-14-A-A4b.swc,interneuron,0.999,no,0,
neuromorpho__1083-2-Sec1-BSL1.swc,pyramidal,0.9992,no,1,APICAL_INVERTED
neuromorpho__39_7.swc,pyramidal,0.9992,no,0,
neuromorpho__Feb23IR1L-MM.swc,pyramidal,0.9993,no,1,APICAL_INVERTED
neuromorpho__N043.swc,pyramidal,0.9994,no,0,
neuromorpho__Pvalb-IRES-Cre_Ai14-296193-04-01-01_596792650_m.swc,interneuron,0.9995,no,0,
neuromorpho__Jun1IR2h.swc,pyramidal,0.9995,no,1,APICAL_INVERTED
neuromorpho__032118Ac1_nNOS-1.swc,interneuron,0.9996,no,0,
neuromorpho__6_47.swc,pyramidal,0.9996,no,0,
hpf_ca1__202232_071_edited.swc,pyramidal,0.9997,no,1,APICAL_INVERTED
hpf_ca1__202248_022_edited.swc,pyramidal,0.9998,no,1,APICAL_INVERTED
allen__Vipr2-IRES2-Cre_Pvalb-T2A-FlpO_Ai65-344474.05.01.01_614767057.swc,interneuron,0.9998,no,0,
allen__Ndnf-IRES2-dgCre_Ai14-290382.04.01.01_562632795.swc,interneuron,0.9998,no,0,
allen__Chat-IRES-Cre-neo_Ai14-308245.04.02.01_577369606.swc,interneuron,0.9999,no,0,
hpf_ca1__202461_007_edited.swc,pyramidal,1.0,no,1,APICAL_INVERTED
hpf_ca1__202232_022_edited.swc,pyramidal,1.0,no,1,APICAL_INVERTED
hpf_ca1__202664_010_edited.swc,pyramidal,1.0,no,0,
hpf_ca1__202234_026_edited.swc,pyramidal,1.0,no,1,APICAL_INVERTED
hpf_ca1__202403_126_edited.swc,pyramidal,1.0,no,1,APICAL_INVERTED
hpf_ca1__202426_055_edited.swc,pyramidal,1.0,no,1,APICAL_INVERTED
hpf_ca1__202239_001_edited.swc,pyramidal,1.0,no,0,
hpf_ca1__202807_027_edited.swc,pyramidal,1.0,no,1,APICAL_INVERTED
hpf_ca1__202544_027_edited.swc,pyramidal,1.0,no,1,APICAL_INVERTED
hpf_ca1__202414_448_edited.swc,pyramidal,1.0,no,1,APICAL_INVERTED
hpf_ca1__202503_024_edited.swc,pyramidal,1.0,no,1,APICAL_INVERTED
hpf_ca1__210701_017_edited.swc,pyramidal,1.0,no,0,
hpf_ca1__202414_533_edited.swc,pyramidal,1.0,no,1,APICAL_INVERTED
hpf_ca1__202679_007_edited.swc,pyramidal,1.0,no,0,
hpf_ca1__202414_539_edited.swc,pyramidal,1.0,no,1,APICAL_INVERTED
hpf_ca1__202403_125_edited.swc,pyramidal,1.0,no,1,APICAL_INVERTED
hpf_ca1__202259_063_edited.swc,pyramidal,1.0,no,1,APICAL_INVERTED
hpf_ca1__202427_143_edited.swc,pyramidal,1.0,no,0,
hpf_ca1__202237_014_edited.swc,pyramidal,1.0,no,1,APICAL_INVERTED
hpf_ca1__202258_026_edited.swc,pyramidal,1.0,no,1,APICAL_INVERTED
neuromorpho__BC150330C_29.swc,interneuron,1.0,no,0,
hpf_ca1__202414_008_edited.swc,pyramidal,1.0,no,0,
hpf_ca1__202415_026_edited.swc,pyramidal,1.0,no,1,APICAL_INVERTED
hpf_ca1__202503_037_edited.swc,pyramidal,1.0,no,1,APICAL_INVERTED
hpf_ca1__202503_021_edited.swc,pyramidal,1.0,no,1,APICAL_INVERTED
hpf_ca1__202269_017_edited.swc,pyramidal,1.0,no,1,APICAL_INVERTED
hpf_ca1__202418_019_edited.swc,pyramidal,1.0,no,0,
hpf_ca1__202261_102_edited.swc,pyramidal,1.0,no,1,APICAL_INVERTED
hpf_ca1__202807_022_edited.swc,pyramidal,1.0,no,1,APICAL_INVERTED
hpf_ca1__201990_029_edited.swc,pyramidal,1.0,no,1,APICAL_INVERTED
hpf_ca1__202400_018_edited.swc,pyramidal,1.0,no,1,APICAL_INVERTED
hpf_ca1__210014_033_edited.swc,pyramidal,1.0,no,0,
neuromorpho__BC150112A_27.swc,interneuron,1.0,no,0,
hpf_ca1__202669_010_edited.swc,pyramidal,1.0,no,0,
hpf_ca1__202401_137_edited.swc,pyramidal,1.0,no,1,APICAL_INVERTED
hpf_ca1__202401_205_edited.swc,pyramidal,1.0,no,1,APICAL_INVERTED
hpf_ca1__202261_111_edited.swc,pyramidal,1.0,no,1,APICAL_INVERTED
hpf_ca1__202500_003_edited.swc,pyramidal,1.0,no,1,APICAL_INVERTED
hpf_ca1__202461_015_edited.swc,pyramidal,1.0,no,0,
hpf_ca1__201990_006_edited.swc,pyramidal,1.0,no,1,APICAL_INVERTED
hpf_ca1__202239_003_edited.swc,pyramidal,1.0,no,0,
hpf_ca1__202400_033_edited.swc,pyramidal,1.0,no,1,APICAL_INVERTED
hpf_ca1__202400_120_edited.swc,pyramidal,1.0,no,1,APICAL_INVERTED
hpf_ca1__202497_009_edited.swc,pyramidal,1.0,no,1,APICAL_INVERTED
hpf_ca1__202238_014_edited.swc,pyramidal,1.0,no,1,APICAL_INVERTED
hpf_ca1__210671_062_edited.swc,pyramidal,1.0,no,0,
hpf_ca1__202271_177_edited.swc,pyramidal,1.0,no,0,
hpf_ca1__202259_069_edited.swc,pyramidal,1.0,no,1,APICAL_INVERTED
neuromorpho__BC150106A_26.swc,interneuron,1.0,no,0,
hpf_ca1__202274_096_edited.swc,pyramidal,1.0,no,1,APICAL_INVERTED
hpf_ca1__210670_030_edited.swc,pyramidal,1.0,no,0,
hpf_ca1__202426_132_edited.swc,pyramidal,1.0,no,1,APICAL_INVERTED
hpf_ca1__202271_141_edited.swc,pyramidal,1.0,no,0,
neuromorpho__I_1_40.swc,interneuron,1.0,no,0,
hpf_ca1__202401_229_edited.swc,pyramidal,1.0,no,1,APICAL_INVERTED
hpf_ca1__202462_001_edited.swc,pyramidal,1.0,no,0,
neuromorpho__BC160620B_39.swc,interneuron,1.0,no,0,
neuromorpho__C15-10-14DIV15CS1Cell1.swc,interneuron,1.0,no,0,
hpf_ca1__210110_054_edited.swc,pyramidal,1.0,no,1,APICAL_INVERTED
hpf_ca1__202414_540_edited.swc,pyramidal,1.0,no,1,APICAL_INVERTED
hpf_ca1__202423_003_edited.swc,pyramidal,1.0,no,1,APICAL_INVERTED
hpf_ca1__210014_017_edited.swc,pyramidal,1.0,no,0,
neuromorpho__BC130221A_07.swc,interneuron,1.0,no,0,
hpf_ca1__202426_044_edited.swc,pyramidal,1.0,no,0,
hpf_ca1__202392_002_edited.swc,pyramidal,1.0,no,1,APICAL_INVERTED
hpf_ca1__202414_532_edited.swc,pyramidal,1.0,no,1,APICAL_INVERTED
hpf_ca1__202426_053_edited.swc,pyramidal,1.0,no,0,
hpf_ca1__210111_053_edited.swc,pyramidal,1.0,no,1,APICAL_INVERTED
hpf_ca1__202246_024_edited.swc,pyramidal,1.0,no,0,
hpf_ca1__202240_013_edited.swc,pyramidal,1.0,no,0,
neuromorpho__12_den_ax.swc,pyramidal,1.0,no,0,
hpf_ca1__202401_213_edited.swc,pyramidal,1.0,no,1,APICAL_INVERTED
hpf_ca1__202409_001_edited.swc,pyramidal,1.0,no,0,
hpf_ca1__202427_123_edited.swc,pyramidal,1.0,no,1,APICAL_INVERTED
hpf_ca1__202423_033_edited.swc,pyramidal,1.0,no,1,APICAL_INVERTED
hpf_ca1__202259_134_edited.swc,pyramidal,1.0,no,1,APICAL_INVERTED
hpf_ca1__202393_002_edited.swc,pyramidal,1.0,no,1,APICAL_INVERTED
hpf_ca1__202680_029_edited.swc,pyramidal,1.0,no,1,APICAL_INVERTED
hpf_ca1__202803_002_edited.swc,pyramidal,1.0,no,1,APICAL_INVERTED
hpf_ca1__202274_094_edited.swc,pyramidal,1.0,no,1,APICAL_INVERTED
hpf_ca1__202674_013_edited.swc,pyramidal,1.0,no,0,
hpf_ca1__202246_023_edited.swc,pyramidal,1.0,no,0,
hpf_ca1__202238_020_edited.swc,pyramidal,1.0,no,1,APICAL_INVERTED
hpf_ca1__202240_041_edited.swc,pyramidal,1.0,no,0,
hpf_ca1__202682_004_edited.swc,pyramidal,1.0,no,0,
neuromorpho__GGB-01-10-2019-2-R532.swc,interneuron,1.0,no,0,
hpf_ca1__210014_024_edited.swc,pyramidal,1.0,no,0,
hpf_ca1__210109_023_edited.swc,pyramidal,1.0,no,0,
neuromorpho__2017-15-03-slice-1-cell-2-rotated.swc,interneuron,1.0,no,0,
hpf_ca1__202259_070_edited.swc,pyramidal,1.0,no,1,APICAL_INVERTED
hpf_ca1__202246_012_edited.swc,pyramidal,1.0,no,0,
hpf_ca1__202238_041_edited.swc,pyramidal,1.0,no,1,APICAL_INVERTED
hpf_ca1__202831_005_edited.swc,pyramidal,1.0,no,0,
hpf_ca1__202259_079_edited.swc,pyramidal,1.0,no,1,APICAL_INVERTED
hpf_ca1__210671_036_edited.swc,pyramidal,1.0,no,0,
hpf_ca1__202829_085_edited.swc,pyramidal,1.0,no,0,
hpf_ca1__202508_010_edited.swc,pyramidal,1.0,no,1,APICAL_INVERTED
hpf_ca1__202239_002_edited.swc,pyramidal,1.0,no,0,
hpf_ca1__210109_032_edited.swc,pyramidal,1.0,no,0,
neuromorpho__PFC160621A_Analysis.swc,interneuron,1.0,no,0,
hpf_ca1__202232_003_edited.swc,pyramidal,1.0,no,1,APICAL_INVERTED
hpf_ca1__202272_052_edited.swc,pyramidal,1.0,no,0,
hpf_ca1__202261_011_edited.swc,pyramidal,1.0,no,1,APICAL_INVERTED
hpf_ca1__202498_021_edited.swc,pyramidal,1.0,no,0,
hpf_ca1__202499_004_edited.swc,pyramidal,1.0,no,1,APICAL_INVERTED
hpf_ca1__202427_048_edited.swc,pyramidal,1.0,no,1,APICAL_INVERTED
hpf_ca1__202413_058_edited.swc,pyramidal,1.0,no,1,APICAL_INVERTED
hpf_ca1__202461_027_edited.swc,pyramidal,1.0,no,0,
hpf_ca1__202503_036_edited.swc,pyramidal,1.0,no,1,APICAL_INVERTED
hpf_ca1__202399_022_edited.swc,pyramidal,1.0,no,1,APICAL_INVERTED
hpf_ca1__202401_144_edited.swc,pyramidal,1.0,no,1,APICAL_INVERTED
hpf_ca1__202499_020_edited.swc,pyramidal,1.0,no,1,APICAL_INVERTED
hpf_ca1__202396_035_edited.swc,pyramidal,1.0,no,1,APICAL_INVERTED
hpf_ca1__202237_155_edited.swc,pyramidal,1.0,no,1,APICAL_INVERTED
hpf_ca1__202252_001_edited.swc,pyramidal,1.0,no,0,
hpf_ca1__202261_006_edited.swc,pyramidal,1.0,no,1,APICAL_INVERTED
hpf_ca1__202501_019_edited.swc,pyramidal,1.0,no,1,APICAL_INVERTED
neuromorpho__BC140213F_22.swc,interneuron,1.0,no,0,
hpf_ca1__202501_017_edited.swc,pyramidal,1.0,no,1,APICAL_INVERTED
hpf_ca1__202271_127_edited.swc,pyramidal,1.0,no,1,APICAL_INVERTED
hpf_ca1__202241_017_edited.swc,pyramidal,1.0,no,0,
hpf_ca1__202426_155_edited.swc,pyramidal,1.0,no,0,
hpf_ca1__202399_012_edited.swc,pyramidal,1.0,no,1,APICAL_INVERTED
neuromorpho__AA0397.swc,pyramidal,1.0,no,0,
hpf_ca1__202669_011_edited.swc,pyramidal,1.0,no,0,
hpf_ca1__202461_011_edited.swc,pyramidal,1.0,no,0,
hpf_ca1__202829_049_edited.swc,pyramidal,1.0,no,1,APICAL_INVERTED
hpf_ca1__210253_028_edited.swc,pyramidal,1.0,no,1,APICAL_INVERTED
hpf_ca1__210251_056_edited.swc,pyramidal,1.0,no,0,
hpf_ca1__202410_011_edited.swc,pyramidal,1.0,no,0,
hpf_ca1__202497_007_edited.swc,pyramidal,1.0,no,1,APICAL_INVERTED
hpf_ca1__202415_025_edited.swc,pyramidal,1.0,no,1,APICAL_INVERTED
hpf_ca1__202679_004_edited.swc,pyramidal,1.0,no,0,
hpf_ca1__210014_061_edited.swc,pyramidal,1.0,no,0,
hpf_ca1__202396_184_edited.swc,pyramidal,1.0,no,1,APICAL_INVERTED
neuromorpho__AA0442.swc,pyramidal,1.0,no,0,
hpf_ca1__202423_013_edited.swc,pyramidal,1.0,no,1,APICAL_INVERTED
hpf_ca1__202506_008_edited.swc,pyramidal,1.0,no,1,APICAL_INVERTED
hpf_ca1__202674_035_edited.swc,pyramidal,1.0,no,0,
hpf_ca1__202261_017_edited.swc,pyramidal,1.0,no,1,APICAL_INVERTED
hpf_ca1__202426_098_edited.swc,pyramidal,1.0,no,1,APICAL_INVERTED
hpf_ca1__202264_036_edited.swc,pyramidal,1.0,no,1,APICAL_INVERTED
hpf_ca1__202260_002_edited.swc,pyramidal,1.0,no,1,APICAL_INVERTED
hpf_ca1__210701_019_edited.swc,pyramidal,1.0,no,0,
hpf_ca1__202396_051_edited.swc,pyramidal,1.0,no,1,APICAL_INVERTED
hpf_ca1__210705_003_edited.swc,pyramidal,1.0,no,0,
hpf_ca1__202225_004_edited.swc,pyramidal,1.0,no,1,APICAL_INVERTED
hpf_ca1__202503_025_edited.swc,pyramidal,1.0,no,1,APICAL_INVERTED
hpf_ca1__202241_002_edited.swc,pyramidal,1.0,no,1,APICAL_INVERTED
hpf_ca1__202422_002_edited.swc,pyramidal,1.0,no,1,APICAL_INVERTED
neuromorpho__BC-S-15-02-2011_Z03.swc,interneuron,1.0,no,0,
neuromorpho__Fig1b_140312-1rm6_int.swc,interneuron,1.0,no,0,
hpf_ca1__202500_007_edited.swc,pyramidal,1.0,no,1,APICAL_INVERTED
hpf_ca1__202497_022_edited.swc,pyramidal,1.0,no,1,APICAL_INVERTED
hpf_ca1__202272_102_edited.swc,pyramidal,1.0,no,1,APICAL_INVERTED
hpf_ca1__202680_005_edited.swc,pyramidal,1.0,no,0,
hpf_ca1__202252_012_edited.swc,pyramidal,1.0,no,0,
neuromorpho__PFC24052016CD_Analysis.swc,interneuron,1.0,no,0,
hpf_ca1__202428_037_edited.swc,pyramidal,1.0,no,0,
hpf_ca1__201990_003_edited.swc,pyramidal,1.0,no,1,APICAL_INVERTED
hpf_ca1__202809_005_edited.swc,pyramidal,1.0,no,1,APICAL_INVERTED
hpf_ca1__202402_054_edited.swc,pyramidal,1.0,no,1,APICAL_INVERTED
hpf_ca1__202415_004_edited.swc,pyramidal,1.0,no,1,APICAL_INVERTED
hpf_ca1__202273_055_edited.swc,pyramidal,1.0,no,0,
hpf_ca1__210107_022_edited.swc,pyramidal,1.0,no,0,
hpf_ca1__202428_004_edited.swc,pyramidal,1.0,no,0,
hpf_ca1__202422_013_edited.swc,pyramidal,1.0,no,1,APICAL_INVERTED
hpf_ca1__202240_017_edited.swc,pyramidal,1.0,no,0,
neuromorpho__BC130207C_06.swc,interneuron,1.0,no,0,
hpf_ca1__210014_048_edited.swc,pyramidal,1.0,no,0,
neuromorpho__190131_C5.swc,interneuron,1.0,no,0,
hpf_ca1__202238_010_edited.swc,pyramidal,1.0,no,1,APICAL_INVERTED
hpf_ca1__202402_015_edited.swc,pyramidal,1.0,no,1,APICAL_INVERTED
hpf_ca1__202464_021_edited.swc,pyramidal,1.0,no,0,
neuromorpho__19_06_13_-1_Cell_-6.swc,pyramidal,1.0,no,1,APICAL_INVERTED
hpf_ca1__202415_035_edited.swc,pyramidal,1.0,no,1,APICAL_INVERTED
neuromorpho__2017-09-02-slice-3-cell-2-roteted.swc,interneuron,1.0,no,0,
hpf_ca1__202412_013_edited.swc,pyramidal,1.0,no,1,APICAL_INVERTED
hpf_ca1__202400_014_edited.swc,pyramidal,1.0,no,1,APICAL_INVERTED
hpf_ca1__210253_024_edited.swc,pyramidal,1.0,no,0,
hpf_ca1__202261_023_edited.swc,pyramidal,1.0,no,1,APICAL_INVERTED
neuromorpho__BC160201B_36.swc,interneuron,1.0,no,0,
hpf_ca1__202807_028_edited.swc,pyramidal,1.0,no,0,
hpf_ca1__202250_018_edited.swc,pyramidal,1.0,no,0,
neuromorpho__536_4_C7.swc,interneuron,1.0,no,0,
hpf_ca1__202423_024_edited.swc,pyramidal,1.0,no,0,
hpf_ca1__202237_108_edited.swc,pyramidal,1.0,no,1,APICAL_INVERTED
hpf_ca1__202266_009_edited.swc,pyramidal,1.0,no,1,APICAL_INVERTED
hpf_ca1__202427_079_edited.swc,pyramidal,1.0,no,0,
hpf_ca1__202498_006_edited.swc,pyramidal,1.0,no,1,APICAL_INVERTED
hpf_ca1__202259_108_edited.swc,pyramidal,1.0,no,0,
neuromorpho__614_5_C2.swc,interneuron,1.0,no,0,
hpf_ca1__202237_022_edited.swc,pyramidal,1.0,no,1,APICAL_INVERTED
hpf_ca1__202237_030_edited.swc,pyramidal,1.0,no,1,APICAL_INVERTED
hpf_ca1__202417_006_edited.swc,pyramidal,1.0,no,1,APICAL_INVERTED
hpf_ca1__202423_027_edited.swc,pyramidal,1.0,no,1,APICAL_INVERTED
hpf_ca1__202412_009_edited.swc,pyramidal,1.0,no,1,APICAL_INVERTED
hpf_ca1__202274_080_edited.swc,pyramidal,1.0,no,1,APICAL_INVERTED
hpf_ca1__202426_147_edited.swc,pyramidal,1.0,no,0,
neuromorpho__AA0622.swc,pyramidal,1.0,no,0,
hpf_ca1__202414_055_edited.swc,pyramidal,1.0,no,0,
hpf_ca1__210711_021_edited.swc,pyramidal,1.0,no,0,
hpf_ca1__202274_093_edited.swc,pyramidal,1.0,no,1,APICAL_INVERTED
hpf_ca1__202418_012_edited.swc,pyramidal,1.0,no,1,APICAL_INVERTED
allen__H17.06.009.11.04.02_596020931.swc,interneuron,1.0,no,0,
hpf_ca1__202497_006_edited.swc,pyramidal,1.0,no,1,APICAL_INVERTED
hpf_ca1__202679_028_edited.swc,pyramidal,1.0,no,0,
hpf_ca1__210110_066_edited.swc,pyramidal,1.0,no,0,
hpf_ca1__202271_180_edited.swc,pyramidal,1.0,no,0,
hpf_ca1__202400_052_edited.swc,pyramidal,1.0,no,1,APICAL_INVERTED
hpf_ca1__202414_052_edited.swc,pyramidal,1.0,no,0,
hpf_ca1__202400_003_edited.swc,pyramidal,1.0,no,1,APICAL_INVERTED
hpf_ca1__202392_001_edited.swc,pyramidal,1.0,no,1,APICAL_INVERTED
hpf_ca1__202499_016_edited.swc,pyramidal,1.0,no,1,APICAL_INVERTED
hpf_ca1__202462_004_edited.swc,pyramidal,1.0,no,0,
hpf_ca1__202418_001_edited.swc,pyramidal,1.0,no,1,APICAL_INVERTED
hpf_ca1__202240_038_edited.swc,pyramidal,1.0,no,0,
neuromorpho__TM-10-02-15-AR.swc,interneuron,1.0,no,0,
hpf_ca1__202240_008_edited.swc,pyramidal,1.0,no,1,APICAL_INVERTED
neuromorpho__196_1_C2.swc,interneuron,1.0,no,0,
hpf_ca1__202217_020_edited.swc,pyramidal,1.0,no,1,APICAL_INVERTED
hpf_ca1__202668_004_edited.swc,pyramidal,1.0,no,0,
hpf_ca1__202219_041_edited.swc,pyramidal,1.0,no,0,
hpf_ca1__202246_001_edited.swc,pyramidal,1.0,no,1,APICAL_INVERTED
hpf_ca1__202234_019_edited.swc,pyramidal,1.0,no,0,
hpf_ca1__202497_020_edited.swc,pyramidal,1.0,no,1,APICAL_INVERTED
hpf_ca1__202414_524_edited.swc,pyramidal,1.0,no,1,APICAL_INVERTED
hpf_ca1__202498_003_edited.swc,pyramidal,1.0,no,1,APICAL_INVERTED
hpf_ca1__202258_033_edited.swc,pyramidal,1.0,no,0,
hpf_ca1__210014_052_edited.swc,pyramidal,1.0,no,0,
neuromorpho__M_F_3.swc,interneuron,1.0,no,0,
hpf_ca1__210670_019_edited.swc,pyramidal,1.0,no,0,
neuromorpho__TM-02-23-17-m1A-R-253-quant.swc,interneuron,1.0,no,0,
hpf_ca1__210671_026_edited.swc,pyramidal,1.0,no,0,
hpf_ca1__210009_025_edited.swc,pyramidal,1.0,no,0,
hpf_ca1__201990_038_edited.swc,pyramidal,1.0,no,0,
hpf_ca1__202219_009_edited.swc,pyramidal,1.0,no,0,
hpf_ca1__202426_054_edited.swc,pyramidal,1.0,no,0,
hpf_ca1__202246_025_edited.swc,pyramidal,1.0,no,1,APICAL_INVERTED
hpf_ca1__202567_002_edited.swc,pyramidal,1.0,no,0,
hpf_ca1__202501_023_edited.swc,pyramidal,1.0,no,0,
neuromorpho__2017-01-08-slice-4-cell-7-rotated.swc,interneuron,1.0,no,0,
neuromorpho__BC150721A_33.swc,interneuron,1.0,no,0,
hpf_ca1__202243_005_edited.swc,pyramidal,1.0,no,0,
hpf_ca1__202423_004_edited.swc,pyramidal,1.0,no,1,APICAL_INVERTED
hpf_ca1__202238_011_edited.swc,pyramidal,1.0,no,1,APICAL_INVERTED
hpf_ca1__202414_260_edited.swc,pyramidal,1.0,no,0,
hpf_ca1__202500_006_edited.swc,pyramidal,1.0,no,1,APICAL_INVERTED
neuromorpho__PFC160115A_Analysis.swc,interneuron,1.0,no,0,
hpf_ca1__210671_028_edited.swc,pyramidal,1.0,no,0,
hpf_ca1__210703_024_edited.swc,pyramidal,1.0,no,0,
hpf_ca1__202217_014_edited.swc,pyramidal,1.0,no,1,APICAL_INVERTED
hpf_ca1__210698_025_edited.swc,pyramidal,1.0,no,0,
hpf_ca1__202252_006_edited.swc,pyramidal,1.0,no,0,
hpf_ca1__210671_033_edited.swc,pyramidal,1.0,no,0,
hpf_ca1__202226_005_edited.swc,pyramidal,1.0,no,1,APICAL_INVERTED
hpf_ca1__202680_018_edited.swc,pyramidal,1.0,no,1,APICAL_INVERTED
hpf_ca1__202829_097_edited.swc,pyramidal,1.0,no,0,
hpf_ca1__210111_011_edited.swc,pyramidal,1.0,no,0,
neuromorpho__2017-17-04-slice-1-cell-7-rotated.swc,interneuron,1.0,no,0,
hpf_ca1__202250_004_edited.swc,pyramidal,1.0,no,1,APICAL_INVERTED
hpf_ca1__210109_007_edited.swc,pyramidal,1.0,no,1,APICAL_INVERTED
hpf_ca1__202679_020_edited.swc,pyramidal,1.0,no,1,APICAL_INVERTED
hpf_ca1__202226_012_edited.swc,pyramidal,1.0,no,0,
hpf_ca1__201990_035_edited.swc,pyramidal,1.0,no,1,APICAL_INVERTED
hpf_ca1__202226_007_edited.swc,pyramidal,1.0,no,1,APICAL_INVERTED
hpf_ca1__202238_037_edited.swc,pyramidal,1.0,no,0,
neuromorpho__2016-19-10-slice-4-cell-7-rotated.swc,interneuron,1.0,no,0,
neuromorpho__BC170412A_41.swc,interneuron,1.0,no,0,
neuromorpho__Nos1-CreERT2_Sst-IRES-FlpO_Ai65-271574-05-01-01_587405549_m.swc,interneuron,1.0,no,0,
hpf_ca1__210249_005_edited.swc,pyramidal,1.0,no,0,
neuromorpho__500_1_C5.swc,interneuron,1.0,no,0,
hpf_ca1__202237_028_edited.swc,pyramidal,1.0,no,1,APICAL_INVERTED
hpf_ca1__202242_002_edited.swc,pyramidal,1.0,no,1,APICAL_INVERTED
hpf_ca1__202426_025_edited.swc,pyramidal,1.0,no,0,
hpf_ca1__210253_001_edited.swc,pyramidal,1.0,no,0,
hpf_ca1__202418_011_edited.swc,pyramidal,1.0,no,1,APICAL_INVERTED
neuromorpho__I_2_39.swc,interneuron,1.0,no,0,
hpf_ca1__210253_003_edited.swc,pyramidal,1.0,no,1,APICAL_INVERTED
neuromorpho__2018-14-05-slice-1-cell-2-rotated.swc,interneuron,1.0,no,0,
hpf_ca1__210111_015_edited.swc,pyramidal,1.0,no,0,
hpf_ca1__202669_017_edited.swc,pyramidal,1.0,no,0,
hpf_ca1__210253_015_edited.swc,pyramidal,1.0,no,1,APICAL_INVERTED
hpf_ca1__202682_006_edited.swc,pyramidal,1.0,no,0,
hpf_ca1__202680_030_edited.swc,pyramidal,1.0,no,1,APICAL_INVERTED
hpf_ca1__202669_006_edited.swc,pyramidal,1.0,no,0,
neuromorpho__TDI21301009_Cell1_pia.swc,interneuron,1.0,no,0,
neuromorpho__2017-18-10-slice-1-cell-6-rotated.swc,interneuron,1.0,no,0,
hpf_ca1__202410_002_edited.swc,pyramidal,1.0,no,0,
hpf_ca1__210248_052_edited.swc,pyramidal,1.0,no,1,APICAL_INVERTED
neuromorpho__Neuron-2-E-and-I-synapses.swc,pyramidal,1.0,no,0,
hpf_ca1__201990_063_edited.swc,pyramidal,1.0,no,0,
neuromorpho__P_F_3.swc,interneuron,1.0,no,0,
neuromorpho__614_6_C4.swc,interneuron,1.0,no,0,
hpf_ca1__202261_116_edited.swc,pyramidal,1.0,no,0,
hpf_ca1__202674_009_edited.swc,pyramidal,1.0,no,0,
hpf_ca1__210110_003_edited.swc,pyramidal,1.0,no,0,
allen__H17.06.003.11.05.04_567742660.swc,interneuron,1.0,no,0,
hpf_ca1__202237_157_edited.swc,pyramidal,1.0,no,1,APICAL_INVERTED
hpf_ca1__210110_051_edited.swc,pyramidal,1.0,no,1,APICAL_INVERTED
hpf_ca1__210110_057_edited.swc,pyramidal,1.0,no,1,APICAL_INVERTED
hpf_ca1__202410_017_edited.swc,pyramidal,1.0,no,0,
hpf_ca1__210709_006_edited.swc,pyramidal,1.0,no,0,
neuromorpho__Neuron-7-E-and-I-synapses.swc,pyramidal,1.0,no,1,APICAL_INVERTED
neuromorpho__AA0396.swc,pyramidal,1.0,no,0,
hpf_ca1__202259_054_edited.swc,pyramidal,1.0,no,1,APICAL_INVERTED
hpf_ca1__202237_023_edited.swc,pyramidal,1.0,no,1,APICAL_INVERTED
hpf_ca1__202680_007_edited.swc,pyramidal,1.0,no,0,
neuromorpho__M_F_5.swc,interneuron,1.0,no,0,
hpf_ca1__210111_099_edited.swc,pyramidal,1.0,no,1,APICAL_INVERTED
hpf_ca1__210107_014_edited.swc,pyramidal,1.0,no,1,APICAL_INVERTED
hpf_ca1__202242_006_edited.swc,pyramidal,1.0,no,0,
hpf_ca1__202501_028_edited.swc,pyramidal,1.0,no,0,
hpf_ca1__202498_011_edited.swc,pyramidal,1.0,no,1,APICAL_INVERTED
hpf_ca1__210014_050_edited.swc,pyramidal,1.0,no,0,
neuromorpho__I_2_26.swc,interneuron,1.0,no,0,
hpf_ca1__202252_004_edited.swc,pyramidal,1.0,no,0,
allen__H16.06.007.01.05.02_531517778.swc,pyramidal,1.0,no,0,
neuromorpho__I_1_32.swc,interneuron,1.0,no,0,
hpf_ca1__202219_007_edited.swc,pyramidal,1.0,no,0,
hpf_ca1__202829_109_edited.swc,pyramidal,1.0,no,0,
neuromorpho__j161128s1c7-rotated.swc,interneuron,1.0,no,0,
hpf_ca1__202426_108_edited.swc,pyramidal,1.0,no,1,APICAL_INVERTED
neuromorpho__536_7_C8.swc,interneuron,1.0,no,0,
hpf_ca1__202248_024_edited.swc,pyramidal,1.0,no,0,
hpf_ca1__202249_008_edited.swc,pyramidal,1.0,no,1,APICAL_INVERTED
hpf_ca1__210109_012_edited.swc,pyramidal,1.0,no,0,
neuromorpho__190131_C7.swc,interneuron,1.0,no,0,
hpf_ca1__210014_071_edited.swc,pyramidal,1.0,no,0,
hpf_ca1__202252_007_edited.swc,pyramidal,1.0,no,0,
hpf_ca1__202403_090_edited.swc,pyramidal,1.0,no,1,APICAL_INVERTED
hpf_ca1__210705_009_edited.swc,pyramidal,1.0,no,1,APICAL_INVERTED
hpf_ca1__202230_010_edited.swc,pyramidal,1.0,no,1,APICAL_INVERTED
allen__H17.06.005.12.15.01_571427524.swc,interneuron,1.0,no,0,
hpf_ca1__202427_057_edited.swc,pyramidal,1.0,no,1,APICAL_INVERTED
hpf_ca1__202271_143_edited.swc,pyramidal,1.0,no,1,APICAL_INVERTED
hpf_ca1__202679_026_edited.swc,pyramidal,1.0,no,0,
hpf_ca1__202409_003_edited.swc,pyramidal,1.0,no,0,
hpf_ca1__210111_161_edited.swc,pyramidal,1.0,no,0,
hpf_ca1__202666_028_edited.swc,pyramidal,1.0,no,0,
neuromorpho__458_4_C2.swc,interneuron,1.0,no,0,
neuromorpho__13_08_13_-2_Cell_-2.swc,pyramidal,1.0,no,1,APICAL_INVERTED
hpf_ca1__202418_015_edited.swc,pyramidal,1.0,no,1,APICAL_INVERTED
hpf_ca1__210014_035_edited.swc,pyramidal,1.0,no,0,
hpf_ca1__202499_017_edited.swc,pyramidal,1.0,no,1,APICAL_INVERTED
hpf_ca1__210703_025_edited.swc,pyramidal,1.0,no,0,
neuromorpho__H17-06-003-11-03-03_694168884_m.swc,interneuron,1.0,no,0,
neuromorpho__C02-4-14F14-04-14CS3.swc,interneuron,1.0,no,0,
neuromorpho__TT-3-20-14-1R.swc,interneuron,1.0,no,0,
neuromorpho__P_F_6.swc,interneuron,1.0,no,0,
hpf_ca1__210107_052_edited.swc,pyramidal,1.0,no,0,
hpf_ca1__210111_095_edited.swc,pyramidal,1.0,no,1,APICAL_INVERTED
hpf_ca1__202217_012_edited.swc,pyramidal,1.0,no,0,
hpf_ca1__202246_031_edited.swc,pyramidal,1.0,no,1,APICAL_INVERTED
neuromorpho__2017-18-10-slice-1-cell-2-rotated.swc,interneuron,1.0,no,0,
hpf_ca1__210711_018_edited.swc,pyramidal,1.0,no,1,APICAL_INVERTED
hpf_ca1__202232_020_edited.swc,pyramidal,1.0,no,1,APICAL_INVERTED
neuromorpho__2017-04-07-slice-2-cell-6-rotated.swc,interneuron,1.0,no,0,
hpf_ca1__202271_179_edited.swc,pyramidal,1.0,no,0,
hpf_ca1__202241_005_edited.swc,pyramidal,1.0,no,1,APICAL_INVERTED
hpf_ca1__202679_024_edited.swc,pyramidal,1.0,no,0,
neuromorpho__rotated_CR-0319a_ax2.swc,interneuron,1.0,no,0,
hpf_ca1__202237_041_edited.swc,pyramidal,1.0,no,0,
hpf_ca1__202671_003_edited.swc,pyramidal,1.0,no,0,
hpf_ca1__202499_001_edited.swc,pyramidal,1.0,no,1,APICAL_INVERTED
hpf_ca1__210110_034_edited.swc,pyramidal,1.0,no,0,
allen__H17.06.006.11.08.02_571624532.swc,pyramidal,1.0,no,0,
hpf_ca1__210109_013_edited.swc,pyramidal,1.0,no,1,APICAL_INVERTED
neuromorpho__Fig1f_140909-2mg_int.swc,interneuron,1.0,no,0,
hpf_ca1__202233_014_edited.swc,pyramidal,1.0,no,1,APICAL_INVERTED
neuromorpho__AA0735.swc,pyramidal,1.0,no,0,
hpf_ca1__202248_007_edited.swc,pyramidal,1.0,no,0,
hpf_ca1__202405_016_edited.swc,pyramidal,1.0,no,1,APICAL_INVERTED
hpf_ca1__202400_117_edited.swc,pyramidal,1.0,no,1,APICAL_INVERTED
neuromorpho__2017-17-03-slice-1-cell-2-rotated.swc,interneuron,1.0,no,0,
hpf_ca1__202426_023_edited.swc,pyramidal,1.0,no,0,
allen__H16.03.006.01.03.04_537313600.swc,pyramidal,1.0,no,0,
allen__H16.03.006.01.04.01_537204107.swc,pyramidal,1.0,no,0,
hpf_ca1__202682_003_edited.swc,pyramidal,1.0,no,1,APICAL_INVERTED
hpf_ca1__202664_002_edited.swc,pyramidal,1.0,no,0,
hpf_ca1__202679_021_edited.swc,pyramidal,1.0,no,0,
hpf_ca1__210700_006_edited.swc,pyramidal,1.0,no,0,
hpf_ca1__202274_087_edited.swc,pyramidal,1.0,no,1,APICAL_INVERTED
hpf_ca1__202411_005_edited.swc,pyramidal,1.0,no,0,
hpf_ca1__202669_013_edited.swc,pyramidal,1.0,no,1,APICAL_INVERTED
hpf_ca1__202243_010_edited.swc,pyramidal,1.0,no,1,APICAL_INVERTED
hpf_ca1__202829_091_edited.swc,pyramidal,1.0,no,0,
hpf_ca1__202230_009_edited.swc,pyramidal,1.0,no,0,
hpf_ca1__202680_031_edited.swc,pyramidal,1.0,no,0,
hpf_ca1__202274_082_edited.swc,pyramidal,1.0,no,0,
neuromorpho__I_1_52.swc,interneuron,1.0,no,0,
hpf_ca1__202829_094_edited.swc,pyramidal,1.0,no,0,
neuromorpho__I_1_39.swc,interneuron,1.0,no,0,
hpf_ca1__202237_148_edited.swc,pyramidal,1.0,no,0,
neuromorpho__2017-02-08-slice-3-cell-2-rotated.swc,interneuron,1.0,no,0,
hpf_ca1__202410_007_edited.swc,pyramidal,1.0,no,1,APICAL_INVERTED
neuromorpho__2016-19-10-slice-1-cell-2-rotated.swc,interneuron,1.0,no,0,
hpf_ca1__202249_047_edited.swc,pyramidal,1.0,no,0,
hpf_ca1__202668_018_edited.swc,pyramidal,1.0,no,0,
neuromorpho__458_5_C2.swc,interneuron,1.0,no,0,
neuromorpho__I_1_6.swc,interneuron,1.0,no,0,
hpf_ca1__210009_021_edited.swc,pyramidal,1.0,no,0,
hpf_ca1__202238_016_edited.swc,pyramidal,1.0,no,1,APICAL_INVERTED
hpf_ca1__210670_031_edited.swc,pyramidal,1.0,no,0,
hpf_ca1__202241_016_edited.swc,pyramidal,1.0,no,1,APICAL_INVERTED
neuromorpho__Diego-02-27-13-BR.swc,interneuron,1.0,no,0,
hpf_ca1__202240_009_edited.swc,pyramidal,1.0,no,1,APICAL_INVERTED
hpf_ca1__202679_006_edited.swc,pyramidal,1.0,no,1,APICAL_INVERTED
hpf_ca1__210110_013_edited.swc,pyramidal,1.0,no,0,
hpf_ca1__210107_018_edited.swc,pyramidal,1.0,no,1,APICAL_INVERTED
neuromorpho__20120320sc4.swc,interneuron,1.0,no,0,
hpf_ca1__202567_011_edited.swc,pyramidal,1.0,no,0,
neuromorpho__M_F_1.swc,interneuron,1.0,no,0,
hpf_ca1__210669_016_edited.swc,pyramidal,1.0,no,0,
neuromorpho__2017-12-02-slice-3-cell-3-rotated.swc,interneuron,1.0,no,0,
hpf_ca1__202054_008_edited.swc,pyramidal,1.0,no,0,
neuromorpho__PFC-20170522B_Analysis.swc,interneuron,1.0,no,0,
hpf_ca1__210111_108_edited.swc,pyramidal,1.0,no,1,APICAL_INVERTED
hpf_ca1__202232_004_edited.swc,pyramidal,1.0,no,1,APICAL_INVERTED
hpf_ca1__202244_004_edited.swc,pyramidal,1.0,no,1,APICAL_INVERTED
neuromorpho__AA0612.swc,pyramidal,1.0,no,0,
neuromorpho__P_F_9.swc,interneuron,1.0,no,0,
hpf_ca1__202829_027_edited.swc,pyramidal,1.0,no,0,
hpf_ca1__202219_002_edited.swc,pyramidal,1.0,no,1,APICAL_INVERTED
neuromorpho__TDI21301013_cell2_spines_pia.swc,interneuron,1.0,no,0,
hpf_ca1__210111_100_edited.swc,pyramidal,1.0,no,1,APICAL_INVERTED
hpf_ca1__210665_038_edited.swc,pyramidal,1.0,no,0,
hpf_ca1__202410_008_edited.swc,pyramidal,1.0,no,1,APICAL_INVERTED
neuromorpho__2017-03-05-slice-3-cell-7-rotated.swc,interneuron,1.0,no,0,
neuromorpho__2017-16-05-slice-1-cell-6-rotated.swc,interneuron,1.0,no,0,
hpf_ca1__202674_036_edited.swc,pyramidal,1.0,no,0,
hpf_ca1__202411_007_edited.swc,pyramidal,1.0,no,1,APICAL_INVERTED
hpf_ca1__210132_004_edited.swc,pyramidal,1.0,no,1,APICAL_INVERTED
neuromorpho__2016-19-05-slice-2-cell-5-rotated.swc,interneuron,1.0,no,0,
hpf_ca1__202240_021_edited.swc,pyramidal,1.0,no,1,APICAL_INVERTED
hpf_ca1__202682_014_edited.swc,pyramidal,1.0,no,0,
hpf_ca1__202400_008_edited.swc,pyramidal,1.0,no,1,APICAL_INVERTED
hpf_ca1__201983_047_edited.swc,pyramidal,1.0,no,1,APICAL_INVERTED
hpf_ca1__210671_066_edited.swc,pyramidal,1.0,no,0,
neuromorpho__161220_2.swc,interneuron,1.0,no,0,
hpf_ca1__202668_023_edited.swc,pyramidal,1.0,no,0,
neuromorpho__I_1_53.swc,interneuron,1.0,no,0,
hpf_ca1__210111_014_edited.swc,pyramidal,1.0,no,0,
hpf_ca1__210701_016_edited.swc,pyramidal,1.0,no,1,APICAL_INVERTED
hpf_ca1__210107_026_edited.swc,pyramidal,1.0,no,1,APICAL_INVERTED
neuromorpho__NGFC_160324_1M.swc,interneuron,1.0,no,0,
hpf_ca1__210670_023_edited.swc,pyramidal,1.0,no,0,
hpf_ca1__210711_026_edited.swc,pyramidal,1.0,no,1,APICAL_INVERTED
hpf_ca1__202240_024_edited.swc,pyramidal,1.0,no,0,
neuromorpho__AA0393.swc,pyramidal,1.0,no,0,
neuromorpho__2017-23-10-slice-3-cell-6-rotated.swc,interneuron,1.0,no,0,
hpf_ca1__202674_003_edited.swc,pyramidal,1.0,no,0,
neuromorpho__Vipr2-IRES2-Cre_Ai14-304184-04-01-01_601947998_m.swc,interneuron,1.0,no,0,
hpf_ca1__202674_038_edited.swc,pyramidal,1.0,no,0,
hpf_ca1__202411_004_edited.swc,pyramidal,1.0,no,1,APICAL_INVERTED
hpf_ca1__202426_024_edited.swc,pyramidal,1.0,no,0,
hpf_ca1__210014_069_edited.swc,pyramidal,1.0,no,0,
hpf_ca1__202415_034_edited.swc,pyramidal,1.0,no,1,APICAL_INVERTED
neuromorpho__B13a.swc,interneuron,1.0,no,0,
hpf_ca1__202423_006_edited.swc,pyramidal,1.0,no,1,APICAL_INVERTED
hpf_ca1__202680_015_edited.swc,pyramidal,1.0,no,1,APICAL_INVERTED
hpf_ca1__202217_023_edited.swc,pyramidal,1.0,no,1,APICAL_INVERTED
hpf_ca1__202226_011_edited.swc,pyramidal,1.0,no,1,APICAL_INVERTED
hpf_ca1__210703_021_edited.swc,pyramidal,1.0,no,0,
allen__Pvalb-IRES-Cre_Ai14-299135.05.01.01_569723367.swc,interneuron,1.0,no,0,
neuromorpho__GGB-7-24-15-1R.swc,interneuron,1.0,no,0,
hpf_ca1__202244_005_edited.swc,pyramidal,1.0,no,1,APICAL_INVERTED
hpf_ca1__210131_004_edited.swc,pyramidal,1.0,no,0,
hpf_ca1__202664_003_edited.swc,pyramidal,1.0,no,0,
hpf_ca1__210701_007_edited.swc,pyramidal,1.0,no,0,
hpf_ca1__210671_037_edited.swc,pyramidal,1.0,no,0,
neuromorpho__2017-23-10-slice-2-cell-7-rotated.swc,interneuron,1.0,no,0,
hpf_ca1__210131_005_edited.swc,pyramidal,1.0,no,0,
hpf_ca1__210109_025_edited.swc,pyramidal,1.0,no,0,
neuromorpho__I_2_38.swc,interneuron,1.0,no,0,
hpf_ca1__202404_035_edited.swc,pyramidal,1.0,no,1,APICAL_INVERTED
hpf_ca1__210110_020_edited.swc,pyramidal,1.0,no,0,
hpf_ca1__202680_013_edited.swc,pyramidal,1.0,no,1,APICAL_INVERTED
neuromorpho__TDI21301017_cell3_spines_pia.swc,interneuron,1.0,no,0,
neuromorpho__2017-29-06-slice-3-cell-2-rotated.swc,interneuron,1.0,no,0,
hpf_ca1__202829_047_edited.swc,pyramidal,1.0,no,0,
neuromorpho__PFC07072016D_Analysis.swc,interneuron,1.0,no,0,
hpf_ca1__202668_014_edited.swc,pyramidal,1.0,no,1,APICAL_INVERTED
neuromorpho__TM-12-11-14-ER.swc,interneuron,1.0,no,0,
neuromorpho__M_F_2.swc,interneuron,1.0,no,0,
neuromorpho__PFC-20130307C_Analysis.swc,interneuron,1.0,no,0,
hpf_ca1__202402_016_edited.swc,pyramidal,1.0,no,1,APICAL_INVERTED
allen__H17.06.005.12.15.05_571483807.swc,pyramidal,1.0,no,1,APICAL_INVERTED
neuromorpho__TDI21301012_Cell1_pia.swc,interneuron,1.0,no,0,
neuromorpho__AA0400.swc,pyramidal,1.0,no,0,
hpf_ca1__202831_001_edited.swc,pyramidal,1.0,no,0,
hpf_ca1__202414_446_edited.swc,pyramidal,1.0,no,0,
hpf_ca1__210107_053_edited.swc,pyramidal,1.0,no,0,
hpf_ca1__202271_146_edited.swc,pyramidal,1.0,no,1,APICAL_INVERTED
neuromorpho__TT-01-08-14-1R.swc,interneuron,1.0,no,0,
neuromorpho__C02-04-14F16-04-14CS4.swc,interneuron,1.0,no,0,
neuromorpho__I_2_8.swc,interneuron,1.0,no,0,
hpf_ca1__202422_010_edited.swc,pyramidal,1.0,no,1,APICAL_INVERTED
allen__Ndnf-IRES2-dgCre_Ai14-292673.05.01.01_564346637.swc,interneuron,1.0,no,0,
neuromorpho__TDI21301015_Cell1_pia.swc,interneuron,1.0,no,0,
hpf_ca1__202219_031_edited.swc,pyramidal,1.0,no,1,APICAL_INVERTED
hpf_ca1__202671_012_edited.swc,pyramidal,1.0,no,0,
neuromorpho__TDI21301008-Cell21_L6_pia.swc,interneuron,1.0,no,0,
allen__Ndnf-IRES2-dgCre_Ai14-292670.04.02.01_565120091.swc,interneuron,1.0,no,0,
neuromorpho__2017-12-02-slice-3-cell-2-rotated.swc,interneuron,1.0,no,0,
hpf_ca1__202567_006_edited.swc,pyramidal,1.0,no,0,
hpf_ca1__210110_008_edited.swc,pyramidal,1.0,no,0,
neuromorpho__2016-09-06-slice-C-cell-7-rotated.swc,interneuron,1.0,no,0,
hpf_ca1__202411_017_edited.swc,pyramidal,1.0,no,1,APICAL_INVERTED
hpf_ca1__202251_031_edited.swc,pyramidal,1.0,no,0,
neuromorpho__110412-s3-2.swc,interneuron,1.0,no,0,
hpf_ca1__202248_016_edited.swc,pyramidal,1.0,no,1,APICAL_INVERTED
hpf_ca1__202248_018_edited.swc,pyramidal,1.0,no,1,APICAL_INVERTED
neuromorpho__TDI21301014_Cell2_pia.swc,interneuron,1.0,no,0,
neuromorpho__Fig2c_cell1_1402022rm.swc,interneuron,1.0,no,0,
hpf_ca1__210110_043_edited.swc,pyramidal,1.0,no,1,APICAL_INVERTED
neuromorpho__03-27-01-3wideArbor.swc,interneuron,1.0,no,0,
hpf_ca1__202232_069_edited.swc,pyramidal,1.0,no,1,APICAL_INVERTED
neuromorpho__TM-11-12-13-ER.swc,interneuron,1.0,no,0,
hpf_ca1__202400_049_edited.swc,pyramidal,1.0,no,1,APICAL_INVERTED
neuromorpho__TDI21301015_Cell2_pia.swc,interneuron,1.0,no,0,
neuromorpho__PFC160308A_Analysis.swc,interneuron,1.0,no,0,
hpf_ca1__202669_008_edited.swc,pyramidal,1.0,no,0,
allen__H17.06.013.12.03.02_643575207.swc,interneuron,1.0,no,0,
neuromorpho__Htr3a-Cre_NO152_Pvalb-T2A-Dre_Ai66-304920-02-02-01_596793163_m.swc,interneuron,1.0,no,0,
neuromorpho__Vipr2-IRES2-Cre_Ai14-316908-04-02-01_648577094_m.swc,interneuron,1.0,no,0,
allen__Ndnf-IRES2-dgCre_Ai14-311164.05.01.01_579626068.swc,interneuron,1.0,no,0,
hpf_ca1__210132_003_edited.swc,pyramidal,1.0,no,0,
allen__Pvalb-IRES-Cre_Ai14-299135.03.02.01_569723405.swc,interneuron,1.0,no,0,
hpf_ca1__202682_019_edited.swc,pyramidal,1.0,no,1,APICAL_INVERTED
neuromorpho__2016-08-11-slice-3-cell-7-rotated.swc,interneuron,1.0,no,0,
neuromorpho__2017-06-03-slice-2-cell-2-rotated.swc,interneuron,1.0,no,0,
hpf_ca1__202401_223_edited.swc,pyramidal,1.0,no,1,APICAL_INVERTED
neuromorpho__161012_08.swc,interneuron,1.0,no,0,
neuromorpho__Chrna2-Cre_OE25_Pvalb-T2A-Dre_Ai66-312583-02-02-01_651087073_m.swc,interneuron,1.0,no,0,
hpf_ca1__202234_014_edited.swc,pyramidal,1.0,no,1,APICAL_INVERTED
neuromorpho__AA0445.swc,pyramidal,1.0,no,0,
hpf_ca1__202217_022_edited.swc,pyramidal,1.0,no,1,APICAL_INVERTED
neuromorpho__I_1_16.swc,interneuron,1.0,no,0,
hpf_ca1__202829_024_edited.swc,pyramidal,1.0,no,0,
neuromorpho__AA0408.swc,pyramidal,1.0,no,0,
neuromorpho__M_F_10.swc,interneuron,1.0,no,0,
neuromorpho__Pvalb-IRES-Cre_Ai14-296193-03-01-02_650175812_m.swc,interneuron,1.0,no,0,
hpf_ca1__202682_007_edited.swc,pyramidal,1.0,no,1,APICAL_INVERTED
allen__H16.06.012.11.06.01_548408551.swc,pyramidal,1.0,no,0,
neuromorpho__Chrna2-Cre_OE25_Ai14_BT_-281693-06-01-01_591276000_m.swc,interneuron,1.0,no,0,
hpf_ca1__210014_070_edited.swc,pyramidal,1.0,no,0,
neuromorpho__Ndnf-IRES2-dgCre_Ai14-311164-05-01-01_601947752_m.swc,interneuron,1.0,no,0,
neuromorpho__5Ht3aCre-SABI-010518S2V-v1.swc,interneuron,1.0,no,0,
neuromorpho__TDI21301012_Cell11_pia.swc,interneuron,1.0,no,0,
allen__Htr3a-Cre_NO152_Pvalb-T2A-Dre_Ai66-304920.03.02.01_580161872.swc,interneuron,1.0,no,0,
hpf_ca1__202829_099_edited.swc,pyramidal,1.0,no,0,
neuromorpho__AA0409.swc,pyramidal,1.0,no,0,
hpf_ca1__202417_047_edited.swc,pyramidal,1.0,no,0,
hpf_ca1__210131_008_edited.swc,pyramidal,1.0,no,1,APICAL_INVERTED
hpf_ca1__210701_018_edited.swc,pyramidal,1.0,no,0,
allen__Ndnf-IRES2-dgCre_Ai14-292673.04.02.01_564349611.swc,interneuron,1.0,no,0,
hpf_ca1__202423_018_edited.swc,pyramidal,1.0,no,1,APICAL_INVERTED
hpf_ca1__202681_018_edited.swc,pyramidal,1.0,no,1,APICAL_INVERTED
hpf_ca1__210110_047_edited.swc,pyramidal,1.0,no,1,APICAL_INVERTED
neuromorpho__AA0426.swc,pyramidal,1.0,no,0,
hpf_ca1__202679_025_edited.swc,pyramidal,1.0,no,0,
hpf_ca1__202241_012_edited.swc,pyramidal,1.0,no,1,APICAL_INVERTED
hpf_ca1__210705_011_edited.swc,pyramidal,1.0,no,0,
allen__Htr3a-Cre_NO152_Pvalb-T2A-Dre_Ai66-313949.04.02.01_586379590.swc,interneuron,1.0,no,0,
neuromorpho__Oxtr-2A-Cre_Ai14-293841-05-02-01_614432108_m.swc,interneuron,1.0,no,0,
allen__Oxtr-2A-Cre_Ai14-293837.04.02.01_565866518.swc,interneuron,1.0,no,0,
hpf_ca1__202666_014_edited.swc,pyramidal,1.0,no,1,APICAL_INVERTED
hpf_ca1__202829_115_edited.swc,pyramidal,1.0,no,0,
neuromorpho__I_1_65.swc,interneuron,1.0,no,0,
neuromorpho__Nos1-CreERT2_Ai14_BT_-251975-06-01-01_563819177_m.swc,interneuron,1.0,no,0,
neuromorpho__2016-16-12-slice-e-cell-3-rotated.swc,interneuron,1.0,no,0,
neuromorpho__2017-16-10-slice-3-cell-2-rotated.swc,interneuron,1.0,no,0,
neuromorpho__07-16-2018-slice-1-cell-2-rotate.swc,interneuron,1.0,no,0,
hpf_ca1__210698_019_edited.swc,pyramidal,1.0,no,0,
neuromorpho__AA0765.swc,pyramidal,1.0,no,0,
neuromorpho__2017-01-08-slice-4-cell-2-rotated.swc,interneuron,1.0,no,0,
neuromorpho__H16-06-013-11-16-01_687434349_m.swc,interneuron,1.0,no,0,
neuromorpho__PFC-20140306B_Analysis.swc,interneuron,1.0,no,0,
neuromorpho__Htr3a-Cre_NO152_Pvalb-T2A-Dre_Ai66-304920-03-02-01_601947850_m.swc,interneuron,1.0,no,0,
neuromorpho__26-2-15-C.swc,interneuron,1.0,no,0,
hpf_ca1__202399_006_edited.swc,pyramidal,1.0,no,1,APICAL_INVERTED
neuromorpho__Ndnf-IRES2-dgCre_Ai14-306261-05-02-01_591276334_m.swc,interneuron,1.0,no,0,
allen__Htr3a-Cre_NO152_Ai14-288785.03.02.01_561985849.swc,interneuron,1.0,no,0,
neuromorpho__2017-03-07-slice-2-cell-3-rotated.swc,interneuron,1.0,no,0,
neuromorpho__20190423_sample_10.swc,interneuron,1.0,no,0,
neuromorpho__Nos1-CreERT2_Ai14_BT_-286854-04-01-01_596793070_m.swc,interneuron,1.0,no,0,
neuromorpho__AA0417.swc,pyramidal,1.0,no,0,
hpf_ca1__202242_004_edited.swc,pyramidal,1.0,no,1,APICAL_INVERTED
allen__H17.06.013.12.03.03_643582610.swc,interneuron,1.0,no,0,
allen__H16.03.005.01.04.03_526727406.swc,pyramidal,1.0,no,0,
neuromorpho__Anstoetz_PV-IN14.swc,interneuron,1.0,no,0,
neuromorpho__06-11-15-B.swc,interneuron,1.0,no,0,
allen__Htr3a-Cre_NO152_Ai14-306203.03.02.01_574993444.swc,interneuron,1.0,no,0,
neuromorpho__Htr3a-Cre_NO152_Pvalb-T2A-Dre_Ai66-313949-04-02-01_671531778_m.swc,interneuron,1.0,no,0,
allen__Ndnf-IRES2-dgCre_Ai14-262467.04.01.01_539014038.swc,interneuron,1.0,no,0,
hpf_ca1__202252_010_edited.swc,pyramidal,1.0,no,0,
neuromorpho__Pvalb-IRES-Cre_Ai14-305768-04-02-01_656999337_m.swc,interneuron,1.0,no,0,
hpf_ca1__202829_129_edited.swc,pyramidal,1.0,no,1,APICAL_INVERTED
hpf_ca1__210109_046_edited.swc,pyramidal,1.0,no,1,APICAL_INVERTED
neuromorpho__AA0742.swc,pyramidal,1.0,no,0,
hpf_ca1__202401_067_edited.swc,pyramidal,1.0,no,1,APICAL_INVERTED
allen__Pvalb-IRES-Cre_Ai14-299333.03.01.01_569998790.swc,interneuron,1.0,no,0,
hpf_ca1__202679_018_edited.swc,pyramidal,1.0,no,1,APICAL_INVERTED
neuromorpho__Nkx2-1-CreERT2_Ai14-_IVSCC_-294488-04-02-01_649553736_m.swc,interneuron,1.0,no,0,
neuromorpho__Vipr2-IRES2-Cre_Pvalb-T2A-FlpO_Ai65-344474-05-01-01_645075400_m.swc,interneuron,1.0,no,0,
neuromorpho__Vipr2-IRES2-Cre_Slc32a1-T2A-FlpO_Ai65-315072-05-01-01_638976782_m.swc,interneuron,1.0,no,0,
neuromorpho__I_1_7.swc,interneuron,1.0,no,0,
neuromorpho__retina4_petal3_n1-very-weird.swc,interneuron,1.0,no,0,
allen__Htr3a-Cre_NO152_Ai14-308439.03.01.01_578485753.swc,interneuron,1.0,no,0,
neuromorpho__SM080618A2.swc,interneuron,1.0,no,0,
hpf_ca1__210670_015_edited.swc,pyramidal,1.0,no,0,
hpf_ca1__210700_004_edited.swc,pyramidal,1.0,no,0,
allen__H16.06.011.01.01.10.04_539542640.swc,pyramidal,1.0,no,0,
hpf_ca1__202410_003_edited.swc,pyramidal,1.0,no,0,
allen__Nos1-CreERT2_Sst-IRES-FlpO_Ai65-271577.05.02.01_547262585.swc,interneuron,1.0,no,0,
neuromorpho__TDI21301017-Cell11_pia.swc,interneuron,1.0,no,0,
neuromorpho__TT-02-28-14-2R.swc,interneuron,1.0,no,0,
neuromorpho__Sst-IRES-Cre_Ai14-262058-05-02-01_570687314_m.swc,interneuron,1.0,no,0,
neuromorpho__TDI21301019_Cell3_spine_pia.swc,interneuron,1.0,no,0,
neuromorpho__05-26-00-s2localArbor.swc,interneuron,1.0,no,0,
neuromorpho__Vip-IRES-Cre_Ai14-287858-04-01-01_596793095_m.swc,interneuron,1.0,no,0,
neuromorpho__a7_170216_4.swc,interneuron,1.0,no,0,
neuromorpho__AA0767.swc,pyramidal,1.0,no,0,
neuromorpho__NGFC_160308_1M.swc,interneuron,1.0,no,0,
allen__H16.06.009.01.01.18.03_528687520.swc,interneuron,1.0,no,0,
neuromorpho__20190408_sample_5.swc,interneuron,1.0,no,0,
hpf_ca1__202244_008_edited.swc,pyramidal,1.0,no,1,APICAL_INVERTED
neuromorpho__2015-04-07-slice-2-cell-7.swc,interneuron,1.0,no,0,
neuromorpho__20190130_sample_3.swc,interneuron,1.0,no,0,
hpf_ca1__202412_006_edited.swc,pyramidal,1.0,no,1,APICAL_INVERTED
neuromorpho__Stroke-Feb23-IR1-3g-40x-low-res.swc,pyramidal,1.0,no,1,APICAL_INVERTED
hpf_ca1__202402_032_edited.swc,pyramidal,1.0,no,1,APICAL_INVERTED
neuromorpho__AA0798.swc,pyramidal,1.0,no,0,
neuromorpho__TDI21302012_cell3_pia.swc,interneuron,1.0,no,0,
allen__Chrna2-Cre_OE25_Ai14(BT)-281693.05.01.01_555001065.swc,interneuron,1.0,no,0,
neuromorpho__2017-06-08-slice-3-cell-7-rotated.swc,interneuron,1.0,no,0,
hpf_ca1__202410_009_edited.swc,pyramidal,1.0,no,1,APICAL_INVERTED
neuromorpho__PFC-20130806A_Analysis.swc,interneuron,1.0,no,0,
neuromorpho__PFC13092017B_Analysis.swc,interneuron,1.0,no,0,
neuromorpho__Nos1-CreERT2_Sst-IRES-FlpO_Ai65-271577-05-02-01_601947916_m.swc,interneuron,1.0,no,0,
neuromorpho__S2979-x1-25.swc,interneuron,1.0,no,0,
neuromorpho__retina5_petal2_n4.swc,interneuron,1.0,no,0,
neuromorpho__AA0626.swc,pyramidal,1.0,no,0,
allen__Vipr2-IRES2-Cre_Slc32a1-T2A-FlpO_Ai65-315067.05.01.01_585805211.swc,interneuron,1.0,no,0,
hpf_ca1__202246_003_edited.swc,pyramidal,1.0,no,0,
neuromorpho__AA0772.swc,pyramidal,1.0,no,0,
neuromorpho__C-11-6-14-F-25-06-14-CS3.swc,interneuron,1.0,no,0,
neuromorpho__PFC03082016F_Analysis.swc,interneuron,1.0,no,0,
allen__H16.06.004.01.04.03_508282493.swc,pyramidal,1.0,no,0,
neuromorpho__TDI301020_cell2_spine_pia.swc,interneuron,1.0,no,0,
neuromorpho__20190122_sample_1.swc,interneuron,1.0,no,0,
neuromorpho__Fig2c_Rat_78.swc,interneuron,1.0,no,0,
allen__Pvalb-IRES-Cre_Ai14-299335.05.01.01_570946690.swc,interneuron,1.0,no,0,
neuromorpho__TDI21301008_cell19_pia_spine.swc,interneuron,1.0,no,0,
neuromorpho__Ndnf-IRES2-dgCre_Ai14-255261-05-02-01_556384323_m.swc,interneuron,1.0,no,0,
hpf_ca1__210249_002_edited.swc,pyramidal,1.0,no,0,
neuromorpho__retina5_petal3_n7.swc,interneuron,1.0,no,0,
allen__H16.06.004.01.04.01_508279351.swc,pyramidal,1.0,no,0,
allen__Vipr2-IRES2-Cre_Slc32a1-T2A-FlpO_Ai65-315069.05.02.01_585952606.swc,interneuron,1.0,no,0,
allen__H17.03.010.11.13.06_601958555.swc,pyramidal,1.0,no,0,
neuromorpho__16-06-15-C.swc,interneuron,1.0,no,0,
neuromorpho__PFC13022019C_Analysis.swc,interneuron,1.0,no,0,
neuromorpho__20-08-15-B.swc,interneuron,1.0,no,0,
neuromorpho__170426_02.swc,interneuron,1.0,no,0,
neuromorpho__9-10-14-B.swc,interneuron,1.0,no,0,
neuromorpho__TDI21301010_Cell6_pia.swc,interneuron,1.0,no,0,
allen__H16.03.005.01.03.02_526725807.swc,pyramidal,1.0,no,1,APICAL_INVERTED
neuromorpho__13-01-15-B.swc,interneuron,1.0,no,0,
neuromorpho__j161128s2c6-rotated.swc,interneuron,1.0,no,0,
neuromorpho__20180828_sample_5.swc,interneuron,1.0,no,0,
neuromorpho__10_Jul26IR1a-MM.swc,pyramidal,1.0,no,1,APICAL_INVERTED
neuromorpho__10-07-15-A.swc,interneuron,1.0,no,0,
neuromorpho__Vipr2-IRES2-Cre_Slc32a1-T2A-FlpO_Ai65-343382-04-02-01_640109715_m.swc,interneuron,1.0,no,0,
neuromorpho__20190131_sample_3.swc,interneuron,1.0,no,0,
hpf_ca1__202461_030_edited.swc,pyramidal,1.0,no,0,
neuromorpho__20190925_sample_3.swc,interneuron,1.0,no,0,
neuromorpho__Vipr2-IRES2-Cre_Slc32a1-T2A-FlpO_Ai65-315067-05-02-01_610886173_m.swc,interneuron,1.0,no,0,
neuromorpho__Nos1-CreERT2_Ai14_BT_-260226-04-02-01_596793240_m.swc,interneuron,1.0,no,0,
neuromorpho__092017A_ECA.swc,pyramidal,1.0,no,0,
hpf_ca1__202803_016_edited.swc,pyramidal,1.0,no,1,APICAL_INVERTED
neuromorpho__Fig2a_cell2_1404163rm.swc,interneuron,1.0,no,0,
neuromorpho__Cell19.swc,interneuron,1.0,no,0,
neuromorpho__C-14-01-15-DIV15-CS2.swc,interneuron,1.0,no,0,
neuromorpho__Vipr2-IRES2-Cre_Slc32a1-T2A-FlpO_Ai65-315069-05-01-01_638206442_m.swc,interneuron,1.0,no,0,
neuromorpho__Nkx2-1-CreERT2_Ai14-_IVSCC_-286577-03-01-01_580260086_m.swc,interneuron,1.0,no,0,
neuromorpho__PFC-20130828D_ANalysis.swc,interneuron,1.0,no,0,
neuromorpho__20190201_sample_2.swc,interneuron,1.0,no,0,
neuromorpho__09-06-01-4neurogliaform.swc,interneuron,1.0,no,0,
hpf_ca1__210705_006_edited.swc,pyramidal,1.0,no,1,APICAL_INVERTED
neuromorpho__Canopy_171116_2.swc,interneuron,1.0,no,0,
allen__Gad2-IRES-Cre_Ai14-324791.03.02.02_593321019.swc,interneuron,1.0,no,0,
neuromorpho__20190122_sample_9.swc,interneuron,1.0,no,0,
neuromorpho__20190128_sample_7.swc,interneuron,1.0,no,0,
neuromorpho__TDI21301012_cell6_spine_pia.swc,interneuron,1.0,no,0,
neuromorpho__20180904_sample_5.swc,interneuron,1.0,no,0,
neuromorpho__retina4_petal4_n7.swc,interneuron,1.0,no,0,
neuromorpho__AA0439.swc,pyramidal,1.0,no,0,
neuromorpho__AA0999.swc,pyramidal,1.0,no,0,
neuromorpho__Cell48.swc,interneuron,1.0,no,0,
neuromorpho__20191010_sample_6.swc,interneuron,1.0,no,0,
neuromorpho__Cell29.swc,interneuron,1.0,no,0,
neuromorpho__Cell58.swc,interneuron,1.0,no,0,
neuromorpho__20191114_sample_1.swc,interneuron,1.0,no,0,
neuromorpho__retina1_petal3_n8.swc,interneuron,1.0,no,0,
neuromorpho__TDI21301012_cell5_spine_pia.swc,interneuron,1.0,no,0,
allen__H16.06.009.01.01.06.01_528602977.swc,pyramidal,1.0,no,0,
allen__Htr3a-Cre_NO152_Ai14-286736.05.01.01_561532710.swc,interneuron,1.0,no,0,
neuromorpho__retina2_n3.swc,interneuron,1.0,no,0,
neuromorpho__20190212_sample_4.swc,interneuron,1.0,no,0,
neuromorpho__retina4_petal2_n2.swc,interneuron,1.0,no,0,
neuromorpho__retina1_petal3_n9.swc,interneuron,1.0,no,0,
neuromorpho__Delayed5_4287_neurobiotin_TH.swc,interneuron,1.0,no,0,
neuromorpho__20191028_sample_2.swc,interneuron,1.0,no,0,
neuromorpho__20190703_sample_15.swc,interneuron,1.0,no,0,
neuromorpho__150504_2.swc,interneuron,1.0,no,3,APICAL_MISSED|APICAL_UNDERPREDICTED|APICAL_INVERTED
neuromorpho__retina5_petal4_n14.swc,interneuron,1.0,no,0,
neuromorpho__I_1_74.swc,interneuron,1.0,no,0,
neuromorpho__20190508_sample_1.swc,interneuron,1.0,no,0,
neuromorpho__iPRCp_11.swc,pyramidal,1.0,no,1,APICAL_INVERTED
neuromorpho__26-11-14-A-A6.swc,interneuron,1.0,no,0,
neuromorpho__Kole_MDKL31012019_3_63x.swc,interneuron,1.0,no,0,
neuromorpho__N021.swc,pyramidal,1.0,no,1,APICAL_INVERTED
neuromorpho__20181109_sample_7.swc,interneuron,1.0,no,0,
neuromorpho__YG-03-01-18-2-R-390-quant.swc,interneuron,1.0,no,0,
neuromorpho__Ndnf-IRES2-dgCre_Ai14-298343-05-02-02_657812337_m.swc,interneuron,1.0,no,0,
allen__H17.03.002.11.04.01_569818704.swc,pyramidal,1.0,no,0,
neuromorpho__ADP1_4339_neurobiotin.swc,interneuron,1.0,no,0,
neuromorpho__AA0628.swc,pyramidal,1.0,no,0,
neuromorpho__AA0424.swc,pyramidal,1.0,no,0,
neuromorpho__Cell33.swc,interneuron,1.0,no,0,
neuromorpho__retina5_petal4_n16.swc,interneuron,1.0,no,0,
neuromorpho__3073_20140421-x1-25.swc,interneuron,1.0,no,0,
neuromorpho__062817C_VentralCA1.swc,pyramidal,1.0,no,1,APICAL_INVERTED
neuromorpho__Gad2-IRES-Cre_Ai14-324791-03-02-02_648138988_m.swc,interneuron,1.0,no,0,
neuromorpho__Wang_Lefebvre_Cell8.swc,interneuron,1.0,no,0,
neuromorpho__Yin20161228s5_AR.swc,pyramidal,1.0,no,0,
neuromorpho__retina4_petal4_n12.swc,interneuron,1.0,no,0,
neuromorpho__20191010_sample_2.swc,interneuron,1.0,no,0,
neuromorpho__060415B_ECA.swc,pyramidal,1.0,no,0,
neuromorpho__20180904_sample_3.swc,interneuron,1.0,no,0,
hpf_ca1__210671_081_edited.swc,pyramidal,1.0,no,0,
hpf_ca1__202261_029_edited.swc,pyramidal,1.0,no,0,
neuromorpho__retina7_petal4_n7.swc,interneuron,1.0,no,0,
neuromorpho__Canopy_151204_3.swc,interneuron,1.0,no,0,
neuromorpho__Cell6.swc,interneuron,1.0,no,0,
neuromorpho__retina1_petal3_n5.swc,interneuron,1.0,no,0,
neuromorpho__TM-12-19-13-DR.swc,interneuron,1.0,no,4,APICAL_MISSED|APICAL_UNDERPREDICTED|APICAL_INVERTED|BASAL_LOST
neuromorpho__20190213_sample_7.swc,interneuron,1.0,no,0,
neuromorpho__retina4_petal4_n3.swc,interneuron,1.0,no,0,
neuromorpho__3080_20140430-x1-25.swc,interneuron,1.0,no,0,
neuromorpho__03-22-01-2doubleBouquet.swc,interneuron,1.0,no,0,
allen__H17.06.006.11.09.04_571691416.swc,pyramidal,1.0,no,0,
neuromorpho__060415C_ECA.swc,pyramidal,1.0,no,1,APICAL_INVERTED
neuromorpho__1_56.swc,pyramidal,1.0,no,0,
neuromorpho__TDI21301012_Cell9_pia.swc,interneuron,1.0,no,0,
neuromorpho__Wang_Lefebvre_Cell4.swc,interneuron,1.0,no,0,
neuromorpho__042315C_ECA.swc,pyramidal,1.0,no,1,APICAL_INVERTED
neuromorpho__retina1_petal3_n11.swc,interneuron,1.0,no,0,
neuromorpho__282_On_C_commissural.swc,interneuron,1.0,no,0,
neuromorpho__Htr3a-Cre_NO152_Ai14-286736-05-01-01_596793143_m.swc,interneuron,1.0,no,0,
neuromorpho__S3117_20140612-x1-25.swc,interneuron,1.0,no,0,
neuromorpho__20190613_sample_2.swc,interneuron,1.0,no,0,
neuromorpho__H17-06-006-11-10-03_639632757_m.swc,interneuron,1.0,no,0,
neuromorpho__N024.swc,pyramidal,1.0,no,1,APICAL_INVERTED
neuromorpho__retina4_petal1_n12.swc,interneuron,1.0,no,0,
neuromorpho__20180411_sample_4.swc,interneuron,1.0,no,0,
neuromorpho__20201230_F_63X_zstack_tile_stitched.swc,interneuron,1.0,no,0,
neuromorpho__retina4_petal3_n8.swc,interneuron,1.0,no,0,
neuromorpho__Cell25.swc,interneuron,1.0,no,0,
neuromorpho__20190211_sample_3.swc,interneuron,1.0,no,0,
neuromorpho__2017-03-07-slice-1-cell-7-rotated.swc,interneuron,1.0,no,0,
neuromorpho__20191003_sample_3.swc,interneuron,1.0,no,0,
neuromorpho__retina5_petal1_n7.swc,interneuron,1.0,no,0,
neuromorpho__268_On_C.swc,interneuron,1.0,no,0,
neuromorpho__062817B_VentralCA1.swc,pyramidal,1.0,no,0,
neuromorpho__C-11-6-14-F-23-06-14-cs2-dendrites.swc,interneuron,1.0,no,0,
allen__H17.06.005.13.05.02_571430815.swc,pyramidal,1.0,no,0,
neuromorpho__retina5_petal3_n11.swc,interneuron,1.0,no,0,
neuromorpho__NGFC_160209_1M.swc,interneuron,1.0,no,0,
hpf_ca1__202243_015_edited.swc,pyramidal,1.0,no,1,APICAL_INVERTED
neuromorpho__07-07-00-3mediumArbor.swc,interneuron,1.0,no,0,
neuromorpho__Sept12-IR3f-40x-high-MM-correct-Res.swc,pyramidal,1.0,no,0,
neuromorpho__20190110_sample_4.swc,interneuron,1.0,no,0,
neuromorpho__AA0794.swc,pyramidal,1.0,no,0,
neuromorpho__Nkx2-1-CreERT2_Ai14_BT_-278735-06-02-02_570682084_m.swc,interneuron,1.0,no,0,
neuromorpho__20190917_sample_2.swc,interneuron,1.0,no,0,
neuromorpho__retina4_petal3_n6.swc,interneuron,1.0,no,0,
neuromorpho__Cell9.swc,interneuron,1.0,no,0,
neuromorpho__TDI21301018_Cell3_spine_pia.swc,interneuron,1.0,no,0,
neuromorpho__AA0535.swc,pyramidal,1.0,no,0,
neuromorpho__Vipr2-IRES2-Cre_Slc32a1-T2A-FlpO_Ai65-315067-04-02-01_610886090_m.swc,interneuron,1.0,no,0,
neuromorpho__retina2_n4.swc,interneuron,1.0,no,0,
neuromorpho__Yin20161227s6_AR.swc,pyramidal,1.0,no,1,APICAL_INVERTED
allen__H17.03.008.11.03.04_595568262.swc,interneuron,1.0,no,0,
neuromorpho__Strokefeb23IR1-3L40xlowres.swc,pyramidal,1.0,no,1,APICAL_INVERTED
neuromorpho__081718A_DorsalCA1.swc,pyramidal,1.0,no,1,APICAL_INVERTED
neuromorpho__retina5_petal2_n2.swc,interneuron,1.0,no,0,
neuromorpho__20190212_sample_6.swc,interneuron,1.0,no,0,
neuromorpho__20190204_sample_15.swc,interneuron,1.0,no,0,
neuromorpho__150504_pair2sac.swc,interneuron,1.0,no,0,
neuromorpho__11_50.swc,pyramidal,1.0,no,0,
neuromorpho__retina5_petal3_n6.swc,interneuron,1.0,no,0,
neuromorpho__Vip-IRES-Cre_Ai14-294013-04-02-01_591275914_m.swc,interneuron,1.0,no,0,
neuromorpho__20190619_sample_6.swc,interneuron,1.0,no,0,
neuromorpho__retina1_petal3_n1.swc,interneuron,1.0,no,0,
neuromorpho__19-02-19A-10-cell-1.swc,interneuron,1.0,no,0,
neuromorpho__retina4_petal3_n12.swc,interneuron,1.0,no,0,
neuromorpho__AA0377.swc,pyramidal,1.0,no,0,
neuromorpho__18867_8235_x25208_y14610-auto_r.swc,interneuron,1.0,no,0,
neuromorpho__retina5_petal4_n1.swc,interneuron,1.0,no,0,
neuromorpho__Gad2-IRES-Cre_Ai14-324791-03-01-01_647493963_m.swc,interneuron,1.0,no,0,
neuromorpho__20190507_sample_2.swc,interneuron,1.0,no,0,
neuromorpho__iPRCp_13.swc,pyramidal,1.0,no,1,APICAL_INVERTED
neuromorpho__retina4_petal2_n4.swc,interneuron,1.0,no,0,
neuromorpho__061615B_ECA.swc,pyramidal,1.0,no,1,APICAL_INVERTED
neuromorpho__retina5_petal4_n17.swc,interneuron,1.0,no,0,
neuromorpho__retina4_petal4_n2.swc,interneuron,1.0,no,0,
neuromorpho__N023.swc,pyramidal,1.0,no,1,APICAL_INVERTED
neuromorpho__retina3_n6.swc,interneuron,1.0,no,0,
neuromorpho__retina4_petal1_n6.swc,interneuron,1.0,no,0,
neuromorpho__20190606_sample_3.swc,interneuron,1.0,no,0,
neuromorpho__oi57lpy6-1.swc,pyramidal,1.0,no,1,APICAL_INVERTED
allen__Nos1-CreERT2_Sst-IRES-FlpO_Ai65-346512.05.02.01_623185845.swc,interneuron,1.0,no,0,
neuromorpho__SM080902A3-1.swc,interneuron,1.0,no,0,
neuromorpho__retina4_petal3_n5.swc,interneuron,1.0,no,0,
hpf_ca1__210698_006_edited.swc,pyramidal,1.0,no,1,APICAL_INVERTED
neuromorpho__Fig2a_cell5_141009_2og.swc,interneuron,1.0,no,0,
neuromorpho__AA0623.swc,pyramidal,1.0,no,0,
neuromorpho__Chat-IRES-Cre-neo_Ai14-316043-05-01-01_610886034_m.swc,interneuron,1.0,no,0,
neuromorpho__retina4_petal1_n4.swc,interneuron,1.0,no,0,
neuromorpho__20190617_sample_5.swc,interneuron,1.0,no,0,
neuromorpho__Mouse_CA2_Ma_Cell_10.swc,pyramidal,1.0,no,0,
neuromorpho__Cell60.swc,interneuron,1.0,no,0,
neuromorpho__n125.swc,pyramidal,1.0,no,0,
neuromorpho__retina5_petal4_n5.swc,interneuron,1.0,no,0,
neuromorpho__retina3_n1.swc,interneuron,1.0,no,0,
neuromorpho__091218B_DorsalCA1.swc,pyramidal,1.0,no,0,
neuromorpho__AA0853.swc,pyramidal,1.0,no,0,
neuromorpho__20190507_sample_4.swc,interneuron,1.0,no,0,
neuromorpho__20191107_sample_3.swc,interneuron,1.0,no,0,
neuromorpho__20191105_sample_1.swc,interneuron,1.0,no,0,
neuromorpho__retina4_petal1_n8.swc,interneuron,1.0,no,0,
neuromorpho__retina4_petal2_n6.swc,interneuron,1.0,no,0,
neuromorpho__iPRCp_08.swc,pyramidal,1.0,no,1,APICAL_INVERTED
neuromorpho__N097.swc,pyramidal,1.0,no,0,
neuromorpho__retina7_petal4_n4.swc,interneuron,1.0,no,0,
neuromorpho__retina5_petal4_n12.swc,interneuron,1.0,no,0,
neuromorpho__5_J3a.swc,interneuron,1.0,no,0,
neuromorpho__20190130_sample_10.swc,interneuron,1.0,no,0,
neuromorpho__Jul26-IR3-3E.swc,pyramidal,1.0,no,1,APICAL_INVERTED
neuromorpho__retina1_petal3_n13.swc,interneuron,1.0,no,0,
neuromorpho__TDI21301012-cell4_pia.swc,interneuron,1.0,no,0,
neuromorpho__6_J5a.swc,interneuron,1.0,no,0,
neuromorpho__Fresh-D7-Sholl-Tau-RFP-MAP2003_crop-1.swc,pyramidal,1.0,no,0,
neuromorpho__Cell49.swc,interneuron,1.0,no,0,
neuromorpho__Cell50.swc,interneuron,1.0,no,0,
neuromorpho__retina3_n2.swc,interneuron,1.0,no,0,
neuromorpho__20190619_sample_5.swc,interneuron,1.0,no,0,
neuromorpho__AA0374.swc,pyramidal,1.0,no,0,
neuromorpho__retina7_petal3_n1.swc,interneuron,1.0,no,0,
neuromorpho__Anstoetz_PV-IN15.swc,interneuron,1.0,no,0,
neuromorpho__TDI21301009_cell5_L6_pia_WM.swc,interneuron,1.0,no,0,
neuromorpho__020315-3-ST.swc,interneuron,1.0,no,0,
neuromorpho__20200114_C_63X_zstack_tile_stitch.swc,interneuron,1.0,no,0,
neuromorpho__20181116_sample_5.swc,interneuron,1.0,no,0,
neuromorpho__10_Jul26-IR3-1a-MM.swc,pyramidal,1.0,no,1,APICAL_INVERTED
neuromorpho__20180817_sample_2.swc,interneuron,1.0,no,0,
neuromorpho__VIP_170223_1A.swc,interneuron,1.0,no,0,
neuromorpho__iPRCp_10.swc,pyramidal,1.0,no,1,APICAL_INVERTED
neuromorpho__iPRCp_02.swc,pyramidal,1.0,no,1,APICAL_INVERTED
neuromorpho__retina7_petal4_n6.swc,interneuron,1.0,no,0,
neuromorpho__Wang_Lefebvre_Cell76.swc,interneuron,1.0,no,0,
neuromorpho__iPRCp_06.swc,pyramidal,1.0,no,1,APICAL_INVERTED
neuromorpho__Cell18.swc,interneuron,1.0,no,0,
neuromorpho__retina5_petal3_n5.swc,interneuron,1.0,no,0,
neuromorpho__20190430_sample_6.swc,interneuron,1.0,no,0,
neuromorpho__retina5_petal1_n1.swc,interneuron,1.0,no,0,
allen__H16.06.008.01.26.04_527942865.swc,pyramidal,1.0,no,0,
neuromorpho__exp-5-59-188-1006.swc,interneuron,1.0,no,0,
neuromorpho__retina5_petal3_n8.swc,interneuron,1.0,no,0,
neuromorpho__retina4_petal2_n3.swc,interneuron,1.0,no,0,
neuromorpho__B15a.swc,interneuron,1.0,no,0,
neuromorpho__6_J2.swc,interneuron,1.0,no,0,
neuromorpho__retina1_petal2_n3.swc,interneuron,1.0,no,0,
neuromorpho__AA0451.swc,pyramidal,1.0,no,0,
neuromorpho__AA0335.swc,pyramidal,1.0,no,0,
neuromorpho__AA0342.swc,pyramidal,1.0,no,0,
neuromorpho__Cell59.swc,interneuron,1.0,no,0,
neuromorpho__retina4_petal4_n9.swc,interneuron,1.0,no,0,
neuromorpho__20190204_sample_7.swc,interneuron,1.0,no,0,
neuromorpho__N095.swc,pyramidal,1.0,no,1,APICAL_INVERTED
neuromorpho__20200524_E_63X_zstack_tile_2_stitched.swc,interneuron,1.0,no,0,
neuromorpho__Fresh-5-1.swc,pyramidal,1.0,no,0,
neuromorpho__030215-2_20x.swc,interneuron,1.0,no,0,
neuromorpho__retina4_petal3_n2.swc,interneuron,1.0,no,0,
neuromorpho__cell7_b2ko_traces.swc,interneuron,1.0,no,0,
neuromorpho__11_13_17_1_7.swc,pyramidal,1.0,no,1,WHOLE_CELL_MISLABEL
allen__H17.06.005.13.05.06_571500474.swc,pyramidal,1.0,no,0,
neuromorpho__AA0926.swc,pyramidal,1.0,no,0,
neuromorpho__20190624_sample_2.swc,interneuron,1.0,no,0,
neuromorpho__retina4_petal1_n3.swc,interneuron,1.0,no,0,
neuromorpho__20180830_sample_1.swc,interneuron,1.0,no,0,
neuromorpho__N098.swc,pyramidal,1.0,no,0,
neuromorpho__20190827_sample_7.swc,interneuron,1.0,no,0,
neuromorpho__Anstoetz_PV-IN13.swc,interneuron,1.0,no,0,
neuromorpho__cell9_b2ko_swc_traces.swc,interneuron,1.0,no,0,
neuromorpho__retina5_petal3_n9.swc,interneuron,1.0,no,0,
neuromorpho__AA0791.swc,pyramidal,1.0,no,0,
neuromorpho__Cell47.swc,interneuron,1.0,no,0,
neuromorpho__20191105_sample_4.swc,interneuron,1.0,no,0,
neuromorpho__20191001_sample_4.swc,interneuron,1.0,no,0,
neuromorpho__Mouse_CA2_B_Cell.swc,pyramidal,1.0,no,0,
neuromorpho__20190603_sample_4.swc,interneuron,1.0,no,0,
neuromorpho__AA0466.swc,pyramidal,1.0,no,0,
neuromorpho__Fig3c_Rat_87.swc,interneuron,1.0,no,0,
neuromorpho__AA0358.swc,pyramidal,1.0,no,0,
neuromorpho__Mouse_CA2_Ma_Cell_2.swc,pyramidal,1.0,no,1,APICAL_INVERTED
neuromorpho__AA0945.swc,pyramidal,1.0,no,0,
neuromorpho__Chat-IRES-Cre-neo_Ai14-308247-03-02-01_648990126_m.swc,interneuron,1.0,no,0,
neuromorpho__Miro1KO250916S1C120X.swc,interneuron,1.0,no,0,
neuromorpho__19-02-19A-03-cell-2.swc,interneuron,1.0,no,0,
neuromorpho__AA0876.swc,pyramidal,1.0,no,0,
neuromorpho__20190610_sample_16.swc,interneuron,1.0,no,0,
neuromorpho__Vip-IRES-Cre_Ai14_IVSCC_-264875-06-01-01_653337413_m.swc,interneuron,1.0,no,0,
neuromorpho__AA0583.swc,pyramidal,1.0,no,0,
neuromorpho__051217_cell4_L23.swc,interneuron,1.0,no,0,
neuromorpho__N020.swc,pyramidal,1.0,no,1,APICAL_INVERTED
neuromorpho__AA0796.swc,pyramidal,1.0,no,0,
neuromorpho__Wang_Lefebvre_Cell26.swc,interneuron,1.0,no,0,
neuromorpho__10-04-01-4doubleBouquet.swc,interneuron,1.0,no,0,
neuromorpho__retina1_petal3_n12.swc,interneuron,1.0,no,0,
neuromorpho__AA0365.swc,pyramidal,1.0,no,0,
neuromorpho__C03-7-14F17-7-14CS1.swc,interneuron,1.0,no,0,
allen__H17.03.002.11.04.04_569844159.swc,pyramidal,1.0,no,0,
neuromorpho__Chat-IRES-Cre-neo_Ai14-316043-04-02-01_626158141_m.swc,interneuron,1.0,no,0,
neuromorpho__20190430_sample_1.swc,interneuron,1.0,no,0,
neuromorpho__retina6_petal1_n8.swc,interneuron,1.0,no,0,
neuromorpho__cell8_b2ko_traces.swc,interneuron,1.0,no,0,
neuromorpho__10N4-8162019-b_wt3a2.swc,interneuron,1.0,no,0,
neuromorpho__retina5_petal4_n7.swc,interneuron,1.0,no,0,
allen__H17.06.012.14.08.03_611598198.swc,interneuron,1.0,no,0,
neuromorpho__Miro1KO230716S3C120X.swc,interneuron,1.0,no,0,
neuromorpho__20180719_sample_1.swc,interneuron,1.0,no,0,
neuromorpho__cell5_wt_traces.swc,interneuron,1.0,no,0,
neuromorpho__retina6_petal1_n4.swc,interneuron,1.0,no,0,
neuromorpho__20190827_sample_4.swc,interneuron,1.0,no,0,
neuromorpho__20180717_sample_3.swc,interneuron,1.0,no,0,
neuromorpho__Vip-IRES-Cre_Ai14_IVSCC_-253382-05-01-01_556384349_m.swc,interneuron,1.0,no,0,
neuromorpho__23-04-18C-01-cell-1.swc,interneuron,1.0,no,0,
neuromorpho__AA0347.swc,pyramidal,1.0,no,0,
neuromorpho__Cell39.swc,interneuron,1.0,no,0,
neuromorpho__AA0722.swc,pyramidal,1.0,no,0,
neuromorpho__AA0367.swc,pyramidal,1.0,no,0,
neuromorpho__N073.swc,pyramidal,1.0,no,1,APICAL_INVERTED
neuromorpho__AA0865.swc,pyramidal,1.0,no,0,
neuromorpho__031115-1_20x.swc,interneuron,1.0,no,0,
neuromorpho__081518A_DorsalCA1.swc,pyramidal,1.0,no,0,
neuromorpho__18869_5692_x6534_y3440-semi_r.swc,interneuron,1.0,no,0,
neuromorpho__Cell73.swc,interneuron,1.0,no,0,
neuromorpho__AA0350.swc,pyramidal,1.0,no,0,
neuromorpho__20190712_sample_5.swc,interneuron,1.0,no,0,
neuromorpho__20190610_sample_3.swc,interneuron,1.0,no,0,
neuromorpho__EXP-5_67-188-1001.swc,interneuron,1.0,no,0,
neuromorpho__AA0523.swc,pyramidal,1.0,no,0,
neuromorpho__Mouse_CA2_Mc_Cell_11.swc,pyramidal,1.0,no,0,
neuromorpho__2020-03-11_10-14-10PV-MORF3MJ01-4V5-647PV488-30x02Ctx01.swc,interneuron,1.0,no,0,
neuromorpho__Anstoetz_Toolbox-IN6.swc,interneuron,1.0,no,0,
neuromorpho__20190218_sample_3.swc,interneuron,1.0,no,0,
neuromorpho__20190204_sample_5.swc,interneuron,1.0,no,0,
neuromorpho__Mouse_CA2_Mb_Cell_9.swc,pyramidal,1.0,no,1,APICAL_INVERTED
neuromorpho__AA0921.swc,pyramidal,1.0,no,0,
neuromorpho__S2999_RS-x1-25.swc,pyramidal,1.0,no,1,APICAL_INVERTED
neuromorpho__Fresh-D7-Sholl-Tau-RFP-MAP2006_crop.swc,pyramidal,1.0,no,0,
neuromorpho__20181121_sample_6.swc,interneuron,1.0,no,0,
neuromorpho__Cell61.swc,interneuron,1.0,no,0,
neuromorpho__Cell37.swc,interneuron,1.0,no,0,
neuromorpho__AA0750.swc,pyramidal,1.0,no,0,
neuromorpho__20190128_sample_4.swc,interneuron,1.0,no,0,
neuromorpho__150312_pair1sac.swc,interneuron,1.0,no,0,
neuromorpho__AA0339.swc,pyramidal,1.0,no,0,
neuromorpho__Mouse_CA2_Ma_Cell_5.swc,pyramidal,1.0,no,0,
neuromorpho__AA0519.swc,pyramidal,1.0,no,0,
neuromorpho__Jul26IR4c-40x-MM.swc,pyramidal,1.0,no,1,APICAL_INVERTED
neuromorpho__Stroke-Feb23-IR-3h-40x-low-res_zcorrections.swc,pyramidal,1.0,no,1,APICAL_INVERTED
neuromorpho__Anstoetz_PV-IN11.swc,interneuron,1.0,no,0,
neuromorpho__20180822_sample_1.swc,interneuron,1.0,no,0,
neuromorpho__20190513_sample_5.swc,interneuron,1.0,no,0,
neuromorpho__retina6_petal2_n2.swc,interneuron,1.0,no,0,
neuromorpho__Oct28IR1b-40x-NL.swc,pyramidal,1.0,no,0,
hpf_ca1__202427_096_edited.swc,pyramidal,1.0,no,0,
neuromorpho__AA0366.swc,pyramidal,1.0,no,0,
neuromorpho__AA0349.swc,pyramidal,1.0,no,0,
neuromorpho__20180711_sample_1.swc,interneuron,1.0,no,0,
neuromorpho__20180711_sample_3.swc,interneuron,1.0,no,0,
neuromorpho__20180404_sample_5.swc,interneuron,1.0,no,0,
neuromorpho__Chat-IRES-Cre-neo_Ai14-316042-05-01-01_605541518_m.swc,interneuron,1.0,no,0,
neuromorpho__retina7_petal2_n2.swc,interneuron,1.0,no,0,
neuromorpho__Fresh-Sholl-2-D7-Tau-LA-Map2002_crop-2.swc,pyramidal,1.0,no,0,
neuromorpho__C-02-04-14-F-16-04-14-CS1.swc,interneuron,1.0,no,0,
neuromorpho__retina7_petal3_n9.swc,interneuron,1.0,no,0,
neuromorpho__Cell15.swc,interneuron,1.0,no,0,
neuromorpho__38b.swc,pyramidal,1.0,no,0,
neuromorpho__retina1_petal1_n4.swc,interneuron,1.0,no,0,
neuromorpho__AA0578.swc,pyramidal,1.0,no,0,
neuromorpho__Fresh-3-1.swc,pyramidal,1.0,no,0,
neuromorpho__IF3_040400.swc,pyramidal,1.0,no,1,TRUNCATED_APICAL
neuromorpho__Cell71.swc,interneuron,1.0,no,0,
neuromorpho__AA0331.swc,pyramidal,1.0,no,0,
neuromorpho__AA0473.swc,pyramidal,1.0,no,0,
neuromorpho__cM2p_06.swc,pyramidal,1.0,no,1,APICAL_INVERTED
neuromorpho__AA0806.swc,pyramidal,1.0,no,0,
neuromorpho__dysk-12.swc,interneuron,1.0,no,0,
neuromorpho__retina6_petal2_n3.swc,interneuron,1.0,no,0,
neuromorpho__4_J3.swc,interneuron,1.0,no,0,
neuromorpho__12N5-8162019-b-fcfc21.swc,interneuron,1.0,no,0,
neuromorpho__12N5-8162019-b-fcfc1.swc,interneuron,1.0,no,0,
neuromorpho__20180621_sample_7.swc,interneuron,1.0,no,0,
neuromorpho__A151125-4_VIP_IN.swc,interneuron,1.0,no,0,
neuromorpho__020726-3-NPY.swc,interneuron,1.0,no,0,
neuromorpho__14Feb2019-exp-5_53-rpt-188-1006.swc,interneuron,1.0,no,0,
neuromorpho__18869_6732_x9649_y3919-semi_r.swc,interneuron,1.0,no,0,
neuromorpho__cM2p_11.swc,pyramidal,1.0,no,1,APICAL_INVERTED
neuromorpho__170602_sac2_updated170801.swc,interneuron,1.0,no,0,
allen__H17.06.013.12.03.01_643572206.swc,interneuron,1.0,no,0,
neuromorpho__AA0337.swc,pyramidal,1.0,no,0,
neuromorpho__20190408_sample_1.swc,interneuron,1.0,no,0,
neuromorpho__19-02-19B-01-cell2.swc,interneuron,1.0,no,0,
neuromorpho__Delayed8_241018c6_neurobiotin.swc,interneuron,1.0,no,0,
neuromorpho__20180820_sample_5.swc,interneuron,1.0,no,0,
neuromorpho__Fresh-D4-Phall-Tau-Map2001-5.swc,pyramidal,1.0,no,0,
neuromorpho__12N5-8162019-b-wt1a.swc,interneuron,1.0,no,0,
neuromorpho__20190128_sample_12.swc,interneuron,1.0,no,0,
neuromorpho__17_30.swc,pyramidal,1.0,no,0,
neuromorpho__22--OTC-300-pM-CRF-9-weeks-20x.swc,pyramidal,1.0,no,0,
neuromorpho__AA0348.swc,pyramidal,1.0,no,0,
neuromorpho__Delayed17_2089_biocytin.swc,interneuron,1.0,no,0,
neuromorpho__20180920_sample_2.swc,interneuron,1.0,no,0,
neuromorpho__20180820_sample_1.swc,interneuron,1.0,no,0,
neuromorpho__AA0661.swc,pyramidal,1.0,no,0,
neuromorpho__EXP-5_67-188-1004.swc,interneuron,1.0,no,0,
neuromorpho__20190211_sample_6.swc,interneuron,1.0,no,0,
neuromorpho__EXP-5_67-188-1010.swc,interneuron,1.0,no,0,
neuromorpho__AA0356.swc,pyramidal,1.0,no,0,
neuromorpho__20190910_sample_6.swc,interneuron,1.0,no,0,
neuromorpho__20180515_sample_1.swc,interneuron,1.0,no,0,
neuromorpho__3057_20140409-x1-25.swc,interneuron,1.0,no,0,
neuromorpho__cell6_wt_traces.swc,interneuron,1.0,no,0,
neuromorpho__180702_morpho-6_hippo_tau488_trfp_map2647_Hippo-1-10_crop-4.swc,pyramidal,1.0,no,0,
neuromorpho__20190508_sample_7.swc,interneuron,1.0,no,0,
neuromorpho__Mouse_CA2_Mc_Cell_12.swc,pyramidal,1.0,no,0,
neuromorpho__AA0314.swc,pyramidal,1.0,no,0,
neuromorpho__AA0345.swc,pyramidal,1.0,no,0,
neuromorpho__HFF1_4125_neurobiotin.swc,interneuron,1.0,no,0,
neuromorpho__EXP-5_67-188-1006.swc,interneuron,1.0,no,0,
neuromorpho__20190122_sample_5.swc,interneuron,1.0,no,0,
neuromorpho__18869_4001_x4383_y7249-semi_r.swc,interneuron,1.0,no,0,
neuromorpho__030915-2_20x.swc,interneuron,1.0,no,0,
neuromorpho__17545_00116-semi_r.swc,interneuron,1.0,no,0,
neuromorpho__AA0743.swc,pyramidal,1.0,no,0,
neuromorpho__exp-5-59-188-1014.swc,interneuron,1.0,no,0,
neuromorpho__10N23DAT8-50717GFPwta_wt4a.swc,interneuron,1.0,no,0,
neuromorpho__Sept12-IR1d-40x-low-MMcorrect-res.swc,pyramidal,1.0,no,0,
neuromorpho__AA0327.swc,pyramidal,1.0,no,0,
neuromorpho__AA0823.swc,pyramidal,1.0,no,0,
neuromorpho__051217_cell3_L23.swc,interneuron,1.0,no,0,
neuromorpho__T44a.swc,interneuron,1.0,no,0,
neuromorpho__20180829_sample_6.swc,interneuron,1.0,no,0,
neuromorpho__20190214_sample_1.swc,interneuron,1.0,no,0,
neuromorpho__20190408_sample_2.swc,interneuron,1.0,no,0,
neuromorpho__061218Ac1_dendrites.swc,interneuron,1.0,no,0,
neuromorpho__18869_4520_x23555_y8194-semi_r.swc,interneuron,1.0,no,0,
neuromorpho__6-Som-3d-trace-A.swc,interneuron,1.0,no,0,
neuromorpho__150811_pair2sac.swc,interneuron,1.0,no,0,
neuromorpho__gaoCell1.swc,interneuron,1.0,no,0,
neuromorpho__A151218-02_VIP_IN.swc,interneuron,1.0,no,0,
neuromorpho__H17-06-013-12-03-01_681002938_m.swc,interneuron,1.0,no,0,
neuromorpho__12N7-8162019-b-TILE1-wt3a1.swc,interneuron,1.0,no,0,
neuromorpho__20190204_sample_1.swc,interneuron,1.0,no,0,
neuromorpho__N103.swc,pyramidal,1.0,no,1,APICAL_INVERTED
neuromorpho__20_26.swc,pyramidal,1.0,no,0,
neuromorpho__160817_SAC4_006_avgupdated.swc,interneuron,1.0,no,0,
neuromorpho__14Feb2019-exp-5_53-rpt-scr-1002.swc,interneuron,1.0,no,0,
neuromorpho__20190703_sample_13.swc,interneuron,1.0,no,0,
neuromorpho__retina7_petal4_n1.swc,interneuron,1.0,no,0,
neuromorpho__20190201_sample_3.swc,interneuron,1.0,no,0,
neuromorpho__AA0336.swc,pyramidal,1.0,no,0,
neuromorpho__18463_00051-semi_f.swc,interneuron,1.0,no,0,
neuromorpho__20190506_sample_1.swc,interneuron,1.0,no,0,
neuromorpho__ms92_slice6_cell4.swc,pyramidal,1.0,no,0,
neuromorpho__020414-pos-div14-cs3.swc,interneuron,1.0,no,0,
neuromorpho__N101.swc,pyramidal,1.0,no,1,APICAL_INVERTED
neuromorpho__17545_00029-semi_r.swc,interneuron,1.0,no,0,
neuromorpho__12N7-8162019-b_fcfc2a.swc,interneuron,1.0,no,0,
neuromorpho__17302_00047-semi_f.swc,interneuron,1.0,no,0,
neuromorpho__I101119PYR.swc,pyramidal,1.0,no,1,APICAL_INVERTED
neuromorpho__Anstoetz_PV-IN7.swc,interneuron,1.0,no,0,
neuromorpho__20180822_sample_4.swc,interneuron,1.0,no,0,
neuromorpho__20180720_sample_5.swc,interneuron,1.0,no,0,
neuromorpho__AA0870.swc,pyramidal,1.0,no,0,
neuromorpho__retina5_petal4_n4.swc,interneuron,1.0,no,0,
neuromorpho__908s3c3.swc,pyramidal,1.0,no,2,APICAL_INVERTED|TRUNCATED_APICAL
neuromorpho__5b_1.swc,pyramidal,1.0,no,0,
neuromorpho__g0699P1.swc,pyramidal,1.0,no,1,APICAL_INVERTED
neuromorpho__11A3neuron1.swc,pyramidal,1.0,no,0,
neuromorpho__20190718_sample_5.swc,interneuron,1.0,no,0,
neuromorpho__081017Bc1_OFF-OS-AC.swc,interneuron,1.0,no,0,
neuromorpho__10N23DAT8-50717GFPwta_wt62.swc,interneuron,1.0,no,0,
neuromorpho__20190628_sample_1.swc,interneuron,1.0,no,0,
neuromorpho__ADP8_241018c5_neurobiotin.swc,interneuron,1.0,no,0,
neuromorpho__AA0732.swc,pyramidal,1.0,no,0,
neuromorpho__g0697P1.swc,pyramidal,1.0,no,0,
neuromorpho__17545_00120-semi_r.swc,interneuron,1.0,no,0,
neuromorpho__141012_Pair1SAC.swc,interneuron,1.0,no,0,
neuromorpho__AA0873.swc,pyramidal,1.0,no,0,
neuromorpho__18868_2601_x23273_y17306-auto_r.swc,interneuron,1.0,no,0,
neuromorpho__170519_SAC10updated.swc,interneuron,1.0,no,0,
neuromorpho__20190408_sample_6.swc,interneuron,1.0,no,0,
neuromorpho__8may2015c1.swc,interneuron,1.0,no,0,
neuromorpho__40_7.swc,pyramidal,1.0,no,0,
neuromorpho__Jul26IR4e-40x-low-MM.swc,pyramidal,1.0,no,1,APICAL_INVERTED
neuromorpho__20190204_sample_9.swc,interneuron,1.0,no,0,
neuromorpho__Fresh-D7-Sholl-Tau-RFP-MAP2005_crop-2.swc,pyramidal,1.0,no,0,
neuromorpho__20180911_sample_6.swc,interneuron,1.0,no,0,
neuromorpho__exp-5-59-188-1015.swc,interneuron,1.0,no,0,
neuromorpho__AA0352.swc,pyramidal,1.0,no,0,
neuromorpho__2020-03-05_10-54-18SST-MORF3Mb02-1V5-647-30x03-1_05.swc,interneuron,1.0,no,0,
neuromorpho__c2973.swc,interneuron,1.0,no,0,
neuromorpho__AA0792.swc,pyramidal,1.0,no,0,
neuromorpho__cM2p_12.swc,pyramidal,1.0,no,1,APICAL_INVERTED
neuromorpho__150206_1.swc,interneuron,1.0,no,3,APICAL_MISSED|APICAL_UNDERPREDICTED|TRUNCATED_APICAL
neuromorpho__N076.swc,pyramidal,1.0,no,1,APICAL_INVERTED
neuromorpho__20190708_sample_12.swc,interneuron,1.0,no,0,
neuromorpho__20190131_sample_5.swc,interneuron,1.0,no,0,
neuromorpho__20190503_sample_3.swc,interneuron,1.0,no,0,
neuromorpho__N063.swc,pyramidal,1.0,no,1,APICAL_INVERTED
neuromorpho__AA0605.swc,pyramidal,1.0,no,0,
neuromorpho__25_16.swc,pyramidal,1.0,no,0,
neuromorpho__AA0307.swc,pyramidal,1.0,no,0,
neuromorpho__AA0601.swc,pyramidal,1.0,no,0,
neuromorpho__18868_2924_x10668_y9719-auto_r.swc,interneuron,1.0,no,0,
neuromorpho__AA0581.swc,pyramidal,1.0,no,0,
neuromorpho__AA0414.swc,pyramidal,1.0,no,0,
neuromorpho__20190730_sample_9.swc,interneuron,1.0,no,0,
neuromorpho__20190128_sample_2.swc,interneuron,1.0,no,0,
neuromorpho__20180510_sample_2.swc,interneuron,1.0,no,0,
neuromorpho__AA0776.swc,pyramidal,1.0,no,0,
neuromorpho__T91_40X_NeuronB_Tile_Trace_MK.swc,pyramidal,1.0,no,1,TRUNCATED_APICAL
neuromorpho__Hcell11-set-2.swc,interneuron,1.0,no,0,
neuromorpho__Hcell16-set-2.swc,interneuron,1.0,no,0,
neuromorpho__Anstoetz_OML_IN2.swc,interneuron,1.0,no,0,
neuromorpho__20190729_sample_2.swc,interneuron,1.0,no,0,
neuromorpho__071217_cell3_L1.swc,interneuron,1.0,no,0,
neuromorpho__17545_00052-semi_r.swc,interneuron,1.0,no,0,
neuromorpho__AA0371.swc,pyramidal,1.0,no,0,
neuromorpho__group2_cell6.swc,pyramidal,1.0,no,0,
neuromorpho__17543_3308_x10077_y3766-semi_r.swc,interneuron,1.0,no,0,
neuromorpho__161027_SAC5.swc,interneuron,1.0,no,0,
neuromorpho__N011.swc,pyramidal,1.0,no,0,
neuromorpho__072903a.swc,interneuron,1.0,no,0,
neuromorpho__051217_cell6_L1.swc,interneuron,1.0,no,0,
neuromorpho__exp-5-59-Scr-1013.swc,interneuron,1.0,no,0,
neuromorpho__20190704_sample_12.swc,interneuron,1.0,no,0,
neuromorpho__20180829_sample_2.swc,interneuron,1.0,no,0,
neuromorpho__N052.swc,pyramidal,1.0,no,0,
neuromorpho__C-15-10-14-DIV15-CS2-Cell1.swc,interneuron,1.0,no,0,
neuromorpho__Cell51.swc,interneuron,1.0,no,0,
neuromorpho__20190924_sample_7.swc,interneuron,1.0,no,0,
neuromorpho__M1KO_28.swc,pyramidal,1.0,no,0,
neuromorpho__TileScan-5_Merged_12N7-8162019_fcfc1a.swc,interneuron,1.0,no,0,
neuromorpho__20180725_sample_9.swc,interneuron,1.0,no,0,
neuromorpho__8--OTC-100-pM-NPY-9-weeks.swc,pyramidal,1.0,no,0,
neuromorpho__N084.swc,pyramidal,1.0,no,0,
neuromorpho__AA0384.swc,pyramidal,1.0,no,0,
neuromorpho__20190628_sample_4.swc,interneuron,1.0,no,0,
neuromorpho__AA0584.swc,pyramidal,1.0,no,0,
neuromorpho__AA0781.swc,pyramidal,1.0,no,0,
neuromorpho__18455_00036-semi_r.swc,interneuron,1.0,no,0,
neuromorpho__17545_00030-semi_r.swc,interneuron,1.0,no,0,
neuromorpho__AA0678.swc,pyramidal,1.0,no,0,
neuromorpho__crop0_2_seg_split_23_1-3.swc,pyramidal,1.0,no,0,
neuromorpho__051217_cell1_L1.swc,interneuron,1.0,no,0,
neuromorpho__AA0659.swc,pyramidal,1.0,no,0,
neuromorpho__Anstoetz_Toolbox-IN4.swc,interneuron,1.0,no,0,
neuromorpho__park-4.swc,interneuron,1.0,no,0,
neuromorpho__20190724_sample_4.swc,interneuron,1.0,no,0,
neuromorpho__20190703_sample_12.swc,interneuron,1.0,no,0,
neuromorpho__Kole_MDKL04022019_2_63x.swc,interneuron,1.0,no,0,
neuromorpho__30_13.swc,pyramidal,1.0,no,0,
allen__Htr3a-Cre_NO152_Ai14-286731.04.02.01_561553133.swc,interneuron,1.0,no,0,
neuromorpho__19-02-19B-02-cell1.swc,interneuron,1.0,no,0,
neuromorpho__20190712_sample_6.swc,interneuron,1.0,no,0,
neuromorpho__150427_pair1sac.swc,interneuron,1.0,no,0,
neuromorpho__25-02-15-C2.swc,interneuron,1.0,no,0,
neuromorpho__AA0751.swc,pyramidal,1.0,no,0,
neuromorpho__37_9.swc,pyramidal,1.0,no,0,
neuromorpho__M720Ecel1.swc,interneuron,1.0,no,0,
neuromorpho__18455_00030-semi_r.swc,interneuron,1.0,no,0,
neuromorpho__AA0685.swc,pyramidal,1.0,no,0,
neuromorpho__10506c3.swc,pyramidal,1.0,no,0,
neuromorpho__082203a.swc,interneuron,1.0,no,0,
neuromorpho__13911c6.swc,interneuron,1.0,no,0,
neuromorpho__20190605_sample_4.swc,interneuron,1.0,no,0,
neuromorpho__160826_FusedSAC3_avgupdated.swc,interneuron,1.0,no,0,
neuromorpho__12N7-8162019-b-wt1a.swc,interneuron,1.0,no,0,
neuromorpho__AA0372.swc,pyramidal,1.0,no,0,
neuromorpho__M1_26.swc,pyramidal,1.0,no,0,
neuromorpho__AA0490.swc,pyramidal,1.0,no,0,
neuromorpho__N007.swc,pyramidal,1.0,no,1,APICAL_INVERTED
neuromorpho__AA0919.swc,pyramidal,1.0,no,0,
neuromorpho__10N23DAT8-50717GFPwta_fcfc3a.swc,interneuron,1.0,no,0,
neuromorpho__4_J2a.swc,interneuron,1.0,no,0,
neuromorpho__cell-pair-20111014sc2b.swc,interneuron,1.0,no,0,
neuromorpho__M1_5.swc,pyramidal,1.0,no,0,
neuromorpho__17302_00074-semi_r.swc,interneuron,1.0,no,0,
neuromorpho__Mouse_CA2_Ma_Cell_1.swc,pyramidal,1.0,no,0,
neuromorpho__160826_Fused_SAC2_avgupdated.swc,interneuron,1.0,no,0,
neuromorpho__4_J2b.swc,interneuron,1.0,no,0,
neuromorpho__18454_00016-semi_r.swc,interneuron,1.0,no,0,
neuromorpho__1028ir2x-40x-NL.swc,pyramidal,1.0,no,0,
neuromorpho__AA0906.swc,pyramidal,1.0,no,0,
neuromorpho__KW20180712_Pair7_pre.swc,pyramidal,1.0,no,0,
neuromorpho__retina5_petal4_n2.swc,interneuron,1.0,no,0,
neuromorpho__20190703_sample_2.swc,interneuron,1.0,no,0,
neuromorpho__18869_5317_x6063_y4638-semi_r.swc,interneuron,1.0,no,0,
neuromorpho__Hcell5.swc,interneuron,1.0,no,0,
neuromorpho__3d_1.swc,pyramidal,1.0,no,0,
neuromorpho__17302_00032-semi_f.swc,interneuron,1.0,no,0,
neuromorpho__Mouse_CA2_Mc_Cell_8.swc,pyramidal,1.0,no,1,APICAL_INVERTED
neuromorpho__10N4-8162019-b_wt5a.swc,interneuron,1.0,no,0,
neuromorpho__20180918_sample_1.swc,interneuron,1.0,no,0,
neuromorpho__Kole_MPG05042019_7_StreptavidinA488_63x.swc,interneuron,1.0,no,0,
neuromorpho__AA0354.swc,pyramidal,1.0,no,0,
neuromorpho__AA0363.swc,pyramidal,1.0,no,0,
neuromorpho__10N1-8162019-fcfc4a.swc,interneuron,1.0,no,0,
neuromorpho__1086-2-Sec4-BSL1.swc,pyramidal,1.0,no,1,APICAL_INVERTED
neuromorpho__Fresh-D7-Sholl-Tau-RFP-MAP2012_crop-3.swc,pyramidal,1.0,no,0,
neuromorpho__17545_00143-semi_r.swc,interneuron,1.0,no,0,
neuromorpho__Hcell2.swc,interneuron,1.0,no,0,
neuromorpho__1128-3-Sec1-BSL1.swc,pyramidal,1.0,no,0,
neuromorpho__17302_00050-semi_r.swc,interneuron,1.0,no,0,
neuromorpho__Fresh-D7-Sholl-Tau-RFP-MAP2007_crop-2.swc,pyramidal,1.0,no,0,
neuromorpho__AA0637.swc,pyramidal,1.0,no,0,
neuromorpho__13_43.swc,pyramidal,1.0,no,0,
neuromorpho__N107.swc,pyramidal,1.0,no,0,
neuromorpho__AA0359.swc,pyramidal,1.0,no,0,
neuromorpho__dysk-13.swc,interneuron,1.0,no,0,
neuromorpho__group1_cell11.swc,pyramidal,1.0,no,0,
neuromorpho__17545_00059-semi_r.swc,interneuron,1.0,no,0,
neuromorpho__18454_00015-semi_r.swc,interneuron,1.0,no,0,
neuromorpho__101803a.swc,interneuron,1.0,no,0,
neuromorpho__11b.swc,pyramidal,1.0,no,0,
neuromorpho__340_1b.swc,interneuron,1.0,no,0,
neuromorpho__AA0658.swc,pyramidal,1.0,no,0,
neuromorpho__AA0953.swc,pyramidal,1.0,no,0,
hpf_ca1__202413_096_edited.swc,pyramidal,1.0,no,0,
neuromorpho__N079.swc,pyramidal,1.0,no,1,APICAL_INVERTED
neuromorpho__g0704P1.swc,pyramidal,1.0,no,0,
neuromorpho__AA0958.swc,pyramidal,1.0,no,0,
neuromorpho__Fresh-2-2.swc,pyramidal,1.0,no,0,
neuromorpho__20190731_sample_5.swc,interneuron,1.0,no,0,
neuromorpho__Mouse_CA2_Mb_Cell.swc,pyramidal,1.0,no,1,APICAL_INVERTED
neuromorpho__C-02-04-14-F-14-04-14-cs4-cell1.swc,interneuron,1.0,no,0,
neuromorpho__25-11-14-A-A6.swc,interneuron,1.0,no,0,
neuromorpho__8N6-8162019-b-fcfc6a.swc,interneuron,1.0,no,0,
neuromorpho__20190718_sample_8.swc,interneuron,1.0,no,0,
neuromorpho__17545_00064-semi_r.swc,interneuron,1.0,no,0,
neuromorpho__Nov6IR1d.swc,pyramidal,1.0,no,0,
neuromorpho__20190509_sample_2.swc,interneuron,1.0,no,3,APICAL_MISSED|APICAL_UNDERPREDICTED|APICAL_INVERTED
neuromorpho__AA0727.swc,pyramidal,1.0,no,0,
neuromorpho__20190710_sample_6.swc,interneuron,1.0,no,0,
neuromorpho__16_34.swc,pyramidal,1.0,no,0,
neuromorpho__Nov2IR1slice1fo-tgv.swc,pyramidal,1.0,no,1,APICAL_INVERTED
neuromorpho__T72_60X_NeuronC_Tile_Trace_RK.swc,pyramidal,1.0,no,1,TRUNCATED_APICAL
neuromorpho__20190221_sample_4.swc,interneuron,1.0,no,0,
neuromorpho__STRESS-3-N6.swc,interneuron,1.0,no,0,
neuromorpho__18454_00017-semi_r.swc,interneuron,1.0,no,0,
neuromorpho__AA0711.swc,pyramidal,1.0,no,0,
neuromorpho__20190614_sample_8.swc,interneuron,1.0,no,0,
neuromorpho__10N1-8162019-fcfc2a.swc,interneuron,1.0,no,0,
neuromorpho__12N7-8162019-b_fcfc3a.swc,interneuron,1.0,no,0,
neuromorpho__Tile1-2_12N5-8162019-b-tile2fcfc2-2a.swc,interneuron,1.0,no,0,
neuromorpho__Fresh-D4-Phall-Tau-Map2003-18.swc,pyramidal,1.0,no,0,
neuromorpho__13B1neuron2.swc,pyramidal,1.0,no,0,
neuromorpho__Fresh-D7-Sholl-Tau-RFP-MAP2015_crop-3.swc,pyramidal,1.0,no,0,
neuromorpho__12N5-8162019-b-wt10a.swc,interneuron,1.0,no,0,
neuromorpho__Cell54.swc,interneuron,1.0,no,0,
neuromorpho__12B3neuron1Layers.swc,pyramidal,1.0,no,0,
neuromorpho__Fresh-D4-Phall-Tau-Map2009-6.swc,pyramidal,1.0,no,0,
neuromorpho__AA0756.swc,pyramidal,1.0,no,0,
neuromorpho__18462_00043-semi_r.swc,interneuron,1.0,no,0,
neuromorpho__Fresh-Sholl-2-D7-Tau-LA-Map2006_crop.swc,pyramidal,1.0,no,0,
neuromorpho__mPFC_w2_L5_01.swc,pyramidal,1.0,no,0,
neuromorpho__17545_00147-semi_r.swc,interneuron,1.0,no,0,
neuromorpho__Fresh-D7-Sholl-Tau-RFP-MAP2014_crop-3.swc,pyramidal,1.0,no,0,
neuromorpho__c8039.swc,interneuron,1.0,no,0,
neuromorpho__020515-2-NPY.swc,interneuron,1.0,no,0,
neuromorpho__a151124-2_VIP_IN.swc,interneuron,1.0,no,0,
neuromorpho__24_17.swc,pyramidal,1.0,no,0,
neuromorpho__Fresh-D4-Phall-Tau-Map2-10.swc,pyramidal,1.0,no,0,
neuromorpho__20181009_sample_7.swc,interneuron,1.0,no,0,
neuromorpho__Kole_MDKL07022019_3_streptavidinA488_63x.swc,interneuron,1.0,no,0,
neuromorpho__S2_19.swc,pyramidal,1.0,no,0,
neuromorpho__10N4-8162019-b_fcfc3a.swc,interneuron,1.0,no,0,
neuromorpho__M1_29.swc,pyramidal,1.0,no,0,
neuromorpho__M1KO_25.swc,pyramidal,1.0,no,0,
neuromorpho__12N5-8162019-b-wt7a.swc,interneuron,1.0,no,0,
neuromorpho__n23fts.swc,pyramidal,1.0,no,0,
neuromorpho__161014_SAC1_avgupdated.swc,interneuron,1.0,no,0,
neuromorpho__180702_morpho-6_hippo_tau488_trfp_map2648_Hippo-4-2_crop-2.swc,pyramidal,1.0,no,0,
neuromorpho__Fresh-D7-Sholl-Tau-RFP-MAP2007_crop-5.swc,pyramidal,1.0,no,0,
neuromorpho__AA0453.swc,pyramidal,1.0,no,0,
neuromorpho__T77_NeuronC_40X_Tile_Trace_RK.swc,pyramidal,1.0,no,0,
neuromorpho__20190708_sample_6.swc,interneuron,1.0,no,0,
neuromorpho__CONTROL-6-N3_1.swc,interneuron,1.0,no,0,
neuromorpho__N104.swc,pyramidal,1.0,no,1,APICAL_INVERTED
neuromorpho__cell-pair-20111014sc2a.swc,interneuron,1.0,no,0,
neuromorpho__mPFC_w1_L5_01.swc,pyramidal,1.0,no,0,
neuromorpho__070618Bc2_dendrites.swc,interneuron,1.0,no,0,
neuromorpho__18455_00026-semi_r.swc,interneuron,1.0,no,0,
neuromorpho__exp-5-59-188-1012.swc,interneuron,1.0,no,0,
neuromorpho__4c.swc,pyramidal,1.0,no,0,
neuromorpho__AA0850.swc,pyramidal,1.0,no,0,
neuromorpho__AA0753.swc,pyramidal,1.0,no,0,
neuromorpho__AA0875.swc,pyramidal,1.0,no,0,
neuromorpho__18455_00106-semi_r.swc,interneuron,1.0,no,0,
neuromorpho__Fig3B344co2_NL_50mu.swc,interneuron,1.0,no,0,
neuromorpho__17545_00067-semi_r.swc,interneuron,1.0,no,0,
neuromorpho__M1_34.swc,pyramidal,1.0,no,0,
neuromorpho__18867_7584_x10560_y5816-auto_r.swc,interneuron,1.0,no,0,
neuromorpho__20181004_sample_8.swc,interneuron,1.0,no,0,
neuromorpho__10N1-8162019-wt4a.swc,interneuron,1.0,no,0,
neuromorpho__SDGA1_slide2_neuron4.swc,pyramidal,1.0,no,0,
neuromorpho__20190508_sample_4.swc,interneuron,1.0,no,0,
neuromorpho__18454_00020-semi_r.swc,interneuron,1.0,no,0,
neuromorpho__M1_16.swc,pyramidal,1.0,no,0,
neuromorpho__11C2neuron3.swc,pyramidal,1.0,no,0,
neuromorpho__180702_morpho-6_hippo_tau488_trfp_map2648_Hippo-3-5_crop-2.swc,pyramidal,1.0,no,0,
neuromorpho__WT_7.swc,pyramidal,1.0,no,1,APICAL_INVERTED
neuromorpho__CONTROL-1-N3.swc,interneuron,1.0,no,0,
neuromorpho__mPFC_w2_L5_03.swc,pyramidal,1.0,no,0,
neuromorpho__10N4-8162019-b_wt7a.swc,interneuron,1.0,no,0,
neuromorpho__M1_35.swc,pyramidal,1.0,no,0,
neuromorpho__group1_cell17.swc,pyramidal,1.0,no,0,
neuromorpho__N001.swc,pyramidal,1.0,no,0,
neuromorpho__20190730_sample_2.swc,interneuron,1.0,no,0,
neuromorpho__12N7-8162019-b-TILE1-n7dat12_tile1_fcfc2a.swc,interneuron,1.0,no,0,
neuromorpho__Fig4A331co2_NL_50mu.swc,interneuron,1.0,no,0,
neuromorpho__M1_36.swc,pyramidal,1.0,no,0,
neuromorpho__7_J2a.swc,interneuron,1.0,no,0,
neuromorpho__12N5-8162019-b-fcfc2a.swc,interneuron,1.0,no,0,
neuromorpho__12N5-8162019-b-fcfc42.swc,interneuron,1.0,no,0,
neuromorpho__P111106-02-BC.swc,interneuron,1.0,no,0,
neuromorpho__M1_20.swc,pyramidal,1.0,no,0,
neuromorpho__M1_21.swc,pyramidal,1.0,no,0,
neuromorpho__AA0433.swc,pyramidal,1.0,no,0,
neuromorpho__Fresh-D4-Phall-Tau-Map2-9.swc,pyramidal,1.0,no,0,
neuromorpho__2020-03-11_12-42-47SST-MORF3Mb01-1V5-647SST488-30x02HPC.swc,interneuron,1.0,no,0,
neuromorpho__18869_5123_x17555_y3609-semi_r.swc,interneuron,1.0,no,0,
neuromorpho__WT_1_4.swc,pyramidal,1.0,no,0,
neuromorpho__AA0369.swc,pyramidal,1.0,no,0,
neuromorpho__T45_NeuronA_Tile_Trace_MK.swc,pyramidal,1.0,no,2,APICAL_INVERTED|TRUNCATED_APICAL
neuromorpho__17545_00066-semi_r.swc,interneuron,1.0,no,0,
neuromorpho__Fresh-D7-Sholl-Tau-RFP-MAP2015_crop.swc,pyramidal,1.0,no,0,
neuromorpho__g0437P1.swc,pyramidal,1.0,no,1,APICAL_INVERTED
neuromorpho__Cell888Spp1.swc,interneuron,1.0,no,0,
neuromorpho__19-02-19A-11-cell-1.swc,interneuron,1.0,no,0,
neuromorpho__8N3-8162019-b-fcfc7a.swc,interneuron,1.0,no,0,
neuromorpho__A3-n2-7_final.swc,pyramidal,1.0,no,0,
neuromorpho__N018.swc,pyramidal,1.0,no,1,APICAL_INVERTED
neuromorpho__14Feb2019-exp-5_53-rpt-scr-1003.swc,interneuron,1.0,no,0,
neuromorpho__071207_cell1_L1.swc,interneuron,1.0,no,0,
neuromorpho__17302_00101-semi_r.swc,interneuron,1.0,no,0,
neuromorpho__AA0464.swc,pyramidal,1.0,no,0,
neuromorpho__Zs201221-02_ventral_20x_onlydendrites.swc,interneuron,1.0,no,0,
neuromorpho__26_17.swc,pyramidal,1.0,no,0,
neuromorpho__AA0505.swc,pyramidal,1.0,no,0,
neuromorpho__Nov4IR1e.swc,pyramidal,1.0,no,1,APICAL_INVERTED
neuromorpho__exp-5-59-Scr-1004.swc,interneuron,1.0,no,0,
neuromorpho__17302_00055-semi_r.swc,interneuron,1.0,no,0,
neuromorpho__V1_5.swc,pyramidal,1.0,no,0,
neuromorpho__Apr14IR3c-20x-NL.swc,pyramidal,1.0,no,0,
neuromorpho__AA0852.swc,pyramidal,1.0,no,0,
neuromorpho__AA0574.swc,pyramidal,1.0,no,0,
neuromorpho__180702_morpho-6_hippo_tau488_trfp_map2648_Hippo-3-9_crop-2.swc,pyramidal,1.0,no,0,
neuromorpho__N105.swc,pyramidal,1.0,no,1,APICAL_INVERTED
neuromorpho__10N23DAT8-50717GFPwta_wt8a.swc,interneuron,1.0,no,0,
neuromorpho__n20fts.swc,pyramidal,1.0,no,0,
neuromorpho__18462_00005-semi_r.swc,interneuron,1.0,no,0,
neuromorpho__M1KO_33.swc,pyramidal,1.0,no,0,
neuromorpho__18455_00008-semi_r.swc,interneuron,1.0,no,0,
neuromorpho__12N7-8162019-b-TILE1-wt4a.swc,interneuron,1.0,no,0,
neuromorpho__group1_cell12.swc,pyramidal,1.0,no,0,
neuromorpho__ADP12_2496_biocytin.swc,interneuron,1.0,no,0,
neuromorpho__Fresh-8-2.swc,pyramidal,1.0,no,0,
neuromorpho__AA0824.swc,pyramidal,1.0,no,0,
neuromorpho__AA0736.swc,pyramidal,1.0,no,0,
neuromorpho__AA0312.swc,pyramidal,1.0,no,0,
neuromorpho__M1_2.swc,pyramidal,1.0,no,0,
neuromorpho__LVGFP-5wpi-c6-3.swc,interneuron,1.0,no,4,APICAL_MISSED|APICAL_UNDERPREDICTED|APICAL_INVERTED|TRUNCATED_APICAL
neuromorpho__A2_slide3_12.swc,pyramidal,1.0,no,0,
neuromorpho__N010.swc,pyramidal,1.0,no,0,
neuromorpho__20190513_sample_4.swc,interneuron,1.0,no,0,
neuromorpho__17545_00028-semi_r.swc,interneuron,1.0,no,0,
neuromorpho__Fresh-D7-Sholl-Tau-RFP-MAP2007_crop-7.swc,pyramidal,1.0,no,0,
neuromorpho__CONTROL-5-N2.swc,interneuron,1.0,no,0,
neuromorpho__22_21.swc,pyramidal,1.0,no,0,
neuromorpho__Fresh-Sholl-2-D7-Tau-LA-Map2015_crop.swc,pyramidal,1.0,no,0,
neuromorpho__HFF3_4256_neurobiotin.swc,interneuron,1.0,no,0,
neuromorpho__180702_morpho-6_hippo_tau488_trfp_map2647_Fresh-9_crop-4.swc,pyramidal,1.0,no,0,
neuromorpho__EXP-5_67-Scr-1015.swc,interneuron,1.0,no,0,
neuromorpho__homo-3.swc,interneuron,1.0,no,0,
neuromorpho__AA0918.swc,pyramidal,1.0,no,0,
neuromorpho__14_37.swc,pyramidal,1.0,no,0,
neuromorpho__EXP-5_67-Scr-1004.swc,interneuron,1.0,no,0,
neuromorpho__20190509_sample_4.swc,interneuron,1.0,no,0,
neuromorpho__12_46.swc,pyramidal,1.0,no,0,
neuromorpho__10N23DAT8-50717GFPwta_fcfc4a.swc,interneuron,1.0,no,0,
neuromorpho__20190416_sample_7.swc,interneuron,1.0,no,0,
neuromorpho__dysk-14.swc,interneuron,1.0,no,0,
neuromorpho__4a_2.swc,pyramidal,1.0,no,0,
neuromorpho__AA0593.swc,pyramidal,1.0,no,0,
neuromorpho__7_44.swc,pyramidal,1.0,no,0,
neuromorpho__pair01-09-11-C-final1.swc,interneuron,1.0,no,0,
neuromorpho__M1_31.swc,pyramidal,1.0,no,0,
neuromorpho__AA0534.swc,pyramidal,1.0,no,0,
neuromorpho__Fresh-D7-Sholl-Tau-RFP-MAP2001-4.swc,pyramidal,1.0,no,0,
neuromorpho__23-04-18B-09-cell-2.swc,interneuron,1.0,no,0,
neuromorpho__N046.swc,pyramidal,1.0,no,0,
neuromorpho__CONTROL-1-N1.swc,interneuron,1.0,no,0,
neuromorpho__dysk-10.swc,interneuron,1.0,no,0,
neuromorpho__group1_cell6.swc,pyramidal,1.0,no,0,
neuromorpho__Fresh-D4-Phall-Tau-Map2001-10.swc,pyramidal,1.0,no,0,
neuromorpho__p110715-04-BC.swc,interneuron,1.0,no,0,
neuromorpho__180702_morpho-6_hippo_tau488_trfp_map2648_Hippo-3-4_crop-6.swc,pyramidal,1.0,no,0,
neuromorpho__M433Spp1.swc,interneuron,1.0,no,0,
neuromorpho__Kole_MDKL01042019_1_streptavidinA488.swc,interneuron,1.0,no,0,
neuromorpho__8N3-8162019-b-fcfc9-10a.swc,interneuron,1.0,no,0,
neuromorpho__M1_42.swc,pyramidal,1.0,no,0,
neuromorpho__g0692P1.swc,pyramidal,1.0,no,1,APICAL_INVERTED
neuromorpho__Fresh-D7-Sholl-Tau-RFP-MAP2014_crop-6.swc,pyramidal,1.0,no,0,
neuromorpho__V1_23.swc,pyramidal,1.0,no,0,
neuromorpho__8N6-8162019-b-wT4a.swc,interneuron,1.0,no,0,
neuromorpho__20190709_sample_1.swc,interneuron,1.0,no,0,
neuromorpho__Anstoetz_PV-IN16.swc,interneuron,1.0,no,0,
neuromorpho__crop0_2_seg_split_20_1-7.swc,pyramidal,1.0,no,0,
neuromorpho__8N3-8162019-b-fcfc1a.swc,interneuron,1.0,no,0,
neuromorpho__cell-10_8.swc,interneuron,1.0,no,0,
neuromorpho__AA0805.swc,pyramidal,1.0,no,0,
neuromorpho__A3_slide2_9.swc,pyramidal,1.0,no,0,
neuromorpho__8N6-8162019-b-wt6a.swc,interneuron,1.0,no,0,
neuromorpho__T75.swc,interneuron,1.0,no,0,
neuromorpho__18455_00032-semi_r.swc,interneuron,1.0,no,0,
neuromorpho__AA0540.swc,pyramidal,1.0,no,0,
neuromorpho__n9fts.swc,pyramidal,1.0,no,0,
neuromorpho__011618Bc1_dendrites.swc,interneuron,1.0,no,0,
neuromorpho__AA0323.swc,pyramidal,1.0,no,0,
neuromorpho__Anstoetz_SLM_IN5.swc,interneuron,1.0,no,0,
neuromorpho__180702_morpho-6_hippo_tau488_trfp_map2648_Hippo-4-7_crop-5.swc,pyramidal,1.0,no,0,
neuromorpho__20190617_sample_1.swc,interneuron,1.0,no,0,
neuromorpho__Fresh-D7-Sholl-Tau-RFP-MAP2001-1.swc,pyramidal,1.0,no,0,
neuromorpho__20190515_sample_12.swc,interneuron,1.0,no,0,
neuromorpho__AA0932.swc,pyramidal,1.0,no,0,
neuromorpho__34_9.swc,pyramidal,1.0,no,0,
neuromorpho__11615c1.swc,pyramidal,1.0,no,0,
neuromorpho__Fresh-D4-Phall-Tau-Map2004-10.swc,pyramidal,1.0,no,0,
neuromorpho__180702_morpho-6_hippo_tau488_trfp_map2648_Hippo-3-10_crop-1.swc,pyramidal,1.0,no,0,
neuromorpho__WT_2.swc,pyramidal,1.0,no,1,TRUNCATED_APICAL
neuromorpho__EXP-5_67-Scr-1010.swc,interneuron,1.0,no,0,
neuromorpho__17545_00068-semi_r.swc,interneuron,1.0,no,0,
neuromorpho__19-02-19A-14-cell-2.swc,interneuron,1.0,no,0,
neuromorpho__AA0357.swc,pyramidal,1.0,no,0,
neuromorpho__AA0321.swc,pyramidal,1.0,no,0,
neuromorpho__170107-6.swc,interneuron,1.0,no,0,
neuromorpho__8N6-8162019-b-fcfc3a.swc,interneuron,1.0,no,0,
neuromorpho__AA0820.swc,pyramidal,1.0,no,0,
neuromorpho__18465_00213-semi_r.swc,interneuron,1.0,no,0,
neuromorpho__Hcell13-set-2.swc,interneuron,1.0,no,0,
neuromorpho__V1_9.swc,pyramidal,1.0,no,0,
neuromorpho__STRESS-6-N2_1.swc,interneuron,1.0,no,0,
neuromorpho__n255.swc,interneuron,1.0,no,3,APICAL_MISSED|APICAL_UNDERPREDICTED|TRUNCATED_APICAL
neuromorpho__EDF2_D4-Fresh-Hippo-2-EDF_crop-6.swc,pyramidal,1.0,no,0,
neuromorpho__AA0707.swc,pyramidal,1.0,no,0,
neuromorpho__AA0315.swc,pyramidal,1.0,no,0,
neuromorpho__180702_morpho-6_hippo_tau488_trfp_map2648_Hippo-3-10_crop-2.swc,pyramidal,1.0,no,0,
neuromorpho__S2_10.swc,pyramidal,1.0,no,0,
neuromorpho__180702_morpho-6_hippo_tau488_trfp_map2648_Hippo-4-7_crop.swc,pyramidal,1.0,no,0,
neuromorpho__A3_slide2_8.swc,pyramidal,1.0,no,0,
neuromorpho__P111017-01-AAC.swc,interneuron,1.0,no,0,
neuromorpho__B1_slide4_neuron5.swc,pyramidal,1.0,no,1,APICAL_INVERTED
neuromorpho__3_54.swc,pyramidal,1.0,no,0,
neuromorpho__group1_cell22.swc,pyramidal,1.0,no,0,
neuromorpho__17302_00102-semi_r.swc,interneuron,1.0,no,0,
neuromorpho__ADP10_2491_biocytin.swc,interneuron,1.0,no,0,
neuromorpho__S2_13.swc,pyramidal,1.0,no,0,
neuromorpho__SM080903A2.swc,interneuron,1.0,no,0,
neuromorpho__18455_00002-semi_r.swc,interneuron,1.0,no,0,
neuromorpho__AA0825.swc,pyramidal,1.0,no,0,
neuromorpho__A1_slide2_10.swc,pyramidal,1.0,no,1,APICAL_INVERTED
neuromorpho__28_15.swc,pyramidal,1.0,no,0,
neuromorpho__V1_22.swc,pyramidal,1.0,no,0,
neuromorpho__17302_00046-semi_r.swc,interneuron,1.0,no,0,
neuromorpho__Zs201221-02_dorsal_20x_kesz_onlydendrites.swc,interneuron,1.0,no,0,
neuromorpho__AA0483.swc,pyramidal,1.0,no,0,
neuromorpho__neuron-4_1.swc,pyramidal,1.0,no,0,
neuromorpho__WT_13.swc,pyramidal,1.0,no,1,APICAL_INVERTED
neuromorpho__n27fts.swc,pyramidal,1.0,no,0,
neuromorpho__retina7_petal3_n7.swc,interneuron,1.0,no,0,
neuromorpho__M727.swc,interneuron,1.0,no,0,
neuromorpho__AA0907.swc,pyramidal,1.0,no,0,
neuromorpho__M1_13.swc,pyramidal,1.0,no,0,
neuromorpho__AA0511.swc,pyramidal,1.0,no,0,
neuromorpho__17302_00045-semi_r.swc,interneuron,1.0,no,0,
neuromorpho__180702_morpho-6_hippo_tau488_trfp_map2647_Hippo-1-4_crop-6.swc,pyramidal,1.0,no,0,
neuromorpho__17302_00063-semi_r.swc,interneuron,1.0,no,0,
neuromorpho__cell-8_9.swc,interneuron,1.0,no,0,
neuromorpho__23-04-18C-03-cell-1.swc,interneuron,1.0,no,0,
neuromorpho__WT-set2-002.swc,pyramidal,1.0,no,0,
neuromorpho__37112_slide1_cell4.swc,pyramidal,1.0,no,1,APICAL_INVERTED
neuromorpho__AA0833.swc,pyramidal,1.0,no,0,
neuromorpho__dysk-4.swc,interneuron,1.0,no,0,
neuromorpho__10209c1.swc,pyramidal,1.0,no,0,
neuromorpho__HFF7_2442_biocytin.swc,interneuron,1.0,no,0,
neuromorpho__cell-13_8.swc,interneuron,1.0,no,0,
neuromorpho__14Feb2019-exp-5_53-rpt-scr-1006.swc,interneuron,1.0,no,0,
neuromorpho__WT-set1-001.swc,pyramidal,1.0,no,0,
neuromorpho__AA0830.swc,pyramidal,1.0,no,0,
neuromorpho__AA0914.swc,pyramidal,1.0,no,0,
neuromorpho__AA0757.swc,pyramidal,1.0,no,0,
neuromorpho__18463_00075-semi_r.swc,interneuron,1.0,no,0,
neuromorpho__Fresh-Sholl-2-D7-Tau-LA-Map2001_crop.swc,pyramidal,1.0,no,0,
neuromorpho__V1KO_24.swc,pyramidal,1.0,no,0,
neuromorpho__STRESS-7-N6.swc,interneuron,1.0,no,0,
neuromorpho__I03474.swc,pyramidal,1.0,no,1,APICAL_INVERTED
neuromorpho__V1KO_16.swc,pyramidal,1.0,no,0,
neuromorpho__180702_morpho-6_hippo_tau488_trfp_map2648_Hippo-3-1_crop-2.swc,pyramidal,1.0,no,0,
neuromorpho__N056.swc,pyramidal,1.0,no,1,APICAL_INVERTED
neuromorpho__B2_slide2_9a.swc,pyramidal,1.0,no,1,APICAL_INVERTED
neuromorpho__7-Som-3d-trace.swc,interneuron,1.0,no,0,
neuromorpho__dysk-11.swc,interneuron,1.0,no,0,
neuromorpho__061217_cell4_L23.swc,interneuron,1.0,no,0,
neuromorpho__S2KO_28.swc,pyramidal,1.0,no,0,
neuromorpho__mPFC_w4_L5_07.swc,pyramidal,1.0,no,0,
neuromorpho__19_26.swc,pyramidal,1.0,no,0,
neuromorpho__StrokeDec7IR2-2d.swc,pyramidal,1.0,no,2,APICAL_INVERTED|TRUNCATED_APICAL
neuromorpho__20_25.swc,pyramidal,1.0,no,0,
neuromorpho__CONTROL-6-N3.swc,interneuron,1.0,no,0,
neuromorpho__143-07-cell-1-analysis.swc,interneuron,1.0,no,0,
neuromorpho__350R.swc,interneuron,1.0,no,1,WHOLE_CELL_MISLABEL
neuromorpho__1075-2-Sec3-LTL3.swc,pyramidal,1.0,no,0,
neuromorpho__180702_morpho-6_hippo_tau488_trfp_map2648_Hippo-3-9_crop-4.swc,pyramidal,1.0,no,0,
neuromorpho__exp-5-59-Scr-1010.swc,interneuron,1.0,no,0,
neuromorpho__Fresh-D4-Phall-Tau-Map2-16.swc,pyramidal,1.0,no,0,
neuromorpho__Fresh-D4-Phall-Tau-Map2001-11.swc,pyramidal,1.0,no,0,
neuromorpho__160817_SAC2_009_avgupdated.swc,interneuron,1.0,no,0,
neuromorpho__203B-2-L3.swc,pyramidal,1.0,no,0,
neuromorpho__V1_36.swc,pyramidal,1.0,no,0,
neuromorpho__Zs201221-01_ventral_20x_onlydendrites.swc,interneuron,1.0,no,0,
neuromorpho__AA0812.swc,pyramidal,1.0,no,0,
neuromorpho__AA0891.swc,pyramidal,1.0,no,0,
neuromorpho__AA0771.swc,pyramidal,1.0,no,0,
neuromorpho__554-2-R3.swc,pyramidal,1.0,no,0,
neuromorpho__AA0518.swc,pyramidal,1.0,no,0,
neuromorpho__S2KO_32.swc,pyramidal,1.0,no,0,
neuromorpho__mPFC_w4_L5_09.swc,pyramidal,1.0,no,1,APICAL_INVERTED
neuromorpho__V1_17.swc,pyramidal,1.0,no,0,
neuromorpho__N027.swc,pyramidal,1.0,no,0,
neuromorpho__V1_2.swc,pyramidal,1.0,no,0,
neuromorpho__N042.swc,pyramidal,1.0,no,0,
neuromorpho__A3_slide2_13.swc,pyramidal,1.0,no,1,APICAL_INVERTED
neuromorpho__AA0839.swc,pyramidal,1.0,no,0,
neuromorpho__crop0_2_seg_split_5_1-15.swc,pyramidal,1.0,no,0,
neuromorpho__180702_morpho-6_hippo_tau488_trfp_map2647_Fresh-4_crop-2.swc,pyramidal,1.0,no,0,
neuromorpho__A3-n2-3_1.swc,pyramidal,1.0,no,0,
neuromorpho__V1_11.swc,pyramidal,1.0,no,0,
neuromorpho__S2KO_34.swc,pyramidal,1.0,no,0,
neuromorpho__10N1-8162019-fcfc3a.swc,interneuron,1.0,no,0,
neuromorpho__020414-pos-div13-cs4.swc,interneuron,1.0,no,0,
neuromorpho__Fresh-Sholl-2-D7-Tau-LA-Map2012_crop.swc,pyramidal,1.0,no,0,
neuromorpho__AA0543.swc,pyramidal,1.0,no,0,
neuromorpho__S2_15.swc,pyramidal,1.0,no,0,
neuromorpho__Fresh-D4-Phall-Tau-Map2004-14.swc,pyramidal,1.0,no,0,
neuromorpho__AAS5.swc,interneuron,1.0,no,0,
neuromorpho__32368_slide1_cell8.swc,pyramidal,1.0,no,1,APICAL_INVERTED
neuromorpho__Fresh-Sholl-2-D7-Tau-LA-Map2004_crop-1.swc,pyramidal,1.0,no,0,
neuromorpho__1b_2.swc,pyramidal,1.0,no,0,
neuromorpho__37112_slide1_cell10.swc,pyramidal,1.0,no,1,APICAL_INVERTED
neuromorpho__20190212_sample_7.swc,interneuron,1.0,no,0,
neuromorpho__A4_slide3_9.swc,pyramidal,1.0,no,0,
neuromorpho__10N1-8162019-wt5a.swc,interneuron,1.0,no,0,
neuromorpho__8N6-8162019-b-wT3a.swc,interneuron,1.0,no,0,
neuromorpho__WT3-n4-2_1.swc,pyramidal,1.0,no,0,
neuromorpho__8N3-8162019-b-wt3a.swc,interneuron,1.0,no,0,
neuromorpho__143-06-cell-1-analysis.swc,interneuron,1.0,no,0,
neuromorpho__180702_morpho-6_hippo_tau488_trfp_map2647_Fresh-10_crop-1.swc,pyramidal,1.0,no,0,
neuromorpho__dysk-6.swc,interneuron,1.0,no,0,
neuromorpho__180702_morpho-6_hippo_tau488_trfp_map2647_Fresh-6_crop.swc,pyramidal,1.0,no,0,
neuromorpho__Zs201221-01_dors_20x_onlydendrites.swc,interneuron,1.0,no,0,
neuromorpho__020414-pos-div14-cs2.swc,interneuron,1.0,no,0,
neuromorpho__Delayed12_2522_biocytin.swc,interneuron,1.0,no,0,
neuromorpho__WT2-N3-2_final.swc,pyramidal,1.0,no,0,
neuromorpho__homo-1.swc,interneuron,1.0,no,0,
neuromorpho__homo-12.swc,interneuron,1.0,no,0,
neuromorpho__SDGA2_slide2_neuron3.swc,pyramidal,1.0,no,0,
neuromorpho__180608_morpho4_d4_hippo_D4-Hippo-Fresh-1_crop-3.swc,pyramidal,1.0,no,0,
neuromorpho__AA0717.swc,pyramidal,1.0,no,0,
neuromorpho__homo-6.swc,interneuron,1.0,no,0,
neuromorpho__Fresh-D7-Sholl-Tau-RFP-MAP2006_crop-4.swc,pyramidal,1.0,no,0,
neuromorpho__180608_morpho4_d4_hippo_D4-Hippo-Fresh-1_crop-6.swc,pyramidal,1.0,no,0,
neuromorpho__dysk-19.swc,interneuron,1.0,no,0,
neuromorpho__S2_22.swc,pyramidal,1.0,no,0,
neuromorpho__AA0893.swc,pyramidal,1.0,no,0,
neuromorpho__L5FS4.swc,interneuron,1.0,no,0,
neuromorpho__12D2neuron3.swc,pyramidal,1.0,no,0,
neuromorpho__HFF5_231018c5_neurobiotin.swc,interneuron,1.0,no,0,
neuromorpho__32315V1-4Slice8Cell1.swc,pyramidal,1.0,no,1,APICAL_INVERTED
neuromorpho__S2_7.swc,pyramidal,1.0,no,0,
neuromorpho__2c_1.swc,pyramidal,1.0,no,0,
neuromorpho__20190506_sample_2.swc,interneuron,1.0,no,0,
neuromorpho__AA0713.swc,pyramidal,1.0,no,0,
neuromorpho__31991_cell9.swc,pyramidal,1.0,no,1,APICAL_INVERTED
neuromorpho__23-04-18C-10-cell-1.swc,interneuron,1.0,no,0,
neuromorpho__EXP-5_67-Scr-1011.swc,interneuron,1.0,no,0,
neuromorpho__I03541.swc,pyramidal,1.0,no,1,APICAL_INVERTED
neuromorpho__WT4-n5-1_final.swc,pyramidal,1.0,no,0,
neuromorpho__1083-3-Sec-5-BSL3.swc,pyramidal,1.0,no,1,APICAL_INVERTED
neuromorpho__6N1-5072019_TileScan-3_Merged_wt6a.swc,interneuron,1.0,no,0,
neuromorpho__8N3-8162019-b-fcfc6a.swc,interneuron,1.0,no,0,
neuromorpho__180702_morpho-6_hippo_tau488_trfp_map2647_Fresh-6_crop-2.swc,pyramidal,1.0,no,0,
neuromorpho__group2_cell19.swc,pyramidal,1.0,no,0,
neuromorpho__AA0530.swc,pyramidal,1.0,no,0,
neuromorpho__CA3_slide2_neuron4.swc,pyramidal,1.0,no,1,TRUNCATED_APICAL
neuromorpho__cell-12_9.swc,interneuron,1.0,no,0,
neuromorpho__Oct9-IR3-4fo.swc,pyramidal,1.0,no,0,
neuromorpho__72513V1-4Slice2Cell1.swc,pyramidal,1.0,no,1,APICAL_INVERTED
neuromorpho__17302_00099-semi_r.swc,interneuron,1.0,no,0,
neuromorpho__30_12.swc,pyramidal,1.0,no,0,
neuromorpho__21_22.swc,pyramidal,1.0,no,0,
neuromorpho__M2KO_22.swc,pyramidal,1.0,no,0,
neuromorpho__group2_cell11.swc,pyramidal,1.0,no,0,
neuromorpho__M1_23.swc,pyramidal,1.0,no,0,
neuromorpho__1075-2-Sec6-LTL4.swc,pyramidal,1.0,no,0,
neuromorpho__c3271015.swc,interneuron,1.0,no,0,
neuromorpho__Kole_MPG05042019_3_StreptavidinA488_63x.swc,interneuron,1.0,no,0,
neuromorpho__Anstoetz_PV-IN12.swc,interneuron,1.0,no,0,
neuromorpho__Feb23-IR1-1C.swc,pyramidal,1.0,no,0,
neuromorpho__Neuron-3_2_2.swc,pyramidal,1.0,no,0,
neuromorpho__mPFC_w2_L5_05.swc,pyramidal,1.0,no,1,APICAL_INVERTED
neuromorpho__WT_8.swc,pyramidal,1.0,no,1,APICAL_INVERTED
neuromorpho__WT_6.swc,pyramidal,1.0,no,1,APICAL_INVERTED
neuromorpho__10N23DAT8-50717GFPwta_wt61.swc,interneuron,1.0,no,0,
neuromorpho__P111012-03-AAC.swc,interneuron,1.0,no,0,
neuromorpho__C_RFP_0011_final.swc,pyramidal,1.0,no,0,
neuromorpho__CONTROL-6-N1.swc,interneuron,1.0,no,0,
neuromorpho__B3_slide2_11.swc,pyramidal,1.0,no,0,
neuromorpho__AA0854.swc,pyramidal,1.0,no,0,
neuromorpho__N002.swc,pyramidal,1.0,no,1,APICAL_INVERTED
neuromorpho__mPFC_w1_L5_04.swc,pyramidal,1.0,no,1,APICAL_INVERTED
neuromorpho__N069.swc,pyramidal,1.0,no,0,
neuromorpho__10_Jul30-IR2-2a-40x-low.swc,pyramidal,1.0,no,1,APICAL_INVERTED
neuromorpho__V1KO_23.swc,pyramidal,1.0,no,0,
neuromorpho__STRESS-6-N4.swc,interneuron,1.0,no,0,
neuromorpho__WT-set2-003.swc,pyramidal,1.0,no,0,
neuromorpho__P111019-03-AAC.swc,interneuron,1.0,no,0,
neuromorpho__CA3_slide2_neuron5.swc,pyramidal,1.0,no,1,APICAL_INVERTED
neuromorpho__N005.swc,pyramidal,1.0,no,0,
neuromorpho__Fresh-D4-Sholl-Exp-3005-5.swc,pyramidal,1.0,no,0,
neuromorpho__37112_slide2_cell2.swc,pyramidal,1.0,no,1,APICAL_INVERTED
neuromorpho__1085-3-Sec4-LTL4.swc,pyramidal,1.0,no,1,APICAL_INVERTED
neuromorpho__22_19.swc,pyramidal,1.0,no,0,
neuromorpho__AA0899.swc,pyramidal,1.0,no,0,
neuromorpho__B4_slide2_7.swc,pyramidal,1.0,no,0,
neuromorpho__20181112_sample_6.swc,interneuron,1.0,no,0,
neuromorpho__Fresh-D7-Sholl-Tau-RFP-MAP2006_crop-2.swc,pyramidal,1.0,no,0,
neuromorpho__Fresh-D4-Phall-Tau-Map2009-4.swc,pyramidal,1.0,no,0,
neuromorpho__LES6-WT-1193-neuron-1.swc,pyramidal,1.0,no,1,APICAL_INVERTED
neuromorpho__020414-pos-div13-cs3.swc,interneuron,1.0,no,0,
neuromorpho__c2578_LMcone.swc,interneuron,1.0,no,0,
neuromorpho__Fresh-D4-Phall-Tau-Map2004-9.swc,pyramidal,1.0,no,0,
neuromorpho__Hcell7.swc,interneuron,1.0,no,0,
neuromorpho__72513V1-5Slice2Cell1.swc,pyramidal,1.0,no,1,APICAL_INVERTED
neuromorpho__17302_00062-semi_r.swc,interneuron,1.0,no,0,
neuromorpho__WT-set1-010.swc,pyramidal,1.0,no,0,
neuromorpho__CONTROL-1-N2.swc,interneuron,1.0,no,0,
neuromorpho__N099.swc,pyramidal,1.0,no,0,
neuromorpho__AA0525.swc,pyramidal,1.0,no,0,
neuromorpho__STRESS-2-N6.swc,interneuron,1.0,no,0,
neuromorpho__WT-set3-008.swc,pyramidal,1.0,no,0,
neuromorpho__M1_43.swc,pyramidal,1.0,no,0,
neuromorpho__101C_1_l_Ngr2KO_2.swc,pyramidal,1.0,no,1,APICAL_INVERTED
neuromorpho__c1412.swc,interneuron,1.0,no,0,
neuromorpho__0905060002.swc,interneuron,1.0,no,0,
neuromorpho__Mouse-CA2-Mc-Pyramidal-Cell-1.swc,pyramidal,1.0,no,0,
neuromorpho__AA0705.swc,pyramidal,1.0,no,0,
neuromorpho__180608_morpho4_d4_hippo_D4-Hippo-Fresh-4_crop-4.swc,pyramidal,1.0,no,0,
neuromorpho__8N6-8162019-b-fcfc1a.swc,interneuron,1.0,no,0,
neuromorpho__M2_19.swc,pyramidal,1.0,no,0,
neuromorpho__mPFC_w2_L3_02.swc,pyramidal,1.0,no,0,
neuromorpho__Fresh-D4-Sholl-Exp-3006-3.swc,pyramidal,1.0,no,0,
neuromorpho__12N5-8162019-b_tile3-fcfc5a.swc,interneuron,1.0,no,0,
neuromorpho__Fresh-D7-Sholl-Tau-RFP-MAP2003_crop-3.swc,pyramidal,1.0,no,0,
neuromorpho__A4-N5-2_final.swc,pyramidal,1.0,no,0,
neuromorpho__g0701P1.swc,pyramidal,1.0,no,1,APICAL_INVERTED
neuromorpho__Delayed15_2161_biocytin.swc,interneuron,1.0,no,0,
neuromorpho__207B-1-L3.swc,pyramidal,1.0,no,0,
neuromorpho__17545_00146-semi_r.swc,interneuron,1.0,no,0,
neuromorpho__AA0565.swc,pyramidal,1.0,no,0,
neuromorpho__AA0647.swc,pyramidal,1.0,no,0,
neuromorpho__15d01c5c6b.swc,interneuron,1.0,no,0,
neuromorpho__180608_morpho4_d4_hippo_D4-Hippo-Fresh-4_crop-3.swc,pyramidal,1.0,no,0,
neuromorpho__020414-pos-div14-cs4.swc,interneuron,1.0,no,0,
neuromorpho__B4_slide2_8.swc,pyramidal,1.0,no,0,
neuromorpho__Fresh-D4-Phall-Tau-Map2003-14.swc,pyramidal,1.0,no,0,
neuromorpho__STRESS-3-N4.swc,interneuron,1.0,no,0,
neuromorpho__V1_24.swc,pyramidal,1.0,no,0,
neuromorpho__N092.swc,pyramidal,1.0,no,0,
neuromorpho__31995_slide2_cell9.swc,pyramidal,1.0,no,0,
neuromorpho__M2_55.swc,pyramidal,1.0,no,0,
neuromorpho__AA0703.swc,pyramidal,1.0,no,0,
neuromorpho__AA0539.swc,pyramidal,1.0,no,0,
neuromorpho__NAS7.swc,interneuron,1.0,no,0,
neuromorpho__APPKO-set3-001.swc,pyramidal,1.0,no,0,
neuromorpho__C_RFP_0005_2final.swc,pyramidal,1.0,no,0,
neuromorpho__180702_morpho-6_hippo_tau488_trfp_map2648_Hippo-3-6_crop.swc,pyramidal,1.0,no,0,
neuromorpho__Fresh-D4-Sholl-Exp-3001-4.swc,pyramidal,1.0,no,0,
neuromorpho__Fresh-D7-Sholl-Tau-RFP-MAP2001-2.swc,pyramidal,1.0,no,0,
neuromorpho__Fresh-Sholl-2-D7-Tau-LA-Map2001_crop-1.swc,pyramidal,1.0,no,0,
neuromorpho__101C_1_r_Ngr2KO.swc,pyramidal,1.0,no,0,
neuromorpho__CA1_slide2_neuron3.swc,pyramidal,1.0,no,1,APICAL_INVERTED
neuromorpho__M282Ecel1.swc,interneuron,1.0,no,0,
neuromorpho__12N7-8162019-b-TILE1-wt7a.swc,interneuron,1.0,no,0,
neuromorpho__180702_morpho-6_hippo_tau488_trfp_map2647_Fresh-10_crop-4.swc,pyramidal,1.0,no,0,
neuromorpho__35_11.swc,pyramidal,1.0,no,0,
neuromorpho__p73_vGluT2-KO_IN02.swc,interneuron,1.0,no,0,
neuromorpho__cell-7_11.swc,interneuron,1.0,no,0,
neuromorpho__180921s1c1b_Lstellate.swc,interneuron,1.0,no,0,
neuromorpho__B3_slide3_13.swc,pyramidal,1.0,no,1,APICAL_INVERTED
neuromorpho__32315V1-4Slice6Cell2.swc,pyramidal,1.0,no,0,
neuromorpho__M2_37.swc,pyramidal,1.0,no,0,
neuromorpho__25_15.swc,pyramidal,1.0,no,0,
neuromorpho__10N1-8162019-wt2a.swc,interneuron,1.0,no,0,
neuromorpho__jy171228_B_idA.swc,interneuron,1.0,no,0,
neuromorpho__Delayed10_2495_biocytin.swc,interneuron,1.0,no,0,
neuromorpho__B_GFP_0014_final.swc,pyramidal,1.0,no,0,
neuromorpho__EDF1_D4-Fresh-Hippo-1-EDF_crop-6.swc,pyramidal,1.0,no,0,
neuromorpho__CONTROL-2-N5_1.swc,interneuron,1.0,no,0,
neuromorpho__5515-13-cell-1-analysis.swc,interneuron,1.0,no,0,
neuromorpho__WT4-N3-4_final.swc,pyramidal,1.0,no,0,
neuromorpho__11818c1.swc,pyramidal,1.0,no,0,
neuromorpho__Fresh-D7-Sholl-Tau-RFP-MAP2002_crop-1.swc,pyramidal,1.0,no,0,
neuromorpho__n18fts.swc,pyramidal,1.0,no,0,
neuromorpho__NAS3.swc,interneuron,1.0,no,0,
neuromorpho__Fresh-D4-Phall-Tau-Map2003-3.swc,pyramidal,1.0,no,0,
neuromorpho__A3_slide3_neuron5.swc,pyramidal,1.0,no,1,APICAL_INVERTED
neuromorpho__NAS5.swc,interneuron,1.0,no,0,
neuromorpho__P111123-04n2-AAC.swc,interneuron,1.0,no,0,
neuromorpho__CONTROL-4-N6.swc,interneuron,1.0,no,0,
neuromorpho__17545_00074-semi_r.swc,interneuron,1.0,no,0,
neuromorpho__15519c2.swc,interneuron,1.0,no,0,
neuromorpho__WT3-N7-2_final.swc,pyramidal,1.0,no,0,
neuromorpho__AA0494.swc,pyramidal,1.0,no,0,
neuromorpho__C_RFP_0010_final.swc,pyramidal,1.0,no,0,
neuromorpho__WT3-N1-3_final.swc,pyramidal,1.0,no,0,
neuromorpho__A2-N2-3_final.swc,pyramidal,1.0,no,0,
neuromorpho__PVCre_cell4.swc,pyramidal,1.0,no,1,APICAL_INVERTED
neuromorpho__30513_cell4.swc,pyramidal,1.0,no,1,APICAL_INVERTED
neuromorpho__Fresh-D4-Phall-Tau-Map2004-3.swc,pyramidal,1.0,no,0,
neuromorpho__A1-N4-2_13jun-5-_final.swc,pyramidal,1.0,no,0,
neuromorpho__101C_1_l_Ngr2KO_3.swc,pyramidal,1.0,no,0,
neuromorpho__180702_morpho-6_hippo_tau488_trfp_map2648_Hippo-3-7_crop-5.swc,pyramidal,1.0,no,0,
neuromorpho__Delayed18_2477_biocytin.swc,interneuron,1.0,no,0,
neuromorpho__n3fts.swc,pyramidal,1.0,no,0,
neuromorpho__M2KO_23.swc,pyramidal,1.0,no,0,
neuromorpho__STRESS-7-N2.swc,interneuron,1.0,no,0,
neuromorpho__A3_slide2_11.swc,pyramidal,1.0,no,2,APICAL_INVERTED|TRUNCATED_APICAL
neuromorpho__CONTROL-3-N4_1.swc,interneuron,1.0,no,0,
neuromorpho__WT4-N4-3_final.swc,pyramidal,1.0,no,0,
neuromorpho__N087.swc,pyramidal,1.0,no,0,
neuromorpho__AAS4.swc,interneuron,1.0,no,0,
neuromorpho__dysk-9-GT1.swc,interneuron,1.0,no,0,
neuromorpho__Exp_V1B-L5_cell4.swc,pyramidal,1.0,no,0,
neuromorpho__B3_slide2_12.swc,pyramidal,1.0,no,0,
neuromorpho__P111123-04n1-AAC.swc,interneuron,1.0,no,0,
neuromorpho__Fresh-D4-Phall-Tau-Map2002-7.swc,pyramidal,1.0,no,0,
neuromorpho__A1-N3-1_13jun-5-_final.swc,pyramidal,1.0,no,0,
neuromorpho__AA0884.swc,pyramidal,1.0,no,0,
neuromorpho__AAS9.swc,interneuron,1.0,no,0,
neuromorpho__AA0843.swc,pyramidal,1.0,no,0,
neuromorpho__NAS2B.swc,interneuron,1.0,no,0,
neuromorpho__7month-Arctic-9_1.swc,pyramidal,1.0,no,2,APICAL_INVERTED|TRUNCATED_APICAL
neuromorpho__340_1a.swc,interneuron,1.0,no,0,
neuromorpho__AA0863.swc,pyramidal,1.0,no,0,
neuromorpho__WT2-N2-2_1.swc,pyramidal,1.0,no,0,
neuromorpho__7054.swc,interneuron,1.0,no,0,
neuromorpho__107B_3_r_Ngr2KO_2.swc,pyramidal,1.0,no,1,APICAL_INVERTED
neuromorpho__STRESS-2-N4_1.swc,interneuron,1.0,no,0,
neuromorpho__12N5-8162019-b_tile3-fcfc4A.swc,interneuron,1.0,no,0,
neuromorpho__180702_morpho-6_hippo_tau488_trfp_map2648_Hippo-4-5_crop-3.swc,pyramidal,1.0,no,0,
neuromorpho__AA0489.swc,pyramidal,1.0,no,0,
neuromorpho__6N5DAT6-50717GFPwtb_012-wt3a.swc,interneuron,1.0,no,0,
neuromorpho__A3_slide2_5.swc,pyramidal,1.0,no,2,APICAL_INVERTED|TRUNCATED_APICAL
neuromorpho__WT-set1-009.swc,pyramidal,1.0,no,0,
neuromorpho__Zs201222-02_ventral_medial_20x_onlydendrites.swc,interneuron,1.0,no,0,
neuromorpho__A2_slide3_9.swc,pyramidal,1.0,no,1,APICAL_INVERTED
neuromorpho__19-02-19A-01-cell-1.swc,interneuron,1.0,no,0,
neuromorpho__12C2neuron1Layers.swc,pyramidal,1.0,no,0,
neuromorpho__A1_slide3_6.swc,pyramidal,1.0,no,1,APICAL_INVERTED
neuromorpho__WT4-N8-2_final.swc,pyramidal,1.0,no,0,
neuromorpho__M2_23.swc,pyramidal,1.0,no,0,
neuromorpho__A1-N1-1_final.swc,pyramidal,1.0,no,0,
neuromorpho__Gunnersen_A15b4slice1LHS.swc,pyramidal,1.0,no,0,
neuromorpho__180702_morpho-6_hippo_tau488_trfp_map2647_Fresh-6_crop-3.swc,pyramidal,1.0,no,0,
neuromorpho__CONTROL-4-N4.swc,interneuron,1.0,no,0,
neuromorpho__06-02-19A-02-cell-1.swc,interneuron,1.0,no,0,
neuromorpho__V1KO_1.swc,pyramidal,1.0,no,0,
neuromorpho__n25fts.swc,pyramidal,1.0,no,0,
neuromorpho__group2_cell15.swc,pyramidal,1.0,no,0,
neuromorpho__AA0709.swc,pyramidal,1.0,no,0,
neuromorpho__38d.swc,pyramidal,1.0,no,0,
neuromorpho__homo-9.swc,interneuron,1.0,no,0,
neuromorpho__V1KO_26.swc,pyramidal,1.0,no,0,
neuromorpho__c1411_Scone.swc,interneuron,1.0,no,0,
neuromorpho__17545_00007-semi_r.swc,interneuron,1.0,no,0,
neuromorpho__WT3-n10-5_final.swc,pyramidal,1.0,no,0,
neuromorpho__A3-N8-2_final.swc,pyramidal,1.0,no,0,
neuromorpho__1086-4-Sec2-LTL3.swc,pyramidal,1.0,no,0,
neuromorpho__A1_slide4_neuron1.swc,pyramidal,1.0,no,1,APICAL_INVERTED
neuromorpho__32368_slide2_cell3.swc,pyramidal,1.0,no,1,APICAL_INVERTED
neuromorpho__3-Som-3d-trace.swc,interneuron,1.0,no,0,
neuromorpho__AA0913.swc,pyramidal,1.0,no,0,
neuromorpho__22315_cell5.swc,pyramidal,1.0,no,1,APICAL_INVERTED
neuromorpho__A2_slide1_neuron1_II_III.swc,pyramidal,1.0,no,0,
neuromorpho__Layer-5-Ethanol-7.swc,pyramidal,1.0,no,1,TRUNCATED_APICAL
neuromorpho__S1KO_22.swc,pyramidal,1.0,no,0,
neuromorpho__WT-set1-004.swc,pyramidal,1.0,no,0,
neuromorpho__WT3-n6-3_final.swc,pyramidal,1.0,no,0,
neuromorpho__Fresh-D7-Sholl-Tau-RFP-MAP2015_crop-6.swc,pyramidal,1.0,no,0,
neuromorpho__Fresh-D4-Phall-Tau-Map2003-8.swc,pyramidal,1.0,no,0,
neuromorpho__M1KO_3.swc,pyramidal,1.0,no,0,
neuromorpho__A2-N6-2_final.swc,pyramidal,1.0,no,0,
neuromorpho__B3_slide1_4.swc,pyramidal,1.0,no,0,
neuromorpho__20190429_sample_4.swc,interneuron,1.0,no,3,APICAL_MISSED|APICAL_UNDERPREDICTED|APICAL_INVERTED
neuromorpho__107B_2_l_Ngr2KO_2.swc,pyramidal,1.0,no,0,
neuromorpho__A2-N9-2_final.swc,pyramidal,1.0,no,0,
neuromorpho__AA0529.swc,pyramidal,1.0,no,0,
neuromorpho__WT4-n1-2_final.swc,pyramidal,1.0,no,0,
neuromorpho__241-3-13LU.swc,pyramidal,1.0,no,0,
neuromorpho__209B-5-L1.swc,pyramidal,1.0,no,0,
neuromorpho__B1_slide2_neuron1_II_III.swc,pyramidal,1.0,no,1,APICAL_INVERTED
neuromorpho__8N22DAT8-50717GFPwta-fcfc-9a.swc,interneuron,1.0,no,0,
neuromorpho__A2-N8-3_1.swc,pyramidal,1.0,no,0,
neuromorpho__M2_3.swc,pyramidal,1.0,no,0,
neuromorpho__WT-set3-004.swc,pyramidal,1.0,no,0,
neuromorpho__B2_slide1_neuron3.swc,pyramidal,1.0,no,1,APICAL_INVERTED
neuromorpho__g0724P1.swc,pyramidal,1.0,no,1,APICAL_INVERTED
neuromorpho__WT4-N3-3_final.swc,pyramidal,1.0,no,0,
neuromorpho__WT3-n3-6_final.swc,pyramidal,1.0,no,0,
neuromorpho__A_RFP_0006_final2.swc,pyramidal,1.0,no,0,
neuromorpho__S2KO_12.swc,pyramidal,1.0,no,0,
neuromorpho__V1KO_25.swc,pyramidal,1.0,no,0,
neuromorpho__M2_6.swc,pyramidal,1.0,no,0,
neuromorpho__32315V1-3Slice7Cell1.swc,pyramidal,1.0,no,1,APICAL_INVERTED
neuromorpho__241-1-2VN.swc,pyramidal,1.0,no,1,APICAL_INVERTED
neuromorpho__P111123-03-AAC.swc,interneuron,1.0,no,0,
neuromorpho__Exp_V1B-L5_cell6.swc,pyramidal,1.0,no,0,
neuromorpho__AA0813.swc,pyramidal,1.0,no,0,
neuromorpho__B3-F5.swc,interneuron,1.0,no,0,
neuromorpho__13_41.swc,pyramidal,1.0,no,0,
neuromorpho__AA0550.swc,pyramidal,1.0,no,0,
neuromorpho__32221_cell8.swc,pyramidal,1.0,no,1,APICAL_INVERTED
neuromorpho__A2_slide3_20.swc,pyramidal,1.0,no,1,APICAL_INVERTED
neuromorpho__8749_1.swc,interneuron,1.0,no,0,
neuromorpho__M2_66.swc,pyramidal,1.0,no,0,
neuromorpho__20190614_sample_2.swc,interneuron,1.0,no,0,
neuromorpho__106E_1_l_WT_2.swc,pyramidal,1.0,no,0,
neuromorpho__72513V1-3Slice3Cell1.swc,pyramidal,1.0,no,0,
neuromorpho__104A_2_l_WT.swc,pyramidal,1.0,no,1,APICAL_INVERTED
neuromorpho__S1KO_7.swc,pyramidal,1.0,no,0,
neuromorpho__17545_00073-semi_r.swc,interneuron,1.0,no,0,
neuromorpho__AA0564.swc,pyramidal,1.0,no,0,
neuromorpho__B_GFP_0002_final.swc,pyramidal,1.0,no,0,
neuromorpho__APPKO-set3-002.swc,pyramidal,1.0,no,0,
neuromorpho__AA0710.swc,pyramidal,1.0,no,0,
neuromorpho__Fig4C443co4_top_NL_50mu.swc,interneuron,1.0,no,0,
neuromorpho__EXP-5_67-188-1003.swc,interneuron,1.0,no,0,
neuromorpho__STRESS-2-N2.swc,interneuron,1.0,no,0,
neuromorpho__204B-3-L4.swc,pyramidal,1.0,no,1,APICAL_INVERTED
neuromorpho__A_GFP_0012_final.swc,pyramidal,1.0,no,0,
neuromorpho__RG3-F1.swc,interneuron,1.0,no,0,
neuromorpho__B4_slide2_neuron2_II_III.swc,pyramidal,1.0,no,1,APICAL_INVERTED
neuromorpho__B3_slide2_neuron3_II_III.swc,pyramidal,1.0,no,1,APICAL_INVERTED
neuromorpho__A1_slide3_9.swc,pyramidal,1.0,no,0,
neuromorpho__EDF1_D4-Fresh-Hippo-1-EDF_crop-9.swc,pyramidal,1.0,no,0,
neuromorpho__Stroke-Dec-7-IR-2-2c.swc,pyramidal,1.0,no,1,TRUNCATED_APICAL
neuromorpho__S1KO_13.swc,pyramidal,1.0,no,0,
neuromorpho__M2KO_11.swc,pyramidal,1.0,no,0,
neuromorpho__160727_SAC3_006.swc,interneuron,1.0,no,0,
neuromorpho__AA0929.swc,pyramidal,1.0,no,0,
neuromorpho__B_RFP_0008_final.swc,pyramidal,1.0,no,0,
neuromorpho__A2_slide2_8.swc,pyramidal,1.0,no,1,APICAL_INVERTED
neuromorpho__WT4-n14-3_final.swc,pyramidal,1.0,no,0,
neuromorpho__M2_21.swc,pyramidal,1.0,no,0,
neuromorpho__M2_39.swc,pyramidal,1.0,no,0,
neuromorpho__1807031_s2c2_Lstellate.swc,interneuron,1.0,no,0,
neuromorpho__72715-V1-2slice9.swc,pyramidal,1.0,no,0,
neuromorpho__mPFC_w1_L5_09.swc,pyramidal,1.0,no,1,APICAL_INVERTED
neuromorpho__104A_2_r_WT.swc,pyramidal,1.0,no,0,
neuromorpho__A1-N2-1_final.swc,pyramidal,1.0,no,0,
neuromorpho__A_RFP_0018_final2.swc,pyramidal,1.0,no,0,
neuromorpho__22315_cell4.swc,pyramidal,1.0,no,1,APICAL_INVERTED
neuromorpho__23-04-18B-08-cell-1.swc,interneuron,1.0,no,0,
neuromorpho__V1KO_18.swc,pyramidal,1.0,no,0,
neuromorpho__Fresh-D4-Phall-Tau-Map2001-7.swc,pyramidal,1.0,no,0,
neuromorpho__Fresh-D4-Sholl-Exp-3003-9.swc,pyramidal,1.0,no,0,
neuromorpho__A4-N4-3_final.swc,pyramidal,1.0,no,0,
neuromorpho__S1KO_10.swc,pyramidal,1.0,no,0,
neuromorpho__WT4-N1-4_final.swc,pyramidal,1.0,no,0,
neuromorpho__A4-2-1-15-JUN-2_final.swc,pyramidal,1.0,no,0,
neuromorpho__V1_10.swc,pyramidal,1.0,no,0,
neuromorpho__6N1-5072019_TileScan-3_Merged_fcfc1a.swc,interneuron,1.0,no,0,
neuromorpho__S1KO_9.swc,pyramidal,1.0,no,0,
neuromorpho__A_RFP_0017_final.swc,pyramidal,1.0,no,0,
neuromorpho__101A_1_r_Ngr2KO_3.swc,pyramidal,1.0,no,1,APICAL_INVERTED
neuromorpho__EDF1_D4-Fresh-Hippo-1-EDF_crop-3.swc,pyramidal,1.0,no,0,
neuromorpho__180608_morpho4_d4_hippo_D4-Hippo-Fresh-1_crop.swc,pyramidal,1.0,no,0,
neuromorpho__mPFC_w2_L3_06.swc,pyramidal,1.0,no,1,APICAL_INVERTED
neuromorpho__Gunnersen_B20b6slice2RHS.swc,pyramidal,1.0,no,0,
neuromorpho__10N4-8162019-b_wt9a.swc,interneuron,1.0,no,0,
neuromorpho__180702_morpho-6_hippo_tau488_trfp_map2647_Hippo-1-10_crop-2.swc,pyramidal,1.0,no,0,
neuromorpho__Gunnersen_A12b3slice1LHS.swc,pyramidal,1.0,no,0,
neuromorpho__APPKO-set2-004.swc,pyramidal,1.0,no,0,
neuromorpho__A4-3-1-15-JUN-2_final.swc,pyramidal,1.0,no,0,
neuromorpho__A2-N4-2_1.swc,pyramidal,1.0,no,0,
neuromorpho__M2_13.swc,pyramidal,1.0,no,0,
neuromorpho__WT-set3-007.swc,pyramidal,1.0,no,0,
neuromorpho__A1_slide2_13.swc,pyramidal,1.0,no,1,APICAL_INVERTED
neuromorpho__143-06-cell-2-analysis.swc,interneuron,1.0,no,0,
neuromorpho__Gunnersen_B7b2slice3RHS.swc,pyramidal,1.0,no,0,
neuromorpho__A2_slide3_neuron6_II_III.swc,pyramidal,1.0,no,0,
neuromorpho__6N1-5072019_TileScan-3_Merged_wt1a.swc,interneuron,1.0,no,0,
neuromorpho__109A_1_r_Ngr2KO_2.swc,pyramidal,1.0,no,1,APICAL_INVERTED
neuromorpho__STRESS-3-N1.swc,interneuron,1.0,no,0,
neuromorpho__8N3-8162019-b-fcfc8a.swc,interneuron,1.0,no,0,
neuromorpho__106B_1_l_WT.swc,pyramidal,1.0,no,1,APICAL_INVERTED
neuromorpho__Fresh-D4-Phall-Tau-Map2005-3.swc,pyramidal,1.0,no,0,
neuromorpho__mPFC_w2_L3_05.swc,pyramidal,1.0,no,1,APICAL_INVERTED
neuromorpho__C_RFP_0003_2final.swc,pyramidal,1.0,no,0,
neuromorpho__B3_slide2_neuron1_II_III.swc,pyramidal,1.0,no,1,APICAL_INVERTED
neuromorpho__22411_cell12.swc,pyramidal,1.0,no,1,APICAL_INVERTED
neuromorpho__A_RFP_0016_final2.swc,pyramidal,1.0,no,0,
neuromorpho__109F_1_l_Ngr2KO_2.swc,pyramidal,1.0,no,1,APICAL_INVERTED
neuromorpho__8N22DAT8-50717GFPwta-fcfc-2a.swc,interneuron,1.0,no,0,
neuromorpho__AA0306.swc,pyramidal,1.0,no,0,
neuromorpho__1d.swc,pyramidal,1.0,no,0,
neuromorpho__V2KO_8.swc,pyramidal,1.0,no,0,
neuromorpho__A4_slide2_10.swc,pyramidal,1.0,no,0,
neuromorpho__STRESS-4-N5.swc,interneuron,1.0,no,0,
neuromorpho__A4-N14-1_final.swc,pyramidal,1.0,no,0,
neuromorpho__A1_slide4_neuron3_II_III.swc,pyramidal,1.0,no,1,APICAL_INVERTED
neuromorpho__A4-N11-4_final.swc,pyramidal,1.0,no,0,
neuromorpho__32315V1-3Slice8Cell2.swc,pyramidal,1.0,no,1,APICAL_INVERTED
neuromorpho__S1KO_34.swc,pyramidal,1.0,no,0,
neuromorpho__V2KO_5.swc,pyramidal,1.0,no,0,
neuromorpho__AA0351.swc,pyramidal,1.0,no,0,
neuromorpho__PDE1c_vGluT2-KO_IN33.swc,interneuron,1.0,no,0,
neuromorpho__23-04-18B-10-cell-3.swc,interneuron,1.0,no,0,
neuromorpho__V2KO_21.swc,pyramidal,1.0,no,0,
neuromorpho__236-3-34LS.swc,pyramidal,1.0,no,1,APICAL_INVERTED
neuromorpho__241-1-40VN.swc,pyramidal,1.0,no,1,APICAL_INVERTED
neuromorpho__B4_slide3_9.swc,pyramidal,1.0,no,0,
neuromorpho__15_33.swc,pyramidal,1.0,no,0,
neuromorpho__391-05.swc,pyramidal,1.0,no,1,TRUNCATED_APICAL
neuromorpho__Fresh-D4-Sholl-Exp-3003-8.swc,pyramidal,1.0,no,0,
neuromorpho__236-2-13LS.swc,pyramidal,1.0,no,1,APICAL_INVERTED
neuromorpho__M2_58.swc,pyramidal,1.0,no,0,
neuromorpho__APPKO-set1-010.swc,pyramidal,1.0,no,0,
neuromorpho__Gunnersen_B3b1slice2LHS.swc,pyramidal,1.0,no,0,
neuromorpho__100C_2_r_Ngr2KO_1.swc,pyramidal,1.0,no,1,APICAL_INVERTED
neuromorpho__PDE1c_vGluT2-KO_IN36.swc,interneuron,1.0,no,0,
neuromorpho__Anstoetz_Toolbox-IN7.swc,interneuron,1.0,no,0,
neuromorpho__S1KO_45.swc,pyramidal,1.0,no,0,
neuromorpho__18414_slide1_cell6.swc,pyramidal,1.0,no,1,APICAL_INVERTED
neuromorpho__180702_morpho-6_hippo_tau488_trfp_map2648_Hippo-4-6_crop-2.swc,pyramidal,1.0,no,0,
neuromorpho__STRESS-6-N1_1.swc,interneuron,1.0,no,0,
neuromorpho__B1_slide2_neuron4_II_III.swc,pyramidal,1.0,no,0,
neuromorpho__103A_3_l_WT.swc,pyramidal,1.0,no,1,APICAL_INVERTED
neuromorpho__180702_morpho-6_hippo_tau488_trfp_map2648_Hippo-4-1_crop-1.swc,pyramidal,1.0,no,0,
neuromorpho__15316c4c5b.swc,interneuron,1.0,no,0,
neuromorpho__PRLKO_31.swc,pyramidal,1.0,no,0,
neuromorpho__V2_49.swc,pyramidal,1.0,no,0,
neuromorpho__B3_slide2_6.swc,pyramidal,1.0,no,1,APICAL_INVERTED
neuromorpho__Jul26-IR2-2F.swc,pyramidal,1.0,no,1,APICAL_INVERTED
neuromorpho__72513V1-4Slice3Cell2.swc,pyramidal,1.0,no,0,
neuromorpho__B4_slide3_5.swc,pyramidal,1.0,no,1,APICAL_INVERTED
neuromorpho__10315c1.swc,pyramidal,1.0,no,0,
neuromorpho__A3_slide2_neuron4_II_III.swc,pyramidal,1.0,no,1,APICAL_INVERTED
neuromorpho__c32.swc,interneuron,1.0,no,0,
neuromorpho__WT3-N6-2_final.swc,pyramidal,1.0,no,0,
neuromorpho__B1_slide4_neuron1_II_III.swc,pyramidal,1.0,no,0,
neuromorpho__M1KO_13.swc,pyramidal,1.0,no,0,
neuromorpho__C_RFP_0002_final.swc,pyramidal,1.0,no,0,
neuromorpho__B949_NeuronB_40x_Tile_Trace_RK.swc,pyramidal,1.0,no,0,
neuromorpho__B_RFP_0001_final.swc,pyramidal,1.0,no,0,
neuromorpho__WT3-n7-5_final.swc,pyramidal,1.0,no,0,
neuromorpho__M2KO_33.swc,pyramidal,1.0,no,0,
neuromorpho__WT-set3-006.swc,pyramidal,1.0,no,0,
neuromorpho__32315V1-4Slice5Cell1.swc,pyramidal,1.0,no,2,APICAL_INVERTED|TRUNCATED_APICAL
neuromorpho__WT2-N11-2_final.swc,pyramidal,1.0,no,0,
neuromorpho__crop0_1_seg_split_9_1-1.swc,pyramidal,1.0,no,0,
neuromorpho__105A_2_r_WT.swc,pyramidal,1.0,no,1,APICAL_INVERTED
neuromorpho__04b_pyramidal5aFI.swc,pyramidal,1.0,no,0,
neuromorpho__22315_cell1.swc,pyramidal,1.0,no,0,
neuromorpho__M2KO_8.swc,pyramidal,1.0,no,0,
neuromorpho__STRESS-3-N2.swc,interneuron,1.0,no,0,
neuromorpho__72715-V1-2slice5cell3.swc,pyramidal,1.0,no,1,APICAL_INVERTED
neuromorpho__1001.swc,interneuron,1.0,no,0,
neuromorpho__Layer-5-Ethanol-8.swc,pyramidal,1.0,no,1,APICAL_INVERTED
neuromorpho__105B_2_r_WT.swc,pyramidal,1.0,no,0,
neuromorpho__Fresh-D4-Phall-Tau-Map2003-22.swc,pyramidal,1.0,no,0,
neuromorpho__M2_15.swc,pyramidal,1.0,no,0,
neuromorpho__1857-09-cell-2-analysis.swc,interneuron,1.0,no,0,
neuromorpho__M723Spp1.swc,interneuron,1.0,no,0,
neuromorpho__M2_45.swc,pyramidal,1.0,no,0,
neuromorpho__Layer-5-Ethanol-16.swc,pyramidal,1.0,no,0,
neuromorpho__Fresh-D4-Phall-Tau-Map2003-7.swc,pyramidal,1.0,no,0,
neuromorpho__A2_slide3_neuron2_II_III.swc,pyramidal,1.0,no,1,APICAL_INVERTED
neuromorpho__23-04-18C-03-cell-2.swc,interneuron,1.0,no,0,
neuromorpho__M2KO_1.swc,pyramidal,1.0,no,0,
neuromorpho__241-2-40VN.swc,pyramidal,1.0,no,1,APICAL_INVERTED
neuromorpho__1243.swc,interneuron,1.0,no,0,
neuromorpho__M2_50.swc,pyramidal,1.0,no,0,
neuromorpho__180702_morpho-6_hippo_tau488_trfp_map2648_Hippo-4-6_crop-1.swc,pyramidal,1.0,no,0,
neuromorpho__09040280004.swc,interneuron,1.0,no,0,
neuromorpho__Ctrl_V1B-L5_cell7.swc,pyramidal,1.0,no,0,
neuromorpho__B_RFP_0015_final.swc,pyramidal,1.0,no,0,
neuromorpho__crop0_2_seg_split_16_1-1.swc,pyramidal,1.0,no,0,
neuromorpho__PDE1c_vGluT2-KO_IN05.swc,interneuron,1.0,no,0,
neuromorpho__c4612_Scone.swc,interneuron,1.0,no,0,
neuromorpho__A4-N1-3_final.swc,pyramidal,1.0,no,0,
neuromorpho__AA0562.swc,pyramidal,1.0,no,0,
neuromorpho__7month-wt-16_1.swc,pyramidal,1.0,no,1,TRUNCATED_APICAL
neuromorpho__101A_1_r_Ngr2KO_1.swc,pyramidal,1.0,no,1,APICAL_INVERTED
neuromorpho__ctrl_bV1_6.swc,pyramidal,1.0,no,1,APICAL_INVERTED
neuromorpho__PDE1c_vGluT2-KO_IN20.swc,interneuron,1.0,no,0,
neuromorpho__10n12c4.swc,pyramidal,1.0,no,0,
neuromorpho__CONTROL-2-N3.swc,interneuron,1.0,no,0,
neuromorpho__WT4-7-1---2_final.swc,pyramidal,1.0,no,0,
neuromorpho__A_RFP_0010_final.swc,pyramidal,1.0,no,0,
neuromorpho__25001.swc,interneuron,1.0,no,0,
neuromorpho__241-1-39VN.swc,pyramidal,1.0,no,0,
neuromorpho__43-07-cell-1-analysis.swc,interneuron,1.0,no,0,
neuromorpho__V2_20.swc,pyramidal,1.0,no,0,
neuromorpho__4314ARCHV1-2Slice8Cell2.swc,pyramidal,1.0,no,1,TRUNCATED_APICAL
neuromorpho__M2_34.swc,pyramidal,1.0,no,0,
neuromorpho__B1_slide2_3.swc,pyramidal,1.0,no,0,
neuromorpho__C_RFP_0003_final.swc,pyramidal,1.0,no,0,
neuromorpho__20190117_sample_1.swc,interneuron,1.0,no,0,
neuromorpho__M722Ecel1.swc,interneuron,1.0,no,0,
neuromorpho__100A_3_r_Ngr2KO_4.swc,pyramidal,1.0,no,0,
neuromorpho__Fresh-D4-Phall-Tau-Map2004-12.swc,pyramidal,1.0,no,0,
neuromorpho__241-3-54VN.swc,pyramidal,1.0,no,0,
neuromorpho__180702_morpho-6_hippo_tau488_trfp_map2648_Hippo-4-7_crop-1.swc,pyramidal,1.0,no,0,
neuromorpho__LES6-MUT-1117-Neuron-1.swc,pyramidal,1.0,no,0,
neuromorpho__Cell1042Ecel1.swc,interneuron,1.0,no,0,
neuromorpho__Ctrl_V1B-L5_cell3.swc,pyramidal,1.0,no,0,
neuromorpho__241-3-51VN.swc,pyramidal,1.0,no,1,APICAL_INVERTED
neuromorpho__236-1-9LS.swc,pyramidal,1.0,no,0,
neuromorpho__WT3-N8-3_final.swc,pyramidal,1.0,no,0,
neuromorpho__WT3-n8-2_1.swc,pyramidal,1.0,no,0,
neuromorpho__102A_2_l_Ngr2KO.swc,pyramidal,1.0,no,1,APICAL_INVERTED
neuromorpho__L3R4_05_-300.swc,interneuron,1.0,no,0,
neuromorpho__p73_vGluT2-ctrl_IN08.swc,interneuron,1.0,no,0,
neuromorpho__S1KO_36.swc,pyramidal,1.0,no,0,
neuromorpho__23-04-18B-01-cell-1.swc,interneuron,1.0,no,0,
neuromorpho__B_RFP_0013_final.swc,pyramidal,1.0,no,0,
neuromorpho__p73_vGluT2-KO_IN08.swc,interneuron,1.0,no,0,
neuromorpho__M2_22.swc,pyramidal,1.0,no,0,
neuromorpho__S1KO_42.swc,pyramidal,1.0,no,0,
neuromorpho__V2_1.swc,pyramidal,1.0,no,0,
neuromorpho__180608_morpho4_d4_hippo_D4-Hippo-Fresh-1_crop-1.swc,pyramidal,1.0,no,0,
neuromorpho__1232.swc,interneuron,1.0,no,0,
neuromorpho__A4-n2-1_final.swc,pyramidal,1.0,no,0,
neuromorpho__LES6-WT-1204-neuron-1.swc,pyramidal,1.0,no,0,
neuromorpho__CONTROL-3-N1.swc,interneuron,1.0,no,0,
neuromorpho__S1KO_38.swc,pyramidal,1.0,no,0,
neuromorpho__M2_18.swc,pyramidal,1.0,no,0,
neuromorpho__X043_S3_Z4_C03.swc,pyramidal,1.0,no,2,APICAL_INVERTED|TRUNCATED_APICAL
neuromorpho__236-3-67LS.swc,pyramidal,1.0,no,1,APICAL_INVERTED
neuromorpho__Zs210113-0302_ventral_onlydendrites.swc,interneuron,1.0,no,0,
neuromorpho__PDE1c_vGluT2-ctrl_IN11.swc,interneuron,1.0,no,0,
neuromorpho__AA0994.swc,pyramidal,1.0,no,0,
neuromorpho__B_RFP_0016_final.swc,pyramidal,1.0,no,0,
neuromorpho__S1KO_50.swc,pyramidal,1.0,no,0,
neuromorpho__AA0479.swc,pyramidal,1.0,no,0,
neuromorpho__10224c2.swc,pyramidal,1.0,no,0,
neuromorpho__241-1-44VN.swc,pyramidal,1.0,no,1,APICAL_INVERTED
neuromorpho__crop0_2_seg_split_2_1-2.swc,pyramidal,1.0,no,0,
neuromorpho__108A_2_l_WT_2.swc,pyramidal,1.0,no,1,APICAL_INVERTED
neuromorpho__crop0_2_seg_split_4_1-2.swc,pyramidal,1.0,no,0,
neuromorpho__180608_morpho4_d4_hippo_D4-Hippo-Fresh-4_crop-2.swc,pyramidal,1.0,no,0,
neuromorpho__Fresh-D4-Sholl-Exp-3003-4.swc,pyramidal,1.0,no,0,
neuromorpho__A2-N7-3_final.swc,pyramidal,1.0,no,0,
neuromorpho__APPKO-set1-005.swc,pyramidal,1.0,no,0,
neuromorpho__241-3-49VN.swc,pyramidal,1.0,no,1,APICAL_INVERTED
neuromorpho__A1-n8-1_final.swc,pyramidal,1.0,no,0,
neuromorpho__241-1-28LU.swc,pyramidal,1.0,no,0,
neuromorpho__M2_47.swc,pyramidal,1.0,no,0,
neuromorpho__B_RFP_0001_final2.swc,pyramidal,1.0,no,0,
neuromorpho__CONTROL-3-N2.swc,interneuron,1.0,no,0,
neuromorpho__PRL_10.swc,pyramidal,1.0,no,0,
neuromorpho__mPFC_w1_L5_05.swc,pyramidal,1.0,no,1,APICAL_INVERTED
neuromorpho__Layer-5-Sucrose-8.swc,pyramidal,1.0,no,2,APICAL_INVERTED|TRUNCATED_APICAL
neuromorpho__M2_12.swc,pyramidal,1.0,no,0,
neuromorpho__Layer-5-Ethanol-2.swc,pyramidal,1.0,no,1,TRUNCATED_APICAL
neuromorpho__10month-Arctic-C5aR1-KO-5-3_3.swc,pyramidal,1.0,no,1,TRUNCATED_APICAL
neuromorpho__241-2-94LU.swc,pyramidal,1.0,no,0,
neuromorpho__Fresh-D4-Sholl-Exp-3007-3.swc,pyramidal,1.0,no,0,
neuromorpho__B_RFP_0002_final.swc,pyramidal,1.0,no,0,
neuromorpho__180702_morpho-6_hippo_tau488_trfp_map2648_Hippo-4-7_crop-4.swc,pyramidal,1.0,no,0,
neuromorpho__241-3-52VN.swc,pyramidal,1.0,no,1,APICAL_INVERTED
neuromorpho__Fresh-D4-Phall-Tau-Map2002-11.swc,pyramidal,1.0,no,0,
neuromorpho__P120115-03-AAC.swc,interneuron,1.0,no,0,
neuromorpho__M1KO_6.swc,pyramidal,1.0,no,0,
neuromorpho__C10-29.swc,pyramidal,1.0,no,1,APICAL_INVERTED
neuromorpho__B_RFP_0025_final.swc,pyramidal,1.0,no,0,
neuromorpho__A_RFP_0005_2final.swc,pyramidal,1.0,no,0,
neuromorpho__3b.swc,pyramidal,1.0,no,0,
neuromorpho__S1KO_29.swc,pyramidal,1.0,no,0,
neuromorpho__Mouse-CA2-Mc-Pyramidal-Cell.swc,pyramidal,1.0,no,1,APICAL_INVERTED
neuromorpho__A3_slide3_24.swc,pyramidal,1.0,no,1,TRUNCATED_APICAL
neuromorpho__PRL_45.swc,pyramidal,1.0,no,0,
neuromorpho__S1KO_32.swc,pyramidal,1.0,no,0,
neuromorpho__M1KO_4.swc,pyramidal,1.0,no,0,
neuromorpho__STRESS-5-N2.swc,interneuron,1.0,no,0,
neuromorpho__A4_slide2_neuron2_II_III.swc,pyramidal,1.0,no,0,
neuromorpho__72715-V1-2slice5.swc,pyramidal,1.0,no,1,APICAL_INVERTED
neuromorpho__X043_S2_Z2_C01.swc,pyramidal,1.0,no,1,TRUNCATED_APICAL
neuromorpho__241-2-90LU.swc,pyramidal,1.0,no,1,APICAL_INVERTED
neuromorpho__V2KO_1.swc,pyramidal,1.0,no,0,
neuromorpho__V2_34.swc,pyramidal,1.0,no,0,
neuromorpho__Fresh-D4-Phall-Tau-Map2004-23.swc,pyramidal,1.0,no,0,
neuromorpho__p73_vGluT2-ctrl_IN12.swc,interneuron,1.0,no,0,
neuromorpho__A3-n12-2_final.swc,pyramidal,1.0,no,0,
neuromorpho__A4_slide3_1.swc,pyramidal,1.0,no,1,APICAL_INVERTED
neuromorpho__10month-Arctic-C5aR1-KO-52280-R_1.swc,pyramidal,1.0,no,1,TRUNCATED_APICAL
neuromorpho__S1_29.swc,pyramidal,1.0,no,0,
neuromorpho__18455_00041-semi_r.swc,interneuron,1.0,no,0,
neuromorpho__102A_4_r_Ngr2KO_2.swc,pyramidal,1.0,no,1,APICAL_INVERTED
neuromorpho__M2_32.swc,pyramidal,1.0,no,0,
neuromorpho__8N3-8162019-b-wt2a.swc,interneuron,1.0,no,0,
neuromorpho__B_RFP_0020_2final.swc,pyramidal,1.0,no,0,
neuromorpho__236-1-8LS.swc,pyramidal,1.0,no,0,
neuromorpho__CONTROL-4-N1_1.swc,interneuron,1.0,no,0,
neuromorpho__236-2-47LS.swc,pyramidal,1.0,no,0,
neuromorpho__X043_S4_Z4_C02.swc,pyramidal,1.0,no,1,TRUNCATED_APICAL
neuromorpho__241-3-68VN.swc,pyramidal,1.0,no,1,APICAL_INVERTED
neuromorpho__M2_14.swc,pyramidal,1.0,no,0,
neuromorpho__PDE1c_vGluT2-KO_IN38.swc,interneuron,1.0,no,0,
neuromorpho__464R.swc,interneuron,1.0,no,0,
neuromorpho__A1_slide2_24.swc,pyramidal,1.0,no,1,APICAL_INVERTED
neuromorpho__N019.swc,pyramidal,1.0,no,1,APICAL_INVERTED
neuromorpho__M1_32.swc,pyramidal,1.0,no,0,
neuromorpho__Fresh-D4-Phall-Tau-Map2003-6.swc,pyramidal,1.0,no,0,
neuromorpho__S2KO_23.swc,pyramidal,1.0,no,0,
neuromorpho__A4-N1-5_final.swc,pyramidal,1.0,no,0,
neuromorpho__241-3-11VN.swc,pyramidal,1.0,no,0,
neuromorpho__236-2-11LS.swc,pyramidal,1.0,no,1,APICAL_INVERTED
neuromorpho__20180607-60L5-1-1-445-02-352-93-48.swc,interneuron,1.0,no,0,
neuromorpho__WT4-n11-3_final.swc,pyramidal,1.0,no,0,
neuromorpho__V2KO_2.swc,pyramidal,1.0,no,0,
neuromorpho__241-2-57LU.swc,pyramidal,1.0,no,1,APICAL_INVERTED
neuromorpho__V2KO_11.swc,pyramidal,1.0,no,0,
neuromorpho__A3-n8-2_1.swc,pyramidal,1.0,no,0,
neuromorpho__X043_S5_Z5_C02_20x.swc,pyramidal,1.0,no,1,TRUNCATED_APICAL
neuromorpho__S1_23.swc,pyramidal,1.0,no,0,
neuromorpho__V2KO_27.swc,pyramidal,1.0,no,0,
neuromorpho__TileScan-5_Merged_12N7-8162019_fcfc3a.swc,interneuron,1.0,no,0,
neuromorpho__241-3-55VN.swc,pyramidal,1.0,no,0,
neuromorpho__M2_42.swc,pyramidal,1.0,no,0,
neuromorpho__09040290003.swc,interneuron,1.0,no,0,
neuromorpho__6N1-5072019_TileScan-3_Merged_fcfc4a.swc,interneuron,1.0,no,0,
neuromorpho__Fresh-D4-Phall-Tau-Map2005-4.swc,pyramidal,1.0,no,0,
neuromorpho__B949_NeuronC_40x_Tile_Trace_RK.swc,pyramidal,1.0,no,0,
neuromorpho__V2KO_12.swc,pyramidal,1.0,no,0,
neuromorpho__M2_20.swc,pyramidal,1.0,no,0,
neuromorpho__L3R4_01_-525.swc,interneuron,1.0,no,0,
neuromorpho__X043_S4_Z2_C03.swc,pyramidal,1.0,no,2,APICAL_INVERTED|TRUNCATED_APICAL
neuromorpho__241-1-4VN.swc,pyramidal,1.0,no,0,
neuromorpho__M1KO_10.swc,pyramidal,1.0,no,0,
neuromorpho__103D_2_r_WT_2.swc,pyramidal,1.0,no,1,APICAL_INVERTED
neuromorpho__100A_1_r_Ngr2KO_1.swc,pyramidal,1.0,no,0,
neuromorpho__Fresh-D4-Phall-Tau-Map2-5.swc,pyramidal,1.0,no,0,
neuromorpho__B_RFP_0011_final.swc,pyramidal,1.0,no,0,
neuromorpho__WT4-n12-4_final.swc,pyramidal,1.0,no,0,
neuromorpho__20180607-L1R2-1-4-320-31-276-07-19.swc,interneuron,1.0,no,0,
neuromorpho__Ctrl_V1B-L23_cell3.swc,pyramidal,1.0,no,0,
neuromorpho__PDE1c_vGluT2-KO_IN39.swc,interneuron,1.0,no,0,
neuromorpho__CA4_slide3_neuron3.swc,pyramidal,1.0,no,0,
neuromorpho__A3_slide2_4.swc,pyramidal,1.0,no,0,
neuromorpho__7month-Arctic-13_8.swc,pyramidal,1.0,no,1,TRUNCATED_APICAL
neuromorpho__S1KO_11.swc,pyramidal,1.0,no,0,
neuromorpho__10month-wt-H364-2_1.swc,pyramidal,1.0,no,2,APICAL_INVERTED|TRUNCATED_APICAL
neuromorpho__A_RFP_0014_2final.swc,pyramidal,1.0,no,0,
neuromorpho__X043_S2_Z4_C03_20x.swc,pyramidal,1.0,no,1,TRUNCATED_APICAL
neuromorpho__A4_slide2_25.swc,pyramidal,1.0,no,0,
neuromorpho__EDF3_D4-Fresh-Hippo-3-EDF_crop-7.swc,pyramidal,1.0,no,0,
neuromorpho__236-3-9LS.swc,pyramidal,1.0,no,1,APICAL_INVERTED
neuromorpho__V2_32.swc,pyramidal,1.0,no,0,
neuromorpho__X043_S3_Z4_C02.swc,pyramidal,1.0,no,2,APICAL_INVERTED|TRUNCATED_APICAL
neuromorpho__A_RFP_0008_2final.swc,pyramidal,1.0,no,0,
neuromorpho__X043_S7_Z3_C01.swc,pyramidal,1.0,no,1,TRUNCATED_APICAL
neuromorpho__PDE1c_vGluT2-ctrl_IN35.swc,interneuron,1.0,no,0,
neuromorpho__V2_27.swc,pyramidal,1.0,no,0,
neuromorpho__6N1-5072019_TileScan-3_Merged_wt4a.swc,interneuron,1.0,no,0,
neuromorpho__S2KO_9.swc,pyramidal,1.0,no,0,
neuromorpho__M2KO_13.swc,pyramidal,1.0,no,0,
neuromorpho__8N6-8162019-b-fcfc2a.swc,interneuron,1.0,no,0,
neuromorpho__mPFC_w1_L3_05.swc,pyramidal,1.0,no,1,APICAL_INVERTED
neuromorpho__PDE1c_vGluT2-KO_IN42.swc,interneuron,1.0,no,0,
neuromorpho__PRLKO_10.swc,pyramidal,1.0,no,0,
neuromorpho__242-2-14VN.swc,pyramidal,1.0,no,0,
neuromorpho__Anstoetz_SLM_IN6.swc,interneuron,1.0,no,0,
neuromorpho__PDE1c_vGluT2-ctrl_IN02.swc,interneuron,1.0,no,0,
neuromorpho__PRL_16.swc,pyramidal,1.0,no,0,
neuromorpho__crop0_2_seg_split_13_1-4.swc,pyramidal,1.0,no,0,
neuromorpho__6N1-5072019_TileScan-3_Merged_fcfc5a.swc,interneuron,1.0,no,0,
neuromorpho__n260.swc,interneuron,1.0,no,0,
neuromorpho__V1KO_2.swc,pyramidal,1.0,no,0,
neuromorpho__31_10.swc,pyramidal,1.0,no,0,
neuromorpho__Layer-6-Sucrose-3.swc,pyramidal,1.0,no,1,APICAL_INVERTED
neuromorpho__101A_2_r_Ngr2KO_2.swc,pyramidal,1.0,no,1,APICAL_INVERTED
neuromorpho__p73_vGluT2-ctrl_IN15.swc,interneuron,1.0,no,0,
neuromorpho__NAS8.swc,interneuron,1.0,no,0,
neuromorpho__C10-25.swc,pyramidal,1.0,no,0,
neuromorpho__236-3-15LS.swc,pyramidal,1.0,no,0,
neuromorpho__M2_24.swc,pyramidal,1.0,no,0,
neuromorpho__102B_1_l_Ngr2KO_4.swc,pyramidal,1.0,no,1,APICAL_INVERTED
neuromorpho__X043_S5_Z2_C01_20x.swc,pyramidal,1.0,no,2,APICAL_INVERTED|TRUNCATED_APICAL
neuromorpho__crop0_1_seg_split_2_1-55.swc,pyramidal,1.0,no,0,
neuromorpho__X043_S4_Z5_C01.swc,pyramidal,1.0,no,2,APICAL_INVERTED|TRUNCATED_APICAL
neuromorpho__PRL_29.swc,pyramidal,1.0,no,0,
neuromorpho__241-2-22VN.swc,pyramidal,1.0,no,0,
neuromorpho__Mouse-CA2-B-Pyramidal-Cell.swc,pyramidal,1.0,no,0,
neuromorpho__V2_31.swc,pyramidal,1.0,no,0,
neuromorpho__STRESS-5-N5.swc,interneuron,1.0,no,0,
neuromorpho__AA0463.swc,pyramidal,1.0,no,0,
neuromorpho__M2_40.swc,pyramidal,1.0,no,0,
neuromorpho__V2_44.swc,pyramidal,1.0,no,0,
neuromorpho__PDE1c_vGluT2-KO_IN07.swc,interneuron,1.0,no,0,
neuromorpho__WT2-N5-1_final.swc,pyramidal,1.0,no,0,
neuromorpho__WT2-N4-1_final.swc,pyramidal,1.0,no,0,
neuromorpho__STRESS-4-N1.swc,interneuron,1.0,no,0,
neuromorpho__111C_2_r_Ngr2KO.swc,pyramidal,1.0,no,1,APICAL_INVERTED
neuromorpho__Saline03_Neuron1_CA1_PN_F_Slide3_R2_C4.swc,pyramidal,1.0,no,1,APICAL_INVERTED
neuromorpho__A2_slide2_neuron4.swc,pyramidal,1.0,no,1,APICAL_INVERTED
neuromorpho__B_RFP_0012_final.swc,pyramidal,1.0,no,0,
neuromorpho__S1KO_44.swc,pyramidal,1.0,no,0,
neuromorpho__23_14.swc,pyramidal,1.0,no,1,TRUNCATED_APICAL
neuromorpho__72715-V1-3Slice9Cell1.swc,pyramidal,1.0,no,1,TRUNCATED_APICAL
neuromorpho__100-Neurone-2.swc,pyramidal,1.0,no,2,APICAL_INVERTED|TRUNCATED_APICAL
neuromorpho__7month-wt-16_2.swc,pyramidal,1.0,no,1,TRUNCATED_APICAL
neuromorpho__A2_slide1_neuron2.swc,pyramidal,1.0,no,1,APICAL_INVERTED
neuromorpho__B1_slide4_4.swc,pyramidal,1.0,no,0,
neuromorpho__B3_slide1_2.swc,pyramidal,1.0,no,1,APICAL_INVERTED
neuromorpho__S1KO_14.swc,pyramidal,1.0,no,0,
neuromorpho__S1KO_4.swc,pyramidal,1.0,no,0,
neuromorpho__V2KO_33.swc,pyramidal,1.0,no,0,
neuromorpho__10month-Arctic-C5aR1-KO-52280-R_3.swc,pyramidal,1.0,no,2,APICAL_INVERTED|TRUNCATED_APICAL
neuromorpho__241-2-58LU.swc,pyramidal,1.0,no,1,APICAL_INVERTED
neuromorpho__PRL_6.swc,pyramidal,1.0,no,0,
neuromorpho__236-3-4LS.swc,pyramidal,1.0,no,1,APICAL_INVERTED
neuromorpho__CONTROL-3-N1_1.swc,interneuron,1.0,no,0,
neuromorpho__B_RFP_0006_final.swc,pyramidal,1.0,no,0,
neuromorpho__X046_S4_Z1_C01_20X.swc,pyramidal,1.0,no,2,APICAL_INVERTED|TRUNCATED_APICAL
neuromorpho__V1KO_10.swc,pyramidal,1.0,no,0,
neuromorpho__A2_slide2_17.swc,pyramidal,1.0,no,1,APICAL_INVERTED
neuromorpho__A1_slide3_neuron1.swc,pyramidal,1.0,no,1,APICAL_INVERTED
neuromorpho__S1KO_15.swc,pyramidal,1.0,no,0,
neuromorpho__M2_38.swc,pyramidal,1.0,no,0,
neuromorpho__control-4-N5_1.swc,interneuron,1.0,no,0,
neuromorpho__B_GFP_0007_final.swc,pyramidal,1.0,no,0,
neuromorpho__242-3-4-AW.swc,pyramidal,1.0,no,0,
neuromorpho__STRESS-1-N4_1.swc,interneuron,1.0,no,0,
neuromorpho__I5-4.swc,pyramidal,1.0,no,0,
neuromorpho__A4_slide3_20.swc,pyramidal,1.0,no,0,
neuromorpho__PRLKO_35.swc,pyramidal,1.0,no,0,
neuromorpho__B3_slide2_10.swc,pyramidal,1.0,no,0,
neuromorpho__108A_1_r_WT_2.swc,pyramidal,1.0,no,1,APICAL_INVERTED
neuromorpho__het-7.swc,interneuron,1.0,no,0,
neuromorpho__B594_NeuronB_40x_Tile_Trace_MK.swc,pyramidal,1.0,no,0,
neuromorpho__Saline03_Neuron3_CA1_PN_F_Slide4_R2_C1_40x.swc,pyramidal,1.0,no,1,APICAL_INVERTED
neuromorpho__PRLKO_12.swc,pyramidal,1.0,no,0,
neuromorpho__241-3-60-AW.swc,pyramidal,1.0,no,0,
neuromorpho__20180607-L1R2-3-1-276-15-298-35-46.swc,interneuron,1.0,no,0,
neuromorpho__236-3-6LS.swc,pyramidal,1.0,no,0,
neuromorpho__ctrl_bV1_1.swc,pyramidal,1.0,no,0,
neuromorpho__V1_41.swc,pyramidal,1.0,no,0,
neuromorpho__B_GFP_0003_final.swc,pyramidal,1.0,no,0,
neuromorpho__EDF3_D4-Fresh-Hippo-3-EDF_crop-8.swc,pyramidal,1.0,no,0,
neuromorpho__Fresh-D4-Phall-Tau-Map2001-9.swc,pyramidal,1.0,no,0,
neuromorpho__PRLKO_28.swc,pyramidal,1.0,no,0,
neuromorpho__241-3-15LU.swc,pyramidal,1.0,no,1,APICAL_INVERTED
neuromorpho__M1KO_41.swc,pyramidal,1.0,no,0,
neuromorpho__236-3-65LS.swc,pyramidal,1.0,no,0,
neuromorpho__V1KO_6.swc,pyramidal,1.0,no,0,
neuromorpho__236-2-16LS.swc,pyramidal,1.0,no,0,
neuromorpho__C_GFP_0014_final.swc,pyramidal,1.0,no,0,
neuromorpho__n2fts.swc,pyramidal,1.0,no,0,
neuromorpho__241-3-41LU.swc,pyramidal,1.0,no,0,
neuromorpho__243-3-49VN.swc,pyramidal,1.0,no,1,APICAL_INVERTED
neuromorpho__20190327_sample_7.swc,interneuron,1.0,no,0,
neuromorpho__PSD29-F1-S1.swc,interneuron,1.0,no,0,
neuromorpho__A952_NeuronA_40X_Tile_Trace_RK.swc,pyramidal,1.0,no,0,
neuromorpho__Layer-5-Ethanol-17.swc,pyramidal,1.0,no,1,APICAL_INVERTED
neuromorpho__het_5-2_9.swc,pyramidal,1.0,no,0,
neuromorpho__crop0_4_seg_split_1_0-95.swc,pyramidal,1.0,no,0,
neuromorpho__A3_slide3_neuron6.swc,pyramidal,1.0,no,0,
neuromorpho__A4_slide2_3.swc,pyramidal,1.0,no,0,
neuromorpho__B_GFP_0017_final.swc,pyramidal,1.0,no,0,
neuromorpho__241-2-64LU.swc,pyramidal,1.0,no,1,APICAL_INVERTED
neuromorpho__A1_slide3_neuron5.swc,pyramidal,1.0,no,0,
neuromorpho__A_RFP_0007_final2.swc,pyramidal,1.0,no,0,
neuromorpho__Saline02_Neuron1_CA1_PN_C_Slide3_R2_C4.swc,pyramidal,1.0,no,0,
neuromorpho__A1_slide2_neuron4.swc,pyramidal,1.0,no,1,APICAL_INVERTED
neuromorpho__PDE1c_vGluT2-ctrl_IN18.swc,interneuron,1.0,no,0,
neuromorpho__S1KO_41.swc,pyramidal,1.0,no,0,
neuromorpho__M2_46.swc,pyramidal,1.0,no,0,
neuromorpho__240914RF1_3m.swc,interneuron,1.0,no,0,
neuromorpho__A4_slide3_21.swc,pyramidal,1.0,no,0,
neuromorpho__180608_morpho4_d4_hippo_D4-Hippo-Fresh-4_crop.swc,pyramidal,1.0,no,0,
neuromorpho__V2_14.swc,pyramidal,1.0,no,0,
neuromorpho__A4-n7-1_final.swc,pyramidal,1.0,no,0,
neuromorpho__14-1-15-A-B1.swc,interneuron,1.0,no,0,
neuromorpho__S2KO_17.swc,pyramidal,1.0,no,0,
neuromorpho__A2_slide3_neuron5_II_III.swc,pyramidal,1.0,no,0,
neuromorpho__EDF1_D4-Fresh-Hippo-1-EDF_crop-1.swc,pyramidal,1.0,no,0,
neuromorpho__139-06-cell-1-analysis.swc,interneuron,1.0,no,0,
neuromorpho__B4_slide1_neuron1.swc,pyramidal,1.0,no,1,APICAL_INVERTED
neuromorpho__PDE1c_vGluT2-KO_IN34.swc,interneuron,1.0,no,0,
neuromorpho__V2KO_31.swc,pyramidal,1.0,no,0,
neuromorpho__PDE1c_vGluT2-KO_IN06.swc,interneuron,1.0,no,0,
neuromorpho__241-3-53VN.swc,pyramidal,1.0,no,0,
neuromorpho__S1_42.swc,pyramidal,1.0,no,0,
neuromorpho__389-01-02.swc,pyramidal,1.0,no,0,
neuromorpho__V2_21.swc,pyramidal,1.0,no,0,
neuromorpho__236-2-22LS.swc,pyramidal,1.0,no,0,
neuromorpho__180702_morpho-6_hippo_tau488_trfp_map2648_Hippo-3-6_crop-5.swc,pyramidal,1.0,no,0,
neuromorpho__M2KO_27.swc,pyramidal,1.0,no,0,
neuromorpho__236-2a-5-AW.swc,pyramidal,1.0,no,1,APICAL_INVERTED
neuromorpho__Layer-6-Sucrose-9.swc,pyramidal,1.0,no,1,APICAL_INVERTED
neuromorpho__S1_46.swc,pyramidal,1.0,no,0,
neuromorpho__A4_slide2_neuron4.swc,pyramidal,1.0,no,0,
neuromorpho__241-3-32LU.swc,pyramidal,1.0,no,1,APICAL_INVERTED
neuromorpho__Saline03_Neuron2_CA1_PN_F_Slide3_R1_C4.swc,pyramidal,1.0,no,0,
neuromorpho__PRLKO_2.swc,pyramidal,1.0,no,0,
neuromorpho__243-3-17VN.swc,pyramidal,1.0,no,1,APICAL_INVERTED
neuromorpho__S2KO_19.swc,pyramidal,1.0,no,0,
neuromorpho__PRLKO_27.swc,pyramidal,1.0,no,0,
neuromorpho__M67_F1a.swc,interneuron,1.0,no,0,
neuromorpho__180702_morpho-6_hippo_tau488_trfp_map2648_Hippo-3-8_crop-1.swc,pyramidal,1.0,no,0,
neuromorpho__A1_slide2_neuron2.swc,pyramidal,1.0,no,1,APICAL_INVERTED
neuromorpho__X046_S4_Z5_C01.swc,pyramidal,1.0,no,2,APICAL_INVERTED|TRUNCATED_APICAL
neuromorpho__236-2-61LS.swc,pyramidal,1.0,no,0,
neuromorpho__STRESS-1-N5_1.swc,interneuron,1.0,no,0,
neuromorpho__S1_6.swc,pyramidal,1.0,no,0,
neuromorpho__X046_S5_Z6_C02.swc,pyramidal,1.0,no,2,APICAL_INVERTED|TRUNCATED_APICAL
neuromorpho__A_RFP_0004_final.swc,pyramidal,1.0,no,0,
neuromorpho__241-2-65LU.swc,pyramidal,1.0,no,0,
neuromorpho__180702_morpho-6_hippo_tau488_trfp_map2648_Hippo-4-3_crop-2.swc,pyramidal,1.0,no,0,
neuromorpho__AA0478.swc,pyramidal,1.0,no,0,
neuromorpho__M2_69.swc,pyramidal,1.0,no,0,
neuromorpho__p73_vGluT2-ctrl_IN04.swc,interneuron,1.0,no,0,
neuromorpho__S2KO_2.swc,pyramidal,1.0,no,0,
neuromorpho__AA0500.swc,pyramidal,1.0,no,0,
neuromorpho__A1_slide3_neuron2.swc,pyramidal,1.0,no,1,APICAL_INVERTED
neuromorpho__10month-wt-H364-2-2_1.swc,pyramidal,1.0,no,1,TRUNCATED_APICAL
neuromorpho__A_RFP_0008_final2.swc,pyramidal,1.0,no,0,
neuromorpho__B4_slide3_neuron2_II_III.swc,pyramidal,1.0,no,1,APICAL_INVERTED
neuromorpho__A4_slide2_24.swc,pyramidal,1.0,no,1,TRUNCATED_APICAL
neuromorpho__3-wild-type-veichle-neuron2.swc,pyramidal,1.0,no,0,
neuromorpho__PRL_23.swc,pyramidal,1.0,no,0,
neuromorpho__236-2-21LS.swc,pyramidal,1.0,no,0,
neuromorpho__241-1-10VN.swc,pyramidal,1.0,no,1,APICAL_INVERTED
neuromorpho__PDE1c_vGluT2-ctrl_IN01.swc,interneuron,1.0,no,0,
neuromorpho__A4_slide2_neuron5.swc,pyramidal,1.0,no,0,
neuromorpho__M82_S3.swc,interneuron,1.0,no,0,
neuromorpho__V1KO_3.swc,pyramidal,1.0,no,0,
neuromorpho__crop0_2_seg_split_6_1-35.swc,pyramidal,1.0,no,0,
neuromorpho__A3-n11-2_final.swc,pyramidal,1.0,no,0,
neuromorpho__S2KO_18.swc,pyramidal,1.0,no,0,
neuromorpho__236-2-68LS.swc,pyramidal,1.0,no,1,APICAL_INVERTED
neuromorpho__PDE1c_vGluT2-KO_IN35.swc,interneuron,1.0,no,0,
neuromorpho__PRL_34.swc,pyramidal,1.0,no,0,
neuromorpho__236-3-58LS.swc,pyramidal,1.0,no,1,APICAL_INVERTED
neuromorpho__STRESS-3-N3.swc,interneuron,1.0,no,0,
neuromorpho__100A_3_r_Ngr2KO_2.swc,pyramidal,1.0,no,1,APICAL_INVERTED
neuromorpho__180803_s1c1_Lstellate.swc,interneuron,1.0,no,0,
neuromorpho__STRESS-5-N4.swc,interneuron,1.0,no,0,
neuromorpho__243-3-8VN.swc,pyramidal,1.0,no,0,
neuromorpho__APPKO-set3-003.swc,pyramidal,1.0,no,0,
neuromorpho__20191114_sample_4.swc,interneuron,1.0,no,0,
neuromorpho__Fresh-D4-Phall-Tau-Map2002-5.swc,pyramidal,1.0,no,0,
neuromorpho__B1_slide3_neuron2.swc,pyramidal,1.0,no,0,
neuromorpho__236-2-95LS.swc,pyramidal,1.0,no,0,
neuromorpho__7month-Arctic-C5aR1-KO-24_5.swc,pyramidal,1.0,no,1,APICAL_INVERTED
neuromorpho__242-1-5VN.swc,pyramidal,1.0,no,1,APICAL_INVERTED
neuromorpho__10month-C5aR1-KO-52280-N_3.swc,pyramidal,1.0,no,1,TRUNCATED_APICAL
neuromorpho__112A_1_R_WT.swc,pyramidal,1.0,no,1,APICAL_INVERTED
neuromorpho__M67_F2_a.swc,interneuron,1.0,no,0,
neuromorpho__WT4-n9-4_final.swc,pyramidal,1.0,no,0,
neuromorpho__RG2-F9-cell1.swc,interneuron,1.0,no,0,
neuromorpho__A1_slide2_neuron3.swc,pyramidal,1.0,no,0,
neuromorpho__C_RFP_0004_final.swc,pyramidal,1.0,no,0,
neuromorpho__STRESS-2-N7_1.swc,interneuron,1.0,no,0,
neuromorpho__121012V1-3Slice6Cell6.swc,pyramidal,1.0,no,1,APICAL_INVERTED
neuromorpho__121012V1-2Slice2Cell1.swc,pyramidal,1.0,no,0,
neuromorpho__B_RFP_0019_final.swc,pyramidal,1.0,no,0,
neuromorpho__242-2-38LU.swc,pyramidal,1.0,no,1,APICAL_INVERTED
neuromorpho__236-3-42LS.swc,pyramidal,1.0,no,0,
neuromorpho__M1_47.swc,pyramidal,1.0,no,0,
neuromorpho__control-5-N5_1.swc,interneuron,1.0,no,0,
neuromorpho__M2_36.swc,pyramidal,1.0,no,0,
neuromorpho__PRL_54.swc,pyramidal,1.0,no,0,
neuromorpho__V2_6.swc,pyramidal,1.0,no,0,
neuromorpho__B2_slide3_12.swc,pyramidal,1.0,no,1,APICAL_INVERTED
neuromorpho__S1_30.swc,pyramidal,1.0,no,0,
neuromorpho__EDF1_D4-Fresh-Hippo-1-EDF_crop.swc,pyramidal,1.0,no,0,
neuromorpho__A1_slide3_neuron4.swc,pyramidal,1.0,no,0,
neuromorpho__236-2a-6-AW.swc,pyramidal,1.0,no,1,APICAL_INVERTED
neuromorpho__PRL_2.swc,pyramidal,1.0,no,0,
neuromorpho__236-2-45LS.swc,pyramidal,1.0,no,1,APICAL_INVERTED
neuromorpho__a151123-1_VIP_IN_only_dendrite.swc,interneuron,1.0,no,0,
neuromorpho__X046_S5_Z1_C04_20x.swc,pyramidal,1.0,no,2,APICAL_INVERTED|TRUNCATED_APICAL
neuromorpho__243-3-48VN.swc,pyramidal,1.0,no,0,
neuromorpho__PDE1c_vGluT2-ctrl_IN03.swc,interneuron,1.0,no,0,
neuromorpho__S2KO_15.swc,pyramidal,1.0,no,0,
neuromorpho__NAS17.swc,interneuron,1.0,no,0,
neuromorpho__I5-1.swc,pyramidal,1.0,no,1,APICAL_INVERTED
neuromorpho__p73_vGluT2-KO_IN05.swc,interneuron,1.0,no,0,
neuromorpho__p73_vGluT2-ctrl_IN18.swc,interneuron,1.0,no,0,
neuromorpho__139-05-cell-1-analysis.swc,interneuron,1.0,no,0,
neuromorpho__10month-Arctic-C5aR1-KO-52280-R_2.swc,pyramidal,1.0,no,2,APICAL_INVERTED|TRUNCATED_APICAL
neuromorpho__M1KO_19.swc,pyramidal,1.0,no,0,
neuromorpho__7month-Arctic-9_3.swc,pyramidal,1.0,no,1,TRUNCATED_APICAL
neuromorpho__B_RFP_0012_2final.swc,pyramidal,1.0,no,0,
neuromorpho__236-2-18LS.swc,pyramidal,1.0,no,0,
neuromorpho__6N1-5072019_TileScan-3_Merged_wt5a.swc,interneuron,1.0,no,0,
neuromorpho__PDE1c_vGluT2-ctrl_IN22.swc,interneuron,1.0,no,0,
neuromorpho__241-3-70VN.swc,pyramidal,1.0,no,1,APICAL_INVERTED
neuromorpho__7month-C5aR1-KO-18-4.swc,pyramidal,1.0,no,1,TRUNCATED_APICAL
neuromorpho__c30.swc,interneuron,1.0,no,0,
neuromorpho__V2_2.swc,pyramidal,1.0,no,0,
neuromorpho__A3_slide2_15.swc,pyramidal,1.0,no,0,
neuromorpho__A3_slide2_18.swc,pyramidal,1.0,no,0,
neuromorpho__PRL_8.swc,pyramidal,1.0,no,0,
neuromorpho__243-3-9VN.swc,pyramidal,1.0,no,0,
neuromorpho__p73_vGluT2-ctrl_IN05.swc,interneuron,1.0,no,0,
neuromorpho__20180607-L1R2-7-4-282-91-308-73-39.swc,interneuron,1.0,no,0,
neuromorpho__V2KO_38.swc,pyramidal,1.0,no,0,
neuromorpho__A3_slide2_neuron2.swc,pyramidal,1.0,no,1,TRUNCATED_APICAL
neuromorpho__S1KO_24.swc,pyramidal,1.0,no,0,
neuromorpho__B2_slide2_neuron2.swc,pyramidal,1.0,no,0,
neuromorpho__242-2-37LU.swc,pyramidal,1.0,no,0,
neuromorpho__het_4-6.swc,pyramidal,1.0,no,0,
neuromorpho__M1KO_18.swc,pyramidal,1.0,no,0,
neuromorpho__A3_slide3_20.swc,pyramidal,1.0,no,0,
neuromorpho__1857-10-cell-1-analysis.swc,interneuron,1.0,no,0,
neuromorpho__B2_slide2_neuron3.swc,pyramidal,1.0,no,1,APICAL_INVERTED
neuromorpho__A4_slide2_9.swc,pyramidal,1.0,no,1,TRUNCATED_APICAL
neuromorpho__PDE1c_vGluT2-ctrl_IN33.swc,interneuron,1.0,no,0,
neuromorpho__A4_slide3_neuron5.swc,pyramidal,1.0,no,0,
neuromorpho__A4_slide2_17.swc,pyramidal,1.0,no,1,APICAL_INVERTED
neuromorpho__Fresh-D4-Phall-Tau-Map2003-9.swc,pyramidal,1.0,no,0,
neuromorpho__X046_S6_Z6_C01.swc,pyramidal,1.0,no,2,APICAL_INVERTED|TRUNCATED_APICAL
neuromorpho__112D_2_L_WT.swc,pyramidal,1.0,no,0,
neuromorpho__CONTROL-3-N3.swc,interneuron,1.0,no,0,
neuromorpho__PRL_21.swc,pyramidal,1.0,no,0,
neuromorpho__236-2-51LS.swc,pyramidal,1.0,no,1,APICAL_INVERTED
neuromorpho__S2KO_20.swc,pyramidal,1.0,no,0,
neuromorpho__A3_slide2_neuron3.swc,pyramidal,1.0,no,1,APICAL_INVERTED
neuromorpho__236-3-10LS.swc,pyramidal,1.0,no,1,APICAL_INVERTED
neuromorpho__A4_slide2_2.swc,pyramidal,1.0,no,1,APICAL_INVERTED
neuromorpho__PRL_22.swc,pyramidal,1.0,no,0,
neuromorpho__241-3-29LU.swc,pyramidal,1.0,no,0,
neuromorpho__243-3-32VN.swc,pyramidal,1.0,no,1,APICAL_INVERTED
neuromorpho__391-01.swc,pyramidal,1.0,no,1,APICAL_INVERTED
neuromorpho__Cell8_Subiculum_singlecell.swc,interneuron,1.0,no,0,
neuromorpho__Layer-2-3-Ethanol-25.swc,pyramidal,1.0,no,1,TRUNCATED_APICAL
neuromorpho__WT4-n13-2_final.swc,pyramidal,1.0,no,0,
neuromorpho__243-3-13VN.swc,pyramidal,1.0,no,0,
neuromorpho__236-2a-57-AW.swc,pyramidal,1.0,no,0,
neuromorpho__RG2-F8-cell1.swc,interneuron,1.0,no,0,
neuromorpho__I5-8.swc,pyramidal,1.0,no,0,
neuromorpho__B2_slide1_neuron1_II_III.swc,pyramidal,1.0,no,1,APICAL_INVERTED
neuromorpho__10month-Arctic-C5aR1-KO-5_1.swc,pyramidal,1.0,no,1,TRUNCATED_APICAL
neuromorpho__B2_slide1_neuron3_II_III.swc,pyramidal,1.0,no,0,
neuromorpho__n7fts.swc,pyramidal,1.0,no,0,
neuromorpho__B3_slide2_neuron1.swc,pyramidal,1.0,no,0,
neuromorpho__B4_slide3_13.swc,pyramidal,1.0,no,0,
neuromorpho__10month-Arctic-44-LR_3.swc,pyramidal,1.0,no,2,APICAL_INVERTED|TRUNCATED_APICAL
neuromorpho__PDE1c_vGluT2-ctrl_IN34.swc,interneuron,1.0,no,0,
neuromorpho__7month-Arctic-C5aR1-KO-24_3.swc,pyramidal,1.0,no,1,TRUNCATED_APICAL
neuromorpho__242-2-10VN.swc,pyramidal,1.0,no,1,APICAL_INVERTED
neuromorpho__243-3-10VN.swc,pyramidal,1.0,no,1,APICAL_INVERTED
neuromorpho__A1_slide2_19.swc,pyramidal,1.0,no,0,
neuromorpho__S1_14.swc,pyramidal,1.0,no,0,
neuromorpho__10month-wt-8_2.swc,pyramidal,1.0,no,1,TRUNCATED_APICAL
neuromorpho__Fresh-D4-Sholl-Exp-3007-2.swc,pyramidal,1.0,no,0,
neuromorpho__PRL_39.swc,pyramidal,1.0,no,0,
neuromorpho__7month-Arctic-13_2.swc,pyramidal,1.0,no,1,TRUNCATED_APICAL
neuromorpho__8N22DAT8-50717GFPwta-wt6a.swc,interneuron,1.0,no,0,
neuromorpho__B616_NeuronA_40x_Tile_Trace_RK.swc,pyramidal,1.0,no,0,
neuromorpho__A1_slide2_2.swc,pyramidal,1.0,no,1,APICAL_INVERTED
neuromorpho__X046_S4_Z4_C01_20X.swc,pyramidal,1.0,no,2,APICAL_INVERTED|TRUNCATED_APICAL
neuromorpho__PRLKO_19.swc,pyramidal,1.0,no,0,
neuromorpho__121012V1-2Slice2Cell2.swc,pyramidal,1.0,no,2,APICAL_INVERTED|TRUNCATED_APICAL
neuromorpho__10month-wt-8_4.swc,pyramidal,1.0,no,1,TRUNCATED_APICAL
neuromorpho__I5-27.swc,pyramidal,1.0,no,1,APICAL_INVERTED
neuromorpho__60R5_01_-480.swc,interneuron,1.0,no,0,
neuromorpho__B3_slide3_neuron1.swc,pyramidal,1.0,no,0,
neuromorpho__241-2-41VN.swc,pyramidal,1.0,no,1,APICAL_INVERTED
neuromorpho__Cell-10-4_1.swc,pyramidal,1.0,no,0,
neuromorpho__N030.swc,pyramidal,1.0,no,1,APICAL_INVERTED
neuromorpho__236-3-69LS.swc,pyramidal,1.0,no,0,
neuromorpho__236-1a-8-AW.swc,pyramidal,1.0,no,1,APICAL_INVERTED
neuromorpho__A_RFP_0006_2final.swc,pyramidal,1.0,no,0,
neuromorpho__7month-Arctic-C5aR1-KO-11_2.swc,pyramidal,1.0,no,0,
neuromorpho__B4_slide4_neuron3.swc,pyramidal,1.0,no,1,APICAL_INVERTED
neuromorpho__A3_slide3_4.swc,pyramidal,1.0,no,0,
neuromorpho__A1_slide2_4.swc,pyramidal,1.0,no,1,APICAL_INVERTED
neuromorpho__Fresh-D4-Phall-Tau-Map2002-15.swc,pyramidal,1.0,no,0,
neuromorpho__Anstoetz_Toolbox-IN9.swc,interneuron,1.0,no,0,
neuromorpho__STRESS-4-N3.swc,interneuron,1.0,no,0,
neuromorpho__241-2-96LU.swc,pyramidal,1.0,no,1,APICAL_INVERTED
neuromorpho__5515-12-cell-2-analysis.swc,interneuron,1.0,no,0,
neuromorpho__B1_slide3_neuron1.swc,pyramidal,1.0,no,0,
neuromorpho__Layer-6-Sucrose-8.swc,pyramidal,1.0,no,2,APICAL_INVERTED|TRUNCATED_APICAL
neuromorpho__S2KO_11.swc,pyramidal,1.0,no,0,
neuromorpho__B3_slide2_neuron2.swc,pyramidal,1.0,no,0,
neuromorpho__Cell-6-3_5.swc,pyramidal,1.0,no,0,
neuromorpho__A4_slide3_17.swc,pyramidal,1.0,no,1,APICAL_INVERTED
neuromorpho__241-1-20-AW.swc,pyramidal,1.0,no,1,APICAL_INVERTED
neuromorpho__V2_54.swc,pyramidal,1.0,no,0,
neuromorpho__S1KO_3.swc,pyramidal,1.0,no,0,
neuromorpho__10month-Arctic-C5aR1-KO-52280-R_5.swc,pyramidal,1.0,no,1,TRUNCATED_APICAL
neuromorpho__Layer-6-Sucrose-11.swc,pyramidal,1.0,no,2,APICAL_INVERTED|TRUNCATED_APICAL
neuromorpho__Saline02_Neuron2_CA1_PN_C_Slide3_R2_C1.swc,pyramidal,1.0,no,1,APICAL_INVERTED
neuromorpho__PRL_46.swc,pyramidal,1.0,no,0,
neuromorpho__243-2-20VN.swc,pyramidal,1.0,no,0,
neuromorpho__10month-wt-H364-2-4_1.swc,pyramidal,1.0,no,2,APICAL_INVERTED|TRUNCATED_APICAL
neuromorpho__Anstoetz_SLM_IN4.swc,interneuron,1.0,no,0,
neuromorpho__B2_slide3_13.swc,pyramidal,1.0,no,0,
neuromorpho__10month-C5aR1-KO-52280-N_4.swc,pyramidal,1.0,no,1,TRUNCATED_APICAL
neuromorpho__236-2-96LS.swc,pyramidal,1.0,no,0,
neuromorpho__Layer-2-3-Ethanol-22.swc,pyramidal,1.0,no,1,APICAL_INVERTED
neuromorpho__B1_Slide3_1.swc,pyramidal,1.0,no,1,APICAL_INVERTED
neuromorpho__B3_slide3_neuron4.swc,pyramidal,1.0,no,0,
neuromorpho__V2_18.swc,pyramidal,1.0,no,0,
neuromorpho__C10-31.swc,pyramidal,1.0,no,1,APICAL_INVERTED
neuromorpho__Cell5_Hippocampus_singlecell.swc,interneuron,1.0,no,0,
neuromorpho__PDE1c_vGluT2-ctrl_IN20.swc,interneuron,1.0,no,0,
neuromorpho__236-2-58LS.swc,pyramidal,1.0,no,0,
neuromorpho__72513V13Slice7Cell1.swc,pyramidal,1.0,no,0,
neuromorpho__243-3-4VN.swc,pyramidal,1.0,no,0,
neuromorpho__S1_36.swc,pyramidal,1.0,no,0,
neuromorpho__10month-Arctic-44-LR_2.swc,pyramidal,1.0,no,2,APICAL_INVERTED|TRUNCATED_APICAL
neuromorpho__243-2-18VN.swc,pyramidal,1.0,no,1,APICAL_INVERTED
neuromorpho__PDE1c_vGluT2-KO_IN23.swc,interneuron,1.0,no,0,
neuromorpho__PDE1c_vGluT2-ctrl_IN26.swc,interneuron,1.0,no,0,
neuromorpho__A4_slide2_13.swc,pyramidal,1.0,no,0,
neuromorpho__B3_slide2_neuron4.swc,pyramidal,1.0,no,0,
neuromorpho__A3_slide3_neuron1.swc,pyramidal,1.0,no,0,
neuromorpho__60L4_07_-180-right.swc,interneuron,1.0,no,0,
neuromorpho__236-3-52LS.swc,pyramidal,1.0,no,1,APICAL_INVERTED
neuromorpho__AAS17.swc,interneuron,1.0,no,0,
neuromorpho__A4_slide2_8.swc,pyramidal,1.0,no,1,TRUNCATED_APICAL
neuromorpho__S1_19.swc,pyramidal,1.0,no,0,
neuromorpho__HIP_CA1_WT_1.swc,pyramidal,1.0,no,0,
neuromorpho__B3_slide2_neuron4_.swc,pyramidal,1.0,no,0,
neuromorpho__6N1-5072019_TileScan-3_Merged_fcfc2a.swc,interneuron,1.0,no,0,
neuromorpho__PDE1c_vGluT2-ctrl_IN32.swc,interneuron,1.0,no,0,
neuromorpho__60R5_06_-285.swc,interneuron,1.0,no,0,
neuromorpho__B2_slide1_2.swc,pyramidal,1.0,no,1,APICAL_INVERTED
neuromorpho__Fig4E387co2_NL_50mu.swc,interneuron,1.0,no,0,
neuromorpho__PRLKO_34.swc,pyramidal,1.0,no,0,
neuromorpho__Fresh-D4-Phall-Tau-Map2001-6.swc,pyramidal,1.0,no,0,
neuromorpho__M1KO_45.swc,pyramidal,1.0,no,0,
neuromorpho__B4_slide3_12.swc,pyramidal,1.0,no,1,APICAL_INVERTED
neuromorpho__CONTROL-6-N2_1.swc,interneuron,1.0,no,0,
neuromorpho__242-1-10VN.swc,pyramidal,1.0,no,1,APICAL_INVERTED
neuromorpho__103D_2_r_WT_1.swc,pyramidal,1.0,no,1,APICAL_INVERTED
neuromorpho__PSD24-F2b-S1.swc,interneuron,1.0,no,0,
neuromorpho__PDE1c_vGluT2-KO_IN26.swc,interneuron,1.0,no,0,
neuromorpho__108A_2_l_WT_5.swc,pyramidal,1.0,no,0,
neuromorpho__236-2a-41-AW.swc,pyramidal,1.0,no,1,APICAL_INVERTED
neuromorpho__B1_slide3_neuron3.swc,pyramidal,1.0,no,1,APICAL_INVERTED
neuromorpho__236-2-42LS.swc,pyramidal,1.0,no,0,
neuromorpho__M1KO_46.swc,pyramidal,1.0,no,0,
neuromorpho__A3_slide2_neuron4.swc,pyramidal,1.0,no,1,APICAL_INVERTED
neuromorpho__NeuronFig1C_Parketal_NatComm2019.swc,pyramidal,1.0,no,1,APICAL_INVERTED
neuromorpho__241-3-39LU.swc,pyramidal,1.0,no,1,APICAL_INVERTED
neuromorpho__6N5DAT6-50717GFPwtb_013-GFPwt6a.swc,interneuron,1.0,no,0,
neuromorpho__20180607-60L5-2-1-428-03-249-80-46.swc,interneuron,1.0,no,0,
neuromorpho__241-3-20LU.swc,pyramidal,1.0,no,1,APICAL_INVERTED
neuromorpho__MAM03_Neuron1_CA1_PN_E_LH_Slide1_R1_C1_40x.swc,pyramidal,1.0,no,1,APICAL_INVERTED
neuromorpho__L3R4_06_-195.swc,interneuron,1.0,no,0,
neuromorpho__B_RFP_0018_final.swc,pyramidal,1.0,no,0,
neuromorpho__PDE1c_vGluT2-ctrl_IN17.swc,interneuron,1.0,no,0,
neuromorpho__X043_S2_Z4_C01_20x.swc,pyramidal,1.0,no,2,APICAL_INVERTED|TRUNCATED_APICAL
neuromorpho__B1_slide4_neuron3.swc,pyramidal,1.0,no,0,
neuromorpho__B4_Slide2_12.swc,pyramidal,1.0,no,1,APICAL_INVERTED
neuromorpho__C10-3.swc,pyramidal,1.0,no,1,APICAL_INVERTED
neuromorpho__10month-wt-4_4.swc,pyramidal,1.0,no,1,TRUNCATED_APICAL
neuromorpho__KOA-2-13-5.swc,pyramidal,1.0,no,0,
neuromorpho__10month-wt-45-L-2_2.swc,pyramidal,1.0,no,1,TRUNCATED_APICAL
neuromorpho__S1_32.swc,pyramidal,1.0,no,0,
neuromorpho__Layer-6-Sucrose-2.swc,pyramidal,1.0,no,2,APICAL_INVERTED|TRUNCATED_APICAL
neuromorpho__V1_34.swc,pyramidal,1.0,no,0,
neuromorpho__A1_slide2_22.swc,pyramidal,1.0,no,0,
neuromorpho__A4_slide3_16.swc,pyramidal,1.0,no,1,APICAL_INVERTED
neuromorpho__B1_slide1_2.swc,pyramidal,1.0,no,0,
neuromorpho__236-2-87LS.swc,pyramidal,1.0,no,0,
neuromorpho__het-1.swc,interneuron,1.0,no,0,
neuromorpho__B4_slide3_11.swc,pyramidal,1.0,no,1,APICAL_INVERTED
neuromorpho__236-3-70LS.swc,pyramidal,1.0,no,1,APICAL_INVERTED
neuromorpho__V2_30.swc,pyramidal,1.0,no,0,
neuromorpho__241-1-7VN.swc,pyramidal,1.0,no,0,
neuromorpho__7month-Arctic-17_4.swc,pyramidal,1.0,no,1,TRUNCATED_APICAL
neuromorpho__236-2a-1-AW.swc,pyramidal,1.0,no,1,APICAL_INVERTED
neuromorpho__241-2-51-AW.swc,pyramidal,1.0,no,1,APICAL_INVERTED
neuromorpho__L3R4_06_-225.swc,interneuron,1.0,no,0,
neuromorpho__72715.swc,pyramidal,1.0,no,1,TRUNCATED_APICAL
neuromorpho__Cell-15-2.swc,pyramidal,1.0,no,0,
neuromorpho__Anstoetz_SLM_IN9.swc,interneuron,1.0,no,0,
neuromorpho__V2_24.swc,pyramidal,1.0,no,0,
neuromorpho__102B_1_l_Ngr2KO_2.swc,pyramidal,1.0,no,1,APICAL_INVERTED
neuromorpho__60L4_06_-420.swc,interneuron,1.0,no,0,
neuromorpho__236-2-100LS.swc,pyramidal,1.0,no,0,
neuromorpho__242-1-12VN.swc,pyramidal,1.0,no,0,
neuromorpho__7month-C5aR1-KO-18-3.swc,pyramidal,1.0,no,1,TRUNCATED_APICAL
neuromorpho__B4_slide3_neuron4.swc,pyramidal,1.0,no,0,
neuromorpho__B2_slide2_7.swc,pyramidal,1.0,no,0,
neuromorpho__PRLKO_8.swc,pyramidal,1.0,no,0,
neuromorpho__243-3-2VN.swc,pyramidal,1.0,no,0,
neuromorpho__236-2a-52-AW.swc,pyramidal,1.0,no,0,
neuromorpho__A3_slide3_Neuron4.swc,pyramidal,1.0,no,0,
neuromorpho__V1_14.swc,pyramidal,1.0,no,0,
neuromorpho__10month-Arctic-44-LR_1.swc,pyramidal,1.0,no,2,APICAL_INVERTED|TRUNCATED_APICAL
neuromorpho__M82_F2_S1.swc,interneuron,1.0,no,0,
neuromorpho__7month-C5aR1-KO-10_4.swc,pyramidal,1.0,no,1,TRUNCATED_APICAL
neuromorpho__243-3-1VN.swc,pyramidal,1.0,no,0,
neuromorpho__AA0507.swc,pyramidal,1.0,no,0,
neuromorpho__B4_slide3_2.swc,pyramidal,1.0,no,0,
neuromorpho__A3_slide3_14.swc,pyramidal,1.0,no,1,APICAL_INVERTED
neuromorpho__B4_slide3_neuron5.swc,pyramidal,1.0,no,0,
neuromorpho__jerry-12.swc,pyramidal,1.0,no,0,
neuromorpho__60R5_01_-525.swc,interneuron,1.0,no,0,
neuromorpho__MAM01_Neuron1_CA1_PN_237481_A_Slide3_R1_C1_40x.swc,pyramidal,1.0,no,0,
neuromorpho__ctrl_bV1_7.swc,pyramidal,1.0,no,1,APICAL_INVERTED
neuromorpho__A1_slide2_14.swc,pyramidal,1.0,no,0,
neuromorpho__Layer-5-Sucrose-11.swc,pyramidal,1.0,no,2,APICAL_INVERTED|TRUNCATED_APICAL
neuromorpho__KO1-4-1-2.swc,pyramidal,1.0,no,0,
neuromorpho__L2R5_01_-585.swc,interneuron,1.0,no,0,
neuromorpho__10month-wt-44-LL_2.swc,pyramidal,1.0,no,2,APICAL_INVERTED|TRUNCATED_APICAL
neuromorpho__236-3-63LS.swc,pyramidal,1.0,no,0,
neuromorpho__p73_vGluT2-ctrl_IN21.swc,interneuron,1.0,no,0,
neuromorpho__60L4_03_-165.swc,interneuron,1.0,no,0,
neuromorpho__10month-C5aR1-KO-52280-N_2.swc,pyramidal,1.0,no,2,APICAL_INVERTED|TRUNCATED_APICAL
neuromorpho__10month-Arctic-C5aR1-KO-52280-LR-2_1.swc,pyramidal,1.0,no,1,TRUNCATED_APICAL
neuromorpho__PRL_4.swc,pyramidal,1.0,no,0,
neuromorpho__8N22DAT8-50717GFPwta-wt15a.swc,interneuron,1.0,no,0,
neuromorpho__B1_slide3_6.swc,pyramidal,1.0,no,0,
neuromorpho__A1_slide2_16.swc,pyramidal,1.0,no,1,APICAL_INVERTED
neuromorpho__236-2a-56-AW.swc,pyramidal,1.0,no,1,APICAL_INVERTED
neuromorpho__236-2a-55-AW.swc,pyramidal,1.0,no,1,APICAL_INVERTED
neuromorpho__B1_slide2_10.swc,pyramidal,1.0,no,1,APICAL_INVERTED
neuromorpho__m1s2s6b-d-deep.swc,pyramidal,1.0,no,2,APICAL_INVERTED|TRUNCATED_APICAL
neuromorpho__I5-14.swc,pyramidal,1.0,no,2,APICAL_INVERTED|TRUNCATED_APICAL
neuromorpho__L3R4_05_-240.swc,interneuron,1.0,no,0,
neuromorpho__Cell-13-3_1.swc,pyramidal,1.0,no,0,
neuromorpho__241-2-110-AW.swc,pyramidal,1.0,no,0,
neuromorpho__sec-2.swc,interneuron,1.0,no,0,
neuromorpho__V1_42.swc,pyramidal,1.0,no,0,
neuromorpho__241-3-27LU.swc,pyramidal,1.0,no,1,APICAL_INVERTED
neuromorpho__T60_B_Trace_RK.swc,pyramidal,1.0,no,1,TRUNCATED_APICAL
neuromorpho__236-1a-10-AW.swc,pyramidal,1.0,no,0,
neuromorpho__241-1-43VN.swc,pyramidal,1.0,no,0,
neuromorpho__Cell-6-2_6.swc,pyramidal,1.0,no,0,
neuromorpho__M1KO_20.swc,pyramidal,1.0,no,0,
neuromorpho__243-3-16VN.swc,pyramidal,1.0,no,0,
neuromorpho__112F_2_R_WT.swc,pyramidal,1.0,no,2,APICAL_INVERTED|TRUNCATED_APICAL
neuromorpho__Cell-1-2_10.swc,pyramidal,1.0,no,0,
neuromorpho__PRL_59.swc,pyramidal,1.0,no,0,
neuromorpho__B1_slide2_7.swc,pyramidal,1.0,no,0,
neuromorpho__T60_C_Trace_RK.swc,pyramidal,1.0,no,1,TRUNCATED_APICAL
neuromorpho__PRL_20.swc,pyramidal,1.0,no,0,
neuromorpho__Cell-16-2_1.swc,pyramidal,1.0,no,0,
neuromorpho__PRL_1.swc,pyramidal,1.0,no,0,
neuromorpho__AA0902.swc,pyramidal,1.0,no,0,
neuromorpho__110B_1_r_Ngr2KO_1.swc,pyramidal,1.0,no,1,APICAL_INVERTED
neuromorpho__PRL_32.swc,pyramidal,1.0,no,0,
neuromorpho__7month-Arctic-C5aR1-KO-11_4.swc,pyramidal,1.0,no,0,
neuromorpho__S1_39.swc,pyramidal,1.0,no,0,
neuromorpho__Layer-6-Ethanol-5.swc,pyramidal,1.0,no,1,APICAL_INVERTED
neuromorpho__Cell-3-2_10.swc,pyramidal,1.0,no,0,
neuromorpho__236-2a-26-AW.swc,pyramidal,1.0,no,1,APICAL_INVERTED
neuromorpho__243-3-35VN.swc,pyramidal,1.0,no,1,APICAL_INVERTED
neuromorpho__Cell-5-2_6.swc,pyramidal,1.0,no,0,
neuromorpho__236-2a-30-AW.swc,pyramidal,1.0,no,0,
neuromorpho__sec-12.swc,interneuron,1.0,no,0,
neuromorpho__108A_2_l_WT_4.swc,pyramidal,1.0,no,1,APICAL_INVERTED
neuromorpho__236-1a-7-AW.swc,pyramidal,1.0,no,0,
neuromorpho__B3_slide2_14.swc,pyramidal,1.0,no,0,
neuromorpho__I5-28.swc,pyramidal,1.0,no,0,
neuromorpho__242-3-18LU.swc,pyramidal,1.0,no,1,APICAL_INVERTED
neuromorpho__242-2-13VN.swc,pyramidal,1.0,no,1,APICAL_INVERTED
neuromorpho__PDE1c_vGluT2-KO_IN01.swc,interneuron,1.0,no,0,
neuromorpho__KO4-5-3-9.swc,pyramidal,1.0,no,2,APICAL_INVERTED|TRUNCATED_APICAL
neuromorpho__Cell-8-4.swc,pyramidal,1.0,no,0,
neuromorpho__PDE1c_vGluT2-ctrl_IN04.swc,interneuron,1.0,no,0,
neuromorpho__236-2a-19-AW.swc,pyramidal,1.0,no,0,
neuromorpho__Layer-2-3-Sucrose-11.swc,pyramidal,1.0,no,2,APICAL_INVERTED|TRUNCATED_APICAL
neuromorpho__STRESS-1-N3_1.swc,interneuron,1.0,no,0,
neuromorpho__241-2-50-AW.swc,pyramidal,1.0,no,0,
neuromorpho__236-2a-4-AW.swc,pyramidal,1.0,no,1,APICAL_INVERTED
neuromorpho__L3R4_06_-150.swc,interneuron,1.0,no,0,
neuromorpho__20180607-L1R2-6-4-185-05-337-32-36.swc,interneuron,1.0,no,0,
neuromorpho__Cell-12_7.swc,pyramidal,1.0,no,0,
neuromorpho__B3_slide2_15.swc,pyramidal,1.0,no,1,APICAL_INVERTED
neuromorpho__Cell-1-2_8.swc,pyramidal,1.0,no,0,
neuromorpho__Cell-10-4.swc,pyramidal,1.0,no,0,
neuromorpho__STRESS-1-N2.swc,interneuron,1.0,no,0,
neuromorpho__B4_slide3_neuron2.swc,pyramidal,1.0,no,0,
neuromorpho__het_12_42.swc,pyramidal,1.0,no,0,
neuromorpho__112F_2_L_WT_1.swc,pyramidal,1.0,no,2,APICAL_INVERTED|TRUNCATED_APICAL
neuromorpho__PRL_58.swc,pyramidal,1.0,no,0,
neuromorpho__Cell-11-3_1.swc,pyramidal,1.0,no,0,
neuromorpho__L2R5_06_-360.swc,interneuron,1.0,no,0,
neuromorpho__Layer-5-Ethanol-23.swc,pyramidal,1.0,no,2,APICAL_INVERTED|TRUNCATED_APICAL
neuromorpho__C10-17.swc,pyramidal,1.0,no,2,APICAL_INVERTED|TRUNCATED_APICAL
neuromorpho__B2-F3.swc,interneuron,1.0,no,0,
neuromorpho__B1-F2-cell2.swc,interneuron,1.0,no,0,
neuromorpho__Cell-7.swc,interneuron,1.0,no,0,
neuromorpho__Layer-2-3-Ethanol-7.swc,pyramidal,1.0,no,1,TRUNCATED_APICAL
neuromorpho__Cell-8-3_3.swc,pyramidal,1.0,no,0,
neuromorpho__STRESS-1-N4.swc,interneuron,1.0,no,0,
neuromorpho__MAM03_Neuron3_CA1_PN_E_Slide3_R1_C1_40x.swc,pyramidal,1.0,no,2,APICAL_INVERTED|TRUNCATED_APICAL
neuromorpho__B2_slide2_17.swc,pyramidal,1.0,no,0,
neuromorpho__A3_slide3_21.swc,pyramidal,1.0,no,0,
neuromorpho__B1-F1-cell1.swc,interneuron,1.0,no,0,
neuromorpho__6N1-5072019_TileScan-3_Merged_wt10a.swc,interneuron,1.0,no,0,
neuromorpho__HIP_CA1_WT_12.swc,pyramidal,1.0,no,0,
neuromorpho__Cell-7-2_4.swc,pyramidal,1.0,no,0,
neuromorpho__60L4_06_-120.swc,interneuron,1.0,no,0,
neuromorpho__B1_slide1_1.swc,pyramidal,1.0,no,1,APICAL_INVERTED
neuromorpho__PDE1c_vGluT2-KO_IN02.swc,interneuron,1.0,no,0,
neuromorpho__Layer-5-Ethanol-20.swc,pyramidal,1.0,no,1,APICAL_INVERTED
neuromorpho__236-2-3LS.swc,pyramidal,1.0,no,1,APICAL_INVERTED
neuromorpho__108A_2_l_WT_6.swc,pyramidal,1.0,no,0,
neuromorpho__20180607-L1R2-2-3-451-09-113-14-40.swc,interneuron,1.0,no,0,
neuromorpho__Layer-2-3-Ethanol-15.swc,pyramidal,1.0,no,0,
neuromorpho__L3R4_03_-330.swc,interneuron,1.0,no,0,
neuromorpho__236-2a-38-AW.swc,pyramidal,1.0,no,1,APICAL_INVERTED
neuromorpho__Cell-20_2.swc,pyramidal,1.0,no,0,
neuromorpho__10month-wt-8_1.swc,pyramidal,1.0,no,2,APICAL_INVERTED|TRUNCATED_APICAL
neuromorpho__B1_slide1_3.swc,pyramidal,1.0,no,1,APICAL_INVERTED
neuromorpho__20180607-L1R2-6-1-526-18-132-17-27.swc,interneuron,1.0,no,0,
neuromorpho__C10-21.swc,pyramidal,1.0,no,0,
neuromorpho__HIP_CA1_KO_7.swc,pyramidal,1.0,no,0,
neuromorpho__ctg_bV1_1.swc,pyramidal,1.0,no,1,TRUNCATED_APICAL
neuromorpho__A4_slide1_1.swc,pyramidal,1.0,no,0,
neuromorpho__PRL_14.swc,pyramidal,1.0,no,0,
neuromorpho__Cell-17_3.swc,pyramidal,1.0,no,0,
neuromorpho__PRL_17.swc,pyramidal,1.0,no,0,
neuromorpho__Cell-4-2_9.swc,pyramidal,1.0,no,0,
neuromorpho__2-wild-type-veichle-neuron2_2.swc,pyramidal,1.0,no,1,TRUNCATED_APICAL
neuromorpho__11503-23R1.swc,pyramidal,1.0,no,0,
neuromorpho__236-2a-45-AW.swc,pyramidal,1.0,no,0,
neuromorpho__10month-Arctic-72144-R_1.swc,pyramidal,1.0,no,1,TRUNCATED_APICAL
neuromorpho__242-3-3-AW.swc,pyramidal,1.0,no,1,APICAL_INVERTED
neuromorpho__m1s2s2b-l-sup.swc,pyramidal,1.0,no,1,APICAL_INVERTED
neuromorpho__Cell-12-4_2.swc,pyramidal,1.0,no,0,
neuromorpho__AA0882.swc,pyramidal,1.0,no,0,
neuromorpho__B1_slide3_9.swc,pyramidal,1.0,no,1,APICAL_INVERTED
neuromorpho__het-10.swc,interneuron,1.0,no,0,
neuromorpho__HIP_CA1_KO_8.swc,pyramidal,1.0,no,0,
neuromorpho__110A_2_r_Ngr2KO_8.swc,pyramidal,1.0,no,2,APICAL_INVERTED|TRUNCATED_APICAL
neuromorpho__APPKO-set1-003.swc,pyramidal,1.0,no,0,
neuromorpho__Cell-6-4_2.swc,pyramidal,1.0,no,0,
neuromorpho__B1_slide2_8.swc,pyramidal,1.0,no,2,APICAL_INVERTED|TRUNCATED_APICAL
neuromorpho__PRLKO_3.swc,pyramidal,1.0,no,0,
neuromorpho__B1_Slide3_neuron4.swc,pyramidal,1.0,no,0,
neuromorpho__Cell-9_6.swc,pyramidal,1.0,no,0,
neuromorpho__S1_24.swc,pyramidal,1.0,no,0,
neuromorpho__het_10-2.swc,pyramidal,1.0,no,0,
neuromorpho__p73_vGluT2-KO_IN03.swc,interneuron,1.0,no,0,
neuromorpho__236-2a-33-AW.swc,pyramidal,1.0,no,1,APICAL_INVERTED
neuromorpho__L3R4_06_-450.swc,interneuron,1.0,no,0,
neuromorpho__wt20x-06.swc,pyramidal,1.0,no,2,APICAL_INVERTED|TRUNCATED_APICAL
neuromorpho__99_1.swc,interneuron,1.0,no,0,
neuromorpho__PRLKO_36.swc,pyramidal,1.0,no,0,
neuromorpho__236-2a-53-AW.swc,pyramidal,1.0,no,0,
neuromorpho__236-2a-24-AW.swc,pyramidal,1.0,no,1,APICAL_INVERTED
neuromorpho__Cell-11-2_1.swc,pyramidal,1.0,no,0,
neuromorpho__Cell-9-2_5.swc,pyramidal,1.0,no,0,
neuromorpho__HIP_CA1_WT_3.swc,pyramidal,1.0,no,0,
neuromorpho__Cell-15-3.swc,pyramidal,1.0,no,0,
neuromorpho__S1_21.swc,pyramidal,1.0,no,0,
neuromorpho__236-1a-12-AW.swc,pyramidal,1.0,no,0,
neuromorpho__sec-13.swc,interneuron,1.0,no,0,
neuromorpho__Cell-19_2.swc,pyramidal,1.0,no,0,
neuromorpho__Cell-5-4_1.swc,pyramidal,1.0,no,0,
neuromorpho__Cell-6-3_4.swc,pyramidal,1.0,no,0,
neuromorpho__Fresh-D4-Sholl-Exp-3003-2.swc,pyramidal,1.0,no,0,
neuromorpho__Cell-1-3_4.swc,pyramidal,1.0,no,0,
neuromorpho__11509-25-R1.swc,pyramidal,1.0,no,0,
neuromorpho__Fresh-D4-Phall-Tau-Map2003-19.swc,pyramidal,1.0,no,0,
neuromorpho__Cell-2-4_1.swc,pyramidal,1.0,no,0,
neuromorpho__Cell-3-3_4.swc,pyramidal,1.0,no,0,
neuromorpho__sc308.swc,interneuron,1.0,no,0,
neuromorpho__Cell-9-4_1.swc,pyramidal,1.0,no,0,
neuromorpho__243-3-24VN.swc,pyramidal,1.0,no,0,
neuromorpho__PRL_49.swc,pyramidal,1.0,no,0,
neuromorpho__11506-19-L1.swc,pyramidal,1.0,no,0,
neuromorpho__Gunnersen_A14b4slice4RHS.swc,pyramidal,1.0,no,0,
neuromorpho__110E_1_L_Ngr2KO_2.swc,pyramidal,1.0,no,0,
neuromorpho__S1_9.swc,pyramidal,1.0,no,0,
neuromorpho__PDE1c_vGluT2-KO_IN14.swc,interneuron,1.0,no,0,
neuromorpho__102A_1_r_Ngr2KO_1.swc,pyramidal,1.0,no,0,
neuromorpho__STRESS-1-N6.swc,interneuron,1.0,no,0,
neuromorpho__7month-Arctic-20_5.swc,pyramidal,1.0,no,2,APICAL_INVERTED|TRUNCATED_APICAL
neuromorpho__I5-23.swc,pyramidal,1.0,no,1,APICAL_INVERTED
neuromorpho__m1s2s7t-d-mid.swc,pyramidal,1.0,no,2,APICAL_INVERTED|TRUNCATED_APICAL
neuromorpho__11503-21-L1.swc,pyramidal,1.0,no,0,
neuromorpho__het_9-2.swc,pyramidal,1.0,no,0,
neuromorpho__11505-23-R1.swc,pyramidal,1.0,no,0,
neuromorpho__PRL_15.swc,pyramidal,1.0,no,0,
neuromorpho__10month-wt-44-LL_1.swc,pyramidal,1.0,no,1,TRUNCATED_APICAL
neuromorpho__Cell-18-3.swc,pyramidal,1.0,no,0,
neuromorpho__236-2a-28-AW.swc,pyramidal,1.0,no,2,APICAL_INVERTED|TRUNCATED_APICAL
neuromorpho__Cell-4-2_8.swc,pyramidal,1.0,no,0,
neuromorpho__tom-5.swc,pyramidal,1.0,no,0,
neuromorpho__L2R5_06_-525.swc,interneuron,1.0,no,0,
neuromorpho__113E_2_L_WT_1.swc,pyramidal,1.0,no,2,APICAL_INVERTED|TRUNCATED_APICAL
neuromorpho__242-3-14-AW.swc,pyramidal,1.0,no,1,APICAL_INVERTED
neuromorpho__Cell-2-2_8.swc,pyramidal,1.0,no,0,
neuromorpho__C1046-ap1-ba1.swc,pyramidal,1.0,no,0,
neuromorpho__Cell-14_2.swc,pyramidal,1.0,no,0,
neuromorpho__141-08-cell-3-analysis.swc,interneuron,1.0,no,0,
neuromorpho__Cell-8_5.swc,pyramidal,1.0,no,0,
neuromorpho__Layer-6-Ethanol-11.swc,pyramidal,1.0,no,2,APICAL_INVERTED|TRUNCATED_APICAL
neuromorpho__111B_1_r_CA1_1_Ngr2KO_1.swc,pyramidal,1.0,no,1,APICAL_INVERTED
neuromorpho__omega-19.swc,pyramidal,1.0,no,0,
neuromorpho__31995_slide1_cell3.swc,pyramidal,1.0,no,0,
neuromorpho__Cell-12-2_2.swc,pyramidal,1.0,no,0,
neuromorpho__B1-F2-cell1.swc,interneuron,1.0,no,0,
neuromorpho__Cell-1_10.swc,pyramidal,1.0,no,0,
neuromorpho__Layer-5-Ethanol-15.swc,pyramidal,1.0,no,1,APICAL_INVERTED
neuromorpho__236-2a-40-AW.swc,pyramidal,1.0,no,1,APICAL_INVERTED
neuromorpho__11508-20-R1.swc,pyramidal,1.0,no,0,
neuromorpho__10month-Arctic-45-N_2.swc,pyramidal,1.0,no,0,
neuromorpho__236-2-99LS.swc,pyramidal,1.0,no,1,APICAL_INVERTED
neuromorpho__L2R5_01_-550.swc,interneuron,1.0,no,0,
neuromorpho__Cell-16-3.swc,pyramidal,1.0,no,0,
neuromorpho__6N5DAT6-50717GFPwtb_013-GFPwt1a.swc,interneuron,1.0,no,0,
neuromorpho__het_6_44.swc,pyramidal,1.0,no,0,
neuromorpho__11502-23-L1.swc,pyramidal,1.0,no,0,
neuromorpho__115-04-25-L1.swc,pyramidal,1.0,no,0,
neuromorpho__G7-19.swc,pyramidal,1.0,no,1,TRUNCATED_APICAL
neuromorpho__10month-wt-45-L-2_1.swc,pyramidal,1.0,no,2,APICAL_INVERTED|TRUNCATED_APICAL
neuromorpho__Cell-7-2_3.swc,pyramidal,1.0,no,0,
neuromorpho__omega-3.swc,pyramidal,1.0,no,0,
neuromorpho__Cell-5_9.swc,pyramidal,1.0,no,0,
neuromorpho__11501-21-R1.swc,pyramidal,1.0,no,0,
neuromorpho__Layer-6-Ethanol-20.swc,pyramidal,1.0,no,1,APICAL_INVERTED
neuromorpho__Cell-3-4_3.swc,pyramidal,1.0,no,0,
neuromorpho__Cell-5_10.swc,pyramidal,1.0,no,0,
neuromorpho__60L4_06_-105.swc,interneuron,1.0,no,0,
neuromorpho__Cell-1-4_2.swc,pyramidal,1.0,no,0,
neuromorpho__180702_morpho-6_hippo_tau488_trfp_map2648_Hippo-4-2_crop.swc,pyramidal,1.0,no,0,
neuromorpho__Cell-7-5.swc,pyramidal,1.0,no,0,
neuromorpho__Cell-3-2_6.swc,pyramidal,1.0,no,0,
neuromorpho__wt20x-16.swc,pyramidal,1.0,no,1,TRUNCATED_APICAL
neuromorpho__Cell-13_3.swc,pyramidal,1.0,no,0,
neuromorpho__PRL_43.swc,pyramidal,1.0,no,0,
neuromorpho__Layer-6-Ethanol-15.swc,pyramidal,1.0,no,1,TRUNCATED_APICAL
neuromorpho__8N22DAT8-50717GFPwta-wt9a.swc,interneuron,1.0,no,0,
neuromorpho__7month-Arctic-13_3.swc,pyramidal,1.0,no,1,TRUNCATED_APICAL
neuromorpho__11505-28-L1.swc,pyramidal,1.0,no,0,
neuromorpho__S1_37.swc,pyramidal,1.0,no,0,
neuromorpho__Cell-4_13.swc,pyramidal,1.0,no,0,
neuromorpho__Cell-1-5_1.swc,pyramidal,1.0,no,0,
neuromorpho__Cell-4-5_1.swc,pyramidal,1.0,no,0,
neuromorpho__Cell-7-4_1.swc,pyramidal,1.0,no,0,
neuromorpho__70R3_04_-345.swc,interneuron,1.0,no,0,
neuromorpho__Cell-8_7.swc,pyramidal,1.0,no,0,
neuromorpho__het_4-3.swc,pyramidal,1.0,no,0,
neuromorpho__Cell-9-3.swc,pyramidal,1.0,no,0,
neuromorpho__236-2-75LS.swc,pyramidal,1.0,no,0,
neuromorpho__MAM02_Neuron1_CA1_PN_D_Slide3_R1_C2.swc,pyramidal,1.0,no,1,APICAL_INVERTED
neuromorpho__Cell-2-4_3.swc,pyramidal,1.0,no,0,
neuromorpho__L1R4_08_-630.swc,interneuron,1.0,no,0,
neuromorpho__110E_2_L_Ngr2KO_1.swc,pyramidal,1.0,no,1,APICAL_INVERTED
neuromorpho__L2R5_04_-510.swc,interneuron,1.0,no,0,
neuromorpho__Layer-6-Ethanol-22.swc,pyramidal,1.0,no,1,APICAL_INVERTED
neuromorpho__236-1a-2-AW.swc,pyramidal,1.0,no,0,
neuromorpho__Layer-5-Sucrose-15.swc,pyramidal,1.0,no,1,APICAL_INVERTED
neuromorpho__L3R4_01_-315.swc,interneuron,1.0,no,0,
neuromorpho__Cell-8-3_1.swc,pyramidal,1.0,no,0,
neuromorpho__243-3-33VN.swc,pyramidal,1.0,no,1,APICAL_INVERTED
neuromorpho__Cell-8-4_1.swc,pyramidal,1.0,no,0,
neuromorpho__Cell-4-2_7.swc,pyramidal,1.0,no,0,
neuromorpho__Cell-3_14.swc,pyramidal,1.0,no,0,
neuromorpho__jerry-14.swc,pyramidal,1.0,no,0,
neuromorpho__hippo284-1.swc,pyramidal,1.0,no,0,
neuromorpho__70R3_06_-150.swc,interneuron,1.0,no,0,
neuromorpho__Cell-4-2_6.swc,pyramidal,1.0,no,0,
neuromorpho__Layer-2-3-Ethanol-18.swc,pyramidal,1.0,no,0,
neuromorpho__L2R5_07_-345.swc,interneuron,1.0,no,0,
neuromorpho__het_8-2.swc,pyramidal,1.0,no,0,
neuromorpho__G7-6.swc,pyramidal,1.0,no,1,TRUNCATED_APICAL
neuromorpho__Cell-5-3_2.swc,pyramidal,1.0,no,0,
neuromorpho__Cell-10_6.swc,pyramidal,1.0,no,0,
neuromorpho__10month-wt-H364-2-5_1.swc,pyramidal,1.0,no,1,TRUNCATED_APICAL
neuromorpho__jerry-10.swc,pyramidal,1.0,no,0,
neuromorpho__beta-13.swc,pyramidal,1.0,no,0,
neuromorpho__6N5DAT6-50717GFPwtb_013-GFPwt14a.swc,interneuron,1.0,no,0,
neuromorpho__het_3-1.swc,pyramidal,1.0,no,0,
neuromorpho__Cell-6-2_4.swc,pyramidal,1.0,no,0,
neuromorpho__L2R5_02_-240.swc,interneuron,1.0,no,0,
neuromorpho__8N22DAT8-50717GFPwta-wt10a.swc,interneuron,1.0,no,0,
neuromorpho__242-3-5-AW.swc,pyramidal,1.0,no,0,
neuromorpho__11505-24-L1.swc,pyramidal,1.0,no,0,
neuromorpho__1-ENU2-veichle-neuron3_2.swc,pyramidal,1.0,no,1,TRUNCATED_APICAL
neuromorpho__Cell-11-5.swc,pyramidal,1.0,no,0,
neuromorpho__6N5DAT6-50717GFPwtb_013-GFPwt15a.swc,interneuron,1.0,no,0,
neuromorpho__110A_2_r_Ngr2KO_3.swc,pyramidal,1.0,no,1,APICAL_INVERTED
neuromorpho__Cell-13-4_1.swc,pyramidal,1.0,no,0,
neuromorpho__Layer-2-3-Ethanol-2.swc,pyramidal,1.0,no,2,APICAL_INVERTED|TRUNCATED_APICAL
neuromorpho__Cell-11-2_3.swc,pyramidal,1.0,no,0,
neuromorpho__B1_slide3_5.swc,pyramidal,1.0,no,0,
neuromorpho__tom-8.swc,pyramidal,1.0,no,0,
neuromorpho__cIN-961104-1-4-nrn-ns-100331-V2-scaled-straightened.swc,interneuron,1.0,no,0,
neuromorpho__Cell-18_03.swc,pyramidal,1.0,no,0,
neuromorpho__Cell-12_8.swc,pyramidal,1.0,no,0,
neuromorpho__Cell-7_7.swc,pyramidal,1.0,no,0,
neuromorpho__Cell-13-2.swc,pyramidal,1.0,no,0,
neuromorpho__wt20x-10.swc,pyramidal,1.0,no,2,APICAL_INVERTED|TRUNCATED_APICAL
neuromorpho__het_6-3.swc,pyramidal,1.0,no,0,
neuromorpho__cortex163-3.swc,pyramidal,1.0,no,0,
neuromorpho__beta-14.swc,pyramidal,1.0,no,0,
neuromorpho__70R3_03_-660.swc,interneuron,1.0,no,0,
neuromorpho__Cell-3_10.swc,pyramidal,1.0,no,0,
neuromorpho__1115-07-22-R1.swc,pyramidal,1.0,no,0,
neuromorpho__Cell-8-2_1.swc,pyramidal,1.0,no,0,
neuromorpho__60L4_05_-180.swc,interneuron,1.0,no,0,
neuromorpho__7month-Arctic-C5aR1-KO-24_4.swc,pyramidal,1.0,no,1,APICAL_INVERTED
neuromorpho__Layer-2-3-Sucrose-6.swc,pyramidal,1.0,no,1,TRUNCATED_APICAL
neuromorpho__L1R4_06_-615.swc,interneuron,1.0,no,0,
neuromorpho__aIN-390-nrn-ns-120508-transl-invX-scaled-straightened.swc,interneuron,1.0,no,0,
neuromorpho__omega-16.swc,pyramidal,1.0,no,0,
neuromorpho__10month-C5aR1-KO-52280-L-2_2.swc,pyramidal,1.0,no,2,APICAL_INVERTED|TRUNCATED_APICAL
neuromorpho__8N22DAT8-50717GFPwta-wt5a.swc,interneuron,1.0,no,0,
neuromorpho__8N22DAT8-50717GFPwta-wt4a.swc,interneuron,1.0,no,0,
neuromorpho__Cell-11-4_1.swc,pyramidal,1.0,no,0,
neuromorpho__Cell-8_03.swc,pyramidal,1.0,no,0,
neuromorpho__Gunnersen_A15b4slice4LHS.swc,pyramidal,1.0,no,0,
neuromorpho__Cell-11-3_2.swc,pyramidal,1.0,no,0,
neuromorpho__Green_8weeks_Neuron5.swc,pyramidal,1.0,no,0,
neuromorpho__WT3-neuron2.swc,pyramidal,1.0,no,0,
neuromorpho__cortex104-4.swc,pyramidal,1.0,no,0,
neuromorpho__PDE1c_vGluT2-ctrl_IN10.swc,interneuron,1.0,no,0,
neuromorpho__hippo-195-5.swc,pyramidal,1.0,no,0,
neuromorpho__Cell-1-2_6.swc,pyramidal,1.0,no,0,
neuromorpho__L1R4_06_-730.swc,interneuron,1.0,no,0,
neuromorpho__1115-07-23-R1.swc,pyramidal,1.0,no,0,
neuromorpho__L1R4_03_-510.swc,interneuron,1.0,no,0,
neuromorpho__C992-whole-2.swc,pyramidal,1.0,no,1,APICAL_INVERTED
neuromorpho__Cell-16_5.swc,pyramidal,1.0,no,0,
neuromorpho__60L4_03_-330.swc,interneuron,1.0,no,0,
neuromorpho__10month-Arctic-72144-R-3_2.swc,pyramidal,1.0,no,0,
neuromorpho__Cell-5-2_5.swc,pyramidal,1.0,no,0,
neuromorpho__Cell-6_10.swc,pyramidal,1.0,no,0,
neuromorpho__Cell-8_4.swc,pyramidal,1.0,no,0,
neuromorpho__Cell-3-2_7.swc,pyramidal,1.0,no,0,
neuromorpho__11509-22-L1.swc,pyramidal,1.0,no,0,
neuromorpho__omega-1.swc,pyramidal,1.0,no,0,
neuromorpho__L1R4_07_-240.swc,interneuron,1.0,no,0,
neuromorpho__jerry-17.swc,pyramidal,1.0,no,0,
neuromorpho__Cell-10-3.swc,pyramidal,1.0,no,0,
neuromorpho__11510-23-R1.swc,pyramidal,1.0,no,0,
neuromorpho__cortex102-5.swc,pyramidal,1.0,no,0,
neuromorpho__Cell-4-4_2.swc,pyramidal,1.0,no,0,
neuromorpho__hippo-521-7.swc,pyramidal,1.0,no,0,
neuromorpho__dIN-1436-nrn-ns-100901-transl-invX-scaled-straightened.swc,interneuron,1.0,no,3,APICAL_MISSED|APICAL_UNDERPREDICTED|TRUNCATED_APICAL
neuromorpho__jerry-9.swc,pyramidal,1.0,no,0,
neuromorpho__omega-8.swc,pyramidal,1.0,no,0,
neuromorpho__Cell-1-4_1.swc,pyramidal,1.0,no,0,
neuromorpho__hippo-1148-1new.swc,pyramidal,1.0,no,0,
neuromorpho__70R3_02_-390.swc,interneuron,1.0,no,0,
neuromorpho__L1R4_05_-390.swc,interneuron,1.0,no,0,
neuromorpho__hippo412-4.swc,pyramidal,1.0,no,0,
neuromorpho__8N22DAT8-50717GFPwta-wt7a.swc,interneuron,1.0,no,0,
neuromorpho__tom-3.swc,pyramidal,1.0,no,0,
neuromorpho__hippo-104-5.swc,pyramidal,1.0,no,0,
neuromorpho__L1R4_08_-615.swc,interneuron,1.0,no,0,
neuromorpho__Cell-1_13.swc,pyramidal,1.0,no,0,
neuromorpho__omega-15.swc,pyramidal,1.0,no,0,
neuromorpho__hippo223-2.swc,pyramidal,1.0,no,0,
neuromorpho__70R3_03_-345.swc,interneuron,1.0,no,0,
neuromorpho__alpha-13.swc,pyramidal,1.0,no,0,
neuromorpho__hippo284-4.swc,pyramidal,1.0,no,0,
neuromorpho__tom-10.swc,pyramidal,1.0,no,0,
neuromorpho__beta-9.swc,pyramidal,1.0,no,0,
neuromorpho__hippo-172-1.swc,pyramidal,1.0,no,0,
neuromorpho__dIN-1438-nrn-ns-100826-transl-invX-scaled-straightened.swc,interneuron,1.0,no,4,APICAL_MISSED|APICAL_UNDERPREDICTED|AXON_DENDRITE_CONFUSION|TRUNCATED_APICAL
neuromorpho__hippo370-2.swc,pyramidal,1.0,no,0,
neuromorpho__115-04-23-R1.swc,pyramidal,1.0,no,0,
neuromorpho__Layer-6-Ethanol-23.swc,pyramidal,1.0,no,2,APICAL_INVERTED|TRUNCATED_APICAL
neuromorpho__hippo-557-2.swc,pyramidal,1.0,no,0,
neuromorpho__hippo-516-6.swc,pyramidal,1.0,no,0,
neuromorpho__Cell-4_12.swc,pyramidal,1.0,no,0,
neuromorpho__Cell-10-3_2.swc,pyramidal,1.0,no,0,
neuromorpho__hippo285-5.swc,pyramidal,1.0,no,0,
neuromorpho__hippo-519-6.swc,pyramidal,1.0,no,0,
neuromorpho__hippo-117-1.swc,pyramidal,1.0,no,0,
neuromorpho__cortex285-2.swc,pyramidal,1.0,no,0,
neuromorpho__hippo-1159-2new.swc,pyramidal,1.0,no,0,
neuromorpho__hippo-1148-2new.swc,pyramidal,1.0,no,0,
neuromorpho__SST2A-GFP-SST-VGLUT2-cell-3.swc,interneuron,1.0,no,0,
neuromorpho__Cell-4_10.swc,pyramidal,1.0,no,0,
neuromorpho__cIN-1356-nrn-ns-111206-transl-invX-scaled-straightened.swc,interneuron,1.0,no,0,
neuromorpho__hippo-516-8.swc,pyramidal,1.0,no,0,
neuromorpho__het_1-2_21.swc,pyramidal,1.0,no,0,
neuromorpho__sigma.swc,pyramidal,1.0,no,0,
neuromorpho__beta-19.swc,pyramidal,1.0,no,0,
neuromorpho__dIN-000516-nrn-ns-100624-transl-invX-scaled-straightened.swc,interneuron,1.0,no,0,
neuromorpho__hippo-218-3.swc,pyramidal,1.0,no,0,
neuromorpho__hippo285-6.swc,pyramidal,1.0,no,0,
neuromorpho__Cell-7_6.swc,pyramidal,1.0,no,0,
neuromorpho__hippo-858-4.swc,pyramidal,1.0,no,0,
neuromorpho__cortex303-2.swc,pyramidal,1.0,no,0,
neuromorpho__hippo-225-2.swc,pyramidal,1.0,no,0,
neuromorpho__dIN-1137-nrn-ns-101028-transl-invX-scaled-straightened.swc,interneuron,1.0,no,3,APICAL_MISSED|APICAL_UNDERPREDICTED|TRUNCATED_APICAL
neuromorpho__Cell-17_5.swc,pyramidal,1.0,no,0,
neuromorpho__SST2A-GFP-SST-VGLUT2-cell-4.swc,interneuron,1.0,no,0,
neuromorpho__Green_19weeks_Neuron6.swc,pyramidal,1.0,no,0,
neuromorpho__dIN-000512-nrn-ns-100412-V2-transl-invX-scaled-straightened.swc,interneuron,1.0,no,0,
neuromorpho__hippo-521-4.swc,pyramidal,1.0,no,0,
neuromorpho__242-1-4VN.swc,pyramidal,1.0,no,1,TRUNCATED_APICAL
neuromorpho__cortex99-3.swc,pyramidal,1.0,no,0,
neuromorpho__cortex156-3.swc,pyramidal,1.0,no,0,
neuromorpho__hippo284-2.swc,pyramidal,1.0,no,0,
neuromorpho__hippo-1150-5new.swc,pyramidal,1.0,no,0,
neuromorpho__236-2-94LS.swc,pyramidal,1.0,no,1,APICAL_INVERTED
neuromorpho__cortex412-1.swc,pyramidal,1.0,no,0,
neuromorpho__hippo-560-5.swc,pyramidal,1.0,no,0,
neuromorpho__70R3_07_-255.swc,interneuron,1.0,no,0,
neuromorpho__hippo-225-5.swc,pyramidal,1.0,no,0,
neuromorpho__hippo-539-2.swc,pyramidal,1.0,no,0,
neuromorpho__cortex367-3.swc,pyramidal,1.0,no,0,
neuromorpho__cortex285-4.swc,pyramidal,1.0,no,0,
neuromorpho__SST2A-GFP-SST-VGLUT2-cell-12.swc,interneuron,1.0,no,0,
neuromorpho__cortex-456-5.swc,pyramidal,1.0,no,0,
neuromorpho__beta-6.swc,pyramidal,1.0,no,0,
neuromorpho__cortex117-5.swc,pyramidal,1.0,no,0,
neuromorpho__hippo-557-7.swc,pyramidal,1.0,no,0,
neuromorpho__aIN-000307-1-1-nrn-ns-120504-transl-invX-scaled-straightened.swc,interneuron,1.0,no,0,
neuromorpho__L3R4_02_-060.swc,interneuron,1.0,no,0,
neuromorpho__wt20x-19.swc,pyramidal,1.0,no,2,APICAL_INVERTED|TRUNCATED_APICAL
neuromorpho__hippo367-7.swc,pyramidal,1.0,no,0,
neuromorpho__L1R4_05_-420.swc,interneuron,1.0,no,0,
neuromorpho__traced-WT-Female-cortex-152-2.swc,pyramidal,1.0,no,0,
neuromorpho__hippo-172-3.swc,pyramidal,1.0,no,0,
neuromorpho__hdINE-208-1-2-nrn-ns-120110-transl-invX-scaled-straightened.swc,interneuron,1.0,no,4,APICAL_MISSED|APICAL_UNDERPREDICTED|APICAL_INVERTED|TRUNCATED_APICAL
neuromorpho__hippo-1150-3new.swc,pyramidal,1.0,no,0,
neuromorpho__beta-4.swc,pyramidal,1.0,no,0,
neuromorpho__cortex102-2.swc,pyramidal,1.0,no,0,
neuromorpho__Cell-8-2_3.swc,pyramidal,1.0,no,0,
neuromorpho__sigma-6.swc,pyramidal,1.0,no,0,
neuromorpho__hippo-570-2.swc,pyramidal,1.0,no,0,
neuromorpho__beta-8.swc,pyramidal,1.0,no,0,
neuromorpho__hippo-516-3.swc,pyramidal,1.0,no,0,
neuromorpho__hippo-130-3.swc,pyramidal,1.0,no,0,
neuromorpho__hippo-163-4.swc,pyramidal,1.0,no,0,
neuromorpho__dIN-446-nrn-ns-100408-transl-invX-scaled-straightened.swc,interneuron,1.0,no,0,
neuromorpho__tom-11.swc,pyramidal,1.0,no,0,
neuromorpho__6N5DAT6-50717GFPwtb_013-FCON3mutTdt11a.swc,interneuron,1.0,no,0,
neuromorpho__hippo-1159-1new.swc,pyramidal,1.0,no,0,
neuromorpho__cortex-570-4.swc,pyramidal,1.0,no,0,
neuromorpho__cortex401-5.swc,pyramidal,1.0,no,0,
neuromorpho__C916-WT-M8-123-3.swc,pyramidal,1.0,no,2,APICAL_INVERTED|TRUNCATED_APICAL
neuromorpho__ko20x-16.swc,pyramidal,1.0,no,1,TRUNCATED_APICAL
neuromorpho__cortex303-1.swc,pyramidal,1.0,no,0,
neuromorpho__traced-WT-male-cortex-124-4c.swc,pyramidal,1.0,no,0,
neuromorpho__6N5DAT6-50717GFPwtb_013-FCON3mutTdt18a.swc,interneuron,1.0,no,0,
neuromorpho__hippo-130-1.swc,pyramidal,1.0,no,0,
neuromorpho__hippo-104-2.swc,pyramidal,1.0,no,0,
neuromorpho__6N5DAT6-50717GFPwtb_013-FCON3mutTdt7a.swc,interneuron,1.0,no,0,
neuromorpho__hippo-158-2.swc,pyramidal,1.0,no,0,
neuromorpho__6N5DAT6-50717GFPwtb_013-FCON3mutTdt14a.swc,interneuron,1.0,no,0,
neuromorpho__Red_8weeks_Neuron1addl.swc,pyramidal,1.0,no,0,
neuromorpho__cortex286-1.swc,pyramidal,1.0,no,0,
neuromorpho__hdINE-229-1-1-nrn-ns-111215-transl-invX-scaled-straightened.swc,interneuron,1.0,no,4,APICAL_MISSED|APICAL_UNDERPREDICTED|APICAL_INVERTED|TRUNCATED_APICAL
neuromorpho__het_11_45.swc,pyramidal,1.0,no,0,
neuromorpho__Cell-3_9.swc,pyramidal,1.0,no,0,
neuromorpho__cortex286-5.swc,pyramidal,1.0,no,0,
neuromorpho__sigma-5.swc,pyramidal,1.0,no,0,
neuromorpho__Red_8weeks_Neuron3.swc,pyramidal,1.0,no,0,
neuromorpho__cortex412-4.swc,pyramidal,1.0,no,0,
neuromorpho__hippo-1155-1new.swc,pyramidal,1.0,no,0,
neuromorpho__cortex-516-1.swc,pyramidal,1.0,no,0,
neuromorpho__C922-whole3.swc,pyramidal,1.0,no,1,APICAL_INVERTED
neuromorpho__cortex368-4.swc,pyramidal,1.0,no,0,
neuromorpho__hippo367-5.swc,pyramidal,1.0,no,0,
neuromorpho__6N5DAT6-50717GFPwtb_013-FCON3mutTdt1a.swc,interneuron,1.0,no,0,
neuromorpho__hippo401-7.swc,pyramidal,1.0,no,0,
neuromorpho__hippo-163-1.swc,pyramidal,1.0,no,0,
neuromorpho__hippo-519-8.swc,pyramidal,1.0,no,0,
neuromorpho__hippo303-4.swc,pyramidal,1.0,no,0,
neuromorpho__cortex-1159-1.swc,pyramidal,1.0,no,0,
neuromorpho__traced-WT-male-cortex-124-6.swc,pyramidal,1.0,no,0,
neuromorpho__cortex-531-1.swc,pyramidal,1.0,no,0,
neuromorpho__cortex156-1.swc,pyramidal,1.0,no,0,
neuromorpho__hippo-156-6.swc,pyramidal,1.0,no,0,
neuromorpho__cortex-229-4.swc,pyramidal,1.0,no,0,
neuromorpho__cortex169-1.swc,pyramidal,1.0,no,0,
neuromorpho__cortex361-7.swc,pyramidal,1.0,no,0,
neuromorpho__cortex223-5.swc,pyramidal,1.0,no,0,
neuromorpho__hippo-156-3.swc,pyramidal,1.0,no,0,
neuromorpho__cortex417-7.swc,pyramidal,1.0,no,0,
neuromorpho__cIN-1294-nrn-ns-111209-transl-invX-scaled-straightened.swc,interneuron,1.0,no,0,
neuromorpho__Cell-4-3_2.swc,pyramidal,1.0,no,0,
neuromorpho__hippo-130-5.swc,pyramidal,1.0,no,0,
neuromorpho__cortex156-6.swc,pyramidal,1.0,no,0,
neuromorpho__alpha-17.swc,pyramidal,1.0,no,0,
neuromorpho__hdINE-107-2-1-nrn-ns-120110-transl-invX-scaled-straightened.swc,interneuron,1.0,no,4,APICAL_MISSED|APICAL_UNDERPREDICTED|APICAL_INVERTED|TRUNCATED_APICAL
neuromorpho__cortex157-7.swc,pyramidal,1.0,no,0,
neuromorpho__6N5DAT6-50717GFPwtb_013-FCON3mutTdt26a.swc,interneuron,1.0,no,0,
neuromorpho__hippo-1155-2new.swc,pyramidal,1.0,no,0,
neuromorpho__hippo-537-6.swc,pyramidal,1.0,no,0,
neuromorpho__hippo303-2.swc,pyramidal,1.0,no,0,
neuromorpho__hippo-519-7.swc,pyramidal,1.0,no,0,
neuromorpho__C1046-ap1-3.swc,pyramidal,1.0,no,1,APICAL_INVERTED
neuromorpho__cortex285-6.swc,pyramidal,1.0,no,0,
neuromorpho__hippo-168-6.swc,pyramidal,1.0,no,0,
neuromorpho__cortex102-3.swc,pyramidal,1.0,no,0,
neuromorpho__cortex370-2.swc,pyramidal,1.0,no,0,
neuromorpho__cortex117-7.swc,pyramidal,1.0,no,0,
neuromorpho__hippo-420-4.swc,pyramidal,1.0,no,0,
neuromorpho__cortex-1150-6.swc,pyramidal,1.0,no,0,
neuromorpho__cortex368-5.swc,pyramidal,1.0,no,0,
neuromorpho__cortex305-3.swc,pyramidal,1.0,no,0,
neuromorpho__cortex-420-4.swc,pyramidal,1.0,no,0,
neuromorpho__hippo-130-4.swc,pyramidal,1.0,no,0,
neuromorpho__hippo-531-8.swc,pyramidal,1.0,no,0,
neuromorpho__hippo-134-5.swc,pyramidal,1.0,no,0,
neuromorpho__hippo-102-4.swc,pyramidal,1.0,no,0,
neuromorpho__hippo-560-3.swc,pyramidal,1.0,no,0,
neuromorpho__Red_8weeks_Neuron4.swc,pyramidal,1.0,no,0,
neuromorpho__cortex134-3.swc,pyramidal,1.0,no,0,
neuromorpho__traced-WT-male-cortex-147-8a.swc,pyramidal,1.0,no,0,
neuromorpho__cortex-1159-7.swc,pyramidal,1.0,no,0,
neuromorpho__hippo-168-3.swc,pyramidal,1.0,no,0,
neuromorpho__cortex195-6.swc,pyramidal,1.0,no,0,
neuromorpho__Red_6weeks_Neuron4_addl.swc,pyramidal,1.0,no,0,
neuromorpho__cortex157-4.swc,pyramidal,1.0,no,0,
neuromorpho__hippo361-4.swc,pyramidal,1.0,no,0,
neuromorpho__cortex-1159-8.swc,pyramidal,1.0,no,0,
neuromorpho__beta.swc,pyramidal,1.0,no,0,
neuromorpho__Red_4weeks_Neuron12_addl.swc,pyramidal,1.0,no,0,
neuromorpho__hippo-519-4.swc,pyramidal,1.0,no,0,
neuromorpho__hippo-1150-7new.swc,pyramidal,1.0,no,0,
neuromorpho__cortex168-6.swc,pyramidal,1.0,no,0,
neuromorpho__hippo-195-4.swc,pyramidal,1.0,no,0,
neuromorpho__hippo370-5.swc,pyramidal,1.0,no,0,
neuromorpho__C916-WT-ap1.swc,pyramidal,1.0,no,2,APICAL_INVERTED|TRUNCATED_APICAL
neuromorpho__hippo-195-8.swc,pyramidal,1.0,no,0,
neuromorpho__hippo412-2.swc,pyramidal,1.0,no,0,
neuromorpho__cortex172-8.swc,pyramidal,1.0,no,0,
neuromorpho__hippo-521-6.swc,pyramidal,1.0,no,0,
neuromorpho__cortex-557-4.swc,pyramidal,1.0,no,0,
neuromorpho__traced-WT-male-cortex-153-7.swc,pyramidal,1.0,no,0,
neuromorpho__hippo-531-7.swc,pyramidal,1.0,no,0,
neuromorpho__cortex-519-1.swc,pyramidal,1.0,no,0,
neuromorpho__C1046-whole-4-ap-1.swc,pyramidal,1.0,no,1,APICAL_INVERTED
neuromorpho__Green_4weeks_Neuron8.swc,pyramidal,1.0,no,0,
neuromorpho__KO1-Neuron2.swc,pyramidal,1.0,no,0,
neuromorpho__hippo-157-6.swc,pyramidal,1.0,no,0,
neuromorpho__hippo-421-6.swc,pyramidal,1.0,no,0,
neuromorpho__cortex303-4.swc,pyramidal,1.0,no,0,
neuromorpho__ko20x-13.swc,pyramidal,1.0,no,1,TRUNCATED_APICAL
neuromorpho__hippo-456-4.swc,pyramidal,1.0,no,0,
neuromorpho__cortex218-6.swc,pyramidal,1.0,no,0,
neuromorpho__traced-WT-Female-cortex-122-6.swc,pyramidal,1.0,no,0,
neuromorpho__hippo286-6.swc,pyramidal,1.0,no,0,
neuromorpho__hippo305-5.swc,pyramidal,1.0,no,0,
neuromorpho__traced-WT-male-cortex-124-4a.swc,pyramidal,1.0,no,0,
neuromorpho__hippo401-3.swc,pyramidal,1.0,no,0,
neuromorpho__traced-WT-Female-cortex-122-7.swc,pyramidal,1.0,no,0,
neuromorpho__hdINE-220-1-2-nrn-ns-120118-transl-invX-scaled-straightened.swc,interneuron,1.0,no,3,APICAL_MISSED|APICAL_UNDERPREDICTED|TRUNCATED_APICAL
neuromorpho__hippo-570-7.swc,pyramidal,1.0,no,0,
neuromorpho__dlc-349-nrn-ns-120403-transl-invX-scaled-straightened.swc,interneuron,1.0,no,0,
neuromorpho__hippo-116-5.swc,pyramidal,1.0,no,0,
neuromorpho__cortex-1148-1.swc,pyramidal,1.0,no,0,
neuromorpho__traced-WT-Female-cortex-146-1c.swc,pyramidal,1.0,no,0,
neuromorpho__alpha-3.swc,pyramidal,1.0,no,0,
neuromorpho__hippo-102-6.swc,pyramidal,1.0,no,0,
neuromorpho__Red_7-5week_Neuron5.swc,pyramidal,1.0,no,0,
neuromorpho__hippo285-3.swc,pyramidal,1.0,no,0,
neuromorpho__C1054-whole-3.swc,pyramidal,1.0,no,1,APICAL_INVERTED
neuromorpho__cortex170-6.swc,pyramidal,1.0,no,0,
neuromorpho__236-2-79LS.swc,pyramidal,1.0,no,1,APICAL_INVERTED
neuromorpho__hippo-858-8.swc,pyramidal,1.0,no,0,
neuromorpho__Cell-6-2_2.swc,pyramidal,1.0,no,0,
neuromorpho__cortex417-5.swc,pyramidal,1.0,no,0,
neuromorpho__cortex417-2.swc,pyramidal,1.0,no,0,
neuromorpho__sigma-4.swc,pyramidal,1.0,no,0,
neuromorpho__cortex-858-7.swc,pyramidal,1.0,no,0,
neuromorpho__traced-WT-male-cortex-147-10.swc,pyramidal,1.0,no,0,
neuromorpho__SST2A-GFP-SST-VGLUT2-cell-15.swc,interneuron,1.0,no,0,
neuromorpho__cortex367-5.swc,pyramidal,1.0,no,0,
neuromorpho__cortex-1155-3.swc,pyramidal,1.0,no,0,
neuromorpho__cortex170-5.swc,pyramidal,1.0,no,0,
neuromorpho__cortex-516-8.swc,pyramidal,1.0,no,0,
neuromorpho__hippo305-7.swc,pyramidal,1.0,no,0,
neuromorpho__traced-WT-male-cortex-183-3.swc,pyramidal,1.0,no,0,
neuromorpho__hippo223-5.swc,pyramidal,1.0,no,0,
neuromorpho__Red_2weeks_Neuron5.swc,pyramidal,1.0,no,0,
neuromorpho__cortex-858-4.swc,pyramidal,1.0,no,0,
neuromorpho__cortex412-6.swc,pyramidal,1.0,no,0,
neuromorpho__cortex401-3.swc,pyramidal,1.0,no,0,
neuromorpho__cortex-1148-7.swc,pyramidal,1.0,no,0,
neuromorpho__alpha-15.swc,pyramidal,1.0,no,0,
neuromorpho__hippo303-3.swc,pyramidal,1.0,no,0,
neuromorpho__KO5-Neuron5.swc,pyramidal,1.0,no,0,
neuromorpho__cortex361-6.swc,pyramidal,1.0,no,0,
neuromorpho__hippo-157-7.swc,pyramidal,1.0,no,0,
neuromorpho__hippo-1155-3new.swc,pyramidal,1.0,no,0,
neuromorpho__cortex286-4.swc,pyramidal,1.0,no,0,
neuromorpho__cortex417-6.swc,pyramidal,1.0,no,0,
neuromorpho__hippo-99-3.swc,pyramidal,1.0,no,0,
neuromorpho__cortex-858-6.swc,pyramidal,1.0,no,0,
neuromorpho__236-2-92LS.swc,pyramidal,1.0,no,0,
neuromorpho__hippo-225-1.swc,pyramidal,1.0,no,0,
neuromorpho__hippo305-3.swc,pyramidal,1.0,no,0,
neuromorpho__hippo-171-6.swc,pyramidal,1.0,no,0,
neuromorpho__hippo-171-1.swc,pyramidal,1.0,no,0,
neuromorpho__traced-WT-Female-cortex-122-3.swc,pyramidal,1.0,no,0,
neuromorpho__Red_1week_Neuron2.swc,pyramidal,1.0,no,0,
neuromorpho__cortex412-2.swc,pyramidal,1.0,no,0,
neuromorpho__hippo-421-2.swc,pyramidal,1.0,no,0,
neuromorpho__Green_6weeks_Neuron4_addl.swc,pyramidal,1.0,no,0,
neuromorpho__cortex412-7.swc,pyramidal,1.0,no,0,
neuromorpho__hippo-195-3.swc,pyramidal,1.0,no,0,
neuromorpho__cortex-1148-6.swc,pyramidal,1.0,no,0,
neuromorpho__hippo-157-3.swc,pyramidal,1.0,no,0,
neuromorpho__cortex-557-6.swc,pyramidal,1.0,no,0,
neuromorpho__6N5DAT6-50717GFPwtb_013-FCON3mutTdt10a.swc,interneuron,1.0,no,0,
neuromorpho__L1R4_03_-180-no.swc,interneuron,1.0,no,0,
neuromorpho__cortex-229-7.swc,pyramidal,1.0,no,0,
neuromorpho__cortex-570-5.swc,pyramidal,1.0,no,0,
neuromorpho__hippo-99-6.swc,pyramidal,1.0,no,0,
neuromorpho__cortex286-3.swc,pyramidal,1.0,no,0,
neuromorpho__hippo-157-4.swc,pyramidal,1.0,no,0,
neuromorpho__cortex99-6.swc,pyramidal,1.0,no,0,
neuromorpho__traced-WT-Female-cortex-181-3.swc,pyramidal,1.0,no,0,
neuromorpho__hippo218-4.swc,pyramidal,1.0,no,0,
neuromorpho__cortex-521-4.swc,pyramidal,1.0,no,0,
neuromorpho__alpha-5.swc,pyramidal,1.0,no,0,
neuromorpho__cortex-1150-5.swc,pyramidal,1.0,no,0,
neuromorpho__KO1-Neuron11.swc,pyramidal,1.0,no,0,
neuromorpho__cortex225-2.swc,pyramidal,1.0,no,0,
neuromorpho__hippo-570-6.swc,pyramidal,1.0,no,0,
neuromorpho__cortex-539-1.swc,pyramidal,1.0,no,0,
neuromorpho__cortex172-1.swc,pyramidal,1.0,no,0,
neuromorpho__cortex-537-6.swc,pyramidal,1.0,no,0,
neuromorpho__hippo401-1.swc,pyramidal,1.0,no,0,
neuromorpho__cortex104-1.swc,pyramidal,1.0,no,0,
neuromorpho__Green_4weeks_Neuron9.swc,pyramidal,1.0,no,0,
neuromorpho__Green_7-5weeks_Neuron3.swc,pyramidal,1.0,no,0,
neuromorpho__traced-WT-Female-cortex-152-7.swc,pyramidal,1.0,no,0,
neuromorpho__cortex-557-3.swc,pyramidal,1.0,no,0,
neuromorpho__hippo303-1.swc,pyramidal,1.0,no,0,
neuromorpho__cortex172-5.swc,pyramidal,1.0,no,0,
neuromorpho__cortex370-6.swc,pyramidal,1.0,no,0,
neuromorpho__cortex134-1.swc,pyramidal,1.0,no,0,
neuromorpho__cortex305-7.swc,pyramidal,1.0,no,0,
neuromorpho__hippo-516-7.swc,pyramidal,1.0,no,0,
neuromorpho__cortex-858-3.swc,pyramidal,1.0,no,0,
neuromorpho__cortex-519-6.swc,pyramidal,1.0,no,0,
neuromorpho__cortex-1148-9.swc,pyramidal,1.0,no,0,
neuromorpho__hippo368-3.swc,pyramidal,1.0,no,0,
neuromorpho__cortex417-1.swc,pyramidal,1.0,no,0,
neuromorpho__cortex-519-9.swc,pyramidal,1.0,no,0,
neuromorpho__cortex-456-8.swc,pyramidal,1.0,no,0,
neuromorpho__traced-WT-male-cortex-147-4.swc,pyramidal,1.0,no,0,
neuromorpho__traced-WT-male-cortex-147-8b.swc,pyramidal,1.0,no,0,
neuromorpho__cortex-456-7.swc,pyramidal,1.0,no,0,
neuromorpho__cortex158-4.swc,pyramidal,1.0,no,0,
neuromorpho__hippo417-1.swc,pyramidal,1.0,no,0,
neuromorpho__cortex168-2.swc,pyramidal,1.0,no,0,
neuromorpho__KO1-Neuron14.swc,pyramidal,1.0,no,0,
neuromorpho__KO1-Neuron6.swc,pyramidal,1.0,no,0,
neuromorpho__hippo-229-1.swc,pyramidal,1.0,no,0,
neuromorpho__cortex-858-5.swc,pyramidal,1.0,no,0,
neuromorpho__het_6_43.swc,pyramidal,1.0,no,0,
neuromorpho__KO5-Neuron3.swc,pyramidal,1.0,no,0,
neuromorpho__cortex158-6.swc,pyramidal,1.0,no,0,
neuromorpho__cortex370-5.swc,pyramidal,1.0,no,0,
neuromorpho__hippo368-7.swc,pyramidal,1.0,no,0,
neuromorpho__cortex158-1.swc,pyramidal,1.0,no,0,
neuromorpho__cortex-516-2.swc,pyramidal,1.0,no,0,
neuromorpho__hippo169-6.swc,pyramidal,1.0,no,0,
neuromorpho__6N5DAT6-50717GFPwtb_013-FCON3mutTdt4a.swc,interneuron,1.0,no,0,
neuromorpho__hippo-858-3.swc,pyramidal,1.0,no,0,
neuromorpho__Red_19weeks_Neuron4.swc,pyramidal,1.0,no,0,
neuromorpho__cortex-560-2.swc,pyramidal,1.0,no,0,
neuromorpho__hippo-158-1.swc,pyramidal,1.0,no,0,
neuromorpho__Green_4weeks_Neuron14.swc,pyramidal,1.0,no,0,
neuromorpho__cortex-421-2.swc,pyramidal,1.0,no,0,
neuromorpho__hippo-218-1.swc,pyramidal,1.0,no,0,
neuromorpho__hippo-570-3.swc,pyramidal,1.0,no,0,
neuromorpho__cortex-521-5.swc,pyramidal,1.0,no,0,
neuromorpho__Red_6weeks_Neuron1_addl.swc,pyramidal,1.0,no,0,
neuromorpho__cortex370-1.swc,pyramidal,1.0,no,0,
neuromorpho__Green_2weeks_Neuron11add'l.swc,pyramidal,1.0,no,0,
neuromorpho__KO4-Neuron2.swc,pyramidal,1.0,no,0,
neuromorpho__Red_1week_Neuron3_addl.swc,pyramidal,1.0,no,0,
neuromorpho__cortex-519-5.swc,pyramidal,1.0,no,0,
neuromorpho__Red_8weeks_Neuron6.swc,pyramidal,1.0,no,0,
neuromorpho__Red_7-5w_Neuron6.swc,pyramidal,1.0,no,0,
neuromorpho__Green_4weeks_Neuron11_addl.swc,pyramidal,1.0,no,0,
neuromorpho__Green_8weeks_Neuron9.swc,pyramidal,1.0,no,0,
neuromorpho__cortex-456-1.swc,pyramidal,1.0,no,0,
neuromorpho__hippo-157-5.swc,pyramidal,1.0,no,0,
neuromorpho__WT2-Neuron1_d.swc,pyramidal,1.0,no,0,
neuromorpho__Red_1week_Neuron5.swc,pyramidal,1.0,no,0,
neuromorpho__Red_4weeks_Neuron4_addl.swc,pyramidal,1.0,no,0,
neuromorpho__AIZL.swc,interneuron,1.0,no,0,
neuromorpho__AIMR.swc,interneuron,1.0,no,0,
neuromorpho__AIYL.swc,interneuron,1.0,no,0,
