file,cell_type_gt,n_nodes,accuracy,neurite_macro_f1,soma_f1,axon_f1,basal_f1,apical_f1,pred_soma,pred_axon,pred_basal,pred_apical
allen__H16.03.006.01.03.04_537313600.swc,pyramidal,25936,1.000000,1.000000,1.000000,1.000000,1.000000,1.000000,1,12138,6343,7454
allen__H16.03.008.11.11.02_542137330.swc,pyramidal,8238,0.907987,0.899800,1.000000,0.888400,0.811100,1.000000,1,3775,1627,2835
allen__H16.06.004.01.04.03_508282493.swc,pyramidal,10880,1.000000,1.000000,1.000000,1.000000,1.000000,1.000000,1,5630,2418,2831
allen__H16.06.010.01.01.10.02_529898751.swc,pyramidal,22644,0.890655,0.769400,1.000000,1.000000,0.556700,0.751400,1,14871,4031,3741
allen__H17.03.002.11.04.04_569844159.swc,pyramidal,5107,1.000000,1.000000,1.000000,1.000000,1.000000,1.000000,1,491,1568,3047
allen__H17.03.010.11.13.06_601958555.swc,pyramidal,10449,1.000000,1.000000,1.000000,1.000000,1.000000,1.000000,1,2177,3968,4303
allen__H17.06.005.12.15.04_571471295.swc,pyramidal,17244,0.913245,0.896400,1.000000,0.939900,0.749200,1.000000,1,13197,2234,1812
allen__H17.06.005.12.16.03_571527806.swc,pyramidal,8165,0.592407,0.540600,1.000000,1.000000,0.621800,0.000000,1,2100,3924,2140
allen__H17.06.005.13.05.06_571500474.swc,pyramidal,5576,1.000000,1.000000,1.000000,1.000000,1.000000,1.000000,1,943,2135,2497
allen__H17.06.006.11.08.02_571624532.swc,pyramidal,26161,1.000000,1.000000,1.000000,1.000000,1.000000,1.000000,1,18272,3728,4160
hpf_ca1__201983_012_edited.swc,pyramidal,9410,0.994155,0.988600,1.000000,1.000000,0.978000,0.987700,1,5919,1275,2215
hpf_ca1__201990_029_edited.swc,pyramidal,74990,1.000000,1.000000,1.000000,1.000000,1.000000,1.000000,1,70612,1895,2482
hpf_ca1__202217_014_edited.swc,pyramidal,31115,1.000000,1.000000,1.000000,1.000000,1.000000,1.000000,1,28589,916,1609
hpf_ca1__202217_020_edited.swc,pyramidal,33093,1.000000,1.000000,1.000000,1.000000,1.000000,1.000000,1,30899,658,1535
hpf_ca1__202217_022_edited.swc,pyramidal,13624,1.000000,1.000000,1.000000,1.000000,1.000000,1.000000,1,11102,595,1926
hpf_ca1__202217_023_edited.swc,pyramidal,16882,1.000000,1.000000,1.000000,1.000000,1.000000,1.000000,1,13568,1151,2162
hpf_ca1__202219_002_edited.swc,pyramidal,18678,1.000000,1.000000,1.000000,1.000000,1.000000,1.000000,1,15533,1521,1623
hpf_ca1__202219_010_edited.swc,pyramidal,31281,0.996132,0.968900,1.000000,1.000000,0.953300,0.953400,1,28685,1235,1360
hpf_ca1__202219_020_edited.swc,pyramidal,47591,0.951798,0.787900,1.000000,1.000000,0.575800,,1,43739,1557,2294
hpf_ca1__202219_028_edited.swc,pyramidal,81215,0.977861,0.919900,1.000000,1.000000,0.839800,,1,74702,4714,1798
hpf_ca1__202219_031_edited.swc,pyramidal,15259,1.000000,1.000000,1.000000,1.000000,1.000000,1.000000,1,13064,815,1379
hpf_ca1__202220_077_edited.swc,pyramidal,29822,0.968681,0.884700,1.000000,1.000000,0.769500,,1,27328,1559,934
hpf_ca1__202224_002_edited.swc,pyramidal,3065,0.309625,0.236300,1.000000,0.000000,0.472600,,1,1247,1817,0
hpf_ca1__202224_005_edited.swc,pyramidal,15471,0.604744,0.432200,1.000000,1.000000,0.296600,0.000000,1,8066,7404,0
hpf_ca1__202225_004_edited.swc,pyramidal,44311,1.000000,1.000000,1.000000,1.000000,1.000000,1.000000,1,39328,2292,2690
hpf_ca1__202226_005_edited.swc,pyramidal,30905,1.000000,1.000000,1.000000,1.000000,1.000000,1.000000,1,27465,1201,2238
hpf_ca1__202226_012_edited.swc,pyramidal,30380,1.000000,1.000000,1.000000,1.000000,1.000000,,1,27922,2457,0
hpf_ca1__202230_009_edited.swc,pyramidal,20282,1.000000,1.000000,1.000000,1.000000,1.000000,,1,19398,883,0
hpf_ca1__202230_010_edited.swc,pyramidal,23971,1.000000,1.000000,1.000000,1.000000,1.000000,1.000000,1,20655,1536,1779
hpf_ca1__202232_020_edited.swc,pyramidal,22249,1.000000,1.000000,1.000000,1.000000,1.000000,1.000000,1,19436,1042,1770
hpf_ca1__202232_022_edited.swc,pyramidal,118347,1.000000,1.000000,1.000000,1.000000,1.000000,1.000000,1,113998,1984,2364
hpf_ca1__202232_069_edited.swc,pyramidal,14507,1.000000,1.000000,1.000000,1.000000,1.000000,1.000000,1,11413,1454,1639
hpf_ca1__202232_071_edited.swc,pyramidal,16712,0.999940,0.999700,1.000000,1.000000,0.999500,0.999700,1,13950,954,1807
hpf_ca1__202233_010_edited.swc,pyramidal,89353,0.988260,0.841500,1.000000,1.000000,0.761800,0.762700,1,84940,2726,1686
hpf_ca1__202233_014_edited.swc,pyramidal,21401,1.000000,1.000000,1.000000,1.000000,1.000000,1.000000,1,18930,1018,1452
hpf_ca1__202234_014_edited.swc,pyramidal,13715,1.000000,1.000000,1.000000,1.000000,1.000000,1.000000,1,10792,703,2219
hpf_ca1__202234_019_edited.swc,pyramidal,32901,1.000000,1.000000,1.000000,1.000000,1.000000,,1,30728,2172,0
hpf_ca1__202234_026_edited.swc,pyramidal,105116,1.000000,1.000000,1.000000,1.000000,1.000000,1.000000,1,101176,1199,2740
hpf_ca1__202237_014_edited.swc,pyramidal,82589,1.000000,1.000000,1.000000,1.000000,1.000000,1.000000,1,78059,1757,2772
hpf_ca1__202237_022_edited.swc,pyramidal,37107,1.000000,1.000000,1.000000,1.000000,1.000000,1.000000,1,34871,851,1384
hpf_ca1__202237_028_edited.swc,pyramidal,29490,1.000000,1.000000,1.000000,1.000000,1.000000,1.000000,1,27576,731,1182
hpf_ca1__202237_030_edited.swc,pyramidal,37085,1.000000,1.000000,1.000000,1.000000,1.000000,1.000000,1,35560,341,1183
hpf_ca1__202237_148_edited.swc,pyramidal,20025,0.927191,0.709800,1.000000,1.000000,0.419600,,1,18039,527,1458
hpf_ca1__202237_155_edited.swc,pyramidal,48853,1.000000,1.000000,1.000000,1.000000,1.000000,1.000000,1,46588,830,1434
hpf_ca1__202238_010_edited.swc,pyramidal,40434,1.000000,1.000000,1.000000,1.000000,1.000000,1.000000,1,37906,1038,1489
hpf_ca1__202238_011_edited.swc,pyramidal,31386,1.000000,1.000000,1.000000,1.000000,1.000000,1.000000,1,29038,786,1561
hpf_ca1__202238_016_edited.swc,pyramidal,19790,1.000000,1.000000,1.000000,1.000000,1.000000,1.000000,1,17459,820,1510
hpf_ca1__202238_020_edited.swc,pyramidal,57572,1.000000,1.000000,1.000000,1.000000,1.000000,1.000000,1,55075,762,1734
hpf_ca1__202238_037_edited.swc,pyramidal,30131,1.000000,1.000000,1.000000,1.000000,1.000000,,1,27962,2168,0
hpf_ca1__202239_001_edited.swc,pyramidal,102203,1.000000,1.000000,1.000000,1.000000,1.000000,,1,98804,3398,0
hpf_ca1__202239_002_edited.swc,pyramidal,53262,1.000000,1.000000,1.000000,1.000000,1.000000,,1,51555,1706,0
hpf_ca1__202239_003_edited.swc,pyramidal,66236,0.972190,0.854800,1.000000,1.000000,0.709600,,1,62143,2250,1842
hpf_ca1__202240_013_edited.swc,pyramidal,61254,1.000000,1.000000,1.000000,1.000000,1.000000,1.000000,1,56167,1692,3394
hpf_ca1__202240_017_edited.swc,pyramidal,41036,1.000000,1.000000,1.000000,1.000000,1.000000,,1,39633,1402,0
hpf_ca1__202240_021_edited.swc,pyramidal,18234,1.000000,1.000000,1.000000,1.000000,1.000000,1.000000,1,14542,1228,2463
hpf_ca1__202240_038_edited.swc,pyramidal,33672,1.000000,1.000000,1.000000,1.000000,1.000000,,1,32003,1668,0
hpf_ca1__202240_041_edited.swc,pyramidal,56404,1.000000,1.000000,1.000000,1.000000,1.000000,,1,53457,2946,0
hpf_ca1__202241_005_edited.swc,pyramidal,22133,1.000000,1.000000,1.000000,1.000000,1.000000,1.000000,1,19292,855,1985
hpf_ca1__202241_012_edited.swc,pyramidal,12322,1.000000,1.000000,1.000000,1.000000,1.000000,1.000000,1,9695,1114,1512
hpf_ca1__202242_002_edited.swc,pyramidal,29425,1.000000,1.000000,1.000000,1.000000,1.000000,1.000000,1,23625,1483,4316
hpf_ca1__202242_004_edited.swc,pyramidal,11334,1.000000,1.000000,1.000000,1.000000,1.000000,1.000000,1,8923,926,1484
hpf_ca1__202242_006_edited.swc,pyramidal,25594,1.000000,1.000000,1.000000,1.000000,1.000000,,1,24117,1476,0
hpf_ca1__202243_005_edited.swc,pyramidal,31496,1.000000,1.000000,1.000000,1.000000,1.000000,,1,30368,1127,0
hpf_ca1__202243_010_edited.swc,pyramidal,20445,1.000000,1.000000,1.000000,1.000000,1.000000,1.000000,1,16201,1117,3126
hpf_ca1__202243_015_edited.swc,pyramidal,6058,1.000000,1.000000,1.000000,1.000000,1.000000,1.000000,1,2342,1291,2424
hpf_ca1__202244_004_edited.swc,pyramidal,18757,1.000000,1.000000,1.000000,1.000000,1.000000,1.000000,1,15262,1771,1723
hpf_ca1__202244_005_edited.swc,pyramidal,16774,1.000000,1.000000,1.000000,1.000000,1.000000,1.000000,1,13775,1446,1552
hpf_ca1__202244_019_edited.swc,pyramidal,2467,0.649372,0.500000,1.000000,1.000000,,0.000000,1,1601,865,0
hpf_ca1__202246_001_edited.swc,pyramidal,32941,1.000000,1.000000,1.000000,1.000000,1.000000,1.000000,1,22162,8583,2195
hpf_ca1__202246_024_edited.swc,pyramidal,61272,1.000000,1.000000,1.000000,1.000000,1.000000,,1,58002,3269,0
hpf_ca1__202246_025_edited.swc,pyramidal,31673,1.000000,1.000000,1.000000,1.000000,1.000000,1.000000,1,28152,1261,2259
hpf_ca1__202248_016_edited.swc,pyramidal,14839,1.000000,1.000000,1.000000,1.000000,1.000000,1.000000,1,12249,1036,1553
hpf_ca1__202248_022_edited.swc,pyramidal,13308,0.999925,0.999800,1.000000,1.000000,0.999600,0.999700,1,10460,1173,1674
hpf_ca1__202248_024_edited.swc,pyramidal,24732,1.000000,1.000000,1.000000,1.000000,1.000000,1.000000,1,21178,1377,2176
hpf_ca1__202249_008_edited.swc,pyramidal,24715,1.000000,1.000000,1.000000,1.000000,1.000000,1.000000,1,21894,1016,1804
hpf_ca1__202250_004_edited.swc,pyramidal,30531,1.000000,1.000000,1.000000,1.000000,1.000000,1.000000,1,28088,1060,1382
hpf_ca1__202252_002_edited.swc,pyramidal,25003,0.977483,0.646600,1.000000,1.000000,0.939900,0.000000,1,20040,4962,0
hpf_ca1__202252_010_edited.swc,pyramidal,11173,1.000000,1.000000,1.000000,1.000000,1.000000,1.000000,1,8576,1050,1546
hpf_ca1__202258_033_edited.swc,pyramidal,32563,1.000000,1.000000,1.000000,1.000000,1.000000,,1,30581,1981,0
hpf_ca1__202259_054_edited.swc,pyramidal,26126,1.000000,1.000000,1.000000,1.000000,1.000000,1.000000,1,24681,567,877
hpf_ca1__202259_063_edited.swc,pyramidal,85190,1.000000,1.000000,1.000000,1.000000,1.000000,1.000000,1,81671,1462,2056
hpf_ca1__202259_070_edited.swc,pyramidal,55269,1.000000,1.000000,1.000000,1.000000,1.000000,1.000000,1,52191,1203,1874
hpf_ca1__202259_079_edited.swc,pyramidal,54665,1.000000,1.000000,1.000000,1.000000,1.000000,1.000000,1,52137,122,2405
hpf_ca1__202259_108_edited.swc,pyramidal,37319,1.000000,1.000000,1.000000,1.000000,1.000000,,1,35782,1536,0
hpf_ca1__202261_006_edited.swc,pyramidal,48601,1.000000,1.000000,1.000000,1.000000,1.000000,1.000000,1,45456,1105,2039
hpf_ca1__202261_023_edited.swc,pyramidal,38659,1.000000,1.000000,1.000000,1.000000,1.000000,1.000000,1,36720,640,1298
hpf_ca1__202261_116_edited.swc,pyramidal,27094,1.000000,1.000000,1.000000,1.000000,1.000000,,1,24504,2589,0
hpf_ca1__202264_036_edited.swc,pyramidal,45110,1.000000,1.000000,1.000000,1.000000,1.000000,1.000000,1,41491,1220,2398
hpf_ca1__202266_009_edited.swc,pyramidal,37480,1.000000,1.000000,1.000000,1.000000,1.000000,1.000000,1,33298,1946,2235
hpf_ca1__202271_141_edited.swc,pyramidal,64088,1.000000,1.000000,1.000000,1.000000,1.000000,,1,60320,3767,0
hpf_ca1__202271_146_edited.swc,pyramidal,15617,1.000000,1.000000,1.000000,1.000000,1.000000,1.000000,1,13019,624,1973
hpf_ca1__202271_179_edited.swc,pyramidal,22142,1.000000,1.000000,1.000000,1.000000,1.000000,,1,20270,1871,0
hpf_ca1__202272_102_edited.swc,pyramidal,43119,1.000000,1.000000,1.000000,1.000000,1.000000,1.000000,1,39097,1601,2420
hpf_ca1__202273_055_edited.swc,pyramidal,41730,0.961730,0.774100,1.000000,1.000000,0.548200,,1,39163,969,1597
hpf_ca1__202274_087_edited.swc,pyramidal,20785,1.000000,1.000000,1.000000,1.000000,1.000000,1.000000,1,18306,605,1873
hpf_ca1__202274_093_edited.swc,pyramidal,35235,1.000000,1.000000,1.000000,1.000000,1.000000,1.000000,1,32835,1157,1242
hpf_ca1__202274_126_edited.swc,pyramidal,8387,0.729939,0.678000,1.000000,1.000000,0.356000,,1,5495,626,2265
hpf_ca1__202392_001_edited.swc,pyramidal,34301,1.000000,1.000000,1.000000,1.000000,1.000000,1.000000,1,32272,989,1039
hpf_ca1__202392_002_edited.swc,pyramidal,62170,1.000000,1.000000,1.000000,1.000000,1.000000,1.000000,1,57970,1898,2301
hpf_ca1__202393_002_edited.swc,pyramidal,59225,1.000000,1.000000,1.000000,1.000000,1.000000,1.000000,1,54275,1640,3309
hpf_ca1__202396_035_edited.swc,pyramidal,48891,1.000000,1.000000,1.000000,1.000000,1.000000,1.000000,1,46010,1104,1776
hpf_ca1__202396_051_edited.swc,pyramidal,44449,1.000000,1.000000,1.000000,1.000000,1.000000,1.000000,1,41166,1235,2047
hpf_ca1__202396_173_edited.swc,pyramidal,75572,0.961004,0.522700,1.000000,1.000000,0.568100,0.000000,1,70686,4885,0
hpf_ca1__202396_184_edited.swc,pyramidal,45900,1.000000,1.000000,1.000000,1.000000,1.000000,1.000000,1,43446,754,1699
hpf_ca1__202399_012_edited.swc,pyramidal,47774,1.000000,1.000000,1.000000,1.000000,1.000000,1.000000,1,43520,1605,2648
hpf_ca1__202400_008_edited.swc,pyramidal,18099,1.000000,1.000000,1.000000,1.000000,1.000000,1.000000,1,15626,1164,1308
hpf_ca1__202400_018_edited.swc,pyramidal,74049,1.000000,1.000000,1.000000,1.000000,1.000000,1.000000,1,69903,1266,2879
hpf_ca1__202400_033_edited.swc,pyramidal,66082,1.000000,1.000000,1.000000,1.000000,1.000000,1.000000,1,62131,1354,2596
hpf_ca1__202400_049_edited.swc,pyramidal,14459,1.000000,1.000000,1.000000,1.000000,1.000000,1.000000,1,11822,985,1651
hpf_ca1__202400_117_edited.swc,pyramidal,21137,1.000000,1.000000,1.000000,1.000000,1.000000,1.000000,1,18897,829,1410
hpf_ca1__202401_144_edited.swc,pyramidal,50041,1.000000,1.000000,1.000000,1.000000,1.000000,1.000000,1,44963,1443,3634
hpf_ca1__202401_205_edited.swc,pyramidal,68375,1.000000,1.000000,1.000000,1.000000,1.000000,1.000000,1,61969,2691,3714
hpf_ca1__202401_229_edited.swc,pyramidal,63673,1.000000,1.000000,1.000000,1.000000,1.000000,1.000000,1,59508,2103,2061
hpf_ca1__202402_015_edited.swc,pyramidal,40277,1.000000,1.000000,1.000000,1.000000,1.000000,1.000000,1,37444,768,2064
hpf_ca1__202402_016_edited.swc,pyramidal,15991,1.000000,1.000000,1.000000,1.000000,1.000000,1.000000,1,13749,676,1565
hpf_ca1__202402_025_edited.swc,pyramidal,52984,0.967235,0.524500,1.000000,1.000000,0.573500,0.000000,1,50080,2903,0
hpf_ca1__202402_054_edited.swc,pyramidal,42176,1.000000,1.000000,1.000000,1.000000,1.000000,1.000000,1,37501,1681,2993
hpf_ca1__202403_125_edited.swc,pyramidal,85402,1.000000,1.000000,1.000000,1.000000,1.000000,1.000000,1,80897,1719,2785
hpf_ca1__202403_126_edited.swc,pyramidal,104418,1.000000,1.000000,1.000000,1.000000,1.000000,1.000000,1,99686,1854,2877
hpf_ca1__202403_129_edited.swc,pyramidal,119979,0.972820,0.589100,1.000000,1.000000,0.665800,0.101400,1,113284,6510,184
hpf_ca1__202404_038_edited.swc,pyramidal,95209,0.983394,0.895500,1.000000,1.000000,0.791000,,1,90635,2992,1581
hpf_ca1__202404_041_edited.swc,pyramidal,53487,0.992839,0.951000,1.000000,1.000000,0.902800,0.950100,1,47677,2161,3648
hpf_ca1__202409_001_edited.swc,pyramidal,60887,1.000000,1.000000,1.000000,1.000000,1.000000,,1,57665,3221,0
hpf_ca1__202409_003_edited.swc,pyramidal,23409,1.000000,1.000000,1.000000,1.000000,1.000000,,1,22502,906,0
hpf_ca1__202410_002_edited.swc,pyramidal,27576,1.000000,1.000000,1.000000,1.000000,1.000000,,1,26126,1449,0
hpf_ca1__202410_008_edited.swc,pyramidal,18551,1.000000,1.000000,1.000000,1.000000,1.000000,1.000000,1,14024,1752,2774
hpf_ca1__202410_011_edited.swc,pyramidal,46236,1.000000,1.000000,1.000000,1.000000,1.000000,,1,44432,1803,0
hpf_ca1__202410_017_edited.swc,pyramidal,26447,1.000000,1.000000,1.000000,1.000000,1.000000,,1,25380,1066,0
hpf_ca1__202411_004_edited.swc,pyramidal,17173,1.000000,1.000000,1.000000,1.000000,1.000000,1.000000,1,13245,393,3534
hpf_ca1__202411_007_edited.swc,pyramidal,18419,1.000000,1.000000,1.000000,1.000000,1.000000,1.000000,1,15849,427,2142
hpf_ca1__202412_006_edited.swc,pyramidal,9590,1.000000,1.000000,1.000000,1.000000,1.000000,1.000000,1,7117,1049,1423
hpf_ca1__202412_007_edited.swc,pyramidal,78218,0.982549,0.541900,1.000000,1.000000,0.625700,0.000000,1,75711,2506,0
hpf_ca1__202412_009_edited.swc,pyramidal,36311,1.000000,1.000000,1.000000,1.000000,1.000000,1.000000,1,33801,939,1570
hpf_ca1__202412_013_edited.swc,pyramidal,38894,1.000000,1.000000,1.000000,1.000000,1.000000,1.000000,1,36700,827,1366
hpf_ca1__202413_061_edited.swc,pyramidal,77986,1.000000,1.000000,1.000000,1.000000,1.000000,1.000000,1,74338,1981,1666
hpf_ca1__202414_008_edited.swc,pyramidal,81211,1.000000,1.000000,1.000000,1.000000,1.000000,1.000000,1,76287,1906,3017
hpf_ca1__202414_260_edited.swc,pyramidal,31302,1.000000,1.000000,1.000000,1.000000,1.000000,1.000000,1,27449,1608,2244
hpf_ca1__202414_448_edited.swc,pyramidal,98179,1.000000,1.000000,1.000000,1.000000,1.000000,1.000000,1,93457,1563,3158
hpf_ca1__202414_533_edited.swc,pyramidal,90455,1.000000,1.000000,1.000000,1.000000,1.000000,1.000000,1,85820,1410,3224
hpf_ca1__202414_540_edited.swc,pyramidal,62719,1.000000,1.000000,1.000000,1.000000,1.000000,1.000000,1,57320,2206,3192
hpf_ca1__202415_026_edited.swc,pyramidal,81121,1.000000,1.000000,1.000000,1.000000,1.000000,1.000000,1,77910,1424,1786
hpf_ca1__202415_035_edited.swc,pyramidal,39108,1.000000,1.000000,1.000000,1.000000,1.000000,1.000000,1,36409,1321,1377
hpf_ca1__202417_006_edited.swc,pyramidal,36956,1.000000,1.000000,1.000000,1.000000,1.000000,1.000000,1,32584,1863,2508
hpf_ca1__202417_047_edited.swc,pyramidal,12723,1.000000,1.000000,1.000000,1.000000,1.000000,,1,11702,1020,0
hpf_ca1__202422_010_edited.swc,pyramidal,15440,1.000000,1.000000,1.000000,1.000000,1.000000,1.000000,1,12615,1078,1746
hpf_ca1__202423_003_edited.swc,pyramidal,62691,1.000000,1.000000,1.000000,1.000000,1.000000,1.000000,1,59436,1607,1647
hpf_ca1__202423_004_edited.swc,pyramidal,31408,1.000000,1.000000,1.000000,1.000000,1.000000,1.000000,1,28407,1344,1656
hpf_ca1__202423_009_edited.swc,pyramidal,48791,0.978726,0.554900,1.000000,1.000000,0.664700,0.000000,1,46723,2067,0
hpf_ca1__202423_013_edited.swc,pyramidal,45777,1.000000,1.000000,1.000000,1.000000,1.000000,1.000000,1,43211,1054,1511
hpf_ca1__202423_018_edited.swc,pyramidal,12551,1.000000,1.000000,1.000000,1.000000,1.000000,1.000000,1,9875,974,1701
hpf_ca1__202423_033_edited.swc,pyramidal,59489,1.000000,1.000000,1.000000,1.000000,1.000000,1.000000,1,56119,989,2380
hpf_ca1__202426_023_edited.swc,pyramidal,21107,0.908514,0.765400,1.000000,1.000000,0.530700,,1,18083,1092,1931
hpf_ca1__202426_024_edited.swc,pyramidal,17150,1.000000,1.000000,1.000000,1.000000,1.000000,1.000000,1,13299,1804,2046
hpf_ca1__202426_025_edited.swc,pyramidal,29420,1.000000,1.000000,1.000000,1.000000,1.000000,1.000000,1,25729,1014,2676
hpf_ca1__202426_026_edited.swc,pyramidal,17563,1.000000,1.000000,1.000000,1.000000,1.000000,1.000000,1,14319,888,2355
hpf_ca1__202426_044_edited.swc,pyramidal,62280,1.000000,1.000000,1.000000,1.000000,1.000000,1.000000,1,57993,1676,2610
hpf_ca1__202426_054_edited.swc,pyramidal,31714,1.000000,1.000000,1.000000,1.000000,1.000000,,1,30400,1313,0
hpf_ca1__202426_055_edited.swc,pyramidal,104139,1.000000,1.000000,1.000000,1.000000,1.000000,1.000000,1,98024,2700,3414
hpf_ca1__202426_098_edited.swc,pyramidal,45169,1.000000,1.000000,1.000000,1.000000,1.000000,1.000000,1,41716,1758,1694
hpf_ca1__202426_132_edited.swc,pyramidal,64236,1.000000,1.000000,1.000000,1.000000,1.000000,1.000000,1,59989,1584,2662
hpf_ca1__202427_048_edited.swc,pyramidal,51550,1.000000,1.000000,1.000000,1.000000,1.000000,1.000000,1,47427,1643,2479
hpf_ca1__202427_096_edited.swc,pyramidal,3506,1.000000,1.000000,1.000000,1.000000,1.000000,,1,2834,671,0
hpf_ca1__202427_143_edited.swc,pyramidal,84679,1.000000,1.000000,1.000000,1.000000,1.000000,1.000000,1,80787,1711,2180
hpf_ca1__202428_004_edited.swc,pyramidal,41485,1.000000,1.000000,1.000000,1.000000,1.000000,,1,39556,1928,0
hpf_ca1__202428_037_edited.swc,pyramidal,42644,1.000000,1.000000,1.000000,1.000000,1.000000,1.000000,1,37284,2214,3145
hpf_ca1__202461_009_edited.swc,pyramidal,55879,0.979957,0.552300,1.000000,1.000000,0.656900,0.000000,1,53686,2192,0
hpf_ca1__202461_027_edited.swc,pyramidal,51205,1.000000,1.000000,1.000000,1.000000,1.000000,1.000000,1,46237,2075,2892
hpf_ca1__202497_009_edited.swc,pyramidal,66021,1.000000,1.000000,1.000000,1.000000,1.000000,1.000000,1,61979,2029,2012
hpf_ca1__202497_020_edited.swc,pyramidal,32754,1.000000,1.000000,1.000000,1.000000,1.000000,1.000000,1,28455,1931,2367
hpf_ca1__202497_022_edited.swc,pyramidal,43240,1.000000,1.000000,1.000000,1.000000,1.000000,1.000000,1,40617,724,1898
hpf_ca1__202498_003_edited.swc,pyramidal,32575,1.000000,1.000000,1.000000,1.000000,1.000000,1.000000,1,30622,715,1237
hpf_ca1__202498_021_edited.swc,pyramidal,51862,1.000000,1.000000,1.000000,1.000000,1.000000,,1,49168,2693,0
hpf_ca1__202499_016_edited.swc,pyramidal,34267,1.000000,1.000000,1.000000,1.000000,1.000000,1.000000,1,31183,1143,1940
hpf_ca1__202499_017_edited.swc,pyramidal,22802,1.000000,1.000000,1.000000,1.000000,1.000000,1.000000,1,20690,826,1285
hpf_ca1__202499_020_edited.swc,pyramidal,48925,1.000000,1.000000,1.000000,1.000000,1.000000,1.000000,1,45542,1367,2015
hpf_ca1__202500_003_edited.swc,pyramidal,58304,1.000000,1.000000,1.000000,1.000000,1.000000,1.000000,1,55205,1180,1918
hpf_ca1__202500_006_edited.swc,pyramidal,26976,1.000000,1.000000,1.000000,1.000000,1.000000,1.000000,1,24345,902,1728
hpf_ca1__202500_007_edited.swc,pyramidal,37389,1.000000,1.000000,1.000000,1.000000,1.000000,1.000000,1,34523,1179,1686
hpf_ca1__202501_017_edited.swc,pyramidal,48046,1.000000,1.000000,1.000000,1.000000,1.000000,1.000000,1,45103,1206,1736
hpf_ca1__202501_019_edited.swc,pyramidal,48560,1.000000,1.000000,1.000000,1.000000,1.000000,1.000000,1,45986,1169,1404
hpf_ca1__202503_021_edited.swc,pyramidal,79598,1.000000,1.000000,1.000000,1.000000,1.000000,1.000000,1,75910,1369,2318
hpf_ca1__202503_024_edited.swc,pyramidal,95221,1.000000,1.000000,1.000000,1.000000,1.000000,1.000000,1,90880,1688,2652
hpf_ca1__202503_036_edited.swc,pyramidal,51159,1.000000,1.000000,1.000000,1.000000,1.000000,1.000000,1,48394,1002,1762
hpf_ca1__202506_008_edited.swc,pyramidal,45733,1.000000,1.000000,1.000000,1.000000,1.000000,1.000000,1,43402,777,1553
hpf_ca1__202506_039_edited.swc,pyramidal,66475,0.985558,0.594000,1.000000,1.000000,0.000000,0.781900,1,63793,0,2681
hpf_ca1__202508_003_edited.swc,pyramidal,46711,0.967331,0.795200,1.000000,1.000000,0.590400,,1,44084,1100,1526
hpf_ca1__202508_010_edited.swc,pyramidal,53598,1.000000,1.000000,1.000000,1.000000,1.000000,1.000000,1,50868,955,1774
hpf_ca1__202544_027_edited.swc,pyramidal,99432,1.000000,1.000000,1.000000,1.000000,1.000000,1.000000,1,95963,1420,2048
hpf_ca1__202567_002_edited.swc,pyramidal,31583,1.000000,1.000000,1.000000,1.000000,1.000000,,1,30247,1335,0
hpf_ca1__202567_006_edited.swc,pyramidal,15168,1.000000,1.000000,1.000000,1.000000,1.000000,1.000000,1,12435,907,1825
hpf_ca1__202567_011_edited.swc,pyramidal,19332,1.000000,1.000000,1.000000,1.000000,1.000000,,1,12436,6895,0
hpf_ca1__202664_003_edited.swc,pyramidal,16562,1.000000,1.000000,1.000000,1.000000,1.000000,1.000000,1,13487,1256,1818
hpf_ca1__202666_014_edited.swc,pyramidal,12210,1.000000,1.000000,1.000000,1.000000,1.000000,1.000000,1,9256,1640,1313
hpf_ca1__202668_014_edited.swc,pyramidal,16138,1.000000,1.000000,1.000000,1.000000,1.000000,1.000000,1,14204,1025,908
hpf_ca1__202668_018_edited.swc,pyramidal,19906,1.000000,1.000000,1.000000,1.000000,1.000000,,1,17000,2905,0
hpf_ca1__202668_019_edited.swc,pyramidal,29031,0.971341,0.542400,1.000000,1.000000,0.627200,0.000000,1,27498,1532,0
hpf_ca1__202668_023_edited.swc,pyramidal,17879,1.000000,1.000000,1.000000,1.000000,1.000000,,1,13560,4318,0
hpf_ca1__202669_007_edited.swc,pyramidal,36337,0.965655,0.551300,1.000000,1.000000,0.653900,0.000000,1,33909,2427,0
hpf_ca1__202669_010_edited.swc,pyramidal,70004,1.000000,1.000000,1.000000,1.000000,1.000000,,1,66546,3457,0
hpf_ca1__202669_011_edited.swc,pyramidal,47086,1.000000,1.000000,1.000000,1.000000,1.000000,,1,44312,2773,0
hpf_ca1__202669_013_edited.swc,pyramidal,20572,1.000000,1.000000,1.000000,1.000000,1.000000,1.000000,1,17488,941,2142
hpf_ca1__202669_017_edited.swc,pyramidal,28523,1.000000,1.000000,1.000000,1.000000,1.000000,1.000000,1,26469,1111,942
hpf_ca1__202674_003_edited.swc,pyramidal,17479,1.000000,1.000000,1.000000,1.000000,1.000000,,1,15355,2123,0
hpf_ca1__202674_009_edited.swc,pyramidal,26981,1.000000,1.000000,1.000000,1.000000,1.000000,1.000000,1,22583,1457,2940
hpf_ca1__202674_013_edited.swc,pyramidal,58379,1.000000,1.000000,1.000000,1.000000,1.000000,1.000000,1,53102,2131,3145
hpf_ca1__202674_035_edited.swc,pyramidal,45387,1.000000,1.000000,1.000000,1.000000,1.000000,,1,42282,3104,0
hpf_ca1__202679_007_edited.swc,pyramidal,87405,1.000000,1.000000,1.000000,1.000000,1.000000,,1,85747,1657,0
hpf_ca1__202679_024_edited.swc,pyramidal,22117,1.000000,1.000000,1.000000,1.000000,1.000000,1.000000,1,19349,1107,1660
hpf_ca1__202679_026_edited.swc,pyramidal,23480,1.000000,1.000000,1.000000,1.000000,1.000000,1.000000,1,20445,1007,2027
hpf_ca1__202680_005_edited.swc,pyramidal,43095,1.000000,1.000000,1.000000,1.000000,1.000000,,1,41101,1993,0
hpf_ca1__202680_013_edited.swc,pyramidal,16285,1.000000,1.000000,1.000000,1.000000,1.000000,1.000000,1,12965,1328,1991
hpf_ca1__202680_015_edited.swc,pyramidal,16893,1.000000,1.000000,1.000000,1.000000,1.000000,1.000000,1,14428,783,1681
hpf_ca1__202680_018_edited.swc,pyramidal,30856,1.000000,1.000000,1.000000,1.000000,1.000000,1.000000,1,26966,1453,2436
hpf_ca1__202680_025_edited.swc,pyramidal,43293,0.918855,0.978000,1.000000,0.956000,1.000000,,1,38141,1638,3513
hpf_ca1__202680_030_edited.swc,pyramidal,27997,1.000000,1.000000,1.000000,1.000000,1.000000,1.000000,1,23573,1067,3356
hpf_ca1__202680_031_edited.swc,pyramidal,20275,1.000000,1.000000,1.000000,1.000000,1.000000,,1,17935,2339,0
hpf_ca1__202681_018_edited.swc,pyramidal,12527,1.000000,1.000000,1.000000,1.000000,1.000000,1.000000,1,10311,900,1315
hpf_ca1__202682_004_edited.swc,pyramidal,56403,1.000000,1.000000,1.000000,1.000000,1.000000,,1,52719,3683,0
hpf_ca1__202682_007_edited.swc,pyramidal,13300,1.000000,1.000000,1.000000,1.000000,1.000000,1.000000,1,11351,798,1150
hpf_ca1__202682_014_edited.swc,pyramidal,18206,1.000000,1.000000,1.000000,1.000000,1.000000,1.000000,1,16028,830,1347
hpf_ca1__202682_015_edited.swc,pyramidal,38863,0.900008,0.500000,1.000000,1.000000,0.000000,,1,34976,0,3886
hpf_ca1__202682_018_edited.swc,pyramidal,18449,0.965960,0.835700,1.000000,1.000000,0.734800,0.772300,1,15885,1498,1065
hpf_ca1__202682_019_edited.swc,pyramidal,13959,1.000000,1.000000,1.000000,1.000000,1.000000,1.000000,1,11626,1086,1246
hpf_ca1__202803_002_edited.swc,pyramidal,58789,1.000000,1.000000,1.000000,1.000000,1.000000,1.000000,1,55646,1252,1890
hpf_ca1__202807_027_edited.swc,pyramidal,100541,1.000000,1.000000,1.000000,1.000000,1.000000,1.000000,1,95258,2231,3051
hpf_ca1__202807_028_edited.swc,pyramidal,38279,1.000000,1.000000,1.000000,1.000000,1.000000,,1,36460,1818,0
hpf_ca1__202809_005_edited.swc,pyramidal,42184,1.000000,1.000000,1.000000,1.000000,1.000000,1.000000,1,38018,1323,2842
hpf_ca1__202829_024_edited.swc,pyramidal,13498,1.000000,1.000000,1.000000,1.000000,1.000000,1.000000,1,9922,1266,2309
hpf_ca1__202829_027_edited.swc,pyramidal,18712,1.000000,1.000000,1.000000,1.000000,1.000000,1.000000,1,15018,1381,2312
hpf_ca1__202829_049_edited.swc,pyramidal,46877,1.000000,1.000000,1.000000,1.000000,1.000000,1.000000,1,42054,2316,2506
hpf_ca1__202829_085_edited.swc,pyramidal,53935,1.000000,1.000000,1.000000,1.000000,1.000000,,1,51505,2429,0
hpf_ca1__202829_091_edited.swc,pyramidal,20396,1.000000,1.000000,1.000000,1.000000,1.000000,1.000000,1,16792,1648,1955
hpf_ca1__202829_094_edited.swc,pyramidal,20062,1.000000,1.000000,1.000000,1.000000,1.000000,1.000000,1,17072,1263,1726
hpf_ca1__202829_110_edited.swc,pyramidal,14780,1.000000,1.000000,1.000000,1.000000,1.000000,1.000000,1,12210,1028,1541
hpf_ca1__202831_005_edited.swc,pyramidal,54898,1.000000,1.000000,1.000000,1.000000,1.000000,,1,51949,2948,0
hpf_ca1__210009_021_edited.swc,pyramidal,19813,1.000000,1.000000,1.000000,1.000000,1.000000,1.000000,1,16621,968,2223
hpf_ca1__210009_025_edited.swc,pyramidal,31946,1.000000,1.000000,1.000000,1.000000,1.000000,1.000000,1,28783,717,2445
hpf_ca1__210013_013_edited.swc,pyramidal,53050,0.997719,0.846200,1.000000,0.998800,0.539900,1.000000,1,50306,192,2551
hpf_ca1__210014_017_edited.swc,pyramidal,62516,1.000000,1.000000,1.000000,1.000000,1.000000,1.000000,1,59587,1027,1901
hpf_ca1__210014_024_edited.swc,pyramidal,56052,1.000000,1.000000,1.000000,1.000000,1.000000,1.000000,1,53904,915,1232
hpf_ca1__210014_033_edited.swc,pyramidal,73147,1.000000,1.000000,1.000000,1.000000,1.000000,1.000000,1,70424,871,1851
hpf_ca1__210014_035_edited.swc,pyramidal,22812,1.000000,1.000000,1.000000,1.000000,1.000000,1.000000,1,20099,1084,1628
hpf_ca1__210014_050_edited.swc,pyramidal,25357,1.000000,1.000000,1.000000,1.000000,1.000000,1.000000,1,22518,977,1861
hpf_ca1__210014_061_edited.swc,pyramidal,45975,0.971637,0.858900,1.000000,1.000000,0.717700,,1,43012,1658,1304
hpf_ca1__210014_069_edited.swc,pyramidal,17111,1.000000,1.000000,1.000000,1.000000,1.000000,1.000000,1,14830,718,1562
hpf_ca1__210014_070_edited.swc,pyramidal,12944,1.000000,1.000000,1.000000,1.000000,1.000000,1.000000,1,10565,788,1590
hpf_ca1__210107_014_edited.swc,pyramidal,25819,1.000000,1.000000,1.000000,1.000000,1.000000,1.000000,1,22556,1445,1817
hpf_ca1__210107_018_edited.swc,pyramidal,19372,1.000000,1.000000,1.000000,1.000000,1.000000,1.000000,1,15842,1178,2351
hpf_ca1__210107_026_edited.swc,pyramidal,17838,1.000000,1.000000,1.000000,1.000000,1.000000,1.000000,1,15135,868,1834
hpf_ca1__210107_029_edited.swc,pyramidal,12726,0.064985,0.333300,1.000000,0.000000,1.000000,0.000000,1,10765,826,1134
hpf_ca1__210107_034_edited.swc,pyramidal,23453,0.954974,0.600400,1.000000,1.000000,0.000000,0.801200,1,20268,0,3184
hpf_ca1__210107_053_edited.swc,pyramidal,15647,1.000000,1.000000,1.000000,1.000000,1.000000,1.000000,1,12880,942,1824
hpf_ca1__210109_005_edited.swc,pyramidal,66088,0.984899,0.831500,1.000000,1.000000,0.810600,0.683800,1,61874,3134,1079
hpf_ca1__210109_012_edited.swc,pyramidal,24637,1.000000,1.000000,1.000000,1.000000,1.000000,1.000000,1,21819,1094,1723
hpf_ca1__210109_015_edited.swc,pyramidal,23982,0.948837,0.592100,1.000000,1.000000,0.000000,0.776200,1,20626,0,3355
hpf_ca1__210109_025_edited.swc,pyramidal,16445,1.000000,1.000000,1.000000,1.000000,1.000000,1.000000,1,13312,1203,1929
hpf_ca1__210109_032_edited.swc,pyramidal,53443,1.000000,1.000000,1.000000,1.000000,1.000000,,1,51461,1981,0
hpf_ca1__210110_003_edited.swc,pyramidal,26920,1.000000,1.000000,1.000000,1.000000,1.000000,1.000000,1,23621,1109,2189
hpf_ca1__210110_008_edited.swc,pyramidal,15109,1.000000,1.000000,1.000000,1.000000,1.000000,1.000000,1,12806,609,1693
hpf_ca1__210110_013_edited.swc,pyramidal,19400,1.000000,1.000000,1.000000,1.000000,1.000000,1.000000,1,16244,1069,2086
hpf_ca1__210110_034_edited.swc,pyramidal,21694,1.000000,1.000000,1.000000,1.000000,1.000000,1.000000,1,18918,721,2054
hpf_ca1__210110_047_edited.swc,pyramidal,12428,1.000000,1.000000,1.000000,1.000000,1.000000,1.000000,1,9570,950,1907
hpf_ca1__210110_054_edited.swc,pyramidal,62732,1.000000,1.000000,1.000000,1.000000,1.000000,1.000000,1,57125,2081,3525
hpf_ca1__210110_057_edited.swc,pyramidal,26528,1.000000,1.000000,1.000000,1.000000,1.000000,1.000000,1,23098,1131,2298
hpf_ca1__210110_066_edited.swc,pyramidal,34730,1.000000,1.000000,1.000000,1.000000,1.000000,,1,33234,1495,0
hpf_ca1__210111_011_edited.swc,pyramidal,30565,1.000000,1.000000,1.000000,1.000000,1.000000,1.000000,1,27530,1717,1317
hpf_ca1__210111_014_edited.swc,pyramidal,17850,1.000000,1.000000,1.000000,1.000000,1.000000,1.000000,1,14358,1179,2312
hpf_ca1__210111_016_edited.swc,pyramidal,25883,0.960785,0.612200,1.000000,1.000000,0.000000,0.836600,1,22269,0,3613
hpf_ca1__210111_100_edited.swc,pyramidal,18638,1.000000,1.000000,1.000000,1.000000,1.000000,1.000000,1,15517,1091,2029
hpf_ca1__210111_161_edited.swc,pyramidal,23406,1.000000,1.000000,1.000000,1.000000,1.000000,,1,21480,1925,0
hpf_ca1__210131_004_edited.swc,pyramidal,16567,1.000000,1.000000,1.000000,1.000000,1.000000,1.000000,1,13861,874,1831
hpf_ca1__210131_005_edited.swc,pyramidal,16445,1.000000,1.000000,1.000000,1.000000,1.000000,1.000000,1,13320,1249,1875
hpf_ca1__210132_003_edited.swc,pyramidal,14079,1.000000,1.000000,1.000000,1.000000,1.000000,1.000000,1,11529,1171,1378
hpf_ca1__210248_017_edited.swc,pyramidal,31064,0.951391,0.852000,1.000000,1.000000,0.704000,,1,27757,1796,1510
hpf_ca1__210249_002_edited.swc,pyramidal,8538,1.000000,1.000000,1.000000,1.000000,1.000000,,1,7184,1353,0
hpf_ca1__210249_005_edited.swc,pyramidal,29807,1.000000,1.000000,1.000000,1.000000,1.000000,1.000000,1,26298,1840,1668
hpf_ca1__210253_001_edited.swc,pyramidal,29412,1.000000,1.000000,1.000000,1.000000,1.000000,,1,27194,2217,0
hpf_ca1__210253_028_edited.swc,pyramidal,46407,1.000000,1.000000,1.000000,1.000000,1.000000,1.000000,1,40660,1827,3919
hpf_ca1__210668_015_edited.swc,pyramidal,49748,1.000000,1.000000,1.000000,1.000000,1.000000,1.000000,1,47450,804,1493
hpf_ca1__210669_016_edited.swc,pyramidal,19240,1.000000,1.000000,1.000000,1.000000,1.000000,1.000000,1,15601,1420,2218
hpf_ca1__210670_015_edited.swc,pyramidal,10400,1.000000,1.000000,1.000000,1.000000,1.000000,1.000000,1,8505,730,1164
hpf_ca1__210670_019_edited.swc,pyramidal,32268,1.000000,1.000000,1.000000,1.000000,1.000000,,1,30404,1863,0
hpf_ca1__210670_023_edited.swc,pyramidal,17822,1.000000,1.000000,1.000000,1.000000,1.000000,1.000000,1,16099,677,1045
hpf_ca1__210670_030_edited.swc,pyramidal,64296,1.000000,1.000000,1.000000,1.000000,1.000000,1.000000,1,60527,1690,2078
hpf_ca1__210671_026_edited.swc,pyramidal,32120,1.000000,1.000000,1.000000,1.000000,1.000000,1.000000,1,29282,1206,1631
hpf_ca1__210671_033_edited.swc,pyramidal,30989,1.000000,1.000000,1.000000,1.000000,1.000000,1.000000,1,28437,896,1655
hpf_ca1__210671_036_edited.swc,pyramidal,54496,1.000000,1.000000,1.000000,1.000000,1.000000,1.000000,1,50493,1593,2409
hpf_ca1__210671_037_edited.swc,pyramidal,16483,1.000000,1.000000,1.000000,1.000000,1.000000,1.000000,1,14031,922,1529
hpf_ca1__210671_061_edited.swc,pyramidal,31839,0.965797,0.829500,1.000000,1.000000,0.739300,0.749100,1,27579,2633,1626
hpf_ca1__210671_062_edited.swc,pyramidal,65754,1.000000,1.000000,1.000000,1.000000,1.000000,1.000000,1,62165,1460,2128
hpf_ca1__210671_066_edited.swc,pyramidal,17967,1.000000,1.000000,1.000000,1.000000,1.000000,1.000000,1,15498,991,1477
hpf_ca1__210698_006_edited.swc,pyramidal,5408,1.000000,1.000000,1.000000,1.000000,1.000000,1.000000,1,2193,1078,2136
hpf_ca1__210698_025_edited.swc,pyramidal,31047,1.000000,1.000000,1.000000,1.000000,1.000000,,1,29081,1965,0
hpf_ca1__210700_004_edited.swc,pyramidal,10312,1.000000,1.000000,1.000000,1.000000,1.000000,1.000000,1,8126,1038,1147
hpf_ca1__210700_006_edited.swc,pyramidal,20808,1.000000,1.000000,1.000000,1.000000,1.000000,,1,18560,2247,0
hpf_ca1__210701_011_edited.swc,pyramidal,46371,0.758383,0.579100,1.000000,0.853800,0.304400,,1,32715,13655,0
hpf_ca1__210701_016_edited.swc,pyramidal,17884,1.000000,1.000000,1.000000,1.000000,1.000000,1.000000,1,15509,666,1708
hpf_ca1__210701_018_edited.swc,pyramidal,12621,1.000000,1.000000,1.000000,1.000000,1.000000,1.000000,1,10182,939,1499
hpf_ca1__210703_021_edited.swc,pyramidal,16838,1.000000,1.000000,1.000000,1.000000,1.000000,,1,16002,835,0
hpf_ca1__210703_025_edited.swc,pyramidal,22735,1.000000,1.000000,1.000000,1.000000,1.000000,,1,21434,1300,0
hpf_ca1__210705_003_edited.swc,pyramidal,44365,1.000000,1.000000,1.000000,1.000000,1.000000,,1,42693,1671,0
hpf_ca1__210705_006_edited.swc,pyramidal,7450,1.000000,1.000000,1.000000,1.000000,1.000000,1.000000,1,5698,641,1110
hpf_ca1__210705_011_edited.swc,pyramidal,12317,1.000000,1.000000,1.000000,1.000000,1.000000,1.000000,1,9120,1085,2111
hpf_ca1__210711_018_edited.swc,pyramidal,22248,1.000000,1.000000,1.000000,1.000000,1.000000,1.000000,1,19017,1046,2184
hpf_ca1__210711_026_edited.swc,pyramidal,17814,1.000000,1.000000,1.000000,1.000000,1.000000,1.000000,1,15249,840,1724
neuromorpho__02a_pyramidal2aFI.swc,pyramidal,1512,0.484788,0.500000,1.000000,,1.000000,0.000000,1,779,732,0
neuromorpho__03b_pyramidal4aFI.swc,pyramidal,971,0.872297,0.931100,1.000000,,0.862200,1.000000,1,124,388,458
neuromorpho__042315C_ECA.swc,pyramidal,9209,1.000000,1.000000,1.000000,,1.000000,1.000000,1,0,2752,6456
neuromorpho__04b_pyramidal6aFI.swc,pyramidal,1038,0.988439,0.994300,1.000000,,0.988500,1.000000,1,12,516,509
neuromorpho__05a_pyramidal10aACC.swc,pyramidal,716,0.825419,0.820800,1.000000,,0.792700,0.848900,1,0,364,351
neuromorpho__060315A_ECA.swc,pyramidal,13811,1.000000,1.000000,1.000000,,1.000000,1.000000,1,0,1778,12032
neuromorpho__061615B_ECA.swc,pyramidal,7911,1.000000,1.000000,1.000000,,1.000000,1.000000,1,0,2166,5744
neuromorpho__062817B_VentralCA1.swc,pyramidal,8934,1.000000,1.000000,1.000000,,1.000000,1.000000,1,0,2238,6695
neuromorpho__07b_pyramidal14aACC.swc,pyramidal,1116,0.831541,0.500000,1.000000,,1.000000,0.000000,1,188,927,0
neuromorpho__081718A_DorsalCA1.swc,pyramidal,8636,1.000000,1.000000,1.000000,,1.000000,1.000000,1,0,2981,5654
neuromorpho__092017A_ECA.swc,pyramidal,11121,1.000000,1.000000,1.000000,,1.000000,1.000000,1,0,1682,9438
neuromorpho__092317A_ECA.swc,pyramidal,7204,1.000000,1.000000,1.000000,,1.000000,1.000000,1,0,3502,3701
neuromorpho__1-ENU2-veichle-neuron3_2.swc,pyramidal,172,1.000000,1.000000,1.000000,,1.000000,1.000000,1,0,39,132
neuromorpho__100A_3_r_Ngr2KO_2.swc,pyramidal,565,1.000000,1.000000,1.000000,,1.000000,1.000000,1,0,16,548
neuromorpho__100A_3_r_Ngr2KO_4.swc,pyramidal,838,1.000000,1.000000,1.000000,,1.000000,1.000000,1,0,256,581
neuromorpho__100C_2_r_Ngr2KO_1.swc,pyramidal,908,1.000000,1.000000,1.000000,,1.000000,1.000000,1,0,253,654
neuromorpho__101A_1_r_Ngr2KO_3.swc,pyramidal,1000,1.000000,1.000000,1.000000,,1.000000,1.000000,1,0,266,733
neuromorpho__101C_1_l_Ngr2KO_2.swc,pyramidal,1397,1.000000,1.000000,1.000000,,1.000000,1.000000,1,0,289,1107
neuromorpho__101C_1_r_Ngr2KO.swc,pyramidal,1315,1.000000,1.000000,1.000000,,1.000000,1.000000,1,0,615,699
neuromorpho__10209c1.swc,pyramidal,1935,1.000000,1.000000,1.000000,1.000000,1.000000,1.000000,1,415,889,630
neuromorpho__10223c4.swc,pyramidal,1944,0.976337,0.660000,1.000000,0.000000,0.979900,1.000000,1,0,1170,773
neuromorpho__1028ir2x-40x-NL.swc,pyramidal,3164,0.707016,0.414200,1.000000,,0.828300,0.000000,1,0,3163,0
neuromorpho__102A_4_r_Ngr2KO_1.swc,pyramidal,155,0.587097,0.737700,1.000000,,0.737700,,1,0,90,64
neuromorpho__102B_1_l_Ngr2KO_2.swc,pyramidal,391,1.000000,1.000000,1.000000,,1.000000,1.000000,1,0,98,292
neuromorpho__102B_1_l_Ngr2KO_4.swc,pyramidal,670,1.000000,1.000000,1.000000,,1.000000,1.000000,1,0,232,437
neuromorpho__10315c1.swc,pyramidal,915,1.000000,1.000000,1.000000,1.000000,1.000000,1.000000,1,249,271,394
neuromorpho__10331c1.swc,pyramidal,1597,0.979962,0.657500,1.000000,0.000000,0.972600,1.000000,1,0,601,995
neuromorpho__103A_3_l_WT.swc,pyramidal,896,1.000000,1.000000,1.000000,,1.000000,1.000000,1,0,446,449
neuromorpho__103D_2_r_WT_1.swc,pyramidal,426,1.000000,1.000000,1.000000,,1.000000,1.000000,1,0,128,297
neuromorpho__104A_2_r_WT.swc,pyramidal,1029,1.000000,1.000000,1.000000,,1.000000,1.000000,1,0,427,601
neuromorpho__10506c3.swc,pyramidal,3175,0.127244,0.222800,1.000000,0.000000,0.445600,,1,1003,403,1768
neuromorpho__10507c1.swc,pyramidal,3315,0.330317,0.250000,1.000000,0.000000,0.750100,0.000000,1,0,1823,1491
neuromorpho__105B_2_r_WT.swc,pyramidal,874,1.000000,1.000000,1.000000,,1.000000,1.000000,1,0,193,680
neuromorpho__105E_4_l_WT_2.swc,pyramidal,625,1.000000,1.000000,1.000000,,1.000000,1.000000,1,0,168,456
neuromorpho__1075-2-Sec6-LTL4.swc,pyramidal,1501,1.000000,1.000000,1.000000,,1.000000,1.000000,1,0,962,538
neuromorpho__1086-2-Sec4-BSL1.swc,pyramidal,2926,1.000000,1.000000,1.000000,,1.000000,1.000000,1,0,2014,911
neuromorpho__1086-2-Sec6-BSL2.swc,pyramidal,849,0.974087,0.986900,1.000000,,0.986900,,1,22,826,0
neuromorpho__1086-4-Sec2-LTL2.swc,pyramidal,2303,0.996960,0.998600,1.000000,,0.997200,1.000000,1,7,1258,1037
neuromorpho__108A_1_r_WT_2.swc,pyramidal,639,0.990610,0.980000,1.000000,,0.960000,1.000000,1,6,72,560
neuromorpho__108A_2_l_WT_1.swc,pyramidal,444,0.981982,0.980400,1.000000,,0.960800,1.000000,1,8,98,337
neuromorpho__108A_2_l_WT_4.swc,pyramidal,325,1.000000,1.000000,1.000000,,,1.000000,1,0,0,324
neuromorpho__108A_2_l_WT_6.swc,pyramidal,311,0.974277,0.958300,1.000000,,0.916700,1.000000,1,8,44,258
neuromorpho__109A_1_r_Ngr2KO_2.swc,pyramidal,960,1.000000,1.000000,1.000000,,1.000000,1.000000,1,0,261,698
neuromorpho__109C_1_r_Ngr2KO_1.swc,pyramidal,678,1.000000,1.000000,1.000000,,1.000000,1.000000,1,0,309,368
neuromorpho__109F_1_l_Ngr2KO_2.swc,pyramidal,942,1.000000,1.000000,1.000000,,1.000000,1.000000,1,0,266,675
neuromorpho__10month-Arctic-44-LR_1.swc,pyramidal,418,1.000000,1.000000,1.000000,,,1.000000,1,0,0,417
neuromorpho__10month-Arctic-44-LR_2.swc,pyramidal,458,1.000000,1.000000,1.000000,,,1.000000,1,0,0,457
neuromorpho__10month-Arctic-45-N_2.swc,pyramidal,257,1.000000,1.000000,1.000000,,,1.000000,1,0,0,256
neuromorpho__10month-Arctic-72144-R_1.swc,pyramidal,338,1.000000,1.000000,1.000000,,,1.000000,1,0,0,337
neuromorpho__10month-Arctic-C5aR1-KO-52280-R_1.swc,pyramidal,781,1.000000,1.000000,1.000000,,,1.000000,1,0,0,780
neuromorpho__10month-Arctic-C5aR1-KO-52280-R_2.swc,pyramidal,547,1.000000,1.000000,1.000000,,,1.000000,1,0,0,546
neuromorpho__10month-Arctic-C5aR1-KO-52280-R_3.swc,pyramidal,699,1.000000,1.000000,1.000000,,,1.000000,1,0,0,698
neuromorpho__10month-Arctic-C5aR1-KO-52280-R_5.swc,pyramidal,486,1.000000,1.000000,1.000000,,,1.000000,1,0,0,485
neuromorpho__10month-C5aR1-KO-52280-N_2.swc,pyramidal,406,1.000000,1.000000,1.000000,,,1.000000,1,0,0,405
neuromorpho__10month-C5aR1-KO-52280-N_3.swc,pyramidal,605,1.000000,1.000000,1.000000,,,1.000000,1,0,0,604
neuromorpho__10month-wt-44-LL_1.swc,pyramidal,280,1.000000,1.000000,1.000000,,,1.000000,1,0,0,279
neuromorpho__10month-wt-45-L-2_1.swc,pyramidal,255,1.000000,1.000000,1.000000,,,1.000000,1,0,0,254
neuromorpho__10month-wt-8_1.swc,pyramidal,334,1.000000,1.000000,1.000000,,,1.000000,1,0,0,333
neuromorpho__10month-wt-8_2.swc,pyramidal,512,1.000000,1.000000,1.000000,,,1.000000,1,0,0,511
neuromorpho__10month-wt-8_4.swc,pyramidal,505,1.000000,1.000000,1.000000,,,1.000000,1,0,0,504
neuromorpho__10month-wt-H364-2-4_1.swc,pyramidal,477,1.000000,1.000000,1.000000,,,1.000000,1,0,0,476
neuromorpho__10month-wt-H364-2-5_1.swc,pyramidal,211,1.000000,1.000000,1.000000,,,1.000000,1,0,0,210
neuromorpho__10month-wt-H364-2_1.swc,pyramidal,736,1.000000,1.000000,1.000000,,,1.000000,1,0,0,735
neuromorpho__10n03c4.swc,pyramidal,815,0.628221,0.500000,1.000000,,1.000000,0.000000,1,303,511,0
neuromorpho__10n12c1.swc,pyramidal,1878,0.994143,0.664300,1.000000,0.000000,0.993000,1.000000,1,0,794,1083
neuromorpho__10o27c2.swc,pyramidal,1687,0.774155,0.543000,1.000000,1.000000,0.629000,0.000000,1,982,704,0
neuromorpho__10o27c3.swc,pyramidal,1315,0.464639,0.327700,1.000000,0.000000,0.983100,0.000000,1,683,631,0
neuromorpho__1103-1-Sec6-LTL2.swc,pyramidal,1747,0.456211,0.626300,1.000000,,0.626300,,1,950,796,0
neuromorpho__1104-2-Sec2-LTL1.swc,pyramidal,1575,0.426667,0.597800,1.000000,,0.597800,,1,0,671,903
neuromorpho__110E_1_L_Ngr2KO_1.swc,pyramidal,182,1.000000,1.000000,1.000000,,,1.000000,1,0,0,181
neuromorpho__110E_1_L_Ngr2KO_2.swc,pyramidal,261,1.000000,1.000000,1.000000,,,1.000000,1,0,0,260
neuromorpho__1115-07-23-R1.swc,pyramidal,151,1.000000,1.000000,1.000000,,1.000000,,1,0,150,0
neuromorpho__1116-3-Sec2-LTL1.swc,pyramidal,817,0.767442,0.434100,1.000000,,0.868200,0.000000,1,105,711,0
neuromorpho__1117-2-Sec6-LTL2.swc,pyramidal,1230,0.757724,0.431000,1.000000,,0.862000,0.000000,1,0,1229,0
neuromorpho__1117-2-Sec7-LTL3.swc,pyramidal,1464,0.979508,0.992700,1.000000,,0.985500,1.000000,1,30,1019,414
neuromorpho__111C_2_r_Ngr2KO.swc,pyramidal,651,1.000000,1.000000,1.000000,,1.000000,1.000000,1,0,401,249
neuromorpho__11220c3.swc,pyramidal,879,0.101251,0.500000,1.000000,,1.000000,0.000000,1,790,88,0
neuromorpho__11224c3.swc,pyramidal,1239,0.411622,0.719800,1.000000,1.000000,0.439700,,1,223,286,729
neuromorpho__1128-2-Sec1-BSL2.swc,pyramidal,1880,0.477128,0.322900,1.000000,,0.645800,0.000000,1,60,1819,0
neuromorpho__112A_1_R_WT.swc,pyramidal,541,1.000000,1.000000,1.000000,,1.000000,1.000000,1,0,177,363
neuromorpho__112F_2_R_WT.swc,pyramidal,350,1.000000,1.000000,1.000000,,1.000000,1.000000,1,0,145,204
neuromorpho__11324c1.swc,pyramidal,1490,0.838255,0.592600,1.000000,1.000000,0.777900,0.000000,1,826,663,0
neuromorpho__113C_2_L_WT_2.swc,pyramidal,471,0.479830,0.500000,1.000000,,1.000000,0.000000,1,245,225,0
neuromorpho__115-04-23-R1.swc,pyramidal,125,1.000000,1.000000,1.000000,,1.000000,,1,0,124,0
neuromorpho__115-04-25-L1.swc,pyramidal,236,1.000000,1.000000,1.000000,,1.000000,,1,0,235,0
neuromorpho__11501-21-R1.swc,pyramidal,230,1.000000,1.000000,1.000000,,1.000000,,1,0,229,0
neuromorpho__11501-23-R1.swc,pyramidal,206,1.000000,1.000000,1.000000,,1.000000,,1,0,205,0
neuromorpho__11502-23-L1.swc,pyramidal,234,1.000000,1.000000,1.000000,,1.000000,,1,0,233,0
neuromorpho__11503-23R1.swc,pyramidal,304,1.000000,1.000000,1.000000,,1.000000,,1,0,303,0
neuromorpho__11505-24-L1.swc,pyramidal,180,1.000000,1.000000,1.000000,,1.000000,,1,0,179,0
neuromorpho__11505-28-L1.swc,pyramidal,219,1.000000,1.000000,1.000000,,1.000000,,1,0,218,0
neuromorpho__11506-19-L1.swc,pyramidal,273,1.000000,1.000000,1.000000,,1.000000,,1,0,272,0
neuromorpho__11508-20-R1.swc,pyramidal,239,1.000000,1.000000,1.000000,,1.000000,,1,0,238,0
neuromorpho__11509-22-L1.swc,pyramidal,146,1.000000,1.000000,1.000000,,1.000000,,1,0,145,0
neuromorpho__11615c1.swc,pyramidal,2048,1.000000,1.000000,1.000000,1.000000,1.000000,,1,1096,951,0
neuromorpho__11615c3.swc,pyramidal,1101,0.985468,0.662400,1.000000,0.000000,0.987100,1.000000,1,0,626,474
neuromorpho__11C3neuron3.swc,pyramidal,3716,0.740850,0.851100,1.000000,,0.851100,,1,0,2752,963
neuromorpho__11_51.swc,pyramidal,2873,0.996519,0.998300,1.000000,,0.998300,,1,10,2862,0
neuromorpho__11c_3.swc,pyramidal,427,1.000000,1.000000,1.000000,,1.000000,,1,0,426,0
neuromorpho__121012V1-3Slice6Cell6.swc,pyramidal,542,1.000000,1.000000,1.000000,,1.000000,1.000000,1,0,212,329
neuromorpho__12B3neuron1Layers.swc,pyramidal,2808,1.000000,1.000000,1.000000,,1.000000,,1,0,2807,0
neuromorpho__12C2neuron1Layers.swc,pyramidal,1162,0.950947,0.974800,1.000000,,0.974800,,1,57,1104,0
neuromorpho__12_46.swc,pyramidal,2409,0.503113,0.669200,1.000000,,0.669200,,1,1197,1211,0
neuromorpho__12_47.swc,pyramidal,4416,0.989130,0.994500,1.000000,,0.994500,,1,48,4367,0
neuromorpho__12_den_ax.swc,pyramidal,81086,0.999988,1.000000,1.000000,1.000000,0.999900,,1,72360,8725,0
neuromorpho__13B1neuron2.swc,pyramidal,2744,1.000000,1.000000,1.000000,,1.000000,,1,0,2743,0
neuromorpho__13_08_13_-2_Cell_-2.swc,pyramidal,31729,1.000000,1.000000,1.000000,1.000000,1.000000,1.000000,1,9329,10027,12372
neuromorpho__13_41.swc,pyramidal,1154,1.000000,1.000000,1.000000,,1.000000,,1,0,1153,0
neuromorpho__1451-1-Sec1-BSL2.swc,pyramidal,1227,0.966585,0.983000,1.000000,,0.983000,,1,41,1185,0
neuromorpho__1460-2-Sec5-LTL2.swc,pyramidal,3189,0.566322,0.723000,1.000000,,0.723000,,1,1170,1805,213
neuromorpho__1463-2-Sec4-LTL2.swc,pyramidal,1190,0.699160,0.822800,1.000000,,0.822800,,1,0,831,358
neuromorpho__14_37.swc,pyramidal,2421,1.000000,1.000000,1.000000,,1.000000,,1,0,2420,0
neuromorpho__15_33.swc,pyramidal,1026,1.000000,1.000000,1.000000,,1.000000,,1,0,1025,0
neuromorpho__16_34.swc,pyramidal,2988,1.000000,1.000000,1.000000,,1.000000,,1,0,2987,0
neuromorpho__180608_morpho4_d4_hippo_D4-Hippo-Fresh-4_crop-2.swc,pyramidal,893,1.000000,1.000000,1.000000,,1.000000,,1,0,892,0
neuromorpho__180608_morpho4_d4_hippo_D4-Hippo-Fresh-4_crop-4.swc,pyramidal,1620,1.000000,1.000000,1.000000,,1.000000,,1,0,1619,0
neuromorpho__180608_morpho4_d4_hippo_D4-Hippo-Fresh-4_crop.swc,pyramidal,670,1.000000,1.000000,1.000000,,1.000000,,1,0,669,0
neuromorpho__180702_morpho-6_hippo_tau488_trfp_map2647_Fresh-4_crop-2.swc,pyramidal,1980,1.000000,1.000000,1.000000,,1.000000,,1,0,1979,0
neuromorpho__180702_morpho-6_hippo_tau488_trfp_map2647_Fresh-6_crop-3.swc,pyramidal,1360,1.000000,1.000000,1.000000,,1.000000,,1,0,1359,0
neuromorpho__180702_morpho-6_hippo_tau488_trfp_map2647_Fresh-6_crop.swc,pyramidal,1895,1.000000,1.000000,1.000000,,1.000000,,1,0,1894,0
neuromorpho__180702_morpho-6_hippo_tau488_trfp_map2647_Fresh-9_crop-4.swc,pyramidal,2628,1.000000,1.000000,1.000000,,1.000000,,1,0,2627,0
neuromorpho__180702_morpho-6_hippo_tau488_trfp_map2647_Hippo-1-10_crop-2.swc,pyramidal,1180,1.000000,1.000000,1.000000,,1.000000,,1,0,1179,0
neuromorpho__180702_morpho-6_hippo_tau488_trfp_map2647_Hippo-1-10_crop-4.swc,pyramidal,5179,1.000000,1.000000,1.000000,,1.000000,,1,0,5178,0
neuromorpho__180702_morpho-6_hippo_tau488_trfp_map2648_Hippo-3-10_crop-1.swc,pyramidal,2371,1.000000,1.000000,1.000000,,1.000000,,1,0,2370,0
neuromorpho__180702_morpho-6_hippo_tau488_trfp_map2648_Hippo-3-10_crop-2.swc,pyramidal,2316,1.000000,1.000000,1.000000,,1.000000,,1,0,2315,0
neuromorpho__180702_morpho-6_hippo_tau488_trfp_map2648_Hippo-3-1_crop-2.swc,pyramidal,2100,1.000000,1.000000,1.000000,,1.000000,,1,0,2099,0
neuromorpho__180702_morpho-6_hippo_tau488_trfp_map2648_Hippo-3-4_crop-6.swc,pyramidal,2513,1.000000,1.000000,1.000000,,1.000000,,1,0,2512,0
neuromorpho__180702_morpho-6_hippo_tau488_trfp_map2648_Hippo-3-6_crop-5.swc,pyramidal,723,1.000000,1.000000,1.000000,,1.000000,,1,0,722,0
neuromorpho__180702_morpho-6_hippo_tau488_trfp_map2648_Hippo-3-8_crop-1.swc,pyramidal,721,1.000000,1.000000,1.000000,,1.000000,,1,0,720,0
neuromorpho__180702_morpho-6_hippo_tau488_trfp_map2648_Hippo-3-8_crop.swc,pyramidal,3073,0.896843,0.945600,1.000000,,0.945600,,1,317,2755,0
neuromorpho__180702_morpho-6_hippo_tau488_trfp_map2648_Hippo-3-9_crop-2.swc,pyramidal,2714,1.000000,1.000000,1.000000,,1.000000,,1,0,2713,0
neuromorpho__180702_morpho-6_hippo_tau488_trfp_map2648_Hippo-3-9_crop-4.swc,pyramidal,2044,1.000000,1.000000,1.000000,,1.000000,,1,0,2043,0
neuromorpho__180702_morpho-6_hippo_tau488_trfp_map2648_Hippo-4-3_crop-2.swc,pyramidal,707,1.000000,1.000000,1.000000,,1.000000,,1,0,706,0
neuromorpho__180702_morpho-6_hippo_tau488_trfp_map2648_Hippo-4-6_crop-1.swc,pyramidal,1049,1.000000,1.000000,1.000000,,1.000000,,1,0,1048,0
neuromorpho__180702_morpho-6_hippo_tau488_trfp_map2648_Hippo-4-6_crop-2.swc,pyramidal,1085,1.000000,1.000000,1.000000,,1.000000,,1,0,1084,0
neuromorpho__180702_morpho-6_hippo_tau488_trfp_map2648_Hippo-4-7_crop-1.swc,pyramidal,1009,1.000000,1.000000,1.000000,,1.000000,,1,0,1008,0
neuromorpho__180702_morpho-6_hippo_tau488_trfp_map2648_Hippo-4-7_crop-4.swc,pyramidal,935,1.000000,1.000000,1.000000,,1.000000,,1,0,934,0
neuromorpho__180702_morpho-6_hippo_tau488_trfp_map2648_Hippo-4-7_crop-5.swc,pyramidal,2423,1.000000,1.000000,1.000000,,1.000000,,1,0,2422,0
neuromorpho__18414_slide2_cell1.swc,pyramidal,998,0.990982,0.995700,1.000000,,0.991300,1.000000,1,9,514,474
neuromorpho__19_26.swc,pyramidal,1956,1.000000,1.000000,1.000000,,1.000000,,1,0,1955,0
neuromorpho__19_den_ax.swc,pyramidal,119039,0.952175,0.472700,1.000000,0.986900,0.431200,0.000000,1,112566,3903,2569
neuromorpho__1A4.swc,pyramidal,2338,0.421728,0.593000,1.000000,,0.593000,,1,1352,985,0
neuromorpho__1_56.swc,pyramidal,9629,1.000000,1.000000,1.000000,,1.000000,,1,0,9628,0
neuromorpho__1a_4.swc,pyramidal,1700,0.813529,0.897100,1.000000,,0.897100,,1,317,1382,0
neuromorpho__2-ENU2-treated-neuron1_2.swc,pyramidal,478,1.000000,1.000000,1.000000,,1.000000,1.000000,1,0,291,186
neuromorpho__2-ENU2-veichle-neuron1_2.swc,pyramidal,198,1.000000,1.000000,1.000000,,1.000000,1.000000,1,0,78,119
neuromorpho__2-ENU2-veichle-neuron3.swc,pyramidal,209,1.000000,1.000000,1.000000,,1.000000,,1,0,208,0
neuromorpho__2-wild-type-veichle-neuron3.swc,pyramidal,288,1.000000,1.000000,1.000000,,1.000000,,1,0,287,0
neuromorpho__20171005C01.swc,pyramidal,3089,0.173519,0.188100,1.000000,,0.376200,0.000000,1,779,535,1774
neuromorpho__20180109B01.swc,pyramidal,3155,0.989857,0.658900,1.000000,0.000000,0.976800,1.000000,1,0,706,2448
neuromorpho__20180207A01.swc,pyramidal,1997,1.000000,1.000000,1.000000,,1.000000,1.000000,1,0,841,1155
neuromorpho__203B-4-L3.swc,pyramidal,1225,1.000000,1.000000,1.000000,,1.000000,1.000000,1,0,855,369
neuromorpho__204B-3-L4.swc,pyramidal,1036,1.000000,1.000000,1.000000,,1.000000,1.000000,1,0,621,414
neuromorpho__207B-1-L3.swc,pyramidal,1389,1.000000,1.000000,1.000000,1.000000,1.000000,1.000000,1,77,701,610
neuromorpho__207B-2-L2.swc,pyramidal,1548,0.628553,0.385900,1.000000,,0.771700,0.000000,1,0,1267,280
neuromorpho__20_den_ax.swc,pyramidal,110088,0.981815,0.581000,1.000000,0.998700,0.744300,0.000000,1,105445,4642,0
neuromorpho__21_22.swc,pyramidal,1668,1.000000,1.000000,1.000000,,1.000000,,1,0,1667,0
neuromorpho__22--OTC-300-pM-CRF-9-weeks-20x.swc,pyramidal,4728,0.957276,0.978200,1.000000,,0.978200,,1,202,4525,0
neuromorpho__22315_cell1.swc,pyramidal,900,1.000000,1.000000,1.000000,,1.000000,1.000000,1,0,572,327
neuromorpho__22315_cell3.swc,pyramidal,1549,0.956101,0.653900,1.000000,0.000000,0.961600,1.000000,1,0,920,628
neuromorpho__22315_cell4.swc,pyramidal,1024,1.000000,1.000000,1.000000,1.000000,1.000000,1.000000,1,31,535,457
neuromorpho__22315_cell5.swc,pyramidal,1143,1.000000,1.000000,1.000000,1.000000,1.000000,1.000000,1,15,589,538
neuromorpho__22411_cell12.swc,pyramidal,979,1.000000,1.000000,1.000000,1.000000,1.000000,1.000000,1,11,647,320
neuromorpho__22411_cell5.swc,pyramidal,2270,0.965198,0.656400,1.000000,0.000000,0.969200,1.000000,1,49,1271,949
neuromorpho__22_19.swc,pyramidal,1513,1.000000,1.000000,1.000000,,1.000000,,1,0,1512,0
neuromorpho__22_21.swc,pyramidal,2421,1.000000,1.000000,1.000000,,1.000000,,1,0,2420,0
neuromorpho__236-1-10LS.swc,pyramidal,767,0.449804,0.309900,1.000000,,0.619800,0.000000,1,344,422,0
neuromorpho__236-1-24LS.swc,pyramidal,505,0.322772,0.368200,1.000000,0.000000,0.324100,0.780500,1,293,131,80
neuromorpho__236-1-9LS.swc,pyramidal,835,1.000000,1.000000,1.000000,,1.000000,1.000000,1,0,591,243
neuromorpho__236-1a-10-AW.swc,pyramidal,374,1.000000,1.000000,1.000000,,1.000000,1.000000,1,0,252,121
neuromorpho__236-1a-12-AW.swc,pyramidal,289,1.000000,1.000000,1.000000,1.000000,1.000000,1.000000,1,6,173,109
neuromorpho__236-2-100LS.swc,pyramidal,407,1.000000,1.000000,1.000000,1.000000,1.000000,1.000000,1,7,290,109
neuromorpho__236-2-13LS.swc,pyramidal,931,1.000000,1.000000,1.000000,,1.000000,1.000000,1,0,532,398
neuromorpho__236-2-16LS.swc,pyramidal,645,1.000000,1.000000,1.000000,1.000000,1.000000,1.000000,1,14,449,181
neuromorpho__236-2-21LS.swc,pyramidal,581,1.000000,1.000000,1.000000,1.000000,1.000000,1.000000,1,9,379,192
neuromorpho__236-2-23LS.swc,pyramidal,537,1.000000,1.000000,1.000000,,1.000000,1.000000,1,0,383,153
neuromorpho__236-2-42LS.swc,pyramidal,430,1.000000,1.000000,1.000000,,1.000000,1.000000,1,0,357,72
neuromorpho__236-2-45LS.swc,pyramidal,544,1.000000,1.000000,1.000000,1.000000,1.000000,1.000000,1,10,309,224
neuromorpho__236-2-47LS.swc,pyramidal,755,1.000000,1.000000,1.000000,1.000000,1.000000,1.000000,1,11,540,203
neuromorpho__236-2-4LS.swc,pyramidal,357,0.551821,0.850700,1.000000,1.000000,0.701500,,1,8,188,160
neuromorpho__236-2-51LS.swc,pyramidal,506,1.000000,1.000000,1.000000,1.000000,1.000000,1.000000,1,11,241,253
neuromorpho__236-2-5LS.swc,pyramidal,354,0.488701,0.327600,1.000000,0.000000,0.655200,,1,72,181,100
neuromorpho__236-2-61LS.swc,pyramidal,602,1.000000,1.000000,1.000000,1.000000,1.000000,1.000000,1,9,440,152
neuromorpho__236-2-62LS.swc,pyramidal,378,0.682540,0.810700,1.000000,,0.810700,,1,0,257,120
neuromorpho__236-2-63LS.swc,pyramidal,506,0.598814,0.871700,1.000000,1.000000,0.743400,,1,8,294,203
neuromorpho__236-2-66LS.swc,pyramidal,461,1.000000,1.000000,1.000000,1.000000,1.000000,,1,6,454,0
neuromorpho__236-2-68LS.swc,pyramidal,573,1.000000,1.000000,1.000000,1.000000,1.000000,1.000000,1,6,250,316
neuromorpho__236-2-69LS.swc,pyramidal,570,0.971930,0.659200,1.000000,0.000000,0.977500,1.000000,1,0,363,206
neuromorpho__236-2-71LS.swc,pyramidal,200,0.800000,0.898000,1.000000,,0.795900,1.000000,1,40,78,81
neuromorpho__236-2-78LS.swc,pyramidal,371,0.654987,0.790800,1.000000,,0.790800,,1,0,242,128
neuromorpho__236-2-82LS.swc,pyramidal,555,0.762162,0.432400,1.000000,0.000000,0.864800,,1,123,431,0
neuromorpho__236-2-87LS.swc,pyramidal,414,1.000000,1.000000,1.000000,1.000000,1.000000,1.000000,1,6,233,174
neuromorpho__236-2-92LS.swc,pyramidal,54,1.000000,1.000000,1.000000,1.000000,1.000000,1.000000,1,7,7,39
neuromorpho__236-2-94LS.swc,pyramidal,108,1.000000,1.000000,1.000000,,,1.000000,1,0,0,107
neuromorpho__236-2-96LS.swc,pyramidal,456,1.000000,1.000000,1.000000,1.000000,1.000000,1.000000,1,7,258,190
neuromorpho__236-2-99LS.swc,pyramidal,241,1.000000,1.000000,1.000000,1.000000,1.000000,1.000000,1,10,128,102
neuromorpho__236-2a-13-AW.swc,pyramidal,577,0.714038,0.416400,1.000000,0.000000,0.832800,,1,162,414,0
neuromorpho__236-2a-25-AW.swc,pyramidal,452,0.654867,0.893400,1.000000,1.000000,0.786900,,1,7,288,156
neuromorpho__236-2a-26-AW.swc,pyramidal,349,1.000000,1.000000,1.000000,,1.000000,1.000000,1,0,194,154
neuromorpho__236-2a-3-AW.swc,pyramidal,337,0.925816,0.960800,1.000000,,0.921600,1.000000,1,25,147,164
neuromorpho__236-2a-40-AW.swc,pyramidal,248,0.955645,0.656000,1.000000,0.000000,0.967900,1.000000,1,6,171,70
neuromorpho__236-2a-41-AW.swc,pyramidal,428,1.000000,1.000000,1.000000,1.000000,1.000000,1.000000,1,7,229,191
neuromorpho__236-2a-5-AW.swc,pyramidal,592,1.000000,1.000000,1.000000,1.000000,1.000000,1.000000,1,9,359,223
neuromorpho__236-2a-52-AW.swc,pyramidal,402,1.000000,1.000000,1.000000,1.000000,1.000000,1.000000,1,6,194,201
neuromorpho__236-2a-53-AW.swc,pyramidal,292,1.000000,1.000000,1.000000,1.000000,1.000000,1.000000,1,6,179,106
neuromorpho__236-2a-57-AW.swc,pyramidal,497,1.000000,1.000000,1.000000,1.000000,1.000000,1.000000,1,9,319,168
neuromorpho__236-2a-59-AW.swc,pyramidal,565,0.994690,0.997700,1.000000,,0.995300,1.000000,1,3,318,243
neuromorpho__236-2a-6-AW.swc,pyramidal,532,1.000000,1.000000,1.000000,1.000000,1.000000,1.000000,1,8,341,182
neuromorpho__236-2a-7-AW.swc,pyramidal,381,0.976378,0.987900,1.000000,,0.975700,1.000000,1,9,181,190
neuromorpho__236-3-10LS.swc,pyramidal,495,1.000000,1.000000,1.000000,,1.000000,1.000000,1,0,320,174
neuromorpho__236-3-31LS.swc,pyramidal,900,0.978889,0.661200,1.000000,0.000000,0.983600,1.000000,1,0,590,309
neuromorpho__236-3-40LS.swc,pyramidal,544,0.935662,0.966700,1.000000,,0.966700,,1,35,508,0
neuromorpho__236-3-41LS.swc,pyramidal,568,0.565141,0.721500,1.000000,,0.721500,,1,0,320,247
neuromorpho__236-3-44LS.swc,pyramidal,434,1.000000,1.000000,1.000000,1.000000,1.000000,1.000000,1,12,329,92
neuromorpho__236-3-47LS.swc,pyramidal,449,0.485523,0.326300,1.000000,0.000000,0.652600,,1,19,223,206
neuromorpho__236-3-51LS.swc,pyramidal,300,0.780000,0.624200,1.000000,1.000000,0.872600,0.000000,1,7,292,0
neuromorpho__236-3-56LS.swc,pyramidal,605,0.985124,0.989200,1.000000,,0.978400,1.000000,1,9,204,391
neuromorpho__236-3-58LS.swc,pyramidal,577,1.000000,1.000000,1.000000,1.000000,1.000000,1.000000,1,11,434,131
neuromorpho__236-3-59LS.swc,pyramidal,415,1.000000,1.000000,1.000000,,1.000000,,1,0,414,0
neuromorpho__236-3-65LS.swc,pyramidal,633,1.000000,1.000000,1.000000,1.000000,1.000000,1.000000,1,8,396,228
neuromorpho__236-3-67LS.swc,pyramidal,820,1.000000,1.000000,1.000000,1.000000,1.000000,1.000000,1,5,566,248
neuromorpho__236-3-69LS.swc,pyramidal,478,0.707113,0.912700,1.000000,1.000000,0.825400,,1,6,331,140
neuromorpho__236-3-7LS.swc,pyramidal,392,0.933673,0.644100,1.000000,0.000000,0.932300,1.000000,1,16,189,186
neuromorpho__236-3-8LS.swc,pyramidal,731,0.753762,0.429700,1.000000,0.000000,0.859400,,1,0,559,171
neuromorpho__241-1-22-AW.swc,pyramidal,464,0.256466,0.135400,1.000000,0.000000,0.406200,0.000000,1,284,179,0
neuromorpho__241-1-2VN.swc,pyramidal,1077,1.000000,1.000000,1.000000,1.000000,1.000000,1.000000,1,188,611,277
neuromorpho__241-1-40VN.swc,pyramidal,914,1.000000,1.000000,1.000000,1.000000,1.000000,1.000000,1,3,485,425
neuromorpho__241-1-43VN.swc,pyramidal,360,0.769444,0.869100,1.000000,1.000000,0.738200,,1,159,117,83
neuromorpho__241-1-44VN.swc,pyramidal,774,1.000000,1.000000,1.000000,1.000000,1.000000,1.000000,1,72,390,311
neuromorpho__241-1-45VN.swc,pyramidal,490,0.920408,0.960900,1.000000,,0.921800,1.000000,1,39,230,220
neuromorpho__241-1-4VN.swc,pyramidal,719,1.000000,1.000000,1.000000,,1.000000,1.000000,1,0,501,217
neuromorpho__241-1-50VN.swc,pyramidal,391,1.000000,1.000000,1.000000,,1.000000,1.000000,1,0,296,94
neuromorpho__241-1-6VN.swc,pyramidal,651,0.612903,0.879100,1.000000,1.000000,0.758200,,1,3,395,252
neuromorpho__241-2-101-AW.swc,pyramidal,349,0.759312,0.790000,1.000000,,0.580000,1.000000,1,84,58,206
neuromorpho__241-2-11VN.swc,pyramidal,520,0.984615,0.662600,1.000000,0.000000,0.987900,1.000000,1,5,330,184
neuromorpho__241-2-15VN.swc,pyramidal,342,0.634503,0.387800,1.000000,,0.775600,0.000000,1,2,339,0
neuromorpho__241-2-18VN.swc,pyramidal,918,0.746187,0.596900,1.000000,0.000000,0.790700,1.000000,1,0,673,244
neuromorpho__241-2-22VN.swc,pyramidal,682,1.000000,1.000000,1.000000,1.000000,1.000000,1.000000,1,7,408,266
neuromorpho__241-2-2VN.swc,pyramidal,392,0.969388,0.659700,1.000000,0.000000,0.979200,1.000000,1,8,287,96
neuromorpho__241-2-33VN.swc,pyramidal,853,1.000000,1.000000,1.000000,,1.000000,1.000000,1,0,607,245
neuromorpho__241-2-35VN.swc,pyramidal,411,0.493917,0.827200,1.000000,1.000000,0.654500,,1,5,197,208
neuromorpho__241-2-3VN.swc,pyramidal,896,0.924107,0.976200,1.000000,,0.952300,1.000000,1,68,679,148
neuromorpho__241-2-49-AW.swc,pyramidal,347,0.994236,0.664900,1.000000,0.000000,0.994700,1.000000,1,0,188,158
neuromorpho__241-2-74LU.swc,pyramidal,304,0.723684,0.918600,1.000000,1.000000,0.837200,,1,3,216,84
neuromorpho__241-2-77LU.swc,pyramidal,500,0.798000,0.608700,1.000000,0.000000,0.826200,1.000000,1,94,247,158
neuromorpho__241-2-7VN.swc,pyramidal,438,0.853881,0.460500,1.000000,,0.921000,0.000000,1,0,437,0
neuromorpho__241-2-85LU.swc,pyramidal,175,1.000000,1.000000,1.000000,,1.000000,1.000000,1,0,161,13
neuromorpho__241-2-87LU.swc,pyramidal,551,0.551724,0.568500,1.000000,1.000000,0.705600,0.000000,1,7,543,0
neuromorpho__241-2-88LU.swc,pyramidal,323,0.659443,0.587000,1.000000,0.000000,0.760900,1.000000,1,104,181,37
neuromorpho__241-2-92LU.swc,pyramidal,385,0.994805,0.665400,1.000000,0.000000,0.996300,1.000000,1,0,272,112
neuromorpho__241-2-93LU.swc,pyramidal,586,0.445392,0.307700,1.000000,,0.615400,0.000000,1,0,263,322
neuromorpho__241-2-96LU.swc,pyramidal,462,1.000000,1.000000,1.000000,1.000000,1.000000,1.000000,1,7,346,108
neuromorpho__241-3-15LU.swc,pyramidal,619,1.000000,1.000000,1.000000,1.000000,1.000000,1.000000,1,7,429,182
neuromorpho__241-3-20LU.swc,pyramidal,416,1.000000,1.000000,1.000000,1.000000,1.000000,1.000000,1,5,282,128
neuromorpho__241-3-24LU.swc,pyramidal,628,0.761146,0.931600,1.000000,1.000000,0.863100,,1,4,473,150
neuromorpho__241-3-29LU.swc,pyramidal,494,1.000000,1.000000,1.000000,1.000000,1.000000,1.000000,1,5,337,151
neuromorpho__241-3-32LU.swc,pyramidal,575,1.000000,1.000000,1.000000,1.000000,1.000000,1.000000,1,7,329,238
neuromorpho__241-3-35LU.swc,pyramidal,524,0.767176,0.933400,1.000000,1.000000,0.866800,,1,4,397,122
neuromorpho__241-3-41LU.swc,pyramidal,617,1.000000,1.000000,1.000000,1.000000,1.000000,1.000000,1,4,353,259
neuromorpho__241-3-43LU.swc,pyramidal,701,1.000000,1.000000,1.000000,1.000000,1.000000,1.000000,1,3,563,134
neuromorpho__241-3-51VN.swc,pyramidal,817,1.000000,1.000000,1.000000,1.000000,1.000000,1.000000,1,4,621,191
neuromorpho__241-3-53VN.swc,pyramidal,593,1.000000,1.000000,1.000000,1.000000,1.000000,1.000000,1,4,400,188
neuromorpho__241-3-70VN.swc,pyramidal,513,1.000000,1.000000,1.000000,1.000000,1.000000,1.000000,1,5,282,225
neuromorpho__242-1-10VN.swc,pyramidal,421,1.000000,1.000000,1.000000,1.000000,1.000000,1.000000,1,8,269,143
neuromorpho__242-1-13VN.swc,pyramidal,261,0.747126,0.787100,1.000000,1.000000,0.789800,0.571400,1,26,190,44
neuromorpho__242-1-18VN.swc,pyramidal,345,0.886957,0.909200,1.000000,1.000000,0.914300,0.813400,1,12,247,85
neuromorpho__242-1-4VN.swc,pyramidal,108,1.000000,1.000000,1.000000,1.000000,1.000000,1.000000,1,17,38,52
neuromorpho__242-1-5VN.swc,pyramidal,554,1.000000,1.000000,1.000000,1.000000,1.000000,1.000000,1,18,388,147
neuromorpho__242-1-6VN.swc,pyramidal,369,0.688347,0.407400,1.000000,0.000000,0.814800,,1,109,259,0
neuromorpho__242-2-10VN.swc,pyramidal,475,1.000000,1.000000,1.000000,1.000000,1.000000,1.000000,1,5,233,236
neuromorpho__242-2-15VN.swc,pyramidal,354,0.471751,0.639700,1.000000,,0.639700,,1,187,166,0
neuromorpho__242-2-16VN.swc,pyramidal,242,0.512397,0.521900,1.000000,,0.415800,0.627900,1,22,138,81
neuromorpho__242-2-37LU.swc,pyramidal,535,1.000000,1.000000,1.000000,1.000000,1.000000,1.000000,1,15,325,194
neuromorpho__242-2-38LU.swc,pyramidal,564,1.000000,1.000000,1.000000,1.000000,1.000000,1.000000,1,8,357,198
neuromorpho__242-3-14-AW.swc,pyramidal,272,1.000000,1.000000,1.000000,1.000000,1.000000,1.000000,1,7,141,123
neuromorpho__242-3-18LU.swc,pyramidal,368,1.000000,1.000000,1.000000,,1.000000,1.000000,1,0,126,241
neuromorpho__242-3-20LU.swc,pyramidal,192,0.645833,0.783400,1.000000,,0.783400,,1,10,123,58
neuromorpho__242-3-3-AW.swc,pyramidal,322,1.000000,1.000000,1.000000,,1.000000,1.000000,1,0,118,203
neuromorpho__243-2-14VN.swc,pyramidal,172,0.622093,0.584300,1.000000,,0.462800,0.705900,1,0,93,78
neuromorpho__243-2-16VN.swc,pyramidal,375,0.898667,0.956200,1.000000,,0.912400,1.000000,1,38,198,138
neuromorpho__243-2-17VN.swc,pyramidal,335,1.000000,1.000000,1.000000,1.000000,1.000000,1.000000,1,7,256,71
neuromorpho__243-2-18VN.swc,pyramidal,452,1.000000,1.000000,1.000000,1.000000,1.000000,1.000000,1,7,360,84
neuromorpho__243-2-20VN.swc,pyramidal,470,1.000000,1.000000,1.000000,1.000000,1.000000,1.000000,1,5,276,188
neuromorpho__243-2-25VN.swc,pyramidal,169,0.928994,0.965500,1.000000,,0.931000,1.000000,1,12,81,75
neuromorpho__243-2-26VN.swc,pyramidal,310,0.935484,0.973800,1.000000,,0.947600,1.000000,1,20,181,108
neuromorpho__243-3-13VN.swc,pyramidal,510,1.000000,1.000000,1.000000,1.000000,1.000000,1.000000,1,24,281,204
neuromorpho__243-3-16VN.swc,pyramidal,377,1.000000,1.000000,1.000000,1.000000,1.000000,1.000000,1,7,266,103
neuromorpho__243-3-17VN.swc,pyramidal,597,1.000000,1.000000,1.000000,1.000000,1.000000,1.000000,1,10,344,242
neuromorpho__243-3-19VN.swc,pyramidal,483,0.722567,0.279500,1.000000,0.000000,0.838600,0.000000,1,103,379,0
neuromorpho__243-3-1VN.swc,pyramidal,408,1.000000,1.000000,1.000000,1.000000,1.000000,1.000000,1,7,140,260
neuromorpho__243-3-24VN.swc,pyramidal,301,1.000000,1.000000,1.000000,1.000000,1.000000,1.000000,1,25,163,112
neuromorpho__243-3-28VN.swc,pyramidal,609,0.935961,0.648800,1.000000,0.000000,0.946500,1.000000,1,27,357,224
neuromorpho__243-3-33VN.swc,pyramidal,217,1.000000,1.000000,1.000000,1.000000,1.000000,1.000000,1,7,154,55
neuromorpho__243-3-35VN.swc,pyramidal,364,1.000000,1.000000,1.000000,1.000000,1.000000,1.000000,1,14,225,124
neuromorpho__243-3-4VN.swc,pyramidal,462,1.000000,1.000000,1.000000,,1.000000,1.000000,1,0,270,191
neuromorpho__243-3-8VN.swc,pyramidal,582,0.690722,0.907400,1.000000,1.000000,0.814800,,1,5,396,180
neuromorpho__24_17.swc,pyramidal,2923,1.000000,1.000000,1.000000,,1.000000,,1,0,2922,0
neuromorpho__25_15.swc,pyramidal,1393,1.000000,1.000000,1.000000,,1.000000,,1,0,1392,0
neuromorpho__25_16.swc,pyramidal,3979,1.000000,1.000000,1.000000,,1.000000,,1,0,3978,0
neuromorpho__25o_pyramidal18aFI.swc,pyramidal,752,0.671543,0.829700,1.000000,,0.659300,1.000000,1,247,239,265
neuromorpho__29_den_ax.swc,pyramidal,98142,0.993581,0.933700,1.000000,0.996600,0.804600,1.000000,1,93102,1297,3742
neuromorpho__3-wild-type-veichle-neuron1_2.swc,pyramidal,852,0.942488,0.963800,1.000000,,0.927600,1.000000,1,49,314,488
neuromorpho__3-wild-type-veichle-neuron2.swc,pyramidal,564,1.000000,1.000000,1.000000,,1.000000,,1,0,563,0
neuromorpho__30_den_ax.swc,pyramidal,122122,0.997453,0.983100,1.000000,0.998700,0.967500,,1,117497,4624,0
neuromorpho__31991_cell9.swc,pyramidal,1589,1.000000,1.000000,1.000000,1.000000,1.000000,1.000000,1,49,1105,434
neuromorpho__31995_slide1_cell3.swc,pyramidal,248,1.000000,1.000000,1.000000,,,1.000000,1,0,0,247
neuromorpho__31995_slide2_cell9.swc,pyramidal,1366,0.806735,0.330800,1.000000,0.000000,0.992300,0.000000,1,247,1118,0
neuromorpho__31_10.swc,pyramidal,770,0.310390,0.472700,1.000000,,0.472700,,1,531,238,0
neuromorpho__32315-V1-3Slice2Cell1.swc,pyramidal,904,0.935841,0.977300,1.000000,,0.954500,1.000000,1,58,609,236
neuromorpho__32315-V1-3Slice8Cell1.swc,pyramidal,1886,0.573171,0.559900,1.000000,,0.484300,0.635600,1,0,1183,702
neuromorpho__32315-V1-4Slice6Cell2.swc,pyramidal,2028,0.599112,0.598000,1.000000,,0.617100,0.579000,1,0,1468,559
neuromorpho__32315V1-3Slice7Cell1.swc,pyramidal,1068,1.000000,1.000000,1.000000,,1.000000,1.000000,1,0,360,707
neuromorpho__32315V1-3Slice8Cell2.swc,pyramidal,945,1.000000,1.000000,1.000000,,1.000000,1.000000,1,0,471,473
neuromorpho__32315V1-4Slice5Cell1.swc,pyramidal,876,1.000000,1.000000,1.000000,,1.000000,1.000000,1,0,516,359
neuromorpho__32368_slide1_cell8.swc,pyramidal,1678,1.000000,1.000000,1.000000,1.000000,1.000000,1.000000,1,25,1021,631
neuromorpho__33_11.swc,pyramidal,1627,0.971112,0.985300,1.000000,,0.985300,,1,47,1579,0
neuromorpho__33_den_ax.swc,pyramidal,134606,0.999205,0.994300,1.000000,0.999600,0.988900,,1,129824,4781,0
neuromorpho__34_9.swc,pyramidal,2194,1.000000,1.000000,1.000000,,1.000000,,1,0,2193,0
neuromorpho__35_11.swc,pyramidal,1440,1.000000,1.000000,1.000000,,1.000000,,1,0,1439,0
neuromorpho__36_10.swc,pyramidal,2167,1.000000,1.000000,1.000000,,1.000000,,1,0,2166,0
neuromorpho__36_den_ax.swc,pyramidal,108426,0.994365,0.966400,1.000000,0.997100,0.935800,,1,103974,4451,0
neuromorpho__37112_slide1_cell10.swc,pyramidal,1682,1.000000,1.000000,1.000000,1.000000,1.000000,1.000000,1,31,1139,511
neuromorpho__37112_slide1_cell4.swc,pyramidal,1880,1.000000,1.000000,1.000000,1.000000,1.000000,1.000000,1,20,1181,678
neuromorpho__37112_slide2_cell2.swc,pyramidal,1479,1.000000,1.000000,1.000000,1.000000,1.000000,1.000000,1,25,1048,405
neuromorpho__37112_slide2_cell7.swc,pyramidal,1698,0.944641,0.651400,1.000000,0.000000,0.954100,1.000000,1,0,1071,626
neuromorpho__37_9.swc,pyramidal,3549,1.000000,1.000000,1.000000,,1.000000,,1,0,3548,0
neuromorpho__389-01-01.swc,pyramidal,779,1.000000,1.000000,1.000000,1.000000,1.000000,,1,624,154,0
neuromorpho__389-01-02.swc,pyramidal,672,0.953869,0.631900,1.000000,0.000000,0.895600,1.000000,1,0,164,507
neuromorpho__38_8.swc,pyramidal,3141,1.000000,1.000000,1.000000,,1.000000,,1,0,3140,0
neuromorpho__38d.swc,pyramidal,1201,0.975021,0.987300,1.000000,,0.987300,,1,30,1170,0
neuromorpho__391-01.swc,pyramidal,570,1.000000,1.000000,1.000000,,1.000000,1.000000,1,0,139,430
neuromorpho__391-05.swc,pyramidal,1025,1.000000,1.000000,1.000000,,1.000000,1.000000,1,0,150,874
neuromorpho__391-06.swc,pyramidal,2320,1.000000,1.000000,1.000000,,1.000000,1.000000,1,0,750,1569
neuromorpho__3PO1_1.swc,pyramidal,1008,0.398810,0.189900,1.000000,0.000000,0.569600,0.000000,1,55,952,0
neuromorpho__3PO2_1.swc,pyramidal,845,0.255621,0.135300,1.000000,0.000000,0.406000,0.000000,1,68,776,0
neuromorpho__3PO2_2.swc,pyramidal,417,0.170264,0.096000,1.000000,0.000000,0.288100,0.000000,1,0,416,0
neuromorpho__3PO2_3.swc,pyramidal,1052,0.898289,0.549000,1.000000,0.000000,0.646900,1.000000,1,0,205,846
neuromorpho__3_53.swc,pyramidal,1606,0.990037,0.995000,1.000000,,0.995000,,1,16,1589,0
neuromorpho__3_54.swc,pyramidal,2117,1.000000,1.000000,1.000000,,1.000000,,1,0,2116,0
neuromorpho__3b.swc,pyramidal,766,1.000000,1.000000,1.000000,,1.000000,,1,0,765,0
neuromorpho__3d_1.swc,pyramidal,3054,0.813360,0.897000,1.000000,,0.897000,,1,6,2483,564
neuromorpho__4-ENU2-treated-neuron2.swc,pyramidal,846,0.722222,0.838500,1.000000,,0.838500,,1,0,610,235
neuromorpho__4-ENU2-treated-neuron3.swc,pyramidal,457,0.547046,0.706400,1.000000,,0.706400,,1,0,249,207
neuromorpho__4314ARCHV1-2Slice8Cell2.swc,pyramidal,851,1.000000,1.000000,1.000000,,1.000000,1.000000,1,0,427,423
neuromorpho__46-Neurone-1.swc,pyramidal,483,1.000000,1.000000,1.000000,1.000000,1.000000,1.000000,1,20,273,189
neuromorpho__46-Neurone-2.swc,pyramidal,708,0.782486,0.438900,1.000000,,0.877800,0.000000,1,58,649,0
neuromorpho__4_52.swc,pyramidal,1103,0.832276,0.908400,1.000000,,0.908400,,1,185,917,0
neuromorpho__4a_2.swc,pyramidal,2265,1.000000,1.000000,1.000000,,1.000000,,1,0,2264,0
neuromorpho__4c.swc,pyramidal,2657,0.625894,0.769800,1.000000,,0.769800,,1,0,1662,994
neuromorpho__517s1c1.swc,pyramidal,3728,0.752951,0.500000,1.000000,,1.000000,0.000000,1,921,2806,0
neuromorpho__53-Neurone1.swc,pyramidal,783,1.000000,1.000000,1.000000,1.000000,1.000000,1.000000,1,53,413,316
neuromorpho__554-1-R4.swc,pyramidal,593,0.482293,0.649900,1.000000,,0.649900,,1,4,285,303
neuromorpho__554-2-L1.swc,pyramidal,986,0.800203,0.444400,1.000000,,0.888900,0.000000,1,0,985,0
neuromorpho__554-2-L3.swc,pyramidal,1623,1.000000,1.000000,1.000000,,1.000000,1.000000,1,0,1329,293
neuromorpho__554-2-R3.swc,pyramidal,1731,1.000000,1.000000,1.000000,1.000000,1.000000,1.000000,1,68,907,755
neuromorpho__557-2-L5.swc,pyramidal,1262,1.000000,1.000000,1.000000,,1.000000,,1,0,1261,0
neuromorpho__557-3-R2.swc,pyramidal,1221,0.680590,0.809800,1.000000,,0.809800,,1,102,830,288
neuromorpho__560-3-R1.swc,pyramidal,1348,0.402077,0.286500,1.000000,,0.573100,0.000000,1,0,1347,0
neuromorpho__560-4-L1.swc,pyramidal,938,0.655650,0.881000,1.000000,1.000000,0.762000,,1,97,517,323
neuromorpho__560-4-R2.swc,pyramidal,1209,0.723739,0.913500,1.000000,1.000000,0.826900,,1,76,798,334
neuromorpho__5_42.swc,pyramidal,62,0.854839,0.460200,1.000000,,0.920400,0.000000,1,0,61,0
neuromorpho__5b_1.swc,pyramidal,3946,1.000000,1.000000,1.000000,,1.000000,,1,0,3945,0
neuromorpho__72513V1-4Slice2Cell1.swc,pyramidal,1523,1.000000,1.000000,1.000000,,1.000000,1.000000,1,0,562,960
neuromorpho__72513V1-4Slice3Cell2.swc,pyramidal,917,1.000000,1.000000,1.000000,,1.000000,1.000000,1,0,404,512
neuromorpho__72513V1-5Slice2Cell1.swc,pyramidal,1419,1.000000,1.000000,1.000000,,1.000000,1.000000,1,0,534,884
neuromorpho__72715-V1-2slice10.swc,pyramidal,580,1.000000,1.000000,1.000000,,1.000000,1.000000,1,0,215,364
neuromorpho__72715-V1-2slice5.swc,pyramidal,767,1.000000,1.000000,1.000000,,1.000000,1.000000,1,0,329,437
neuromorpho__72715-V1-2slice5cell3.swc,pyramidal,872,1.000000,1.000000,1.000000,,1.000000,1.000000,1,0,507,364
neuromorpho__72715-V1-2slice9.swc,pyramidal,1017,1.000000,1.000000,1.000000,,1.000000,1.000000,1,0,598,418
neuromorpho__72715-V1-5Slice4Cell1.swc,pyramidal,738,0.760163,0.431800,1.000000,,0.863500,0.000000,1,0,737,0
neuromorpho__72715.swc,pyramidal,414,1.000000,1.000000,1.000000,,1.000000,1.000000,1,0,148,265
neuromorpho__7_44.swc,pyramidal,2432,1.000000,1.000000,1.000000,,1.000000,,1,0,2431,0
neuromorpho__7month-Arctic-13_2.swc,pyramidal,511,1.000000,1.000000,1.000000,,,1.000000,1,0,0,510
neuromorpho__7month-Arctic-13_3.swc,pyramidal,244,1.000000,1.000000,1.000000,,,1.000000,1,0,0,243
neuromorpho__7month-Arctic-13_8.swc,pyramidal,737,1.000000,1.000000,1.000000,,,1.000000,1,0,0,736
neuromorpho__7month-Arctic-17_4.swc,pyramidal,428,1.000000,1.000000,1.000000,,,1.000000,1,0,0,427
neuromorpho__7month-Arctic-20_5.swc,pyramidal,285,1.000000,1.000000,1.000000,,,1.000000,1,0,0,284
neuromorpho__7month-Arctic-9_1.swc,pyramidal,1230,1.000000,1.000000,1.000000,,,1.000000,1,0,0,1229
neuromorpho__7month-Arctic-C5aR1-KO-24_3.swc,pyramidal,518,1.000000,1.000000,1.000000,,,1.000000,1,0,0,517
neuromorpho__7month-Arctic-C5aR1-KO-24_5.swc,pyramidal,582,1.000000,1.000000,1.000000,,,1.000000,1,0,0,581
neuromorpho__7month-C5aR1-KO-18-3.swc,pyramidal,427,1.000000,1.000000,1.000000,,,1.000000,1,0,0,426
neuromorpho__7month-C5aR1-KO-18-4.swc,pyramidal,544,1.000000,1.000000,1.000000,,,1.000000,1,0,0,543
neuromorpho__7month-wt-16_1.swc,pyramidal,891,1.000000,1.000000,1.000000,,,1.000000,1,0,0,890
neuromorpho__7month-wt-16_2.swc,pyramidal,702,1.000000,1.000000,1.000000,,,1.000000,1,0,0,701
neuromorpho__8_den_ax.swc,pyramidal,114475,0.998436,0.988200,1.000000,0.999200,0.965400,1.000000,1,109716,2500,2258
neuromorpho__908s3c3.swc,pyramidal,3922,1.000000,1.000000,1.000000,1.000000,1.000000,1.000000,1,207,2146,1568
neuromorpho__A1-N1-1_final.swc,pyramidal,1360,1.000000,1.000000,1.000000,,1.000000,,1,0,1359,0
neuromorpho__A1-N2-1_final.swc,pyramidal,1179,1.000000,1.000000,1.000000,,1.000000,,1,0,1178,0
neuromorpho__A1-N3-1_13jun-5-_final.swc,pyramidal,1382,1.000000,1.000000,1.000000,,1.000000,,1,0,1381,0
neuromorpho__A110111PYR.swc,pyramidal,5737,0.930974,0.604200,1.000000,0.000000,0.812700,1.000000,1,386,869,4481
neuromorpho__A1_slide1_neuron1.swc,pyramidal,537,0.925512,0.645400,1.000000,0.000000,0.936100,1.000000,1,13,320,203
neuromorpho__A1_slide2_10.swc,pyramidal,1876,1.000000,1.000000,1.000000,1.000000,1.000000,1.000000,1,12,598,1265
neuromorpho__A1_slide2_11.swc,pyramidal,927,0.943905,0.649600,1.000000,0.000000,0.948900,1.000000,1,46,489,391
neuromorpho__A1_slide2_14.swc,pyramidal,364,1.000000,1.000000,1.000000,1.000000,1.000000,1.000000,1,61,155,147
neuromorpho__A1_slide2_16.swc,pyramidal,348,1.000000,1.000000,1.000000,,1.000000,1.000000,1,0,202,145
neuromorpho__A1_slide2_19.swc,pyramidal,455,1.000000,1.000000,1.000000,1.000000,1.000000,1.000000,1,32,201,221
neuromorpho__A1_slide2_4.swc,pyramidal,446,1.000000,1.000000,1.000000,1.000000,1.000000,1.000000,1,10,192,243
neuromorpho__A1_slide2_neuron2.swc,pyramidal,561,1.000000,1.000000,1.000000,1.000000,1.000000,1.000000,1,27,211,322
neuromorpho__A1_slide2_neuron3.swc,pyramidal,530,1.000000,1.000000,1.000000,1.000000,1.000000,1.000000,1,41,132,356
neuromorpho__A1_slide3_5.swc,pyramidal,576,0.447917,0.301600,1.000000,0.000000,0.904900,0.000000,1,264,311,0
neuromorpho__A1_slide3_neuron1.swc,pyramidal,626,1.000000,1.000000,1.000000,1.000000,1.000000,1.000000,1,22,329,274
neuromorpho__A1_slide3_neuron4.swc,pyramidal,536,1.000000,1.000000,1.000000,1.000000,1.000000,1.000000,1,20,232,283
neuromorpho__A1_slide4_neuron1.swc,pyramidal,1091,1.000000,1.000000,1.000000,1.000000,1.000000,1.000000,1,37,478,575
neuromorpho__A2-N2-3_final.swc,pyramidal,1462,1.000000,1.000000,1.000000,,1.000000,,1,0,1461,0
neuromorpho__A2-N4-2_1.swc,pyramidal,1159,1.000000,1.000000,1.000000,,1.000000,,1,0,1158,0
neuromorpho__A2-N9-2_final.swc,pyramidal,1291,1.000000,1.000000,1.000000,,1.000000,,1,0,1290,0
neuromorpho__A2_slide1_4.swc,pyramidal,663,0.983409,0.991100,1.000000,,0.982100,1.000000,1,11,302,349
neuromorpho__A2_slide1_neuron2.swc,pyramidal,636,1.000000,1.000000,1.000000,1.000000,1.000000,1.000000,1,10,333,292
neuromorpho__A2_slide2_1.swc,pyramidal,556,0.953237,0.652700,1.000000,0.000000,0.958100,1.000000,1,19,304,232
neuromorpho__A2_slide2_17.swc,pyramidal,610,1.000000,1.000000,1.000000,1.000000,1.000000,1.000000,1,13,377,219
neuromorpho__A2_slide2_neuron4.swc,pyramidal,639,1.000000,1.000000,1.000000,1.000000,1.000000,1.000000,1,28,193,417
neuromorpho__A2_slide3_12.swc,pyramidal,2249,1.000000,1.000000,1.000000,1.000000,1.000000,1.000000,1,10,1240,998
neuromorpho__A2_slide3_4.swc,pyramidal,290,0.951724,0.650600,1.000000,0.000000,0.951700,1.000000,1,0,152,137
neuromorpho__A3-N8-2_final.swc,pyramidal,1330,1.000000,1.000000,1.000000,,1.000000,,1,0,1329,0
neuromorpho__A3-n11-2_final.swc,pyramidal,682,1.000000,1.000000,1.000000,,1.000000,,1,0,681,0
neuromorpho__A3-n12-2_final.swc,pyramidal,884,1.000000,1.000000,1.000000,,1.000000,,1,0,883,0
neuromorpho__A3-n8-2_1.swc,pyramidal,861,1.000000,1.000000,1.000000,,1.000000,,1,0,860,0
neuromorpho__A3_slide2_1.swc,pyramidal,582,0.981100,0.990400,1.000000,,0.980800,1.000000,1,11,281,289
neuromorpho__A3_slide2_11.swc,pyramidal,1191,1.000000,1.000000,1.000000,1.000000,1.000000,1.000000,1,36,788,366
neuromorpho__A3_slide2_13.swc,pyramidal,1671,1.000000,1.000000,1.000000,1.000000,1.000000,1.000000,1,34,604,1032
neuromorpho__A3_slide2_16.swc,pyramidal,404,0.737624,0.853600,1.000000,,0.707200,1.000000,1,106,128,169
neuromorpho__A3_slide2_4.swc,pyramidal,685,1.000000,1.000000,1.000000,1.000000,1.000000,1.000000,1,16,263,405
neuromorpho__A3_slide2_8.swc,pyramidal,1934,1.000000,1.000000,1.000000,1.000000,1.000000,1.000000,1,29,1011,893
neuromorpho__A3_slide2_neuron3.swc,pyramidal,469,1.000000,1.000000,1.000000,1.000000,1.000000,1.000000,1,6,218,244
neuromorpho__A3_slide3_24.swc,pyramidal,715,1.000000,1.000000,1.000000,1.000000,1.000000,1.000000,1,12,401,301
neuromorpho__A3_slide3_4.swc,pyramidal,448,1.000000,1.000000,1.000000,1.000000,1.000000,1.000000,1,17,166,264
neuromorpho__A3_slide3_7.swc,pyramidal,1515,0.955776,0.654400,1.000000,0.000000,0.963200,1.000000,1,22,923,569
neuromorpho__A3_slide3_9.swc,pyramidal,991,0.971746,0.652400,1.000000,0.000000,0.957300,1.000000,1,0,342,648
neuromorpho__A3_slide3_Neuron4.swc,pyramidal,384,1.000000,1.000000,1.000000,1.000000,1.000000,1.000000,1,31,184,168
neuromorpho__A3_slide3_neuron1.swc,pyramidal,408,1.000000,1.000000,1.000000,1.000000,1.000000,1.000000,1,4,244,159
neuromorpho__A3_slide3_neuron5.swc,pyramidal,1251,1.000000,1.000000,1.000000,1.000000,1.000000,1.000000,1,186,397,667
neuromorpho__A3_slide3_neuron6.swc,pyramidal,579,1.000000,1.000000,1.000000,1.000000,1.000000,1.000000,1,15,289,274
neuromorpho__A4-N1-3_final.swc,pyramidal,1010,1.000000,1.000000,1.000000,,1.000000,,1,0,1009,0
neuromorpho__A4-N11-4_final.swc,pyramidal,1122,1.000000,1.000000,1.000000,,1.000000,,1,0,1121,0
neuromorpho__A4-N14-1_final.swc,pyramidal,1113,1.000000,1.000000,1.000000,,1.000000,,1,0,1112,0
neuromorpho__A4-N5-2_final.swc,pyramidal,1607,1.000000,1.000000,1.000000,,1.000000,,1,0,1606,0
neuromorpho__A4_slide1_1.swc,pyramidal,288,1.000000,1.000000,1.000000,1.000000,1.000000,1.000000,1,6,118,163
neuromorpho__A4_slide1_neuron1.swc,pyramidal,1481,0.926401,0.626700,1.000000,0.000000,0.880100,1.000000,1,81,428,971
neuromorpho__A4_slide2_10.swc,pyramidal,941,1.000000,1.000000,1.000000,1.000000,1.000000,1.000000,1,11,338,591
neuromorpho__A4_slide2_13.swc,pyramidal,418,1.000000,1.000000,1.000000,1.000000,1.000000,1.000000,1,52,228,137
neuromorpho__A4_slide2_17.swc,pyramidal,484,1.000000,1.000000,1.000000,1.000000,1.000000,1.000000,1,21,158,304
neuromorpho__A4_slide2_19.swc,pyramidal,752,0.972074,0.656700,1.000000,0.000000,0.970000,1.000000,1,14,347,390
neuromorpho__A4_slide2_24.swc,pyramidal,530,1.000000,1.000000,1.000000,1.000000,1.000000,1.000000,1,19,199,311
neuromorpho__A4_slide2_25.swc,pyramidal,666,1.000000,1.000000,1.000000,1.000000,1.000000,1.000000,1,18,199,448
neuromorpho__A4_slide2_8.swc,pyramidal,416,1.000000,1.000000,1.000000,1.000000,1.000000,1.000000,1,13,223,179
neuromorpho__A4_slide2_neuron2_II_III.swc,pyramidal,725,1.000000,1.000000,1.000000,1.000000,1.000000,1.000000,1,103,389,232
neuromorpho__A4_slide2_neuron4.swc,pyramidal,563,1.000000,1.000000,1.000000,1.000000,1.000000,1.000000,1,44,247,271
neuromorpho__A4_slide2_neuron5.swc,pyramidal,543,1.000000,1.000000,1.000000,1.000000,1.000000,1.000000,1,36,233,273
neuromorpho__A4_slide3_16.swc,pyramidal,378,1.000000,1.000000,1.000000,1.000000,1.000000,1.000000,1,65,209,103
neuromorpho__A4_slide3_20.swc,pyramidal,636,1.000000,1.000000,1.000000,1.000000,1.000000,1.000000,1,61,337,237
neuromorpho__A4_slide3_21.swc,pyramidal,591,1.000000,1.000000,1.000000,1.000000,1.000000,1.000000,1,9,361,220
neuromorpho__A4_slide3_9.swc,pyramidal,1599,1.000000,1.000000,1.000000,1.000000,1.000000,1.000000,1,3,917,678
neuromorpho__A586_NeuronC_40x_Tile_Trace_MK.swc,pyramidal,785,1.000000,1.000000,1.000000,,1.000000,1.000000,1,0,393,391
neuromorpho__A952_NeuronA_40X_Tile_Trace_RK.swc,pyramidal,714,1.000000,1.000000,1.000000,,1.000000,1.000000,1,0,407,306
neuromorpho__AA0314.swc,pyramidal,3854,1.000000,1.000000,1.000000,1.000000,1.000000,,1,3262,591,0
neuromorpho__AA0323.swc,pyramidal,1850,1.000000,1.000000,1.000000,1.000000,1.000000,,1,1407,442,0
neuromorpho__AA0327.swc,pyramidal,3807,1.000000,1.000000,1.000000,1.000000,1.000000,,1,3259,547,0
neuromorpho__AA0331.swc,pyramidal,4335,1.000000,1.000000,1.000000,1.000000,1.000000,,1,3946,388,0
neuromorpho__AA0335.swc,pyramidal,5699,1.000000,1.000000,1.000000,1.000000,1.000000,,1,5317,381,0
neuromorpho__AA0337.swc,pyramidal,4031,1.000000,1.000000,1.000000,1.000000,1.000000,,1,3507,523,0
neuromorpho__AA0342.swc,pyramidal,5842,1.000000,1.000000,1.000000,1.000000,1.000000,,1,5466,375,0
neuromorpho__AA0345.swc,pyramidal,3937,1.000000,1.000000,1.000000,1.000000,1.000000,,1,3333,603,0
neuromorpho__AA0347.swc,pyramidal,4986,1.000000,1.000000,1.000000,1.000000,1.000000,,1,4246,739,0
neuromorpho__AA0348.swc,pyramidal,4144,1.000000,1.000000,1.000000,1.000000,1.000000,,1,3035,1108,0
neuromorpho__AA0349.swc,pyramidal,4555,1.000000,1.000000,1.000000,1.000000,1.000000,,1,3848,706,0
neuromorpho__AA0350.swc,pyramidal,4792,1.000000,1.000000,1.000000,1.000000,1.000000,,1,4256,535,0
neuromorpho__AA0351.swc,pyramidal,857,1.000000,1.000000,1.000000,1.000000,1.000000,,1,624,232,0
neuromorpho__AA0352.swc,pyramidal,3348,1.000000,1.000000,1.000000,1.000000,1.000000,,1,2899,448,0
neuromorpho__AA0358.swc,pyramidal,5381,1.000000,1.000000,1.000000,1.000000,1.000000,,1,4698,682,0
neuromorpho__AA0359.swc,pyramidal,2511,1.000000,1.000000,1.000000,1.000000,1.000000,,1,2275,235,0
neuromorpho__AA0363.swc,pyramidal,2673,1.000000,1.000000,1.000000,1.000000,1.000000,,1,2157,515,0
neuromorpho__AA0366.swc,pyramidal,4502,1.000000,1.000000,1.000000,1.000000,1.000000,,1,3435,1066,0
neuromorpho__AA0367.swc,pyramidal,4858,1.000000,1.000000,1.000000,1.000000,1.000000,,1,4514,343,0
neuromorpho__AA0372.swc,pyramidal,2802,1.000000,1.000000,1.000000,1.000000,1.000000,,1,2580,221,0
neuromorpho__AA0377.swc,pyramidal,7405,1.000000,1.000000,1.000000,1.000000,1.000000,,1,7045,359,0
neuromorpho__AA0384.swc,pyramidal,3137,1.000000,1.000000,1.000000,1.000000,1.000000,,1,2967,169,0
neuromorpho__AA0396.swc,pyramidal,33005,1.000000,1.000000,1.000000,1.000000,1.000000,,1,32774,230,0
neuromorpho__AA0400.swc,pyramidal,20014,1.000000,1.000000,1.000000,1.000000,1.000000,,1,19469,544,0
neuromorpho__AA0408.swc,pyramidal,17231,1.000000,1.000000,1.000000,1.000000,1.000000,,1,16878,352,0
neuromorpho__AA0409.swc,pyramidal,15876,1.000000,1.000000,1.000000,1.000000,1.000000,,1,15339,536,0
neuromorpho__AA0417.swc,pyramidal,14252,1.000000,1.000000,1.000000,1.000000,1.000000,,1,13766,485,0
neuromorpho__AA0426.swc,pyramidal,15313,1.000000,1.000000,1.000000,1.000000,1.000000,,1,15009,303,0
neuromorpho__AA0433.swc,pyramidal,2179,1.000000,1.000000,1.000000,1.000000,1.000000,,1,2002,176,0
neuromorpho__AA0442.swc,pyramidal,57368,1.000000,1.000000,1.000000,1.000000,1.000000,,1,56759,608,0
neuromorpho__AA0445.swc,pyramidal,16811,1.000000,1.000000,1.000000,1.000000,1.000000,,1,16362,448,0
neuromorpho__AA0453.swc,pyramidal,2339,1.000000,1.000000,1.000000,1.000000,1.000000,,1,1924,414,0
neuromorpho__AA0464.swc,pyramidal,2184,1.000000,1.000000,1.000000,1.000000,1.000000,,1,1925,258,0
neuromorpho__AA0473.swc,pyramidal,4345,1.000000,1.000000,1.000000,1.000000,1.000000,,1,4022,322,0
neuromorpho__AA0478.swc,pyramidal,522,1.000000,1.000000,1.000000,1.000000,1.000000,,1,384,137,0
neuromorpho__AA0479.swc,pyramidal,734,1.000000,1.000000,1.000000,1.000000,1.000000,,1,508,225,0
neuromorpho__AA0489.swc,pyramidal,1095,1.000000,1.000000,1.000000,1.000000,1.000000,,1,504,590,0
neuromorpho__AA0494.swc,pyramidal,1173,1.000000,1.000000,1.000000,1.000000,1.000000,,1,944,228,0
neuromorpho__AA0500.swc,pyramidal,531,1.000000,1.000000,1.000000,1.000000,1.000000,,1,261,269,0
neuromorpho__AA0511.swc,pyramidal,1687,1.000000,1.000000,1.000000,1.000000,1.000000,,1,1611,75,0
neuromorpho__AA0519.swc,pyramidal,4648,1.000000,1.000000,1.000000,1.000000,1.000000,,1,4171,476,0
neuromorpho__AA0525.swc,pyramidal,1280,1.000000,1.000000,1.000000,1.000000,1.000000,,1,812,467,0
neuromorpho__AA0530.swc,pyramidal,1366,1.000000,1.000000,1.000000,1.000000,1.000000,,1,1137,228,0
neuromorpho__AA0540.swc,pyramidal,1905,1.000000,1.000000,1.000000,1.000000,1.000000,,1,1466,438,0
neuromorpho__AA0543.swc,pyramidal,1496,1.000000,1.000000,1.000000,1.000000,1.000000,,1,1273,222,0
neuromorpho__AA0564.swc,pyramidal,984,1.000000,1.000000,1.000000,1.000000,1.000000,,1,506,477,0
neuromorpho__AA0565.swc,pyramidal,1275,1.000000,1.000000,1.000000,1.000000,1.000000,,1,946,328,0
neuromorpho__AA0574.swc,pyramidal,2185,1.000000,1.000000,1.000000,1.000000,1.000000,,1,1746,438,0
neuromorpho__AA0584.swc,pyramidal,2955,1.000000,1.000000,1.000000,1.000000,1.000000,,1,2199,755,0
neuromorpho__AA0601.swc,pyramidal,3272,1.000000,1.000000,1.000000,1.000000,1.000000,,1,3040,231,0
neuromorpho__AA0612.swc,pyramidal,23987,1.000000,1.000000,1.000000,1.000000,1.000000,,1,23044,942,0
neuromorpho__AA0622.swc,pyramidal,45803,1.000000,1.000000,1.000000,1.000000,1.000000,,1,45172,630,0
neuromorpho__AA0626.swc,pyramidal,11290,1.000000,1.000000,1.000000,1.000000,1.000000,,1,10939,350,0
neuromorpho__AA0658.swc,pyramidal,2642,1.000000,1.000000,1.000000,1.000000,1.000000,,1,2189,452,0
neuromorpho__AA0659.swc,pyramidal,3018,1.000000,1.000000,1.000000,1.000000,1.000000,,1,2485,532,0
neuromorpho__AA0661.swc,pyramidal,4130,1.000000,1.000000,1.000000,1.000000,1.000000,,1,3806,323,0
neuromorpho__AA0678.swc,pyramidal,3051,1.000000,1.000000,1.000000,1.000000,1.000000,,1,2723,327,0
neuromorpho__AA0685.swc,pyramidal,2787,1.000000,1.000000,1.000000,1.000000,1.000000,,1,2344,442,0
neuromorpho__AA0710.swc,pyramidal,911,1.000000,1.000000,1.000000,1.000000,1.000000,,1,755,155,0
neuromorpho__AA0711.swc,pyramidal,2522,1.000000,1.000000,1.000000,1.000000,1.000000,,1,2019,502,0
neuromorpho__AA0713.swc,pyramidal,1402,1.000000,1.000000,1.000000,1.000000,1.000000,,1,1156,245,0
neuromorpho__AA0732.swc,pyramidal,3449,1.000000,1.000000,1.000000,1.000000,1.000000,,1,3191,257,0
neuromorpho__AA0735.swc,pyramidal,27249,1.000000,1.000000,1.000000,1.000000,1.000000,,1,26980,268,0
neuromorpho__AA0736.swc,pyramidal,2039,1.000000,1.000000,1.000000,1.000000,1.000000,,1,1710,328,0
neuromorpho__AA0751.swc,pyramidal,2854,1.000000,1.000000,1.000000,1.000000,1.000000,,1,2656,197,0
neuromorpho__AA0757.swc,pyramidal,1676,1.000000,1.000000,1.000000,1.000000,1.000000,,1,1452,223,0
neuromorpho__AA0767.swc,pyramidal,12578,1.000000,1.000000,1.000000,1.000000,1.000000,,1,11931,646,0
neuromorpho__AA0772.swc,pyramidal,10738,1.000000,1.000000,1.000000,1.000000,1.000000,,1,10108,629,0
neuromorpho__AA0776.swc,pyramidal,3143,1.000000,1.000000,1.000000,1.000000,1.000000,,1,2912,230,0
neuromorpho__AA0781.swc,pyramidal,2977,1.000000,1.000000,1.000000,1.000000,1.000000,,1,2760,216,0
neuromorpho__AA0791.swc,pyramidal,5495,1.000000,1.000000,1.000000,1.000000,1.000000,,1,4695,799,0
neuromorpho__AA0792.swc,pyramidal,3153,1.000000,1.000000,1.000000,1.000000,1.000000,,1,2737,415,0
neuromorpho__AA0794.swc,pyramidal,7576,1.000000,1.000000,1.000000,1.000000,1.000000,,1,7086,489,0
neuromorpho__AA0798.swc,pyramidal,11996,1.000000,1.000000,1.000000,1.000000,1.000000,,1,11637,358,0
neuromorpho__AA0806.swc,pyramidal,4367,1.000000,1.000000,1.000000,1.000000,1.000000,,1,4105,261,0
neuromorpho__AA0813.swc,pyramidal,991,1.000000,1.000000,1.000000,1.000000,1.000000,,1,823,167,0
neuromorpho__AA0820.swc,pyramidal,1858,1.000000,1.000000,1.000000,1.000000,1.000000,,1,1460,397,0
neuromorpho__AA0823.swc,pyramidal,3906,1.000000,1.000000,1.000000,1.000000,1.000000,,1,3481,424,0
neuromorpho__AA0824.swc,pyramidal,2107,1.000000,1.000000,1.000000,1.000000,1.000000,,1,1827,279,0
neuromorpho__AA0843.swc,pyramidal,1155,1.000000,1.000000,1.000000,1.000000,1.000000,,1,921,233,0
neuromorpho__AA0850.swc,pyramidal,2407,1.000000,1.000000,1.000000,1.000000,1.000000,,1,1916,490,0
neuromorpho__AA0852.swc,pyramidal,2073,1.000000,1.000000,1.000000,1.000000,1.000000,,1,1812,260,0
neuromorpho__AA0863.swc,pyramidal,1084,1.000000,1.000000,1.000000,1.000000,1.000000,,1,799,284,0
neuromorpho__AA0865.swc,pyramidal,4937,1.000000,1.000000,1.000000,1.000000,1.000000,,1,4477,459,0
neuromorpho__AA0870.swc,pyramidal,3636,1.000000,1.000000,1.000000,1.000000,1.000000,,1,3370,265,0
neuromorpho__AA0873.swc,pyramidal,3447,1.000000,1.000000,1.000000,1.000000,1.000000,,1,3053,393,0
neuromorpho__AA0876.swc,pyramidal,5531,1.000000,1.000000,1.000000,1.000000,1.000000,,1,5310,220,0
neuromorpho__AA0884.swc,pyramidal,1116,1.000000,1.000000,1.000000,1.000000,1.000000,,1,943,172,0
neuromorpho__AA0891.swc,pyramidal,1526,1.000000,1.000000,1.000000,1.000000,1.000000,,1,1405,120,0
neuromorpho__AA0899.swc,pyramidal,1272,1.000000,1.000000,1.000000,1.000000,1.000000,,1,1014,257,0
neuromorpho__AA0902.swc,pyramidal,361,1.000000,1.000000,1.000000,1.000000,1.000000,,1,150,210,0
neuromorpho__AA0906.swc,pyramidal,2717,1.000000,1.000000,1.000000,1.000000,1.000000,,1,2325,391,0
neuromorpho__AA0913.swc,pyramidal,1101,1.000000,1.000000,1.000000,1.000000,1.000000,,1,874,226,0
neuromorpho__AA0914.swc,pyramidal,1705,1.000000,1.000000,1.000000,1.000000,1.000000,,1,1443,261,0
neuromorpho__AA0919.swc,pyramidal,2851,1.000000,1.000000,1.000000,1.000000,1.000000,,1,2420,430,0
neuromorpho__AA0926.swc,pyramidal,5649,1.000000,1.000000,1.000000,1.000000,1.000000,,1,4817,831,0
neuromorpho__AA0945.swc,pyramidal,5457,1.000000,1.000000,1.000000,1.000000,1.000000,,1,4982,474,0
neuromorpho__AA0953.swc,pyramidal,2550,1.000000,1.000000,1.000000,1.000000,1.000000,,1,2191,358,0
neuromorpho__AA0994.swc,pyramidal,745,1.000000,1.000000,1.000000,1.000000,1.000000,,1,550,194,0
neuromorpho__APPKO-set1-010.swc,pyramidal,1015,1.000000,1.000000,1.000000,,1.000000,,1,0,1014,0
neuromorpho__APPKO-set2-004.swc,pyramidal,1097,1.000000,1.000000,1.000000,,1.000000,,1,0,1096,0
neuromorpho__APPKO-set3-001.swc,pyramidal,1469,1.000000,1.000000,1.000000,,1.000000,,1,0,1468,0
neuromorpho__APPKO-set3-002.swc,pyramidal,1168,1.000000,1.000000,1.000000,,1.000000,,1,0,1167,0
neuromorpho__A_RFP_0004_final.swc,pyramidal,711,1.000000,1.000000,1.000000,,1.000000,,1,0,710,0
neuromorpho__A_RFP_0005_2final.swc,pyramidal,926,1.000000,1.000000,1.000000,,1.000000,,1,0,925,0
neuromorpho__A_RFP_0006_2final.swc,pyramidal,571,1.000000,1.000000,1.000000,,1.000000,,1,0,570,0
neuromorpho__A_RFP_0006_final2.swc,pyramidal,1284,1.000000,1.000000,1.000000,,1.000000,,1,0,1283,0
neuromorpho__A_RFP_0007_final2.swc,pyramidal,730,1.000000,1.000000,1.000000,,1.000000,,1,0,729,0
neuromorpho__A_RFP_0008_2final.swc,pyramidal,844,1.000000,1.000000,1.000000,,1.000000,,1,0,843,0
neuromorpho__A_RFP_0014_2final.swc,pyramidal,854,1.000000,1.000000,1.000000,,1.000000,,1,0,853,0
neuromorpho__A_RFP_0016_final2.swc,pyramidal,1157,0.915298,0.955700,1.000000,,0.955700,,1,98,1058,0
neuromorpho__A_RFP_0018_final2.swc,pyramidal,1211,1.000000,1.000000,1.000000,,1.000000,,1,0,1210,0
neuromorpho__B1_Slide3_1.swc,pyramidal,451,1.000000,1.000000,1.000000,1.000000,1.000000,1.000000,1,36,187,227
neuromorpho__B1_slide1_1.swc,pyramidal,286,1.000000,1.000000,1.000000,1.000000,1.000000,1.000000,1,22,100,163
neuromorpho__B1_slide1_2.swc,pyramidal,389,1.000000,1.000000,1.000000,1.000000,1.000000,1.000000,1,31,99,258
neuromorpho__B1_slide2_10.swc,pyramidal,377,1.000000,1.000000,1.000000,1.000000,1.000000,1.000000,1,28,142,206
neuromorpho__B1_slide2_3.swc,pyramidal,810,1.000000,1.000000,1.000000,1.000000,1.000000,1.000000,1,16,448,345
neuromorpho__B1_slide2_neuron1_II_III.swc,pyramidal,1099,1.000000,1.000000,1.000000,1.000000,1.000000,1.000000,1,84,411,603
neuromorpho__B1_slide3_5.swc,pyramidal,178,1.000000,1.000000,1.000000,1.000000,1.000000,1.000000,1,15,85,77
neuromorpho__B1_slide3_6.swc,pyramidal,385,1.000000,1.000000,1.000000,1.000000,1.000000,1.000000,1,4,219,161
neuromorpho__B1_slide3_9.swc,pyramidal,306,1.000000,1.000000,1.000000,1.000000,1.000000,1.000000,1,14,95,196
neuromorpho__B1_slide3_neuron1.swc,pyramidal,465,1.000000,1.000000,1.000000,1.000000,1.000000,1.000000,1,32,228,204
neuromorpho__B1_slide3_neuron1_II_III.swc,pyramidal,239,0.907950,0.647600,1.000000,1.000000,0.942700,0.000000,1,35,203,0
neuromorpho__B1_slide4_4.swc,pyramidal,661,1.000000,1.000000,1.000000,1.000000,1.000000,1.000000,1,25,273,362
neuromorpho__B1_slide4_neuron1_II_III.swc,pyramidal,909,1.000000,1.000000,1.000000,1.000000,1.000000,1.000000,1,131,368,409
neuromorpho__B1_slide4_neuron4.swc,pyramidal,504,0.906746,0.635000,1.000000,0.000000,0.905100,1.000000,1,25,246,232
neuromorpho__B1_slide4_neuron5.swc,pyramidal,1862,1.000000,1.000000,1.000000,1.000000,1.000000,1.000000,1,19,583,1259
neuromorpho__B2_slide1_7.swc,pyramidal,385,0.994805,0.996300,1.000000,1.000000,0.993400,0.995500,1,11,152,221
neuromorpho__B2_slide1_neuron4_II_III.swc,pyramidal,394,0.730964,0.582500,1.000000,0.000000,0.747600,1.000000,1,68,195,130
neuromorpho__B2_slide2_17.swc,pyramidal,333,1.000000,1.000000,1.000000,1.000000,1.000000,1.000000,1,25,193,114
neuromorpho__B2_slide2_5.swc,pyramidal,705,0.912057,0.636100,1.000000,0.000000,0.908300,1.000000,1,35,334,335
neuromorpho__B2_slide2_7.swc,pyramidal,400,1.000000,1.000000,1.000000,1.000000,1.000000,1.000000,1,10,189,200
neuromorpho__B2_slide2_9a.swc,pyramidal,1802,1.000000,1.000000,1.000000,1.000000,1.000000,1.000000,1,36,1225,540
neuromorpho__B2_slide2_neuron2.swc,pyramidal,483,0.879917,0.618300,1.000000,0.000000,0.855000,1.000000,1,27,202,253
neuromorpho__B2_slide2_neuron3.swc,pyramidal,478,1.000000,1.000000,1.000000,1.000000,1.000000,1.000000,1,40,217,220
neuromorpho__B2_slide2_neuron5.swc,pyramidal,447,0.986577,0.993100,1.000000,,0.986200,1.000000,1,6,214,226
neuromorpho__B2_slide3_16.swc,pyramidal,1646,0.996962,0.997100,1.000000,1.000000,0.993200,0.998000,1,17,370,1258
neuromorpho__B2_slide3_8.swc,pyramidal,742,0.533693,0.322300,1.000000,0.000000,0.967000,0.000000,1,319,422,0
neuromorpho__B2_slide3_neuron3.swc,pyramidal,372,0.763441,0.891600,1.000000,,0.783300,1.000000,1,88,159,124
neuromorpho__B3_slide1_4.swc,pyramidal,1101,1.000000,1.000000,1.000000,1.000000,1.000000,1.000000,1,9,389,702
neuromorpho__B3_slide1_neuron2.swc,pyramidal,516,0.951550,0.650200,1.000000,0.000000,0.950700,1.000000,1,17,249,249
neuromorpho__B3_slide1_neuron5.swc,pyramidal,1599,0.969356,0.655400,1.000000,0.000000,0.966200,1.000000,1,0,750,848
neuromorpho__B3_slide2_10.swc,pyramidal,621,1.000000,1.000000,1.000000,1.000000,1.000000,1.000000,1,46,371,203
neuromorpho__B3_slide2_11.swc,pyramidal,1461,1.000000,1.000000,1.000000,1.000000,1.000000,1.000000,1,24,726,710
neuromorpho__B3_slide2_12.swc,pyramidal,1168,1.000000,1.000000,1.000000,1.000000,1.000000,1.000000,1,98,617,452
neuromorpho__B3_slide2_15.swc,pyramidal,311,1.000000,1.000000,1.000000,1.000000,1.000000,1.000000,1,30,93,187
neuromorpho__B3_slide2_4.swc,pyramidal,474,0.723629,0.568500,1.000000,0.000000,0.705600,1.000000,1,108,180,185
neuromorpho__B3_slide2_5.swc,pyramidal,551,0.921960,0.643100,1.000000,0.000000,0.929400,1.000000,1,32,294,224
neuromorpho__B3_slide2_neuron4_.swc,pyramidal,410,1.000000,1.000000,1.000000,1.000000,1.000000,1.000000,1,40,224,145
neuromorpho__B3_slide3_neuron4.swc,pyramidal,422,1.000000,1.000000,1.000000,1.000000,1.000000,1.000000,1,25,236,160
neuromorpho__B3_slide4_neuron1.swc,pyramidal,1721,0.861127,0.569400,1.000000,0.000000,0.805200,0.903000,1,0,733,987
neuromorpho__B4_slide2_8.swc,pyramidal,1385,1.000000,1.000000,1.000000,1.000000,1.000000,1.000000,1,16,643,725
neuromorpho__B4_slide2_neuron2_II_III.swc,pyramidal,1050,1.000000,1.000000,1.000000,1.000000,1.000000,1.000000,1,29,352,668
neuromorpho__B4_slide3_11.swc,pyramidal,417,1.000000,1.000000,1.000000,1.000000,1.000000,1.000000,1,18,181,217
neuromorpho__B4_slide3_12.swc,pyramidal,429,1.000000,1.000000,1.000000,1.000000,1.000000,1.000000,1,19,76,333
neuromorpho__B4_slide3_13.swc,pyramidal,496,1.000000,1.000000,1.000000,1.000000,1.000000,1.000000,1,17,160,318
neuromorpho__B4_slide3_20.swc,pyramidal,753,0.895086,0.628800,1.000000,0.000000,0.886300,1.000000,1,55,332,365
neuromorpho__B4_slide3_5.swc,pyramidal,912,1.000000,1.000000,1.000000,1.000000,1.000000,1.000000,1,76,411,424
neuromorpho__B4_slide3_neuron2.swc,pyramidal,348,1.000000,1.000000,1.000000,1.000000,1.000000,1.000000,1,18,131,198
neuromorpho__B4_slide3_neuron2_II_III.swc,pyramidal,586,1.000000,1.000000,1.000000,1.000000,1.000000,1.000000,1,193,225,167
neuromorpho__B4_slide3_neuron4.swc,pyramidal,407,1.000000,1.000000,1.000000,1.000000,1.000000,1.000000,1,14,119,273
neuromorpho__B4_slide4_1.swc,pyramidal,333,0.885886,0.632200,1.000000,0.000000,0.896700,1.000000,1,26,177,129
neuromorpho__B4_slide4_neuron3.swc,pyramidal,474,1.000000,1.000000,1.000000,,1.000000,1.000000,1,0,251,222
neuromorpho__B4_slide4_neuron4_II_III.swc,pyramidal,654,0.865443,0.590700,1.000000,0.000000,0.772000,1.000000,1,55,182,416
neuromorpho__B913_NeuronC_40x_Tile_Trace_MK.swc,pyramidal,1414,0.185997,0.156400,1.000000,,0.312800,0.000000,1,0,1413,0
neuromorpho__B924_NeuronA_40X_Tile_Trace_RK.swc,pyramidal,1330,1.000000,1.000000,1.000000,,1.000000,1.000000,1,0,456,873
neuromorpho__B949_NeuronC_40x_Tile_Trace_RK.swc,pyramidal,796,0.384422,0.500000,1.000000,,1.000000,0.000000,1,490,305,0
neuromorpho__B_GFP_0003_final.swc,pyramidal,757,1.000000,1.000000,1.000000,,1.000000,,1,0,756,0
neuromorpho__B_GFP_0007_final.swc,pyramidal,776,1.000000,1.000000,1.000000,,1.000000,,1,0,775,0
neuromorpho__B_GFP_0017_final.swc,pyramidal,742,1.000000,1.000000,1.000000,,1.000000,,1,0,741,0
neuromorpho__B_RFP_0001_final.swc,pyramidal,1073,1.000000,1.000000,1.000000,,1.000000,,1,0,1072,0
neuromorpho__B_RFP_0001_final2.swc,pyramidal,952,1.000000,1.000000,1.000000,,1.000000,,1,0,951,0
neuromorpho__B_RFP_0002_final.swc,pyramidal,924,1.000000,1.000000,1.000000,,1.000000,,1,0,923,0
neuromorpho__B_RFP_0006_final.swc,pyramidal,790,1.000000,1.000000,1.000000,,1.000000,,1,0,789,0
neuromorpho__B_RFP_0008_final.swc,pyramidal,1195,1.000000,1.000000,1.000000,,1.000000,,1,0,1194,0
neuromorpho__B_RFP_0011_final.swc,pyramidal,872,1.000000,1.000000,1.000000,,1.000000,,1,0,871,0
neuromorpho__B_RFP_0015_final.swc,pyramidal,1034,1.000000,1.000000,1.000000,,1.000000,,1,0,1033,0
neuromorpho__C10-17.swc,pyramidal,364,1.000000,1.000000,1.000000,,1.000000,1.000000,1,0,178,185
neuromorpho__C10-23.swc,pyramidal,310,1.000000,1.000000,1.000000,,1.000000,1.000000,1,0,244,65
neuromorpho__C10-3.swc,pyramidal,448,0.794643,0.442600,1.000000,,0.885300,0.000000,1,0,447,0
neuromorpho__C10-31.swc,pyramidal,480,1.000000,1.000000,1.000000,,1.000000,1.000000,1,0,242,237
neuromorpho__C10-5.swc,pyramidal,608,1.000000,1.000000,1.000000,,1.000000,1.000000,1,0,364,243
neuromorpho__C1005-2KO-whole-8.swc,pyramidal,153,1.000000,1.000000,1.000000,,1.000000,1.000000,1,0,114,38
neuromorpho__C1042-whole-2.swc,pyramidal,61,0.540984,0.347800,1.000000,,0.695700,0.000000,1,0,60,0
neuromorpho__C1046-ap1-3.swc,pyramidal,81,1.000000,1.000000,1.000000,,,1.000000,1,0,0,80
neuromorpho__C1046-whole-4-ap-1.swc,pyramidal,56,1.000000,1.000000,1.000000,,,1.000000,1,0,0,55
neuromorpho__C1054-whole-3.swc,pyramidal,50,0.020000,0.000000,1.000000,,,0.000000,1,49,0,0
neuromorpho__C3_3.swc,pyramidal,663,0.567119,0.241100,1.000000,0.000000,0.723200,0.000000,1,0,662,0
neuromorpho__C912-WT-basal-2.swc,pyramidal,72,0.013889,0.000000,1.000000,,0.000000,,1,0,0,71
neuromorpho__C916-WT-M8-123-3.swc,pyramidal,95,1.000000,1.000000,1.000000,,,1.000000,1,0,0,94
neuromorpho__C916-WT-M8base-whole-5.swc,pyramidal,202,0.792079,0.441700,1.000000,,0.883300,0.000000,1,0,201,0
neuromorpho__C916-WT-ap1.swc,pyramidal,66,1.000000,1.000000,1.000000,,,1.000000,1,0,0,65
neuromorpho__CA1_slide2_neuron1.swc,pyramidal,842,1.000000,1.000000,1.000000,1.000000,1.000000,1.000000,1,45,345,451
neuromorpho__CA1_slide2_neuron2.swc,pyramidal,1861,0.931757,0.649300,1.000000,0.000000,0.947800,1.000000,1,102,1177,581
neuromorpho__CA3_slide2_neuron3.swc,pyramidal,1584,0.818813,0.521600,1.000000,0.000000,0.660400,0.904400,1,21,545,1017
neuromorpho__CA3_slide2_neuron5.swc,pyramidal,1463,1.000000,1.000000,1.000000,1.000000,1.000000,1.000000,1,18,625,819
neuromorpho__CA4_slide3_neuron3.swc,pyramidal,709,1.000000,1.000000,1.000000,1.000000,1.000000,1.000000,1,43,424,241
neuromorpho__CSp0302-1.swc,pyramidal,12269,0.994295,0.995900,1.000000,,0.991900,1.000000,1,70,4281,7917
neuromorpho__C_GFP_0014_final.swc,pyramidal,760,1.000000,1.000000,1.000000,,1.000000,,1,0,759,0
neuromorpho__C_RFP_0004_final.swc,pyramidal,662,1.000000,1.000000,1.000000,,1.000000,,1,0,661,0
neuromorpho__C_RFP_0010_final.swc,pyramidal,1498,1.000000,1.000000,1.000000,,1.000000,,1,0,1497,0
neuromorpho__Cell-1-2_10.swc,pyramidal,377,1.000000,1.000000,1.000000,1.000000,1.000000,,1,339,37,0
neuromorpho__Cell-1-2_8.swc,pyramidal,369,1.000000,1.000000,1.000000,,1.000000,,1,0,368,0
neuromorpho__Cell-10-3.swc,pyramidal,148,1.000000,1.000000,1.000000,,1.000000,,1,0,147,0
neuromorpho__Cell-10-4_1.swc,pyramidal,458,1.000000,1.000000,1.000000,1.000000,1.000000,,1,417,40,0
neuromorpho__Cell-11-3_1.swc,pyramidal,364,1.000000,1.000000,1.000000,,1.000000,,1,0,363,0
neuromorpho__Cell-12-2_2.swc,pyramidal,256,1.000000,1.000000,1.000000,,1.000000,,1,0,255,0
neuromorpho__Cell-12_7.swc,pyramidal,355,1.000000,1.000000,1.000000,1.000000,1.000000,,1,293,61,0
neuromorpho__Cell-12_8.swc,pyramidal,176,1.000000,1.000000,1.000000,1.000000,1.000000,,1,142,33,0
neuromorpho__Cell-13-4_1.swc,pyramidal,186,1.000000,1.000000,1.000000,,1.000000,,1,0,185,0
neuromorpho__Cell-14_5.swc,pyramidal,259,0.332046,0.495600,1.000000,,0.495600,,1,173,85,0
neuromorpho__Cell-15-2.swc,pyramidal,434,1.000000,1.000000,1.000000,,1.000000,,1,0,433,0
neuromorpho__Cell-15-3.swc,pyramidal,311,1.000000,1.000000,1.000000,,1.000000,,1,0,310,0
neuromorpho__Cell-16_4.swc,pyramidal,145,1.000000,1.000000,1.000000,,1.000000,,1,0,144,0
neuromorpho__Cell-16_5.swc,pyramidal,152,1.000000,1.000000,1.000000,,1.000000,,1,0,151,0
neuromorpho__Cell-17-2.swc,pyramidal,173,1.000000,1.000000,1.000000,,1.000000,,1,0,172,0
neuromorpho__Cell-17_3.swc,pyramidal,329,1.000000,1.000000,1.000000,,1.000000,,1,0,328,0
neuromorpho__Cell-17_5.swc,pyramidal,114,1.000000,1.000000,1.000000,,1.000000,,1,0,113,0
neuromorpho__Cell-18-3.swc,pyramidal,276,1.000000,1.000000,1.000000,,1.000000,,1,0,275,0
neuromorpho__Cell-18-4.swc,pyramidal,258,0.666667,0.799100,1.000000,,0.799100,,1,86,171,0
neuromorpho__Cell-18_03.swc,pyramidal,179,1.000000,1.000000,1.000000,,1.000000,,1,0,178,0
neuromorpho__Cell-19_2.swc,pyramidal,300,1.000000,1.000000,1.000000,,1.000000,,1,0,299,0
neuromorpho__Cell-1_13.swc,pyramidal,142,1.000000,1.000000,1.000000,,1.000000,,1,0,141,0
neuromorpho__Cell-2-4_1.swc,pyramidal,300,1.000000,1.000000,1.000000,,1.000000,,1,0,299,0
neuromorpho__Cell-3-2_10.swc,pyramidal,347,1.000000,1.000000,1.000000,1.000000,1.000000,,1,295,51,0
neuromorpho__Cell-3-2_5.swc,pyramidal,154,1.000000,1.000000,1.000000,,1.000000,,1,0,153,0
neuromorpho__Cell-3-2_6.swc,pyramidal,246,1.000000,1.000000,1.000000,,1.000000,,1,0,245,0
neuromorpho__Cell-3-2_7.swc,pyramidal,153,1.000000,1.000000,1.000000,,1.000000,,1,0,152,0
neuromorpho__Cell-3_10.swc,pyramidal,168,1.000000,1.000000,1.000000,,1.000000,,1,0,167,0
neuromorpho__Cell-3_14.swc,pyramidal,198,1.000000,1.000000,1.000000,1.000000,1.000000,,1,158,39,0
neuromorpho__Cell-4-2_6.swc,pyramidal,208,1.000000,1.000000,1.000000,,1.000000,,1,0,207,0
neuromorpho__Cell-4-2_7.swc,pyramidal,216,1.000000,1.000000,1.000000,,1.000000,,1,0,215,0
neuromorpho__Cell-4-2_8.swc,pyramidal,266,1.000000,1.000000,1.000000,,1.000000,,1,0,265,0
neuromorpho__Cell-4-2_9.swc,pyramidal,317,1.000000,1.000000,1.000000,1.000000,1.000000,,1,254,62,0
neuromorpho__Cell-4-3_2.swc,pyramidal,92,1.000000,1.000000,1.000000,,1.000000,,1,0,91,0
neuromorpho__Cell-4-4_2.swc,pyramidal,148,1.000000,1.000000,1.000000,,1.000000,,1,0,147,0
neuromorpho__Cell-4-5_1.swc,pyramidal,233,1.000000,1.000000,1.000000,,1.000000,,1,0,232,0
neuromorpho__Cell-4_10.swc,pyramidal,125,1.000000,1.000000,1.000000,,1.000000,,1,0,124,0
neuromorpho__Cell-4_13.swc,pyramidal,228,1.000000,1.000000,1.000000,,1.000000,,1,0,227,0
neuromorpho__Cell-5-3_2.swc,pyramidal,207,1.000000,1.000000,1.000000,,1.000000,,1,0,206,0
neuromorpho__Cell-5-4_1.swc,pyramidal,309,1.000000,1.000000,1.000000,,1.000000,,1,0,308,0
neuromorpho__Cell-5_10.swc,pyramidal,244,1.000000,1.000000,1.000000,,1.000000,,1,0,243,0
neuromorpho__Cell-5_9.swc,pyramidal,250,1.000000,1.000000,1.000000,,1.000000,,1,0,249,0
neuromorpho__Cell-6-4_2.swc,pyramidal,323,1.000000,1.000000,1.000000,1.000000,1.000000,,1,281,41,0
neuromorpho__Cell-6_10.swc,pyramidal,161,1.000000,1.000000,1.000000,1.000000,1.000000,,1,93,67,0
neuromorpho__Cell-7-2_3.swc,pyramidal,254,1.000000,1.000000,1.000000,,1.000000,,1,0,253,0
neuromorpho__Cell-7-2_4.swc,pyramidal,346,1.000000,1.000000,1.000000,,1.000000,,1,0,345,0
neuromorpho__Cell-7_6.swc,pyramidal,112,1.000000,1.000000,1.000000,,1.000000,,1,0,111,0
neuromorpho__Cell-7_7.swc,pyramidal,187,1.000000,1.000000,1.000000,,1.000000,,1,0,186,0
neuromorpho__Cell-8-2_1.swc,pyramidal,176,1.000000,1.000000,1.000000,,1.000000,,1,0,175,0
neuromorpho__Cell-8_03.swc,pyramidal,169,1.000000,1.000000,1.000000,,1.000000,,1,0,168,0
neuromorpho__Cell-8_5.swc,pyramidal,269,1.000000,1.000000,1.000000,,1.000000,,1,0,268,0
neuromorpho__Cell-9-2_5.swc,pyramidal,310,1.000000,1.000000,1.000000,1.000000,1.000000,,1,269,40,0
neuromorpho__Ctrl_V1B-L23_cell4.swc,pyramidal,807,1.000000,1.000000,1.000000,,1.000000,,1,0,806,0
neuromorpho__EDF1_D4-Fresh-Hippo-1-EDF_crop-1.swc,pyramidal,736,1.000000,1.000000,1.000000,,1.000000,,1,0,735,0
neuromorpho__EDF1_D4-Fresh-Hippo-1-EDF_crop-3.swc,pyramidal,1170,1.000000,1.000000,1.000000,,1.000000,,1,0,1169,0
neuromorpho__EDF1_D4-Fresh-Hippo-1-EDF_crop-9.swc,pyramidal,1232,1.000000,1.000000,1.000000,,1.000000,,1,0,1231,0
neuromorpho__EDF2_D4-Fresh-Hippo-2-EDF_crop-6.swc,pyramidal,2313,1.000000,1.000000,1.000000,,1.000000,,1,0,2312,0
neuromorpho__Exp_V1B-L23_cell1.swc,pyramidal,617,0.643436,0.782600,1.000000,,0.782600,,1,0,396,220
neuromorpho__Exp_V1B-L23_cell3.swc,pyramidal,568,0.603873,0.752500,1.000000,,0.752500,,1,0,342,225
neuromorpho__Exp_V1B-L5_cell1.swc,pyramidal,1042,0.427063,0.598000,1.000000,,0.598000,,1,0,444,597
neuromorpho__Exp_V1B-L5_cell8.swc,pyramidal,907,0.511577,0.676400,1.000000,,0.676400,,1,0,463,443
neuromorpho__Fig5a_4cell.swc,pyramidal,1857,0.415186,0.500000,1.000000,,1.000000,0.000000,1,1086,770,0
neuromorpho__Fig5a_8cell.swc,pyramidal,1930,1.000000,1.000000,1.000000,,1.000000,1.000000,1,0,870,1059
neuromorpho__Fresh-2-2.swc,pyramidal,3304,1.000000,1.000000,1.000000,,1.000000,,1,0,3303,0
neuromorpho__Fresh-3-1.swc,pyramidal,5612,1.000000,1.000000,1.000000,,1.000000,,1,0,5611,0
neuromorpho__Fresh-8-2.swc,pyramidal,2614,1.000000,1.000000,1.000000,,1.000000,,1,0,2613,0
neuromorpho__Fresh-D4-Phall-Tau-Map2-16.swc,pyramidal,2045,1.000000,1.000000,1.000000,,1.000000,,1,0,2044,0
neuromorpho__Fresh-D4-Phall-Tau-Map2-5.swc,pyramidal,866,1.000000,1.000000,1.000000,,1.000000,,1,0,865,0
neuromorpho__Fresh-D4-Phall-Tau-Map2-9.swc,pyramidal,2829,0.901379,0.948100,1.000000,,0.948100,,1,279,2549,0
neuromorpho__Fresh-D4-Phall-Tau-Map2001-10.swc,pyramidal,2538,1.000000,1.000000,1.000000,,1.000000,,1,0,2537,0
neuromorpho__Fresh-D4-Phall-Tau-Map2001-11.swc,pyramidal,2008,1.000000,1.000000,1.000000,,1.000000,,1,0,2007,0
neuromorpho__Fresh-D4-Phall-Tau-Map2001-6.swc,pyramidal,521,1.000000,1.000000,1.000000,,1.000000,,1,0,520,0
neuromorpho__Fresh-D4-Phall-Tau-Map2001-7.swc,pyramidal,1200,1.000000,1.000000,1.000000,,1.000000,,1,0,1199,0
neuromorpho__Fresh-D4-Phall-Tau-Map2003-14.swc,pyramidal,1587,1.000000,1.000000,1.000000,,1.000000,,1,0,1586,0
neuromorpho__Fresh-D4-Phall-Tau-Map2003-22.swc,pyramidal,1048,1.000000,1.000000,1.000000,,1.000000,,1,0,1047,0
neuromorpho__Fresh-D4-Phall-Tau-Map2003-3.swc,pyramidal,1489,1.000000,1.000000,1.000000,,1.000000,,1,0,1488,0
neuromorpho__Fresh-D4-Phall-Tau-Map2003-6.swc,pyramidal,887,1.000000,1.000000,1.000000,,1.000000,,1,0,886,0
neuromorpho__Fresh-D4-Phall-Tau-Map2003-7.swc,pyramidal,1044,1.000000,1.000000,1.000000,,1.000000,,1,0,1043,0
neuromorpho__Fresh-D4-Phall-Tau-Map2004-10.swc,pyramidal,2358,1.000000,1.000000,1.000000,,1.000000,,1,0,2357,0
neuromorpho__Fresh-D4-Phall-Tau-Map2004-12.swc,pyramidal,995,1.000000,1.000000,1.000000,,1.000000,,1,0,994,0
neuromorpho__Fresh-D4-Phall-Tau-Map2004-3.swc,pyramidal,1470,1.000000,1.000000,1.000000,,1.000000,,1,0,1469,0
neuromorpho__Fresh-D4-Phall-Tau-Map2005-3.swc,pyramidal,1159,1.000000,1.000000,1.000000,,1.000000,,1,0,1158,0
neuromorpho__Fresh-D4-Phall-Tau-Map2009-6.swc,pyramidal,3148,1.000000,1.000000,1.000000,,1.000000,,1,0,3147,0
neuromorpho__Fresh-D4-Sholl-Exp-3001-4.swc,pyramidal,1552,1.000000,1.000000,1.000000,,1.000000,,1,0,1551,0
neuromorpho__Fresh-D4-Sholl-Exp-3003-2.swc,pyramidal,354,1.000000,1.000000,1.000000,,1.000000,,1,0,353,0
neuromorpho__Fresh-D4-Sholl-Exp-3003-8.swc,pyramidal,1107,1.000000,1.000000,1.000000,,1.000000,,1,0,1106,0
neuromorpho__Fresh-D4-Sholl-Exp-3005-5.swc,pyramidal,1699,1.000000,1.000000,1.000000,,1.000000,,1,0,1698,0
neuromorpho__Fresh-D4-Sholl-Exp-3006-3.swc,pyramidal,1638,1.000000,1.000000,1.000000,,1.000000,,1,0,1637,0
neuromorpho__Fresh-D4-Sholl-Exp-3007-2.swc,pyramidal,596,1.000000,1.000000,1.000000,,1.000000,,1,0,595,0
neuromorpho__Fresh-D4-Sholl-Exp-3007-3.swc,pyramidal,932,1.000000,1.000000,1.000000,,1.000000,,1,0,931,0
neuromorpho__Fresh-D7-Sholl-Tau-RFP-MAP2001-1.swc,pyramidal,2359,1.000000,1.000000,1.000000,,1.000000,,1,0,2358,0
neuromorpho__Fresh-D7-Sholl-Tau-RFP-MAP2001-2.swc,pyramidal,1550,1.000000,1.000000,1.000000,,1.000000,,1,0,1549,0
neuromorpho__Fresh-D7-Sholl-Tau-RFP-MAP2002_crop-1.swc,pyramidal,1515,1.000000,1.000000,1.000000,,1.000000,,1,0,1514,0
neuromorpho__Fresh-D7-Sholl-Tau-RFP-MAP2003_crop-3.swc,pyramidal,1642,1.000000,1.000000,1.000000,,1.000000,,1,0,1641,0
neuromorpho__Fresh-D7-Sholl-Tau-RFP-MAP2005_crop-2.swc,pyramidal,4251,1.000000,1.000000,1.000000,,1.000000,,1,0,4250,0
neuromorpho__Fresh-D7-Sholl-Tau-RFP-MAP2006_crop-4.swc,pyramidal,1858,1.000000,1.000000,1.000000,,1.000000,,1,0,1857,0
neuromorpho__Fresh-D7-Sholl-Tau-RFP-MAP2006_crop.swc,pyramidal,5980,1.000000,1.000000,1.000000,,1.000000,,1,0,5979,0
neuromorpho__Fresh-D7-Sholl-Tau-RFP-MAP2007_crop-5.swc,pyramidal,3045,1.000000,1.000000,1.000000,,1.000000,,1,0,3044,0
neuromorpho__Fresh-D7-Sholl-Tau-RFP-MAP2014_crop-6.swc,pyramidal,2493,1.000000,1.000000,1.000000,,1.000000,,1,0,2492,0
neuromorpho__Fresh-D7-Sholl-Tau-RFP-MAP2015_crop-3.swc,pyramidal,3144,1.000000,1.000000,1.000000,,1.000000,,1,0,3143,0
neuromorpho__Fresh-D7-Sholl-Tau-RFP-MAP2015_crop-6.swc,pyramidal,1316,1.000000,1.000000,1.000000,,1.000000,,1,0,1315,0
neuromorpho__Fresh-D7-Sholl-Tau-RFP-MAP2015_crop.swc,pyramidal,2781,1.000000,1.000000,1.000000,,1.000000,,1,0,2780,0
neuromorpho__Fresh-Sholl-2-D7-Tau-LA-Map2001_crop-1.swc,pyramidal,1568,1.000000,1.000000,1.000000,,1.000000,,1,0,1567,0
neuromorpho__Fresh-Sholl-2-D7-Tau-LA-Map2006_crop.swc,pyramidal,3045,1.000000,1.000000,1.000000,,1.000000,,1,0,3044,0
neuromorpho__Fresh-Sholl-2-D7-Tau-LA-Map2008_crop.swc,pyramidal,4040,1.000000,1.000000,1.000000,,1.000000,,1,0,4039,0
neuromorpho__Fresh-Sholl-2-D7-Tau-LA-Map2012_crop.swc,pyramidal,1969,1.000000,1.000000,1.000000,,1.000000,,1,0,1968,0
neuromorpho__Fresh-Sholl-2-D7-Tau-LA-Map2015_crop.swc,pyramidal,2627,1.000000,1.000000,1.000000,,1.000000,,1,0,2626,0
neuromorpho__G7-19.swc,pyramidal,253,1.000000,1.000000,1.000000,,1.000000,1.000000,1,0,144,108
neuromorpho__Green_19weeks_Neuron6.swc,pyramidal,116,0.491379,0.655000,1.000000,,0.655000,,1,0,56,59
neuromorpho__Green_1week_Neuron2.swc,pyramidal,31,1.000000,1.000000,1.000000,,1.000000,,1,0,30,0
neuromorpho__Green_2w_Neuron7_add'l.swc,pyramidal,22,0.318182,0.444400,1.000000,,0.444400,,1,15,6,0
neuromorpho__Green_2weeks_Neuron11add'l.swc,pyramidal,30,1.000000,1.000000,1.000000,,1.000000,,1,0,29,0
neuromorpho__Green_2weeks_Neuron9add'l.swc,pyramidal,34,1.000000,1.000000,1.000000,,1.000000,,1,0,33,0
neuromorpho__Green_4weeks_Neuron1.swc,pyramidal,137,0.372263,0.537600,1.000000,,0.537600,,1,86,50,0
neuromorpho__Green_4weeks_Neuron11_addl.swc,pyramidal,24,1.000000,1.000000,1.000000,,1.000000,,1,0,23,0
neuromorpho__Green_4weeks_Neuron14.swc,pyramidal,36,1.000000,1.000000,1.000000,,1.000000,,1,0,35,0
neuromorpho__Green_4weeks_Neuron9.swc,pyramidal,48,1.000000,1.000000,1.000000,,1.000000,,1,0,47,0
neuromorpho__Green_6Weeks_Neuron4.swc,pyramidal,47,1.000000,1.000000,1.000000,,1.000000,,1,0,46,0
neuromorpho__Green_6weeks_Neuron2_addl.swc,pyramidal,73,0.356164,0.515500,1.000000,,0.515500,,1,47,25,0
neuromorpho__Green_7-5weeks_Neuron3.swc,pyramidal,48,1.000000,1.000000,1.000000,,1.000000,,1,0,47,0
neuromorpho__Green_7-5weeks_Neuron7.swc,pyramidal,94,0.297872,0.450000,1.000000,,0.450000,,1,66,27,0
neuromorpho__Green_8weeks_Neuron9.swc,pyramidal,25,1.000000,1.000000,1.000000,,1.000000,,1,0,24,0
neuromorpho__Gunnersen_A12b3slice1LHS.swc,pyramidal,996,1.000000,1.000000,1.000000,,1.000000,,1,0,995,0
neuromorpho__Gunnersen_A14b4slice4RHS.swc,pyramidal,273,1.000000,1.000000,1.000000,,1.000000,,1,0,272,0
neuromorpho__Gunnersen_A15b4slice4LHS.swc,pyramidal,159,1.000000,1.000000,1.000000,,1.000000,,1,0,158,0
neuromorpho__Gunnersen_A3b1slice5RHS.swc,pyramidal,1715,0.791837,0.883800,1.000000,,0.883800,,1,357,1357,0
neuromorpho__Gunnersen_B15b4slice1RHS.swc,pyramidal,632,0.435127,0.605500,1.000000,,0.605500,,1,357,274,0
neuromorpho__Gunnersen_B15b4slice2RHS.swc,pyramidal,579,0.960276,0.979700,1.000000,,0.979700,,1,23,555,0
neuromorpho__Gunnersen_B17b5slice3RHS.swc,pyramidal,946,0.970402,0.985000,1.000000,,0.985000,,1,28,917,0
neuromorpho__Gunnersen_B3b1slice2LHS.swc,pyramidal,961,1.000000,1.000000,1.000000,,1.000000,,1,0,960,0
neuromorpho__HIP_CA1_KO_13.swc,pyramidal,706,0.352691,0.520500,1.000000,,0.520500,,1,457,248,0
neuromorpho__HIP_CA1_KO_14.swc,pyramidal,656,0.400915,0.571400,1.000000,,0.571400,,1,393,262,0
neuromorpho__HIP_CA1_KO_17.swc,pyramidal,1047,0.462273,0.631800,1.000000,,0.631800,,1,563,483,0
neuromorpho__HIP_CA1_KO_19.swc,pyramidal,624,0.415064,0.585700,1.000000,,0.585700,,1,0,258,365
neuromorpho__HIP_CA1_KO_20.swc,pyramidal,538,0.459108,0.628400,1.000000,,0.628400,,1,0,246,291
neuromorpho__HIP_CA1_KO_4.swc,pyramidal,445,0.456180,0.625400,1.000000,,0.625400,,1,0,202,242
neuromorpho__HIP_CA1_KO_7.swc,pyramidal,322,1.000000,1.000000,1.000000,,1.000000,,1,0,321,0
neuromorpho__HIP_CA1_KO_8.swc,pyramidal,315,1.000000,1.000000,1.000000,,1.000000,,1,0,314,0
neuromorpho__HIP_CA1_WT_1.swc,pyramidal,440,1.000000,1.000000,1.000000,,1.000000,,1,0,439,0
neuromorpho__HIP_CA1_WT_12.swc,pyramidal,331,1.000000,1.000000,1.000000,,1.000000,,1,0,330,0
neuromorpho__HIP_CA1_WT_3.swc,pyramidal,299,1.000000,1.000000,1.000000,,1.000000,,1,0,298,0
neuromorpho__HIP_CA1_WT_8.swc,pyramidal,358,1.000000,1.000000,1.000000,,1.000000,,1,0,357,0
neuromorpho__I03192A.swc,pyramidal,2959,0.955728,0.634200,1.000000,1.000000,0.902600,0.000000,1,2220,738,0
neuromorpho__I0319_5B.swc,pyramidal,1587,0.860113,0.456400,1.000000,1.000000,0.369300,0.000000,1,1299,287,0
neuromorpho__I03471.swc,pyramidal,2645,0.961815,0.604400,1.000000,1.000000,0.813300,0.000000,1,2323,321,0
neuromorpho__I03485.swc,pyramidal,2436,1.000000,1.000000,1.000000,1.000000,1.000000,1.000000,1,1877,338,220
neuromorpho__I03539.swc,pyramidal,2326,0.920034,0.580100,1.000000,1.000000,0.740200,0.000000,1,1874,451,0
neuromorpho__I5-16.swc,pyramidal,298,1.000000,1.000000,1.000000,,1.000000,1.000000,1,0,233,64
neuromorpho__I5-23.swc,pyramidal,288,1.000000,1.000000,1.000000,,1.000000,1.000000,1,0,167,120
neuromorpho__I5-28.swc,pyramidal,371,1.000000,1.000000,1.000000,,1.000000,1.000000,1,0,259,111
neuromorpho__IF1_190301.swc,pyramidal,6044,1.000000,1.000000,1.000000,1.000000,1.000000,1.000000,1,5301,376,366
neuromorpho__IF3_040400.swc,pyramidal,4893,0.918046,0.570400,1.000000,1.000000,0.711300,0.000000,1,3997,895,0
neuromorpho__IF4_140201.swc,pyramidal,4693,0.947155,0.623100,1.000000,1.000000,0.869300,0.000000,1,3619,1073,0
neuromorpho__Jul26-IR2-2F.swc,pyramidal,889,1.000000,1.000000,1.000000,,1.000000,1.000000,1,0,550,338
neuromorpho__Jul26-IR2-2H.swc,pyramidal,1889,1.000000,1.000000,1.000000,,1.000000,1.000000,1,0,267,1621
neuromorpho__Jul26-IR3-3E.swc,pyramidal,7172,1.000000,1.000000,1.000000,,1.000000,1.000000,1,0,2842,4329
neuromorpho__Jul26IR4e-40x-low-MM.swc,pyramidal,3666,1.000000,1.000000,1.000000,,1.000000,1.000000,1,0,1403,2262
neuromorpho__Jun1IR2h.swc,pyramidal,1972,0.998986,0.999500,1.000000,,0.999100,1.000000,1,2,1073,896
neuromorpho__KO1-4-1-3.swc,pyramidal,421,0.662708,0.265500,1.000000,0.000000,0.796600,0.000000,1,0,420,0
neuromorpho__KO1-Neuron2.swc,pyramidal,48,1.000000,1.000000,1.000000,1.000000,1.000000,,1,38,9,0
neuromorpho__KO1-Neuron6.swc,pyramidal,25,1.000000,1.000000,1.000000,1.000000,1.000000,,1,17,7,0
neuromorpho__KO2-neuron10.swc,pyramidal,106,1.000000,1.000000,1.000000,1.000000,1.000000,,1,30,75,0
neuromorpho__KO2-neuron5_a.swc,pyramidal,107,0.626168,0.388900,1.000000,1.000000,0.166700,0.000000,1,62,44,0
neuromorpho__KO4-5-1-6.swc,pyramidal,258,0.945736,0.642400,1.000000,0.000000,0.927100,1.000000,1,9,94,154
neuromorpho__KO5-Neuron6.swc,pyramidal,45,1.000000,1.000000,1.000000,1.000000,1.000000,,1,23,21,0
neuromorpho__KOA-2-13-5.swc,pyramidal,469,1.000000,1.000000,1.000000,1.000000,1.000000,1.000000,1,19,200,249
neuromorpho__KOA-3-2-9.swc,pyramidal,399,1.000000,1.000000,1.000000,,1.000000,1.000000,1,0,271,127
neuromorpho__LES6-MUT-1117-Neuron-1.swc,pyramidal,813,1.000000,1.000000,1.000000,,1.000000,1.000000,1,0,309,503
neuromorpho__LES6-WT-1204-neuron-1.swc,pyramidal,794,1.000000,1.000000,1.000000,,1.000000,1.000000,1,0,382,411
neuromorpho__LES6-mut-1203-neuron-2.swc,pyramidal,365,0.958904,0.980100,1.000000,,0.960200,1.000000,1,15,181,168
neuromorpho__Layer-2-3-Ethanol-18.swc,pyramidal,207,1.000000,1.000000,1.000000,,1.000000,1.000000,1,0,87,119
neuromorpho__Layer-2-3-Ethanol-21.swc,pyramidal,459,0.971678,0.981400,1.000000,,0.962800,1.000000,1,13,168,277
neuromorpho__Layer-2-3-Ethanol-22.swc,pyramidal,460,1.000000,1.000000,1.000000,,1.000000,1.000000,1,0,339,120
neuromorpho__Layer-2-3-Ethanol-23.swc,pyramidal,183,1.000000,1.000000,1.000000,,1.000000,1.000000,1,0,96,86
neuromorpho__Layer-2-3-Ethanol-7.swc,pyramidal,345,1.000000,1.000000,1.000000,,1.000000,1.000000,1,0,217,127
neuromorpho__Layer-2-3-Sucrose-3.swc,pyramidal,202,1.000000,1.000000,1.000000,,1.000000,1.000000,1,0,94,107
neuromorpho__Layer-5-Ethanol-20.swc,pyramidal,332,1.000000,1.000000,1.000000,,1.000000,1.000000,1,0,213,118
neuromorpho__Layer-5-Ethanol-23.swc,pyramidal,332,1.000000,1.000000,1.000000,,1.000000,1.000000,1,0,195,136
neuromorpho__Layer-5-Ethanol-3.swc,pyramidal,804,0.967662,0.971500,1.000000,,0.943000,1.000000,1,26,215,562
neuromorpho__Layer-5-Ethanol-7.swc,pyramidal,1134,1.000000,1.000000,1.000000,,1.000000,1.000000,1,0,553,580
neuromorpho__Layer-5-Ethanol-8.swc,pyramidal,872,1.000000,1.000000,1.000000,,1.000000,1.000000,1,0,265,606
neuromorpho__Layer-5-Sucrose-8.swc,pyramidal,782,1.000000,1.000000,1.000000,,1.000000,1.000000,1,0,309,472
neuromorpho__Layer-6-Ethanol-15.swc,pyramidal,223,1.000000,1.000000,1.000000,,1.000000,1.000000,1,0,99,123
neuromorpho__Layer-6-Ethanol-16.swc,pyramidal,353,1.000000,1.000000,1.000000,,1.000000,1.000000,1,0,243,109
neuromorpho__Layer-6-Ethanol-19.swc,pyramidal,187,1.000000,1.000000,1.000000,,1.000000,1.000000,1,0,87,99
neuromorpho__Layer-6-Ethanol-20.swc,pyramidal,223,1.000000,1.000000,1.000000,,1.000000,1.000000,1,0,86,136
neuromorpho__Layer-6-Ethanol-22.swc,pyramidal,204,1.000000,1.000000,1.000000,,1.000000,1.000000,1,0,92,111
neuromorpho__Layer-6-Ethanol-5.swc,pyramidal,351,1.000000,1.000000,1.000000,,1.000000,1.000000,1,0,209,141
neuromorpho__Layer-6-Sucrose-14.swc,pyramidal,153,0.954248,0.982200,1.000000,,0.964500,1.000000,1,7,95,50
neuromorpho__Layer-6-Sucrose-2.swc,pyramidal,433,1.000000,1.000000,1.000000,,1.000000,1.000000,1,0,174,258
neuromorpho__Layer-6-Sucrose-3.swc,pyramidal,703,1.000000,1.000000,1.000000,,1.000000,1.000000,1,0,381,321
neuromorpho__Layer-6-Sucrose-8.swc,pyramidal,472,1.000000,1.000000,1.000000,,1.000000,1.000000,1,0,281,190
neuromorpho__Layer-6-Sucrose-9.swc,pyramidal,600,1.000000,1.000000,1.000000,,1.000000,1.000000,1,0,320,279
neuromorpho__M1KO_10.swc,pyramidal,715,1.000000,1.000000,1.000000,,1.000000,,1,0,714,0
neuromorpho__M1KO_13.swc,pyramidal,892,1.000000,1.000000,1.000000,,1.000000,,1,0,891,0
neuromorpho__M1KO_19.swc,pyramidal,527,1.000000,1.000000,1.000000,,1.000000,,1,0,526,0
neuromorpho__M1KO_25.swc,pyramidal,2625,1.000000,1.000000,1.000000,,1.000000,,1,0,2624,0
neuromorpho__M1KO_28.swc,pyramidal,3285,1.000000,1.000000,1.000000,,1.000000,,1,0,3284,0
neuromorpho__M1KO_3.swc,pyramidal,1089,1.000000,1.000000,1.000000,,1.000000,,1,0,1088,0
neuromorpho__M1KO_33.swc,pyramidal,2271,1.000000,1.000000,1.000000,,1.000000,,1,0,2270,0
neuromorpho__M1KO_39.swc,pyramidal,601,0.838602,0.912100,1.000000,,0.912100,,1,97,503,0
neuromorpho__M1KO_41.swc,pyramidal,624,1.000000,1.000000,1.000000,,1.000000,,1,0,623,0
neuromorpho__M1KO_45.swc,pyramidal,423,1.000000,1.000000,1.000000,,1.000000,,1,0,422,0
neuromorpho__M1KO_46.swc,pyramidal,428,1.000000,1.000000,1.000000,,1.000000,,1,0,427,0
neuromorpho__M1_13.swc,pyramidal,1874,1.000000,1.000000,1.000000,,1.000000,,1,0,1873,0
neuromorpho__M1_16.swc,pyramidal,2466,1.000000,1.000000,1.000000,,1.000000,,1,0,2465,0
neuromorpho__M1_21.swc,pyramidal,2396,1.000000,1.000000,1.000000,,1.000000,,1,0,2395,0
neuromorpho__M1_23.swc,pyramidal,1520,1.000000,1.000000,1.000000,,1.000000,,1,0,1519,0
neuromorpho__M1_32.swc,pyramidal,726,1.000000,1.000000,1.000000,,1.000000,,1,0,725,0
neuromorpho__M1_34.swc,pyramidal,2597,1.000000,1.000000,1.000000,,1.000000,,1,0,2596,0
neuromorpho__M1_35.swc,pyramidal,2548,1.000000,1.000000,1.000000,,1.000000,,1,0,2547,0
neuromorpho__M1_36.swc,pyramidal,2539,1.000000,1.000000,1.000000,,1.000000,,1,0,2538,0
neuromorpho__M1_42.swc,pyramidal,2190,1.000000,1.000000,1.000000,,1.000000,,1,0,2189,0
neuromorpho__M1_43.swc,pyramidal,1477,1.000000,1.000000,1.000000,,1.000000,,1,0,1476,0
neuromorpho__M1_5.swc,pyramidal,3097,1.000000,1.000000,1.000000,,1.000000,,1,0,3096,0
neuromorpho__M2KO_1.swc,pyramidal,880,1.000000,1.000000,1.000000,,1.000000,,1,0,879,0
neuromorpho__M2KO_11.swc,pyramidal,1095,1.000000,1.000000,1.000000,,1.000000,,1,0,1094,0
neuromorpho__M2KO_13.swc,pyramidal,736,1.000000,1.000000,1.000000,,1.000000,,1,0,735,0
neuromorpho__M2KO_27.swc,pyramidal,636,1.000000,1.000000,1.000000,,1.000000,,1,0,635,0
neuromorpho__M2KO_8.swc,pyramidal,932,1.000000,1.000000,1.000000,,1.000000,,1,0,931,0
neuromorpho__M2_14.swc,pyramidal,743,1.000000,1.000000,1.000000,,1.000000,,1,0,742,0
neuromorpho__M2_15.swc,pyramidal,873,1.000000,1.000000,1.000000,,1.000000,,1,0,872,0
neuromorpho__M2_19.swc,pyramidal,1399,1.000000,1.000000,1.000000,,1.000000,,1,0,1398,0
neuromorpho__M2_20.swc,pyramidal,716,1.000000,1.000000,1.000000,,1.000000,,1,0,715,0
neuromorpho__M2_21.swc,pyramidal,1072,1.000000,1.000000,1.000000,,1.000000,,1,0,1071,0
neuromorpho__M2_22.swc,pyramidal,882,1.000000,1.000000,1.000000,,1.000000,,1,0,881,0
neuromorpho__M2_23.swc,pyramidal,1166,1.000000,1.000000,1.000000,,1.000000,,1,0,1165,0
neuromorpho__M2_27.swc,pyramidal,955,0.902618,0.948800,1.000000,,0.948800,,1,93,861,0
neuromorpho__M2_3.swc,pyramidal,1077,1.000000,1.000000,1.000000,,1.000000,,1,0,1076,0
neuromorpho__M2_34.swc,pyramidal,889,1.000000,1.000000,1.000000,,1.000000,,1,0,888,0
neuromorpho__M2_36.swc,pyramidal,542,1.000000,1.000000,1.000000,,1.000000,,1,0,541,0
neuromorpho__M2_37.swc,pyramidal,1281,1.000000,1.000000,1.000000,,1.000000,,1,0,1280,0
neuromorpho__M2_38.swc,pyramidal,659,1.000000,1.000000,1.000000,,1.000000,,1,0,658,0
neuromorpho__M2_40.swc,pyramidal,716,1.000000,1.000000,1.000000,,1.000000,,1,0,715,0
neuromorpho__M2_45.swc,pyramidal,866,1.000000,1.000000,1.000000,,1.000000,,1,0,865,0
neuromorpho__M2_46.swc,pyramidal,644,1.000000,1.000000,1.000000,,1.000000,,1,0,643,0
neuromorpho__M2_47.swc,pyramidal,789,1.000000,1.000000,1.000000,,1.000000,,1,0,788,0
neuromorpho__M2_55.swc,pyramidal,1343,1.000000,1.000000,1.000000,,1.000000,,1,0,1342,0
neuromorpho__M2_58.swc,pyramidal,992,1.000000,1.000000,1.000000,,1.000000,,1,0,991,0
neuromorpho__M2_6.swc,pyramidal,1064,1.000000,1.000000,1.000000,,1.000000,,1,0,1063,0
neuromorpho__Mouse-CA2-Mb-Pyramidal-Cell.swc,pyramidal,1486,1.000000,1.000000,1.000000,,1.000000,1.000000,1,0,641,844
neuromorpho__Mouse-CA2-Mc-Pyramidal-Cell-1.swc,pyramidal,1363,1.000000,1.000000,1.000000,,1.000000,1.000000,1,0,286,1076
neuromorpho__Mouse_CA2_B_Cell.swc,pyramidal,6055,0.757060,0.757500,1.000000,,0.515000,1.000000,1,1471,781,3802
neuromorpho__Mouse_CA2_Ma_Cell.swc,pyramidal,3718,1.000000,1.000000,1.000000,,1.000000,1.000000,1,0,487,3230
neuromorpho__Mouse_CA2_Ma_Cell_1.swc,pyramidal,3251,1.000000,1.000000,1.000000,,1.000000,1.000000,1,0,213,3037
neuromorpho__Mouse_CA2_Ma_Cell_2.swc,pyramidal,6385,1.000000,1.000000,1.000000,,1.000000,1.000000,1,0,541,5843
neuromorpho__Mouse_CA2_Ma_Cell_5.swc,pyramidal,5333,1.000000,1.000000,1.000000,,1.000000,1.000000,1,0,1944,3388
neuromorpho__Mouse_CA2_Ma_Cell_6.swc,pyramidal,6587,0.827995,0.500000,1.000000,,0.000000,1.000000,1,1133,0,5453
neuromorpho__Mouse_CA2_Ma_Cell_7.swc,pyramidal,8053,1.000000,1.000000,1.000000,,1.000000,1.000000,1,0,2809,5243
neuromorpho__Mouse_CA2_Ma_Cell_8.swc,pyramidal,5769,0.784885,0.813300,1.000000,,0.626500,1.000000,1,1241,1041,3486
neuromorpho__Mouse_CA2_Ma_Cell_9_Mc_Cell_4-2.swc,pyramidal,3232,1.000000,1.000000,1.000000,,1.000000,1.000000,1,0,327,2904
neuromorpho__Mouse_CA2_Mb_Cell.swc,pyramidal,2961,1.000000,1.000000,1.000000,,1.000000,1.000000,1,0,312,2648
neuromorpho__Mouse_CA2_Mb_Cell_9.swc,pyramidal,5205,1.000000,1.000000,1.000000,,1.000000,1.000000,1,0,1348,3856
neuromorpho__N001.swc,pyramidal,2311,1.000000,1.000000,1.000000,1.000000,1.000000,1.000000,1,1411,401,498
neuromorpho__N011.swc,pyramidal,3142,1.000000,1.000000,1.000000,1.000000,1.000000,1.000000,1,2167,478,496
neuromorpho__N018.swc,pyramidal,2262,1.000000,1.000000,1.000000,1.000000,1.000000,1.000000,1,1137,406,718
neuromorpho__N019.swc,pyramidal,726,1.000000,1.000000,1.000000,1.000000,1.000000,1.000000,1,208,144,373
neuromorpho__N020.swc,pyramidal,5460,1.000000,1.000000,1.000000,1.000000,1.000000,1.000000,1,3601,613,1245
neuromorpho__N023.swc,pyramidal,7346,1.000000,1.000000,1.000000,1.000000,1.000000,1.000000,1,3156,416,3773
neuromorpho__N027.swc,pyramidal,1579,1.000000,1.000000,1.000000,1.000000,1.000000,1.000000,1,911,160,507
neuromorpho__N030.swc,pyramidal,477,1.000000,1.000000,1.000000,1.000000,1.000000,1.000000,1,75,211,190
neuromorpho__N040.swc,pyramidal,2500,1.000000,1.000000,1.000000,1.000000,1.000000,1.000000,1,1478,438,583
neuromorpho__N042.swc,pyramidal,1663,0.966927,0.980400,1.000000,,0.960800,1.000000,1,55,674,933
neuromorpho__N046.swc,pyramidal,2246,1.000000,1.000000,1.000000,1.000000,1.000000,1.000000,1,515,259,1471
neuromorpho__N049.swc,pyramidal,4506,1.000000,1.000000,1.000000,1.000000,1.000000,1.000000,1,2209,895,1401
neuromorpho__N053.swc,pyramidal,5082,1.000000,1.000000,1.000000,1.000000,1.000000,1.000000,1,1478,1108,2495
neuromorpho__N056.swc,pyramidal,1775,1.000000,1.000000,1.000000,1.000000,1.000000,1.000000,1,164,735,875
neuromorpho__N063.swc,pyramidal,3307,1.000000,1.000000,1.000000,1.000000,1.000000,1.000000,1,2115,490,701
neuromorpho__N069.swc,pyramidal,1410,1.000000,1.000000,1.000000,1.000000,1.000000,1.000000,1,657,252,500
neuromorpho__N084.swc,pyramidal,3064,1.000000,1.000000,1.000000,1.000000,1.000000,1.000000,1,2122,415,526
neuromorpho__N089.swc,pyramidal,2570,0.888716,0.864900,1.000000,1.000000,0.751700,0.842900,1,1083,719,767
neuromorpho__N092.swc,pyramidal,1291,1.000000,1.000000,1.000000,1.000000,1.000000,1.000000,1,548,317,425
neuromorpho__N097.swc,pyramidal,6769,1.000000,1.000000,1.000000,1.000000,1.000000,1.000000,1,3211,1015,2542
neuromorpho__N098.swc,pyramidal,5646,1.000000,1.000000,1.000000,1.000000,1.000000,1.000000,1,3825,249,1571
neuromorpho__N101.swc,pyramidal,3540,1.000000,1.000000,1.000000,1.000000,1.000000,1.000000,1,2860,405,274
neuromorpho__N105.swc,pyramidal,2138,1.000000,1.000000,1.000000,1.000000,1.000000,1.000000,1,1154,470,513
neuromorpho__N107.swc,pyramidal,2735,1.000000,1.000000,1.000000,1.000000,1.000000,1.000000,1,1792,360,582
neuromorpho__Neuron-2-E-and-I-synapses.swc,pyramidal,37032,1.000000,1.000000,1.000000,,1.000000,1.000000,1,0,17769,19262
neuromorpho__Neuron-3_2_2.swc,pyramidal,1575,1.000000,1.000000,1.000000,,1.000000,,1,0,1574,0
neuromorpho__Neuron-7-E-and-I-synapses.swc,pyramidal,35727,1.000000,1.000000,1.000000,,1.000000,1.000000,1,0,17794,17932
neuromorpho__Nov-9-IR-1-4d-40x-low-res.swc,pyramidal,1881,1.000000,1.000000,1.000000,,1.000000,1.000000,1,0,215,1665
neuromorpho__Nov4IR1e.swc,pyramidal,2386,1.000000,1.000000,1.000000,,1.000000,1.000000,1,0,1425,960
neuromorpho__Oct28IR1b-40x-NL.swc,pyramidal,5169,1.000000,1.000000,1.000000,,1.000000,1.000000,1,0,3506,1662
neuromorpho__Oct9-IR2-5s-40x-MM.swc,pyramidal,5090,1.000000,1.000000,1.000000,,1.000000,1.000000,1,0,3041,2048
neuromorpho__Oct9-IR3-4H.swc,pyramidal,2831,0.993995,0.993900,1.000000,,0.987800,1.000000,1,17,688,2125
neuromorpho__Oct9-IR3-4fo.swc,pyramidal,1523,1.000000,1.000000,1.000000,,1.000000,1.000000,1,0,557,965
neuromorpho__Oi27rpy1-1.swc,pyramidal,62146,1.000000,1.000000,1.000000,1.000000,1.000000,1.000000,1,54660,3573,3912
neuromorpho__PRLKO_10.swc,pyramidal,686,1.000000,1.000000,1.000000,,1.000000,,1,0,685,0
neuromorpho__PRLKO_12.swc,pyramidal,635,1.000000,1.000000,1.000000,,1.000000,,1,0,634,0
neuromorpho__PRLKO_22.swc,pyramidal,905,1.000000,1.000000,1.000000,,1.000000,,1,0,904,0
neuromorpho__PRLKO_29.swc,pyramidal,710,0.629577,0.772300,1.000000,,0.772300,,1,0,446,263
neuromorpho__PRLKO_3.swc,pyramidal,297,1.000000,1.000000,1.000000,,1.000000,,1,0,296,0
neuromorpho__PRLKO_8.swc,pyramidal,394,1.000000,1.000000,1.000000,,1.000000,,1,0,393,0
neuromorpho__PRL_10.swc,pyramidal,787,1.000000,1.000000,1.000000,,1.000000,,1,0,786,0
neuromorpho__PRL_17.swc,pyramidal,301,1.000000,1.000000,1.000000,,1.000000,,1,0,300,0
neuromorpho__PRL_2.swc,pyramidal,527,1.000000,1.000000,1.000000,,1.000000,,1,0,526,0
neuromorpho__PRL_21.swc,pyramidal,500,1.000000,1.000000,1.000000,,1.000000,,1,0,499,0
neuromorpho__PRL_22.swc,pyramidal,498,1.000000,1.000000,1.000000,,1.000000,,1,0,497,0
neuromorpho__PRL_32.swc,pyramidal,362,1.000000,1.000000,1.000000,,1.000000,,1,0,361,0
neuromorpho__PRL_37.swc,pyramidal,845,0.649704,0.787400,1.000000,,0.787400,,1,0,548,296
neuromorpho__PRL_39.swc,pyramidal,477,1.000000,1.000000,1.000000,,1.000000,,1,0,476,0
neuromorpho__PRL_4.swc,pyramidal,378,1.000000,1.000000,1.000000,,1.000000,,1,0,377,0
neuromorpho__PRL_45.swc,pyramidal,760,1.000000,1.000000,1.000000,,1.000000,,1,0,759,0
neuromorpho__PRL_49.swc,pyramidal,271,1.000000,1.000000,1.000000,,1.000000,,1,0,270,0
neuromorpho__PRL_6.swc,pyramidal,652,1.000000,1.000000,1.000000,,1.000000,,1,0,651,0
neuromorpho__PRL_8.swc,pyramidal,517,1.000000,1.000000,1.000000,,1.000000,,1,0,516,0
neuromorpho__PVCre_cell4.swc,pyramidal,1231,1.000000,1.000000,1.000000,1.000000,1.000000,1.000000,1,40,679,511
neuromorpho__Red_19weeks_Neuron5.swc,pyramidal,61,1.000000,1.000000,1.000000,,1.000000,,1,0,60,0
neuromorpho__Red_19weeks_Neuron6.swc,pyramidal,49,1.000000,1.000000,1.000000,,1.000000,,1,0,48,0
neuromorpho__Red_1week_Neuron3_addl.swc,pyramidal,29,1.000000,1.000000,1.000000,,1.000000,,1,0,28,0
neuromorpho__Red_2weeks_Neuron5.swc,pyramidal,63,1.000000,1.000000,1.000000,,1.000000,,1,0,62,0
neuromorpho__Red_2weeks__Neuron3.swc,pyramidal,47,1.000000,1.000000,1.000000,,1.000000,,1,0,46,0
neuromorpho__Red_4weeks_Neuron12_addl.swc,pyramidal,79,1.000000,1.000000,1.000000,,1.000000,,1,0,78,0
neuromorpho__Red_6weeks_Neuron1_addl.swc,pyramidal,32,1.000000,1.000000,1.000000,,1.000000,,1,0,31,0
neuromorpho__Red_7-5w_Neuron6.swc,pyramidal,27,1.000000,1.000000,1.000000,,1.000000,,1,0,26,0
neuromorpho__Red_7-5week_Neuron5.swc,pyramidal,68,1.000000,1.000000,1.000000,,1.000000,,1,0,67,0
neuromorpho__Red_7-5weeks_Neuron2.swc,pyramidal,16,0.687500,0.800000,1.000000,,0.800000,,1,5,10,0
neuromorpho__Red_8weeks_Neuron6.swc,pyramidal,28,1.000000,1.000000,1.000000,,1.000000,,1,0,27,0
neuromorpho__S1KO_10.swc,pyramidal,1067,1.000000,1.000000,1.000000,,1.000000,,1,0,1066,0
neuromorpho__S1KO_11.swc,pyramidal,742,1.000000,1.000000,1.000000,,1.000000,,1,0,741,0
neuromorpho__S1KO_15.swc,pyramidal,677,1.000000,1.000000,1.000000,,1.000000,,1,0,676,0
neuromorpho__S1KO_22.swc,pyramidal,1181,1.000000,1.000000,1.000000,,1.000000,,1,0,1180,0
neuromorpho__S1KO_24.swc,pyramidal,545,1.000000,1.000000,1.000000,,1.000000,,1,0,544,0
neuromorpho__S1KO_3.swc,pyramidal,516,1.000000,1.000000,1.000000,,1.000000,,1,0,515,0
neuromorpho__S1KO_34.swc,pyramidal,960,1.000000,1.000000,1.000000,,1.000000,,1,0,959,0
neuromorpho__S1KO_38.swc,pyramidal,817,1.000000,1.000000,1.000000,,1.000000,,1,0,816,0
neuromorpho__S1KO_4.swc,pyramidal,699,1.000000,1.000000,1.000000,,1.000000,,1,0,698,0
neuromorpho__S1KO_45.swc,pyramidal,978,1.000000,1.000000,1.000000,,1.000000,,1,0,977,0
neuromorpho__S1KO_7.swc,pyramidal,1108,1.000000,1.000000,1.000000,,1.000000,,1,0,1107,0
neuromorpho__S1_21.swc,pyramidal,291,1.000000,1.000000,1.000000,,1.000000,,1,0,290,0
neuromorpho__S1_23.swc,pyramidal,720,1.000000,1.000000,1.000000,,1.000000,,1,0,719,0
neuromorpho__S1_29.swc,pyramidal,749,1.000000,1.000000,1.000000,,1.000000,,1,0,748,0
neuromorpho__S1_32.swc,pyramidal,419,1.000000,1.000000,1.000000,,1.000000,,1,0,418,0
neuromorpho__S1_36.swc,pyramidal,449,1.000000,1.000000,1.000000,,1.000000,,1,0,448,0
neuromorpho__S1_39.swc,pyramidal,363,1.000000,1.000000,1.000000,,1.000000,,1,0,362,0
neuromorpho__S1_46.swc,pyramidal,602,1.000000,1.000000,1.000000,,1.000000,,1,0,601,0
neuromorpho__S1_6.swc,pyramidal,589,1.000000,1.000000,1.000000,,1.000000,,1,0,588,0
neuromorpho__S2999_RS-x1-25.swc,pyramidal,5201,1.000000,1.000000,1.000000,1.000000,1.000000,1.000000,1,1780,1524,1896
neuromorpho__S2KO_11.swc,pyramidal,461,1.000000,1.000000,1.000000,,1.000000,,1,0,460,0
neuromorpho__S2KO_12.swc,pyramidal,1075,1.000000,1.000000,1.000000,,1.000000,,1,0,1074,0
neuromorpho__S2KO_15.swc,pyramidal,530,1.000000,1.000000,1.000000,,1.000000,,1,0,529,0
neuromorpho__S2KO_32.swc,pyramidal,1700,1.000000,1.000000,1.000000,,1.000000,,1,0,1699,0
neuromorpho__S2KO_34.swc,pyramidal,1684,1.000000,1.000000,1.000000,,1.000000,,1,0,1683,0
neuromorpho__S2_10.swc,pyramidal,1932,1.000000,1.000000,1.000000,,1.000000,,1,0,1931,0
neuromorpho__S2_13.swc,pyramidal,1953,1.000000,1.000000,1.000000,,1.000000,,1,0,1952,0
neuromorpho__S2_15.swc,pyramidal,1760,1.000000,1.000000,1.000000,,1.000000,,1,0,1759,0
neuromorpho__S2_19.swc,pyramidal,2793,1.000000,1.000000,1.000000,,1.000000,,1,0,2792,0
neuromorpho__S2_7.swc,pyramidal,1655,1.000000,1.000000,1.000000,,1.000000,,1,0,1654,0
neuromorpho__SDGA1_slide2_neuron1.swc,pyramidal,1244,1.000000,1.000000,1.000000,1.000000,1.000000,1.000000,1,120,572,551
neuromorpho__SDGA1_slide2_neuron4.swc,pyramidal,2516,1.000000,1.000000,1.000000,1.000000,1.000000,1.000000,1,13,996,1506
neuromorpho__SDGA2_slide2_neuron3.swc,pyramidal,1615,1.000000,1.000000,1.000000,1.000000,1.000000,1.000000,1,13,678,923
neuromorpho__SDGA2_slide3_neuron1.swc,pyramidal,1627,0.960049,0.650700,1.000000,0.000000,0.952100,1.000000,1,46,665,915
neuromorpho__SDGA4_slide2_neuron2.swc,pyramidal,1214,0.966227,0.642700,1.000000,0.000000,0.928200,1.000000,1,0,306,907
neuromorpho__SW150113-01RabiesPHALPFC_x772_y876_z296_14.swc,pyramidal,311,0.331190,0.495100,1.000000,,0.495100,,1,208,102,0
neuromorpho__SW150113-01RabiesPHALPFC_x772_y876_z296_15.swc,pyramidal,676,0.983728,0.991800,1.000000,,0.991800,,1,11,664,0
neuromorpho__SW150113-01RabiesPHALPFC_x772_y876_z296_4.swc,pyramidal,1044,0.322797,0.487300,1.000000,,0.487300,,1,707,336,0
neuromorpho__SW150113-01RabiesPHALPFC_x772_y876_z296_7.swc,pyramidal,1274,0.715856,0.834200,1.000000,,0.834200,,1,11,911,351
neuromorpho__SW150113-01RabiesPHALPFC_x772_y876_z296_8.swc,pyramidal,390,0.379487,0.548500,1.000000,,0.548500,,1,7,147,235
neuromorpho__Saline02_Neuron1_CA1_PN_C_Slide3_R2_C4.swc,pyramidal,612,1.000000,1.000000,1.000000,,,1.000000,1,0,0,611
neuromorpho__Saline02_Neuron2_CA1_PN_C_Slide3_R2_C1.swc,pyramidal,459,1.000000,1.000000,1.000000,,,1.000000,1,0,0,458
neuromorpho__Saline03_Neuron1_CA1_PN_F_Slide3_R2_C4.swc,pyramidal,658,1.000000,1.000000,1.000000,,,1.000000,1,0,0,657
neuromorpho__Saline03_Neuron3_CA1_PN_F_Slide4_R2_C1_40x.swc,pyramidal,621,1.000000,1.000000,1.000000,,,1.000000,1,0,0,620
neuromorpho__Sept12-IR3e-40x-low-AG-AT-MM.swc,pyramidal,4958,0.928802,0.956500,1.000000,,0.912900,1.000000,1,353,1851,2753
neuromorpho__SstCre_cell7.swc,pyramidal,1315,0.443346,0.258000,1.000000,0.000000,0.773900,0.000000,1,0,922,392
neuromorpho__Stroke-Dec-7-IR-2-2c.swc,pyramidal,1034,1.000000,1.000000,1.000000,,1.000000,1.000000,1,0,488,545
neuromorpho__Stroke-Feb23-IR-3h-40x-low-res_zcorrections.swc,pyramidal,5129,1.000000,1.000000,1.000000,,1.000000,1.000000,1,0,2762,2366
neuromorpho__Strokefeb23IR1-3L40xlowres.swc,pyramidal,8480,1.000000,1.000000,1.000000,,1.000000,1.000000,1,0,2961,5518
neuromorpho__T22_NeuronB_Tile_Trace_MK.swc,pyramidal,2894,1.000000,1.000000,1.000000,,1.000000,1.000000,1,0,1687,1206
neuromorpho__T61_NeuronA_40X_Trace_CH.swc,pyramidal,695,1.000000,1.000000,1.000000,,1.000000,1.000000,1,0,304,390
neuromorpho__T66_NeuronA_Tile_Trace_MK.swc,pyramidal,2479,1.000000,1.000000,1.000000,,1.000000,1.000000,1,0,1530,948
neuromorpho__T72_60X_NeuronC_Tile_Trace_RK.swc,pyramidal,2937,1.000000,1.000000,1.000000,,1.000000,1.000000,1,0,1172,1764
neuromorpho__T72_NeuronB_Trace_MK.swc,pyramidal,970,1.000000,1.000000,1.000000,,1.000000,1.000000,1,0,517,452
neuromorpho__T80_NeuronC_40X_Tile_Trace_MB2.swc,pyramidal,686,0.969388,0.969300,1.000000,,0.969400,0.969300,1,0,354,331
neuromorpho__T84_NeuronC_Tile_Trace_MB.swc,pyramidal,391,1.000000,1.000000,1.000000,,1.000000,1.000000,1,0,206,184
neuromorpho__T91_40X_NeuronB_Tile_Trace_MK.swc,pyramidal,3785,1.000000,1.000000,1.000000,,1.000000,1.000000,1,0,1434,2350
neuromorpho__TO34_LIII_mPFC_rat.swc,pyramidal,7323,0.935409,0.649500,1.000000,0.000000,0.948400,1.000000,1,0,4820,2502
neuromorpho__V1KO_10.swc,pyramidal,655,1.000000,1.000000,1.000000,,1.000000,,1,0,654,0
neuromorpho__V1KO_16.swc,pyramidal,1811,1.000000,1.000000,1.000000,,1.000000,,1,0,1810,0
neuromorpho__V1KO_18.swc,pyramidal,1009,1.000000,1.000000,1.000000,,1.000000,,1,0,1008,0
neuromorpho__V1KO_23.swc,pyramidal,1477,1.000000,1.000000,1.000000,,1.000000,,1,0,1476,0
neuromorpho__V1KO_25.swc,pyramidal,1070,1.000000,1.000000,1.000000,,1.000000,,1,0,1069,0
neuromorpho__V1KO_26.swc,pyramidal,1149,1.000000,1.000000,1.000000,,1.000000,,1,0,1148,0
neuromorpho__V1_10.swc,pyramidal,1006,1.000000,1.000000,1.000000,,1.000000,,1,0,1005,0
neuromorpho__V1_11.swc,pyramidal,1675,1.000000,1.000000,1.000000,,1.000000,,1,0,1674,0
neuromorpho__V1_14.swc,pyramidal,401,1.000000,1.000000,1.000000,,1.000000,,1,0,400,0
neuromorpho__V1_23.swc,pyramidal,2240,1.000000,1.000000,1.000000,,1.000000,,1,0,2239,0
neuromorpho__V1_24.swc,pyramidal,1359,1.000000,1.000000,1.000000,,1.000000,,1,0,1358,0
neuromorpho__V1_5.swc,pyramidal,2322,1.000000,1.000000,1.000000,,1.000000,,1,0,2321,0
neuromorpho__V2KO_1.swc,pyramidal,829,1.000000,1.000000,1.000000,,1.000000,,1,0,828,0
neuromorpho__V2KO_11.swc,pyramidal,775,1.000000,1.000000,1.000000,,1.000000,,1,0,774,0
neuromorpho__V2KO_12.swc,pyramidal,780,1.000000,1.000000,1.000000,,1.000000,,1,0,779,0
neuromorpho__V2KO_27.swc,pyramidal,785,1.000000,1.000000,1.000000,,1.000000,,1,0,784,0
neuromorpho__V2KO_33.swc,pyramidal,725,1.000000,1.000000,1.000000,,1.000000,,1,0,724,0
neuromorpho__V2KO_8.swc,pyramidal,1027,1.000000,1.000000,1.000000,,1.000000,,1,0,1026,0
neuromorpho__V2_14.swc,pyramidal,621,1.000000,1.000000,1.000000,,1.000000,,1,0,620,0
neuromorpho__V2_18.swc,pyramidal,465,1.000000,1.000000,1.000000,,1.000000,,1,0,464,0
neuromorpho__V2_2.swc,pyramidal,543,1.000000,1.000000,1.000000,,1.000000,,1,0,542,0
neuromorpho__V2_20.swc,pyramidal,862,1.000000,1.000000,1.000000,,1.000000,,1,0,861,0
neuromorpho__V2_21.swc,pyramidal,613,1.000000,1.000000,1.000000,,1.000000,,1,0,612,0
neuromorpho__V2_27.swc,pyramidal,715,1.000000,1.000000,1.000000,,1.000000,,1,0,714,0
neuromorpho__V2_30.swc,pyramidal,424,1.000000,1.000000,1.000000,,1.000000,,1,0,423,0
neuromorpho__V2_31.swc,pyramidal,702,1.000000,1.000000,1.000000,,1.000000,,1,0,701,0
neuromorpho__V2_32.swc,pyramidal,721,1.000000,1.000000,1.000000,,1.000000,,1,0,720,0
neuromorpho__V2_49.swc,pyramidal,921,1.000000,1.000000,1.000000,,1.000000,,1,0,920,0
neuromorpho__Vert-01.swc,pyramidal,482,1.000000,1.000000,1.000000,1.000000,1.000000,1.000000,1,51,344,86
neuromorpho__Vert-03.swc,pyramidal,405,0.827160,0.630400,1.000000,1.000000,0.891300,0.000000,1,47,357,0
neuromorpho__WT-set1-009.swc,pyramidal,1314,1.000000,1.000000,1.000000,,1.000000,,1,0,1313,0
neuromorpho__WT-set2-003.swc,pyramidal,1615,1.000000,1.000000,1.000000,,1.000000,,1,0,1614,0
neuromorpho__WT-set3-004.swc,pyramidal,1200,1.000000,1.000000,1.000000,,1.000000,,1,0,1199,0
neuromorpho__WT-set3-006.swc,pyramidal,991,1.000000,1.000000,1.000000,,1.000000,,1,0,990,0
neuromorpho__WT-set3-007.swc,pyramidal,1085,1.000000,1.000000,1.000000,,1.000000,,1,0,1084,0
neuromorpho__WT2-N11-2_final.swc,pyramidal,1045,1.000000,1.000000,1.000000,,1.000000,,1,0,1044,0
neuromorpho__WT2-N3-2_final.swc,pyramidal,1884,1.000000,1.000000,1.000000,,1.000000,,1,0,1883,0
neuromorpho__WT2-N4-1_final.swc,pyramidal,800,1.000000,1.000000,1.000000,,1.000000,,1,0,799,0
neuromorpho__WT2-N5-1_final.swc,pyramidal,799,1.000000,1.000000,1.000000,,1.000000,,1,0,798,0
neuromorpho__WT2-Neuron-10.swc,pyramidal,64,0.484375,0.500000,1.000000,1.000000,,0.000000,1,30,33,0
neuromorpho__WT2-Neuron-3.swc,pyramidal,14,1.000000,1.000000,1.000000,1.000000,,,1,13,0,0
neuromorpho__WT2-Neuron1_e.swc,pyramidal,14,0.500000,0.631600,1.000000,,0.631600,,1,7,6,0
neuromorpho__WT3-n3-6_final.swc,pyramidal,1263,1.000000,1.000000,1.000000,,1.000000,,1,0,1262,0
neuromorpho__WT3-n7-5_final.swc,pyramidal,1062,1.000000,1.000000,1.000000,,1.000000,,1,0,1061,0
neuromorpho__WT3-n8-2_1.swc,pyramidal,988,1.000000,1.000000,1.000000,,1.000000,,1,0,987,0
neuromorpho__WT3-neuron2.swc,pyramidal,136,1.000000,1.000000,1.000000,1.000000,1.000000,,1,76,59,0
neuromorpho__WT3-neuron8.swc,pyramidal,164,0.182927,0.151000,1.000000,0.000000,0.302100,,1,0,163,0
neuromorpho__WT343PFCL320XNeuron9.swc,pyramidal,1013,0.703850,0.826000,1.000000,,0.826000,,1,300,712,0
neuromorpho__WT4-7-1---2_final.swc,pyramidal,992,1.000000,1.000000,1.000000,,1.000000,,1,0,991,0
neuromorpho__WT4-N1-4_final.swc,pyramidal,1178,1.000000,1.000000,1.000000,,1.000000,,1,0,1177,0
neuromorpho__WT4-N3-4_final.swc,pyramidal,1498,1.000000,1.000000,1.000000,,1.000000,,1,0,1497,0
neuromorpho__WT4-N4-3_final.swc,pyramidal,1432,1.000000,1.000000,1.000000,,1.000000,,1,0,1431,0
neuromorpho__WT4-n1-2_final.swc,pyramidal,1290,1.000000,1.000000,1.000000,,1.000000,,1,0,1289,0
neuromorpho__WT4-n11-3_final.swc,pyramidal,846,1.000000,1.000000,1.000000,,1.000000,,1,0,845,0
neuromorpho__WT4-n12-4_final.swc,pyramidal,848,1.000000,1.000000,1.000000,,1.000000,,1,0,847,0
neuromorpho__WT_13.swc,pyramidal,2148,1.000000,1.000000,1.000000,,1.000000,1.000000,1,0,873,1274
neuromorpho__WT_1_3.swc,pyramidal,2940,0.117687,0.118200,1.000000,0.000000,0.354600,0.000000,1,0,1601,1338
neuromorpho__WT_1_4.swc,pyramidal,2623,0.897064,0.635300,1.000000,0.000000,0.905800,1.000000,1,63,1505,1054
neuromorpho__WT_1_5.swc,pyramidal,2710,0.921033,0.633200,1.000000,0.000000,0.899700,1.000000,1,150,1024,1535
neuromorpho__WT_2.swc,pyramidal,2246,1.000000,1.000000,1.000000,,1.000000,1.000000,1,0,856,1389
neuromorpho__WT_2_2.swc,pyramidal,2805,0.986096,0.661600,1.000000,0.000000,0.984700,1.000000,1,0,1295,1509
neuromorpho__WT_3_3.swc,pyramidal,2013,0.918530,0.932500,1.000000,,0.864900,1.000000,1,164,525,1323
neuromorpho__WT_8.swc,pyramidal,1568,1.000000,1.000000,1.000000,,1.000000,1.000000,1,0,475,1092
neuromorpho__X043_S2_Z2_C01.swc,pyramidal,709,1.000000,1.000000,1.000000,,1.000000,1.000000,1,0,497,211
neuromorpho__X043_S2_Z4_C01_20x.swc,pyramidal,394,1.000000,1.000000,1.000000,,1.000000,1.000000,1,0,149,244
neuromorpho__X043_S2_Z4_C03_20x.swc,pyramidal,685,1.000000,1.000000,1.000000,,1.000000,1.000000,1,0,307,377
neuromorpho__X043_S2_Z5_C01.swc,pyramidal,521,0.986564,0.994900,1.000000,,0.989800,1.000000,1,7,341,172
neuromorpho__X043_S3_Z4_C03.swc,pyramidal,746,1.000000,1.000000,1.000000,,1.000000,1.000000,1,0,389,356
neuromorpho__X043_S4_Z1_C01.swc,pyramidal,526,0.979087,0.986700,1.000000,,0.973400,1.000000,1,11,201,313
neuromorpho__X043_S4_Z2_C03.swc,pyramidal,674,1.000000,1.000000,1.000000,,1.000000,1.000000,1,0,424,249
neuromorpho__X043_S4_Z5_C02.swc,pyramidal,460,0.247826,0.197600,1.000000,,0.395100,0.000000,1,0,260,199
neuromorpho__X043_S5_Z1_C01.swc,pyramidal,484,1.000000,1.000000,1.000000,,1.000000,1.000000,1,0,306,177
neuromorpho__X043_S5_Z1_C02_20x.swc,pyramidal,397,0.989924,0.993700,1.000000,,0.987300,1.000000,1,4,156,236
neuromorpho__X043_S5_Z2_C01_20x.swc,pyramidal,651,1.000000,1.000000,1.000000,,1.000000,1.000000,1,0,219,431
neuromorpho__X043_S7_Z2_C01.swc,pyramidal,813,1.000000,1.000000,1.000000,,1.000000,1.000000,1,0,551,261
neuromorpho__X043_S7_Z4_C01.swc,pyramidal,631,0.979398,0.991900,1.000000,,0.983900,1.000000,1,13,396,221
neuromorpho__X046_S1_Z2_C04.swc,pyramidal,562,0.320285,0.241900,1.000000,,0.483800,0.000000,1,0,351,210
neuromorpho__X046_S1_Z2_C05.swc,pyramidal,660,0.240909,0.193400,1.000000,,0.386800,0.000000,1,0,355,304
neuromorpho__X046_S4_Z1_C01_20X.swc,pyramidal,606,1.000000,1.000000,1.000000,,1.000000,1.000000,1,0,315,290
neuromorpho__X046_S4_Z4_C01_20X.swc,pyramidal,442,1.000000,1.000000,1.000000,,1.000000,1.000000,1,0,213,228
neuromorpho__X046_S4_Z4_C03_20X.swc,pyramidal,578,0.989619,0.994500,1.000000,,0.989000,1.000000,1,6,269,302
neuromorpho__X046_S4_Z5_C01.swc,pyramidal,569,1.000000,1.000000,1.000000,,1.000000,1.000000,1,0,316,252
neuromorpho__X046_S6_Z1_C01.swc,pyramidal,484,0.648760,0.500000,1.000000,,1.000000,0.000000,1,170,313,0
neuromorpho__X046_S6_Z6_C01.swc,pyramidal,468,1.000000,1.000000,1.000000,,1.000000,1.000000,1,0,309,158
neuromorpho__Yin20161228s5_AR.swc,pyramidal,9572,1.000000,1.000000,1.000000,1.000000,1.000000,1.000000,1,7027,1470,1074
neuromorpho__alpha-15.swc,pyramidal,70,1.000000,1.000000,1.000000,,1.000000,,1,0,69,0
neuromorpho__alpha-17.swc,pyramidal,105,1.000000,1.000000,1.000000,,1.000000,,1,0,104,0
neuromorpho__alpha-5.swc,pyramidal,62,1.000000,1.000000,1.000000,,1.000000,,1,0,61,0
neuromorpho__august5s1-cell-1.swc,pyramidal,822,1.000000,1.000000,1.000000,,1.000000,1.000000,1,0,450,371
neuromorpho__august8s1-cell-3.swc,pyramidal,898,0.677060,0.500000,1.000000,,1.000000,0.000000,1,290,607,0
neuromorpho__beta-13.swc,pyramidal,241,1.000000,1.000000,1.000000,,1.000000,,1,0,240,0
neuromorpho__beta-19.swc,pyramidal,140,1.000000,1.000000,1.000000,,1.000000,,1,0,139,0
neuromorpho__beta-4.swc,pyramidal,142,1.000000,1.000000,1.000000,,1.000000,,1,0,141,0
neuromorpho__beta-6.swc,pyramidal,127,1.000000,1.000000,1.000000,,1.000000,,1,0,126,0
neuromorpho__beta.swc,pyramidal,93,1.000000,1.000000,1.000000,,1.000000,,1,0,92,0
neuromorpho__cM2p_11.swc,pyramidal,4698,1.000000,1.000000,1.000000,,1.000000,1.000000,1,0,2199,2498
neuromorpho__cM2p_12.swc,pyramidal,3667,1.000000,1.000000,1.000000,,1.000000,1.000000,1,0,1361,2305
neuromorpho__cortex-1148-1.swc,pyramidal,72,1.000000,1.000000,1.000000,,1.000000,,1,0,71,0
neuromorpho__cortex-1148-6.swc,pyramidal,56,1.000000,1.000000,1.000000,,1.000000,,1,0,55,0
neuromorpho__cortex-1155-3.swc,pyramidal,67,1.000000,1.000000,1.000000,,1.000000,,1,0,66,0
neuromorpho__cortex-1159-7.swc,pyramidal,81,1.000000,1.000000,1.000000,,1.000000,,1,0,80,0
neuromorpho__cortex-1159-8.swc,pyramidal,80,1.000000,1.000000,1.000000,,1.000000,,1,0,79,0
neuromorpho__cortex-229-7.swc,pyramidal,54,1.000000,1.000000,1.000000,,1.000000,,1,0,53,0
neuromorpho__cortex-420-4.swc,pyramidal,85,1.000000,1.000000,1.000000,,1.000000,,1,0,84,0
neuromorpho__cortex-456-5.swc,pyramidal,111,1.000000,1.000000,1.000000,,1.000000,,1,0,110,0
neuromorpho__cortex-516-1.swc,pyramidal,98,1.000000,1.000000,1.000000,,1.000000,,1,0,97,0
neuromorpho__cortex-516-2.swc,pyramidal,44,1.000000,1.000000,1.000000,,1.000000,,1,0,43,0
neuromorpho__cortex-519-1.swc,pyramidal,78,1.000000,1.000000,1.000000,,1.000000,,1,0,77,0
neuromorpho__cortex-519-5.swc,pyramidal,30,1.000000,1.000000,1.000000,,1.000000,,1,0,29,0
neuromorpho__cortex-519-9.swc,pyramidal,47,1.000000,1.000000,1.000000,,1.000000,,1,0,46,0
neuromorpho__cortex-521-4.swc,pyramidal,53,1.000000,1.000000,1.000000,,1.000000,,1,0,52,0
neuromorpho__cortex-521-5.swc,pyramidal,34,1.000000,1.000000,1.000000,,1.000000,,1,0,33,0
neuromorpho__cortex-537-6.swc,pyramidal,52,1.000000,1.000000,1.000000,,1.000000,,1,0,51,0
neuromorpho__cortex-539-1.swc,pyramidal,53,1.000000,1.000000,1.000000,,1.000000,,1,0,52,0
neuromorpho__cortex-557-6.swc,pyramidal,54,1.000000,1.000000,1.000000,,1.000000,,1,0,53,0
neuromorpho__cortex-570-4.swc,pyramidal,104,1.000000,1.000000,1.000000,,1.000000,,1,0,103,0
neuromorpho__cortex-858-3.swc,pyramidal,47,1.000000,1.000000,1.000000,,1.000000,,1,0,46,0
neuromorpho__cortex-858-4.swc,pyramidal,63,1.000000,1.000000,1.000000,,1.000000,,1,0,62,0
neuromorpho__cortex-858-5.swc,pyramidal,45,1.000000,1.000000,1.000000,,1.000000,,1,0,44,0
neuromorpho__cortex-858-6.swc,pyramidal,59,1.000000,1.000000,1.000000,,1.000000,,1,0,58,0
neuromorpho__cortex102-2.swc,pyramidal,106,1.000000,1.000000,1.000000,,1.000000,,1,0,105,0
neuromorpho__cortex102-3.swc,pyramidal,87,1.000000,1.000000,1.000000,,1.000000,,1,0,86,0
neuromorpho__cortex102-5.swc,pyramidal,149,1.000000,1.000000,1.000000,,1.000000,,1,0,148,0
neuromorpho__cortex104-4.swc,pyramidal,164,1.000000,1.000000,1.000000,,1.000000,,1,0,163,0
neuromorpho__cortex117-7.swc,pyramidal,88,1.000000,1.000000,1.000000,,1.000000,,1,0,87,0
neuromorpho__cortex134-3.swc,pyramidal,81,1.000000,1.000000,1.000000,,1.000000,,1,0,80,0
neuromorpho__cortex156-3.swc,pyramidal,115,1.000000,1.000000,1.000000,,1.000000,,1,0,114,0
neuromorpho__cortex156-6.swc,pyramidal,101,1.000000,1.000000,1.000000,,1.000000,,1,0,100,0
neuromorpho__cortex157-7.swc,pyramidal,91,1.000000,1.000000,1.000000,,1.000000,,1,0,90,0
neuromorpho__cortex158-1.swc,pyramidal,43,1.000000,1.000000,1.000000,,1.000000,,1,0,42,0
neuromorpho__cortex158-6.swc,pyramidal,43,1.000000,1.000000,1.000000,,1.000000,,1,0,42,0
neuromorpho__cortex163-3.swc,pyramidal,174,1.000000,1.000000,1.000000,,1.000000,,1,0,173,0
neuromorpho__cortex168-2.swc,pyramidal,48,1.000000,1.000000,1.000000,,1.000000,,1,0,47,0
neuromorpho__cortex168-6.swc,pyramidal,78,1.000000,1.000000,1.000000,,1.000000,,1,0,77,0
neuromorpho__cortex169-1.swc,pyramidal,92,1.000000,1.000000,1.000000,,1.000000,,1,0,91,0
neuromorpho__cortex170-5.swc,pyramidal,68,1.000000,1.000000,1.000000,,1.000000,,1,0,67,0
neuromorpho__cortex170-6.swc,pyramidal,69,1.000000,1.000000,1.000000,,1.000000,,1,0,68,0
neuromorpho__cortex172-1.swc,pyramidal,51,1.000000,1.000000,1.000000,,1.000000,,1,0,50,0
neuromorpho__cortex223-5.swc,pyramidal,93,1.000000,1.000000,1.000000,,1.000000,,1,0,92,0
neuromorpho__cortex285-2.swc,pyramidal,129,1.000000,1.000000,1.000000,,1.000000,,1,0,128,0
neuromorpho__cortex285-4.swc,pyramidal,110,1.000000,1.000000,1.000000,,1.000000,,1,0,109,0
neuromorpho__cortex286-1.swc,pyramidal,101,1.000000,1.000000,1.000000,,1.000000,,1,0,100,0
neuromorpho__cortex286-3.swc,pyramidal,55,1.000000,1.000000,1.000000,,1.000000,,1,0,54,0
neuromorpho__cortex286-4.swc,pyramidal,59,1.000000,1.000000,1.000000,,1.000000,,1,0,58,0
neuromorpho__cortex286-5.swc,pyramidal,100,1.000000,1.000000,1.000000,,1.000000,,1,0,99,0
neuromorpho__cortex303-1.swc,pyramidal,104,1.000000,1.000000,1.000000,,1.000000,,1,0,103,0
neuromorpho__cortex303-4.swc,pyramidal,78,1.000000,1.000000,1.000000,,1.000000,,1,0,77,0
neuromorpho__cortex305-3.swc,pyramidal,87,1.000000,1.000000,1.000000,,1.000000,,1,0,86,0
neuromorpho__cortex305-7.swc,pyramidal,49,1.000000,1.000000,1.000000,,1.000000,,1,0,48,0
neuromorpho__cortex367-3.swc,pyramidal,113,1.000000,1.000000,1.000000,,1.000000,,1,0,112,0
neuromorpho__cortex367-5.swc,pyramidal,69,1.000000,1.000000,1.000000,,1.000000,,1,0,68,0
neuromorpho__cortex368-4.swc,pyramidal,97,1.000000,1.000000,1.000000,,1.000000,,1,0,96,0
neuromorpho__cortex368-5.swc,pyramidal,85,1.000000,1.000000,1.000000,,1.000000,,1,0,84,0
neuromorpho__cortex370-1.swc,pyramidal,34,1.000000,1.000000,1.000000,,1.000000,,1,0,33,0
neuromorpho__cortex370-5.swc,pyramidal,44,1.000000,1.000000,1.000000,,1.000000,,1,0,43,0
neuromorpho__cortex370-6.swc,pyramidal,53,1.000000,1.000000,1.000000,,1.000000,,1,0,52,0
neuromorpho__cortex412-2.swc,pyramidal,58,1.000000,1.000000,1.000000,,1.000000,,1,0,57,0
neuromorpho__cortex412-6.swc,pyramidal,63,1.000000,1.000000,1.000000,,1.000000,,1,0,62,0
neuromorpho__cortex417-1.swc,pyramidal,49,1.000000,1.000000,1.000000,,1.000000,,1,0,48,0
neuromorpho__cortex417-2.swc,pyramidal,70,1.000000,1.000000,1.000000,,1.000000,,1,0,69,0
neuromorpho__cortex99-6.swc,pyramidal,54,1.000000,1.000000,1.000000,,1.000000,,1,0,53,0
neuromorpho__crop0_1_seg_split_9_1-1.swc,pyramidal,837,1.000000,1.000000,1.000000,,1.000000,,1,0,836,0
neuromorpho__crop0_2_seg_split_16_1-1.swc,pyramidal,836,1.000000,1.000000,1.000000,,1.000000,,1,0,835,0
neuromorpho__crop0_2_seg_split_4_1-2.swc,pyramidal,758,1.000000,1.000000,1.000000,,1.000000,,1,0,757,0
neuromorpho__crop0_2_seg_split_5_1-15.swc,pyramidal,1611,0.564867,0.721700,1.000000,,0.721700,,1,701,909,0
neuromorpho__crop0_2_seg_split_6_1-35.swc,pyramidal,545,0.666055,0.799100,1.000000,,0.799100,,1,182,362,0
neuromorpho__ctg_bV1_6.swc,pyramidal,365,0.597260,0.747000,1.000000,,0.747000,,1,0,217,147
neuromorpho__ctrl_bV1_3.swc,pyramidal,669,0.968610,0.986100,1.000000,,0.972300,1.000000,1,21,368,279
neuromorpho__ctrl_bV1_6.swc,pyramidal,857,1.000000,1.000000,1.000000,,1.000000,1.000000,1,0,407,449
neuromorpho__ctrl_bV1_7.swc,pyramidal,392,1.000000,1.000000,1.000000,,1.000000,1.000000,1,0,220,171
neuromorpho__g0445-7_cellA.swc,pyramidal,837,0.892473,0.596900,1.000000,1.000000,0.790700,0.000000,1,576,260,0
neuromorpho__g0697P1.swc,pyramidal,3760,1.000000,1.000000,1.000000,1.000000,1.000000,1.000000,1,2452,717,590
neuromorpho__g0759_b2.swc,pyramidal,1630,1.000000,1.000000,1.000000,1.000000,1.000000,1.000000,1,1359,156,114
neuromorpho__group1_cell11.swc,pyramidal,2908,0.943260,0.970800,1.000000,,0.970800,,1,165,2742,0
neuromorpho__group1_cell17.swc,pyramidal,2458,1.000000,1.000000,1.000000,,1.000000,,1,0,2457,0
neuromorpho__group1_cell22.swc,pyramidal,1937,1.000000,1.000000,1.000000,,1.000000,,1,0,1936,0
neuromorpho__group2_cell10.swc,pyramidal,1362,1.000000,1.000000,1.000000,,1.000000,,1,0,1361,0
neuromorpho__group2_cell6.swc,pyramidal,3853,0.935635,0.966700,1.000000,,0.966700,,1,248,3604,0
neuromorpho__het_1-2_21.swc,pyramidal,127,1.000000,1.000000,1.000000,,1.000000,,1,0,126,0
neuromorpho__het_1-3.swc,pyramidal,221,1.000000,1.000000,1.000000,,1.000000,,1,0,220,0
neuromorpho__het_10-2.swc,pyramidal,324,1.000000,1.000000,1.000000,,1.000000,,1,0,323,0
neuromorpho__het_13_37.swc,pyramidal,153,1.000000,1.000000,1.000000,,1.000000,,1,0,152,0
neuromorpho__het_16_30.swc,pyramidal,71,1.000000,1.000000,1.000000,,1.000000,,1,0,70,0
neuromorpho__het_1_51.swc,pyramidal,303,0.339934,0.505000,1.000000,,0.505000,,1,200,102,0
neuromorpho__het_3-1.swc,pyramidal,206,1.000000,1.000000,1.000000,,1.000000,,1,0,205,0
neuromorpho__het_3-2.swc,pyramidal,230,0.556522,0.713500,1.000000,,0.713500,,1,102,127,0
neuromorpho__het_4-6.swc,pyramidal,585,1.000000,1.000000,1.000000,,1.000000,,1,0,584,0
neuromorpho__het_6_43.swc,pyramidal,45,1.000000,1.000000,1.000000,,1.000000,,1,0,44,0
neuromorpho__het_8-2.swc,pyramidal,213,1.000000,1.000000,1.000000,,1.000000,,1,0,212,0
neuromorpho__het_8_38.swc,pyramidal,361,0.138504,0.239600,1.000000,,0.239600,,1,175,49,136
neuromorpho__het_9-2.swc,pyramidal,285,1.000000,1.000000,1.000000,,1.000000,,1,0,284,0
neuromorpho__hippo-104-2.swc,pyramidal,104,1.000000,1.000000,1.000000,,1.000000,,1,0,103,0
neuromorpho__hippo-104-6.swc,pyramidal,70,0.014286,0.000000,1.000000,,0.000000,,1,0,0,69
neuromorpho__hippo-1150-7new.swc,pyramidal,78,1.000000,1.000000,1.000000,,1.000000,,1,0,77,0
neuromorpho__hippo-1159-3new.swc,pyramidal,105,1.000000,1.000000,1.000000,,1.000000,,1,0,104,0
neuromorpho__hippo-116-5.swc,pyramidal,71,1.000000,1.000000,1.000000,,1.000000,,1,0,70,0
neuromorpho__hippo-117-1.swc,pyramidal,131,1.000000,1.000000,1.000000,,1.000000,,1,0,130,0
neuromorpho__hippo-130-1.swc,pyramidal,102,1.000000,1.000000,1.000000,,1.000000,,1,0,101,0
neuromorpho__hippo-130-3.swc,pyramidal,105,1.000000,1.000000,1.000000,,1.000000,,1,0,104,0
neuromorpho__hippo-130-4.swc,pyramidal,85,1.000000,1.000000,1.000000,,1.000000,,1,0,84,0
neuromorpho__hippo-130-5.swc,pyramidal,90,1.000000,1.000000,1.000000,,1.000000,,1,0,89,0
neuromorpho__hippo-134-5.swc,pyramidal,82,1.000000,1.000000,1.000000,,1.000000,,1,0,81,0
neuromorpho__hippo-156-3.swc,pyramidal,93,1.000000,1.000000,1.000000,,1.000000,,1,0,92,0
neuromorpho__hippo-156-6.swc,pyramidal,94,1.000000,1.000000,1.000000,,1.000000,,1,0,93,0
neuromorpho__hippo-157-3.swc,pyramidal,55,1.000000,1.000000,1.000000,,1.000000,,1,0,54,0
neuromorpho__hippo-157-4.swc,pyramidal,55,1.000000,1.000000,1.000000,,1.000000,,1,0,54,0
neuromorpho__hippo-158-2.swc,pyramidal,103,1.000000,1.000000,1.000000,,1.000000,,1,0,102,0
neuromorpho__hippo-163-1.swc,pyramidal,97,1.000000,1.000000,1.000000,,1.000000,,1,0,96,0
neuromorpho__hippo-168-3.swc,pyramidal,79,1.000000,1.000000,1.000000,,1.000000,,1,0,78,0
neuromorpho__hippo-168-6.swc,pyramidal,85,1.000000,1.000000,1.000000,,1.000000,,1,0,84,0
neuromorpho__hippo-171-1.swc,pyramidal,58,1.000000,1.000000,1.000000,,1.000000,,1,0,57,0
neuromorpho__hippo-171-6.swc,pyramidal,58,1.000000,1.000000,1.000000,,1.000000,,1,0,57,0
neuromorpho__hippo-172-1.swc,pyramidal,134,1.000000,1.000000,1.000000,,1.000000,,1,0,133,0
neuromorpho__hippo-172-3.swc,pyramidal,111,1.000000,1.000000,1.000000,,1.000000,,1,0,110,0
neuromorpho__hippo-195-3.swc,pyramidal,57,1.000000,1.000000,1.000000,,1.000000,,1,0,56,0
neuromorpho__hippo-195-4.swc,pyramidal,79,1.000000,1.000000,1.000000,,1.000000,,1,0,78,0
neuromorpho__hippo-195-5.swc,pyramidal,162,1.000000,1.000000,1.000000,,1.000000,,1,0,161,0
neuromorpho__hippo-218-1.swc,pyramidal,37,1.000000,1.000000,1.000000,,1.000000,,1,0,36,0
neuromorpho__hippo-218-3.swc,pyramidal,122,1.000000,1.000000,1.000000,,1.000000,,1,0,121,0
neuromorpho__hippo-225-1.swc,pyramidal,60,1.000000,1.000000,1.000000,,1.000000,,1,0,59,0
neuromorpho__hippo-225-5.swc,pyramidal,116,1.000000,1.000000,1.000000,,1.000000,,1,0,115,0
neuromorpho__hippo-229-1.swc,pyramidal,47,1.000000,1.000000,1.000000,,1.000000,,1,0,46,0
neuromorpho__hippo-420-4.swc,pyramidal,87,1.000000,1.000000,1.000000,,1.000000,,1,0,86,0
neuromorpho__hippo-516-6.swc,pyramidal,129,1.000000,1.000000,1.000000,,1.000000,,1,0,128,0
neuromorpho__hippo-519-4.swc,pyramidal,80,1.000000,1.000000,1.000000,,1.000000,,1,0,79,0
neuromorpho__hippo-519-6.swc,pyramidal,130,1.000000,1.000000,1.000000,,1.000000,,1,0,129,0
neuromorpho__hippo-519-8.swc,pyramidal,97,1.000000,1.000000,1.000000,,1.000000,,1,0,96,0
neuromorpho__hippo-521-4.swc,pyramidal,117,1.000000,1.000000,1.000000,,1.000000,,1,0,116,0
neuromorpho__hippo-531-7.swc,pyramidal,74,1.000000,1.000000,1.000000,,1.000000,,1,0,73,0
neuromorpho__hippo-531-8.swc,pyramidal,83,1.000000,1.000000,1.000000,,1.000000,,1,0,82,0
neuromorpho__hippo-537-6.swc,pyramidal,91,1.000000,1.000000,1.000000,,1.000000,,1,0,90,0
neuromorpho__hippo-557-7.swc,pyramidal,114,1.000000,1.000000,1.000000,,1.000000,,1,0,113,0
neuromorpho__hippo-560-3.swc,pyramidal,84,1.000000,1.000000,1.000000,,1.000000,,1,0,83,0
neuromorpho__hippo-560-5.swc,pyramidal,117,1.000000,1.000000,1.000000,,1.000000,,1,0,116,0
neuromorpho__hippo-570-2.swc,pyramidal,127,1.000000,1.000000,1.000000,,1.000000,,1,0,126,0
neuromorpho__hippo-570-3.swc,pyramidal,56,1.000000,1.000000,1.000000,,1.000000,,1,0,55,0
neuromorpho__hippo-570-6.swc,pyramidal,79,1.000000,1.000000,1.000000,,1.000000,,1,0,78,0
neuromorpho__hippo-570-7.swc,pyramidal,93,1.000000,1.000000,1.000000,,1.000000,,1,0,92,0
neuromorpho__hippo-858-3.swc,pyramidal,63,1.000000,1.000000,1.000000,,1.000000,,1,0,62,0
neuromorpho__hippo-858-8.swc,pyramidal,91,1.000000,1.000000,1.000000,,1.000000,,1,0,90,0
neuromorpho__hippo218-4.swc,pyramidal,76,1.000000,1.000000,1.000000,,1.000000,,1,0,75,0
neuromorpho__hippo223-5.swc,pyramidal,86,1.000000,1.000000,1.000000,,1.000000,,1,0,85,0
neuromorpho__hippo284-1.swc,pyramidal,220,1.000000,1.000000,1.000000,,1.000000,,1,0,219,0
neuromorpho__hippo285-3.swc,pyramidal,89,1.000000,1.000000,1.000000,,1.000000,,1,0,88,0
neuromorpho__hippo303-2.swc,pyramidal,109,1.000000,1.000000,1.000000,,1.000000,,1,0,108,0
neuromorpho__hippo303-3.swc,pyramidal,81,1.000000,1.000000,1.000000,,1.000000,,1,0,80,0
neuromorpho__hippo303-4.swc,pyramidal,115,1.000000,1.000000,1.000000,,1.000000,,1,0,114,0
neuromorpho__hippo305-7.swc,pyramidal,87,1.000000,1.000000,1.000000,,1.000000,,1,0,86,0
neuromorpho__hippo361-4.swc,pyramidal,103,1.000000,1.000000,1.000000,,1.000000,,1,0,102,0
neuromorpho__hippo367-5.swc,pyramidal,115,1.000000,1.000000,1.000000,,1.000000,,1,0,114,0
neuromorpho__hippo367-7.swc,pyramidal,127,1.000000,1.000000,1.000000,,1.000000,,1,0,126,0
neuromorpho__hippo368-3.swc,pyramidal,70,1.000000,1.000000,1.000000,,1.000000,,1,0,69,0
neuromorpho__hippo401-1.swc,pyramidal,72,1.000000,1.000000,1.000000,,1.000000,,1,0,71,0
neuromorpho__hippo401-3.swc,pyramidal,94,1.000000,1.000000,1.000000,,1.000000,,1,0,93,0
neuromorpho__hippo401-7.swc,pyramidal,117,1.000000,1.000000,1.000000,,1.000000,,1,0,116,0
neuromorpho__hippo412-2.swc,pyramidal,98,1.000000,1.000000,1.000000,,1.000000,,1,0,97,0
neuromorpho__hippo412-4.swc,pyramidal,165,1.000000,1.000000,1.000000,,1.000000,,1,0,164,0
neuromorpho__iPRCp_02.swc,pyramidal,7076,1.000000,1.000000,1.000000,,1.000000,1.000000,1,0,4526,2549
neuromorpho__iPRCp_05.swc,pyramidal,10230,0.344575,0.256200,1.000000,,0.512500,0.000000,1,0,6396,3833
neuromorpho__iPRCp_08.swc,pyramidal,7508,1.000000,1.000000,1.000000,,1.000000,1.000000,1,0,3686,3821
neuromorpho__iPRCp_11.swc,pyramidal,10001,1.000000,1.000000,1.000000,,1.000000,1.000000,1,0,4094,5906
neuromorpho__iPRCp_13.swc,pyramidal,8119,1.000000,1.000000,1.000000,,1.000000,1.000000,1,0,2206,5912
neuromorpho__jerry-14.swc,pyramidal,250,1.000000,1.000000,1.000000,,1.000000,,1,0,249,0
neuromorpho__ko20x-05.swc,pyramidal,83,1.000000,1.000000,1.000000,,1.000000,1.000000,1,0,49,33
neuromorpho__ko20x-13.swc,pyramidal,71,0.788732,0.881000,1.000000,,0.761900,1.000000,1,15,24,31
neuromorpho__ko20x-15.swc,pyramidal,173,1.000000,1.000000,1.000000,,1.000000,1.000000,1,0,48,124
neuromorpho__ko20x-16.swc,pyramidal,117,1.000000,1.000000,1.000000,,1.000000,1.000000,1,0,51,65
neuromorpho__m1s2s2b-l-sup.swc,pyramidal,320,0.525000,0.500000,1.000000,,1.000000,0.000000,1,152,167,0
neuromorpho__m1s2s7t-d-mid.swc,pyramidal,280,0.450000,0.309400,1.000000,,0.618800,0.000000,1,0,279,0
neuromorpho__mPFC_w1_L5_01.swc,pyramidal,3065,1.000000,1.000000,1.000000,1.000000,1.000000,1.000000,1,33,1169,1862
neuromorpho__mPFC_w1_L5_04.swc,pyramidal,1761,0.800114,0.564100,1.000000,0.000000,0.692300,1.000000,1,0,748,1012
neuromorpho__mPFC_w1_L5_05.swc,pyramidal,935,1.000000,1.000000,1.000000,,1.000000,1.000000,1,0,253,681
neuromorpho__mPFC_w1_L5_08.swc,pyramidal,976,0.990779,0.989100,1.000000,,0.978100,1.000000,1,9,201,765
neuromorpho__mPFC_w2_L3_02.swc,pyramidal,1639,1.000000,1.000000,1.000000,,1.000000,1.000000,1,0,1089,549
neuromorpho__mPFC_w2_L3_06.swc,pyramidal,1124,1.000000,1.000000,1.000000,,1.000000,1.000000,1,0,649,474
neuromorpho__mPFC_w2_L5_01.swc,pyramidal,3202,1.000000,1.000000,1.000000,1.000000,1.000000,1.000000,1,53,1402,1746
neuromorpho__mPFC_w2_L5_03.swc,pyramidal,2934,1.000000,1.000000,1.000000,,1.000000,1.000000,1,0,1390,1543
neuromorpho__mPFC_w2_L5_08.swc,pyramidal,1829,1.000000,1.000000,1.000000,,1.000000,1.000000,1,0,692,1136
neuromorpho__mPFC_w4_L3_01.swc,pyramidal,1395,0.874552,0.626200,1.000000,0.000000,0.878700,1.000000,1,103,706,585
neuromorpho__mPFC_w4_L3_05.swc,pyramidal,1500,1.000000,1.000000,1.000000,,1.000000,1.000000,1,0,735,764
neuromorpho__mPFC_w4_L5_04.swc,pyramidal,3439,0.989241,0.661900,1.000000,0.000000,0.985700,1.000000,1,17,1295,2126
neuromorpho__mPFC_w4_L5_09.swc,pyramidal,1938,1.000000,1.000000,1.000000,,1.000000,1.000000,1,0,916,1021
neuromorpho__ms92_slice6_cell4.swc,pyramidal,4112,1.000000,1.000000,1.000000,,1.000000,,1,0,4111,0
neuromorpho__n120.swc,pyramidal,2619,1.000000,1.000000,1.000000,,1.000000,1.000000,1,0,1776,842
neuromorpho__n128.swc,pyramidal,3906,1.000000,1.000000,1.000000,,1.000000,1.000000,1,0,1539,2366
neuromorpho__n129.swc,pyramidal,2063,0.953466,0.948900,1.000000,,0.925000,0.972700,1,19,669,1374
neuromorpho__n175.swc,pyramidal,3257,0.984034,0.983900,1.000000,,0.982200,0.985500,1,0,1485,1771
neuromorpho__n178.swc,pyramidal,4516,0.587245,0.500000,1.000000,,0.000000,1.000000,1,1864,0,2651
neuromorpho__n179.swc,pyramidal,11861,0.900177,0.873600,1.000000,,0.787000,0.960200,1,480,2891,8489
neuromorpho__n18fts.swc,pyramidal,1372,0.603499,0.752500,1.000000,,0.752500,,1,544,827,0
neuromorpho__n20fts.swc,pyramidal,2455,0.996334,0.998200,1.000000,,0.998200,,1,9,2445,0
neuromorpho__n22fts.swc,pyramidal,1270,0.997638,0.998800,1.000000,,0.998800,,1,3,1266,0
neuromorpho__n23fts.swc,pyramidal,2814,0.608387,0.756400,1.000000,,0.756400,,1,1102,1711,0
neuromorpho__n29fts.swc,pyramidal,1848,1.000000,1.000000,1.000000,,1.000000,,1,0,1847,0
neuromorpho__n2fts.swc,pyramidal,658,1.000000,1.000000,1.000000,,1.000000,,1,0,657,0
neuromorpho__n3fts.swc,pyramidal,1290,1.000000,1.000000,1.000000,,1.000000,,1,0,1289,0
neuromorpho__n422.swc,pyramidal,5605,0.456557,0.500000,1.000000,,1.000000,0.000000,1,3046,2558,0
neuromorpho__n423.swc,pyramidal,2143,0.433971,0.500000,1.000000,,1.000000,0.000000,1,1213,929,0
neuromorpho__neuron-4_1.swc,pyramidal,1961,1.000000,1.000000,1.000000,,1.000000,,1,0,1960,0
neuromorpho__oi53rpy1-1.swc,pyramidal,8185,1.000000,1.000000,1.000000,1.000000,1.000000,1.000000,1,5950,1680,554
neuromorpho__oi57lpy6-1.swc,pyramidal,7613,1.000000,1.000000,1.000000,1.000000,1.000000,1.000000,1,6100,1179,333
neuromorpho__oi57rpy1-1.swc,pyramidal,14238,1.000000,1.000000,1.000000,1.000000,1.000000,1.000000,1,12662,1154,421
neuromorpho__omega-16.swc,pyramidal,210,1.000000,1.000000,1.000000,,1.000000,,1,0,209,0
neuromorpho__omega-19.swc,pyramidal,317,1.000000,1.000000,1.000000,,1.000000,,1,0,316,0
neuromorpho__sigma-5.swc,pyramidal,114,1.000000,1.000000,1.000000,,1.000000,,1,0,113,0
neuromorpho__sigma-6.swc,pyramidal,123,1.000000,1.000000,1.000000,,1.000000,,1,0,122,0
neuromorpho__sigma.swc,pyramidal,143,1.000000,1.000000,1.000000,,1.000000,,1,0,142,0
neuromorpho__tom-10.swc,pyramidal,152,1.000000,1.000000,1.000000,,1.000000,,1,0,151,0
neuromorpho__tom-11.swc,pyramidal,120,1.000000,1.000000,1.000000,,1.000000,,1,0,119,0
neuromorpho__tom-3.swc,pyramidal,160,1.000000,1.000000,1.000000,,1.000000,,1,0,159,0
neuromorpho__tom-8.swc,pyramidal,210,1.000000,1.000000,1.000000,,1.000000,,1,0,209,0
neuromorpho__traced-WT-Female-cortex-122-7.swc,pyramidal,69,1.000000,1.000000,1.000000,,1.000000,,1,0,68,0
neuromorpho__traced-WT-Female-cortex-146-1c.swc,pyramidal,70,1.000000,1.000000,1.000000,,1.000000,,1,0,69,0
neuromorpho__traced-WT-Female-cortex-181-3.swc,pyramidal,50,1.000000,1.000000,1.000000,,1.000000,,1,0,49,0
neuromorpho__traced-WT-male-cortex-124-4c.swc,pyramidal,102,1.000000,1.000000,1.000000,,1.000000,,1,0,101,0
neuromorpho__traced-WT-male-cortex-124-6.swc,pyramidal,92,1.000000,1.000000,1.000000,,1.000000,,1,0,91,0
neuromorpho__traced-WT-male-cortex-147-10.swc,pyramidal,66,1.000000,1.000000,1.000000,,1.000000,,1,0,65,0
neuromorpho__traced-WT-male-cortex-147-4.swc,pyramidal,46,1.000000,1.000000,1.000000,,1.000000,,1,0,45,0
neuromorpho__traced-WT-male-cortex-147-8a.swc,pyramidal,79,1.000000,1.000000,1.000000,,1.000000,,1,0,78,0
neuromorpho__traced-WT-male-cortex-147-8b.swc,pyramidal,45,1.000000,1.000000,1.000000,,1.000000,,1,0,44,0
neuromorpho__traced-WT-male-cortex-153-7.swc,pyramidal,74,1.000000,1.000000,1.000000,,1.000000,,1,0,73,0
neuromorpho__wt20x-03.swc,pyramidal,201,1.000000,1.000000,1.000000,,1.000000,1.000000,1,0,126,74
neuromorpho__wt20x-04.swc,pyramidal,148,0.979730,0.987600,1.000000,,0.975200,1.000000,1,3,59,85
neuromorpho__wt20x-06.swc,pyramidal,329,1.000000,1.000000,1.000000,,1.000000,1.000000,1,0,193,135
neuromorpho__wt20x-16.swc,pyramidal,253,1.000000,1.000000,1.000000,,1.000000,1.000000,1,0,145,107
neuromorpho__wt20x-19.swc,pyramidal,124,1.000000,1.000000,1.000000,,1.000000,1.000000,1,0,51,72
allen__Chat-IRES-Cre-neo_Ai14-308245.04.02.01_577369606.swc,interneuron,8424,0.999881,0.999900,1.000000,0.999900,0.999800,,1,5782,2641,0
allen__Chat-IRES-Cre-neo_Ai14-316042.05.02.01_586072464.swc,interneuron,6544,0.937958,0.937400,1.000000,0.943300,0.931500,,1,3782,2761,0
allen__Chat-IRES-Cre-neo_Ai14-316042.06.01.01_586072783.swc,interneuron,9284,0.957561,0.954000,1.000000,0.966800,0.941200,,1,6131,3152,0
allen__Gad2-IRES-Cre_Ai14-324791.03.02.02_593321019.swc,interneuron,9202,1.000000,1.000000,1.000000,1.000000,1.000000,,1,8286,915,0
allen__H15.06.016.01.03.02_488386626.swc,interneuron,19279,0.998651,0.997000,1.000000,0.999200,0.994700,,1,16822,2456,0
allen__H16.06.009.01.01.18.03_528687520.swc,interneuron,12081,1.000000,1.000000,1.000000,1.000000,1.000000,,1,9612,2468,0
allen__H17.06.003.11.03.03_614651270.swc,interneuron,30285,0.995840,0.993600,1.000000,0.997400,0.989800,,1,24190,6094,0
allen__H17.06.003.11.05.04_567742660.swc,interneuron,33040,1.000000,1.000000,1.000000,1.000000,1.000000,,1,27337,5702,0
allen__H17.06.005.12.10.04_571435969.swc,interneuron,2967,0.807550,0.807300,1.000000,0.812600,0.802100,,1,1809,1157,0
allen__H17.06.005.12.12.03_571525618.swc,interneuron,8146,0.948195,0.919900,1.000000,0.967500,0.872400,,1,6703,1442,0
allen__H17.06.005.12.15.01_571427524.swc,interneuron,29538,1.000000,1.000000,1.000000,1.000000,1.000000,,1,27457,2080,0
allen__H17.06.006.11.08.07_571709783.swc,interneuron,3695,0.938024,0.484000,1.000000,0.000000,0.968000,,1,0,3694,0
allen__H17.06.012.14.08.05_611610514.swc,interneuron,26630,0.988810,0.978200,1.000000,0.993400,0.963000,,1,22755,3874,0
allen__H17.06.013.12.03.02_643575207.swc,interneuron,17642,1.000000,1.000000,1.000000,1.000000,1.000000,,1,14234,3407,0
allen__H17.06.013.12.03.03_643582610.swc,interneuron,13995,1.000000,1.000000,1.000000,1.000000,1.000000,,1,12149,1845,0
allen__Htr3a-Cre_NO152_Ai14-286731.04.02.01_561553133.swc,interneuron,2808,1.000000,1.000000,1.000000,1.000000,1.000000,,1,277,2530,0
allen__Htr3a-Cre_NO152_Ai14-286736.05.01.01_561532710.swc,interneuron,8835,1.000000,1.000000,1.000000,1.000000,1.000000,,1,6119,2715,0
allen__Ndnf-IRES2-dgCre_Ai14-262467.04.01.01_539014038.swc,interneuron,13849,1.000000,1.000000,1.000000,1.000000,1.000000,,1,11459,2389,0
allen__Ndnf-IRES2-dgCre_Ai14-290382.04.01.01_562632795.swc,interneuron,13035,0.999386,0.998500,1.000000,0.999700,0.997300,,1,11548,1486,0
allen__Ndnf-IRES2-dgCre_Ai14-292670.04.02.01_565120091.swc,interneuron,18807,1.000000,1.000000,1.000000,1.000000,1.000000,,1,16048,2758,0
allen__Ndnf-IRES2-dgCre_Ai14-292673.04.02.01_564349611.swc,interneuron,15659,1.000000,1.000000,1.000000,1.000000,1.000000,,1,14349,1309,0
allen__Ndnf-IRES2-dgCre_Ai14-292673.05.01.01_564346637.swc,interneuron,19022,1.000000,1.000000,1.000000,1.000000,1.000000,,1,16503,2518,0
allen__Ndnf-IRES2-dgCre_Ai14-306261.05.02.01_574734127.swc,interneuron,15926,0.988949,0.980800,1.000000,0.993300,0.968300,,1,13233,2692,0
allen__Ndnf-IRES2-dgCre_Ai14-311164.05.01.01_579626068.swc,interneuron,17629,1.000000,1.000000,1.000000,1.000000,1.000000,,1,15656,1972,0
allen__Nos1-CreERT2_Sst-IRES-FlpO_Ai65-271577.05.02.01_547262585.swc,interneuron,12546,1.000000,1.000000,1.000000,1.000000,1.000000,,1,10647,1898,0
allen__Oxtr-2A-Cre_Ai14-293837.04.02.01_565866518.swc,interneuron,15202,1.000000,1.000000,1.000000,1.000000,1.000000,,1,12955,2246,0
allen__Vipr2-IRES2-Cre_Slc32a1-T2A-FlpO_Ai65-315067.05.01.01_585805211.swc,interneuron,11008,1.000000,1.000000,1.000000,1.000000,1.000000,,1,8891,2116,0
allen__Vipr2-IRES2-Cre_Slc32a1-T2A-FlpO_Ai65-315069.05.02.01_585952606.swc,interneuron,10592,1.000000,1.000000,1.000000,1.000000,1.000000,,1,9394,1197,0
neuromorpho__020315-3-ST.swc,interneuron,7033,1.000000,1.000000,1.000000,1.000000,1.000000,,1,6595,437,0
neuromorpho__020414-pos-div13-cs3.swc,interneuron,1490,1.000000,1.000000,1.000000,,1.000000,,1,0,1489,0
neuromorpho__020414-pos-div14-cs2.swc,interneuron,1693,1.000000,1.000000,1.000000,,1.000000,,1,0,1692,0
neuromorpho__020414-pos-div14-cs4.swc,interneuron,1393,1.000000,1.000000,1.000000,,1.000000,,1,0,1392,0
neuromorpho__020726-3-NPY.swc,interneuron,4743,1.000000,1.000000,1.000000,1.000000,1.000000,,1,4102,640,0
neuromorpho__03-22-01-2doubleBouquet.swc,interneuron,9637,1.000000,1.000000,1.000000,1.000000,1.000000,,1,8019,1617,0
neuromorpho__03-27-01-3wideArbor.swc,interneuron,21099,1.000000,1.000000,1.000000,1.000000,1.000000,,1,19285,1813,0
neuromorpho__030915-2_20x.swc,interneuron,4679,1.000000,1.000000,1.000000,1.000000,1.000000,,1,3650,1028,0
neuromorpho__031115-1_20x.swc,interneuron,5224,1.000000,1.000000,1.000000,1.000000,1.000000,,1,3873,1350,0
neuromorpho__032118Ac1_nNOS-1.swc,interneuron,11037,1.000000,1.000000,1.000000,1.000000,1.000000,,1,9565,1471,0
neuromorpho__05-26-00-s2localArbor.swc,interneuron,14894,1.000000,1.000000,1.000000,1.000000,1.000000,,1,11598,3295,0
neuromorpho__051217_cell4_L23.swc,interneuron,5927,1.000000,1.000000,1.000000,1.000000,1.000000,,1,5625,301,0
neuromorpho__051217_cell6_L1.swc,interneuron,3309,1.000000,1.000000,1.000000,1.000000,1.000000,,1,3212,96,0
neuromorpho__06-02-19A-02-cell-1.swc,interneuron,1243,1.000000,1.000000,1.000000,,1.000000,,1,0,1242,0
neuromorpho__06-11-15-B.swc,interneuron,16105,1.000000,1.000000,1.000000,1.000000,1.000000,,1,13048,3056,0
neuromorpho__0604018001.swc,interneuron,665,1.000000,1.000000,1.000000,,1.000000,,1,0,664,0
neuromorpho__06050180003.swc,interneuron,619,1.000000,1.000000,1.000000,,1.000000,,1,0,618,0
neuromorpho__061217_cell4_L23.swc,interneuron,1794,1.000000,1.000000,1.000000,1.000000,1.000000,,1,1495,298,0
neuromorpho__061218Ac1_dendrites.swc,interneuron,4285,1.000000,1.000000,1.000000,,1.000000,,1,0,4284,0
neuromorpho__07-07-00-3mediumArbor.swc,interneuron,8928,1.000000,1.000000,1.000000,1.000000,1.000000,,1,7803,1124,0
neuromorpho__07-16-2018-slice-1-cell-2-rotate.swc,interneuron,16981,1.000000,1.000000,1.000000,1.000000,1.000000,,1,16780,200,0
neuromorpho__071217_cell3_L1.swc,interneuron,3399,1.000000,1.000000,1.000000,1.000000,1.000000,,1,3301,97,0
neuromorpho__081017Bc1_OFF-OS-AC.swc,interneuron,3757,1.000000,1.000000,1.000000,,1.000000,,1,0,3756,0
neuromorpho__081103a.swc,interneuron,8029,0.485988,0.654000,1.000000,,0.654000,,1,4127,3901,0
neuromorpho__09-06-01-4neurogliaform.swc,interneuron,11239,1.000000,1.000000,1.000000,1.000000,1.000000,,1,9588,1650,0
neuromorpho__092303a.swc,interneuron,3983,1.000000,1.000000,1.000000,,1.000000,,1,0,3982,0
neuromorpho__10-04-01-4doubleBouquet.swc,interneuron,6020,1.000000,1.000000,1.000000,1.000000,1.000000,,1,5132,887,0
neuromorpho__10-07-15-A.swc,interneuron,11201,1.000000,1.000000,1.000000,1.000000,1.000000,,1,10076,1124,0
neuromorpho__10N1-8162019-fcfc2a.swc,interneuron,2877,1.000000,1.000000,1.000000,,1.000000,,1,0,2876,0
neuromorpho__10N1-8162019-fcfc3a.swc,interneuron,1752,1.000000,1.000000,1.000000,,1.000000,,1,0,1751,0
neuromorpho__10N1-8162019-wt5a.swc,interneuron,1772,1.000000,1.000000,1.000000,,1.000000,,1,0,1771,0
neuromorpho__10N23DAT8-50717GFPwta_fcfc3a.swc,interneuron,3249,1.000000,1.000000,1.000000,,1.000000,,1,0,3248,0
neuromorpho__10N23DAT8-50717GFPwta_wt4a.swc,interneuron,4608,1.000000,1.000000,1.000000,,1.000000,,1,0,4607,0
neuromorpho__10N23DAT8-50717GFPwta_wt61.swc,interneuron,1687,1.000000,1.000000,1.000000,,1.000000,,1,0,1686,0
neuromorpho__10N23DAT8-50717GFPwta_wt62.swc,interneuron,4083,1.000000,1.000000,1.000000,,1.000000,,1,0,4082,0
neuromorpho__10N23DAT8-50717GFPwta_wt8a.swc,interneuron,2501,1.000000,1.000000,1.000000,,1.000000,,1,0,2500,0
neuromorpho__10N4-8162019-b_wt7a.swc,interneuron,2681,1.000000,1.000000,1.000000,,1.000000,,1,0,2680,0
neuromorpho__10N4-8162019-b_wt9a.swc,interneuron,1079,1.000000,1.000000,1.000000,,1.000000,,1,0,1078,0
neuromorpho__1232.swc,interneuron,767,1.000000,1.000000,1.000000,1.000000,1.000000,,1,523,243,0
neuromorpho__1243.swc,interneuron,739,0.902571,0.851600,1.000000,0.938500,0.764700,,1,621,117,0
neuromorpho__12N5-8162019-b-fcfc1.swc,interneuron,5116,1.000000,1.000000,1.000000,,1.000000,,1,0,5115,0
neuromorpho__12N5-8162019-b-fcfc21.swc,interneuron,5116,1.000000,1.000000,1.000000,,1.000000,,1,0,5115,0
neuromorpho__12N5-8162019-b-fcfc2a.swc,interneuron,2605,1.000000,1.000000,1.000000,,1.000000,,1,0,2604,0
neuromorpho__12N5-8162019-b-fcfc42.swc,interneuron,2605,1.000000,1.000000,1.000000,,1.000000,,1,0,2604,0
neuromorpho__12N5-8162019-b-wt10a.swc,interneuron,2988,1.000000,1.000000,1.000000,,1.000000,,1,0,2987,0
neuromorpho__12N5-8162019-b-wt1a.swc,interneuron,4908,1.000000,1.000000,1.000000,,1.000000,,1,0,4907,0
neuromorpho__12N5-8162019-b_tile3-fcfc4A.swc,interneuron,1238,1.000000,1.000000,1.000000,,1.000000,,1,0,1237,0
neuromorpho__12N5-8162019-b_tile3-fcfc5a.swc,interneuron,1411,1.000000,1.000000,1.000000,,1.000000,,1,0,1410,0
neuromorpho__12N7-8162019-b-TILE1-n7dat12_tile1_fcfc2a.swc,interneuron,2481,1.000000,1.000000,1.000000,,1.000000,,1,0,2480,0
neuromorpho__12N7-8162019-b-TILE1-wt3a1.swc,interneuron,4332,1.000000,1.000000,1.000000,,1.000000,,1,0,4331,0
neuromorpho__12N7-8162019-b-TILE1-wt4a.swc,interneuron,2389,1.000000,1.000000,1.000000,,1.000000,,1,0,2388,0
neuromorpho__12N7-8162019-b-TILE1-wt7a.swc,interneuron,1363,1.000000,1.000000,1.000000,,1.000000,,1,0,1362,0
neuromorpho__12N7-8162019-b-wt1a.swc,interneuron,3276,1.000000,1.000000,1.000000,,1.000000,,1,0,3275,0
neuromorpho__12N7-8162019-b_fcfc2a.swc,interneuron,4014,1.000000,1.000000,1.000000,,1.000000,,1,0,4013,0
neuromorpho__12N7-8162019-b_fcfc3a.swc,interneuron,2837,1.000000,1.000000,1.000000,,1.000000,,1,0,2836,0
neuromorpho__13-01-15-B.swc,interneuron,12679,1.000000,1.000000,1.000000,1.000000,1.000000,,1,6282,6396,0
neuromorpho__139-05-cell-1-analysis.swc,interneuron,532,0.810150,0.894900,1.000000,,0.894900,,1,101,430,0
neuromorpho__139-06-cell-1-analysis.swc,interneuron,587,0.686542,0.813800,1.000000,,0.813800,,1,184,402,0
neuromorpho__14-1-15-A-A1.swc,interneuron,7904,1.000000,1.000000,1.000000,1.000000,1.000000,,1,7251,652,0
neuromorpho__14-1-15-A-A4.swc,interneuron,3584,0.876395,0.467100,1.000000,0.000000,0.934100,,1,0,3583,0
neuromorpho__14-1-15-A-B1.swc,interneuron,599,1.000000,1.000000,1.000000,1.000000,1.000000,,1,45,553,0
neuromorpho__141012_Pair1SAC.swc,interneuron,4172,1.000000,1.000000,1.000000,,1.000000,,1,0,4171,0
neuromorpho__143-06-cell-1-analysis.swc,interneuron,1699,1.000000,1.000000,1.000000,,1.000000,,1,0,1698,0
neuromorpho__143-06-cell-2-analysis.swc,interneuron,998,1.000000,1.000000,1.000000,,1.000000,,1,0,997,0
neuromorpho__143-07-cell-1-analysis.swc,interneuron,1827,1.000000,1.000000,1.000000,,1.000000,,1,0,1826,0
neuromorpho__14Feb2019-exp-5_53-rpt-188-1006.swc,interneuron,4922,1.000000,1.000000,1.000000,,1.000000,,1,0,4921,0
neuromorpho__14Feb2019-exp-5_53-rpt-scr-1002.swc,interneuron,4301,1.000000,1.000000,1.000000,,1.000000,,1,0,4300,0
neuromorpho__14Feb2019-exp-5_53-rpt-scr-1006.swc,interneuron,1867,1.000000,1.000000,1.000000,,1.000000,,1,0,1866,0
neuromorpho__150206_1.swc,interneuron,3970,0.792191,1.000000,1.000000,,1.000000,,1,0,3969,0
neuromorpho__150504_2.swc,interneuron,10757,0.074649,1.000000,1.000000,,1.000000,,1,9954,802,0
neuromorpho__150504_pair2sac.swc,interneuron,8928,1.000000,1.000000,1.000000,,1.000000,,1,0,8927,0
neuromorpho__16-06-15-C.swc,interneuron,11914,1.000000,1.000000,1.000000,1.000000,1.000000,,1,11447,466,0
neuromorpho__160727_SAC3_006.swc,interneuron,1121,1.000000,1.000000,1.000000,,1.000000,,1,0,1120,0
neuromorpho__160817_SAC4_006_avgupdated.swc,interneuron,4477,1.000000,1.000000,1.000000,,1.000000,,1,0,4476,0
neuromorpho__160826_FusedSAC3_avgupdated.swc,interneuron,3496,1.000000,1.000000,1.000000,,1.000000,,1,0,3495,0
neuromorpho__161012_08.swc,interneuron,19111,1.000000,1.000000,1.000000,1.000000,1.000000,,1,17134,1976,0
neuromorpho__161014_SAC1_avgupdated.swc,interneuron,2900,1.000000,1.000000,1.000000,,1.000000,,1,0,2899,0
neuromorpho__161027_SAC5.swc,interneuron,3779,1.000000,1.000000,1.000000,,1.000000,,1,0,3778,0
neuromorpho__161220_2.swc,interneuron,27273,1.000000,1.000000,1.000000,1.000000,1.000000,,1,20132,7140,0
neuromorpho__170313_2.swc,interneuron,29884,0.041393,0.079400,1.000000,,0.079400,,1,28647,1236,0
neuromorpho__170321_1.swc,interneuron,4529,0.000221,0.000000,1.000000,,0.000000,,1,4504,24,0
neuromorpho__170426_02.swc,interneuron,11982,1.000000,1.000000,1.000000,1.000000,1.000000,,1,10177,1804,0
neuromorpho__170602_sac2_updated170801.swc,interneuron,5056,1.000000,1.000000,1.000000,,1.000000,,1,0,5055,0
neuromorpho__17302_00032-semi_f.swc,interneuron,2851,1.000000,1.000000,1.000000,1.000000,1.000000,,1,2561,289,0
neuromorpho__17302_00045-semi_r.swc,interneuron,1756,1.000000,1.000000,1.000000,1.000000,1.000000,,1,1531,224,0
neuromorpho__17302_00046-semi_r.swc,interneuron,1791,1.000000,1.000000,1.000000,1.000000,1.000000,,1,1558,232,0
neuromorpho__17302_00047-semi_f.swc,interneuron,3714,1.000000,1.000000,1.000000,1.000000,1.000000,,1,3613,100,0
neuromorpho__17302_00050-semi_r.swc,interneuron,2756,1.000000,1.000000,1.000000,1.000000,1.000000,,1,2432,323,0
neuromorpho__17302_00055-semi_r.swc,interneuron,2171,1.000000,1.000000,1.000000,1.000000,1.000000,,1,1939,231,0
neuromorpho__17302_00063-semi_r.swc,interneuron,1774,1.000000,1.000000,1.000000,1.000000,1.000000,,1,1590,183,0
neuromorpho__17302_00099-semi_r.swc,interneuron,1472,1.000000,1.000000,1.000000,1.000000,1.000000,,1,1176,295,0
neuromorpho__17302_00101-semi_r.swc,interneuron,2237,1.000000,1.000000,1.000000,1.000000,1.000000,,1,2022,214,0
neuromorpho__17545_00029-semi_r.swc,interneuron,3755,1.000000,1.000000,1.000000,1.000000,1.000000,,1,3427,327,0
neuromorpho__17545_00059-semi_r.swc,interneuron,2701,1.000000,1.000000,1.000000,1.000000,1.000000,,1,2450,250,0
neuromorpho__17545_00064-semi_r.swc,interneuron,2664,1.000000,1.000000,1.000000,1.000000,1.000000,,1,2352,311,0
neuromorpho__17545_00066-semi_r.swc,interneuron,2292,1.000000,1.000000,1.000000,1.000000,1.000000,,1,2082,209,0
neuromorpho__17545_00068-semi_r.swc,interneuron,1891,1.000000,1.000000,1.000000,1.000000,1.000000,,1,1700,190,0
neuromorpho__17545_00073-semi_r.swc,interneuron,993,1.000000,1.000000,1.000000,1.000000,1.000000,,1,651,341,0
neuromorpho__17545_00147-semi_r.swc,interneuron,2555,1.000000,1.000000,1.000000,1.000000,1.000000,,1,2211,343,0
neuromorpho__180803_s1c1_Lstellate.swc,interneuron,636,1.000000,1.000000,1.000000,,1.000000,,1,0,635,0
neuromorpho__18454_00016-semi_r.swc,interneuron,2895,1.000000,1.000000,1.000000,1.000000,1.000000,,1,2631,263,0
neuromorpho__18455_00008-semi_r.swc,interneuron,2172,1.000000,1.000000,1.000000,1.000000,1.000000,,1,1965,206,0
neuromorpho__18455_00030-semi_r.swc,interneuron,2999,1.000000,1.000000,1.000000,1.000000,1.000000,,1,2752,246,0
neuromorpho__18455_00041-semi_r.swc,interneuron,721,1.000000,1.000000,1.000000,1.000000,1.000000,,1,502,218,0
neuromorpho__18455_00106-semi_r.swc,interneuron,2426,1.000000,1.000000,1.000000,1.000000,1.000000,,1,2184,241,0
neuromorpho__18462_00043-semi_r.swc,interneuron,2502,1.000000,1.000000,1.000000,1.000000,1.000000,,1,2271,230,0
neuromorpho__18463_00051-semi_f.swc,interneuron,3883,1.000000,1.000000,1.000000,1.000000,1.000000,,1,3263,619,0
neuromorpho__18463_00075-semi_r.swc,interneuron,1724,1.000000,1.000000,1.000000,1.000000,1.000000,,1,1484,239,0
neuromorpho__18465_00213-semi_r.swc,interneuron,1868,1.000000,1.000000,1.000000,1.000000,1.000000,,1,1512,355,0
neuromorpho__1857-10-cell-1-analysis.swc,interneuron,534,1.000000,1.000000,1.000000,,1.000000,,1,0,533,0
neuromorpho__18867_7584_x10560_y5816-auto_r.swc,interneuron,2425,1.000000,1.000000,1.000000,1.000000,1.000000,,1,1983,441,0
neuromorpho__18868_2601_x23273_y17306-auto_r.swc,interneuron,3628,1.000000,1.000000,1.000000,1.000000,1.000000,,1,3270,357,0
neuromorpho__18868_2924_x10668_y9719-auto_r.swc,interneuron,3385,1.000000,1.000000,1.000000,1.000000,1.000000,,1,2844,540,0
neuromorpho__18869_5123_x17555_y3609-semi_r.swc,interneuron,2336,1.000000,1.000000,1.000000,1.000000,1.000000,,1,1962,373,0
neuromorpho__18869_5692_x6534_y3440-semi_r.swc,interneuron,5265,1.000000,1.000000,1.000000,1.000000,1.000000,,1,4742,522,0
neuromorpho__18869_6732_x9649_y3919-semi_r.swc,interneuron,4503,1.000000,1.000000,1.000000,1.000000,1.000000,,1,3894,608,0
neuromorpho__19-02-19A-01-cell-1.swc,interneuron,1258,1.000000,1.000000,1.000000,,1.000000,,1,0,1257,0
neuromorpho__19-02-19A-03-cell-2.swc,interneuron,6497,1.000000,1.000000,1.000000,,1.000000,,1,0,6496,0
neuromorpho__19-02-19A-11-cell-2.swc,interneuron,2242,0.966102,0.982800,1.000000,,0.982800,,1,76,2165,0
neuromorpho__19-02-19A-14-cell-2.swc,interneuron,2129,1.000000,1.000000,1.000000,,1.000000,,1,0,2128,0
neuromorpho__19-02-19B-01-cell2.swc,interneuron,4895,1.000000,1.000000,1.000000,,1.000000,,1,0,4894,0
neuromorpho__19-02-19B-02-cell1.swc,interneuron,3524,1.000000,1.000000,1.000000,,1.000000,,1,0,3523,0
neuromorpho__196_1_C2.swc,interneuron,46419,1.000000,1.000000,1.000000,1.000000,1.000000,,1,36926,9492,0
neuromorpho__20120320sc4.swc,interneuron,26082,1.000000,1.000000,1.000000,1.000000,1.000000,,1,24904,1177,0
neuromorpho__2016-08-11-slice-3-cell-7-rotated.swc,interneuron,19344,1.000000,1.000000,1.000000,1.000000,1.000000,,1,16433,2910,0
neuromorpho__2016-09-06-slice-C-cell-7-rotated.swc,interneuron,21108,1.000000,1.000000,1.000000,1.000000,1.000000,,1,20161,946,0
neuromorpho__2016-16-12-slice-e-cell-3-rotated.swc,interneuron,16851,1.000000,1.000000,1.000000,1.000000,1.000000,,1,14971,1879,0
neuromorpho__2016-30-09-slice-4-cell-8-rotated.swc,interneuron,4380,0.542694,0.351700,1.000000,0.000000,0.703500,,1,0,4379,0
neuromorpho__2017-01-08-slice-4-cell-7-rotated.swc,interneuron,43838,1.000000,1.000000,1.000000,1.000000,1.000000,,1,34713,9124,0
neuromorpho__2017-01-09-slice-2-cell-2-rotated.swc,interneuron,6461,0.646804,0.635800,1.000000,0.698900,0.572700,,1,4931,1529,0
neuromorpho__2017-02-08-slice-3-cell-2-rotated.swc,interneuron,27194,1.000000,1.000000,1.000000,1.000000,1.000000,,1,26380,813,0
neuromorpho__2017-03-05-slice-3-cell-7-rotated.swc,interneuron,26232,1.000000,1.000000,1.000000,1.000000,1.000000,,1,23206,3025,0
neuromorpho__2017-03-07-slice-1-cell-7-rotated.swc,interneuron,8903,1.000000,1.000000,1.000000,1.000000,1.000000,,1,8607,295,0
neuromorpho__2017-03-07-slice-2-cell-3-rotated.swc,interneuron,16504,1.000000,1.000000,1.000000,1.000000,1.000000,,1,15879,624,0
neuromorpho__2017-04-07-slice-2-cell-6-rotated.swc,interneuron,30629,1.000000,1.000000,1.000000,1.000000,1.000000,,1,25547,5081,0
neuromorpho__2017-06-08-slice-3-cell-7-rotated.swc,interneuron,12953,1.000000,1.000000,1.000000,1.000000,1.000000,,1,6090,6862,0
neuromorpho__2017-09-02-slice-3-cell-2-roteted.swc,interneuron,53409,1.000000,1.000000,1.000000,1.000000,1.000000,,1,49209,4199,0
neuromorpho__2017-12-02-slice-3-cell-2-rotated.swc,interneuron,21351,1.000000,1.000000,1.000000,1.000000,1.000000,,1,19498,1852,0
neuromorpho__2017-12-02-slice-3-cell-3-rotated.swc,interneuron,26518,1.000000,1.000000,1.000000,1.000000,1.000000,,1,22924,3593,0
neuromorpho__2017-16-05-slice-1-cell-6-rotated.swc,interneuron,25907,1.000000,1.000000,1.000000,1.000000,1.000000,,1,24452,1454,0
neuromorpho__2017-16-10-slice-3-cell-2-rotated.swc,interneuron,16910,1.000000,1.000000,1.000000,1.000000,1.000000,,1,16389,520,0
neuromorpho__2017-18-10-slice-1-cell-2-rotated.swc,interneuron,31085,1.000000,1.000000,1.000000,1.000000,1.000000,,1,26608,4476,0
neuromorpho__2017-18-10-slice-1-cell-6-rotated.swc,interneuron,38823,1.000000,1.000000,1.000000,1.000000,1.000000,,1,35155,3667,0
neuromorpho__2017-23-10-slice-2-cell-7-rotated.swc,interneuron,22847,1.000000,1.000000,1.000000,1.000000,1.000000,,1,22379,467,0
neuromorpho__2017-23-10-slice-3-cell-6-rotated.swc,interneuron,24300,1.000000,1.000000,1.000000,1.000000,1.000000,,1,23848,451,0
neuromorpho__2017-29-03-slice-2-cell-2-rotated.swc,interneuron,24223,0.979813,0.922000,1.000000,0.989200,0.854900,,1,22782,1440,0
neuromorpho__20180404_sample_5.swc,interneuron,4886,1.000000,1.000000,1.000000,1.000000,1.000000,,1,4635,250,0
neuromorpho__20180515_sample_1.swc,interneuron,4479,1.000000,1.000000,1.000000,1.000000,1.000000,,1,3489,989,0
neuromorpho__20180607-60L5-2-1-428-03-249-80-46.swc,interneuron,411,1.000000,1.000000,1.000000,,1.000000,,1,0,410,0
neuromorpho__20180607-L1R2-2-3-451-09-113-14-40.swc,interneuron,308,1.000000,1.000000,1.000000,,1.000000,,1,0,307,0
neuromorpho__20180607-L1R2-3-1-276-15-298-35-46.swc,interneuron,633,1.000000,1.000000,1.000000,,1.000000,,1,0,632,0
neuromorpho__20180607-L1R2-6-1-526-18-132-17-27.swc,interneuron,298,1.000000,1.000000,1.000000,,1.000000,,1,0,297,0
neuromorpho__20180621_sample_7.swc,interneuron,4665,1.000000,1.000000,1.000000,1.000000,1.000000,,1,2854,1810,0
neuromorpho__20180711_sample_1.swc,interneuron,5003,1.000000,1.000000,1.000000,1.000000,1.000000,,1,2564,2438,0
neuromorpho__20180717_sample_3.swc,interneuron,5524,1.000000,1.000000,1.000000,1.000000,1.000000,,1,4849,674,0
neuromorpho__20180725_sample_9.swc,interneuron,3349,1.000000,1.000000,1.000000,1.000000,1.000000,,1,2638,710,0
neuromorpho__20180820_sample_1.swc,interneuron,4441,1.000000,1.000000,1.000000,1.000000,1.000000,,1,4417,23,0
neuromorpho__20180828_sample_5.swc,interneuron,10975,1.000000,1.000000,1.000000,1.000000,1.000000,,1,10872,102,0
neuromorpho__20180830_sample_1.swc,interneuron,6293,1.000000,1.000000,1.000000,1.000000,1.000000,,1,6093,199,0
neuromorpho__20180904_sample_3.swc,interneuron,9597,1.000000,1.000000,1.000000,1.000000,1.000000,,1,9013,583,0
neuromorpho__20180904_sample_5.swc,interneuron,10350,1.000000,1.000000,1.000000,1.000000,1.000000,,1,9209,1140,0
neuromorpho__20180911_sample_6.swc,interneuron,3643,1.000000,1.000000,1.000000,1.000000,1.000000,,1,2114,1528,0
neuromorpho__20180918_sample_1.swc,interneuron,2959,1.000000,1.000000,1.000000,1.000000,1.000000,,1,2770,188,0
neuromorpho__20180920_sample_2.swc,interneuron,4424,1.000000,1.000000,1.000000,1.000000,1.000000,,1,4333,90,0
neuromorpho__20181004_sample_8.swc,interneuron,2523,1.000000,1.000000,1.000000,1.000000,1.000000,,1,2386,136,0
neuromorpho__20181009_sample_7.swc,interneuron,2602,1.000000,1.000000,1.000000,1.000000,1.000000,,1,2076,525,0
neuromorpho__20181109_sample_7.swc,interneuron,9620,1.000000,1.000000,1.000000,1.000000,1.000000,,1,8794,825,0
neuromorpho__20181112_sample_6.swc,interneuron,1396,1.000000,1.000000,1.000000,1.000000,1.000000,,1,1213,182,0
neuromorpho__20181116_sample_5.swc,interneuron,6911,1.000000,1.000000,1.000000,1.000000,1.000000,,1,6872,38,0
neuromorpho__20181121_sample_6.swc,interneuron,5071,1.000000,1.000000,1.000000,1.000000,1.000000,,1,4557,513,0
neuromorpho__20190122_sample_5.swc,interneuron,4379,1.000000,1.000000,1.000000,1.000000,1.000000,,1,4129,249,0
neuromorpho__20190122_sample_9.swc,interneuron,10502,1.000000,1.000000,1.000000,1.000000,1.000000,,1,10397,104,0
neuromorpho__20190128_sample_12.swc,interneuron,4505,1.000000,1.000000,1.000000,1.000000,1.000000,,1,4311,193,0
neuromorpho__20190128_sample_2.swc,interneuron,3559,1.000000,1.000000,1.000000,1.000000,1.000000,,1,2994,564,0
neuromorpho__20190128_sample_7.swc,interneuron,10538,1.000000,1.000000,1.000000,1.000000,1.000000,,1,10440,97,0
neuromorpho__20190130_sample_10.swc,interneuron,7003,1.000000,1.000000,1.000000,1.000000,1.000000,,1,6901,101,0
neuromorpho__20190130_sample_3.swc,interneuron,13391,1.000000,1.000000,1.000000,1.000000,1.000000,,1,12409,981,0
neuromorpho__20190131_sample_5.swc,interneuron,3633,1.000000,1.000000,1.000000,1.000000,1.000000,,1,3269,363,0
neuromorpho__20190201_sample_3.swc,interneuron,3938,1.000000,1.000000,1.000000,1.000000,1.000000,,1,3629,308,0
neuromorpho__20190204_sample_7.swc,interneuron,6489,1.000000,1.000000,1.000000,1.000000,1.000000,,1,4411,2077,0
neuromorpho__20190204_sample_9.swc,interneuron,3707,1.000000,1.000000,1.000000,1.000000,1.000000,,1,3205,501,0
neuromorpho__20190211_sample_6.swc,interneuron,4479,1.000000,1.000000,1.000000,1.000000,1.000000,,1,3084,1394,0
neuromorpho__20190212_sample_4.swc,interneuron,9754,1.000000,1.000000,1.000000,1.000000,1.000000,,1,9682,71,0
neuromorpho__20190212_sample_7.swc,interneuron,1633,1.000000,1.000000,1.000000,1.000000,1.000000,,1,1239,393,0
neuromorpho__20190213_sample_7.swc,interneuron,9194,1.000000,1.000000,1.000000,1.000000,1.000000,,1,8210,983,0
neuromorpho__20190214_sample_1.swc,interneuron,4239,1.000000,1.000000,1.000000,1.000000,1.000000,,1,4080,158,0
neuromorpho__20190221_sample_4.swc,interneuron,2725,1.000000,1.000000,1.000000,1.000000,1.000000,,1,1978,746,0
neuromorpho__20190327_sample_7.swc,interneuron,628,1.000000,1.000000,1.000000,1.000000,1.000000,,1,441,186,0
neuromorpho__20190408_sample_1.swc,interneuron,4548,1.000000,1.000000,1.000000,1.000000,1.000000,,1,3955,592,0
neuromorpho__20190408_sample_6.swc,interneuron,3688,1.000000,1.000000,1.000000,1.000000,1.000000,,1,3301,386,0
neuromorpho__20190430_sample_1.swc,interneuron,5735,1.000000,1.000000,1.000000,1.000000,1.000000,,1,3376,2358,0
neuromorpho__20190430_sample_6.swc,interneuron,6923,1.000000,1.000000,1.000000,1.000000,1.000000,,1,4944,1978,0
neuromorpho__20190508_sample_4.swc,interneuron,2466,1.000000,1.000000,1.000000,1.000000,1.000000,,1,1833,632,0
neuromorpho__20190509_sample_2.swc,interneuron,2756,0.782656,1.000000,1.000000,1.000000,1.000000,,1,1565,1190,0
neuromorpho__20190513_sample_5.swc,interneuron,5009,1.000000,1.000000,1.000000,1.000000,1.000000,,1,4160,848,0
neuromorpho__20190515_sample_12.swc,interneuron,2007,1.000000,1.000000,1.000000,,1.000000,,1,0,2006,0
neuromorpho__20190606_sample_3.swc,interneuron,7652,0.997778,1.000000,1.000000,1.000000,1.000000,,1,7344,307,0
neuromorpho__20190610_sample_3.swc,interneuron,5376,1.000000,1.000000,1.000000,1.000000,1.000000,,1,4443,932,0
neuromorpho__20190613_sample_2.swc,interneuron,8970,1.000000,1.000000,1.000000,1.000000,1.000000,,1,7931,1038,0
neuromorpho__20190617_sample_1.swc,interneuron,2091,1.000000,1.000000,1.000000,1.000000,1.000000,,1,988,1102,0
neuromorpho__20190617_sample_5.swc,interneuron,7559,1.000000,1.000000,1.000000,1.000000,1.000000,,1,6188,1370,0
neuromorpho__20190619_sample_5.swc,interneuron,6806,1.000000,1.000000,1.000000,1.000000,1.000000,,1,6151,654,0
neuromorpho__20190625_sample_10.swc,interneuron,2859,0.994404,0.992100,1.000000,0.987800,0.996400,,1,647,2211,0
neuromorpho__20190625_sample_12.swc,interneuron,1451,0.975190,0.493700,1.000000,0.000000,0.987400,,1,0,1450,0
neuromorpho__20190628_sample_1.swc,interneuron,3877,1.000000,1.000000,1.000000,1.000000,1.000000,,1,2564,1312,0
neuromorpho__20190703_sample_12.swc,interneuron,3204,1.000000,1.000000,1.000000,1.000000,1.000000,,1,2832,371,0
neuromorpho__20190703_sample_13.swc,interneuron,4097,1.000000,1.000000,1.000000,1.000000,1.000000,,1,3098,998,0
neuromorpho__20190708_sample_12.swc,interneuron,3588,1.000000,1.000000,1.000000,1.000000,1.000000,,1,2313,1274,0
neuromorpho__20190709_sample_1.swc,interneuron,2124,1.000000,1.000000,1.000000,1.000000,1.000000,,1,1443,680,0
neuromorpho__20190710_sample_6.swc,interneuron,2762,1.000000,1.000000,1.000000,1.000000,1.000000,,1,2039,722,0
neuromorpho__20190712_sample_6.swc,interneuron,3264,1.000000,1.000000,1.000000,1.000000,1.000000,,1,2070,1193,0
neuromorpho__20190718_sample_5.swc,interneuron,3856,1.000000,1.000000,1.000000,1.000000,1.000000,,1,3168,687,0
neuromorpho__20190718_sample_8.swc,interneuron,2796,1.000000,1.000000,1.000000,1.000000,1.000000,,1,1688,1107,0
neuromorpho__20190729_sample_2.swc,interneuron,3448,1.000000,1.000000,1.000000,1.000000,1.000000,,1,2822,625,0
neuromorpho__20190730_sample_2.swc,interneuron,2402,1.000000,1.000000,1.000000,,1.000000,,1,0,2401,0
neuromorpho__20190730_sample_9.swc,interneuron,3615,1.000000,1.000000,1.000000,1.000000,1.000000,,1,3464,150,0
neuromorpho__20190924_sample_7.swc,interneuron,3323,1.000000,1.000000,1.000000,1.000000,1.000000,,1,2567,755,0
neuromorpho__20191001_sample_4.swc,interneuron,6182,1.000000,1.000000,1.000000,1.000000,1.000000,,1,5150,1031,0
neuromorpho__20191028_sample_2.swc,interneuron,9971,1.000000,1.000000,1.000000,1.000000,1.000000,,1,9287,683,0
neuromorpho__20191105_sample_4.swc,interneuron,6049,1.000000,1.000000,1.000000,1.000000,1.000000,,1,4913,1135,0
neuromorpho__20191114_sample_1.swc,interneuron,10095,1.000000,1.000000,1.000000,1.000000,1.000000,,1,8719,1375,0
neuromorpho__20191114_sample_4.swc,interneuron,582,1.000000,1.000000,1.000000,,1.000000,,1,0,581,0
neuromorpho__2020-03-11_13-01-38SST-MORF3Mb01-1V5-647SST488-30x02Str_b.swc,interneuron,280,0.882143,0.937100,1.000000,,0.937100,,1,33,246,0
neuromorpho__20200524_E_63X_zstack_tile_2_stitched.swc,interneuron,6146,1.000000,1.000000,1.000000,,1.000000,,1,0,6145,0
neuromorpho__23-04-18B-08-cell-1.swc,interneuron,1118,1.000000,1.000000,1.000000,,1.000000,,1,0,1117,0
neuromorpho__23-04-18B-09-cell-2.swc,interneuron,2387,1.000000,1.000000,1.000000,,1.000000,,1,0,2386,0
neuromorpho__23-04-18C-01-cell-1.swc,interneuron,5795,1.000000,1.000000,1.000000,,1.000000,,1,0,5794,0
neuromorpho__240914RF1_3m.swc,interneuron,598,1.000000,1.000000,1.000000,,1.000000,,1,0,597,0
neuromorpho__25-02-15-C2.swc,interneuron,3275,1.000000,1.000000,1.000000,1.000000,1.000000,,1,1497,1777,0
neuromorpho__26-11-14-A-A4b.swc,interneuron,30568,1.000000,1.000000,1.000000,1.000000,1.000000,,1,25645,4922,0
neuromorpho__26-2-15-C.swc,interneuron,16762,1.000000,1.000000,1.000000,1.000000,1.000000,,1,15651,1110,0
neuromorpho__261015c2.swc,interneuron,1506,1.000000,1.000000,1.000000,1.000000,1.000000,,1,668,837,0
neuromorpho__262_1a.swc,interneuron,1424,0.653792,0.395200,1.000000,0.000000,0.790500,,1,0,1423,0
neuromorpho__268_On_C.swc,interneuron,8677,1.000000,1.000000,1.000000,1.000000,1.000000,,1,6657,2019,0
neuromorpho__282_On_C_commissural.swc,interneuron,8766,1.000000,1.000000,1.000000,1.000000,1.000000,,1,8149,616,0
neuromorpho__3-Som-3d-trace.swc,interneuron,1145,1.000000,1.000000,1.000000,,1.000000,,1,0,1144,0
neuromorpho__3057_20140409-x1-25.swc,interneuron,4326,1.000000,1.000000,1.000000,1.000000,1.000000,,1,2256,2069,0
neuromorpho__3073_20140421-x1-25.swc,interneuron,9454,1.000000,1.000000,1.000000,1.000000,1.000000,,1,7703,1750,0
neuromorpho__3080_20140430-x1-25.swc,interneuron,9128,1.000000,1.000000,1.000000,1.000000,1.000000,,1,6425,2702,0
neuromorpho__340_1a.swc,interneuron,1158,0.429188,0.300100,1.000000,0.000000,0.600100,,1,0,1157,0
neuromorpho__340_1b.swc,interneuron,2693,1.000000,1.000000,1.000000,1.000000,1.000000,,1,2175,517,0
neuromorpho__350R.swc,interneuron,1687,1.000000,1.000000,1.000000,1.000000,1.000000,,1,1333,353,0
neuromorpho__43-07-cell-1-analysis.swc,interneuron,861,1.000000,1.000000,1.000000,,1.000000,,1,0,860,0
neuromorpho__464R.swc,interneuron,730,1.000000,1.000000,1.000000,1.000000,1.000000,,1,708,21,0
neuromorpho__4_J2a.swc,interneuron,3050,1.000000,1.000000,1.000000,1.000000,1.000000,,1,2501,548,0
neuromorpho__4_J2b.swc,interneuron,3072,1.000000,1.000000,1.000000,1.000000,1.000000,,1,2448,623,0
neuromorpho__500_1_C5.swc,interneuron,41319,1.000000,1.000000,1.000000,1.000000,1.000000,,1,18909,22409,0
neuromorpho__535_2_C4.swc,interneuron,48000,1.000000,1.000000,1.000000,1.000000,1.000000,,1,25254,22745,0
neuromorpho__536_3_C8.swc,interneuron,38069,0.545326,0.534900,1.000000,0.604400,0.465500,,1,30532,7536,0
neuromorpho__536_4_C7.swc,interneuron,52983,1.000000,1.000000,1.000000,1.000000,1.000000,,1,20267,32715,0
neuromorpho__536_7_C8.swc,interneuron,34640,1.000000,1.000000,1.000000,1.000000,1.000000,,1,29300,5339,0
neuromorpho__5515-12-cell-2-analysis.swc,interneuron,474,1.000000,1.000000,1.000000,,1.000000,,1,0,473,0
neuromorpho__5515-13-cell-1-analysis.swc,interneuron,1273,1.000000,1.000000,1.000000,,1.000000,,1,0,1272,0
neuromorpho__60L4_03_-165.swc,interneuron,376,1.000000,1.000000,1.000000,,1.000000,,1,0,375,0
neuromorpho__60L4_03_-330.swc,interneuron,142,1.000000,1.000000,1.000000,,1.000000,,1,0,141,0
neuromorpho__60L4_07_-180-right.swc,interneuron,433,1.000000,1.000000,1.000000,,1.000000,,1,0,432,0
neuromorpho__60R5_01_-480.swc,interneuron,479,1.000000,1.000000,1.000000,,1.000000,,1,0,478,0
neuromorpho__60R5_01_-525.swc,interneuron,390,1.000000,1.000000,1.000000,,1.000000,,1,0,389,0
neuromorpho__60R5_06_-285.swc,interneuron,438,1.000000,1.000000,1.000000,,1.000000,,1,0,437,0
neuromorpho__614_4_C4.swc,interneuron,14912,0.617556,0.381800,1.000000,0.000000,0.763500,,1,0,14911,0
neuromorpho__614_6_C4.swc,interneuron,38382,1.000000,1.000000,1.000000,1.000000,1.000000,,1,18039,20342,0
neuromorpho__6N1-5072019_TileScan-3_Merged_fcfc1a.swc,interneuron,1117,1.000000,1.000000,1.000000,,1.000000,,1,0,1116,0
neuromorpho__6N1-5072019_TileScan-3_Merged_fcfc2a.swc,interneuron,460,1.000000,1.000000,1.000000,,1.000000,,1,0,459,0
neuromorpho__6N1-5072019_TileScan-3_Merged_fcfc4a.swc,interneuron,734,1.000000,1.000000,1.000000,,1.000000,,1,0,733,0
neuromorpho__6N1-5072019_TileScan-3_Merged_fcfc5a.swc,interneuron,702,1.000000,1.000000,1.000000,,1.000000,,1,0,701,0
neuromorpho__6N1-5072019_TileScan-3_Merged_wt10a.swc,interneuron,358,1.000000,1.000000,1.000000,,1.000000,,1,0,357,0
neuromorpho__6N1-5072019_TileScan-3_Merged_wt4a.swc,interneuron,803,1.000000,1.000000,1.000000,,1.000000,,1,0,802,0
neuromorpho__6N1-5072019_TileScan-3_Merged_wt5a.swc,interneuron,544,1.000000,1.000000,1.000000,,1.000000,,1,0,543,0
neuromorpho__6N5DAT6-50717GFPwtb_012-wt3a.swc,interneuron,1285,1.000000,1.000000,1.000000,,1.000000,,1,0,1284,0
neuromorpho__6N5DAT6-50717GFPwtb_013-FCON3mutTdt10a.swc,interneuron,52,1.000000,1.000000,1.000000,,1.000000,,1,0,51,0
neuromorpho__6N5DAT6-50717GFPwtb_013-FCON3mutTdt11a.swc,interneuron,105,1.000000,1.000000,1.000000,,1.000000,,1,0,104,0
neuromorpho__6N5DAT6-50717GFPwtb_013-FCON3mutTdt18a.swc,interneuron,94,1.000000,1.000000,1.000000,,1.000000,,1,0,93,0
neuromorpho__6N5DAT6-50717GFPwtb_013-FCON3mutTdt1a.swc,interneuron,92,1.000000,1.000000,1.000000,,1.000000,,1,0,91,0
neuromorpho__6N5DAT6-50717GFPwtb_013-FCON3mutTdt21a.swc,interneuron,39,1.000000,1.000000,1.000000,,1.000000,,1,0,38,0
neuromorpho__6N5DAT6-50717GFPwtb_013-FCON3mutTdt24a.swc,interneuron,74,1.000000,1.000000,1.000000,,1.000000,,1,0,73,0
neuromorpho__6N5DAT6-50717GFPwtb_013-FCON3mutTdt26a.swc,interneuron,107,1.000000,1.000000,1.000000,,1.000000,,1,0,106,0
neuromorpho__6N5DAT6-50717GFPwtb_013-GFPwt14a.swc,interneuron,184,1.000000,1.000000,1.000000,,1.000000,,1,0,183,0
neuromorpho__6N5DAT6-50717GFPwtb_013-GFPwt1a.swc,interneuron,256,1.000000,1.000000,1.000000,,1.000000,,1,0,255,0
neuromorpho__6N5DAT6-50717GFPwtb_013-GFPwt6a.swc,interneuron,425,1.000000,1.000000,1.000000,,1.000000,,1,0,424,0
neuromorpho__6_J2.swc,interneuron,6474,1.000000,1.000000,1.000000,1.000000,1.000000,,1,5237,1236,0
neuromorpho__70R3_02_-390.swc,interneuron,128,1.000000,1.000000,1.000000,,1.000000,,1,0,127,0
neuromorpho__70R3_03_-345.swc,interneuron,120,1.000000,1.000000,1.000000,,1.000000,,1,0,119,0
neuromorpho__70R3_03_-660.swc,interneuron,158,1.000000,1.000000,1.000000,,1.000000,,1,0,157,0
neuromorpho__70R3_04_-345.swc,interneuron,205,1.000000,1.000000,1.000000,,1.000000,,1,0,204,0
neuromorpho__70R3_06_-150.swc,interneuron,185,1.000000,1.000000,1.000000,,1.000000,,1,0,184,0
neuromorpho__70R3_07_-255.swc,interneuron,97,1.000000,1.000000,1.000000,,1.000000,,1,0,96,0
neuromorpho__7_J2a.swc,interneuron,2360,1.000000,1.000000,1.000000,1.000000,1.000000,,1,1455,904,0
neuromorpho__822.swc,interneuron,960,0.365625,0.267400,1.000000,0.000000,0.534800,,1,0,959,0
neuromorpho__8N22DAT8-50717GFPwta-fcfc-9a.swc,interneuron,1161,1.000000,1.000000,1.000000,,1.000000,,1,0,1160,0
neuromorpho__8N22DAT8-50717GFPwta-wt10a.swc,interneuron,206,1.000000,1.000000,1.000000,,1.000000,,1,0,205,0
neuromorpho__8N22DAT8-50717GFPwta-wt15a.swc,interneuron,405,1.000000,1.000000,1.000000,,1.000000,,1,0,404,0
neuromorpho__8N22DAT8-50717GFPwta-wt4a.swc,interneuron,174,1.000000,1.000000,1.000000,,1.000000,,1,0,173,0
neuromorpho__8N22DAT8-50717GFPwta-wt5a.swc,interneuron,164,1.000000,1.000000,1.000000,,1.000000,,1,0,163,0
neuromorpho__8N22DAT8-50717GFPwta-wt9a.swc,interneuron,237,1.000000,1.000000,1.000000,,1.000000,,1,0,236,0
neuromorpho__8N3-8162019-b-fcfc7a.swc,interneuron,2532,1.000000,1.000000,1.000000,,1.000000,,1,0,2531,0
neuromorpho__8N3-8162019-b-fcfc9-10a.swc,interneuron,2353,1.000000,1.000000,1.000000,,1.000000,,1,0,2352,0
neuromorpho__8N3-8162019-b-wt2a.swc,interneuron,795,1.000000,1.000000,1.000000,,1.000000,,1,0,794,0
neuromorpho__8N6-8162019-b-fcfc3a.swc,interneuron,2006,1.000000,1.000000,1.000000,,1.000000,,1,0,2005,0
neuromorpho__8N6-8162019-b-fcfc6a.swc,interneuron,2925,1.000000,1.000000,1.000000,,1.000000,,1,0,2924,0
neuromorpho__8N6-8162019-b-wT3a.swc,interneuron,1802,1.000000,1.000000,1.000000,,1.000000,,1,0,1801,0
neuromorpho__8N6-8162019-b-wt6a.swc,interneuron,2173,1.000000,1.000000,1.000000,,1.000000,,1,0,2172,0
neuromorpho__8may2015c1.swc,interneuron,3626,1.000000,1.000000,1.000000,1.000000,1.000000,,1,2143,1482,0
neuromorpho__9-10-14-B.swc,interneuron,12562,1.000000,1.000000,1.000000,1.000000,1.000000,,1,11177,1384,0
neuromorpho__A151218-02_VIP_IN.swc,interneuron,4353,1.000000,1.000000,1.000000,1.000000,1.000000,,1,3374,978,0
neuromorpho__AAS17.swc,interneuron,437,0.892449,0.943000,1.000000,,0.943000,,1,47,389,0
neuromorpho__AAS3.swc,interneuron,6098,0.106428,0.192100,1.000000,,0.192100,,1,5449,648,0
neuromorpho__ADP10_2491_biocytin.swc,interneuron,1901,1.000000,1.000000,1.000000,,1.000000,,1,0,1900,0
neuromorpho__ADP1_4339_neurobiotin.swc,interneuron,9678,1.000000,1.000000,1.000000,,1.000000,,1,0,9677,0
neuromorpho__AIMR.swc,interneuron,14,1.000000,1.000000,1.000000,1.000000,,,1,13,0,0
neuromorpho__AIYL.swc,interneuron,14,1.000000,1.000000,1.000000,1.000000,,,1,13,0,0
neuromorpho__AIZL.swc,interneuron,22,1.000000,1.000000,1.000000,1.000000,,,1,21,0,0
neuromorpho__Anstoetz_PV-IN12.swc,interneuron,1500,1.000000,1.000000,1.000000,,1.000000,,1,0,1499,0
neuromorpho__Anstoetz_PV-IN13.swc,interneuron,6209,1.000000,1.000000,1.000000,1.000000,1.000000,,1,4277,1931,0
neuromorpho__Anstoetz_PV-IN15.swc,interneuron,6927,1.000000,1.000000,1.000000,1.000000,1.000000,,1,4748,2178,0
neuromorpho__Anstoetz_PV-IN16.swc,interneuron,2149,1.000000,1.000000,1.000000,,1.000000,,1,0,2148,0
neuromorpho__Anstoetz_PV-IN7.swc,interneuron,3881,1.000000,1.000000,1.000000,1.000000,1.000000,,1,2414,1466,0
neuromorpho__Anstoetz_SLM_IN4.swc,interneuron,474,1.000000,1.000000,1.000000,1.000000,1.000000,,1,37,436,0
neuromorpho__Anstoetz_SLM_IN5.swc,interneuron,1994,1.000000,1.000000,1.000000,1.000000,1.000000,,1,1254,739,0
neuromorpho__Anstoetz_SLM_IN9.swc,interneuron,396,1.000000,1.000000,1.000000,,1.000000,,1,0,395,0
neuromorpho__Anstoetz_Toolbox-IN2.swc,interneuron,6314,0.573171,0.525100,1.000000,0.676100,0.374000,,1,5508,805,0
neuromorpho__Anstoetz_Toolbox-IN4.swc,interneuron,3373,1.000000,1.000000,1.000000,1.000000,1.000000,,1,3064,308,0
neuromorpho__Anstoetz_Toolbox-IN9.swc,interneuron,448,1.000000,1.000000,1.000000,,1.000000,,1,0,447,0
neuromorpho__B1-F1-cell1.swc,interneuron,327,1.000000,1.000000,1.000000,,1.000000,,1,0,326,0
neuromorpho__B1-F2-cell2.swc,interneuron,345,1.000000,1.000000,1.000000,,1.000000,,1,0,344,0
neuromorpho__B15a.swc,interneuron,6786,1.000000,1.000000,1.000000,,1.000000,,1,0,6785,0
neuromorpho__BC150112A_27.swc,interneuron,98757,1.000000,1.000000,1.000000,1.000000,1.000000,,1,88282,10474,0
neuromorpho__BC160201B_36.swc,interneuron,54582,1.000000,1.000000,1.000000,1.000000,1.000000,,1,45528,9053,0
neuromorpho__BC160620B_39.swc,interneuron,88903,1.000000,1.000000,1.000000,1.000000,1.000000,,1,78468,10434,0
neuromorpho__C-02-04-14-F-14-04-14-cs4-cell1.swc,interneuron,2977,1.000000,1.000000,1.000000,,1.000000,,1,0,2976,0
neuromorpho__C-14-01-15-DIV15-CS2.swc,interneuron,11171,1.000000,1.000000,1.000000,,1.000000,,1,0,11170,0
neuromorpho__C-15-10-14-DIV15-CS2-Cell1.swc,interneuron,3522,1.000000,1.000000,1.000000,,1.000000,,1,0,3521,0
neuromorpho__C14-01-15DIV13CS1.swc,interneuron,57603,0.976095,0.851400,1.000000,0.987500,0.715300,,1,55872,1730,0
neuromorpho__C15-10-14DIV15CS1Cell1.swc,interneuron,90544,1.000000,1.000000,1.000000,1.000000,1.000000,,1,85001,5542,0
neuromorpho__CONTROL-2-N3.swc,interneuron,891,1.000000,1.000000,1.000000,,1.000000,,1,0,890,0
neuromorpho__CONTROL-3-N1_1.swc,interneuron,696,1.000000,1.000000,1.000000,,1.000000,,1,0,695,0
neuromorpho__CONTROL-3-N2.swc,interneuron,819,1.000000,1.000000,1.000000,,1.000000,,1,0,818,0
neuromorpho__CONTROL-3-N3.swc,interneuron,532,1.000000,1.000000,1.000000,,1.000000,,1,0,531,0
neuromorpho__CONTROL-4-N6.swc,interneuron,1319,1.000000,1.000000,1.000000,,1.000000,,1,0,1318,0
neuromorpho__CONTROL-6-N1.swc,interneuron,1522,1.000000,1.000000,1.000000,,1.000000,,1,0,1521,0
neuromorpho__CONTROL-6-N3.swc,interneuron,1797,1.000000,1.000000,1.000000,,1.000000,,1,0,1796,0
neuromorpho__CONTROL-6-N3_1.swc,interneuron,2653,1.000000,1.000000,1.000000,,1.000000,,1,0,2652,0
neuromorpho__Canopy_151204_3.swc,interneuron,9497,1.000000,1.000000,1.000000,1.000000,1.000000,,1,7669,1827,0
neuromorpho__Canopy_161007_2.swc,interneuron,13714,0.969301,0.938100,1.000000,0.982000,0.894100,,1,11936,1777,0
neuromorpho__Cell-22.swc,interneuron,264,0.609848,0.378300,1.000000,0.000000,0.756500,,1,0,263,0
neuromorpho__Cell-5-1.swc,interneuron,557,1.000000,1.000000,1.000000,1.000000,1.000000,,1,76,480,0
neuromorpho__Cell1042Ecel1.swc,interneuron,883,1.000000,1.000000,1.000000,,1.000000,,1,0,882,0
neuromorpho__Cell19.swc,interneuron,11287,1.000000,1.000000,1.000000,1.000000,1.000000,,1,5180,6106,0
neuromorpho__Cell1biorxiv.swc,interneuron,1327,0.570460,0.570100,1.000000,0.564200,0.575900,,1,939,387,0
neuromorpho__Cell22.swc,interneuron,10276,0.414947,0.293200,1.000000,0.000000,0.586500,,1,0,10275,0
neuromorpho__Cell29.swc,interneuron,10783,1.000000,1.000000,1.000000,1.000000,1.000000,,1,6535,4247,0
neuromorpho__Cell2biorxiv.swc,interneuron,2082,0.823727,0.781500,1.000000,0.685500,0.877500,,1,767,1314,0
neuromorpho__Cell31.swc,interneuron,8304,1.000000,1.000000,1.000000,1.000000,1.000000,,1,4403,3900,0
neuromorpho__Cell37.swc,interneuron,5378,1.000000,1.000000,1.000000,1.000000,1.000000,,1,1601,3776,0
neuromorpho__Cell39.swc,interneuron,5674,1.000000,1.000000,1.000000,1.000000,1.000000,,1,3095,2578,0
neuromorpho__Cell3biorxiv.swc,interneuron,2190,0.948402,0.946800,1.000000,0.937500,0.956000,,1,848,1341,0
neuromorpho__Cell41.swc,interneuron,6260,0.642652,0.391200,1.000000,0.000000,0.782400,,1,0,6259,0
neuromorpho__Cell47.swc,interneuron,6445,1.000000,1.000000,1.000000,1.000000,1.000000,,1,2428,4016,0
neuromorpho__Cell4_Hippocampus_singlecell.swc,interneuron,573,0.642234,0.390800,1.000000,0.000000,0.781700,,1,0,572,0
neuromorpho__Cell50.swc,interneuron,7269,1.000000,1.000000,1.000000,1.000000,1.000000,,1,2869,4399,0
neuromorpho__Cell51.swc,interneuron,3436,1.000000,1.000000,1.000000,1.000000,1.000000,,1,1890,1545,0
neuromorpho__Cell58.swc,interneuron,10631,1.000000,1.000000,1.000000,1.000000,1.000000,,1,5174,5456,0
neuromorpho__Cell59.swc,interneuron,6691,1.000000,1.000000,1.000000,1.000000,1.000000,,1,3162,3528,0
neuromorpho__Cell5_Hippocampus_singlecell.swc,interneuron,446,1.000000,1.000000,1.000000,1.000000,1.000000,,1,141,304,0
neuromorpho__Cell60.swc,interneuron,7809,1.000000,1.000000,1.000000,1.000000,1.000000,,1,2929,4879,0
neuromorpho__Cell6_Hippocampus_singlecell.swc,interneuron,345,0.640580,0.390100,1.000000,0.000000,0.780100,,1,0,344,0
neuromorpho__Cell73.swc,interneuron,5447,1.000000,1.000000,1.000000,1.000000,1.000000,,1,2191,3255,0
neuromorpho__Cell9.swc,interneuron,8773,1.000000,1.000000,1.000000,1.000000,1.000000,,1,3887,4885,0
neuromorpho__Chat-IRES-Cre-neo_Ai14-316043-04-02-01_626158141_m.swc,interneuron,5672,1.000000,1.000000,1.000000,1.000000,1.000000,,1,3675,1996,0
neuromorpho__Chat-IRES-Cre-neo_Ai14-316043-05-01-01_610886034_m.swc,interneuron,7465,1.000000,1.000000,1.000000,1.000000,1.000000,,1,4597,2867,0
neuromorpho__Chrna2-Cre_OE25_Ai14_BT_-281693-06-01-01_591276000_m.swc,interneuron,17650,1.000000,1.000000,1.000000,1.000000,1.000000,,1,15590,2059,0
neuromorpho__Chrna2-Cre_OE25_Pvalb-T2A-Dre_Ai66-312583-02-02-01_651087073_m.swc,interneuron,18770,1.000000,1.000000,1.000000,1.000000,1.000000,,1,16517,2252,0
neuromorpho__Delayed17_2089_biocytin.swc,interneuron,4543,0.821043,0.901700,1.000000,,0.901700,,1,813,3729,0
neuromorpho__Delayed18_2477_biocytin.swc,interneuron,1251,1.000000,1.000000,1.000000,,1.000000,,1,0,1250,0
neuromorpho__Diego-02-27-13-BR.swc,interneuron,27082,1.000000,1.000000,1.000000,1.000000,1.000000,,1,22936,4145,0
neuromorpho__EXP-5_67-188-1003.swc,interneuron,1051,1.000000,1.000000,1.000000,,1.000000,,1,0,1050,0
neuromorpho__EXP-5_67-188-1004.swc,interneuron,4681,1.000000,1.000000,1.000000,,1.000000,,1,0,4680,0
neuromorpho__EXP-5_67-Scr-1004.swc,interneuron,2288,1.000000,1.000000,1.000000,,1.000000,,1,0,2287,0
neuromorpho__EXP-5_67-Scr-1010.swc,interneuron,2036,0.970530,0.985000,1.000000,,0.985000,,1,60,1975,0
neuromorpho__EXP-5_67-Scr-1011.swc,interneuron,1607,1.000000,1.000000,1.000000,,1.000000,,1,0,1606,0
neuromorpho__Fig1b_140312-1rm6_int.swc,interneuron,61212,1.000000,1.000000,1.000000,1.000000,1.000000,,1,56995,4216,0
neuromorpho__Fig1f_140909-2mg_int.swc,interneuron,30815,1.000000,1.000000,1.000000,1.000000,1.000000,,1,26850,3964,0
neuromorpho__Fig2a_cell2_1404163rm.swc,interneuron,10848,1.000000,1.000000,1.000000,1.000000,1.000000,,1,8949,1898,0
neuromorpho__Fig2a_cell5_141009_2og.swc,interneuron,7949,1.000000,1.000000,1.000000,1.000000,1.000000,,1,6946,1002,0
neuromorpho__Fig4A331co2_NL_50mu.swc,interneuron,2633,1.000000,1.000000,1.000000,1.000000,1.000000,,1,2186,446,0
neuromorpho__Fig4C443co4_top_NL_50mu.swc,interneuron,1146,1.000000,1.000000,1.000000,1.000000,1.000000,,1,617,528,0
neuromorpho__GGB-01-10-2019-2-R532.swc,interneuron,78363,1.000000,1.000000,1.000000,1.000000,1.000000,,1,69441,8921,0
neuromorpho__GGB-7-24-15-1R.swc,interneuron,24074,1.000000,1.000000,1.000000,1.000000,1.000000,,1,21590,2483,0
neuromorpho__Gad2-IRES-Cre_Ai14-324791-03-02-02_648138988_m.swc,interneuron,9203,1.000000,1.000000,1.000000,1.000000,1.000000,,1,8287,915,0
neuromorpho__H17-06-003-11-03-03_694168884_m.swc,interneuron,30285,1.000000,1.000000,1.000000,1.000000,1.000000,,1,24064,6220,0
neuromorpho__H17-06-006-11-10-03_639632757_m.swc,interneuron,8684,1.000000,1.000000,1.000000,1.000000,1.000000,,1,6283,2400,0
neuromorpho__H17-06-013-12-03-01_681002938_m.swc,interneuron,4016,1.000000,1.000000,1.000000,1.000000,1.000000,,1,3417,598,0
neuromorpho__HFF1_4125_neurobiotin.swc,interneuron,4500,1.000000,1.000000,1.000000,,1.000000,,1,0,4499,0
neuromorpho__Hcell13-set-2.swc,interneuron,2107,1.000000,1.000000,1.000000,,1.000000,,1,0,2106,0
neuromorpho__Hcell16-set-2.swc,interneuron,3641,1.000000,1.000000,1.000000,,1.000000,,1,0,3640,0
neuromorpho__Hcell2.swc,interneuron,3119,1.000000,1.000000,1.000000,,1.000000,,1,0,3118,0
neuromorpho__Hcell7.swc,interneuron,1551,1.000000,1.000000,1.000000,,1.000000,,1,0,1550,0
neuromorpho__Htr3a-Cre_NO152_Pvalb-T2A-Dre_Ai66-313949-04-02-01_671531778_m.swc,interneuron,15218,1.000000,1.000000,1.000000,1.000000,1.000000,,1,12326,2891,0
neuromorpho__I_1_39.swc,interneuron,29675,1.000000,1.000000,1.000000,1.000000,1.000000,,1,24144,5530,0
neuromorpho__I_1_53.swc,interneuron,25730,1.000000,1.000000,1.000000,1.000000,1.000000,,1,17835,7894,0
neuromorpho__I_1_65.swc,interneuron,18241,1.000000,1.000000,1.000000,1.000000,1.000000,,1,12131,6109,0
neuromorpho__I_1_7.swc,interneuron,15305,1.000000,1.000000,1.000000,1.000000,1.000000,,1,11311,3993,0
neuromorpho__I_2_42.swc,interneuron,52104,0.887686,0.598800,1.000000,0.939200,0.258300,,1,51084,1019,0
neuromorpho__I_2_8.swc,interneuron,22241,1.000000,1.000000,1.000000,1.000000,1.000000,,1,17320,4920,0
neuromorpho__J31a.swc,interneuron,5997,0.411706,0.583200,1.000000,,0.583200,,1,3528,2468,0
neuromorpho__L1R4_05_-390.swc,interneuron,129,1.000000,1.000000,1.000000,,1.000000,,1,0,128,0
neuromorpho__L1R4_06_-615.swc,interneuron,155,1.000000,1.000000,1.000000,,1.000000,,1,0,154,0
neuromorpho__L1R4_07_-240.swc,interneuron,133,1.000000,1.000000,1.000000,,1.000000,,1,0,132,0
neuromorpho__L2R5_01_-550.swc,interneuron,231,1.000000,1.000000,1.000000,,1.000000,,1,0,230,0
neuromorpho__L2R5_01_-585.swc,interneuron,384,1.000000,1.000000,1.000000,,1.000000,,1,0,383,0
neuromorpho__L2R5_06_-360.swc,interneuron,327,1.000000,1.000000,1.000000,,1.000000,,1,0,326,0
neuromorpho__L2R5_06_-525.swc,interneuron,249,1.000000,1.000000,1.000000,,1.000000,,1,0,248,0
neuromorpho__L2R5_07_-345.swc,interneuron,181,1.000000,1.000000,1.000000,,1.000000,,1,0,180,0
neuromorpho__L3R4_01_-315.swc,interneuron,194,1.000000,1.000000,1.000000,,1.000000,,1,0,193,0
neuromorpho__L3R4_01_-525.swc,interneuron,731,1.000000,1.000000,1.000000,,1.000000,,1,0,730,0
neuromorpho__L3R4_02_-240.swc,interneuron,215,0.623256,0.766600,1.000000,,0.766600,,1,81,133,0
neuromorpho__L3R4_03_-330.swc,interneuron,311,1.000000,1.000000,1.000000,,1.000000,,1,0,310,0
neuromorpho__L3R4_05_-240.swc,interneuron,380,1.000000,1.000000,1.000000,,1.000000,,1,0,379,0
neuromorpho__L3R4_05_-300.swc,interneuron,851,1.000000,1.000000,1.000000,,1.000000,,1,0,850,0
neuromorpho__L3R4_06_-150.swc,interneuron,345,1.000000,1.000000,1.000000,,1.000000,,1,0,344,0
neuromorpho__L3R4_06_-195.swc,interneuron,423,1.000000,1.000000,1.000000,,1.000000,,1,0,422,0
neuromorpho__L3R4_06_-450.swc,interneuron,287,1.000000,1.000000,1.000000,,1.000000,,1,0,286,0
neuromorpho__L5FS4.swc,interneuron,1660,1.000000,1.000000,1.000000,,1.000000,,1,0,1659,0
neuromorpho__M282Ecel1.swc,interneuron,1353,1.000000,1.000000,1.000000,,1.000000,,1,0,1352,0
neuromorpho__M67_F2_a.swc,interneuron,596,1.000000,1.000000,1.000000,,1.000000,,1,0,595,0
neuromorpho__M720Ecel1.swc,interneuron,3105,1.000000,1.000000,1.000000,,1.000000,,1,0,3104,0
neuromorpho__M723Spp1.swc,interneuron,871,1.000000,1.000000,1.000000,,1.000000,,1,0,870,0
neuromorpho__M727.swc,interneuron,1906,1.000000,1.000000,1.000000,,1.000000,,1,0,1905,0
neuromorpho__M82_F2_S1.swc,interneuron,415,1.000000,1.000000,1.000000,,1.000000,,1,0,414,0
neuromorpho__M_F_10.swc,interneuron,18607,1.000000,1.000000,1.000000,1.000000,1.000000,,1,15369,3237,0
neuromorpho__M_F_2.swc,interneuron,22325,1.000000,1.000000,1.000000,1.000000,1.000000,,1,17384,4940,0
neuromorpho__NAS3.swc,interneuron,1291,0.974438,0.987000,1.000000,,0.987000,,1,33,1257,0
neuromorpho__NAS5.swc,interneuron,1254,1.000000,1.000000,1.000000,,1.000000,,1,0,1253,0
neuromorpho__NAS7.swc,interneuron,1345,1.000000,1.000000,1.000000,,1.000000,,1,0,1344,0
neuromorpho__NGFC_160209_1M.swc,interneuron,8767,1.000000,1.000000,1.000000,1.000000,1.000000,,1,7229,1537,0
neuromorpho__NGFC_160324_1M.swc,interneuron,25296,1.000000,1.000000,1.000000,1.000000,1.000000,,1,22205,3090,0
neuromorpho__NGFC_171116_4.swc,interneuron,17166,0.942910,0.828300,1.000000,0.968600,0.688100,,1,15713,1452,0
neuromorpho__Ndnf-IRES2-dgCre_Ai14-306261-05-02-01_591276334_m.swc,interneuron,15925,1.000000,1.000000,1.000000,1.000000,1.000000,,1,13056,2868,0
neuromorpho__Nkx2-1-CreERT2_Ai14-_IVSCC_-294488-04-02-01_649553736_m.swc,interneuron,14791,1.000000,1.000000,1.000000,1.000000,1.000000,,1,13007,1783,0
neuromorpho__Nos1-CreERT2_Ai14_BT_-251975-06-01-01_563819177_m.swc,interneuron,16660,1.000000,1.000000,1.000000,1.000000,1.000000,,1,15523,1136,0
neuromorpho__Nos1-CreERT2_Ai14_BT_-260226-04-02-01_596793240_m.swc,interneuron,10703,1.000000,1.000000,1.000000,1.000000,1.000000,,1,8084,2618,0
neuromorpho__Nos1-CreERT2_Ai14_BT_-286854-04-01-01_596793070_m.swc,interneuron,15550,1.000000,1.000000,1.000000,1.000000,1.000000,,1,12969,2580,0
neuromorpho__Nos1-CreERT2_Sst-IRES-FlpO_Ai65-271577-05-02-01_601947916_m.swc,interneuron,12545,1.000000,1.000000,1.000000,1.000000,1.000000,,1,10646,1898,0
neuromorpho__Oxtr-2A-Cre_Ai14-293841-05-02-01_614432108_m.swc,interneuron,16820,1.000000,1.000000,1.000000,1.000000,1.000000,,1,14964,1855,0
neuromorpho__P110715-02-BC.swc,interneuron,999,0.963964,0.981600,1.000000,,0.981600,,1,36,962,0
neuromorpho__P111106-02-BC.swc,interneuron,2443,1.000000,1.000000,1.000000,,1.000000,,1,0,2442,0
neuromorpho__P111123-01-AAC.swc,interneuron,2647,0.945599,0.972000,1.000000,,0.972000,,1,144,2502,0
neuromorpho__P111123-03-AAC.swc,interneuron,1120,1.000000,1.000000,1.000000,,1.000000,,1,0,1119,0
neuromorpho__P111123-04n1-AAC.swc,interneuron,1233,1.000000,1.000000,1.000000,,1.000000,,1,0,1232,0
neuromorpho__P111123-04n2-AAC.swc,interneuron,1300,1.000000,1.000000,1.000000,,1.000000,,1,0,1299,0
neuromorpho__PDE1c_vGluT2-KO_IN01.swc,interneuron,338,1.000000,1.000000,1.000000,,1.000000,,1,0,337,0
neuromorpho__PDE1c_vGluT2-KO_IN05.swc,interneuron,879,1.000000,1.000000,1.000000,,1.000000,,1,0,878,0
neuromorpho__PDE1c_vGluT2-KO_IN06.swc,interneuron,604,1.000000,1.000000,1.000000,,1.000000,,1,0,603,0
neuromorpho__PDE1c_vGluT2-KO_IN07.swc,interneuron,691,1.000000,1.000000,1.000000,,1.000000,,1,0,690,0
neuromorpho__PDE1c_vGluT2-KO_IN14.swc,interneuron,261,1.000000,1.000000,1.000000,,1.000000,,1,0,260,0
neuromorpho__PDE1c_vGluT2-KO_IN23.swc,interneuron,455,1.000000,1.000000,1.000000,,1.000000,,1,0,454,0
neuromorpho__PDE1c_vGluT2-KO_IN33.swc,interneuron,968,1.000000,1.000000,1.000000,,1.000000,,1,0,967,0
neuromorpho__PDE1c_vGluT2-KO_IN38.swc,interneuron,784,1.000000,1.000000,1.000000,,1.000000,,1,0,783,0
neuromorpho__PDE1c_vGluT2-KO_IN42.swc,interneuron,691,1.000000,1.000000,1.000000,,1.000000,,1,0,690,0
neuromorpho__PDE1c_vGluT2-ctrl_IN01.swc,interneuron,574,1.000000,1.000000,1.000000,,1.000000,,1,0,573,0
neuromorpho__PDE1c_vGluT2-ctrl_IN03.swc,interneuron,551,1.000000,1.000000,1.000000,,1.000000,,1,0,550,0
neuromorpho__PDE1c_vGluT2-ctrl_IN08.swc,interneuron,259,0.764479,0.865900,1.000000,,0.865900,,1,61,197,0
neuromorpho__PDE1c_vGluT2-ctrl_IN18.swc,interneuron,614,1.000000,1.000000,1.000000,,1.000000,,1,0,613,0
neuromorpho__PDE1c_vGluT2-ctrl_IN20.swc,interneuron,455,1.000000,1.000000,1.000000,,1.000000,,1,0,454,0
neuromorpho__PDE1c_vGluT2-ctrl_IN26.swc,interneuron,446,1.000000,1.000000,1.000000,,1.000000,,1,0,445,0
neuromorpho__PDE1c_vGluT2-ctrl_IN33.swc,interneuron,529,1.000000,1.000000,1.000000,,1.000000,,1,0,528,0
neuromorpho__PDE1c_vGluT2-ctrl_IN34.swc,interneuron,507,1.000000,1.000000,1.000000,,1.000000,,1,0,506,0
neuromorpho__PDE1c_vGluT2-ctrl_IN35.swc,interneuron,737,1.000000,1.000000,1.000000,,1.000000,,1,0,736,0
neuromorpho__PFC-20140312B_Analysis.swc,interneuron,15042,1.000000,1.000000,1.000000,1.000000,1.000000,,1,13486,1555,0
neuromorpho__PFC07072016D_Analysis.swc,interneuron,22362,1.000000,1.000000,1.000000,1.000000,1.000000,,1,18318,4043,0
neuromorpho__PFC13022019C_Analysis.swc,interneuron,11581,1.000000,1.000000,1.000000,1.000000,1.000000,,1,10088,1492,0
neuromorpho__PFC160308A_Analysis.swc,interneuron,20183,1.000000,1.000000,1.000000,1.000000,1.000000,,1,11887,8295,0
neuromorpho__PFC160621A_Analysis.swc,interneuron,72435,1.000000,1.000000,1.000000,1.000000,1.000000,,1,60255,12179,0
neuromorpho__PSD24-F2b-S1.swc,interneuron,464,1.000000,1.000000,1.000000,,1.000000,,1,0,463,0
neuromorpho__PSD29-F1-S1.swc,interneuron,655,1.000000,1.000000,1.000000,,1.000000,,1,0,654,0
neuromorpho__P_F_3.swc,interneuron,38607,1.000000,1.000000,1.000000,1.000000,1.000000,,1,31668,6938,0
neuromorpho__P_F_6.swc,interneuron,31739,1.000000,1.000000,1.000000,1.000000,1.000000,,1,26236,5502,0
neuromorpho__Pvalb-IRES-Cre_Ai14-198335-04-01-01_653182186_m.swc,interneuron,10340,0.994971,0.992600,1.000000,0.996800,0.988400,,1,8077,2262,0
neuromorpho__Pvalb-IRES-Cre_Ai14-296193-03-01-02_650175812_m.swc,interneuron,18692,1.000000,1.000000,1.000000,1.000000,1.000000,,1,17215,1476,0
neuromorpho__Pvalb-IRES-Cre_Ai14-296193-04-01-01_596792650_m.swc,interneuron,32682,1.000000,1.000000,1.000000,1.000000,1.000000,,1,29670,3011,0
neuromorpho__Pvalb-IRES-Cre_Ai14-305768-04-02-01_656999337_m.swc,interneuron,15273,1.000000,1.000000,1.000000,1.000000,1.000000,,1,12973,2299,0
neuromorpho__RG2-F9-cell1.swc,interneuron,600,1.000000,1.000000,1.000000,,1.000000,,1,0,599,0
neuromorpho__RG3-F1.swc,interneuron,1105,1.000000,1.000000,1.000000,,1.000000,,1,0,1104,0
neuromorpho__S2979-x1-25.swc,interneuron,12792,1.000000,1.000000,1.000000,1.000000,1.000000,,1,11161,1630,0
neuromorpho__S3117_20140612-x1-25.swc,interneuron,8936,1.000000,1.000000,1.000000,1.000000,1.000000,,1,7781,1154,0
neuromorpho__SM080618A2.swc,interneuron,14569,1.000000,1.000000,1.000000,1.000000,1.000000,,1,12507,2061,0
neuromorpho__SST2A-GFP-SST-VGLUT2-cell-3.swc,interneuron,123,1.000000,1.000000,1.000000,,1.000000,,1,0,122,0
neuromorpho__SST2A-GFP-SST-VGLUT2-cell-4.swc,interneuron,132,1.000000,1.000000,1.000000,,1.000000,,1,0,131,0
neuromorpho__STRESS-1-N3_1.swc,interneuron,356,1.000000,1.000000,1.000000,,1.000000,,1,0,355,0
neuromorpho__STRESS-1-N4.swc,interneuron,338,1.000000,1.000000,1.000000,,1.000000,,1,0,337,0
neuromorpho__STRESS-1-N4_1.swc,interneuron,664,1.000000,1.000000,1.000000,,1.000000,,1,0,663,0
neuromorpho__STRESS-1-N5_1.swc,interneuron,602,1.000000,1.000000,1.000000,,1.000000,,1,0,601,0
neuromorpho__STRESS-2-N2.swc,interneuron,1069,1.000000,1.000000,1.000000,,1.000000,,1,0,1068,0
neuromorpho__STRESS-2-N4_1.swc,interneuron,1211,1.000000,1.000000,1.000000,,1.000000,,1,0,1210,0
neuromorpho__STRESS-2-N7_1.swc,interneuron,544,1.000000,1.000000,1.000000,,1.000000,,1,0,543,0
neuromorpho__STRESS-3-N1.swc,interneuron,991,1.000000,1.000000,1.000000,,1.000000,,1,0,990,0
neuromorpho__STRESS-3-N4.swc,interneuron,1371,1.000000,1.000000,1.000000,,1.000000,,1,0,1370,0
neuromorpho__STRESS-4-N1.swc,interneuron,702,1.000000,1.000000,1.000000,,1.000000,,1,0,701,0
neuromorpho__STRESS-4-N3.swc,interneuron,455,1.000000,1.000000,1.000000,,1.000000,,1,0,454,0
neuromorpho__STRESS-5-N2.swc,interneuron,788,1.000000,1.000000,1.000000,,1.000000,,1,0,787,0
neuromorpho__STRESS-5-N5.swc,interneuron,687,1.000000,1.000000,1.000000,,1.000000,,1,0,686,0
neuromorpho__STRESS-6-N2_1.swc,interneuron,1958,1.000000,1.000000,1.000000,,1.000000,,1,0,1957,0
neuromorpho__STRESS-7-N6.swc,interneuron,1818,1.000000,1.000000,1.000000,,1.000000,,1,0,1817,0
neuromorpho__T44a.swc,interneuron,4278,1.000000,1.000000,1.000000,,1.000000,,1,0,4277,0
neuromorpho__T75.swc,interneuron,2112,1.000000,1.000000,1.000000,,1.000000,,1,0,2111,0
neuromorpho__TDI21301009_cell5_L6_pia_WM.swc,interneuron,7179,1.000000,1.000000,1.000000,1.000000,1.000000,,1,6458,720,0
neuromorpho__TDI21301010_Cell6_pia.swc,interneuron,12183,1.000000,1.000000,1.000000,1.000000,1.000000,,1,10795,1387,0
neuromorpho__TDI21301012_Cell11_pia.swc,interneuron,18817,1.000000,1.000000,1.000000,1.000000,1.000000,,1,17313,1503,0
neuromorpho__TDI21301012_Cell1_pia.swc,interneuron,23328,1.000000,1.000000,1.000000,1.000000,1.000000,,1,20945,2382,0
neuromorpho__TDI21301013_cell2_spines_pia.swc,interneuron,27195,1.000000,1.000000,1.000000,1.000000,1.000000,,1,24415,2779,0
neuromorpho__TDI21301015_Cell1_pia.swc,interneuron,22332,1.000000,1.000000,1.000000,1.000000,1.000000,,1,19741,2590,0
neuromorpho__TDI21301019_Cell3_spine_pia.swc,interneuron,14471,1.000000,1.000000,1.000000,1.000000,1.000000,,1,12306,2164,0
neuromorpho__TDI21302012_cell3_pia.swc,interneuron,14049,1.000000,1.000000,1.000000,1.000000,1.000000,,1,11802,2246,0
neuromorpho__TM-10-02-15-AR.swc,interneuron,45789,1.000000,1.000000,1.000000,1.000000,1.000000,,1,41592,4196,0
neuromorpho__TM-12-19-13-DR.swc,interneuron,9279,0.755793,1.000000,1.000000,1.000000,1.000000,,1,6682,2596,0
neuromorpho__TT-3-20-14-1R.swc,interneuron,30744,1.000000,1.000000,1.000000,1.000000,1.000000,,1,29068,1675,0
neuromorpho__Tile1-2_12N5-8162019-b-tile2fcfc2-2a.swc,interneuron,2872,1.000000,1.000000,1.000000,,1.000000,,1,0,2871,0
neuromorpho__TileScan-5_Merged_12N7-8162019_fcfc3a.swc,interneuron,751,1.000000,1.000000,1.000000,,1.000000,,1,0,750,0
neuromorpho__VIP_170223_1A.swc,interneuron,6997,1.000000,1.000000,1.000000,1.000000,1.000000,,1,5420,1576,0
neuromorpho__VS1-cobalt.swc,interneuron,1007,0.928500,0.613800,1.000000,0.265300,0.962400,,1,21,985,0
neuromorpho__VS4-cobalt.swc,interneuron,989,0.902932,0.703600,1.000000,0.460700,0.946600,,1,59,929,0
neuromorpho__Vip-IRES-Cre_Ai14-287858-04-01-01_596793095_m.swc,interneuron,13697,1.000000,1.000000,1.000000,1.000000,1.000000,,1,10048,3648,0
neuromorpho__Vip-IRES-Cre_Ai14-294013-04-02-01_591275914_m.swc,interneuron,8105,1.000000,1.000000,1.000000,1.000000,1.000000,,1,6477,1627,0
neuromorpho__Vipr2-IRES2-Cre_Ai14-316908-04-02-01_648577094_m.swc,interneuron,19130,1.000000,1.000000,1.000000,1.000000,1.000000,,1,17278,1851,0
neuromorpho__Vipr2-IRES2-Cre_Pvalb-T2A-FlpO_Ai65-344474-05-01-01_645075400_m.swc,interneuron,14474,1.000000,1.000000,1.000000,1.000000,1.000000,,1,11797,2676,0
neuromorpho__Vipr2-IRES2-Cre_Slc32a1-T2A-FlpO_Ai65-315067-04-02-01_610886090_m.swc,interneuron,8241,1.000000,1.000000,1.000000,1.000000,1.000000,,1,6620,1620,0
neuromorpho__Vipr2-IRES2-Cre_Slc32a1-T2A-FlpO_Ai65-315067-05-02-01_610886173_m.swc,interneuron,10490,1.000000,1.000000,1.000000,1.000000,1.000000,,1,8761,1728,0
neuromorpho__Vipr2-IRES2-Cre_Slc32a1-T2A-FlpO_Ai65-315072-05-01-01_638976782_m.swc,interneuron,14339,1.000000,1.000000,1.000000,1.000000,1.000000,,1,12503,1835,0
neuromorpho__Wang_Lefebvre_Cell26.swc,interneuron,6102,1.000000,1.000000,1.000000,1.000000,1.000000,,1,2167,3934,0
neuromorpho__Wang_Lefebvre_Cell4.swc,interneuron,9405,1.000000,1.000000,1.000000,1.000000,1.000000,,1,5332,4072,0
neuromorpho__YG-03-01-18-2-R-390-quant.swc,interneuron,9837,1.000000,1.000000,1.000000,1.000000,1.000000,,1,7898,1938,0
neuromorpho__Zs201221-01_dors_20x_onlydendrites.swc,interneuron,1617,1.000000,1.000000,1.000000,,1.000000,,1,0,1616,0
neuromorpho__Zs201221-01_ventral_20x_onlydendrites.swc,interneuron,1717,1.000000,1.000000,1.000000,,1.000000,,1,0,1716,0
neuromorpho__Zs201221-02_ventral_20x_onlydendrites.swc,interneuron,2423,1.000000,1.000000,1.000000,,1.000000,,1,0,2422,0
neuromorpho__Zs201222-02_ventral_medial_20x_onlydendrites.swc,interneuron,1168,1.000000,1.000000,1.000000,,1.000000,,1,0,1167,0
neuromorpho__Zs210113-0302_ventral_onlydendrites.swc,interneuron,812,1.000000,1.000000,1.000000,,1.000000,,1,0,811,0
neuromorpho__a151124-2_VIP_IN.swc,interneuron,3213,1.000000,1.000000,1.000000,1.000000,1.000000,,1,2577,635,0
neuromorpho__a7_170216_2.swc,interneuron,15444,1.000000,1.000000,1.000000,1.000000,1.000000,,1,13290,2153,0
neuromorpho__a7_170216_4.swc,interneuron,14087,1.000000,1.000000,1.000000,1.000000,1.000000,,1,11540,2546,0
neuromorpho__aIN-000307-1-1-nrn-ns-120504-transl-invX-scaled-straightened.swc,interneuron,63,1.000000,1.000000,1.000000,1.000000,,,1,62,0,0
neuromorpho__aIN-390-nrn-ns-120508-transl-invX-scaled-straightened.swc,interneuron,108,1.000000,1.000000,1.000000,1.000000,,,1,107,0,0
neuromorpho__aIN-524-nrn-ns-100407-transl-invX-scaled-straightened.swc,interneuron,146,0.883562,0.866900,1.000000,0.912800,0.821100,,1,106,39,0
neuromorpho__c1411_Scone.swc,interneuron,892,1.000000,1.000000,1.000000,,1.000000,,1,0,891,0
neuromorpho__c1412.swc,interneuron,1065,1.000000,1.000000,1.000000,,1.000000,,1,0,1064,0
neuromorpho__c3271015.swc,interneuron,1516,1.000000,1.000000,1.000000,1.000000,1.000000,,1,798,717,0
neuromorpho__c4612_Scone.swc,interneuron,834,1.000000,1.000000,1.000000,,1.000000,,1,0,833,0
neuromorpho__c8039.swc,interneuron,2745,0.993443,0.996700,1.000000,,0.996700,,1,18,2726,0
neuromorpho__cIN-1356-nrn-ns-111206-transl-invX-scaled-straightened.swc,interneuron,56,1.000000,1.000000,1.000000,1.000000,,,1,55,0,0
neuromorpho__cIN-1375-nrn-ns-101206-transl-invX-scaled-straightened.swc,interneuron,172,0.715116,0.695100,1.000000,0.620200,0.770000,,1,41,130,0
neuromorpho__cell-10_8.swc,interneuron,2158,1.000000,1.000000,1.000000,,1.000000,,1,0,2157,0
neuromorpho__cell-12_9.swc,interneuron,1631,1.000000,1.000000,1.000000,,1.000000,,1,0,1630,0
neuromorpho__cell-13_8.swc,interneuron,2009,1.000000,1.000000,1.000000,,1.000000,,1,0,2008,0
neuromorpho__cell-7_11.swc,interneuron,1403,1.000000,1.000000,1.000000,,1.000000,,1,0,1402,0
neuromorpho__cell3_wt_traces.swc,interneuron,6733,0.975939,0.987800,1.000000,,0.987800,,1,162,6570,0
neuromorpho__cell5_wt_traces.swc,interneuron,6212,1.000000,1.000000,1.000000,,1.000000,,1,0,6211,0
neuromorpho__cell6_wt_traces.swc,interneuron,4831,1.000000,1.000000,1.000000,,1.000000,,1,0,4830,0
neuromorpho__cell9_b2ko_swc_traces.swc,interneuron,6323,1.000000,1.000000,1.000000,,1.000000,,1,0,6322,0
neuromorpho__control-4-N5_1.swc,interneuron,669,1.000000,1.000000,1.000000,,1.000000,,1,0,668,0
neuromorpho__dCH-cobalt.swc,interneuron,6167,0.952813,0.566100,1.000000,0.156500,0.975700,,1,27,6139,0
neuromorpho__dIN-000516-nrn-ns-100624-transl-invX-scaled-straightened.swc,interneuron,80,0.862500,0.824300,1.000000,0.904300,0.744200,,1,63,16,0
neuromorpho__dIN-1436-nrn-ns-100901-transl-invX-scaled-straightened.swc,interneuron,98,0.326531,1.000000,1.000000,1.000000,,,1,31,66,0
neuromorpho__dIN-446-nrn-ns-100408-transl-invX-scaled-straightened.swc,interneuron,64,1.000000,1.000000,1.000000,1.000000,,,1,63,0,0
neuromorpho__dlc-1367-nrn-ns-110116-combined-transl-invX-scaled-straightened.swc,interneuron,128,1.000000,1.000000,1.000000,1.000000,1.000000,,1,97,30,0
neuromorpho__dysk-10.swc,interneuron,2183,1.000000,1.000000,1.000000,,1.000000,,1,0,2182,0
neuromorpho__dysk-11.swc,interneuron,1811,1.000000,1.000000,1.000000,,1.000000,,1,0,1810,0
neuromorpho__dysk-13.swc,interneuron,2937,1.000000,1.000000,1.000000,,1.000000,,1,0,2936,0
neuromorpho__dysk-14.swc,interneuron,2210,1.000000,1.000000,1.000000,,1.000000,,1,0,2209,0
neuromorpho__dysk-19.swc,interneuron,1601,1.000000,1.000000,1.000000,,1.000000,,1,0,1600,0
neuromorpho__dysk-4.swc,interneuron,1870,1.000000,1.000000,1.000000,,1.000000,,1,0,1869,0
neuromorpho__dysk-9-GT1.swc,interneuron,1204,1.000000,1.000000,1.000000,,1.000000,,1,0,1203,0
neuromorpho__exp-5-59-188-1006.swc,interneuron,7084,1.000000,1.000000,1.000000,,1.000000,,1,0,7083,0
neuromorpho__exp-5-59-188-1014.swc,interneuron,4506,1.000000,1.000000,1.000000,,1.000000,,1,0,4505,0
neuromorpho__exp-5-59-188-1015.swc,interneuron,3857,1.000000,1.000000,1.000000,,1.000000,,1,0,3856,0
neuromorpho__exp-5-59-Scr-1004.swc,interneuron,2445,1.000000,1.000000,1.000000,,1.000000,,1,0,2444,0
neuromorpho__exp-5-59-Scr-1010.swc,interneuron,1777,0.829488,0.906700,1.000000,,0.906700,,1,303,1473,0
neuromorpho__exp-5-59-Scr-1013.swc,interneuron,3554,1.000000,1.000000,1.000000,,1.000000,,1,0,3553,0
neuromorpho__hdINE-208-1-2-nrn-ns-120110-transl-invX-scaled-straightened.swc,interneuron,53,0.547170,1.000000,1.000000,1.000000,,,1,28,24,0
neuromorpho__het-10.swc,interneuron,308,1.000000,1.000000,1.000000,1.000000,1.000000,,1,122,185,0
neuromorpho__het-7.swc,interneuron,660,1.000000,1.000000,1.000000,1.000000,1.000000,,1,295,364,0
neuromorpho__homo-3.swc,interneuron,2338,1.000000,1.000000,1.000000,1.000000,1.000000,,1,1240,1097,0
neuromorpho__homo-6.swc,interneuron,1661,1.000000,1.000000,1.000000,1.000000,1.000000,,1,962,698,0
neuromorpho__homo-7.swc,interneuron,2137,0.806738,0.735300,1.000000,0.872700,0.597900,,1,1829,307,0
neuromorpho__homo-9.swc,interneuron,1178,1.000000,1.000000,1.000000,1.000000,1.000000,,1,684,493,0
neuromorpho__interneuronEX.swc,interneuron,7317,1.000000,1.000000,1.000000,1.000000,1.000000,,1,6881,435,0
neuromorpho__j161128s1c7-rotated.swc,interneuron,35399,1.000000,1.000000,1.000000,1.000000,1.000000,,1,34787,611,0
neuromorpho__j161128s2c6-rotated.swc,interneuron,11686,1.000000,1.000000,1.000000,1.000000,1.000000,,1,11337,348,0
neuromorpho__jy190506_B_idC.swc,interneuron,12883,0.981914,0.495400,1.000000,0.000000,0.990900,,1,0,12882,0
neuromorpho__n255.swc,interneuron,2074,0.856316,1.000000,1.000000,1.000000,1.000000,,1,1449,624,0
neuromorpho__n260.swc,interneuron,700,1.000000,1.000000,1.000000,1.000000,1.000000,,1,365,334,0
neuromorpho__p110715-04-BC.swc,interneuron,2202,1.000000,1.000000,1.000000,,1.000000,,1,0,2201,0
neuromorpho__p120116-03-AAC.swc,interneuron,589,1.000000,1.000000,1.000000,,1.000000,,1,0,588,0
neuromorpho__p73_vGluT2-KO_IN03.swc,interneuron,281,1.000000,1.000000,1.000000,,1.000000,,1,0,280,0
neuromorpho__p73_vGluT2-KO_IN05.swc,interneuron,520,1.000000,1.000000,1.000000,,1.000000,,1,0,519,0
neuromorpho__p73_vGluT2-KO_IN08.swc,interneuron,817,1.000000,1.000000,1.000000,,1.000000,,1,0,816,0
neuromorpho__p73_vGluT2-ctrl_IN08.swc,interneuron,830,1.000000,1.000000,1.000000,,1.000000,,1,0,829,0
neuromorpho__p73_vGluT2-ctrl_IN12.swc,interneuron,765,1.000000,1.000000,1.000000,,1.000000,,1,0,764,0
neuromorpho__p73_vGluT2-ctrl_IN18.swc,interneuron,511,1.000000,1.000000,1.000000,,1.000000,,1,0,510,0
neuromorpho__pair01-09-11-C-final1.swc,interneuron,2330,1.000000,1.000000,1.000000,1.000000,1.000000,,1,2004,325,0
neuromorpho__retina1_petal1_n4.swc,interneuron,4954,1.000000,1.000000,1.000000,1.000000,1.000000,,1,3693,1260,0
neuromorpho__retina1_petal3_n11.swc,interneuron,9242,1.000000,1.000000,1.000000,1.000000,1.000000,,1,7399,1842,0
neuromorpho__retina1_petal3_n12.swc,interneuron,5797,1.000000,1.000000,1.000000,1.000000,1.000000,,1,4105,1691,0
neuromorpho__retina1_petal3_n5.swc,interneuron,9398,1.000000,1.000000,1.000000,1.000000,1.000000,,1,7585,1812,0
neuromorpho__retina1_petal3_n8.swc,interneuron,10023,1.000000,1.000000,1.000000,1.000000,1.000000,,1,7194,2828,0
neuromorpho__retina2_n3.swc,interneuron,10098,1.000000,1.000000,1.000000,1.000000,1.000000,,1,6774,3323,0
neuromorpho__retina2_n4.swc,interneuron,8420,1.000000,1.000000,1.000000,1.000000,1.000000,,1,6011,2408,0
neuromorpho__retina3_n1.swc,interneuron,7499,1.000000,1.000000,1.000000,1.000000,1.000000,,1,5662,1836,0
neuromorpho__retina3_n6.swc,interneuron,7764,1.000000,1.000000,1.000000,1.000000,1.000000,,1,6276,1487,0
neuromorpho__retina4_petal1_n12.swc,interneuron,8692,1.000000,1.000000,1.000000,1.000000,1.000000,,1,6903,1788,0
neuromorpho__retina4_petal1_n4.swc,interneuron,7363,1.000000,1.000000,1.000000,1.000000,1.000000,,1,5391,1971,0
neuromorpho__retina4_petal1_n8.swc,interneuron,7246,1.000000,1.000000,1.000000,1.000000,1.000000,,1,4912,2333,0
neuromorpho__retina4_petal2_n2.swc,interneuron,9905,1.000000,1.000000,1.000000,1.000000,1.000000,,1,7134,2770,0
neuromorpho__retina4_petal3_n12.swc,interneuron,8161,1.000000,1.000000,1.000000,1.000000,1.000000,,1,4886,3274,0
neuromorpho__retina4_petal3_n5.swc,interneuron,7824,1.000000,1.000000,1.000000,1.000000,1.000000,,1,4847,2976,0
neuromorpho__retina4_petal3_n8.swc,interneuron,8774,1.000000,1.000000,1.000000,1.000000,1.000000,,1,5314,3459,0
neuromorpho__retina4_petal4_n2.swc,interneuron,7809,1.000000,1.000000,1.000000,1.000000,1.000000,,1,4975,2833,0
neuromorpho__retina4_petal4_n7.swc,interneuron,10288,1.000000,1.000000,1.000000,1.000000,1.000000,,1,7458,2829,0
neuromorpho__retina5_petal1_n1.swc,interneuron,6811,1.000000,1.000000,1.000000,1.000000,1.000000,,1,3644,3166,0
neuromorpho__retina5_petal1_n7.swc,interneuron,8453,1.000000,1.000000,1.000000,1.000000,1.000000,,1,6406,2046,0
neuromorpho__retina5_petal2_n2.swc,interneuron,8403,1.000000,1.000000,1.000000,1.000000,1.000000,,1,5271,3131,0
neuromorpho__retina5_petal3_n5.swc,interneuron,6920,1.000000,1.000000,1.000000,1.000000,1.000000,,1,4491,2428,0
neuromorpho__retina5_petal3_n6.swc,interneuron,8290,1.000000,1.000000,1.000000,1.000000,1.000000,,1,4885,3404,0
neuromorpho__retina5_petal3_n7.swc,interneuron,11725,1.000000,1.000000,1.000000,1.000000,1.000000,,1,8123,3601,0
neuromorpho__retina5_petal3_n9.swc,interneuron,6120,1.000000,1.000000,1.000000,1.000000,1.000000,,1,4137,1982,0
neuromorpho__retina5_petal4_n1.swc,interneuron,7959,1.000000,1.000000,1.000000,1.000000,1.000000,,1,4725,3233,0
neuromorpho__retina5_petal4_n2.swc,interneuron,3100,1.000000,1.000000,1.000000,1.000000,1.000000,,1,1554,1545,0
neuromorpho__retina5_petal4_n7.swc,interneuron,5407,1.000000,1.000000,1.000000,1.000000,1.000000,,1,4779,627,0
neuromorpho__retina6_petal1_n8.swc,interneuron,5813,1.000000,1.000000,1.000000,1.000000,1.000000,,1,2759,3053,0
neuromorpho__retina6_petal2_n2.swc,interneuron,5041,1.000000,1.000000,1.000000,1.000000,1.000000,,1,3277,1763,0
neuromorpho__retina7_petal2_n2.swc,interneuron,4896,1.000000,1.000000,1.000000,1.000000,1.000000,,1,3296,1599,0
neuromorpho__retina7_petal3_n7.swc,interneuron,1943,1.000000,1.000000,1.000000,1.000000,1.000000,,1,854,1088,0
neuromorpho__retina7_petal3_n9.swc,interneuron,5003,1.000000,1.000000,1.000000,1.000000,1.000000,,1,2176,2826,0
neuromorpho__retina7_petal4_n1.swc,interneuron,4173,1.000000,1.000000,1.000000,1.000000,1.000000,,1,1864,2308,0
neuromorpho__retina7_petal4_n4.swc,interneuron,7071,0.793806,0.695800,1.000000,0.868400,0.523200,,1,6270,800,0
neuromorpho__retina7_petal4_n6.swc,interneuron,6749,1.000000,1.000000,1.000000,1.000000,1.000000,,1,4885,1863,0
neuromorpho__retina7_petal4_n7.swc,interneuron,9533,1.000000,1.000000,1.000000,1.000000,1.000000,,1,7543,1989,0
neuromorpho__rotated_CR-0319a_ax2.swc,interneuron,30987,1.000000,1.000000,1.000000,1.000000,1.000000,,1,27656,3330,0
neuromorpho__sc308.swc,interneuron,297,0.986532,0.993200,1.000000,,0.993200,,1,4,292,0
neuromorpho__sec-12.swc,interneuron,358,1.000000,1.000000,1.000000,1.000000,1.000000,,1,80,277,0
neuromorpho__sec-13.swc,interneuron,289,1.000000,1.000000,1.000000,1.000000,1.000000,,1,174,114,0
